ISO-10303-21;
HEADER;
/* Generated by software containing ST-Developer
 * from STEP Tools, Inc. (www.steptools.com) 
 */

FILE_DESCRIPTION(
/* description */ ('STEP AP214'),
/* implementation_level */ '2;1');

FILE_NAME(
/* name */ 'Battery18650_2S.step',
/* time_stamp */ '2026-04-10T13:29:48-03:00',
/* author */ (''),
/* organization */ (''),
/* preprocessor_version */ 'ST-DEVELOPER v20.1',
/* originating_system */ 'Autodesk Translation Framework v14.21.0.0',
/* authorisation */ '');

FILE_SCHEMA (('AUTOMOTIVE_DESIGN { 1 0 10303 214 3 1 1 }'));
ENDSEC;

DATA;
#10=MECHANICAL_DESIGN_GEOMETRIC_PRESENTATION_REPRESENTATION('',(#145,#146,
#147,#148,#149,#150),#10008);
#11=ITEM_DEFINED_TRANSFORMATION($,$,#5876,#6284);
#12=ITEM_DEFINED_TRANSFORMATION($,$,#6103,#6285);
#13=ITEM_DEFINED_TRANSFORMATION($,$,#6103,#6286);
#14=ITEM_DEFINED_TRANSFORMATION($,$,#6103,#6287);
#15=ITEM_DEFINED_TRANSFORMATION($,$,#6103,#6288);
#16=ITEM_DEFINED_TRANSFORMATION($,$,#6165,#6289);
#17=ITEM_DEFINED_TRANSFORMATION($,$,#6165,#6290);
#18=(
REPRESENTATION_RELATIONSHIP($,$,#10029,#10028)
REPRESENTATION_RELATIONSHIP_WITH_TRANSFORMATION(#11)
SHAPE_REPRESENTATION_RELATIONSHIP()
);
#19=(
REPRESENTATION_RELATIONSHIP($,$,#10030,#10028)
REPRESENTATION_RELATIONSHIP_WITH_TRANSFORMATION(#12)
SHAPE_REPRESENTATION_RELATIONSHIP()
);
#20=(
REPRESENTATION_RELATIONSHIP($,$,#10030,#10028)
REPRESENTATION_RELATIONSHIP_WITH_TRANSFORMATION(#13)
SHAPE_REPRESENTATION_RELATIONSHIP()
);
#21=(
REPRESENTATION_RELATIONSHIP($,$,#10030,#10028)
REPRESENTATION_RELATIONSHIP_WITH_TRANSFORMATION(#14)
SHAPE_REPRESENTATION_RELATIONSHIP()
);
#22=(
REPRESENTATION_RELATIONSHIP($,$,#10030,#10028)
REPRESENTATION_RELATIONSHIP_WITH_TRANSFORMATION(#15)
SHAPE_REPRESENTATION_RELATIONSHIP()
);
#23=(
REPRESENTATION_RELATIONSHIP($,$,#10031,#10028)
REPRESENTATION_RELATIONSHIP_WITH_TRANSFORMATION(#16)
SHAPE_REPRESENTATION_RELATIONSHIP()
);
#24=(
REPRESENTATION_RELATIONSHIP($,$,#10031,#10028)
REPRESENTATION_RELATIONSHIP_WITH_TRANSFORMATION(#17)
SHAPE_REPRESENTATION_RELATIONSHIP()
);
#25=CONTEXT_DEPENDENT_SHAPE_REPRESENTATION(#18,#10021);
#26=CONTEXT_DEPENDENT_SHAPE_REPRESENTATION(#19,#10022);
#27=CONTEXT_DEPENDENT_SHAPE_REPRESENTATION(#20,#10023);
#28=CONTEXT_DEPENDENT_SHAPE_REPRESENTATION(#21,#10024);
#29=CONTEXT_DEPENDENT_SHAPE_REPRESENTATION(#22,#10025);
#30=CONTEXT_DEPENDENT_SHAPE_REPRESENTATION(#23,#10026);
#31=CONTEXT_DEPENDENT_SHAPE_REPRESENTATION(#24,#10027);
#32=NEXT_ASSEMBLY_USAGE_OCCURRENCE('Battery Holder:1',
'Battery Holder:1','Battery Holder:1',#10033,#10034,'Battery Holder:1');
#33=NEXT_ASSEMBLY_USAGE_OCCURRENCE('Battery-Holder_Metal-Lead:1',
'Battery-Holder_Metal-Lead:1','Battery-Holder_Metal-Lead:1',#10033,#10035,
'Battery-Holder_Metal-Lead:1');
#34=NEXT_ASSEMBLY_USAGE_OCCURRENCE('Battery-Holder_Metal-Lead:2',
'Battery-Holder_Metal-Lead:2','Battery-Holder_Metal-Lead:2',#10033,#10035,
'Battery-Holder_Metal-Lead:2');
#35=NEXT_ASSEMBLY_USAGE_OCCURRENCE('Battery-Holder_Metal-Lead:3',
'Battery-Holder_Metal-Lead:3','Battery-Holder_Metal-Lead:3',#10033,#10035,
'Battery-Holder_Metal-Lead:3');
#36=NEXT_ASSEMBLY_USAGE_OCCURRENCE('Battery-Holder_Metal-Lead:4',
'Battery-Holder_Metal-Lead:4','Battery-Holder_Metal-Lead:4',#10033,#10035,
'Battery-Holder_Metal-Lead:4');
#37=NEXT_ASSEMBLY_USAGE_OCCURRENCE('18650 v4 v1:1','18650 v4 v1:1',
'18650 v4 v1:1',#10033,#10036,'18650 v4 v1:1');
#38=NEXT_ASSEMBLY_USAGE_OCCURRENCE('18650 v4 v1:2','18650 v4 v1:2',
'18650 v4 v1:2',#10033,#10036,'18650 v4 v1:2');
#39=CONICAL_SURFACE('',#6233,5.51646914955368,0.523598775598302);
#40=CONICAL_SURFACE('',#6249,5.3432640687968,0.523598775598302);
#41=(
BOUNDED_CURVE()
B_SPLINE_CURVE(2,(#9343,#9344,#9345),.UNSPECIFIED.,.F.,.F.)
B_SPLINE_CURVE_WITH_KNOTS((3,3),(0.,0.174007225670296),.UNSPECIFIED.)
CURVE()
GEOMETRIC_REPRESENTATION_ITEM()
RATIONAL_B_SPLINE_CURVE((1.,1.00381909500271,1.))
REPRESENTATION_ITEM('')
);
#42=(
BOUNDED_CURVE()
B_SPLINE_CURVE(2,(#9348,#9349,#9350),.UNSPECIFIED.,.F.,.F.)
B_SPLINE_CURVE_WITH_KNOTS((3,3),(0.00476688899957934,0.146138711984171),
 .UNSPECIFIED.)
CURVE()
GEOMETRIC_REPRESENTATION_ITEM()
RATIONAL_B_SPLINE_CURVE((1.00020567406636,1.00317695650753,1.00148854372141))
REPRESENTATION_ITEM('')
);
#43=(
BOUNDED_CURVE()
B_SPLINE_CURVE(2,(#9353,#9354,#9355),.UNSPECIFIED.,.F.,.F.)
B_SPLINE_CURVE_WITH_KNOTS((3,3),(0.0586387679593465,0.497952579714698),
 .UNSPECIFIED.)
CURVE()
GEOMETRIC_REPRESENTATION_ITEM()
RATIONAL_B_SPLINE_CURVE((1.02087613379395,1.08986785299072,1.02087613379395))
REPRESENTATION_ITEM('')
);
#44=(
BOUNDED_CURVE()
B_SPLINE_CURVE(2,(#9357,#9358,#9359),.UNSPECIFIED.,.F.,.F.)
B_SPLINE_CURVE_WITH_KNOTS((3,3),(0.,0.419153034867439),.UNSPECIFIED.)
CURVE()
GEOMETRIC_REPRESENTATION_ITEM()
RATIONAL_B_SPLINE_CURVE((1.,1.06758089146465,1.))
REPRESENTATION_ITEM('')
);
#45=(
BOUNDED_CURVE()
B_SPLINE_CURVE(2,(#9429,#9430,#9431),.UNSPECIFIED.,.F.,.F.)
B_SPLINE_CURVE_WITH_KNOTS((3,3),(0.043688237486932,0.185060060471475),
 .UNSPECIFIED.)
CURVE()
GEOMETRIC_REPRESENTATION_ITEM()
RATIONAL_B_SPLINE_CURVE((1.00148854372122,1.00317695650713,1.00020567406633))
REPRESENTATION_ITEM('')
);
#46=(
BOUNDED_CURVE()
B_SPLINE_CURVE(2,(#9433,#9434,#9435),.UNSPECIFIED.,.F.,.F.)
B_SPLINE_CURVE_WITH_KNOTS((3,3),(0.,0.174007225670296),.UNSPECIFIED.)
CURVE()
GEOMETRIC_REPRESENTATION_ITEM()
RATIONAL_B_SPLINE_CURVE((1.,1.00381909500286,1.))
REPRESENTATION_ITEM('')
);
#47=(
BOUNDED_CURVE()
B_SPLINE_CURVE(2,(#9477,#9478,#9479),.UNSPECIFIED.,.F.,.F.)
B_SPLINE_CURVE_WITH_KNOTS((3,3),(0.190932424024579,0.437616945342281),
 .UNSPECIFIED.)
CURVE()
GEOMETRIC_REPRESENTATION_ITEM()
RATIONAL_B_SPLINE_CURVE((1.07822521435384,1.11465892494677,1.11465892494677))
REPRESENTATION_ITEM('')
);
#48=(
BOUNDED_CURVE()
B_SPLINE_CURVE(2,(#9481,#9482,#9483),.UNSPECIFIED.,.F.,.F.)
B_SPLINE_CURVE_WITH_KNOTS((3,3),(0.0436882374869472,0.185060060471482),
 .UNSPECIFIED.)
CURVE()
GEOMETRIC_REPRESENTATION_ITEM()
RATIONAL_B_SPLINE_CURVE((1.00148854372129,1.00317695650728,1.00020567406634))
REPRESENTATION_ITEM('')
);
#49=(
BOUNDED_CURVE()
B_SPLINE_CURVE(2,(#9487,#9488,#9489),.UNSPECIFIED.,.F.,.F.)
B_SPLINE_CURVE_WITH_KNOTS((3,3),(0.,0.141691154921211),.UNSPECIFIED.)
CURVE()
GEOMETRIC_REPRESENTATION_ITEM()
RATIONAL_B_SPLINE_CURVE((1.,1.00304945854113,1.00143992100694))
REPRESENTATION_ITEM('')
);
#50=(
BOUNDED_CURVE()
B_SPLINE_CURVE(2,(#9491,#9492,#9493),.UNSPECIFIED.,.F.,.F.)
B_SPLINE_CURVE_WITH_KNOTS((3,3),(0.0586387679593459,0.497952579714699),
 .UNSPECIFIED.)
CURVE()
GEOMETRIC_REPRESENTATION_ITEM()
RATIONAL_B_SPLINE_CURVE((1.02087613379395,1.08986785299073,1.02087613379395))
REPRESENTATION_ITEM('')
);
#51=(
BOUNDED_CURVE()
B_SPLINE_CURVE(2,(#9494,#9495,#9496),.UNSPECIFIED.,.F.,.F.)
B_SPLINE_CURVE_WITH_KNOTS((3,3),(0.0437914235535278,0.185482578474778),
 .UNSPECIFIED.)
CURVE()
GEOMETRIC_REPRESENTATION_ITEM()
RATIONAL_B_SPLINE_CURVE((1.00143992100771,1.00304945854277,1.))
REPRESENTATION_ITEM('')
);
#52=(
BOUNDED_CURVE()
B_SPLINE_CURVE(2,(#9500,#9501,#9502),.UNSPECIFIED.,.F.,.F.)
B_SPLINE_CURVE_WITH_KNOTS((3,3),(0.00476688899957032,0.146138711984137),
 .UNSPECIFIED.)
CURVE()
GEOMETRIC_REPRESENTATION_ITEM()
RATIONAL_B_SPLINE_CURVE((1.00020567406638,1.00317695650788,1.00148854372157))
REPRESENTATION_ITEM('')
);
#53=(
BOUNDED_CURVE()
B_SPLINE_CURVE(2,(#9504,#9505,#9506),.UNSPECIFIED.,.F.,.F.)
B_SPLINE_CURVE_WITH_KNOTS((3,3),(0.0586387679593475,0.497952579714701),
 .UNSPECIFIED.)
CURVE()
GEOMETRIC_REPRESENTATION_ITEM()
RATIONAL_B_SPLINE_CURVE((1.02087613379395,1.08986785299073,1.02087613379395))
REPRESENTATION_ITEM('')
);
#54=(
BOUNDED_CURVE()
B_SPLINE_CURVE(2,(#9508,#9509,#9510),.UNSPECIFIED.,.F.,.F.)
B_SPLINE_CURVE_WITH_KNOTS((3,3),(0.0436882374868559,0.185060060471483),
 .UNSPECIFIED.)
CURVE()
GEOMETRIC_REPRESENTATION_ITEM()
RATIONAL_B_SPLINE_CURVE((1.00148854372206,1.00317695650893,1.00020567406645))
REPRESENTATION_ITEM('')
);
#55=(
BOUNDED_CURVE()
B_SPLINE_CURVE(2,(#9514,#9515,#9516),.UNSPECIFIED.,.F.,.F.)
B_SPLINE_CURVE_WITH_KNOTS((3,3),(0.00476688899955767,0.14613871198407),
 .UNSPECIFIED.)
CURVE()
GEOMETRIC_REPRESENTATION_ITEM()
RATIONAL_B_SPLINE_CURVE((1.00020567406639,1.00317695650804,1.00148854372165))
REPRESENTATION_ITEM('')
);
#56=(
BOUNDED_CURVE()
B_SPLINE_CURVE(2,(#9517,#9518,#9519),.UNSPECIFIED.,.F.,.F.)
B_SPLINE_CURVE_WITH_KNOTS((3,3),(0.437616945342281,0.684301466659982),
 .UNSPECIFIED.)
CURVE()
GEOMETRIC_REPRESENTATION_ITEM()
RATIONAL_B_SPLINE_CURVE((1.11465892494677,1.11465892494677,1.07822521435384))
REPRESENTATION_ITEM('')
);
#57=(
BOUNDED_CURVE()
B_SPLINE_CURVE(2,(#9559,#9560,#9561),.UNSPECIFIED.,.F.,.F.)
B_SPLINE_CURVE_WITH_KNOTS((3,3),(0.,0.174007225670297),.UNSPECIFIED.)
CURVE()
GEOMETRIC_REPRESENTATION_ITEM()
RATIONAL_B_SPLINE_CURVE((1.,1.00381909500143,1.))
REPRESENTATION_ITEM('')
);
#58=(
BOUNDED_CURVE()
B_SPLINE_CURVE(2,(#9565,#9566,#9567),.UNSPECIFIED.,.F.,.F.)
B_SPLINE_CURVE_WITH_KNOTS((3,3),(0.,0.41915303486744),.UNSPECIFIED.)
CURVE()
GEOMETRIC_REPRESENTATION_ITEM()
RATIONAL_B_SPLINE_CURVE((1.,1.06758089146464,1.))
REPRESENTATION_ITEM('')
);
#59=(
BOUNDED_CURVE()
B_SPLINE_CURVE(2,(#9571,#9572,#9573),.UNSPECIFIED.,.F.,.F.)
B_SPLINE_CURVE_WITH_KNOTS((3,3),(0.,0.174007225670298),.UNSPECIFIED.)
CURVE()
GEOMETRIC_REPRESENTATION_ITEM()
RATIONAL_B_SPLINE_CURVE((1.,1.00381909500245,1.))
REPRESENTATION_ITEM('')
);
#60=(
BOUNDED_CURVE()
B_SPLINE_CURVE(2,(#9734,#9735,#9736),.UNSPECIFIED.,.F.,.F.)
B_SPLINE_CURVE_WITH_KNOTS((3,3),(-0.382441385889454,-0.145495609914631),
 .UNSPECIFIED.)
CURVE()
GEOMETRIC_REPRESENTATION_ITEM()
RATIONAL_B_SPLINE_CURVE((1.09307737728675,1.09307737728675,1.05734908055997))
REPRESENTATION_ITEM('')
);
#61=(
BOUNDED_CURVE()
B_SPLINE_CURVE(2,(#9741,#9742,#9743),.UNSPECIFIED.,.F.,.F.)
B_SPLINE_CURVE_WITH_KNOTS((3,3),(-0.619387161864277,-0.382441385889454),
 .UNSPECIFIED.)
CURVE()
GEOMETRIC_REPRESENTATION_ITEM()
RATIONAL_B_SPLINE_CURVE((1.05734908055997,1.09307737728675,1.09307737728675))
REPRESENTATION_ITEM('')
);
#62=(
BOUNDED_CURVE()
B_SPLINE_CURVE(2,(#9745,#9746,#9747),.UNSPECIFIED.,.F.,.F.)
B_SPLINE_CURVE_WITH_KNOTS((3,3),(0.,0.174007225670299),.UNSPECIFIED.)
CURVE()
GEOMETRIC_REPRESENTATION_ITEM()
RATIONAL_B_SPLINE_CURVE((1.,1.00381909500395,1.))
REPRESENTATION_ITEM('')
);
#63=(
BOUNDED_CURVE()
B_SPLINE_CURVE(2,(#9752,#9753,#9754),.UNSPECIFIED.,.F.,.F.)
B_SPLINE_CURVE_WITH_KNOTS((3,3),(0.,0.174007225670297),.UNSPECIFIED.)
CURVE()
GEOMETRIC_REPRESENTATION_ITEM()
RATIONAL_B_SPLINE_CURVE((1.,1.00381909500135,1.))
REPRESENTATION_ITEM('')
);
#64=(
BOUNDED_CURVE()
B_SPLINE_CURVE(2,(#9756,#9757,#9758),.UNSPECIFIED.,.F.,.F.)
B_SPLINE_CURVE_WITH_KNOTS((3,3),(0.,0.41915303486744),.UNSPECIFIED.)
CURVE()
GEOMETRIC_REPRESENTATION_ITEM()
RATIONAL_B_SPLINE_CURVE((1.,1.06758089146464,1.))
REPRESENTATION_ITEM('')
);
#65=(
BOUNDED_CURVE()
B_SPLINE_CURVE(2,(#9760,#9761,#9762),.UNSPECIFIED.,.F.,.F.)
B_SPLINE_CURVE_WITH_KNOTS((3,3),(0.,0.174007225670298),.UNSPECIFIED.)
CURVE()
GEOMETRIC_REPRESENTATION_ITEM()
RATIONAL_B_SPLINE_CURVE((1.,1.00381909500273,1.))
REPRESENTATION_ITEM('')
);
#66=(
BOUNDED_CURVE()
B_SPLINE_CURVE(2,(#9765,#9766,#9767),.UNSPECIFIED.,.F.,.F.)
B_SPLINE_CURVE_WITH_KNOTS((3,3),(0.,0.174007225670299),.UNSPECIFIED.)
CURVE()
GEOMETRIC_REPRESENTATION_ITEM()
RATIONAL_B_SPLINE_CURVE((1.,1.00381909500471,1.))
REPRESENTATION_ITEM('')
);
#67=TOROIDAL_SURFACE('',#6166,8.50000000000001,0.4);
#68=TOROIDAL_SURFACE('',#6174,8.50000000000001,0.4);
#69=TOROIDAL_SURFACE('',#6177,8.50000000000002,0.4);
#70=TOROIDAL_SURFACE('',#6185,8.50000000000002,0.4);
#71=TOROIDAL_SURFACE('',#6188,9.11249999999998,0.612499999999989);
#72=TOROIDAL_SURFACE('',#6192,8.50000000000001,0.5);
#73=TOROIDAL_SURFACE('',#6200,8.50000000000001,0.5);
#74=TOROIDAL_SURFACE('',#6203,8.50000000000002,0.5);
#75=TOROIDAL_SURFACE('',#6210,8.50000000000002,0.5);
#76=TOROIDAL_SURFACE('',#6214,9.11249999999998,0.51249999999999);
#77=TOROIDAL_SURFACE('',#6230,3.95040654437682,1.25);
#78=TOROIDAL_SURFACE('',#6238,3.95040654437682,1.05);
#79=TOROIDAL_SURFACE('',#6247,3.95040654437682,1.25);
#80=TOROIDAL_SURFACE('',#6254,3.95040654437682,1.05);
#81=TOROIDAL_SURFACE('',#6262,3.95040654437682,1.25);
#82=TOROIDAL_SURFACE('',#6264,3.95040654437682,1.05);
#83=TOROIDAL_SURFACE('',#6272,3.95040654437682,1.05);
#84=TOROIDAL_SURFACE('',#6276,3.95040654437682,1.25);
#85=B_SPLINE_SURFACE_WITH_KNOTS('',3,1,((#9086,#9087),(#9088,#9089),(#9090,
#9091),(#9092,#9093)),.UNSPECIFIED.,.F.,.F.,.F.,(4,4),(2,2),(0.,1.),(0.,
0.72),.UNSPECIFIED.);
#86=B_SPLINE_SURFACE_WITH_KNOTS('',3,1,((#9109,#9110),(#9111,#9112),(#9113,
#9114),(#9115,#9116),(#9117,#9118),(#9119,#9120),(#9121,#9122),(#9123,#9124),
(#9125,#9126),(#9127,#9128),(#9129,#9130)),.UNSPECIFIED.,.F.,.F.,.F.,(4,
1,1,1,1,1,1,1,4),(2,2),(0.,0.125317927459027,0.250635854918053,0.501271709836106,
0.626589637295133,0.75190756475416,0.877225492213186,0.939884455942699,
1.00254341967221),(0.,0.72),.UNSPECIFIED.);
#87=B_SPLINE_CURVE_WITH_KNOTS('',3,(#8960,#8961,#8962,#8963,#8964,#8965,
#8966,#8967,#8968,#8969,#8970),.UNSPECIFIED.,.F.,.F.,(4,1,1,1,1,1,1,1,4),
(0.,0.125317927459027,0.250635854918053,0.501271709836106,0.626589637295133,
0.75190756475416,0.877225492213186,0.939884455942699,1.00254341967221),
 .UNSPECIFIED.);
#88=B_SPLINE_CURVE_WITH_KNOTS('',3,(#8985,#8986,#8987,#8988),
 .UNSPECIFIED.,.F.,.F.,(4,4),(0.,1.),.UNSPECIFIED.);
#89=B_SPLINE_CURVE_WITH_KNOTS('',3,(#8993,#8994,#8995,#8996),
 .UNSPECIFIED.,.F.,.F.,(4,4),(0.,1.),.UNSPECIFIED.);
#90=B_SPLINE_CURVE_WITH_KNOTS('',3,(#9011,#9012,#9013,#9014,#9015,#9016,
#9017,#9018,#9019,#9020,#9021),.UNSPECIFIED.,.F.,.F.,(4,1,1,1,1,1,1,1,4),
(0.,0.125317927459027,0.250635854918053,0.501271709836106,0.626589637295133,
0.75190756475416,0.877225492213186,0.939884455942699,1.00254341936076),
 .UNSPECIFIED.);
#91=B_SPLINE_CURVE_WITH_KNOTS('',3,(#9276,#9277,#9278,#9279,#9280,#9281,
#9282,#9283,#9284,#9285,#9286,#9287,#9288,#9289,#9290,#9291,#9292,#9293,
#9294,#9295,#9296,#9297,#9298,#9299,#9300,#9301,#9302,#9303,#9304,#9305,
#9306,#9307,#9308,#9309,#9310,#9311,#9312),.UNSPECIFIED.,.F.,.F.,(4,3,3,
3,3,3,3,3,3,3,3,3,4),(-0.100480933801342,-0.0936756865964859,-0.0878870480796361,
-0.081317867628679,-0.0758575039340763,-0.0723928264587222,-0.0669629543503624,
-0.0653846258841594,-0.0597315452133258,-0.0579055197699942,-0.0516742626511783,
-0.0471216066558575,-0.0452646532424997),.UNSPECIFIED.);
#92=B_SPLINE_CURVE_WITH_KNOTS('',3,(#9316,#9317,#9318,#9319,#9320,#9321,
#9322,#9323,#9324,#9325,#9326,#9327),.UNSPECIFIED.,.F.,.F.,(4,2,2,2,2,4),
(0.0439000863985821,0.0485846212284114,0.062136087299844,0.0728409672035773,
0.0818308264302836,0.088436214109401),.UNSPECIFIED.);
#93=B_SPLINE_CURVE_WITH_KNOTS('',3,(#9331,#9332,#9333,#9334,#9335,#9336),
 .UNSPECIFIED.,.F.,.F.,(4,2,4),(0.710473902520224,0.719716908763096,0.7488889285377),
 .UNSPECIFIED.);
#94=B_SPLINE_CURVE_WITH_KNOTS('',3,(#9338,#9339,#9340,#9341),
 .UNSPECIFIED.,.F.,.F.,(4,4),(-0.625907849848758,-0.613609311918543),
 .UNSPECIFIED.);
#95=B_SPLINE_CURVE_WITH_KNOTS('',3,(#9363,#9364,#9365,#9366,#9367,#9368),
 .UNSPECIFIED.,.F.,.F.,(4,2,4),(0.75684609459417,0.893330463477718,0.908614420403266),
 .UNSPECIFIED.);
#96=B_SPLINE_CURVE_WITH_KNOTS('',3,(#9370,#9371,#9372,#9373,#9374,#9375),
 .UNSPECIFIED.,.F.,.F.,(4,2,4),(0.605077768785073,0.620361725710622,0.75684609459417),
 .UNSPECIFIED.);
#97=B_SPLINE_CURVE_WITH_KNOTS('',3,(#9379,#9380,#9381,#9382,#9383,#9384),
 .UNSPECIFIED.,.F.,.F.,(4,2,4),(-0.675492966789807,-0.551947025628629,-0.523882944849317),
 .UNSPECIFIED.);
#98=B_SPLINE_CURVE_WITH_KNOTS('',3,(#9385,#9386,#9387,#9388,#9389,#9390),
 .UNSPECIFIED.,.F.,.F.,(4,2,4),(-0.827102988730298,-0.799038907950985,-0.675492966789807),
 .UNSPECIFIED.);
#99=B_SPLINE_CURVE_WITH_KNOTS('',3,(#9393,#9394,#9395,#9396,#9397,#9398,
#9399,#9400,#9401,#9402,#9403,#9404),.UNSPECIFIED.,.F.,.F.,(4,2,2,2,2,4),
(-0.193115574724787,-0.18068250155011,-0.166998167951093,-0.155386983106101,
-0.144881202957018,-0.136875974951546),.UNSPECIFIED.);
#100=B_SPLINE_CURVE_WITH_KNOTS('',3,(#9407,#9408,#9409,#9410,#9411,#9412,
#9413,#9414,#9415,#9416,#9417,#9418,#9419,#9420),.UNSPECIFIED.,.F.,.F.,
(4,2,2,2,2,2,4),(0.10385627662286,0.10446382336456,0.112069202097725,0.118620193576764,
0.126077358342561,0.135483015344085,0.139365366795805),.UNSPECIFIED.);
#101=B_SPLINE_CURVE_WITH_KNOTS('',3,(#9423,#9424,#9425,#9426,#9427,#9428),
 .UNSPECIFIED.,.F.,.F.,(4,2,4),(0.0623748916044142,0.0915469113790171,0.100789917621889),
 .UNSPECIFIED.);
#102=B_SPLINE_CURVE_WITH_KNOTS('',3,(#9436,#9437,#9438,#9439),
 .UNSPECIFIED.,.F.,.F.,(4,4),(-0.0647309866136263,-0.0524324486834128),
 .UNSPECIFIED.);
#103=B_SPLINE_CURVE_WITH_KNOTS('',3,(#9444,#9445,#9446,#9447,#9448,#9449),
 .UNSPECIFIED.,.F.,.F.,(4,2,4),(-0.748888928537699,-0.719716908763095,-0.710473902520224),
 .UNSPECIFIED.);
#104=B_SPLINE_CURVE_WITH_KNOTS('',3,(#9451,#9452,#9453,#9454,#9455,#9456,
#9457,#9458,#9459,#9460,#9461,#9462),.UNSPECIFIED.,.F.,.F.,(4,2,2,2,2,4),
(-0.193115574711222,-0.180682501537479,-0.166998167939495,-0.155386983095367,
-0.144881202947056,-0.136875974942173),.UNSPECIFIED.);
#105=B_SPLINE_CURVE_WITH_KNOTS('',3,(#9464,#9465,#9466,#9467,#9468,#9469),
 .UNSPECIFIED.,.F.,.F.,(4,2,4),(-0.899225893379224,-0.866974397540208,-0.748900396142911),
 .UNSPECIFIED.);
#106=B_SPLINE_CURVE_WITH_KNOTS('',3,(#9524,#9525,#9526,#9527),
 .UNSPECIFIED.,.F.,.F.,(4,4),(0.0524324486834112,0.0647309866136258),
 .UNSPECIFIED.);
#107=B_SPLINE_CURVE_WITH_KNOTS('',3,(#9529,#9530,#9531,#9532,#9533,#9534,
#9535,#9536,#9537,#9538,#9539,#9540),.UNSPECIFIED.,.F.,.F.,(4,2,2,2,2,4),
(0.0439000864002537,0.048584621230283,0.062136087302274,0.0728409672064406,
0.0818308264335026,0.0884362141128755),.UNSPECIFIED.);
#108=B_SPLINE_CURVE_WITH_KNOTS('',3,(#9542,#9543,#9544,#9545,#9546,#9547),
 .UNSPECIFIED.,.F.,.F.,(4,2,4),(0.518650495788076,0.56060814350297,0.668925207352438),
 .UNSPECIFIED.);
#109=B_SPLINE_CURVE_WITH_KNOTS('',3,(#9551,#9552,#9553,#9554,#9555,#9556),
 .UNSPECIFIED.,.F.,.F.,(4,2,4),(0.710473902520224,0.719716908763095,0.748888928537699),
 .UNSPECIFIED.);
#110=B_SPLINE_CURVE_WITH_KNOTS('',3,(#9575,#9576,#9577,#9578),
 .UNSPECIFIED.,.F.,.F.,(4,4),(-0.0647309866136248,-0.0524324486834115),
 .UNSPECIFIED.);
#111=B_SPLINE_CURVE_WITH_KNOTS('',3,(#9581,#9582,#9583,#9584,#9585,#9586),
 .UNSPECIFIED.,.F.,.F.,(4,2,4),(0.0623748916044129,0.0915469113790171,0.100789917621888),
 .UNSPECIFIED.);
#112=B_SPLINE_CURVE_WITH_KNOTS('',3,(#9589,#9590,#9591,#9592,#9593,#9594,
#9595,#9596,#9597,#9598,#9599,#9600),.UNSPECIFIED.,.F.,.F.,(4,2,2,2,2,4),
(-0.19311557471851,-0.18068250154421,-0.16699816794561,-0.155386983100971,
-0.144881202952211,-0.136875974946987),.UNSPECIFIED.);
#113=B_SPLINE_CURVE_WITH_KNOTS('',3,(#9602,#9603,#9604,#9605,#9606,#9607,
#9608,#9609,#9610,#9611,#9612,#9613,#9614,#9615),.UNSPECIFIED.,.F.,.F.,
(4,2,2,2,2,2,4),(0.1038562766241,0.104463823365805,0.112069202099037,0.118620193578132,
0.126077358343985,0.13548301534558,0.139365366797327),.UNSPECIFIED.);
#114=B_SPLINE_CURVE_WITH_KNOTS('',3,(#9620,#9621,#9622,#9623,#9624,#9625),
 .UNSPECIFIED.,.F.,.F.,(4,2,4),(0.74890039614291,0.866974397540208,0.899225893379224),
 .UNSPECIFIED.);
#115=B_SPLINE_CURVE_WITH_KNOTS('',3,(#9626,#9627,#9628,#9629,#9630,#9631),
 .UNSPECIFIED.,.F.,.F.,(4,2,4),(0.598574898906596,0.630826394745613,0.74890039614291),
 .UNSPECIFIED.);
#116=B_SPLINE_CURVE_WITH_KNOTS('',3,(#9632,#9633,#9634,#9635,#9636,#9637),
 .UNSPECIFIED.,.F.,.F.,(4,2,4),(-0.668925207352438,-0.56060814350297,-0.518650495788075),
 .UNSPECIFIED.);
#117=B_SPLINE_CURVE_WITH_KNOTS('',3,(#9640,#9641,#9642,#9643,#9644,#9645,
#9646,#9647,#9648,#9649,#9650,#9651,#9652,#9653,#9654,#9655,#9656,#9657,
#9658,#9659,#9660,#9661,#9662,#9663,#9664,#9665,#9666,#9667,#9668,#9669,
#9670,#9671,#9672,#9673,#9674,#9675,#9676),.UNSPECIFIED.,.F.,.F.,(4,3,3,
3,3,3,3,3,3,3,3,3,4),(-0.100480933801392,-0.093675686596537,-0.0878870480796802,
-0.0813178676287347,-0.0758575039340746,-0.0723928264587818,-0.0669629543502836,
-0.0653846258842184,-0.0597315452133629,-0.0579055197700439,-0.0516742626512264,
-0.0471216066558974,-0.0452646532425395),.UNSPECIFIED.);
#118=B_SPLINE_CURVE_WITH_KNOTS('',3,(#9681,#9682,#9683,#9684,#9685,#9686),
 .UNSPECIFIED.,.F.,.F.,(4,2,4),(-0.748900396142908,-0.630826394745611,-0.598574898906594),
 .UNSPECIFIED.);
#119=B_SPLINE_CURVE_WITH_KNOTS('',3,(#9688,#9689,#9690,#9691,#9692,#9693,
#9694,#9695,#9696,#9697,#9698,#9699,#9700,#9701,#9702,#9703,#9704,#9705,
#9706,#9707,#9708,#9709,#9710,#9711,#9712,#9713,#9714,#9715,#9716,#9717,
#9718,#9719,#9720,#9721,#9722,#9723,#9724),.UNSPECIFIED.,.F.,.F.,(4,3,3,
3,3,3,3,3,3,3,3,3,4),(-0.100480933801015,-0.0936756865961922,-0.0878870480793831,
-0.0813178676284385,-0.0758575039338527,-0.0723928264585206,-0.0669629543501126,
-0.0653846258839871,-0.0597315452132244,-0.0579055197698497,-0.0516742626510694,
-0.0471216066557647,-0.0452646532424113),.UNSPECIFIED.);
#120=B_SPLINE_CURVE_WITH_KNOTS('',3,(#9725,#9726,#9727,#9728,#9729,#9730),
 .UNSPECIFIED.,.F.,.F.,(4,2,4),(-0.100789917621888,-0.0915469113790171,
-0.0623748916044136),.UNSPECIFIED.);
#121=B_SPLINE_CURVE_WITH_KNOTS('',3,(#9772,#9773,#9774,#9775,#9776,#9777),
 .UNSPECIFIED.,.F.,.F.,(4,2,4),(0.668925207352438,0.777242271201905,0.819199918916799),
 .UNSPECIFIED.);
#122=B_SPLINE_CURVE_WITH_KNOTS('',3,(#9779,#9780,#9781,#9782,#9783,#9784,
#9785,#9786,#9787,#9788,#9789,#9790,#9791,#9792),.UNSPECIFIED.,.F.,.F.,
(4,2,2,2,2,2,4),(0.103856276627197,0.104463823368919,0.112069202102345,
0.118620193581604,0.126077358347637,0.135483015349454,0.139365366801287),
 .UNSPECIFIED.);
#123=B_SPLINE_CURVE_WITH_KNOTS('',3,(#9793,#9794,#9795,#9796),
 .UNSPECIFIED.,.F.,.F.,(4,4),(0.613609311918542,0.625907849848757),
 .UNSPECIFIED.);
#124=B_SPLINE_CURVE_WITH_KNOTS('',3,(#9801,#9802,#9803,#9804,#9805,#9806,
#9807,#9808,#9809,#9810,#9811,#9812),.UNSPECIFIED.,.F.,.F.,(4,2,2,2,2,4),
(0.0439000863982029,0.0485846212279849,0.0621360872993049,0.0728409672029837,
0.0818308264296416,0.0884362141087207),.UNSPECIFIED.);
#125=B_SPLINE_CURVE_WITH_KNOTS('',3,(#9815,#9816,#9817,#9818),
 .UNSPECIFIED.,.F.,.F.,(4,4),(-0.625907849848757,-0.613609311918544),
 .UNSPECIFIED.);
#126=B_SPLINE_CURVE_WITH_KNOTS('',3,(#9824,#9825,#9826,#9827,#9828,#9829),
 .UNSPECIFIED.,.F.,.F.,(4,2,4),(0.598574898906594,0.630826394745611,0.748900396142908),
 .UNSPECIFIED.);
#127=B_SPLINE_CURVE_WITH_KNOTS('',3,(#9833,#9834,#9835,#9836,#9837,#9838),
 .UNSPECIFIED.,.F.,.F.,(4,2,4),(-0.668925207352435,-0.560608143502967,-0.518650495788073),
 .UNSPECIFIED.);
#128=B_SPLINE_CURVE_WITH_KNOTS('',3,(#9839,#9840,#9841,#9842,#9843,#9844),
 .UNSPECIFIED.,.F.,.F.,(4,2,4),(-0.819199918916797,-0.777242271201902,-0.668925207352435),
 .UNSPECIFIED.);
#129=B_SPLINE_CURVE_WITH_KNOTS('',3,(#9847,#9848,#9849,#9850,#9851,#9852,
#9853,#9854,#9855,#9856,#9857,#9858),.UNSPECIFIED.,.F.,.F.,(4,2,2,2,2,4),
(-0.193115574710298,-0.180682501536548,-0.166998167938546,-0.155386983094412,
-0.144881202946104,-0.136875974941222),.UNSPECIFIED.);
#130=B_SPLINE_CURVE_WITH_KNOTS('',3,(#9861,#9862,#9863,#9864,#9865,#9866,
#9867,#9868,#9869,#9870,#9871,#9872,#9873,#9874),.UNSPECIFIED.,.F.,.F.,
(4,2,2,2,2,2,4),(0.103856276621915,0.104463823363608,0.112069202096668,
0.118620193575611,0.126077358341291,0.135483015342666,0.139365366794317),
 .UNSPECIFIED.);
#131=B_SPLINE_CURVE_WITH_KNOTS('',3,(#9876,#9877,#9878,#9879,#9880,#9881),
 .UNSPECIFIED.,.F.,.F.,(4,2,4),(0.0623748916044134,0.0915469113790171,0.100789917621888),
 .UNSPECIFIED.);
#132=B_SPLINE_CURVE_WITH_KNOTS('',3,(#9882,#9883,#9884,#9885),
 .UNSPECIFIED.,.F.,.F.,(4,4),(-0.0647309866136255,-0.0524324486834111),
 .UNSPECIFIED.);
#133=B_SPLINE_CURVE_WITH_KNOTS('',3,(#9890,#9891,#9892,#9893),
 .UNSPECIFIED.,.F.,.F.,(4,4),(0.0524324486834115,0.0647309866136247),
 .UNSPECIFIED.);
#134=B_SPLINE_CURVE_WITH_KNOTS('',3,(#9895,#9896,#9897,#9898,#9899,#9900,
#9901,#9902,#9903,#9904,#9905,#9906),.UNSPECIFIED.,.F.,.F.,(4,2,2,2,2,4),
(0.0439000863992959,0.048584621229207,0.0621360873009004,0.0728409672048666,
0.0818308264317635,0.0884362141110173),.UNSPECIFIED.);
#135=B_SPLINE_CURVE_WITH_KNOTS('',3,(#9907,#9908,#9909,#9910,#9911,#9912),
 .UNSPECIFIED.,.F.,.F.,(4,2,4),(0.518650495788075,0.56060814350297,0.668925207352438),
 .UNSPECIFIED.);
#136=B_SPLINE_CURVE_WITH_KNOTS('',3,(#9917,#9918,#9919,#9920,#9921,#9922,
#9923,#9924,#9925,#9926,#9927,#9928,#9929,#9930,#9931,#9932,#9933,#9934,
#9935,#9936,#9937,#9938,#9939,#9940,#9941,#9942,#9943,#9944,#9945,#9946,
#9947,#9948,#9949,#9950,#9951,#9952,#9953),.UNSPECIFIED.,.F.,.F.,(4,3,3,
3,3,3,3,3,3,3,3,3,4),(-0.100480933771672,-0.0936756865128955,-0.0878870480108307,
-0.0813178675643259,-0.0758575038801478,-0.0723928264308855,-0.0669629543305749,
-0.0653846258648696,-0.059731545200718,-0.0579055197407386,-0.0516742626236617,
-0.0471216065844092,-0.0452646533040588),.UNSPECIFIED.);
#137=B_SPLINE_CURVE_WITH_KNOTS('',3,(#9957,#9958,#9959,#9960,#9961,#9962),
 .UNSPECIFIED.,.F.,.F.,(4,2,4),(0.710473902520226,0.719716908763097,0.748888928537702),
 .UNSPECIFIED.);
#138=B_SPLINE_CURVE_WITH_KNOTS('',3,(#9967,#9968,#9969,#9970,#9971,#9972),
 .UNSPECIFIED.,.F.,.F.,(4,2,4),(0.748900396142911,0.866974397540208,0.899225893379225),
 .UNSPECIFIED.);
#139=SHAPE_REPRESENTATION_RELATIONSHIP('SRR','None',#10029,#142);
#140=SHAPE_REPRESENTATION_RELATIONSHIP('SRR','None',#10030,#143);
#141=SHAPE_REPRESENTATION_RELATIONSHIP('SRR','None',#10031,#144);
#142=ADVANCED_BREP_SHAPE_REPRESENTATION('',(#151),#10005);
#143=ADVANCED_BREP_SHAPE_REPRESENTATION('',(#152),#10006);
#144=ADVANCED_BREP_SHAPE_REPRESENTATION('',(#153,#154,#155,#156),#10007);
#145=STYLED_ITEM('',(#10053),#151);
#146=STYLED_ITEM('',(#10054),#152);
#147=STYLED_ITEM('',(#10055),#153);
#148=STYLED_ITEM('',(#10056),#154);
#149=STYLED_ITEM('',(#10057),#155);
#150=STYLED_ITEM('',(#10057),#156);
#151=MANIFOLD_SOLID_BREP('Corpo1',#5835);
#152=MANIFOLD_SOLID_BREP('Corpo1',#5836);
#153=MANIFOLD_SOLID_BREP('Corpo1',#5837);
#154=MANIFOLD_SOLID_BREP('Corpo2',#5838);
#155=MANIFOLD_SOLID_BREP('Corpo3',#5839);
#156=MANIFOLD_SOLID_BREP('Corpo4',#5840);
#157=FACE_BOUND('',#725,.T.);
#158=FACE_BOUND('',#726,.T.);
#159=FACE_BOUND('',#727,.T.);
#160=FACE_BOUND('',#728,.T.);
#161=FACE_BOUND('',#907,.T.);
#162=FACE_BOUND('',#913,.T.);
#163=FACE_BOUND('',#923,.T.);
#164=FACE_BOUND('',#932,.T.);
#165=FACE_BOUND('',#968,.T.);
#166=FACE_BOUND('',#973,.T.);
#167=FACE_BOUND('',#980,.T.);
#168=FACE_BOUND('',#985,.T.);
#169=FACE_BOUND('',#992,.T.);
#170=FACE_BOUND('',#994,.T.);
#171=FACE_BOUND('',#1030,.T.);
#172=PLANE('',#5889);
#173=PLANE('',#5890);
#174=PLANE('',#5891);
#175=PLANE('',#5892);
#176=PLANE('',#5893);
#177=PLANE('',#5894);
#178=PLANE('',#5895);
#179=PLANE('',#5896);
#180=PLANE('',#5897);
#181=PLANE('',#5898);
#182=PLANE('',#5899);
#183=PLANE('',#5900);
#184=PLANE('',#5901);
#185=PLANE('',#5902);
#186=PLANE('',#5903);
#187=PLANE('',#5904);
#188=PLANE('',#5905);
#189=PLANE('',#5906);
#190=PLANE('',#5907);
#191=PLANE('',#5908);
#192=PLANE('',#5909);
#193=PLANE('',#5910);
#194=PLANE('',#5911);
#195=PLANE('',#5912);
#196=PLANE('',#5913);
#197=PLANE('',#5914);
#198=PLANE('',#5915);
#199=PLANE('',#5916);
#200=PLANE('',#5917);
#201=PLANE('',#5918);
#202=PLANE('',#5919);
#203=PLANE('',#5920);
#204=PLANE('',#5921);
#205=PLANE('',#5922);
#206=PLANE('',#5923);
#207=PLANE('',#5924);
#208=PLANE('',#5925);
#209=PLANE('',#5926);
#210=PLANE('',#5927);
#211=PLANE('',#5928);
#212=PLANE('',#5929);
#213=PLANE('',#5930);
#214=PLANE('',#5931);
#215=PLANE('',#5936);
#216=PLANE('',#5937);
#217=PLANE('',#5938);
#218=PLANE('',#5939);
#219=PLANE('',#5940);
#220=PLANE('',#5941);
#221=PLANE('',#5942);
#222=PLANE('',#5943);
#223=PLANE('',#5944);
#224=PLANE('',#5945);
#225=PLANE('',#5946);
#226=PLANE('',#5947);
#227=PLANE('',#5948);
#228=PLANE('',#5949);
#229=PLANE('',#5950);
#230=PLANE('',#5951);
#231=PLANE('',#5952);
#232=PLANE('',#5953);
#233=PLANE('',#5954);
#234=PLANE('',#5955);
#235=PLANE('',#5956);
#236=PLANE('',#5957);
#237=PLANE('',#5958);
#238=PLANE('',#5959);
#239=PLANE('',#5960);
#240=PLANE('',#5961);
#241=PLANE('',#5962);
#242=PLANE('',#5963);
#243=PLANE('',#5964);
#244=PLANE('',#5965);
#245=PLANE('',#5966);
#246=PLANE('',#5971);
#247=PLANE('',#5984);
#248=PLANE('',#5985);
#249=PLANE('',#5986);
#250=PLANE('',#5987);
#251=PLANE('',#5994);
#252=PLANE('',#5995);
#253=PLANE('',#5999);
#254=PLANE('',#6000);
#255=PLANE('',#6004);
#256=PLANE('',#6005);
#257=PLANE('',#6012);
#258=PLANE('',#6013);
#259=PLANE('',#6014);
#260=PLANE('',#6015);
#261=PLANE('',#6016);
#262=PLANE('',#6017);
#263=PLANE('',#6018);
#264=PLANE('',#6019);
#265=PLANE('',#6020);
#266=PLANE('',#6021);
#267=PLANE('',#6022);
#268=PLANE('',#6023);
#269=PLANE('',#6024);
#270=PLANE('',#6025);
#271=PLANE('',#6026);
#272=PLANE('',#6027);
#273=PLANE('',#6028);
#274=PLANE('',#6029);
#275=PLANE('',#6030);
#276=PLANE('',#6031);
#277=PLANE('',#6032);
#278=PLANE('',#6033);
#279=PLANE('',#6034);
#280=PLANE('',#6035);
#281=PLANE('',#6036);
#282=PLANE('',#6037);
#283=PLANE('',#6038);
#284=PLANE('',#6039);
#285=PLANE('',#6040);
#286=PLANE('',#6041);
#287=PLANE('',#6042);
#288=PLANE('',#6043);
#289=PLANE('',#6044);
#290=PLANE('',#6045);
#291=PLANE('',#6046);
#292=PLANE('',#6047);
#293=PLANE('',#6048);
#294=PLANE('',#6049);
#295=PLANE('',#6050);
#296=PLANE('',#6051);
#297=PLANE('',#6052);
#298=PLANE('',#6053);
#299=PLANE('',#6054);
#300=PLANE('',#6055);
#301=PLANE('',#6056);
#302=PLANE('',#6057);
#303=PLANE('',#6058);
#304=PLANE('',#6059);
#305=PLANE('',#6060);
#306=PLANE('',#6061);
#307=PLANE('',#6062);
#308=PLANE('',#6063);
#309=PLANE('',#6064);
#310=PLANE('',#6065);
#311=PLANE('',#6066);
#312=PLANE('',#6067);
#313=PLANE('',#6068);
#314=PLANE('',#6069);
#315=PLANE('',#6070);
#316=PLANE('',#6071);
#317=PLANE('',#6072);
#318=PLANE('',#6073);
#319=PLANE('',#6074);
#320=PLANE('',#6075);
#321=PLANE('',#6076);
#322=PLANE('',#6077);
#323=PLANE('',#6078);
#324=PLANE('',#6079);
#325=PLANE('',#6080);
#326=PLANE('',#6081);
#327=PLANE('',#6082);
#328=PLANE('',#6083);
#329=PLANE('',#6084);
#330=PLANE('',#6085);
#331=PLANE('',#6086);
#332=PLANE('',#6087);
#333=PLANE('',#6088);
#334=PLANE('',#6089);
#335=PLANE('',#6090);
#336=PLANE('',#6091);
#337=PLANE('',#6092);
#338=PLANE('',#6093);
#339=PLANE('',#6094);
#340=PLANE('',#6095);
#341=PLANE('',#6096);
#342=PLANE('',#6097);
#343=PLANE('',#6098);
#344=PLANE('',#6099);
#345=PLANE('',#6100);
#346=PLANE('',#6101);
#347=PLANE('',#6102);
#348=PLANE('',#6110);
#349=PLANE('',#6111);
#350=PLANE('',#6112);
#351=PLANE('',#6113);
#352=PLANE('',#6114);
#353=PLANE('',#6117);
#354=PLANE('',#6121);
#355=PLANE('',#6122);
#356=PLANE('',#6123);
#357=PLANE('',#6126);
#358=PLANE('',#6129);
#359=PLANE('',#6130);
#360=PLANE('',#6131);
#361=PLANE('',#6132);
#362=PLANE('',#6133);
#363=PLANE('',#6134);
#364=PLANE('',#6135);
#365=PLANE('',#6137);
#366=PLANE('',#6138);
#367=PLANE('',#6139);
#368=PLANE('',#6141);
#369=PLANE('',#6142);
#370=PLANE('',#6143);
#371=PLANE('',#6144);
#372=PLANE('',#6145);
#373=PLANE('',#6146);
#374=PLANE('',#6147);
#375=PLANE('',#6148);
#376=PLANE('',#6149);
#377=PLANE('',#6150);
#378=PLANE('',#6151);
#379=PLANE('',#6152);
#380=PLANE('',#6153);
#381=PLANE('',#6154);
#382=PLANE('',#6155);
#383=PLANE('',#6156);
#384=PLANE('',#6157);
#385=PLANE('',#6158);
#386=PLANE('',#6161);
#387=PLANE('',#6162);
#388=PLANE('',#6172);
#389=PLANE('',#6183);
#390=PLANE('',#6198);
#391=PLANE('',#6209);
#392=PLANE('',#6222);
#393=PLANE('',#6223);
#394=PLANE('',#6225);
#395=PLANE('',#6226);
#396=PLANE('',#6227);
#397=PLANE('',#6229);
#398=PLANE('',#6241);
#399=PLANE('',#6242);
#400=PLANE('',#6243);
#401=PLANE('',#6245);
#402=PLANE('',#6257);
#403=PLANE('',#6258);
#404=PLANE('',#6259);
#405=PLANE('',#6261);
#406=PLANE('',#6267);
#407=PLANE('',#6268);
#408=PLANE('',#6269);
#409=PLANE('',#6271);
#410=PLANE('',#6274);
#411=PLANE('',#6275);
#412=PLANE('',#6278);
#413=PLANE('',#6282);
#414=PLANE('',#6283);
#415=FACE_OUTER_BOUND('',#718,.T.);
#416=FACE_OUTER_BOUND('',#719,.T.);
#417=FACE_OUTER_BOUND('',#720,.T.);
#418=FACE_OUTER_BOUND('',#721,.T.);
#419=FACE_OUTER_BOUND('',#722,.T.);
#420=FACE_OUTER_BOUND('',#723,.T.);
#421=FACE_OUTER_BOUND('',#724,.T.);
#422=FACE_OUTER_BOUND('',#729,.T.);
#423=FACE_OUTER_BOUND('',#730,.T.);
#424=FACE_OUTER_BOUND('',#731,.T.);
#425=FACE_OUTER_BOUND('',#732,.T.);
#426=FACE_OUTER_BOUND('',#733,.T.);
#427=FACE_OUTER_BOUND('',#734,.T.);
#428=FACE_OUTER_BOUND('',#735,.T.);
#429=FACE_OUTER_BOUND('',#736,.T.);
#430=FACE_OUTER_BOUND('',#737,.T.);
#431=FACE_OUTER_BOUND('',#738,.T.);
#432=FACE_OUTER_BOUND('',#739,.T.);
#433=FACE_OUTER_BOUND('',#740,.T.);
#434=FACE_OUTER_BOUND('',#741,.T.);
#435=FACE_OUTER_BOUND('',#742,.T.);
#436=FACE_OUTER_BOUND('',#743,.T.);
#437=FACE_OUTER_BOUND('',#744,.T.);
#438=FACE_OUTER_BOUND('',#745,.T.);
#439=FACE_OUTER_BOUND('',#746,.T.);
#440=FACE_OUTER_BOUND('',#747,.T.);
#441=FACE_OUTER_BOUND('',#748,.T.);
#442=FACE_OUTER_BOUND('',#749,.T.);
#443=FACE_OUTER_BOUND('',#750,.T.);
#444=FACE_OUTER_BOUND('',#751,.T.);
#445=FACE_OUTER_BOUND('',#752,.T.);
#446=FACE_OUTER_BOUND('',#753,.T.);
#447=FACE_OUTER_BOUND('',#754,.T.);
#448=FACE_OUTER_BOUND('',#755,.T.);
#449=FACE_OUTER_BOUND('',#756,.T.);
#450=FACE_OUTER_BOUND('',#757,.T.);
#451=FACE_OUTER_BOUND('',#758,.T.);
#452=FACE_OUTER_BOUND('',#759,.T.);
#453=FACE_OUTER_BOUND('',#760,.T.);
#454=FACE_OUTER_BOUND('',#761,.T.);
#455=FACE_OUTER_BOUND('',#762,.T.);
#456=FACE_OUTER_BOUND('',#763,.T.);
#457=FACE_OUTER_BOUND('',#764,.T.);
#458=FACE_OUTER_BOUND('',#765,.T.);
#459=FACE_OUTER_BOUND('',#766,.T.);
#460=FACE_OUTER_BOUND('',#767,.T.);
#461=FACE_OUTER_BOUND('',#768,.T.);
#462=FACE_OUTER_BOUND('',#769,.T.);
#463=FACE_OUTER_BOUND('',#770,.T.);
#464=FACE_OUTER_BOUND('',#771,.T.);
#465=FACE_OUTER_BOUND('',#772,.T.);
#466=FACE_OUTER_BOUND('',#773,.T.);
#467=FACE_OUTER_BOUND('',#774,.T.);
#468=FACE_OUTER_BOUND('',#775,.T.);
#469=FACE_OUTER_BOUND('',#776,.T.);
#470=FACE_OUTER_BOUND('',#777,.T.);
#471=FACE_OUTER_BOUND('',#778,.T.);
#472=FACE_OUTER_BOUND('',#779,.T.);
#473=FACE_OUTER_BOUND('',#780,.T.);
#474=FACE_OUTER_BOUND('',#781,.T.);
#475=FACE_OUTER_BOUND('',#782,.T.);
#476=FACE_OUTER_BOUND('',#783,.T.);
#477=FACE_OUTER_BOUND('',#784,.T.);
#478=FACE_OUTER_BOUND('',#785,.T.);
#479=FACE_OUTER_BOUND('',#786,.T.);
#480=FACE_OUTER_BOUND('',#787,.T.);
#481=FACE_OUTER_BOUND('',#788,.T.);
#482=FACE_OUTER_BOUND('',#789,.T.);
#483=FACE_OUTER_BOUND('',#790,.T.);
#484=FACE_OUTER_BOUND('',#791,.T.);
#485=FACE_OUTER_BOUND('',#792,.T.);
#486=FACE_OUTER_BOUND('',#793,.T.);
#487=FACE_OUTER_BOUND('',#794,.T.);
#488=FACE_OUTER_BOUND('',#795,.T.);
#489=FACE_OUTER_BOUND('',#796,.T.);
#490=FACE_OUTER_BOUND('',#797,.T.);
#491=FACE_OUTER_BOUND('',#798,.T.);
#492=FACE_OUTER_BOUND('',#799,.T.);
#493=FACE_OUTER_BOUND('',#800,.T.);
#494=FACE_OUTER_BOUND('',#801,.T.);
#495=FACE_OUTER_BOUND('',#802,.T.);
#496=FACE_OUTER_BOUND('',#803,.T.);
#497=FACE_OUTER_BOUND('',#804,.T.);
#498=FACE_OUTER_BOUND('',#805,.T.);
#499=FACE_OUTER_BOUND('',#806,.T.);
#500=FACE_OUTER_BOUND('',#807,.T.);
#501=FACE_OUTER_BOUND('',#808,.T.);
#502=FACE_OUTER_BOUND('',#809,.T.);
#503=FACE_OUTER_BOUND('',#810,.T.);
#504=FACE_OUTER_BOUND('',#811,.T.);
#505=FACE_OUTER_BOUND('',#812,.T.);
#506=FACE_OUTER_BOUND('',#813,.T.);
#507=FACE_OUTER_BOUND('',#814,.T.);
#508=FACE_OUTER_BOUND('',#815,.T.);
#509=FACE_OUTER_BOUND('',#816,.T.);
#510=FACE_OUTER_BOUND('',#817,.T.);
#511=FACE_OUTER_BOUND('',#818,.T.);
#512=FACE_OUTER_BOUND('',#819,.T.);
#513=FACE_OUTER_BOUND('',#820,.T.);
#514=FACE_OUTER_BOUND('',#821,.T.);
#515=FACE_OUTER_BOUND('',#822,.T.);
#516=FACE_OUTER_BOUND('',#823,.T.);
#517=FACE_OUTER_BOUND('',#824,.T.);
#518=FACE_OUTER_BOUND('',#825,.T.);
#519=FACE_OUTER_BOUND('',#826,.T.);
#520=FACE_OUTER_BOUND('',#827,.T.);
#521=FACE_OUTER_BOUND('',#828,.T.);
#522=FACE_OUTER_BOUND('',#829,.T.);
#523=FACE_OUTER_BOUND('',#830,.T.);
#524=FACE_OUTER_BOUND('',#831,.T.);
#525=FACE_OUTER_BOUND('',#832,.T.);
#526=FACE_OUTER_BOUND('',#833,.T.);
#527=FACE_OUTER_BOUND('',#834,.T.);
#528=FACE_OUTER_BOUND('',#835,.T.);
#529=FACE_OUTER_BOUND('',#836,.T.);
#530=FACE_OUTER_BOUND('',#837,.T.);
#531=FACE_OUTER_BOUND('',#838,.T.);
#532=FACE_OUTER_BOUND('',#839,.T.);
#533=FACE_OUTER_BOUND('',#840,.T.);
#534=FACE_OUTER_BOUND('',#841,.T.);
#535=FACE_OUTER_BOUND('',#842,.T.);
#536=FACE_OUTER_BOUND('',#843,.T.);
#537=FACE_OUTER_BOUND('',#844,.T.);
#538=FACE_OUTER_BOUND('',#845,.T.);
#539=FACE_OUTER_BOUND('',#846,.T.);
#540=FACE_OUTER_BOUND('',#847,.T.);
#541=FACE_OUTER_BOUND('',#848,.T.);
#542=FACE_OUTER_BOUND('',#849,.T.);
#543=FACE_OUTER_BOUND('',#850,.T.);
#544=FACE_OUTER_BOUND('',#851,.T.);
#545=FACE_OUTER_BOUND('',#852,.T.);
#546=FACE_OUTER_BOUND('',#853,.T.);
#547=FACE_OUTER_BOUND('',#854,.T.);
#548=FACE_OUTER_BOUND('',#855,.T.);
#549=FACE_OUTER_BOUND('',#856,.T.);
#550=FACE_OUTER_BOUND('',#857,.T.);
#551=FACE_OUTER_BOUND('',#858,.T.);
#552=FACE_OUTER_BOUND('',#859,.T.);
#553=FACE_OUTER_BOUND('',#860,.T.);
#554=FACE_OUTER_BOUND('',#861,.T.);
#555=FACE_OUTER_BOUND('',#862,.T.);
#556=FACE_OUTER_BOUND('',#863,.T.);
#557=FACE_OUTER_BOUND('',#864,.T.);
#558=FACE_OUTER_BOUND('',#865,.T.);
#559=FACE_OUTER_BOUND('',#866,.T.);
#560=FACE_OUTER_BOUND('',#867,.T.);
#561=FACE_OUTER_BOUND('',#868,.T.);
#562=FACE_OUTER_BOUND('',#869,.T.);
#563=FACE_OUTER_BOUND('',#870,.T.);
#564=FACE_OUTER_BOUND('',#871,.T.);
#565=FACE_OUTER_BOUND('',#872,.T.);
#566=FACE_OUTER_BOUND('',#873,.T.);
#567=FACE_OUTER_BOUND('',#874,.T.);
#568=FACE_OUTER_BOUND('',#875,.T.);
#569=FACE_OUTER_BOUND('',#876,.T.);
#570=FACE_OUTER_BOUND('',#877,.T.);
#571=FACE_OUTER_BOUND('',#878,.T.);
#572=FACE_OUTER_BOUND('',#879,.T.);
#573=FACE_OUTER_BOUND('',#880,.T.);
#574=FACE_OUTER_BOUND('',#881,.T.);
#575=FACE_OUTER_BOUND('',#882,.T.);
#576=FACE_OUTER_BOUND('',#883,.T.);
#577=FACE_OUTER_BOUND('',#884,.T.);
#578=FACE_OUTER_BOUND('',#885,.T.);
#579=FACE_OUTER_BOUND('',#886,.T.);
#580=FACE_OUTER_BOUND('',#887,.T.);
#581=FACE_OUTER_BOUND('',#888,.T.);
#582=FACE_OUTER_BOUND('',#889,.T.);
#583=FACE_OUTER_BOUND('',#890,.T.);
#584=FACE_OUTER_BOUND('',#891,.T.);
#585=FACE_OUTER_BOUND('',#892,.T.);
#586=FACE_OUTER_BOUND('',#893,.T.);
#587=FACE_OUTER_BOUND('',#894,.T.);
#588=FACE_OUTER_BOUND('',#895,.T.);
#589=FACE_OUTER_BOUND('',#896,.T.);
#590=FACE_OUTER_BOUND('',#897,.T.);
#591=FACE_OUTER_BOUND('',#898,.T.);
#592=FACE_OUTER_BOUND('',#899,.T.);
#593=FACE_OUTER_BOUND('',#900,.T.);
#594=FACE_OUTER_BOUND('',#901,.T.);
#595=FACE_OUTER_BOUND('',#902,.T.);
#596=FACE_OUTER_BOUND('',#903,.T.);
#597=FACE_OUTER_BOUND('',#904,.T.);
#598=FACE_OUTER_BOUND('',#905,.T.);
#599=FACE_OUTER_BOUND('',#906,.T.);
#600=FACE_OUTER_BOUND('',#908,.T.);
#601=FACE_OUTER_BOUND('',#909,.T.);
#602=FACE_OUTER_BOUND('',#910,.T.);
#603=FACE_OUTER_BOUND('',#911,.T.);
#604=FACE_OUTER_BOUND('',#912,.T.);
#605=FACE_OUTER_BOUND('',#914,.T.);
#606=FACE_OUTER_BOUND('',#915,.T.);
#607=FACE_OUTER_BOUND('',#916,.T.);
#608=FACE_OUTER_BOUND('',#917,.T.);
#609=FACE_OUTER_BOUND('',#918,.T.);
#610=FACE_OUTER_BOUND('',#919,.T.);
#611=FACE_OUTER_BOUND('',#920,.T.);
#612=FACE_OUTER_BOUND('',#921,.T.);
#613=FACE_OUTER_BOUND('',#922,.T.);
#614=FACE_OUTER_BOUND('',#924,.T.);
#615=FACE_OUTER_BOUND('',#925,.T.);
#616=FACE_OUTER_BOUND('',#926,.T.);
#617=FACE_OUTER_BOUND('',#927,.T.);
#618=FACE_OUTER_BOUND('',#928,.T.);
#619=FACE_OUTER_BOUND('',#929,.T.);
#620=FACE_OUTER_BOUND('',#930,.T.);
#621=FACE_OUTER_BOUND('',#931,.T.);
#622=FACE_OUTER_BOUND('',#933,.T.);
#623=FACE_OUTER_BOUND('',#934,.T.);
#624=FACE_OUTER_BOUND('',#935,.T.);
#625=FACE_OUTER_BOUND('',#936,.T.);
#626=FACE_OUTER_BOUND('',#937,.T.);
#627=FACE_OUTER_BOUND('',#938,.T.);
#628=FACE_OUTER_BOUND('',#939,.T.);
#629=FACE_OUTER_BOUND('',#940,.T.);
#630=FACE_OUTER_BOUND('',#941,.T.);
#631=FACE_OUTER_BOUND('',#942,.T.);
#632=FACE_OUTER_BOUND('',#943,.T.);
#633=FACE_OUTER_BOUND('',#944,.T.);
#634=FACE_OUTER_BOUND('',#945,.T.);
#635=FACE_OUTER_BOUND('',#946,.T.);
#636=FACE_OUTER_BOUND('',#947,.T.);
#637=FACE_OUTER_BOUND('',#948,.T.);
#638=FACE_OUTER_BOUND('',#949,.T.);
#639=FACE_OUTER_BOUND('',#950,.T.);
#640=FACE_OUTER_BOUND('',#951,.T.);
#641=FACE_OUTER_BOUND('',#952,.T.);
#642=FACE_OUTER_BOUND('',#953,.T.);
#643=FACE_OUTER_BOUND('',#954,.T.);
#644=FACE_OUTER_BOUND('',#955,.T.);
#645=FACE_OUTER_BOUND('',#956,.T.);
#646=FACE_OUTER_BOUND('',#957,.T.);
#647=FACE_OUTER_BOUND('',#958,.T.);
#648=FACE_OUTER_BOUND('',#959,.T.);
#649=FACE_OUTER_BOUND('',#960,.T.);
#650=FACE_OUTER_BOUND('',#961,.T.);
#651=FACE_OUTER_BOUND('',#962,.T.);
#652=FACE_OUTER_BOUND('',#963,.T.);
#653=FACE_OUTER_BOUND('',#964,.T.);
#654=FACE_OUTER_BOUND('',#965,.T.);
#655=FACE_OUTER_BOUND('',#966,.T.);
#656=FACE_OUTER_BOUND('',#967,.T.);
#657=FACE_OUTER_BOUND('',#969,.T.);
#658=FACE_OUTER_BOUND('',#970,.T.);
#659=FACE_OUTER_BOUND('',#971,.T.);
#660=FACE_OUTER_BOUND('',#972,.T.);
#661=FACE_OUTER_BOUND('',#974,.T.);
#662=FACE_OUTER_BOUND('',#975,.T.);
#663=FACE_OUTER_BOUND('',#976,.T.);
#664=FACE_OUTER_BOUND('',#977,.T.);
#665=FACE_OUTER_BOUND('',#978,.T.);
#666=FACE_OUTER_BOUND('',#979,.T.);
#667=FACE_OUTER_BOUND('',#981,.T.);
#668=FACE_OUTER_BOUND('',#982,.T.);
#669=FACE_OUTER_BOUND('',#983,.T.);
#670=FACE_OUTER_BOUND('',#984,.T.);
#671=FACE_OUTER_BOUND('',#986,.T.);
#672=FACE_OUTER_BOUND('',#987,.T.);
#673=FACE_OUTER_BOUND('',#988,.T.);
#674=FACE_OUTER_BOUND('',#989,.T.);
#675=FACE_OUTER_BOUND('',#990,.T.);
#676=FACE_OUTER_BOUND('',#991,.T.);
#677=FACE_OUTER_BOUND('',#993,.T.);
#678=FACE_OUTER_BOUND('',#995,.T.);
#679=FACE_OUTER_BOUND('',#996,.T.);
#680=FACE_OUTER_BOUND('',#997,.T.);
#681=FACE_OUTER_BOUND('',#998,.T.);
#682=FACE_OUTER_BOUND('',#999,.T.);
#683=FACE_OUTER_BOUND('',#1000,.T.);
#684=FACE_OUTER_BOUND('',#1001,.T.);
#685=FACE_OUTER_BOUND('',#1002,.T.);
#686=FACE_OUTER_BOUND('',#1003,.T.);
#687=FACE_OUTER_BOUND('',#1004,.T.);
#688=FACE_OUTER_BOUND('',#1005,.T.);
#689=FACE_OUTER_BOUND('',#1006,.T.);
#690=FACE_OUTER_BOUND('',#1007,.T.);
#691=FACE_OUTER_BOUND('',#1008,.T.);
#692=FACE_OUTER_BOUND('',#1009,.T.);
#693=FACE_OUTER_BOUND('',#1010,.T.);
#694=FACE_OUTER_BOUND('',#1011,.T.);
#695=FACE_OUTER_BOUND('',#1012,.T.);
#696=FACE_OUTER_BOUND('',#1013,.T.);
#697=FACE_OUTER_BOUND('',#1014,.T.);
#698=FACE_OUTER_BOUND('',#1015,.T.);
#699=FACE_OUTER_BOUND('',#1016,.T.);
#700=FACE_OUTER_BOUND('',#1017,.T.);
#701=FACE_OUTER_BOUND('',#1018,.T.);
#702=FACE_OUTER_BOUND('',#1019,.T.);
#703=FACE_OUTER_BOUND('',#1020,.T.);
#704=FACE_OUTER_BOUND('',#1021,.T.);
#705=FACE_OUTER_BOUND('',#1022,.T.);
#706=FACE_OUTER_BOUND('',#1023,.T.);
#707=FACE_OUTER_BOUND('',#1024,.T.);
#708=FACE_OUTER_BOUND('',#1025,.T.);
#709=FACE_OUTER_BOUND('',#1026,.T.);
#710=FACE_OUTER_BOUND('',#1027,.T.);
#711=FACE_OUTER_BOUND('',#1028,.T.);
#712=FACE_OUTER_BOUND('',#1029,.T.);
#713=FACE_OUTER_BOUND('',#1031,.T.);
#714=FACE_OUTER_BOUND('',#1032,.T.);
#715=FACE_OUTER_BOUND('',#1033,.T.);
#716=FACE_OUTER_BOUND('',#1034,.T.);
#717=FACE_OUTER_BOUND('',#1035,.T.);
#718=EDGE_LOOP('',(#3822,#3823,#3824,#3825));
#719=EDGE_LOOP('',(#3826,#3827,#3828,#3829));
#720=EDGE_LOOP('',(#3830,#3831,#3832,#3833));
#721=EDGE_LOOP('',(#3834,#3835,#3836,#3837));
#722=EDGE_LOOP('',(#3838,#3839,#3840,#3841));
#723=EDGE_LOOP('',(#3842,#3843,#3844,#3845));
#724=EDGE_LOOP('',(#3846,#3847,#3848,#3849,#3850,#3851,#3852,#3853,#3854,
#3855,#3856,#3857,#3858,#3859,#3860,#3861,#3862,#3863,#3864,#3865,#3866,
#3867,#3868,#3869,#3870,#3871,#3872,#3873));
#725=EDGE_LOOP('',(#3874));
#726=EDGE_LOOP('',(#3875));
#727=EDGE_LOOP('',(#3876,#3877,#3878,#3879));
#728=EDGE_LOOP('',(#3880,#3881,#3882,#3883));
#729=EDGE_LOOP('',(#3884,#3885,#3886,#3887,#3888,#3889,#3890,#3891,#3892,
#3893,#3894,#3895,#3896,#3897));
#730=EDGE_LOOP('',(#3898,#3899,#3900,#3901,#3902,#3903));
#731=EDGE_LOOP('',(#3904,#3905,#3906,#3907,#3908,#3909,#3910,#3911));
#732=EDGE_LOOP('',(#3912,#3913,#3914,#3915,#3916,#3917));
#733=EDGE_LOOP('',(#3918,#3919,#3920,#3921,#3922,#3923,#3924,#3925,#3926,
#3927));
#734=EDGE_LOOP('',(#3928,#3929,#3930,#3931,#3932,#3933,#3934,#3935,#3936,
#3937,#3938,#3939));
#735=EDGE_LOOP('',(#3940,#3941,#3942,#3943,#3944,#3945,#3946,#3947,#3948,
#3949));
#736=EDGE_LOOP('',(#3950,#3951,#3952,#3953,#3954));
#737=EDGE_LOOP('',(#3955,#3956,#3957,#3958,#3959));
#738=EDGE_LOOP('',(#3960,#3961,#3962,#3963,#3964));
#739=EDGE_LOOP('',(#3965,#3966,#3967,#3968,#3969));
#740=EDGE_LOOP('',(#3970,#3971,#3972,#3973,#3974));
#741=EDGE_LOOP('',(#3975,#3976,#3977,#3978,#3979));
#742=EDGE_LOOP('',(#3980,#3981,#3982,#3983,#3984));
#743=EDGE_LOOP('',(#3985,#3986,#3987,#3988,#3989));
#744=EDGE_LOOP('',(#3990,#3991,#3992,#3993));
#745=EDGE_LOOP('',(#3994,#3995,#3996,#3997));
#746=EDGE_LOOP('',(#3998,#3999,#4000,#4001));
#747=EDGE_LOOP('',(#4002,#4003,#4004,#4005));
#748=EDGE_LOOP('',(#4006,#4007,#4008,#4009));
#749=EDGE_LOOP('',(#4010,#4011,#4012,#4013));
#750=EDGE_LOOP('',(#4014,#4015,#4016,#4017));
#751=EDGE_LOOP('',(#4018,#4019,#4020,#4021));
#752=EDGE_LOOP('',(#4022,#4023,#4024,#4025,#4026,#4027,#4028,#4029));
#753=EDGE_LOOP('',(#4030,#4031,#4032,#4033,#4034,#4035,#4036,#4037));
#754=EDGE_LOOP('',(#4038,#4039,#4040,#4041));
#755=EDGE_LOOP('',(#4042,#4043,#4044,#4045));
#756=EDGE_LOOP('',(#4046,#4047,#4048,#4049));
#757=EDGE_LOOP('',(#4050,#4051,#4052,#4053));
#758=EDGE_LOOP('',(#4054,#4055,#4056,#4057));
#759=EDGE_LOOP('',(#4058,#4059,#4060,#4061));
#760=EDGE_LOOP('',(#4062,#4063,#4064,#4065));
#761=EDGE_LOOP('',(#4066,#4067,#4068,#4069));
#762=EDGE_LOOP('',(#4070,#4071,#4072,#4073));
#763=EDGE_LOOP('',(#4074,#4075,#4076,#4077));
#764=EDGE_LOOP('',(#4078,#4079,#4080,#4081));
#765=EDGE_LOOP('',(#4082,#4083,#4084,#4085));
#766=EDGE_LOOP('',(#4086,#4087,#4088,#4089));
#767=EDGE_LOOP('',(#4090,#4091,#4092,#4093));
#768=EDGE_LOOP('',(#4094,#4095,#4096,#4097,#4098,#4099,#4100,#4101,#4102,
#4103,#4104,#4105,#4106,#4107,#4108,#4109,#4110,#4111,#4112,#4113,#4114,
#4115,#4116,#4117,#4118,#4119,#4120,#4121,#4122,#4123,#4124,#4125,#4126,
#4127));
#769=EDGE_LOOP('',(#4128,#4129,#4130,#4131,#4132,#4133,#4134,#4135,#4136,
#4137));
#770=EDGE_LOOP('',(#4138,#4139,#4140,#4141,#4142,#4143,#4144,#4145,#4146,
#4147));
#771=EDGE_LOOP('',(#4148,#4149,#4150,#4151,#4152,#4153));
#772=EDGE_LOOP('',(#4154,#4155,#4156,#4157,#4158,#4159));
#773=EDGE_LOOP('',(#4160,#4161,#4162,#4163,#4164));
#774=EDGE_LOOP('',(#4165,#4166,#4167,#4168,#4169));
#775=EDGE_LOOP('',(#4170,#4171,#4172,#4173,#4174));
#776=EDGE_LOOP('',(#4175,#4176,#4177,#4178,#4179));
#777=EDGE_LOOP('',(#4180,#4181,#4182,#4183));
#778=EDGE_LOOP('',(#4184,#4185,#4186,#4187));
#779=EDGE_LOOP('',(#4188,#4189,#4190,#4191));
#780=EDGE_LOOP('',(#4192,#4193,#4194,#4195));
#781=EDGE_LOOP('',(#4196,#4197,#4198,#4199));
#782=EDGE_LOOP('',(#4200,#4201,#4202,#4203));
#783=EDGE_LOOP('',(#4204,#4205,#4206,#4207));
#784=EDGE_LOOP('',(#4208,#4209,#4210,#4211));
#785=EDGE_LOOP('',(#4212,#4213,#4214,#4215));
#786=EDGE_LOOP('',(#4216,#4217,#4218,#4219));
#787=EDGE_LOOP('',(#4220,#4221,#4222,#4223));
#788=EDGE_LOOP('',(#4224,#4225,#4226,#4227));
#789=EDGE_LOOP('',(#4228,#4229,#4230,#4231));
#790=EDGE_LOOP('',(#4232,#4233,#4234,#4235));
#791=EDGE_LOOP('',(#4236,#4237,#4238,#4239));
#792=EDGE_LOOP('',(#4240,#4241,#4242,#4243));
#793=EDGE_LOOP('',(#4244,#4245,#4246,#4247,#4248,#4249,#4250,#4251));
#794=EDGE_LOOP('',(#4252,#4253,#4254,#4255,#4256,#4257,#4258,#4259));
#795=EDGE_LOOP('',(#4260,#4261,#4262,#4263,#4264,#4265,#4266,#4267,#4268,
#4269,#4270,#4271));
#796=EDGE_LOOP('',(#4272,#4273,#4274,#4275,#4276,#4277,#4278,#4279,#4280,
#4281,#4282,#4283,#4284,#4285));
#797=EDGE_LOOP('',(#4286,#4287,#4288,#4289,#4290,#4291,#4292,#4293));
#798=EDGE_LOOP('',(#4294,#4295,#4296,#4297,#4298,#4299,#4300,#4301));
#799=EDGE_LOOP('',(#4302,#4303,#4304,#4305,#4306,#4307,#4308,#4309,#4310,
#4311,#4312,#4313,#4314,#4315,#4316,#4317,#4318,#4319,#4320,#4321,#4322,
#4323,#4324,#4325,#4326,#4327,#4328,#4329,#4330,#4331,#4332,#4333,#4334,
#4335));
#800=EDGE_LOOP('',(#4336,#4337,#4338,#4339));
#801=EDGE_LOOP('',(#4340,#4341,#4342,#4343,#4344,#4345,#4346,#4347));
#802=EDGE_LOOP('',(#4348,#4349,#4350,#4351,#4352,#4353,#4354,#4355));
#803=EDGE_LOOP('',(#4356,#4357,#4358,#4359,#4360,#4361,#4362,#4363,#4364,
#4365,#4366,#4367));
#804=EDGE_LOOP('',(#4368,#4369,#4370,#4371,#4372,#4373,#4374,#4375,#4376,
#4377,#4378,#4379));
#805=EDGE_LOOP('',(#4380,#4381,#4382,#4383));
#806=EDGE_LOOP('',(#4384,#4385,#4386,#4387));
#807=EDGE_LOOP('',(#4388,#4389,#4390,#4391));
#808=EDGE_LOOP('',(#4392,#4393,#4394,#4395));
#809=EDGE_LOOP('',(#4396,#4397,#4398,#4399));
#810=EDGE_LOOP('',(#4400,#4401,#4402,#4403));
#811=EDGE_LOOP('',(#4404,#4405,#4406));
#812=EDGE_LOOP('',(#4407,#4408,#4409));
#813=EDGE_LOOP('',(#4410,#4411,#4412,#4413));
#814=EDGE_LOOP('',(#4414,#4415,#4416));
#815=EDGE_LOOP('',(#4417,#4418,#4419));
#816=EDGE_LOOP('',(#4420,#4421,#4422,#4423));
#817=EDGE_LOOP('',(#4424,#4425,#4426));
#818=EDGE_LOOP('',(#4427,#4428,#4429));
#819=EDGE_LOOP('',(#4430,#4431,#4432,#4433));
#820=EDGE_LOOP('',(#4434,#4435,#4436,#4437));
#821=EDGE_LOOP('',(#4438,#4439,#4440));
#822=EDGE_LOOP('',(#4441,#4442,#4443));
#823=EDGE_LOOP('',(#4444,#4445,#4446,#4447));
#824=EDGE_LOOP('',(#4448,#4449,#4450,#4451));
#825=EDGE_LOOP('',(#4452,#4453,#4454,#4455));
#826=EDGE_LOOP('',(#4456,#4457,#4458,#4459));
#827=EDGE_LOOP('',(#4460,#4461,#4462,#4463,#4464,#4465,#4466,#4467));
#828=EDGE_LOOP('',(#4468,#4469,#4470,#4471));
#829=EDGE_LOOP('',(#4472,#4473,#4474,#4475));
#830=EDGE_LOOP('',(#4476,#4477,#4478,#4479));
#831=EDGE_LOOP('',(#4480,#4481,#4482,#4483));
#832=EDGE_LOOP('',(#4484,#4485,#4486,#4487));
#833=EDGE_LOOP('',(#4488,#4489,#4490,#4491,#4492));
#834=EDGE_LOOP('',(#4493,#4494,#4495,#4496));
#835=EDGE_LOOP('',(#4497,#4498,#4499,#4500,#4501));
#836=EDGE_LOOP('',(#4502,#4503,#4504,#4505));
#837=EDGE_LOOP('',(#4506,#4507,#4508,#4509));
#838=EDGE_LOOP('',(#4510,#4511,#4512,#4513,#4514));
#839=EDGE_LOOP('',(#4515,#4516,#4517,#4518));
#840=EDGE_LOOP('',(#4519,#4520,#4521,#4522,#4523));
#841=EDGE_LOOP('',(#4524,#4525,#4526,#4527));
#842=EDGE_LOOP('',(#4528,#4529,#4530,#4531));
#843=EDGE_LOOP('',(#4532,#4533,#4534,#4535));
#844=EDGE_LOOP('',(#4536,#4537,#4538,#4539));
#845=EDGE_LOOP('',(#4540,#4541,#4542,#4543));
#846=EDGE_LOOP('',(#4544,#4545,#4546,#4547));
#847=EDGE_LOOP('',(#4548,#4549,#4550,#4551));
#848=EDGE_LOOP('',(#4552,#4553,#4554,#4555));
#849=EDGE_LOOP('',(#4556,#4557,#4558,#4559));
#850=EDGE_LOOP('',(#4560,#4561,#4562,#4563));
#851=EDGE_LOOP('',(#4564,#4565,#4566,#4567));
#852=EDGE_LOOP('',(#4568,#4569,#4570,#4571,#4572,#4573,#4574,#4575));
#853=EDGE_LOOP('',(#4576,#4577,#4578,#4579,#4580,#4581,#4582,#4583));
#854=EDGE_LOOP('',(#4584,#4585,#4586,#4587));
#855=EDGE_LOOP('',(#4588,#4589,#4590,#4591));
#856=EDGE_LOOP('',(#4592,#4593,#4594,#4595));
#857=EDGE_LOOP('',(#4596,#4597,#4598,#4599));
#858=EDGE_LOOP('',(#4600,#4601,#4602,#4603));
#859=EDGE_LOOP('',(#4604,#4605,#4606,#4607));
#860=EDGE_LOOP('',(#4608,#4609,#4610,#4611,#4612,#4613,#4614,#4615));
#861=EDGE_LOOP('',(#4616,#4617,#4618,#4619,#4620,#4621,#4622,#4623));
#862=EDGE_LOOP('',(#4624,#4625,#4626,#4627));
#863=EDGE_LOOP('',(#4628,#4629,#4630,#4631));
#864=EDGE_LOOP('',(#4632,#4633,#4634,#4635,#4636,#4637,#4638,#4639));
#865=EDGE_LOOP('',(#4640,#4641,#4642,#4643,#4644,#4645,#4646,#4647));
#866=EDGE_LOOP('',(#4648,#4649,#4650,#4651,#4652,#4653,#4654,#4655));
#867=EDGE_LOOP('',(#4656,#4657,#4658,#4659,#4660,#4661,#4662,#4663));
#868=EDGE_LOOP('',(#4664,#4665,#4666,#4667));
#869=EDGE_LOOP('',(#4668,#4669,#4670,#4671,#4672,#4673));
#870=EDGE_LOOP('',(#4674,#4675,#4676,#4677,#4678,#4679));
#871=EDGE_LOOP('',(#4680,#4681,#4682,#4683));
#872=EDGE_LOOP('',(#4684,#4685,#4686,#4687,#4688,#4689));
#873=EDGE_LOOP('',(#4690,#4691,#4692,#4693,#4694,#4695));
#874=EDGE_LOOP('',(#4696,#4697,#4698,#4699));
#875=EDGE_LOOP('',(#4700,#4701,#4702,#4703));
#876=EDGE_LOOP('',(#4704,#4705,#4706,#4707));
#877=EDGE_LOOP('',(#4708,#4709,#4710,#4711));
#878=EDGE_LOOP('',(#4712,#4713,#4714,#4715,#4716,#4717,#4718,#4719));
#879=EDGE_LOOP('',(#4720,#4721,#4722,#4723,#4724,#4725,#4726,#4727));
#880=EDGE_LOOP('',(#4728,#4729,#4730,#4731,#4732,#4733,#4734,#4735));
#881=EDGE_LOOP('',(#4736,#4737,#4738,#4739,#4740,#4741,#4742,#4743));
#882=EDGE_LOOP('',(#4744,#4745,#4746,#4747,#4748,#4749,#4750,#4751));
#883=EDGE_LOOP('',(#4752,#4753,#4754,#4755,#4756,#4757,#4758,#4759));
#884=EDGE_LOOP('',(#4760,#4761,#4762,#4763));
#885=EDGE_LOOP('',(#4764,#4765,#4766,#4767,#4768,#4769));
#886=EDGE_LOOP('',(#4770,#4771,#4772,#4773,#4774,#4775));
#887=EDGE_LOOP('',(#4776,#4777,#4778,#4779));
#888=EDGE_LOOP('',(#4780,#4781,#4782,#4783,#4784,#4785));
#889=EDGE_LOOP('',(#4786,#4787,#4788,#4789,#4790,#4791));
#890=EDGE_LOOP('',(#4792,#4793,#4794,#4795));
#891=EDGE_LOOP('',(#4796,#4797,#4798,#4799));
#892=EDGE_LOOP('',(#4800,#4801,#4802,#4803));
#893=EDGE_LOOP('',(#4804,#4805,#4806,#4807));
#894=EDGE_LOOP('',(#4808,#4809,#4810,#4811));
#895=EDGE_LOOP('',(#4812,#4813,#4814,#4815));
#896=EDGE_LOOP('',(#4816,#4817,#4818,#4819));
#897=EDGE_LOOP('',(#4820,#4821,#4822,#4823));
#898=EDGE_LOOP('',(#4824,#4825,#4826,#4827));
#899=EDGE_LOOP('',(#4828,#4829,#4830,#4831));
#900=EDGE_LOOP('',(#4832,#4833,#4834,#4835));
#901=EDGE_LOOP('',(#4836,#4837,#4838,#4839));
#902=EDGE_LOOP('',(#4840,#4841,#4842,#4843,#4844,#4845));
#903=EDGE_LOOP('',(#4846,#4847,#4848,#4849));
#904=EDGE_LOOP('',(#4850,#4851,#4852,#4853,#4854,#4855));
#905=EDGE_LOOP('',(#4856,#4857,#4858,#4859));
#906=EDGE_LOOP('',(#4860,#4861,#4862,#4863));
#907=EDGE_LOOP('',(#4864));
#908=EDGE_LOOP('',(#4865,#4866,#4867,#4868,#4869,#4870));
#909=EDGE_LOOP('',(#4871,#4872,#4873,#4874));
#910=EDGE_LOOP('',(#4875,#4876,#4877,#4878,#4879,#4880));
#911=EDGE_LOOP('',(#4881,#4882,#4883,#4884));
#912=EDGE_LOOP('',(#4885,#4886,#4887,#4888));
#913=EDGE_LOOP('',(#4889));
#914=EDGE_LOOP('',(#4890,#4891,#4892,#4893));
#915=EDGE_LOOP('',(#4894,#4895,#4896,#4897));
#916=EDGE_LOOP('',(#4898,#4899,#4900,#4901,#4902,#4903,#4904,#4905,#4906,
#4907,#4908,#4909,#4910,#4911,#4912,#4913,#4914,#4915,#4916,#4917,#4918,
#4919,#4920,#4921));
#917=EDGE_LOOP('',(#4922,#4923,#4924,#4925));
#918=EDGE_LOOP('',(#4926,#4927,#4928,#4929,#4930,#4931,#4932,#4933,#4934,
#4935,#4936,#4937,#4938,#4939,#4940,#4941,#4942,#4943));
#919=EDGE_LOOP('',(#4944,#4945,#4946,#4947,#4948,#4949,#4950,#4951));
#920=EDGE_LOOP('',(#4952,#4953,#4954,#4955,#4956,#4957,#4958,#4959,#4960,
#4961,#4962,#4963,#4964,#4965));
#921=EDGE_LOOP('',(#4966,#4967,#4968,#4969,#4970,#4971,#4972,#4973,#4974,
#4975,#4976,#4977,#4978,#4979));
#922=EDGE_LOOP('',(#4980,#4981,#4982,#4983,#4984,#4985,#4986,#4987));
#923=EDGE_LOOP('',(#4988));
#924=EDGE_LOOP('',(#4989,#4990,#4991,#4992));
#925=EDGE_LOOP('',(#4993,#4994,#4995,#4996,#4997,#4998,#4999,#5000));
#926=EDGE_LOOP('',(#5001,#5002,#5003,#5004,#5005,#5006,#5007,#5008));
#927=EDGE_LOOP('',(#5009,#5010,#5011,#5012));
#928=EDGE_LOOP('',(#5013,#5014,#5015,#5016));
#929=EDGE_LOOP('',(#5017,#5018,#5019,#5020));
#930=EDGE_LOOP('',(#5021,#5022,#5023,#5024));
#931=EDGE_LOOP('',(#5025,#5026,#5027,#5028,#5029,#5030,#5031,#5032));
#932=EDGE_LOOP('',(#5033));
#933=EDGE_LOOP('',(#5034,#5035,#5036,#5037,#5038,#5039,#5040,#5041));
#934=EDGE_LOOP('',(#5042,#5043,#5044,#5045));
#935=EDGE_LOOP('',(#5046,#5047,#5048,#5049));
#936=EDGE_LOOP('',(#5050,#5051,#5052,#5053));
#937=EDGE_LOOP('',(#5054,#5055,#5056,#5057));
#938=EDGE_LOOP('',(#5058,#5059,#5060,#5061));
#939=EDGE_LOOP('',(#5062,#5063,#5064,#5065));
#940=EDGE_LOOP('',(#5066,#5067,#5068,#5069));
#941=EDGE_LOOP('',(#5070,#5071,#5072,#5073));
#942=EDGE_LOOP('',(#5074,#5075,#5076,#5077));
#943=EDGE_LOOP('',(#5078,#5079,#5080,#5081));
#944=EDGE_LOOP('',(#5082,#5083,#5084,#5085));
#945=EDGE_LOOP('',(#5086,#5087,#5088,#5089));
#946=EDGE_LOOP('',(#5090,#5091,#5092,#5093));
#947=EDGE_LOOP('',(#5094,#5095,#5096,#5097));
#948=EDGE_LOOP('',(#5098,#5099,#5100,#5101,#5102,#5103));
#949=EDGE_LOOP('',(#5104,#5105,#5106,#5107,#5108));
#950=EDGE_LOOP('',(#5109,#5110,#5111,#5112));
#951=EDGE_LOOP('',(#5113,#5114,#5115,#5116));
#952=EDGE_LOOP('',(#5117,#5118,#5119,#5120));
#953=EDGE_LOOP('',(#5121,#5122,#5123,#5124));
#954=EDGE_LOOP('',(#5125,#5126,#5127,#5128,#5129,#5130));
#955=EDGE_LOOP('',(#5131,#5132,#5133,#5134));
#956=EDGE_LOOP('',(#5135,#5136,#5137,#5138));
#957=EDGE_LOOP('',(#5139,#5140,#5141,#5142));
#958=EDGE_LOOP('',(#5143,#5144,#5145,#5146));
#959=EDGE_LOOP('',(#5147,#5148,#5149,#5150,#5151));
#960=EDGE_LOOP('',(#5152,#5153,#5154,#5155));
#961=EDGE_LOOP('',(#5156,#5157));
#962=EDGE_LOOP('',(#5158,#5159));
#963=EDGE_LOOP('',(#5160,#5161,#5162,#5163));
#964=EDGE_LOOP('',(#5164,#5165,#5166,#5167));
#965=EDGE_LOOP('',(#5168,#5169,#5170,#5171));
#966=EDGE_LOOP('',(#5172,#5173,#5174,#5175));
#967=EDGE_LOOP('',(#5176));
#968=EDGE_LOOP('',(#5177));
#969=EDGE_LOOP('',(#5178,#5179,#5180,#5181));
#970=EDGE_LOOP('',(#5182,#5183,#5184,#5185));
#971=EDGE_LOOP('',(#5186,#5187,#5188,#5189));
#972=EDGE_LOOP('',(#5190));
#973=EDGE_LOOP('',(#5191));
#974=EDGE_LOOP('',(#5192,#5193,#5194,#5195));
#975=EDGE_LOOP('',(#5196,#5197,#5198,#5199));
#976=EDGE_LOOP('',(#5200,#5201,#5202,#5203));
#977=EDGE_LOOP('',(#5204,#5205,#5206,#5207));
#978=EDGE_LOOP('',(#5208,#5209,#5210,#5211));
#979=EDGE_LOOP('',(#5212));
#980=EDGE_LOOP('',(#5213));
#981=EDGE_LOOP('',(#5214,#5215,#5216,#5217));
#982=EDGE_LOOP('',(#5218,#5219,#5220,#5221));
#983=EDGE_LOOP('',(#5222,#5223,#5224,#5225));
#984=EDGE_LOOP('',(#5226));
#985=EDGE_LOOP('',(#5227));
#986=EDGE_LOOP('',(#5228,#5229,#5230,#5231));
#987=EDGE_LOOP('',(#5232,#5233,#5234,#5235));
#988=EDGE_LOOP('',(#5236,#5237,#5238,#5239));
#989=EDGE_LOOP('',(#5240,#5241,#5242,#5243));
#990=EDGE_LOOP('',(#5244,#5245,#5246,#5247));
#991=EDGE_LOOP('',(#5248));
#992=EDGE_LOOP('',(#5249));
#993=EDGE_LOOP('',(#5250));
#994=EDGE_LOOP('',(#5251));
#995=EDGE_LOOP('',(#5252,#5253,#5254,#5255));
#996=EDGE_LOOP('',(#5256,#5257,#5258,#5259,#5260,#5261));
#997=EDGE_LOOP('',(#5262,#5263,#5264,#5265));
#998=EDGE_LOOP('',(#5266,#5267,#5268,#5269,#5270,#5271));
#999=EDGE_LOOP('',(#5272,#5273,#5274,#5275));
#1000=EDGE_LOOP('',(#5276,#5277,#5278,#5279,#5280,#5281));
#1001=EDGE_LOOP('',(#5282,#5283,#5284,#5285,#5286,#5287,#5288,#5289));
#1002=EDGE_LOOP('',(#5290,#5291,#5292,#5293,#5294,#5295,#5296,#5297,#5298,
#5299,#5300,#5301,#5302,#5303,#5304,#5305,#5306,#5307,#5308,#5309));
#1003=EDGE_LOOP('',(#5310,#5311,#5312,#5313,#5314,#5315,#5316,#5317));
#1004=EDGE_LOOP('',(#5318,#5319,#5320,#5321,#5322,#5323));
#1005=EDGE_LOOP('',(#5324,#5325,#5326,#5327));
#1006=EDGE_LOOP('',(#5328,#5329,#5330,#5331,#5332,#5333));
#1007=EDGE_LOOP('',(#5334,#5335,#5336,#5337));
#1008=EDGE_LOOP('',(#5338,#5339,#5340,#5341,#5342,#5343));
#1009=EDGE_LOOP('',(#5344,#5345,#5346,#5347));
#1010=EDGE_LOOP('',(#5348,#5349,#5350,#5351,#5352,#5353,#5354,#5355));
#1011=EDGE_LOOP('',(#5356,#5357,#5358,#5359,#5360,#5361,#5362,#5363,#5364,
#5365,#5366,#5367,#5368,#5369,#5370,#5371,#5372,#5373,#5374,#5375));
#1012=EDGE_LOOP('',(#5376,#5377,#5378,#5379,#5380,#5381,#5382,#5383));
#1013=EDGE_LOOP('',(#5384,#5385,#5386,#5387));
#1014=EDGE_LOOP('',(#5388,#5389,#5390,#5391,#5392,#5393));
#1015=EDGE_LOOP('',(#5394,#5395,#5396,#5397,#5398,#5399));
#1016=EDGE_LOOP('',(#5400,#5401,#5402,#5403,#5404,#5405));
#1017=EDGE_LOOP('',(#5406,#5407,#5408,#5409));
#1018=EDGE_LOOP('',(#5410,#5411,#5412,#5413,#5414,#5415));
#1019=EDGE_LOOP('',(#5416,#5417,#5418,#5419,#5420,#5421,#5422,#5423));
#1020=EDGE_LOOP('',(#5424,#5425,#5426,#5427,#5428,#5429,#5430,#5431));
#1021=EDGE_LOOP('',(#5432,#5433,#5434,#5435));
#1022=EDGE_LOOP('',(#5436,#5437,#5438,#5439,#5440,#5441));
#1023=EDGE_LOOP('',(#5442,#5443,#5444,#5445));
#1024=EDGE_LOOP('',(#5446,#5447,#5448,#5449,#5450,#5451));
#1025=EDGE_LOOP('',(#5452,#5453,#5454,#5455));
#1026=EDGE_LOOP('',(#5456,#5457,#5458,#5459,#5460,#5461));
#1027=EDGE_LOOP('',(#5462,#5463,#5464,#5465,#5466,#5467,#5468,#5469));
#1028=EDGE_LOOP('',(#5470,#5471,#5472,#5473));
#1029=EDGE_LOOP('',(#5474));
#1030=EDGE_LOOP('',(#5475));
#1031=EDGE_LOOP('',(#5476,#5477,#5478,#5479,#5480,#5481,#5482,#5483));
#1032=EDGE_LOOP('',(#5484,#5485,#5486,#5487));
#1033=EDGE_LOOP('',(#5488,#5489,#5490,#5491));
#1034=EDGE_LOOP('',(#5492));
#1035=EDGE_LOOP('',(#5493));
#1036=LINE('',#7783,#1690);
#1037=LINE('',#7789,#1691);
#1038=LINE('',#7796,#1692);
#1039=LINE('',#7799,#1693);
#1040=LINE('',#7805,#1694);
#1041=LINE('',#7808,#1695);
#1042=LINE('',#7812,#1696);
#1043=LINE('',#7814,#1697);
#1044=LINE('',#7816,#1698);
#1045=LINE('',#7817,#1699);
#1046=LINE('',#7821,#1700);
#1047=LINE('',#7823,#1701);
#1048=LINE('',#7825,#1702);
#1049=LINE('',#7826,#1703);
#1050=LINE('',#7830,#1704);
#1051=LINE('',#7832,#1705);
#1052=LINE('',#7834,#1706);
#1053=LINE('',#7836,#1707);
#1054=LINE('',#7838,#1708);
#1055=LINE('',#7840,#1709);
#1056=LINE('',#7842,#1710);
#1057=LINE('',#7844,#1711);
#1058=LINE('',#7846,#1712);
#1059=LINE('',#7848,#1713);
#1060=LINE('',#7850,#1714);
#1061=LINE('',#7852,#1715);
#1062=LINE('',#7854,#1716);
#1063=LINE('',#7856,#1717);
#1064=LINE('',#7858,#1718);
#1065=LINE('',#7860,#1719);
#1066=LINE('',#7862,#1720);
#1067=LINE('',#7864,#1721);
#1068=LINE('',#7866,#1722);
#1069=LINE('',#7868,#1723);
#1070=LINE('',#7870,#1724);
#1071=LINE('',#7872,#1725);
#1072=LINE('',#7874,#1726);
#1073=LINE('',#7876,#1727);
#1074=LINE('',#7878,#1728);
#1075=LINE('',#7880,#1729);
#1076=LINE('',#7882,#1730);
#1077=LINE('',#7883,#1731);
#1078=LINE('',#7886,#1732);
#1079=LINE('',#7888,#1733);
#1080=LINE('',#7890,#1734);
#1081=LINE('',#7891,#1735);
#1082=LINE('',#7894,#1736);
#1083=LINE('',#7896,#1737);
#1084=LINE('',#7898,#1738);
#1085=LINE('',#7899,#1739);
#1086=LINE('',#7902,#1740);
#1087=LINE('',#7904,#1741);
#1088=LINE('',#7905,#1742);
#1089=LINE('',#7907,#1743);
#1090=LINE('',#7909,#1744);
#1091=LINE('',#7911,#1745);
#1092=LINE('',#7913,#1746);
#1093=LINE('',#7915,#1747);
#1094=LINE('',#7917,#1748);
#1095=LINE('',#7919,#1749);
#1096=LINE('',#7921,#1750);
#1097=LINE('',#7922,#1751);
#1098=LINE('',#7926,#1752);
#1099=LINE('',#7928,#1753);
#1100=LINE('',#7930,#1754);
#1101=LINE('',#7932,#1755);
#1102=LINE('',#7934,#1756);
#1103=LINE('',#7935,#1757);
#1104=LINE('',#7939,#1758);
#1105=LINE('',#7941,#1759);
#1106=LINE('',#7943,#1760);
#1107=LINE('',#7945,#1761);
#1108=LINE('',#7947,#1762);
#1109=LINE('',#7949,#1763);
#1110=LINE('',#7951,#1764);
#1111=LINE('',#7952,#1765);
#1112=LINE('',#7956,#1766);
#1113=LINE('',#7958,#1767);
#1114=LINE('',#7960,#1768);
#1115=LINE('',#7962,#1769);
#1116=LINE('',#7964,#1770);
#1117=LINE('',#7965,#1771);
#1118=LINE('',#7968,#1772);
#1119=LINE('',#7970,#1773);
#1120=LINE('',#7971,#1774);
#1121=LINE('',#7973,#1775);
#1122=LINE('',#7975,#1776);
#1123=LINE('',#7977,#1777);
#1124=LINE('',#7978,#1778);
#1125=LINE('',#7981,#1779);
#1126=LINE('',#7983,#1780);
#1127=LINE('',#7985,#1781);
#1128=LINE('',#7987,#1782);
#1129=LINE('',#7989,#1783);
#1130=LINE('',#7990,#1784);
#1131=LINE('',#7992,#1785);
#1132=LINE('',#7994,#1786);
#1133=LINE('',#7996,#1787);
#1134=LINE('',#7997,#1788);
#1135=LINE('',#8000,#1789);
#1136=LINE('',#8002,#1790);
#1137=LINE('',#8004,#1791);
#1138=LINE('',#8005,#1792);
#1139=LINE('',#8007,#1793);
#1140=LINE('',#8009,#1794);
#1141=LINE('',#8011,#1795);
#1142=LINE('',#8012,#1796);
#1143=LINE('',#8016,#1797);
#1144=LINE('',#8017,#1798);
#1145=LINE('',#8019,#1799);
#1146=LINE('',#8020,#1800);
#1147=LINE('',#8023,#1801);
#1148=LINE('',#8025,#1802);
#1149=LINE('',#8027,#1803);
#1150=LINE('',#8028,#1804);
#1151=LINE('',#8031,#1805);
#1152=LINE('',#8033,#1806);
#1153=LINE('',#8035,#1807);
#1154=LINE('',#8036,#1808);
#1155=LINE('',#8040,#1809);
#1156=LINE('',#8041,#1810);
#1157=LINE('',#8043,#1811);
#1158=LINE('',#8044,#1812);
#1159=LINE('',#8047,#1813);
#1160=LINE('',#8049,#1814);
#1161=LINE('',#8051,#1815);
#1162=LINE('',#8052,#1816);
#1163=LINE('',#8056,#1817);
#1164=LINE('',#8057,#1818);
#1165=LINE('',#8059,#1819);
#1166=LINE('',#8060,#1820);
#1167=LINE('',#8064,#1821);
#1168=LINE('',#8065,#1822);
#1169=LINE('',#8067,#1823);
#1170=LINE('',#8068,#1824);
#1171=LINE('',#8071,#1825);
#1172=LINE('',#8073,#1826);
#1173=LINE('',#8075,#1827);
#1174=LINE('',#8076,#1828);
#1175=LINE('',#8080,#1829);
#1176=LINE('',#8081,#1830);
#1177=LINE('',#8082,#1831);
#1178=LINE('',#8085,#1832);
#1179=LINE('',#8087,#1833);
#1180=LINE('',#8088,#1834);
#1181=LINE('',#8090,#1835);
#1182=LINE('',#8091,#1836);
#1183=LINE('',#8093,#1837);
#1184=LINE('',#8094,#1838);
#1185=LINE('',#8097,#1839);
#1186=LINE('',#8099,#1840);
#1187=LINE('',#8100,#1841);
#1188=LINE('',#8103,#1842);
#1189=LINE('',#8105,#1843);
#1190=LINE('',#8106,#1844);
#1191=LINE('',#8108,#1845);
#1192=LINE('',#8109,#1846);
#1193=LINE('',#8111,#1847);
#1194=LINE('',#8112,#1848);
#1195=LINE('',#8115,#1849);
#1196=LINE('',#8117,#1850);
#1197=LINE('',#8118,#1851);
#1198=LINE('',#8120,#1852);
#1199=LINE('',#8122,#1853);
#1200=LINE('',#8123,#1854);
#1201=LINE('',#8127,#1855);
#1202=LINE('',#8128,#1856);
#1203=LINE('',#8130,#1857);
#1204=LINE('',#8132,#1858);
#1205=LINE('',#8133,#1859);
#1206=LINE('',#8134,#1860);
#1207=LINE('',#8136,#1861);
#1208=LINE('',#8137,#1862);
#1209=LINE('',#8139,#1863);
#1210=LINE('',#8140,#1864);
#1211=LINE('',#8142,#1865);
#1212=LINE('',#8143,#1866);
#1213=LINE('',#8145,#1867);
#1214=LINE('',#8146,#1868);
#1215=LINE('',#8150,#1869);
#1216=LINE('',#8152,#1870);
#1217=LINE('',#8154,#1871);
#1218=LINE('',#8155,#1872);
#1219=LINE('',#8158,#1873);
#1220=LINE('',#8160,#1874);
#1221=LINE('',#8161,#1875);
#1222=LINE('',#8165,#1876);
#1223=LINE('',#8167,#1877);
#1224=LINE('',#8169,#1878);
#1225=LINE('',#8170,#1879);
#1226=LINE('',#8173,#1880);
#1227=LINE('',#8175,#1881);
#1228=LINE('',#8176,#1882);
#1229=LINE('',#8178,#1883);
#1230=LINE('',#8179,#1884);
#1231=LINE('',#8183,#1885);
#1232=LINE('',#8185,#1886);
#1233=LINE('',#8187,#1887);
#1234=LINE('',#8188,#1888);
#1235=LINE('',#8191,#1889);
#1236=LINE('',#8193,#1890);
#1237=LINE('',#8194,#1891);
#1238=LINE('',#8198,#1892);
#1239=LINE('',#8200,#1893);
#1240=LINE('',#8202,#1894);
#1241=LINE('',#8203,#1895);
#1242=LINE('',#8206,#1896);
#1243=LINE('',#8208,#1897);
#1244=LINE('',#8209,#1898);
#1245=LINE('',#8211,#1899);
#1246=LINE('',#8212,#1900);
#1247=LINE('',#8214,#1901);
#1248=LINE('',#8215,#1902);
#1249=LINE('',#8216,#1903);
#1250=LINE('',#8218,#1904);
#1251=LINE('',#8220,#1905);
#1252=LINE('',#8222,#1906);
#1253=LINE('',#8226,#1907);
#1254=LINE('',#8228,#1908);
#1255=LINE('',#8230,#1909);
#1256=LINE('',#8234,#1910);
#1257=LINE('',#8238,#1911);
#1258=LINE('',#8240,#1912);
#1259=LINE('',#8242,#1913);
#1260=LINE('',#8245,#1914);
#1261=LINE('',#8247,#1915);
#1262=LINE('',#8248,#1916);
#1263=LINE('',#8249,#1917);
#1264=LINE('',#8253,#1918);
#1265=LINE('',#8255,#1919);
#1266=LINE('',#8257,#1920);
#1267=LINE('',#8259,#1921);
#1268=LINE('',#8261,#1922);
#1269=LINE('',#8262,#1923);
#1270=LINE('',#8264,#1924);
#1271=LINE('',#8265,#1925);
#1272=LINE('',#8268,#1926);
#1273=LINE('',#8270,#1927);
#1274=LINE('',#8272,#1928);
#1275=LINE('',#8274,#1929);
#1276=LINE('',#8276,#1930);
#1277=LINE('',#8278,#1931);
#1278=LINE('',#8280,#1932);
#1279=LINE('',#8282,#1933);
#1280=LINE('',#8283,#1934);
#1281=LINE('',#8286,#1935);
#1282=LINE('',#8288,#1936);
#1283=LINE('',#8290,#1937);
#1284=LINE('',#8292,#1938);
#1285=LINE('',#8293,#1939);
#1286=LINE('',#8296,#1940);
#1287=LINE('',#8298,#1941);
#1288=LINE('',#8300,#1942);
#1289=LINE('',#8302,#1943);
#1290=LINE('',#8303,#1944);
#1291=LINE('',#8307,#1945);
#1292=LINE('',#8308,#1946);
#1293=LINE('',#8310,#1947);
#1294=LINE('',#8311,#1948);
#1295=LINE('',#8314,#1949);
#1296=LINE('',#8316,#1950);
#1297=LINE('',#8318,#1951);
#1298=LINE('',#8319,#1952);
#1299=LINE('',#8322,#1953);
#1300=LINE('',#8324,#1954);
#1301=LINE('',#8326,#1955);
#1302=LINE('',#8327,#1956);
#1303=LINE('',#8331,#1957);
#1304=LINE('',#8332,#1958);
#1305=LINE('',#8334,#1959);
#1306=LINE('',#8335,#1960);
#1307=LINE('',#8337,#1961);
#1308=LINE('',#8338,#1962);
#1309=LINE('',#8341,#1963);
#1310=LINE('',#8343,#1964);
#1311=LINE('',#8344,#1965);
#1312=LINE('',#8346,#1966);
#1313=LINE('',#8347,#1967);
#1314=LINE('',#8351,#1968);
#1315=LINE('',#8352,#1969);
#1316=LINE('',#8353,#1970);
#1317=LINE('',#8357,#1971);
#1318=LINE('',#8359,#1972);
#1319=LINE('',#8361,#1973);
#1320=LINE('',#8362,#1974);
#1321=LINE('',#8364,#1975);
#1322=LINE('',#8365,#1976);
#1323=LINE('',#8368,#1977);
#1324=LINE('',#8369,#1978);
#1325=LINE('',#8370,#1979);
#1326=LINE('',#8374,#1980);
#1327=LINE('',#8375,#1981);
#1328=LINE('',#8376,#1982);
#1329=LINE('',#8379,#1983);
#1330=LINE('',#8380,#1984);
#1331=LINE('',#8381,#1985);
#1332=LINE('',#8384,#1986);
#1333=LINE('',#8385,#1987);
#1334=LINE('',#8388,#1988);
#1335=LINE('',#8389,#1989);
#1336=LINE('',#8390,#1990);
#1337=LINE('',#8394,#1991);
#1338=LINE('',#8396,#1992);
#1339=LINE('',#8398,#1993);
#1340=LINE('',#8399,#1994);
#1341=LINE('',#8402,#1995);
#1342=LINE('',#8404,#1996);
#1343=LINE('',#8406,#1997);
#1344=LINE('',#8407,#1998);
#1345=LINE('',#8411,#1999);
#1346=LINE('',#8412,#2000);
#1347=LINE('',#8413,#2001);
#1348=LINE('',#8417,#2002);
#1349=LINE('',#8419,#2003);
#1350=LINE('',#8421,#2004);
#1351=LINE('',#8422,#2005);
#1352=LINE('',#8426,#2006);
#1353=LINE('',#8428,#2007);
#1354=LINE('',#8430,#2008);
#1355=LINE('',#8431,#2009);
#1356=LINE('',#8434,#2010);
#1357=LINE('',#8435,#2011);
#1358=LINE('',#8436,#2012);
#1359=LINE('',#8437,#2013);
#1360=LINE('',#8440,#2014);
#1361=LINE('',#8441,#2015);
#1362=LINE('',#8442,#2016);
#1363=LINE('',#8444,#2017);
#1364=LINE('',#8445,#2018);
#1365=LINE('',#8448,#2019);
#1366=LINE('',#8450,#2020);
#1367=LINE('',#8452,#2021);
#1368=LINE('',#8454,#2022);
#1369=LINE('',#8456,#2023);
#1370=LINE('',#8458,#2024);
#1371=LINE('',#8460,#2025);
#1372=LINE('',#8462,#2026);
#1373=LINE('',#8464,#2027);
#1374=LINE('',#8466,#2028);
#1375=LINE('',#8467,#2029);
#1376=LINE('',#8471,#2030);
#1377=LINE('',#8472,#2031);
#1378=LINE('',#8473,#2032);
#1379=LINE('',#8474,#2033);
#1380=LINE('',#8475,#2034);
#1381=LINE('',#8476,#2035);
#1382=LINE('',#8477,#2036);
#1383=LINE('',#8480,#2037);
#1384=LINE('',#8481,#2038);
#1385=LINE('',#8482,#2039);
#1386=LINE('',#8483,#2040);
#1387=LINE('',#8486,#2041);
#1388=LINE('',#8487,#2042);
#1389=LINE('',#8489,#2043);
#1390=LINE('',#8490,#2044);
#1391=LINE('',#8491,#2045);
#1392=LINE('',#8495,#2046);
#1393=LINE('',#8496,#2047);
#1394=LINE('',#8498,#2048);
#1395=LINE('',#8499,#2049);
#1396=LINE('',#8505,#2050);
#1397=LINE('',#8506,#2051);
#1398=LINE('',#8508,#2052);
#1399=LINE('',#8510,#2053);
#1400=LINE('',#8512,#2054);
#1401=LINE('',#8514,#2055);
#1402=LINE('',#8516,#2056);
#1403=LINE('',#8518,#2057);
#1404=LINE('',#8520,#2058);
#1405=LINE('',#8522,#2059);
#1406=LINE('',#8524,#2060);
#1407=LINE('',#8526,#2061);
#1408=LINE('',#8528,#2062);
#1409=LINE('',#8530,#2063);
#1410=LINE('',#8531,#2064);
#1411=LINE('',#8533,#2065);
#1412=LINE('',#8535,#2066);
#1413=LINE('',#8537,#2067);
#1414=LINE('',#8544,#2068);
#1415=LINE('',#8548,#2069);
#1416=LINE('',#8553,#2070);
#1417=LINE('',#8558,#2071);
#1418=LINE('',#8568,#2072);
#1419=LINE('',#8589,#2073);
#1420=LINE('',#8597,#2074);
#1421=LINE('',#8600,#2075);
#1422=LINE('',#8604,#2076);
#1423=LINE('',#8606,#2077);
#1424=LINE('',#8607,#2078);
#1425=LINE('',#8609,#2079);
#1426=LINE('',#8611,#2080);
#1427=LINE('',#8612,#2081);
#1428=LINE('',#8614,#2082);
#1429=LINE('',#8616,#2083);
#1430=LINE('',#8620,#2084);
#1431=LINE('',#8623,#2085);
#1432=LINE('',#8624,#2086);
#1433=LINE('',#8625,#2087);
#1434=LINE('',#8627,#2088);
#1435=LINE('',#8630,#2089);
#1436=LINE('',#8631,#2090);
#1437=LINE('',#8633,#2091);
#1438=LINE('',#8636,#2092);
#1439=LINE('',#8638,#2093);
#1440=LINE('',#8639,#2094);
#1441=LINE('',#8643,#2095);
#1442=LINE('',#8644,#2096);
#1443=LINE('',#8645,#2097);
#1444=LINE('',#8649,#2098);
#1445=LINE('',#8651,#2099);
#1446=LINE('',#8652,#2100);
#1447=LINE('',#8654,#2101);
#1448=LINE('',#8660,#2102);
#1449=LINE('',#8661,#2103);
#1450=LINE('',#8664,#2104);
#1451=LINE('',#8666,#2105);
#1452=LINE('',#8667,#2106);
#1453=LINE('',#8670,#2107);
#1454=LINE('',#8672,#2108);
#1455=LINE('',#8673,#2109);
#1456=LINE('',#8676,#2110);
#1457=LINE('',#8677,#2111);
#1458=LINE('',#8680,#2112);
#1459=LINE('',#8681,#2113);
#1460=LINE('',#8684,#2114);
#1461=LINE('',#8685,#2115);
#1462=LINE('',#8688,#2116);
#1463=LINE('',#8689,#2117);
#1464=LINE('',#8692,#2118);
#1465=LINE('',#8694,#2119);
#1466=LINE('',#8695,#2120);
#1467=LINE('',#8697,#2121);
#1468=LINE('',#8699,#2122);
#1469=LINE('',#8700,#2123);
#1470=LINE('',#8703,#2124);
#1471=LINE('',#8705,#2125);
#1472=LINE('',#8706,#2126);
#1473=LINE('',#8709,#2127);
#1474=LINE('',#8710,#2128);
#1475=LINE('',#8713,#2129);
#1476=LINE('',#8714,#2130);
#1477=LINE('',#8717,#2131);
#1478=LINE('',#8718,#2132);
#1479=LINE('',#8721,#2133);
#1480=LINE('',#8722,#2134);
#1481=LINE('',#8725,#2135);
#1482=LINE('',#8727,#2136);
#1483=LINE('',#8729,#2137);
#1484=LINE('',#8730,#2138);
#1485=LINE('',#8732,#2139);
#1486=LINE('',#8735,#2140);
#1487=LINE('',#8736,#2141);
#1488=LINE('',#8738,#2142);
#1489=LINE('',#8742,#2143);
#1490=LINE('',#8743,#2144);
#1491=LINE('',#8744,#2145);
#1492=LINE('',#8746,#2146);
#1493=LINE('',#8749,#2147);
#1494=LINE('',#8751,#2148);
#1495=LINE('',#8752,#2149);
#1496=LINE('',#8754,#2150);
#1497=LINE('',#8755,#2151);
#1498=LINE('',#8759,#2152);
#1499=LINE('',#8760,#2153);
#1500=LINE('',#8768,#2154);
#1501=LINE('',#8770,#2155);
#1502=LINE('',#8772,#2156);
#1503=LINE('',#8774,#2157);
#1504=LINE('',#8778,#2158);
#1505=LINE('',#8779,#2159);
#1506=LINE('',#8783,#2160);
#1507=LINE('',#8784,#2161);
#1508=LINE('',#8793,#2162);
#1509=LINE('',#8794,#2163);
#1510=LINE('',#8797,#2164);
#1511=LINE('',#8798,#2165);
#1512=LINE('',#8800,#2166);
#1513=LINE('',#8804,#2167);
#1514=LINE('',#8805,#2168);
#1515=LINE('',#8808,#2169);
#1516=LINE('',#8809,#2170);
#1517=LINE('',#8811,#2171);
#1518=LINE('',#8815,#2172);
#1519=LINE('',#8817,#2173);
#1520=LINE('',#8818,#2174);
#1521=LINE('',#8821,#2175);
#1522=LINE('',#8822,#2176);
#1523=LINE('',#8825,#2177);
#1524=LINE('',#8826,#2178);
#1525=LINE('',#8828,#2179);
#1526=LINE('',#8832,#2180);
#1527=LINE('',#8834,#2181);
#1528=LINE('',#8835,#2182);
#1529=LINE('',#8838,#2183);
#1530=LINE('',#8839,#2184);
#1531=LINE('',#8842,#2185);
#1532=LINE('',#8843,#2186);
#1533=LINE('',#8845,#2187);
#1534=LINE('',#8853,#2188);
#1535=LINE('',#8856,#2189);
#1536=LINE('',#8861,#2190);
#1537=LINE('',#8866,#2191);
#1538=LINE('',#8868,#2192);
#1539=LINE('',#8870,#2193);
#1540=LINE('',#8872,#2194);
#1541=LINE('',#8874,#2195);
#1542=LINE('',#8876,#2196);
#1543=LINE('',#8878,#2197);
#1544=LINE('',#8880,#2198);
#1545=LINE('',#8882,#2199);
#1546=LINE('',#8884,#2200);
#1547=LINE('',#8886,#2201);
#1548=LINE('',#8888,#2202);
#1549=LINE('',#8890,#2203);
#1550=LINE('',#8892,#2204);
#1551=LINE('',#8893,#2205);
#1552=LINE('',#8894,#2206);
#1553=LINE('',#8896,#2207);
#1554=LINE('',#8898,#2208);
#1555=LINE('',#8900,#2209);
#1556=LINE('',#8902,#2210);
#1557=LINE('',#8904,#2211);
#1558=LINE('',#8905,#2212);
#1559=LINE('',#8909,#2213);
#1560=LINE('',#8910,#2214);
#1561=LINE('',#8911,#2215);
#1562=LINE('',#8915,#2216);
#1563=LINE('',#8917,#2217);
#1564=LINE('',#8919,#2218);
#1565=LINE('',#8921,#2219);
#1566=LINE('',#8923,#2220);
#1567=LINE('',#8925,#2221);
#1568=LINE('',#8926,#2222);
#1569=LINE('',#8928,#2223);
#1570=LINE('',#8930,#2224);
#1571=LINE('',#8932,#2225);
#1572=LINE('',#8934,#2226);
#1573=LINE('',#8936,#2227);
#1574=LINE('',#8938,#2228);
#1575=LINE('',#8940,#2229);
#1576=LINE('',#8942,#2230);
#1577=LINE('',#8944,#2231);
#1578=LINE('',#8945,#2232);
#1579=LINE('',#8948,#2233);
#1580=LINE('',#8950,#2234);
#1581=LINE('',#8952,#2235);
#1582=LINE('',#8954,#2236);
#1583=LINE('',#8955,#2237);
#1584=LINE('',#8956,#2238);
#1585=LINE('',#8958,#2239);
#1586=LINE('',#8972,#2240);
#1587=LINE('',#8976,#2241);
#1588=LINE('',#8978,#2242);
#1589=LINE('',#8980,#2243);
#1590=LINE('',#8984,#2244);
#1591=LINE('',#8991,#2245);
#1592=LINE('',#8998,#2246);
#1593=LINE('',#9002,#2247);
#1594=LINE('',#9004,#2248);
#1595=LINE('',#9006,#2249);
#1596=LINE('',#9010,#2250);
#1597=LINE('',#9025,#2251);
#1598=LINE('',#9027,#2252);
#1599=LINE('',#9029,#2253);
#1600=LINE('',#9031,#2254);
#1601=LINE('',#9033,#2255);
#1602=LINE('',#9035,#2256);
#1603=LINE('',#9037,#2257);
#1604=LINE('',#9038,#2258);
#1605=LINE('',#9041,#2259);
#1606=LINE('',#9043,#2260);
#1607=LINE('',#9044,#2261);
#1608=LINE('',#9047,#2262);
#1609=LINE('',#9050,#2263);
#1610=LINE('',#9054,#2264);
#1611=LINE('',#9056,#2265);
#1612=LINE('',#9058,#2266);
#1613=LINE('',#9061,#2267);
#1614=LINE('',#9062,#2268);
#1615=LINE('',#9065,#2269);
#1616=LINE('',#9066,#2270);
#1617=LINE('',#9069,#2271);
#1618=LINE('',#9070,#2272);
#1619=LINE('',#9072,#2273);
#1620=LINE('',#9074,#2274);
#1621=LINE('',#9077,#2275);
#1622=LINE('',#9079,#2276);
#1623=LINE('',#9081,#2277);
#1624=LINE('',#9083,#2278);
#1625=LINE('',#9084,#2279);
#1626=LINE('',#9085,#2280);
#1627=LINE('',#9094,#2281);
#1628=LINE('',#9096,#2282);
#1629=LINE('',#9098,#2283);
#1630=LINE('',#9100,#2284);
#1631=LINE('',#9102,#2285);
#1632=LINE('',#9104,#2286);
#1633=LINE('',#9106,#2287);
#1634=LINE('',#9108,#2288);
#1635=LINE('',#9134,#2289);
#1636=LINE('',#9136,#2290);
#1637=LINE('',#9140,#2291);
#1638=LINE('',#9142,#2292);
#1639=LINE('',#9144,#2293);
#1640=LINE('',#9146,#2294);
#1641=LINE('',#9147,#2295);
#1642=LINE('',#9149,#2296);
#1643=LINE('',#9151,#2297);
#1644=LINE('',#9153,#2298);
#1645=LINE('',#9155,#2299);
#1646=LINE('',#9159,#2300);
#1647=LINE('',#9161,#2301);
#1648=LINE('',#9163,#2302);
#1649=LINE('',#9165,#2303);
#1650=LINE('',#9166,#2304);
#1651=LINE('',#9168,#2305);
#1652=LINE('',#9170,#2306);
#1653=LINE('',#9172,#2307);
#1654=LINE('',#9174,#2308);
#1655=LINE('',#9191,#2309);
#1656=LINE('',#9209,#2310);
#1657=LINE('',#9221,#2311);
#1658=LINE('',#9232,#2312);
#1659=LINE('',#9248,#2313);
#1660=LINE('',#9256,#2314);
#1661=LINE('',#9263,#2315);
#1662=LINE('',#9269,#2316);
#1663=LINE('',#9314,#2317);
#1664=LINE('',#9328,#2318);
#1665=LINE('',#9347,#2319);
#1666=LINE('',#9360,#2320);
#1667=LINE('',#9377,#2321);
#1668=LINE('',#9406,#2322);
#1669=LINE('',#9475,#2323);
#1670=LINE('',#9557,#2324);
#1671=LINE('',#9562,#2325);
#1672=LINE('',#9568,#2326);
#1673=LINE('',#9580,#2327);
#1674=LINE('',#9616,#2328);
#1675=LINE('',#9638,#2329);
#1676=LINE('',#9738,#2330);
#1677=LINE('',#9799,#2331);
#1678=LINE('',#9813,#2332);
#1679=LINE('',#9819,#2333);
#1680=LINE('',#9821,#2334);
#1681=LINE('',#9831,#2335);
#1682=LINE('',#9860,#2336);
#1683=LINE('',#9954,#2337);
#1684=LINE('',#9955,#2338);
#1685=LINE('',#9963,#2339);
#1686=LINE('',#9965,#2340);
#1687=LINE('',#9973,#2341);
#1688=LINE('',#9975,#2342);
#1689=LINE('',#9988,#2343);
#1690=VECTOR('',#6299,1.5);
#1691=VECTOR('',#6306,1.5);
#1692=VECTOR('',#6313,1000.);
#1693=VECTOR('',#6316,1000.);
#1694=VECTOR('',#6321,1000.);
#1695=VECTOR('',#6324,1000.);
#1696=VECTOR('',#6327,1000.);
#1697=VECTOR('',#6328,1000.);
#1698=VECTOR('',#6329,1000.);
#1699=VECTOR('',#6330,1000.);
#1700=VECTOR('',#6333,1000.);
#1701=VECTOR('',#6334,1000.);
#1702=VECTOR('',#6335,1000.);
#1703=VECTOR('',#6336,1000.);
#1704=VECTOR('',#6339,1000.);
#1705=VECTOR('',#6340,1000.);
#1706=VECTOR('',#6341,1000.);
#1707=VECTOR('',#6342,1000.);
#1708=VECTOR('',#6343,1000.);
#1709=VECTOR('',#6344,1000.);
#1710=VECTOR('',#6345,1000.);
#1711=VECTOR('',#6346,1000.);
#1712=VECTOR('',#6347,1000.);
#1713=VECTOR('',#6348,1000.);
#1714=VECTOR('',#6349,1000.);
#1715=VECTOR('',#6350,1000.);
#1716=VECTOR('',#6351,1000.);
#1717=VECTOR('',#6352,1000.);
#1718=VECTOR('',#6353,1000.);
#1719=VECTOR('',#6354,1000.);
#1720=VECTOR('',#6355,1000.);
#1721=VECTOR('',#6356,1000.);
#1722=VECTOR('',#6357,1000.);
#1723=VECTOR('',#6358,1000.);
#1724=VECTOR('',#6359,1000.);
#1725=VECTOR('',#6360,1000.);
#1726=VECTOR('',#6361,1000.);
#1727=VECTOR('',#6362,1000.);
#1728=VECTOR('',#6363,1000.);
#1729=VECTOR('',#6364,1000.);
#1730=VECTOR('',#6365,1000.);
#1731=VECTOR('',#6366,1000.);
#1732=VECTOR('',#6367,1000.);
#1733=VECTOR('',#6368,1000.);
#1734=VECTOR('',#6369,1000.);
#1735=VECTOR('',#6370,1000.);
#1736=VECTOR('',#6371,1000.);
#1737=VECTOR('',#6372,1000.);
#1738=VECTOR('',#6373,1000.);
#1739=VECTOR('',#6374,1000.);
#1740=VECTOR('',#6377,1000.);
#1741=VECTOR('',#6378,1000.);
#1742=VECTOR('',#6379,1000.);
#1743=VECTOR('',#6380,1000.);
#1744=VECTOR('',#6381,1000.);
#1745=VECTOR('',#6382,1000.);
#1746=VECTOR('',#6383,1000.);
#1747=VECTOR('',#6384,1000.);
#1748=VECTOR('',#6385,1000.);
#1749=VECTOR('',#6386,1000.);
#1750=VECTOR('',#6387,1000.);
#1751=VECTOR('',#6388,1000.);
#1752=VECTOR('',#6391,1000.);
#1753=VECTOR('',#6392,1000.);
#1754=VECTOR('',#6393,1000.);
#1755=VECTOR('',#6394,1000.);
#1756=VECTOR('',#6395,1000.);
#1757=VECTOR('',#6396,1000.);
#1758=VECTOR('',#6399,1000.);
#1759=VECTOR('',#6400,1000.);
#1760=VECTOR('',#6401,1000.);
#1761=VECTOR('',#6402,1000.);
#1762=VECTOR('',#6403,1000.);
#1763=VECTOR('',#6404,1000.);
#1764=VECTOR('',#6405,1000.);
#1765=VECTOR('',#6406,1000.);
#1766=VECTOR('',#6409,1000.);
#1767=VECTOR('',#6410,1000.);
#1768=VECTOR('',#6411,1000.);
#1769=VECTOR('',#6412,1000.);
#1770=VECTOR('',#6413,1000.);
#1771=VECTOR('',#6414,1000.);
#1772=VECTOR('',#6417,1000.);
#1773=VECTOR('',#6418,1000.);
#1774=VECTOR('',#6419,1000.);
#1775=VECTOR('',#6420,1000.);
#1776=VECTOR('',#6421,1000.);
#1777=VECTOR('',#6422,1000.);
#1778=VECTOR('',#6423,1000.);
#1779=VECTOR('',#6426,1000.);
#1780=VECTOR('',#6427,1000.);
#1781=VECTOR('',#6428,1000.);
#1782=VECTOR('',#6429,1000.);
#1783=VECTOR('',#6430,1000.);
#1784=VECTOR('',#6431,1000.);
#1785=VECTOR('',#6432,1000.);
#1786=VECTOR('',#6433,1000.);
#1787=VECTOR('',#6434,1000.);
#1788=VECTOR('',#6435,1000.);
#1789=VECTOR('',#6438,1000.);
#1790=VECTOR('',#6439,1000.);
#1791=VECTOR('',#6440,1000.);
#1792=VECTOR('',#6441,1000.);
#1793=VECTOR('',#6442,1000.);
#1794=VECTOR('',#6443,1000.);
#1795=VECTOR('',#6444,1000.);
#1796=VECTOR('',#6445,1000.);
#1797=VECTOR('',#6448,1000.);
#1798=VECTOR('',#6449,1000.);
#1799=VECTOR('',#6450,1000.);
#1800=VECTOR('',#6451,1000.);
#1801=VECTOR('',#6454,1000.);
#1802=VECTOR('',#6455,1000.);
#1803=VECTOR('',#6456,1000.);
#1804=VECTOR('',#6457,1000.);
#1805=VECTOR('',#6460,1000.);
#1806=VECTOR('',#6461,1000.);
#1807=VECTOR('',#6462,1000.);
#1808=VECTOR('',#6463,1000.);
#1809=VECTOR('',#6466,1000.);
#1810=VECTOR('',#6467,1000.);
#1811=VECTOR('',#6468,1000.);
#1812=VECTOR('',#6469,1000.);
#1813=VECTOR('',#6472,1000.);
#1814=VECTOR('',#6473,1000.);
#1815=VECTOR('',#6474,1000.);
#1816=VECTOR('',#6475,1000.);
#1817=VECTOR('',#6478,1000.);
#1818=VECTOR('',#6479,1000.);
#1819=VECTOR('',#6480,1000.);
#1820=VECTOR('',#6481,1000.);
#1821=VECTOR('',#6484,1000.);
#1822=VECTOR('',#6485,1000.);
#1823=VECTOR('',#6486,1000.);
#1824=VECTOR('',#6487,1000.);
#1825=VECTOR('',#6490,1000.);
#1826=VECTOR('',#6491,1000.);
#1827=VECTOR('',#6492,1000.);
#1828=VECTOR('',#6493,1000.);
#1829=VECTOR('',#6496,1000.);
#1830=VECTOR('',#6497,1000.);
#1831=VECTOR('',#6498,1000.);
#1832=VECTOR('',#6501,1000.);
#1833=VECTOR('',#6502,1000.);
#1834=VECTOR('',#6503,1000.);
#1835=VECTOR('',#6506,1000.);
#1836=VECTOR('',#6507,1000.);
#1837=VECTOR('',#6510,1000.);
#1838=VECTOR('',#6511,1000.);
#1839=VECTOR('',#6514,1000.);
#1840=VECTOR('',#6515,1000.);
#1841=VECTOR('',#6516,1000.);
#1842=VECTOR('',#6519,1000.);
#1843=VECTOR('',#6520,1000.);
#1844=VECTOR('',#6521,1000.);
#1845=VECTOR('',#6524,1000.);
#1846=VECTOR('',#6525,1000.);
#1847=VECTOR('',#6528,1000.);
#1848=VECTOR('',#6529,1000.);
#1849=VECTOR('',#6532,1000.);
#1850=VECTOR('',#6533,1000.);
#1851=VECTOR('',#6534,1000.);
#1852=VECTOR('',#6535,1000.);
#1853=VECTOR('',#6536,1000.);
#1854=VECTOR('',#6537,1000.);
#1855=VECTOR('',#6540,1000.);
#1856=VECTOR('',#6541,1000.);
#1857=VECTOR('',#6542,1000.);
#1858=VECTOR('',#6543,1000.);
#1859=VECTOR('',#6544,1000.);
#1860=VECTOR('',#6545,1000.);
#1861=VECTOR('',#6548,1000.);
#1862=VECTOR('',#6549,1000.);
#1863=VECTOR('',#6552,1000.);
#1864=VECTOR('',#6553,1000.);
#1865=VECTOR('',#6556,1000.);
#1866=VECTOR('',#6557,1000.);
#1867=VECTOR('',#6560,1000.);
#1868=VECTOR('',#6561,1000.);
#1869=VECTOR('',#6564,1000.);
#1870=VECTOR('',#6565,1000.);
#1871=VECTOR('',#6566,1000.);
#1872=VECTOR('',#6567,1000.);
#1873=VECTOR('',#6570,1000.);
#1874=VECTOR('',#6571,1000.);
#1875=VECTOR('',#6572,1000.);
#1876=VECTOR('',#6575,1000.);
#1877=VECTOR('',#6576,1000.);
#1878=VECTOR('',#6577,1000.);
#1879=VECTOR('',#6578,1000.);
#1880=VECTOR('',#6581,1000.);
#1881=VECTOR('',#6582,1000.);
#1882=VECTOR('',#6583,1000.);
#1883=VECTOR('',#6586,1000.);
#1884=VECTOR('',#6587,1000.);
#1885=VECTOR('',#6590,1000.);
#1886=VECTOR('',#6591,1000.);
#1887=VECTOR('',#6592,1000.);
#1888=VECTOR('',#6593,1000.);
#1889=VECTOR('',#6596,1000.);
#1890=VECTOR('',#6597,1000.);
#1891=VECTOR('',#6598,1000.);
#1892=VECTOR('',#6601,1000.);
#1893=VECTOR('',#6602,1000.);
#1894=VECTOR('',#6603,1000.);
#1895=VECTOR('',#6604,1000.);
#1896=VECTOR('',#6607,1000.);
#1897=VECTOR('',#6608,1000.);
#1898=VECTOR('',#6609,1000.);
#1899=VECTOR('',#6612,1000.);
#1900=VECTOR('',#6613,1000.);
#1901=VECTOR('',#6616,1000.);
#1902=VECTOR('',#6617,1000.);
#1903=VECTOR('',#6618,1000.);
#1904=VECTOR('',#6619,1000.);
#1905=VECTOR('',#6620,1000.);
#1906=VECTOR('',#6621,1000.);
#1907=VECTOR('',#6624,1000.);
#1908=VECTOR('',#6625,1000.);
#1909=VECTOR('',#6626,1000.);
#1910=VECTOR('',#6629,1000.);
#1911=VECTOR('',#6632,1000.);
#1912=VECTOR('',#6633,1000.);
#1913=VECTOR('',#6634,1000.);
#1914=VECTOR('',#6637,1000.);
#1915=VECTOR('',#6638,1000.);
#1916=VECTOR('',#6639,1000.);
#1917=VECTOR('',#6640,1000.);
#1918=VECTOR('',#6643,1000.);
#1919=VECTOR('',#6644,1000.);
#1920=VECTOR('',#6645,1000.);
#1921=VECTOR('',#6646,1000.);
#1922=VECTOR('',#6647,1000.);
#1923=VECTOR('',#6648,1000.);
#1924=VECTOR('',#6649,1000.);
#1925=VECTOR('',#6650,1000.);
#1926=VECTOR('',#6653,1000.);
#1927=VECTOR('',#6654,1000.);
#1928=VECTOR('',#6655,1000.);
#1929=VECTOR('',#6656,1000.);
#1930=VECTOR('',#6657,1000.);
#1931=VECTOR('',#6658,1000.);
#1932=VECTOR('',#6659,1000.);
#1933=VECTOR('',#6660,1000.);
#1934=VECTOR('',#6661,1000.);
#1935=VECTOR('',#6664,1000.);
#1936=VECTOR('',#6665,1000.);
#1937=VECTOR('',#6666,1000.);
#1938=VECTOR('',#6667,1000.);
#1939=VECTOR('',#6668,1000.);
#1940=VECTOR('',#6671,1000.);
#1941=VECTOR('',#6672,1000.);
#1942=VECTOR('',#6673,1000.);
#1943=VECTOR('',#6674,1000.);
#1944=VECTOR('',#6675,1000.);
#1945=VECTOR('',#6678,1000.);
#1946=VECTOR('',#6679,1000.);
#1947=VECTOR('',#6680,1000.);
#1948=VECTOR('',#6681,1000.);
#1949=VECTOR('',#6684,1000.);
#1950=VECTOR('',#6685,1000.);
#1951=VECTOR('',#6686,1000.);
#1952=VECTOR('',#6687,1000.);
#1953=VECTOR('',#6690,1000.);
#1954=VECTOR('',#6691,1000.);
#1955=VECTOR('',#6692,1000.);
#1956=VECTOR('',#6693,1000.);
#1957=VECTOR('',#6696,1000.);
#1958=VECTOR('',#6697,1000.);
#1959=VECTOR('',#6698,1000.);
#1960=VECTOR('',#6699,1000.);
#1961=VECTOR('',#6702,1000.);
#1962=VECTOR('',#6703,1000.);
#1963=VECTOR('',#6706,1000.);
#1964=VECTOR('',#6707,1000.);
#1965=VECTOR('',#6708,1000.);
#1966=VECTOR('',#6711,1000.);
#1967=VECTOR('',#6712,1000.);
#1968=VECTOR('',#6715,1000.);
#1969=VECTOR('',#6716,1000.);
#1970=VECTOR('',#6717,1000.);
#1971=VECTOR('',#6720,1000.);
#1972=VECTOR('',#6721,1000.);
#1973=VECTOR('',#6722,1000.);
#1974=VECTOR('',#6723,1000.);
#1975=VECTOR('',#6726,1000.);
#1976=VECTOR('',#6727,1000.);
#1977=VECTOR('',#6730,1000.);
#1978=VECTOR('',#6731,1000.);
#1979=VECTOR('',#6732,1000.);
#1980=VECTOR('',#6735,1000.);
#1981=VECTOR('',#6736,1000.);
#1982=VECTOR('',#6737,1000.);
#1983=VECTOR('',#6740,1000.);
#1984=VECTOR('',#6741,1000.);
#1985=VECTOR('',#6742,1000.);
#1986=VECTOR('',#6745,1000.);
#1987=VECTOR('',#6746,1000.);
#1988=VECTOR('',#6749,1000.);
#1989=VECTOR('',#6750,1000.);
#1990=VECTOR('',#6751,1000.);
#1991=VECTOR('',#6754,1000.);
#1992=VECTOR('',#6755,1000.);
#1993=VECTOR('',#6756,1000.);
#1994=VECTOR('',#6757,1000.);
#1995=VECTOR('',#6760,1000.);
#1996=VECTOR('',#6761,1000.);
#1997=VECTOR('',#6762,1000.);
#1998=VECTOR('',#6763,1000.);
#1999=VECTOR('',#6766,1000.);
#2000=VECTOR('',#6767,1000.);
#2001=VECTOR('',#6768,1000.);
#2002=VECTOR('',#6771,1000.);
#2003=VECTOR('',#6772,1000.);
#2004=VECTOR('',#6773,1000.);
#2005=VECTOR('',#6774,1000.);
#2006=VECTOR('',#6777,1000.);
#2007=VECTOR('',#6778,1000.);
#2008=VECTOR('',#6779,1000.);
#2009=VECTOR('',#6780,1000.);
#2010=VECTOR('',#6783,1000.);
#2011=VECTOR('',#6784,1000.);
#2012=VECTOR('',#6785,1000.);
#2013=VECTOR('',#6786,1000.);
#2014=VECTOR('',#6789,1000.);
#2015=VECTOR('',#6790,1000.);
#2016=VECTOR('',#6791,1000.);
#2017=VECTOR('',#6792,1000.);
#2018=VECTOR('',#6793,1000.);
#2019=VECTOR('',#6796,1000.);
#2020=VECTOR('',#6797,1000.);
#2021=VECTOR('',#6798,1000.);
#2022=VECTOR('',#6799,1000.);
#2023=VECTOR('',#6800,1000.);
#2024=VECTOR('',#6801,1000.);
#2025=VECTOR('',#6802,1000.);
#2026=VECTOR('',#6803,1000.);
#2027=VECTOR('',#6804,1000.);
#2028=VECTOR('',#6805,1000.);
#2029=VECTOR('',#6806,1000.);
#2030=VECTOR('',#6809,1000.);
#2031=VECTOR('',#6810,1000.);
#2032=VECTOR('',#6811,1000.);
#2033=VECTOR('',#6812,1000.);
#2034=VECTOR('',#6813,1000.);
#2035=VECTOR('',#6814,1000.);
#2036=VECTOR('',#6815,1000.);
#2037=VECTOR('',#6818,1000.);
#2038=VECTOR('',#6819,1000.);
#2039=VECTOR('',#6820,1000.);
#2040=VECTOR('',#6821,1000.);
#2041=VECTOR('',#6824,1000.);
#2042=VECTOR('',#6825,1000.);
#2043=VECTOR('',#6826,1000.);
#2044=VECTOR('',#6827,1000.);
#2045=VECTOR('',#6828,1000.);
#2046=VECTOR('',#6831,1000.);
#2047=VECTOR('',#6832,1000.);
#2048=VECTOR('',#6833,1000.);
#2049=VECTOR('',#6834,1000.);
#2050=VECTOR('',#6843,1000.);
#2051=VECTOR('',#6844,1000.);
#2052=VECTOR('',#6845,1000.);
#2053=VECTOR('',#6846,1000.);
#2054=VECTOR('',#6847,1000.);
#2055=VECTOR('',#6848,1000.);
#2056=VECTOR('',#6849,1000.);
#2057=VECTOR('',#6850,1000.);
#2058=VECTOR('',#6851,1000.);
#2059=VECTOR('',#6852,1000.);
#2060=VECTOR('',#6853,1000.);
#2061=VECTOR('',#6854,1000.);
#2062=VECTOR('',#6855,1000.);
#2063=VECTOR('',#6856,1000.);
#2064=VECTOR('',#6857,1000.);
#2065=VECTOR('',#6860,1000.);
#2066=VECTOR('',#6863,1000.);
#2067=VECTOR('',#6866,1000.);
#2068=VECTOR('',#6873,1000.);
#2069=VECTOR('',#6878,1000.);
#2070=VECTOR('',#6883,1000.);
#2071=VECTOR('',#6888,1000.);
#2072=VECTOR('',#6903,1000.);
#2073=VECTOR('',#6940,1000.);
#2074=VECTOR('',#6955,1000.);
#2075=VECTOR('',#6960,1000.);
#2076=VECTOR('',#6965,1000.);
#2077=VECTOR('',#6966,1000.);
#2078=VECTOR('',#6967,1000.);
#2079=VECTOR('',#6968,1000.);
#2080=VECTOR('',#6969,1000.);
#2081=VECTOR('',#6970,1000.);
#2082=VECTOR('',#6973,1000.);
#2083=VECTOR('',#6976,1000.);
#2084=VECTOR('',#6983,1000.);
#2085=VECTOR('',#6986,1000.);
#2086=VECTOR('',#6987,1000.);
#2087=VECTOR('',#6988,1000.);
#2088=VECTOR('',#6991,1000.);
#2089=VECTOR('',#6994,1000.);
#2090=VECTOR('',#6995,1000.);
#2091=VECTOR('',#6998,1000.);
#2092=VECTOR('',#7001,1000.);
#2093=VECTOR('',#7002,1000.);
#2094=VECTOR('',#7003,1000.);
#2095=VECTOR('',#7006,1000.);
#2096=VECTOR('',#7007,1000.);
#2097=VECTOR('',#7008,1000.);
#2098=VECTOR('',#7013,1000.);
#2099=VECTOR('',#7014,1000.);
#2100=VECTOR('',#7015,1000.);
#2101=VECTOR('',#7018,1000.);
#2102=VECTOR('',#7029,1000.);
#2103=VECTOR('',#7030,1000.);
#2104=VECTOR('',#7033,1000.);
#2105=VECTOR('',#7034,1000.);
#2106=VECTOR('',#7035,1000.);
#2107=VECTOR('',#7038,1000.);
#2108=VECTOR('',#7039,1000.);
#2109=VECTOR('',#7040,1000.);
#2110=VECTOR('',#7043,1000.);
#2111=VECTOR('',#7044,1000.);
#2112=VECTOR('',#7047,1000.);
#2113=VECTOR('',#7048,1000.);
#2114=VECTOR('',#7051,1000.);
#2115=VECTOR('',#7052,1000.);
#2116=VECTOR('',#7055,1000.);
#2117=VECTOR('',#7056,1000.);
#2118=VECTOR('',#7059,1000.);
#2119=VECTOR('',#7060,1000.);
#2120=VECTOR('',#7061,1000.);
#2121=VECTOR('',#7064,1000.);
#2122=VECTOR('',#7067,1000.);
#2123=VECTOR('',#7068,1000.);
#2124=VECTOR('',#7071,1000.);
#2125=VECTOR('',#7072,1000.);
#2126=VECTOR('',#7073,1000.);
#2127=VECTOR('',#7076,1000.);
#2128=VECTOR('',#7077,1000.);
#2129=VECTOR('',#7080,1000.);
#2130=VECTOR('',#7081,1000.);
#2131=VECTOR('',#7084,1000.);
#2132=VECTOR('',#7085,1000.);
#2133=VECTOR('',#7088,1000.);
#2134=VECTOR('',#7089,1000.);
#2135=VECTOR('',#7092,1000.);
#2136=VECTOR('',#7093,1000.);
#2137=VECTOR('',#7094,1000.);
#2138=VECTOR('',#7095,1000.);
#2139=VECTOR('',#7098,1000.);
#2140=VECTOR('',#7101,1000.);
#2141=VECTOR('',#7102,1000.);
#2142=VECTOR('',#7105,1000.);
#2143=VECTOR('',#7108,1000.);
#2144=VECTOR('',#7109,1000.);
#2145=VECTOR('',#7110,1000.);
#2146=VECTOR('',#7113,1000.);
#2147=VECTOR('',#7116,1000.);
#2148=VECTOR('',#7117,1000.);
#2149=VECTOR('',#7118,1000.);
#2150=VECTOR('',#7121,1000.);
#2151=VECTOR('',#7122,1000.);
#2152=VECTOR('',#7129,1000.);
#2153=VECTOR('',#7130,1000.);
#2154=VECTOR('',#7145,1000.);
#2155=VECTOR('',#7148,1000.);
#2156=VECTOR('',#7151,1000.);
#2157=VECTOR('',#7154,1000.);
#2158=VECTOR('',#7161,1000.);
#2159=VECTOR('',#7162,1000.);
#2160=VECTOR('',#7169,1000.);
#2161=VECTOR('',#7170,1000.);
#2162=VECTOR('',#7185,1000.);
#2163=VECTOR('',#7186,1000.);
#2164=VECTOR('',#7189,1000.);
#2165=VECTOR('',#7190,1000.);
#2166=VECTOR('',#7193,1000.);
#2167=VECTOR('',#7198,1000.);
#2168=VECTOR('',#7199,1000.);
#2169=VECTOR('',#7202,1000.);
#2170=VECTOR('',#7203,1000.);
#2171=VECTOR('',#7206,1000.);
#2172=VECTOR('',#7211,1000.);
#2173=VECTOR('',#7212,1000.);
#2174=VECTOR('',#7213,1000.);
#2175=VECTOR('',#7216,1000.);
#2176=VECTOR('',#7217,1000.);
#2177=VECTOR('',#7220,1000.);
#2178=VECTOR('',#7221,1000.);
#2179=VECTOR('',#7224,1000.);
#2180=VECTOR('',#7229,1000.);
#2181=VECTOR('',#7230,1000.);
#2182=VECTOR('',#7231,1000.);
#2183=VECTOR('',#7234,1000.);
#2184=VECTOR('',#7235,1000.);
#2185=VECTOR('',#7238,1000.);
#2186=VECTOR('',#7239,1000.);
#2187=VECTOR('',#7242,1000.);
#2188=VECTOR('',#7251,1000.);
#2189=VECTOR('',#7254,1000.);
#2190=VECTOR('',#7259,0.75);
#2191=VECTOR('',#7264,1000.);
#2192=VECTOR('',#7265,1000.);
#2193=VECTOR('',#7266,1000.);
#2194=VECTOR('',#7267,1000.);
#2195=VECTOR('',#7268,1000.);
#2196=VECTOR('',#7269,1000.);
#2197=VECTOR('',#7270,1000.);
#2198=VECTOR('',#7271,1000.);
#2199=VECTOR('',#7272,1000.);
#2200=VECTOR('',#7273,1000.);
#2201=VECTOR('',#7274,1000.);
#2202=VECTOR('',#7275,1000.);
#2203=VECTOR('',#7276,1000.);
#2204=VECTOR('',#7277,1000.);
#2205=VECTOR('',#7278,1000.);
#2206=VECTOR('',#7279,1000.);
#2207=VECTOR('',#7280,1000.);
#2208=VECTOR('',#7281,1000.);
#2209=VECTOR('',#7282,1000.);
#2210=VECTOR('',#7283,1000.);
#2211=VECTOR('',#7284,1000.);
#2212=VECTOR('',#7285,1000.);
#2213=VECTOR('',#7288,1000.);
#2214=VECTOR('',#7289,1000.);
#2215=VECTOR('',#7290,1000.);
#2216=VECTOR('',#7293,1000.);
#2217=VECTOR('',#7294,1000.);
#2218=VECTOR('',#7295,1000.);
#2219=VECTOR('',#7296,1000.);
#2220=VECTOR('',#7297,1000.);
#2221=VECTOR('',#7298,1000.);
#2222=VECTOR('',#7299,1000.);
#2223=VECTOR('',#7300,1000.);
#2224=VECTOR('',#7301,1000.);
#2225=VECTOR('',#7302,1000.);
#2226=VECTOR('',#7303,1000.);
#2227=VECTOR('',#7304,1000.);
#2228=VECTOR('',#7305,1000.);
#2229=VECTOR('',#7306,1000.);
#2230=VECTOR('',#7307,1000.);
#2231=VECTOR('',#7308,1000.);
#2232=VECTOR('',#7309,1000.);
#2233=VECTOR('',#7312,1000.);
#2234=VECTOR('',#7313,1000.);
#2235=VECTOR('',#7314,1000.);
#2236=VECTOR('',#7315,1000.);
#2237=VECTOR('',#7316,1000.);
#2238=VECTOR('',#7317,1000.);
#2239=VECTOR('',#7320,1000.);
#2240=VECTOR('',#7321,1000.);
#2241=VECTOR('',#7324,1000.);
#2242=VECTOR('',#7325,1000.);
#2243=VECTOR('',#7326,1000.);
#2244=VECTOR('',#7329,1000.);
#2245=VECTOR('',#7334,1000.);
#2246=VECTOR('',#7335,1000.);
#2247=VECTOR('',#7338,1000.);
#2248=VECTOR('',#7339,1000.);
#2249=VECTOR('',#7340,1000.);
#2250=VECTOR('',#7343,1000.);
#2251=VECTOR('',#7346,1000.);
#2252=VECTOR('',#7347,1000.);
#2253=VECTOR('',#7348,1000.);
#2254=VECTOR('',#7349,1000.);
#2255=VECTOR('',#7350,1000.);
#2256=VECTOR('',#7351,1000.);
#2257=VECTOR('',#7352,1000.);
#2258=VECTOR('',#7353,1000.);
#2259=VECTOR('',#7356,1000.);
#2260=VECTOR('',#7357,1000.);
#2261=VECTOR('',#7358,1000.);
#2262=VECTOR('',#7363,1000.);
#2263=VECTOR('',#7366,1000.);
#2264=VECTOR('',#7371,1000.);
#2265=VECTOR('',#7372,1000.);
#2266=VECTOR('',#7375,1000.);
#2267=VECTOR('',#7378,1000.);
#2268=VECTOR('',#7379,1000.);
#2269=VECTOR('',#7382,1000.);
#2270=VECTOR('',#7383,1000.);
#2271=VECTOR('',#7386,1000.);
#2272=VECTOR('',#7387,1000.);
#2273=VECTOR('',#7390,1000.);
#2274=VECTOR('',#7393,1000.);
#2275=VECTOR('',#7396,1000.);
#2276=VECTOR('',#7397,1000.);
#2277=VECTOR('',#7398,1000.);
#2278=VECTOR('',#7399,1000.);
#2279=VECTOR('',#7400,1000.);
#2280=VECTOR('',#7401,1000.);
#2281=VECTOR('',#7402,1000.);
#2282=VECTOR('',#7405,1000.);
#2283=VECTOR('',#7408,1000.);
#2284=VECTOR('',#7411,1000.);
#2285=VECTOR('',#7414,1000.);
#2286=VECTOR('',#7417,1000.);
#2287=VECTOR('',#7420,1000.);
#2288=VECTOR('',#7423,1000.);
#2289=VECTOR('',#7430,1000.);
#2290=VECTOR('',#7433,1000.);
#2291=VECTOR('',#7438,1000.);
#2292=VECTOR('',#7439,1000.);
#2293=VECTOR('',#7440,1000.);
#2294=VECTOR('',#7441,1000.);
#2295=VECTOR('',#7442,1000.);
#2296=VECTOR('',#7445,1000.);
#2297=VECTOR('',#7448,1000.);
#2298=VECTOR('',#7451,1000.);
#2299=VECTOR('',#7454,1000.);
#2300=VECTOR('',#7459,1000.);
#2301=VECTOR('',#7460,1000.);
#2302=VECTOR('',#7461,1000.);
#2303=VECTOR('',#7462,1000.);
#2304=VECTOR('',#7463,1000.);
#2305=VECTOR('',#7466,1000.);
#2306=VECTOR('',#7469,1000.);
#2307=VECTOR('',#7472,1000.);
#2308=VECTOR('',#7475,1000.);
#2309=VECTOR('',#7502,8.90000000000001);
#2310=VECTOR('',#7527,8.90000000000002);
#2311=VECTOR('',#7544,7.);
#2312=VECTOR('',#7559,9.00000000000001);
#2313=VECTOR('',#7580,9.00000000000002);
#2314=VECTOR('',#7593,7.);
#2315=VECTOR('',#7602,5.);
#2316=VECTOR('',#7609,7.);
#2317=VECTOR('',#7618,10.);
#2318=VECTOR('',#7619,10.);
#2319=VECTOR('',#7622,10.);
#2320=VECTOR('',#7625,10.);
#2321=VECTOR('',#7628,10.);
#2322=VECTOR('',#7631,10.);
#2323=VECTOR('',#7644,5.51646914955368);
#2324=VECTOR('',#7659,10.);
#2325=VECTOR('',#7660,10.);
#2326=VECTOR('',#7663,10.);
#2327=VECTOR('',#7666,10.);
#2328=VECTOR('',#7669,10.);
#2329=VECTOR('',#7672,10.);
#2330=VECTOR('',#7681,5.3432640687968);
#2331=VECTOR('',#7696,10.);
#2332=VECTOR('',#7697,10.);
#2333=VECTOR('',#7700,10.);
#2334=VECTOR('',#7703,10.);
#2335=VECTOR('',#7706,10.);
#2336=VECTOR('',#7709,10.);
#2337=VECTOR('',#7722,10.);
#2338=VECTOR('',#7723,10.);
#2339=VECTOR('',#7726,10.);
#2340=VECTOR('',#7729,10.);
#2341=VECTOR('',#7732,10.);
#2342=VECTOR('',#7735,10.);
#2343=VECTOR('',#7756,8.50000000000001);
#2344=CIRCLE('',#5878,1.5);
#2345=CIRCLE('',#5879,1.5);
#2346=CIRCLE('',#5881,1.5);
#2347=CIRCLE('',#5882,1.5);
#2348=CIRCLE('',#5884,6.5325785881083);
#2349=CIRCLE('',#5885,6.5325785881083);
#2350=CIRCLE('',#5887,6.5325785881083);
#2351=CIRCLE('',#5888,6.5325785881083);
#2352=CIRCLE('',#5932,6.92675159472018);
#2353=CIRCLE('',#5933,6.92675159472018);
#2354=CIRCLE('',#5934,6.92675159472018);
#2355=CIRCLE('',#5935,6.92675159472018);
#2356=CIRCLE('',#5967,6.92675159472018);
#2357=CIRCLE('',#5968,6.92675159472018);
#2358=CIRCLE('',#5969,6.92675159472018);
#2359=CIRCLE('',#5970,6.92675159472018);
#2360=CIRCLE('',#5975,6.92675159472018);
#2361=CIRCLE('',#5976,6.92675159472018);
#2362=CIRCLE('',#5977,6.92675159472018);
#2363=CIRCLE('',#5978,6.92675159472018);
#2364=CIRCLE('',#5980,6.92675159472018);
#2365=CIRCLE('',#5981,6.92675159472018);
#2366=CIRCLE('',#5982,6.92675159472018);
#2367=CIRCLE('',#5983,6.92675159472018);
#2368=CIRCLE('',#5989,8.52941832425478);
#2369=CIRCLE('',#5990,8.52941832425478);
#2370=CIRCLE('',#5992,6.5325785881083);
#2371=CIRCLE('',#5993,6.5325785881083);
#2372=CIRCLE('',#5997,8.52941832425478);
#2373=CIRCLE('',#5998,8.52941832425478);
#2374=CIRCLE('',#6002,8.52941832425478);
#2375=CIRCLE('',#6003,8.52941832425478);
#2376=CIRCLE('',#6007,8.52941832425478);
#2377=CIRCLE('',#6008,8.52941832425478);
#2378=CIRCLE('',#6010,6.5325785881083);
#2379=CIRCLE('',#6011,6.5325785881083);
#2380=CIRCLE('',#6105,0.707106781186548);
#2381=CIRCLE('',#6106,0.707106781186548);
#2382=CIRCLE('',#6108,0.75);
#2383=CIRCLE('',#6109,0.75);
#2384=CIRCLE('',#6115,2.7);
#2385=CIRCLE('',#6116,3.);
#2386=CIRCLE('',#6118,0.707106781186548);
#2387=CIRCLE('',#6119,3.);
#2388=CIRCLE('',#6120,2.7);
#2389=CIRCLE('',#6124,0.5);
#2390=CIRCLE('',#6125,0.5);
#2391=CIRCLE('',#6127,0.5);
#2392=CIRCLE('',#6128,0.5);
#2393=CIRCLE('',#6160,0.707106781186548);
#2394=CIRCLE('',#6167,8.50000000000001);
#2395=CIRCLE('',#6168,0.4);
#2396=CIRCLE('',#6169,8.90000000000001);
#2397=CIRCLE('',#6171,8.90000000000001);
#2398=CIRCLE('',#6173,7.);
#2399=CIRCLE('',#6175,0.4);
#2400=CIRCLE('',#6176,8.74197530864198);
#2401=CIRCLE('',#6178,8.90000000000002);
#2402=CIRCLE('',#6179,0.4);
#2403=CIRCLE('',#6180,8.50000000000002);
#2404=CIRCLE('',#6182,8.90000000000002);
#2405=CIRCLE('',#6184,7.);
#2406=CIRCLE('',#6186,8.74197530864198);
#2407=CIRCLE('',#6187,0.4);
#2408=CIRCLE('',#6189,0.612499999999989);
#2409=CIRCLE('',#6191,7.);
#2410=CIRCLE('',#6193,9.00000000000001);
#2411=CIRCLE('',#6194,0.5);
#2412=CIRCLE('',#6195,8.50000000000001);
#2413=CIRCLE('',#6197,9.00000000000001);
#2414=CIRCLE('',#6199,7.);
#2415=CIRCLE('',#6201,8.80246913580247);
#2416=CIRCLE('',#6202,0.5);
#2417=CIRCLE('',#6204,8.50000000000002);
#2418=CIRCLE('',#6205,0.5);
#2419=CIRCLE('',#6206,9.00000000000002);
#2420=CIRCLE('',#6208,9.00000000000002);
#2421=CIRCLE('',#6211,0.5);
#2422=CIRCLE('',#6212,8.80246913580247);
#2423=CIRCLE('',#6215,0.51249999999999);
#2424=CIRCLE('',#6217,5.);
#2425=CIRCLE('',#6218,5.);
#2426=CIRCLE('',#6220,7.);
#2427=CIRCLE('',#6221,7.);
#2428=CIRCLE('',#6231,5.03293829910737);
#2429=CIRCLE('',#6232,3.95040654437682);
#2430=CIRCLE('',#6234,6.);
#2431=CIRCLE('',#6235,5.03293829910737);
#2432=CIRCLE('',#6236,5.03293829910737);
#2433=CIRCLE('',#6237,5.03293829910737);
#2434=CIRCLE('',#6239,4.85973321835048);
#2435=CIRCLE('',#6240,3.95040654437682);
#2436=CIRCLE('',#6248,3.95040654437682);
#2437=CIRCLE('',#6250,5.76905989232415);
#2438=CIRCLE('',#6251,4.85973321835048);
#2439=CIRCLE('',#6252,4.85973321835048);
#2440=CIRCLE('',#6253,4.85973321835048);
#2441=CIRCLE('',#6255,3.95040654437682);
#2442=CIRCLE('',#6263,3.95040654437682);
#2443=CIRCLE('',#6265,3.95040654437682);
#2444=CIRCLE('',#6273,3.95040654437682);
#2445=CIRCLE('',#6277,3.95040654437682);
#2446=CIRCLE('',#6280,8.50000000000001);
#2447=CIRCLE('',#6281,8.50000000000001);
#2448=VERTEX_POINT('',#7780);
#2449=VERTEX_POINT('',#7782);
#2450=VERTEX_POINT('',#7786);
#2451=VERTEX_POINT('',#7788);
#2452=VERTEX_POINT('',#7792);
#2453=VERTEX_POINT('',#7793);
#2454=VERTEX_POINT('',#7795);
#2455=VERTEX_POINT('',#7797);
#2456=VERTEX_POINT('',#7801);
#2457=VERTEX_POINT('',#7802);
#2458=VERTEX_POINT('',#7804);
#2459=VERTEX_POINT('',#7806);
#2460=VERTEX_POINT('',#7810);
#2461=VERTEX_POINT('',#7811);
#2462=VERTEX_POINT('',#7813);
#2463=VERTEX_POINT('',#7815);
#2464=VERTEX_POINT('',#7819);
#2465=VERTEX_POINT('',#7820);
#2466=VERTEX_POINT('',#7822);
#2467=VERTEX_POINT('',#7824);
#2468=VERTEX_POINT('',#7828);
#2469=VERTEX_POINT('',#7829);
#2470=VERTEX_POINT('',#7831);
#2471=VERTEX_POINT('',#7833);
#2472=VERTEX_POINT('',#7835);
#2473=VERTEX_POINT('',#7837);
#2474=VERTEX_POINT('',#7839);
#2475=VERTEX_POINT('',#7841);
#2476=VERTEX_POINT('',#7843);
#2477=VERTEX_POINT('',#7845);
#2478=VERTEX_POINT('',#7847);
#2479=VERTEX_POINT('',#7849);
#2480=VERTEX_POINT('',#7851);
#2481=VERTEX_POINT('',#7853);
#2482=VERTEX_POINT('',#7855);
#2483=VERTEX_POINT('',#7857);
#2484=VERTEX_POINT('',#7859);
#2485=VERTEX_POINT('',#7861);
#2486=VERTEX_POINT('',#7863);
#2487=VERTEX_POINT('',#7865);
#2488=VERTEX_POINT('',#7867);
#2489=VERTEX_POINT('',#7869);
#2490=VERTEX_POINT('',#7871);
#2491=VERTEX_POINT('',#7873);
#2492=VERTEX_POINT('',#7875);
#2493=VERTEX_POINT('',#7877);
#2494=VERTEX_POINT('',#7879);
#2495=VERTEX_POINT('',#7881);
#2496=VERTEX_POINT('',#7884);
#2497=VERTEX_POINT('',#7885);
#2498=VERTEX_POINT('',#7887);
#2499=VERTEX_POINT('',#7889);
#2500=VERTEX_POINT('',#7892);
#2501=VERTEX_POINT('',#7893);
#2502=VERTEX_POINT('',#7895);
#2503=VERTEX_POINT('',#7897);
#2504=VERTEX_POINT('',#7901);
#2505=VERTEX_POINT('',#7903);
#2506=VERTEX_POINT('',#7906);
#2507=VERTEX_POINT('',#7908);
#2508=VERTEX_POINT('',#7910);
#2509=VERTEX_POINT('',#7912);
#2510=VERTEX_POINT('',#7914);
#2511=VERTEX_POINT('',#7916);
#2512=VERTEX_POINT('',#7918);
#2513=VERTEX_POINT('',#7920);
#2514=VERTEX_POINT('',#7924);
#2515=VERTEX_POINT('',#7925);
#2516=VERTEX_POINT('',#7927);
#2517=VERTEX_POINT('',#7929);
#2518=VERTEX_POINT('',#7931);
#2519=VERTEX_POINT('',#7933);
#2520=VERTEX_POINT('',#7937);
#2521=VERTEX_POINT('',#7938);
#2522=VERTEX_POINT('',#7940);
#2523=VERTEX_POINT('',#7942);
#2524=VERTEX_POINT('',#7944);
#2525=VERTEX_POINT('',#7946);
#2526=VERTEX_POINT('',#7948);
#2527=VERTEX_POINT('',#7950);
#2528=VERTEX_POINT('',#7954);
#2529=VERTEX_POINT('',#7955);
#2530=VERTEX_POINT('',#7957);
#2531=VERTEX_POINT('',#7959);
#2532=VERTEX_POINT('',#7961);
#2533=VERTEX_POINT('',#7963);
#2534=VERTEX_POINT('',#7967);
#2535=VERTEX_POINT('',#7969);
#2536=VERTEX_POINT('',#7972);
#2537=VERTEX_POINT('',#7974);
#2538=VERTEX_POINT('',#7976);
#2539=VERTEX_POINT('',#7980);
#2540=VERTEX_POINT('',#7982);
#2541=VERTEX_POINT('',#7984);
#2542=VERTEX_POINT('',#7986);
#2543=VERTEX_POINT('',#7988);
#2544=VERTEX_POINT('',#7991);
#2545=VERTEX_POINT('',#7993);
#2546=VERTEX_POINT('',#7995);
#2547=VERTEX_POINT('',#7999);
#2548=VERTEX_POINT('',#8001);
#2549=VERTEX_POINT('',#8003);
#2550=VERTEX_POINT('',#8006);
#2551=VERTEX_POINT('',#8008);
#2552=VERTEX_POINT('',#8010);
#2553=VERTEX_POINT('',#8014);
#2554=VERTEX_POINT('',#8015);
#2555=VERTEX_POINT('',#8018);
#2556=VERTEX_POINT('',#8022);
#2557=VERTEX_POINT('',#8024);
#2558=VERTEX_POINT('',#8026);
#2559=VERTEX_POINT('',#8030);
#2560=VERTEX_POINT('',#8032);
#2561=VERTEX_POINT('',#8034);
#2562=VERTEX_POINT('',#8038);
#2563=VERTEX_POINT('',#8039);
#2564=VERTEX_POINT('',#8042);
#2565=VERTEX_POINT('',#8046);
#2566=VERTEX_POINT('',#8048);
#2567=VERTEX_POINT('',#8050);
#2568=VERTEX_POINT('',#8054);
#2569=VERTEX_POINT('',#8055);
#2570=VERTEX_POINT('',#8058);
#2571=VERTEX_POINT('',#8062);
#2572=VERTEX_POINT('',#8063);
#2573=VERTEX_POINT('',#8066);
#2574=VERTEX_POINT('',#8070);
#2575=VERTEX_POINT('',#8072);
#2576=VERTEX_POINT('',#8074);
#2577=VERTEX_POINT('',#8078);
#2578=VERTEX_POINT('',#8079);
#2579=VERTEX_POINT('',#8084);
#2580=VERTEX_POINT('',#8086);
#2581=VERTEX_POINT('',#8096);
#2582=VERTEX_POINT('',#8098);
#2583=VERTEX_POINT('',#8102);
#2584=VERTEX_POINT('',#8104);
#2585=VERTEX_POINT('',#8114);
#2586=VERTEX_POINT('',#8116);
#2587=VERTEX_POINT('',#8119);
#2588=VERTEX_POINT('',#8121);
#2589=VERTEX_POINT('',#8125);
#2590=VERTEX_POINT('',#8126);
#2591=VERTEX_POINT('',#8129);
#2592=VERTEX_POINT('',#8131);
#2593=VERTEX_POINT('',#8148);
#2594=VERTEX_POINT('',#8149);
#2595=VERTEX_POINT('',#8151);
#2596=VERTEX_POINT('',#8153);
#2597=VERTEX_POINT('',#8157);
#2598=VERTEX_POINT('',#8159);
#2599=VERTEX_POINT('',#8163);
#2600=VERTEX_POINT('',#8164);
#2601=VERTEX_POINT('',#8166);
#2602=VERTEX_POINT('',#8168);
#2603=VERTEX_POINT('',#8172);
#2604=VERTEX_POINT('',#8174);
#2605=VERTEX_POINT('',#8181);
#2606=VERTEX_POINT('',#8182);
#2607=VERTEX_POINT('',#8184);
#2608=VERTEX_POINT('',#8186);
#2609=VERTEX_POINT('',#8190);
#2610=VERTEX_POINT('',#8192);
#2611=VERTEX_POINT('',#8196);
#2612=VERTEX_POINT('',#8197);
#2613=VERTEX_POINT('',#8199);
#2614=VERTEX_POINT('',#8201);
#2615=VERTEX_POINT('',#8205);
#2616=VERTEX_POINT('',#8207);
#2617=VERTEX_POINT('',#8217);
#2618=VERTEX_POINT('',#8219);
#2619=VERTEX_POINT('',#8221);
#2620=VERTEX_POINT('',#8223);
#2621=VERTEX_POINT('',#8225);
#2622=VERTEX_POINT('',#8227);
#2623=VERTEX_POINT('',#8229);
#2624=VERTEX_POINT('',#8231);
#2625=VERTEX_POINT('',#8233);
#2626=VERTEX_POINT('',#8235);
#2627=VERTEX_POINT('',#8237);
#2628=VERTEX_POINT('',#8239);
#2629=VERTEX_POINT('',#8241);
#2630=VERTEX_POINT('',#8243);
#2631=VERTEX_POINT('',#8246);
#2632=VERTEX_POINT('',#8251);
#2633=VERTEX_POINT('',#8252);
#2634=VERTEX_POINT('',#8254);
#2635=VERTEX_POINT('',#8256);
#2636=VERTEX_POINT('',#8258);
#2637=VERTEX_POINT('',#8260);
#2638=VERTEX_POINT('',#8263);
#2639=VERTEX_POINT('',#8267);
#2640=VERTEX_POINT('',#8269);
#2641=VERTEX_POINT('',#8271);
#2642=VERTEX_POINT('',#8273);
#2643=VERTEX_POINT('',#8275);
#2644=VERTEX_POINT('',#8277);
#2645=VERTEX_POINT('',#8279);
#2646=VERTEX_POINT('',#8281);
#2647=VERTEX_POINT('',#8285);
#2648=VERTEX_POINT('',#8287);
#2649=VERTEX_POINT('',#8289);
#2650=VERTEX_POINT('',#8291);
#2651=VERTEX_POINT('',#8295);
#2652=VERTEX_POINT('',#8297);
#2653=VERTEX_POINT('',#8299);
#2654=VERTEX_POINT('',#8301);
#2655=VERTEX_POINT('',#8305);
#2656=VERTEX_POINT('',#8306);
#2657=VERTEX_POINT('',#8309);
#2658=VERTEX_POINT('',#8313);
#2659=VERTEX_POINT('',#8315);
#2660=VERTEX_POINT('',#8317);
#2661=VERTEX_POINT('',#8321);
#2662=VERTEX_POINT('',#8323);
#2663=VERTEX_POINT('',#8325);
#2664=VERTEX_POINT('',#8329);
#2665=VERTEX_POINT('',#8330);
#2666=VERTEX_POINT('',#8333);
#2667=VERTEX_POINT('',#8340);
#2668=VERTEX_POINT('',#8342);
#2669=VERTEX_POINT('',#8349);
#2670=VERTEX_POINT('',#8350);
#2671=VERTEX_POINT('',#8355);
#2672=VERTEX_POINT('',#8356);
#2673=VERTEX_POINT('',#8358);
#2674=VERTEX_POINT('',#8360);
#2675=VERTEX_POINT('',#8367);
#2676=VERTEX_POINT('',#8372);
#2677=VERTEX_POINT('',#8373);
#2678=VERTEX_POINT('',#8378);
#2679=VERTEX_POINT('',#8383);
#2680=VERTEX_POINT('',#8387);
#2681=VERTEX_POINT('',#8392);
#2682=VERTEX_POINT('',#8393);
#2683=VERTEX_POINT('',#8395);
#2684=VERTEX_POINT('',#8397);
#2685=VERTEX_POINT('',#8401);
#2686=VERTEX_POINT('',#8403);
#2687=VERTEX_POINT('',#8405);
#2688=VERTEX_POINT('',#8409);
#2689=VERTEX_POINT('',#8410);
#2690=VERTEX_POINT('',#8415);
#2691=VERTEX_POINT('',#8416);
#2692=VERTEX_POINT('',#8418);
#2693=VERTEX_POINT('',#8420);
#2694=VERTEX_POINT('',#8424);
#2695=VERTEX_POINT('',#8425);
#2696=VERTEX_POINT('',#8427);
#2697=VERTEX_POINT('',#8429);
#2698=VERTEX_POINT('',#8433);
#2699=VERTEX_POINT('',#8439);
#2700=VERTEX_POINT('',#8443);
#2701=VERTEX_POINT('',#8447);
#2702=VERTEX_POINT('',#8449);
#2703=VERTEX_POINT('',#8451);
#2704=VERTEX_POINT('',#8453);
#2705=VERTEX_POINT('',#8455);
#2706=VERTEX_POINT('',#8457);
#2707=VERTEX_POINT('',#8459);
#2708=VERTEX_POINT('',#8461);
#2709=VERTEX_POINT('',#8463);
#2710=VERTEX_POINT('',#8465);
#2711=VERTEX_POINT('',#8469);
#2712=VERTEX_POINT('',#8470);
#2713=VERTEX_POINT('',#8479);
#2714=VERTEX_POINT('',#8485);
#2715=VERTEX_POINT('',#8488);
#2716=VERTEX_POINT('',#8493);
#2717=VERTEX_POINT('',#8494);
#2718=VERTEX_POINT('',#8497);
#2719=VERTEX_POINT('',#8504);
#2720=VERTEX_POINT('',#8507);
#2721=VERTEX_POINT('',#8509);
#2722=VERTEX_POINT('',#8511);
#2723=VERTEX_POINT('',#8513);
#2724=VERTEX_POINT('',#8515);
#2725=VERTEX_POINT('',#8517);
#2726=VERTEX_POINT('',#8519);
#2727=VERTEX_POINT('',#8521);
#2728=VERTEX_POINT('',#8523);
#2729=VERTEX_POINT('',#8525);
#2730=VERTEX_POINT('',#8527);
#2731=VERTEX_POINT('',#8529);
#2732=VERTEX_POINT('',#8539);
#2733=VERTEX_POINT('',#8541);
#2734=VERTEX_POINT('',#8543);
#2735=VERTEX_POINT('',#8546);
#2736=VERTEX_POINT('',#8550);
#2737=VERTEX_POINT('',#8552);
#2738=VERTEX_POINT('',#8555);
#2739=VERTEX_POINT('',#8557);
#2740=VERTEX_POINT('',#8565);
#2741=VERTEX_POINT('',#8567);
#2742=VERTEX_POINT('',#8586);
#2743=VERTEX_POINT('',#8588);
#2744=VERTEX_POINT('',#8603);
#2745=VERTEX_POINT('',#8605);
#2746=VERTEX_POINT('',#8608);
#2747=VERTEX_POINT('',#8610);
#2748=VERTEX_POINT('',#8622);
#2749=VERTEX_POINT('',#8629);
#2750=VERTEX_POINT('',#8635);
#2751=VERTEX_POINT('',#8637);
#2752=VERTEX_POINT('',#8641);
#2753=VERTEX_POINT('',#8642);
#2754=VERTEX_POINT('',#8648);
#2755=VERTEX_POINT('',#8650);
#2756=VERTEX_POINT('',#8663);
#2757=VERTEX_POINT('',#8665);
#2758=VERTEX_POINT('',#8669);
#2759=VERTEX_POINT('',#8671);
#2760=VERTEX_POINT('',#8675);
#2761=VERTEX_POINT('',#8679);
#2762=VERTEX_POINT('',#8683);
#2763=VERTEX_POINT('',#8687);
#2764=VERTEX_POINT('',#8691);
#2765=VERTEX_POINT('',#8693);
#2766=VERTEX_POINT('',#8702);
#2767=VERTEX_POINT('',#8704);
#2768=VERTEX_POINT('',#8708);
#2769=VERTEX_POINT('',#8712);
#2770=VERTEX_POINT('',#8716);
#2771=VERTEX_POINT('',#8720);
#2772=VERTEX_POINT('',#8724);
#2773=VERTEX_POINT('',#8726);
#2774=VERTEX_POINT('',#8728);
#2775=VERTEX_POINT('',#8734);
#2776=VERTEX_POINT('',#8740);
#2777=VERTEX_POINT('',#8741);
#2778=VERTEX_POINT('',#8748);
#2779=VERTEX_POINT('',#8750);
#2780=VERTEX_POINT('',#8792);
#2781=VERTEX_POINT('',#8796);
#2782=VERTEX_POINT('',#8803);
#2783=VERTEX_POINT('',#8807);
#2784=VERTEX_POINT('',#8814);
#2785=VERTEX_POINT('',#8816);
#2786=VERTEX_POINT('',#8820);
#2787=VERTEX_POINT('',#8824);
#2788=VERTEX_POINT('',#8831);
#2789=VERTEX_POINT('',#8833);
#2790=VERTEX_POINT('',#8837);
#2791=VERTEX_POINT('',#8841);
#2792=VERTEX_POINT('',#8849);
#2793=VERTEX_POINT('',#8850);
#2794=VERTEX_POINT('',#8852);
#2795=VERTEX_POINT('',#8854);
#2796=VERTEX_POINT('',#8858);
#2797=VERTEX_POINT('',#8860);
#2798=VERTEX_POINT('',#8864);
#2799=VERTEX_POINT('',#8865);
#2800=VERTEX_POINT('',#8867);
#2801=VERTEX_POINT('',#8869);
#2802=VERTEX_POINT('',#8871);
#2803=VERTEX_POINT('',#8873);
#2804=VERTEX_POINT('',#8875);
#2805=VERTEX_POINT('',#8877);
#2806=VERTEX_POINT('',#8879);
#2807=VERTEX_POINT('',#8881);
#2808=VERTEX_POINT('',#8883);
#2809=VERTEX_POINT('',#8885);
#2810=VERTEX_POINT('',#8887);
#2811=VERTEX_POINT('',#8889);
#2812=VERTEX_POINT('',#8891);
#2813=VERTEX_POINT('',#8895);
#2814=VERTEX_POINT('',#8897);
#2815=VERTEX_POINT('',#8899);
#2816=VERTEX_POINT('',#8901);
#2817=VERTEX_POINT('',#8903);
#2818=VERTEX_POINT('',#8907);
#2819=VERTEX_POINT('',#8908);
#2820=VERTEX_POINT('',#8913);
#2821=VERTEX_POINT('',#8914);
#2822=VERTEX_POINT('',#8916);
#2823=VERTEX_POINT('',#8918);
#2824=VERTEX_POINT('',#8920);
#2825=VERTEX_POINT('',#8922);
#2826=VERTEX_POINT('',#8924);
#2827=VERTEX_POINT('',#8927);
#2828=VERTEX_POINT('',#8929);
#2829=VERTEX_POINT('',#8931);
#2830=VERTEX_POINT('',#8933);
#2831=VERTEX_POINT('',#8935);
#2832=VERTEX_POINT('',#8937);
#2833=VERTEX_POINT('',#8939);
#2834=VERTEX_POINT('',#8941);
#2835=VERTEX_POINT('',#8943);
#2836=VERTEX_POINT('',#8947);
#2837=VERTEX_POINT('',#8949);
#2838=VERTEX_POINT('',#8951);
#2839=VERTEX_POINT('',#8953);
#2840=VERTEX_POINT('',#8959);
#2841=VERTEX_POINT('',#8971);
#2842=VERTEX_POINT('',#8973);
#2843=VERTEX_POINT('',#8975);
#2844=VERTEX_POINT('',#8977);
#2845=VERTEX_POINT('',#8979);
#2846=VERTEX_POINT('',#8981);
#2847=VERTEX_POINT('',#8983);
#2848=VERTEX_POINT('',#8992);
#2849=VERTEX_POINT('',#8997);
#2850=VERTEX_POINT('',#8999);
#2851=VERTEX_POINT('',#9001);
#2852=VERTEX_POINT('',#9003);
#2853=VERTEX_POINT('',#9005);
#2854=VERTEX_POINT('',#9007);
#2855=VERTEX_POINT('',#9009);
#2856=VERTEX_POINT('',#9023);
#2857=VERTEX_POINT('',#9024);
#2858=VERTEX_POINT('',#9026);
#2859=VERTEX_POINT('',#9028);
#2860=VERTEX_POINT('',#9030);
#2861=VERTEX_POINT('',#9032);
#2862=VERTEX_POINT('',#9034);
#2863=VERTEX_POINT('',#9036);
#2864=VERTEX_POINT('',#9040);
#2865=VERTEX_POINT('',#9042);
#2866=VERTEX_POINT('',#9048);
#2867=VERTEX_POINT('',#9053);
#2868=VERTEX_POINT('',#9055);
#2869=VERTEX_POINT('',#9060);
#2870=VERTEX_POINT('',#9064);
#2871=VERTEX_POINT('',#9068);
#2872=VERTEX_POINT('',#9076);
#2873=VERTEX_POINT('',#9078);
#2874=VERTEX_POINT('',#9080);
#2875=VERTEX_POINT('',#9082);
#2876=VERTEX_POINT('',#9139);
#2877=VERTEX_POINT('',#9141);
#2878=VERTEX_POINT('',#9143);
#2879=VERTEX_POINT('',#9145);
#2880=VERTEX_POINT('',#9158);
#2881=VERTEX_POINT('',#9160);
#2882=VERTEX_POINT('',#9162);
#2883=VERTEX_POINT('',#9164);
#2884=VERTEX_POINT('',#9184);
#2885=VERTEX_POINT('',#9186);
#2886=VERTEX_POINT('',#9190);
#2887=VERTEX_POINT('',#9194);
#2888=VERTEX_POINT('',#9197);
#2889=VERTEX_POINT('',#9201);
#2890=VERTEX_POINT('',#9203);
#2891=VERTEX_POINT('',#9207);
#2892=VERTEX_POINT('',#9211);
#2893=VERTEX_POINT('',#9214);
#2894=VERTEX_POINT('',#9220);
#2895=VERTEX_POINT('',#9224);
#2896=VERTEX_POINT('',#9226);
#2897=VERTEX_POINT('',#9230);
#2898=VERTEX_POINT('',#9234);
#2899=VERTEX_POINT('',#9237);
#2900=VERTEX_POINT('',#9241);
#2901=VERTEX_POINT('',#9243);
#2902=VERTEX_POINT('',#9247);
#2903=VERTEX_POINT('',#9252);
#2904=VERTEX_POINT('',#9260);
#2905=VERTEX_POINT('',#9262);
#2906=VERTEX_POINT('',#9266);
#2907=VERTEX_POINT('',#9268);
#2908=VERTEX_POINT('',#9274);
#2909=VERTEX_POINT('',#9275);
#2910=VERTEX_POINT('',#9313);
#2911=VERTEX_POINT('',#9315);
#2912=VERTEX_POINT('',#9330);
#2913=VERTEX_POINT('',#9337);
#2914=VERTEX_POINT('',#9342);
#2915=VERTEX_POINT('',#9346);
#2916=VERTEX_POINT('',#9352);
#2917=VERTEX_POINT('',#9356);
#2918=VERTEX_POINT('',#9362);
#2919=VERTEX_POINT('',#9369);
#2920=VERTEX_POINT('',#9376);
#2921=VERTEX_POINT('',#9378);
#2922=VERTEX_POINT('',#9392);
#2923=VERTEX_POINT('',#9405);
#2924=VERTEX_POINT('',#9422);
#2925=VERTEX_POINT('',#9432);
#2926=VERTEX_POINT('',#9441);
#2927=VERTEX_POINT('',#9443);
#2928=VERTEX_POINT('',#9450);
#2929=VERTEX_POINT('',#9463);
#2930=VERTEX_POINT('',#9472);
#2931=VERTEX_POINT('',#9474);
#2932=VERTEX_POINT('',#9476);
#2933=VERTEX_POINT('',#9480);
#2934=VERTEX_POINT('',#9484);
#2935=VERTEX_POINT('',#9486);
#2936=VERTEX_POINT('',#9490);
#2937=VERTEX_POINT('',#9497);
#2938=VERTEX_POINT('',#9499);
#2939=VERTEX_POINT('',#9503);
#2940=VERTEX_POINT('',#9507);
#2941=VERTEX_POINT('',#9511);
#2942=VERTEX_POINT('',#9513);
#2943=VERTEX_POINT('',#9521);
#2944=VERTEX_POINT('',#9523);
#2945=VERTEX_POINT('',#9528);
#2946=VERTEX_POINT('',#9541);
#2947=VERTEX_POINT('',#9550);
#2948=VERTEX_POINT('',#9558);
#2949=VERTEX_POINT('',#9564);
#2950=VERTEX_POINT('',#9570);
#2951=VERTEX_POINT('',#9574);
#2952=VERTEX_POINT('',#9579);
#2953=VERTEX_POINT('',#9588);
#2954=VERTEX_POINT('',#9601);
#2955=VERTEX_POINT('',#9618);
#2956=VERTEX_POINT('',#9619);
#2957=VERTEX_POINT('',#9678);
#2958=VERTEX_POINT('',#9680);
#2959=VERTEX_POINT('',#9687);
#2960=VERTEX_POINT('',#9732);
#2961=VERTEX_POINT('',#9733);
#2962=VERTEX_POINT('',#9737);
#2963=VERTEX_POINT('',#9740);
#2964=VERTEX_POINT('',#9744);
#2965=VERTEX_POINT('',#9749);
#2966=VERTEX_POINT('',#9751);
#2967=VERTEX_POINT('',#9755);
#2968=VERTEX_POINT('',#9759);
#2969=VERTEX_POINT('',#9763);
#2970=VERTEX_POINT('',#9769);
#2971=VERTEX_POINT('',#9771);
#2972=VERTEX_POINT('',#9778);
#2973=VERTEX_POINT('',#9798);
#2974=VERTEX_POINT('',#9800);
#2975=VERTEX_POINT('',#9823);
#2976=VERTEX_POINT('',#9830);
#2977=VERTEX_POINT('',#9832);
#2978=VERTEX_POINT('',#9846);
#2979=VERTEX_POINT('',#9859);
#2980=VERTEX_POINT('',#9889);
#2981=VERTEX_POINT('',#9894);
#2982=VERTEX_POINT('',#9915);
#2983=VERTEX_POINT('',#9916);
#2984=VERTEX_POINT('',#9985);
#2985=VERTEX_POINT('',#9987);
#2986=EDGE_CURVE('',#2448,#2448,#2344,.T.);
#2987=EDGE_CURVE('',#2448,#2449,#1036,.T.);
#2988=EDGE_CURVE('',#2449,#2449,#2345,.T.);
#2989=EDGE_CURVE('',#2450,#2450,#2346,.T.);
#2990=EDGE_CURVE('',#2450,#2451,#1037,.T.);
#2991=EDGE_CURVE('',#2451,#2451,#2347,.T.);
#2992=EDGE_CURVE('',#2452,#2453,#2348,.T.);
#2993=EDGE_CURVE('',#2452,#2454,#1038,.T.);
#2994=EDGE_CURVE('',#2454,#2455,#2349,.T.);
#2995=EDGE_CURVE('',#2453,#2455,#1039,.T.);
#2996=EDGE_CURVE('',#2456,#2457,#2350,.T.);
#2997=EDGE_CURVE('',#2456,#2458,#1040,.T.);
#2998=EDGE_CURVE('',#2458,#2459,#2351,.T.);
#2999=EDGE_CURVE('',#2457,#2459,#1041,.T.);
#3000=EDGE_CURVE('',#2460,#2461,#1042,.T.);
#3001=EDGE_CURVE('',#2460,#2462,#1043,.T.);
#3002=EDGE_CURVE('',#2463,#2462,#1044,.T.);
#3003=EDGE_CURVE('',#2461,#2463,#1045,.T.);
#3004=EDGE_CURVE('',#2464,#2465,#1046,.T.);
#3005=EDGE_CURVE('',#2464,#2466,#1047,.T.);
#3006=EDGE_CURVE('',#2466,#2467,#1048,.T.);
#3007=EDGE_CURVE('',#2465,#2467,#1049,.T.);
#3008=EDGE_CURVE('',#2468,#2469,#1050,.T.);
#3009=EDGE_CURVE('',#2470,#2469,#1051,.T.);
#3010=EDGE_CURVE('',#2471,#2470,#1052,.T.);
#3011=EDGE_CURVE('',#2472,#2471,#1053,.T.);
#3012=EDGE_CURVE('',#2473,#2472,#1054,.T.);
#3013=EDGE_CURVE('',#2473,#2474,#1055,.T.);
#3014=EDGE_CURVE('',#2475,#2474,#1056,.T.);
#3015=EDGE_CURVE('',#2476,#2475,#1057,.T.);
#3016=EDGE_CURVE('',#2477,#2476,#1058,.T.);
#3017=EDGE_CURVE('',#2477,#2478,#1059,.T.);
#3018=EDGE_CURVE('',#2479,#2478,#1060,.T.);
#3019=EDGE_CURVE('',#2480,#2479,#1061,.T.);
#3020=EDGE_CURVE('',#2481,#2480,#1062,.T.);
#3021=EDGE_CURVE('',#2482,#2481,#1063,.T.);
#3022=EDGE_CURVE('',#2483,#2482,#1064,.T.);
#3023=EDGE_CURVE('',#2484,#2483,#1065,.T.);
#3024=EDGE_CURVE('',#2485,#2484,#1066,.T.);
#3025=EDGE_CURVE('',#2486,#2485,#1067,.T.);
#3026=EDGE_CURVE('',#2486,#2487,#1068,.T.);
#3027=EDGE_CURVE('',#2487,#2488,#1069,.T.);
#3028=EDGE_CURVE('',#2489,#2488,#1070,.T.);
#3029=EDGE_CURVE('',#2490,#2489,#1071,.T.);
#3030=EDGE_CURVE('',#2490,#2491,#1072,.T.);
#3031=EDGE_CURVE('',#2491,#2492,#1073,.T.);
#3032=EDGE_CURVE('',#2493,#2492,#1074,.T.);
#3033=EDGE_CURVE('',#2494,#2493,#1075,.T.);
#3034=EDGE_CURVE('',#2494,#2495,#1076,.T.);
#3035=EDGE_CURVE('',#2495,#2468,#1077,.T.);
#3036=EDGE_CURVE('',#2496,#2497,#1078,.T.);
#3037=EDGE_CURVE('',#2497,#2498,#1079,.T.);
#3038=EDGE_CURVE('',#2498,#2499,#1080,.T.);
#3039=EDGE_CURVE('',#2499,#2496,#1081,.T.);
#3040=EDGE_CURVE('',#2500,#2501,#1082,.T.);
#3041=EDGE_CURVE('',#2501,#2502,#1083,.T.);
#3042=EDGE_CURVE('',#2502,#2503,#1084,.T.);
#3043=EDGE_CURVE('',#2503,#2500,#1085,.T.);
#3044=EDGE_CURVE('',#2504,#2469,#1086,.T.);
#3045=EDGE_CURVE('',#2504,#2505,#1087,.T.);
#3046=EDGE_CURVE('',#2494,#2505,#1088,.T.);
#3047=EDGE_CURVE('',#2506,#2493,#1089,.T.);
#3048=EDGE_CURVE('',#2506,#2507,#1090,.T.);
#3049=EDGE_CURVE('',#2507,#2508,#1091,.T.);
#3050=EDGE_CURVE('',#2509,#2508,#1092,.T.);
#3051=EDGE_CURVE('',#2509,#2510,#1093,.T.);
#3052=EDGE_CURVE('',#2510,#2511,#1094,.T.);
#3053=EDGE_CURVE('',#2511,#2512,#1095,.T.);
#3054=EDGE_CURVE('',#2512,#2513,#1096,.T.);
#3055=EDGE_CURVE('',#2513,#2470,#1097,.T.);
#3056=EDGE_CURVE('',#2514,#2515,#1098,.T.);
#3057=EDGE_CURVE('',#2514,#2516,#1099,.T.);
#3058=EDGE_CURVE('',#2516,#2517,#1100,.T.);
#3059=EDGE_CURVE('',#2518,#2517,#1101,.T.);
#3060=EDGE_CURVE('',#2518,#2519,#1102,.T.);
#3061=EDGE_CURVE('',#2519,#2515,#1103,.T.);
#3062=EDGE_CURVE('',#2520,#2521,#1104,.T.);
#3063=EDGE_CURVE('',#2521,#2522,#1105,.T.);
#3064=EDGE_CURVE('',#2523,#2522,#1106,.T.);
#3065=EDGE_CURVE('',#2523,#2524,#1107,.T.);
#3066=EDGE_CURVE('',#2524,#2525,#1108,.T.);
#3067=EDGE_CURVE('',#2526,#2525,#1109,.T.);
#3068=EDGE_CURVE('',#2527,#2526,#1110,.T.);
#3069=EDGE_CURVE('',#2527,#2520,#1111,.T.);
#3070=EDGE_CURVE('',#2528,#2529,#1112,.T.);
#3071=EDGE_CURVE('',#2529,#2530,#1113,.T.);
#3072=EDGE_CURVE('',#2531,#2530,#1114,.T.);
#3073=EDGE_CURVE('',#2532,#2531,#1115,.T.);
#3074=EDGE_CURVE('',#2533,#2532,#1116,.T.);
#3075=EDGE_CURVE('',#2533,#2528,#1117,.T.);
#3076=EDGE_CURVE('',#2534,#2515,#1118,.T.);
#3077=EDGE_CURVE('',#2535,#2519,#1119,.T.);
#3078=EDGE_CURVE('',#2506,#2535,#1120,.T.);
#3079=EDGE_CURVE('',#2492,#2536,#1121,.T.);
#3080=EDGE_CURVE('',#2536,#2537,#1122,.T.);
#3081=EDGE_CURVE('',#2537,#2538,#1123,.T.);
#3082=EDGE_CURVE('',#2538,#2534,#1124,.T.);
#3083=EDGE_CURVE('',#2539,#2489,#1125,.T.);
#3084=EDGE_CURVE('',#2488,#2540,#1126,.T.);
#3085=EDGE_CURVE('',#2540,#2541,#1127,.T.);
#3086=EDGE_CURVE('',#2541,#2542,#1128,.T.);
#3087=EDGE_CURVE('',#2542,#2543,#1129,.T.);
#3088=EDGE_CURVE('',#2543,#2522,#1130,.T.);
#3089=EDGE_CURVE('',#2521,#2544,#1131,.T.);
#3090=EDGE_CURVE('',#2544,#2545,#1132,.T.);
#3091=EDGE_CURVE('',#2545,#2546,#1133,.T.);
#3092=EDGE_CURVE('',#2546,#2539,#1134,.T.);
#3093=EDGE_CURVE('',#2547,#2485,#1135,.T.);
#3094=EDGE_CURVE('',#2484,#2548,#1136,.T.);
#3095=EDGE_CURVE('',#2549,#2548,#1137,.T.);
#3096=EDGE_CURVE('',#2530,#2549,#1138,.T.);
#3097=EDGE_CURVE('',#2529,#2550,#1139,.T.);
#3098=EDGE_CURVE('',#2550,#2551,#1140,.T.);
#3099=EDGE_CURVE('',#2551,#2552,#1141,.T.);
#3100=EDGE_CURVE('',#2552,#2547,#1142,.T.);
#3101=EDGE_CURVE('',#2553,#2554,#1143,.T.);
#3102=EDGE_CURVE('',#2554,#2534,#1144,.T.);
#3103=EDGE_CURVE('',#2555,#2538,#1145,.T.);
#3104=EDGE_CURVE('',#2555,#2553,#1146,.T.);
#3105=EDGE_CURVE('',#2544,#2556,#1147,.T.);
#3106=EDGE_CURVE('',#2556,#2557,#1148,.T.);
#3107=EDGE_CURVE('',#2557,#2558,#1149,.T.);
#3108=EDGE_CURVE('',#2558,#2545,#1150,.T.);
#3109=EDGE_CURVE('',#2536,#2559,#1151,.T.);
#3110=EDGE_CURVE('',#2559,#2560,#1152,.T.);
#3111=EDGE_CURVE('',#2560,#2561,#1153,.T.);
#3112=EDGE_CURVE('',#2561,#2537,#1154,.T.);
#3113=EDGE_CURVE('',#2562,#2563,#1155,.T.);
#3114=EDGE_CURVE('',#2563,#2539,#1156,.T.);
#3115=EDGE_CURVE('',#2564,#2546,#1157,.T.);
#3116=EDGE_CURVE('',#2564,#2562,#1158,.T.);
#3117=EDGE_CURVE('',#2550,#2565,#1159,.T.);
#3118=EDGE_CURVE('',#2565,#2566,#1160,.T.);
#3119=EDGE_CURVE('',#2566,#2567,#1161,.T.);
#3120=EDGE_CURVE('',#2567,#2551,#1162,.T.);
#3121=EDGE_CURVE('',#2568,#2569,#1163,.T.);
#3122=EDGE_CURVE('',#2569,#2543,#1164,.T.);
#3123=EDGE_CURVE('',#2570,#2542,#1165,.T.);
#3124=EDGE_CURVE('',#2570,#2568,#1166,.T.);
#3125=EDGE_CURVE('',#2571,#2572,#1167,.T.);
#3126=EDGE_CURVE('',#2572,#2547,#1168,.T.);
#3127=EDGE_CURVE('',#2573,#2552,#1169,.T.);
#3128=EDGE_CURVE('',#2573,#2571,#1170,.T.);
#3129=EDGE_CURVE('',#2540,#2574,#1171,.T.);
#3130=EDGE_CURVE('',#2574,#2575,#1172,.T.);
#3131=EDGE_CURVE('',#2575,#2576,#1173,.T.);
#3132=EDGE_CURVE('',#2576,#2541,#1174,.T.);
#3133=EDGE_CURVE('',#2577,#2578,#1175,.T.);
#3134=EDGE_CURVE('',#2578,#2572,#1176,.T.);
#3135=EDGE_CURVE('',#2577,#2571,#1177,.T.);
#3136=EDGE_CURVE('',#2574,#2579,#1178,.T.);
#3137=EDGE_CURVE('',#2579,#2580,#1179,.T.);
#3138=EDGE_CURVE('',#2580,#2575,#1180,.T.);
#3139=EDGE_CURVE('',#2565,#2528,#1181,.T.);
#3140=EDGE_CURVE('',#2566,#2533,#1182,.T.);
#3141=EDGE_CURVE('',#2523,#2569,#1183,.T.);
#3142=EDGE_CURVE('',#2524,#2568,#1184,.T.);
#3143=EDGE_CURVE('',#2581,#2559,#1185,.T.);
#3144=EDGE_CURVE('',#2581,#2582,#1186,.T.);
#3145=EDGE_CURVE('',#2582,#2560,#1187,.T.);
#3146=EDGE_CURVE('',#2563,#2583,#1188,.T.);
#3147=EDGE_CURVE('',#2584,#2562,#1189,.T.);
#3148=EDGE_CURVE('',#2584,#2583,#1190,.T.);
#3149=EDGE_CURVE('',#2554,#2514,#1191,.T.);
#3150=EDGE_CURVE('',#2516,#2553,#1192,.T.);
#3151=EDGE_CURVE('',#2520,#2556,#1193,.T.);
#3152=EDGE_CURVE('',#2557,#2527,#1194,.T.);
#3153=EDGE_CURVE('',#2585,#2581,#1195,.T.);
#3154=EDGE_CURVE('',#2585,#2586,#1196,.T.);
#3155=EDGE_CURVE('',#2583,#2586,#1197,.T.);
#3156=EDGE_CURVE('',#2587,#2584,#1198,.T.);
#3157=EDGE_CURVE('',#2588,#2587,#1199,.T.);
#3158=EDGE_CURVE('',#2582,#2588,#1200,.T.);
#3159=EDGE_CURVE('',#2589,#2590,#1201,.T.);
#3160=EDGE_CURVE('',#2590,#2578,#1202,.T.);
#3161=EDGE_CURVE('',#2591,#2577,#1203,.T.);
#3162=EDGE_CURVE('',#2592,#2591,#1204,.T.);
#3163=EDGE_CURVE('',#2580,#2592,#1205,.T.);
#3164=EDGE_CURVE('',#2579,#2589,#1206,.T.);
#3165=EDGE_CURVE('',#2562,#2557,#1207,.T.);
#3166=EDGE_CURVE('',#2558,#2564,#1208,.T.);
#3167=EDGE_CURVE('',#2560,#2553,#1209,.T.);
#3168=EDGE_CURVE('',#2561,#2555,#1210,.T.);
#3169=EDGE_CURVE('',#2571,#2566,#1211,.T.);
#3170=EDGE_CURVE('',#2567,#2573,#1212,.T.);
#3171=EDGE_CURVE('',#2575,#2568,#1213,.T.);
#3172=EDGE_CURVE('',#2576,#2570,#1214,.T.);
#3173=EDGE_CURVE('',#2593,#2594,#1215,.T.);
#3174=EDGE_CURVE('',#2593,#2595,#1216,.T.);
#3175=EDGE_CURVE('',#2595,#2596,#1217,.T.);
#3176=EDGE_CURVE('',#2594,#2596,#1218,.T.);
#3177=EDGE_CURVE('',#2595,#2597,#1219,.T.);
#3178=EDGE_CURVE('',#2597,#2598,#1220,.T.);
#3179=EDGE_CURVE('',#2596,#2598,#1221,.T.);
#3180=EDGE_CURVE('',#2599,#2600,#1222,.T.);
#3181=EDGE_CURVE('',#2599,#2601,#1223,.T.);
#3182=EDGE_CURVE('',#2601,#2602,#1224,.T.);
#3183=EDGE_CURVE('',#2600,#2602,#1225,.T.);
#3184=EDGE_CURVE('',#2601,#2603,#1226,.T.);
#3185=EDGE_CURVE('',#2603,#2604,#1227,.T.);
#3186=EDGE_CURVE('',#2602,#2604,#1228,.T.);
#3187=EDGE_CURVE('',#2603,#2593,#1229,.T.);
#3188=EDGE_CURVE('',#2604,#2594,#1230,.T.);
#3189=EDGE_CURVE('',#2605,#2606,#1231,.T.);
#3190=EDGE_CURVE('',#2605,#2607,#1232,.T.);
#3191=EDGE_CURVE('',#2607,#2608,#1233,.T.);
#3192=EDGE_CURVE('',#2606,#2608,#1234,.T.);
#3193=EDGE_CURVE('',#2607,#2609,#1235,.T.);
#3194=EDGE_CURVE('',#2609,#2610,#1236,.T.);
#3195=EDGE_CURVE('',#2608,#2610,#1237,.T.);
#3196=EDGE_CURVE('',#2611,#2612,#1238,.T.);
#3197=EDGE_CURVE('',#2611,#2613,#1239,.T.);
#3198=EDGE_CURVE('',#2613,#2614,#1240,.T.);
#3199=EDGE_CURVE('',#2612,#2614,#1241,.T.);
#3200=EDGE_CURVE('',#2613,#2615,#1242,.T.);
#3201=EDGE_CURVE('',#2615,#2616,#1243,.T.);
#3202=EDGE_CURVE('',#2614,#2616,#1244,.T.);
#3203=EDGE_CURVE('',#2615,#2605,#1245,.T.);
#3204=EDGE_CURVE('',#2616,#2606,#1246,.T.);
#3205=EDGE_CURVE('',#2610,#2526,#1247,.T.);
#3206=EDGE_CURVE('',#2525,#2600,#1248,.T.);
#3207=EDGE_CURVE('',#2598,#2532,#1249,.T.);
#3208=EDGE_CURVE('',#2531,#2617,#1250,.T.);
#3209=EDGE_CURVE('',#2617,#2618,#1251,.T.);
#3210=EDGE_CURVE('',#2618,#2619,#1252,.T.);
#3211=EDGE_CURVE('',#2620,#2619,#2352,.T.);
#3212=EDGE_CURVE('',#2621,#2620,#1253,.T.);
#3213=EDGE_CURVE('',#2622,#2621,#1254,.T.);
#3214=EDGE_CURVE('',#2622,#2623,#1255,.T.);
#3215=EDGE_CURVE('',#2623,#2624,#2353,.T.);
#3216=EDGE_CURVE('',#2624,#2625,#1256,.T.);
#3217=EDGE_CURVE('',#2626,#2625,#2354,.T.);
#3218=EDGE_CURVE('',#2627,#2626,#1257,.T.);
#3219=EDGE_CURVE('',#2628,#2627,#1258,.T.);
#3220=EDGE_CURVE('',#2628,#2629,#1259,.T.);
#3221=EDGE_CURVE('',#2629,#2630,#2355,.T.);
#3222=EDGE_CURVE('',#2630,#2507,#1260,.T.);
#3223=EDGE_CURVE('',#2507,#2631,#1261,.T.);
#3224=EDGE_CURVE('',#2631,#2518,#1262,.T.);
#3225=EDGE_CURVE('',#2517,#2612,#1263,.T.);
#3226=EDGE_CURVE('',#2632,#2633,#1264,.T.);
#3227=EDGE_CURVE('',#2634,#2633,#1265,.T.);
#3228=EDGE_CURVE('',#2635,#2634,#1266,.T.);
#3229=EDGE_CURVE('',#2636,#2635,#1267,.T.);
#3230=EDGE_CURVE('',#2637,#2636,#1268,.T.);
#3231=EDGE_CURVE('',#2471,#2637,#1269,.T.);
#3232=EDGE_CURVE('',#2513,#2638,#1270,.T.);
#3233=EDGE_CURVE('',#2638,#2632,#1271,.T.);
#3234=EDGE_CURVE('',#2639,#2478,#1272,.T.);
#3235=EDGE_CURVE('',#2640,#2639,#1273,.T.);
#3236=EDGE_CURVE('',#2641,#2640,#1274,.T.);
#3237=EDGE_CURVE('',#2642,#2641,#1275,.T.);
#3238=EDGE_CURVE('',#2643,#2642,#1276,.T.);
#3239=EDGE_CURVE('',#2643,#2644,#1277,.T.);
#3240=EDGE_CURVE('',#2644,#2645,#1278,.T.);
#3241=EDGE_CURVE('',#2645,#2646,#1279,.T.);
#3242=EDGE_CURVE('',#2479,#2646,#1280,.T.);
#3243=EDGE_CURVE('',#2647,#2633,#1281,.T.);
#3244=EDGE_CURVE('',#2648,#2632,#1282,.T.);
#3245=EDGE_CURVE('',#2648,#2649,#1283,.T.);
#3246=EDGE_CURVE('',#2650,#2649,#1284,.T.);
#3247=EDGE_CURVE('',#2647,#2650,#1285,.T.);
#3248=EDGE_CURVE('',#2651,#2643,#1286,.T.);
#3249=EDGE_CURVE('',#2652,#2651,#1287,.T.);
#3250=EDGE_CURVE('',#2652,#2653,#1288,.T.);
#3251=EDGE_CURVE('',#2653,#2654,#1289,.T.);
#3252=EDGE_CURVE('',#2654,#2644,#1290,.T.);
#3253=EDGE_CURVE('',#2655,#2656,#1291,.T.);
#3254=EDGE_CURVE('',#2655,#2637,#1292,.T.);
#3255=EDGE_CURVE('',#2657,#2636,#1293,.T.);
#3256=EDGE_CURVE('',#2656,#2657,#1294,.T.);
#3257=EDGE_CURVE('',#2634,#2658,#1295,.T.);
#3258=EDGE_CURVE('',#2659,#2658,#1296,.T.);
#3259=EDGE_CURVE('',#2660,#2659,#1297,.T.);
#3260=EDGE_CURVE('',#2660,#2635,#1298,.T.);
#3261=EDGE_CURVE('',#2639,#2661,#1299,.T.);
#3262=EDGE_CURVE('',#2662,#2661,#1300,.T.);
#3263=EDGE_CURVE('',#2663,#2662,#1301,.T.);
#3264=EDGE_CURVE('',#2663,#2640,#1302,.T.);
#3265=EDGE_CURVE('',#2664,#2665,#1303,.T.);
#3266=EDGE_CURVE('',#2664,#2642,#1304,.T.);
#3267=EDGE_CURVE('',#2666,#2641,#1305,.T.);
#3268=EDGE_CURVE('',#2665,#2666,#1306,.T.);
#3269=EDGE_CURVE('',#2664,#2651,#1307,.T.);
#3270=EDGE_CURVE('',#2665,#2652,#1308,.T.);
#3271=EDGE_CURVE('',#2667,#2661,#1309,.T.);
#3272=EDGE_CURVE('',#2668,#2667,#1310,.T.);
#3273=EDGE_CURVE('',#2668,#2662,#1311,.T.);
#3274=EDGE_CURVE('',#2658,#2647,#1312,.T.);
#3275=EDGE_CURVE('',#2650,#2659,#1313,.T.);
#3276=EDGE_CURVE('',#2669,#2670,#1314,.T.);
#3277=EDGE_CURVE('',#2669,#2655,#1315,.T.);
#3278=EDGE_CURVE('',#2670,#2656,#1316,.T.);
#3279=EDGE_CURVE('',#2671,#2672,#1317,.T.);
#3280=EDGE_CURVE('',#2672,#2673,#1318,.T.);
#3281=EDGE_CURVE('',#2673,#2674,#1319,.T.);
#3282=EDGE_CURVE('',#2674,#2671,#1320,.T.);
#3283=EDGE_CURVE('',#2662,#2665,#1321,.T.);
#3284=EDGE_CURVE('',#2666,#2663,#1322,.T.);
#3285=EDGE_CURVE('',#2618,#2675,#1323,.T.);
#3286=EDGE_CURVE('',#2675,#2458,#1324,.T.);
#3287=EDGE_CURVE('',#2619,#2458,#1325,.T.);
#3288=EDGE_CURVE('',#2676,#2677,#1326,.T.);
#3289=EDGE_CURVE('',#2625,#2676,#1327,.T.);
#3290=EDGE_CURVE('',#2624,#2677,#1328,.T.);
#3291=EDGE_CURVE('',#2678,#2512,#1329,.T.);
#3292=EDGE_CURVE('',#2511,#2454,#1330,.T.);
#3293=EDGE_CURVE('',#2454,#2678,#1331,.T.);
#3294=EDGE_CURVE('',#2630,#2679,#1332,.T.);
#3295=EDGE_CURVE('',#2508,#2679,#1333,.T.);
#3296=EDGE_CURVE('',#2509,#2680,#1334,.T.);
#3297=EDGE_CURVE('',#2680,#2452,#1335,.T.);
#3298=EDGE_CURVE('',#2510,#2452,#1336,.T.);
#3299=EDGE_CURVE('',#2681,#2682,#1337,.T.);
#3300=EDGE_CURVE('',#2683,#2682,#1338,.T.);
#3301=EDGE_CURVE('',#2684,#2683,#1339,.T.);
#3302=EDGE_CURVE('',#2684,#2681,#1340,.T.);
#3303=EDGE_CURVE('',#2456,#2685,#1341,.T.);
#3304=EDGE_CURVE('',#2686,#2456,#1342,.T.);
#3305=EDGE_CURVE('',#2686,#2687,#1343,.T.);
#3306=EDGE_CURVE('',#2687,#2685,#1344,.T.);
#3307=EDGE_CURVE('',#2688,#2689,#1345,.T.);
#3308=EDGE_CURVE('',#2688,#2628,#1346,.T.);
#3309=EDGE_CURVE('',#2627,#2689,#1347,.T.);
#3310=EDGE_CURVE('',#2690,#2691,#1348,.T.);
#3311=EDGE_CURVE('',#2690,#2692,#1349,.T.);
#3312=EDGE_CURVE('',#2692,#2693,#1350,.T.);
#3313=EDGE_CURVE('',#2693,#2691,#1351,.T.);
#3314=EDGE_CURVE('',#2694,#2695,#1352,.T.);
#3315=EDGE_CURVE('',#2694,#2696,#1353,.T.);
#3316=EDGE_CURVE('',#2696,#2697,#1354,.T.);
#3317=EDGE_CURVE('',#2697,#2695,#1355,.T.);
#3318=EDGE_CURVE('',#2698,#2626,#1356,.T.);
#3319=EDGE_CURVE('',#2692,#2698,#1357,.T.);
#3320=EDGE_CURVE('',#2503,#2690,#1358,.T.);
#3321=EDGE_CURVE('',#2502,#2689,#1359,.T.);
#3322=EDGE_CURVE('',#2699,#2620,#1360,.T.);
#3323=EDGE_CURVE('',#2696,#2699,#1361,.T.);
#3324=EDGE_CURVE('',#2498,#2694,#1362,.T.);
#3325=EDGE_CURVE('',#2497,#2700,#1363,.T.);
#3326=EDGE_CURVE('',#2621,#2700,#1364,.T.);
#3327=EDGE_CURVE('',#2701,#2474,#1365,.T.);
#3328=EDGE_CURVE('',#2702,#2701,#1366,.T.);
#3329=EDGE_CURVE('',#2703,#2702,#1367,.T.);
#3330=EDGE_CURVE('',#2704,#2703,#1368,.T.);
#3331=EDGE_CURVE('',#2705,#2704,#1369,.T.);
#3332=EDGE_CURVE('',#2705,#2706,#1370,.T.);
#3333=EDGE_CURVE('',#2707,#2706,#1371,.T.);
#3334=EDGE_CURVE('',#2708,#2707,#1372,.T.);
#3335=EDGE_CURVE('',#2709,#2708,#1373,.T.);
#3336=EDGE_CURVE('',#2710,#2709,#1374,.T.);
#3337=EDGE_CURVE('',#2475,#2710,#1375,.T.);
#3338=EDGE_CURVE('',#2711,#2712,#1376,.T.);
#3339=EDGE_CURVE('',#2712,#2480,#1377,.T.);
#3340=EDGE_CURVE('',#2681,#2646,#1378,.T.);
#3341=EDGE_CURVE('',#2687,#2684,#1379,.T.);
#3342=EDGE_CURVE('',#2686,#2675,#1380,.T.);
#3343=EDGE_CURVE('',#2548,#2618,#1381,.T.);
#3344=EDGE_CURVE('',#2483,#2711,#1382,.T.);
#3345=EDGE_CURVE('',#2693,#2713,#1383,.T.);
#3346=EDGE_CURVE('',#2713,#2629,#1384,.T.);
#3347=EDGE_CURVE('',#2501,#2688,#1385,.T.);
#3348=EDGE_CURVE('',#2500,#2691,#1386,.T.);
#3349=EDGE_CURVE('',#2697,#2714,#1387,.T.);
#3350=EDGE_CURVE('',#2714,#2623,#1388,.T.);
#3351=EDGE_CURVE('',#2715,#2622,#1389,.T.);
#3352=EDGE_CURVE('',#2496,#2715,#1390,.T.);
#3353=EDGE_CURVE('',#2499,#2695,#1391,.T.);
#3354=EDGE_CURVE('',#2716,#2717,#1392,.T.);
#3355=EDGE_CURVE('',#2649,#2716,#1393,.T.);
#3356=EDGE_CURVE('',#2718,#2648,#1394,.T.);
#3357=EDGE_CURVE('',#2512,#2718,#1395,.T.);
#3358=EDGE_CURVE('',#2713,#2678,#2356,.T.);
#3359=EDGE_CURVE('',#2698,#2467,#2357,.T.);
#3360=EDGE_CURVE('',#2714,#2466,#2358,.T.);
#3361=EDGE_CURVE('',#2699,#2682,#2359,.T.);
#3362=EDGE_CURVE('',#2719,#2681,#1396,.T.);
#3363=EDGE_CURVE('',#2654,#2719,#1397,.T.);
#3364=EDGE_CURVE('',#2720,#2653,#1398,.T.);
#3365=EDGE_CURVE('',#2721,#2720,#1399,.T.);
#3366=EDGE_CURVE('',#2722,#2721,#1400,.T.);
#3367=EDGE_CURVE('',#2723,#2722,#1401,.T.);
#3368=EDGE_CURVE('',#2724,#2723,#1402,.T.);
#3369=EDGE_CURVE('',#2725,#2724,#1403,.T.);
#3370=EDGE_CURVE('',#2726,#2725,#1404,.T.);
#3371=EDGE_CURVE('',#2727,#2726,#1405,.T.);
#3372=EDGE_CURVE('',#2728,#2727,#1406,.T.);
#3373=EDGE_CURVE('',#2729,#2728,#1407,.T.);
#3374=EDGE_CURVE('',#2730,#2729,#1408,.T.);
#3375=EDGE_CURVE('',#2731,#2730,#1409,.T.);
#3376=EDGE_CURVE('',#2717,#2731,#1410,.T.);
#3377=EDGE_CURVE('',#2715,#2700,#1411,.T.);
#3378=EDGE_CURVE('',#2680,#2679,#1412,.T.);
#3379=EDGE_CURVE('',#2685,#2683,#1413,.T.);
#3380=EDGE_CURVE('',#2461,#2732,#2360,.T.);
#3381=EDGE_CURVE('',#2733,#2463,#2361,.T.);
#3382=EDGE_CURVE('',#2734,#2733,#1414,.T.);
#3383=EDGE_CURVE('',#2465,#2734,#2362,.T.);
#3384=EDGE_CURVE('',#2735,#2676,#2363,.T.);
#3385=EDGE_CURVE('',#2732,#2735,#1415,.T.);
#3386=EDGE_CURVE('',#2460,#2736,#2364,.T.);
#3387=EDGE_CURVE('',#2736,#2737,#1416,.T.);
#3388=EDGE_CURVE('',#2737,#2677,#2365,.T.);
#3389=EDGE_CURVE('',#2464,#2738,#2366,.T.);
#3390=EDGE_CURVE('',#2738,#2739,#1417,.T.);
#3391=EDGE_CURVE('',#2739,#2462,#2367,.T.);
#3392=EDGE_CURVE('',#2740,#2684,#2368,.T.);
#3393=EDGE_CURVE('',#2741,#2740,#1418,.T.);
#3394=EDGE_CURVE('',#2741,#2687,#2369,.T.);
#3395=EDGE_CURVE('',#2683,#2740,#2370,.T.);
#3396=EDGE_CURVE('',#2685,#2741,#2371,.T.);
#3397=EDGE_CURVE('',#2459,#2675,#2372,.T.);
#3398=EDGE_CURVE('',#2457,#2686,#2373,.T.);
#3399=EDGE_CURVE('',#2455,#2511,#2374,.T.);
#3400=EDGE_CURVE('',#2453,#2510,#2375,.T.);
#3401=EDGE_CURVE('',#2742,#2508,#2376,.T.);
#3402=EDGE_CURVE('',#2743,#2742,#1419,.T.);
#3403=EDGE_CURVE('',#2743,#2509,#2377,.T.);
#3404=EDGE_CURVE('',#2679,#2742,#2378,.T.);
#3405=EDGE_CURVE('',#2680,#2743,#2379,.T.);
#3406=EDGE_CURVE('',#2718,#2638,#1420,.T.);
#3407=EDGE_CURVE('',#2719,#2645,#1421,.T.);
#3408=EDGE_CURVE('',#2744,#2705,#1422,.T.);
#3409=EDGE_CURVE('',#2745,#2744,#1423,.T.);
#3410=EDGE_CURVE('',#2745,#2727,#1424,.T.);
#3411=EDGE_CURVE('',#2746,#2726,#1425,.T.);
#3412=EDGE_CURVE('',#2747,#2746,#1426,.T.);
#3413=EDGE_CURVE('',#2747,#2706,#1427,.T.);
#3414=EDGE_CURVE('',#2631,#2535,#1428,.T.);
#3415=EDGE_CURVE('',#2617,#2549,#1429,.T.);
#3416=EDGE_CURVE('',#2657,#2660,#1430,.T.);
#3417=EDGE_CURVE('',#2701,#2748,#1431,.T.);
#3418=EDGE_CURVE('',#2672,#2748,#1432,.T.);
#3419=EDGE_CURVE('',#2671,#2702,#1433,.T.);
#3420=EDGE_CURVE('',#2674,#2703,#1434,.T.);
#3421=EDGE_CURVE('',#2749,#2673,#1435,.T.);
#3422=EDGE_CURVE('',#2749,#2704,#1436,.T.);
#3423=EDGE_CURVE('',#2656,#2659,#1437,.T.);
#3424=EDGE_CURVE('',#2750,#2708,#1438,.T.);
#3425=EDGE_CURVE('',#2751,#2750,#1439,.T.);
#3426=EDGE_CURVE('',#2751,#2709,#1440,.T.);
#3427=EDGE_CURVE('',#2752,#2753,#1441,.T.);
#3428=EDGE_CURVE('',#2752,#2710,#1442,.T.);
#3429=EDGE_CURVE('',#2753,#2751,#1443,.T.);
#3430=EDGE_CURVE('',#2707,#2754,#1444,.T.);
#3431=EDGE_CURVE('',#2755,#2754,#1445,.T.);
#3432=EDGE_CURVE('',#2750,#2755,#1446,.T.);
#3433=EDGE_CURVE('',#2753,#2755,#1447,.T.);
#3434=EDGE_CURVE('',#2747,#2754,#1448,.T.);
#3435=EDGE_CURVE('',#2746,#2755,#1449,.T.);
#3436=EDGE_CURVE('',#2752,#2756,#1450,.T.);
#3437=EDGE_CURVE('',#2757,#2753,#1451,.T.);
#3438=EDGE_CURVE('',#2756,#2757,#1452,.T.);
#3439=EDGE_CURVE('',#2758,#2721,#1453,.T.);
#3440=EDGE_CURVE('',#2758,#2759,#1454,.T.);
#3441=EDGE_CURVE('',#2759,#2722,#1455,.T.);
#3442=EDGE_CURVE('',#2759,#2760,#1456,.T.);
#3443=EDGE_CURVE('',#2760,#2723,#1457,.T.);
#3444=EDGE_CURVE('',#2760,#2761,#1458,.T.);
#3445=EDGE_CURVE('',#2761,#2724,#1459,.T.);
#3446=EDGE_CURVE('',#2762,#2761,#1460,.T.);
#3447=EDGE_CURVE('',#2762,#2725,#1461,.T.);
#3448=EDGE_CURVE('',#2763,#2762,#1462,.T.);
#3449=EDGE_CURVE('',#2757,#2763,#1463,.T.);
#3450=EDGE_CURVE('',#2764,#2668,#1464,.T.);
#3451=EDGE_CURVE('',#2764,#2765,#1465,.T.);
#3452=EDGE_CURVE('',#2765,#2720,#1466,.T.);
#3453=EDGE_CURVE('',#2765,#2758,#1467,.T.);
#3454=EDGE_CURVE('',#2744,#2749,#1468,.T.);
#3455=EDGE_CURVE('',#2673,#2745,#1469,.T.);
#3456=EDGE_CURVE('',#2766,#2729,#1470,.T.);
#3457=EDGE_CURVE('',#2766,#2767,#1471,.T.);
#3458=EDGE_CURVE('',#2767,#2730,#1472,.T.);
#3459=EDGE_CURVE('',#2767,#2768,#1473,.T.);
#3460=EDGE_CURVE('',#2768,#2731,#1474,.T.);
#3461=EDGE_CURVE('',#2768,#2769,#1475,.T.);
#3462=EDGE_CURVE('',#2769,#2717,#1476,.T.);
#3463=EDGE_CURVE('',#2770,#2769,#1477,.T.);
#3464=EDGE_CURVE('',#2770,#2716,#1478,.T.);
#3465=EDGE_CURVE('',#2771,#2770,#1479,.T.);
#3466=EDGE_CURVE('',#2670,#2771,#1480,.T.);
#3467=EDGE_CURVE('',#2772,#2672,#1481,.T.);
#3468=EDGE_CURVE('',#2773,#2772,#1482,.T.);
#3469=EDGE_CURVE('',#2773,#2774,#1483,.T.);
#3470=EDGE_CURVE('',#2774,#2728,#1484,.T.);
#3471=EDGE_CURVE('',#2774,#2766,#1485,.T.);
#3472=EDGE_CURVE('',#2748,#2775,#1486,.T.);
#3473=EDGE_CURVE('',#2772,#2775,#1487,.T.);
#3474=EDGE_CURVE('',#2771,#2773,#1488,.T.);
#3475=EDGE_CURVE('',#2776,#2777,#1489,.T.);
#3476=EDGE_CURVE('',#2777,#2669,#1490,.T.);
#3477=EDGE_CURVE('',#2775,#2776,#1491,.T.);
#3478=EDGE_CURVE('',#2763,#2764,#1492,.T.);
#3479=EDGE_CURVE('',#2778,#2667,#1493,.T.);
#3480=EDGE_CURVE('',#2778,#2779,#1494,.T.);
#3481=EDGE_CURVE('',#2756,#2779,#1495,.T.);
#3482=EDGE_CURVE('',#2778,#2477,#1496,.T.);
#3483=EDGE_CURVE('',#2476,#2779,#1497,.T.);
#3484=EDGE_CURVE('',#2776,#2473,#1498,.T.);
#3485=EDGE_CURVE('',#2472,#2777,#1499,.T.);
#3486=EDGE_CURVE('',#2591,#2597,#1500,.T.);
#3487=EDGE_CURVE('',#2592,#2599,#1501,.T.);
#3488=EDGE_CURVE('',#2587,#2609,#1502,.T.);
#3489=EDGE_CURVE('',#2588,#2611,#1503,.T.);
#3490=EDGE_CURVE('',#2487,#2589,#1504,.T.);
#3491=EDGE_CURVE('',#2590,#2486,#1505,.T.);
#3492=EDGE_CURVE('',#2491,#2585,#1506,.T.);
#3493=EDGE_CURVE('',#2586,#2490,#1507,.T.);
#3494=EDGE_CURVE('',#2780,#2712,#1508,.T.);
#3495=EDGE_CURVE('',#2780,#2481,#1509,.T.);
#3496=EDGE_CURVE('',#2781,#2482,#1510,.T.);
#3497=EDGE_CURVE('',#2711,#2781,#1511,.T.);
#3498=EDGE_CURVE('',#2781,#2780,#1512,.T.);
#3499=EDGE_CURVE('',#2782,#2468,#1513,.T.);
#3500=EDGE_CURVE('',#2782,#2504,#1514,.T.);
#3501=EDGE_CURVE('',#2505,#2783,#1515,.T.);
#3502=EDGE_CURVE('',#2783,#2495,#1516,.T.);
#3503=EDGE_CURVE('',#2783,#2782,#1517,.T.);
#3504=EDGE_CURVE('',#2784,#2734,#1518,.T.);
#3505=EDGE_CURVE('',#2785,#2784,#1519,.T.);
#3506=EDGE_CURVE('',#2785,#2738,#1520,.T.);
#3507=EDGE_CURVE('',#2786,#2785,#1521,.T.);
#3508=EDGE_CURVE('',#2786,#2739,#1522,.T.);
#3509=EDGE_CURVE('',#2787,#2786,#1523,.T.);
#3510=EDGE_CURVE('',#2787,#2733,#1524,.T.);
#3511=EDGE_CURVE('',#2784,#2787,#1525,.T.);
#3512=EDGE_CURVE('',#2788,#2732,#1526,.T.);
#3513=EDGE_CURVE('',#2789,#2788,#1527,.T.);
#3514=EDGE_CURVE('',#2789,#2736,#1528,.T.);
#3515=EDGE_CURVE('',#2790,#2789,#1529,.T.);
#3516=EDGE_CURVE('',#2790,#2737,#1530,.T.);
#3517=EDGE_CURVE('',#2791,#2790,#1531,.T.);
#3518=EDGE_CURVE('',#2791,#2735,#1532,.T.);
#3519=EDGE_CURVE('',#2788,#2791,#1533,.T.);
#3520=EDGE_CURVE('',#2792,#2793,#2380,.T.);
#3521=EDGE_CURVE('',#2792,#2794,#1534,.T.);
#3522=EDGE_CURVE('',#2794,#2795,#2381,.T.);
#3523=EDGE_CURVE('',#2793,#2795,#1535,.T.);
#3524=EDGE_CURVE('',#2796,#2796,#2382,.T.);
#3525=EDGE_CURVE('',#2796,#2797,#1536,.T.);
#3526=EDGE_CURVE('',#2797,#2797,#2383,.T.);
#3527=EDGE_CURVE('',#2798,#2799,#1537,.T.);
#3528=EDGE_CURVE('',#2799,#2800,#1538,.T.);
#3529=EDGE_CURVE('',#2800,#2801,#1539,.T.);
#3530=EDGE_CURVE('',#2802,#2801,#1540,.T.);
#3531=EDGE_CURVE('',#2803,#2802,#1541,.T.);
#3532=EDGE_CURVE('',#2804,#2803,#1542,.T.);
#3533=EDGE_CURVE('',#2805,#2804,#1543,.T.);
#3534=EDGE_CURVE('',#2805,#2806,#1544,.T.);
#3535=EDGE_CURVE('',#2807,#2806,#1545,.T.);
#3536=EDGE_CURVE('',#2808,#2807,#1546,.T.);
#3537=EDGE_CURVE('',#2809,#2808,#1547,.T.);
#3538=EDGE_CURVE('',#2809,#2810,#1548,.T.);
#3539=EDGE_CURVE('',#2811,#2810,#1549,.T.);
#3540=EDGE_CURVE('',#2811,#2812,#1550,.T.);
#3541=EDGE_CURVE('',#2812,#2794,#1551,.T.);
#3542=EDGE_CURVE('',#2792,#2793,#1552,.T.);
#3543=EDGE_CURVE('',#2795,#2813,#1553,.T.);
#3544=EDGE_CURVE('',#2814,#2813,#1554,.T.);
#3545=EDGE_CURVE('',#2814,#2815,#1555,.T.);
#3546=EDGE_CURVE('',#2815,#2816,#1556,.T.);
#3547=EDGE_CURVE('',#2816,#2817,#1557,.T.);
#3548=EDGE_CURVE('',#2817,#2798,#1558,.T.);
#3549=EDGE_CURVE('',#2818,#2819,#1559,.T.);
#3550=EDGE_CURVE('',#2818,#2815,#1560,.T.);
#3551=EDGE_CURVE('',#2819,#2814,#1561,.T.);
#3552=EDGE_CURVE('',#2820,#2821,#1562,.T.);
#3553=EDGE_CURVE('',#2821,#2822,#1563,.T.);
#3554=EDGE_CURVE('',#2822,#2823,#1564,.T.);
#3555=EDGE_CURVE('',#2823,#2824,#1565,.T.);
#3556=EDGE_CURVE('',#2824,#2825,#1566,.T.);
#3557=EDGE_CURVE('',#2826,#2825,#1567,.T.);
#3558=EDGE_CURVE('',#2826,#2818,#1568,.T.);
#3559=EDGE_CURVE('',#2819,#2827,#1569,.T.);
#3560=EDGE_CURVE('',#2827,#2828,#1570,.T.);
#3561=EDGE_CURVE('',#2829,#2828,#1571,.T.);
#3562=EDGE_CURVE('',#2830,#2829,#1572,.T.);
#3563=EDGE_CURVE('',#2831,#2830,#1573,.T.);
#3564=EDGE_CURVE('',#2832,#2831,#1574,.T.);
#3565=EDGE_CURVE('',#2833,#2832,#1575,.T.);
#3566=EDGE_CURVE('',#2833,#2834,#1576,.T.);
#3567=EDGE_CURVE('',#2835,#2834,#1577,.T.);
#3568=EDGE_CURVE('',#2820,#2835,#1578,.T.);
#3569=EDGE_CURVE('',#2836,#2816,#1579,.T.);
#3570=EDGE_CURVE('',#2837,#2836,#1580,.T.);
#3571=EDGE_CURVE('',#2838,#2837,#1581,.T.);
#3572=EDGE_CURVE('',#2839,#2838,#1582,.T.);
#3573=EDGE_CURVE('',#2825,#2839,#1583,.T.);
#3574=EDGE_CURVE('',#2817,#2824,#1584,.T.);
#3575=EDGE_CURVE('',#2827,#2813,#1585,.T.);
#3576=EDGE_CURVE('',#2840,#2812,#87,.T.);
#3577=EDGE_CURVE('',#2841,#2840,#1586,.T.);
#3578=EDGE_CURVE('',#2842,#2841,#2384,.T.);
#3579=EDGE_CURVE('',#2843,#2842,#1587,.T.);
#3580=EDGE_CURVE('',#2844,#2843,#1588,.T.);
#3581=EDGE_CURVE('',#2845,#2844,#1589,.T.);
#3582=EDGE_CURVE('',#2846,#2845,#2385,.T.);
#3583=EDGE_CURVE('',#2847,#2846,#1590,.T.);
#3584=EDGE_CURVE('',#2828,#2847,#88,.T.);
#3585=EDGE_CURVE('',#2810,#2807,#2386,.T.);
#3586=EDGE_CURVE('',#2830,#2806,#1591,.T.);
#3587=EDGE_CURVE('',#2829,#2848,#89,.T.);
#3588=EDGE_CURVE('',#2848,#2849,#1592,.T.);
#3589=EDGE_CURVE('',#2849,#2850,#2387,.T.);
#3590=EDGE_CURVE('',#2850,#2851,#1593,.T.);
#3591=EDGE_CURVE('',#2851,#2852,#1594,.T.);
#3592=EDGE_CURVE('',#2852,#2853,#1595,.T.);
#3593=EDGE_CURVE('',#2853,#2854,#2388,.T.);
#3594=EDGE_CURVE('',#2854,#2855,#1596,.T.);
#3595=EDGE_CURVE('',#2855,#2811,#90,.T.);
#3596=EDGE_CURVE('',#2856,#2857,#1597,.T.);
#3597=EDGE_CURVE('',#2856,#2858,#1598,.T.);
#3598=EDGE_CURVE('',#2859,#2858,#1599,.T.);
#3599=EDGE_CURVE('',#2860,#2859,#1600,.T.);
#3600=EDGE_CURVE('',#2861,#2860,#1601,.T.);
#3601=EDGE_CURVE('',#2862,#2861,#1602,.T.);
#3602=EDGE_CURVE('',#2863,#2862,#1603,.T.);
#3603=EDGE_CURVE('',#2857,#2863,#1604,.T.);
#3604=EDGE_CURVE('',#2864,#2859,#1605,.T.);
#3605=EDGE_CURVE('',#2865,#2864,#1606,.T.);
#3606=EDGE_CURVE('',#2865,#2860,#1607,.T.);
#3607=EDGE_CURVE('',#2858,#2799,#2389,.T.);
#3608=EDGE_CURVE('',#2798,#2823,#1608,.T.);
#3609=EDGE_CURVE('',#2822,#2866,#2390,.T.);
#3610=EDGE_CURVE('',#2864,#2866,#1609,.T.);
#3611=EDGE_CURVE('',#2800,#2856,#2391,.T.);
#3612=EDGE_CURVE('',#2867,#2857,#1610,.T.);
#3613=EDGE_CURVE('',#2868,#2867,#1611,.T.);
#3614=EDGE_CURVE('',#2868,#2821,#2392,.T.);
#3615=EDGE_CURVE('',#2801,#2820,#1612,.T.);
#3616=EDGE_CURVE('',#2869,#2863,#1613,.T.);
#3617=EDGE_CURVE('',#2867,#2869,#1614,.T.);
#3618=EDGE_CURVE('',#2870,#2862,#1615,.T.);
#3619=EDGE_CURVE('',#2869,#2870,#1616,.T.);
#3620=EDGE_CURVE('',#2871,#2861,#1617,.T.);
#3621=EDGE_CURVE('',#2870,#2871,#1618,.T.);
#3622=EDGE_CURVE('',#2871,#2865,#1619,.T.);
#3623=EDGE_CURVE('',#2866,#2868,#1620,.T.);
#3624=EDGE_CURVE('',#2834,#2872,#1621,.T.);
#3625=EDGE_CURVE('',#2872,#2873,#1622,.T.);
#3626=EDGE_CURVE('',#2873,#2874,#1623,.T.);
#3627=EDGE_CURVE('',#2874,#2875,#1624,.T.);
#3628=EDGE_CURVE('',#2875,#2803,#1625,.T.);
#3629=EDGE_CURVE('',#2802,#2835,#1626,.T.);
#3630=EDGE_CURVE('',#2848,#2847,#1627,.T.);
#3631=EDGE_CURVE('',#2849,#2846,#1628,.T.);
#3632=EDGE_CURVE('',#2850,#2845,#1629,.T.);
#3633=EDGE_CURVE('',#2851,#2844,#1630,.T.);
#3634=EDGE_CURVE('',#2852,#2843,#1631,.T.);
#3635=EDGE_CURVE('',#2853,#2842,#1632,.T.);
#3636=EDGE_CURVE('',#2854,#2841,#1633,.T.);
#3637=EDGE_CURVE('',#2855,#2840,#1634,.T.);
#3638=EDGE_CURVE('',#2831,#2805,#1635,.T.);
#3639=EDGE_CURVE('',#2832,#2804,#1636,.T.);
#3640=EDGE_CURVE('',#2833,#2876,#1637,.T.);
#3641=EDGE_CURVE('',#2877,#2832,#1638,.T.);
#3642=EDGE_CURVE('',#2878,#2877,#1639,.T.);
#3643=EDGE_CURVE('',#2879,#2878,#1640,.T.);
#3644=EDGE_CURVE('',#2876,#2879,#1641,.T.);
#3645=EDGE_CURVE('',#2877,#2875,#1642,.T.);
#3646=EDGE_CURVE('',#2878,#2874,#1643,.T.);
#3647=EDGE_CURVE('',#2879,#2873,#1644,.T.);
#3648=EDGE_CURVE('',#2876,#2872,#1645,.T.);
#3649=EDGE_CURVE('',#2880,#2818,#1646,.T.);
#3650=EDGE_CURVE('',#2826,#2881,#1647,.T.);
#3651=EDGE_CURVE('',#2881,#2882,#1648,.T.);
#3652=EDGE_CURVE('',#2882,#2883,#1649,.T.);
#3653=EDGE_CURVE('',#2883,#2880,#1650,.T.);
#3654=EDGE_CURVE('',#2881,#2839,#1651,.T.);
#3655=EDGE_CURVE('',#2882,#2838,#1652,.T.);
#3656=EDGE_CURVE('',#2883,#2837,#1653,.T.);
#3657=EDGE_CURVE('',#2880,#2836,#1654,.T.);
#3658=EDGE_CURVE('',#2809,#2808,#2393,.T.);
#3659=EDGE_CURVE('',#2884,#2884,#2394,.T.);
#3660=EDGE_CURVE('',#2884,#2885,#2395,.T.);
#3661=EDGE_CURVE('',#2885,#2885,#2396,.T.);
#3662=EDGE_CURVE('',#2885,#2886,#1655,.T.);
#3663=EDGE_CURVE('',#2886,#2886,#2397,.T.);
#3664=EDGE_CURVE('',#2887,#2887,#2398,.T.);
#3665=EDGE_CURVE('',#2886,#2888,#2399,.T.);
#3666=EDGE_CURVE('',#2888,#2888,#2400,.T.);
#3667=EDGE_CURVE('',#2889,#2889,#2401,.T.);
#3668=EDGE_CURVE('',#2889,#2890,#2402,.T.);
#3669=EDGE_CURVE('',#2890,#2890,#2403,.T.);
#3670=EDGE_CURVE('',#2891,#2891,#2404,.T.);
#3671=EDGE_CURVE('',#2891,#2889,#1656,.T.);
#3672=EDGE_CURVE('',#2892,#2892,#2405,.T.);
#3673=EDGE_CURVE('',#2893,#2893,#2406,.T.);
#3674=EDGE_CURVE('',#2893,#2891,#2407,.T.);
#3675=EDGE_CURVE('',#2888,#2893,#2408,.T.);
#3676=EDGE_CURVE('',#2892,#2894,#1657,.T.);
#3677=EDGE_CURVE('',#2894,#2894,#2409,.T.);
#3678=EDGE_CURVE('',#2895,#2895,#2410,.T.);
#3679=EDGE_CURVE('',#2895,#2896,#2411,.T.);
#3680=EDGE_CURVE('',#2896,#2896,#2412,.T.);
#3681=EDGE_CURVE('',#2897,#2897,#2413,.T.);
#3682=EDGE_CURVE('',#2897,#2895,#1658,.T.);
#3683=EDGE_CURVE('',#2898,#2898,#2414,.T.);
#3684=EDGE_CURVE('',#2899,#2899,#2415,.T.);
#3685=EDGE_CURVE('',#2899,#2897,#2416,.T.);
#3686=EDGE_CURVE('',#2900,#2900,#2417,.T.);
#3687=EDGE_CURVE('',#2900,#2901,#2418,.T.);
#3688=EDGE_CURVE('',#2901,#2901,#2419,.T.);
#3689=EDGE_CURVE('',#2901,#2902,#1659,.T.);
#3690=EDGE_CURVE('',#2902,#2902,#2420,.T.);
#3691=EDGE_CURVE('',#2902,#2903,#2421,.T.);
#3692=EDGE_CURVE('',#2903,#2903,#2422,.T.);
#3693=EDGE_CURVE('',#2898,#2887,#1660,.T.);
#3694=EDGE_CURVE('',#2903,#2899,#2423,.T.);
#3695=EDGE_CURVE('',#2904,#2904,#2424,.T.);
#3696=EDGE_CURVE('',#2904,#2905,#1661,.T.);
#3697=EDGE_CURVE('',#2905,#2905,#2425,.T.);
#3698=EDGE_CURVE('',#2906,#2906,#2426,.T.);
#3699=EDGE_CURVE('',#2906,#2907,#1662,.T.);
#3700=EDGE_CURVE('',#2907,#2907,#2427,.T.);
#3701=EDGE_CURVE('',#2908,#2909,#91,.T.);
#3702=EDGE_CURVE('',#2908,#2910,#1663,.T.);
#3703=EDGE_CURVE('',#2911,#2910,#92,.T.);
#3704=EDGE_CURVE('',#2909,#2911,#1664,.T.);
#3705=EDGE_CURVE('',#2909,#2912,#93,.T.);
#3706=EDGE_CURVE('',#2913,#2911,#94,.T.);
#3707=EDGE_CURVE('',#2914,#2913,#41,.T.);
#3708=EDGE_CURVE('',#2915,#2914,#1665,.T.);
#3709=EDGE_CURVE('',#2912,#2915,#42,.T.);
#3710=EDGE_CURVE('',#2915,#2916,#43,.T.);
#3711=EDGE_CURVE('',#2917,#2914,#44,.T.);
#3712=EDGE_CURVE('',#2916,#2917,#1666,.T.);
#3713=EDGE_CURVE('',#2918,#2908,#95,.T.);
#3714=EDGE_CURVE('',#2919,#2918,#96,.T.);
#3715=EDGE_CURVE('',#2919,#2920,#1667,.T.);
#3716=EDGE_CURVE('',#2921,#2920,#97,.T.);
#3717=EDGE_CURVE('',#2910,#2921,#98,.T.);
#3718=EDGE_CURVE('',#2922,#2919,#99,.T.);
#3719=EDGE_CURVE('',#2922,#2923,#1668,.T.);
#3720=EDGE_CURVE('',#2920,#2923,#100,.T.);
#3721=EDGE_CURVE('',#2924,#2922,#101,.T.);
#3722=EDGE_CURVE('',#2916,#2924,#45,.T.);
#3723=EDGE_CURVE('',#2925,#2917,#46,.T.);
#3724=EDGE_CURVE('',#2923,#2925,#102,.T.);
#3725=EDGE_CURVE('',#2912,#2926,#2428,.T.);
#3726=EDGE_CURVE('',#2926,#2927,#103,.T.);
#3727=EDGE_CURVE('',#2927,#2928,#104,.T.);
#3728=EDGE_CURVE('',#2928,#2929,#105,.T.);
#3729=EDGE_CURVE('',#2918,#2929,#2429,.T.);
#3730=EDGE_CURVE('',#2930,#2930,#2430,.T.);
#3731=EDGE_CURVE('',#2930,#2931,#1669,.T.);
#3732=EDGE_CURVE('',#2931,#2932,#47,.F.);
#3733=EDGE_CURVE('',#2932,#2933,#48,.T.);
#3734=EDGE_CURVE('',#2934,#2933,#2431,.T.);
#3735=EDGE_CURVE('',#2934,#2935,#49,.T.);
#3736=EDGE_CURVE('',#2935,#2936,#50,.T.);
#3737=EDGE_CURVE('',#2936,#2926,#51,.T.);
#3738=EDGE_CURVE('',#2937,#2924,#2432,.T.);
#3739=EDGE_CURVE('',#2937,#2938,#52,.T.);
#3740=EDGE_CURVE('',#2938,#2939,#53,.T.);
#3741=EDGE_CURVE('',#2939,#2940,#54,.T.);
#3742=EDGE_CURVE('',#2941,#2940,#2433,.T.);
#3743=EDGE_CURVE('',#2941,#2942,#55,.T.);
#3744=EDGE_CURVE('',#2942,#2931,#56,.F.);
#3745=EDGE_CURVE('',#2943,#2925,#2434,.T.);
#3746=EDGE_CURVE('',#2943,#2944,#106,.T.);
#3747=EDGE_CURVE('',#2944,#2945,#107,.T.);
#3748=EDGE_CURVE('',#2945,#2946,#108,.T.);
#3749=EDGE_CURVE('',#2946,#2921,#2435,.T.);
#3750=EDGE_CURVE('',#2947,#2937,#109,.T.);
#3751=EDGE_CURVE('',#2947,#2944,#1670,.T.);
#3752=EDGE_CURVE('',#2948,#2943,#57,.T.);
#3753=EDGE_CURVE('',#2938,#2948,#1671,.T.);
#3754=EDGE_CURVE('',#2949,#2948,#58,.T.);
#3755=EDGE_CURVE('',#2939,#2949,#1672,.T.);
#3756=EDGE_CURVE('',#2950,#2949,#59,.T.);
#3757=EDGE_CURVE('',#2951,#2950,#110,.T.);
#3758=EDGE_CURVE('',#2952,#2951,#1673,.T.);
#3759=EDGE_CURVE('',#2940,#2952,#111,.T.);
#3760=EDGE_CURVE('',#2952,#2953,#112,.T.);
#3761=EDGE_CURVE('',#2954,#2951,#113,.T.);
#3762=EDGE_CURVE('',#2953,#2954,#1674,.T.);
#3763=EDGE_CURVE('',#2955,#2956,#114,.T.);
#3764=EDGE_CURVE('',#2953,#2955,#115,.T.);
#3765=EDGE_CURVE('',#2946,#2954,#116,.T.);
#3766=EDGE_CURVE('',#2956,#2945,#1675,.T.);
#3767=EDGE_CURVE('',#2956,#2947,#117,.T.);
#3768=EDGE_CURVE('',#2957,#2955,#2436,.T.);
#3769=EDGE_CURVE('',#2957,#2958,#118,.T.);
#3770=EDGE_CURVE('',#2958,#2959,#119,.T.);
#3771=EDGE_CURVE('',#2959,#2941,#120,.T.);
#3772=EDGE_CURVE('',#2960,#2961,#60,.F.);
#3773=EDGE_CURVE('',#2961,#2962,#1676,.T.);
#3774=EDGE_CURVE('',#2962,#2962,#2437,.T.);
#3775=EDGE_CURVE('',#2961,#2963,#61,.F.);
#3776=EDGE_CURVE('',#2963,#2964,#62,.T.);
#3777=EDGE_CURVE('',#2964,#2950,#2438,.T.);
#3778=EDGE_CURVE('',#2913,#2965,#2439,.T.);
#3779=EDGE_CURVE('',#2965,#2966,#63,.T.);
#3780=EDGE_CURVE('',#2966,#2967,#64,.T.);
#3781=EDGE_CURVE('',#2967,#2968,#65,.T.);
#3782=EDGE_CURVE('',#2968,#2969,#2440,.T.);
#3783=EDGE_CURVE('',#2969,#2960,#66,.T.);
#3784=EDGE_CURVE('',#2921,#2970,#2441,.T.);
#3785=EDGE_CURVE('',#2970,#2971,#121,.T.);
#3786=EDGE_CURVE('',#2971,#2972,#122,.T.);
#3787=EDGE_CURVE('',#2972,#2965,#123,.T.);
#3788=EDGE_CURVE('',#2958,#2973,#1677,.T.);
#3789=EDGE_CURVE('',#2974,#2973,#124,.T.);
#3790=EDGE_CURVE('',#2959,#2974,#1678,.T.);
#3791=EDGE_CURVE('',#2964,#2974,#125,.T.);
#3792=EDGE_CURVE('',#2942,#2963,#1679,.T.);
#3793=EDGE_CURVE('',#2932,#2960,#1680,.T.);
#3794=EDGE_CURVE('',#2975,#2957,#126,.T.);
#3795=EDGE_CURVE('',#2975,#2976,#1681,.T.);
#3796=EDGE_CURVE('',#2977,#2976,#127,.T.);
#3797=EDGE_CURVE('',#2973,#2977,#128,.T.);
#3798=EDGE_CURVE('',#2978,#2975,#129,.T.);
#3799=EDGE_CURVE('',#2978,#2979,#1682,.T.);
#3800=EDGE_CURVE('',#2976,#2979,#130,.T.);
#3801=EDGE_CURVE('',#2933,#2978,#131,.T.);
#3802=EDGE_CURVE('',#2979,#2969,#132,.T.);
#3803=EDGE_CURVE('',#2955,#2918,#2442,.T.);
#3804=EDGE_CURVE('',#2968,#2980,#133,.T.);
#3805=EDGE_CURVE('',#2980,#2981,#134,.T.);
#3806=EDGE_CURVE('',#2981,#2970,#135,.T.);
#3807=EDGE_CURVE('',#2970,#2977,#2443,.T.);
#3808=EDGE_CURVE('',#2982,#2983,#136,.T.);
#3809=EDGE_CURVE('',#2982,#2981,#1683,.T.);
#3810=EDGE_CURVE('',#2983,#2980,#1684,.T.);
#3811=EDGE_CURVE('',#2983,#2934,#137,.T.);
#3812=EDGE_CURVE('',#2935,#2967,#1685,.T.);
#3813=EDGE_CURVE('',#2936,#2966,#1686,.T.);
#3814=EDGE_CURVE('',#2929,#2982,#138,.T.);
#3815=EDGE_CURVE('',#2928,#2971,#1687,.T.);
#3816=EDGE_CURVE('',#2927,#2972,#1688,.T.);
#3817=EDGE_CURVE('',#2977,#2946,#2444,.T.);
#3818=EDGE_CURVE('',#2929,#2957,#2445,.T.);
#3819=EDGE_CURVE('',#2984,#2984,#2446,.F.);
#3820=EDGE_CURVE('',#2984,#2985,#1689,.T.);
#3821=EDGE_CURVE('',#2985,#2985,#2447,.T.);
#3822=ORIENTED_EDGE('',*,*,#2986,.T.);
#3823=ORIENTED_EDGE('',*,*,#2987,.T.);
#3824=ORIENTED_EDGE('',*,*,#2988,.T.);
#3825=ORIENTED_EDGE('',*,*,#2987,.F.);
#3826=ORIENTED_EDGE('',*,*,#2989,.T.);
#3827=ORIENTED_EDGE('',*,*,#2990,.T.);
#3828=ORIENTED_EDGE('',*,*,#2991,.T.);
#3829=ORIENTED_EDGE('',*,*,#2990,.F.);
#3830=ORIENTED_EDGE('',*,*,#2992,.F.);
#3831=ORIENTED_EDGE('',*,*,#2993,.T.);
#3832=ORIENTED_EDGE('',*,*,#2994,.T.);
#3833=ORIENTED_EDGE('',*,*,#2995,.F.);
#3834=ORIENTED_EDGE('',*,*,#2996,.F.);
#3835=ORIENTED_EDGE('',*,*,#2997,.T.);
#3836=ORIENTED_EDGE('',*,*,#2998,.T.);
#3837=ORIENTED_EDGE('',*,*,#2999,.F.);
#3838=ORIENTED_EDGE('',*,*,#3000,.F.);
#3839=ORIENTED_EDGE('',*,*,#3001,.T.);
#3840=ORIENTED_EDGE('',*,*,#3002,.F.);
#3841=ORIENTED_EDGE('',*,*,#3003,.F.);
#3842=ORIENTED_EDGE('',*,*,#3004,.F.);
#3843=ORIENTED_EDGE('',*,*,#3005,.T.);
#3844=ORIENTED_EDGE('',*,*,#3006,.T.);
#3845=ORIENTED_EDGE('',*,*,#3007,.F.);
#3846=ORIENTED_EDGE('',*,*,#3008,.T.);
#3847=ORIENTED_EDGE('',*,*,#3009,.F.);
#3848=ORIENTED_EDGE('',*,*,#3010,.F.);
#3849=ORIENTED_EDGE('',*,*,#3011,.F.);
#3850=ORIENTED_EDGE('',*,*,#3012,.F.);
#3851=ORIENTED_EDGE('',*,*,#3013,.T.);
#3852=ORIENTED_EDGE('',*,*,#3014,.F.);
#3853=ORIENTED_EDGE('',*,*,#3015,.F.);
#3854=ORIENTED_EDGE('',*,*,#3016,.F.);
#3855=ORIENTED_EDGE('',*,*,#3017,.T.);
#3856=ORIENTED_EDGE('',*,*,#3018,.F.);
#3857=ORIENTED_EDGE('',*,*,#3019,.F.);
#3858=ORIENTED_EDGE('',*,*,#3020,.F.);
#3859=ORIENTED_EDGE('',*,*,#3021,.F.);
#3860=ORIENTED_EDGE('',*,*,#3022,.F.);
#3861=ORIENTED_EDGE('',*,*,#3023,.F.);
#3862=ORIENTED_EDGE('',*,*,#3024,.F.);
#3863=ORIENTED_EDGE('',*,*,#3025,.F.);
#3864=ORIENTED_EDGE('',*,*,#3026,.T.);
#3865=ORIENTED_EDGE('',*,*,#3027,.T.);
#3866=ORIENTED_EDGE('',*,*,#3028,.F.);
#3867=ORIENTED_EDGE('',*,*,#3029,.F.);
#3868=ORIENTED_EDGE('',*,*,#3030,.T.);
#3869=ORIENTED_EDGE('',*,*,#3031,.T.);
#3870=ORIENTED_EDGE('',*,*,#3032,.F.);
#3871=ORIENTED_EDGE('',*,*,#3033,.F.);
#3872=ORIENTED_EDGE('',*,*,#3034,.T.);
#3873=ORIENTED_EDGE('',*,*,#3035,.T.);
#3874=ORIENTED_EDGE('',*,*,#2986,.F.);
#3875=ORIENTED_EDGE('',*,*,#2989,.F.);
#3876=ORIENTED_EDGE('',*,*,#3036,.T.);
#3877=ORIENTED_EDGE('',*,*,#3037,.T.);
#3878=ORIENTED_EDGE('',*,*,#3038,.T.);
#3879=ORIENTED_EDGE('',*,*,#3039,.T.);
#3880=ORIENTED_EDGE('',*,*,#3040,.T.);
#3881=ORIENTED_EDGE('',*,*,#3041,.T.);
#3882=ORIENTED_EDGE('',*,*,#3042,.T.);
#3883=ORIENTED_EDGE('',*,*,#3043,.T.);
#3884=ORIENTED_EDGE('',*,*,#3044,.F.);
#3885=ORIENTED_EDGE('',*,*,#3045,.T.);
#3886=ORIENTED_EDGE('',*,*,#3046,.F.);
#3887=ORIENTED_EDGE('',*,*,#3033,.T.);
#3888=ORIENTED_EDGE('',*,*,#3047,.F.);
#3889=ORIENTED_EDGE('',*,*,#3048,.T.);
#3890=ORIENTED_EDGE('',*,*,#3049,.T.);
#3891=ORIENTED_EDGE('',*,*,#3050,.F.);
#3892=ORIENTED_EDGE('',*,*,#3051,.T.);
#3893=ORIENTED_EDGE('',*,*,#3052,.T.);
#3894=ORIENTED_EDGE('',*,*,#3053,.T.);
#3895=ORIENTED_EDGE('',*,*,#3054,.T.);
#3896=ORIENTED_EDGE('',*,*,#3055,.T.);
#3897=ORIENTED_EDGE('',*,*,#3009,.T.);
#3898=ORIENTED_EDGE('',*,*,#3056,.F.);
#3899=ORIENTED_EDGE('',*,*,#3057,.T.);
#3900=ORIENTED_EDGE('',*,*,#3058,.T.);
#3901=ORIENTED_EDGE('',*,*,#3059,.F.);
#3902=ORIENTED_EDGE('',*,*,#3060,.T.);
#3903=ORIENTED_EDGE('',*,*,#3061,.T.);
#3904=ORIENTED_EDGE('',*,*,#3062,.T.);
#3905=ORIENTED_EDGE('',*,*,#3063,.T.);
#3906=ORIENTED_EDGE('',*,*,#3064,.F.);
#3907=ORIENTED_EDGE('',*,*,#3065,.T.);
#3908=ORIENTED_EDGE('',*,*,#3066,.T.);
#3909=ORIENTED_EDGE('',*,*,#3067,.F.);
#3910=ORIENTED_EDGE('',*,*,#3068,.F.);
#3911=ORIENTED_EDGE('',*,*,#3069,.T.);
#3912=ORIENTED_EDGE('',*,*,#3070,.T.);
#3913=ORIENTED_EDGE('',*,*,#3071,.T.);
#3914=ORIENTED_EDGE('',*,*,#3072,.F.);
#3915=ORIENTED_EDGE('',*,*,#3073,.F.);
#3916=ORIENTED_EDGE('',*,*,#3074,.F.);
#3917=ORIENTED_EDGE('',*,*,#3075,.T.);
#3918=ORIENTED_EDGE('',*,*,#3076,.T.);
#3919=ORIENTED_EDGE('',*,*,#3061,.F.);
#3920=ORIENTED_EDGE('',*,*,#3077,.F.);
#3921=ORIENTED_EDGE('',*,*,#3078,.F.);
#3922=ORIENTED_EDGE('',*,*,#3047,.T.);
#3923=ORIENTED_EDGE('',*,*,#3032,.T.);
#3924=ORIENTED_EDGE('',*,*,#3079,.T.);
#3925=ORIENTED_EDGE('',*,*,#3080,.T.);
#3926=ORIENTED_EDGE('',*,*,#3081,.T.);
#3927=ORIENTED_EDGE('',*,*,#3082,.T.);
#3928=ORIENTED_EDGE('',*,*,#3083,.T.);
#3929=ORIENTED_EDGE('',*,*,#3028,.T.);
#3930=ORIENTED_EDGE('',*,*,#3084,.T.);
#3931=ORIENTED_EDGE('',*,*,#3085,.T.);
#3932=ORIENTED_EDGE('',*,*,#3086,.T.);
#3933=ORIENTED_EDGE('',*,*,#3087,.T.);
#3934=ORIENTED_EDGE('',*,*,#3088,.T.);
#3935=ORIENTED_EDGE('',*,*,#3063,.F.);
#3936=ORIENTED_EDGE('',*,*,#3089,.T.);
#3937=ORIENTED_EDGE('',*,*,#3090,.T.);
#3938=ORIENTED_EDGE('',*,*,#3091,.T.);
#3939=ORIENTED_EDGE('',*,*,#3092,.T.);
#3940=ORIENTED_EDGE('',*,*,#3093,.T.);
#3941=ORIENTED_EDGE('',*,*,#3024,.T.);
#3942=ORIENTED_EDGE('',*,*,#3094,.T.);
#3943=ORIENTED_EDGE('',*,*,#3095,.F.);
#3944=ORIENTED_EDGE('',*,*,#3096,.F.);
#3945=ORIENTED_EDGE('',*,*,#3071,.F.);
#3946=ORIENTED_EDGE('',*,*,#3097,.T.);
#3947=ORIENTED_EDGE('',*,*,#3098,.T.);
#3948=ORIENTED_EDGE('',*,*,#3099,.T.);
#3949=ORIENTED_EDGE('',*,*,#3100,.T.);
#3950=ORIENTED_EDGE('',*,*,#3101,.T.);
#3951=ORIENTED_EDGE('',*,*,#3102,.T.);
#3952=ORIENTED_EDGE('',*,*,#3082,.F.);
#3953=ORIENTED_EDGE('',*,*,#3103,.F.);
#3954=ORIENTED_EDGE('',*,*,#3104,.T.);
#3955=ORIENTED_EDGE('',*,*,#3090,.F.);
#3956=ORIENTED_EDGE('',*,*,#3105,.T.);
#3957=ORIENTED_EDGE('',*,*,#3106,.T.);
#3958=ORIENTED_EDGE('',*,*,#3107,.T.);
#3959=ORIENTED_EDGE('',*,*,#3108,.T.);
#3960=ORIENTED_EDGE('',*,*,#3080,.F.);
#3961=ORIENTED_EDGE('',*,*,#3109,.T.);
#3962=ORIENTED_EDGE('',*,*,#3110,.T.);
#3963=ORIENTED_EDGE('',*,*,#3111,.T.);
#3964=ORIENTED_EDGE('',*,*,#3112,.T.);
#3965=ORIENTED_EDGE('',*,*,#3113,.T.);
#3966=ORIENTED_EDGE('',*,*,#3114,.T.);
#3967=ORIENTED_EDGE('',*,*,#3092,.F.);
#3968=ORIENTED_EDGE('',*,*,#3115,.F.);
#3969=ORIENTED_EDGE('',*,*,#3116,.T.);
#3970=ORIENTED_EDGE('',*,*,#3098,.F.);
#3971=ORIENTED_EDGE('',*,*,#3117,.T.);
#3972=ORIENTED_EDGE('',*,*,#3118,.T.);
#3973=ORIENTED_EDGE('',*,*,#3119,.T.);
#3974=ORIENTED_EDGE('',*,*,#3120,.T.);
#3975=ORIENTED_EDGE('',*,*,#3121,.T.);
#3976=ORIENTED_EDGE('',*,*,#3122,.T.);
#3977=ORIENTED_EDGE('',*,*,#3087,.F.);
#3978=ORIENTED_EDGE('',*,*,#3123,.F.);
#3979=ORIENTED_EDGE('',*,*,#3124,.T.);
#3980=ORIENTED_EDGE('',*,*,#3125,.T.);
#3981=ORIENTED_EDGE('',*,*,#3126,.T.);
#3982=ORIENTED_EDGE('',*,*,#3100,.F.);
#3983=ORIENTED_EDGE('',*,*,#3127,.F.);
#3984=ORIENTED_EDGE('',*,*,#3128,.T.);
#3985=ORIENTED_EDGE('',*,*,#3085,.F.);
#3986=ORIENTED_EDGE('',*,*,#3129,.T.);
#3987=ORIENTED_EDGE('',*,*,#3130,.T.);
#3988=ORIENTED_EDGE('',*,*,#3131,.T.);
#3989=ORIENTED_EDGE('',*,*,#3132,.T.);
#3990=ORIENTED_EDGE('',*,*,#3133,.T.);
#3991=ORIENTED_EDGE('',*,*,#3134,.T.);
#3992=ORIENTED_EDGE('',*,*,#3125,.F.);
#3993=ORIENTED_EDGE('',*,*,#3135,.F.);
#3994=ORIENTED_EDGE('',*,*,#3130,.F.);
#3995=ORIENTED_EDGE('',*,*,#3136,.T.);
#3996=ORIENTED_EDGE('',*,*,#3137,.T.);
#3997=ORIENTED_EDGE('',*,*,#3138,.T.);
#3998=ORIENTED_EDGE('',*,*,#3118,.F.);
#3999=ORIENTED_EDGE('',*,*,#3139,.T.);
#4000=ORIENTED_EDGE('',*,*,#3075,.F.);
#4001=ORIENTED_EDGE('',*,*,#3140,.F.);
#4002=ORIENTED_EDGE('',*,*,#3065,.F.);
#4003=ORIENTED_EDGE('',*,*,#3141,.T.);
#4004=ORIENTED_EDGE('',*,*,#3121,.F.);
#4005=ORIENTED_EDGE('',*,*,#3142,.F.);
#4006=ORIENTED_EDGE('',*,*,#3143,.F.);
#4007=ORIENTED_EDGE('',*,*,#3144,.T.);
#4008=ORIENTED_EDGE('',*,*,#3145,.T.);
#4009=ORIENTED_EDGE('',*,*,#3110,.F.);
#4010=ORIENTED_EDGE('',*,*,#3146,.F.);
#4011=ORIENTED_EDGE('',*,*,#3113,.F.);
#4012=ORIENTED_EDGE('',*,*,#3147,.F.);
#4013=ORIENTED_EDGE('',*,*,#3148,.T.);
#4014=ORIENTED_EDGE('',*,*,#3149,.F.);
#4015=ORIENTED_EDGE('',*,*,#3101,.F.);
#4016=ORIENTED_EDGE('',*,*,#3150,.F.);
#4017=ORIENTED_EDGE('',*,*,#3057,.F.);
#4018=ORIENTED_EDGE('',*,*,#3151,.F.);
#4019=ORIENTED_EDGE('',*,*,#3069,.F.);
#4020=ORIENTED_EDGE('',*,*,#3152,.F.);
#4021=ORIENTED_EDGE('',*,*,#3106,.F.);
#4022=ORIENTED_EDGE('',*,*,#3153,.F.);
#4023=ORIENTED_EDGE('',*,*,#3154,.T.);
#4024=ORIENTED_EDGE('',*,*,#3155,.F.);
#4025=ORIENTED_EDGE('',*,*,#3148,.F.);
#4026=ORIENTED_EDGE('',*,*,#3156,.F.);
#4027=ORIENTED_EDGE('',*,*,#3157,.F.);
#4028=ORIENTED_EDGE('',*,*,#3158,.F.);
#4029=ORIENTED_EDGE('',*,*,#3144,.F.);
#4030=ORIENTED_EDGE('',*,*,#3159,.T.);
#4031=ORIENTED_EDGE('',*,*,#3160,.T.);
#4032=ORIENTED_EDGE('',*,*,#3133,.F.);
#4033=ORIENTED_EDGE('',*,*,#3161,.F.);
#4034=ORIENTED_EDGE('',*,*,#3162,.F.);
#4035=ORIENTED_EDGE('',*,*,#3163,.F.);
#4036=ORIENTED_EDGE('',*,*,#3137,.F.);
#4037=ORIENTED_EDGE('',*,*,#3164,.T.);
#4038=ORIENTED_EDGE('',*,*,#3165,.F.);
#4039=ORIENTED_EDGE('',*,*,#3116,.F.);
#4040=ORIENTED_EDGE('',*,*,#3166,.F.);
#4041=ORIENTED_EDGE('',*,*,#3107,.F.);
#4042=ORIENTED_EDGE('',*,*,#3167,.T.);
#4043=ORIENTED_EDGE('',*,*,#3104,.F.);
#4044=ORIENTED_EDGE('',*,*,#3168,.F.);
#4045=ORIENTED_EDGE('',*,*,#3111,.F.);
#4046=ORIENTED_EDGE('',*,*,#3169,.F.);
#4047=ORIENTED_EDGE('',*,*,#3128,.F.);
#4048=ORIENTED_EDGE('',*,*,#3170,.F.);
#4049=ORIENTED_EDGE('',*,*,#3119,.F.);
#4050=ORIENTED_EDGE('',*,*,#3171,.T.);
#4051=ORIENTED_EDGE('',*,*,#3124,.F.);
#4052=ORIENTED_EDGE('',*,*,#3172,.F.);
#4053=ORIENTED_EDGE('',*,*,#3131,.F.);
#4054=ORIENTED_EDGE('',*,*,#3173,.F.);
#4055=ORIENTED_EDGE('',*,*,#3174,.T.);
#4056=ORIENTED_EDGE('',*,*,#3175,.T.);
#4057=ORIENTED_EDGE('',*,*,#3176,.F.);
#4058=ORIENTED_EDGE('',*,*,#3175,.F.);
#4059=ORIENTED_EDGE('',*,*,#3177,.T.);
#4060=ORIENTED_EDGE('',*,*,#3178,.T.);
#4061=ORIENTED_EDGE('',*,*,#3179,.F.);
#4062=ORIENTED_EDGE('',*,*,#3180,.F.);
#4063=ORIENTED_EDGE('',*,*,#3181,.T.);
#4064=ORIENTED_EDGE('',*,*,#3182,.T.);
#4065=ORIENTED_EDGE('',*,*,#3183,.F.);
#4066=ORIENTED_EDGE('',*,*,#3182,.F.);
#4067=ORIENTED_EDGE('',*,*,#3184,.T.);
#4068=ORIENTED_EDGE('',*,*,#3185,.T.);
#4069=ORIENTED_EDGE('',*,*,#3186,.F.);
#4070=ORIENTED_EDGE('',*,*,#3185,.F.);
#4071=ORIENTED_EDGE('',*,*,#3187,.T.);
#4072=ORIENTED_EDGE('',*,*,#3173,.T.);
#4073=ORIENTED_EDGE('',*,*,#3188,.F.);
#4074=ORIENTED_EDGE('',*,*,#3189,.F.);
#4075=ORIENTED_EDGE('',*,*,#3190,.T.);
#4076=ORIENTED_EDGE('',*,*,#3191,.T.);
#4077=ORIENTED_EDGE('',*,*,#3192,.F.);
#4078=ORIENTED_EDGE('',*,*,#3191,.F.);
#4079=ORIENTED_EDGE('',*,*,#3193,.T.);
#4080=ORIENTED_EDGE('',*,*,#3194,.T.);
#4081=ORIENTED_EDGE('',*,*,#3195,.F.);
#4082=ORIENTED_EDGE('',*,*,#3196,.F.);
#4083=ORIENTED_EDGE('',*,*,#3197,.T.);
#4084=ORIENTED_EDGE('',*,*,#3198,.T.);
#4085=ORIENTED_EDGE('',*,*,#3199,.F.);
#4086=ORIENTED_EDGE('',*,*,#3198,.F.);
#4087=ORIENTED_EDGE('',*,*,#3200,.T.);
#4088=ORIENTED_EDGE('',*,*,#3201,.T.);
#4089=ORIENTED_EDGE('',*,*,#3202,.F.);
#4090=ORIENTED_EDGE('',*,*,#3201,.F.);
#4091=ORIENTED_EDGE('',*,*,#3203,.T.);
#4092=ORIENTED_EDGE('',*,*,#3189,.T.);
#4093=ORIENTED_EDGE('',*,*,#3204,.F.);
#4094=ORIENTED_EDGE('',*,*,#3205,.T.);
#4095=ORIENTED_EDGE('',*,*,#3067,.T.);
#4096=ORIENTED_EDGE('',*,*,#3206,.T.);
#4097=ORIENTED_EDGE('',*,*,#3183,.T.);
#4098=ORIENTED_EDGE('',*,*,#3186,.T.);
#4099=ORIENTED_EDGE('',*,*,#3188,.T.);
#4100=ORIENTED_EDGE('',*,*,#3176,.T.);
#4101=ORIENTED_EDGE('',*,*,#3179,.T.);
#4102=ORIENTED_EDGE('',*,*,#3207,.T.);
#4103=ORIENTED_EDGE('',*,*,#3073,.T.);
#4104=ORIENTED_EDGE('',*,*,#3208,.T.);
#4105=ORIENTED_EDGE('',*,*,#3209,.T.);
#4106=ORIENTED_EDGE('',*,*,#3210,.T.);
#4107=ORIENTED_EDGE('',*,*,#3211,.F.);
#4108=ORIENTED_EDGE('',*,*,#3212,.F.);
#4109=ORIENTED_EDGE('',*,*,#3213,.F.);
#4110=ORIENTED_EDGE('',*,*,#3214,.T.);
#4111=ORIENTED_EDGE('',*,*,#3215,.T.);
#4112=ORIENTED_EDGE('',*,*,#3216,.T.);
#4113=ORIENTED_EDGE('',*,*,#3217,.F.);
#4114=ORIENTED_EDGE('',*,*,#3218,.F.);
#4115=ORIENTED_EDGE('',*,*,#3219,.F.);
#4116=ORIENTED_EDGE('',*,*,#3220,.T.);
#4117=ORIENTED_EDGE('',*,*,#3221,.T.);
#4118=ORIENTED_EDGE('',*,*,#3222,.T.);
#4119=ORIENTED_EDGE('',*,*,#3223,.T.);
#4120=ORIENTED_EDGE('',*,*,#3224,.T.);
#4121=ORIENTED_EDGE('',*,*,#3059,.T.);
#4122=ORIENTED_EDGE('',*,*,#3225,.T.);
#4123=ORIENTED_EDGE('',*,*,#3199,.T.);
#4124=ORIENTED_EDGE('',*,*,#3202,.T.);
#4125=ORIENTED_EDGE('',*,*,#3204,.T.);
#4126=ORIENTED_EDGE('',*,*,#3192,.T.);
#4127=ORIENTED_EDGE('',*,*,#3195,.T.);
#4128=ORIENTED_EDGE('',*,*,#3226,.T.);
#4129=ORIENTED_EDGE('',*,*,#3227,.F.);
#4130=ORIENTED_EDGE('',*,*,#3228,.F.);
#4131=ORIENTED_EDGE('',*,*,#3229,.F.);
#4132=ORIENTED_EDGE('',*,*,#3230,.F.);
#4133=ORIENTED_EDGE('',*,*,#3231,.F.);
#4134=ORIENTED_EDGE('',*,*,#3010,.T.);
#4135=ORIENTED_EDGE('',*,*,#3055,.F.);
#4136=ORIENTED_EDGE('',*,*,#3232,.T.);
#4137=ORIENTED_EDGE('',*,*,#3233,.T.);
#4138=ORIENTED_EDGE('',*,*,#3018,.T.);
#4139=ORIENTED_EDGE('',*,*,#3234,.F.);
#4140=ORIENTED_EDGE('',*,*,#3235,.F.);
#4141=ORIENTED_EDGE('',*,*,#3236,.F.);
#4142=ORIENTED_EDGE('',*,*,#3237,.F.);
#4143=ORIENTED_EDGE('',*,*,#3238,.F.);
#4144=ORIENTED_EDGE('',*,*,#3239,.T.);
#4145=ORIENTED_EDGE('',*,*,#3240,.T.);
#4146=ORIENTED_EDGE('',*,*,#3241,.T.);
#4147=ORIENTED_EDGE('',*,*,#3242,.F.);
#4148=ORIENTED_EDGE('',*,*,#3243,.T.);
#4149=ORIENTED_EDGE('',*,*,#3226,.F.);
#4150=ORIENTED_EDGE('',*,*,#3244,.F.);
#4151=ORIENTED_EDGE('',*,*,#3245,.T.);
#4152=ORIENTED_EDGE('',*,*,#3246,.F.);
#4153=ORIENTED_EDGE('',*,*,#3247,.F.);
#4154=ORIENTED_EDGE('',*,*,#3248,.F.);
#4155=ORIENTED_EDGE('',*,*,#3249,.F.);
#4156=ORIENTED_EDGE('',*,*,#3250,.T.);
#4157=ORIENTED_EDGE('',*,*,#3251,.T.);
#4158=ORIENTED_EDGE('',*,*,#3252,.T.);
#4159=ORIENTED_EDGE('',*,*,#3239,.F.);
#4160=ORIENTED_EDGE('',*,*,#3253,.F.);
#4161=ORIENTED_EDGE('',*,*,#3254,.T.);
#4162=ORIENTED_EDGE('',*,*,#3230,.T.);
#4163=ORIENTED_EDGE('',*,*,#3255,.F.);
#4164=ORIENTED_EDGE('',*,*,#3256,.F.);
#4165=ORIENTED_EDGE('',*,*,#3228,.T.);
#4166=ORIENTED_EDGE('',*,*,#3257,.T.);
#4167=ORIENTED_EDGE('',*,*,#3258,.F.);
#4168=ORIENTED_EDGE('',*,*,#3259,.F.);
#4169=ORIENTED_EDGE('',*,*,#3260,.T.);
#4170=ORIENTED_EDGE('',*,*,#3235,.T.);
#4171=ORIENTED_EDGE('',*,*,#3261,.T.);
#4172=ORIENTED_EDGE('',*,*,#3262,.F.);
#4173=ORIENTED_EDGE('',*,*,#3263,.F.);
#4174=ORIENTED_EDGE('',*,*,#3264,.T.);
#4175=ORIENTED_EDGE('',*,*,#3265,.F.);
#4176=ORIENTED_EDGE('',*,*,#3266,.T.);
#4177=ORIENTED_EDGE('',*,*,#3237,.T.);
#4178=ORIENTED_EDGE('',*,*,#3267,.F.);
#4179=ORIENTED_EDGE('',*,*,#3268,.F.);
#4180=ORIENTED_EDGE('',*,*,#3269,.F.);
#4181=ORIENTED_EDGE('',*,*,#3265,.T.);
#4182=ORIENTED_EDGE('',*,*,#3270,.T.);
#4183=ORIENTED_EDGE('',*,*,#3249,.T.);
#4184=ORIENTED_EDGE('',*,*,#3271,.F.);
#4185=ORIENTED_EDGE('',*,*,#3272,.F.);
#4186=ORIENTED_EDGE('',*,*,#3273,.T.);
#4187=ORIENTED_EDGE('',*,*,#3262,.T.);
#4188=ORIENTED_EDGE('',*,*,#3258,.T.);
#4189=ORIENTED_EDGE('',*,*,#3274,.T.);
#4190=ORIENTED_EDGE('',*,*,#3247,.T.);
#4191=ORIENTED_EDGE('',*,*,#3275,.T.);
#4192=ORIENTED_EDGE('',*,*,#3276,.F.);
#4193=ORIENTED_EDGE('',*,*,#3277,.T.);
#4194=ORIENTED_EDGE('',*,*,#3253,.T.);
#4195=ORIENTED_EDGE('',*,*,#3278,.F.);
#4196=ORIENTED_EDGE('',*,*,#3279,.T.);
#4197=ORIENTED_EDGE('',*,*,#3280,.T.);
#4198=ORIENTED_EDGE('',*,*,#3281,.T.);
#4199=ORIENTED_EDGE('',*,*,#3282,.T.);
#4200=ORIENTED_EDGE('',*,*,#3263,.T.);
#4201=ORIENTED_EDGE('',*,*,#3283,.T.);
#4202=ORIENTED_EDGE('',*,*,#3268,.T.);
#4203=ORIENTED_EDGE('',*,*,#3284,.T.);
#4204=ORIENTED_EDGE('',*,*,#3210,.F.);
#4205=ORIENTED_EDGE('',*,*,#3285,.T.);
#4206=ORIENTED_EDGE('',*,*,#3286,.T.);
#4207=ORIENTED_EDGE('',*,*,#3287,.F.);
#4208=ORIENTED_EDGE('',*,*,#3288,.F.);
#4209=ORIENTED_EDGE('',*,*,#3289,.F.);
#4210=ORIENTED_EDGE('',*,*,#3216,.F.);
#4211=ORIENTED_EDGE('',*,*,#3290,.T.);
#4212=ORIENTED_EDGE('',*,*,#3291,.T.);
#4213=ORIENTED_EDGE('',*,*,#3053,.F.);
#4214=ORIENTED_EDGE('',*,*,#3292,.T.);
#4215=ORIENTED_EDGE('',*,*,#3293,.T.);
#4216=ORIENTED_EDGE('',*,*,#3222,.F.);
#4217=ORIENTED_EDGE('',*,*,#3294,.T.);
#4218=ORIENTED_EDGE('',*,*,#3295,.F.);
#4219=ORIENTED_EDGE('',*,*,#3049,.F.);
#4220=ORIENTED_EDGE('',*,*,#3051,.F.);
#4221=ORIENTED_EDGE('',*,*,#3296,.T.);
#4222=ORIENTED_EDGE('',*,*,#3297,.T.);
#4223=ORIENTED_EDGE('',*,*,#3298,.F.);
#4224=ORIENTED_EDGE('',*,*,#3299,.T.);
#4225=ORIENTED_EDGE('',*,*,#3300,.F.);
#4226=ORIENTED_EDGE('',*,*,#3301,.F.);
#4227=ORIENTED_EDGE('',*,*,#3302,.T.);
#4228=ORIENTED_EDGE('',*,*,#3303,.F.);
#4229=ORIENTED_EDGE('',*,*,#3304,.F.);
#4230=ORIENTED_EDGE('',*,*,#3305,.T.);
#4231=ORIENTED_EDGE('',*,*,#3306,.T.);
#4232=ORIENTED_EDGE('',*,*,#3307,.F.);
#4233=ORIENTED_EDGE('',*,*,#3308,.T.);
#4234=ORIENTED_EDGE('',*,*,#3219,.T.);
#4235=ORIENTED_EDGE('',*,*,#3309,.T.);
#4236=ORIENTED_EDGE('',*,*,#3310,.F.);
#4237=ORIENTED_EDGE('',*,*,#3311,.T.);
#4238=ORIENTED_EDGE('',*,*,#3312,.T.);
#4239=ORIENTED_EDGE('',*,*,#3313,.T.);
#4240=ORIENTED_EDGE('',*,*,#3314,.F.);
#4241=ORIENTED_EDGE('',*,*,#3315,.T.);
#4242=ORIENTED_EDGE('',*,*,#3316,.T.);
#4243=ORIENTED_EDGE('',*,*,#3317,.T.);
#4244=ORIENTED_EDGE('',*,*,#3318,.F.);
#4245=ORIENTED_EDGE('',*,*,#3319,.F.);
#4246=ORIENTED_EDGE('',*,*,#3311,.F.);
#4247=ORIENTED_EDGE('',*,*,#3320,.F.);
#4248=ORIENTED_EDGE('',*,*,#3042,.F.);
#4249=ORIENTED_EDGE('',*,*,#3321,.T.);
#4250=ORIENTED_EDGE('',*,*,#3309,.F.);
#4251=ORIENTED_EDGE('',*,*,#3218,.T.);
#4252=ORIENTED_EDGE('',*,*,#3322,.F.);
#4253=ORIENTED_EDGE('',*,*,#3323,.F.);
#4254=ORIENTED_EDGE('',*,*,#3315,.F.);
#4255=ORIENTED_EDGE('',*,*,#3324,.F.);
#4256=ORIENTED_EDGE('',*,*,#3037,.F.);
#4257=ORIENTED_EDGE('',*,*,#3325,.T.);
#4258=ORIENTED_EDGE('',*,*,#3326,.F.);
#4259=ORIENTED_EDGE('',*,*,#3212,.T.);
#4260=ORIENTED_EDGE('',*,*,#3014,.T.);
#4261=ORIENTED_EDGE('',*,*,#3327,.F.);
#4262=ORIENTED_EDGE('',*,*,#3328,.F.);
#4263=ORIENTED_EDGE('',*,*,#3329,.F.);
#4264=ORIENTED_EDGE('',*,*,#3330,.F.);
#4265=ORIENTED_EDGE('',*,*,#3331,.F.);
#4266=ORIENTED_EDGE('',*,*,#3332,.T.);
#4267=ORIENTED_EDGE('',*,*,#3333,.F.);
#4268=ORIENTED_EDGE('',*,*,#3334,.F.);
#4269=ORIENTED_EDGE('',*,*,#3335,.F.);
#4270=ORIENTED_EDGE('',*,*,#3336,.F.);
#4271=ORIENTED_EDGE('',*,*,#3337,.F.);
#4272=ORIENTED_EDGE('',*,*,#3338,.T.);
#4273=ORIENTED_EDGE('',*,*,#3339,.T.);
#4274=ORIENTED_EDGE('',*,*,#3019,.T.);
#4275=ORIENTED_EDGE('',*,*,#3242,.T.);
#4276=ORIENTED_EDGE('',*,*,#3340,.F.);
#4277=ORIENTED_EDGE('',*,*,#3302,.F.);
#4278=ORIENTED_EDGE('',*,*,#3341,.F.);
#4279=ORIENTED_EDGE('',*,*,#3305,.F.);
#4280=ORIENTED_EDGE('',*,*,#3342,.T.);
#4281=ORIENTED_EDGE('',*,*,#3285,.F.);
#4282=ORIENTED_EDGE('',*,*,#3343,.F.);
#4283=ORIENTED_EDGE('',*,*,#3094,.F.);
#4284=ORIENTED_EDGE('',*,*,#3023,.T.);
#4285=ORIENTED_EDGE('',*,*,#3344,.T.);
#4286=ORIENTED_EDGE('',*,*,#3345,.T.);
#4287=ORIENTED_EDGE('',*,*,#3346,.T.);
#4288=ORIENTED_EDGE('',*,*,#3220,.F.);
#4289=ORIENTED_EDGE('',*,*,#3308,.F.);
#4290=ORIENTED_EDGE('',*,*,#3347,.F.);
#4291=ORIENTED_EDGE('',*,*,#3040,.F.);
#4292=ORIENTED_EDGE('',*,*,#3348,.T.);
#4293=ORIENTED_EDGE('',*,*,#3313,.F.);
#4294=ORIENTED_EDGE('',*,*,#3349,.T.);
#4295=ORIENTED_EDGE('',*,*,#3350,.T.);
#4296=ORIENTED_EDGE('',*,*,#3214,.F.);
#4297=ORIENTED_EDGE('',*,*,#3351,.F.);
#4298=ORIENTED_EDGE('',*,*,#3352,.F.);
#4299=ORIENTED_EDGE('',*,*,#3039,.F.);
#4300=ORIENTED_EDGE('',*,*,#3353,.T.);
#4301=ORIENTED_EDGE('',*,*,#3317,.F.);
#4302=ORIENTED_EDGE('',*,*,#3354,.F.);
#4303=ORIENTED_EDGE('',*,*,#3355,.F.);
#4304=ORIENTED_EDGE('',*,*,#3245,.F.);
#4305=ORIENTED_EDGE('',*,*,#3356,.F.);
#4306=ORIENTED_EDGE('',*,*,#3357,.F.);
#4307=ORIENTED_EDGE('',*,*,#3291,.F.);
#4308=ORIENTED_EDGE('',*,*,#3358,.F.);
#4309=ORIENTED_EDGE('',*,*,#3345,.F.);
#4310=ORIENTED_EDGE('',*,*,#3312,.F.);
#4311=ORIENTED_EDGE('',*,*,#3319,.T.);
#4312=ORIENTED_EDGE('',*,*,#3359,.T.);
#4313=ORIENTED_EDGE('',*,*,#3006,.F.);
#4314=ORIENTED_EDGE('',*,*,#3360,.F.);
#4315=ORIENTED_EDGE('',*,*,#3349,.F.);
#4316=ORIENTED_EDGE('',*,*,#3316,.F.);
#4317=ORIENTED_EDGE('',*,*,#3323,.T.);
#4318=ORIENTED_EDGE('',*,*,#3361,.T.);
#4319=ORIENTED_EDGE('',*,*,#3299,.F.);
#4320=ORIENTED_EDGE('',*,*,#3362,.F.);
#4321=ORIENTED_EDGE('',*,*,#3363,.F.);
#4322=ORIENTED_EDGE('',*,*,#3251,.F.);
#4323=ORIENTED_EDGE('',*,*,#3364,.F.);
#4324=ORIENTED_EDGE('',*,*,#3365,.F.);
#4325=ORIENTED_EDGE('',*,*,#3366,.F.);
#4326=ORIENTED_EDGE('',*,*,#3367,.F.);
#4327=ORIENTED_EDGE('',*,*,#3368,.F.);
#4328=ORIENTED_EDGE('',*,*,#3369,.F.);
#4329=ORIENTED_EDGE('',*,*,#3370,.F.);
#4330=ORIENTED_EDGE('',*,*,#3371,.F.);
#4331=ORIENTED_EDGE('',*,*,#3372,.F.);
#4332=ORIENTED_EDGE('',*,*,#3373,.F.);
#4333=ORIENTED_EDGE('',*,*,#3374,.F.);
#4334=ORIENTED_EDGE('',*,*,#3375,.F.);
#4335=ORIENTED_EDGE('',*,*,#3376,.F.);
#4336=ORIENTED_EDGE('',*,*,#3377,.F.);
#4337=ORIENTED_EDGE('',*,*,#3351,.T.);
#4338=ORIENTED_EDGE('',*,*,#3213,.T.);
#4339=ORIENTED_EDGE('',*,*,#3326,.T.);
#4340=ORIENTED_EDGE('',*,*,#3358,.T.);
#4341=ORIENTED_EDGE('',*,*,#3293,.F.);
#4342=ORIENTED_EDGE('',*,*,#2993,.F.);
#4343=ORIENTED_EDGE('',*,*,#3297,.F.);
#4344=ORIENTED_EDGE('',*,*,#3378,.T.);
#4345=ORIENTED_EDGE('',*,*,#3294,.F.);
#4346=ORIENTED_EDGE('',*,*,#3221,.F.);
#4347=ORIENTED_EDGE('',*,*,#3346,.F.);
#4348=ORIENTED_EDGE('',*,*,#3322,.T.);
#4349=ORIENTED_EDGE('',*,*,#3211,.T.);
#4350=ORIENTED_EDGE('',*,*,#3287,.T.);
#4351=ORIENTED_EDGE('',*,*,#2997,.F.);
#4352=ORIENTED_EDGE('',*,*,#3303,.T.);
#4353=ORIENTED_EDGE('',*,*,#3379,.T.);
#4354=ORIENTED_EDGE('',*,*,#3300,.T.);
#4355=ORIENTED_EDGE('',*,*,#3361,.F.);
#4356=ORIENTED_EDGE('',*,*,#3380,.F.);
#4357=ORIENTED_EDGE('',*,*,#3003,.T.);
#4358=ORIENTED_EDGE('',*,*,#3381,.F.);
#4359=ORIENTED_EDGE('',*,*,#3382,.F.);
#4360=ORIENTED_EDGE('',*,*,#3383,.F.);
#4361=ORIENTED_EDGE('',*,*,#3007,.T.);
#4362=ORIENTED_EDGE('',*,*,#3359,.F.);
#4363=ORIENTED_EDGE('',*,*,#3318,.T.);
#4364=ORIENTED_EDGE('',*,*,#3217,.T.);
#4365=ORIENTED_EDGE('',*,*,#3289,.T.);
#4366=ORIENTED_EDGE('',*,*,#3384,.F.);
#4367=ORIENTED_EDGE('',*,*,#3385,.F.);
#4368=ORIENTED_EDGE('',*,*,#3001,.F.);
#4369=ORIENTED_EDGE('',*,*,#3386,.T.);
#4370=ORIENTED_EDGE('',*,*,#3387,.T.);
#4371=ORIENTED_EDGE('',*,*,#3388,.T.);
#4372=ORIENTED_EDGE('',*,*,#3290,.F.);
#4373=ORIENTED_EDGE('',*,*,#3215,.F.);
#4374=ORIENTED_EDGE('',*,*,#3350,.F.);
#4375=ORIENTED_EDGE('',*,*,#3360,.T.);
#4376=ORIENTED_EDGE('',*,*,#3005,.F.);
#4377=ORIENTED_EDGE('',*,*,#3389,.T.);
#4378=ORIENTED_EDGE('',*,*,#3390,.T.);
#4379=ORIENTED_EDGE('',*,*,#3391,.T.);
#4380=ORIENTED_EDGE('',*,*,#3377,.T.);
#4381=ORIENTED_EDGE('',*,*,#3325,.F.);
#4382=ORIENTED_EDGE('',*,*,#3036,.F.);
#4383=ORIENTED_EDGE('',*,*,#3352,.T.);
#4384=ORIENTED_EDGE('',*,*,#3314,.T.);
#4385=ORIENTED_EDGE('',*,*,#3353,.F.);
#4386=ORIENTED_EDGE('',*,*,#3038,.F.);
#4387=ORIENTED_EDGE('',*,*,#3324,.T.);
#4388=ORIENTED_EDGE('',*,*,#3307,.T.);
#4389=ORIENTED_EDGE('',*,*,#3321,.F.);
#4390=ORIENTED_EDGE('',*,*,#3041,.F.);
#4391=ORIENTED_EDGE('',*,*,#3347,.T.);
#4392=ORIENTED_EDGE('',*,*,#3310,.T.);
#4393=ORIENTED_EDGE('',*,*,#3348,.F.);
#4394=ORIENTED_EDGE('',*,*,#3043,.F.);
#4395=ORIENTED_EDGE('',*,*,#3320,.T.);
#4396=ORIENTED_EDGE('',*,*,#3392,.F.);
#4397=ORIENTED_EDGE('',*,*,#3393,.F.);
#4398=ORIENTED_EDGE('',*,*,#3394,.T.);
#4399=ORIENTED_EDGE('',*,*,#3341,.T.);
#4400=ORIENTED_EDGE('',*,*,#3395,.F.);
#4401=ORIENTED_EDGE('',*,*,#3379,.F.);
#4402=ORIENTED_EDGE('',*,*,#3396,.T.);
#4403=ORIENTED_EDGE('',*,*,#3393,.T.);
#4404=ORIENTED_EDGE('',*,*,#3394,.F.);
#4405=ORIENTED_EDGE('',*,*,#3396,.F.);
#4406=ORIENTED_EDGE('',*,*,#3306,.F.);
#4407=ORIENTED_EDGE('',*,*,#3392,.T.);
#4408=ORIENTED_EDGE('',*,*,#3301,.T.);
#4409=ORIENTED_EDGE('',*,*,#3395,.T.);
#4410=ORIENTED_EDGE('',*,*,#3397,.T.);
#4411=ORIENTED_EDGE('',*,*,#3342,.F.);
#4412=ORIENTED_EDGE('',*,*,#3398,.F.);
#4413=ORIENTED_EDGE('',*,*,#2999,.T.);
#4414=ORIENTED_EDGE('',*,*,#3398,.T.);
#4415=ORIENTED_EDGE('',*,*,#3304,.T.);
#4416=ORIENTED_EDGE('',*,*,#2996,.T.);
#4417=ORIENTED_EDGE('',*,*,#3397,.F.);
#4418=ORIENTED_EDGE('',*,*,#2998,.F.);
#4419=ORIENTED_EDGE('',*,*,#3286,.F.);
#4420=ORIENTED_EDGE('',*,*,#3399,.T.);
#4421=ORIENTED_EDGE('',*,*,#3052,.F.);
#4422=ORIENTED_EDGE('',*,*,#3400,.F.);
#4423=ORIENTED_EDGE('',*,*,#2995,.T.);
#4424=ORIENTED_EDGE('',*,*,#3400,.T.);
#4425=ORIENTED_EDGE('',*,*,#3298,.T.);
#4426=ORIENTED_EDGE('',*,*,#2992,.T.);
#4427=ORIENTED_EDGE('',*,*,#3399,.F.);
#4428=ORIENTED_EDGE('',*,*,#2994,.F.);
#4429=ORIENTED_EDGE('',*,*,#3292,.F.);
#4430=ORIENTED_EDGE('',*,*,#3401,.F.);
#4431=ORIENTED_EDGE('',*,*,#3402,.F.);
#4432=ORIENTED_EDGE('',*,*,#3403,.T.);
#4433=ORIENTED_EDGE('',*,*,#3050,.T.);
#4434=ORIENTED_EDGE('',*,*,#3404,.F.);
#4435=ORIENTED_EDGE('',*,*,#3378,.F.);
#4436=ORIENTED_EDGE('',*,*,#3405,.T.);
#4437=ORIENTED_EDGE('',*,*,#3402,.T.);
#4438=ORIENTED_EDGE('',*,*,#3403,.F.);
#4439=ORIENTED_EDGE('',*,*,#3405,.F.);
#4440=ORIENTED_EDGE('',*,*,#3296,.F.);
#4441=ORIENTED_EDGE('',*,*,#3401,.T.);
#4442=ORIENTED_EDGE('',*,*,#3295,.T.);
#4443=ORIENTED_EDGE('',*,*,#3404,.T.);
#4444=ORIENTED_EDGE('',*,*,#3233,.F.);
#4445=ORIENTED_EDGE('',*,*,#3406,.F.);
#4446=ORIENTED_EDGE('',*,*,#3356,.T.);
#4447=ORIENTED_EDGE('',*,*,#3244,.T.);
#4448=ORIENTED_EDGE('',*,*,#3232,.F.);
#4449=ORIENTED_EDGE('',*,*,#3054,.F.);
#4450=ORIENTED_EDGE('',*,*,#3357,.T.);
#4451=ORIENTED_EDGE('',*,*,#3406,.T.);
#4452=ORIENTED_EDGE('',*,*,#3241,.F.);
#4453=ORIENTED_EDGE('',*,*,#3407,.F.);
#4454=ORIENTED_EDGE('',*,*,#3362,.T.);
#4455=ORIENTED_EDGE('',*,*,#3340,.T.);
#4456=ORIENTED_EDGE('',*,*,#3240,.F.);
#4457=ORIENTED_EDGE('',*,*,#3252,.F.);
#4458=ORIENTED_EDGE('',*,*,#3363,.T.);
#4459=ORIENTED_EDGE('',*,*,#3407,.T.);
#4460=ORIENTED_EDGE('',*,*,#3408,.F.);
#4461=ORIENTED_EDGE('',*,*,#3409,.F.);
#4462=ORIENTED_EDGE('',*,*,#3410,.T.);
#4463=ORIENTED_EDGE('',*,*,#3371,.T.);
#4464=ORIENTED_EDGE('',*,*,#3411,.F.);
#4465=ORIENTED_EDGE('',*,*,#3412,.F.);
#4466=ORIENTED_EDGE('',*,*,#3413,.T.);
#4467=ORIENTED_EDGE('',*,*,#3332,.F.);
#4468=ORIENTED_EDGE('',*,*,#3077,.T.);
#4469=ORIENTED_EDGE('',*,*,#3060,.F.);
#4470=ORIENTED_EDGE('',*,*,#3224,.F.);
#4471=ORIENTED_EDGE('',*,*,#3414,.T.);
#4472=ORIENTED_EDGE('',*,*,#3096,.T.);
#4473=ORIENTED_EDGE('',*,*,#3415,.F.);
#4474=ORIENTED_EDGE('',*,*,#3208,.F.);
#4475=ORIENTED_EDGE('',*,*,#3072,.T.);
#4476=ORIENTED_EDGE('',*,*,#3095,.T.);
#4477=ORIENTED_EDGE('',*,*,#3343,.T.);
#4478=ORIENTED_EDGE('',*,*,#3209,.F.);
#4479=ORIENTED_EDGE('',*,*,#3415,.T.);
#4480=ORIENTED_EDGE('',*,*,#3078,.T.);
#4481=ORIENTED_EDGE('',*,*,#3414,.F.);
#4482=ORIENTED_EDGE('',*,*,#3223,.F.);
#4483=ORIENTED_EDGE('',*,*,#3048,.F.);
#4484=ORIENTED_EDGE('',*,*,#3229,.T.);
#4485=ORIENTED_EDGE('',*,*,#3260,.F.);
#4486=ORIENTED_EDGE('',*,*,#3416,.F.);
#4487=ORIENTED_EDGE('',*,*,#3255,.T.);
#4488=ORIENTED_EDGE('',*,*,#3328,.T.);
#4489=ORIENTED_EDGE('',*,*,#3417,.T.);
#4490=ORIENTED_EDGE('',*,*,#3418,.F.);
#4491=ORIENTED_EDGE('',*,*,#3279,.F.);
#4492=ORIENTED_EDGE('',*,*,#3419,.T.);
#4493=ORIENTED_EDGE('',*,*,#3329,.T.);
#4494=ORIENTED_EDGE('',*,*,#3419,.F.);
#4495=ORIENTED_EDGE('',*,*,#3282,.F.);
#4496=ORIENTED_EDGE('',*,*,#3420,.T.);
#4497=ORIENTED_EDGE('',*,*,#3421,.F.);
#4498=ORIENTED_EDGE('',*,*,#3422,.T.);
#4499=ORIENTED_EDGE('',*,*,#3330,.T.);
#4500=ORIENTED_EDGE('',*,*,#3420,.F.);
#4501=ORIENTED_EDGE('',*,*,#3281,.F.);
#4502=ORIENTED_EDGE('',*,*,#3259,.T.);
#4503=ORIENTED_EDGE('',*,*,#3423,.F.);
#4504=ORIENTED_EDGE('',*,*,#3256,.T.);
#4505=ORIENTED_EDGE('',*,*,#3416,.T.);
#4506=ORIENTED_EDGE('',*,*,#3335,.T.);
#4507=ORIENTED_EDGE('',*,*,#3424,.F.);
#4508=ORIENTED_EDGE('',*,*,#3425,.F.);
#4509=ORIENTED_EDGE('',*,*,#3426,.T.);
#4510=ORIENTED_EDGE('',*,*,#3427,.F.);
#4511=ORIENTED_EDGE('',*,*,#3428,.T.);
#4512=ORIENTED_EDGE('',*,*,#3336,.T.);
#4513=ORIENTED_EDGE('',*,*,#3426,.F.);
#4514=ORIENTED_EDGE('',*,*,#3429,.F.);
#4515=ORIENTED_EDGE('',*,*,#3236,.T.);
#4516=ORIENTED_EDGE('',*,*,#3264,.F.);
#4517=ORIENTED_EDGE('',*,*,#3284,.F.);
#4518=ORIENTED_EDGE('',*,*,#3267,.T.);
#4519=ORIENTED_EDGE('',*,*,#3334,.T.);
#4520=ORIENTED_EDGE('',*,*,#3430,.T.);
#4521=ORIENTED_EDGE('',*,*,#3431,.F.);
#4522=ORIENTED_EDGE('',*,*,#3432,.F.);
#4523=ORIENTED_EDGE('',*,*,#3424,.T.);
#4524=ORIENTED_EDGE('',*,*,#3432,.T.);
#4525=ORIENTED_EDGE('',*,*,#3433,.F.);
#4526=ORIENTED_EDGE('',*,*,#3429,.T.);
#4527=ORIENTED_EDGE('',*,*,#3425,.T.);
#4528=ORIENTED_EDGE('',*,*,#3081,.F.);
#4529=ORIENTED_EDGE('',*,*,#3112,.F.);
#4530=ORIENTED_EDGE('',*,*,#3168,.T.);
#4531=ORIENTED_EDGE('',*,*,#3103,.T.);
#4532=ORIENTED_EDGE('',*,*,#3091,.F.);
#4533=ORIENTED_EDGE('',*,*,#3108,.F.);
#4534=ORIENTED_EDGE('',*,*,#3166,.T.);
#4535=ORIENTED_EDGE('',*,*,#3115,.T.);
#4536=ORIENTED_EDGE('',*,*,#3086,.F.);
#4537=ORIENTED_EDGE('',*,*,#3132,.F.);
#4538=ORIENTED_EDGE('',*,*,#3172,.T.);
#4539=ORIENTED_EDGE('',*,*,#3123,.T.);
#4540=ORIENTED_EDGE('',*,*,#3099,.F.);
#4541=ORIENTED_EDGE('',*,*,#3120,.F.);
#4542=ORIENTED_EDGE('',*,*,#3170,.T.);
#4543=ORIENTED_EDGE('',*,*,#3127,.T.);
#4544=ORIENTED_EDGE('',*,*,#3434,.F.);
#4545=ORIENTED_EDGE('',*,*,#3412,.T.);
#4546=ORIENTED_EDGE('',*,*,#3435,.T.);
#4547=ORIENTED_EDGE('',*,*,#3431,.T.);
#4548=ORIENTED_EDGE('',*,*,#3436,.F.);
#4549=ORIENTED_EDGE('',*,*,#3427,.T.);
#4550=ORIENTED_EDGE('',*,*,#3437,.F.);
#4551=ORIENTED_EDGE('',*,*,#3438,.F.);
#4552=ORIENTED_EDGE('',*,*,#3439,.F.);
#4553=ORIENTED_EDGE('',*,*,#3440,.T.);
#4554=ORIENTED_EDGE('',*,*,#3441,.T.);
#4555=ORIENTED_EDGE('',*,*,#3366,.T.);
#4556=ORIENTED_EDGE('',*,*,#3441,.F.);
#4557=ORIENTED_EDGE('',*,*,#3442,.T.);
#4558=ORIENTED_EDGE('',*,*,#3443,.T.);
#4559=ORIENTED_EDGE('',*,*,#3367,.T.);
#4560=ORIENTED_EDGE('',*,*,#3443,.F.);
#4561=ORIENTED_EDGE('',*,*,#3444,.T.);
#4562=ORIENTED_EDGE('',*,*,#3445,.T.);
#4563=ORIENTED_EDGE('',*,*,#3368,.T.);
#4564=ORIENTED_EDGE('',*,*,#3445,.F.);
#4565=ORIENTED_EDGE('',*,*,#3446,.F.);
#4566=ORIENTED_EDGE('',*,*,#3447,.T.);
#4567=ORIENTED_EDGE('',*,*,#3369,.T.);
#4568=ORIENTED_EDGE('',*,*,#3370,.T.);
#4569=ORIENTED_EDGE('',*,*,#3447,.F.);
#4570=ORIENTED_EDGE('',*,*,#3448,.F.);
#4571=ORIENTED_EDGE('',*,*,#3449,.F.);
#4572=ORIENTED_EDGE('',*,*,#3437,.T.);
#4573=ORIENTED_EDGE('',*,*,#3433,.T.);
#4574=ORIENTED_EDGE('',*,*,#3435,.F.);
#4575=ORIENTED_EDGE('',*,*,#3411,.T.);
#4576=ORIENTED_EDGE('',*,*,#3364,.T.);
#4577=ORIENTED_EDGE('',*,*,#3250,.F.);
#4578=ORIENTED_EDGE('',*,*,#3270,.F.);
#4579=ORIENTED_EDGE('',*,*,#3283,.F.);
#4580=ORIENTED_EDGE('',*,*,#3273,.F.);
#4581=ORIENTED_EDGE('',*,*,#3450,.F.);
#4582=ORIENTED_EDGE('',*,*,#3451,.T.);
#4583=ORIENTED_EDGE('',*,*,#3452,.T.);
#4584=ORIENTED_EDGE('',*,*,#3452,.F.);
#4585=ORIENTED_EDGE('',*,*,#3453,.T.);
#4586=ORIENTED_EDGE('',*,*,#3439,.T.);
#4587=ORIENTED_EDGE('',*,*,#3365,.T.);
#4588=ORIENTED_EDGE('',*,*,#3409,.T.);
#4589=ORIENTED_EDGE('',*,*,#3454,.T.);
#4590=ORIENTED_EDGE('',*,*,#3421,.T.);
#4591=ORIENTED_EDGE('',*,*,#3455,.T.);
#4592=ORIENTED_EDGE('',*,*,#3456,.F.);
#4593=ORIENTED_EDGE('',*,*,#3457,.T.);
#4594=ORIENTED_EDGE('',*,*,#3458,.T.);
#4595=ORIENTED_EDGE('',*,*,#3374,.T.);
#4596=ORIENTED_EDGE('',*,*,#3458,.F.);
#4597=ORIENTED_EDGE('',*,*,#3459,.T.);
#4598=ORIENTED_EDGE('',*,*,#3460,.T.);
#4599=ORIENTED_EDGE('',*,*,#3375,.T.);
#4600=ORIENTED_EDGE('',*,*,#3460,.F.);
#4601=ORIENTED_EDGE('',*,*,#3461,.T.);
#4602=ORIENTED_EDGE('',*,*,#3462,.T.);
#4603=ORIENTED_EDGE('',*,*,#3376,.T.);
#4604=ORIENTED_EDGE('',*,*,#3462,.F.);
#4605=ORIENTED_EDGE('',*,*,#3463,.F.);
#4606=ORIENTED_EDGE('',*,*,#3464,.T.);
#4607=ORIENTED_EDGE('',*,*,#3354,.T.);
#4608=ORIENTED_EDGE('',*,*,#3355,.T.);
#4609=ORIENTED_EDGE('',*,*,#3464,.F.);
#4610=ORIENTED_EDGE('',*,*,#3465,.F.);
#4611=ORIENTED_EDGE('',*,*,#3466,.F.);
#4612=ORIENTED_EDGE('',*,*,#3278,.T.);
#4613=ORIENTED_EDGE('',*,*,#3423,.T.);
#4614=ORIENTED_EDGE('',*,*,#3275,.F.);
#4615=ORIENTED_EDGE('',*,*,#3246,.T.);
#4616=ORIENTED_EDGE('',*,*,#3372,.T.);
#4617=ORIENTED_EDGE('',*,*,#3410,.F.);
#4618=ORIENTED_EDGE('',*,*,#3455,.F.);
#4619=ORIENTED_EDGE('',*,*,#3280,.F.);
#4620=ORIENTED_EDGE('',*,*,#3467,.F.);
#4621=ORIENTED_EDGE('',*,*,#3468,.F.);
#4622=ORIENTED_EDGE('',*,*,#3469,.T.);
#4623=ORIENTED_EDGE('',*,*,#3470,.T.);
#4624=ORIENTED_EDGE('',*,*,#3470,.F.);
#4625=ORIENTED_EDGE('',*,*,#3471,.T.);
#4626=ORIENTED_EDGE('',*,*,#3456,.T.);
#4627=ORIENTED_EDGE('',*,*,#3373,.T.);
#4628=ORIENTED_EDGE('',*,*,#3418,.T.);
#4629=ORIENTED_EDGE('',*,*,#3472,.T.);
#4630=ORIENTED_EDGE('',*,*,#3473,.F.);
#4631=ORIENTED_EDGE('',*,*,#3467,.T.);
#4632=ORIENTED_EDGE('',*,*,#3471,.F.);
#4633=ORIENTED_EDGE('',*,*,#3469,.F.);
#4634=ORIENTED_EDGE('',*,*,#3474,.F.);
#4635=ORIENTED_EDGE('',*,*,#3465,.T.);
#4636=ORIENTED_EDGE('',*,*,#3463,.T.);
#4637=ORIENTED_EDGE('',*,*,#3461,.F.);
#4638=ORIENTED_EDGE('',*,*,#3459,.F.);
#4639=ORIENTED_EDGE('',*,*,#3457,.F.);
#4640=ORIENTED_EDGE('',*,*,#3475,.T.);
#4641=ORIENTED_EDGE('',*,*,#3476,.T.);
#4642=ORIENTED_EDGE('',*,*,#3276,.T.);
#4643=ORIENTED_EDGE('',*,*,#3466,.T.);
#4644=ORIENTED_EDGE('',*,*,#3474,.T.);
#4645=ORIENTED_EDGE('',*,*,#3468,.T.);
#4646=ORIENTED_EDGE('',*,*,#3473,.T.);
#4647=ORIENTED_EDGE('',*,*,#3477,.T.);
#4648=ORIENTED_EDGE('',*,*,#3453,.F.);
#4649=ORIENTED_EDGE('',*,*,#3451,.F.);
#4650=ORIENTED_EDGE('',*,*,#3478,.F.);
#4651=ORIENTED_EDGE('',*,*,#3448,.T.);
#4652=ORIENTED_EDGE('',*,*,#3446,.T.);
#4653=ORIENTED_EDGE('',*,*,#3444,.F.);
#4654=ORIENTED_EDGE('',*,*,#3442,.F.);
#4655=ORIENTED_EDGE('',*,*,#3440,.F.);
#4656=ORIENTED_EDGE('',*,*,#3479,.F.);
#4657=ORIENTED_EDGE('',*,*,#3480,.T.);
#4658=ORIENTED_EDGE('',*,*,#3481,.F.);
#4659=ORIENTED_EDGE('',*,*,#3438,.T.);
#4660=ORIENTED_EDGE('',*,*,#3449,.T.);
#4661=ORIENTED_EDGE('',*,*,#3478,.T.);
#4662=ORIENTED_EDGE('',*,*,#3450,.T.);
#4663=ORIENTED_EDGE('',*,*,#3272,.T.);
#4664=ORIENTED_EDGE('',*,*,#3482,.T.);
#4665=ORIENTED_EDGE('',*,*,#3016,.T.);
#4666=ORIENTED_EDGE('',*,*,#3483,.T.);
#4667=ORIENTED_EDGE('',*,*,#3480,.F.);
#4668=ORIENTED_EDGE('',*,*,#3436,.T.);
#4669=ORIENTED_EDGE('',*,*,#3481,.T.);
#4670=ORIENTED_EDGE('',*,*,#3483,.F.);
#4671=ORIENTED_EDGE('',*,*,#3015,.T.);
#4672=ORIENTED_EDGE('',*,*,#3337,.T.);
#4673=ORIENTED_EDGE('',*,*,#3428,.F.);
#4674=ORIENTED_EDGE('',*,*,#3234,.T.);
#4675=ORIENTED_EDGE('',*,*,#3017,.F.);
#4676=ORIENTED_EDGE('',*,*,#3482,.F.);
#4677=ORIENTED_EDGE('',*,*,#3479,.T.);
#4678=ORIENTED_EDGE('',*,*,#3271,.T.);
#4679=ORIENTED_EDGE('',*,*,#3261,.F.);
#4680=ORIENTED_EDGE('',*,*,#3484,.T.);
#4681=ORIENTED_EDGE('',*,*,#3012,.T.);
#4682=ORIENTED_EDGE('',*,*,#3485,.T.);
#4683=ORIENTED_EDGE('',*,*,#3475,.F.);
#4684=ORIENTED_EDGE('',*,*,#3327,.T.);
#4685=ORIENTED_EDGE('',*,*,#3013,.F.);
#4686=ORIENTED_EDGE('',*,*,#3484,.F.);
#4687=ORIENTED_EDGE('',*,*,#3477,.F.);
#4688=ORIENTED_EDGE('',*,*,#3472,.F.);
#4689=ORIENTED_EDGE('',*,*,#3417,.F.);
#4690=ORIENTED_EDGE('',*,*,#3277,.F.);
#4691=ORIENTED_EDGE('',*,*,#3476,.F.);
#4692=ORIENTED_EDGE('',*,*,#3485,.F.);
#4693=ORIENTED_EDGE('',*,*,#3011,.T.);
#4694=ORIENTED_EDGE('',*,*,#3231,.T.);
#4695=ORIENTED_EDGE('',*,*,#3254,.F.);
#4696=ORIENTED_EDGE('',*,*,#3454,.F.);
#4697=ORIENTED_EDGE('',*,*,#3408,.T.);
#4698=ORIENTED_EDGE('',*,*,#3331,.T.);
#4699=ORIENTED_EDGE('',*,*,#3422,.F.);
#4700=ORIENTED_EDGE('',*,*,#3227,.T.);
#4701=ORIENTED_EDGE('',*,*,#3243,.F.);
#4702=ORIENTED_EDGE('',*,*,#3274,.F.);
#4703=ORIENTED_EDGE('',*,*,#3257,.F.);
#4704=ORIENTED_EDGE('',*,*,#3333,.T.);
#4705=ORIENTED_EDGE('',*,*,#3413,.F.);
#4706=ORIENTED_EDGE('',*,*,#3434,.T.);
#4707=ORIENTED_EDGE('',*,*,#3430,.F.);
#4708=ORIENTED_EDGE('',*,*,#3269,.T.);
#4709=ORIENTED_EDGE('',*,*,#3248,.T.);
#4710=ORIENTED_EDGE('',*,*,#3238,.T.);
#4711=ORIENTED_EDGE('',*,*,#3266,.F.);
#4712=ORIENTED_EDGE('',*,*,#3207,.F.);
#4713=ORIENTED_EDGE('',*,*,#3178,.F.);
#4714=ORIENTED_EDGE('',*,*,#3486,.F.);
#4715=ORIENTED_EDGE('',*,*,#3161,.T.);
#4716=ORIENTED_EDGE('',*,*,#3135,.T.);
#4717=ORIENTED_EDGE('',*,*,#3169,.T.);
#4718=ORIENTED_EDGE('',*,*,#3140,.T.);
#4719=ORIENTED_EDGE('',*,*,#3074,.T.);
#4720=ORIENTED_EDGE('',*,*,#3206,.F.);
#4721=ORIENTED_EDGE('',*,*,#3066,.F.);
#4722=ORIENTED_EDGE('',*,*,#3142,.T.);
#4723=ORIENTED_EDGE('',*,*,#3171,.F.);
#4724=ORIENTED_EDGE('',*,*,#3138,.F.);
#4725=ORIENTED_EDGE('',*,*,#3163,.T.);
#4726=ORIENTED_EDGE('',*,*,#3487,.T.);
#4727=ORIENTED_EDGE('',*,*,#3180,.T.);
#4728=ORIENTED_EDGE('',*,*,#3205,.F.);
#4729=ORIENTED_EDGE('',*,*,#3194,.F.);
#4730=ORIENTED_EDGE('',*,*,#3488,.F.);
#4731=ORIENTED_EDGE('',*,*,#3156,.T.);
#4732=ORIENTED_EDGE('',*,*,#3147,.T.);
#4733=ORIENTED_EDGE('',*,*,#3165,.T.);
#4734=ORIENTED_EDGE('',*,*,#3152,.T.);
#4735=ORIENTED_EDGE('',*,*,#3068,.T.);
#4736=ORIENTED_EDGE('',*,*,#3225,.F.);
#4737=ORIENTED_EDGE('',*,*,#3058,.F.);
#4738=ORIENTED_EDGE('',*,*,#3150,.T.);
#4739=ORIENTED_EDGE('',*,*,#3167,.F.);
#4740=ORIENTED_EDGE('',*,*,#3145,.F.);
#4741=ORIENTED_EDGE('',*,*,#3158,.T.);
#4742=ORIENTED_EDGE('',*,*,#3489,.T.);
#4743=ORIENTED_EDGE('',*,*,#3196,.T.);
#4744=ORIENTED_EDGE('',*,*,#3203,.F.);
#4745=ORIENTED_EDGE('',*,*,#3200,.F.);
#4746=ORIENTED_EDGE('',*,*,#3197,.F.);
#4747=ORIENTED_EDGE('',*,*,#3489,.F.);
#4748=ORIENTED_EDGE('',*,*,#3157,.T.);
#4749=ORIENTED_EDGE('',*,*,#3488,.T.);
#4750=ORIENTED_EDGE('',*,*,#3193,.F.);
#4751=ORIENTED_EDGE('',*,*,#3190,.F.);
#4752=ORIENTED_EDGE('',*,*,#3187,.F.);
#4753=ORIENTED_EDGE('',*,*,#3184,.F.);
#4754=ORIENTED_EDGE('',*,*,#3181,.F.);
#4755=ORIENTED_EDGE('',*,*,#3487,.F.);
#4756=ORIENTED_EDGE('',*,*,#3162,.T.);
#4757=ORIENTED_EDGE('',*,*,#3486,.T.);
#4758=ORIENTED_EDGE('',*,*,#3177,.F.);
#4759=ORIENTED_EDGE('',*,*,#3174,.F.);
#4760=ORIENTED_EDGE('',*,*,#3490,.F.);
#4761=ORIENTED_EDGE('',*,*,#3026,.F.);
#4762=ORIENTED_EDGE('',*,*,#3491,.F.);
#4763=ORIENTED_EDGE('',*,*,#3159,.F.);
#4764=ORIENTED_EDGE('',*,*,#3084,.F.);
#4765=ORIENTED_EDGE('',*,*,#3027,.F.);
#4766=ORIENTED_EDGE('',*,*,#3490,.T.);
#4767=ORIENTED_EDGE('',*,*,#3164,.F.);
#4768=ORIENTED_EDGE('',*,*,#3136,.F.);
#4769=ORIENTED_EDGE('',*,*,#3129,.F.);
#4770=ORIENTED_EDGE('',*,*,#3134,.F.);
#4771=ORIENTED_EDGE('',*,*,#3160,.F.);
#4772=ORIENTED_EDGE('',*,*,#3491,.T.);
#4773=ORIENTED_EDGE('',*,*,#3025,.T.);
#4774=ORIENTED_EDGE('',*,*,#3093,.F.);
#4775=ORIENTED_EDGE('',*,*,#3126,.F.);
#4776=ORIENTED_EDGE('',*,*,#3492,.F.);
#4777=ORIENTED_EDGE('',*,*,#3030,.F.);
#4778=ORIENTED_EDGE('',*,*,#3493,.F.);
#4779=ORIENTED_EDGE('',*,*,#3154,.F.);
#4780=ORIENTED_EDGE('',*,*,#3146,.T.);
#4781=ORIENTED_EDGE('',*,*,#3155,.T.);
#4782=ORIENTED_EDGE('',*,*,#3493,.T.);
#4783=ORIENTED_EDGE('',*,*,#3029,.T.);
#4784=ORIENTED_EDGE('',*,*,#3083,.F.);
#4785=ORIENTED_EDGE('',*,*,#3114,.F.);
#4786=ORIENTED_EDGE('',*,*,#3079,.F.);
#4787=ORIENTED_EDGE('',*,*,#3031,.F.);
#4788=ORIENTED_EDGE('',*,*,#3492,.T.);
#4789=ORIENTED_EDGE('',*,*,#3153,.T.);
#4790=ORIENTED_EDGE('',*,*,#3143,.T.);
#4791=ORIENTED_EDGE('',*,*,#3109,.F.);
#4792=ORIENTED_EDGE('',*,*,#3089,.F.);
#4793=ORIENTED_EDGE('',*,*,#3062,.F.);
#4794=ORIENTED_EDGE('',*,*,#3151,.T.);
#4795=ORIENTED_EDGE('',*,*,#3105,.F.);
#4796=ORIENTED_EDGE('',*,*,#3149,.T.);
#4797=ORIENTED_EDGE('',*,*,#3056,.T.);
#4798=ORIENTED_EDGE('',*,*,#3076,.F.);
#4799=ORIENTED_EDGE('',*,*,#3102,.F.);
#4800=ORIENTED_EDGE('',*,*,#3141,.F.);
#4801=ORIENTED_EDGE('',*,*,#3064,.T.);
#4802=ORIENTED_EDGE('',*,*,#3088,.F.);
#4803=ORIENTED_EDGE('',*,*,#3122,.F.);
#4804=ORIENTED_EDGE('',*,*,#3097,.F.);
#4805=ORIENTED_EDGE('',*,*,#3070,.F.);
#4806=ORIENTED_EDGE('',*,*,#3139,.F.);
#4807=ORIENTED_EDGE('',*,*,#3117,.F.);
#4808=ORIENTED_EDGE('',*,*,#3494,.F.);
#4809=ORIENTED_EDGE('',*,*,#3495,.T.);
#4810=ORIENTED_EDGE('',*,*,#3020,.T.);
#4811=ORIENTED_EDGE('',*,*,#3339,.F.);
#4812=ORIENTED_EDGE('',*,*,#3022,.T.);
#4813=ORIENTED_EDGE('',*,*,#3496,.F.);
#4814=ORIENTED_EDGE('',*,*,#3497,.F.);
#4815=ORIENTED_EDGE('',*,*,#3344,.F.);
#4816=ORIENTED_EDGE('',*,*,#3497,.T.);
#4817=ORIENTED_EDGE('',*,*,#3498,.T.);
#4818=ORIENTED_EDGE('',*,*,#3494,.T.);
#4819=ORIENTED_EDGE('',*,*,#3338,.F.);
#4820=ORIENTED_EDGE('',*,*,#3021,.T.);
#4821=ORIENTED_EDGE('',*,*,#3495,.F.);
#4822=ORIENTED_EDGE('',*,*,#3498,.F.);
#4823=ORIENTED_EDGE('',*,*,#3496,.T.);
#4824=ORIENTED_EDGE('',*,*,#3044,.T.);
#4825=ORIENTED_EDGE('',*,*,#3008,.F.);
#4826=ORIENTED_EDGE('',*,*,#3499,.F.);
#4827=ORIENTED_EDGE('',*,*,#3500,.T.);
#4828=ORIENTED_EDGE('',*,*,#3046,.T.);
#4829=ORIENTED_EDGE('',*,*,#3501,.T.);
#4830=ORIENTED_EDGE('',*,*,#3502,.T.);
#4831=ORIENTED_EDGE('',*,*,#3034,.F.);
#4832=ORIENTED_EDGE('',*,*,#3500,.F.);
#4833=ORIENTED_EDGE('',*,*,#3503,.F.);
#4834=ORIENTED_EDGE('',*,*,#3501,.F.);
#4835=ORIENTED_EDGE('',*,*,#3045,.F.);
#4836=ORIENTED_EDGE('',*,*,#3035,.F.);
#4837=ORIENTED_EDGE('',*,*,#3502,.F.);
#4838=ORIENTED_EDGE('',*,*,#3503,.T.);
#4839=ORIENTED_EDGE('',*,*,#3499,.T.);
#4840=ORIENTED_EDGE('',*,*,#3383,.T.);
#4841=ORIENTED_EDGE('',*,*,#3504,.F.);
#4842=ORIENTED_EDGE('',*,*,#3505,.F.);
#4843=ORIENTED_EDGE('',*,*,#3506,.T.);
#4844=ORIENTED_EDGE('',*,*,#3389,.F.);
#4845=ORIENTED_EDGE('',*,*,#3004,.T.);
#4846=ORIENTED_EDGE('',*,*,#3506,.F.);
#4847=ORIENTED_EDGE('',*,*,#3507,.F.);
#4848=ORIENTED_EDGE('',*,*,#3508,.T.);
#4849=ORIENTED_EDGE('',*,*,#3390,.F.);
#4850=ORIENTED_EDGE('',*,*,#3381,.T.);
#4851=ORIENTED_EDGE('',*,*,#3002,.T.);
#4852=ORIENTED_EDGE('',*,*,#3391,.F.);
#4853=ORIENTED_EDGE('',*,*,#3508,.F.);
#4854=ORIENTED_EDGE('',*,*,#3509,.F.);
#4855=ORIENTED_EDGE('',*,*,#3510,.T.);
#4856=ORIENTED_EDGE('',*,*,#3382,.T.);
#4857=ORIENTED_EDGE('',*,*,#3510,.F.);
#4858=ORIENTED_EDGE('',*,*,#3511,.F.);
#4859=ORIENTED_EDGE('',*,*,#3504,.T.);
#4860=ORIENTED_EDGE('',*,*,#3505,.T.);
#4861=ORIENTED_EDGE('',*,*,#3511,.T.);
#4862=ORIENTED_EDGE('',*,*,#3509,.T.);
#4863=ORIENTED_EDGE('',*,*,#3507,.T.);
#4864=ORIENTED_EDGE('',*,*,#2991,.F.);
#4865=ORIENTED_EDGE('',*,*,#3380,.T.);
#4866=ORIENTED_EDGE('',*,*,#3512,.F.);
#4867=ORIENTED_EDGE('',*,*,#3513,.F.);
#4868=ORIENTED_EDGE('',*,*,#3514,.T.);
#4869=ORIENTED_EDGE('',*,*,#3386,.F.);
#4870=ORIENTED_EDGE('',*,*,#3000,.T.);
#4871=ORIENTED_EDGE('',*,*,#3514,.F.);
#4872=ORIENTED_EDGE('',*,*,#3515,.F.);
#4873=ORIENTED_EDGE('',*,*,#3516,.T.);
#4874=ORIENTED_EDGE('',*,*,#3387,.F.);
#4875=ORIENTED_EDGE('',*,*,#3384,.T.);
#4876=ORIENTED_EDGE('',*,*,#3288,.T.);
#4877=ORIENTED_EDGE('',*,*,#3388,.F.);
#4878=ORIENTED_EDGE('',*,*,#3516,.F.);
#4879=ORIENTED_EDGE('',*,*,#3517,.F.);
#4880=ORIENTED_EDGE('',*,*,#3518,.T.);
#4881=ORIENTED_EDGE('',*,*,#3385,.T.);
#4882=ORIENTED_EDGE('',*,*,#3518,.F.);
#4883=ORIENTED_EDGE('',*,*,#3519,.F.);
#4884=ORIENTED_EDGE('',*,*,#3512,.T.);
#4885=ORIENTED_EDGE('',*,*,#3513,.T.);
#4886=ORIENTED_EDGE('',*,*,#3519,.T.);
#4887=ORIENTED_EDGE('',*,*,#3517,.T.);
#4888=ORIENTED_EDGE('',*,*,#3515,.T.);
#4889=ORIENTED_EDGE('',*,*,#2988,.F.);
#4890=ORIENTED_EDGE('',*,*,#3520,.F.);
#4891=ORIENTED_EDGE('',*,*,#3521,.T.);
#4892=ORIENTED_EDGE('',*,*,#3522,.T.);
#4893=ORIENTED_EDGE('',*,*,#3523,.F.);
#4894=ORIENTED_EDGE('',*,*,#3524,.F.);
#4895=ORIENTED_EDGE('',*,*,#3525,.T.);
#4896=ORIENTED_EDGE('',*,*,#3526,.T.);
#4897=ORIENTED_EDGE('',*,*,#3525,.F.);
#4898=ORIENTED_EDGE('',*,*,#3527,.T.);
#4899=ORIENTED_EDGE('',*,*,#3528,.T.);
#4900=ORIENTED_EDGE('',*,*,#3529,.T.);
#4901=ORIENTED_EDGE('',*,*,#3530,.F.);
#4902=ORIENTED_EDGE('',*,*,#3531,.F.);
#4903=ORIENTED_EDGE('',*,*,#3532,.F.);
#4904=ORIENTED_EDGE('',*,*,#3533,.F.);
#4905=ORIENTED_EDGE('',*,*,#3534,.T.);
#4906=ORIENTED_EDGE('',*,*,#3535,.F.);
#4907=ORIENTED_EDGE('',*,*,#3536,.F.);
#4908=ORIENTED_EDGE('',*,*,#3537,.F.);
#4909=ORIENTED_EDGE('',*,*,#3538,.T.);
#4910=ORIENTED_EDGE('',*,*,#3539,.F.);
#4911=ORIENTED_EDGE('',*,*,#3540,.T.);
#4912=ORIENTED_EDGE('',*,*,#3541,.T.);
#4913=ORIENTED_EDGE('',*,*,#3521,.F.);
#4914=ORIENTED_EDGE('',*,*,#3542,.T.);
#4915=ORIENTED_EDGE('',*,*,#3523,.T.);
#4916=ORIENTED_EDGE('',*,*,#3543,.T.);
#4917=ORIENTED_EDGE('',*,*,#3544,.F.);
#4918=ORIENTED_EDGE('',*,*,#3545,.T.);
#4919=ORIENTED_EDGE('',*,*,#3546,.T.);
#4920=ORIENTED_EDGE('',*,*,#3547,.T.);
#4921=ORIENTED_EDGE('',*,*,#3548,.T.);
#4922=ORIENTED_EDGE('',*,*,#3549,.F.);
#4923=ORIENTED_EDGE('',*,*,#3550,.T.);
#4924=ORIENTED_EDGE('',*,*,#3545,.F.);
#4925=ORIENTED_EDGE('',*,*,#3551,.F.);
#4926=ORIENTED_EDGE('',*,*,#3552,.T.);
#4927=ORIENTED_EDGE('',*,*,#3553,.T.);
#4928=ORIENTED_EDGE('',*,*,#3554,.T.);
#4929=ORIENTED_EDGE('',*,*,#3555,.T.);
#4930=ORIENTED_EDGE('',*,*,#3556,.T.);
#4931=ORIENTED_EDGE('',*,*,#3557,.F.);
#4932=ORIENTED_EDGE('',*,*,#3558,.T.);
#4933=ORIENTED_EDGE('',*,*,#3549,.T.);
#4934=ORIENTED_EDGE('',*,*,#3559,.T.);
#4935=ORIENTED_EDGE('',*,*,#3560,.T.);
#4936=ORIENTED_EDGE('',*,*,#3561,.F.);
#4937=ORIENTED_EDGE('',*,*,#3562,.F.);
#4938=ORIENTED_EDGE('',*,*,#3563,.F.);
#4939=ORIENTED_EDGE('',*,*,#3564,.F.);
#4940=ORIENTED_EDGE('',*,*,#3565,.F.);
#4941=ORIENTED_EDGE('',*,*,#3566,.T.);
#4942=ORIENTED_EDGE('',*,*,#3567,.F.);
#4943=ORIENTED_EDGE('',*,*,#3568,.F.);
#4944=ORIENTED_EDGE('',*,*,#3547,.F.);
#4945=ORIENTED_EDGE('',*,*,#3569,.F.);
#4946=ORIENTED_EDGE('',*,*,#3570,.F.);
#4947=ORIENTED_EDGE('',*,*,#3571,.F.);
#4948=ORIENTED_EDGE('',*,*,#3572,.F.);
#4949=ORIENTED_EDGE('',*,*,#3573,.F.);
#4950=ORIENTED_EDGE('',*,*,#3556,.F.);
#4951=ORIENTED_EDGE('',*,*,#3574,.F.);
#4952=ORIENTED_EDGE('',*,*,#3560,.F.);
#4953=ORIENTED_EDGE('',*,*,#3575,.T.);
#4954=ORIENTED_EDGE('',*,*,#3543,.F.);
#4955=ORIENTED_EDGE('',*,*,#3522,.F.);
#4956=ORIENTED_EDGE('',*,*,#3541,.F.);
#4957=ORIENTED_EDGE('',*,*,#3576,.F.);
#4958=ORIENTED_EDGE('',*,*,#3577,.F.);
#4959=ORIENTED_EDGE('',*,*,#3578,.F.);
#4960=ORIENTED_EDGE('',*,*,#3579,.F.);
#4961=ORIENTED_EDGE('',*,*,#3580,.F.);
#4962=ORIENTED_EDGE('',*,*,#3581,.F.);
#4963=ORIENTED_EDGE('',*,*,#3582,.F.);
#4964=ORIENTED_EDGE('',*,*,#3583,.F.);
#4965=ORIENTED_EDGE('',*,*,#3584,.F.);
#4966=ORIENTED_EDGE('',*,*,#3539,.T.);
#4967=ORIENTED_EDGE('',*,*,#3585,.T.);
#4968=ORIENTED_EDGE('',*,*,#3535,.T.);
#4969=ORIENTED_EDGE('',*,*,#3586,.F.);
#4970=ORIENTED_EDGE('',*,*,#3562,.T.);
#4971=ORIENTED_EDGE('',*,*,#3587,.T.);
#4972=ORIENTED_EDGE('',*,*,#3588,.T.);
#4973=ORIENTED_EDGE('',*,*,#3589,.T.);
#4974=ORIENTED_EDGE('',*,*,#3590,.T.);
#4975=ORIENTED_EDGE('',*,*,#3591,.T.);
#4976=ORIENTED_EDGE('',*,*,#3592,.T.);
#4977=ORIENTED_EDGE('',*,*,#3593,.T.);
#4978=ORIENTED_EDGE('',*,*,#3594,.T.);
#4979=ORIENTED_EDGE('',*,*,#3595,.T.);
#4980=ORIENTED_EDGE('',*,*,#3596,.F.);
#4981=ORIENTED_EDGE('',*,*,#3597,.T.);
#4982=ORIENTED_EDGE('',*,*,#3598,.F.);
#4983=ORIENTED_EDGE('',*,*,#3599,.F.);
#4984=ORIENTED_EDGE('',*,*,#3600,.F.);
#4985=ORIENTED_EDGE('',*,*,#3601,.F.);
#4986=ORIENTED_EDGE('',*,*,#3602,.F.);
#4987=ORIENTED_EDGE('',*,*,#3603,.F.);
#4988=ORIENTED_EDGE('',*,*,#3524,.T.);
#4989=ORIENTED_EDGE('',*,*,#3599,.T.);
#4990=ORIENTED_EDGE('',*,*,#3604,.F.);
#4991=ORIENTED_EDGE('',*,*,#3605,.F.);
#4992=ORIENTED_EDGE('',*,*,#3606,.T.);
#4993=ORIENTED_EDGE('',*,*,#3598,.T.);
#4994=ORIENTED_EDGE('',*,*,#3607,.T.);
#4995=ORIENTED_EDGE('',*,*,#3527,.F.);
#4996=ORIENTED_EDGE('',*,*,#3608,.T.);
#4997=ORIENTED_EDGE('',*,*,#3554,.F.);
#4998=ORIENTED_EDGE('',*,*,#3609,.T.);
#4999=ORIENTED_EDGE('',*,*,#3610,.F.);
#5000=ORIENTED_EDGE('',*,*,#3604,.T.);
#5001=ORIENTED_EDGE('',*,*,#3529,.F.);
#5002=ORIENTED_EDGE('',*,*,#3611,.T.);
#5003=ORIENTED_EDGE('',*,*,#3596,.T.);
#5004=ORIENTED_EDGE('',*,*,#3612,.F.);
#5005=ORIENTED_EDGE('',*,*,#3613,.F.);
#5006=ORIENTED_EDGE('',*,*,#3614,.T.);
#5007=ORIENTED_EDGE('',*,*,#3552,.F.);
#5008=ORIENTED_EDGE('',*,*,#3615,.F.);
#5009=ORIENTED_EDGE('',*,*,#3603,.T.);
#5010=ORIENTED_EDGE('',*,*,#3616,.F.);
#5011=ORIENTED_EDGE('',*,*,#3617,.F.);
#5012=ORIENTED_EDGE('',*,*,#3612,.T.);
#5013=ORIENTED_EDGE('',*,*,#3602,.T.);
#5014=ORIENTED_EDGE('',*,*,#3618,.F.);
#5015=ORIENTED_EDGE('',*,*,#3619,.F.);
#5016=ORIENTED_EDGE('',*,*,#3616,.T.);
#5017=ORIENTED_EDGE('',*,*,#3601,.T.);
#5018=ORIENTED_EDGE('',*,*,#3620,.F.);
#5019=ORIENTED_EDGE('',*,*,#3621,.F.);
#5020=ORIENTED_EDGE('',*,*,#3618,.T.);
#5021=ORIENTED_EDGE('',*,*,#3600,.T.);
#5022=ORIENTED_EDGE('',*,*,#3606,.F.);
#5023=ORIENTED_EDGE('',*,*,#3622,.F.);
#5024=ORIENTED_EDGE('',*,*,#3620,.T.);
#5025=ORIENTED_EDGE('',*,*,#3610,.T.);
#5026=ORIENTED_EDGE('',*,*,#3623,.T.);
#5027=ORIENTED_EDGE('',*,*,#3613,.T.);
#5028=ORIENTED_EDGE('',*,*,#3617,.T.);
#5029=ORIENTED_EDGE('',*,*,#3619,.T.);
#5030=ORIENTED_EDGE('',*,*,#3621,.T.);
#5031=ORIENTED_EDGE('',*,*,#3622,.T.);
#5032=ORIENTED_EDGE('',*,*,#3605,.T.);
#5033=ORIENTED_EDGE('',*,*,#3526,.F.);
#5034=ORIENTED_EDGE('',*,*,#3567,.T.);
#5035=ORIENTED_EDGE('',*,*,#3624,.T.);
#5036=ORIENTED_EDGE('',*,*,#3625,.T.);
#5037=ORIENTED_EDGE('',*,*,#3626,.T.);
#5038=ORIENTED_EDGE('',*,*,#3627,.T.);
#5039=ORIENTED_EDGE('',*,*,#3628,.T.);
#5040=ORIENTED_EDGE('',*,*,#3531,.T.);
#5041=ORIENTED_EDGE('',*,*,#3629,.T.);
#5042=ORIENTED_EDGE('',*,*,#3561,.T.);
#5043=ORIENTED_EDGE('',*,*,#3584,.T.);
#5044=ORIENTED_EDGE('',*,*,#3630,.F.);
#5045=ORIENTED_EDGE('',*,*,#3587,.F.);
#5046=ORIENTED_EDGE('',*,*,#3630,.T.);
#5047=ORIENTED_EDGE('',*,*,#3583,.T.);
#5048=ORIENTED_EDGE('',*,*,#3631,.F.);
#5049=ORIENTED_EDGE('',*,*,#3588,.F.);
#5050=ORIENTED_EDGE('',*,*,#3631,.T.);
#5051=ORIENTED_EDGE('',*,*,#3582,.T.);
#5052=ORIENTED_EDGE('',*,*,#3632,.F.);
#5053=ORIENTED_EDGE('',*,*,#3589,.F.);
#5054=ORIENTED_EDGE('',*,*,#3632,.T.);
#5055=ORIENTED_EDGE('',*,*,#3581,.T.);
#5056=ORIENTED_EDGE('',*,*,#3633,.F.);
#5057=ORIENTED_EDGE('',*,*,#3590,.F.);
#5058=ORIENTED_EDGE('',*,*,#3633,.T.);
#5059=ORIENTED_EDGE('',*,*,#3580,.T.);
#5060=ORIENTED_EDGE('',*,*,#3634,.F.);
#5061=ORIENTED_EDGE('',*,*,#3591,.F.);
#5062=ORIENTED_EDGE('',*,*,#3634,.T.);
#5063=ORIENTED_EDGE('',*,*,#3579,.T.);
#5064=ORIENTED_EDGE('',*,*,#3635,.F.);
#5065=ORIENTED_EDGE('',*,*,#3592,.F.);
#5066=ORIENTED_EDGE('',*,*,#3635,.T.);
#5067=ORIENTED_EDGE('',*,*,#3578,.T.);
#5068=ORIENTED_EDGE('',*,*,#3636,.F.);
#5069=ORIENTED_EDGE('',*,*,#3593,.F.);
#5070=ORIENTED_EDGE('',*,*,#3636,.T.);
#5071=ORIENTED_EDGE('',*,*,#3577,.T.);
#5072=ORIENTED_EDGE('',*,*,#3637,.F.);
#5073=ORIENTED_EDGE('',*,*,#3594,.F.);
#5074=ORIENTED_EDGE('',*,*,#3637,.T.);
#5075=ORIENTED_EDGE('',*,*,#3576,.T.);
#5076=ORIENTED_EDGE('',*,*,#3540,.F.);
#5077=ORIENTED_EDGE('',*,*,#3595,.F.);
#5078=ORIENTED_EDGE('',*,*,#3574,.T.);
#5079=ORIENTED_EDGE('',*,*,#3555,.F.);
#5080=ORIENTED_EDGE('',*,*,#3608,.F.);
#5081=ORIENTED_EDGE('',*,*,#3548,.F.);
#5082=ORIENTED_EDGE('',*,*,#3530,.T.);
#5083=ORIENTED_EDGE('',*,*,#3615,.T.);
#5084=ORIENTED_EDGE('',*,*,#3568,.T.);
#5085=ORIENTED_EDGE('',*,*,#3629,.F.);
#5086=ORIENTED_EDGE('',*,*,#3586,.T.);
#5087=ORIENTED_EDGE('',*,*,#3534,.F.);
#5088=ORIENTED_EDGE('',*,*,#3638,.F.);
#5089=ORIENTED_EDGE('',*,*,#3563,.T.);
#5090=ORIENTED_EDGE('',*,*,#3639,.F.);
#5091=ORIENTED_EDGE('',*,*,#3564,.T.);
#5092=ORIENTED_EDGE('',*,*,#3638,.T.);
#5093=ORIENTED_EDGE('',*,*,#3533,.T.);
#5094=ORIENTED_EDGE('',*,*,#3575,.F.);
#5095=ORIENTED_EDGE('',*,*,#3559,.F.);
#5096=ORIENTED_EDGE('',*,*,#3551,.T.);
#5097=ORIENTED_EDGE('',*,*,#3544,.T.);
#5098=ORIENTED_EDGE('',*,*,#3640,.F.);
#5099=ORIENTED_EDGE('',*,*,#3565,.T.);
#5100=ORIENTED_EDGE('',*,*,#3641,.F.);
#5101=ORIENTED_EDGE('',*,*,#3642,.F.);
#5102=ORIENTED_EDGE('',*,*,#3643,.F.);
#5103=ORIENTED_EDGE('',*,*,#3644,.F.);
#5104=ORIENTED_EDGE('',*,*,#3628,.F.);
#5105=ORIENTED_EDGE('',*,*,#3645,.F.);
#5106=ORIENTED_EDGE('',*,*,#3641,.T.);
#5107=ORIENTED_EDGE('',*,*,#3639,.T.);
#5108=ORIENTED_EDGE('',*,*,#3532,.T.);
#5109=ORIENTED_EDGE('',*,*,#3627,.F.);
#5110=ORIENTED_EDGE('',*,*,#3646,.F.);
#5111=ORIENTED_EDGE('',*,*,#3642,.T.);
#5112=ORIENTED_EDGE('',*,*,#3645,.T.);
#5113=ORIENTED_EDGE('',*,*,#3626,.F.);
#5114=ORIENTED_EDGE('',*,*,#3647,.F.);
#5115=ORIENTED_EDGE('',*,*,#3643,.T.);
#5116=ORIENTED_EDGE('',*,*,#3646,.T.);
#5117=ORIENTED_EDGE('',*,*,#3625,.F.);
#5118=ORIENTED_EDGE('',*,*,#3648,.F.);
#5119=ORIENTED_EDGE('',*,*,#3644,.T.);
#5120=ORIENTED_EDGE('',*,*,#3647,.T.);
#5121=ORIENTED_EDGE('',*,*,#3624,.F.);
#5122=ORIENTED_EDGE('',*,*,#3566,.F.);
#5123=ORIENTED_EDGE('',*,*,#3640,.T.);
#5124=ORIENTED_EDGE('',*,*,#3648,.T.);
#5125=ORIENTED_EDGE('',*,*,#3649,.T.);
#5126=ORIENTED_EDGE('',*,*,#3558,.F.);
#5127=ORIENTED_EDGE('',*,*,#3650,.T.);
#5128=ORIENTED_EDGE('',*,*,#3651,.T.);
#5129=ORIENTED_EDGE('',*,*,#3652,.T.);
#5130=ORIENTED_EDGE('',*,*,#3653,.T.);
#5131=ORIENTED_EDGE('',*,*,#3573,.T.);
#5132=ORIENTED_EDGE('',*,*,#3654,.F.);
#5133=ORIENTED_EDGE('',*,*,#3650,.F.);
#5134=ORIENTED_EDGE('',*,*,#3557,.T.);
#5135=ORIENTED_EDGE('',*,*,#3572,.T.);
#5136=ORIENTED_EDGE('',*,*,#3655,.F.);
#5137=ORIENTED_EDGE('',*,*,#3651,.F.);
#5138=ORIENTED_EDGE('',*,*,#3654,.T.);
#5139=ORIENTED_EDGE('',*,*,#3571,.T.);
#5140=ORIENTED_EDGE('',*,*,#3656,.F.);
#5141=ORIENTED_EDGE('',*,*,#3652,.F.);
#5142=ORIENTED_EDGE('',*,*,#3655,.T.);
#5143=ORIENTED_EDGE('',*,*,#3570,.T.);
#5144=ORIENTED_EDGE('',*,*,#3657,.F.);
#5145=ORIENTED_EDGE('',*,*,#3653,.F.);
#5146=ORIENTED_EDGE('',*,*,#3656,.T.);
#5147=ORIENTED_EDGE('',*,*,#3569,.T.);
#5148=ORIENTED_EDGE('',*,*,#3546,.F.);
#5149=ORIENTED_EDGE('',*,*,#3550,.F.);
#5150=ORIENTED_EDGE('',*,*,#3649,.F.);
#5151=ORIENTED_EDGE('',*,*,#3657,.T.);
#5152=ORIENTED_EDGE('',*,*,#3585,.F.);
#5153=ORIENTED_EDGE('',*,*,#3538,.F.);
#5154=ORIENTED_EDGE('',*,*,#3658,.T.);
#5155=ORIENTED_EDGE('',*,*,#3536,.T.);
#5156=ORIENTED_EDGE('',*,*,#3658,.F.);
#5157=ORIENTED_EDGE('',*,*,#3537,.T.);
#5158=ORIENTED_EDGE('',*,*,#3520,.T.);
#5159=ORIENTED_EDGE('',*,*,#3542,.F.);
#5160=ORIENTED_EDGE('',*,*,#3609,.F.);
#5161=ORIENTED_EDGE('',*,*,#3553,.F.);
#5162=ORIENTED_EDGE('',*,*,#3614,.F.);
#5163=ORIENTED_EDGE('',*,*,#3623,.F.);
#5164=ORIENTED_EDGE('',*,*,#3611,.F.);
#5165=ORIENTED_EDGE('',*,*,#3528,.F.);
#5166=ORIENTED_EDGE('',*,*,#3607,.F.);
#5167=ORIENTED_EDGE('',*,*,#3597,.F.);
#5168=ORIENTED_EDGE('',*,*,#3659,.F.);
#5169=ORIENTED_EDGE('',*,*,#3660,.T.);
#5170=ORIENTED_EDGE('',*,*,#3661,.F.);
#5171=ORIENTED_EDGE('',*,*,#3660,.F.);
#5172=ORIENTED_EDGE('',*,*,#3661,.T.);
#5173=ORIENTED_EDGE('',*,*,#3662,.T.);
#5174=ORIENTED_EDGE('',*,*,#3663,.T.);
#5175=ORIENTED_EDGE('',*,*,#3662,.F.);
#5176=ORIENTED_EDGE('',*,*,#3659,.T.);
#5177=ORIENTED_EDGE('',*,*,#3664,.F.);
#5178=ORIENTED_EDGE('',*,*,#3663,.F.);
#5179=ORIENTED_EDGE('',*,*,#3665,.T.);
#5180=ORIENTED_EDGE('',*,*,#3666,.F.);
#5181=ORIENTED_EDGE('',*,*,#3665,.F.);
#5182=ORIENTED_EDGE('',*,*,#3667,.F.);
#5183=ORIENTED_EDGE('',*,*,#3668,.T.);
#5184=ORIENTED_EDGE('',*,*,#3669,.F.);
#5185=ORIENTED_EDGE('',*,*,#3668,.F.);
#5186=ORIENTED_EDGE('',*,*,#3670,.T.);
#5187=ORIENTED_EDGE('',*,*,#3671,.T.);
#5188=ORIENTED_EDGE('',*,*,#3667,.T.);
#5189=ORIENTED_EDGE('',*,*,#3671,.F.);
#5190=ORIENTED_EDGE('',*,*,#3669,.T.);
#5191=ORIENTED_EDGE('',*,*,#3672,.F.);
#5192=ORIENTED_EDGE('',*,*,#3673,.F.);
#5193=ORIENTED_EDGE('',*,*,#3674,.T.);
#5194=ORIENTED_EDGE('',*,*,#3670,.F.);
#5195=ORIENTED_EDGE('',*,*,#3674,.F.);
#5196=ORIENTED_EDGE('',*,*,#3666,.T.);
#5197=ORIENTED_EDGE('',*,*,#3675,.T.);
#5198=ORIENTED_EDGE('',*,*,#3673,.T.);
#5199=ORIENTED_EDGE('',*,*,#3675,.F.);
#5200=ORIENTED_EDGE('',*,*,#3672,.T.);
#5201=ORIENTED_EDGE('',*,*,#3676,.T.);
#5202=ORIENTED_EDGE('',*,*,#3677,.T.);
#5203=ORIENTED_EDGE('',*,*,#3676,.F.);
#5204=ORIENTED_EDGE('',*,*,#3678,.T.);
#5205=ORIENTED_EDGE('',*,*,#3679,.T.);
#5206=ORIENTED_EDGE('',*,*,#3680,.T.);
#5207=ORIENTED_EDGE('',*,*,#3679,.F.);
#5208=ORIENTED_EDGE('',*,*,#3681,.F.);
#5209=ORIENTED_EDGE('',*,*,#3682,.T.);
#5210=ORIENTED_EDGE('',*,*,#3678,.F.);
#5211=ORIENTED_EDGE('',*,*,#3682,.F.);
#5212=ORIENTED_EDGE('',*,*,#3680,.F.);
#5213=ORIENTED_EDGE('',*,*,#3683,.T.);
#5214=ORIENTED_EDGE('',*,*,#3684,.T.);
#5215=ORIENTED_EDGE('',*,*,#3685,.T.);
#5216=ORIENTED_EDGE('',*,*,#3681,.T.);
#5217=ORIENTED_EDGE('',*,*,#3685,.F.);
#5218=ORIENTED_EDGE('',*,*,#3686,.T.);
#5219=ORIENTED_EDGE('',*,*,#3687,.T.);
#5220=ORIENTED_EDGE('',*,*,#3688,.T.);
#5221=ORIENTED_EDGE('',*,*,#3687,.F.);
#5222=ORIENTED_EDGE('',*,*,#3688,.F.);
#5223=ORIENTED_EDGE('',*,*,#3689,.T.);
#5224=ORIENTED_EDGE('',*,*,#3690,.F.);
#5225=ORIENTED_EDGE('',*,*,#3689,.F.);
#5226=ORIENTED_EDGE('',*,*,#3686,.F.);
#5227=ORIENTED_EDGE('',*,*,#3677,.F.);
#5228=ORIENTED_EDGE('',*,*,#3690,.T.);
#5229=ORIENTED_EDGE('',*,*,#3691,.T.);
#5230=ORIENTED_EDGE('',*,*,#3692,.T.);
#5231=ORIENTED_EDGE('',*,*,#3691,.F.);
#5232=ORIENTED_EDGE('',*,*,#3683,.F.);
#5233=ORIENTED_EDGE('',*,*,#3693,.T.);
#5234=ORIENTED_EDGE('',*,*,#3664,.T.);
#5235=ORIENTED_EDGE('',*,*,#3693,.F.);
#5236=ORIENTED_EDGE('',*,*,#3692,.F.);
#5237=ORIENTED_EDGE('',*,*,#3694,.T.);
#5238=ORIENTED_EDGE('',*,*,#3684,.F.);
#5239=ORIENTED_EDGE('',*,*,#3694,.F.);
#5240=ORIENTED_EDGE('',*,*,#3695,.T.);
#5241=ORIENTED_EDGE('',*,*,#3696,.T.);
#5242=ORIENTED_EDGE('',*,*,#3697,.F.);
#5243=ORIENTED_EDGE('',*,*,#3696,.F.);
#5244=ORIENTED_EDGE('',*,*,#3698,.F.);
#5245=ORIENTED_EDGE('',*,*,#3699,.T.);
#5246=ORIENTED_EDGE('',*,*,#3700,.T.);
#5247=ORIENTED_EDGE('',*,*,#3699,.F.);
#5248=ORIENTED_EDGE('',*,*,#3698,.T.);
#5249=ORIENTED_EDGE('',*,*,#3697,.T.);
#5250=ORIENTED_EDGE('',*,*,#3700,.F.);
#5251=ORIENTED_EDGE('',*,*,#3695,.F.);
#5252=ORIENTED_EDGE('',*,*,#3701,.F.);
#5253=ORIENTED_EDGE('',*,*,#3702,.T.);
#5254=ORIENTED_EDGE('',*,*,#3703,.F.);
#5255=ORIENTED_EDGE('',*,*,#3704,.F.);
#5256=ORIENTED_EDGE('',*,*,#3705,.F.);
#5257=ORIENTED_EDGE('',*,*,#3704,.T.);
#5258=ORIENTED_EDGE('',*,*,#3706,.F.);
#5259=ORIENTED_EDGE('',*,*,#3707,.F.);
#5260=ORIENTED_EDGE('',*,*,#3708,.F.);
#5261=ORIENTED_EDGE('',*,*,#3709,.F.);
#5262=ORIENTED_EDGE('',*,*,#3710,.F.);
#5263=ORIENTED_EDGE('',*,*,#3708,.T.);
#5264=ORIENTED_EDGE('',*,*,#3711,.F.);
#5265=ORIENTED_EDGE('',*,*,#3712,.F.);
#5266=ORIENTED_EDGE('',*,*,#3713,.F.);
#5267=ORIENTED_EDGE('',*,*,#3714,.F.);
#5268=ORIENTED_EDGE('',*,*,#3715,.T.);
#5269=ORIENTED_EDGE('',*,*,#3716,.F.);
#5270=ORIENTED_EDGE('',*,*,#3717,.F.);
#5271=ORIENTED_EDGE('',*,*,#3702,.F.);
#5272=ORIENTED_EDGE('',*,*,#3718,.F.);
#5273=ORIENTED_EDGE('',*,*,#3719,.T.);
#5274=ORIENTED_EDGE('',*,*,#3720,.F.);
#5275=ORIENTED_EDGE('',*,*,#3715,.F.);
#5276=ORIENTED_EDGE('',*,*,#3721,.F.);
#5277=ORIENTED_EDGE('',*,*,#3722,.F.);
#5278=ORIENTED_EDGE('',*,*,#3712,.T.);
#5279=ORIENTED_EDGE('',*,*,#3723,.F.);
#5280=ORIENTED_EDGE('',*,*,#3724,.F.);
#5281=ORIENTED_EDGE('',*,*,#3719,.F.);
#5282=ORIENTED_EDGE('',*,*,#3713,.T.);
#5283=ORIENTED_EDGE('',*,*,#3701,.T.);
#5284=ORIENTED_EDGE('',*,*,#3705,.T.);
#5285=ORIENTED_EDGE('',*,*,#3725,.T.);
#5286=ORIENTED_EDGE('',*,*,#3726,.T.);
#5287=ORIENTED_EDGE('',*,*,#3727,.T.);
#5288=ORIENTED_EDGE('',*,*,#3728,.T.);
#5289=ORIENTED_EDGE('',*,*,#3729,.F.);
#5290=ORIENTED_EDGE('',*,*,#3730,.T.);
#5291=ORIENTED_EDGE('',*,*,#3731,.T.);
#5292=ORIENTED_EDGE('',*,*,#3732,.T.);
#5293=ORIENTED_EDGE('',*,*,#3733,.T.);
#5294=ORIENTED_EDGE('',*,*,#3734,.F.);
#5295=ORIENTED_EDGE('',*,*,#3735,.T.);
#5296=ORIENTED_EDGE('',*,*,#3736,.T.);
#5297=ORIENTED_EDGE('',*,*,#3737,.T.);
#5298=ORIENTED_EDGE('',*,*,#3725,.F.);
#5299=ORIENTED_EDGE('',*,*,#3709,.T.);
#5300=ORIENTED_EDGE('',*,*,#3710,.T.);
#5301=ORIENTED_EDGE('',*,*,#3722,.T.);
#5302=ORIENTED_EDGE('',*,*,#3738,.F.);
#5303=ORIENTED_EDGE('',*,*,#3739,.T.);
#5304=ORIENTED_EDGE('',*,*,#3740,.T.);
#5305=ORIENTED_EDGE('',*,*,#3741,.T.);
#5306=ORIENTED_EDGE('',*,*,#3742,.F.);
#5307=ORIENTED_EDGE('',*,*,#3743,.T.);
#5308=ORIENTED_EDGE('',*,*,#3744,.T.);
#5309=ORIENTED_EDGE('',*,*,#3731,.F.);
#5310=ORIENTED_EDGE('',*,*,#3716,.T.);
#5311=ORIENTED_EDGE('',*,*,#3720,.T.);
#5312=ORIENTED_EDGE('',*,*,#3724,.T.);
#5313=ORIENTED_EDGE('',*,*,#3745,.F.);
#5314=ORIENTED_EDGE('',*,*,#3746,.T.);
#5315=ORIENTED_EDGE('',*,*,#3747,.T.);
#5316=ORIENTED_EDGE('',*,*,#3748,.T.);
#5317=ORIENTED_EDGE('',*,*,#3749,.T.);
#5318=ORIENTED_EDGE('',*,*,#3750,.F.);
#5319=ORIENTED_EDGE('',*,*,#3751,.T.);
#5320=ORIENTED_EDGE('',*,*,#3746,.F.);
#5321=ORIENTED_EDGE('',*,*,#3752,.F.);
#5322=ORIENTED_EDGE('',*,*,#3753,.F.);
#5323=ORIENTED_EDGE('',*,*,#3739,.F.);
#5324=ORIENTED_EDGE('',*,*,#3740,.F.);
#5325=ORIENTED_EDGE('',*,*,#3753,.T.);
#5326=ORIENTED_EDGE('',*,*,#3754,.F.);
#5327=ORIENTED_EDGE('',*,*,#3755,.F.);
#5328=ORIENTED_EDGE('',*,*,#3741,.F.);
#5329=ORIENTED_EDGE('',*,*,#3755,.T.);
#5330=ORIENTED_EDGE('',*,*,#3756,.F.);
#5331=ORIENTED_EDGE('',*,*,#3757,.F.);
#5332=ORIENTED_EDGE('',*,*,#3758,.F.);
#5333=ORIENTED_EDGE('',*,*,#3759,.F.);
#5334=ORIENTED_EDGE('',*,*,#3760,.F.);
#5335=ORIENTED_EDGE('',*,*,#3758,.T.);
#5336=ORIENTED_EDGE('',*,*,#3761,.F.);
#5337=ORIENTED_EDGE('',*,*,#3762,.F.);
#5338=ORIENTED_EDGE('',*,*,#3763,.F.);
#5339=ORIENTED_EDGE('',*,*,#3764,.F.);
#5340=ORIENTED_EDGE('',*,*,#3762,.T.);
#5341=ORIENTED_EDGE('',*,*,#3765,.F.);
#5342=ORIENTED_EDGE('',*,*,#3748,.F.);
#5343=ORIENTED_EDGE('',*,*,#3766,.F.);
#5344=ORIENTED_EDGE('',*,*,#3767,.F.);
#5345=ORIENTED_EDGE('',*,*,#3766,.T.);
#5346=ORIENTED_EDGE('',*,*,#3747,.F.);
#5347=ORIENTED_EDGE('',*,*,#3751,.F.);
#5348=ORIENTED_EDGE('',*,*,#3764,.T.);
#5349=ORIENTED_EDGE('',*,*,#3768,.F.);
#5350=ORIENTED_EDGE('',*,*,#3769,.T.);
#5351=ORIENTED_EDGE('',*,*,#3770,.T.);
#5352=ORIENTED_EDGE('',*,*,#3771,.T.);
#5353=ORIENTED_EDGE('',*,*,#3742,.T.);
#5354=ORIENTED_EDGE('',*,*,#3759,.T.);
#5355=ORIENTED_EDGE('',*,*,#3760,.T.);
#5356=ORIENTED_EDGE('',*,*,#3772,.T.);
#5357=ORIENTED_EDGE('',*,*,#3773,.T.);
#5358=ORIENTED_EDGE('',*,*,#3774,.F.);
#5359=ORIENTED_EDGE('',*,*,#3773,.F.);
#5360=ORIENTED_EDGE('',*,*,#3775,.T.);
#5361=ORIENTED_EDGE('',*,*,#3776,.T.);
#5362=ORIENTED_EDGE('',*,*,#3777,.T.);
#5363=ORIENTED_EDGE('',*,*,#3756,.T.);
#5364=ORIENTED_EDGE('',*,*,#3754,.T.);
#5365=ORIENTED_EDGE('',*,*,#3752,.T.);
#5366=ORIENTED_EDGE('',*,*,#3745,.T.);
#5367=ORIENTED_EDGE('',*,*,#3723,.T.);
#5368=ORIENTED_EDGE('',*,*,#3711,.T.);
#5369=ORIENTED_EDGE('',*,*,#3707,.T.);
#5370=ORIENTED_EDGE('',*,*,#3778,.T.);
#5371=ORIENTED_EDGE('',*,*,#3779,.T.);
#5372=ORIENTED_EDGE('',*,*,#3780,.T.);
#5373=ORIENTED_EDGE('',*,*,#3781,.T.);
#5374=ORIENTED_EDGE('',*,*,#3782,.T.);
#5375=ORIENTED_EDGE('',*,*,#3783,.T.);
#5376=ORIENTED_EDGE('',*,*,#3717,.T.);
#5377=ORIENTED_EDGE('',*,*,#3784,.T.);
#5378=ORIENTED_EDGE('',*,*,#3785,.T.);
#5379=ORIENTED_EDGE('',*,*,#3786,.T.);
#5380=ORIENTED_EDGE('',*,*,#3787,.T.);
#5381=ORIENTED_EDGE('',*,*,#3778,.F.);
#5382=ORIENTED_EDGE('',*,*,#3706,.T.);
#5383=ORIENTED_EDGE('',*,*,#3703,.T.);
#5384=ORIENTED_EDGE('',*,*,#3770,.F.);
#5385=ORIENTED_EDGE('',*,*,#3788,.T.);
#5386=ORIENTED_EDGE('',*,*,#3789,.F.);
#5387=ORIENTED_EDGE('',*,*,#3790,.F.);
#5388=ORIENTED_EDGE('',*,*,#3771,.F.);
#5389=ORIENTED_EDGE('',*,*,#3790,.T.);
#5390=ORIENTED_EDGE('',*,*,#3791,.F.);
#5391=ORIENTED_EDGE('',*,*,#3776,.F.);
#5392=ORIENTED_EDGE('',*,*,#3792,.F.);
#5393=ORIENTED_EDGE('',*,*,#3743,.F.);
#5394=ORIENTED_EDGE('',*,*,#3744,.F.);
#5395=ORIENTED_EDGE('',*,*,#3792,.T.);
#5396=ORIENTED_EDGE('',*,*,#3775,.F.);
#5397=ORIENTED_EDGE('',*,*,#3772,.F.);
#5398=ORIENTED_EDGE('',*,*,#3793,.F.);
#5399=ORIENTED_EDGE('',*,*,#3732,.F.);
#5400=ORIENTED_EDGE('',*,*,#3769,.F.);
#5401=ORIENTED_EDGE('',*,*,#3794,.F.);
#5402=ORIENTED_EDGE('',*,*,#3795,.T.);
#5403=ORIENTED_EDGE('',*,*,#3796,.F.);
#5404=ORIENTED_EDGE('',*,*,#3797,.F.);
#5405=ORIENTED_EDGE('',*,*,#3788,.F.);
#5406=ORIENTED_EDGE('',*,*,#3798,.F.);
#5407=ORIENTED_EDGE('',*,*,#3799,.T.);
#5408=ORIENTED_EDGE('',*,*,#3800,.F.);
#5409=ORIENTED_EDGE('',*,*,#3795,.F.);
#5410=ORIENTED_EDGE('',*,*,#3801,.F.);
#5411=ORIENTED_EDGE('',*,*,#3733,.F.);
#5412=ORIENTED_EDGE('',*,*,#3793,.T.);
#5413=ORIENTED_EDGE('',*,*,#3783,.F.);
#5414=ORIENTED_EDGE('',*,*,#3802,.F.);
#5415=ORIENTED_EDGE('',*,*,#3799,.F.);
#5416=ORIENTED_EDGE('',*,*,#3714,.T.);
#5417=ORIENTED_EDGE('',*,*,#3803,.F.);
#5418=ORIENTED_EDGE('',*,*,#3763,.T.);
#5419=ORIENTED_EDGE('',*,*,#3767,.T.);
#5420=ORIENTED_EDGE('',*,*,#3750,.T.);
#5421=ORIENTED_EDGE('',*,*,#3738,.T.);
#5422=ORIENTED_EDGE('',*,*,#3721,.T.);
#5423=ORIENTED_EDGE('',*,*,#3718,.T.);
#5424=ORIENTED_EDGE('',*,*,#3796,.T.);
#5425=ORIENTED_EDGE('',*,*,#3800,.T.);
#5426=ORIENTED_EDGE('',*,*,#3802,.T.);
#5427=ORIENTED_EDGE('',*,*,#3782,.F.);
#5428=ORIENTED_EDGE('',*,*,#3804,.T.);
#5429=ORIENTED_EDGE('',*,*,#3805,.T.);
#5430=ORIENTED_EDGE('',*,*,#3806,.T.);
#5431=ORIENTED_EDGE('',*,*,#3807,.T.);
#5432=ORIENTED_EDGE('',*,*,#3808,.F.);
#5433=ORIENTED_EDGE('',*,*,#3809,.T.);
#5434=ORIENTED_EDGE('',*,*,#3805,.F.);
#5435=ORIENTED_EDGE('',*,*,#3810,.F.);
#5436=ORIENTED_EDGE('',*,*,#3811,.F.);
#5437=ORIENTED_EDGE('',*,*,#3810,.T.);
#5438=ORIENTED_EDGE('',*,*,#3804,.F.);
#5439=ORIENTED_EDGE('',*,*,#3781,.F.);
#5440=ORIENTED_EDGE('',*,*,#3812,.F.);
#5441=ORIENTED_EDGE('',*,*,#3735,.F.);
#5442=ORIENTED_EDGE('',*,*,#3736,.F.);
#5443=ORIENTED_EDGE('',*,*,#3812,.T.);
#5444=ORIENTED_EDGE('',*,*,#3780,.F.);
#5445=ORIENTED_EDGE('',*,*,#3813,.F.);
#5446=ORIENTED_EDGE('',*,*,#3814,.F.);
#5447=ORIENTED_EDGE('',*,*,#3728,.F.);
#5448=ORIENTED_EDGE('',*,*,#3815,.T.);
#5449=ORIENTED_EDGE('',*,*,#3785,.F.);
#5450=ORIENTED_EDGE('',*,*,#3806,.F.);
#5451=ORIENTED_EDGE('',*,*,#3809,.F.);
#5452=ORIENTED_EDGE('',*,*,#3727,.F.);
#5453=ORIENTED_EDGE('',*,*,#3816,.T.);
#5454=ORIENTED_EDGE('',*,*,#3786,.F.);
#5455=ORIENTED_EDGE('',*,*,#3815,.F.);
#5456=ORIENTED_EDGE('',*,*,#3726,.F.);
#5457=ORIENTED_EDGE('',*,*,#3737,.F.);
#5458=ORIENTED_EDGE('',*,*,#3813,.T.);
#5459=ORIENTED_EDGE('',*,*,#3779,.F.);
#5460=ORIENTED_EDGE('',*,*,#3787,.F.);
#5461=ORIENTED_EDGE('',*,*,#3816,.F.);
#5462=ORIENTED_EDGE('',*,*,#3757,.T.);
#5463=ORIENTED_EDGE('',*,*,#3777,.F.);
#5464=ORIENTED_EDGE('',*,*,#3791,.T.);
#5465=ORIENTED_EDGE('',*,*,#3789,.T.);
#5466=ORIENTED_EDGE('',*,*,#3797,.T.);
#5467=ORIENTED_EDGE('',*,*,#3817,.T.);
#5468=ORIENTED_EDGE('',*,*,#3765,.T.);
#5469=ORIENTED_EDGE('',*,*,#3761,.T.);
#5470=ORIENTED_EDGE('',*,*,#3807,.F.);
#5471=ORIENTED_EDGE('',*,*,#3784,.F.);
#5472=ORIENTED_EDGE('',*,*,#3749,.F.);
#5473=ORIENTED_EDGE('',*,*,#3817,.F.);
#5474=ORIENTED_EDGE('',*,*,#3730,.F.);
#5475=ORIENTED_EDGE('',*,*,#3774,.T.);
#5476=ORIENTED_EDGE('',*,*,#3794,.T.);
#5477=ORIENTED_EDGE('',*,*,#3818,.F.);
#5478=ORIENTED_EDGE('',*,*,#3814,.T.);
#5479=ORIENTED_EDGE('',*,*,#3808,.T.);
#5480=ORIENTED_EDGE('',*,*,#3811,.T.);
#5481=ORIENTED_EDGE('',*,*,#3734,.T.);
#5482=ORIENTED_EDGE('',*,*,#3801,.T.);
#5483=ORIENTED_EDGE('',*,*,#3798,.T.);
#5484=ORIENTED_EDGE('',*,*,#3818,.T.);
#5485=ORIENTED_EDGE('',*,*,#3768,.T.);
#5486=ORIENTED_EDGE('',*,*,#3803,.T.);
#5487=ORIENTED_EDGE('',*,*,#3729,.T.);
#5488=ORIENTED_EDGE('',*,*,#3819,.F.);
#5489=ORIENTED_EDGE('',*,*,#3820,.T.);
#5490=ORIENTED_EDGE('',*,*,#3821,.T.);
#5491=ORIENTED_EDGE('',*,*,#3820,.F.);
#5492=ORIENTED_EDGE('',*,*,#3821,.F.);
#5493=ORIENTED_EDGE('',*,*,#3819,.T.);
#5494=CYLINDRICAL_SURFACE('',#5877,1.5);
#5495=CYLINDRICAL_SURFACE('',#5880,1.5);
#5496=CYLINDRICAL_SURFACE('',#5883,6.5325785881083);
#5497=CYLINDRICAL_SURFACE('',#5886,6.5325785881083);
#5498=CYLINDRICAL_SURFACE('',#5972,6.92675159472018);
#5499=CYLINDRICAL_SURFACE('',#5973,6.92675159472018);
#5500=CYLINDRICAL_SURFACE('',#5974,6.92675159472018);
#5501=CYLINDRICAL_SURFACE('',#5979,6.92675159472018);
#5502=CYLINDRICAL_SURFACE('',#5988,8.52941832425478);
#5503=CYLINDRICAL_SURFACE('',#5991,6.53257858810829);
#5504=CYLINDRICAL_SURFACE('',#5996,8.52941832425478);
#5505=CYLINDRICAL_SURFACE('',#6001,8.52941832425478);
#5506=CYLINDRICAL_SURFACE('',#6006,8.52941832425478);
#5507=CYLINDRICAL_SURFACE('',#6009,6.53257858810829);
#5508=CYLINDRICAL_SURFACE('',#6104,0.707106781186548);
#5509=CYLINDRICAL_SURFACE('',#6107,0.75);
#5510=CYLINDRICAL_SURFACE('',#6136,3.);
#5511=CYLINDRICAL_SURFACE('',#6140,2.7);
#5512=CYLINDRICAL_SURFACE('',#6159,0.707106781186548);
#5513=CYLINDRICAL_SURFACE('',#6163,0.5);
#5514=CYLINDRICAL_SURFACE('',#6164,0.5);
#5515=CYLINDRICAL_SURFACE('',#6170,8.90000000000001);
#5516=CYLINDRICAL_SURFACE('',#6181,8.90000000000002);
#5517=CYLINDRICAL_SURFACE('',#6190,7.);
#5518=CYLINDRICAL_SURFACE('',#6196,9.00000000000001);
#5519=CYLINDRICAL_SURFACE('',#6207,9.00000000000002);
#5520=CYLINDRICAL_SURFACE('',#6213,7.);
#5521=CYLINDRICAL_SURFACE('',#6216,5.);
#5522=CYLINDRICAL_SURFACE('',#6219,7.);
#5523=CYLINDRICAL_SURFACE('',#6224,0.399999999999999);
#5524=CYLINDRICAL_SURFACE('',#6228,0.399999999999999);
#5525=CYLINDRICAL_SURFACE('',#6244,0.399999999999999);
#5526=CYLINDRICAL_SURFACE('',#6246,0.399999999999999);
#5527=CYLINDRICAL_SURFACE('',#6256,0.399999999999999);
#5528=CYLINDRICAL_SURFACE('',#6260,0.399999999999999);
#5529=CYLINDRICAL_SURFACE('',#6266,0.399999999999999);
#5530=CYLINDRICAL_SURFACE('',#6270,0.399999999999999);
#5531=CYLINDRICAL_SURFACE('',#6279,8.50000000000001);
#5532=ADVANCED_FACE('',(#415),#5494,.F.);
#5533=ADVANCED_FACE('',(#416),#5495,.F.);
#5534=ADVANCED_FACE('',(#417),#5496,.F.);
#5535=ADVANCED_FACE('',(#418),#5497,.F.);
#5536=ADVANCED_FACE('',(#419),#172,.T.);
#5537=ADVANCED_FACE('',(#420),#173,.T.);
#5538=ADVANCED_FACE('',(#421,#157,#158,#159,#160),#174,.F.);
#5539=ADVANCED_FACE('',(#422),#175,.F.);
#5540=ADVANCED_FACE('',(#423),#176,.F.);
#5541=ADVANCED_FACE('',(#424),#177,.F.);
#5542=ADVANCED_FACE('',(#425),#178,.F.);
#5543=ADVANCED_FACE('',(#426),#179,.F.);
#5544=ADVANCED_FACE('',(#427),#180,.F.);
#5545=ADVANCED_FACE('',(#428),#181,.F.);
#5546=ADVANCED_FACE('',(#429),#182,.T.);
#5547=ADVANCED_FACE('',(#430),#183,.T.);
#5548=ADVANCED_FACE('',(#431),#184,.T.);
#5549=ADVANCED_FACE('',(#432),#185,.T.);
#5550=ADVANCED_FACE('',(#433),#186,.T.);
#5551=ADVANCED_FACE('',(#434),#187,.T.);
#5552=ADVANCED_FACE('',(#435),#188,.T.);
#5553=ADVANCED_FACE('',(#436),#189,.T.);
#5554=ADVANCED_FACE('',(#437),#190,.T.);
#5555=ADVANCED_FACE('',(#438),#191,.T.);
#5556=ADVANCED_FACE('',(#439),#192,.T.);
#5557=ADVANCED_FACE('',(#440),#193,.T.);
#5558=ADVANCED_FACE('',(#441),#194,.F.);
#5559=ADVANCED_FACE('',(#442),#195,.F.);
#5560=ADVANCED_FACE('',(#443),#196,.F.);
#5561=ADVANCED_FACE('',(#444),#197,.F.);
#5562=ADVANCED_FACE('',(#445),#198,.F.);
#5563=ADVANCED_FACE('',(#446),#199,.T.);
#5564=ADVANCED_FACE('',(#447),#200,.F.);
#5565=ADVANCED_FACE('',(#448),#201,.F.);
#5566=ADVANCED_FACE('',(#449),#202,.F.);
#5567=ADVANCED_FACE('',(#450),#203,.F.);
#5568=ADVANCED_FACE('',(#451),#204,.T.);
#5569=ADVANCED_FACE('',(#452),#205,.T.);
#5570=ADVANCED_FACE('',(#453),#206,.T.);
#5571=ADVANCED_FACE('',(#454),#207,.T.);
#5572=ADVANCED_FACE('',(#455),#208,.T.);
#5573=ADVANCED_FACE('',(#456),#209,.T.);
#5574=ADVANCED_FACE('',(#457),#210,.T.);
#5575=ADVANCED_FACE('',(#458),#211,.T.);
#5576=ADVANCED_FACE('',(#459),#212,.T.);
#5577=ADVANCED_FACE('',(#460),#213,.T.);
#5578=ADVANCED_FACE('',(#461),#214,.F.);
#5579=ADVANCED_FACE('',(#462),#215,.F.);
#5580=ADVANCED_FACE('',(#463),#216,.F.);
#5581=ADVANCED_FACE('',(#464),#217,.T.);
#5582=ADVANCED_FACE('',(#465),#218,.T.);
#5583=ADVANCED_FACE('',(#466),#219,.F.);
#5584=ADVANCED_FACE('',(#467),#220,.F.);
#5585=ADVANCED_FACE('',(#468),#221,.F.);
#5586=ADVANCED_FACE('',(#469),#222,.F.);
#5587=ADVANCED_FACE('',(#470),#223,.T.);
#5588=ADVANCED_FACE('',(#471),#224,.T.);
#5589=ADVANCED_FACE('',(#472),#225,.F.);
#5590=ADVANCED_FACE('',(#473),#226,.F.);
#5591=ADVANCED_FACE('',(#474),#227,.F.);
#5592=ADVANCED_FACE('',(#475),#228,.F.);
#5593=ADVANCED_FACE('',(#476),#229,.T.);
#5594=ADVANCED_FACE('',(#477),#230,.T.);
#5595=ADVANCED_FACE('',(#478),#231,.T.);
#5596=ADVANCED_FACE('',(#479),#232,.T.);
#5597=ADVANCED_FACE('',(#480),#233,.T.);
#5598=ADVANCED_FACE('',(#481),#234,.T.);
#5599=ADVANCED_FACE('',(#482),#235,.T.);
#5600=ADVANCED_FACE('',(#483),#236,.F.);
#5601=ADVANCED_FACE('',(#484),#237,.F.);
#5602=ADVANCED_FACE('',(#485),#238,.T.);
#5603=ADVANCED_FACE('',(#486),#239,.F.);
#5604=ADVANCED_FACE('',(#487),#240,.F.);
#5605=ADVANCED_FACE('',(#488),#241,.F.);
#5606=ADVANCED_FACE('',(#489),#242,.F.);
#5607=ADVANCED_FACE('',(#490),#243,.F.);
#5608=ADVANCED_FACE('',(#491),#244,.F.);
#5609=ADVANCED_FACE('',(#492),#245,.F.);
#5610=ADVANCED_FACE('',(#493),#246,.T.);
#5611=ADVANCED_FACE('',(#494),#5498,.F.);
#5612=ADVANCED_FACE('',(#495),#5499,.F.);
#5613=ADVANCED_FACE('',(#496),#5500,.F.);
#5614=ADVANCED_FACE('',(#497),#5501,.F.);
#5615=ADVANCED_FACE('',(#498),#247,.F.);
#5616=ADVANCED_FACE('',(#499),#248,.F.);
#5617=ADVANCED_FACE('',(#500),#249,.F.);
#5618=ADVANCED_FACE('',(#501),#250,.F.);
#5619=ADVANCED_FACE('',(#502),#5502,.T.);
#5620=ADVANCED_FACE('',(#503),#5503,.F.);
#5621=ADVANCED_FACE('',(#504),#251,.F.);
#5622=ADVANCED_FACE('',(#505),#252,.T.);
#5623=ADVANCED_FACE('',(#506),#5504,.T.);
#5624=ADVANCED_FACE('',(#507),#253,.F.);
#5625=ADVANCED_FACE('',(#508),#254,.T.);
#5626=ADVANCED_FACE('',(#509),#5505,.T.);
#5627=ADVANCED_FACE('',(#510),#255,.F.);
#5628=ADVANCED_FACE('',(#511),#256,.T.);
#5629=ADVANCED_FACE('',(#512),#5506,.T.);
#5630=ADVANCED_FACE('',(#513),#5507,.F.);
#5631=ADVANCED_FACE('',(#514),#257,.F.);
#5632=ADVANCED_FACE('',(#515),#258,.T.);
#5633=ADVANCED_FACE('',(#516),#259,.T.);
#5634=ADVANCED_FACE('',(#517),#260,.T.);
#5635=ADVANCED_FACE('',(#518),#261,.T.);
#5636=ADVANCED_FACE('',(#519),#262,.T.);
#5637=ADVANCED_FACE('',(#520),#263,.T.);
#5638=ADVANCED_FACE('',(#521),#264,.F.);
#5639=ADVANCED_FACE('',(#522),#265,.F.);
#5640=ADVANCED_FACE('',(#523),#266,.F.);
#5641=ADVANCED_FACE('',(#524),#267,.F.);
#5642=ADVANCED_FACE('',(#525),#268,.F.);
#5643=ADVANCED_FACE('',(#526),#269,.F.);
#5644=ADVANCED_FACE('',(#527),#270,.F.);
#5645=ADVANCED_FACE('',(#528),#271,.F.);
#5646=ADVANCED_FACE('',(#529),#272,.F.);
#5647=ADVANCED_FACE('',(#530),#273,.F.);
#5648=ADVANCED_FACE('',(#531),#274,.F.);
#5649=ADVANCED_FACE('',(#532),#275,.F.);
#5650=ADVANCED_FACE('',(#533),#276,.F.);
#5651=ADVANCED_FACE('',(#534),#277,.F.);
#5652=ADVANCED_FACE('',(#535),#278,.T.);
#5653=ADVANCED_FACE('',(#536),#279,.T.);
#5654=ADVANCED_FACE('',(#537),#280,.T.);
#5655=ADVANCED_FACE('',(#538),#281,.T.);
#5656=ADVANCED_FACE('',(#539),#282,.T.);
#5657=ADVANCED_FACE('',(#540),#283,.T.);
#5658=ADVANCED_FACE('',(#541),#284,.F.);
#5659=ADVANCED_FACE('',(#542),#285,.F.);
#5660=ADVANCED_FACE('',(#543),#286,.F.);
#5661=ADVANCED_FACE('',(#544),#287,.F.);
#5662=ADVANCED_FACE('',(#545),#288,.F.);
#5663=ADVANCED_FACE('',(#546),#289,.F.);
#5664=ADVANCED_FACE('',(#547),#290,.F.);
#5665=ADVANCED_FACE('',(#548),#291,.F.);
#5666=ADVANCED_FACE('',(#549),#292,.F.);
#5667=ADVANCED_FACE('',(#550),#293,.F.);
#5668=ADVANCED_FACE('',(#551),#294,.F.);
#5669=ADVANCED_FACE('',(#552),#295,.F.);
#5670=ADVANCED_FACE('',(#553),#296,.F.);
#5671=ADVANCED_FACE('',(#554),#297,.F.);
#5672=ADVANCED_FACE('',(#555),#298,.F.);
#5673=ADVANCED_FACE('',(#556),#299,.F.);
#5674=ADVANCED_FACE('',(#557),#300,.F.);
#5675=ADVANCED_FACE('',(#558),#301,.F.);
#5676=ADVANCED_FACE('',(#559),#302,.F.);
#5677=ADVANCED_FACE('',(#560),#303,.T.);
#5678=ADVANCED_FACE('',(#561),#304,.T.);
#5679=ADVANCED_FACE('',(#562),#305,.F.);
#5680=ADVANCED_FACE('',(#563),#306,.F.);
#5681=ADVANCED_FACE('',(#564),#307,.F.);
#5682=ADVANCED_FACE('',(#565),#308,.F.);
#5683=ADVANCED_FACE('',(#566),#309,.F.);
#5684=ADVANCED_FACE('',(#567),#310,.F.);
#5685=ADVANCED_FACE('',(#568),#311,.F.);
#5686=ADVANCED_FACE('',(#569),#312,.F.);
#5687=ADVANCED_FACE('',(#570),#313,.F.);
#5688=ADVANCED_FACE('',(#571),#314,.T.);
#5689=ADVANCED_FACE('',(#572),#315,.T.);
#5690=ADVANCED_FACE('',(#573),#316,.T.);
#5691=ADVANCED_FACE('',(#574),#317,.T.);
#5692=ADVANCED_FACE('',(#575),#318,.T.);
#5693=ADVANCED_FACE('',(#576),#319,.T.);
#5694=ADVANCED_FACE('',(#577),#320,.T.);
#5695=ADVANCED_FACE('',(#578),#321,.T.);
#5696=ADVANCED_FACE('',(#579),#322,.T.);
#5697=ADVANCED_FACE('',(#580),#323,.F.);
#5698=ADVANCED_FACE('',(#581),#324,.T.);
#5699=ADVANCED_FACE('',(#582),#325,.T.);
#5700=ADVANCED_FACE('',(#583),#326,.T.);
#5701=ADVANCED_FACE('',(#584),#327,.T.);
#5702=ADVANCED_FACE('',(#585),#328,.T.);
#5703=ADVANCED_FACE('',(#586),#329,.T.);
#5704=ADVANCED_FACE('',(#587),#330,.F.);
#5705=ADVANCED_FACE('',(#588),#331,.F.);
#5706=ADVANCED_FACE('',(#589),#332,.F.);
#5707=ADVANCED_FACE('',(#590),#333,.F.);
#5708=ADVANCED_FACE('',(#591),#334,.T.);
#5709=ADVANCED_FACE('',(#592),#335,.T.);
#5710=ADVANCED_FACE('',(#593),#336,.F.);
#5711=ADVANCED_FACE('',(#594),#337,.T.);
#5712=ADVANCED_FACE('',(#595),#338,.F.);
#5713=ADVANCED_FACE('',(#596),#339,.F.);
#5714=ADVANCED_FACE('',(#597),#340,.F.);
#5715=ADVANCED_FACE('',(#598),#341,.F.);
#5716=ADVANCED_FACE('',(#599,#161),#342,.F.);
#5717=ADVANCED_FACE('',(#600),#343,.F.);
#5718=ADVANCED_FACE('',(#601),#344,.F.);
#5719=ADVANCED_FACE('',(#602),#345,.F.);
#5720=ADVANCED_FACE('',(#603),#346,.F.);
#5721=ADVANCED_FACE('',(#604,#162),#347,.T.);
#5722=ADVANCED_FACE('',(#605),#5508,.T.);
#5723=ADVANCED_FACE('',(#606),#5509,.F.);
#5724=ADVANCED_FACE('',(#607),#348,.F.);
#5725=ADVANCED_FACE('',(#608),#349,.T.);
#5726=ADVANCED_FACE('',(#609),#350,.F.);
#5727=ADVANCED_FACE('',(#610),#351,.T.);
#5728=ADVANCED_FACE('',(#611),#352,.T.);
#5729=ADVANCED_FACE('',(#612),#353,.F.);
#5730=ADVANCED_FACE('',(#613,#163),#354,.T.);
#5731=ADVANCED_FACE('',(#614),#355,.F.);
#5732=ADVANCED_FACE('',(#615),#356,.F.);
#5733=ADVANCED_FACE('',(#616),#357,.F.);
#5734=ADVANCED_FACE('',(#617),#358,.F.);
#5735=ADVANCED_FACE('',(#618),#359,.F.);
#5736=ADVANCED_FACE('',(#619),#360,.F.);
#5737=ADVANCED_FACE('',(#620),#361,.F.);
#5738=ADVANCED_FACE('',(#621,#164),#362,.F.);
#5739=ADVANCED_FACE('',(#622),#363,.F.);
#5740=ADVANCED_FACE('',(#623),#85,.F.);
#5741=ADVANCED_FACE('',(#624),#364,.F.);
#5742=ADVANCED_FACE('',(#625),#5510,.T.);
#5743=ADVANCED_FACE('',(#626),#365,.F.);
#5744=ADVANCED_FACE('',(#627),#366,.F.);
#5745=ADVANCED_FACE('',(#628),#367,.F.);
#5746=ADVANCED_FACE('',(#629),#5511,.F.);
#5747=ADVANCED_FACE('',(#630),#368,.F.);
#5748=ADVANCED_FACE('',(#631),#86,.F.);
#5749=ADVANCED_FACE('',(#632),#369,.T.);
#5750=ADVANCED_FACE('',(#633),#370,.F.);
#5751=ADVANCED_FACE('',(#634),#371,.F.);
#5752=ADVANCED_FACE('',(#635),#372,.T.);
#5753=ADVANCED_FACE('',(#636),#373,.T.);
#5754=ADVANCED_FACE('',(#637),#374,.F.);
#5755=ADVANCED_FACE('',(#638),#375,.T.);
#5756=ADVANCED_FACE('',(#639),#376,.T.);
#5757=ADVANCED_FACE('',(#640),#377,.T.);
#5758=ADVANCED_FACE('',(#641),#378,.T.);
#5759=ADVANCED_FACE('',(#642),#379,.T.);
#5760=ADVANCED_FACE('',(#643),#380,.F.);
#5761=ADVANCED_FACE('',(#644),#381,.F.);
#5762=ADVANCED_FACE('',(#645),#382,.F.);
#5763=ADVANCED_FACE('',(#646),#383,.F.);
#5764=ADVANCED_FACE('',(#647),#384,.F.);
#5765=ADVANCED_FACE('',(#648),#385,.F.);
#5766=ADVANCED_FACE('',(#649),#5512,.T.);
#5767=ADVANCED_FACE('',(#650),#386,.F.);
#5768=ADVANCED_FACE('',(#651),#387,.F.);
#5769=ADVANCED_FACE('',(#652),#5513,.F.);
#5770=ADVANCED_FACE('',(#653),#5514,.T.);
#5771=ADVANCED_FACE('',(#654),#67,.F.);
#5772=ADVANCED_FACE('',(#655),#5515,.F.);
#5773=ADVANCED_FACE('',(#656,#165),#388,.F.);
#5774=ADVANCED_FACE('',(#657),#68,.F.);
#5775=ADVANCED_FACE('',(#658),#69,.F.);
#5776=ADVANCED_FACE('',(#659),#5516,.F.);
#5777=ADVANCED_FACE('',(#660,#166),#389,.F.);
#5778=ADVANCED_FACE('',(#661),#70,.F.);
#5779=ADVANCED_FACE('',(#662),#71,.T.);
#5780=ADVANCED_FACE('',(#663),#5517,.F.);
#5781=ADVANCED_FACE('',(#664),#72,.T.);
#5782=ADVANCED_FACE('',(#665),#5518,.T.);
#5783=ADVANCED_FACE('',(#666,#167),#390,.T.);
#5784=ADVANCED_FACE('',(#667),#73,.T.);
#5785=ADVANCED_FACE('',(#668),#74,.T.);
#5786=ADVANCED_FACE('',(#669),#5519,.T.);
#5787=ADVANCED_FACE('',(#670,#168),#391,.T.);
#5788=ADVANCED_FACE('',(#671),#75,.T.);
#5789=ADVANCED_FACE('',(#672),#5520,.F.);
#5790=ADVANCED_FACE('',(#673),#76,.F.);
#5791=ADVANCED_FACE('',(#674),#5521,.F.);
#5792=ADVANCED_FACE('',(#675),#5522,.T.);
#5793=ADVANCED_FACE('',(#676,#169),#392,.T.);
#5794=ADVANCED_FACE('',(#677,#170),#393,.F.);
#5795=ADVANCED_FACE('',(#678),#5523,.F.);
#5796=ADVANCED_FACE('',(#679),#394,.F.);
#5797=ADVANCED_FACE('',(#680),#395,.F.);
#5798=ADVANCED_FACE('',(#681),#396,.F.);
#5799=ADVANCED_FACE('',(#682),#5524,.F.);
#5800=ADVANCED_FACE('',(#683),#397,.F.);
#5801=ADVANCED_FACE('',(#684),#77,.T.);
#5802=ADVANCED_FACE('',(#685),#39,.T.);
#5803=ADVANCED_FACE('',(#686),#78,.F.);
#5804=ADVANCED_FACE('',(#687),#398,.F.);
#5805=ADVANCED_FACE('',(#688),#399,.F.);
#5806=ADVANCED_FACE('',(#689),#400,.F.);
#5807=ADVANCED_FACE('',(#690),#5525,.F.);
#5808=ADVANCED_FACE('',(#691),#401,.F.);
#5809=ADVANCED_FACE('',(#692),#5526,.F.);
#5810=ADVANCED_FACE('',(#693),#79,.T.);
#5811=ADVANCED_FACE('',(#694),#40,.F.);
#5812=ADVANCED_FACE('',(#695),#80,.F.);
#5813=ADVANCED_FACE('',(#696),#5527,.F.);
#5814=ADVANCED_FACE('',(#697),#402,.F.);
#5815=ADVANCED_FACE('',(#698),#403,.F.);
#5816=ADVANCED_FACE('',(#699),#404,.F.);
#5817=ADVANCED_FACE('',(#700),#5528,.F.);
#5818=ADVANCED_FACE('',(#701),#405,.F.);
#5819=ADVANCED_FACE('',(#702),#81,.T.);
#5820=ADVANCED_FACE('',(#703),#82,.F.);
#5821=ADVANCED_FACE('',(#704),#5529,.F.);
#5822=ADVANCED_FACE('',(#705),#406,.F.);
#5823=ADVANCED_FACE('',(#706),#407,.F.);
#5824=ADVANCED_FACE('',(#707),#408,.F.);
#5825=ADVANCED_FACE('',(#708),#5530,.F.);
#5826=ADVANCED_FACE('',(#709),#409,.F.);
#5827=ADVANCED_FACE('',(#710),#83,.F.);
#5828=ADVANCED_FACE('',(#711),#410,.F.);
#5829=ADVANCED_FACE('',(#712,#171),#411,.T.);
#5830=ADVANCED_FACE('',(#713),#84,.T.);
#5831=ADVANCED_FACE('',(#714),#412,.T.);
#5832=ADVANCED_FACE('',(#715),#5531,.T.);
#5833=ADVANCED_FACE('',(#716),#413,.F.);
#5834=ADVANCED_FACE('',(#717),#414,.F.);
#5835=CLOSED_SHELL('',(#5532,#5533,#5534,#5535,#5536,#5537,#5538,#5539,
#5540,#5541,#5542,#5543,#5544,#5545,#5546,#5547,#5548,#5549,#5550,#5551,
#5552,#5553,#5554,#5555,#5556,#5557,#5558,#5559,#5560,#5561,#5562,#5563,
#5564,#5565,#5566,#5567,#5568,#5569,#5570,#5571,#5572,#5573,#5574,#5575,
#5576,#5577,#5578,#5579,#5580,#5581,#5582,#5583,#5584,#5585,#5586,#5587,
#5588,#5589,#5590,#5591,#5592,#5593,#5594,#5595,#5596,#5597,#5598,#5599,
#5600,#5601,#5602,#5603,#5604,#5605,#5606,#5607,#5608,#5609,#5610,#5611,
#5612,#5613,#5614,#5615,#5616,#5617,#5618,#5619,#5620,#5621,#5622,#5623,
#5624,#5625,#5626,#5627,#5628,#5629,#5630,#5631,#5632,#5633,#5634,#5635,
#5636,#5637,#5638,#5639,#5640,#5641,#5642,#5643,#5644,#5645,#5646,#5647,
#5648,#5649,#5650,#5651,#5652,#5653,#5654,#5655,#5656,#5657,#5658,#5659,
#5660,#5661,#5662,#5663,#5664,#5665,#5666,#5667,#5668,#5669,#5670,#5671,
#5672,#5673,#5674,#5675,#5676,#5677,#5678,#5679,#5680,#5681,#5682,#5683,
#5684,#5685,#5686,#5687,#5688,#5689,#5690,#5691,#5692,#5693,#5694,#5695,
#5696,#5697,#5698,#5699,#5700,#5701,#5702,#5703,#5704,#5705,#5706,#5707,
#5708,#5709,#5710,#5711,#5712,#5713,#5714,#5715,#5716,#5717,#5718,#5719,
#5720,#5721));
#5836=CLOSED_SHELL('',(#5722,#5723,#5724,#5725,#5726,#5727,#5728,#5729,
#5730,#5731,#5732,#5733,#5734,#5735,#5736,#5737,#5738,#5739,#5740,#5741,
#5742,#5743,#5744,#5745,#5746,#5747,#5748,#5749,#5750,#5751,#5752,#5753,
#5754,#5755,#5756,#5757,#5758,#5759,#5760,#5761,#5762,#5763,#5764,#5765,
#5766,#5767,#5768,#5769,#5770));
#5837=CLOSED_SHELL('',(#5771,#5772,#5773,#5774,#5775,#5776,#5777,#5778,
#5779,#5780,#5781,#5782,#5783,#5784,#5785,#5786,#5787,#5788,#5789,#5790));
#5838=CLOSED_SHELL('',(#5791,#5792,#5793,#5794));
#5839=CLOSED_SHELL('',(#5795,#5796,#5797,#5798,#5799,#5800,#5801,#5802,
#5803,#5804,#5805,#5806,#5807,#5808,#5809,#5810,#5811,#5812,#5813,#5814,
#5815,#5816,#5817,#5818,#5819,#5820,#5821,#5822,#5823,#5824,#5825,#5826,
#5827,#5828,#5829,#5830,#5831));
#5840=CLOSED_SHELL('',(#5832,#5833,#5834));
#5841=DERIVED_UNIT_ELEMENT(#5847,1.);
#5842=DERIVED_UNIT_ELEMENT(#10010,-3.);
#5843=DERIVED_UNIT_ELEMENT(#5847,1.);
#5844=DERIVED_UNIT_ELEMENT(#10010,-3.);
#5845=DERIVED_UNIT_ELEMENT(#5847,1.);
#5846=DERIVED_UNIT_ELEMENT(#10010,-3.);
#5847=(
MASS_UNIT()
NAMED_UNIT(*)
SI_UNIT(.KILO.,.GRAM.)
);
#5848=DERIVED_UNIT((#5841,#5842));
#5849=DERIVED_UNIT((#5843,#5844));
#5850=DERIVED_UNIT((#5845,#5846));
#5851=MEASURE_REPRESENTATION_ITEM('density measure',
POSITIVE_RATIO_MEASURE(7850.),#5848);
#5852=MEASURE_REPRESENTATION_ITEM('density measure',
POSITIVE_RATIO_MEASURE(7850.),#5849);
#5853=MEASURE_REPRESENTATION_ITEM('density measure',
POSITIVE_RATIO_MEASURE(7850.),#5850);
#5854=PROPERTY_DEFINITION_REPRESENTATION(#5869,#5860);
#5855=PROPERTY_DEFINITION_REPRESENTATION(#5870,#5861);
#5856=PROPERTY_DEFINITION_REPRESENTATION(#5871,#5862);
#5857=PROPERTY_DEFINITION_REPRESENTATION(#5872,#5863);
#5858=PROPERTY_DEFINITION_REPRESENTATION(#5873,#5864);
#5859=PROPERTY_DEFINITION_REPRESENTATION(#5874,#5865);
#5860=REPRESENTATION('material name',(#5866),#10005);
#5861=REPRESENTATION('density',(#5851),#10005);
#5862=REPRESENTATION('material name',(#5867),#10006);
#5863=REPRESENTATION('density',(#5852),#10006);
#5864=REPRESENTATION('material name',(#5868),#10007);
#5865=REPRESENTATION('density',(#5853),#10007);
#5866=DESCRIPTIVE_REPRESENTATION_ITEM('A\X\E7o','A\X\E7o');
#5867=DESCRIPTIVE_REPRESENTATION_ITEM('A\X\E7o','A\X\E7o');
#5868=DESCRIPTIVE_REPRESENTATION_ITEM('A\X\E7o','A\X\E7o');
#5869=PROPERTY_DEFINITION('material property','material name',#10034);
#5870=PROPERTY_DEFINITION('material property','density of part',#10034);
#5871=PROPERTY_DEFINITION('material property','material name',#10035);
#5872=PROPERTY_DEFINITION('material property','density of part',#10035);
#5873=PROPERTY_DEFINITION('material property','material name',#10036);
#5874=PROPERTY_DEFINITION('material property','density of part',#10036);
#5875=AXIS2_PLACEMENT_3D('',#7777,#6291,#6292);
#5876=AXIS2_PLACEMENT_3D('',#7778,#6293,#6294);
#5877=AXIS2_PLACEMENT_3D('',#7779,#6295,#6296);
#5878=AXIS2_PLACEMENT_3D('',#7781,#6297,#6298);
#5879=AXIS2_PLACEMENT_3D('',#7784,#6300,#6301);
#5880=AXIS2_PLACEMENT_3D('',#7785,#6302,#6303);
#5881=AXIS2_PLACEMENT_3D('',#7787,#6304,#6305);
#5882=AXIS2_PLACEMENT_3D('',#7790,#6307,#6308);
#5883=AXIS2_PLACEMENT_3D('',#7791,#6309,#6310);
#5884=AXIS2_PLACEMENT_3D('',#7794,#6311,#6312);
#5885=AXIS2_PLACEMENT_3D('',#7798,#6314,#6315);
#5886=AXIS2_PLACEMENT_3D('',#7800,#6317,#6318);
#5887=AXIS2_PLACEMENT_3D('',#7803,#6319,#6320);
#5888=AXIS2_PLACEMENT_3D('',#7807,#6322,#6323);
#5889=AXIS2_PLACEMENT_3D('',#7809,#6325,#6326);
#5890=AXIS2_PLACEMENT_3D('',#7818,#6331,#6332);
#5891=AXIS2_PLACEMENT_3D('',#7827,#6337,#6338);
#5892=AXIS2_PLACEMENT_3D('',#7900,#6375,#6376);
#5893=AXIS2_PLACEMENT_3D('',#7923,#6389,#6390);
#5894=AXIS2_PLACEMENT_3D('',#7936,#6397,#6398);
#5895=AXIS2_PLACEMENT_3D('',#7953,#6407,#6408);
#5896=AXIS2_PLACEMENT_3D('',#7966,#6415,#6416);
#5897=AXIS2_PLACEMENT_3D('',#7979,#6424,#6425);
#5898=AXIS2_PLACEMENT_3D('',#7998,#6436,#6437);
#5899=AXIS2_PLACEMENT_3D('',#8013,#6446,#6447);
#5900=AXIS2_PLACEMENT_3D('',#8021,#6452,#6453);
#5901=AXIS2_PLACEMENT_3D('',#8029,#6458,#6459);
#5902=AXIS2_PLACEMENT_3D('',#8037,#6464,#6465);
#5903=AXIS2_PLACEMENT_3D('',#8045,#6470,#6471);
#5904=AXIS2_PLACEMENT_3D('',#8053,#6476,#6477);
#5905=AXIS2_PLACEMENT_3D('',#8061,#6482,#6483);
#5906=AXIS2_PLACEMENT_3D('',#8069,#6488,#6489);
#5907=AXIS2_PLACEMENT_3D('',#8077,#6494,#6495);
#5908=AXIS2_PLACEMENT_3D('',#8083,#6499,#6500);
#5909=AXIS2_PLACEMENT_3D('',#8089,#6504,#6505);
#5910=AXIS2_PLACEMENT_3D('',#8092,#6508,#6509);
#5911=AXIS2_PLACEMENT_3D('',#8095,#6512,#6513);
#5912=AXIS2_PLACEMENT_3D('',#8101,#6517,#6518);
#5913=AXIS2_PLACEMENT_3D('',#8107,#6522,#6523);
#5914=AXIS2_PLACEMENT_3D('',#8110,#6526,#6527);
#5915=AXIS2_PLACEMENT_3D('',#8113,#6530,#6531);
#5916=AXIS2_PLACEMENT_3D('',#8124,#6538,#6539);
#5917=AXIS2_PLACEMENT_3D('',#8135,#6546,#6547);
#5918=AXIS2_PLACEMENT_3D('',#8138,#6550,#6551);
#5919=AXIS2_PLACEMENT_3D('',#8141,#6554,#6555);
#5920=AXIS2_PLACEMENT_3D('',#8144,#6558,#6559);
#5921=AXIS2_PLACEMENT_3D('',#8147,#6562,#6563);
#5922=AXIS2_PLACEMENT_3D('',#8156,#6568,#6569);
#5923=AXIS2_PLACEMENT_3D('',#8162,#6573,#6574);
#5924=AXIS2_PLACEMENT_3D('',#8171,#6579,#6580);
#5925=AXIS2_PLACEMENT_3D('',#8177,#6584,#6585);
#5926=AXIS2_PLACEMENT_3D('',#8180,#6588,#6589);
#5927=AXIS2_PLACEMENT_3D('',#8189,#6594,#6595);
#5928=AXIS2_PLACEMENT_3D('',#8195,#6599,#6600);
#5929=AXIS2_PLACEMENT_3D('',#8204,#6605,#6606);
#5930=AXIS2_PLACEMENT_3D('',#8210,#6610,#6611);
#5931=AXIS2_PLACEMENT_3D('',#8213,#6614,#6615);
#5932=AXIS2_PLACEMENT_3D('',#8224,#6622,#6623);
#5933=AXIS2_PLACEMENT_3D('',#8232,#6627,#6628);
#5934=AXIS2_PLACEMENT_3D('',#8236,#6630,#6631);
#5935=AXIS2_PLACEMENT_3D('',#8244,#6635,#6636);
#5936=AXIS2_PLACEMENT_3D('',#8250,#6641,#6642);
#5937=AXIS2_PLACEMENT_3D('',#8266,#6651,#6652);
#5938=AXIS2_PLACEMENT_3D('',#8284,#6662,#6663);
#5939=AXIS2_PLACEMENT_3D('',#8294,#6669,#6670);
#5940=AXIS2_PLACEMENT_3D('',#8304,#6676,#6677);
#5941=AXIS2_PLACEMENT_3D('',#8312,#6682,#6683);
#5942=AXIS2_PLACEMENT_3D('',#8320,#6688,#6689);
#5943=AXIS2_PLACEMENT_3D('',#8328,#6694,#6695);
#5944=AXIS2_PLACEMENT_3D('',#8336,#6700,#6701);
#5945=AXIS2_PLACEMENT_3D('',#8339,#6704,#6705);
#5946=AXIS2_PLACEMENT_3D('',#8345,#6709,#6710);
#5947=AXIS2_PLACEMENT_3D('',#8348,#6713,#6714);
#5948=AXIS2_PLACEMENT_3D('',#8354,#6718,#6719);
#5949=AXIS2_PLACEMENT_3D('',#8363,#6724,#6725);
#5950=AXIS2_PLACEMENT_3D('',#8366,#6728,#6729);
#5951=AXIS2_PLACEMENT_3D('',#8371,#6733,#6734);
#5952=AXIS2_PLACEMENT_3D('',#8377,#6738,#6739);
#5953=AXIS2_PLACEMENT_3D('',#8382,#6743,#6744);
#5954=AXIS2_PLACEMENT_3D('',#8386,#6747,#6748);
#5955=AXIS2_PLACEMENT_3D('',#8391,#6752,#6753);
#5956=AXIS2_PLACEMENT_3D('',#8400,#6758,#6759);
#5957=AXIS2_PLACEMENT_3D('',#8408,#6764,#6765);
#5958=AXIS2_PLACEMENT_3D('',#8414,#6769,#6770);
#5959=AXIS2_PLACEMENT_3D('',#8423,#6775,#6776);
#5960=AXIS2_PLACEMENT_3D('',#8432,#6781,#6782);
#5961=AXIS2_PLACEMENT_3D('',#8438,#6787,#6788);
#5962=AXIS2_PLACEMENT_3D('',#8446,#6794,#6795);
#5963=AXIS2_PLACEMENT_3D('',#8468,#6807,#6808);
#5964=AXIS2_PLACEMENT_3D('',#8478,#6816,#6817);
#5965=AXIS2_PLACEMENT_3D('',#8484,#6822,#6823);
#5966=AXIS2_PLACEMENT_3D('',#8492,#6829,#6830);
#5967=AXIS2_PLACEMENT_3D('',#8500,#6835,#6836);
#5968=AXIS2_PLACEMENT_3D('',#8501,#6837,#6838);
#5969=AXIS2_PLACEMENT_3D('',#8502,#6839,#6840);
#5970=AXIS2_PLACEMENT_3D('',#8503,#6841,#6842);
#5971=AXIS2_PLACEMENT_3D('',#8532,#6858,#6859);
#5972=AXIS2_PLACEMENT_3D('',#8534,#6861,#6862);
#5973=AXIS2_PLACEMENT_3D('',#8536,#6864,#6865);
#5974=AXIS2_PLACEMENT_3D('',#8538,#6867,#6868);
#5975=AXIS2_PLACEMENT_3D('',#8540,#6869,#6870);
#5976=AXIS2_PLACEMENT_3D('',#8542,#6871,#6872);
#5977=AXIS2_PLACEMENT_3D('',#8545,#6874,#6875);
#5978=AXIS2_PLACEMENT_3D('',#8547,#6876,#6877);
#5979=AXIS2_PLACEMENT_3D('',#8549,#6879,#6880);
#5980=AXIS2_PLACEMENT_3D('',#8551,#6881,#6882);
#5981=AXIS2_PLACEMENT_3D('',#8554,#6884,#6885);
#5982=AXIS2_PLACEMENT_3D('',#8556,#6886,#6887);
#5983=AXIS2_PLACEMENT_3D('',#8559,#6889,#6890);
#5984=AXIS2_PLACEMENT_3D('',#8560,#6891,#6892);
#5985=AXIS2_PLACEMENT_3D('',#8561,#6893,#6894);
#5986=AXIS2_PLACEMENT_3D('',#8562,#6895,#6896);
#5987=AXIS2_PLACEMENT_3D('',#8563,#6897,#6898);
#5988=AXIS2_PLACEMENT_3D('',#8564,#6899,#6900);
#5989=AXIS2_PLACEMENT_3D('',#8566,#6901,#6902);
#5990=AXIS2_PLACEMENT_3D('',#8569,#6904,#6905);
#5991=AXIS2_PLACEMENT_3D('',#8570,#6906,#6907);
#5992=AXIS2_PLACEMENT_3D('',#8571,#6908,#6909);
#5993=AXIS2_PLACEMENT_3D('',#8572,#6910,#6911);
#5994=AXIS2_PLACEMENT_3D('',#8573,#6912,#6913);
#5995=AXIS2_PLACEMENT_3D('',#8574,#6914,#6915);
#5996=AXIS2_PLACEMENT_3D('',#8575,#6916,#6917);
#5997=AXIS2_PLACEMENT_3D('',#8576,#6918,#6919);
#5998=AXIS2_PLACEMENT_3D('',#8577,#6920,#6921);
#5999=AXIS2_PLACEMENT_3D('',#8578,#6922,#6923);
#6000=AXIS2_PLACEMENT_3D('',#8579,#6924,#6925);
#6001=AXIS2_PLACEMENT_3D('',#8580,#6926,#6927);
#6002=AXIS2_PLACEMENT_3D('',#8581,#6928,#6929);
#6003=AXIS2_PLACEMENT_3D('',#8582,#6930,#6931);
#6004=AXIS2_PLACEMENT_3D('',#8583,#6932,#6933);
#6005=AXIS2_PLACEMENT_3D('',#8584,#6934,#6935);
#6006=AXIS2_PLACEMENT_3D('',#8585,#6936,#6937);
#6007=AXIS2_PLACEMENT_3D('',#8587,#6938,#6939);
#6008=AXIS2_PLACEMENT_3D('',#8590,#6941,#6942);
#6009=AXIS2_PLACEMENT_3D('',#8591,#6943,#6944);
#6010=AXIS2_PLACEMENT_3D('',#8592,#6945,#6946);
#6011=AXIS2_PLACEMENT_3D('',#8593,#6947,#6948);
#6012=AXIS2_PLACEMENT_3D('',#8594,#6949,#6950);
#6013=AXIS2_PLACEMENT_3D('',#8595,#6951,#6952);
#6014=AXIS2_PLACEMENT_3D('',#8596,#6953,#6954);
#6015=AXIS2_PLACEMENT_3D('',#8598,#6956,#6957);
#6016=AXIS2_PLACEMENT_3D('',#8599,#6958,#6959);
#6017=AXIS2_PLACEMENT_3D('',#8601,#6961,#6962);
#6018=AXIS2_PLACEMENT_3D('',#8602,#6963,#6964);
#6019=AXIS2_PLACEMENT_3D('',#8613,#6971,#6972);
#6020=AXIS2_PLACEMENT_3D('',#8615,#6974,#6975);
#6021=AXIS2_PLACEMENT_3D('',#8617,#6977,#6978);
#6022=AXIS2_PLACEMENT_3D('',#8618,#6979,#6980);
#6023=AXIS2_PLACEMENT_3D('',#8619,#6981,#6982);
#6024=AXIS2_PLACEMENT_3D('',#8621,#6984,#6985);
#6025=AXIS2_PLACEMENT_3D('',#8626,#6989,#6990);
#6026=AXIS2_PLACEMENT_3D('',#8628,#6992,#6993);
#6027=AXIS2_PLACEMENT_3D('',#8632,#6996,#6997);
#6028=AXIS2_PLACEMENT_3D('',#8634,#6999,#7000);
#6029=AXIS2_PLACEMENT_3D('',#8640,#7004,#7005);
#6030=AXIS2_PLACEMENT_3D('',#8646,#7009,#7010);
#6031=AXIS2_PLACEMENT_3D('',#8647,#7011,#7012);
#6032=AXIS2_PLACEMENT_3D('',#8653,#7016,#7017);
#6033=AXIS2_PLACEMENT_3D('',#8655,#7019,#7020);
#6034=AXIS2_PLACEMENT_3D('',#8656,#7021,#7022);
#6035=AXIS2_PLACEMENT_3D('',#8657,#7023,#7024);
#6036=AXIS2_PLACEMENT_3D('',#8658,#7025,#7026);
#6037=AXIS2_PLACEMENT_3D('',#8659,#7027,#7028);
#6038=AXIS2_PLACEMENT_3D('',#8662,#7031,#7032);
#6039=AXIS2_PLACEMENT_3D('',#8668,#7036,#7037);
#6040=AXIS2_PLACEMENT_3D('',#8674,#7041,#7042);
#6041=AXIS2_PLACEMENT_3D('',#8678,#7045,#7046);
#6042=AXIS2_PLACEMENT_3D('',#8682,#7049,#7050);
#6043=AXIS2_PLACEMENT_3D('',#8686,#7053,#7054);
#6044=AXIS2_PLACEMENT_3D('',#8690,#7057,#7058);
#6045=AXIS2_PLACEMENT_3D('',#8696,#7062,#7063);
#6046=AXIS2_PLACEMENT_3D('',#8698,#7065,#7066);
#6047=AXIS2_PLACEMENT_3D('',#8701,#7069,#7070);
#6048=AXIS2_PLACEMENT_3D('',#8707,#7074,#7075);
#6049=AXIS2_PLACEMENT_3D('',#8711,#7078,#7079);
#6050=AXIS2_PLACEMENT_3D('',#8715,#7082,#7083);
#6051=AXIS2_PLACEMENT_3D('',#8719,#7086,#7087);
#6052=AXIS2_PLACEMENT_3D('',#8723,#7090,#7091);
#6053=AXIS2_PLACEMENT_3D('',#8731,#7096,#7097);
#6054=AXIS2_PLACEMENT_3D('',#8733,#7099,#7100);
#6055=AXIS2_PLACEMENT_3D('',#8737,#7103,#7104);
#6056=AXIS2_PLACEMENT_3D('',#8739,#7106,#7107);
#6057=AXIS2_PLACEMENT_3D('',#8745,#7111,#7112);
#6058=AXIS2_PLACEMENT_3D('',#8747,#7114,#7115);
#6059=AXIS2_PLACEMENT_3D('',#8753,#7119,#7120);
#6060=AXIS2_PLACEMENT_3D('',#8756,#7123,#7124);
#6061=AXIS2_PLACEMENT_3D('',#8757,#7125,#7126);
#6062=AXIS2_PLACEMENT_3D('',#8758,#7127,#7128);
#6063=AXIS2_PLACEMENT_3D('',#8761,#7131,#7132);
#6064=AXIS2_PLACEMENT_3D('',#8762,#7133,#7134);
#6065=AXIS2_PLACEMENT_3D('',#8763,#7135,#7136);
#6066=AXIS2_PLACEMENT_3D('',#8764,#7137,#7138);
#6067=AXIS2_PLACEMENT_3D('',#8765,#7139,#7140);
#6068=AXIS2_PLACEMENT_3D('',#8766,#7141,#7142);
#6069=AXIS2_PLACEMENT_3D('',#8767,#7143,#7144);
#6070=AXIS2_PLACEMENT_3D('',#8769,#7146,#7147);
#6071=AXIS2_PLACEMENT_3D('',#8771,#7149,#7150);
#6072=AXIS2_PLACEMENT_3D('',#8773,#7152,#7153);
#6073=AXIS2_PLACEMENT_3D('',#8775,#7155,#7156);
#6074=AXIS2_PLACEMENT_3D('',#8776,#7157,#7158);
#6075=AXIS2_PLACEMENT_3D('',#8777,#7159,#7160);
#6076=AXIS2_PLACEMENT_3D('',#8780,#7163,#7164);
#6077=AXIS2_PLACEMENT_3D('',#8781,#7165,#7166);
#6078=AXIS2_PLACEMENT_3D('',#8782,#7167,#7168);
#6079=AXIS2_PLACEMENT_3D('',#8785,#7171,#7172);
#6080=AXIS2_PLACEMENT_3D('',#8786,#7173,#7174);
#6081=AXIS2_PLACEMENT_3D('',#8787,#7175,#7176);
#6082=AXIS2_PLACEMENT_3D('',#8788,#7177,#7178);
#6083=AXIS2_PLACEMENT_3D('',#8789,#7179,#7180);
#6084=AXIS2_PLACEMENT_3D('',#8790,#7181,#7182);
#6085=AXIS2_PLACEMENT_3D('',#8791,#7183,#7184);
#6086=AXIS2_PLACEMENT_3D('',#8795,#7187,#7188);
#6087=AXIS2_PLACEMENT_3D('',#8799,#7191,#7192);
#6088=AXIS2_PLACEMENT_3D('',#8801,#7194,#7195);
#6089=AXIS2_PLACEMENT_3D('',#8802,#7196,#7197);
#6090=AXIS2_PLACEMENT_3D('',#8806,#7200,#7201);
#6091=AXIS2_PLACEMENT_3D('',#8810,#7204,#7205);
#6092=AXIS2_PLACEMENT_3D('',#8812,#7207,#7208);
#6093=AXIS2_PLACEMENT_3D('',#8813,#7209,#7210);
#6094=AXIS2_PLACEMENT_3D('',#8819,#7214,#7215);
#6095=AXIS2_PLACEMENT_3D('',#8823,#7218,#7219);
#6096=AXIS2_PLACEMENT_3D('',#8827,#7222,#7223);
#6097=AXIS2_PLACEMENT_3D('',#8829,#7225,#7226);
#6098=AXIS2_PLACEMENT_3D('',#8830,#7227,#7228);
#6099=AXIS2_PLACEMENT_3D('',#8836,#7232,#7233);
#6100=AXIS2_PLACEMENT_3D('',#8840,#7236,#7237);
#6101=AXIS2_PLACEMENT_3D('',#8844,#7240,#7241);
#6102=AXIS2_PLACEMENT_3D('',#8846,#7243,#7244);
#6103=AXIS2_PLACEMENT_3D('',#8847,#7245,#7246);
#6104=AXIS2_PLACEMENT_3D('',#8848,#7247,#7248);
#6105=AXIS2_PLACEMENT_3D('',#8851,#7249,#7250);
#6106=AXIS2_PLACEMENT_3D('',#8855,#7252,#7253);
#6107=AXIS2_PLACEMENT_3D('',#8857,#7255,#7256);
#6108=AXIS2_PLACEMENT_3D('',#8859,#7257,#7258);
#6109=AXIS2_PLACEMENT_3D('',#8862,#7260,#7261);
#6110=AXIS2_PLACEMENT_3D('',#8863,#7262,#7263);
#6111=AXIS2_PLACEMENT_3D('',#8906,#7286,#7287);
#6112=AXIS2_PLACEMENT_3D('',#8912,#7291,#7292);
#6113=AXIS2_PLACEMENT_3D('',#8946,#7310,#7311);
#6114=AXIS2_PLACEMENT_3D('',#8957,#7318,#7319);
#6115=AXIS2_PLACEMENT_3D('',#8974,#7322,#7323);
#6116=AXIS2_PLACEMENT_3D('',#8982,#7327,#7328);
#6117=AXIS2_PLACEMENT_3D('',#8989,#7330,#7331);
#6118=AXIS2_PLACEMENT_3D('',#8990,#7332,#7333);
#6119=AXIS2_PLACEMENT_3D('',#9000,#7336,#7337);
#6120=AXIS2_PLACEMENT_3D('',#9008,#7341,#7342);
#6121=AXIS2_PLACEMENT_3D('',#9022,#7344,#7345);
#6122=AXIS2_PLACEMENT_3D('',#9039,#7354,#7355);
#6123=AXIS2_PLACEMENT_3D('',#9045,#7359,#7360);
#6124=AXIS2_PLACEMENT_3D('',#9046,#7361,#7362);
#6125=AXIS2_PLACEMENT_3D('',#9049,#7364,#7365);
#6126=AXIS2_PLACEMENT_3D('',#9051,#7367,#7368);
#6127=AXIS2_PLACEMENT_3D('',#9052,#7369,#7370);
#6128=AXIS2_PLACEMENT_3D('',#9057,#7373,#7374);
#6129=AXIS2_PLACEMENT_3D('',#9059,#7376,#7377);
#6130=AXIS2_PLACEMENT_3D('',#9063,#7380,#7381);
#6131=AXIS2_PLACEMENT_3D('',#9067,#7384,#7385);
#6132=AXIS2_PLACEMENT_3D('',#9071,#7388,#7389);
#6133=AXIS2_PLACEMENT_3D('',#9073,#7391,#7392);
#6134=AXIS2_PLACEMENT_3D('',#9075,#7394,#7395);
#6135=AXIS2_PLACEMENT_3D('',#9095,#7403,#7404);
#6136=AXIS2_PLACEMENT_3D('',#9097,#7406,#7407);
#6137=AXIS2_PLACEMENT_3D('',#9099,#7409,#7410);
#6138=AXIS2_PLACEMENT_3D('',#9101,#7412,#7413);
#6139=AXIS2_PLACEMENT_3D('',#9103,#7415,#7416);
#6140=AXIS2_PLACEMENT_3D('',#9105,#7418,#7419);
#6141=AXIS2_PLACEMENT_3D('',#9107,#7421,#7422);
#6142=AXIS2_PLACEMENT_3D('',#9131,#7424,#7425);
#6143=AXIS2_PLACEMENT_3D('',#9132,#7426,#7427);
#6144=AXIS2_PLACEMENT_3D('',#9133,#7428,#7429);
#6145=AXIS2_PLACEMENT_3D('',#9135,#7431,#7432);
#6146=AXIS2_PLACEMENT_3D('',#9137,#7434,#7435);
#6147=AXIS2_PLACEMENT_3D('',#9138,#7436,#7437);
#6148=AXIS2_PLACEMENT_3D('',#9148,#7443,#7444);
#6149=AXIS2_PLACEMENT_3D('',#9150,#7446,#7447);
#6150=AXIS2_PLACEMENT_3D('',#9152,#7449,#7450);
#6151=AXIS2_PLACEMENT_3D('',#9154,#7452,#7453);
#6152=AXIS2_PLACEMENT_3D('',#9156,#7455,#7456);
#6153=AXIS2_PLACEMENT_3D('',#9157,#7457,#7458);
#6154=AXIS2_PLACEMENT_3D('',#9167,#7464,#7465);
#6155=AXIS2_PLACEMENT_3D('',#9169,#7467,#7468);
#6156=AXIS2_PLACEMENT_3D('',#9171,#7470,#7471);
#6157=AXIS2_PLACEMENT_3D('',#9173,#7473,#7474);
#6158=AXIS2_PLACEMENT_3D('',#9175,#7476,#7477);
#6159=AXIS2_PLACEMENT_3D('',#9176,#7478,#7479);
#6160=AXIS2_PLACEMENT_3D('',#9177,#7480,#7481);
#6161=AXIS2_PLACEMENT_3D('',#9178,#7482,#7483);
#6162=AXIS2_PLACEMENT_3D('',#9179,#7484,#7485);
#6163=AXIS2_PLACEMENT_3D('',#9180,#7486,#7487);
#6164=AXIS2_PLACEMENT_3D('',#9181,#7488,#7489);
#6165=AXIS2_PLACEMENT_3D('',#9182,#7490,#7491);
#6166=AXIS2_PLACEMENT_3D('',#9183,#7492,#7493);
#6167=AXIS2_PLACEMENT_3D('',#9185,#7494,#7495);
#6168=AXIS2_PLACEMENT_3D('',#9187,#7496,#7497);
#6169=AXIS2_PLACEMENT_3D('',#9188,#7498,#7499);
#6170=AXIS2_PLACEMENT_3D('',#9189,#7500,#7501);
#6171=AXIS2_PLACEMENT_3D('',#9192,#7503,#7504);
#6172=AXIS2_PLACEMENT_3D('',#9193,#7505,#7506);
#6173=AXIS2_PLACEMENT_3D('',#9195,#7507,#7508);
#6174=AXIS2_PLACEMENT_3D('',#9196,#7509,#7510);
#6175=AXIS2_PLACEMENT_3D('',#9198,#7511,#7512);
#6176=AXIS2_PLACEMENT_3D('',#9199,#7513,#7514);
#6177=AXIS2_PLACEMENT_3D('',#9200,#7515,#7516);
#6178=AXIS2_PLACEMENT_3D('',#9202,#7517,#7518);
#6179=AXIS2_PLACEMENT_3D('',#9204,#7519,#7520);
#6180=AXIS2_PLACEMENT_3D('',#9205,#7521,#7522);
#6181=AXIS2_PLACEMENT_3D('',#9206,#7523,#7524);
#6182=AXIS2_PLACEMENT_3D('',#9208,#7525,#7526);
#6183=AXIS2_PLACEMENT_3D('',#9210,#7528,#7529);
#6184=AXIS2_PLACEMENT_3D('',#9212,#7530,#7531);
#6185=AXIS2_PLACEMENT_3D('',#9213,#7532,#7533);
#6186=AXIS2_PLACEMENT_3D('',#9215,#7534,#7535);
#6187=AXIS2_PLACEMENT_3D('',#9216,#7536,#7537);
#6188=AXIS2_PLACEMENT_3D('',#9217,#7538,#7539);
#6189=AXIS2_PLACEMENT_3D('',#9218,#7540,#7541);
#6190=AXIS2_PLACEMENT_3D('',#9219,#7542,#7543);
#6191=AXIS2_PLACEMENT_3D('',#9222,#7545,#7546);
#6192=AXIS2_PLACEMENT_3D('',#9223,#7547,#7548);
#6193=AXIS2_PLACEMENT_3D('',#9225,#7549,#7550);
#6194=AXIS2_PLACEMENT_3D('',#9227,#7551,#7552);
#6195=AXIS2_PLACEMENT_3D('',#9228,#7553,#7554);
#6196=AXIS2_PLACEMENT_3D('',#9229,#7555,#7556);
#6197=AXIS2_PLACEMENT_3D('',#9231,#7557,#7558);
#6198=AXIS2_PLACEMENT_3D('',#9233,#7560,#7561);
#6199=AXIS2_PLACEMENT_3D('',#9235,#7562,#7563);
#6200=AXIS2_PLACEMENT_3D('',#9236,#7564,#7565);
#6201=AXIS2_PLACEMENT_3D('',#9238,#7566,#7567);
#6202=AXIS2_PLACEMENT_3D('',#9239,#7568,#7569);
#6203=AXIS2_PLACEMENT_3D('',#9240,#7570,#7571);
#6204=AXIS2_PLACEMENT_3D('',#9242,#7572,#7573);
#6205=AXIS2_PLACEMENT_3D('',#9244,#7574,#7575);
#6206=AXIS2_PLACEMENT_3D('',#9245,#7576,#7577);
#6207=AXIS2_PLACEMENT_3D('',#9246,#7578,#7579);
#6208=AXIS2_PLACEMENT_3D('',#9249,#7581,#7582);
#6209=AXIS2_PLACEMENT_3D('',#9250,#7583,#7584);
#6210=AXIS2_PLACEMENT_3D('',#9251,#7585,#7586);
#6211=AXIS2_PLACEMENT_3D('',#9253,#7587,#7588);
#6212=AXIS2_PLACEMENT_3D('',#9254,#7589,#7590);
#6213=AXIS2_PLACEMENT_3D('',#9255,#7591,#7592);
#6214=AXIS2_PLACEMENT_3D('',#9257,#7594,#7595);
#6215=AXIS2_PLACEMENT_3D('',#9258,#7596,#7597);
#6216=AXIS2_PLACEMENT_3D('',#9259,#7598,#7599);
#6217=AXIS2_PLACEMENT_3D('',#9261,#7600,#7601);
#6218=AXIS2_PLACEMENT_3D('',#9264,#7603,#7604);
#6219=AXIS2_PLACEMENT_3D('',#9265,#7605,#7606);
#6220=AXIS2_PLACEMENT_3D('',#9267,#7607,#7608);
#6221=AXIS2_PLACEMENT_3D('',#9270,#7610,#7611);
#6222=AXIS2_PLACEMENT_3D('',#9271,#7612,#7613);
#6223=AXIS2_PLACEMENT_3D('',#9272,#7614,#7615);
#6224=AXIS2_PLACEMENT_3D('',#9273,#7616,#7617);
#6225=AXIS2_PLACEMENT_3D('',#9329,#7620,#7621);
#6226=AXIS2_PLACEMENT_3D('',#9351,#7623,#7624);
#6227=AXIS2_PLACEMENT_3D('',#9361,#7626,#7627);
#6228=AXIS2_PLACEMENT_3D('',#9391,#7629,#7630);
#6229=AXIS2_PLACEMENT_3D('',#9421,#7632,#7633);
#6230=AXIS2_PLACEMENT_3D('',#9440,#7634,#7635);
#6231=AXIS2_PLACEMENT_3D('',#9442,#7636,#7637);
#6232=AXIS2_PLACEMENT_3D('',#9470,#7638,#7639);
#6233=AXIS2_PLACEMENT_3D('',#9471,#7640,#7641);
#6234=AXIS2_PLACEMENT_3D('',#9473,#7642,#7643);
#6235=AXIS2_PLACEMENT_3D('',#9485,#7645,#7646);
#6236=AXIS2_PLACEMENT_3D('',#9498,#7647,#7648);
#6237=AXIS2_PLACEMENT_3D('',#9512,#7649,#7650);
#6238=AXIS2_PLACEMENT_3D('',#9520,#7651,#7652);
#6239=AXIS2_PLACEMENT_3D('',#9522,#7653,#7654);
#6240=AXIS2_PLACEMENT_3D('',#9548,#7655,#7656);
#6241=AXIS2_PLACEMENT_3D('',#9549,#7657,#7658);
#6242=AXIS2_PLACEMENT_3D('',#9563,#7661,#7662);
#6243=AXIS2_PLACEMENT_3D('',#9569,#7664,#7665);
#6244=AXIS2_PLACEMENT_3D('',#9587,#7667,#7668);
#6245=AXIS2_PLACEMENT_3D('',#9617,#7670,#7671);
#6246=AXIS2_PLACEMENT_3D('',#9639,#7673,#7674);
#6247=AXIS2_PLACEMENT_3D('',#9677,#7675,#7676);
#6248=AXIS2_PLACEMENT_3D('',#9679,#7677,#7678);
#6249=AXIS2_PLACEMENT_3D('',#9731,#7679,#7680);
#6250=AXIS2_PLACEMENT_3D('',#9739,#7682,#7683);
#6251=AXIS2_PLACEMENT_3D('',#9748,#7684,#7685);
#6252=AXIS2_PLACEMENT_3D('',#9750,#7686,#7687);
#6253=AXIS2_PLACEMENT_3D('',#9764,#7688,#7689);
#6254=AXIS2_PLACEMENT_3D('',#9768,#7690,#7691);
#6255=AXIS2_PLACEMENT_3D('',#9770,#7692,#7693);
#6256=AXIS2_PLACEMENT_3D('',#9797,#7694,#7695);
#6257=AXIS2_PLACEMENT_3D('',#9814,#7698,#7699);
#6258=AXIS2_PLACEMENT_3D('',#9820,#7701,#7702);
#6259=AXIS2_PLACEMENT_3D('',#9822,#7704,#7705);
#6260=AXIS2_PLACEMENT_3D('',#9845,#7707,#7708);
#6261=AXIS2_PLACEMENT_3D('',#9875,#7710,#7711);
#6262=AXIS2_PLACEMENT_3D('',#9886,#7712,#7713);
#6263=AXIS2_PLACEMENT_3D('',#9887,#7714,#7715);
#6264=AXIS2_PLACEMENT_3D('',#9888,#7716,#7717);
#6265=AXIS2_PLACEMENT_3D('',#9913,#7718,#7719);
#6266=AXIS2_PLACEMENT_3D('',#9914,#7720,#7721);
#6267=AXIS2_PLACEMENT_3D('',#9956,#7724,#7725);
#6268=AXIS2_PLACEMENT_3D('',#9964,#7727,#7728);
#6269=AXIS2_PLACEMENT_3D('',#9966,#7730,#7731);
#6270=AXIS2_PLACEMENT_3D('',#9974,#7733,#7734);
#6271=AXIS2_PLACEMENT_3D('',#9976,#7736,#7737);
#6272=AXIS2_PLACEMENT_3D('',#9977,#7738,#7739);
#6273=AXIS2_PLACEMENT_3D('',#9978,#7740,#7741);
#6274=AXIS2_PLACEMENT_3D('',#9979,#7742,#7743);
#6275=AXIS2_PLACEMENT_3D('',#9980,#7744,#7745);
#6276=AXIS2_PLACEMENT_3D('',#9981,#7746,#7747);
#6277=AXIS2_PLACEMENT_3D('',#9982,#7748,#7749);
#6278=AXIS2_PLACEMENT_3D('',#9983,#7750,#7751);
#6279=AXIS2_PLACEMENT_3D('',#9984,#7752,#7753);
#6280=AXIS2_PLACEMENT_3D('',#9986,#7754,#7755);
#6281=AXIS2_PLACEMENT_3D('',#9989,#7757,#7758);
#6282=AXIS2_PLACEMENT_3D('',#9990,#7759,#7760);
#6283=AXIS2_PLACEMENT_3D('',#9991,#7761,#7762);
#6284=AXIS2_PLACEMENT_3D('',#9992,#7763,#7764);
#6285=AXIS2_PLACEMENT_3D('',#9993,#7765,#7766);
#6286=AXIS2_PLACEMENT_3D('',#9994,#7767,#7768);
#6287=AXIS2_PLACEMENT_3D('',#9995,#7769,#7770);
#6288=AXIS2_PLACEMENT_3D('',#9996,#7771,#7772);
#6289=AXIS2_PLACEMENT_3D('',#9997,#7773,#7774);
#6290=AXIS2_PLACEMENT_3D('',#9998,#7775,#7776);
#6291=DIRECTION('axis',(0.,0.,1.));
#6292=DIRECTION('refdir',(1.,0.,0.));
#6293=DIRECTION('axis',(0.,0.,1.));
#6294=DIRECTION('refdir',(1.,0.,0.));
#6295=DIRECTION('center_axis',(0.,1.,0.));
#6296=DIRECTION('ref_axis',(0.,0.,1.));
#6297=DIRECTION('center_axis',(0.,-1.,0.));
#6298=DIRECTION('ref_axis',(0.,0.,1.));
#6299=DIRECTION('',(0.,1.,0.));
#6300=DIRECTION('center_axis',(0.,1.,0.));
#6301=DIRECTION('ref_axis',(0.,0.,1.));
#6302=DIRECTION('center_axis',(0.,1.,0.));
#6303=DIRECTION('ref_axis',(0.,0.,1.));
#6304=DIRECTION('center_axis',(0.,-1.,0.));
#6305=DIRECTION('ref_axis',(0.,0.,1.));
#6306=DIRECTION('',(0.,1.,0.));
#6307=DIRECTION('center_axis',(0.,1.,0.));
#6308=DIRECTION('ref_axis',(0.,0.,-1.));
#6309=DIRECTION('center_axis',(1.,0.,0.));
#6310=DIRECTION('ref_axis',(0.,0.,-1.));
#6311=DIRECTION('center_axis',(1.,0.,0.));
#6312=DIRECTION('ref_axis',(0.,0.,1.));
#6313=DIRECTION('',(1.,0.,0.));
#6314=DIRECTION('center_axis',(1.,0.,0.));
#6315=DIRECTION('ref_axis',(0.,0.,1.));
#6316=DIRECTION('',(1.,0.,0.));
#6317=DIRECTION('center_axis',(-1.,0.,0.));
#6318=DIRECTION('ref_axis',(0.,0.,1.));
#6319=DIRECTION('center_axis',(-1.,0.,0.));
#6320=DIRECTION('ref_axis',(0.,0.,-1.));
#6321=DIRECTION('',(-1.,0.,0.));
#6322=DIRECTION('center_axis',(-1.,0.,0.));
#6323=DIRECTION('ref_axis',(0.,0.,-1.));
#6324=DIRECTION('',(-1.,0.,0.));
#6325=DIRECTION('center_axis',(0.,1.,0.));
#6326=DIRECTION('ref_axis',(0.,0.,1.));
#6327=DIRECTION('',(-5.78241158658936E-16,0.,-1.));
#6328=DIRECTION('',(1.,0.,0.));
#6329=DIRECTION('',(-5.78241158658936E-16,0.,1.));
#6330=DIRECTION('',(1.,0.,0.));
#6331=DIRECTION('center_axis',(0.,1.,0.));
#6332=DIRECTION('ref_axis',(0.,0.,1.));
#6333=DIRECTION('',(0.,0.,-1.));
#6334=DIRECTION('',(1.,0.,0.));
#6335=DIRECTION('',(0.,1.82602471155453E-16,-1.));
#6336=DIRECTION('',(1.,0.,0.));
#6337=DIRECTION('center_axis',(0.,1.,0.));
#6338=DIRECTION('ref_axis',(0.,0.,1.));
#6339=DIRECTION('',(-2.89120579329468E-16,0.,-1.));
#6340=DIRECTION('',(-1.,0.,-1.33440267382831E-16));
#6341=DIRECTION('',(0.,0.,-1.));
#6342=DIRECTION('',(1.,0.,0.));
#6343=DIRECTION('',(0.,1.22464679914735E-16,-1.));
#6344=DIRECTION('',(1.,0.,0.));
#6345=DIRECTION('',(0.,0.,-1.));
#6346=DIRECTION('',(1.,0.,0.));
#6347=DIRECTION('',(0.,-1.22464679914735E-16,-1.));
#6348=DIRECTION('',(1.,0.,0.));
#6349=DIRECTION('',(0.,0.,-1.));
#6350=DIRECTION('',(1.,0.,-1.33440267382831E-16));
#6351=DIRECTION('',(-2.89120579329468E-16,0.,1.));
#6352=DIRECTION('',(1.,0.,0.));
#6353=DIRECTION('',(2.89120579329468E-16,0.,-1.));
#6354=DIRECTION('',(1.,0.,-1.33440267382831E-16));
#6355=DIRECTION('',(0.,0.,1.));
#6356=DIRECTION('',(-1.,0.,0.));
#6357=DIRECTION('',(0.,-1.22464679914735E-16,-1.));
#6358=DIRECTION('',(-1.,0.,0.));
#6359=DIRECTION('',(0.,0.,1.));
#6360=DIRECTION('',(-1.,0.,0.));
#6361=DIRECTION('',(0.,1.22464679914735E-16,-1.));
#6362=DIRECTION('',(-1.,0.,0.));
#6363=DIRECTION('',(0.,0.,1.));
#6364=DIRECTION('',(-1.,0.,-1.33440267382831E-16));
#6365=DIRECTION('',(2.89120579329468E-16,0.,1.));
#6366=DIRECTION('',(1.,0.,0.));
#6367=DIRECTION('',(0.,0.,1.));
#6368=DIRECTION('',(1.,0.,1.020425574104E-16));
#6369=DIRECTION('',(0.,0.,-1.));
#6370=DIRECTION('',(-1.,0.,0.));
#6371=DIRECTION('',(-1.,0.,1.020425574104E-16));
#6372=DIRECTION('',(0.,0.,1.));
#6373=DIRECTION('',(1.,0.,0.));
#6374=DIRECTION('',(0.,0.,-1.));
#6375=DIRECTION('center_axis',(0.,-0.0712470499879096,0.997458699830735));
#6376=DIRECTION('ref_axis',(0.,-0.997458699830735,-0.0712470499879096));
#6377=DIRECTION('',(-2.059898836802E-17,-0.997458699830735,-0.0712470499879096));
#6378=DIRECTION('',(-1.,0.,0.));
#6379=DIRECTION('',(2.059898836802E-17,0.997458699830735,0.0712470499879096));
#6380=DIRECTION('',(0.,-0.997458699830735,-0.0712470499879096));
#6381=DIRECTION('',(1.,0.,0.));
#6382=DIRECTION('',(1.,0.,0.));
#6383=DIRECTION('',(-1.,0.,0.));
#6384=DIRECTION('',(1.,0.,0.));
#6385=DIRECTION('',(1.,0.,0.));
#6386=DIRECTION('',(1.,0.,0.));
#6387=DIRECTION('',(1.,0.,0.));
#6388=DIRECTION('',(0.,-0.997458699830735,-0.0712470499879096));
#6389=DIRECTION('center_axis',(0.,-1.,-1.020425574104E-16));
#6390=DIRECTION('ref_axis',(0.,1.020425574104E-16,-1.));
#6391=DIRECTION('',(-1.,0.,0.));
#6392=DIRECTION('',(0.,0.,-1.));
#6393=DIRECTION('',(1.,0.,0.));
#6394=DIRECTION('',(0.,-1.020425574104E-16,1.));
#6395=DIRECTION('',(-1.,0.,0.));
#6396=DIRECTION('',(0.,-1.020425574104E-16,1.));
#6397=DIRECTION('center_axis',(0.,-1.,-1.020425574104E-16));
#6398=DIRECTION('ref_axis',(0.,1.020425574104E-16,-1.));
#6399=DIRECTION('',(-1.,0.,0.));
#6400=DIRECTION('',(0.,-1.020425574104E-16,1.));
#6401=DIRECTION('',(-1.,0.,0.));
#6402=DIRECTION('',(0.,0.,-1.));
#6403=DIRECTION('',(1.,0.,0.));
#6404=DIRECTION('',(0.,-1.020425574104E-16,1.));
#6405=DIRECTION('',(1.,0.,0.));
#6406=DIRECTION('',(0.,0.,-1.));
#6407=DIRECTION('center_axis',(0.,-1.,-1.020425574104E-16));
#6408=DIRECTION('ref_axis',(0.,1.020425574104E-16,-1.));
#6409=DIRECTION('',(-1.,0.,0.));
#6410=DIRECTION('',(0.,-1.020425574104E-16,1.));
#6411=DIRECTION('',(-1.,0.,0.));
#6412=DIRECTION('',(0.,-1.020425574104E-16,1.));
#6413=DIRECTION('',(1.,0.,0.));
#6414=DIRECTION('',(0.,0.,-1.));
#6415=DIRECTION('center_axis',(1.,0.,0.));
#6416=DIRECTION('ref_axis',(0.,0.,-1.));
#6417=DIRECTION('',(0.,1.,1.15648231731787E-16));
#6418=DIRECTION('',(0.,0.962222919600473,0.272262838072958));
#6419=DIRECTION('',(0.,0.996748911601555,0.0805705108654218));
#6420=DIRECTION('',(0.,1.,1.15648231731787E-16));
#6421=DIRECTION('',(0.,0.,-1.));
#6422=DIRECTION('',(0.,1.,0.));
#6423=DIRECTION('',(0.,0.,1.));
#6424=DIRECTION('center_axis',(1.,0.,0.));
#6425=DIRECTION('ref_axis',(0.,0.,-1.));
#6426=DIRECTION('',(0.,-1.,0.));
#6427=DIRECTION('',(0.,1.,0.));
#6428=DIRECTION('',(0.,0.,-1.));
#6429=DIRECTION('',(0.,1.,0.));
#6430=DIRECTION('',(0.,0.,1.));
#6431=DIRECTION('',(0.,1.,0.));
#6432=DIRECTION('',(0.,-1.,0.));
#6433=DIRECTION('',(0.,0.,1.));
#6434=DIRECTION('',(0.,-1.,0.));
#6435=DIRECTION('',(0.,0.,-1.));
#6436=DIRECTION('center_axis',(1.,0.,0.));
#6437=DIRECTION('ref_axis',(0.,0.,-1.));
#6438=DIRECTION('',(0.,-1.,1.15648231731787E-16));
#6439=DIRECTION('',(0.,0.997458699830735,-0.0712470499879067));
#6440=DIRECTION('',(0.,-0.996748911601554,0.0805705108654373));
#6441=DIRECTION('',(0.,-0.962222919600472,0.27226283807296));
#6442=DIRECTION('',(0.,-1.,1.15648231731787E-16));
#6443=DIRECTION('',(0.,0.,1.));
#6444=DIRECTION('',(0.,-1.,0.));
#6445=DIRECTION('',(0.,0.,-1.));
#6446=DIRECTION('center_axis',(0.,-1.,0.));
#6447=DIRECTION('ref_axis',(0.,0.,-1.));
#6448=DIRECTION('',(0.,0.,1.));
#6449=DIRECTION('',(-1.,0.,0.));
#6450=DIRECTION('',(-1.,0.,0.));
#6451=DIRECTION('',(0.,0.,1.));
#6452=DIRECTION('center_axis',(0.,-1.,0.));
#6453=DIRECTION('ref_axis',(0.,0.,-1.));
#6454=DIRECTION('',(1.,0.,0.));
#6455=DIRECTION('',(0.,0.,1.));
#6456=DIRECTION('',(0.,0.,1.));
#6457=DIRECTION('',(-1.,0.,0.));
#6458=DIRECTION('center_axis',(0.,1.,0.));
#6459=DIRECTION('ref_axis',(0.,0.,1.));
#6460=DIRECTION('',(1.,0.,0.));
#6461=DIRECTION('',(0.,0.,-1.));
#6462=DIRECTION('',(0.,0.,-1.));
#6463=DIRECTION('',(-1.,0.,0.));
#6464=DIRECTION('center_axis',(0.,1.,0.));
#6465=DIRECTION('ref_axis',(0.,0.,1.));
#6466=DIRECTION('',(0.,0.,-1.));
#6467=DIRECTION('',(-1.,0.,0.));
#6468=DIRECTION('',(-1.,0.,0.));
#6469=DIRECTION('',(0.,0.,-1.));
#6470=DIRECTION('center_axis',(0.,-1.,0.));
#6471=DIRECTION('ref_axis',(0.,0.,-1.));
#6472=DIRECTION('',(1.,0.,0.));
#6473=DIRECTION('',(0.,0.,1.));
#6474=DIRECTION('',(0.,0.,1.));
#6475=DIRECTION('',(-1.,0.,0.));
#6476=DIRECTION('center_axis',(0.,-1.,0.));
#6477=DIRECTION('ref_axis',(0.,0.,-1.));
#6478=DIRECTION('',(0.,0.,1.));
#6479=DIRECTION('',(-1.,0.,0.));
#6480=DIRECTION('',(-1.,0.,0.));
#6481=DIRECTION('',(0.,0.,1.));
#6482=DIRECTION('center_axis',(0.,1.,0.));
#6483=DIRECTION('ref_axis',(0.,0.,1.));
#6484=DIRECTION('',(0.,0.,-1.));
#6485=DIRECTION('',(-1.,0.,0.));
#6486=DIRECTION('',(-1.,0.,0.));
#6487=DIRECTION('',(0.,0.,-1.));
#6488=DIRECTION('center_axis',(0.,1.,0.));
#6489=DIRECTION('ref_axis',(0.,0.,1.));
#6490=DIRECTION('',(1.,0.,0.));
#6491=DIRECTION('',(0.,0.,-1.));
#6492=DIRECTION('',(0.,0.,-1.));
#6493=DIRECTION('',(-1.,0.,0.));
#6494=DIRECTION('center_axis',(1.,0.,0.));
#6495=DIRECTION('ref_axis',(0.,0.,1.));
#6496=DIRECTION('',(0.,0.,-1.));
#6497=DIRECTION('',(0.,1.,-1.15648231731787E-16));
#6498=DIRECTION('',(0.,1.,0.));
#6499=DIRECTION('center_axis',(1.,0.,0.));
#6500=DIRECTION('ref_axis',(0.,0.,1.));
#6501=DIRECTION('',(0.,-1.,0.));
#6502=DIRECTION('',(0.,0.,-1.));
#6503=DIRECTION('',(0.,1.,0.));
#6504=DIRECTION('center_axis',(1.,0.,0.));
#6505=DIRECTION('ref_axis',(0.,0.,1.));
#6506=DIRECTION('',(0.,1.,-1.15648231731787E-16));
#6507=DIRECTION('',(0.,1.,0.));
#6508=DIRECTION('center_axis',(1.,0.,0.));
#6509=DIRECTION('ref_axis',(0.,0.,1.));
#6510=DIRECTION('',(0.,-1.,0.));
#6511=DIRECTION('',(0.,-1.,0.));
#6512=DIRECTION('center_axis',(-1.,0.,0.));
#6513=DIRECTION('ref_axis',(0.,0.,-1.));
#6514=DIRECTION('',(0.,1.,1.15648231731787E-16));
#6515=DIRECTION('',(0.,0.,-1.));
#6516=DIRECTION('',(0.,1.,0.));
#6517=DIRECTION('center_axis',(-1.,0.,0.));
#6518=DIRECTION('ref_axis',(0.,0.,-1.));
#6519=DIRECTION('',(0.,-1.,0.));
#6520=DIRECTION('',(0.,1.,0.));
#6521=DIRECTION('',(0.,0.,-1.));
#6522=DIRECTION('center_axis',(-1.,0.,0.));
#6523=DIRECTION('ref_axis',(0.,0.,-1.));
#6524=DIRECTION('',(0.,1.,1.15648231731787E-16));
#6525=DIRECTION('',(0.,-1.,0.));
#6526=DIRECTION('center_axis',(-1.,0.,0.));
#6527=DIRECTION('ref_axis',(0.,0.,-1.));
#6528=DIRECTION('',(0.,-1.,0.));
#6529=DIRECTION('',(0.,1.,0.));
#6530=DIRECTION('center_axis',(0.,-1.,0.));
#6531=DIRECTION('ref_axis',(0.,0.,-1.));
#6532=DIRECTION('',(-1.,0.,0.));
#6533=DIRECTION('',(0.,0.,1.));
#6534=DIRECTION('',(1.,0.,0.));
#6535=DIRECTION('',(-1.,0.,0.));
#6536=DIRECTION('',(0.,0.,1.));
#6537=DIRECTION('',(1.,0.,0.));
#6538=DIRECTION('center_axis',(0.,1.,0.));
#6539=DIRECTION('ref_axis',(0.,0.,1.));
#6540=DIRECTION('',(0.,0.,1.));
#6541=DIRECTION('',(-1.,0.,0.));
#6542=DIRECTION('',(-1.,0.,0.));
#6543=DIRECTION('',(0.,0.,1.));
#6544=DIRECTION('',(1.,0.,0.));
#6545=DIRECTION('',(1.,0.,0.));
#6546=DIRECTION('center_axis',(1.,0.,0.));
#6547=DIRECTION('ref_axis',(0.,0.,1.));
#6548=DIRECTION('',(0.,1.,0.));
#6549=DIRECTION('',(0.,-1.,0.));
#6550=DIRECTION('center_axis',(1.,0.,0.));
#6551=DIRECTION('ref_axis',(0.,0.,1.));
#6552=DIRECTION('',(0.,1.,0.));
#6553=DIRECTION('',(0.,1.,0.));
#6554=DIRECTION('center_axis',(1.,0.,0.));
#6555=DIRECTION('ref_axis',(0.,0.,1.));
#6556=DIRECTION('',(0.,1.,0.));
#6557=DIRECTION('',(0.,-1.,0.));
#6558=DIRECTION('center_axis',(1.,0.,0.));
#6559=DIRECTION('ref_axis',(0.,0.,1.));
#6560=DIRECTION('',(0.,1.,0.));
#6561=DIRECTION('',(0.,1.,0.));
#6562=DIRECTION('center_axis',(0.,0.,-1.));
#6563=DIRECTION('ref_axis',(-1.,0.,0.));
#6564=DIRECTION('',(1.,0.,0.));
#6565=DIRECTION('',(0.,1.,0.));
#6566=DIRECTION('',(1.,0.,0.));
#6567=DIRECTION('',(0.,1.,0.));
#6568=DIRECTION('center_axis',(0.,1.,0.));
#6569=DIRECTION('ref_axis',(0.,0.,1.));
#6570=DIRECTION('',(0.,0.,1.));
#6571=DIRECTION('',(1.,0.,0.));
#6572=DIRECTION('',(0.,0.,1.));
#6573=DIRECTION('center_axis',(0.,1.,0.));
#6574=DIRECTION('ref_axis',(0.,0.,1.));
#6575=DIRECTION('',(1.,0.,0.));
#6576=DIRECTION('',(0.,0.,1.));
#6577=DIRECTION('',(1.,0.,0.));
#6578=DIRECTION('',(0.,0.,1.));
#6579=DIRECTION('center_axis',(0.,0.,1.));
#6580=DIRECTION('ref_axis',(1.,0.,0.));
#6581=DIRECTION('',(0.,-1.,0.));
#6582=DIRECTION('',(1.,0.,0.));
#6583=DIRECTION('',(0.,-1.,0.));
#6584=DIRECTION('center_axis',(0.,1.,-8.67361737988404E-17));
#6585=DIRECTION('ref_axis',(0.,8.67361737988404E-17,1.));
#6586=DIRECTION('',(0.,8.67361737988404E-17,1.));
#6587=DIRECTION('',(0.,8.67361737988404E-17,1.));
#6588=DIRECTION('center_axis',(0.,0.,-1.));
#6589=DIRECTION('ref_axis',(-1.,0.,0.));
#6590=DIRECTION('',(1.,0.,0.));
#6591=DIRECTION('',(0.,1.,0.));
#6592=DIRECTION('',(1.,0.,0.));
#6593=DIRECTION('',(0.,1.,0.));
#6594=DIRECTION('center_axis',(0.,1.,0.));
#6595=DIRECTION('ref_axis',(0.,0.,1.));
#6596=DIRECTION('',(0.,0.,1.));
#6597=DIRECTION('',(1.,0.,0.));
#6598=DIRECTION('',(0.,0.,1.));
#6599=DIRECTION('center_axis',(0.,1.,0.));
#6600=DIRECTION('ref_axis',(0.,0.,1.));
#6601=DIRECTION('',(1.,0.,0.));
#6602=DIRECTION('',(0.,0.,1.));
#6603=DIRECTION('',(1.,0.,0.));
#6604=DIRECTION('',(0.,0.,1.));
#6605=DIRECTION('center_axis',(0.,0.,1.));
#6606=DIRECTION('ref_axis',(1.,0.,0.));
#6607=DIRECTION('',(0.,-1.,0.));
#6608=DIRECTION('',(1.,0.,0.));
#6609=DIRECTION('',(0.,-1.,0.));
#6610=DIRECTION('center_axis',(0.,1.,8.67361737988404E-17));
#6611=DIRECTION('ref_axis',(0.,-8.67361737988404E-17,1.));
#6612=DIRECTION('',(0.,-8.67361737988404E-17,1.));
#6613=DIRECTION('',(0.,-8.67361737988404E-17,1.));
#6614=DIRECTION('center_axis',(-1.,0.,0.));
#6615=DIRECTION('ref_axis',(0.,0.,1.));
#6616=DIRECTION('',(0.,1.,0.));
#6617=DIRECTION('',(0.,-1.,0.));
#6618=DIRECTION('',(0.,1.,0.));
#6619=DIRECTION('',(0.,-0.962222919600472,0.27226283807296));
#6620=DIRECTION('',(0.,-0.996748911601554,0.0805705108654373));
#6621=DIRECTION('',(0.,1.82602471155453E-16,-1.));
#6622=DIRECTION('center_axis',(-1.,0.,0.));
#6623=DIRECTION('ref_axis',(0.,0.,-1.));
#6624=DIRECTION('',(0.,1.,0.));
#6625=DIRECTION('',(0.,0.,1.));
#6626=DIRECTION('',(0.,1.,0.));
#6627=DIRECTION('center_axis',(1.,0.,0.));
#6628=DIRECTION('ref_axis',(0.,0.,1.));
#6629=DIRECTION('',(0.,1.82602471155453E-16,-1.));
#6630=DIRECTION('center_axis',(-1.,0.,0.));
#6631=DIRECTION('ref_axis',(0.,0.,-1.));
#6632=DIRECTION('',(0.,1.,0.));
#6633=DIRECTION('',(0.,0.,1.));
#6634=DIRECTION('',(0.,1.,0.));
#6635=DIRECTION('center_axis',(1.,0.,0.));
#6636=DIRECTION('ref_axis',(0.,0.,1.));
#6637=DIRECTION('',(0.,1.82602471155453E-16,-1.));
#6638=DIRECTION('',(0.,0.996748911601555,0.0805705108654218));
#6639=DIRECTION('',(0.,0.962222919600473,0.272262838072958));
#6640=DIRECTION('',(0.,-1.,0.));
#6641=DIRECTION('center_axis',(-1.,0.,0.));
#6642=DIRECTION('ref_axis',(0.,0.,1.));
#6643=DIRECTION('',(0.,-1.020425574104E-16,1.));
#6644=DIRECTION('',(0.,1.,1.15648231731787E-16));
#6645=DIRECTION('',(0.,0.,1.));
#6646=DIRECTION('',(0.,1.,0.));
#6647=DIRECTION('',(0.,0.,-1.));
#6648=DIRECTION('',(0.,1.,1.15648231731787E-16));
#6649=DIRECTION('',(0.,0.996748911601555,0.0805705108654218));
#6650=DIRECTION('',(0.,0.962222919600473,0.272262838072958));
#6651=DIRECTION('center_axis',(-1.,0.,0.));
#6652=DIRECTION('ref_axis',(0.,0.,1.));
#6653=DIRECTION('',(0.,-1.,1.15648231731787E-16));
#6654=DIRECTION('',(0.,0.,-1.));
#6655=DIRECTION('',(0.,-1.,0.));
#6656=DIRECTION('',(0.,0.,1.));
#6657=DIRECTION('',(0.,-1.,1.15648231731787E-16));
#6658=DIRECTION('',(0.,-1.020425574104E-16,1.));
#6659=DIRECTION('',(0.,-0.962222919600472,0.27226283807296));
#6660=DIRECTION('',(0.,-0.996748911601554,0.0805705108654373));
#6661=DIRECTION('',(0.,0.997458699830735,-0.0712470499879067));
#6662=DIRECTION('center_axis',(0.,1.,1.020425574104E-16));
#6663=DIRECTION('ref_axis',(0.,-1.020425574104E-16,1.));
#6664=DIRECTION('',(1.,0.,0.));
#6665=DIRECTION('',(1.,0.,0.));
#6666=DIRECTION('',(0.,-1.020425574104E-16,1.));
#6667=DIRECTION('',(-1.,0.,0.));
#6668=DIRECTION('',(0.,0.,-1.));
#6669=DIRECTION('center_axis',(0.,1.,1.020425574104E-16));
#6670=DIRECTION('ref_axis',(0.,-1.020425574104E-16,1.));
#6671=DIRECTION('',(1.,0.,0.));
#6672=DIRECTION('',(0.,0.,-1.));
#6673=DIRECTION('',(-1.,0.,0.));
#6674=DIRECTION('',(0.,-1.020425574104E-16,1.));
#6675=DIRECTION('',(1.,0.,0.));
#6676=DIRECTION('center_axis',(0.,-1.,0.));
#6677=DIRECTION('ref_axis',(0.,0.,-1.));
#6678=DIRECTION('',(0.,0.,-1.));
#6679=DIRECTION('',(1.,0.,0.));
#6680=DIRECTION('',(1.,0.,0.));
#6681=DIRECTION('',(0.,0.,-1.));
#6682=DIRECTION('center_axis',(0.,1.,0.));
#6683=DIRECTION('ref_axis',(0.,0.,1.));
#6684=DIRECTION('',(-1.,0.,0.));
#6685=DIRECTION('',(0.,0.,1.));
#6686=DIRECTION('',(0.,0.,1.));
#6687=DIRECTION('',(1.,0.,0.));
#6688=DIRECTION('center_axis',(0.,-1.,0.));
#6689=DIRECTION('ref_axis',(0.,0.,-1.));
#6690=DIRECTION('',(-1.,0.,0.));
#6691=DIRECTION('',(0.,0.,-1.));
#6692=DIRECTION('',(0.,0.,-1.));
#6693=DIRECTION('',(1.,0.,0.));
#6694=DIRECTION('center_axis',(0.,1.,0.));
#6695=DIRECTION('ref_axis',(0.,0.,1.));
#6696=DIRECTION('',(0.,0.,1.));
#6697=DIRECTION('',(1.,0.,0.));
#6698=DIRECTION('',(1.,0.,0.));
#6699=DIRECTION('',(0.,0.,1.));
#6700=DIRECTION('center_axis',(-1.,0.,0.));
#6701=DIRECTION('ref_axis',(0.,0.,1.));
#6702=DIRECTION('',(0.,1.,-1.15648231731787E-16));
#6703=DIRECTION('',(0.,1.,0.));
#6704=DIRECTION('center_axis',(-1.,0.,0.));
#6705=DIRECTION('ref_axis',(0.,0.,1.));
#6706=DIRECTION('',(0.,1.,-1.15648231731787E-16));
#6707=DIRECTION('',(0.,0.,-1.));
#6708=DIRECTION('',(0.,1.,0.));
#6709=DIRECTION('center_axis',(1.,0.,0.));
#6710=DIRECTION('ref_axis',(0.,0.,-1.));
#6711=DIRECTION('',(0.,1.,1.15648231731787E-16));
#6712=DIRECTION('',(0.,-1.,0.));
#6713=DIRECTION('center_axis',(1.,0.,0.));
#6714=DIRECTION('ref_axis',(0.,0.,-1.));
#6715=DIRECTION('',(0.,0.,-1.));
#6716=DIRECTION('',(0.,1.,1.15648231731787E-16));
#6717=DIRECTION('',(0.,1.,0.));
#6718=DIRECTION('center_axis',(-1.,0.,0.));
#6719=DIRECTION('ref_axis',(0.,0.,1.));
#6720=DIRECTION('',(0.,0.,-1.));
#6721=DIRECTION('',(0.,1.,0.));
#6722=DIRECTION('',(0.,0.,1.));
#6723=DIRECTION('',(0.,-1.,0.));
#6724=DIRECTION('center_axis',(-1.,0.,0.));
#6725=DIRECTION('ref_axis',(0.,0.,1.));
#6726=DIRECTION('',(0.,1.,0.));
#6727=DIRECTION('',(0.,-1.,0.));
#6728=DIRECTION('center_axis',(0.,1.,0.));
#6729=DIRECTION('ref_axis',(0.,0.,1.));
#6730=DIRECTION('',(1.,0.,0.));
#6731=DIRECTION('',(0.,0.,-1.));
#6732=DIRECTION('',(1.,0.,0.));
#6733=DIRECTION('center_axis',(0.,1.,0.));
#6734=DIRECTION('ref_axis',(0.,0.,1.));
#6735=DIRECTION('',(0.,0.,1.));
#6736=DIRECTION('',(1.,0.,0.));
#6737=DIRECTION('',(1.,0.,0.));
#6738=DIRECTION('center_axis',(0.,1.,0.));
#6739=DIRECTION('ref_axis',(0.,0.,1.));
#6740=DIRECTION('',(0.,1.82602471155453E-16,-1.));
#6741=DIRECTION('',(0.,0.,1.));
#6742=DIRECTION('',(1.,0.,0.));
#6743=DIRECTION('center_axis',(0.,1.,0.));
#6744=DIRECTION('ref_axis',(0.,0.,1.));
#6745=DIRECTION('',(1.,0.,0.));
#6746=DIRECTION('',(0.,0.,1.));
#6747=DIRECTION('center_axis',(0.,1.,0.));
#6748=DIRECTION('ref_axis',(0.,0.,1.));
#6749=DIRECTION('',(0.,0.,1.));
#6750=DIRECTION('',(1.,0.,0.));
#6751=DIRECTION('',(0.,0.,1.));
#6752=DIRECTION('center_axis',(0.,1.,0.));
#6753=DIRECTION('ref_axis',(0.,0.,1.));
#6754=DIRECTION('',(0.,1.82602471155453E-16,-1.));
#6755=DIRECTION('',(1.,0.,0.));
#6756=DIRECTION('',(0.,0.,-1.));
#6757=DIRECTION('',(1.,0.,0.));
#6758=DIRECTION('center_axis',(0.,1.,0.));
#6759=DIRECTION('ref_axis',(0.,0.,1.));
#6760=DIRECTION('',(1.,0.,0.));
#6761=DIRECTION('',(0.,0.,-1.));
#6762=DIRECTION('',(1.,0.,0.));
#6763=DIRECTION('',(0.,0.,-1.));
#6764=DIRECTION('center_axis',(0.,-1.,0.));
#6765=DIRECTION('ref_axis',(0.,0.,-1.));
#6766=DIRECTION('',(0.,0.,1.));
#6767=DIRECTION('',(-1.,0.,-1.23908819712629E-16));
#6768=DIRECTION('',(1.,0.,-1.23908819712629E-16));
#6769=DIRECTION('center_axis',(0.,-1.,0.));
#6770=DIRECTION('ref_axis',(0.,0.,-1.));
#6771=DIRECTION('',(0.,0.,-1.));
#6772=DIRECTION('',(1.,0.,-1.23908819712629E-16));
#6773=DIRECTION('',(0.,0.,-1.));
#6774=DIRECTION('',(-1.,0.,-1.23908819712629E-16));
#6775=DIRECTION('center_axis',(0.,1.,0.));
#6776=DIRECTION('ref_axis',(0.,0.,1.));
#6777=DIRECTION('',(0.,0.,-1.));
#6778=DIRECTION('',(1.,0.,-1.23908819712629E-16));
#6779=DIRECTION('',(0.,0.,-1.));
#6780=DIRECTION('',(-1.,0.,1.23908819712629E-16));
#6781=DIRECTION('center_axis',(1.23908819712629E-16,0.,1.));
#6782=DIRECTION('ref_axis',(1.,0.,-1.23908819712629E-16));
#6783=DIRECTION('',(-1.,0.,0.));
#6784=DIRECTION('',(0.,1.,0.));
#6785=DIRECTION('',(0.,1.,0.));
#6786=DIRECTION('',(0.,1.,0.));
#6787=DIRECTION('center_axis',(1.23908819712629E-16,0.,1.));
#6788=DIRECTION('ref_axis',(1.,0.,-1.23908819712629E-16));
#6789=DIRECTION('',(-1.,0.,0.));
#6790=DIRECTION('',(0.,1.,0.));
#6791=DIRECTION('',(0.,1.,0.));
#6792=DIRECTION('',(0.,1.,0.));
#6793=DIRECTION('',(1.,0.,-1.23908819712629E-16));
#6794=DIRECTION('center_axis',(-1.,0.,0.));
#6795=DIRECTION('ref_axis',(0.,0.,1.));
#6796=DIRECTION('',(0.,-1.,0.));
#6797=DIRECTION('',(0.,0.,-1.));
#6798=DIRECTION('',(0.,-1.,0.));
#6799=DIRECTION('',(0.,0.,1.));
#6800=DIRECTION('',(0.,-1.,0.));
#6801=DIRECTION('',(0.,-1.020425574104E-16,1.));
#6802=DIRECTION('',(0.,1.,0.));
#6803=DIRECTION('',(0.,0.,1.));
#6804=DIRECTION('',(0.,1.,0.));
#6805=DIRECTION('',(0.,0.,-1.));
#6806=DIRECTION('',(0.,1.,0.));
#6807=DIRECTION('center_axis',(0.,-0.0712470499879068,-0.997458699830735));
#6808=DIRECTION('ref_axis',(0.,0.997458699830735,-0.0712470499879068));
#6809=DIRECTION('',(1.,0.,0.));
#6810=DIRECTION('',(-2.05989883680191E-17,-0.997458699830735,0.0712470499879067));
#6811=DIRECTION('',(1.,0.,0.));
#6812=DIRECTION('',(1.,0.,0.));
#6813=DIRECTION('',(-1.,0.,0.));
#6814=DIRECTION('',(1.,0.,0.));
#6815=DIRECTION('',(2.05989883680191E-17,0.997458699830735,-0.0712470499879067));
#6816=DIRECTION('center_axis',(1.23908819712629E-16,0.,-1.));
#6817=DIRECTION('ref_axis',(-1.,0.,-1.23908819712629E-16));
#6818=DIRECTION('',(0.,1.,0.));
#6819=DIRECTION('',(-1.,0.,0.));
#6820=DIRECTION('',(0.,1.,0.));
#6821=DIRECTION('',(0.,1.,0.));
#6822=DIRECTION('center_axis',(-1.23908819712629E-16,0.,-1.));
#6823=DIRECTION('ref_axis',(-1.,0.,1.23908819712629E-16));
#6824=DIRECTION('',(0.,1.,0.));
#6825=DIRECTION('',(-1.,0.,0.));
#6826=DIRECTION('',(-1.,0.,1.23908819712629E-16));
#6827=DIRECTION('',(0.,1.,0.));
#6828=DIRECTION('',(0.,1.,0.));
#6829=DIRECTION('center_axis',(1.,0.,0.));
#6830=DIRECTION('ref_axis',(0.,0.,-1.));
#6831=DIRECTION('',(0.,0.,1.));
#6832=DIRECTION('',(0.,-1.,0.));
#6833=DIRECTION('',(0.,0.962222919600473,0.272262838072958));
#6834=DIRECTION('',(0.,0.996748911601555,0.0805705108654218));
#6835=DIRECTION('center_axis',(1.,0.,0.));
#6836=DIRECTION('ref_axis',(0.,0.,1.));
#6837=DIRECTION('center_axis',(-1.,0.,0.));
#6838=DIRECTION('ref_axis',(0.,0.,-1.));
#6839=DIRECTION('center_axis',(1.,0.,0.));
#6840=DIRECTION('ref_axis',(0.,0.,1.));
#6841=DIRECTION('center_axis',(-1.,0.,0.));
#6842=DIRECTION('ref_axis',(0.,0.,-1.));
#6843=DIRECTION('',(0.,-0.996748911601554,0.0805705108654373));
#6844=DIRECTION('',(0.,-0.962222919600472,0.27226283807296));
#6845=DIRECTION('',(0.,1.,0.));
#6846=DIRECTION('',(0.,0.,1.));
#6847=DIRECTION('',(0.,1.,0.));
#6848=DIRECTION('',(0.,8.67361737988404E-17,1.));
#6849=DIRECTION('',(0.,-1.,0.));
#6850=DIRECTION('',(0.,0.,1.));
#6851=DIRECTION('',(0.,-1.,0.));
#6852=DIRECTION('',(0.,-1.020425574104E-16,1.));
#6853=DIRECTION('',(0.,1.,0.));
#6854=DIRECTION('',(0.,0.,1.));
#6855=DIRECTION('',(0.,1.,0.));
#6856=DIRECTION('',(0.,-8.67361737988404E-17,1.));
#6857=DIRECTION('',(0.,-1.,0.));
#6858=DIRECTION('center_axis',(0.,1.,0.));
#6859=DIRECTION('ref_axis',(0.,0.,1.));
#6860=DIRECTION('',(0.,0.,1.));
#6861=DIRECTION('center_axis',(1.,0.,0.));
#6862=DIRECTION('ref_axis',(0.,0.,-1.));
#6863=DIRECTION('',(-1.,0.,0.));
#6864=DIRECTION('center_axis',(1.,0.,0.));
#6865=DIRECTION('ref_axis',(0.,0.,-1.));
#6866=DIRECTION('',(1.,0.,0.));
#6867=DIRECTION('center_axis',(1.,0.,0.));
#6868=DIRECTION('ref_axis',(0.,0.,-1.));
#6869=DIRECTION('center_axis',(1.,0.,-5.78241158658936E-16));
#6870=DIRECTION('ref_axis',(-5.78241158658936E-16,0.,-1.));
#6871=DIRECTION('center_axis',(-1.,0.,-5.78241158658936E-16));
#6872=DIRECTION('ref_axis',(-5.78241158658936E-16,0.,1.));
#6873=DIRECTION('',(-1.,0.,0.));
#6874=DIRECTION('center_axis',(1.,0.,0.));
#6875=DIRECTION('ref_axis',(0.,0.,-1.));
#6876=DIRECTION('center_axis',(-1.,0.,0.));
#6877=DIRECTION('ref_axis',(0.,0.,1.));
#6878=DIRECTION('',(-1.,0.,0.));
#6879=DIRECTION('center_axis',(1.,0.,0.));
#6880=DIRECTION('ref_axis',(0.,0.,-1.));
#6881=DIRECTION('center_axis',(-1.,0.,5.78241158658936E-16));
#6882=DIRECTION('ref_axis',(-5.78241158658936E-16,0.,-1.));
#6883=DIRECTION('',(-1.,0.,0.));
#6884=DIRECTION('center_axis',(1.,0.,0.));
#6885=DIRECTION('ref_axis',(0.,0.,1.));
#6886=DIRECTION('center_axis',(-1.,0.,0.));
#6887=DIRECTION('ref_axis',(0.,0.,-1.));
#6888=DIRECTION('',(-1.,0.,0.));
#6889=DIRECTION('center_axis',(1.,0.,5.78241158658936E-16));
#6890=DIRECTION('ref_axis',(-5.78241158658936E-16,0.,1.));
#6891=DIRECTION('center_axis',(-1.,0.,0.));
#6892=DIRECTION('ref_axis',(0.,0.,1.));
#6893=DIRECTION('center_axis',(1.,0.,0.));
#6894=DIRECTION('ref_axis',(0.,0.,-1.));
#6895=DIRECTION('center_axis',(-1.,0.,0.));
#6896=DIRECTION('ref_axis',(0.,0.,1.));
#6897=DIRECTION('center_axis',(1.,0.,0.));
#6898=DIRECTION('ref_axis',(0.,0.,-1.));
#6899=DIRECTION('center_axis',(1.,0.,0.));
#6900=DIRECTION('ref_axis',(0.,0.,-1.));
#6901=DIRECTION('center_axis',(1.,0.,0.));
#6902=DIRECTION('ref_axis',(0.,0.,-1.));
#6903=DIRECTION('',(1.,0.,0.));
#6904=DIRECTION('center_axis',(1.,0.,0.));
#6905=DIRECTION('ref_axis',(0.,0.,-1.));
#6906=DIRECTION('center_axis',(1.,0.,0.));
#6907=DIRECTION('ref_axis',(0.,0.164398987305356,0.986393923832144));
#6908=DIRECTION('center_axis',(-1.,0.,0.));
#6909=DIRECTION('ref_axis',(0.,0.,-1.));
#6910=DIRECTION('center_axis',(-1.,0.,0.));
#6911=DIRECTION('ref_axis',(0.,0.,-1.));
#6912=DIRECTION('center_axis',(1.,0.,0.));
#6913=DIRECTION('ref_axis',(0.,0.,-1.));
#6914=DIRECTION('center_axis',(1.,0.,0.));
#6915=DIRECTION('ref_axis',(0.,0.,-1.));
#6916=DIRECTION('center_axis',(-1.,0.,0.));
#6917=DIRECTION('ref_axis',(0.,0.,1.));
#6918=DIRECTION('center_axis',(1.,0.,0.));
#6919=DIRECTION('ref_axis',(0.,0.,-1.));
#6920=DIRECTION('center_axis',(1.,0.,0.));
#6921=DIRECTION('ref_axis',(0.,0.,-1.));
#6922=DIRECTION('center_axis',(-1.,0.,0.));
#6923=DIRECTION('ref_axis',(0.,0.,-1.));
#6924=DIRECTION('center_axis',(-1.,0.,0.));
#6925=DIRECTION('ref_axis',(0.,0.,-1.));
#6926=DIRECTION('center_axis',(1.,0.,0.));
#6927=DIRECTION('ref_axis',(0.,0.,-1.));
#6928=DIRECTION('center_axis',(-1.,0.,0.));
#6929=DIRECTION('ref_axis',(0.,0.,1.));
#6930=DIRECTION('center_axis',(-1.,0.,0.));
#6931=DIRECTION('ref_axis',(0.,0.,1.));
#6932=DIRECTION('center_axis',(1.,0.,0.));
#6933=DIRECTION('ref_axis',(0.,0.,1.));
#6934=DIRECTION('center_axis',(1.,0.,0.));
#6935=DIRECTION('ref_axis',(0.,0.,1.));
#6936=DIRECTION('center_axis',(-1.,0.,0.));
#6937=DIRECTION('ref_axis',(0.,0.,1.));
#6938=DIRECTION('center_axis',(-1.,0.,0.));
#6939=DIRECTION('ref_axis',(0.,0.,1.));
#6940=DIRECTION('',(-1.,0.,0.));
#6941=DIRECTION('center_axis',(-1.,0.,0.));
#6942=DIRECTION('ref_axis',(0.,0.,1.));
#6943=DIRECTION('center_axis',(-1.,0.,0.));
#6944=DIRECTION('ref_axis',(0.,0.164398987305356,-0.986393923832144));
#6945=DIRECTION('center_axis',(1.,0.,0.));
#6946=DIRECTION('ref_axis',(0.,0.,1.));
#6947=DIRECTION('center_axis',(1.,0.,0.));
#6948=DIRECTION('ref_axis',(0.,0.,1.));
#6949=DIRECTION('center_axis',(-1.,0.,0.));
#6950=DIRECTION('ref_axis',(0.,0.,1.));
#6951=DIRECTION('center_axis',(-1.,0.,0.));
#6952=DIRECTION('ref_axis',(0.,0.,1.));
#6953=DIRECTION('center_axis',(0.,0.272262838072958,-0.962222919600473));
#6954=DIRECTION('ref_axis',(0.,0.962222919600473,0.272262838072958));
#6955=DIRECTION('',(1.,0.,0.));
#6956=DIRECTION('center_axis',(0.,0.0805705108654219,-0.996748911601555));
#6957=DIRECTION('ref_axis',(0.,0.996748911601555,0.0805705108654219));
#6958=DIRECTION('center_axis',(0.,0.0805705108654373,0.996748911601554));
#6959=DIRECTION('ref_axis',(0.,-0.996748911601554,0.0805705108654373));
#6960=DIRECTION('',(1.,0.,0.));
#6961=DIRECTION('center_axis',(0.,0.27226283807296,0.962222919600472));
#6962=DIRECTION('ref_axis',(0.,-0.962222919600472,0.27226283807296));
#6963=DIRECTION('center_axis',(0.,1.,1.020425574104E-16));
#6964=DIRECTION('ref_axis',(0.,-1.020425574104E-16,1.));
#6965=DIRECTION('',(1.,0.,0.));
#6966=DIRECTION('',(0.,0.,-1.));
#6967=DIRECTION('',(-1.,0.,0.));
#6968=DIRECTION('',(-1.,0.,0.));
#6969=DIRECTION('',(0.,0.,-1.));
#6970=DIRECTION('',(1.,0.,0.));
#6971=DIRECTION('center_axis',(0.,-0.272262838072958,0.962222919600473));
#6972=DIRECTION('ref_axis',(0.,-0.962222919600473,-0.272262838072958));
#6973=DIRECTION('',(-1.,0.,0.));
#6974=DIRECTION('center_axis',(0.,-0.27226283807296,-0.962222919600472));
#6975=DIRECTION('ref_axis',(0.,0.962222919600472,-0.27226283807296));
#6976=DIRECTION('',(-1.,0.,0.));
#6977=DIRECTION('center_axis',(0.,-0.0805705108654373,-0.996748911601554));
#6978=DIRECTION('ref_axis',(0.,0.996748911601554,-0.0805705108654373));
#6979=DIRECTION('center_axis',(0.,-0.0805705108654219,0.996748911601555));
#6980=DIRECTION('ref_axis',(0.,-0.996748911601555,-0.0805705108654219));
#6981=DIRECTION('center_axis',(0.,0.,-1.));
#6982=DIRECTION('ref_axis',(-1.,0.,0.));
#6983=DIRECTION('',(0.,1.,0.));
#6984=DIRECTION('center_axis',(0.,-1.,0.));
#6985=DIRECTION('ref_axis',(0.,0.,-1.));
#6986=DIRECTION('',(-1.,0.,0.));
#6987=DIRECTION('',(0.,0.,-1.));
#6988=DIRECTION('',(1.,0.,0.));
#6989=DIRECTION('center_axis',(0.,0.,1.));
#6990=DIRECTION('ref_axis',(1.,0.,0.));
#6991=DIRECTION('',(1.,0.,0.));
#6992=DIRECTION('center_axis',(0.,1.,0.));
#6993=DIRECTION('ref_axis',(0.,0.,1.));
#6994=DIRECTION('',(0.,0.,1.));
#6995=DIRECTION('',(1.,0.,0.));
#6996=DIRECTION('center_axis',(-1.,0.,0.));
#6997=DIRECTION('ref_axis',(0.,0.,1.));
#6998=DIRECTION('',(0.,1.,0.));
#6999=DIRECTION('center_axis',(0.,0.,-1.));
#7000=DIRECTION('ref_axis',(-1.,0.,0.));
#7001=DIRECTION('',(1.,0.,0.));
#7002=DIRECTION('',(0.,1.,0.));
#7003=DIRECTION('',(1.,0.,0.));
#7004=DIRECTION('center_axis',(0.,-1.,0.));
#7005=DIRECTION('ref_axis',(0.,0.,-1.));
#7006=DIRECTION('',(0.,0.,-1.));
#7007=DIRECTION('',(1.,0.,0.));
#7008=DIRECTION('',(0.,0.,-1.));
#7009=DIRECTION('center_axis',(0.,0.,1.));
#7010=DIRECTION('ref_axis',(1.,0.,0.));
#7011=DIRECTION('center_axis',(0.,1.,0.));
#7012=DIRECTION('ref_axis',(0.,0.,1.));
#7013=DIRECTION('',(-1.,0.,0.));
#7014=DIRECTION('',(0.,0.,1.));
#7015=DIRECTION('',(0.,0.,1.));
#7016=DIRECTION('center_axis',(-1.,0.,0.));
#7017=DIRECTION('ref_axis',(0.,0.,1.));
#7018=DIRECTION('',(0.,1.,0.));
#7019=DIRECTION('center_axis',(0.,0.,1.));
#7020=DIRECTION('ref_axis',(1.,0.,0.));
#7021=DIRECTION('center_axis',(0.,0.,-1.));
#7022=DIRECTION('ref_axis',(-1.,0.,0.));
#7023=DIRECTION('center_axis',(0.,0.,1.));
#7024=DIRECTION('ref_axis',(1.,0.,0.));
#7025=DIRECTION('center_axis',(0.,0.,-1.));
#7026=DIRECTION('ref_axis',(-1.,0.,0.));
#7027=DIRECTION('center_axis',(-1.,0.,0.));
#7028=DIRECTION('ref_axis',(0.,0.,1.));
#7029=DIRECTION('',(0.,-1.,0.));
#7030=DIRECTION('',(0.,-1.,0.));
#7031=DIRECTION('center_axis',(-1.,0.,0.));
#7032=DIRECTION('ref_axis',(0.,0.,1.));
#7033=DIRECTION('',(0.,-1.,0.));
#7034=DIRECTION('',(0.,1.,0.));
#7035=DIRECTION('',(0.,0.,-1.));
#7036=DIRECTION('center_axis',(0.,0.,1.));
#7037=DIRECTION('ref_axis',(1.,0.,0.));
#7038=DIRECTION('',(-1.,0.,0.));
#7039=DIRECTION('',(0.,-1.,0.));
#7040=DIRECTION('',(-1.,0.,0.));
#7041=DIRECTION('center_axis',(0.,-1.,8.67361737988404E-17));
#7042=DIRECTION('ref_axis',(0.,-8.67361737988404E-17,-1.));
#7043=DIRECTION('',(0.,-8.67361737988404E-17,-1.));
#7044=DIRECTION('',(-1.,0.,0.));
#7045=DIRECTION('center_axis',(0.,0.,-1.));
#7046=DIRECTION('ref_axis',(-1.,0.,0.));
#7047=DIRECTION('',(0.,1.,0.));
#7048=DIRECTION('',(-1.,0.,0.));
#7049=DIRECTION('center_axis',(0.,-1.,0.));
#7050=DIRECTION('ref_axis',(0.,0.,-1.));
#7051=DIRECTION('',(0.,0.,1.));
#7052=DIRECTION('',(-1.,0.,0.));
#7053=DIRECTION('center_axis',(0.,0.,-1.));
#7054=DIRECTION('ref_axis',(-1.,0.,0.));
#7055=DIRECTION('',(0.,1.,0.));
#7056=DIRECTION('',(-1.,0.,0.));
#7057=DIRECTION('center_axis',(0.,0.,1.));
#7058=DIRECTION('ref_axis',(1.,0.,0.));
#7059=DIRECTION('',(1.,0.,0.));
#7060=DIRECTION('',(0.,1.,0.));
#7061=DIRECTION('',(-1.,0.,0.));
#7062=DIRECTION('center_axis',(0.,-1.,0.));
#7063=DIRECTION('ref_axis',(0.,0.,-1.));
#7064=DIRECTION('',(0.,0.,-1.));
#7065=DIRECTION('center_axis',(1.,0.,0.));
#7066=DIRECTION('ref_axis',(0.,0.,-1.));
#7067=DIRECTION('',(0.,-1.,0.));
#7068=DIRECTION('',(0.,1.,0.));
#7069=DIRECTION('center_axis',(0.,0.,1.));
#7070=DIRECTION('ref_axis',(1.,0.,0.));
#7071=DIRECTION('',(-1.,0.,0.));
#7072=DIRECTION('',(0.,-1.,0.));
#7073=DIRECTION('',(-1.,0.,0.));
#7074=DIRECTION('center_axis',(0.,-1.,-8.67361737988404E-17));
#7075=DIRECTION('ref_axis',(0.,8.67361737988404E-17,-1.));
#7076=DIRECTION('',(0.,8.67361737988404E-17,-1.));
#7077=DIRECTION('',(-1.,0.,0.));
#7078=DIRECTION('center_axis',(0.,0.,-1.));
#7079=DIRECTION('ref_axis',(-1.,0.,0.));
#7080=DIRECTION('',(0.,1.,0.));
#7081=DIRECTION('',(-1.,0.,0.));
#7082=DIRECTION('center_axis',(0.,-1.,0.));
#7083=DIRECTION('ref_axis',(0.,0.,-1.));
#7084=DIRECTION('',(0.,0.,1.));
#7085=DIRECTION('',(-1.,0.,0.));
#7086=DIRECTION('center_axis',(0.,0.,-1.));
#7087=DIRECTION('ref_axis',(-1.,0.,0.));
#7088=DIRECTION('',(0.,1.,0.));
#7089=DIRECTION('',(-1.,0.,0.));
#7090=DIRECTION('center_axis',(0.,0.,1.));
#7091=DIRECTION('ref_axis',(1.,0.,0.));
#7092=DIRECTION('',(0.,1.,0.));
#7093=DIRECTION('',(1.,0.,0.));
#7094=DIRECTION('',(0.,1.,0.));
#7095=DIRECTION('',(-1.,0.,0.));
#7096=DIRECTION('center_axis',(0.,-1.,0.));
#7097=DIRECTION('ref_axis',(0.,0.,-1.));
#7098=DIRECTION('',(0.,0.,-1.));
#7099=DIRECTION('center_axis',(1.,0.,0.));
#7100=DIRECTION('ref_axis',(0.,0.,-1.));
#7101=DIRECTION('',(0.,-1.,0.));
#7102=DIRECTION('',(0.,0.,-1.));
#7103=DIRECTION('center_axis',(-1.,0.,0.));
#7104=DIRECTION('ref_axis',(0.,0.,1.));
#7105=DIRECTION('',(0.,0.,1.));
#7106=DIRECTION('center_axis',(0.,-1.,0.));
#7107=DIRECTION('ref_axis',(0.,0.,-1.));
#7108=DIRECTION('',(0.,0.,-1.));
#7109=DIRECTION('',(1.,0.,0.));
#7110=DIRECTION('',(-1.,0.,0.));
#7111=DIRECTION('center_axis',(-1.,0.,0.));
#7112=DIRECTION('ref_axis',(0.,0.,1.));
#7113=DIRECTION('',(0.,0.,1.));
#7114=DIRECTION('center_axis',(0.,1.,0.));
#7115=DIRECTION('ref_axis',(0.,0.,1.));
#7116=DIRECTION('',(1.,0.,0.));
#7117=DIRECTION('',(0.,0.,-1.));
#7118=DIRECTION('',(-1.,0.,0.));
#7119=DIRECTION('center_axis',(1.,0.,0.));
#7120=DIRECTION('ref_axis',(0.,0.,-1.));
#7121=DIRECTION('',(0.,-1.,1.15648231731787E-16));
#7122=DIRECTION('',(0.,1.,0.));
#7123=DIRECTION('center_axis',(0.,0.,-1.));
#7124=DIRECTION('ref_axis',(-1.,0.,0.));
#7125=DIRECTION('center_axis',(0.,1.15648231731787E-16,1.));
#7126=DIRECTION('ref_axis',(0.,-1.,1.15648231731787E-16));
#7127=DIRECTION('center_axis',(-1.,0.,0.));
#7128=DIRECTION('ref_axis',(0.,0.,1.));
#7129=DIRECTION('',(0.,-1.,0.));
#7130=DIRECTION('',(0.,1.,1.15648231731787E-16));
#7131=DIRECTION('center_axis',(0.,0.,1.));
#7132=DIRECTION('ref_axis',(1.,0.,0.));
#7133=DIRECTION('center_axis',(0.,1.15648231731787E-16,-1.));
#7134=DIRECTION('ref_axis',(0.,1.,1.15648231731787E-16));
#7135=DIRECTION('center_axis',(0.,0.,1.));
#7136=DIRECTION('ref_axis',(1.,0.,0.));
#7137=DIRECTION('center_axis',(0.,1.15648231731787E-16,-1.));
#7138=DIRECTION('ref_axis',(0.,1.,1.15648231731787E-16));
#7139=DIRECTION('center_axis',(0.,0.,-1.));
#7140=DIRECTION('ref_axis',(-1.,0.,0.));
#7141=DIRECTION('center_axis',(0.,1.15648231731787E-16,1.));
#7142=DIRECTION('ref_axis',(0.,-1.,1.15648231731787E-16));
#7143=DIRECTION('center_axis',(0.,0.,-1.));
#7144=DIRECTION('ref_axis',(-1.,0.,0.));
#7145=DIRECTION('',(0.,1.,0.));
#7146=DIRECTION('center_axis',(0.,0.,1.));
#7147=DIRECTION('ref_axis',(1.,0.,0.));
#7148=DIRECTION('',(0.,1.,0.));
#7149=DIRECTION('center_axis',(0.,0.,-1.));
#7150=DIRECTION('ref_axis',(-1.,0.,0.));
#7151=DIRECTION('',(0.,1.,0.));
#7152=DIRECTION('center_axis',(0.,0.,1.));
#7153=DIRECTION('ref_axis',(1.,0.,0.));
#7154=DIRECTION('',(0.,1.,0.));
#7155=DIRECTION('center_axis',(-1.,0.,0.));
#7156=DIRECTION('ref_axis',(0.,0.,1.));
#7157=DIRECTION('center_axis',(-1.,0.,0.));
#7158=DIRECTION('ref_axis',(0.,0.,1.));
#7159=DIRECTION('center_axis',(-1.,0.,0.));
#7160=DIRECTION('ref_axis',(0.,0.,-1.));
#7161=DIRECTION('',(0.,1.,0.));
#7162=DIRECTION('',(0.,-1.,1.15648231731787E-16));
#7163=DIRECTION('center_axis',(0.,0.,1.));
#7164=DIRECTION('ref_axis',(1.,0.,0.));
#7165=DIRECTION('center_axis',(0.,-1.15648231731787E-16,-1.));
#7166=DIRECTION('ref_axis',(0.,1.,-1.15648231731787E-16));
#7167=DIRECTION('center_axis',(1.,0.,0.));
#7168=DIRECTION('ref_axis',(0.,0.,1.));
#7169=DIRECTION('',(0.,1.,1.15648231731787E-16));
#7170=DIRECTION('',(0.,-1.,0.));
#7171=DIRECTION('center_axis',(0.,0.,-1.));
#7172=DIRECTION('ref_axis',(-1.,0.,0.));
#7173=DIRECTION('center_axis',(0.,-1.15648231731787E-16,1.));
#7174=DIRECTION('ref_axis',(0.,-1.,-1.15648231731787E-16));
#7175=DIRECTION('center_axis',(0.,0.,-1.));
#7176=DIRECTION('ref_axis',(-1.,0.,0.));
#7177=DIRECTION('center_axis',(0.,-1.15648231731787E-16,1.));
#7178=DIRECTION('ref_axis',(0.,-1.,-1.15648231731787E-16));
#7179=DIRECTION('center_axis',(0.,0.,1.));
#7180=DIRECTION('ref_axis',(1.,0.,0.));
#7181=DIRECTION('center_axis',(0.,-1.15648231731787E-16,-1.));
#7182=DIRECTION('ref_axis',(0.,1.,-1.15648231731787E-16));
#7183=DIRECTION('center_axis',(1.,0.,2.89120579329468E-16));
#7184=DIRECTION('ref_axis',(2.89120579329468E-16,0.,-1.));
#7185=DIRECTION('',(-2.89120579329468E-16,0.,1.));
#7186=DIRECTION('',(0.,-1.,0.));
#7187=DIRECTION('center_axis',(-1.,0.,-2.89120579329468E-16));
#7188=DIRECTION('ref_axis',(-2.89120579329468E-16,0.,1.));
#7189=DIRECTION('',(0.,-1.,0.));
#7190=DIRECTION('',(2.89120579329468E-16,0.,-1.));
#7191=DIRECTION('center_axis',(0.,1.,0.));
#7192=DIRECTION('ref_axis',(0.,0.,1.));
#7193=DIRECTION('',(1.,0.,0.));
#7194=DIRECTION('center_axis',(0.,0.,-1.));
#7195=DIRECTION('ref_axis',(-1.,0.,0.));
#7196=DIRECTION('center_axis',(-1.,0.,2.89120579329468E-16));
#7197=DIRECTION('ref_axis',(2.89120579329468E-16,0.,1.));
#7198=DIRECTION('',(0.,-1.,0.));
#7199=DIRECTION('',(-2.89120579329468E-16,0.,-1.));
#7200=DIRECTION('center_axis',(1.,0.,-2.89120579329468E-16));
#7201=DIRECTION('ref_axis',(-2.89120579329468E-16,0.,-1.));
#7202=DIRECTION('',(2.89120579329468E-16,0.,1.));
#7203=DIRECTION('',(0.,-1.,0.));
#7204=DIRECTION('center_axis',(0.,1.,0.));
#7205=DIRECTION('ref_axis',(0.,0.,-1.));
#7206=DIRECTION('',(1.,0.,0.));
#7207=DIRECTION('center_axis',(0.,0.,-1.));
#7208=DIRECTION('ref_axis',(-1.,0.,0.));
#7209=DIRECTION('center_axis',(1.,0.,0.));
#7210=DIRECTION('ref_axis',(0.,0.,-1.));
#7211=DIRECTION('',(0.,1.,0.));
#7212=DIRECTION('',(0.,0.,-1.));
#7213=DIRECTION('',(0.,1.,0.));
#7214=DIRECTION('center_axis',(-1.33440267382831E-16,0.,1.));
#7215=DIRECTION('ref_axis',(1.,0.,1.33440267382831E-16));
#7216=DIRECTION('',(1.,0.,1.33440267382831E-16));
#7217=DIRECTION('',(0.,1.,0.));
#7218=DIRECTION('center_axis',(-1.,0.,-5.78241158658936E-16));
#7219=DIRECTION('ref_axis',(-5.78241158658936E-16,0.,1.));
#7220=DIRECTION('',(-5.78241158658936E-16,0.,1.));
#7221=DIRECTION('',(0.,1.,0.));
#7222=DIRECTION('center_axis',(2.00160401074247E-16,0.,-1.));
#7223=DIRECTION('ref_axis',(-1.,0.,-2.00160401074247E-16));
#7224=DIRECTION('',(-1.,0.,-2.00160401074247E-16));
#7225=DIRECTION('center_axis',(0.,-1.,0.));
#7226=DIRECTION('ref_axis',(0.,0.,-1.));
#7227=DIRECTION('center_axis',(1.,0.,-5.78241158658936E-16));
#7228=DIRECTION('ref_axis',(-5.78241158658936E-16,0.,-1.));
#7229=DIRECTION('',(0.,1.,0.));
#7230=DIRECTION('',(-5.78241158658936E-16,0.,-1.));
#7231=DIRECTION('',(0.,1.,0.));
#7232=DIRECTION('center_axis',(1.33440267382831E-16,0.,1.));
#7233=DIRECTION('ref_axis',(1.,0.,-1.33440267382831E-16));
#7234=DIRECTION('',(1.,0.,-1.33440267382831E-16));
#7235=DIRECTION('',(0.,1.,0.));
#7236=DIRECTION('center_axis',(-1.,0.,0.));
#7237=DIRECTION('ref_axis',(0.,0.,1.));
#7238=DIRECTION('',(0.,0.,1.));
#7239=DIRECTION('',(0.,1.,0.));
#7240=DIRECTION('center_axis',(-2.00160401074247E-16,0.,-1.));
#7241=DIRECTION('ref_axis',(-1.,0.,2.00160401074247E-16));
#7242=DIRECTION('',(-1.,0.,2.00160401074247E-16));
#7243=DIRECTION('center_axis',(0.,1.,0.));
#7244=DIRECTION('ref_axis',(0.,0.,1.));
#7245=DIRECTION('axis',(0.,0.,1.));
#7246=DIRECTION('refdir',(1.,0.,0.));
#7247=DIRECTION('center_axis',(0.,0.,-1.));
#7248=DIRECTION('ref_axis',(-1.,0.,0.));
#7249=DIRECTION('center_axis',(0.,0.,1.));
#7250=DIRECTION('ref_axis',(1.,0.,0.));
#7251=DIRECTION('',(0.,0.,-1.));
#7252=DIRECTION('center_axis',(0.,0.,1.));
#7253=DIRECTION('ref_axis',(1.,0.,0.));
#7254=DIRECTION('',(0.,0.,-1.));
#7255=DIRECTION('center_axis',(0.,1.,0.));
#7256=DIRECTION('ref_axis',(0.,0.,1.));
#7257=DIRECTION('center_axis',(0.,1.,0.));
#7258=DIRECTION('ref_axis',(0.,0.,-1.));
#7259=DIRECTION('',(0.,1.,0.));
#7260=DIRECTION('center_axis',(0.,1.,0.));
#7261=DIRECTION('ref_axis',(0.,0.,1.));
#7262=DIRECTION('center_axis',(1.,0.,0.));
#7263=DIRECTION('ref_axis',(0.,0.,-1.));
#7264=DIRECTION('',(0.,-1.,1.44560289664734E-16));
#7265=DIRECTION('',(0.,0.,1.));
#7266=DIRECTION('',(0.,1.,0.));
#7267=DIRECTION('',(0.,0.,-1.));
#7268=DIRECTION('',(0.,-1.,0.));
#7269=DIRECTION('',(0.,0.,1.));
#7270=DIRECTION('',(0.,-1.,0.));
#7271=DIRECTION('',(0.,0.,1.));
#7272=DIRECTION('',(0.,-1.,0.));
#7273=DIRECTION('',(0.,0.,1.));
#7274=DIRECTION('',(3.46944695195361E-15,-1.,0.));
#7275=DIRECTION('',(0.,0.,1.));
#7276=DIRECTION('',(0.,-1.,0.));
#7277=DIRECTION('',(0.,0.,-1.));
#7278=DIRECTION('',(0.,-1.,0.));
#7279=DIRECTION('',(3.46944695195361E-15,-1.,0.));
#7280=DIRECTION('',(0.,-1.,0.));
#7281=DIRECTION('',(0.,0.,-1.));
#7282=DIRECTION('',(0.,-1.,0.));
#7283=DIRECTION('',(0.,0.,-1.));
#7284=DIRECTION('',(0.,-1.,0.));
#7285=DIRECTION('',(0.,0.,1.));
#7286=DIRECTION('center_axis',(0.,0.,-1.));
#7287=DIRECTION('ref_axis',(1.,0.,0.));
#7288=DIRECTION('',(0.,1.,0.));
#7289=DIRECTION('',(-0.384615384615384,-0.923076923076923,0.));
#7290=DIRECTION('',(-1.,0.,0.));
#7291=DIRECTION('center_axis',(-1.,0.,0.));
#7292=DIRECTION('ref_axis',(0.,0.,1.));
#7293=DIRECTION('',(0.,-1.,0.));
#7294=DIRECTION('',(0.,0.,-1.));
#7295=DIRECTION('',(0.,1.,-1.44560289664734E-16));
#7296=DIRECTION('',(0.,0.,-1.));
#7297=DIRECTION('',(0.,1.,0.));
#7298=DIRECTION('',(0.,0.,-1.));
#7299=DIRECTION('',(0.,1.,0.));
#7300=DIRECTION('',(0.,0.,-1.));
#7301=DIRECTION('',(0.,1.,0.));
#7302=DIRECTION('',(0.,0.,-1.));
#7303=DIRECTION('',(0.,1.,0.));
#7304=DIRECTION('',(0.,0.,1.));
#7305=DIRECTION('',(0.,1.,0.));
#7306=DIRECTION('',(0.,1.,0.));
#7307=DIRECTION('',(0.,0.,1.));
#7308=DIRECTION('',(0.,1.,0.));
#7309=DIRECTION('',(0.,0.,1.));
#7310=DIRECTION('center_axis',(0.,0.,-1.));
#7311=DIRECTION('ref_axis',(-1.,0.,0.));
#7312=DIRECTION('',(-0.384615384615384,-0.923076923076923,0.));
#7313=DIRECTION('',(0.,-1.,0.));
#7314=DIRECTION('',(-1.,0.,0.));
#7315=DIRECTION('',(0.,1.,0.));
#7316=DIRECTION('',(0.384615384615384,0.923076923076923,0.));
#7317=DIRECTION('',(1.,0.,0.));
#7318=DIRECTION('center_axis',(0.,0.,-1.));
#7319=DIRECTION('ref_axis',(-1.,0.,0.));
#7320=DIRECTION('',(-1.,0.,0.));
#7321=DIRECTION('',(0.432120180430553,0.901816028724632,0.));
#7322=DIRECTION('center_axis',(0.,0.,-1.));
#7323=DIRECTION('ref_axis',(-1.,0.,0.));
#7324=DIRECTION('',(0.,1.,0.));
#7325=DIRECTION('',(1.,0.,0.));
#7326=DIRECTION('',(-1.49651141123156E-15,-1.,0.));
#7327=DIRECTION('center_axis',(0.,0.,1.));
#7328=DIRECTION('ref_axis',(-1.,0.,0.));
#7329=DIRECTION('',(-0.432120180430553,-0.901816028724632,0.));
#7330=DIRECTION('center_axis',(0.,0.,-1.));
#7331=DIRECTION('ref_axis',(-1.,0.,0.));
#7332=DIRECTION('center_axis',(0.,0.,1.));
#7333=DIRECTION('ref_axis',(1.,0.,0.));
#7334=DIRECTION('',(-1.,0.,0.));
#7335=DIRECTION('',(-0.432120180430553,-0.901816028724632,0.));
#7336=DIRECTION('center_axis',(0.,0.,1.));
#7337=DIRECTION('ref_axis',(-1.,0.,0.));
#7338=DIRECTION('',(-1.49651141123156E-15,-1.,0.));
#7339=DIRECTION('',(1.,0.,0.));
#7340=DIRECTION('',(0.,1.,0.));
#7341=DIRECTION('center_axis',(0.,0.,-1.));
#7342=DIRECTION('ref_axis',(-1.,0.,0.));
#7343=DIRECTION('',(0.432120180430553,0.901816028724632,0.));
#7344=DIRECTION('center_axis',(0.,-1.,0.));
#7345=DIRECTION('ref_axis',(0.,0.,-1.));
#7346=DIRECTION('',(1.,0.,8.67361737988404E-17));
#7347=DIRECTION('',(0.,0.,-1.));
#7348=DIRECTION('',(-1.,0.,8.67361737988404E-17));
#7349=DIRECTION('',(1.04083408558608E-15,0.,1.));
#7350=DIRECTION('',(-1.,0.,0.));
#7351=DIRECTION('',(0.,0.,-1.));
#7352=DIRECTION('',(1.,0.,0.));
#7353=DIRECTION('',(-1.04083408558608E-15,0.,1.));
#7354=DIRECTION('center_axis',(1.,0.,-1.04083408558608E-15));
#7355=DIRECTION('ref_axis',(-1.04083408558608E-15,0.,-1.));
#7356=DIRECTION('',(0.,-1.,0.));
#7357=DIRECTION('',(1.04083408558608E-15,0.,1.));
#7358=DIRECTION('',(0.,-1.,0.));
#7359=DIRECTION('center_axis',(8.67361737988403E-17,0.,1.));
#7360=DIRECTION('ref_axis',(1.,0.,-8.67361737988404E-17));
#7361=DIRECTION('center_axis',(-8.67361737988403E-17,0.,-1.));
#7362=DIRECTION('ref_axis',(1.,0.,-8.67361737988404E-17));
#7363=DIRECTION('',(1.,0.,0.));
#7364=DIRECTION('center_axis',(8.67361737988403E-17,0.,1.));
#7365=DIRECTION('ref_axis',(1.,0.,-8.67361737988404E-17));
#7366=DIRECTION('',(-1.,0.,8.67361737988404E-17));
#7367=DIRECTION('center_axis',(8.67361737988403E-17,0.,-1.));
#7368=DIRECTION('ref_axis',(-1.,0.,-8.67361737988404E-17));
#7369=DIRECTION('center_axis',(-8.67361737988403E-17,0.,1.));
#7370=DIRECTION('ref_axis',(-1.,0.,-8.67361737988403E-17));
#7371=DIRECTION('',(0.,-1.,0.));
#7372=DIRECTION('',(1.,0.,8.67361737988404E-17));
#7373=DIRECTION('center_axis',(8.67361737988403E-17,0.,-1.));
#7374=DIRECTION('ref_axis',(-1.,0.,-8.67361737988403E-17));
#7375=DIRECTION('',(1.,0.,0.));
#7376=DIRECTION('center_axis',(1.,0.,1.04083408558608E-15));
#7377=DIRECTION('ref_axis',(1.04083408558608E-15,0.,-1.));
#7378=DIRECTION('',(0.,-1.,0.));
#7379=DIRECTION('',(-1.04083408558608E-15,0.,1.));
#7380=DIRECTION('center_axis',(0.,0.,-1.));
#7381=DIRECTION('ref_axis',(-1.,0.,0.));
#7382=DIRECTION('',(0.,-1.,0.));
#7383=DIRECTION('',(1.,0.,0.));
#7384=DIRECTION('center_axis',(-1.,0.,0.));
#7385=DIRECTION('ref_axis',(0.,0.,1.));
#7386=DIRECTION('',(0.,-1.,0.));
#7387=DIRECTION('',(0.,0.,-1.));
#7388=DIRECTION('center_axis',(0.,0.,1.));
#7389=DIRECTION('ref_axis',(1.,0.,0.));
#7390=DIRECTION('',(-1.,0.,0.));
#7391=DIRECTION('center_axis',(0.,-1.,0.));
#7392=DIRECTION('ref_axis',(0.,0.,-1.));
#7393=DIRECTION('',(0.,0.,1.));
#7394=DIRECTION('center_axis',(0.,0.,-1.));
#7395=DIRECTION('ref_axis',(-1.,0.,0.));
#7396=DIRECTION('',(0.384615384615384,0.923076923076923,0.));
#7397=DIRECTION('',(0.,1.,0.));
#7398=DIRECTION('',(-1.,0.,0.));
#7399=DIRECTION('',(0.,-1.,0.));
#7400=DIRECTION('',(-0.384615384615384,-0.923076923076923,0.));
#7401=DIRECTION('',(1.,0.,0.));
#7402=DIRECTION('',(0.,0.,-1.));
#7403=DIRECTION('center_axis',(0.901816028724632,-0.432120180430553,0.));
#7404=DIRECTION('ref_axis',(0.432120180430553,0.901816028724632,0.));
#7405=DIRECTION('',(0.,0.,-1.));
#7406=DIRECTION('center_axis',(0.,0.,-1.));
#7407=DIRECTION('ref_axis',(-1.,0.,0.));
#7408=DIRECTION('',(0.,0.,-1.));
#7409=DIRECTION('center_axis',(1.,-1.49651141123156E-15,0.));
#7410=DIRECTION('ref_axis',(1.49651141123156E-15,1.,0.));
#7411=DIRECTION('',(0.,0.,-1.));
#7412=DIRECTION('center_axis',(0.,1.,0.));
#7413=DIRECTION('ref_axis',(0.,0.,1.));
#7414=DIRECTION('',(0.,0.,-1.));
#7415=DIRECTION('center_axis',(-1.,0.,0.));
#7416=DIRECTION('ref_axis',(0.,0.,1.));
#7417=DIRECTION('',(0.,0.,-1.));
#7418=DIRECTION('center_axis',(0.,0.,-1.));
#7419=DIRECTION('ref_axis',(-1.,0.,0.));
#7420=DIRECTION('',(0.,0.,-1.));
#7421=DIRECTION('center_axis',(-0.901816028724632,0.432120180430553,0.));
#7422=DIRECTION('ref_axis',(-0.432120180430554,-0.901816028724632,0.));
#7423=DIRECTION('',(0.,0.,-1.));
#7424=DIRECTION('center_axis',(0.,-1.,0.));
#7425=DIRECTION('ref_axis',(0.,0.,-1.));
#7426=DIRECTION('center_axis',(0.,1.,0.));
#7427=DIRECTION('ref_axis',(0.,0.,1.));
#7428=DIRECTION('center_axis',(0.,1.,0.));
#7429=DIRECTION('ref_axis',(0.,0.,1.));
#7430=DIRECTION('',(-1.,0.,0.));
#7431=DIRECTION('center_axis',(0.,0.,1.));
#7432=DIRECTION('ref_axis',(1.,0.,0.));
#7433=DIRECTION('',(-0.384615384615384,-0.923076923076923,0.));
#7434=DIRECTION('center_axis',(0.,-1.,0.));
#7435=DIRECTION('ref_axis',(0.,0.,-1.));
#7436=DIRECTION('center_axis',(0.,0.,1.));
#7437=DIRECTION('ref_axis',(1.,0.,0.));
#7438=DIRECTION('',(0.384615384615384,0.923076923076923,0.));
#7439=DIRECTION('',(-0.384615384615384,-0.923076923076923,0.));
#7440=DIRECTION('',(0.,-1.,0.));
#7441=DIRECTION('',(-1.,0.,0.));
#7442=DIRECTION('',(0.,1.,0.));
#7443=DIRECTION('center_axis',(-0.923076923076923,0.384615384615384,0.));
#7444=DIRECTION('ref_axis',(-0.384615384615384,-0.923076923076923,0.));
#7445=DIRECTION('',(0.,0.,1.));
#7446=DIRECTION('center_axis',(-1.,0.,0.));
#7447=DIRECTION('ref_axis',(0.,0.,1.));
#7448=DIRECTION('',(0.,0.,1.));
#7449=DIRECTION('center_axis',(0.,1.,0.));
#7450=DIRECTION('ref_axis',(0.,0.,1.));
#7451=DIRECTION('',(0.,0.,1.));
#7452=DIRECTION('center_axis',(1.,0.,0.));
#7453=DIRECTION('ref_axis',(0.,0.,-1.));
#7454=DIRECTION('',(0.,0.,1.));
#7455=DIRECTION('center_axis',(0.923076923076923,-0.384615384615384,0.));
#7456=DIRECTION('ref_axis',(0.384615384615384,0.923076923076923,0.));
#7457=DIRECTION('center_axis',(0.,0.,-1.));
#7458=DIRECTION('ref_axis',(1.,0.,0.));
#7459=DIRECTION('',(-0.384615384615384,-0.923076923076923,0.));
#7460=DIRECTION('',(0.384615384615384,0.923076923076923,0.));
#7461=DIRECTION('',(0.,1.,0.));
#7462=DIRECTION('',(-1.,0.,0.));
#7463=DIRECTION('',(0.,-1.,0.));
#7464=DIRECTION('center_axis',(-0.923076923076923,0.384615384615384,0.));
#7465=DIRECTION('ref_axis',(-0.384615384615384,-0.923076923076923,0.));
#7466=DIRECTION('',(0.,0.,-1.));
#7467=DIRECTION('center_axis',(-1.,0.,0.));
#7468=DIRECTION('ref_axis',(0.,0.,1.));
#7469=DIRECTION('',(0.,0.,-1.));
#7470=DIRECTION('center_axis',(0.,-1.,0.));
#7471=DIRECTION('ref_axis',(0.,0.,-1.));
#7472=DIRECTION('',(0.,0.,-1.));
#7473=DIRECTION('center_axis',(1.,0.,0.));
#7474=DIRECTION('ref_axis',(0.,0.,-1.));
#7475=DIRECTION('',(0.,0.,-1.));
#7476=DIRECTION('center_axis',(0.923076923076923,-0.384615384615384,0.));
#7477=DIRECTION('ref_axis',(0.384615384615384,0.923076923076923,0.));
#7478=DIRECTION('center_axis',(0.,0.,1.));
#7479=DIRECTION('ref_axis',(-1.,-2.54207057918564E-15,0.));
#7480=DIRECTION('center_axis',(0.,0.,1.));
#7481=DIRECTION('ref_axis',(1.,0.,0.));
#7482=DIRECTION('center_axis',(0.,0.,1.));
#7483=DIRECTION('ref_axis',(1.,0.,0.));
#7484=DIRECTION('center_axis',(0.,0.,-1.));
#7485=DIRECTION('ref_axis',(1.,0.,0.));
#7486=DIRECTION('center_axis',(0.,0.,-1.));
#7487=DIRECTION('ref_axis',(-1.,0.,0.));
#7488=DIRECTION('center_axis',(0.,0.,1.));
#7489=DIRECTION('ref_axis',(1.,0.,0.));
#7490=DIRECTION('axis',(0.,0.,1.));
#7491=DIRECTION('refdir',(1.,0.,0.));
#7492=DIRECTION('center_axis',(0.,0.,1.));
#7493=DIRECTION('ref_axis',(1.,0.,0.));
#7494=DIRECTION('center_axis',(0.,0.,1.));
#7495=DIRECTION('ref_axis',(-1.,1.22464679914735E-16,0.));
#7496=DIRECTION('center_axis',(-1.22464679914735E-16,1.,0.));
#7497=DIRECTION('ref_axis',(-1.,-1.22464679914735E-16,0.));
#7498=DIRECTION('center_axis',(0.,0.,-1.));
#7499=DIRECTION('ref_axis',(-1.,1.22464679914735E-16,0.));
#7500=DIRECTION('center_axis',(0.,0.,1.));
#7501=DIRECTION('ref_axis',(1.,0.,0.));
#7502=DIRECTION('',(0.,0.,1.));
#7503=DIRECTION('center_axis',(0.,0.,1.));
#7504=DIRECTION('ref_axis',(-1.,1.22464679914735E-16,0.));
#7505=DIRECTION('center_axis',(0.,0.,-1.));
#7506=DIRECTION('ref_axis',(-1.,0.,0.));
#7507=DIRECTION('center_axis',(0.,0.,1.));
#7508=DIRECTION('ref_axis',(1.,0.,0.));
#7509=DIRECTION('center_axis',(0.,0.,1.));
#7510=DIRECTION('ref_axis',(1.,0.,0.));
#7511=DIRECTION('center_axis',(-1.22464679914735E-16,1.,0.));
#7512=DIRECTION('ref_axis',(-1.,-1.22464679914735E-16,0.));
#7513=DIRECTION('center_axis',(0.,0.,-1.));
#7514=DIRECTION('ref_axis',(-1.,1.22464679914735E-16,0.));
#7515=DIRECTION('center_axis',(0.,0.,1.));
#7516=DIRECTION('ref_axis',(1.,0.,0.));
#7517=DIRECTION('center_axis',(0.,0.,1.));
#7518=DIRECTION('ref_axis',(-1.,1.22464679914735E-16,0.));
#7519=DIRECTION('center_axis',(-1.22464679914735E-16,1.,0.));
#7520=DIRECTION('ref_axis',(-1.,-1.22464679914735E-16,0.));
#7521=DIRECTION('center_axis',(0.,0.,-1.));
#7522=DIRECTION('ref_axis',(-1.,1.22464679914735E-16,0.));
#7523=DIRECTION('center_axis',(0.,0.,1.));
#7524=DIRECTION('ref_axis',(1.,0.,0.));
#7525=DIRECTION('center_axis',(0.,0.,-1.));
#7526=DIRECTION('ref_axis',(-1.,1.22464679914735E-16,0.));
#7527=DIRECTION('',(0.,0.,1.));
#7528=DIRECTION('center_axis',(0.,0.,1.));
#7529=DIRECTION('ref_axis',(1.,0.,0.));
#7530=DIRECTION('center_axis',(0.,0.,-1.));
#7531=DIRECTION('ref_axis',(1.,0.,0.));
#7532=DIRECTION('center_axis',(0.,0.,1.));
#7533=DIRECTION('ref_axis',(1.,0.,0.));
#7534=DIRECTION('center_axis',(0.,0.,1.));
#7535=DIRECTION('ref_axis',(-1.,1.22464679914735E-16,0.));
#7536=DIRECTION('center_axis',(-1.22464679914735E-16,1.,0.));
#7537=DIRECTION('ref_axis',(-1.,-1.22464679914735E-16,0.));
#7538=DIRECTION('center_axis',(0.,0.,1.));
#7539=DIRECTION('ref_axis',(1.,0.,0.));
#7540=DIRECTION('center_axis',(1.22464679914735E-16,-1.,0.));
#7541=DIRECTION('ref_axis',(-1.,-1.22464679914735E-16,0.));
#7542=DIRECTION('center_axis',(0.,0.,1.));
#7543=DIRECTION('ref_axis',(1.,0.,0.));
#7544=DIRECTION('',(0.,0.,1.));
#7545=DIRECTION('center_axis',(0.,0.,1.));
#7546=DIRECTION('ref_axis',(1.,0.,0.));
#7547=DIRECTION('center_axis',(0.,0.,1.));
#7548=DIRECTION('ref_axis',(1.,0.,0.));
#7549=DIRECTION('center_axis',(0.,0.,-1.));
#7550=DIRECTION('ref_axis',(-1.,1.22464679914735E-16,0.));
#7551=DIRECTION('center_axis',(1.22464679914735E-16,-1.,0.));
#7552=DIRECTION('ref_axis',(-1.,-1.22464679914735E-16,0.));
#7553=DIRECTION('center_axis',(0.,0.,1.));
#7554=DIRECTION('ref_axis',(-1.,1.22464679914735E-16,0.));
#7555=DIRECTION('center_axis',(0.,0.,1.));
#7556=DIRECTION('ref_axis',(1.,0.,0.));
#7557=DIRECTION('center_axis',(0.,0.,1.));
#7558=DIRECTION('ref_axis',(-1.,1.22464679914735E-16,0.));
#7559=DIRECTION('',(0.,0.,-1.));
#7560=DIRECTION('center_axis',(0.,0.,-1.));
#7561=DIRECTION('ref_axis',(-1.,0.,0.));
#7562=DIRECTION('center_axis',(0.,0.,1.));
#7563=DIRECTION('ref_axis',(1.,0.,0.));
#7564=DIRECTION('center_axis',(0.,0.,1.));
#7565=DIRECTION('ref_axis',(1.,0.,0.));
#7566=DIRECTION('center_axis',(0.,0.,-1.));
#7567=DIRECTION('ref_axis',(-1.,1.22464679914735E-16,0.));
#7568=DIRECTION('center_axis',(1.22464679914735E-16,-1.,0.));
#7569=DIRECTION('ref_axis',(-1.,-1.22464679914735E-16,0.));
#7570=DIRECTION('center_axis',(0.,0.,1.));
#7571=DIRECTION('ref_axis',(1.,0.,0.));
#7572=DIRECTION('center_axis',(0.,0.,-1.));
#7573=DIRECTION('ref_axis',(-1.,1.22464679914735E-16,0.));
#7574=DIRECTION('center_axis',(1.22464679914735E-16,-1.,0.));
#7575=DIRECTION('ref_axis',(-1.,-1.22464679914735E-16,0.));
#7576=DIRECTION('center_axis',(0.,0.,1.));
#7577=DIRECTION('ref_axis',(-1.,1.22464679914735E-16,0.));
#7578=DIRECTION('center_axis',(0.,0.,1.));
#7579=DIRECTION('ref_axis',(1.,0.,0.));
#7580=DIRECTION('',(0.,0.,-1.));
#7581=DIRECTION('center_axis',(0.,0.,-1.));
#7582=DIRECTION('ref_axis',(-1.,1.22464679914735E-16,0.));
#7583=DIRECTION('center_axis',(0.,0.,1.));
#7584=DIRECTION('ref_axis',(1.,0.,0.));
#7585=DIRECTION('center_axis',(0.,0.,1.));
#7586=DIRECTION('ref_axis',(1.,0.,0.));
#7587=DIRECTION('center_axis',(1.22464679914735E-16,-1.,0.));
#7588=DIRECTION('ref_axis',(-1.,-1.22464679914735E-16,0.));
#7589=DIRECTION('center_axis',(0.,0.,1.));
#7590=DIRECTION('ref_axis',(-1.,1.22464679914735E-16,0.));
#7591=DIRECTION('center_axis',(0.,0.,1.));
#7592=DIRECTION('ref_axis',(1.,0.,0.));
#7593=DIRECTION('',(0.,0.,1.));
#7594=DIRECTION('center_axis',(0.,0.,1.));
#7595=DIRECTION('ref_axis',(1.,0.,0.));
#7596=DIRECTION('center_axis',(-1.22464679914735E-16,1.,0.));
#7597=DIRECTION('ref_axis',(-1.,-1.22464679914735E-16,0.));
#7598=DIRECTION('center_axis',(0.,0.,-1.));
#7599=DIRECTION('ref_axis',(1.,0.,0.));
#7600=DIRECTION('center_axis',(0.,0.,1.));
#7601=DIRECTION('ref_axis',(1.,0.,0.));
#7602=DIRECTION('',(0.,0.,-1.));
#7603=DIRECTION('center_axis',(0.,0.,1.));
#7604=DIRECTION('ref_axis',(1.,0.,0.));
#7605=DIRECTION('center_axis',(0.,0.,-1.));
#7606=DIRECTION('ref_axis',(1.,0.,0.));
#7607=DIRECTION('center_axis',(0.,0.,-1.));
#7608=DIRECTION('ref_axis',(1.,0.,0.));
#7609=DIRECTION('',(0.,0.,1.));
#7610=DIRECTION('center_axis',(0.,0.,-1.));
#7611=DIRECTION('ref_axis',(1.,0.,0.));
#7612=DIRECTION('center_axis',(0.,0.,-1.));
#7613=DIRECTION('ref_axis',(1.,0.,0.));
#7614=DIRECTION('center_axis',(0.,0.,-1.));
#7615=DIRECTION('ref_axis',(1.,0.,0.));
#7616=DIRECTION('center_axis',(0.,0.,-1.));
#7617=DIRECTION('ref_axis',(1.83697019872103E-16,1.,0.));
#7618=DIRECTION('',(0.,0.,-1.));
#7619=DIRECTION('',(0.,0.,-1.));
#7620=DIRECTION('center_axis',(1.83697019872103E-16,1.,0.));
#7621=DIRECTION('ref_axis',(1.,-1.83697019872103E-16,0.));
#7622=DIRECTION('',(0.,0.,-1.));
#7623=DIRECTION('center_axis',(1.,-1.83697019872103E-16,0.));
#7624=DIRECTION('ref_axis',(-1.83697019872103E-16,-1.,0.));
#7625=DIRECTION('',(0.,0.,-1.));
#7626=DIRECTION('center_axis',(-1.,1.83697019872103E-16,0.));
#7627=DIRECTION('ref_axis',(1.83697019872103E-16,1.,0.));
#7628=DIRECTION('',(0.,0.,-1.));
#7629=DIRECTION('center_axis',(0.,0.,-1.));
#7630=DIRECTION('ref_axis',(-1.,1.83697019872103E-16,0.));
#7631=DIRECTION('',(0.,0.,-1.));
#7632=DIRECTION('center_axis',(-1.83697019872103E-16,-1.,0.));
#7633=DIRECTION('ref_axis',(-1.,1.83697019872103E-16,0.));
#7634=DIRECTION('center_axis',(0.,0.,1.));
#7635=DIRECTION('ref_axis',(1.,0.,0.));
#7636=DIRECTION('center_axis',(0.,0.,1.));
#7637=DIRECTION('ref_axis',(1.,0.,0.));
#7638=DIRECTION('center_axis',(0.,0.,1.));
#7639=DIRECTION('ref_axis',(1.,0.,0.));
#7640=DIRECTION('center_axis',(0.,0.,-1.));
#7641=DIRECTION('ref_axis',(1.,0.,0.));
#7642=DIRECTION('center_axis',(0.,0.,1.));
#7643=DIRECTION('ref_axis',(1.,0.,0.));
#7644=DIRECTION('',(0.500000000000003,-6.1232339957368E-17,0.866025403784437));
#7645=DIRECTION('center_axis',(0.,0.,1.));
#7646=DIRECTION('ref_axis',(1.,0.,0.));
#7647=DIRECTION('center_axis',(0.,0.,1.));
#7648=DIRECTION('ref_axis',(1.,0.,0.));
#7649=DIRECTION('center_axis',(0.,0.,1.));
#7650=DIRECTION('ref_axis',(1.,0.,0.));
#7651=DIRECTION('center_axis',(0.,0.,1.));
#7652=DIRECTION('ref_axis',(1.,0.,0.));
#7653=DIRECTION('center_axis',(0.,0.,1.));
#7654=DIRECTION('ref_axis',(1.,0.,0.));
#7655=DIRECTION('center_axis',(0.,0.,1.));
#7656=DIRECTION('ref_axis',(1.,0.,0.));
#7657=DIRECTION('center_axis',(1.,-1.22464679914735E-16,0.));
#7658=DIRECTION('ref_axis',(-1.22464679914735E-16,-1.,0.));
#7659=DIRECTION('',(0.,0.,-1.));
#7660=DIRECTION('',(0.,0.,-1.));
#7661=DIRECTION('center_axis',(-1.22464679914735E-16,-1.,0.));
#7662=DIRECTION('ref_axis',(-1.,1.22464679914735E-16,0.));
#7663=DIRECTION('',(0.,0.,-1.));
#7664=DIRECTION('center_axis',(-1.,1.22464679914735E-16,0.));
#7665=DIRECTION('ref_axis',(1.22464679914735E-16,1.,0.));
#7666=DIRECTION('',(0.,0.,-1.));
#7667=DIRECTION('center_axis',(0.,0.,-1.));
#7668=DIRECTION('ref_axis',(1.22464679914735E-16,1.,0.));
#7669=DIRECTION('',(0.,0.,-1.));
#7670=DIRECTION('center_axis',(1.22464679914735E-16,1.,0.));
#7671=DIRECTION('ref_axis',(1.,-1.22464679914735E-16,0.));
#7672=DIRECTION('',(0.,0.,-1.));
#7673=DIRECTION('center_axis',(0.,0.,-1.));
#7674=DIRECTION('ref_axis',(1.,-1.22464679914735E-16,0.));
#7675=DIRECTION('center_axis',(0.,0.,1.));
#7676=DIRECTION('ref_axis',(1.,0.,0.));
#7677=DIRECTION('center_axis',(0.,0.,1.));
#7678=DIRECTION('ref_axis',(1.,0.,0.));
#7679=DIRECTION('center_axis',(0.,0.,-1.));
#7680=DIRECTION('ref_axis',(1.,0.,0.));
#7681=DIRECTION('',(-0.500000000000003,6.1232339957368E-17,-0.866025403784437));
#7682=DIRECTION('center_axis',(0.,0.,1.));
#7683=DIRECTION('ref_axis',(1.,0.,0.));
#7684=DIRECTION('center_axis',(0.,0.,1.));
#7685=DIRECTION('ref_axis',(1.,0.,0.));
#7686=DIRECTION('center_axis',(0.,0.,1.));
#7687=DIRECTION('ref_axis',(1.,0.,0.));
#7688=DIRECTION('center_axis',(0.,0.,1.));
#7689=DIRECTION('ref_axis',(1.,0.,0.));
#7690=DIRECTION('center_axis',(0.,0.,1.));
#7691=DIRECTION('ref_axis',(1.,0.,0.));
#7692=DIRECTION('center_axis',(0.,0.,1.));
#7693=DIRECTION('ref_axis',(1.,0.,0.));
#7694=DIRECTION('center_axis',(0.,0.,-1.));
#7695=DIRECTION('ref_axis',(-6.12323399573677E-17,-1.,0.));
#7696=DIRECTION('',(0.,0.,-1.));
#7697=DIRECTION('',(0.,0.,-1.));
#7698=DIRECTION('center_axis',(-6.12323399573677E-17,-1.,0.));
#7699=DIRECTION('ref_axis',(-1.,6.12323399573677E-17,0.));
#7700=DIRECTION('',(0.,0.,-1.));
#7701=DIRECTION('center_axis',(-1.,6.12323399573677E-17,0.));
#7702=DIRECTION('ref_axis',(6.12323399573677E-17,1.,0.));
#7703=DIRECTION('',(0.,0.,-1.));
#7704=DIRECTION('center_axis',(1.,-6.12323399573677E-17,0.));
#7705=DIRECTION('ref_axis',(-6.12323399573677E-17,-1.,0.));
#7706=DIRECTION('',(0.,0.,-1.));
#7707=DIRECTION('center_axis',(0.,0.,-1.));
#7708=DIRECTION('ref_axis',(1.,-6.12323399573677E-17,0.));
#7709=DIRECTION('',(0.,0.,-1.));
#7710=DIRECTION('center_axis',(6.12323399573677E-17,1.,0.));
#7711=DIRECTION('ref_axis',(1.,-6.12323399573677E-17,0.));
#7712=DIRECTION('center_axis',(0.,0.,1.));
#7713=DIRECTION('ref_axis',(1.,0.,0.));
#7714=DIRECTION('center_axis',(0.,0.,1.));
#7715=DIRECTION('ref_axis',(1.,0.,0.));
#7716=DIRECTION('center_axis',(0.,0.,1.));
#7717=DIRECTION('ref_axis',(1.,0.,0.));
#7718=DIRECTION('center_axis',(0.,0.,1.));
#7719=DIRECTION('ref_axis',(1.,0.,0.));
#7720=DIRECTION('center_axis',(0.,0.,-1.));
#7721=DIRECTION('ref_axis',(-1.,0.,0.));
#7722=DIRECTION('',(0.,0.,-1.));
#7723=DIRECTION('',(0.,0.,-1.));
#7724=DIRECTION('center_axis',(-1.,0.,0.));
#7725=DIRECTION('ref_axis',(0.,1.,0.));
#7726=DIRECTION('',(0.,0.,-1.));
#7727=DIRECTION('center_axis',(0.,1.,0.));
#7728=DIRECTION('ref_axis',(1.,0.,0.));
#7729=DIRECTION('',(0.,0.,-1.));
#7730=DIRECTION('center_axis',(0.,-1.,0.));
#7731=DIRECTION('ref_axis',(-1.,0.,0.));
#7732=DIRECTION('',(0.,0.,-1.));
#7733=DIRECTION('center_axis',(0.,0.,-1.));
#7734=DIRECTION('ref_axis',(0.,-1.,0.));
#7735=DIRECTION('',(0.,0.,-1.));
#7736=DIRECTION('center_axis',(1.,0.,0.));
#7737=DIRECTION('ref_axis',(0.,-1.,0.));
#7738=DIRECTION('center_axis',(0.,0.,1.));
#7739=DIRECTION('ref_axis',(1.,0.,0.));
#7740=DIRECTION('center_axis',(0.,0.,1.));
#7741=DIRECTION('ref_axis',(1.,0.,0.));
#7742=DIRECTION('center_axis',(0.,0.,1.));
#7743=DIRECTION('ref_axis',(1.,0.,0.));
#7744=DIRECTION('center_axis',(0.,0.,-1.));
#7745=DIRECTION('ref_axis',(-1.,0.,0.));
#7746=DIRECTION('center_axis',(0.,0.,1.));
#7747=DIRECTION('ref_axis',(1.,0.,0.));
#7748=DIRECTION('center_axis',(0.,0.,1.));
#7749=DIRECTION('ref_axis',(1.,0.,0.));
#7750=DIRECTION('center_axis',(0.,0.,1.));
#7751=DIRECTION('ref_axis',(1.,0.,0.));
#7752=DIRECTION('center_axis',(0.,0.,1.));
#7753=DIRECTION('ref_axis',(-1.,0.,0.));
#7754=DIRECTION('center_axis',(0.,0.,-1.));
#7755=DIRECTION('ref_axis',(-1.,0.,0.));
#7756=DIRECTION('',(0.,0.,-1.));
#7757=DIRECTION('center_axis',(0.,0.,1.));
#7758=DIRECTION('ref_axis',(-1.,0.,0.));
#7759=DIRECTION('center_axis',(0.,0.,1.));
#7760=DIRECTION('ref_axis',(-1.,0.,0.));
#7761=DIRECTION('center_axis',(0.,0.,-1.));
#7762=DIRECTION('ref_axis',(-1.,0.,0.));
#7763=DIRECTION('',(0.,0.,1.));
#7764=DIRECTION('',(1.,0.,0.));
#7765=DIRECTION('',(0.,0.,1.));
#7766=DIRECTION('',(1.,0.,0.));
#7767=DIRECTION('',(0.,0.,1.));
#7768=DIRECTION('',(1.,0.,0.));
#7769=DIRECTION('',(7.3445040251931E-19,-2.77555756156289E-17,-1.));
#7770=DIRECTION('',(-1.,9.95949464727758E-17,-7.34450402519313E-19));
#7771=DIRECTION('',(-2.2253332484632E-17,-2.22044604925031E-16,-1.));
#7772=DIRECTION('',(-1.,-1.09512829383115E-16,2.2253332484632E-17));
#7773=DIRECTION('',(1.,1.48892531661548E-31,1.84574577843933E-15));
#7774=DIRECTION('',(1.99840144432528E-15,1.80411241501588E-16,-1.));
#7775=DIRECTION('',(-1.,1.6885023501019E-15,1.90776255700753E-14));
#7776=DIRECTION('',(1.91521921215428E-14,0.0871557427476579,0.996194698091746));
#7777=CARTESIAN_POINT('',(0.,0.,0.));
#7778=CARTESIAN_POINT('',(0.,0.,0.));
#7779=CARTESIAN_POINT('Origin',(-28.25,-0.00100000000000057,2.16840434497101E-16));
#7780=CARTESIAN_POINT('',(-28.25,0.,-1.5));
#7781=CARTESIAN_POINT('Origin',(-28.25,0.,2.16840434497101E-16));
#7782=CARTESIAN_POINT('',(-28.25,1.,-1.5));
#7783=CARTESIAN_POINT('',(-28.25,-0.00100000000000057,-1.5));
#7784=CARTESIAN_POINT('Origin',(-28.25,1.,2.16840434497101E-16));
#7785=CARTESIAN_POINT('Origin',(28.25,-0.00100000000000057,-6.72205346941013E-15));
#7786=CARTESIAN_POINT('',(28.25,0.,-1.50000000000001));
#7787=CARTESIAN_POINT('Origin',(28.25,0.,-6.72205346941013E-15));
#7788=CARTESIAN_POINT('',(28.25,1.,-1.50000000000001));
#7789=CARTESIAN_POINT('',(28.25,-0.00100000000000057,-1.50000000000001));
#7790=CARTESIAN_POINT('Origin',(28.25,1.,-6.72205346941013E-15));
#7791=CARTESIAN_POINT('Origin',(14.,9.04954373673837,-11.2972624204302));
#7792=CARTESIAN_POINT('',(14.,7.,-17.5));
#7793=CARTESIAN_POINT('',(14.,13.,-16.5));
#7794=CARTESIAN_POINT('Origin',(14.,9.04954373673837,-11.2972624204302));
#7795=CARTESIAN_POINT('',(26.,7.,-17.5));
#7796=CARTESIAN_POINT('',(14.,7.,-17.5));
#7797=CARTESIAN_POINT('',(26.,13.,-16.5));
#7798=CARTESIAN_POINT('Origin',(26.,9.04954373673837,-11.2972624204302));
#7799=CARTESIAN_POINT('',(14.,13.,-16.5));
#7800=CARTESIAN_POINT('Origin',(-14.,9.04954373673837,11.2972624204302));
#7801=CARTESIAN_POINT('',(-14.,7.,17.5));
#7802=CARTESIAN_POINT('',(-14.,13.,16.5));
#7803=CARTESIAN_POINT('Origin',(-14.,9.04954373673837,11.2972624204302));
#7804=CARTESIAN_POINT('',(-26.,7.,17.5));
#7805=CARTESIAN_POINT('',(-14.,7.,17.5));
#7806=CARTESIAN_POINT('',(-26.,13.,16.5));
#7807=CARTESIAN_POINT('Origin',(-26.,9.04954373673837,11.2972624204302));
#7808=CARTESIAN_POINT('',(-14.,13.,16.5));
#7809=CARTESIAN_POINT('Origin',(0.,7.,0.));
#7810=CARTESIAN_POINT('',(-25.,7.,1.50000000000002));
#7811=CARTESIAN_POINT('',(-25.,7.,-1.50000000000002));
#7812=CARTESIAN_POINT('',(-25.,7.,-3.));
#7813=CARTESIAN_POINT('',(25.,7.,1.50000000000002));
#7814=CARTESIAN_POINT('',(-35.,7.,1.50000000000002));
#7815=CARTESIAN_POINT('',(25.,7.,-1.50000000000002));
#7816=CARTESIAN_POINT('',(25.,7.,-3.));
#7817=CARTESIAN_POINT('',(-35.,7.,-1.50000000000002));
#7818=CARTESIAN_POINT('Origin',(0.,7.,0.));
#7819=CARTESIAN_POINT('',(31.5,7.,1.50000000000002));
#7820=CARTESIAN_POINT('',(31.5,7.,-1.50000000000002));
#7821=CARTESIAN_POINT('',(31.5,7.,-3.));
#7822=CARTESIAN_POINT('',(35.,7.,1.50000000000002));
#7823=CARTESIAN_POINT('',(-35.,7.,1.50000000000002));
#7824=CARTESIAN_POINT('',(35.,7.00000000000001,-1.50000000000002));
#7825=CARTESIAN_POINT('',(35.,7.,19.));
#7826=CARTESIAN_POINT('',(-35.,7.,-1.50000000000002));
#7827=CARTESIAN_POINT('Origin',(0.,0.,0.));
#7828=CARTESIAN_POINT('',(2.5,0.,-18.));
#7829=CARTESIAN_POINT('',(2.5,0.,-19.5));
#7830=CARTESIAN_POINT('',(2.5,0.,-19.5));
#7831=CARTESIAN_POINT('',(39.,0.,-19.5));
#7832=CARTESIAN_POINT('',(39.,0.,-19.5));
#7833=CARTESIAN_POINT('',(39.,9.02426042748345E-19,-11.2509279289855));
#7834=CARTESIAN_POINT('',(39.,0.,19.5));
#7835=CARTESIAN_POINT('',(36.7,9.02426042748345E-19,-11.2509279289855));
#7836=CARTESIAN_POINT('',(36.7,9.02426042748345E-19,-11.2509279289855));
#7837=CARTESIAN_POINT('',(36.7,-4.89183570668576E-16,-7.24907207101449));
#7838=CARTESIAN_POINT('',(36.7,9.02426042748345E-19,-11.2509279289855));
#7839=CARTESIAN_POINT('',(39.,-4.89183570668576E-16,-7.24907207101449));
#7840=CARTESIAN_POINT('',(36.7,-4.89183570668576E-16,-7.24907207101449));
#7841=CARTESIAN_POINT('',(39.,1.33886042371459E-14,7.24907207101449));
#7842=CARTESIAN_POINT('',(39.,0.,19.5));
#7843=CARTESIAN_POINT('',(36.7,1.33886042371459E-14,7.24907207101449));
#7844=CARTESIAN_POINT('',(36.7,1.33886042371459E-14,7.24907207101449));
#7845=CARTESIAN_POINT('',(36.7,1.38786902338572E-14,11.2509279289855));
#7846=CARTESIAN_POINT('',(36.7,1.38786902338572E-14,11.2509279289855));
#7847=CARTESIAN_POINT('',(39.,1.38786902338572E-14,11.2509279289855));
#7848=CARTESIAN_POINT('',(36.7,1.38786902338572E-14,11.2509279289855));
#7849=CARTESIAN_POINT('',(39.,0.,19.5));
#7850=CARTESIAN_POINT('',(39.,0.,19.5));
#7851=CARTESIAN_POINT('',(2.5,0.,19.5));
#7852=CARTESIAN_POINT('',(-39.,0.,19.5));
#7853=CARTESIAN_POINT('',(2.5,0.,18.));
#7854=CARTESIAN_POINT('',(2.5,0.,19.5));
#7855=CARTESIAN_POINT('',(-2.5,0.,18.));
#7856=CARTESIAN_POINT('',(2.5,0.,18.));
#7857=CARTESIAN_POINT('',(-2.5,0.,19.5));
#7858=CARTESIAN_POINT('',(-2.5,0.,18.));
#7859=CARTESIAN_POINT('',(-39.,0.,19.5));
#7860=CARTESIAN_POINT('',(-39.,0.,19.5));
#7861=CARTESIAN_POINT('',(-39.,1.38786902338572E-14,11.2509279289855));
#7862=CARTESIAN_POINT('',(-39.,0.,-19.5));
#7863=CARTESIAN_POINT('',(-36.7,1.38786902338572E-14,11.2509279289855));
#7864=CARTESIAN_POINT('',(-36.7,1.38786902338572E-14,11.2509279289855));
#7865=CARTESIAN_POINT('',(-36.7,1.33886042371459E-14,7.24907207101449));
#7866=CARTESIAN_POINT('',(-36.7,1.38786902338572E-14,11.2509279289855));
#7867=CARTESIAN_POINT('',(-39.,1.33886042371459E-14,7.24907207101449));
#7868=CARTESIAN_POINT('',(-36.7,1.33886042371459E-14,7.24907207101449));
#7869=CARTESIAN_POINT('',(-39.,-4.89183570668576E-16,-7.24907207101449));
#7870=CARTESIAN_POINT('',(-39.,0.,-19.5));
#7871=CARTESIAN_POINT('',(-36.7,-4.89183570668576E-16,-7.24907207101449));
#7872=CARTESIAN_POINT('',(-36.7,-4.89183570668576E-16,-7.24907207101449));
#7873=CARTESIAN_POINT('',(-36.7,9.02426042748345E-19,-11.2509279289855));
#7874=CARTESIAN_POINT('',(-36.7,9.02426042748345E-19,-11.2509279289855));
#7875=CARTESIAN_POINT('',(-39.,9.02426042748345E-19,-11.2509279289855));
#7876=CARTESIAN_POINT('',(-36.7,9.02426042748345E-19,-11.2509279289855));
#7877=CARTESIAN_POINT('',(-39.,0.,-19.5));
#7878=CARTESIAN_POINT('',(-39.,0.,-19.5));
#7879=CARTESIAN_POINT('',(-2.5,0.,-19.5));
#7880=CARTESIAN_POINT('',(39.,0.,-19.5));
#7881=CARTESIAN_POINT('',(-2.5,0.,-18.));
#7882=CARTESIAN_POINT('',(-2.5,0.,-18.));
#7883=CARTESIAN_POINT('',(2.5,0.,-18.));
#7884=CARTESIAN_POINT('',(-34.,0.,5.49999999999999));
#7885=CARTESIAN_POINT('',(-34.,0.,13.5));
#7886=CARTESIAN_POINT('',(-34.,0.,13.5));
#7887=CARTESIAN_POINT('',(34.,0.,13.5));
#7888=CARTESIAN_POINT('',(34.,0.,13.5));
#7889=CARTESIAN_POINT('',(34.,0.,5.49999999999999));
#7890=CARTESIAN_POINT('',(34.,0.,13.5));
#7891=CARTESIAN_POINT('',(-34.,0.,5.49999999999999));
#7892=CARTESIAN_POINT('',(34.,0.,-13.5));
#7893=CARTESIAN_POINT('',(-34.,0.,-13.5));
#7894=CARTESIAN_POINT('',(34.,0.,-13.5));
#7895=CARTESIAN_POINT('',(-34.,0.,-5.49999999999999));
#7896=CARTESIAN_POINT('',(-34.,0.,-13.5));
#7897=CARTESIAN_POINT('',(34.,0.,-5.49999999999999));
#7898=CARTESIAN_POINT('',(-34.,0.,-5.49999999999999));
#7899=CARTESIAN_POINT('',(34.,0.,-13.5));
#7900=CARTESIAN_POINT('Origin',(-39.,7.00000000000001,-19.));
#7901=CARTESIAN_POINT('',(2.5,4.,-19.2142857142857));
#7902=CARTESIAN_POINT('',(2.5,7.00000000000001,-19.));
#7903=CARTESIAN_POINT('',(-2.5,4.,-19.2142857142857));
#7904=CARTESIAN_POINT('',(-39.,4.,-19.2142857142857));
#7905=CARTESIAN_POINT('',(-2.5,7.00000000000001,-19.));
#7906=CARTESIAN_POINT('',(-39.,7.00000000000001,-19.));
#7907=CARTESIAN_POINT('',(-39.,7.00000000000001,-19.));
#7908=CARTESIAN_POINT('',(-35.,7.00000000000001,-19.));
#7909=CARTESIAN_POINT('',(-39.,7.00000000000001,-19.));
#7910=CARTESIAN_POINT('',(-26.,7.00000000000001,-19.));
#7911=CARTESIAN_POINT('',(-39.,7.00000000000001,-19.));
#7912=CARTESIAN_POINT('',(-14.,7.00000000000001,-19.));
#7913=CARTESIAN_POINT('',(-14.,7.,-19.));
#7914=CARTESIAN_POINT('',(14.,7.00000000000001,-19.));
#7915=CARTESIAN_POINT('',(-39.,7.00000000000001,-19.));
#7916=CARTESIAN_POINT('',(26.,7.00000000000001,-19.));
#7917=CARTESIAN_POINT('',(14.,7.,-19.));
#7918=CARTESIAN_POINT('',(35.,7.00000000000001,-19.));
#7919=CARTESIAN_POINT('',(-39.,7.00000000000001,-19.));
#7920=CARTESIAN_POINT('',(39.,7.00000000000001,-19.));
#7921=CARTESIAN_POINT('',(35.,7.00000000000001,-19.));
#7922=CARTESIAN_POINT('',(39.,7.00000000000001,-19.));
#7923=CARTESIAN_POINT('Origin',(-35.,15.,17.));
#7924=CARTESIAN_POINT('',(-37.,15.,-11.2509279289855));
#7925=CARTESIAN_POINT('',(-39.,15.,-11.2509279289855));
#7926=CARTESIAN_POINT('',(-36.7,15.,-11.2509279289855));
#7927=CARTESIAN_POINT('',(-37.,15.,-12.25));
#7928=CARTESIAN_POINT('',(-37.,15.,-6.24999999999998));
#7929=CARTESIAN_POINT('',(-35.,15.,-12.25));
#7930=CARTESIAN_POINT('',(-37.,15.,-12.25));
#7931=CARTESIAN_POINT('',(-35.,15.,-17.));
#7932=CARTESIAN_POINT('',(-35.,15.,17.));
#7933=CARTESIAN_POINT('',(-39.,15.,-17.));
#7934=CARTESIAN_POINT('',(-35.,15.,-17.));
#7935=CARTESIAN_POINT('',(-39.,15.,17.));
#7936=CARTESIAN_POINT('Origin',(-35.,15.,17.));
#7937=CARTESIAN_POINT('',(-37.,15.,-7.24907207101449));
#7938=CARTESIAN_POINT('',(-39.,15.,-7.24907207101449));
#7939=CARTESIAN_POINT('',(-36.7,15.,-7.24907207101449));
#7940=CARTESIAN_POINT('',(-39.,15.,7.24907207101449));
#7941=CARTESIAN_POINT('',(-39.,15.,17.));
#7942=CARTESIAN_POINT('',(-37.,15.,7.24907207101449));
#7943=CARTESIAN_POINT('',(-36.7,15.,7.24907207101449));
#7944=CARTESIAN_POINT('',(-37.,15.,6.24999999999998));
#7945=CARTESIAN_POINT('',(-37.,15.,6.24999999999998));
#7946=CARTESIAN_POINT('',(-35.,15.,6.24999999999998));
#7947=CARTESIAN_POINT('',(-37.,15.,6.24999999999998));
#7948=CARTESIAN_POINT('',(-35.,15.,-6.24999999999998));
#7949=CARTESIAN_POINT('',(-35.,15.,17.));
#7950=CARTESIAN_POINT('',(-37.,15.,-6.24999999999998));
#7951=CARTESIAN_POINT('',(-37.,15.,-6.24999999999998));
#7952=CARTESIAN_POINT('',(-37.,15.,-6.24999999999998));
#7953=CARTESIAN_POINT('Origin',(-35.,15.,17.));
#7954=CARTESIAN_POINT('',(-37.,15.,11.2509279289855));
#7955=CARTESIAN_POINT('',(-39.,15.,11.2509279289855));
#7956=CARTESIAN_POINT('',(-36.7,15.,11.2509279289855));
#7957=CARTESIAN_POINT('',(-39.,15.,17.));
#7958=CARTESIAN_POINT('',(-39.,15.,17.));
#7959=CARTESIAN_POINT('',(-35.,15.,17.));
#7960=CARTESIAN_POINT('',(-35.,15.,17.));
#7961=CARTESIAN_POINT('',(-35.,15.,12.25));
#7962=CARTESIAN_POINT('',(-35.,15.,17.));
#7963=CARTESIAN_POINT('',(-37.,15.,12.25));
#7964=CARTESIAN_POINT('',(-37.,15.,12.25));
#7965=CARTESIAN_POINT('',(-37.,15.,6.24999999999998));
#7966=CARTESIAN_POINT('Origin',(-39.,7.,-19.5));
#7967=CARTESIAN_POINT('',(-39.,7.,-11.2509279289855));
#7968=CARTESIAN_POINT('',(-39.,15.,-11.2509279289855));
#7969=CARTESIAN_POINT('',(-39.,8.3042612161938,-18.8945722525828));
#7970=CARTESIAN_POINT('',(-39.,8.3042612161938,-18.8945722525828));
#7971=CARTESIAN_POINT('',(-39.,7.00000000000001,-19.));
#7972=CARTESIAN_POINT('',(-39.,4.,-11.2509279289855));
#7973=CARTESIAN_POINT('',(-39.,15.,-11.2509279289855));
#7974=CARTESIAN_POINT('',(-39.,4.,-12.5));
#7975=CARTESIAN_POINT('',(-39.,4.,-5.99999999999998));
#7976=CARTESIAN_POINT('',(-39.,7.,-12.5));
#7977=CARTESIAN_POINT('',(-39.,4.,-12.5));
#7978=CARTESIAN_POINT('',(-39.,7.,-5.99999999999998));
#7979=CARTESIAN_POINT('Origin',(-39.,7.,-19.5));
#7980=CARTESIAN_POINT('',(-39.,4.,-7.24907207101449));
#7981=CARTESIAN_POINT('',(-39.,-4.89183570668576E-16,-7.24907207101449));
#7982=CARTESIAN_POINT('',(-39.,4.,7.24907207101449));
#7983=CARTESIAN_POINT('',(-39.,1.33886042371459E-14,7.24907207101449));
#7984=CARTESIAN_POINT('',(-39.,4.,5.99999999999998));
#7985=CARTESIAN_POINT('',(-39.,4.,5.99999999999998));
#7986=CARTESIAN_POINT('',(-39.,7.,5.99999999999998));
#7987=CARTESIAN_POINT('',(-39.,7.,5.99999999999998));
#7988=CARTESIAN_POINT('',(-39.,7.,7.24907207101449));
#7989=CARTESIAN_POINT('',(-39.,7.,5.99999999999998));
#7990=CARTESIAN_POINT('',(-39.,1.33886042371459E-14,7.24907207101449));
#7991=CARTESIAN_POINT('',(-39.,7.,-7.24907207101449));
#7992=CARTESIAN_POINT('',(-39.,-4.89183570668576E-16,-7.24907207101449));
#7993=CARTESIAN_POINT('',(-39.,7.,-5.99999999999998));
#7994=CARTESIAN_POINT('',(-39.,7.,-5.99999999999998));
#7995=CARTESIAN_POINT('',(-39.,4.,-5.99999999999998));
#7996=CARTESIAN_POINT('',(-39.,7.,-5.99999999999998));
#7997=CARTESIAN_POINT('',(-39.,4.,-5.99999999999998));
#7998=CARTESIAN_POINT('Origin',(-39.,7.,-19.5));
#7999=CARTESIAN_POINT('',(-39.,4.,11.2509279289855));
#8000=CARTESIAN_POINT('',(-39.,15.,11.2509279289855));
#8001=CARTESIAN_POINT('',(-39.,7.,19.));
#8002=CARTESIAN_POINT('',(-39.,7.,19.));
#8003=CARTESIAN_POINT('',(-39.,8.3042612161938,18.8945722525828));
#8004=CARTESIAN_POINT('',(-39.,8.3042612161938,18.8945722525828));
#8005=CARTESIAN_POINT('',(-39.,15.,17.));
#8006=CARTESIAN_POINT('',(-39.,7.,11.2509279289855));
#8007=CARTESIAN_POINT('',(-39.,15.,11.2509279289855));
#8008=CARTESIAN_POINT('',(-39.,7.,12.5));
#8009=CARTESIAN_POINT('',(-39.,7.,5.99999999999998));
#8010=CARTESIAN_POINT('',(-39.,4.,12.5));
#8011=CARTESIAN_POINT('',(-39.,4.,12.5));
#8012=CARTESIAN_POINT('',(-39.,4.,5.99999999999998));
#8013=CARTESIAN_POINT('Origin',(-37.,7.,-5.99999999999998));
#8014=CARTESIAN_POINT('',(-37.,7.,-12.25));
#8015=CARTESIAN_POINT('',(-37.,7.,-11.2509279289855));
#8016=CARTESIAN_POINT('',(-37.,7.,-5.99999999999998));
#8017=CARTESIAN_POINT('',(-37.,7.,-11.2509279289855));
#8018=CARTESIAN_POINT('',(-37.,7.,-12.5));
#8019=CARTESIAN_POINT('',(-37.,7.,-12.5));
#8020=CARTESIAN_POINT('',(-37.,7.,-5.99999999999998));
#8021=CARTESIAN_POINT('Origin',(-37.,7.,-5.99999999999998));
#8022=CARTESIAN_POINT('',(-37.,7.,-7.24907207101449));
#8023=CARTESIAN_POINT('',(-37.,7.,-7.24907207101449));
#8024=CARTESIAN_POINT('',(-37.,7.,-6.24999999999998));
#8025=CARTESIAN_POINT('',(-37.,7.,-5.99999999999998));
#8026=CARTESIAN_POINT('',(-37.,7.,-5.99999999999998));
#8027=CARTESIAN_POINT('',(-37.,7.,-5.99999999999998));
#8028=CARTESIAN_POINT('',(-37.,7.,-5.99999999999998));
#8029=CARTESIAN_POINT('Origin',(-37.,4.,-5.99999999999998));
#8030=CARTESIAN_POINT('',(-37.,4.,-11.2509279289855));
#8031=CARTESIAN_POINT('',(-37.,4.,-11.2509279289855));
#8032=CARTESIAN_POINT('',(-37.,4.,-12.25));
#8033=CARTESIAN_POINT('',(-37.,4.,-5.99999999999998));
#8034=CARTESIAN_POINT('',(-37.,4.,-12.5));
#8035=CARTESIAN_POINT('',(-37.,4.,-5.99999999999998));
#8036=CARTESIAN_POINT('',(-37.,4.,-12.5));
#8037=CARTESIAN_POINT('Origin',(-37.,4.,-5.99999999999998));
#8038=CARTESIAN_POINT('',(-37.,4.,-6.24999999999998));
#8039=CARTESIAN_POINT('',(-37.,4.,-7.24907207101449));
#8040=CARTESIAN_POINT('',(-37.,4.,-5.99999999999998));
#8041=CARTESIAN_POINT('',(-37.,4.,-7.24907207101449));
#8042=CARTESIAN_POINT('',(-37.,4.,-5.99999999999998));
#8043=CARTESIAN_POINT('',(-37.,4.,-5.99999999999998));
#8044=CARTESIAN_POINT('',(-37.,4.,-5.99999999999998));
#8045=CARTESIAN_POINT('Origin',(-37.,7.,5.99999999999998));
#8046=CARTESIAN_POINT('',(-37.,7.,11.2509279289855));
#8047=CARTESIAN_POINT('',(-37.,7.,11.2509279289855));
#8048=CARTESIAN_POINT('',(-37.,7.,12.25));
#8049=CARTESIAN_POINT('',(-37.,7.,5.99999999999998));
#8050=CARTESIAN_POINT('',(-37.,7.,12.5));
#8051=CARTESIAN_POINT('',(-37.,7.,5.99999999999998));
#8052=CARTESIAN_POINT('',(-37.,7.,12.5));
#8053=CARTESIAN_POINT('Origin',(-37.,7.,5.99999999999998));
#8054=CARTESIAN_POINT('',(-37.,7.,6.24999999999998));
#8055=CARTESIAN_POINT('',(-37.,7.,7.24907207101449));
#8056=CARTESIAN_POINT('',(-37.,7.,5.99999999999998));
#8057=CARTESIAN_POINT('',(-37.,7.,7.24907207101449));
#8058=CARTESIAN_POINT('',(-37.,7.,5.99999999999998));
#8059=CARTESIAN_POINT('',(-37.,7.,5.99999999999998));
#8060=CARTESIAN_POINT('',(-37.,7.,5.99999999999998));
#8061=CARTESIAN_POINT('Origin',(-37.,4.,5.99999999999998));
#8062=CARTESIAN_POINT('',(-37.,4.,12.25));
#8063=CARTESIAN_POINT('',(-37.,4.,11.2509279289855));
#8064=CARTESIAN_POINT('',(-37.,4.,5.99999999999998));
#8065=CARTESIAN_POINT('',(-37.,4.,11.2509279289855));
#8066=CARTESIAN_POINT('',(-37.,4.,12.5));
#8067=CARTESIAN_POINT('',(-37.,4.,12.5));
#8068=CARTESIAN_POINT('',(-37.,4.,5.99999999999998));
#8069=CARTESIAN_POINT('Origin',(-37.,4.,5.99999999999998));
#8070=CARTESIAN_POINT('',(-37.,4.,7.24907207101449));
#8071=CARTESIAN_POINT('',(-37.,4.,7.24907207101449));
#8072=CARTESIAN_POINT('',(-37.,4.,6.24999999999998));
#8073=CARTESIAN_POINT('',(-37.,4.,5.99999999999998));
#8074=CARTESIAN_POINT('',(-37.,4.,5.99999999999998));
#8075=CARTESIAN_POINT('',(-37.,4.,5.99999999999998));
#8076=CARTESIAN_POINT('',(-37.,4.,5.99999999999998));
#8077=CARTESIAN_POINT('Origin',(-37.,0.,0.));
#8078=CARTESIAN_POINT('',(-37.,1.,12.25));
#8079=CARTESIAN_POINT('',(-37.,1.,11.2509279289855));
#8080=CARTESIAN_POINT('',(-37.,1.,12.25));
#8081=CARTESIAN_POINT('',(-37.,1.30114992032895E-15,11.2509279289855));
#8082=CARTESIAN_POINT('',(-37.,1.,12.25));
#8083=CARTESIAN_POINT('Origin',(-37.,0.,0.));
#8084=CARTESIAN_POINT('',(-37.,1.,7.24907207101449));
#8085=CARTESIAN_POINT('',(-37.,0.,7.24907207101449));
#8086=CARTESIAN_POINT('',(-37.,1.,6.24999999999998));
#8087=CARTESIAN_POINT('',(-37.,1.,12.25));
#8088=CARTESIAN_POINT('',(-37.,1.,6.24999999999998));
#8089=CARTESIAN_POINT('Origin',(-37.,0.,0.));
#8090=CARTESIAN_POINT('',(-37.,1.30114992032895E-15,11.2509279289855));
#8091=CARTESIAN_POINT('',(-37.,15.,12.25));
#8092=CARTESIAN_POINT('Origin',(-37.,0.,0.));
#8093=CARTESIAN_POINT('',(-37.,0.,7.24907207101449));
#8094=CARTESIAN_POINT('',(-37.,11.5,6.24999999999998));
#8095=CARTESIAN_POINT('Origin',(-37.,0.,0.));
#8096=CARTESIAN_POINT('',(-37.,1.,-11.2509279289855));
#8097=CARTESIAN_POINT('',(-37.,1.30114992032895E-15,-11.2509279289855));
#8098=CARTESIAN_POINT('',(-37.,1.,-12.25));
#8099=CARTESIAN_POINT('',(-37.,1.,-12.25));
#8100=CARTESIAN_POINT('',(-37.,1.,-12.25));
#8101=CARTESIAN_POINT('Origin',(-37.,0.,0.));
#8102=CARTESIAN_POINT('',(-37.,1.,-7.24907207101449));
#8103=CARTESIAN_POINT('',(-37.,0.,-7.24907207101449));
#8104=CARTESIAN_POINT('',(-37.,1.,-6.24999999999998));
#8105=CARTESIAN_POINT('',(-37.,1.,-6.24999999999998));
#8106=CARTESIAN_POINT('',(-37.,1.,-12.25));
#8107=CARTESIAN_POINT('Origin',(-37.,0.,0.));
#8108=CARTESIAN_POINT('',(-37.,1.30114992032895E-15,-11.2509279289855));
#8109=CARTESIAN_POINT('',(-37.,15.,-12.25));
#8110=CARTESIAN_POINT('Origin',(-37.,0.,0.));
#8111=CARTESIAN_POINT('',(-37.,0.,-7.24907207101449));
#8112=CARTESIAN_POINT('',(-37.,11.5,-6.24999999999998));
#8113=CARTESIAN_POINT('Origin',(0.,1.,0.));
#8114=CARTESIAN_POINT('',(-36.7,1.,-11.2509279289855));
#8115=CARTESIAN_POINT('',(0.,1.,-11.2509279289855));
#8116=CARTESIAN_POINT('',(-36.7,1.,-7.24907207101449));
#8117=CARTESIAN_POINT('',(-36.7,1.,0.));
#8118=CARTESIAN_POINT('',(0.,1.,-7.24907207101449));
#8119=CARTESIAN_POINT('',(-36.5,1.,-6.24999999999998));
#8120=CARTESIAN_POINT('',(-37.,1.,-6.24999999999998));
#8121=CARTESIAN_POINT('',(-36.5,1.,-12.25));
#8122=CARTESIAN_POINT('',(-36.5,1.,-6.24999999999998));
#8123=CARTESIAN_POINT('',(-36.5,1.,-12.25));
#8124=CARTESIAN_POINT('Origin',(0.,1.,0.));
#8125=CARTESIAN_POINT('',(-36.7,1.,7.24907207101449));
#8126=CARTESIAN_POINT('',(-36.7,1.,11.2509279289855));
#8127=CARTESIAN_POINT('',(-36.7,1.,0.));
#8128=CARTESIAN_POINT('',(0.,1.,11.2509279289855));
#8129=CARTESIAN_POINT('',(-36.5,1.,12.25));
#8130=CARTESIAN_POINT('',(-36.5,1.,12.25));
#8131=CARTESIAN_POINT('',(-36.5,1.,6.24999999999998));
#8132=CARTESIAN_POINT('',(-36.5,1.,6.24999999999998));
#8133=CARTESIAN_POINT('',(-37.,1.,6.24999999999998));
#8134=CARTESIAN_POINT('',(0.,1.,7.24907207101449));
#8135=CARTESIAN_POINT('Origin',(-37.,0.,0.));
#8136=CARTESIAN_POINT('',(-37.,1.,-6.24999999999998));
#8137=CARTESIAN_POINT('',(-37.,7.,-5.99999999999998));
#8138=CARTESIAN_POINT('Origin',(-37.,0.,0.));
#8139=CARTESIAN_POINT('',(-37.,1.,-12.25));
#8140=CARTESIAN_POINT('',(-37.,4.,-12.5));
#8141=CARTESIAN_POINT('Origin',(-37.,0.,0.));
#8142=CARTESIAN_POINT('',(-37.,1.,12.25));
#8143=CARTESIAN_POINT('',(-37.,4.,12.5));
#8144=CARTESIAN_POINT('Origin',(-37.,0.,0.));
#8145=CARTESIAN_POINT('',(-37.,1.,6.24999999999998));
#8146=CARTESIAN_POINT('',(-37.,7.,5.99999999999998));
#8147=CARTESIAN_POINT('Origin',(-37.,11.5,11.75));
#8148=CARTESIAN_POINT('',(-36.5,3.50000000000001,11.75));
#8149=CARTESIAN_POINT('',(-35.,3.50000000000001,11.75));
#8150=CARTESIAN_POINT('',(-37.,3.50000000000001,11.75));
#8151=CARTESIAN_POINT('',(-36.5,11.5,11.75));
#8152=CARTESIAN_POINT('',(-36.5,11.5,11.75));
#8153=CARTESIAN_POINT('',(-35.,11.5,11.75));
#8154=CARTESIAN_POINT('',(-37.,11.5,11.75));
#8155=CARTESIAN_POINT('',(-35.,11.5,11.75));
#8156=CARTESIAN_POINT('Origin',(-37.,11.5,12.25));
#8157=CARTESIAN_POINT('',(-36.5,11.5,12.25));
#8158=CARTESIAN_POINT('',(-36.5,11.5,6.24999999999998));
#8159=CARTESIAN_POINT('',(-35.,11.5,12.25));
#8160=CARTESIAN_POINT('',(-37.,11.5,12.25));
#8161=CARTESIAN_POINT('',(-35.,11.5,12.25));
#8162=CARTESIAN_POINT('Origin',(-37.,11.5,6.74999999999998));
#8163=CARTESIAN_POINT('',(-36.5,11.5,6.24999999999998));
#8164=CARTESIAN_POINT('',(-35.,11.5,6.24999999999998));
#8165=CARTESIAN_POINT('',(-37.,11.5,6.24999999999998));
#8166=CARTESIAN_POINT('',(-36.5,11.5,6.74999999999998));
#8167=CARTESIAN_POINT('',(-36.5,11.5,6.24999999999998));
#8168=CARTESIAN_POINT('',(-35.,11.5,6.74999999999998));
#8169=CARTESIAN_POINT('',(-37.,11.5,6.74999999999998));
#8170=CARTESIAN_POINT('',(-35.,11.5,6.74999999999998));
#8171=CARTESIAN_POINT('Origin',(-37.,3.50000000000001,6.74999999999998));
#8172=CARTESIAN_POINT('',(-36.5,3.50000000000001,6.74999999999998));
#8173=CARTESIAN_POINT('',(-36.5,3.50000000000001,6.74999999999998));
#8174=CARTESIAN_POINT('',(-35.,3.50000000000001,6.74999999999998));
#8175=CARTESIAN_POINT('',(-37.,3.50000000000001,6.74999999999998));
#8176=CARTESIAN_POINT('',(-35.,3.50000000000001,6.74999999999998));
#8177=CARTESIAN_POINT('Origin',(-37.,3.50000000000001,6.74999999999998));
#8178=CARTESIAN_POINT('',(-36.5,3.50000000000001,6.74999999999998));
#8179=CARTESIAN_POINT('',(-35.,3.50000000000001,6.74999999999998));
#8180=CARTESIAN_POINT('Origin',(-37.,3.50000000000001,-6.74999999999998));
#8181=CARTESIAN_POINT('',(-36.5,3.50000000000001,-6.74999999999998));
#8182=CARTESIAN_POINT('',(-35.,3.50000000000001,-6.74999999999998));
#8183=CARTESIAN_POINT('',(-37.,3.50000000000001,-6.74999999999998));
#8184=CARTESIAN_POINT('',(-36.5,11.5,-6.74999999999998));
#8185=CARTESIAN_POINT('',(-36.5,3.50000000000001,-6.74999999999998));
#8186=CARTESIAN_POINT('',(-35.,11.5,-6.74999999999998));
#8187=CARTESIAN_POINT('',(-37.,11.5,-6.74999999999998));
#8188=CARTESIAN_POINT('',(-35.,3.50000000000001,-6.74999999999998));
#8189=CARTESIAN_POINT('Origin',(-37.,11.5,-6.74999999999998));
#8190=CARTESIAN_POINT('',(-36.5,11.5,-6.24999999999998));
#8191=CARTESIAN_POINT('',(-36.5,11.5,-6.24999999999998));
#8192=CARTESIAN_POINT('',(-35.,11.5,-6.24999999999998));
#8193=CARTESIAN_POINT('',(-37.,11.5,-6.24999999999998));
#8194=CARTESIAN_POINT('',(-35.,11.5,-6.74999999999998));
#8195=CARTESIAN_POINT('Origin',(-37.,11.5,-12.25));
#8196=CARTESIAN_POINT('',(-36.5,11.5,-12.25));
#8197=CARTESIAN_POINT('',(-35.,11.5,-12.25));
#8198=CARTESIAN_POINT('',(-37.,11.5,-12.25));
#8199=CARTESIAN_POINT('',(-36.5,11.5,-11.75));
#8200=CARTESIAN_POINT('',(-36.5,11.5,-6.24999999999998));
#8201=CARTESIAN_POINT('',(-35.,11.5,-11.75));
#8202=CARTESIAN_POINT('',(-37.,11.5,-11.75));
#8203=CARTESIAN_POINT('',(-35.,11.5,-12.25));
#8204=CARTESIAN_POINT('Origin',(-37.,11.5,-11.75));
#8205=CARTESIAN_POINT('',(-36.5,3.50000000000001,-11.75));
#8206=CARTESIAN_POINT('',(-36.5,11.5,-11.75));
#8207=CARTESIAN_POINT('',(-35.,3.50000000000001,-11.75));
#8208=CARTESIAN_POINT('',(-37.,3.50000000000001,-11.75));
#8209=CARTESIAN_POINT('',(-35.,11.5,-11.75));
#8210=CARTESIAN_POINT('Origin',(-37.,3.50000000000001,-6.74999999999998));
#8211=CARTESIAN_POINT('',(-36.5,3.50000000000001,-6.74999999999998));
#8212=CARTESIAN_POINT('',(-35.,3.50000000000001,-6.74999999999998));
#8213=CARTESIAN_POINT('Origin',(-35.,1.,5.50000000000001));
#8214=CARTESIAN_POINT('',(-35.,11.5,-6.24999999999998));
#8215=CARTESIAN_POINT('',(-35.,11.5,6.24999999999998));
#8216=CARTESIAN_POINT('',(-35.,15.,12.25));
#8217=CARTESIAN_POINT('',(-35.,8.3042612161938,18.8945722525828));
#8218=CARTESIAN_POINT('',(-35.,15.,17.));
#8219=CARTESIAN_POINT('',(-35.,7.,19.));
#8220=CARTESIAN_POINT('',(-35.,8.3042612161938,18.8945722525828));
#8221=CARTESIAN_POINT('',(-35.,7.,17.5));
#8222=CARTESIAN_POINT('',(-35.,7.,19.));
#8223=CARTESIAN_POINT('',(-35.,1.2080571517938,13.5));
#8224=CARTESIAN_POINT('Origin',(-35.,7.49431818181817,10.5909090909091));
#8225=CARTESIAN_POINT('',(-35.,1.,13.5));
#8226=CARTESIAN_POINT('',(-35.,1.,13.5));
#8227=CARTESIAN_POINT('',(-35.,1.,5.50000000000001));
#8228=CARTESIAN_POINT('',(-35.,1.,5.50000000000001));
#8229=CARTESIAN_POINT('',(-35.,1.2080571517938,5.50000000000001));
#8230=CARTESIAN_POINT('',(-35.,1.,5.50000000000001));
#8231=CARTESIAN_POINT('',(-35.,7.,1.50000000000002));
#8232=CARTESIAN_POINT('Origin',(-35.,7.49431818181817,8.40909090909092));
#8233=CARTESIAN_POINT('',(-35.,7.00000000000001,-1.50000000000002));
#8234=CARTESIAN_POINT('',(-35.,7.,19.));
#8235=CARTESIAN_POINT('',(-35.,1.2080571517938,-5.49999999999999));
#8236=CARTESIAN_POINT('Origin',(-35.,7.49431818181817,-8.40909090909092));
#8237=CARTESIAN_POINT('',(-35.,1.,-5.49999999999999));
#8238=CARTESIAN_POINT('',(-35.,1.,-5.49999999999999));
#8239=CARTESIAN_POINT('',(-35.,1.,-13.5));
#8240=CARTESIAN_POINT('',(-35.,1.,-5.49999999999999));
#8241=CARTESIAN_POINT('',(-35.,1.2080571517938,-13.5));
#8242=CARTESIAN_POINT('',(-35.,1.,-13.5));
#8243=CARTESIAN_POINT('',(-35.,7.00000000000001,-17.5));
#8244=CARTESIAN_POINT('Origin',(-35.,7.49431818181817,-10.5909090909091));
#8245=CARTESIAN_POINT('',(-35.,7.,19.));
#8246=CARTESIAN_POINT('',(-35.,8.3042612161938,-18.8945722525828));
#8247=CARTESIAN_POINT('',(-35.,7.00000000000001,-19.));
#8248=CARTESIAN_POINT('',(-35.,8.3042612161938,-18.8945722525828));
#8249=CARTESIAN_POINT('',(-35.,15.,-12.25));
#8250=CARTESIAN_POINT('Origin',(39.,7.,19.5));
#8251=CARTESIAN_POINT('',(39.,15.,-17.));
#8252=CARTESIAN_POINT('',(39.,15.,-11.2509279289855));
#8253=CARTESIAN_POINT('',(39.,15.,17.));
#8254=CARTESIAN_POINT('',(39.,7.,-11.2509279289855));
#8255=CARTESIAN_POINT('',(39.,15.,-11.2509279289855));
#8256=CARTESIAN_POINT('',(39.,7.,-12.5));
#8257=CARTESIAN_POINT('',(39.,7.,-5.99999999999998));
#8258=CARTESIAN_POINT('',(39.,4.,-12.5));
#8259=CARTESIAN_POINT('',(39.,4.,-12.5));
#8260=CARTESIAN_POINT('',(39.,4.,-11.2509279289855));
#8261=CARTESIAN_POINT('',(39.,4.,-5.99999999999998));
#8262=CARTESIAN_POINT('',(39.,15.,-11.2509279289855));
#8263=CARTESIAN_POINT('',(39.,8.3042612161938,-18.8945722525828));
#8264=CARTESIAN_POINT('',(39.,7.00000000000001,-19.));
#8265=CARTESIAN_POINT('',(39.,8.3042612161938,-18.8945722525828));
#8266=CARTESIAN_POINT('Origin',(39.,7.,19.5));
#8267=CARTESIAN_POINT('',(39.,4.,11.2509279289855));
#8268=CARTESIAN_POINT('',(39.,15.,11.2509279289855));
#8269=CARTESIAN_POINT('',(39.,4.,12.5));
#8270=CARTESIAN_POINT('',(39.,4.,5.99999999999998));
#8271=CARTESIAN_POINT('',(39.,7.,12.5));
#8272=CARTESIAN_POINT('',(39.,4.,12.5));
#8273=CARTESIAN_POINT('',(39.,7.,11.2509279289855));
#8274=CARTESIAN_POINT('',(39.,7.,5.99999999999998));
#8275=CARTESIAN_POINT('',(39.,15.,11.2509279289855));
#8276=CARTESIAN_POINT('',(39.,15.,11.2509279289855));
#8277=CARTESIAN_POINT('',(39.,15.,17.));
#8278=CARTESIAN_POINT('',(39.,15.,17.));
#8279=CARTESIAN_POINT('',(39.,8.3042612161938,18.8945722525828));
#8280=CARTESIAN_POINT('',(39.,15.,17.));
#8281=CARTESIAN_POINT('',(39.,7.,19.));
#8282=CARTESIAN_POINT('',(39.,8.3042612161938,18.8945722525828));
#8283=CARTESIAN_POINT('',(39.,7.,19.));
#8284=CARTESIAN_POINT('Origin',(35.,15.,17.));
#8285=CARTESIAN_POINT('',(37.,15.,-11.2509279289855));
#8286=CARTESIAN_POINT('',(36.7,15.,-11.2509279289855));
#8287=CARTESIAN_POINT('',(35.,15.,-17.));
#8288=CARTESIAN_POINT('',(35.,15.,-17.));
#8289=CARTESIAN_POINT('',(35.,15.,-12.25));
#8290=CARTESIAN_POINT('',(35.,15.,17.));
#8291=CARTESIAN_POINT('',(37.,15.,-12.25));
#8292=CARTESIAN_POINT('',(37.,15.,-12.25));
#8293=CARTESIAN_POINT('',(37.,15.,-6.24999999999998));
#8294=CARTESIAN_POINT('Origin',(35.,15.,17.));
#8295=CARTESIAN_POINT('',(37.,15.,11.2509279289855));
#8296=CARTESIAN_POINT('',(36.7,15.,11.2509279289855));
#8297=CARTESIAN_POINT('',(37.,15.,12.25));
#8298=CARTESIAN_POINT('',(37.,15.,6.24999999999998));
#8299=CARTESIAN_POINT('',(35.,15.,12.25));
#8300=CARTESIAN_POINT('',(37.,15.,12.25));
#8301=CARTESIAN_POINT('',(35.,15.,17.));
#8302=CARTESIAN_POINT('',(35.,15.,17.));
#8303=CARTESIAN_POINT('',(35.,15.,17.));
#8304=CARTESIAN_POINT('Origin',(37.,4.,-5.99999999999998));
#8305=CARTESIAN_POINT('',(37.,4.,-11.2509279289855));
#8306=CARTESIAN_POINT('',(37.,4.,-12.25));
#8307=CARTESIAN_POINT('',(37.,4.,-5.99999999999998));
#8308=CARTESIAN_POINT('',(37.,4.,-11.2509279289855));
#8309=CARTESIAN_POINT('',(37.,4.,-12.5));
#8310=CARTESIAN_POINT('',(37.,4.,-12.5));
#8311=CARTESIAN_POINT('',(37.,4.,-5.99999999999998));
#8312=CARTESIAN_POINT('Origin',(37.,7.,-5.99999999999998));
#8313=CARTESIAN_POINT('',(37.,7.,-11.2509279289855));
#8314=CARTESIAN_POINT('',(37.,7.,-11.2509279289855));
#8315=CARTESIAN_POINT('',(37.,7.,-12.25));
#8316=CARTESIAN_POINT('',(37.,7.,-5.99999999999998));
#8317=CARTESIAN_POINT('',(37.,7.,-12.5));
#8318=CARTESIAN_POINT('',(37.,7.,-5.99999999999998));
#8319=CARTESIAN_POINT('',(37.,7.,-12.5));
#8320=CARTESIAN_POINT('Origin',(37.,4.,5.99999999999998));
#8321=CARTESIAN_POINT('',(37.,4.,11.2509279289855));
#8322=CARTESIAN_POINT('',(37.,4.,11.2509279289855));
#8323=CARTESIAN_POINT('',(37.,4.,12.25));
#8324=CARTESIAN_POINT('',(37.,4.,5.99999999999998));
#8325=CARTESIAN_POINT('',(37.,4.,12.5));
#8326=CARTESIAN_POINT('',(37.,4.,5.99999999999998));
#8327=CARTESIAN_POINT('',(37.,4.,12.5));
#8328=CARTESIAN_POINT('Origin',(37.,7.,5.99999999999998));
#8329=CARTESIAN_POINT('',(37.,7.,11.2509279289855));
#8330=CARTESIAN_POINT('',(37.,7.,12.25));
#8331=CARTESIAN_POINT('',(37.,7.,5.99999999999998));
#8332=CARTESIAN_POINT('',(37.,7.,11.2509279289855));
#8333=CARTESIAN_POINT('',(37.,7.,12.5));
#8334=CARTESIAN_POINT('',(37.,7.,12.5));
#8335=CARTESIAN_POINT('',(37.,7.,5.99999999999998));
#8336=CARTESIAN_POINT('Origin',(37.,0.,0.));
#8337=CARTESIAN_POINT('',(37.,1.30114992032895E-15,11.2509279289855));
#8338=CARTESIAN_POINT('',(37.,15.,12.25));
#8339=CARTESIAN_POINT('Origin',(37.,0.,0.));
#8340=CARTESIAN_POINT('',(37.,1.,11.2509279289855));
#8341=CARTESIAN_POINT('',(37.,1.30114992032895E-15,11.2509279289855));
#8342=CARTESIAN_POINT('',(37.,1.,12.25));
#8343=CARTESIAN_POINT('',(37.,1.,12.25));
#8344=CARTESIAN_POINT('',(37.,1.,12.25));
#8345=CARTESIAN_POINT('Origin',(37.,0.,0.));
#8346=CARTESIAN_POINT('',(37.,1.30114992032895E-15,-11.2509279289855));
#8347=CARTESIAN_POINT('',(37.,15.,-12.25));
#8348=CARTESIAN_POINT('Origin',(37.,0.,0.));
#8349=CARTESIAN_POINT('',(37.,1.,-11.2509279289855));
#8350=CARTESIAN_POINT('',(37.,1.,-12.25));
#8351=CARTESIAN_POINT('',(37.,1.,-12.25));
#8352=CARTESIAN_POINT('',(37.,1.30114992032895E-15,-11.2509279289855));
#8353=CARTESIAN_POINT('',(37.,1.,-12.25));
#8354=CARTESIAN_POINT('Origin',(37.,0.,0.));
#8355=CARTESIAN_POINT('',(37.,4.,-5.99999999999998));
#8356=CARTESIAN_POINT('',(37.,4.,-6.24999999999998));
#8357=CARTESIAN_POINT('',(37.,4.,-5.99999999999998));
#8358=CARTESIAN_POINT('',(37.,7.,-6.24999999999998));
#8359=CARTESIAN_POINT('',(37.,1.,-6.24999999999998));
#8360=CARTESIAN_POINT('',(37.,7.,-5.99999999999998));
#8361=CARTESIAN_POINT('',(37.,7.,-5.99999999999998));
#8362=CARTESIAN_POINT('',(37.,7.,-5.99999999999998));
#8363=CARTESIAN_POINT('Origin',(37.,0.,0.));
#8364=CARTESIAN_POINT('',(37.,1.,12.25));
#8365=CARTESIAN_POINT('',(37.,4.,12.5));
#8366=CARTESIAN_POINT('Origin',(0.,7.,0.));
#8367=CARTESIAN_POINT('',(-26.,7.,19.));
#8368=CARTESIAN_POINT('',(-39.,7.,19.));
#8369=CARTESIAN_POINT('',(-26.,7.,19.));
#8370=CARTESIAN_POINT('',(-35.,7.,17.5));
#8371=CARTESIAN_POINT('Origin',(0.,7.,0.));
#8372=CARTESIAN_POINT('',(-31.5,7.,-1.50000000000002));
#8373=CARTESIAN_POINT('',(-31.5,7.,1.50000000000002));
#8374=CARTESIAN_POINT('',(-31.5,7.,-3.));
#8375=CARTESIAN_POINT('',(-35.,7.,-1.50000000000002));
#8376=CARTESIAN_POINT('',(-35.,7.,1.50000000000002));
#8377=CARTESIAN_POINT('Origin',(0.,7.,0.));
#8378=CARTESIAN_POINT('',(35.,7.00000000000001,-17.5));
#8379=CARTESIAN_POINT('',(35.,7.,19.));
#8380=CARTESIAN_POINT('',(26.,7.,-19.));
#8381=CARTESIAN_POINT('',(-35.,7.,-17.5));
#8382=CARTESIAN_POINT('Origin',(0.,7.,0.));
#8383=CARTESIAN_POINT('',(-26.,7.,-17.5));
#8384=CARTESIAN_POINT('',(-35.,7.,-17.5));
#8385=CARTESIAN_POINT('',(-26.,7.,-19.));
#8386=CARTESIAN_POINT('Origin',(0.,7.,0.));
#8387=CARTESIAN_POINT('',(-14.,7.,-17.5));
#8388=CARTESIAN_POINT('',(-14.,7.,-19.));
#8389=CARTESIAN_POINT('',(-35.,7.,-17.5));
#8390=CARTESIAN_POINT('',(14.,7.,-19.));
#8391=CARTESIAN_POINT('Origin',(0.,7.,0.));
#8392=CARTESIAN_POINT('',(35.,7.,19.));
#8393=CARTESIAN_POINT('',(35.,7.,17.5));
#8394=CARTESIAN_POINT('',(35.,7.,19.));
#8395=CARTESIAN_POINT('',(26.,7.,17.5));
#8396=CARTESIAN_POINT('',(-35.,7.,17.5));
#8397=CARTESIAN_POINT('',(26.,7.,19.));
#8398=CARTESIAN_POINT('',(26.,7.,19.));
#8399=CARTESIAN_POINT('',(-39.,7.,19.));
#8400=CARTESIAN_POINT('Origin',(0.,7.,0.));
#8401=CARTESIAN_POINT('',(14.,7.,17.5));
#8402=CARTESIAN_POINT('',(-35.,7.,17.5));
#8403=CARTESIAN_POINT('',(-14.,7.,19.));
#8404=CARTESIAN_POINT('',(-14.,7.,19.));
#8405=CARTESIAN_POINT('',(14.,7.,19.));
#8406=CARTESIAN_POINT('',(-39.,7.,19.));
#8407=CARTESIAN_POINT('',(14.,7.,19.));
#8408=CARTESIAN_POINT('Origin',(0.,1.,0.));
#8409=CARTESIAN_POINT('',(-34.,1.,-13.5));
#8410=CARTESIAN_POINT('',(-34.,1.,-5.49999999999999));
#8411=CARTESIAN_POINT('',(-34.,1.,-13.5));
#8412=CARTESIAN_POINT('',(-35.,1.,-13.5));
#8413=CARTESIAN_POINT('',(35.,1.,-5.5));
#8414=CARTESIAN_POINT('Origin',(0.,1.,0.));
#8415=CARTESIAN_POINT('',(34.,1.,-5.5));
#8416=CARTESIAN_POINT('',(34.,1.,-13.5));
#8417=CARTESIAN_POINT('',(34.,1.,-13.5));
#8418=CARTESIAN_POINT('',(35.,1.,-5.5));
#8419=CARTESIAN_POINT('',(35.,1.,-5.5));
#8420=CARTESIAN_POINT('',(35.,1.,-13.5));
#8421=CARTESIAN_POINT('',(35.,1.,-13.5));
#8422=CARTESIAN_POINT('',(-35.,1.,-13.5));
#8423=CARTESIAN_POINT('Origin',(0.,1.,0.));
#8424=CARTESIAN_POINT('',(34.,1.,13.5));
#8425=CARTESIAN_POINT('',(34.,1.,5.49999999999999));
#8426=CARTESIAN_POINT('',(34.,1.,13.5));
#8427=CARTESIAN_POINT('',(35.,1.,13.5));
#8428=CARTESIAN_POINT('',(-35.,1.,13.5));
#8429=CARTESIAN_POINT('',(35.,1.,5.5));
#8430=CARTESIAN_POINT('',(35.,1.,13.5));
#8431=CARTESIAN_POINT('',(35.,1.,5.5));
#8432=CARTESIAN_POINT('Origin',(35.,1.,-5.5));
#8433=CARTESIAN_POINT('',(35.,1.2080571517938,-5.5));
#8434=CARTESIAN_POINT('',(-35.,1.2080571517938,-5.49999999999999));
#8435=CARTESIAN_POINT('',(35.,1.,-5.5));
#8436=CARTESIAN_POINT('',(34.,0.,-5.49999999999999));
#8437=CARTESIAN_POINT('',(-34.,0.,-5.49999999999999));
#8438=CARTESIAN_POINT('Origin',(-35.,1.,13.5));
#8439=CARTESIAN_POINT('',(35.,1.2080571517938,13.5));
#8440=CARTESIAN_POINT('',(-35.,1.20805715179381,13.5));
#8441=CARTESIAN_POINT('',(35.,1.,13.5));
#8442=CARTESIAN_POINT('',(34.,0.,13.5));
#8443=CARTESIAN_POINT('',(-34.,1.,13.5));
#8444=CARTESIAN_POINT('',(-34.,0.,13.5));
#8445=CARTESIAN_POINT('',(-35.,1.,13.5));
#8446=CARTESIAN_POINT('Origin',(39.,7.,19.5));
#8447=CARTESIAN_POINT('',(39.,4.,-7.24907207101449));
#8448=CARTESIAN_POINT('',(39.,-4.89183570668576E-16,-7.24907207101449));
#8449=CARTESIAN_POINT('',(39.,4.,-5.99999999999998));
#8450=CARTESIAN_POINT('',(39.,4.,-5.99999999999998));
#8451=CARTESIAN_POINT('',(39.,7.,-5.99999999999998));
#8452=CARTESIAN_POINT('',(39.,7.,-5.99999999999998));
#8453=CARTESIAN_POINT('',(39.,7.,-7.24907207101449));
#8454=CARTESIAN_POINT('',(39.,7.,-5.99999999999998));
#8455=CARTESIAN_POINT('',(39.,15.,-7.24907207101449));
#8456=CARTESIAN_POINT('',(39.,-4.89183570668576E-16,-7.24907207101449));
#8457=CARTESIAN_POINT('',(39.,15.,7.24907207101449));
#8458=CARTESIAN_POINT('',(39.,15.,17.));
#8459=CARTESIAN_POINT('',(39.,7.,7.24907207101449));
#8460=CARTESIAN_POINT('',(39.,1.33886042371459E-14,7.24907207101449));
#8461=CARTESIAN_POINT('',(39.,7.,5.99999999999998));
#8462=CARTESIAN_POINT('',(39.,7.,5.99999999999998));
#8463=CARTESIAN_POINT('',(39.,4.,5.99999999999998));
#8464=CARTESIAN_POINT('',(39.,7.,5.99999999999998));
#8465=CARTESIAN_POINT('',(39.,4.,7.24907207101449));
#8466=CARTESIAN_POINT('',(39.,4.,5.99999999999998));
#8467=CARTESIAN_POINT('',(39.,1.33886042371459E-14,7.24907207101449));
#8468=CARTESIAN_POINT('Origin',(-39.,7.,19.));
#8469=CARTESIAN_POINT('',(-2.5,4.,19.2142857142857));
#8470=CARTESIAN_POINT('',(2.5,4.,19.2142857142857));
#8471=CARTESIAN_POINT('',(-39.,4.,19.2142857142857));
#8472=CARTESIAN_POINT('',(2.5,7.,19.));
#8473=CARTESIAN_POINT('',(35.,7.,19.));
#8474=CARTESIAN_POINT('',(14.,7.,19.));
#8475=CARTESIAN_POINT('',(-14.,7.,19.));
#8476=CARTESIAN_POINT('',(-39.,7.,19.));
#8477=CARTESIAN_POINT('',(-2.5,7.,19.));
#8478=CARTESIAN_POINT('Origin',(-35.,1.,-13.5));
#8479=CARTESIAN_POINT('',(35.,1.2080571517938,-13.5));
#8480=CARTESIAN_POINT('',(35.,1.,-13.5));
#8481=CARTESIAN_POINT('',(-35.,1.20805715179381,-13.5));
#8482=CARTESIAN_POINT('',(-34.,0.,-13.5));
#8483=CARTESIAN_POINT('',(34.,0.,-13.5));
#8484=CARTESIAN_POINT('Origin',(35.,1.,5.5));
#8485=CARTESIAN_POINT('',(35.,1.2080571517938,5.5));
#8486=CARTESIAN_POINT('',(35.,1.,5.5));
#8487=CARTESIAN_POINT('',(-35.,1.2080571517938,5.50000000000001));
#8488=CARTESIAN_POINT('',(-34.,1.,5.50000000000001));
#8489=CARTESIAN_POINT('',(35.,1.,5.5));
#8490=CARTESIAN_POINT('',(-34.,0.,5.49999999999999));
#8491=CARTESIAN_POINT('',(34.,0.,5.49999999999999));
#8492=CARTESIAN_POINT('Origin',(35.,1.,13.5));
#8493=CARTESIAN_POINT('',(35.,11.5,-12.25));
#8494=CARTESIAN_POINT('',(35.,11.5,-11.75));
#8495=CARTESIAN_POINT('',(35.,11.5,-12.25));
#8496=CARTESIAN_POINT('',(35.,15.,-12.25));
#8497=CARTESIAN_POINT('',(35.,8.3042612161938,-18.8945722525828));
#8498=CARTESIAN_POINT('',(35.,8.3042612161938,-18.8945722525828));
#8499=CARTESIAN_POINT('',(35.,7.00000000000001,-19.));
#8500=CARTESIAN_POINT('Origin',(35.,7.49431818181817,-10.5909090909091));
#8501=CARTESIAN_POINT('Origin',(35.,7.49431818181817,-8.40909090909092));
#8502=CARTESIAN_POINT('Origin',(35.,7.49431818181817,8.40909090909092));
#8503=CARTESIAN_POINT('Origin',(35.,7.49431818181817,10.5909090909091));
#8504=CARTESIAN_POINT('',(35.,8.3042612161938,18.8945722525828));
#8505=CARTESIAN_POINT('',(35.,8.3042612161938,18.8945722525828));
#8506=CARTESIAN_POINT('',(35.,15.,17.));
#8507=CARTESIAN_POINT('',(35.,11.5,12.25));
#8508=CARTESIAN_POINT('',(35.,15.,12.25));
#8509=CARTESIAN_POINT('',(35.,11.5,11.75));
#8510=CARTESIAN_POINT('',(35.,11.5,12.25));
#8511=CARTESIAN_POINT('',(35.,3.50000000000001,11.75));
#8512=CARTESIAN_POINT('',(35.,11.5,11.75));
#8513=CARTESIAN_POINT('',(35.,3.50000000000001,6.74999999999998));
#8514=CARTESIAN_POINT('',(35.,3.50000000000001,6.74999999999998));
#8515=CARTESIAN_POINT('',(35.,11.5,6.74999999999998));
#8516=CARTESIAN_POINT('',(35.,3.50000000000001,6.74999999999998));
#8517=CARTESIAN_POINT('',(35.,11.5,6.24999999999998));
#8518=CARTESIAN_POINT('',(35.,11.5,6.74999999999998));
#8519=CARTESIAN_POINT('',(35.,15.,6.24999999999998));
#8520=CARTESIAN_POINT('',(35.,11.5,6.24999999999998));
#8521=CARTESIAN_POINT('',(35.,15.,-6.24999999999998));
#8522=CARTESIAN_POINT('',(35.,15.,17.));
#8523=CARTESIAN_POINT('',(35.,11.5,-6.24999999999998));
#8524=CARTESIAN_POINT('',(35.,11.5,-6.24999999999998));
#8525=CARTESIAN_POINT('',(35.,11.5,-6.74999999999998));
#8526=CARTESIAN_POINT('',(35.,11.5,-6.74999999999998));
#8527=CARTESIAN_POINT('',(35.,3.50000000000001,-6.74999999999998));
#8528=CARTESIAN_POINT('',(35.,3.50000000000001,-6.74999999999998));
#8529=CARTESIAN_POINT('',(35.,3.50000000000001,-11.75));
#8530=CARTESIAN_POINT('',(35.,3.50000000000001,-6.74999999999998));
#8531=CARTESIAN_POINT('',(35.,11.5,-11.75));
#8532=CARTESIAN_POINT('Origin',(0.,1.,0.));
#8533=CARTESIAN_POINT('',(-34.,1.,13.5));
#8534=CARTESIAN_POINT('Origin',(-35.,7.49431818181817,-10.5909090909091));
#8535=CARTESIAN_POINT('',(-14.,7.,-17.5));
#8536=CARTESIAN_POINT('Origin',(-35.,7.49431818181817,10.5909090909091));
#8537=CARTESIAN_POINT('',(14.,7.,17.5));
#8538=CARTESIAN_POINT('Origin',(-35.,7.49431818181817,-8.40909090909092));
#8539=CARTESIAN_POINT('',(-25.,3.16746907511842,-3.));
#8540=CARTESIAN_POINT('Origin',(-25.,7.49431818181817,-8.40909090909092));
#8541=CARTESIAN_POINT('',(25.,3.1674690751184,-3.));
#8542=CARTESIAN_POINT('Origin',(25.,7.49431818181817,-8.40909090909092));
#8543=CARTESIAN_POINT('',(31.5,3.1674690751184,-3.));
#8544=CARTESIAN_POINT('',(-35.,3.1674690751184,-3.00000000000001));
#8545=CARTESIAN_POINT('Origin',(31.5,7.49431818181817,-8.40909090909092));
#8546=CARTESIAN_POINT('',(-31.5,3.16746907511842,-3.));
#8547=CARTESIAN_POINT('Origin',(-31.5,7.49431818181817,-8.40909090909092));
#8548=CARTESIAN_POINT('',(-35.,3.16746907511842,-3.));
#8549=CARTESIAN_POINT('Origin',(-35.,7.49431818181817,8.40909090909092));
#8550=CARTESIAN_POINT('',(-25.,3.16746907511842,3.));
#8551=CARTESIAN_POINT('Origin',(-25.,7.49431818181817,8.40909090909092));
#8552=CARTESIAN_POINT('',(-31.5,3.16746907511842,3.));
#8553=CARTESIAN_POINT('',(-35.,3.16746907511842,3.));
#8554=CARTESIAN_POINT('Origin',(-31.5,7.49431818181817,8.40909090909092));
#8555=CARTESIAN_POINT('',(31.5,3.16746907511843,3.));
#8556=CARTESIAN_POINT('Origin',(31.5,7.49431818181817,8.40909090909092));
#8557=CARTESIAN_POINT('',(25.,3.16746907511842,3.));
#8558=CARTESIAN_POINT('',(-35.,3.16746907511843,2.99999999999999));
#8559=CARTESIAN_POINT('Origin',(25.,7.49431818181817,8.40909090909092));
#8560=CARTESIAN_POINT('Origin',(-34.,0.,13.5));
#8561=CARTESIAN_POINT('Origin',(34.,0.,13.5));
#8562=CARTESIAN_POINT('Origin',(-34.,0.,-13.5));
#8563=CARTESIAN_POINT('Origin',(34.,0.,-13.5));
#8564=CARTESIAN_POINT('Origin',(14.,6.96693573447955,10.4706457627509));
#8565=CARTESIAN_POINT('',(26.,13.,16.5));
#8566=CARTESIAN_POINT('Origin',(26.,6.96693573447955,10.4706457627509));
#8567=CARTESIAN_POINT('',(14.,13.,16.5));
#8568=CARTESIAN_POINT('',(14.,13.,16.5));
#8569=CARTESIAN_POINT('Origin',(14.,6.96693573447955,10.4706457627509));
#8570=CARTESIAN_POINT('Origin',(14.,9.04954373673837,11.2972624204302));
#8571=CARTESIAN_POINT('Origin',(26.,9.04954373673837,11.2972624204302));
#8572=CARTESIAN_POINT('Origin',(14.,9.04954373673837,11.2972624204302));
#8573=CARTESIAN_POINT('Origin',(14.,6.96693573447955,10.4706457627509));
#8574=CARTESIAN_POINT('Origin',(26.,6.96693573447955,10.4706457627509));
#8575=CARTESIAN_POINT('Origin',(-14.,6.96693573447955,10.4706457627509));
#8576=CARTESIAN_POINT('Origin',(-26.,6.96693573447955,10.4706457627509));
#8577=CARTESIAN_POINT('Origin',(-14.,6.96693573447955,10.4706457627509));
#8578=CARTESIAN_POINT('Origin',(-14.,6.96693573447955,10.4706457627509));
#8579=CARTESIAN_POINT('Origin',(-26.,6.96693573447955,10.4706457627509));
#8580=CARTESIAN_POINT('Origin',(14.,6.96693573447955,-10.4706457627509));
#8581=CARTESIAN_POINT('Origin',(26.,6.96693573447955,-10.4706457627509));
#8582=CARTESIAN_POINT('Origin',(14.,6.96693573447955,-10.4706457627509));
#8583=CARTESIAN_POINT('Origin',(14.,6.96693573447955,-10.4706457627509));
#8584=CARTESIAN_POINT('Origin',(26.,6.96693573447955,-10.4706457627509));
#8585=CARTESIAN_POINT('Origin',(-14.,6.96693573447955,-10.4706457627509));
#8586=CARTESIAN_POINT('',(-26.,13.,-16.5));
#8587=CARTESIAN_POINT('Origin',(-26.,6.96693573447955,-10.4706457627509));
#8588=CARTESIAN_POINT('',(-14.,13.,-16.5));
#8589=CARTESIAN_POINT('',(-14.,13.,-16.5));
#8590=CARTESIAN_POINT('Origin',(-14.,6.96693573447955,-10.4706457627509));
#8591=CARTESIAN_POINT('Origin',(-14.,9.04954373673837,-11.2972624204302));
#8592=CARTESIAN_POINT('Origin',(-26.,9.04954373673837,-11.2972624204302));
#8593=CARTESIAN_POINT('Origin',(-14.,9.04954373673837,-11.2972624204302));
#8594=CARTESIAN_POINT('Origin',(-14.,6.96693573447955,-10.4706457627509));
#8595=CARTESIAN_POINT('Origin',(-26.,6.96693573447955,-10.4706457627509));
#8596=CARTESIAN_POINT('Origin',(35.,8.3042612161938,-18.8945722525828));
#8597=CARTESIAN_POINT('',(35.,8.3042612161938,-18.8945722525828));
#8598=CARTESIAN_POINT('Origin',(35.,7.00000000000001,-19.));
#8599=CARTESIAN_POINT('Origin',(35.,8.3042612161938,18.8945722525828));
#8600=CARTESIAN_POINT('',(35.,8.3042612161938,18.8945722525828));
#8601=CARTESIAN_POINT('Origin',(35.,15.,17.));
#8602=CARTESIAN_POINT('Origin',(35.,15.,17.));
#8603=CARTESIAN_POINT('',(37.,15.,-7.24907207101449));
#8604=CARTESIAN_POINT('',(36.7,15.,-7.24907207101449));
#8605=CARTESIAN_POINT('',(37.,15.,-6.24999999999998));
#8606=CARTESIAN_POINT('',(37.,15.,-6.24999999999998));
#8607=CARTESIAN_POINT('',(37.,15.,-6.24999999999998));
#8608=CARTESIAN_POINT('',(37.,15.,6.24999999999998));
#8609=CARTESIAN_POINT('',(37.,15.,6.24999999999998));
#8610=CARTESIAN_POINT('',(37.,15.,7.24907207101449));
#8611=CARTESIAN_POINT('',(37.,15.,6.24999999999998));
#8612=CARTESIAN_POINT('',(36.7,15.,7.24907207101449));
#8613=CARTESIAN_POINT('Origin',(-35.,8.3042612161938,-18.8945722525828));
#8614=CARTESIAN_POINT('',(-35.,8.3042612161938,-18.8945722525828));
#8615=CARTESIAN_POINT('Origin',(-35.,15.,17.));
#8616=CARTESIAN_POINT('',(-35.,8.3042612161938,18.8945722525828));
#8617=CARTESIAN_POINT('Origin',(-35.,8.3042612161938,18.8945722525828));
#8618=CARTESIAN_POINT('Origin',(-35.,7.00000000000001,-19.));
#8619=CARTESIAN_POINT('Origin',(37.,4.,-12.5));
#8620=CARTESIAN_POINT('',(37.,4.,-12.5));
#8621=CARTESIAN_POINT('Origin',(37.,4.,-5.99999999999998));
#8622=CARTESIAN_POINT('',(37.,4.,-7.24907207101449));
#8623=CARTESIAN_POINT('',(37.,4.,-7.24907207101449));
#8624=CARTESIAN_POINT('',(37.,4.,-5.99999999999998));
#8625=CARTESIAN_POINT('',(37.,4.,-5.99999999999998));
#8626=CARTESIAN_POINT('Origin',(37.,7.,-5.99999999999998));
#8627=CARTESIAN_POINT('',(37.,7.,-5.99999999999998));
#8628=CARTESIAN_POINT('Origin',(37.,7.,-5.99999999999998));
#8629=CARTESIAN_POINT('',(37.,7.,-7.24907207101449));
#8630=CARTESIAN_POINT('',(37.,7.,-5.99999999999998));
#8631=CARTESIAN_POINT('',(37.,7.,-7.24907207101449));
#8632=CARTESIAN_POINT('Origin',(37.,0.,0.));
#8633=CARTESIAN_POINT('',(37.,1.,-12.25));
#8634=CARTESIAN_POINT('Origin',(37.,7.,5.99999999999998));
#8635=CARTESIAN_POINT('',(37.,7.,5.99999999999998));
#8636=CARTESIAN_POINT('',(37.,7.,5.99999999999998));
#8637=CARTESIAN_POINT('',(37.,4.,5.99999999999998));
#8638=CARTESIAN_POINT('',(37.,7.,5.99999999999998));
#8639=CARTESIAN_POINT('',(37.,4.,5.99999999999998));
#8640=CARTESIAN_POINT('Origin',(37.,4.,5.99999999999998));
#8641=CARTESIAN_POINT('',(37.,4.,7.24907207101449));
#8642=CARTESIAN_POINT('',(37.,4.,6.24999999999998));
#8643=CARTESIAN_POINT('',(37.,4.,5.99999999999998));
#8644=CARTESIAN_POINT('',(37.,4.,7.24907207101449));
#8645=CARTESIAN_POINT('',(37.,4.,5.99999999999998));
#8646=CARTESIAN_POINT('Origin',(37.,4.,12.5));
#8647=CARTESIAN_POINT('Origin',(37.,7.,5.99999999999998));
#8648=CARTESIAN_POINT('',(37.,7.,7.24907207101449));
#8649=CARTESIAN_POINT('',(37.,7.,7.24907207101449));
#8650=CARTESIAN_POINT('',(37.,7.,6.24999999999998));
#8651=CARTESIAN_POINT('',(37.,7.,5.99999999999998));
#8652=CARTESIAN_POINT('',(37.,7.,5.99999999999998));
#8653=CARTESIAN_POINT('Origin',(37.,0.,0.));
#8654=CARTESIAN_POINT('',(37.,1.,6.24999999999998));
#8655=CARTESIAN_POINT('Origin',(-37.,4.,-12.5));
#8656=CARTESIAN_POINT('Origin',(-37.,7.,-5.99999999999998));
#8657=CARTESIAN_POINT('Origin',(-37.,7.,5.99999999999998));
#8658=CARTESIAN_POINT('Origin',(-37.,4.,12.5));
#8659=CARTESIAN_POINT('Origin',(37.,0.,0.));
#8660=CARTESIAN_POINT('',(37.,0.,7.24907207101449));
#8661=CARTESIAN_POINT('',(37.,11.5,6.24999999999998));
#8662=CARTESIAN_POINT('Origin',(37.,0.,0.));
#8663=CARTESIAN_POINT('',(37.,1.,7.24907207101449));
#8664=CARTESIAN_POINT('',(37.,0.,7.24907207101449));
#8665=CARTESIAN_POINT('',(37.,1.,6.24999999999998));
#8666=CARTESIAN_POINT('',(37.,1.,6.24999999999998));
#8667=CARTESIAN_POINT('',(37.,1.,12.25));
#8668=CARTESIAN_POINT('Origin',(37.,11.5,11.75));
#8669=CARTESIAN_POINT('',(36.5,11.5,11.75));
#8670=CARTESIAN_POINT('',(37.,11.5,11.75));
#8671=CARTESIAN_POINT('',(36.5,3.50000000000001,11.75));
#8672=CARTESIAN_POINT('',(36.5,11.5,11.75));
#8673=CARTESIAN_POINT('',(37.,3.50000000000001,11.75));
#8674=CARTESIAN_POINT('Origin',(37.,3.50000000000001,6.74999999999998));
#8675=CARTESIAN_POINT('',(36.5,3.50000000000001,6.74999999999998));
#8676=CARTESIAN_POINT('',(36.5,3.50000000000001,6.74999999999998));
#8677=CARTESIAN_POINT('',(37.,3.50000000000001,6.74999999999998));
#8678=CARTESIAN_POINT('Origin',(37.,3.50000000000001,6.74999999999998));
#8679=CARTESIAN_POINT('',(36.5,11.5,6.74999999999998));
#8680=CARTESIAN_POINT('',(36.5,3.50000000000001,6.74999999999998));
#8681=CARTESIAN_POINT('',(37.,11.5,6.74999999999998));
#8682=CARTESIAN_POINT('Origin',(37.,11.5,6.74999999999998));
#8683=CARTESIAN_POINT('',(36.5,11.5,6.24999999999998));
#8684=CARTESIAN_POINT('',(36.5,11.5,6.24999999999998));
#8685=CARTESIAN_POINT('',(37.,11.5,6.24999999999998));
#8686=CARTESIAN_POINT('Origin',(37.,11.5,6.24999999999998));
#8687=CARTESIAN_POINT('',(36.5,1.,6.24999999999998));
#8688=CARTESIAN_POINT('',(36.5,1.,6.24999999999998));
#8689=CARTESIAN_POINT('',(37.,1.,6.24999999999998));
#8690=CARTESIAN_POINT('Origin',(37.,15.,12.25));
#8691=CARTESIAN_POINT('',(36.5,1.,12.25));
#8692=CARTESIAN_POINT('',(36.5,1.,12.25));
#8693=CARTESIAN_POINT('',(36.5,11.5,12.25));
#8694=CARTESIAN_POINT('',(36.5,1.,12.25));
#8695=CARTESIAN_POINT('',(37.,11.5,12.25));
#8696=CARTESIAN_POINT('Origin',(37.,11.5,12.25));
#8697=CARTESIAN_POINT('',(36.5,11.5,12.25));
#8698=CARTESIAN_POINT('Origin',(37.,0.,0.));
#8699=CARTESIAN_POINT('',(37.,0.,-7.24907207101449));
#8700=CARTESIAN_POINT('',(37.,11.5,-6.24999999999998));
#8701=CARTESIAN_POINT('Origin',(37.,3.50000000000001,-6.74999999999998));
#8702=CARTESIAN_POINT('',(36.5,11.5,-6.74999999999998));
#8703=CARTESIAN_POINT('',(37.,11.5,-6.74999999999998));
#8704=CARTESIAN_POINT('',(36.5,3.50000000000001,-6.74999999999998));
#8705=CARTESIAN_POINT('',(36.5,3.50000000000001,-6.74999999999998));
#8706=CARTESIAN_POINT('',(37.,3.50000000000001,-6.74999999999998));
#8707=CARTESIAN_POINT('Origin',(37.,3.50000000000001,-6.74999999999998));
#8708=CARTESIAN_POINT('',(36.5,3.50000000000001,-11.75));
#8709=CARTESIAN_POINT('',(36.5,3.50000000000001,-6.74999999999998));
#8710=CARTESIAN_POINT('',(37.,3.50000000000001,-11.75));
#8711=CARTESIAN_POINT('Origin',(37.,11.5,-11.75));
#8712=CARTESIAN_POINT('',(36.5,11.5,-11.75));
#8713=CARTESIAN_POINT('',(36.5,11.5,-11.75));
#8714=CARTESIAN_POINT('',(37.,11.5,-11.75));
#8715=CARTESIAN_POINT('Origin',(37.,11.5,-12.25));
#8716=CARTESIAN_POINT('',(36.5,11.5,-12.25));
#8717=CARTESIAN_POINT('',(36.5,11.5,-6.24999999999998));
#8718=CARTESIAN_POINT('',(37.,11.5,-12.25));
#8719=CARTESIAN_POINT('Origin',(37.,15.,-12.25));
#8720=CARTESIAN_POINT('',(36.5,1.,-12.25));
#8721=CARTESIAN_POINT('',(36.5,1.,-12.25));
#8722=CARTESIAN_POINT('',(36.5,1.,-12.25));
#8723=CARTESIAN_POINT('Origin',(37.,11.5,-6.24999999999998));
#8724=CARTESIAN_POINT('',(37.,1.,-6.24999999999998));
#8725=CARTESIAN_POINT('',(37.,1.,-6.24999999999998));
#8726=CARTESIAN_POINT('',(36.5,1.,-6.24999999999998));
#8727=CARTESIAN_POINT('',(37.,1.,-6.24999999999998));
#8728=CARTESIAN_POINT('',(36.5,11.5,-6.24999999999998));
#8729=CARTESIAN_POINT('',(36.5,1.,-6.24999999999998));
#8730=CARTESIAN_POINT('',(37.,11.5,-6.24999999999998));
#8731=CARTESIAN_POINT('Origin',(37.,11.5,-6.74999999999998));
#8732=CARTESIAN_POINT('',(36.5,11.5,-6.74999999999998));
#8733=CARTESIAN_POINT('Origin',(37.,0.,0.));
#8734=CARTESIAN_POINT('',(37.,1.,-7.24907207101449));
#8735=CARTESIAN_POINT('',(37.,0.,-7.24907207101449));
#8736=CARTESIAN_POINT('',(37.,1.,-12.25));
#8737=CARTESIAN_POINT('Origin',(36.5,1.,-6.24999999999998));
#8738=CARTESIAN_POINT('',(36.5,1.,-6.24999999999998));
#8739=CARTESIAN_POINT('Origin',(0.,1.,0.));
#8740=CARTESIAN_POINT('',(36.7,1.,-7.24907207101449));
#8741=CARTESIAN_POINT('',(36.7,1.,-11.2509279289855));
#8742=CARTESIAN_POINT('',(36.7,1.,0.));
#8743=CARTESIAN_POINT('',(0.,1.,-11.2509279289855));
#8744=CARTESIAN_POINT('',(0.,1.,-7.24907207101449));
#8745=CARTESIAN_POINT('Origin',(36.5,1.,6.24999999999998));
#8746=CARTESIAN_POINT('',(36.5,1.,6.24999999999998));
#8747=CARTESIAN_POINT('Origin',(0.,1.,0.));
#8748=CARTESIAN_POINT('',(36.7,1.,11.2509279289855));
#8749=CARTESIAN_POINT('',(0.,1.,11.2509279289855));
#8750=CARTESIAN_POINT('',(36.7,1.,7.24907207101449));
#8751=CARTESIAN_POINT('',(36.7,1.,0.));
#8752=CARTESIAN_POINT('',(0.,1.,7.24907207101449));
#8753=CARTESIAN_POINT('Origin',(36.7,0.,0.));
#8754=CARTESIAN_POINT('',(36.7,15.,11.2509279289855));
#8755=CARTESIAN_POINT('',(36.7,1.33886042371459E-14,7.24907207101449));
#8756=CARTESIAN_POINT('Origin',(36.7,1.33886042371459E-14,7.24907207101449));
#8757=CARTESIAN_POINT('Origin',(36.7,15.,11.2509279289855));
#8758=CARTESIAN_POINT('Origin',(36.7,0.,0.));
#8759=CARTESIAN_POINT('',(36.7,-4.89183570668576E-16,-7.24907207101449));
#8760=CARTESIAN_POINT('',(36.7,15.,-11.2509279289855));
#8761=CARTESIAN_POINT('Origin',(36.7,-4.89183570668576E-16,-7.24907207101449));
#8762=CARTESIAN_POINT('Origin',(36.7,15.,-11.2509279289855));
#8763=CARTESIAN_POINT('Origin',(36.7,-4.89183570668576E-16,-7.24907207101449));
#8764=CARTESIAN_POINT('Origin',(36.7,15.,-11.2509279289855));
#8765=CARTESIAN_POINT('Origin',(36.7,1.33886042371459E-14,7.24907207101449));
#8766=CARTESIAN_POINT('Origin',(36.7,15.,11.2509279289855));
#8767=CARTESIAN_POINT('Origin',(-37.,15.,12.25));
#8768=CARTESIAN_POINT('',(-36.5,1.,12.25));
#8769=CARTESIAN_POINT('Origin',(-37.,11.5,6.24999999999998));
#8770=CARTESIAN_POINT('',(-36.5,1.,6.24999999999998));
#8771=CARTESIAN_POINT('Origin',(-37.,11.5,-6.24999999999998));
#8772=CARTESIAN_POINT('',(-36.5,1.,-6.24999999999998));
#8773=CARTESIAN_POINT('Origin',(-37.,15.,-12.25));
#8774=CARTESIAN_POINT('',(-36.5,1.,-12.25));
#8775=CARTESIAN_POINT('Origin',(-36.5,1.,-6.24999999999998));
#8776=CARTESIAN_POINT('Origin',(-36.5,1.,6.24999999999998));
#8777=CARTESIAN_POINT('Origin',(-36.7,0.,0.));
#8778=CARTESIAN_POINT('',(-36.7,1.33886042371459E-14,7.24907207101449));
#8779=CARTESIAN_POINT('',(-36.7,15.,11.2509279289855));
#8780=CARTESIAN_POINT('Origin',(-36.7,1.33886042371459E-14,7.24907207101449));
#8781=CARTESIAN_POINT('Origin',(-36.7,15.,11.2509279289855));
#8782=CARTESIAN_POINT('Origin',(-36.7,0.,0.));
#8783=CARTESIAN_POINT('',(-36.7,15.,-11.2509279289855));
#8784=CARTESIAN_POINT('',(-36.7,-4.89183570668576E-16,-7.24907207101449));
#8785=CARTESIAN_POINT('Origin',(-36.7,-4.89183570668576E-16,-7.24907207101449));
#8786=CARTESIAN_POINT('Origin',(-36.7,15.,-11.2509279289855));
#8787=CARTESIAN_POINT('Origin',(-36.7,-4.89183570668576E-16,-7.24907207101449));
#8788=CARTESIAN_POINT('Origin',(-36.7,15.,-11.2509279289855));
#8789=CARTESIAN_POINT('Origin',(-36.7,1.33886042371459E-14,7.24907207101449));
#8790=CARTESIAN_POINT('Origin',(-36.7,15.,11.2509279289855));
#8791=CARTESIAN_POINT('Origin',(2.5,4.,19.5));
#8792=CARTESIAN_POINT('',(2.5,4.,18.));
#8793=CARTESIAN_POINT('',(2.5,4.,19.5));
#8794=CARTESIAN_POINT('',(2.5,4.,18.));
#8795=CARTESIAN_POINT('Origin',(-2.5,4.,18.));
#8796=CARTESIAN_POINT('',(-2.5,4.,18.));
#8797=CARTESIAN_POINT('',(-2.5,4.,18.));
#8798=CARTESIAN_POINT('',(-2.5,4.,18.));
#8799=CARTESIAN_POINT('Origin',(0.,4.,0.));
#8800=CARTESIAN_POINT('',(2.5,4.,18.));
#8801=CARTESIAN_POINT('Origin',(2.5,4.,18.));
#8802=CARTESIAN_POINT('Origin',(2.5,4.,-19.5));
#8803=CARTESIAN_POINT('',(2.5,4.,-18.));
#8804=CARTESIAN_POINT('',(2.5,4.,-18.));
#8805=CARTESIAN_POINT('',(2.5,4.,-19.5));
#8806=CARTESIAN_POINT('Origin',(-2.5,4.,-18.));
#8807=CARTESIAN_POINT('',(-2.5,4.,-18.));
#8808=CARTESIAN_POINT('',(-2.5,4.,-18.));
#8809=CARTESIAN_POINT('',(-2.5,4.,-18.));
#8810=CARTESIAN_POINT('Origin',(0.,4.,0.));
#8811=CARTESIAN_POINT('',(2.5,4.,-18.));
#8812=CARTESIAN_POINT('Origin',(2.5,4.,-18.));
#8813=CARTESIAN_POINT('Origin',(31.5,1.,-3.));
#8814=CARTESIAN_POINT('',(31.5,1.,-3.));
#8815=CARTESIAN_POINT('',(31.5,1.,-3.));
#8816=CARTESIAN_POINT('',(31.5,1.,3.));
#8817=CARTESIAN_POINT('',(31.5,1.,-3.));
#8818=CARTESIAN_POINT('',(31.5,1.,3.));
#8819=CARTESIAN_POINT('Origin',(31.5,1.,3.));
#8820=CARTESIAN_POINT('',(25.,1.,3.));
#8821=CARTESIAN_POINT('',(31.5,1.,3.));
#8822=CARTESIAN_POINT('',(25.,1.,3.));
#8823=CARTESIAN_POINT('Origin',(25.,1.,-3.));
#8824=CARTESIAN_POINT('',(25.,1.,-3.));
#8825=CARTESIAN_POINT('',(25.,1.,-3.));
#8826=CARTESIAN_POINT('',(25.,1.,-3.));
#8827=CARTESIAN_POINT('Origin',(31.5,1.,-3.));
#8828=CARTESIAN_POINT('',(31.5,1.,-3.));
#8829=CARTESIAN_POINT('Origin',(0.,1.,0.));
#8830=CARTESIAN_POINT('Origin',(-25.,1.,-3.));
#8831=CARTESIAN_POINT('',(-25.,1.,-3.));
#8832=CARTESIAN_POINT('',(-25.,1.,-3.));
#8833=CARTESIAN_POINT('',(-25.,1.,3.));
#8834=CARTESIAN_POINT('',(-25.,1.,-3.));
#8835=CARTESIAN_POINT('',(-25.,1.,3.));
#8836=CARTESIAN_POINT('Origin',(-31.5,1.,3.));
#8837=CARTESIAN_POINT('',(-31.5,1.,3.));
#8838=CARTESIAN_POINT('',(-31.5,1.,3.));
#8839=CARTESIAN_POINT('',(-31.5,1.,3.));
#8840=CARTESIAN_POINT('Origin',(-31.5,1.,-3.));
#8841=CARTESIAN_POINT('',(-31.5,1.,-3.));
#8842=CARTESIAN_POINT('',(-31.5,1.,-3.));
#8843=CARTESIAN_POINT('',(-31.5,1.,-3.));
#8844=CARTESIAN_POINT('Origin',(-31.5,1.,-3.));
#8845=CARTESIAN_POINT('',(-31.5,1.,-3.));
#8846=CARTESIAN_POINT('Origin',(0.,1.,0.));
#8847=CARTESIAN_POINT('',(0.,0.,0.));
#8848=CARTESIAN_POINT('Origin',(-4.3,9.8,-2.));
#8849=CARTESIAN_POINT('',(-4.8,10.3,-2.));
#8850=CARTESIAN_POINT('',(-4.8,9.3,-2.));
#8851=CARTESIAN_POINT('Origin',(-4.3,9.8,-2.));
#8852=CARTESIAN_POINT('',(-4.8,10.3,-3.));
#8853=CARTESIAN_POINT('',(-4.8,10.3,-2.));
#8854=CARTESIAN_POINT('',(-4.8,9.3,-3.));
#8855=CARTESIAN_POINT('Origin',(-4.3,9.8,-3.));
#8856=CARTESIAN_POINT('',(-4.8,9.3,-2.));
#8857=CARTESIAN_POINT('Origin',(0.,-0.00100000000000002,0.));
#8858=CARTESIAN_POINT('',(-9.18485099360515E-17,0.,-0.75));
#8859=CARTESIAN_POINT('Origin',(0.,0.,0.));
#8860=CARTESIAN_POINT('',(-9.18485099360515E-17,0.3,-0.75));
#8861=CARTESIAN_POINT('',(-9.18485099360515E-17,-0.00100000000000002,-0.75));
#8862=CARTESIAN_POINT('Origin',(0.,0.3,0.));
#8863=CARTESIAN_POINT('Origin',(-4.8,-3.67394039744207E-17,3.));
#8864=CARTESIAN_POINT('',(-4.8,1.8,-1.75));
#8865=CARTESIAN_POINT('',(-4.8,0.5,-1.75));
#8866=CARTESIAN_POINT('',(-4.8,-2.52980506913284E-16,-1.75));
#8867=CARTESIAN_POINT('',(-4.8,0.5,1.75));
#8868=CARTESIAN_POINT('',(-4.8,0.5,1.75));
#8869=CARTESIAN_POINT('',(-4.8,1.8,1.75));
#8870=CARTESIAN_POINT('',(-4.8,0.,1.75));
#8871=CARTESIAN_POINT('',(-4.8,1.8,3.));
#8872=CARTESIAN_POINT('',(-4.8,1.8,0.));
#8873=CARTESIAN_POINT('',(-4.8,5.5,3.));
#8874=CARTESIAN_POINT('',(-4.8,-3.67394039744207E-17,3.));
#8875=CARTESIAN_POINT('',(-4.8,5.5,2.));
#8876=CARTESIAN_POINT('',(-4.8,5.5,2.));
#8877=CARTESIAN_POINT('',(-4.8,7.3,2.));
#8878=CARTESIAN_POINT('',(-4.8,7.3,2.));
#8879=CARTESIAN_POINT('',(-4.8,7.3,3.));
#8880=CARTESIAN_POINT('',(-4.8,7.3,2.));
#8881=CARTESIAN_POINT('',(-4.8,9.3,3.));
#8882=CARTESIAN_POINT('',(-4.8,-3.67394039744207E-17,3.));
#8883=CARTESIAN_POINT('',(-4.8,9.3,2.));
#8884=CARTESIAN_POINT('',(-4.8,9.3,2.));
#8885=CARTESIAN_POINT('',(-4.8,10.3,2.));
#8886=CARTESIAN_POINT('',(-4.8,10.3,2.));
#8887=CARTESIAN_POINT('',(-4.8,10.3,3.));
#8888=CARTESIAN_POINT('',(-4.8,10.3,2.));
#8889=CARTESIAN_POINT('',(-4.8,13.4999999994707,3.));
#8890=CARTESIAN_POINT('',(-4.8,-3.67394039744207E-17,3.));
#8891=CARTESIAN_POINT('',(-4.8,13.4999999989415,-3.));
#8892=CARTESIAN_POINT('',(-4.8,13.5,3.));
#8893=CARTESIAN_POINT('',(-4.8,-3.67394039744207E-17,-3.));
#8894=CARTESIAN_POINT('',(-4.8,10.3,-2.));
#8895=CARTESIAN_POINT('',(-4.8,7.3,-3.));
#8896=CARTESIAN_POINT('',(-4.8,-3.67394039744207E-17,-3.));
#8897=CARTESIAN_POINT('',(-4.8,7.3,-2.));
#8898=CARTESIAN_POINT('',(-4.8,7.3,-2.));
#8899=CARTESIAN_POINT('',(-4.8,5.5,-2.));
#8900=CARTESIAN_POINT('',(-4.8,7.3,-2.));
#8901=CARTESIAN_POINT('',(-4.8,5.5,-3.));
#8902=CARTESIAN_POINT('',(-4.8,5.5,-2.));
#8903=CARTESIAN_POINT('',(-4.8,1.8,-3.));
#8904=CARTESIAN_POINT('',(-4.8,-3.67394039744207E-17,-3.));
#8905=CARTESIAN_POINT('',(-4.8,1.8,0.));
#8906=CARTESIAN_POINT('Origin',(0.,0.,-2.));
#8907=CARTESIAN_POINT('',(-4.5,6.22,-2.));
#8908=CARTESIAN_POINT('',(-4.5,7.3,-2.));
#8909=CARTESIAN_POINT('',(-4.5,7.3,-2.));
#8910=CARTESIAN_POINT('',(-6.04260355029586,2.51775147928994,-2.));
#8911=CARTESIAN_POINT('',(-4.8,7.3,-2.));
#8912=CARTESIAN_POINT('Origin',(-4.5,0.,3.));
#8913=CARTESIAN_POINT('',(-4.5,1.8,1.75));
#8914=CARTESIAN_POINT('',(-4.5,0.8,1.75));
#8915=CARTESIAN_POINT('',(-4.5,0.,1.75));
#8916=CARTESIAN_POINT('',(-4.5,0.8,-1.75));
#8917=CARTESIAN_POINT('',(-4.5,0.8,-1.75));
#8918=CARTESIAN_POINT('',(-4.5,1.8,-1.75));
#8919=CARTESIAN_POINT('',(-4.5,-2.52980506913284E-16,-1.75));
#8920=CARTESIAN_POINT('',(-4.5,1.8,-3.));
#8921=CARTESIAN_POINT('',(-4.5,1.8,0.));
#8922=CARTESIAN_POINT('',(-4.5,5.5,-3.));
#8923=CARTESIAN_POINT('',(-4.5,0.,-3.));
#8924=CARTESIAN_POINT('',(-4.5,5.5,-2.));
#8925=CARTESIAN_POINT('',(-4.5,5.5,-2.));
#8926=CARTESIAN_POINT('',(-4.5,7.3,-2.));
#8927=CARTESIAN_POINT('',(-4.5,7.3,-3.));
#8928=CARTESIAN_POINT('',(-4.5,7.3,-2.));
#8929=CARTESIAN_POINT('',(-4.5,13.5,-3.));
#8930=CARTESIAN_POINT('',(-4.5,0.,-3.));
#8931=CARTESIAN_POINT('',(-4.5,13.5,3.));
#8932=CARTESIAN_POINT('',(-4.5,13.5,3.));
#8933=CARTESIAN_POINT('',(-4.5,7.3,3.));
#8934=CARTESIAN_POINT('',(-4.5,0.,3.));
#8935=CARTESIAN_POINT('',(-4.5,7.3,2.));
#8936=CARTESIAN_POINT('',(-4.5,7.3,2.));
#8937=CARTESIAN_POINT('',(-4.5,6.22,2.));
#8938=CARTESIAN_POINT('',(-4.5,7.3,2.));
#8939=CARTESIAN_POINT('',(-4.5,5.5,2.));
#8940=CARTESIAN_POINT('',(-4.5,7.3,2.));
#8941=CARTESIAN_POINT('',(-4.5,5.5,3.));
#8942=CARTESIAN_POINT('',(-4.5,5.5,2.));
#8943=CARTESIAN_POINT('',(-4.5,1.8,3.));
#8944=CARTESIAN_POINT('',(-4.5,0.,3.));
#8945=CARTESIAN_POINT('',(-4.5,1.8,0.));
#8946=CARTESIAN_POINT('Origin',(0.,0.,-3.));
#8947=CARTESIAN_POINT('',(-4.3,6.7,-3.));
#8948=CARTESIAN_POINT('',(-4.8,5.5,-3.));
#8949=CARTESIAN_POINT('',(-4.3,7.3,-3.));
#8950=CARTESIAN_POINT('',(-4.3,7.3,-3.));
#8951=CARTESIAN_POINT('',(-4.,7.3,-3.));
#8952=CARTESIAN_POINT('',(-4.,7.3,-3.));
#8953=CARTESIAN_POINT('',(-4.,6.7,-3.));
#8954=CARTESIAN_POINT('',(-4.,6.7,-3.));
#8955=CARTESIAN_POINT('',(-4.5,5.5,-3.));
#8956=CARTESIAN_POINT('',(-8.801,1.8,-3.));
#8957=CARTESIAN_POINT('Origin',(0.,0.,-3.));
#8958=CARTESIAN_POINT('',(-4.8,7.3,-3.));
#8959=CARTESIAN_POINT('',(-6.22415848549527,13.4359918986457,-3.));
#8960=CARTESIAN_POINT('Ctrl Pts',(-6.22415848549527,13.4359918986457,-3.));
#8961=CARTESIAN_POINT('Ctrl Pts',(-6.16268570934609,13.5967813644019,-3.));
#8962=CARTESIAN_POINT('Ctrl Pts',(-6.00357661318527,13.9245421528661,-3.));
#8963=CARTESIAN_POINT('Ctrl Pts',(-5.64521386144599,14.387952807242,-3.));
#8964=CARTESIAN_POINT('Ctrl Pts',(-5.27467632654997,14.5714822735042,-3.));
#8965=CARTESIAN_POINT('Ctrl Pts',(-5.1140111100665,14.5372311220832,-3.));
#8966=CARTESIAN_POINT('Ctrl Pts',(-4.98562793105204,14.4411977588107,-3.));
#8967=CARTESIAN_POINT('Ctrl Pts',(-4.86559596829152,14.1683261822715,-3.));
#8968=CARTESIAN_POINT('Ctrl Pts',(-4.81050135875896,13.8342902722518,-3.));
#8969=CARTESIAN_POINT('Ctrl Pts',(-4.80000000056354,13.6064776401494,-3.));
#8970=CARTESIAN_POINT('Ctrl Pts',(-4.8,13.4999999984122,-3.));
#8971=CARTESIAN_POINT('',(-8.23490327755651,9.23965494130054,-3.));
#8972=CARTESIAN_POINT('',(-6.22415848549527,13.4359918986457,-3.));
#8973=CARTESIAN_POINT('',(-8.5,8.07293045413804,-3.));
#8974=CARTESIAN_POINT('Origin',(-5.8,8.07293045413804,-3.));
#8975=CARTESIAN_POINT('',(-8.5,5.75457395787957,-3.));
#8976=CARTESIAN_POINT('',(-8.5,8.07293045413804,-3.));
#8977=CARTESIAN_POINT('',(-8.8,5.75457395787957,-3.));
#8978=CARTESIAN_POINT('',(-8.8,5.75457395787957,-3.));
#8979=CARTESIAN_POINT('',(-8.8,8.07293045413804,-3.));
#8980=CARTESIAN_POINT('',(-8.8,8.07293045413804,-3.));
#8981=CARTESIAN_POINT('',(-8.50544808617389,9.3692909954297,-3.));
#8982=CARTESIAN_POINT('Origin',(-5.8,8.07293045413804,-3.));
#8983=CARTESIAN_POINT('',(-6.5,13.5545739578796,-3.));
#8984=CARTESIAN_POINT('',(-6.5,13.5545739578796,-3.));
#8985=CARTESIAN_POINT('Ctrl Pts',(-4.5,13.5,-3.));
#8986=CARTESIAN_POINT('Ctrl Pts',(-4.50000001062745,15.5079927558235,-3.));
#8987=CARTESIAN_POINT('Ctrl Pts',(-5.92632854492737,15.0550808905236,-3.));
#8988=CARTESIAN_POINT('Ctrl Pts',(-6.5,13.5545739578796,-3.));
#8989=CARTESIAN_POINT('Origin',(0.,0.,3.));
#8990=CARTESIAN_POINT('Origin',(-4.3,9.8,3.));
#8991=CARTESIAN_POINT('',(-4.8,7.3,3.));
#8992=CARTESIAN_POINT('',(-6.5,13.5545739578796,3.));
#8993=CARTESIAN_POINT('Ctrl Pts',(-4.5,13.5,3.));
#8994=CARTESIAN_POINT('Ctrl Pts',(-4.50000001062745,15.5079927558235,3.));
#8995=CARTESIAN_POINT('Ctrl Pts',(-5.92632854492737,15.0550808905236,3.));
#8996=CARTESIAN_POINT('Ctrl Pts',(-6.5,13.5545739578796,3.));
#8997=CARTESIAN_POINT('',(-8.50544808617389,9.3692909954297,3.));
#8998=CARTESIAN_POINT('',(-6.5,13.5545739578796,3.));
#8999=CARTESIAN_POINT('',(-8.8,8.07293045413804,3.));
#9000=CARTESIAN_POINT('Origin',(-5.8,8.07293045413804,3.));
#9001=CARTESIAN_POINT('',(-8.8,5.75457395787957,3.));
#9002=CARTESIAN_POINT('',(-8.8,8.07293045413804,3.));
#9003=CARTESIAN_POINT('',(-8.5,5.75457395787957,3.));
#9004=CARTESIAN_POINT('',(-8.8,5.75457395787957,3.));
#9005=CARTESIAN_POINT('',(-8.5,8.07293045413804,3.));
#9006=CARTESIAN_POINT('',(-8.5,8.07293045413804,3.));
#9007=CARTESIAN_POINT('',(-8.23490327755651,9.23965494130054,3.));
#9008=CARTESIAN_POINT('Origin',(-5.8,8.07293045413804,3.));
#9009=CARTESIAN_POINT('',(-6.22415848549527,13.4359918986457,3.));
#9010=CARTESIAN_POINT('',(-6.22415848549527,13.4359918986457,3.));
#9011=CARTESIAN_POINT('Ctrl Pts',(-6.22415848549527,13.4359918986457,3.));
#9012=CARTESIAN_POINT('Ctrl Pts',(-6.16268570934609,13.5967813644019,3.));
#9013=CARTESIAN_POINT('Ctrl Pts',(-6.00357661318527,13.9245421528661,3.));
#9014=CARTESIAN_POINT('Ctrl Pts',(-5.64521386144599,14.387952807242,3.));
#9015=CARTESIAN_POINT('Ctrl Pts',(-5.27467632654997,14.5714822735042,3.));
#9016=CARTESIAN_POINT('Ctrl Pts',(-5.1140111100665,14.5372311220832,3.));
#9017=CARTESIAN_POINT('Ctrl Pts',(-4.98562793105204,14.4411977588107,3.));
#9018=CARTESIAN_POINT('Ctrl Pts',(-4.86559596829152,14.1683261822715,3.));
#9019=CARTESIAN_POINT('Ctrl Pts',(-4.81050135882742,13.8342902726669,3.));
#9020=CARTESIAN_POINT('Ctrl Pts',(-4.80000000061574,13.6064776412817,3.));
#9021=CARTESIAN_POINT('Ctrl Pts',(-4.8,13.5,3.));
#9022=CARTESIAN_POINT('Origin',(0.,0.,0.));
#9023=CARTESIAN_POINT('',(-4.3,0.,1.75));
#9024=CARTESIAN_POINT('',(-2.,0.,1.75));
#9025=CARTESIAN_POINT('',(-4.5,0.,1.75));
#9026=CARTESIAN_POINT('',(-4.3,0.,-1.75));
#9027=CARTESIAN_POINT('',(-4.3,0.,-1.75));
#9028=CARTESIAN_POINT('',(-2.,0.,-1.75));
#9029=CARTESIAN_POINT('',(-2.,0.,-1.75));
#9030=CARTESIAN_POINT('',(-2.,0.,-3.));
#9031=CARTESIAN_POINT('',(-2.,0.,-1.75));
#9032=CARTESIAN_POINT('',(2.,0.,-3.));
#9033=CARTESIAN_POINT('',(-2.,0.,-3.));
#9034=CARTESIAN_POINT('',(2.,0.,3.));
#9035=CARTESIAN_POINT('',(2.,0.,-3.));
#9036=CARTESIAN_POINT('',(-2.,0.,3.));
#9037=CARTESIAN_POINT('',(2.,0.,3.));
#9038=CARTESIAN_POINT('',(-2.,0.,3.));
#9039=CARTESIAN_POINT('Origin',(-2.,0.3,-1.75));
#9040=CARTESIAN_POINT('',(-2.,0.3,-1.75));
#9041=CARTESIAN_POINT('',(-2.,0.3,-1.75));
#9042=CARTESIAN_POINT('',(-2.,0.3,-3.));
#9043=CARTESIAN_POINT('',(-2.,0.3,-1.75));
#9044=CARTESIAN_POINT('',(-2.,0.3,-3.));
#9045=CARTESIAN_POINT('Origin',(-2.,0.3,-1.75));
#9046=CARTESIAN_POINT('Origin',(-4.3,0.5,-1.75));
#9047=CARTESIAN_POINT('',(-8.801,1.8,-1.75));
#9048=CARTESIAN_POINT('',(-4.,0.3,-1.75));
#9049=CARTESIAN_POINT('Origin',(-4.,0.8,-1.75));
#9050=CARTESIAN_POINT('',(-2.,0.3,-1.75));
#9051=CARTESIAN_POINT('Origin',(-4.5,0.3,1.75));
#9052=CARTESIAN_POINT('Origin',(-4.3,0.5,1.75));
#9053=CARTESIAN_POINT('',(-2.,0.3,1.75));
#9054=CARTESIAN_POINT('',(-2.,0.3,1.75));
#9055=CARTESIAN_POINT('',(-4.,0.3,1.75));
#9056=CARTESIAN_POINT('',(-4.5,0.3,1.75));
#9057=CARTESIAN_POINT('Origin',(-4.,0.8,1.75));
#9058=CARTESIAN_POINT('',(-8.801,1.8,1.75));
#9059=CARTESIAN_POINT('Origin',(-2.,0.3,3.));
#9060=CARTESIAN_POINT('',(-2.,0.3,3.));
#9061=CARTESIAN_POINT('',(-2.,0.3,3.));
#9062=CARTESIAN_POINT('',(-2.,0.3,3.));
#9063=CARTESIAN_POINT('Origin',(2.,0.3,3.));
#9064=CARTESIAN_POINT('',(2.,0.3,3.));
#9065=CARTESIAN_POINT('',(2.,0.3,3.));
#9066=CARTESIAN_POINT('',(2.,0.3,3.));
#9067=CARTESIAN_POINT('Origin',(2.,0.3,-3.));
#9068=CARTESIAN_POINT('',(2.,0.3,-3.));
#9069=CARTESIAN_POINT('',(2.,0.3,-3.));
#9070=CARTESIAN_POINT('',(2.,0.3,-3.));
#9071=CARTESIAN_POINT('Origin',(-2.,0.3,-3.));
#9072=CARTESIAN_POINT('',(-2.,0.3,-3.));
#9073=CARTESIAN_POINT('Origin',(0.,0.3,0.));
#9074=CARTESIAN_POINT('',(-4.,0.3,1.75));
#9075=CARTESIAN_POINT('Origin',(0.,0.,3.));
#9076=CARTESIAN_POINT('',(-4.,6.7,3.));
#9077=CARTESIAN_POINT('',(-4.5,5.5,3.));
#9078=CARTESIAN_POINT('',(-4.,7.3,3.));
#9079=CARTESIAN_POINT('',(-4.,6.7,3.));
#9080=CARTESIAN_POINT('',(-4.3,7.3,3.));
#9081=CARTESIAN_POINT('',(-4.,7.3,3.));
#9082=CARTESIAN_POINT('',(-4.3,6.7,3.));
#9083=CARTESIAN_POINT('',(-4.3,7.3,3.));
#9084=CARTESIAN_POINT('',(-4.8,5.5,3.));
#9085=CARTESIAN_POINT('',(-8.801,1.8,3.));
#9086=CARTESIAN_POINT('Ctrl Pts',(-4.5,13.5,3.));
#9087=CARTESIAN_POINT('Ctrl Pts',(-4.5,13.5,-4.2));
#9088=CARTESIAN_POINT('Ctrl Pts',(-4.50000001062745,15.5079927558235,3.));
#9089=CARTESIAN_POINT('Ctrl Pts',(-4.50000001062745,15.5079927558235,-4.2));
#9090=CARTESIAN_POINT('Ctrl Pts',(-5.92632854492737,15.0550808905236,3.));
#9091=CARTESIAN_POINT('Ctrl Pts',(-5.92632854492737,15.0550808905236,-4.2));
#9092=CARTESIAN_POINT('Ctrl Pts',(-6.5,13.5545739578796,3.));
#9093=CARTESIAN_POINT('Ctrl Pts',(-6.5,13.5545739578796,-4.2));
#9094=CARTESIAN_POINT('',(-6.5,13.5545739578796,3.));
#9095=CARTESIAN_POINT('Origin',(-6.5,13.5545739578796,3.));
#9096=CARTESIAN_POINT('',(-8.50544808617389,9.3692909954297,3.));
#9097=CARTESIAN_POINT('Origin',(-5.8,8.07293045413804,3.));
#9098=CARTESIAN_POINT('',(-8.8,8.07293045413804,3.));
#9099=CARTESIAN_POINT('Origin',(-8.8,8.07293045413804,3.));
#9100=CARTESIAN_POINT('',(-8.8,5.75457395787957,3.));
#9101=CARTESIAN_POINT('Origin',(-8.8,5.75457395787957,3.));
#9102=CARTESIAN_POINT('',(-8.5,5.75457395787957,3.));
#9103=CARTESIAN_POINT('Origin',(-8.5,8.07293045413804,3.));
#9104=CARTESIAN_POINT('',(-8.5,8.07293045413804,3.));
#9105=CARTESIAN_POINT('Origin',(-5.8,8.07293045413804,3.));
#9106=CARTESIAN_POINT('',(-8.23490327755651,9.23965494130054,3.));
#9107=CARTESIAN_POINT('Origin',(-6.22415848549527,13.4359918986457,3.));
#9108=CARTESIAN_POINT('',(-6.22415848549527,13.4359918986457,3.));
#9109=CARTESIAN_POINT('Ctrl Pts',(-6.22415848549527,13.4359918986457,3.));
#9110=CARTESIAN_POINT('Ctrl Pts',(-6.22415848549527,13.4359918986457,-4.2));
#9111=CARTESIAN_POINT('Ctrl Pts',(-6.16268570934609,13.5967813644019,3.));
#9112=CARTESIAN_POINT('Ctrl Pts',(-6.16268570934609,13.5967813644019,-4.2));
#9113=CARTESIAN_POINT('Ctrl Pts',(-6.00357661318527,13.9245421528661,3.));
#9114=CARTESIAN_POINT('Ctrl Pts',(-6.00357661318527,13.9245421528661,-4.2));
#9115=CARTESIAN_POINT('Ctrl Pts',(-5.64521386144599,14.387952807242,3.));
#9116=CARTESIAN_POINT('Ctrl Pts',(-5.64521386144599,14.387952807242,-4.2));
#9117=CARTESIAN_POINT('Ctrl Pts',(-5.27467632654997,14.5714822735042,3.));
#9118=CARTESIAN_POINT('Ctrl Pts',(-5.27467632654997,14.5714822735042,-4.2));
#9119=CARTESIAN_POINT('Ctrl Pts',(-5.1140111100665,14.5372311220832,3.));
#9120=CARTESIAN_POINT('Ctrl Pts',(-5.1140111100665,14.5372311220832,-4.2));
#9121=CARTESIAN_POINT('Ctrl Pts',(-4.98562793105204,14.4411977588107,3.));
#9122=CARTESIAN_POINT('Ctrl Pts',(-4.98562793105204,14.4411977588107,-4.2));
#9123=CARTESIAN_POINT('Ctrl Pts',(-4.86559596829152,14.1683261822715,3.));
#9124=CARTESIAN_POINT('Ctrl Pts',(-4.86559596829152,14.1683261822715,-4.2));
#9125=CARTESIAN_POINT('Ctrl Pts',(-4.81050135875896,13.8342902722518,3.));
#9126=CARTESIAN_POINT('Ctrl Pts',(-4.81050135875896,13.8342902722518,-4.2));
#9127=CARTESIAN_POINT('Ctrl Pts',(-4.80000000056354,13.6064776401494,3.));
#9128=CARTESIAN_POINT('Ctrl Pts',(-4.80000000056354,13.6064776401494,-4.2));
#9129=CARTESIAN_POINT('Ctrl Pts',(-4.8,13.4999999984122,3.));
#9130=CARTESIAN_POINT('Ctrl Pts',(-4.8,13.4999999984122,-4.2));
#9131=CARTESIAN_POINT('Origin',(-8.801,1.8,0.));
#9132=CARTESIAN_POINT('Origin',(-8.801,1.8,0.));
#9133=CARTESIAN_POINT('Origin',(-4.8,7.3,2.));
#9134=CARTESIAN_POINT('',(-4.8,7.3,2.));
#9135=CARTESIAN_POINT('Origin',(0.,0.,2.));
#9136=CARTESIAN_POINT('',(-6.04260355029586,2.51775147928994,2.));
#9137=CARTESIAN_POINT('Origin',(-4.8,7.3,-2.));
#9138=CARTESIAN_POINT('Origin',(0.,0.,2.));
#9139=CARTESIAN_POINT('',(-4.,6.7,2.));
#9140=CARTESIAN_POINT('',(-4.5,5.5,2.));
#9141=CARTESIAN_POINT('',(-4.3,6.7,2.));
#9142=CARTESIAN_POINT('',(-4.8,5.5,2.));
#9143=CARTESIAN_POINT('',(-4.3,7.3,2.));
#9144=CARTESIAN_POINT('',(-4.3,7.3,2.));
#9145=CARTESIAN_POINT('',(-4.,7.3,2.));
#9146=CARTESIAN_POINT('',(-4.,7.3,2.));
#9147=CARTESIAN_POINT('',(-4.,6.7,2.));
#9148=CARTESIAN_POINT('Origin',(-4.8,5.5,2.));
#9149=CARTESIAN_POINT('',(-4.3,6.7,2.));
#9150=CARTESIAN_POINT('Origin',(-4.3,7.3,2.));
#9151=CARTESIAN_POINT('',(-4.3,7.3,2.));
#9152=CARTESIAN_POINT('Origin',(-4.,7.3,2.));
#9153=CARTESIAN_POINT('',(-4.,7.3,2.));
#9154=CARTESIAN_POINT('Origin',(-4.,6.7,2.));
#9155=CARTESIAN_POINT('',(-4.,6.7,2.));
#9156=CARTESIAN_POINT('Origin',(-4.5,5.5,2.));
#9157=CARTESIAN_POINT('Origin',(0.,0.,-2.));
#9158=CARTESIAN_POINT('',(-4.3,6.7,-2.));
#9159=CARTESIAN_POINT('',(-4.8,5.5,-2.));
#9160=CARTESIAN_POINT('',(-4.,6.7,-2.));
#9161=CARTESIAN_POINT('',(-4.5,5.5,-2.));
#9162=CARTESIAN_POINT('',(-4.,7.3,-2.));
#9163=CARTESIAN_POINT('',(-4.,6.7,-2.));
#9164=CARTESIAN_POINT('',(-4.3,7.3,-2.));
#9165=CARTESIAN_POINT('',(-4.,7.3,-2.));
#9166=CARTESIAN_POINT('',(-4.3,7.3,-2.));
#9167=CARTESIAN_POINT('Origin',(-4.5,5.5,-2.));
#9168=CARTESIAN_POINT('',(-4.,6.7,-2.));
#9169=CARTESIAN_POINT('Origin',(-4.,6.7,-2.));
#9170=CARTESIAN_POINT('',(-4.,7.3,-2.));
#9171=CARTESIAN_POINT('Origin',(-4.,7.3,-2.));
#9172=CARTESIAN_POINT('',(-4.3,7.3,-2.));
#9173=CARTESIAN_POINT('Origin',(-4.3,7.3,-2.));
#9174=CARTESIAN_POINT('',(-4.3,6.7,-2.));
#9175=CARTESIAN_POINT('Origin',(-4.8,5.5,-2.));
#9176=CARTESIAN_POINT('Origin',(-4.3,9.8,2.));
#9177=CARTESIAN_POINT('Origin',(-4.3,9.8,2.));
#9178=CARTESIAN_POINT('Origin',(-4.3,9.8,2.));
#9179=CARTESIAN_POINT('Origin',(-4.3,9.8,-2.));
#9180=CARTESIAN_POINT('Origin',(-4.,0.8,0.));
#9181=CARTESIAN_POINT('Origin',(-4.3,0.5,0.));
#9182=CARTESIAN_POINT('',(0.,0.,0.));
#9183=CARTESIAN_POINT('Origin',(0.,0.,0.499999999999998));
#9184=CARTESIAN_POINT('',(-8.50000000000001,-1.04094977927525E-15,0.0999999999999995));
#9185=CARTESIAN_POINT('Origin',(0.,0.,0.0999999999999995));
#9186=CARTESIAN_POINT('',(-8.90000000000001,-1.08993565124115E-15,0.499999999999998));
#9187=CARTESIAN_POINT('Origin',(-8.50000000000001,-1.04094977927525E-15,
0.499999999999998));
#9188=CARTESIAN_POINT('Origin',(0.,0.,0.499999999999998));
#9189=CARTESIAN_POINT('Origin',(0.,0.,30.75));
#9190=CARTESIAN_POINT('',(-8.90000000000001,-1.08993565124115E-15,61.1937742251701));
#9191=CARTESIAN_POINT('',(-8.90000000000001,-1.08993565124115E-15,30.75));
#9192=CARTESIAN_POINT('Origin',(0.,0.,61.1937742251701));
#9193=CARTESIAN_POINT('Origin',(9.,0.,0.0999999999999995));
#9194=CARTESIAN_POINT('',(-7.,-8.57252759403147E-16,0.0999999999999979));
#9195=CARTESIAN_POINT('Origin',(0.,0.,0.0999999999999979));
#9196=CARTESIAN_POINT('Origin',(0.,0.,61.1937742251701));
#9197=CARTESIAN_POINT('',(-8.74197530864198,-1.07058320799536E-15,61.5122831732511));
#9198=CARTESIAN_POINT('Origin',(-8.50000000000001,-1.04094977927525E-15,
61.1937742251701));
#9199=CARTESIAN_POINT('Origin',(0.,0.,61.5122831732511));
#9200=CARTESIAN_POINT('Origin',(0.,0.,64.5));
#9201=CARTESIAN_POINT('',(-8.90000000000002,-1.08993565124115E-15,64.5));
#9202=CARTESIAN_POINT('Origin',(0.,0.,64.5));
#9203=CARTESIAN_POINT('',(-8.50000000000002,-1.04094977927525E-15,64.9));
#9204=CARTESIAN_POINT('Origin',(-8.50000000000002,-1.04094977927525E-15,
64.5));
#9205=CARTESIAN_POINT('Origin',(0.,0.,64.9));
#9206=CARTESIAN_POINT('Origin',(0.,0.,63.75));
#9207=CARTESIAN_POINT('',(-8.90000000000002,-1.08993565124115E-15,62.8062257748299));
#9208=CARTESIAN_POINT('Origin',(0.,0.,62.8062257748299));
#9209=CARTESIAN_POINT('',(-8.90000000000002,-1.08993565124115E-15,63.75));
#9210=CARTESIAN_POINT('Origin',(7.,0.,64.9));
#9211=CARTESIAN_POINT('',(-7.,8.57252759403147E-16,64.9));
#9212=CARTESIAN_POINT('Origin',(0.,0.,64.9));
#9213=CARTESIAN_POINT('Origin',(0.,0.,62.8062257748299));
#9214=CARTESIAN_POINT('',(-8.74197530864198,-1.07058320799536E-15,62.4877168267489));
#9215=CARTESIAN_POINT('Origin',(0.,0.,62.4877168267489));
#9216=CARTESIAN_POINT('Origin',(-8.50000000000002,-1.04094977927525E-15,
62.8062257748299));
#9217=CARTESIAN_POINT('Origin',(0.,0.,62.));
#9218=CARTESIAN_POINT('Origin',(-9.11249999999998,-1.11595939572302E-15,
62.));
#9219=CARTESIAN_POINT('Origin',(0.,0.,32.5));
#9220=CARTESIAN_POINT('',(-7.,-8.57252759403147E-16,65.));
#9221=CARTESIAN_POINT('',(-7.,-8.57252759403147E-16,32.5));
#9222=CARTESIAN_POINT('Origin',(0.,0.,65.));
#9223=CARTESIAN_POINT('Origin',(0.,0.,0.499999999999998));
#9224=CARTESIAN_POINT('',(-9.00000000000001,-1.10218211923262E-15,0.499999999999998));
#9225=CARTESIAN_POINT('Origin',(0.,0.,0.499999999999998));
#9226=CARTESIAN_POINT('',(-8.50000000000001,-1.04094977927525E-15,-5.55111512312578E-16));
#9227=CARTESIAN_POINT('Origin',(-8.50000000000001,-1.04094977927525E-15,
0.499999999999998));
#9228=CARTESIAN_POINT('Origin',(0.,0.,-5.55111512312578E-16));
#9229=CARTESIAN_POINT('Origin',(0.,0.,30.75));
#9230=CARTESIAN_POINT('',(-9.00000000000001,-1.10218211923262E-15,61.1937742251701));
#9231=CARTESIAN_POINT('Origin',(0.,0.,61.1937742251701));
#9232=CARTESIAN_POINT('',(-9.00000000000001,-1.10218211923262E-15,30.75));
#9233=CARTESIAN_POINT('Origin',(9.,0.,-5.42101086242752E-16));
#9234=CARTESIAN_POINT('',(-7.,-8.57252759403147E-16,0.));
#9235=CARTESIAN_POINT('Origin',(0.,0.,0.));
#9236=CARTESIAN_POINT('Origin',(0.,0.,61.1937742251701));
#9237=CARTESIAN_POINT('',(-8.80246913580247,-1.07799156517539E-15,61.5919104102713));
#9238=CARTESIAN_POINT('Origin',(0.,0.,61.5919104102713));
#9239=CARTESIAN_POINT('Origin',(-8.50000000000001,-1.04094977927525E-15,
61.1937742251701));
#9240=CARTESIAN_POINT('Origin',(0.,0.,64.5));
#9241=CARTESIAN_POINT('',(-8.50000000000002,-1.04094977927525E-15,65.));
#9242=CARTESIAN_POINT('Origin',(0.,0.,65.));
#9243=CARTESIAN_POINT('',(-9.00000000000002,-1.10218211923262E-15,64.5));
#9244=CARTESIAN_POINT('Origin',(-8.50000000000002,-1.04094977927525E-15,
64.5));
#9245=CARTESIAN_POINT('Origin',(0.,0.,64.5));
#9246=CARTESIAN_POINT('Origin',(0.,0.,63.75));
#9247=CARTESIAN_POINT('',(-9.00000000000002,-1.10218211923262E-15,62.8062257748299));
#9248=CARTESIAN_POINT('',(-9.00000000000002,-1.10218211923262E-15,63.75));
#9249=CARTESIAN_POINT('Origin',(0.,0.,62.8062257748299));
#9250=CARTESIAN_POINT('Origin',(7.,0.,65.));
#9251=CARTESIAN_POINT('Origin',(0.,0.,62.8062257748299));
#9252=CARTESIAN_POINT('',(-8.80246913580247,-1.07799156517539E-15,62.4080895897287));
#9253=CARTESIAN_POINT('Origin',(-8.50000000000002,-1.04094977927525E-15,
62.8062257748299));
#9254=CARTESIAN_POINT('Origin',(0.,0.,62.4080895897287));
#9255=CARTESIAN_POINT('Origin',(0.,0.,32.5));
#9256=CARTESIAN_POINT('',(-7.,-8.57252759403147E-16,32.5));
#9257=CARTESIAN_POINT('Origin',(0.,0.,62.));
#9258=CARTESIAN_POINT('Origin',(-9.11249999999998,-1.11595939572302E-15,
62.));
#9259=CARTESIAN_POINT('Origin',(0.,0.,64.9));
#9260=CARTESIAN_POINT('',(-5.,6.12323399573677E-16,64.9));
#9261=CARTESIAN_POINT('Origin',(0.,0.,64.9));
#9262=CARTESIAN_POINT('',(-5.,6.12323399573677E-16,64.8));
#9263=CARTESIAN_POINT('',(-5.,6.12323399573677E-16,64.9));
#9264=CARTESIAN_POINT('Origin',(0.,0.,64.8));
#9265=CARTESIAN_POINT('Origin',(0.,0.,64.9));
#9266=CARTESIAN_POINT('',(-7.,8.57252759403147E-16,64.8));
#9267=CARTESIAN_POINT('Origin',(0.,0.,64.8));
#9268=CARTESIAN_POINT('',(-7.,8.57252759403147E-16,64.9));
#9269=CARTESIAN_POINT('',(-7.,8.57252759403147E-16,64.9));
#9270=CARTESIAN_POINT('Origin',(0.,0.,64.9));
#9271=CARTESIAN_POINT('Origin',(0.,0.,64.8));
#9272=CARTESIAN_POINT('Origin',(0.,0.,64.9));
#9273=CARTESIAN_POINT('Origin',(4.35040654437682,1.6,65.1062257748299));
#9274=CARTESIAN_POINT('',(3.95040654437682,1.6,65.0667345242965));
#9275=CARTESIAN_POINT('',(4.35040654437682,2.,64.7839897370495));
#9276=CARTESIAN_POINT('Ctrl Pts',(3.95040654437682,1.6,65.0667345242965));
#9277=CARTESIAN_POINT('Ctrl Pts',(3.95040654437682,1.62857931861102,65.06397178052));
#9278=CARTESIAN_POINT('Ctrl Pts',(3.95347235709068,1.65700316458731,65.0602840087217));
#9279=CARTESIAN_POINT('Ctrl Pts',(3.95948797271256,1.68475063615084,65.0554621833692));
#9280=CARTESIAN_POINT('Ctrl Pts',(3.96460493955346,1.70835302380889,65.0513606712395));
#9281=CARTESIAN_POINT('Ctrl Pts',(3.97178902116009,1.73117219750348,65.0464873654022));
#9282=CARTESIAN_POINT('Ctrl Pts',(3.98081855136515,1.75298599746906,65.0407381059158));
#9283=CARTESIAN_POINT('Ctrl Pts',(3.99106562641254,1.77774117744409,65.0342136143769));
#9284=CARTESIAN_POINT('Ctrl Pts',(4.00368872359641,1.80120308192778,65.026561014914));
#9285=CARTESIAN_POINT('Ctrl Pts',(4.01840235398641,1.82309912048955,65.0176280758567));
#9286=CARTESIAN_POINT('Ctrl Pts',(4.03063245997866,1.84129931074325,65.0102029340938));
#9287=CARTESIAN_POINT('Ctrl Pts',(4.04413758800355,1.85816750755494,65.0019917354943));
#9288=CARTESIAN_POINT('Ctrl Pts',(4.05866883510006,1.87365874549509,64.9929891200145));
#9289=CARTESIAN_POINT('Ctrl Pts',(4.06788911552824,1.88348815360021,64.9872768340173));
#9290=CARTESIAN_POINT('Ctrl Pts',(4.07752354707649,1.89276392813415,64.9812459171909));
#9291=CARTESIAN_POINT('Ctrl Pts',(4.08751815685977,1.90147917956085,64.9748950002561));
#9292=CARTESIAN_POINT('Ctrl Pts',(4.10318179461024,1.91513779597632,64.9649417890344));
#9293=CARTESIAN_POINT('Ctrl Pts',(4.11960164910573,1.92730920707434,64.9542833313521));
#9294=CARTESIAN_POINT('Ctrl Pts',(4.13654999803126,1.93803162216744,64.9429757376627));
#9295=CARTESIAN_POINT('Ctrl Pts',(4.14147646057595,1.94114836094694,64.9396889020526));
#9296=CARTESIAN_POINT('Ctrl Pts',(4.14644790663143,1.94414276923443,64.9363472196446));
#9297=CARTESIAN_POINT('Ctrl Pts',(4.15145951941421,1.94701596686396,64.9329520684957));
#9298=CARTESIAN_POINT('Ctrl Pts',(4.16940955450433,1.95730686532441,64.9207916951983));
#9299=CARTESIAN_POINT('Ctrl Pts',(4.18779794301238,1.96600041962555,64.907994929759));
#9300=CARTESIAN_POINT('Ctrl Pts',(4.2064071233184,1.97318114466682,64.894662925778));
#9301=CARTESIAN_POINT('Ctrl Pts',(4.21241815317928,1.97550062096487,64.8903564989114));
#9302=CARTESIAN_POINT('Ctrl Pts',(4.21845263531829,1.97766230490096,64.8859942262262));
#9303=CARTESIAN_POINT('Ctrl Pts',(4.22450435882627,1.97966911867255,64.8815795168735));
#9304=CARTESIAN_POINT('Ctrl Pts',(4.24515568399148,1.98651731054527,64.8665144534693));
#9305=CARTESIAN_POINT('Ctrl Pts',(4.2659782956818,1.99155368160597,64.8508553379308));
#9306=CARTESIAN_POINT('Ctrl Pts',(4.28674384420986,1.99490133021737,64.834768724183));
#9307=CARTESIAN_POINT('Ctrl Pts',(4.30191548569403,1.99734717577154,64.8230155871952));
#9308=CARTESIAN_POINT('Ctrl Pts',(4.31705809312274,1.99889172602639,64.8110342517903));
#9309=CARTESIAN_POINT('Ctrl Pts',(4.33209981469226,1.99958085996236,64.7988896744305));
#9310=CARTESIAN_POINT('Ctrl Pts',(4.33823508523324,1.99986194634709,64.7939361013063));
#9311=CARTESIAN_POINT('Ctrl Pts',(4.34433871612614,2.,64.7889677220839));
#9312=CARTESIAN_POINT('Ctrl Pts',(4.35040654437682,2.,64.7839897370495));
#9313=CARTESIAN_POINT('',(3.95040654437682,1.6,64.8588879475159));
#9314=CARTESIAN_POINT('',(3.95040654437682,1.6,65.1062257748299));
#9315=CARTESIAN_POINT('',(4.35040654437682,2.,64.4892707729093));
#9316=CARTESIAN_POINT('Ctrl Pts',(4.35040654437686,2.,64.4892707729093));
#9317=CARTESIAN_POINT('Ctrl Pts',(4.33196463952458,2.,64.5114440049223));
#9318=CARTESIAN_POINT('Ctrl Pts',(4.31307952855543,1.99872744069371,64.5330002359849));
#9319=CARTESIAN_POINT('Ctrl Pts',(4.23826598441019,1.98804425115614,64.6143689262885));
#9320=CARTESIAN_POINT('Ctrl Pts',(4.18352711697434,1.96826026768682,64.6653910071818));
#9321=CARTESIAN_POINT('Ctrl Pts',(4.0949190780253,1.9112682962963,64.7407841035449));
#9322=CARTESIAN_POINT('Ctrl Pts',(4.05764615018976,1.87777507806581,64.7695739019747));
#9323=CARTESIAN_POINT('Ctrl Pts',(3.99991730233908,1.79793860607211,64.8129023672278));
#9324=CARTESIAN_POINT('Ctrl Pts',(3.97872673879968,1.75574560688569,64.8282981772959));
#9325=CARTESIAN_POINT('Ctrl Pts',(3.95564726166565,1.67390663126153,64.848313355999));
#9326=CARTESIAN_POINT('Ctrl Pts',(3.95040654437682,1.63735827752479,64.8545279234608));
#9327=CARTESIAN_POINT('Ctrl Pts',(3.95040654437682,1.6,64.8588879475159));
#9328=CARTESIAN_POINT('',(4.35040654437682,2.,65.1062257748299));
#9329=CARTESIAN_POINT('Origin',(4.35040654437682,2.,65.1062257748299));
#9330=CARTESIAN_POINT('',(4.61849195329188,2.,64.4812257748299));
#9331=CARTESIAN_POINT('Ctrl Pts',(4.35040654437683,2.,64.7839897370495));
#9332=CARTESIAN_POINT('Ctrl Pts',(4.37550832752453,2.,64.7633964875895));
#9333=CARTESIAN_POINT('Ctrl Pts',(4.39934569942004,2.,64.7422701434329));
#9334=CARTESIAN_POINT('Ctrl Pts',(4.49214079822903,2.,64.6540324284394));
#9335=CARTESIAN_POINT('Ctrl Pts',(4.56235712696675,2.,64.5704477011981));
#9336=CARTESIAN_POINT('Ctrl Pts',(4.61849195329188,2.,64.4812257748299));
#9337=CARTESIAN_POINT('',(4.42910904737501,2.,64.3812257748299));
#9338=CARTESIAN_POINT('Ctrl Pts',(4.42910904737501,2.,64.3812257748299));
#9339=CARTESIAN_POINT('Ctrl Pts',(4.40532431864896,2.,64.4187716968767));
#9340=CARTESIAN_POINT('Ctrl Pts',(4.37866348695943,2.,64.4552966390616));
#9341=CARTESIAN_POINT('Ctrl Pts',(4.35040654437686,2.,64.4892707729093));
#9342=CARTESIAN_POINT('',(5.35040654437682,2.,62.905070630415));
#9343=CARTESIAN_POINT('Ctrl Pts',(5.35040654437682,2.,62.905070630415));
#9344=CARTESIAN_POINT('Ctrl Pts',(4.85262177092154,2.,63.7126801762133));
#9345=CARTESIAN_POINT('Ctrl Pts',(4.42910904737501,2.,64.3812257748299));
#9346=CARTESIAN_POINT('',(5.35040654437682,2.,63.305070630415));
#9347=CARTESIAN_POINT('',(5.35040654437682,2.,65.1062257748299));
#9348=CARTESIAN_POINT('Ctrl Pts',(4.61849195329188,2.,64.4812257748299));
#9349=CARTESIAN_POINT('Ctrl Pts',(4.96132163642255,2.,63.9363247437314));
#9350=CARTESIAN_POINT('Ctrl Pts',(5.35040654437682,2.,63.305070630415));
#9351=CARTESIAN_POINT('Origin',(5.35040654437682,2.,65.1062257748299));
#9352=CARTESIAN_POINT('',(5.35040654437682,-2.,63.305070630415));
#9353=CARTESIAN_POINT('Ctrl Pts',(5.35040654437682,2.,63.305070630415));
#9354=CARTESIAN_POINT('Ctrl Pts',(5.35040654437682,6.38378239159465E-15,
64.5179931077219));
#9355=CARTESIAN_POINT('Ctrl Pts',(5.35040654437682,-2.,63.305070630415));
#9356=CARTESIAN_POINT('',(5.35040654437682,-2.,62.905070630415));
#9357=CARTESIAN_POINT('Ctrl Pts',(5.35040654437682,-2.,62.905070630415));
#9358=CARTESIAN_POINT('Ctrl Pts',(5.35040654437682,-5.55111512312578E-16,
64.117993107722));
#9359=CARTESIAN_POINT('Ctrl Pts',(5.35040654437682,2.,62.905070630415));
#9360=CARTESIAN_POINT('',(5.35040654437682,-2.,65.1062257748299));
#9361=CARTESIAN_POINT('Origin',(3.95040654437682,-1.6,65.1062257748299));
#9362=CARTESIAN_POINT('',(3.95040654437682,-8.32667268468867E-16,65.1062257748299));
#9363=CARTESIAN_POINT('Ctrl Pts',(3.95040654437682,-6.59194920871187E-16,
65.1062257748299));
#9364=CARTESIAN_POINT('Ctrl Pts',(3.95040654437682,0.454947896278493,65.1062257748299));
#9365=CARTESIAN_POINT('Ctrl Pts',(3.95040654437682,0.953532196992651,65.1145593923462));
#9366=CARTESIAN_POINT('Ctrl Pts',(3.95040654437682,1.49215555550385,65.0763960088281));
#9367=CARTESIAN_POINT('Ctrl Pts',(3.95040654437682,1.54621259680946,65.0719341168917));
#9368=CARTESIAN_POINT('Ctrl Pts',(3.95040654437682,1.60000000000001,65.0667345242966));
#9369=CARTESIAN_POINT('',(3.95040654437682,-1.6,65.0667345242965));
#9370=CARTESIAN_POINT('Ctrl Pts',(3.95040654437682,-1.60000000000001,65.0667345242966));
#9371=CARTESIAN_POINT('Ctrl Pts',(3.95040654437682,-1.54621259680946,65.0719341168917));
#9372=CARTESIAN_POINT('Ctrl Pts',(3.95040654437682,-1.49215555550385,65.0763960088281));
#9373=CARTESIAN_POINT('Ctrl Pts',(3.95040654437682,-0.953532196992652,65.1145593923462));
#9374=CARTESIAN_POINT('Ctrl Pts',(3.95040654437682,-0.454947896278495,65.1062257748299));
#9375=CARTESIAN_POINT('Ctrl Pts',(3.95040654437682,-6.59194920871187E-16,
65.1062257748299));
#9376=CARTESIAN_POINT('',(3.95040654437682,-1.6,64.8588879475159));
#9377=CARTESIAN_POINT('',(3.95040654437682,-1.6,65.1062257748299));
#9378=CARTESIAN_POINT('',(3.95040654437682,-6.93889390390723E-16,64.9062257748299));
#9379=CARTESIAN_POINT('Ctrl Pts',(3.95040654437682,-6.93889390390723E-16,
64.9062257748299));
#9380=CARTESIAN_POINT('Ctrl Pts',(3.95040654437682,-0.411819803870594,64.9062257748299));
#9381=CARTESIAN_POINT('Ctrl Pts',(3.95040654437682,-0.863053555998492,64.9131716166174));
#9382=CARTESIAN_POINT('Ctrl Pts',(3.95040654437682,-1.40270091750116,64.8787938963602));
#9383=CARTESIAN_POINT('Ctrl Pts',(3.95040654437682,-1.5019676937834,64.8703291391768));
#9384=CARTESIAN_POINT('Ctrl Pts',(3.95040654437682,-1.6,64.8588879475159));
#9385=CARTESIAN_POINT('Ctrl Pts',(3.95040654437682,1.6,64.8588879475159));
#9386=CARTESIAN_POINT('Ctrl Pts',(3.95040654437682,1.5019676937834,64.8703291391768));
#9387=CARTESIAN_POINT('Ctrl Pts',(3.95040654437682,1.40270091750116,64.8787938963602));
#9388=CARTESIAN_POINT('Ctrl Pts',(3.95040654437682,0.863053555998491,64.9131716166174));
#9389=CARTESIAN_POINT('Ctrl Pts',(3.95040654437682,0.411819803870592,64.9062257748299));
#9390=CARTESIAN_POINT('Ctrl Pts',(3.95040654437682,-6.93889390390723E-16,
64.9062257748299));
#9391=CARTESIAN_POINT('Origin',(4.35040654437682,-1.6,65.1062257748299));
#9392=CARTESIAN_POINT('',(4.35040654437682,-2.,64.7839897370495));
#9393=CARTESIAN_POINT('Ctrl Pts',(4.35040654437683,-2.,64.7839897370495));
#9394=CARTESIAN_POINT('Ctrl Pts',(4.30969742921635,-2.,64.817387084117));
#9395=CARTESIAN_POINT('Ctrl Pts',(4.26814535273723,-1.99379510040762,64.8496576198513));
#9396=CARTESIAN_POINT('Ctrl Pts',(4.18237589483586,-1.96605530949507,64.9124006719586));
#9397=CARTESIAN_POINT('Ctrl Pts',(4.13857869006924,-1.94313012547249,64.9421334642373));
#9398=CARTESIAN_POINT('Ctrl Pts',(4.06516215332487,-1.8837503026146,64.9892963249819));
#9399=CARTESIAN_POINT('Ctrl Pts',(4.03519895268735,-1.85048051888605,65.0074210908512));
#9400=CARTESIAN_POINT('Ctrl Pts',(3.98905760127738,-1.77647410975268,65.035453728136));
#9401=CARTESIAN_POINT('Ctrl Pts',(3.97244076241798,-1.73766335338717,65.0456539694271));
#9402=CARTESIAN_POINT('Ctrl Pts',(3.95438194475505,-1.66492339702864,65.0592427128689));
#9403=CARTESIAN_POINT('Ctrl Pts',(3.95040654437682,-1.63253927383705,65.0635889742745));
#9404=CARTESIAN_POINT('Ctrl Pts',(3.95040654437682,-1.60000000000001,65.0667345242966));
#9405=CARTESIAN_POINT('',(4.35040654437682,-2.,64.4892707729093));
#9406=CARTESIAN_POINT('',(4.35040654437682,-2.,65.1062257748299));
#9407=CARTESIAN_POINT('Ctrl Pts',(3.95040654437682,-1.6,64.8588879475159));
#9408=CARTESIAN_POINT('Ctrl Pts',(3.95040654437682,-1.60395482878844,64.8584263858542));
#9409=CARTESIAN_POINT('Ctrl Pts',(3.95046519749971,-1.60791611047619,64.8579420899223));
#9410=CARTESIAN_POINT('Ctrl Pts',(3.95205867463784,-1.66153380211329,64.8510756659574));
#9411=CARTESIAN_POINT('Ctrl Pts',(3.96278156816396,-1.71036397964803,64.8412908847239));
#9412=CARTESIAN_POINT('Ctrl Pts',(3.99854435753907,-1.79493178653889,64.813629421535));
#9413=CARTESIAN_POINT('Ctrl Pts',(4.02087179036462,-1.83038693029187,64.7973908279215));
#9414=CARTESIAN_POINT('Ctrl Pts',(4.07798552717797,-1.89656774346938,64.753797512524));
#9415=CARTESIAN_POINT('Ctrl Pts',(4.11296125592014,-1.92473365197393,64.7260024785429));
#9416=CARTESIAN_POINT('Ctrl Pts',(4.19673046363816,-1.9732270670294,64.6530869817003));
#9417=CARTESIAN_POINT('Ctrl Pts',(4.24545370026105,-1.98890446156141,64.606433470608));
#9418=CARTESIAN_POINT('Ctrl Pts',(4.31193484763359,-1.9986292565707,64.5342915427881));
#9419=CARTESIAN_POINT('Ctrl Pts',(4.33128216856006,-2.,64.5122645593693));
#9420=CARTESIAN_POINT('Ctrl Pts',(4.35040654437687,-2.,64.4892707729093));
#9421=CARTESIAN_POINT('Origin',(5.35040654437682,-2.,65.1062257748299));
#9422=CARTESIAN_POINT('',(4.61849195329188,-2.,64.4812257748299));
#9423=CARTESIAN_POINT('Ctrl Pts',(4.61849195329188,-2.,64.4812257748299));
#9424=CARTESIAN_POINT('Ctrl Pts',(4.56235712696674,-2.,64.5704477011981));
#9425=CARTESIAN_POINT('Ctrl Pts',(4.49214079822902,-2.,64.6540324284394));
#9426=CARTESIAN_POINT('Ctrl Pts',(4.39934569942004,-2.,64.7422701434329));
#9427=CARTESIAN_POINT('Ctrl Pts',(4.37550832752453,-2.,64.7633964875895));
#9428=CARTESIAN_POINT('Ctrl Pts',(4.35040654437683,-2.,64.7839897370495));
#9429=CARTESIAN_POINT('Ctrl Pts',(5.35040654437682,-2.,63.305070630415));
#9430=CARTESIAN_POINT('Ctrl Pts',(4.96132163642293,-2.,63.9363247437308));
#9431=CARTESIAN_POINT('Ctrl Pts',(4.61849195329188,-2.,64.4812257748299));
#9432=CARTESIAN_POINT('',(4.42910904737501,-2.,64.3812257748299));
#9433=CARTESIAN_POINT('Ctrl Pts',(4.42910904737501,-2.,64.3812257748299));
#9434=CARTESIAN_POINT('Ctrl Pts',(4.85262177092037,-2.,63.7126801762152));
#9435=CARTESIAN_POINT('Ctrl Pts',(5.35040654437682,-2.,62.905070630415));
#9436=CARTESIAN_POINT('Ctrl Pts',(4.35040654437686,-2.,64.4892707729093));
#9437=CARTESIAN_POINT('Ctrl Pts',(4.37863702798348,-2.,64.4553284514485));
#9438=CARTESIAN_POINT('Ctrl Pts',(4.40530667993817,-2.,64.4187995408629));
#9439=CARTESIAN_POINT('Ctrl Pts',(4.42910904737501,-2.,64.3812257748299));
#9440=CARTESIAN_POINT('Origin',(8.33778740274051E-15,0.,63.8562257748299));
#9441=CARTESIAN_POINT('',(2.,4.61849195329187,64.4812257748299));
#9442=CARTESIAN_POINT('Origin',(8.33778740274051E-15,0.,64.4812257748299));
#9443=CARTESIAN_POINT('',(2.,4.35040654437682,64.7839897370495));
#9444=CARTESIAN_POINT('Ctrl Pts',(2.,4.61849195329188,64.4812257748299));
#9445=CARTESIAN_POINT('Ctrl Pts',(2.,4.56235712696674,64.5704477011981));
#9446=CARTESIAN_POINT('Ctrl Pts',(2.,4.49214079822902,64.6540324284394));
#9447=CARTESIAN_POINT('Ctrl Pts',(2.,4.39934569942003,64.7422701434329));
#9448=CARTESIAN_POINT('Ctrl Pts',(2.,4.37550832752453,64.7633964875895));
#9449=CARTESIAN_POINT('Ctrl Pts',(2.,4.35040654437682,64.7839897370495));
#9450=CARTESIAN_POINT('',(1.6,3.95040654437682,65.0667345242965));
#9451=CARTESIAN_POINT('Ctrl Pts',(2.,4.35040654437684,64.7839897370495));
#9452=CARTESIAN_POINT('Ctrl Pts',(2.,4.30969742921631,64.817387084117));
#9453=CARTESIAN_POINT('Ctrl Pts',(1.99379510040761,4.26814535273716,64.8496576198514));
#9454=CARTESIAN_POINT('Ctrl Pts',(1.96605530949503,4.18237589483579,64.9124006719586));
#9455=CARTESIAN_POINT('Ctrl Pts',(1.94313012547244,4.13857869006917,64.9421334642373));
#9456=CARTESIAN_POINT('Ctrl Pts',(1.88375030261452,4.06516215332479,64.9892963249819));
#9457=CARTESIAN_POINT('Ctrl Pts',(1.85048051888597,4.03519895268729,65.0074210908512));
#9458=CARTESIAN_POINT('Ctrl Pts',(1.77647410975261,3.98905760127735,65.035453728136));
#9459=CARTESIAN_POINT('Ctrl Pts',(1.73766335338709,3.97244076241795,65.0456539694271));
#9460=CARTESIAN_POINT('Ctrl Pts',(1.66492339702859,3.95438194475504,65.0592427128689));
#9461=CARTESIAN_POINT('Ctrl Pts',(1.63253927383702,3.95040654437682,65.0635889742745));
#9462=CARTESIAN_POINT('Ctrl Pts',(1.60000000000001,3.95040654437682,65.0667345242966));
#9463=CARTESIAN_POINT('',(8.33778740274051E-15,3.95040654437682,65.1062257748299));
#9464=CARTESIAN_POINT('Ctrl Pts',(1.60000000000001,3.95040654437682,65.0667345242966));
#9465=CARTESIAN_POINT('Ctrl Pts',(1.48523354348439,3.95040654437682,65.0778289215358));
#9466=CARTESIAN_POINT('Ctrl Pts',(1.36911066923189,3.95040654437682,65.0855788591421));
#9467=CARTESIAN_POINT('Ctrl Pts',(0.825848884024184,3.95040654437682,65.1113500998613));
#9468=CARTESIAN_POINT('Ctrl Pts',(0.393580004657666,3.95040654437682,65.1062257748299));
#9469=CARTESIAN_POINT('Ctrl Pts',(8.32667268468867E-15,3.95040654437682,
65.1062257748299));
#9470=CARTESIAN_POINT('Origin',(8.33778740274051E-15,0.,65.1062257748299));
#9471=CARTESIAN_POINT('Origin',(8.33778740274051E-15,0.,63.6437257748299));
#9472=CARTESIAN_POINT('',(-5.99999999999999,-7.34788079488412E-16,62.8062257748299));
#9473=CARTESIAN_POINT('Origin',(8.33778740274051E-15,0.,62.8062257748299));
#9474=CARTESIAN_POINT('',(-5.35040654437682,4.52120462024531E-16,63.9313546442335));
#9475=CARTESIAN_POINT('',(-5.51646914955367,6.75572628659604E-16,63.6437257748299));
#9476=CARTESIAN_POINT('',(-5.35040654437682,2.,63.3050706304149));
#9477=CARTESIAN_POINT('Ctrl Pts',(-5.35040654437682,2.00000000000236,63.3050706304135));
#9478=CARTESIAN_POINT('Ctrl Pts',(-5.35040654437682,0.967314027837354,63.9313546442335));
#9479=CARTESIAN_POINT('Ctrl Pts',(-5.35040654437682,2.49005099178248E-16,
63.9313546442335));
#9480=CARTESIAN_POINT('',(-4.61849195329186,2.,64.4812257748299));
#9481=CARTESIAN_POINT('Ctrl Pts',(-5.35040654437682,2.,63.3050706304149));
#9482=CARTESIAN_POINT('Ctrl Pts',(-4.96132163642311,2.,63.9363247437304));
#9483=CARTESIAN_POINT('Ctrl Pts',(-4.61849195329186,2.,64.4812257748299));
#9484=CARTESIAN_POINT('',(-2.,4.61849195329187,64.4812257748299));
#9485=CARTESIAN_POINT('Origin',(8.33778740274051E-15,0.,64.4812257748299));
#9486=CARTESIAN_POINT('',(-2.,5.35040654437682,63.305070630415));
#9487=CARTESIAN_POINT('Ctrl Pts',(-2.,4.61849195329187,64.4812257748299));
#9488=CARTESIAN_POINT('Ctrl Pts',(-2.,4.96132163642302,63.9363247437306));
#9489=CARTESIAN_POINT('Ctrl Pts',(-2.,5.35040654437682,63.305070630415));
#9490=CARTESIAN_POINT('',(2.,5.35040654437682,63.305070630415));
#9491=CARTESIAN_POINT('Ctrl Pts',(-2.,5.35040654437682,63.305070630415));
#9492=CARTESIAN_POINT('Ctrl Pts',(-3.05311331771918E-15,5.35040654437682,
64.517993107722));
#9493=CARTESIAN_POINT('Ctrl Pts',(2.,5.35040654437682,63.305070630415));
#9494=CARTESIAN_POINT('Ctrl Pts',(2.,5.35040654437682,63.305070630415));
#9495=CARTESIAN_POINT('Ctrl Pts',(2.,4.96132163642328,63.9363247437302));
#9496=CARTESIAN_POINT('Ctrl Pts',(2.,4.61849195329188,64.4812257748299));
#9497=CARTESIAN_POINT('',(2.,-4.61849195329188,64.4812257748299));
#9498=CARTESIAN_POINT('Origin',(8.33778740274051E-15,0.,64.4812257748299));
#9499=CARTESIAN_POINT('',(2.,-5.35040654437682,63.305070630415));
#9500=CARTESIAN_POINT('Ctrl Pts',(2.,-4.61849195329188,64.4812257748299));
#9501=CARTESIAN_POINT('Ctrl Pts',(2.,-4.96132163642298,63.9363247437307));
#9502=CARTESIAN_POINT('Ctrl Pts',(2.,-5.35040654437682,63.305070630415));
#9503=CARTESIAN_POINT('',(-2.,-5.35040654437682,63.3050706304149));
#9504=CARTESIAN_POINT('Ctrl Pts',(2.,-5.35040654437682,63.305070630415));
#9505=CARTESIAN_POINT('Ctrl Pts',(-6.38378239159465E-15,-5.35040654437682,
64.517993107722));
#9506=CARTESIAN_POINT('Ctrl Pts',(-2.,-5.35040654437682,63.3050706304149));
#9507=CARTESIAN_POINT('',(-2.,-4.61849195329187,64.4812257748299));
#9508=CARTESIAN_POINT('Ctrl Pts',(-2.,-5.35040654437682,63.3050706304149));
#9509=CARTESIAN_POINT('Ctrl Pts',(-2.,-4.96132163642291,63.9363247437308));
#9510=CARTESIAN_POINT('Ctrl Pts',(-2.,-4.61849195329187,64.4812257748299));
#9511=CARTESIAN_POINT('',(-4.61849195329186,-2.,64.4812257748299));
#9512=CARTESIAN_POINT('Origin',(8.33778740274051E-15,0.,64.4812257748299));
#9513=CARTESIAN_POINT('',(-5.35040654437682,-2.,63.3050706304149));
#9514=CARTESIAN_POINT('Ctrl Pts',(-4.61849195329186,-2.,64.4812257748299));
#9515=CARTESIAN_POINT('Ctrl Pts',(-4.96132163642365,-2.,63.9363247437295));
#9516=CARTESIAN_POINT('Ctrl Pts',(-5.35040654437682,-2.,63.3050706304149));
#9517=CARTESIAN_POINT('Ctrl Pts',(-5.35040654437682,2.49005099178248E-16,
63.9313546442335));
#9518=CARTESIAN_POINT('Ctrl Pts',(-5.35040654437682,-0.967314027837354,
63.9313546442335));
#9519=CARTESIAN_POINT('Ctrl Pts',(-5.35040654437682,-2.00000000000236,63.3050706304135));
#9520=CARTESIAN_POINT('Origin',(8.33778740274051E-15,0.,63.8562257748299));
#9521=CARTESIAN_POINT('',(2.,-4.42910904737501,64.3812257748299));
#9522=CARTESIAN_POINT('Origin',(8.33778740274051E-15,0.,64.3812257748299));
#9523=CARTESIAN_POINT('',(2.,-4.35040654437682,64.4892707729093));
#9524=CARTESIAN_POINT('Ctrl Pts',(2.,-4.42910904737501,64.3812257748299));
#9525=CARTESIAN_POINT('Ctrl Pts',(2.,-4.40532431864896,64.4187716968767));
#9526=CARTESIAN_POINT('Ctrl Pts',(2.,-4.37866348695943,64.4552966390616));
#9527=CARTESIAN_POINT('Ctrl Pts',(2.,-4.35040654437685,64.4892707729093));
#9528=CARTESIAN_POINT('',(1.6,-3.95040654437682,64.8588879475159));
#9529=CARTESIAN_POINT('Ctrl Pts',(2.,-4.35040654437686,64.4892707729093));
#9530=CARTESIAN_POINT('Ctrl Pts',(2.,-4.33196463952457,64.5114440049223));
#9531=CARTESIAN_POINT('Ctrl Pts',(1.99872744069371,-4.31307952855542,64.533000235985));
#9532=CARTESIAN_POINT('Ctrl Pts',(1.98804425115614,-4.2382659844102,64.6143689262885));
#9533=CARTESIAN_POINT('Ctrl Pts',(1.96826026768683,-4.18352711697435,64.6653910071818));
#9534=CARTESIAN_POINT('Ctrl Pts',(1.91126829629629,-4.09491907802528,64.7407841035449));
#9535=CARTESIAN_POINT('Ctrl Pts',(1.8777750780658,-4.05764615018975,64.7695739019747));
#9536=CARTESIAN_POINT('Ctrl Pts',(1.79793860607211,-3.99991730233908,64.8129023672278));
#9537=CARTESIAN_POINT('Ctrl Pts',(1.75574560688569,-3.97872673879968,64.8282981772959));
#9538=CARTESIAN_POINT('Ctrl Pts',(1.67390663126152,-3.95564726166564,64.848313355999));
#9539=CARTESIAN_POINT('Ctrl Pts',(1.63735827752479,-3.95040654437682,64.8545279234608));
#9540=CARTESIAN_POINT('Ctrl Pts',(1.6,-3.95040654437682,64.8588879475159));
#9541=CARTESIAN_POINT('',(7.92145376850608E-15,-3.95040654437682,64.9062257748299));
#9542=CARTESIAN_POINT('Ctrl Pts',(1.6,-3.95040654437682,64.8588879475159));
#9543=CARTESIAN_POINT('Ctrl Pts',(1.45211563604953,-3.95040654437682,64.8761472920821));
#9544=CARTESIAN_POINT('Ctrl Pts',(1.30110209691425,-3.95040654437682,64.8866748753432));
#9545=CARTESIAN_POINT('Ctrl Pts',(0.757569264868986,-3.95040654437682,64.9106558536503));
#9546=CARTESIAN_POINT('Ctrl Pts',(0.361056879498234,-3.95040654437682,64.9062257748299));
#9547=CARTESIAN_POINT('Ctrl Pts',(7.94503351997378E-15,-3.95040654437682,
64.9062257748299));
#9548=CARTESIAN_POINT('Origin',(8.33778740274051E-15,0.,64.9062257748299));
#9549=CARTESIAN_POINT('Origin',(2.,-4.35040654437682,65.1062257748299));
#9550=CARTESIAN_POINT('',(2.,-4.35040654437682,64.7839897370495));
#9551=CARTESIAN_POINT('Ctrl Pts',(2.,-4.35040654437683,64.7839897370495));
#9552=CARTESIAN_POINT('Ctrl Pts',(2.,-4.37550832752453,64.7633964875895));
#9553=CARTESIAN_POINT('Ctrl Pts',(2.,-4.39934569942003,64.7422701434329));
#9554=CARTESIAN_POINT('Ctrl Pts',(2.,-4.49214079822902,64.6540324284394));
#9555=CARTESIAN_POINT('Ctrl Pts',(2.,-4.56235712696674,64.5704477011981));
#9556=CARTESIAN_POINT('Ctrl Pts',(2.,-4.61849195329188,64.4812257748299));
#9557=CARTESIAN_POINT('',(2.,-4.35040654437682,65.1062257748299));
#9558=CARTESIAN_POINT('',(2.,-5.35040654437682,62.905070630415));
#9559=CARTESIAN_POINT('Ctrl Pts',(2.,-5.35040654437682,62.905070630415));
#9560=CARTESIAN_POINT('Ctrl Pts',(2.,-4.8526217709212,63.7126801762138));
#9561=CARTESIAN_POINT('Ctrl Pts',(2.,-4.42910904737501,64.3812257748299));
#9562=CARTESIAN_POINT('',(2.,-5.35040654437682,65.1062257748299));
#9563=CARTESIAN_POINT('Origin',(2.,-5.35040654437682,65.1062257748299));
#9564=CARTESIAN_POINT('',(-2.,-5.35040654437682,62.905070630415));
#9565=CARTESIAN_POINT('Ctrl Pts',(-2.,-5.35040654437682,62.905070630415));
#9566=CARTESIAN_POINT('Ctrl Pts',(7.49400541621981E-15,-5.35040654437682,
64.1179931077219));
#9567=CARTESIAN_POINT('Ctrl Pts',(2.00000000000002,-5.35040654437682,62.905070630415));
#9568=CARTESIAN_POINT('',(-2.,-5.35040654437682,65.1062257748299));
#9569=CARTESIAN_POINT('Origin',(-2.,-5.35040654437682,65.1062257748299));
#9570=CARTESIAN_POINT('',(-2.,-4.429109047375,64.3812257748299));
#9571=CARTESIAN_POINT('Ctrl Pts',(-2.,-4.429109047375,64.3812257748299));
#9572=CARTESIAN_POINT('Ctrl Pts',(-2.,-4.85262177092071,63.7126801762146));
#9573=CARTESIAN_POINT('Ctrl Pts',(-2.,-5.35040654437682,62.905070630415));
#9574=CARTESIAN_POINT('',(-2.,-4.35040654437682,64.4892707729093));
#9575=CARTESIAN_POINT('Ctrl Pts',(-2.,-4.35040654437685,64.4892707729093));
#9576=CARTESIAN_POINT('Ctrl Pts',(-2.,-4.37863702798347,64.4553284514485));
#9577=CARTESIAN_POINT('Ctrl Pts',(-2.,-4.40530667993817,64.4187995408629));
#9578=CARTESIAN_POINT('Ctrl Pts',(-2.,-4.429109047375,64.3812257748299));
#9579=CARTESIAN_POINT('',(-2.,-4.35040654437682,64.7839897370495));
#9580=CARTESIAN_POINT('',(-2.,-4.35040654437682,65.1062257748299));
#9581=CARTESIAN_POINT('Ctrl Pts',(-2.,-4.61849195329187,64.4812257748299));
#9582=CARTESIAN_POINT('Ctrl Pts',(-2.,-4.56235712696674,64.5704477011981));
#9583=CARTESIAN_POINT('Ctrl Pts',(-2.,-4.49214079822902,64.6540324284394));
#9584=CARTESIAN_POINT('Ctrl Pts',(-2.,-4.39934569942003,64.7422701434329));
#9585=CARTESIAN_POINT('Ctrl Pts',(-2.,-4.37550832752453,64.7633964875895));
#9586=CARTESIAN_POINT('Ctrl Pts',(-2.,-4.35040654437682,64.7839897370495));
#9587=CARTESIAN_POINT('Origin',(-1.6,-4.35040654437682,65.1062257748299));
#9588=CARTESIAN_POINT('',(-1.6,-3.95040654437682,65.0667345242965));
#9589=CARTESIAN_POINT('Ctrl Pts',(-2.,-4.35040654437682,64.7839897370495));
#9590=CARTESIAN_POINT('Ctrl Pts',(-2.,-4.30969742921634,64.817387084117));
#9591=CARTESIAN_POINT('Ctrl Pts',(-1.99379510040762,-4.26814535273723,64.8496576198513));
#9592=CARTESIAN_POINT('Ctrl Pts',(-1.96605530949507,-4.18237589483588,64.9124006719585));
#9593=CARTESIAN_POINT('Ctrl Pts',(-1.9431301254725,-4.13857869006925,64.9421334642373));
#9594=CARTESIAN_POINT('Ctrl Pts',(-1.88375030261459,-4.06516215332486,64.9892963249819));
#9595=CARTESIAN_POINT('Ctrl Pts',(-1.85048051888605,-4.03519895268735,65.0074210908511));
#9596=CARTESIAN_POINT('Ctrl Pts',(-1.77647410975269,-3.98905760127739,65.0354537281359));
#9597=CARTESIAN_POINT('Ctrl Pts',(-1.73766335338718,-3.97244076241798,65.0456539694271));
#9598=CARTESIAN_POINT('Ctrl Pts',(-1.66492339702865,-3.95438194475505,65.0592427128689));
#9599=CARTESIAN_POINT('Ctrl Pts',(-1.63253927383705,-3.95040654437682,65.0635889742745));
#9600=CARTESIAN_POINT('Ctrl Pts',(-1.60000000000001,-3.95040654437682,65.0667345242966));
#9601=CARTESIAN_POINT('',(-1.6,-3.95040654437682,64.8588879475159));
#9602=CARTESIAN_POINT('Ctrl Pts',(-1.6,-3.95040654437682,64.8588879475159));
#9603=CARTESIAN_POINT('Ctrl Pts',(-1.60395482878845,-3.95040654437682,64.8584263858542));
#9604=CARTESIAN_POINT('Ctrl Pts',(-1.6079161104762,-3.95046519749971,64.8579420899223));
#9605=CARTESIAN_POINT('Ctrl Pts',(-1.66153380211331,-3.95205867463784,64.8510756659574));
#9606=CARTESIAN_POINT('Ctrl Pts',(-1.71036397964806,-3.96278156816398,64.8412908847239));
#9607=CARTESIAN_POINT('Ctrl Pts',(-1.79493178653888,-3.99854435753907,64.813629421535));
#9608=CARTESIAN_POINT('Ctrl Pts',(-1.83038693029185,-4.0208717903646,64.7973908279215));
#9609=CARTESIAN_POINT('Ctrl Pts',(-1.8965677434694,-4.07798552717798,64.7537975125239));
#9610=CARTESIAN_POINT('Ctrl Pts',(-1.92473365197394,-4.11296125592016,64.7260024785429));
#9611=CARTESIAN_POINT('Ctrl Pts',(-1.9732270670294,-4.19673046363817,64.6530869817002));
#9612=CARTESIAN_POINT('Ctrl Pts',(-1.98890446156142,-4.24545370026106,64.606433470608));
#9613=CARTESIAN_POINT('Ctrl Pts',(-1.9986292565707,-4.3119348476336,64.5342915427881));
#9614=CARTESIAN_POINT('Ctrl Pts',(-2.,-4.33128216856006,64.5122645593693));
#9615=CARTESIAN_POINT('Ctrl Pts',(-2.,-4.35040654437686,64.4892707729093));
#9616=CARTESIAN_POINT('',(-1.6,-3.95040654437682,65.1062257748299));
#9617=CARTESIAN_POINT('Origin',(-1.6,-3.95040654437682,65.1062257748299));
#9618=CARTESIAN_POINT('',(7.78267589042793E-15,-3.95040654437682,65.1062257748299));
#9619=CARTESIAN_POINT('',(1.6,-3.95040654437682,65.0667345242965));
#9620=CARTESIAN_POINT('Ctrl Pts',(7.80625564189563E-15,-3.95040654437682,
65.1062257748299));
#9621=CARTESIAN_POINT('Ctrl Pts',(0.393580004657665,-3.95040654437682,65.1062257748299));
#9622=CARTESIAN_POINT('Ctrl Pts',(0.825848884024183,-3.95040654437682,65.1113500998613));
#9623=CARTESIAN_POINT('Ctrl Pts',(1.36911066923189,-3.95040654437682,65.0855788591421));
#9624=CARTESIAN_POINT('Ctrl Pts',(1.48523354348438,-3.95040654437682,65.0778289215358));
#9625=CARTESIAN_POINT('Ctrl Pts',(1.60000000000001,-3.95040654437682,65.0667345242966));
#9626=CARTESIAN_POINT('Ctrl Pts',(-1.60000000000001,-3.95040654437682,65.0667345242966));
#9627=CARTESIAN_POINT('Ctrl Pts',(-1.48523354348438,-3.95040654437682,65.0778289215358));
#9628=CARTESIAN_POINT('Ctrl Pts',(-1.36911066923188,-3.95040654437682,65.0855788591421));
#9629=CARTESIAN_POINT('Ctrl Pts',(-0.825848884024167,-3.95040654437682,
65.1113500998613));
#9630=CARTESIAN_POINT('Ctrl Pts',(-0.393580004657649,-3.95040654437682,
65.1062257748299));
#9631=CARTESIAN_POINT('Ctrl Pts',(7.80625564189563E-15,-3.95040654437682,
65.1062257748299));
#9632=CARTESIAN_POINT('Ctrl Pts',(7.94503351997378E-15,-3.95040654437682,
64.9062257748299));
#9633=CARTESIAN_POINT('Ctrl Pts',(-0.361056879498218,-3.95040654437682,
64.9062257748299));
#9634=CARTESIAN_POINT('Ctrl Pts',(-0.757569264868969,-3.95040654437682,
64.9106558536503));
#9635=CARTESIAN_POINT('Ctrl Pts',(-1.30110209691424,-3.95040654437682,64.8866748753432));
#9636=CARTESIAN_POINT('Ctrl Pts',(-1.45211563604953,-3.95040654437682,64.8761472920821));
#9637=CARTESIAN_POINT('Ctrl Pts',(-1.6,-3.95040654437682,64.8588879475159));
#9638=CARTESIAN_POINT('',(1.6,-3.95040654437682,65.1062257748299));
#9639=CARTESIAN_POINT('Origin',(1.6,-4.35040654437682,65.1062257748299));
#9640=CARTESIAN_POINT('Ctrl Pts',(1.6,-3.95040654437682,65.0667345242965));
#9641=CARTESIAN_POINT('Ctrl Pts',(1.62857931861102,-3.95040654437682,65.06397178052));
#9642=CARTESIAN_POINT('Ctrl Pts',(1.65700316458732,-3.95347235709068,65.0602840087217));
#9643=CARTESIAN_POINT('Ctrl Pts',(1.68475063615086,-3.95948797271256,65.0554621833692));
#9644=CARTESIAN_POINT('Ctrl Pts',(1.70835302380894,-3.96460493955347,65.0513606712395));
#9645=CARTESIAN_POINT('Ctrl Pts',(1.73117219750356,-3.97178902116012,65.0464873654022));
#9646=CARTESIAN_POINT('Ctrl Pts',(1.75298599746918,-3.9808185513652,65.0407381059158));
#9647=CARTESIAN_POINT('Ctrl Pts',(1.77774117744416,-3.99106562641258,65.0342136143768));
#9648=CARTESIAN_POINT('Ctrl Pts',(1.80120308192782,-4.00368872359644,65.026561014914));
#9649=CARTESIAN_POINT('Ctrl Pts',(1.82309912048956,-4.01840235398642,65.0176280758567));
#9650=CARTESIAN_POINT('Ctrl Pts',(1.84129931074345,-4.03063245997879,65.0102029340937));
#9651=CARTESIAN_POINT('Ctrl Pts',(1.85816750755531,-4.04413758800385,65.0019917354942));
#9652=CARTESIAN_POINT('Ctrl Pts',(1.87365874549561,-4.05866883510054,64.9929891200142));
#9653=CARTESIAN_POINT('Ctrl Pts',(1.88348815360054,-4.06788911552858,64.9872768340171));
#9654=CARTESIAN_POINT('Ctrl Pts',(1.89276392813431,-4.07752354707667,64.9812459171908));
#9655=CARTESIAN_POINT('Ctrl Pts',(1.90147917956086,-4.08751815685978,64.9748950002561));
#9656=CARTESIAN_POINT('Ctrl Pts',(1.91513779597668,-4.10318179461065,64.9649417890342));
#9657=CARTESIAN_POINT('Ctrl Pts',(1.92730920707498,-4.1196016491066,64.9542833313515));
#9658=CARTESIAN_POINT('Ctrl Pts',(1.93803162216827,-4.13654999803257,64.9429757376619));
#9659=CARTESIAN_POINT('Ctrl Pts',(1.94114836094748,-4.14147646057684,64.939688902052));
#9660=CARTESIAN_POINT('Ctrl Pts',(1.94414276923469,-4.14644790663188,64.9363472196443));
#9661=CARTESIAN_POINT('Ctrl Pts',(1.94701596686396,-4.15145951941422,64.9329520684957));
#9662=CARTESIAN_POINT('Ctrl Pts',(1.95730686532444,-4.16940955450438,64.9207916951983));
#9663=CARTESIAN_POINT('Ctrl Pts',(1.9660004196256,-4.18779794301248,64.9079949297589));
#9664=CARTESIAN_POINT('Ctrl Pts',(1.97318114466688,-4.20640712331855,64.8946629257779));
#9665=CARTESIAN_POINT('Ctrl Pts',(1.9755006209649,-4.21241815317939,64.8903564989114));
#9666=CARTESIAN_POINT('Ctrl Pts',(1.97766230490098,-4.21845263531835,64.8859942262261));
#9667=CARTESIAN_POINT('Ctrl Pts',(1.97966911867256,-4.22450435882628,64.8815795168735));
#9668=CARTESIAN_POINT('Ctrl Pts',(1.98651731054527,-4.24515568399147,64.8665144534693));
#9669=CARTESIAN_POINT('Ctrl Pts',(1.99155368160596,-4.26597829568179,64.8508553379308));
#9670=CARTESIAN_POINT('Ctrl Pts',(1.99490133021737,-4.28674384420983,64.834768724183));
#9671=CARTESIAN_POINT('Ctrl Pts',(1.99734717577154,-4.30191548569401,64.8230155871952));
#9672=CARTESIAN_POINT('Ctrl Pts',(1.99889172602639,-4.31705809312274,64.8110342517903));
#9673=CARTESIAN_POINT('Ctrl Pts',(1.99958085996236,-4.33209981469227,64.7988896744305));
#9674=CARTESIAN_POINT('Ctrl Pts',(1.99986194634709,-4.33823508523325,64.7939361013063));
#9675=CARTESIAN_POINT('Ctrl Pts',(2.,-4.34433871612615,64.7889677220839));
#9676=CARTESIAN_POINT('Ctrl Pts',(2.,-4.35040654437682,64.7839897370495));
#9677=CARTESIAN_POINT('Origin',(8.33778740274051E-15,0.,63.8562257748299));
#9678=CARTESIAN_POINT('',(-3.95040654437682,2.77555756156289E-16,65.1062257748299));
#9679=CARTESIAN_POINT('Origin',(8.33778740274051E-15,0.,65.1062257748299));
#9680=CARTESIAN_POINT('',(-3.95040654437682,-1.6,65.0667345242965));
#9681=CARTESIAN_POINT('Ctrl Pts',(-3.95040654437682,3.12250225675825E-16,
65.1062257748299));
#9682=CARTESIAN_POINT('Ctrl Pts',(-3.95040654437682,-0.393580004657657,
65.1062257748299));
#9683=CARTESIAN_POINT('Ctrl Pts',(-3.95040654437682,-0.825848884024173,
65.1113500998613));
#9684=CARTESIAN_POINT('Ctrl Pts',(-3.95040654437682,-1.36911066923188,65.0855788591421));
#9685=CARTESIAN_POINT('Ctrl Pts',(-3.95040654437682,-1.48523354348438,65.0778289215358));
#9686=CARTESIAN_POINT('Ctrl Pts',(-3.95040654437682,-1.60000000000001,65.0667345242966));
#9687=CARTESIAN_POINT('',(-4.35040654437682,-2.,64.7839897370495));
#9688=CARTESIAN_POINT('Ctrl Pts',(-3.95040654437682,-1.6,65.0667345242965));
#9689=CARTESIAN_POINT('Ctrl Pts',(-3.95040654437682,-1.62857931861101,65.06397178052));
#9690=CARTESIAN_POINT('Ctrl Pts',(-3.95347235709067,-1.65700316458728,65.0602840087217));
#9691=CARTESIAN_POINT('Ctrl Pts',(-3.95948797271255,-1.6847506361508,65.0554621833692));
#9692=CARTESIAN_POINT('Ctrl Pts',(-3.96460493955343,-1.70835302380878,65.0513606712395));
#9693=CARTESIAN_POINT('Ctrl Pts',(-3.97178902116004,-1.73117219750331,65.0464873654022));
#9694=CARTESIAN_POINT('Ctrl Pts',(-3.98081855136506,-1.75298599746884,65.0407381059159));
#9695=CARTESIAN_POINT('Ctrl Pts',(-3.99106562641246,-1.77774117744393,65.0342136143769));
#9696=CARTESIAN_POINT('Ctrl Pts',(-4.00368872359635,-1.80120308192769,65.0265610149141));
#9697=CARTESIAN_POINT('Ctrl Pts',(-4.01840235398639,-1.82309912048951,65.0176280758568));
#9698=CARTESIAN_POINT('Ctrl Pts',(-4.03063245997864,-1.84129931074324,65.0102029340939));
#9699=CARTESIAN_POINT('Ctrl Pts',(-4.04413758800356,-1.85816750755495,65.0019917354944));
#9700=CARTESIAN_POINT('Ctrl Pts',(-4.05866883510009,-1.87365874549513,64.9929891200145));
#9701=CARTESIAN_POINT('Ctrl Pts',(-4.06788911552825,-1.88348815360022,64.9872768340172));
#9702=CARTESIAN_POINT('Ctrl Pts',(-4.07752354707649,-1.89276392813415,64.9812459171909));
#9703=CARTESIAN_POINT('Ctrl Pts',(-4.08751815685975,-1.90147917956083,64.9748950002561));
#9704=CARTESIAN_POINT('Ctrl Pts',(-4.10318179461043,-1.91513779597649,64.9649417890343));
#9705=CARTESIAN_POINT('Ctrl Pts',(-4.11960164910616,-1.92730920707465,64.9542833313518));
#9706=CARTESIAN_POINT('Ctrl Pts',(-4.13654999803191,-1.93803162216785,64.9429757376623));
#9707=CARTESIAN_POINT('Ctrl Pts',(-4.14147646057638,-1.9411483609472,64.9396889020523));
#9708=CARTESIAN_POINT('Ctrl Pts',(-4.14644790663163,-1.94414276923455,64.9363472196445));
#9709=CARTESIAN_POINT('Ctrl Pts',(-4.15145951941419,-1.94701596686395,64.9329520684957));
#9710=CARTESIAN_POINT('Ctrl Pts',(-4.16940955450414,-1.9573068653243,64.9207916951984));
#9711=CARTESIAN_POINT('Ctrl Pts',(-4.18779794301202,-1.96600041962538,64.9079949297592));
#9712=CARTESIAN_POINT('Ctrl Pts',(-4.20640712331788,-1.97318114466662,64.8946629257784));
#9713=CARTESIAN_POINT('Ctrl Pts',(-4.21241815317892,-1.97550062096474,64.8903564989117));
#9714=CARTESIAN_POINT('Ctrl Pts',(-4.2184526353181,-1.97766230490089,64.8859942262263));
#9715=CARTESIAN_POINT('Ctrl Pts',(-4.22450435882624,-1.97966911867255,64.8815795168735));
#9716=CARTESIAN_POINT('Ctrl Pts',(-4.24515568399143,-1.98651731054526,64.8665144534693));
#9717=CARTESIAN_POINT('Ctrl Pts',(-4.26597829568173,-1.99155368160595,64.8508553379308));
#9718=CARTESIAN_POINT('Ctrl Pts',(-4.28674384420976,-1.99490133021736,64.834768724183));
#9719=CARTESIAN_POINT('Ctrl Pts',(-4.30191548569395,-1.99734717577153,64.8230155871952));
#9720=CARTESIAN_POINT('Ctrl Pts',(-4.31705809312267,-1.99889172602638,64.8110342517903));
#9721=CARTESIAN_POINT('Ctrl Pts',(-4.33209981469222,-1.99958085996235,64.7988896744305));
#9722=CARTESIAN_POINT('Ctrl Pts',(-4.33823508523321,-1.99986194634709,64.7939361013063));
#9723=CARTESIAN_POINT('Ctrl Pts',(-4.34433871612613,-2.,64.7889677220839));
#9724=CARTESIAN_POINT('Ctrl Pts',(-4.35040654437682,-2.,64.7839897370495));
#9725=CARTESIAN_POINT('Ctrl Pts',(-4.35040654437683,-2.,64.7839897370495));
#9726=CARTESIAN_POINT('Ctrl Pts',(-4.37550832752452,-2.,64.7633964875895));
#9727=CARTESIAN_POINT('Ctrl Pts',(-4.39934569942002,-2.,64.7422701434329));
#9728=CARTESIAN_POINT('Ctrl Pts',(-4.49214079822901,-2.,64.6540324284394));
#9729=CARTESIAN_POINT('Ctrl Pts',(-4.56235712696673,-2.,64.5704477011981));
#9730=CARTESIAN_POINT('Ctrl Pts',(-4.61849195329186,-2.,64.4812257748299));
#9731=CARTESIAN_POINT('Origin',(8.33778740274051E-15,0.,63.5437257748299));
#9732=CARTESIAN_POINT('',(-5.35040654437682,2.,62.9050706304149));
#9733=CARTESIAN_POINT('',(-5.35040654437682,-6.88067754192297E-16,63.5313546442335));
#9734=CARTESIAN_POINT('Ctrl Pts',(-5.35040654437682,-2.03137133325541E-15,
63.5313546442335));
#9735=CARTESIAN_POINT('Ctrl Pts',(-5.35040654437682,0.967314027836317,63.5313546442335));
#9736=CARTESIAN_POINT('Ctrl Pts',(-5.35040654437682,2.00000000000008,62.9050706304149));
#9737=CARTESIAN_POINT('',(-5.76905989232414,-7.06506073122415E-16,62.8062257748299));
#9738=CARTESIAN_POINT('',(-5.34326406879679,6.54361123885106E-16,63.5437257748299));
#9739=CARTESIAN_POINT('Origin',(8.33778740274051E-15,0.,62.8062257748299));
#9740=CARTESIAN_POINT('',(-5.35040654437682,-2.,62.9050706304149));
#9741=CARTESIAN_POINT('Ctrl Pts',(-5.35040654437682,-2.00000000000007,62.9050706304149));
#9742=CARTESIAN_POINT('Ctrl Pts',(-5.35040654437682,-0.967314027836318,
63.5313546442335));
#9743=CARTESIAN_POINT('Ctrl Pts',(-5.35040654437682,-2.03137133325541E-15,
63.5313546442335));
#9744=CARTESIAN_POINT('',(-4.429109047375,-2.,64.3812257748299));
#9745=CARTESIAN_POINT('Ctrl Pts',(-5.35040654437682,-2.,62.9050706304149));
#9746=CARTESIAN_POINT('Ctrl Pts',(-4.85262177092076,-2.,63.7126801762145));
#9747=CARTESIAN_POINT('Ctrl Pts',(-4.429109047375,-2.,64.3812257748299));
#9748=CARTESIAN_POINT('Origin',(8.33778740274051E-15,0.,64.3812257748299));
#9749=CARTESIAN_POINT('',(2.,4.42910904737501,64.3812257748299));
#9750=CARTESIAN_POINT('Origin',(8.33778740274051E-15,0.,64.3812257748299));
#9751=CARTESIAN_POINT('',(2.,5.35040654437682,62.905070630415));
#9752=CARTESIAN_POINT('Ctrl Pts',(2.,4.42910904737501,64.3812257748299));
#9753=CARTESIAN_POINT('Ctrl Pts',(2.,4.85262177092039,63.7126801762151));
#9754=CARTESIAN_POINT('Ctrl Pts',(2.,5.35040654437682,62.905070630415));
#9755=CARTESIAN_POINT('',(-2.,5.35040654437682,62.905070630415));
#9756=CARTESIAN_POINT('Ctrl Pts',(2.00000000000002,5.35040654437682,62.905070630415));
#9757=CARTESIAN_POINT('Ctrl Pts',(8.32667268468867E-15,5.35040654437682,
64.1179931077219));
#9758=CARTESIAN_POINT('Ctrl Pts',(-2.,5.35040654437682,62.905070630415));
#9759=CARTESIAN_POINT('',(-2.,4.429109047375,64.3812257748299));
#9760=CARTESIAN_POINT('Ctrl Pts',(-2.,5.35040654437682,62.905070630415));
#9761=CARTESIAN_POINT('Ctrl Pts',(-2.,4.85262177092122,63.7126801762138));
#9762=CARTESIAN_POINT('Ctrl Pts',(-2.,4.429109047375,64.3812257748299));
#9763=CARTESIAN_POINT('',(-4.429109047375,2.,64.3812257748299));
#9764=CARTESIAN_POINT('Origin',(8.33778740274051E-15,0.,64.3812257748299));
#9765=CARTESIAN_POINT('Ctrl Pts',(-4.429109047375,2.,64.3812257748299));
#9766=CARTESIAN_POINT('Ctrl Pts',(-4.85262177092072,2.,63.7126801762146));
#9767=CARTESIAN_POINT('Ctrl Pts',(-5.35040654437682,2.,62.9050706304149));
#9768=CARTESIAN_POINT('Origin',(8.33778740274051E-15,0.,63.8562257748299));
#9769=CARTESIAN_POINT('',(8.33778740274051E-15,3.95040654437682,64.9062257748299));
#9770=CARTESIAN_POINT('Origin',(8.33778740274051E-15,0.,64.9062257748299));
#9771=CARTESIAN_POINT('',(1.6,3.95040654437682,64.8588879475159));
#9772=CARTESIAN_POINT('Ctrl Pts',(8.36136715420821E-15,3.95040654437682,
64.9062257748299));
#9773=CARTESIAN_POINT('Ctrl Pts',(0.361056879498235,3.95040654437682,64.9062257748299));
#9774=CARTESIAN_POINT('Ctrl Pts',(0.757569264868986,3.95040654437682,64.9106558536503));
#9775=CARTESIAN_POINT('Ctrl Pts',(1.30110209691425,3.95040654437682,64.8866748753432));
#9776=CARTESIAN_POINT('Ctrl Pts',(1.45211563604953,3.95040654437682,64.8761472920821));
#9777=CARTESIAN_POINT('Ctrl Pts',(1.6,3.95040654437682,64.8588879475159));
#9778=CARTESIAN_POINT('',(2.,4.35040654437682,64.4892707729093));
#9779=CARTESIAN_POINT('Ctrl Pts',(1.6,3.95040654437682,64.8588879475159));
#9780=CARTESIAN_POINT('Ctrl Pts',(1.60395482878845,3.95040654437682,64.8584263858542));
#9781=CARTESIAN_POINT('Ctrl Pts',(1.60791611047621,3.95046519749971,64.8579420899223));
#9782=CARTESIAN_POINT('Ctrl Pts',(1.66153380211331,3.95205867463784,64.8510756659574));
#9783=CARTESIAN_POINT('Ctrl Pts',(1.71036397964807,3.96278156816398,64.8412908847239));
#9784=CARTESIAN_POINT('Ctrl Pts',(1.79493178653887,3.99854435753907,64.813629421535));
#9785=CARTESIAN_POINT('Ctrl Pts',(1.83038693029184,4.02087179036459,64.7973908279215));
#9786=CARTESIAN_POINT('Ctrl Pts',(1.8965677434694,4.07798552717798,64.7537975125239));
#9787=CARTESIAN_POINT('Ctrl Pts',(1.92473365197395,4.11296125592017,64.7260024785429));
#9788=CARTESIAN_POINT('Ctrl Pts',(1.9732270670294,4.19673046363817,64.6530869817002));
#9789=CARTESIAN_POINT('Ctrl Pts',(1.98890446156142,4.24545370026107,64.606433470608));
#9790=CARTESIAN_POINT('Ctrl Pts',(1.99862925657069,4.3119348476336,64.5342915427881));
#9791=CARTESIAN_POINT('Ctrl Pts',(2.,4.33128216856005,64.5122645593693));
#9792=CARTESIAN_POINT('Ctrl Pts',(2.,4.35040654437686,64.4892707729093));
#9793=CARTESIAN_POINT('Ctrl Pts',(2.,4.35040654437685,64.4892707729093));
#9794=CARTESIAN_POINT('Ctrl Pts',(2.,4.37863702798348,64.4553284514485));
#9795=CARTESIAN_POINT('Ctrl Pts',(2.,4.40530667993818,64.4187995408629));
#9796=CARTESIAN_POINT('Ctrl Pts',(2.,4.42910904737501,64.3812257748299));
#9797=CARTESIAN_POINT('Origin',(-4.35040654437682,-1.6,65.1062257748299));
#9798=CARTESIAN_POINT('',(-3.95040654437682,-1.6,64.8588879475159));
#9799=CARTESIAN_POINT('',(-3.95040654437682,-1.6,65.1062257748299));
#9800=CARTESIAN_POINT('',(-4.35040654437682,-2.,64.4892707729093));
#9801=CARTESIAN_POINT('Ctrl Pts',(-4.35040654437685,-2.,64.4892707729093));
#9802=CARTESIAN_POINT('Ctrl Pts',(-4.33196463952456,-2.,64.5114440049223));
#9803=CARTESIAN_POINT('Ctrl Pts',(-4.3130795285554,-1.99872744069371,64.533000235985));
#9804=CARTESIAN_POINT('Ctrl Pts',(-4.23826598440998,-1.98804425115611,64.6143689262887));
#9805=CARTESIAN_POINT('Ctrl Pts',(-4.18352711697415,-1.9682602676867,64.665391007182));
#9806=CARTESIAN_POINT('Ctrl Pts',(-4.09491907802526,-1.91126829629627,64.7407841035449));
#9807=CARTESIAN_POINT('Ctrl Pts',(-4.05764615018973,-1.87777507806577,64.7695739019747));
#9808=CARTESIAN_POINT('Ctrl Pts',(-3.99991730233907,-1.79793860607209,64.8129023672278));
#9809=CARTESIAN_POINT('Ctrl Pts',(-3.97872673879967,-1.75574560688566,64.8282981772959));
#9810=CARTESIAN_POINT('Ctrl Pts',(-3.95564726166564,-1.6739066312615,64.848313355999));
#9811=CARTESIAN_POINT('Ctrl Pts',(-3.95040654437682,-1.63735827752477,64.8545279234608));
#9812=CARTESIAN_POINT('Ctrl Pts',(-3.95040654437682,-1.6,64.8588879475159));
#9813=CARTESIAN_POINT('',(-4.35040654437682,-2.,65.1062257748299));
#9814=CARTESIAN_POINT('Origin',(-4.35040654437682,-2.,65.1062257748299));
#9815=CARTESIAN_POINT('Ctrl Pts',(-4.42910904737499,-2.,64.3812257748299));
#9816=CARTESIAN_POINT('Ctrl Pts',(-4.40532431864894,-2.,64.4187716968767));
#9817=CARTESIAN_POINT('Ctrl Pts',(-4.37866348695942,-2.,64.4552966390615));
#9818=CARTESIAN_POINT('Ctrl Pts',(-4.35040654437685,-2.,64.4892707729093));
#9819=CARTESIAN_POINT('',(-5.35040654437682,-2.,65.1062257748299));
#9820=CARTESIAN_POINT('Origin',(-5.35040654437682,-2.,65.1062257748299));
#9821=CARTESIAN_POINT('',(-5.35040654437682,2.,65.1062257748299));
#9822=CARTESIAN_POINT('Origin',(-3.95040654437682,1.6,65.1062257748299));
#9823=CARTESIAN_POINT('',(-3.95040654437682,1.6,65.0667345242965));
#9824=CARTESIAN_POINT('Ctrl Pts',(-3.95040654437682,1.60000000000001,65.0667345242966));
#9825=CARTESIAN_POINT('Ctrl Pts',(-3.95040654437682,1.48523354348438,65.0778289215358));
#9826=CARTESIAN_POINT('Ctrl Pts',(-3.95040654437682,1.36911066923188,65.0855788591421));
#9827=CARTESIAN_POINT('Ctrl Pts',(-3.95040654437682,0.825848884024174,65.1113500998613));
#9828=CARTESIAN_POINT('Ctrl Pts',(-3.95040654437682,0.393580004657657,65.1062257748299));
#9829=CARTESIAN_POINT('Ctrl Pts',(-3.95040654437682,3.12250225675825E-16,
65.1062257748299));
#9830=CARTESIAN_POINT('',(-3.95040654437682,1.6,64.8588879475159));
#9831=CARTESIAN_POINT('',(-3.95040654437682,1.6,65.1062257748299));
#9832=CARTESIAN_POINT('',(-3.95040654437682,2.77555756156289E-16,64.9062257748299));
#9833=CARTESIAN_POINT('Ctrl Pts',(-3.95040654437682,2.77555756156289E-16,
64.9062257748299));
#9834=CARTESIAN_POINT('Ctrl Pts',(-3.95040654437682,0.361056879498226,64.9062257748299));
#9835=CARTESIAN_POINT('Ctrl Pts',(-3.95040654437682,0.757569264868976,64.9106558536503));
#9836=CARTESIAN_POINT('Ctrl Pts',(-3.95040654437682,1.30110209691425,64.8866748753432));
#9837=CARTESIAN_POINT('Ctrl Pts',(-3.95040654437682,1.45211563604953,64.8761472920821));
#9838=CARTESIAN_POINT('Ctrl Pts',(-3.95040654437682,1.6,64.8588879475159));
#9839=CARTESIAN_POINT('Ctrl Pts',(-3.95040654437682,-1.6,64.8588879475159));
#9840=CARTESIAN_POINT('Ctrl Pts',(-3.95040654437682,-1.45211563604953,64.8761472920821));
#9841=CARTESIAN_POINT('Ctrl Pts',(-3.95040654437682,-1.30110209691425,64.8866748753432));
#9842=CARTESIAN_POINT('Ctrl Pts',(-3.95040654437682,-0.757569264868976,
64.9106558536503));
#9843=CARTESIAN_POINT('Ctrl Pts',(-3.95040654437682,-0.361056879498225,
64.9062257748299));
#9844=CARTESIAN_POINT('Ctrl Pts',(-3.95040654437682,2.77555756156289E-16,
64.9062257748299));
#9845=CARTESIAN_POINT('Origin',(-4.35040654437682,1.6,65.1062257748299));
#9846=CARTESIAN_POINT('',(-4.35040654437682,2.,64.7839897370495));
#9847=CARTESIAN_POINT('Ctrl Pts',(-4.35040654437683,2.,64.7839897370495));
#9848=CARTESIAN_POINT('Ctrl Pts',(-4.30969742921637,2.,64.817387084117));
#9849=CARTESIAN_POINT('Ctrl Pts',(-4.26814535273727,1.99379510040763,64.8496576198513));
#9850=CARTESIAN_POINT('Ctrl Pts',(-4.18237589483593,1.9660553094951,64.9124006719585));
#9851=CARTESIAN_POINT('Ctrl Pts',(-4.13857869006929,1.94313012547253,64.9421334642372));
#9852=CARTESIAN_POINT('Ctrl Pts',(-4.06516215332489,1.88375030261462,64.9892963249819));
#9853=CARTESIAN_POINT('Ctrl Pts',(-4.03519895268738,1.85048051888608,65.0074210908511));
#9854=CARTESIAN_POINT('Ctrl Pts',(-3.98905760127741,1.77647410975273,65.0354537281359));
#9855=CARTESIAN_POINT('Ctrl Pts',(-3.97244076241799,1.73766335338722,65.0456539694271));
#9856=CARTESIAN_POINT('Ctrl Pts',(-3.95438194475505,1.66492339702868,65.0592427128688));
#9857=CARTESIAN_POINT('Ctrl Pts',(-3.95040654437682,1.63253927383707,65.0635889742745));
#9858=CARTESIAN_POINT('Ctrl Pts',(-3.95040654437682,1.60000000000001,65.0667345242966));
#9859=CARTESIAN_POINT('',(-4.35040654437682,2.,64.4892707729093));
#9860=CARTESIAN_POINT('',(-4.35040654437682,2.,65.1062257748299));
#9861=CARTESIAN_POINT('Ctrl Pts',(-3.95040654437682,1.6,64.8588879475159));
#9862=CARTESIAN_POINT('Ctrl Pts',(-3.95040654437682,1.60395482878845,64.8584263858542));
#9863=CARTESIAN_POINT('Ctrl Pts',(-3.95046519749971,1.60791611047621,64.8579420899223));
#9864=CARTESIAN_POINT('Ctrl Pts',(-3.95205867463784,1.6615338021133,64.8510756659574));
#9865=CARTESIAN_POINT('Ctrl Pts',(-3.96278156816397,1.71036397964804,64.8412908847239));
#9866=CARTESIAN_POINT('Ctrl Pts',(-3.99854435753908,1.79493178653889,64.813629421535));
#9867=CARTESIAN_POINT('Ctrl Pts',(-4.02087179036461,1.83038693029186,64.7973908279215));
#9868=CARTESIAN_POINT('Ctrl Pts',(-4.07798552717799,1.8965677434694,64.7537975125239));
#9869=CARTESIAN_POINT('Ctrl Pts',(-4.11296125592017,1.92473365197395,64.7260024785429));
#9870=CARTESIAN_POINT('Ctrl Pts',(-4.19673046363817,1.9732270670294,64.6530869817002));
#9871=CARTESIAN_POINT('Ctrl Pts',(-4.24545370026105,1.98890446156142,64.606433470608));
#9872=CARTESIAN_POINT('Ctrl Pts',(-4.3119348476336,1.9986292565707,64.5342915427881));
#9873=CARTESIAN_POINT('Ctrl Pts',(-4.33128216856004,2.,64.5122645593693));
#9874=CARTESIAN_POINT('Ctrl Pts',(-4.35040654437685,2.,64.4892707729093));
#9875=CARTESIAN_POINT('Origin',(-5.35040654437682,2.,65.1062257748299));
#9876=CARTESIAN_POINT('Ctrl Pts',(-4.61849195329186,2.,64.4812257748299));
#9877=CARTESIAN_POINT('Ctrl Pts',(-4.56235712696673,2.,64.570447701198));
#9878=CARTESIAN_POINT('Ctrl Pts',(-4.49214079822901,2.,64.6540324284394));
#9879=CARTESIAN_POINT('Ctrl Pts',(-4.39934569942002,2.,64.7422701434329));
#9880=CARTESIAN_POINT('Ctrl Pts',(-4.37550832752452,2.,64.7633964875895));
#9881=CARTESIAN_POINT('Ctrl Pts',(-4.35040654437682,2.,64.7839897370495));
#9882=CARTESIAN_POINT('Ctrl Pts',(-4.35040654437685,2.,64.4892707729093));
#9883=CARTESIAN_POINT('Ctrl Pts',(-4.37863702798347,2.,64.4553284514485));
#9884=CARTESIAN_POINT('Ctrl Pts',(-4.40530667993816,2.,64.4187995408629));
#9885=CARTESIAN_POINT('Ctrl Pts',(-4.429109047375,2.,64.3812257748299));
#9886=CARTESIAN_POINT('Origin',(8.33778740274051E-15,0.,63.8562257748299));
#9887=CARTESIAN_POINT('Origin',(8.33778740274051E-15,0.,65.1062257748299));
#9888=CARTESIAN_POINT('Origin',(8.33778740274051E-15,0.,63.8562257748299));
#9889=CARTESIAN_POINT('',(-2.,4.35040654437682,64.4892707729093));
#9890=CARTESIAN_POINT('Ctrl Pts',(-2.,4.429109047375,64.3812257748299));
#9891=CARTESIAN_POINT('Ctrl Pts',(-2.,4.40532431864895,64.4187716968767));
#9892=CARTESIAN_POINT('Ctrl Pts',(-2.,4.37866348695943,64.4552966390615));
#9893=CARTESIAN_POINT('Ctrl Pts',(-2.,4.35040654437685,64.4892707729093));
#9894=CARTESIAN_POINT('',(-1.6,3.95040654437682,64.8588879475159));
#9895=CARTESIAN_POINT('Ctrl Pts',(-2.,4.35040654437684,64.4892707729093));
#9896=CARTESIAN_POINT('Ctrl Pts',(-2.,4.33196463952456,64.5114440049223));
#9897=CARTESIAN_POINT('Ctrl Pts',(-1.99872744069371,4.31307952855541,64.533000235985));
#9898=CARTESIAN_POINT('Ctrl Pts',(-1.98804425115611,4.23826598441,64.6143689262887));
#9899=CARTESIAN_POINT('Ctrl Pts',(-1.96826026768671,4.18352711697417,64.665391007182));
#9900=CARTESIAN_POINT('Ctrl Pts',(-1.91126829629629,4.09491907802529,64.7407841035449));
#9901=CARTESIAN_POINT('Ctrl Pts',(-1.87777507806579,4.05764615018974,64.7695739019747));
#9902=CARTESIAN_POINT('Ctrl Pts',(-1.7979386060721,3.99991730233907,64.8129023672278));
#9903=CARTESIAN_POINT('Ctrl Pts',(-1.75574560688568,3.97872673879967,64.8282981772959));
#9904=CARTESIAN_POINT('Ctrl Pts',(-1.67390663126151,3.95564726166564,64.848313355999));
#9905=CARTESIAN_POINT('Ctrl Pts',(-1.63735827752478,3.95040654437682,64.8545279234608));
#9906=CARTESIAN_POINT('Ctrl Pts',(-1.6,3.95040654437682,64.8588879475159));
#9907=CARTESIAN_POINT('Ctrl Pts',(-1.6,3.95040654437682,64.8588879475159));
#9908=CARTESIAN_POINT('Ctrl Pts',(-1.45211563604953,3.95040654437682,64.8761472920821));
#9909=CARTESIAN_POINT('Ctrl Pts',(-1.30110209691424,3.95040654437682,64.8866748753432));
#9910=CARTESIAN_POINT('Ctrl Pts',(-0.757569264868969,3.95040654437682,64.9106558536503));
#9911=CARTESIAN_POINT('Ctrl Pts',(-0.361056879498218,3.95040654437682,64.9062257748299));
#9912=CARTESIAN_POINT('Ctrl Pts',(8.36136715420821E-15,3.95040654437682,
64.9062257748299));
#9913=CARTESIAN_POINT('Origin',(8.33778740274051E-15,0.,64.9062257748299));
#9914=CARTESIAN_POINT('Origin',(-1.6,4.35040654437682,65.1062257748299));
#9915=CARTESIAN_POINT('',(-1.6,3.95040654437682,65.0667345242965));
#9916=CARTESIAN_POINT('',(-2.,4.35040654437682,64.7839897370495));
#9917=CARTESIAN_POINT('Ctrl Pts',(-1.6,3.95040654437682,65.0667345242965));
#9918=CARTESIAN_POINT('Ctrl Pts',(-1.62857931888389,3.95040654437682,65.0639717804936));
#9919=CARTESIAN_POINT('Ctrl Pts',(-1.65700316512882,3.95347235714927,65.0602840086515));
#9920=CARTESIAN_POINT('Ctrl Pts',(-1.68475063694217,3.95948797288412,65.0554621832317));
#9921=CARTESIAN_POINT('Ctrl Pts',(-1.70835302456541,3.96460493976749,65.0513606710876));
#9922=CARTESIAN_POINT('Ctrl Pts',(-1.73117219822155,3.97178902141049,65.0464873652364));
#9923=CARTESIAN_POINT('Ctrl Pts',(-1.75298599814652,3.98081855164557,65.0407381057372));
#9924=CARTESIAN_POINT('Ctrl Pts',(-1.7777411781219,3.99106562674626,65.0342136141714));
#9925=CARTESIAN_POINT('Ctrl Pts',(-1.8012030825983,4.00368872398417,65.0265610146788));
#9926=CARTESIAN_POINT('Ctrl Pts',(-1.82309912114567,4.01840235442731,65.0176280755891));
#9927=CARTESIAN_POINT('Ctrl Pts',(-1.841299311365,4.03063246044867,65.0102029338083));
#9928=CARTESIAN_POINT('Ctrl Pts',(-1.85816750814085,4.04413758849832,65.0019917351915));
#9929=CARTESIAN_POINT('Ctrl Pts',(-1.87365874604447,4.05866883561539,64.9929891196952));
#9930=CARTESIAN_POINT('Ctrl Pts',(-1.88348815407114,4.06788911600478,64.9872768337197));
#9931=CARTESIAN_POINT('Ctrl Pts',(-1.89276392853258,4.07752354750791,64.981245916919));
#9932=CARTESIAN_POINT('Ctrl Pts',(-1.90147917989299,4.08751815724066,64.974895000014));
#9933=CARTESIAN_POINT('Ctrl Pts',(-1.91513779628718,4.10318179500668,64.9649417887789));
#9934=CARTESIAN_POINT('Ctrl Pts',(-1.92730920736315,4.11960164951553,64.9542833310835));
#9935=CARTESIAN_POINT('Ctrl Pts',(-1.93803162243377,4.13654999845223,64.9429757373818));
#9936=CARTESIAN_POINT('Ctrl Pts',(-1.94114836121037,4.14147646100592,64.9396889017643));
#9937=CARTESIAN_POINT('Ctrl Pts',(-1.94414276949465,4.14644790707032,64.9363472193488));
#9938=CARTESIAN_POINT('Ctrl Pts',(-1.94701596712064,4.15145951986193,64.9329520681923));
#9939=CARTESIAN_POINT('Ctrl Pts',(-1.95730686555953,4.16940955496811,64.9207916948785));
#9940=CARTESIAN_POINT('Ctrl Pts',(-1.96600041983807,4.18779794349034,64.9079949294231));
#9941=CARTESIAN_POINT('Ctrl Pts',(-1.973181144856,4.20640712380867,64.8946629254268));
#9942=CARTESIAN_POINT('Ctrl Pts',(-1.9755006211704,4.21241815373544,64.8903564985109));
#9943=CARTESIAN_POINT('Ctrl Pts',(-1.97766230511951,4.21845263594061,64.8859942257752));
#9944=CARTESIAN_POINT('Ctrl Pts',(-1.9796691189009,4.22450435951486,64.8815795163711));
#9945=CARTESIAN_POINT('Ctrl Pts',(-1.98651731074268,4.24515568471216,64.8665144529332));
#9946=CARTESIAN_POINT('Ctrl Pts',(-1.99155368176896,4.26597829643246,64.8508553373609));
#9947=CARTESIAN_POINT('Ctrl Pts',(-1.99490133034281,4.28674384498795,64.8347687235801));
#9948=CARTESIAN_POINT('Ctrl Pts',(-1.99734717589383,4.30191548664281,64.8230155864516));
#9949=CARTESIAN_POINT('Ctrl Pts',(-1.99889172612595,4.31705809424025,64.8110342509018));
#9950=CARTESIAN_POINT('Ctrl Pts',(-1.99958086002109,4.33209981597435,64.7988896733953));
#9951=CARTESIAN_POINT('Ctrl Pts',(-1.99986194636633,4.3382350860838,64.7939361006139));
#9952=CARTESIAN_POINT('Ctrl Pts',(-2.,4.34433871654905,64.788967721737));
#9953=CARTESIAN_POINT('Ctrl Pts',(-2.,4.35040654437682,64.7839897370495));
#9954=CARTESIAN_POINT('',(-1.6,3.95040654437682,65.1062257748299));
#9955=CARTESIAN_POINT('',(-2.,4.35040654437682,65.1062257748299));
#9956=CARTESIAN_POINT('Origin',(-2.,4.35040654437682,65.1062257748299));
#9957=CARTESIAN_POINT('Ctrl Pts',(-2.,4.35040654437683,64.7839897370495));
#9958=CARTESIAN_POINT('Ctrl Pts',(-2.,4.37550832752452,64.7633964875895));
#9959=CARTESIAN_POINT('Ctrl Pts',(-2.,4.39934569942003,64.7422701434329));
#9960=CARTESIAN_POINT('Ctrl Pts',(-2.,4.49214079822902,64.6540324284393));
#9961=CARTESIAN_POINT('Ctrl Pts',(-2.,4.56235712696674,64.570447701198));
#9962=CARTESIAN_POINT('Ctrl Pts',(-2.,4.61849195329188,64.4812257748299));
#9963=CARTESIAN_POINT('',(-2.,5.35040654437682,65.1062257748299));
#9964=CARTESIAN_POINT('Origin',(-2.,5.35040654437682,65.1062257748299));
#9965=CARTESIAN_POINT('',(2.,5.35040654437682,65.1062257748299));
#9966=CARTESIAN_POINT('Origin',(1.6,3.95040654437682,65.1062257748299));
#9967=CARTESIAN_POINT('Ctrl Pts',(8.32667268468867E-15,3.95040654437682,
65.1062257748299));
#9968=CARTESIAN_POINT('Ctrl Pts',(-0.393580004657649,3.95040654437682,65.1062257748299));
#9969=CARTESIAN_POINT('Ctrl Pts',(-0.825848884024167,3.95040654437682,65.1113500998613));
#9970=CARTESIAN_POINT('Ctrl Pts',(-1.36911066923188,3.95040654437682,65.0855788591421));
#9971=CARTESIAN_POINT('Ctrl Pts',(-1.48523354348438,3.95040654437682,65.0778289215358));
#9972=CARTESIAN_POINT('Ctrl Pts',(-1.60000000000001,3.95040654437682,65.0667345242966));
#9973=CARTESIAN_POINT('',(1.6,3.95040654437682,65.1062257748299));
#9974=CARTESIAN_POINT('Origin',(1.6,4.35040654437682,65.1062257748299));
#9975=CARTESIAN_POINT('',(2.,4.35040654437682,65.1062257748299));
#9976=CARTESIAN_POINT('Origin',(2.,5.35040654437682,65.1062257748299));
#9977=CARTESIAN_POINT('Origin',(8.33778740274051E-15,0.,63.8562257748299));
#9978=CARTESIAN_POINT('Origin',(8.33778740274051E-15,0.,64.9062257748299));
#9979=CARTESIAN_POINT('Origin',(8.46545056276682E-15,0.,64.9062257748299));
#9980=CARTESIAN_POINT('Origin',(6.00000000000001,0.,62.8062257748299));
#9981=CARTESIAN_POINT('Origin',(8.33778740274051E-15,0.,63.8562257748299));
#9982=CARTESIAN_POINT('Origin',(8.33778740274051E-15,0.,65.1062257748299));
#9983=CARTESIAN_POINT('Origin',(8.46545056276682E-15,0.,65.1062257748299));
#9984=CARTESIAN_POINT('Origin',(0.,0.,0.0999999999999979));
#9985=CARTESIAN_POINT('',(8.50000000000001,-1.04094977927525E-15,62.8));
#9986=CARTESIAN_POINT('Origin',(0.,0.,62.8));
#9987=CARTESIAN_POINT('',(8.50000000000001,1.04094977927525E-15,0.0999999999999979));
#9988=CARTESIAN_POINT('',(8.50000000000001,1.04094977927525E-15,0.0999999999999979));
#9989=CARTESIAN_POINT('Origin',(0.,0.,0.0999999999999979));
#9990=CARTESIAN_POINT('Origin',(0.,0.,0.0999999999999979));
#9991=CARTESIAN_POINT('Origin',(0.,0.,62.8));
#9992=CARTESIAN_POINT('',(25.0935115569468,32.6928939630495,67.4370016497584));
#9993=CARTESIAN_POINT('',(66.5935115569468,32.3928939630495,76.6870016497584));
#9994=CARTESIAN_POINT('',(66.5935115569468,32.3928939630495,58.1870016497584));
#9995=CARTESIAN_POINT('',(-16.4064884430533,32.3928939630495,58.1870016497584));
#9996=CARTESIAN_POINT('',(-16.4064884430533,32.3928939630494,76.6870016497584));
#9997=CARTESIAN_POINT('',(-7.59058900287819,41.5,75.6905890028782));
#9998=CARTESIAN_POINT('',(57.590589002878,41.4662655080078,59.0773559784711));
#9999=UNCERTAINTY_MEASURE_WITH_UNIT(LENGTH_MEASURE(0.01),#10009,
'DISTANCE_ACCURACY_VALUE',
'Maximum model space distance between geometric entities at asserted c
onnectivities');
#10000=UNCERTAINTY_MEASURE_WITH_UNIT(LENGTH_MEASURE(0.01),#10009,
'DISTANCE_ACCURACY_VALUE',
'Maximum model space distance between geometric entities at asserted c
onnectivities');
#10001=UNCERTAINTY_MEASURE_WITH_UNIT(LENGTH_MEASURE(0.01),#10009,
'DISTANCE_ACCURACY_VALUE',
'Maximum model space distance between geometric entities at asserted c
onnectivities');
#10002=UNCERTAINTY_MEASURE_WITH_UNIT(LENGTH_MEASURE(0.01),#10009,
'DISTANCE_ACCURACY_VALUE',
'Maximum model space distance between geometric entities at asserted c
onnectivities');
#10003=UNCERTAINTY_MEASURE_WITH_UNIT(LENGTH_MEASURE(0.01),#10009,
'DISTANCE_ACCURACY_VALUE',
'Maximum model space distance between geometric entities at asserted c
onnectivities');
#10004=(
GEOMETRIC_REPRESENTATION_CONTEXT(3)
GLOBAL_UNCERTAINTY_ASSIGNED_CONTEXT((#9999))
GLOBAL_UNIT_ASSIGNED_CONTEXT((#10009,#10011,#10012))
REPRESENTATION_CONTEXT('','3D')
);
#10005=(
GEOMETRIC_REPRESENTATION_CONTEXT(3)
GLOBAL_UNCERTAINTY_ASSIGNED_CONTEXT((#10000))
GLOBAL_UNIT_ASSIGNED_CONTEXT((#10009,#10011,#10012))
REPRESENTATION_CONTEXT('','3D')
);
#10006=(
GEOMETRIC_REPRESENTATION_CONTEXT(3)
GLOBAL_UNCERTAINTY_ASSIGNED_CONTEXT((#10001))
GLOBAL_UNIT_ASSIGNED_CONTEXT((#10009,#10011,#10012))
REPRESENTATION_CONTEXT('','3D')
);
#10007=(
GEOMETRIC_REPRESENTATION_CONTEXT(3)
GLOBAL_UNCERTAINTY_ASSIGNED_CONTEXT((#10002))
GLOBAL_UNIT_ASSIGNED_CONTEXT((#10009,#10011,#10012))
REPRESENTATION_CONTEXT('','3D')
);
#10008=(
GEOMETRIC_REPRESENTATION_CONTEXT(3)
GLOBAL_UNCERTAINTY_ASSIGNED_CONTEXT((#10003))
GLOBAL_UNIT_ASSIGNED_CONTEXT((#10009,#10011,#10012))
REPRESENTATION_CONTEXT('','3D')
);
#10009=(
LENGTH_UNIT()
NAMED_UNIT(*)
SI_UNIT(.MILLI.,.METRE.)
);
#10010=(
LENGTH_UNIT()
NAMED_UNIT(*)
SI_UNIT($,.METRE.)
);
#10011=(
NAMED_UNIT(*)
PLANE_ANGLE_UNIT()
SI_UNIT($,.RADIAN.)
);
#10012=(
NAMED_UNIT(*)
SI_UNIT($,.STERADIAN.)
SOLID_ANGLE_UNIT()
);
#10013=SHAPE_DEFINITION_REPRESENTATION(#10017,#10028);
#10014=SHAPE_DEFINITION_REPRESENTATION(#10018,#10029);
#10015=SHAPE_DEFINITION_REPRESENTATION(#10019,#10030);
#10016=SHAPE_DEFINITION_REPRESENTATION(#10020,#10031);
#10017=PRODUCT_DEFINITION_SHAPE('',$,#10033);
#10018=PRODUCT_DEFINITION_SHAPE('',$,#10034);
#10019=PRODUCT_DEFINITION_SHAPE('',$,#10035);
#10020=PRODUCT_DEFINITION_SHAPE('',$,#10036);
#10021=PRODUCT_DEFINITION_SHAPE($,$,#32);
#10022=PRODUCT_DEFINITION_SHAPE($,$,#33);
#10023=PRODUCT_DEFINITION_SHAPE($,$,#34);
#10024=PRODUCT_DEFINITION_SHAPE($,$,#35);
#10025=PRODUCT_DEFINITION_SHAPE($,$,#36);
#10026=PRODUCT_DEFINITION_SHAPE($,$,#37);
#10027=PRODUCT_DEFINITION_SHAPE($,$,#38);
#10028=SHAPE_REPRESENTATION('',(#5875,#6284,#6285,#6286,#6287,#6288,#6289,
#6290),#10004);
#10029=SHAPE_REPRESENTATION('',(#5876),#10005);
#10030=SHAPE_REPRESENTATION('',(#6103),#10006);
#10031=SHAPE_REPRESENTATION('',(#6165),#10007);
#10032=PRODUCT_DEFINITION_CONTEXT('part definition',#10046,'design');
#10033=PRODUCT_DEFINITION('Assem1','18650_2S_Holder v1',#10037,#10032);
#10034=PRODUCT_DEFINITION('Battery Holder','Battery Holder',#10038,#10032);
#10035=PRODUCT_DEFINITION('Battery-Holder_Metal-Lead',
'Battery-Holder_Metal-Lead',#10039,#10032);
#10036=PRODUCT_DEFINITION('18650','18650 v4 v1',#10040,#10032);
#10037=PRODUCT_DEFINITION_FORMATION('',$,#10048);
#10038=PRODUCT_DEFINITION_FORMATION('',$,#10049);
#10039=PRODUCT_DEFINITION_FORMATION('',$,#10050);
#10040=PRODUCT_DEFINITION_FORMATION('',$,#10051);
#10041=PRODUCT_RELATED_PRODUCT_CATEGORY('18650_2S_Holder v1',
'18650_2S_Holder v1',(#10048));
#10042=PRODUCT_RELATED_PRODUCT_CATEGORY('Battery Holder',
'Battery Holder',(#10049));
#10043=PRODUCT_RELATED_PRODUCT_CATEGORY('Battery-Holder_Metal-Lead',
'Battery-Holder_Metal-Lead',(#10050));
#10044=PRODUCT_RELATED_PRODUCT_CATEGORY('18650 v4 v1','18650 v4 v1',(#10051));
#10045=APPLICATION_PROTOCOL_DEFINITION('international standard',
'automotive_design',2009,#10046);
#10046=APPLICATION_CONTEXT(
'Core Data for Automotive Mechanical Design Process');
#10047=PRODUCT_CONTEXT('part definition',#10046,'mechanical');
#10048=PRODUCT('Assem1','18650_2S_Holder v1','STEP AP214',(#10047));
#10049=PRODUCT('Battery Holder','Battery Holder',$,(#10047));
#10050=PRODUCT('Battery-Holder_Metal-Lead','Battery-Holder_Metal-Lead',
$,(#10047));
#10051=PRODUCT('18650','18650 v4 v1',$,(#10047));
#10052=PRESENTATION_STYLE_ASSIGNMENT((#10058));
#10053=PRESENTATION_STYLE_ASSIGNMENT((#10059));
#10054=PRESENTATION_STYLE_ASSIGNMENT((#10060));
#10055=PRESENTATION_STYLE_ASSIGNMENT((#10061));
#10056=PRESENTATION_STYLE_ASSIGNMENT((#10062));
#10057=PRESENTATION_STYLE_ASSIGNMENT((#10063));
#10058=SURFACE_STYLE_USAGE(.BOTH.,#10064);
#10059=SURFACE_STYLE_USAGE(.BOTH.,#10065);
#10060=SURFACE_STYLE_USAGE(.BOTH.,#10066);
#10061=SURFACE_STYLE_USAGE(.BOTH.,#10067);
#10062=SURFACE_STYLE_USAGE(.BOTH.,#10068);
#10063=SURFACE_STYLE_USAGE(.BOTH.,#10069);
#10064=SURFACE_SIDE_STYLE('',(#10070));
#10065=SURFACE_SIDE_STYLE('',(#10071));
#10066=SURFACE_SIDE_STYLE('',(#10072));
#10067=SURFACE_SIDE_STYLE('',(#10073));
#10068=SURFACE_SIDE_STYLE('',(#10074));
#10069=SURFACE_SIDE_STYLE('',(#10075));
#10070=SURFACE_STYLE_FILL_AREA(#10076);
#10071=SURFACE_STYLE_FILL_AREA(#10077);
#10072=SURFACE_STYLE_FILL_AREA(#10078);
#10073=SURFACE_STYLE_FILL_AREA(#10079);
#10074=SURFACE_STYLE_FILL_AREA(#10080);
#10075=SURFACE_STYLE_FILL_AREA(#10081);
#10076=FILL_AREA_STYLE('A\X\E7o - Acetinado',(#10082));
#10077=FILL_AREA_STYLE('Opaque(26,26,26)',(#10083));
#10078=FILL_AREA_STYLE('Opaque(255,207,128)',(#10084));
#10079=FILL_AREA_STYLE('Opaque(255,169,205)',(#10085));
#10080=FILL_AREA_STYLE('Opaque(247,247,247)',(#10086));
#10081=FILL_AREA_STYLE('Opaque(209,204,192)',(#10087));
#10082=FILL_AREA_STYLE_COLOUR('A\X\E7o - Acetinado',#10088);
#10083=FILL_AREA_STYLE_COLOUR('Opaque(26,26,26)',#10089);
#10084=FILL_AREA_STYLE_COLOUR('Opaque(255,207,128)',#10090);
#10085=FILL_AREA_STYLE_COLOUR('Opaque(255,169,205)',#10091);
#10086=FILL_AREA_STYLE_COLOUR('Opaque(247,247,247)',#10092);
#10087=FILL_AREA_STYLE_COLOUR('Opaque(209,204,192)',#10093);
#10088=COLOUR_RGB('A\X\E7o - Acetinado',0.627450980392157,0.627450980392157,
0.627450980392157);
#10089=COLOUR_RGB('Opaque(26,26,26)',0.101960784313725,0.101960784313725,
0.101960784313725);
#10090=COLOUR_RGB('Opaque(255,207,128)',1.,0.811764705882353,0.501960784313725);
#10091=COLOUR_RGB('Opaque(255,169,205)',1.,0.662745098039216,0.803921568627451);
#10092=COLOUR_RGB('Opaque(247,247,247)',0.968627450980392,0.968627450980392,
0.968627450980392);
#10093=COLOUR_RGB('Opaque(209,204,192)',0.819607843137255,0.8,0.752941176470588);
ENDSEC;
END-ISO-10303-21;
