ISO-10303-21;
HEADER;
FILE_DESCRIPTION(('STEP AP214'),
    '1');
FILE_NAME('Hold_18650-4p_smd',
    '',
    ('UNSPECIFIED'),
    ('UNSPECIFIED'),
    'C3D Converter',
    'C3D Toolkit',
    '');
FILE_SCHEMA(('AUTOMOTIVE_DESIGN { 1 0 10303 214 3 1 1}'));
ENDSEC;

DATA;
#1=PRODUCT_DEFINITION('','UNSPECIFIED',#15,#18);
#2=SHAPE_DEFINITION_REPRESENTATION(#13,#3);
#3=SHAPE_REPRESENTATION('NONE',(#4,#35,#99,#125,#188,#214,#240,#266,#292,#318),#8);
#4=AXIS2_PLACEMENT_3D('',#5,#6,#7);
#5=CARTESIAN_POINT('',(0.,0.,0.));
#6=DIRECTION('',(0.,0.,1.));
#7=DIRECTION('',(1.,0.,0.));
#8=(GEOMETRIC_REPRESENTATION_CONTEXT(3)GLOBAL_UNCERTAINTY_ASSIGNED_CONTEXT((#10))
GLOBAL_UNIT_ASSIGNED_CONTEXT((#9,#11,#12))REPRESENTATION_CONTEXT('NONE','NONE'));
#9=(LENGTH_UNIT()NAMED_UNIT(*)SI_UNIT(.MILLI.,.METRE.));
#10=UNCERTAINTY_MEASURE_WITH_UNIT(LENGTH_MEASURE(1.E-5),#9,'NONE','NONE');
#11=(NAMED_UNIT(*)PLANE_ANGLE_UNIT()SI_UNIT($,.RADIAN.));
#12=(NAMED_UNIT(*)SI_UNIT($,.STERADIAN.)SOLID_ANGLE_UNIT());
#13=PRODUCT_DEFINITION_SHAPE('NONE','NONE',#1);
#14=MECHANICAL_CONTEXT('NONE',#19,'mechanical');
#15=PRODUCT_DEFINITION_FORMATION_WITH_SPECIFIED_SOURCE('ANY','UNSPECIFIED',#16,.NOT_KNOWN.);
#16=PRODUCT('','Hold_18650-4p_smd','NONE',(#14));
#17=PRODUCT_RELATED_PRODUCT_CATEGORY('assembly','',(#16));
#18=DESIGN_CONTEXT('detailed design',#19,'design');
#19=APPLICATION_CONTEXT('configuration controlled 3d designs of mechanical parts and assemblies');
#20=APPLICATION_PROTOCOL_DEFINITION('international standard','config_control_design',
1994,#19);
#21=CC_DESIGN_DATE_AND_TIME_ASSIGNMENT(#22,#26,(#1));
#22=DATE_AND_TIME(#23,#24);
#23=CALENDAR_DATE(0,1,1);
#24=LOCAL_TIME(0,0,0.,#25);
#25=COORDINATED_UNIVERSAL_TIME_OFFSET(0,0,.AHEAD.);
#26=DATE_TIME_ROLE('creation_date');
#27=CC_DESIGN_APPROVAL(#28,(#1));
#28=APPROVAL(#29,'UNSPECIFIED');
#29=APPROVAL_STATUS('not_yet_approved');
#30=APPROVAL_DATE_TIME(#31,#28);
#31=DATE_AND_TIME(#32,#33);
#32=CALENDAR_DATE(0,1,1);
#33=LOCAL_TIME(0,0,0.,#34);
#34=COORDINATED_UNIVERSAL_TIME_OFFSET(0,0,.AHEAD.);
#35=AXIS2_PLACEMENT_3D('',#36,#37,#38);
#36=CARTESIAN_POINT('',(-10.,-35.5,0.));
#37=DIRECTION('',(0.,0.,1.));
#38=DIRECTION('',(1.,0.,0.));
#39=PRODUCT_DEFINITION('','UNSPECIFIED',#57,#60);
#40=SHAPE_DEFINITION_REPRESENTATION(#55,#41);
#41=SHAPE_REPRESENTATION('NONE',(#4),#8);
#42=MANIFOLD_SOLID_BREP('',#43);
#43=CLOSED_SHELL('',(#344,#345,#346,#347,#348,#349,#350,#351,#352,#353,#354,#355,
#356,#357,#358,#359,#360,#361,#362,#363,#364,#365,#366,#367,#368,#369,#370,#371,
#372,#373,#374,#375,#376,#377,#378,#379,#380,#381,#382,#383,#384,#385,#386,#387,
#388,#389,#390,#391,#392,#393));
#44=COLOUR_RGB('',1.,0.8,0.6);
#45=FILL_AREA_STYLE_COLOUR('',#44);
#46=FILL_AREA_STYLE($,(#45));
#47=SURFACE_STYLE_FILL_AREA(#46);
#48=SURFACE_SIDE_STYLE('',(#47));
#49=SURFACE_STYLE_USAGE(.BOTH.,#48);
#50=PRESENTATION_STYLE_ASSIGNMENT((#49));
#51=MECHANICAL_DESIGN_GEOMETRIC_PRESENTATION_REPRESENTATION('NONE',(#52,#141),#8);
#52=STYLED_ITEM('',(#50),#42);
#53=ADVANCED_BREP_SHAPE_REPRESENTATION('NONE',(#42),#8);
#54=SHAPE_REPRESENTATION_RELATIONSHIP('','',#41,#53);
#55=PRODUCT_DEFINITION_SHAPE('NONE','NONE',#39);
#56=MECHANICAL_CONTEXT('NONE',#61,'mechanical');
#57=PRODUCT_DEFINITION_FORMATION_WITH_SPECIFIED_SOURCE('ANY','UNSPECIFIED',#58,.NOT_KNOWN.);
#58=PRODUCT('','Hold_18650_Con_smd','NONE',(#56));
#59=PRODUCT_RELATED_PRODUCT_CATEGORY('detail','',(#58));
#60=DESIGN_CONTEXT('detailed design',#61,'design');
#61=APPLICATION_CONTEXT('configuration controlled 3d designs of mechanical parts and assemblies');
#62=APPLICATION_PROTOCOL_DEFINITION('international standard','config_control_design',
1994,#61);
#63=CC_DESIGN_DATE_AND_TIME_ASSIGNMENT(#64,#68,(#39));
#64=DATE_AND_TIME(#65,#66);
#65=CALENDAR_DATE(0,1,1);
#66=LOCAL_TIME(0,0,0.,#67);
#67=COORDINATED_UNIVERSAL_TIME_OFFSET(0,0,.AHEAD.);
#68=DATE_TIME_ROLE('creation_date');
#69=CC_DESIGN_APPROVAL(#70,(#39));
#70=APPROVAL(#71,'UNSPECIFIED');
#71=APPROVAL_STATUS('not_yet_approved');
#72=APPROVAL_DATE_TIME(#73,#70);
#73=DATE_AND_TIME(#74,#75);
#74=CALENDAR_DATE(0,1,1);
#75=LOCAL_TIME(0,0,0.,#76);
#76=COORDINATED_UNIVERSAL_TIME_OFFSET(0,0,.AHEAD.);
#77=ITEM_DEFINED_TRANSFORMATION('','',#4,#35);
#78=(REPRESENTATION_RELATIONSHIP('','',#41,#3)REPRESENTATION_RELATIONSHIP_WITH_TRANSFORMATION(
#77)SHAPE_REPRESENTATION_RELATIONSHIP());
#79=NEXT_ASSEMBLY_USAGE_OCCURRENCE('ANY','Hold_18650-4p_smd','',#1,#39,'');
#80=CC_DESIGN_SECURITY_CLASSIFICATION(#81,(#79));
#81=SECURITY_CLASSIFICATION('','',#82);
#82=SECURITY_CLASSIFICATION_LEVEL('unclassified');
#83=CC_DESIGN_DATE_AND_TIME_ASSIGNMENT(#84,#88,(#81));
#84=DATE_AND_TIME(#85,#86);
#85=CALENDAR_DATE(0,1,1);
#86=LOCAL_TIME(0,0,0.,#87);
#87=COORDINATED_UNIVERSAL_TIME_OFFSET(0,0,.AHEAD.);
#88=DATE_TIME_ROLE('classification_date');
#89=CC_DESIGN_APPROVAL(#90,(#81));
#90=APPROVAL(#91,'UNSPECIFIED');
#91=APPROVAL_STATUS('not_yet_approved');
#92=APPROVAL_DATE_TIME(#93,#90);
#93=DATE_AND_TIME(#94,#95);
#94=CALENDAR_DATE(0,1,1);
#95=LOCAL_TIME(0,0,0.,#96);
#96=COORDINATED_UNIVERSAL_TIME_OFFSET(0,0,.AHEAD.);
#97=PRODUCT_DEFINITION_SHAPE('NONE','NONE',#79);
#98=CONTEXT_DEPENDENT_SHAPE_REPRESENTATION(#78,#97);
#99=AXIS2_PLACEMENT_3D('',#100,#101,#102);
#100=CARTESIAN_POINT('',(-10.,35.5,0.));
#101=DIRECTION('',(0.,0.,1.));
#102=DIRECTION('',(-1.,1.22464679914735E-16,0.));
#103=ITEM_DEFINED_TRANSFORMATION('','',#4,#99);
#104=(REPRESENTATION_RELATIONSHIP('','',#41,#3)REPRESENTATION_RELATIONSHIP_WITH_TRANSFORMATION(
#103)SHAPE_REPRESENTATION_RELATIONSHIP());
#105=NEXT_ASSEMBLY_USAGE_OCCURRENCE('ANY','Hold_18650-4p_smd','',#1,#39,'');
#106=CC_DESIGN_SECURITY_CLASSIFICATION(#107,(#105));
#107=SECURITY_CLASSIFICATION('','',#108);
#108=SECURITY_CLASSIFICATION_LEVEL('unclassified');
#109=CC_DESIGN_DATE_AND_TIME_ASSIGNMENT(#110,#114,(#107));
#110=DATE_AND_TIME(#111,#112);
#111=CALENDAR_DATE(0,1,1);
#112=LOCAL_TIME(0,0,0.,#113);
#113=COORDINATED_UNIVERSAL_TIME_OFFSET(0,0,.AHEAD.);
#114=DATE_TIME_ROLE('classification_date');
#115=CC_DESIGN_APPROVAL(#116,(#107));
#116=APPROVAL(#117,'UNSPECIFIED');
#117=APPROVAL_STATUS('not_yet_approved');
#118=APPROVAL_DATE_TIME(#119,#116);
#119=DATE_AND_TIME(#120,#121);
#120=CALENDAR_DATE(0,1,1);
#121=LOCAL_TIME(0,0,0.,#122);
#122=COORDINATED_UNIVERSAL_TIME_OFFSET(0,0,.AHEAD.);
#123=PRODUCT_DEFINITION_SHAPE('NONE','NONE',#105);
#124=CONTEXT_DEPENDENT_SHAPE_REPRESENTATION(#104,#123);
#125=AXIS2_PLACEMENT_3D('',#126,#127,#128);
#126=CARTESIAN_POINT('',(0.,0.,0.));
#127=DIRECTION('',(0.,0.,1.));
#128=DIRECTION('',(1.,0.,0.));
#129=PRODUCT_DEFINITION('','UNSPECIFIED',#146,#149);
#130=SHAPE_DEFINITION_REPRESENTATION(#144,#131);
#131=SHAPE_REPRESENTATION('NONE',(#4),#8);
#132=MANIFOLD_SOLID_BREP('',#133);
#133=CLOSED_SHELL('',(#394,#395,#396,#397,#398,#399,#400,#401,#402,#403,#404,#405,
#406,#407,#408,#409,#410,#411,#412,#413,#414,#415,#416,#417,#418,#419,#420,#421,
#422,#423,#424,#425,#426,#427,#428,#429,#430,#431,#432,#433,#434,#435,#436,#437,
#438,#439,#440,#441,#442,#443,#444,#445,#446,#447,#448,#449,#450,#451,#452,#453,
#454,#455,#456,#457,#458,#459,#460,#461,#462,#463,#464,#465,#466,#467,#468,#469,
#470,#471,#472,#473,#474,#475,#476,#477,#478,#479,#480,#481,#482,#483,#484,#485,
#486,#487,#488,#489,#490,#491,#492,#493,#494,#495,#496,#497,#498,#499,#500,#501,
#502,#503,#504,#505,#506,#507,#508,#509,#510,#511,#512,#513,#514,#515,#516,#517,
#518,#519,#520,#521,#522,#523,#524,#525,#526,#527,#528,#529,#530,#531,#532,#533,
#534,#535,#536,#537,#538,#539,#540,#541,#542,#543,#544,#545,#546,#547,#548,#549,
#550,#551,#552,#553,#554,#555,#556,#557,#558,#559,#560,#561,#562,#563,#564,#565,
#566,#567,#568,#569,#570,#571,#572,#573,#574,#575,#576,#577,#578,#579,#580,#581,
#582,#583,#584,#585,#586,#587,#588,#589,#590,#591,#592,#593,#594,#595,#596,#597,
#598,#599,#600,#601,#602,#603,#604,#605,#606,#607,#608,#609,#610,#611,#612,#613,
#614,#615,#616,#617,#618,#619,#620,#621,#622,#623,#624,#625,#626,#627,#628,#629,
#630,#631,#632,#633,#634,#635,#636,#637,#638,#639,#640,#641,#642,#643,#644,#645,
#646,#647,#648,#649,#650,#651,#652,#653,#654,#655,#656,#657,#658,#659,#660,#661,
#662,#663,#664,#665,#666,#667,#668,#669,#670,#671,#672,#673,#674,#675,#676,#677,
#678,#679,#680,#681,#682,#683,#684,#685,#686,#687,#688,#689,#690,#691,#692,#693,
#694,#695,#696,#697,#698,#699,#700,#701,#702,#703,#704,#705,#706,#707,#708,#709,
#710,#711,#712,#713,#714,#715,#716,#717,#718,#719,#720,#721,#722,#723,#724,#725,
#726));
#134=COLOUR_RGB('',0.141176470588235,0.141176470588235,0.141176470588235);
#135=FILL_AREA_STYLE_COLOUR('',#134);
#136=FILL_AREA_STYLE($,(#135));
#137=SURFACE_STYLE_FILL_AREA(#136);
#138=SURFACE_SIDE_STYLE('',(#137));
#139=SURFACE_STYLE_USAGE(.BOTH.,#138);
#140=PRESENTATION_STYLE_ASSIGNMENT((#139));
#141=STYLED_ITEM('',(#140),#132);
#142=ADVANCED_BREP_SHAPE_REPRESENTATION('NONE',(#132),#8);
#143=SHAPE_REPRESENTATION_RELATIONSHIP('','',#131,#142);
#144=PRODUCT_DEFINITION_SHAPE('NONE','NONE',#129);
#145=MECHANICAL_CONTEXT('NONE',#150,'mechanical');
#146=PRODUCT_DEFINITION_FORMATION_WITH_SPECIFIED_SOURCE('ANY','UNSPECIFIED',#147,
.NOT_KNOWN.);
#147=PRODUCT('','Hold_18650-4p_smd','NONE',(#145));
#148=PRODUCT_RELATED_PRODUCT_CATEGORY('detail','',(#147));
#149=DESIGN_CONTEXT('detailed design',#150,'design');
#150=APPLICATION_CONTEXT('configuration controlled 3d designs of mechanical parts and assemblies');
#151=APPLICATION_PROTOCOL_DEFINITION('international standard','config_control_design',
1994,#150);
#152=CC_DESIGN_DATE_AND_TIME_ASSIGNMENT(#153,#157,(#129));
#153=DATE_AND_TIME(#154,#155);
#154=CALENDAR_DATE(0,1,1);
#155=LOCAL_TIME(0,0,0.,#156);
#156=COORDINATED_UNIVERSAL_TIME_OFFSET(0,0,.AHEAD.);
#157=DATE_TIME_ROLE('creation_date');
#158=CC_DESIGN_APPROVAL(#159,(#129));
#159=APPROVAL(#160,'UNSPECIFIED');
#160=APPROVAL_STATUS('not_yet_approved');
#161=APPROVAL_DATE_TIME(#162,#159);
#162=DATE_AND_TIME(#163,#164);
#163=CALENDAR_DATE(0,1,1);
#164=LOCAL_TIME(0,0,0.,#165);
#165=COORDINATED_UNIVERSAL_TIME_OFFSET(0,0,.AHEAD.);
#166=ITEM_DEFINED_TRANSFORMATION('','',#4,#125);
#167=(REPRESENTATION_RELATIONSHIP('','',#131,#3)REPRESENTATION_RELATIONSHIP_WITH_TRANSFORMATION(
#166)SHAPE_REPRESENTATION_RELATIONSHIP());
#168=NEXT_ASSEMBLY_USAGE_OCCURRENCE('ANY','Hold_18650-4p_smd','',#1,#129,'');
#169=CC_DESIGN_SECURITY_CLASSIFICATION(#170,(#168));
#170=SECURITY_CLASSIFICATION('','',#171);
#171=SECURITY_CLASSIFICATION_LEVEL('unclassified');
#172=CC_DESIGN_DATE_AND_TIME_ASSIGNMENT(#173,#177,(#170));
#173=DATE_AND_TIME(#174,#175);
#174=CALENDAR_DATE(0,1,1);
#175=LOCAL_TIME(0,0,0.,#176);
#176=COORDINATED_UNIVERSAL_TIME_OFFSET(0,0,.AHEAD.);
#177=DATE_TIME_ROLE('classification_date');
#178=CC_DESIGN_APPROVAL(#179,(#170));
#179=APPROVAL(#180,'UNSPECIFIED');
#180=APPROVAL_STATUS('not_yet_approved');
#181=APPROVAL_DATE_TIME(#182,#179);
#182=DATE_AND_TIME(#183,#184);
#183=CALENDAR_DATE(0,1,1);
#184=LOCAL_TIME(0,0,0.,#185);
#185=COORDINATED_UNIVERSAL_TIME_OFFSET(0,0,.AHEAD.);
#186=PRODUCT_DEFINITION_SHAPE('NONE','NONE',#168);
#187=CONTEXT_DEPENDENT_SHAPE_REPRESENTATION(#167,#186);
#188=AXIS2_PLACEMENT_3D('',#189,#190,#191);
#189=CARTESIAN_POINT('',(10.,35.5,0.));
#190=DIRECTION('',(0.,0.,1.));
#191=DIRECTION('',(-1.,1.22464679914735E-16,0.));
#192=ITEM_DEFINED_TRANSFORMATION('','',#4,#188);
#193=(REPRESENTATION_RELATIONSHIP('','',#41,#3)REPRESENTATION_RELATIONSHIP_WITH_TRANSFORMATION(
#192)SHAPE_REPRESENTATION_RELATIONSHIP());
#194=NEXT_ASSEMBLY_USAGE_OCCURRENCE('ANY','Hold_18650-4p_smd','',#1,#39,'');
#195=CC_DESIGN_SECURITY_CLASSIFICATION(#196,(#194));
#196=SECURITY_CLASSIFICATION('','',#197);
#197=SECURITY_CLASSIFICATION_LEVEL('unclassified');
#198=CC_DESIGN_DATE_AND_TIME_ASSIGNMENT(#199,#203,(#196));
#199=DATE_AND_TIME(#200,#201);
#200=CALENDAR_DATE(0,1,1);
#201=LOCAL_TIME(0,0,0.,#202);
#202=COORDINATED_UNIVERSAL_TIME_OFFSET(0,0,.AHEAD.);
#203=DATE_TIME_ROLE('classification_date');
#204=CC_DESIGN_APPROVAL(#205,(#196));
#205=APPROVAL(#206,'UNSPECIFIED');
#206=APPROVAL_STATUS('not_yet_approved');
#207=APPROVAL_DATE_TIME(#208,#205);
#208=DATE_AND_TIME(#209,#210);
#209=CALENDAR_DATE(0,1,1);
#210=LOCAL_TIME(0,0,0.,#211);
#211=COORDINATED_UNIVERSAL_TIME_OFFSET(0,0,.AHEAD.);
#212=PRODUCT_DEFINITION_SHAPE('NONE','NONE',#194);
#213=CONTEXT_DEPENDENT_SHAPE_REPRESENTATION(#193,#212);
#214=AXIS2_PLACEMENT_3D('',#215,#216,#217);
#215=CARTESIAN_POINT('',(10.,-35.5,0.));
#216=DIRECTION('',(0.,0.,1.));
#217=DIRECTION('',(1.,0.,0.));
#218=ITEM_DEFINED_TRANSFORMATION('','',#4,#214);
#219=(REPRESENTATION_RELATIONSHIP('','',#41,#3)REPRESENTATION_RELATIONSHIP_WITH_TRANSFORMATION(
#218)SHAPE_REPRESENTATION_RELATIONSHIP());
#220=NEXT_ASSEMBLY_USAGE_OCCURRENCE('ANY','Hold_18650-4p_smd','',#1,#39,'');
#221=CC_DESIGN_SECURITY_CLASSIFICATION(#222,(#220));
#222=SECURITY_CLASSIFICATION('','',#223);
#223=SECURITY_CLASSIFICATION_LEVEL('unclassified');
#224=CC_DESIGN_DATE_AND_TIME_ASSIGNMENT(#225,#229,(#222));
#225=DATE_AND_TIME(#226,#227);
#226=CALENDAR_DATE(0,1,1);
#227=LOCAL_TIME(0,0,0.,#228);
#228=COORDINATED_UNIVERSAL_TIME_OFFSET(0,0,.AHEAD.);
#229=DATE_TIME_ROLE('classification_date');
#230=CC_DESIGN_APPROVAL(#231,(#222));
#231=APPROVAL(#232,'UNSPECIFIED');
#232=APPROVAL_STATUS('not_yet_approved');
#233=APPROVAL_DATE_TIME(#234,#231);
#234=DATE_AND_TIME(#235,#236);
#235=CALENDAR_DATE(0,1,1);
#236=LOCAL_TIME(0,0,0.,#237);
#237=COORDINATED_UNIVERSAL_TIME_OFFSET(0,0,.AHEAD.);
#238=PRODUCT_DEFINITION_SHAPE('NONE','NONE',#220);
#239=CONTEXT_DEPENDENT_SHAPE_REPRESENTATION(#219,#238);
#240=AXIS2_PLACEMENT_3D('',#241,#242,#243);
#241=CARTESIAN_POINT('',(-30.,-35.5,0.));
#242=DIRECTION('',(0.,0.,1.));
#243=DIRECTION('',(1.,0.,0.));
#244=ITEM_DEFINED_TRANSFORMATION('','',#4,#240);
#245=(REPRESENTATION_RELATIONSHIP('','',#41,#3)REPRESENTATION_RELATIONSHIP_WITH_TRANSFORMATION(
#244)SHAPE_REPRESENTATION_RELATIONSHIP());
#246=NEXT_ASSEMBLY_USAGE_OCCURRENCE('ANY','Hold_18650-4p_smd','',#1,#39,'');
#247=CC_DESIGN_SECURITY_CLASSIFICATION(#248,(#246));
#248=SECURITY_CLASSIFICATION('','',#249);
#249=SECURITY_CLASSIFICATION_LEVEL('unclassified');
#250=CC_DESIGN_DATE_AND_TIME_ASSIGNMENT(#251,#255,(#248));
#251=DATE_AND_TIME(#252,#253);
#252=CALENDAR_DATE(0,1,1);
#253=LOCAL_TIME(0,0,0.,#254);
#254=COORDINATED_UNIVERSAL_TIME_OFFSET(0,0,.AHEAD.);
#255=DATE_TIME_ROLE('classification_date');
#256=CC_DESIGN_APPROVAL(#257,(#248));
#257=APPROVAL(#258,'UNSPECIFIED');
#258=APPROVAL_STATUS('not_yet_approved');
#259=APPROVAL_DATE_TIME(#260,#257);
#260=DATE_AND_TIME(#261,#262);
#261=CALENDAR_DATE(0,1,1);
#262=LOCAL_TIME(0,0,0.,#263);
#263=COORDINATED_UNIVERSAL_TIME_OFFSET(0,0,.AHEAD.);
#264=PRODUCT_DEFINITION_SHAPE('NONE','NONE',#246);
#265=CONTEXT_DEPENDENT_SHAPE_REPRESENTATION(#245,#264);
#266=AXIS2_PLACEMENT_3D('',#267,#268,#269);
#267=CARTESIAN_POINT('',(-30.,35.5,0.));
#268=DIRECTION('',(0.,0.,1.));
#269=DIRECTION('',(-1.,1.22464679914735E-16,0.));
#270=ITEM_DEFINED_TRANSFORMATION('','',#4,#266);
#271=(REPRESENTATION_RELATIONSHIP('','',#41,#3)REPRESENTATION_RELATIONSHIP_WITH_TRANSFORMATION(
#270)SHAPE_REPRESENTATION_RELATIONSHIP());
#272=NEXT_ASSEMBLY_USAGE_OCCURRENCE('ANY','Hold_18650-4p_smd','',#1,#39,'');
#273=CC_DESIGN_SECURITY_CLASSIFICATION(#274,(#272));
#274=SECURITY_CLASSIFICATION('','',#275);
#275=SECURITY_CLASSIFICATION_LEVEL('unclassified');
#276=CC_DESIGN_DATE_AND_TIME_ASSIGNMENT(#277,#281,(#274));
#277=DATE_AND_TIME(#278,#279);
#278=CALENDAR_DATE(0,1,1);
#279=LOCAL_TIME(0,0,0.,#280);
#280=COORDINATED_UNIVERSAL_TIME_OFFSET(0,0,.AHEAD.);
#281=DATE_TIME_ROLE('classification_date');
#282=CC_DESIGN_APPROVAL(#283,(#274));
#283=APPROVAL(#284,'UNSPECIFIED');
#284=APPROVAL_STATUS('not_yet_approved');
#285=APPROVAL_DATE_TIME(#286,#283);
#286=DATE_AND_TIME(#287,#288);
#287=CALENDAR_DATE(0,1,1);
#288=LOCAL_TIME(0,0,0.,#289);
#289=COORDINATED_UNIVERSAL_TIME_OFFSET(0,0,.AHEAD.);
#290=PRODUCT_DEFINITION_SHAPE('NONE','NONE',#272);
#291=CONTEXT_DEPENDENT_SHAPE_REPRESENTATION(#271,#290);
#292=AXIS2_PLACEMENT_3D('',#293,#294,#295);
#293=CARTESIAN_POINT('',(30.,35.5,0.));
#294=DIRECTION('',(0.,0.,1.));
#295=DIRECTION('',(-1.,1.22464679914735E-16,0.));
#296=ITEM_DEFINED_TRANSFORMATION('','',#4,#292);
#297=(REPRESENTATION_RELATIONSHIP('','',#41,#3)REPRESENTATION_RELATIONSHIP_WITH_TRANSFORMATION(
#296)SHAPE_REPRESENTATION_RELATIONSHIP());
#298=NEXT_ASSEMBLY_USAGE_OCCURRENCE('ANY','Hold_18650-4p_smd','',#1,#39,'');
#299=CC_DESIGN_SECURITY_CLASSIFICATION(#300,(#298));
#300=SECURITY_CLASSIFICATION('','',#301);
#301=SECURITY_CLASSIFICATION_LEVEL('unclassified');
#302=CC_DESIGN_DATE_AND_TIME_ASSIGNMENT(#303,#307,(#300));
#303=DATE_AND_TIME(#304,#305);
#304=CALENDAR_DATE(0,1,1);
#305=LOCAL_TIME(0,0,0.,#306);
#306=COORDINATED_UNIVERSAL_TIME_OFFSET(0,0,.AHEAD.);
#307=DATE_TIME_ROLE('classification_date');
#308=CC_DESIGN_APPROVAL(#309,(#300));
#309=APPROVAL(#310,'UNSPECIFIED');
#310=APPROVAL_STATUS('not_yet_approved');
#311=APPROVAL_DATE_TIME(#312,#309);
#312=DATE_AND_TIME(#313,#314);
#313=CALENDAR_DATE(0,1,1);
#314=LOCAL_TIME(0,0,0.,#315);
#315=COORDINATED_UNIVERSAL_TIME_OFFSET(0,0,.AHEAD.);
#316=PRODUCT_DEFINITION_SHAPE('NONE','NONE',#298);
#317=CONTEXT_DEPENDENT_SHAPE_REPRESENTATION(#297,#316);
#318=AXIS2_PLACEMENT_3D('',#319,#320,#321);
#319=CARTESIAN_POINT('',(30.,-35.5,0.));
#320=DIRECTION('',(0.,0.,1.));
#321=DIRECTION('',(1.,0.,0.));
#322=ITEM_DEFINED_TRANSFORMATION('','',#4,#318);
#323=(REPRESENTATION_RELATIONSHIP('','',#41,#3)REPRESENTATION_RELATIONSHIP_WITH_TRANSFORMATION(
#322)SHAPE_REPRESENTATION_RELATIONSHIP());
#324=NEXT_ASSEMBLY_USAGE_OCCURRENCE('ANY','Hold_18650-4p_smd','',#1,#39,'');
#325=CC_DESIGN_SECURITY_CLASSIFICATION(#326,(#324));
#326=SECURITY_CLASSIFICATION('','',#327);
#327=SECURITY_CLASSIFICATION_LEVEL('unclassified');
#328=CC_DESIGN_DATE_AND_TIME_ASSIGNMENT(#329,#333,(#326));
#329=DATE_AND_TIME(#330,#331);
#330=CALENDAR_DATE(0,1,1);
#331=LOCAL_TIME(0,0,0.,#332);
#332=COORDINATED_UNIVERSAL_TIME_OFFSET(0,0,.AHEAD.);
#333=DATE_TIME_ROLE('classification_date');
#334=CC_DESIGN_APPROVAL(#335,(#326));
#335=APPROVAL(#336,'UNSPECIFIED');
#336=APPROVAL_STATUS('not_yet_approved');
#337=APPROVAL_DATE_TIME(#338,#335);
#338=DATE_AND_TIME(#339,#340);
#339=CALENDAR_DATE(0,1,1);
#340=LOCAL_TIME(0,0,0.,#341);
#341=COORDINATED_UNIVERSAL_TIME_OFFSET(0,0,.AHEAD.);
#342=PRODUCT_DEFINITION_SHAPE('NONE','NONE',#324);
#343=CONTEXT_DEPENDENT_SHAPE_REPRESENTATION(#323,#342);
#344=ADVANCED_FACE('',(#727),#729,.F.);
#345=ADVANCED_FACE('',(#734),#736,.T.);
#346=ADVANCED_FACE('',(#741),#743,.T.);
#347=ADVANCED_FACE('',(#748),#750,.T.);
#348=ADVANCED_FACE('',(#755),#757,.T.);
#349=ADVANCED_FACE('',(#762),#764,.T.);
#350=ADVANCED_FACE('',(#769),#771,.T.);
#351=ADVANCED_FACE('',(#776),#778,.T.);
#352=ADVANCED_FACE('',(#783),#785,.F.);
#353=ADVANCED_FACE('',(#790),#792,.T.);
#354=ADVANCED_FACE('',(#797),#799,.T.);
#355=ADVANCED_FACE('',(#804),#806,.T.);
#356=ADVANCED_FACE('',(#811),#813,.F.);
#357=ADVANCED_FACE('',(#818,#820),#822,.F.);
#358=ADVANCED_FACE('',(#827),#829,.F.);
#359=ADVANCED_FACE('',(#834),#836,.T.);
#360=ADVANCED_FACE('',(#841),#843,.T.);
#361=ADVANCED_FACE('',(#848),#850,.T.);
#362=ADVANCED_FACE('',(#855),#857,.T.);
#363=ADVANCED_FACE('',(#862),#864,.T.);
#364=ADVANCED_FACE('',(#869),#871,.T.);
#365=ADVANCED_FACE('',(#876),#878,.F.);
#366=ADVANCED_FACE('',(#883),#885,.F.);
#367=ADVANCED_FACE('',(#890),#892,.F.);
#368=ADVANCED_FACE('',(#897),#899,.F.);
#369=ADVANCED_FACE('',(#904),#906,.T.);
#370=ADVANCED_FACE('',(#911),#913,.T.);
#371=ADVANCED_FACE('',(#918),#920,.T.);
#372=ADVANCED_FACE('',(#925),#927,.T.);
#373=ADVANCED_FACE('',(#932),#934,.T.);
#374=ADVANCED_FACE('',(#939),#941,.T.);
#375=ADVANCED_FACE('',(#946,#948),#950,.T.);
#376=ADVANCED_FACE('',(#955),#957,.T.);
#377=ADVANCED_FACE('',(#962),#964,.T.);
#378=ADVANCED_FACE('',(#969),#971,.F.);
#379=ADVANCED_FACE('',(#976),#978,.F.);
#380=ADVANCED_FACE('',(#983),#985,.T.);
#381=ADVANCED_FACE('',(#990),#992,.T.);
#382=ADVANCED_FACE('',(#997),#999,.T.);
#383=ADVANCED_FACE('',(#1004),#1006,.T.);
#384=ADVANCED_FACE('',(#1011),#1013,.T.);
#385=ADVANCED_FACE('',(#1018),#1020,.T.);
#386=ADVANCED_FACE('',(#1025),#1027,.F.);
#387=ADVANCED_FACE('',(#1032),#1034,.F.);
#388=ADVANCED_FACE('',(#1039),#1041,.T.);
#389=ADVANCED_FACE('',(#1046),#1048,.T.);
#390=ADVANCED_FACE('',(#1053),#1055,.T.);
#391=ADVANCED_FACE('',(#1060),#1062,.T.);
#392=ADVANCED_FACE('',(#1067),#1069,.T.);
#393=ADVANCED_FACE('',(#1074),#1076,.T.);
#394=ADVANCED_FACE('',(#1081),#1083,.T.);
#395=ADVANCED_FACE('',(#1088),#1090,.T.);
#396=ADVANCED_FACE('',(#1095),#1097,.T.);
#397=ADVANCED_FACE('',(#1102),#1104,.T.);
#398=ADVANCED_FACE('',(#1109),#1111,.T.);
#399=ADVANCED_FACE('',(#1116),#1118,.T.);
#400=ADVANCED_FACE('',(#1123),#1125,.T.);
#401=ADVANCED_FACE('',(#1130),#1132,.T.);
#402=ADVANCED_FACE('',(#1137,#1139),#1141,.F.);
#403=ADVANCED_FACE('',(#1146,#1148),#1150,.F.);
#404=ADVANCED_FACE('',(#1155,#1157),#1159,.F.);
#405=ADVANCED_FACE('',(#1164,#1166),#1168,.F.);
#406=ADVANCED_FACE('',(#1173,#1175),#1177,.F.);
#407=ADVANCED_FACE('',(#1182,#1184),#1186,.F.);
#408=ADVANCED_FACE('',(#1191,#1193),#1195,.F.);
#409=ADVANCED_FACE('',(#1200,#1202),#1204,.F.);
#410=ADVANCED_FACE('',(#1209,#1211),#1213,.T.);
#411=ADVANCED_FACE('',(#1218),#1220,.F.);
#412=ADVANCED_FACE('',(#1225),#1227,.F.);
#413=ADVANCED_FACE('',(#1232),#1234,.F.);
#414=ADVANCED_FACE('',(#1239),#1241,.F.);
#415=ADVANCED_FACE('',(#1246,#1248),#1250,.T.);
#416=ADVANCED_FACE('',(#1255),#1257,.F.);
#417=ADVANCED_FACE('',(#1262),#1264,.F.);
#418=ADVANCED_FACE('',(#1269),#1271,.F.);
#419=ADVANCED_FACE('',(#1276),#1278,.F.);
#420=ADVANCED_FACE('',(#1283,#1285),#1287,.T.);
#421=ADVANCED_FACE('',(#1292),#1294,.F.);
#422=ADVANCED_FACE('',(#1299),#1301,.F.);
#423=ADVANCED_FACE('',(#1306),#1308,.F.);
#424=ADVANCED_FACE('',(#1313),#1315,.F.);
#425=ADVANCED_FACE('',(#1320,#1322),#1324,.T.);
#426=ADVANCED_FACE('',(#1329),#1331,.F.);
#427=ADVANCED_FACE('',(#1336),#1338,.F.);
#428=ADVANCED_FACE('',(#1343),#1345,.F.);
#429=ADVANCED_FACE('',(#1350),#1352,.F.);
#430=ADVANCED_FACE('',(#1357,#1359),#1361,.F.);
#431=ADVANCED_FACE('',(#1366),#1368,.F.);
#432=ADVANCED_FACE('',(#1373),#1375,.F.);
#433=ADVANCED_FACE('',(#1380,#1382),#1384,.T.);
#434=ADVANCED_FACE('',(#1389),#1391,.F.);
#435=ADVANCED_FACE('',(#1396),#1398,.F.);
#436=ADVANCED_FACE('',(#1403),#1405,.T.);
#437=ADVANCED_FACE('',(#1410),#1412,.F.);
#438=ADVANCED_FACE('',(#1417),#1419,.T.);
#439=ADVANCED_FACE('',(#1424),#1426,.F.);
#440=ADVANCED_FACE('',(#1431),#1433,.T.);
#441=ADVANCED_FACE('',(#1438),#1440,.F.);
#442=ADVANCED_FACE('',(#1445),#1447,.T.);
#443=ADVANCED_FACE('',(#1452),#1454,.F.);
#444=ADVANCED_FACE('',(#1459),#1461,.T.);
#445=ADVANCED_FACE('',(#1466),#1468,.T.);
#446=ADVANCED_FACE('',(#1473),#1475,.F.);
#447=ADVANCED_FACE('',(#1480),#1482,.F.);
#448=ADVANCED_FACE('',(#1487),#1489,.F.);
#449=ADVANCED_FACE('',(#1494),#1496,.F.);
#450=ADVANCED_FACE('',(#1501),#1503,.F.);
#451=ADVANCED_FACE('',(#1508),#1510,.F.);
#452=ADVANCED_FACE('',(#1515),#1517,.T.);
#453=ADVANCED_FACE('',(#1522),#1524,.T.);
#454=ADVANCED_FACE('',(#1529),#1531,.F.);
#455=ADVANCED_FACE('',(#1536),#1538,.T.);
#456=ADVANCED_FACE('',(#1543),#1545,.F.);
#457=ADVANCED_FACE('',(#1550),#1552,.T.);
#458=ADVANCED_FACE('',(#1557),#1559,.F.);
#459=ADVANCED_FACE('',(#1564),#1566,.T.);
#460=ADVANCED_FACE('',(#1571),#1573,.F.);
#461=ADVANCED_FACE('',(#1578),#1580,.T.);
#462=ADVANCED_FACE('',(#1585),#1587,.F.);
#463=ADVANCED_FACE('',(#1592),#1594,.F.);
#464=ADVANCED_FACE('',(#1599),#1601,.F.);
#465=ADVANCED_FACE('',(#1606),#1608,.F.);
#466=ADVANCED_FACE('',(#1613),#1615,.F.);
#467=ADVANCED_FACE('',(#1620),#1622,.F.);
#468=ADVANCED_FACE('',(#1627),#1629,.T.);
#469=ADVANCED_FACE('',(#1634),#1636,.F.);
#470=ADVANCED_FACE('',(#1641),#1643,.F.);
#471=ADVANCED_FACE('',(#1648),#1650,.F.);
#472=ADVANCED_FACE('',(#1655),#1657,.T.);
#473=ADVANCED_FACE('',(#1662),#1664,.F.);
#474=ADVANCED_FACE('',(#1669),#1671,.F.);
#475=ADVANCED_FACE('',(#1676),#1678,.T.);
#476=ADVANCED_FACE('',(#1683),#1685,.F.);
#477=ADVANCED_FACE('',(#1690),#1692,.T.);
#478=ADVANCED_FACE('',(#1697),#1699,.F.);
#479=ADVANCED_FACE('',(#1704),#1706,.T.);
#480=ADVANCED_FACE('',(#1711),#1713,.F.);
#481=ADVANCED_FACE('',(#1718),#1720,.F.);
#482=ADVANCED_FACE('',(#1725),#1727,.F.);
#483=ADVANCED_FACE('',(#1732),#1734,.F.);
#484=ADVANCED_FACE('',(#1739),#1741,.F.);
#485=ADVANCED_FACE('',(#1746),#1748,.F.);
#486=ADVANCED_FACE('',(#1753),#1755,.F.);
#487=ADVANCED_FACE('',(#1760),#1762,.F.);
#488=ADVANCED_FACE('',(#1767),#1769,.F.);
#489=ADVANCED_FACE('',(#1774),#1776,.F.);
#490=ADVANCED_FACE('',(#1781),#1783,.T.);
#491=ADVANCED_FACE('',(#1788),#1790,.F.);
#492=ADVANCED_FACE('',(#1795),#1797,.F.);
#493=ADVANCED_FACE('',(#1802),#1804,.F.);
#494=ADVANCED_FACE('',(#1809),#1811,.F.);
#495=ADVANCED_FACE('',(#1816),#1818,.F.);
#496=ADVANCED_FACE('',(#1823),#1825,.F.);
#497=ADVANCED_FACE('',(#1830,#1832,#1834,#1836,#1838,#1840,#1842,#1844,#1846,#1848,
#1850,#1852,#1854,#1856),#1858,.T.);
#498=ADVANCED_FACE('',(#1863),#1865,.F.);
#499=ADVANCED_FACE('',(#1870),#1872,.T.);
#500=ADVANCED_FACE('',(#1877),#1879,.T.);
#501=ADVANCED_FACE('',(#1884),#1886,.T.);
#502=ADVANCED_FACE('',(#1891),#1893,.T.);
#503=ADVANCED_FACE('',(#1898),#1900,.T.);
#504=ADVANCED_FACE('',(#1905),#1907,.T.);
#505=ADVANCED_FACE('',(#1912),#1914,.F.);
#506=ADVANCED_FACE('',(#1919),#1921,.T.);
#507=ADVANCED_FACE('',(#1926),#1928,.F.);
#508=ADVANCED_FACE('',(#1933),#1935,.T.);
#509=ADVANCED_FACE('',(#1940),#1942,.F.);
#510=ADVANCED_FACE('',(#1947),#1949,.T.);
#511=ADVANCED_FACE('',(#1954),#1956,.F.);
#512=ADVANCED_FACE('',(#1961),#1963,.T.);
#513=ADVANCED_FACE('',(#1968),#1970,.F.);
#514=ADVANCED_FACE('',(#1975),#1977,.T.);
#515=ADVANCED_FACE('',(#1982),#1984,.F.);
#516=ADVANCED_FACE('',(#1989),#1991,.T.);
#517=ADVANCED_FACE('',(#1996),#1998,.F.);
#518=ADVANCED_FACE('',(#2003),#2005,.T.);
#519=ADVANCED_FACE('',(#2010),#2012,.F.);
#520=ADVANCED_FACE('',(#2017),#2019,.T.);
#521=ADVANCED_FACE('',(#2024),#2026,.T.);
#522=ADVANCED_FACE('',(#2031),#2033,.T.);
#523=ADVANCED_FACE('',(#2038),#2040,.T.);
#524=ADVANCED_FACE('',(#2045),#2047,.F.);
#525=ADVANCED_FACE('',(#2052),#2054,.T.);
#526=ADVANCED_FACE('',(#2059),#2061,.F.);
#527=ADVANCED_FACE('',(#2066),#2068,.T.);
#528=ADVANCED_FACE('',(#2073),#2075,.F.);
#529=ADVANCED_FACE('',(#2080),#2082,.T.);
#530=ADVANCED_FACE('',(#2087),#2089,.F.);
#531=ADVANCED_FACE('',(#2094),#2096,.T.);
#532=ADVANCED_FACE('',(#2101),#2103,.F.);
#533=ADVANCED_FACE('',(#2108),#2110,.T.);
#534=ADVANCED_FACE('',(#2115),#2117,.F.);
#535=ADVANCED_FACE('',(#2122),#2124,.T.);
#536=ADVANCED_FACE('',(#2129),#2131,.F.);
#537=ADVANCED_FACE('',(#2136),#2138,.T.);
#538=ADVANCED_FACE('',(#2143),#2145,.F.);
#539=ADVANCED_FACE('',(#2150),#2152,.F.);
#540=ADVANCED_FACE('',(#2157),#2159,.T.);
#541=ADVANCED_FACE('',(#2164),#2166,.F.);
#542=ADVANCED_FACE('',(#2171),#2173,.F.);
#543=ADVANCED_FACE('',(#2178),#2180,.F.);
#544=ADVANCED_FACE('',(#2185),#2187,.F.);
#545=ADVANCED_FACE('',(#2192),#2194,.F.);
#546=ADVANCED_FACE('',(#2199),#2201,.F.);
#547=ADVANCED_FACE('',(#2206),#2208,.F.);
#548=ADVANCED_FACE('',(#2213),#2215,.T.);
#549=ADVANCED_FACE('',(#2220),#2222,.F.);
#550=ADVANCED_FACE('',(#2227),#2229,.F.);
#551=ADVANCED_FACE('',(#2234),#2236,.F.);
#552=ADVANCED_FACE('',(#2241),#2243,.F.);
#553=ADVANCED_FACE('',(#2248),#2250,.F.);
#554=ADVANCED_FACE('',(#2255),#2257,.F.);
#555=ADVANCED_FACE('',(#2262),#2264,.F.);
#556=ADVANCED_FACE('',(#2269),#2271,.T.);
#557=ADVANCED_FACE('',(#2276),#2278,.F.);
#558=ADVANCED_FACE('',(#2283),#2285,.F.);
#559=ADVANCED_FACE('',(#2290),#2292,.F.);
#560=ADVANCED_FACE('',(#2297),#2299,.F.);
#561=ADVANCED_FACE('',(#2304),#2306,.F.);
#562=ADVANCED_FACE('',(#2311),#2313,.F.);
#563=ADVANCED_FACE('',(#2318),#2320,.F.);
#564=ADVANCED_FACE('',(#2325),#2327,.T.);
#565=ADVANCED_FACE('',(#2332),#2334,.F.);
#566=ADVANCED_FACE('',(#2339),#2341,.F.);
#567=ADVANCED_FACE('',(#2346),#2348,.F.);
#568=ADVANCED_FACE('',(#2353),#2355,.F.);
#569=ADVANCED_FACE('',(#2360),#2362,.F.);
#570=ADVANCED_FACE('',(#2367),#2369,.F.);
#571=ADVANCED_FACE('',(#2374),#2376,.F.);
#572=ADVANCED_FACE('',(#2381),#2383,.T.);
#573=ADVANCED_FACE('',(#2388),#2390,.F.);
#574=ADVANCED_FACE('',(#2395),#2397,.F.);
#575=ADVANCED_FACE('',(#2402),#2404,.F.);
#576=ADVANCED_FACE('',(#2409),#2411,.F.);
#577=ADVANCED_FACE('',(#2416),#2418,.F.);
#578=ADVANCED_FACE('',(#2423),#2425,.F.);
#579=ADVANCED_FACE('',(#2430),#2432,.F.);
#580=ADVANCED_FACE('',(#2437),#2439,.F.);
#581=ADVANCED_FACE('',(#2444),#2446,.F.);
#582=ADVANCED_FACE('',(#2451),#2453,.F.);
#583=ADVANCED_FACE('',(#2458),#2460,.F.);
#584=ADVANCED_FACE('',(#2465),#2467,.F.);
#585=ADVANCED_FACE('',(#2472),#2474,.F.);
#586=ADVANCED_FACE('',(#2479),#2481,.F.);
#587=ADVANCED_FACE('',(#2486),#2488,.F.);
#588=ADVANCED_FACE('',(#2493),#2495,.F.);
#589=ADVANCED_FACE('',(#2500),#2502,.F.);
#590=ADVANCED_FACE('',(#2507),#2509,.F.);
#591=ADVANCED_FACE('',(#2514),#2516,.F.);
#592=ADVANCED_FACE('',(#2521),#2523,.F.);
#593=ADVANCED_FACE('',(#2528),#2530,.F.);
#594=ADVANCED_FACE('',(#2535),#2537,.F.);
#595=ADVANCED_FACE('',(#2542),#2544,.F.);
#596=ADVANCED_FACE('',(#2549),#2551,.F.);
#597=ADVANCED_FACE('',(#2556),#2558,.F.);
#598=ADVANCED_FACE('',(#2563),#2565,.F.);
#599=ADVANCED_FACE('',(#2570),#2572,.F.);
#600=ADVANCED_FACE('',(#2577),#2579,.F.);
#601=ADVANCED_FACE('',(#2584),#2586,.F.);
#602=ADVANCED_FACE('',(#2591),#2593,.F.);
#603=ADVANCED_FACE('',(#2598),#2600,.F.);
#604=ADVANCED_FACE('',(#2605),#2607,.F.);
#605=ADVANCED_FACE('',(#2612),#2614,.F.);
#606=ADVANCED_FACE('',(#2619),#2621,.F.);
#607=ADVANCED_FACE('',(#2626),#2628,.F.);
#608=ADVANCED_FACE('',(#2633),#2635,.F.);
#609=ADVANCED_FACE('',(#2640),#2642,.F.);
#610=ADVANCED_FACE('',(#2647,#2649),#2651,.T.);
#611=ADVANCED_FACE('',(#2656),#2658,.T.);
#612=ADVANCED_FACE('',(#2663),#2665,.F.);
#613=ADVANCED_FACE('',(#2670),#2672,.F.);
#614=ADVANCED_FACE('',(#2677),#2679,.T.);
#615=ADVANCED_FACE('',(#2684),#2686,.T.);
#616=ADVANCED_FACE('',(#2691),#2693,.F.);
#617=ADVANCED_FACE('',(#2698),#2700,.F.);
#618=ADVANCED_FACE('',(#2705),#2707,.T.);
#619=ADVANCED_FACE('',(#2712),#2714,.F.);
#620=ADVANCED_FACE('',(#2719),#2721,.T.);
#621=ADVANCED_FACE('',(#2726),#2728,.T.);
#622=ADVANCED_FACE('',(#2733),#2735,.F.);
#623=ADVANCED_FACE('',(#2740),#2742,.F.);
#624=ADVANCED_FACE('',(#2747),#2749,.F.);
#625=ADVANCED_FACE('',(#2754),#2756,.F.);
#626=ADVANCED_FACE('',(#2761),#2763,.F.);
#627=ADVANCED_FACE('',(#2768),#2770,.F.);
#628=ADVANCED_FACE('',(#2775),#2777,.F.);
#629=ADVANCED_FACE('',(#2782),#2784,.F.);
#630=ADVANCED_FACE('',(#2789),#2791,.F.);
#631=ADVANCED_FACE('',(#2796),#2798,.F.);
#632=ADVANCED_FACE('',(#2803),#2805,.F.);
#633=ADVANCED_FACE('',(#2810),#2812,.F.);
#634=ADVANCED_FACE('',(#2817),#2819,.F.);
#635=ADVANCED_FACE('',(#2824),#2826,.F.);
#636=ADVANCED_FACE('',(#2831),#2833,.F.);
#637=ADVANCED_FACE('',(#2838),#2840,.F.);
#638=ADVANCED_FACE('',(#2845),#2847,.F.);
#639=ADVANCED_FACE('',(#2852),#2854,.F.);
#640=ADVANCED_FACE('',(#2859),#2861,.F.);
#641=ADVANCED_FACE('',(#2866),#2868,.F.);
#642=ADVANCED_FACE('',(#2873),#2875,.F.);
#643=ADVANCED_FACE('',(#2880),#2882,.F.);
#644=ADVANCED_FACE('',(#2887),#2889,.F.);
#645=ADVANCED_FACE('',(#2894),#2896,.F.);
#646=ADVANCED_FACE('',(#2901),#2903,.F.);
#647=ADVANCED_FACE('',(#2908),#2910,.F.);
#648=ADVANCED_FACE('',(#2915),#2917,.F.);
#649=ADVANCED_FACE('',(#2922),#2924,.F.);
#650=ADVANCED_FACE('',(#2929),#2931,.F.);
#651=ADVANCED_FACE('',(#2936),#2938,.F.);
#652=ADVANCED_FACE('',(#2943),#2945,.F.);
#653=ADVANCED_FACE('',(#2950),#2952,.F.);
#654=ADVANCED_FACE('',(#2957),#2959,.F.);
#655=ADVANCED_FACE('',(#2964),#2966,.F.);
#656=ADVANCED_FACE('',(#2971),#2973,.F.);
#657=ADVANCED_FACE('',(#2978),#2980,.F.);
#658=ADVANCED_FACE('',(#2985),#2987,.F.);
#659=ADVANCED_FACE('',(#2992),#2994,.F.);
#660=ADVANCED_FACE('',(#2999),#3001,.F.);
#661=ADVANCED_FACE('',(#3006),#3008,.F.);
#662=ADVANCED_FACE('',(#3013),#3015,.F.);
#663=ADVANCED_FACE('',(#3020),#3022,.F.);
#664=ADVANCED_FACE('',(#3027),#3029,.F.);
#665=ADVANCED_FACE('',(#3034),#3036,.F.);
#666=ADVANCED_FACE('',(#3041),#3043,.F.);
#667=ADVANCED_FACE('',(#3048),#3050,.F.);
#668=ADVANCED_FACE('',(#3055),#3057,.F.);
#669=ADVANCED_FACE('',(#3062),#3064,.F.);
#670=ADVANCED_FACE('',(#3069),#3071,.F.);
#671=ADVANCED_FACE('',(#3076),#3078,.F.);
#672=ADVANCED_FACE('',(#3083),#3085,.F.);
#673=ADVANCED_FACE('',(#3090),#3092,.F.);
#674=ADVANCED_FACE('',(#3097),#3099,.F.);
#675=ADVANCED_FACE('',(#3104),#3106,.F.);
#676=ADVANCED_FACE('',(#3111),#3113,.F.);
#677=ADVANCED_FACE('',(#3118),#3120,.F.);
#678=ADVANCED_FACE('',(#3125),#3127,.F.);
#679=ADVANCED_FACE('',(#3132),#3134,.F.);
#680=ADVANCED_FACE('',(#3139),#3141,.F.);
#681=ADVANCED_FACE('',(#3146),#3148,.F.);
#682=ADVANCED_FACE('',(#3153),#3155,.F.);
#683=ADVANCED_FACE('',(#3160),#3162,.F.);
#684=ADVANCED_FACE('',(#3167),#3169,.F.);
#685=ADVANCED_FACE('',(#3174),#3176,.F.);
#686=ADVANCED_FACE('',(#3181),#3183,.F.);
#687=ADVANCED_FACE('',(#3188),#3190,.F.);
#688=ADVANCED_FACE('',(#3195),#3197,.F.);
#689=ADVANCED_FACE('',(#3202),#3204,.F.);
#690=ADVANCED_FACE('',(#3209),#3211,.F.);
#691=ADVANCED_FACE('',(#3216),#3218,.F.);
#692=ADVANCED_FACE('',(#3223),#3225,.F.);
#693=ADVANCED_FACE('',(#3230),#3232,.F.);
#694=ADVANCED_FACE('',(#3237),#3239,.F.);
#695=ADVANCED_FACE('',(#3244),#3246,.F.);
#696=ADVANCED_FACE('',(#3251),#3253,.F.);
#697=ADVANCED_FACE('',(#3258),#3260,.F.);
#698=ADVANCED_FACE('',(#3265),#3267,.F.);
#699=ADVANCED_FACE('',(#3272),#3274,.F.);
#700=ADVANCED_FACE('',(#3279),#3281,.F.);
#701=ADVANCED_FACE('',(#3286),#3288,.F.);
#702=ADVANCED_FACE('',(#3293),#3295,.F.);
#703=ADVANCED_FACE('',(#3300),#3302,.F.);
#704=ADVANCED_FACE('',(#3307),#3309,.F.);
#705=ADVANCED_FACE('',(#3314),#3316,.F.);
#706=ADVANCED_FACE('',(#3321),#3323,.F.);
#707=ADVANCED_FACE('',(#3328),#3330,.F.);
#708=ADVANCED_FACE('',(#3335),#3337,.F.);
#709=ADVANCED_FACE('',(#3342),#3344,.F.);
#710=ADVANCED_FACE('',(#3349),#3351,.F.);
#711=ADVANCED_FACE('',(#3356),#3358,.F.);
#712=ADVANCED_FACE('',(#3363),#3365,.F.);
#713=ADVANCED_FACE('',(#3370),#3372,.F.);
#714=ADVANCED_FACE('',(#3377),#3379,.F.);
#715=ADVANCED_FACE('',(#3384),#3386,.F.);
#716=ADVANCED_FACE('',(#3391),#3393,.F.);
#717=ADVANCED_FACE('',(#3398,#3400),#3402,.T.);
#718=ADVANCED_FACE('',(#3407),#3409,.F.);
#719=ADVANCED_FACE('',(#3414),#3416,.T.);
#720=ADVANCED_FACE('',(#3421),#3423,.F.);
#721=ADVANCED_FACE('',(#3428),#3430,.T.);
#722=ADVANCED_FACE('',(#3435),#3437,.F.);
#723=ADVANCED_FACE('',(#3442),#3444,.T.);
#724=ADVANCED_FACE('',(#3449),#3451,.F.);
#725=ADVANCED_FACE('',(#3456),#3458,.T.);
#726=ADVANCED_FACE('',(#3463),#3465,.T.);
#727=FACE_BOUND('',#728,.T.);
#728=EDGE_LOOP('',(#3470,#3471,#3472,#3473,#3474,#3475,#3476,#3477));
#729=PLANE('',#730);
#730=AXIS2_PLACEMENT_3D('',#731,#732,#733);
#731=CARTESIAN_POINT('',(0.,-0.4,0.));
#732=DIRECTION('',(0.,1.,0.));
#733=DIRECTION('',(1.,0.,0.));
#734=FACE_BOUND('',#735,.T.);
#735=EDGE_LOOP('',(#3478,#3479,#3480,#3481));
#736=PLANE('',#737);
#737=AXIS2_PLACEMENT_3D('',#738,#739,#740);
#738=CARTESIAN_POINT('',(-1.5,-0.4,-2.5));
#739=DIRECTION('',(-1.,0.,-1.26882631385732E-16));
#740=DIRECTION('',(-1.26882631385732E-16,0.,1.));
#741=FACE_BOUND('',#742,.T.);
#742=EDGE_LOOP('',(#3482,#3483,#3484,#3485));
#743=PLANE('',#744);
#744=AXIS2_PLACEMENT_3D('',#745,#746,#747);
#745=CARTESIAN_POINT('',(-1.5,-0.4,1.));
#746=DIRECTION('',(0.,0.,-1.));
#747=DIRECTION('',(-1.,0.,0.));
#748=FACE_BOUND('',#749,.T.);
#749=EDGE_LOOP('',(#3486,#3487,#3488,#3489));
#750=PLANE('',#751);
#751=AXIS2_PLACEMENT_3D('',#752,#753,#754);
#752=CARTESIAN_POINT('',(-3.2,-0.4,1.));
#753=DIRECTION('',(-1.,0.,-7.25043607918469E-17));
#754=DIRECTION('',(-7.25043607918469E-17,0.,1.));
#755=FACE_BOUND('',#756,.T.);
#756=EDGE_LOOP('',(#3490,#3491,#3492,#3493));
#757=CYLINDRICAL_SURFACE('',#758,1.7);
#758=AXIS2_PLACEMENT_3D('',#759,#760,#761);
#759=CARTESIAN_POINT('',(-3.2,1.3,13.8));
#760=DIRECTION('',(-1.,0.,0.));
#761=DIRECTION('',(0.,-1.,0.));
#762=FACE_BOUND('',#763,.T.);
#763=EDGE_LOOP('',(#3494,#3495,#3496,#3497));
#764=PLANE('',#765);
#765=AXIS2_PLACEMENT_3D('',#766,#767,#768);
#766=CARTESIAN_POINT('',(3.2,-0.4,25.5));
#767=DIRECTION('',(1.,0.,5.43782705938852E-17));
#768=DIRECTION('',(5.43782705938852E-17,0.,-1.));
#769=FACE_BOUND('',#770,.T.);
#770=EDGE_LOOP('',(#3498,#3499,#3500,#3501));
#771=PLANE('',#772);
#772=AXIS2_PLACEMENT_3D('',#773,#774,#775);
#773=CARTESIAN_POINT('',(3.2,-0.4,1.));
#774=DIRECTION('',(0.,0.,-1.));
#775=DIRECTION('',(-1.,0.,0.));
#776=FACE_BOUND('',#777,.T.);
#777=EDGE_LOOP('',(#3502,#3503,#3504,#3505));
#778=PLANE('',#779);
#779=AXIS2_PLACEMENT_3D('',#780,#781,#782);
#780=CARTESIAN_POINT('',(1.5,-0.4,1.));
#781=DIRECTION('',(1.,0.,1.26882631385732E-16));
#782=DIRECTION('',(1.26882631385732E-16,0.,-1.));
#783=FACE_BOUND('',#784,.T.);
#784=EDGE_LOOP('',(#3506,#3507,#3508,#3509));
#785=CYLINDRICAL_SURFACE('',#786,0.4);
#786=AXIS2_PLACEMENT_3D('',#787,#788,#789);
#787=CARTESIAN_POINT('',(1.5,-0.8,0.8));
#788=DIRECTION('',(-1.,0.,1.11022302462516E-16));
#789=DIRECTION('',(0.,1.,0.));
#790=FACE_BOUND('',#791,.T.);
#791=EDGE_LOOP('',(#3510,#3511,#3512,#3513,#3514,#3515,#3516,#3517));
#792=PLANE('',#793);
#793=AXIS2_PLACEMENT_3D('',#794,#795,#796);
#794=CARTESIAN_POINT('',(0.,0.,0.));
#795=DIRECTION('',(0.,1.,0.));
#796=DIRECTION('',(1.,0.,0.));
#797=FACE_BOUND('',#798,.T.);
#798=EDGE_LOOP('',(#3518,#3519,#3520,#3521));
#799=PLANE('',#800);
#800=AXIS2_PLACEMENT_3D('',#801,#802,#803);
#801=CARTESIAN_POINT('',(-3.2,-0.4,13.8));
#802=DIRECTION('',(-1.,1.11022302462516E-15,0.));
#803=DIRECTION('',(0.,0.,1.));
#804=FACE_BOUND('',#805,.T.);
#805=EDGE_LOOP('',(#3522,#3523,#3524,#3525));
#806=PLANE('',#807);
#807=AXIS2_PLACEMENT_3D('',#808,#809,#810);
#808=CARTESIAN_POINT('',(3.2,0.,13.8));
#809=DIRECTION('',(1.,-2.22044604925031E-15,1.22329026210133E-16));
#810=DIRECTION('',(-1.22329026210135E-16,-1.2166827667125E-15,1.));
#811=FACE_BOUND('',#812,.T.);
#812=EDGE_LOOP('',(#3526,#3527,#3528,#3529));
#813=PLANE('',#814);
#814=AXIS2_PLACEMENT_3D('',#815,#816,#817);
#815=CARTESIAN_POINT('',(0.,-3.21684713206168,31.180402982745));
#816=DIRECTION('',(0.,-0.939692620785908,-0.34202014332567));
#817=DIRECTION('',(1.,0.,0.));
#818=FACE_BOUND('',#819,.T.);
#819=EDGE_LOOP('',(#3530,#3531,#3532,#3533,#3534,#3535,#3536,#3537));
#820=FACE_BOUND('',#821,.T.);
#821=EDGE_LOOP('',(#3538,#3539,#3540,#3541));
#822=PLANE('',#823);
#823=AXIS2_PLACEMENT_3D('',#824,#825,#826);
#824=CARTESIAN_POINT('',(2.66453525910038E-16,-0.720354056994858,0.4));
#825=DIRECTION('',(-1.11022302462516E-16,-1.60812264967664E-16,-1.));
#826=DIRECTION('',(1.,1.66533453693773E-16,-1.11022302462516E-16));
#827=FACE_BOUND('',#828,.T.);
#828=EDGE_LOOP('',(#3542,#3543,#3544,#3545));
#829=CYLINDRICAL_SURFACE('',#830,1.3);
#830=AXIS2_PLACEMENT_3D('',#831,#832,#833);
#831=CARTESIAN_POINT('',(3.2,1.3,13.8));
#832=DIRECTION('',(1.,0.,0.));
#833=DIRECTION('',(0.,-1.,0.));
#834=FACE_BOUND('',#835,.T.);
#835=EDGE_LOOP('',(#3546,#3547,#3548,#3549));
#836=CYLINDRICAL_SURFACE('',#837,0.8);
#837=AXIS2_PLACEMENT_3D('',#838,#839,#840);
#838=CARTESIAN_POINT('',(-1.5,-0.8,0.8));
#839=DIRECTION('',(1.,0.,-1.11022302462516E-16));
#840=DIRECTION('',(0.,1.,0.));
#841=FACE_BOUND('',#842,.T.);
#842=EDGE_LOOP('',(#3550,#3551,#3552,#3553));
#843=PLANE('',#844);
#844=AXIS2_PLACEMENT_3D('',#845,#846,#847);
#845=CARTESIAN_POINT('',(-1.5,-3.22035405699486,0.400000000000001));
#846=DIRECTION('',(-1.,-2.93416085079506E-16,1.11022302462516E-16));
#847=DIRECTION('',(-2.93416085079506E-16,1.,-1.60812264967664E-16));
#848=FACE_BOUND('',#849,.T.);
#849=EDGE_LOOP('',(#3554,#3555,#3556,#3557));
#850=PLANE('',#851);
#851=AXIS2_PLACEMENT_3D('',#852,#853,#854);
#852=CARTESIAN_POINT('',(-3.2,-2.87482698873601,30.2407103619591));
#853=DIRECTION('',(-1.,-2.47979518697636E-17,6.81318128108977E-17));
#854=DIRECTION('',(-7.25043607918469E-17,0.34202014332567,-0.939692620785908));
#855=FACE_BOUND('',#856,.T.);
#856=EDGE_LOOP('',(#3558,#3559,#3560,#3561));
#857=PLANE('',#858);
#858=AXIS2_PLACEMENT_3D('',#859,#860,#861);
#859=CARTESIAN_POINT('',(3.2,5.5046665227429,7.21824115270437));
#860=DIRECTION('',(1.,1.85984639023227E-17,-5.10988596081733E-17));
#861=DIRECTION('',(5.43782705938852E-17,-0.34202014332567,0.939692620785908));
#862=FACE_BOUND('',#863,.T.);
#863=EDGE_LOOP('',(#3562,#3563,#3564,#3565));
#864=CYLINDRICAL_SURFACE('',#865,1.4);
#865=AXIS2_PLACEMENT_3D('',#866,#867,#868);
#866=CARTESIAN_POINT('',(-3.2,2.65000620867712,10.968029745585));
#867=DIRECTION('',(-1.,0.,0.));
#868=DIRECTION('',(0.,0.939692620785908,0.34202014332567));
#869=FACE_BOUND('',#870,.T.);
#870=EDGE_LOOP('',(#3566,#3567,#3568,#3569));
#871=PLANE('',#872);
#872=AXIS2_PLACEMENT_3D('',#873,#874,#875);
#873=CARTESIAN_POINT('',(1.5,0.279645943005142,0.4));
#874=DIRECTION('',(1.,2.93416085079506E-16,-1.11022302462516E-16));
#875=DIRECTION('',(2.93416085079506E-16,-1.,1.60812264967664E-16));
#876=FACE_BOUND('',#877,.T.);
#877=EDGE_LOOP('',(#3570,#3571,#3572,#3573));
#878=PLANE('',#879);
#879=AXIS2_PLACEMENT_3D('',#880,#881,#882);
#880=CARTESIAN_POINT('',(0.500000000000001,-5.72035405699486,0.400000000000001));
#881=DIRECTION('',(1.,4.44089209850063E-16,-1.11022302462516E-16));
#882=DIRECTION('',(4.44089209850063E-16,-1.,1.60812264967664E-16));
#883=FACE_BOUND('',#884,.T.);
#884=EDGE_LOOP('',(#3574,#3575,#3576,#3577));
#885=CYLINDRICAL_SURFACE('',#886,0.5);
#886=AXIS2_PLACEMENT_3D('',#887,#888,#889);
#887=CARTESIAN_POINT('',(1.03788845442154E-15,-5.72035405699486,0.400000000000001));
#888=DIRECTION('',(-1.11022302462516E-16,-1.60812264967664E-16,-1.));
#889=DIRECTION('',(-1.,-1.66533453693773E-16,1.11022302462516E-16));
#890=FACE_BOUND('',#891,.T.);
#891=EDGE_LOOP('',(#3578,#3579,#3580,#3581));
#892=PLANE('',#893);
#893=AXIS2_PLACEMENT_3D('',#894,#895,#896);
#894=CARTESIAN_POINT('',(-0.499999999999999,-6.32035405699486,0.400000000000001));
#895=DIRECTION('',(-1.,-2.59052039079203E-16,1.11022302462516E-16));
#896=DIRECTION('',(-2.59052039079203E-16,1.,-1.60812264967664E-16));
#897=FACE_BOUND('',#898,.T.);
#898=EDGE_LOOP('',(#3582,#3583,#3584,#3585));
#899=CYLINDRICAL_SURFACE('',#900,0.5);
#900=AXIS2_PLACEMENT_3D('',#901,#902,#903);
#901=CARTESIAN_POINT('',(1.1378085266378E-15,-6.32035405699486,0.400000000000001));
#902=DIRECTION('',(-1.11022302462516E-16,-1.60812264967664E-16,-1.));
#903=DIRECTION('',(1.,1.66533453693773E-16,-1.11022302462516E-16));
#904=FACE_BOUND('',#905,.T.);
#905=EDGE_LOOP('',(#3586,#3587,#3588,#3589));
#906=PLANE('',#907);
#907=AXIS2_PLACEMENT_3D('',#908,#909,#910);
#908=CARTESIAN_POINT('',(1.5,-3.22035405699486,0.4));
#909=DIRECTION('',(-1.66533453693773E-16,1.,-1.60812264967664E-16));
#910=DIRECTION('',(1.,1.66533453693773E-16,-1.11022302462516E-16));
#911=FACE_BOUND('',#912,.T.);
#912=EDGE_LOOP('',(#3590,#3591,#3592,#3593));
#913=PLANE('',#914);
#914=AXIS2_PLACEMENT_3D('',#915,#916,#917);
#915=CARTESIAN_POINT('',(3.2,-3.22035405699486,0.4));
#916=DIRECTION('',(1.,6.78469626159818E-17,-1.11022302462516E-16));
#917=DIRECTION('',(6.78469626159818E-17,-1.,1.60812264967664E-16));
#918=FACE_BOUND('',#919,.T.);
#919=EDGE_LOOP('',(#3594,#3595,#3596,#3597));
#920=PLANE('',#921);
#921=AXIS2_PLACEMENT_3D('',#922,#923,#924);
#922=CARTESIAN_POINT('',(3.2,-7.72035405699486,0.400000000000001));
#923=DIRECTION('',(1.66533453693773E-16,-1.,1.60812264967664E-16));
#924=DIRECTION('',(-1.,-1.66533453693773E-16,1.11022302462516E-16));
#925=FACE_BOUND('',#926,.T.);
#926=EDGE_LOOP('',(#3598,#3599,#3600,#3601));
#927=PLANE('',#928);
#928=AXIS2_PLACEMENT_3D('',#929,#930,#931);
#929=CARTESIAN_POINT('',(-3.2,-7.72035405699486,0.400000000000002));
#930=DIRECTION('',(-1.,-1.66533453693773E-16,1.11022302462516E-16));
#931=DIRECTION('',(-1.66533453693773E-16,1.,-1.60812264967664E-16));
#932=FACE_BOUND('',#933,.T.);
#933=EDGE_LOOP('',(#3602,#3603,#3604,#3605));
#934=PLANE('',#935);
#935=AXIS2_PLACEMENT_3D('',#936,#937,#938);
#936=CARTESIAN_POINT('',(-3.2,-3.22035405699486,0.400000000000001));
#937=DIRECTION('',(-1.66533453693773E-16,1.,-1.60812264967664E-16));
#938=DIRECTION('',(1.,1.66533453693773E-16,-1.11022302462516E-16));
#939=FACE_BOUND('',#940,.T.);
#940=EDGE_LOOP('',(#3606,#3607,#3608,#3609));
#941=PLANE('',#942);
#942=AXIS2_PLACEMENT_3D('',#943,#944,#945);
#943=CARTESIAN_POINT('',(0.,-3.59272418037604,31.0435949254148));
#944=DIRECTION('',(0.,-0.939692620785908,-0.34202014332567));
#945=DIRECTION('',(1.,0.,0.));
#946=FACE_BOUND('',#947,.T.);
#947=EDGE_LOOP('',(#3610,#3611,#3612,#3613,#3614,#3615,#3616,#3617));
#948=FACE_BOUND('',#949,.T.);
#949=EDGE_LOOP('',(#3618,#3619,#3620,#3621));
#950=PLANE('',#951);
#951=AXIS2_PLACEMENT_3D('',#952,#953,#954);
#952=CARTESIAN_POINT('',(2.22044604925031E-16,-0.720354056994858,4.27031067411155E-17));
#953=DIRECTION('',(-1.11022302462516E-16,-1.60812264967664E-16,-1.));
#954=DIRECTION('',(1.,1.66533453693773E-16,-1.11022302462516E-16));
#955=FACE_BOUND('',#956,.T.);
#956=EDGE_LOOP('',(#3622,#3623,#3624,#3625));
#957=PLANE('',#958);
#958=AXIS2_PLACEMENT_3D('',#959,#960,#961);
#959=CARTESIAN_POINT('',(-3.2,3.96557587777739,11.446857946241));
#960=DIRECTION('',(-1.,5.21634191833436E-15,1.89859319002876E-15));
#961=DIRECTION('',(0.,0.342020143325667,-0.939692620785909));
#962=FACE_BOUND('',#963,.T.);
#963=EDGE_LOOP('',(#3626,#3627,#3628,#3629));
#964=PLANE('',#965);
#965=AXIS2_PLACEMENT_3D('',#966,#967,#968);
#966=CARTESIAN_POINT('',(3.2,3.58969882946302,11.3100498889107));
#967=DIRECTION('',(1.,-5.21634191833435E-15,-1.89859319002877E-15));
#968=DIRECTION('',(0.,0.34202014332567,-0.939692620785908));
#969=FACE_BOUND('',#970,.T.);
#970=EDGE_LOOP('',(#3630,#3631,#3632,#3633));
#971=PLANE('',#972);
#972=AXIS2_PLACEMENT_3D('',#973,#974,#975);
#973=CARTESIAN_POINT('',(4.44089209850063E-16,2.18794009699505,32.3126681133818));
#974=DIRECTION('',(0.,-0.996194698091745,-0.0871557427476602));
#975=DIRECTION('',(1.,0.,0.));
#976=FACE_BOUND('',#977,.T.);
#977=EDGE_LOOP('',(#3634,#3635,#3636,#3637));
#978=CYLINDRICAL_SURFACE('',#979,1.);
#979=AXIS2_PLACEMENT_3D('',#980,#981,#982);
#980=CARTESIAN_POINT('',(3.2,2.65000620867712,10.968029745585));
#981=DIRECTION('',(1.,0.,0.));
#982=DIRECTION('',(0.,0.939692620785908,0.34202014332567));
#983=FACE_BOUND('',#984,.T.);
#984=EDGE_LOOP('',(#3638,#3639,#3640,#3641));
#985=PLANE('',#986);
#986=AXIS2_PLACEMENT_3D('',#987,#988,#989);
#987=CARTESIAN_POINT('',(-3.2,2.27509583974271,31.3164734152901));
#988=DIRECTION('',(-1.,-6.31917141725776E-18,7.2228459809369E-17));
#989=DIRECTION('',(-7.25043607918469E-17,0.0871557427476603,-0.996194698091745));
#990=FACE_BOUND('',#991,.T.);
#991=EDGE_LOOP('',(#3642,#3643,#3644,#3645));
#992=PLANE('',#993);
#993=AXIS2_PLACEMENT_3D('',#994,#995,#996);
#994=CARTESIAN_POINT('',(3.2,4.41041153706039,6.90970331204234));
#995=DIRECTION('',(1.,4.73937856294332E-18,-5.41713448570267E-17));
#996=DIRECTION('',(5.43782705938852E-17,-0.0871557427476603,0.996194698091745));
#997=FACE_BOUND('',#998,.T.);
#998=EDGE_LOOP('',(#3646,#3647,#3648,#3649));
#999=CYLINDRICAL_SURFACE('',#1000,1.4);
#1000=AXIS2_PLACEMENT_3D('',#1001,#1002,#1003);
#1001=CARTESIAN_POINT('',(-3.2,2.92858321698429,7.78387997028736));
#1002=DIRECTION('',(-1.,0.,0.));
#1003=DIRECTION('',(0.,0.996194698091745,0.0871557427476602));
#1004=FACE_BOUND('',#1005,.T.);
#1005=EDGE_LOOP('',(#3650,#3651,#3652,#3653));
#1006=PLANE('',#1007);
#1007=AXIS2_PLACEMENT_3D('',#1008,#1009,#1010);
#1008=CARTESIAN_POINT('',(4.44089209850063E-16,1.78946221775836,32.2778058162828));
#1009=DIRECTION('',(0.,-0.996194698091745,-0.0871557427476602));
#1010=DIRECTION('',(1.,0.,0.));
#1011=FACE_BOUND('',#1012,.T.);
#1012=EDGE_LOOP('',(#3654,#3655,#3656,#3657));
#1013=PLANE('',#1014);
#1014=AXIS2_PLACEMENT_3D('',#1015,#1016,#1017);
#1015=CARTESIAN_POINT('',(-3.2,4.32325579431273,7.90589801013408));
#1016=DIRECTION('',(-1.,3.31799487249289E-15,2.90286936980278E-16));
#1017=DIRECTION('',(0.,0.0871557427476603,-0.996194698091745));
#1018=FACE_BOUND('',#1019,.T.);
#1019=EDGE_LOOP('',(#3658,#3659,#3660,#3661));
#1020=PLANE('',#1021);
#1021=AXIS2_PLACEMENT_3D('',#1022,#1023,#1024);
#1022=CARTESIAN_POINT('',(3.2,3.92477791507603,7.87103571303502));
#1023=DIRECTION('',(1.,-3.31799487249289E-15,-2.90286936980288E-16));
#1024=DIRECTION('',(2.00721219609939E-45,0.0871557427476633,-0.996194698091745));
#1025=FACE_BOUND('',#1026,.T.);
#1026=EDGE_LOOP('',(#3662,#3663,#3664,#3665));
#1027=PLANE('',#1028);
#1028=AXIS2_PLACEMENT_3D('',#1029,#1030,#1031);
#1029=CARTESIAN_POINT('',(4.44089209850063E-16,18.5925197655243,27.7134742159503));
#1030=DIRECTION('',(0.,-0.819152044288993,0.573576436351044));
#1031=DIRECTION('',(1.,0.,0.));
#1032=FACE_BOUND('',#1033,.T.);
#1033=EDGE_LOOP('',(#3666,#3667,#3668,#3669));
#1034=CYLINDRICAL_SURFACE('',#1035,1.);
#1035=AXIS2_PLACEMENT_3D('',#1036,#1037,#1038);
#1036=CARTESIAN_POINT('',(3.2,2.92858321698429,7.78387997028736));
#1037=DIRECTION('',(1.,0.,0.));
#1038=DIRECTION('',(0.,0.996194698091745,0.0871557427476602));
#1039=FACE_BOUND('',#1040,.T.);
#1040=EDGE_LOOP('',(#3670,#3671,#3672,#3673));
#1041=PLANE('',#1042);
#1042=AXIS2_PLACEMENT_3D('',#1043,#1044,#1045);
#1043=CARTESIAN_POINT('',(-3.2,18.0189433291732,26.8943221716613));
#1044=DIRECTION('',(-1.,4.15867928828979E-17,5.93920953625082E-17));
#1045=DIRECTION('',(-7.25043607918469E-17,-0.573576436351044,-0.819152044288993));
#1046=FACE_BOUND('',#1047,.T.);
#1047=EDGE_LOOP('',(#3674,#3675,#3676,#3677));
#1048=PLANE('',#1049);
#1049=AXIS2_PLACEMENT_3D('',#1050,#1051,#1052);
#1050=CARTESIAN_POINT('',(3.2,3.96632063857265,6.82509708658094));
#1051=DIRECTION('',(1.,-3.11900946621734E-17,-4.45440715218811E-17));
#1052=DIRECTION('',(5.43782705938852E-17,0.573576436351044,0.819152044288993));
#1053=FACE_BOUND('',#1054,.T.);
#1054=EDGE_LOOP('',(#3678,#3679,#3680,#3681));
#1055=PLANE('',#1056);
#1056=AXIS2_PLACEMENT_3D('',#1057,#1058,#1059);
#1057=CARTESIAN_POINT('',(-3.2,3.96632063857265,6.82509708658094));
#1058=DIRECTION('',(0.,-0.573576436351044,-0.819152044288993));
#1059=DIRECTION('',(1.,0.,0.));
#1060=FACE_BOUND('',#1061,.T.);
#1061=EDGE_LOOP('',(#3682,#3683,#3684,#3685));
#1062=PLANE('',#1063);
#1063=AXIS2_PLACEMENT_3D('',#1064,#1065,#1066);
#1064=CARTESIAN_POINT('',(4.44089209850063E-16,18.2648589478087,27.9429047904907));
#1065=DIRECTION('',(0.,-0.819152044288993,0.573576436351044));
#1066=DIRECTION('',(1.,0.,0.));
#1067=FACE_BOUND('',#1068,.T.);
#1068=EDGE_LOOP('',(#3686,#3687,#3688,#3689));
#1069=PLANE('',#1070);
#1070=AXIS2_PLACEMENT_3D('',#1071,#1072,#1073);
#1071=CARTESIAN_POINT('',(1.5,-0.4,0.8));
#1072=DIRECTION('',(1.,-6.72719275131411E-32,2.42372662144542E-16));
#1073=DIRECTION('',(2.42372662144542E-16,2.63939541806424E-63,-1.));
#1074=FACE_BOUND('',#1075,.T.);
#1075=EDGE_LOOP('',(#3690,#3691,#3692,#3693));
#1076=PLANE('',#1077);
#1077=AXIS2_PLACEMENT_3D('',#1078,#1079,#1080);
#1078=CARTESIAN_POINT('',(-1.5,0.,0.8));
#1079=DIRECTION('',(-1.,1.82285242014726E-32,-6.5675179841013E-17));
#1080=DIRECTION('',(6.5675179841013E-17,-1.78797772837866E-64,-1.));
#1081=FACE_BOUND('',#1082,.T.);
#1082=EDGE_LOOP('',(#3694,#3695,#3696,#3697));
#1083=PLANE('',#1084);
#1084=AXIS2_PLACEMENT_3D('',#1085,#1086,#1087);
#1085=CARTESIAN_POINT('',(1.06581410364015E-15,1.967029789642E-31,7.));
#1086=DIRECTION('',(-1.1842378929335E-16,-2.18558865515778E-32,1.));
#1087=DIRECTION('',(1.,-2.58825690380341E-48,1.1842378929335E-16));
#1088=FACE_BOUND('',#1089,.T.);
#1089=EDGE_LOOP('',(#3698,#3699,#3700,#3701));
#1090=PLANE('',#1091);
#1091=AXIS2_PLACEMENT_3D('',#1092,#1093,#1094);
#1092=CARTESIAN_POINT('',(1.06581410364015E-15,1.967029789642E-31,7.));
#1093=DIRECTION('',(-1.1842378929335E-16,-2.18558865515778E-32,1.));
#1094=DIRECTION('',(1.,-2.58825690380341E-48,1.1842378929335E-16));
#1095=FACE_BOUND('',#1096,.T.);
#1096=EDGE_LOOP('',(#3702,#3703,#3704,#3705));
#1097=PLANE('',#1098);
#1098=AXIS2_PLACEMENT_3D('',#1099,#1100,#1101);
#1099=CARTESIAN_POINT('',(1.06581410364015E-15,1.967029789642E-31,7.));
#1100=DIRECTION('',(-1.1842378929335E-16,-2.18558865515778E-32,1.));
#1101=DIRECTION('',(1.,-2.58825690380341E-48,1.1842378929335E-16));
#1102=FACE_BOUND('',#1103,.T.);
#1103=EDGE_LOOP('',(#3706,#3707,#3708,#3709));
#1104=PLANE('',#1105);
#1105=AXIS2_PLACEMENT_3D('',#1106,#1107,#1108);
#1106=CARTESIAN_POINT('',(1.06581410364015E-15,1.967029789642E-31,7.));
#1107=DIRECTION('',(-1.1842378929335E-16,-2.18558865515778E-32,1.));
#1108=DIRECTION('',(1.,-2.58825690380341E-48,1.1842378929335E-16));
#1109=FACE_BOUND('',#1110,.T.);
#1110=EDGE_LOOP('',(#3710,#3711,#3712,#3713));
#1111=PLANE('',#1112);
#1112=AXIS2_PLACEMENT_3D('',#1113,#1114,#1115);
#1113=CARTESIAN_POINT('',(1.06581410364015E-15,1.967029789642E-31,7.));
#1114=DIRECTION('',(-1.1842378929335E-16,-2.18558865515778E-32,1.));
#1115=DIRECTION('',(1.,-2.58825690380341E-48,1.1842378929335E-16));
#1116=FACE_BOUND('',#1117,.T.);
#1117=EDGE_LOOP('',(#3714,#3715,#3716,#3717));
#1118=PLANE('',#1119);
#1119=AXIS2_PLACEMENT_3D('',#1120,#1121,#1122);
#1120=CARTESIAN_POINT('',(1.06581410364015E-15,1.967029789642E-31,7.));
#1121=DIRECTION('',(-1.1842378929335E-16,-2.18558865515778E-32,1.));
#1122=DIRECTION('',(1.,-2.58825690380341E-48,1.1842378929335E-16));
#1123=FACE_BOUND('',#1124,.T.);
#1124=EDGE_LOOP('',(#3718,#3719,#3720,#3721));
#1125=PLANE('',#1126);
#1126=AXIS2_PLACEMENT_3D('',#1127,#1128,#1129);
#1127=CARTESIAN_POINT('',(1.06581410364015E-15,1.967029789642E-31,7.));
#1128=DIRECTION('',(-1.1842378929335E-16,-2.18558865515778E-32,1.));
#1129=DIRECTION('',(1.,-2.58825690380341E-48,1.1842378929335E-16));
#1130=FACE_BOUND('',#1131,.T.);
#1131=EDGE_LOOP('',(#3722,#3723,#3724,#3725));
#1132=PLANE('',#1133);
#1133=AXIS2_PLACEMENT_3D('',#1134,#1135,#1136);
#1134=CARTESIAN_POINT('',(1.06581410364015E-15,1.967029789642E-31,7.));
#1135=DIRECTION('',(-1.1842378929335E-16,-2.18558865515778E-32,1.));
#1136=DIRECTION('',(1.,-2.58825690380341E-48,1.1842378929335E-16));
#1137=FACE_BOUND('',#1138,.T.);
#1138=EDGE_LOOP('',(#3726,#3727,#3728,#3729,#3730,#3731,#3732,#3733,#3734,#3735,
#3736,#3737,#3738,#3739,#3740,#3741,#3742,#3743,#3744,#3745,#3746,#3747,#3748,#3749));
#1139=FACE_BOUND('',#1140,.T.);
#1140=EDGE_LOOP('',(#3750,#3751,#3752,#3753,#3754,#3755));
#1141=CYLINDRICAL_SURFACE('',#1142,9.5);
#1142=AXIS2_PLACEMENT_3D('',#1143,#1144,#1145);
#1143=CARTESIAN_POINT('',(-30.,34.5,9.5));
#1144=DIRECTION('',(1.22464679914735E-16,-1.,0.));
#1145=DIRECTION('',(-0.880694764772711,-1.07854002470473E-16,0.473684210526316));
#1146=FACE_BOUND('',#1147,.T.);
#1147=EDGE_LOOP('',(#3756,#3757,#3758,#3759,#3760,#3761,#3762,#3763,#3764,#3765,
#3766,#3767,#3768,#3769,#3770,#3771,#3772,#3773,#3774,#3775,#3776,#3777,#3778,#3779));
#1148=FACE_BOUND('',#1149,.T.);
#1149=EDGE_LOOP('',(#3780,#3781,#3782,#3783,#3784,#3785));
#1150=CYLINDRICAL_SURFACE('',#1151,9.49999999999999);
#1151=AXIS2_PLACEMENT_3D('',#1152,#1153,#1154);
#1152=CARTESIAN_POINT('',(30.,34.5,9.49999999999999));
#1153=DIRECTION('',(1.22464679914735E-16,-1.,0.));
#1154=DIRECTION('',(-1.,-1.22464679914735E-16,1.37341476379074E-15));
#1155=FACE_BOUND('',#1156,.T.);
#1156=EDGE_LOOP('',(#3786,#3787,#3788,#3789,#3790,#3791,#3792,#3793,#3794,#3795,
#3796,#3797,#3798,#3799,#3800,#3801,#3802,#3803,#3804,#3805,#3806,#3807,#3808,#3809,
#3810,#3811,#3812,#3813));
#1157=FACE_BOUND('',#1158,.T.);
#1158=EDGE_LOOP('',(#3814,#3815,#3816,#3817,#3818,#3819));
#1159=CYLINDRICAL_SURFACE('',#1160,9.5);
#1160=AXIS2_PLACEMENT_3D('',#1161,#1162,#1163);
#1161=CARTESIAN_POINT('',(9.99999999999999,34.5,9.5));
#1162=DIRECTION('',(1.22464679914735E-16,-1.,0.));
#1163=DIRECTION('',(-0.880694764772711,-1.07854002470473E-16,0.473684210526316));
#1164=FACE_BOUND('',#1165,.T.);
#1165=EDGE_LOOP('',(#3820,#3821,#3822,#3823,#3824,#3825,#3826,#3827,#3828,#3829,
#3830,#3831,#3832,#3833,#3834,#3835,#3836,#3837,#3838,#3839,#3840,#3841,#3842,#3843,
#3844,#3845,#3846,#3847));
#1166=FACE_BOUND('',#1167,.T.);
#1167=EDGE_LOOP('',(#3848,#3849,#3850,#3851,#3852,#3853));
#1168=CYLINDRICAL_SURFACE('',#1169,9.5);
#1169=AXIS2_PLACEMENT_3D('',#1170,#1171,#1172);
#1170=CARTESIAN_POINT('',(-10.,34.5,9.5));
#1171=DIRECTION('',(1.22464679914735E-16,-1.,0.));
#1172=DIRECTION('',(-0.880694764772711,-1.07854002470473E-16,0.473684210526315));
#1173=FACE_OUTER_BOUND('',#1174,.T.);
#1174=EDGE_LOOP('',(#3854));
#1175=FACE_OUTER_BOUND('',#1176,.T.);
#1176=EDGE_LOOP('',(#3855));
#1177=CYLINDRICAL_SURFACE('',#1178,1.6);
#1178=AXIS2_PLACEMENT_3D('',#1179,#1180,#1181);
#1179=CARTESIAN_POINT('',(-19.9,-27.6,2.));
#1180=DIRECTION('',(1.22464679914735E-16,2.26016594027535E-32,-1.));
#1181=DIRECTION('',(1.,1.22464679914735E-16,1.22464679914735E-16));
#1182=FACE_OUTER_BOUND('',#1183,.T.);
#1183=EDGE_LOOP('',(#3856));
#1184=FACE_OUTER_BOUND('',#1185,.T.);
#1185=EDGE_LOOP('',(#3857));
#1186=CYLINDRICAL_SURFACE('',#1187,1.6);
#1187=AXIS2_PLACEMENT_3D('',#1188,#1189,#1190);
#1188=CARTESIAN_POINT('',(-19.9,27.6,2.));
#1189=DIRECTION('',(1.22464679914735E-16,2.26016594027535E-32,-1.));
#1190=DIRECTION('',(1.,1.22464679914735E-16,1.22464679914735E-16));
#1191=FACE_OUTER_BOUND('',#1192,.T.);
#1192=EDGE_LOOP('',(#3858));
#1193=FACE_OUTER_BOUND('',#1194,.T.);
#1194=EDGE_LOOP('',(#3859));
#1195=CYLINDRICAL_SURFACE('',#1196,1.6);
#1196=AXIS2_PLACEMENT_3D('',#1197,#1198,#1199);
#1197=CARTESIAN_POINT('',(19.9,27.6,2.));
#1198=DIRECTION('',(1.22464679914735E-16,2.26016594027535E-32,-1.));
#1199=DIRECTION('',(1.,1.22464679914735E-16,1.22464679914735E-16));
#1200=FACE_OUTER_BOUND('',#1201,.T.);
#1201=EDGE_LOOP('',(#3860));
#1202=FACE_OUTER_BOUND('',#1203,.T.);
#1203=EDGE_LOOP('',(#3861));
#1204=CYLINDRICAL_SURFACE('',#1205,1.6);
#1205=AXIS2_PLACEMENT_3D('',#1206,#1207,#1208);
#1206=CARTESIAN_POINT('',(19.9,-27.6,2.));
#1207=DIRECTION('',(1.22464679914735E-16,2.26016594027535E-32,-1.));
#1208=DIRECTION('',(1.,1.22464679914735E-16,1.22464679914735E-16));
#1209=FACE_BOUND('',#1210,.T.);
#1210=EDGE_LOOP('',(#3862,#3863,#3864,#3865));
#1211=FACE_BOUND('',#1212,.T.);
#1212=EDGE_LOOP('',(#3866));
#1213=PLANE('',#1214);
#1214=AXIS2_PLACEMENT_3D('',#1215,#1216,#1217);
#1215=CARTESIAN_POINT('',(1.77635683940025E-15,3.27838298273667E-31,1.));
#1216=DIRECTION('',(-1.1842378929335E-16,-2.18558865515778E-32,1.));
#1217=DIRECTION('',(1.,-2.58825690380341E-48,1.1842378929335E-16));
#1218=FACE_BOUND('',#1219,.T.);
#1219=EDGE_LOOP('',(#3867,#3868,#3869,#3870));
#1220=PLANE('',#1221);
#1221=AXIS2_PLACEMENT_3D('',#1222,#1223,#1224);
#1222=CARTESIAN_POINT('',(15.9,-23.6,1.00000000000001));
#1223=DIRECTION('',(-1.,0.,-1.1842378929335E-16));
#1224=DIRECTION('',(0.,-1.,0.));
#1225=FACE_BOUND('',#1226,.T.);
#1226=EDGE_LOOP('',(#3871,#3872,#3873,#3874,#3875,#3876));
#1227=PLANE('',#1228);
#1228=AXIS2_PLACEMENT_3D('',#1229,#1230,#1231);
#1229=CARTESIAN_POINT('',(23.9,-23.6,1.00000000000001));
#1230=DIRECTION('',(0.,1.,0.));
#1231=DIRECTION('',(-1.,0.,-1.38777878078145E-16));
#1232=FACE_BOUND('',#1233,.T.);
#1233=EDGE_LOOP('',(#3877,#3878,#3879,#3880));
#1234=PLANE('',#1235);
#1235=AXIS2_PLACEMENT_3D('',#1236,#1237,#1238);
#1236=CARTESIAN_POINT('',(23.9,-31.6,1.00000000000001));
#1237=DIRECTION('',(1.,0.,2.368475785867E-16));
#1238=DIRECTION('',(0.,1.,0.));
#1239=FACE_BOUND('',#1240,.T.);
#1240=EDGE_LOOP('',(#3881,#3882,#3883,#3884,#3885,#3886));
#1241=PLANE('',#1242);
#1242=AXIS2_PLACEMENT_3D('',#1243,#1244,#1245);
#1243=CARTESIAN_POINT('',(15.9,-31.6,1.00000000000001));
#1244=DIRECTION('',(0.,-1.,0.));
#1245=DIRECTION('',(1.,0.,1.38777878078145E-16));
#1246=FACE_BOUND('',#1247,.T.);
#1247=EDGE_LOOP('',(#3887,#3888,#3889,#3890));
#1248=FACE_BOUND('',#1249,.T.);
#1249=EDGE_LOOP('',(#3891));
#1250=PLANE('',#1251);
#1251=AXIS2_PLACEMENT_3D('',#1252,#1253,#1254);
#1252=CARTESIAN_POINT('',(1.77635683940025E-15,3.27838298273667E-31,1.));
#1253=DIRECTION('',(-1.1842378929335E-16,-2.18558865515778E-32,1.));
#1254=DIRECTION('',(1.,-2.58825690380341E-48,1.1842378929335E-16));
#1255=FACE_BOUND('',#1256,.T.);
#1256=EDGE_LOOP('',(#3892,#3893,#3894,#3895));
#1257=PLANE('',#1258);
#1258=AXIS2_PLACEMENT_3D('',#1259,#1260,#1261);
#1259=CARTESIAN_POINT('',(23.9,23.6,1.00000000000001));
#1260=DIRECTION('',(1.,0.,2.368475785867E-16));
#1261=DIRECTION('',(0.,1.,0.));
#1262=FACE_BOUND('',#1263,.T.);
#1263=EDGE_LOOP('',(#3896,#3897,#3898,#3899,#3900,#3901));
#1264=PLANE('',#1265);
#1265=AXIS2_PLACEMENT_3D('',#1266,#1267,#1268);
#1266=CARTESIAN_POINT('',(15.9,23.6,1.00000000000001));
#1267=DIRECTION('',(0.,-1.,0.));
#1268=DIRECTION('',(1.,0.,1.38777878078145E-16));
#1269=FACE_BOUND('',#1270,.T.);
#1270=EDGE_LOOP('',(#3902,#3903,#3904,#3905));
#1271=PLANE('',#1272);
#1272=AXIS2_PLACEMENT_3D('',#1273,#1274,#1275);
#1273=CARTESIAN_POINT('',(15.9,31.6,1.00000000000001));
#1274=DIRECTION('',(-1.,0.,-1.1842378929335E-16));
#1275=DIRECTION('',(0.,-1.,0.));
#1276=FACE_BOUND('',#1277,.T.);
#1277=EDGE_LOOP('',(#3906,#3907,#3908,#3909,#3910,#3911));
#1278=PLANE('',#1279);
#1279=AXIS2_PLACEMENT_3D('',#1280,#1281,#1282);
#1280=CARTESIAN_POINT('',(23.9,31.6,1.00000000000001));
#1281=DIRECTION('',(0.,1.,0.));
#1282=DIRECTION('',(-1.,0.,-1.38777878078145E-16));
#1283=FACE_BOUND('',#1284,.T.);
#1284=EDGE_LOOP('',(#3912,#3913,#3914,#3915));
#1285=FACE_BOUND('',#1286,.T.);
#1286=EDGE_LOOP('',(#3916));
#1287=PLANE('',#1288);
#1288=AXIS2_PLACEMENT_3D('',#1289,#1290,#1291);
#1289=CARTESIAN_POINT('',(1.77635683940025E-15,3.27838298273667E-31,1.));
#1290=DIRECTION('',(-1.1842378929335E-16,-2.18558865515778E-32,1.));
#1291=DIRECTION('',(1.,-2.58825690380341E-48,1.1842378929335E-16));
#1292=FACE_BOUND('',#1293,.T.);
#1293=EDGE_LOOP('',(#3917,#3918,#3919,#3920));
#1294=PLANE('',#1295);
#1295=AXIS2_PLACEMENT_3D('',#1296,#1297,#1298);
#1296=CARTESIAN_POINT('',(-23.9,-23.6,1.));
#1297=DIRECTION('',(-1.,0.,-2.368475785867E-16));
#1298=DIRECTION('',(0.,-1.,0.));
#1299=FACE_BOUND('',#1300,.T.);
#1300=EDGE_LOOP('',(#3921,#3922,#3923,#3924,#3925,#3926));
#1301=PLANE('',#1302);
#1302=AXIS2_PLACEMENT_3D('',#1303,#1304,#1305);
#1303=CARTESIAN_POINT('',(-15.9,-23.6,1.));
#1304=DIRECTION('',(0.,1.,0.));
#1305=DIRECTION('',(-1.,0.,-1.38777878078145E-16));
#1306=FACE_BOUND('',#1307,.T.);
#1307=EDGE_LOOP('',(#3927,#3928,#3929,#3930));
#1308=PLANE('',#1309);
#1309=AXIS2_PLACEMENT_3D('',#1310,#1311,#1312);
#1310=CARTESIAN_POINT('',(-15.9,-31.6,1.));
#1311=DIRECTION('',(1.,0.,1.1842378929335E-16));
#1312=DIRECTION('',(0.,1.,0.));
#1313=FACE_BOUND('',#1314,.T.);
#1314=EDGE_LOOP('',(#3931,#3932,#3933,#3934,#3935,#3936));
#1315=PLANE('',#1316);
#1316=AXIS2_PLACEMENT_3D('',#1317,#1318,#1319);
#1317=CARTESIAN_POINT('',(-23.9,-31.6,1.));
#1318=DIRECTION('',(0.,-1.,0.));
#1319=DIRECTION('',(1.,0.,1.38777878078145E-16));
#1320=FACE_BOUND('',#1321,.T.);
#1321=EDGE_LOOP('',(#3937,#3938,#3939,#3940));
#1322=FACE_BOUND('',#1323,.T.);
#1323=EDGE_LOOP('',(#3941));
#1324=PLANE('',#1325);
#1325=AXIS2_PLACEMENT_3D('',#1326,#1327,#1328);
#1326=CARTESIAN_POINT('',(1.77635683940025E-15,3.27838298273667E-31,1.));
#1327=DIRECTION('',(-1.1842378929335E-16,-2.18558865515778E-32,1.));
#1328=DIRECTION('',(1.,-2.58825690380341E-48,1.1842378929335E-16));
#1329=FACE_BOUND('',#1330,.T.);
#1330=EDGE_LOOP('',(#3942,#3943,#3944,#3945));
#1331=PLANE('',#1332);
#1332=AXIS2_PLACEMENT_3D('',#1333,#1334,#1335);
#1333=CARTESIAN_POINT('',(-15.9,23.6,1.));
#1334=DIRECTION('',(1.,0.,1.1842378929335E-16));
#1335=DIRECTION('',(0.,1.,0.));
#1336=FACE_BOUND('',#1337,.T.);
#1337=EDGE_LOOP('',(#3946,#3947,#3948,#3949,#3950,#3951));
#1338=PLANE('',#1339);
#1339=AXIS2_PLACEMENT_3D('',#1340,#1341,#1342);
#1340=CARTESIAN_POINT('',(-23.9,23.6,1.));
#1341=DIRECTION('',(0.,-1.,0.));
#1342=DIRECTION('',(1.,0.,1.38777878078145E-16));
#1343=FACE_BOUND('',#1344,.T.);
#1344=EDGE_LOOP('',(#3952,#3953,#3954,#3955));
#1345=PLANE('',#1346);
#1346=AXIS2_PLACEMENT_3D('',#1347,#1348,#1349);
#1347=CARTESIAN_POINT('',(-23.9,31.6,1.));
#1348=DIRECTION('',(-1.,0.,-2.368475785867E-16));
#1349=DIRECTION('',(0.,-1.,0.));
#1350=FACE_BOUND('',#1351,.T.);
#1351=EDGE_LOOP('',(#3956,#3957,#3958,#3959,#3960,#3961));
#1352=PLANE('',#1353);
#1353=AXIS2_PLACEMENT_3D('',#1354,#1355,#1356);
#1354=CARTESIAN_POINT('',(-15.9,31.6,1.));
#1355=DIRECTION('',(0.,1.,0.));
#1356=DIRECTION('',(-1.,0.,-1.38777878078145E-16));
#1357=FACE_BOUND('',#1358,.T.);
#1358=EDGE_LOOP('',(#3962,#3963,#3964,#3965,#3966,#3967,#3968,#3969,#3970,#3971,
#3972,#3973,#3974,#3975,#3976,#3977,#3978,#3979,#3980,#3981,#3982,#3983,#3984,#3985,
#3986,#3987,#3988,#3989,#3990,#3991));
#1359=FACE_BOUND('',#1360,.T.);
#1360=EDGE_LOOP('',(#3992,#3993,#3994));
#1361=PLANE('',#1362);
#1362=AXIS2_PLACEMENT_3D('',#1363,#1364,#1365);
#1363=CARTESIAN_POINT('',(4.22503145705837E-15,-34.5,0.));
#1364=DIRECTION('',(1.22464679914735E-16,-1.,0.));
#1365=DIRECTION('',(1.,1.22464679914735E-16,1.22464679914735E-16));
#1366=FACE_BOUND('',#1367,.T.);
#1367=EDGE_LOOP('',(#3995,#3996,#3997,#3998));
#1368=PLANE('',#1369);
#1369=AXIS2_PLACEMENT_3D('',#1370,#1371,#1372);
#1370=CARTESIAN_POINT('',(-18.,-4.5,7.));
#1371=DIRECTION('',(0.,1.,0.));
#1372=DIRECTION('',(-1.,0.,-2.96059473233375E-16));
#1373=FACE_BOUND('',#1374,.T.);
#1374=EDGE_LOOP('',(#3999,#4000,#4001,#4002));
#1375=PLANE('',#1376);
#1376=AXIS2_PLACEMENT_3D('',#1377,#1378,#1379);
#1377=CARTESIAN_POINT('',(21.,-4.5,7.00000000000001));
#1378=DIRECTION('',(0.,1.,0.));
#1379=DIRECTION('',(-1.,0.,-2.96059473233375E-16));
#1380=FACE_BOUND('',#1381,.T.);
#1381=EDGE_LOOP('',(#4003,#4004,#4005,#4006,#4007,#4008,#4009,#4010,#4011,#4012,
#4013,#4014,#4015,#4016,#4017,#4018,#4019,#4020,#4021,#4022,#4023,#4024,#4025,#4026,
#4027,#4028,#4029,#4030,#4031,#4032));
#1382=FACE_BOUND('',#1383,.T.);
#1383=EDGE_LOOP('',(#4033,#4034,#4035));
#1384=PLANE('',#1385);
#1385=AXIS2_PLACEMENT_3D('',#1386,#1387,#1388);
#1386=CARTESIAN_POINT('',(-4.22503145705837E-15,34.5,0.));
#1387=DIRECTION('',(1.22464679914735E-16,-1.,0.));
#1388=DIRECTION('',(1.,1.22464679914735E-16,1.22464679914735E-16));
#1389=FACE_BOUND('',#1390,.T.);
#1390=EDGE_LOOP('',(#4036,#4037,#4038,#4039));
#1391=PLANE('',#1392);
#1392=AXIS2_PLACEMENT_3D('',#1393,#1394,#1395);
#1393=CARTESIAN_POINT('',(18.,4.5,7.00000000000001));
#1394=DIRECTION('',(0.,-1.,0.));
#1395=DIRECTION('',(1.,0.,2.96059473233375E-16));
#1396=FACE_BOUND('',#1397,.T.);
#1397=EDGE_LOOP('',(#4040,#4041,#4042,#4043));
#1398=PLANE('',#1399);
#1399=AXIS2_PLACEMENT_3D('',#1400,#1401,#1402);
#1400=CARTESIAN_POINT('',(-21.,4.5,7.));
#1401=DIRECTION('',(2.96059473233375E-16,-1.,1.09476442525376E-47));
#1402=DIRECTION('',(1.,2.96059473233375E-16,2.96059473233375E-16));
#1403=FACE_BOUND('',#1404,.T.);
#1404=EDGE_LOOP('',(#4044,#4045,#4046,#4047));
#1405=PLANE('',#1406);
#1406=AXIS2_PLACEMENT_3D('',#1407,#1408,#1409);
#1407=CARTESIAN_POINT('',(1.06581410364015E-15,1.967029789642E-31,7.));
#1408=DIRECTION('',(-1.1842378929335E-16,-2.18558865515778E-32,1.));
#1409=DIRECTION('',(1.,-2.58825690380341E-48,1.1842378929335E-16));
#1410=FACE_BOUND('',#1411,.T.);
#1411=EDGE_LOOP('',(#4048,#4049,#4050,#4051));
#1412=PLANE('',#1413);
#1413=AXIS2_PLACEMENT_3D('',#1414,#1415,#1416);
#1414=CARTESIAN_POINT('',(-40.5,24.,7.));
#1415=DIRECTION('',(0.,-1.,0.));
#1416=DIRECTION('',(1.,0.,0.));
#1417=FACE_BOUND('',#1418,.T.);
#1418=EDGE_LOOP('',(#4052,#4053,#4054,#4055));
#1419=CYLINDRICAL_SURFACE('',#1420,7.79074068242648);
#1420=AXIS2_PLACEMENT_3D('',#1421,#1422,#1423);
#1421=CARTESIAN_POINT('',(-32.7628682240315,34.5,8.58762274134382));
#1422=DIRECTION('',(-1.22464679914735E-16,1.,0.));
#1423=DIRECTION('',(-0.993118894769676,-1.21621987565244E-16,0.117110464312363));
#1424=FACE_BOUND('',#1425,.T.);
#1425=EDGE_LOOP('',(#4056,#4057,#4058,#4059));
#1426=PLANE('',#1427);
#1427=AXIS2_PLACEMENT_3D('',#1428,#1429,#1430);
#1428=CARTESIAN_POINT('',(-35.,15.,7.));
#1429=DIRECTION('',(0.,1.,0.));
#1430=DIRECTION('',(-1.,0.,0.));
#1431=FACE_BOUND('',#1432,.T.);
#1432=EDGE_LOOP('',(#4060,#4061,#4062,#4063));
#1433=PLANE('',#1434);
#1434=AXIS2_PLACEMENT_3D('',#1435,#1436,#1437);
#1435=CARTESIAN_POINT('',(1.06581410364015E-15,1.967029789642E-31,7.));
#1436=DIRECTION('',(-1.1842378929335E-16,-2.18558865515778E-32,1.));
#1437=DIRECTION('',(1.,-2.58825690380341E-48,1.1842378929335E-16));
#1438=FACE_BOUND('',#1439,.T.);
#1439=EDGE_LOOP('',(#4064,#4065,#4066,#4067));
#1440=PLANE('',#1441);
#1441=AXIS2_PLACEMENT_3D('',#1442,#1443,#1444);
#1442=CARTESIAN_POINT('',(-40.5,-15.,7.));
#1443=DIRECTION('',(0.,-1.,0.));
#1444=DIRECTION('',(1.,0.,0.));
#1445=FACE_BOUND('',#1446,.T.);
#1446=EDGE_LOOP('',(#4068,#4069,#4070,#4071));
#1447=CYLINDRICAL_SURFACE('',#1448,7.79074068242648);
#1448=AXIS2_PLACEMENT_3D('',#1449,#1450,#1451);
#1449=CARTESIAN_POINT('',(-32.7628682240315,34.5,8.58762274134382));
#1450=DIRECTION('',(-1.22464679914735E-16,1.,0.));
#1451=DIRECTION('',(-0.993118894769676,-1.21621987565244E-16,0.117110464312363));
#1452=FACE_BOUND('',#1453,.T.);
#1453=EDGE_LOOP('',(#4072,#4073,#4074,#4075));
#1454=PLANE('',#1455);
#1455=AXIS2_PLACEMENT_3D('',#1456,#1457,#1458);
#1456=CARTESIAN_POINT('',(-35.,-24.,7.));
#1457=DIRECTION('',(0.,1.,0.));
#1458=DIRECTION('',(-1.,0.,0.));
#1459=FACE_BOUND('',#1460,.T.);
#1460=EDGE_LOOP('',(#4076,#4077,#4078,#4079));
#1461=PLANE('',#1462);
#1462=AXIS2_PLACEMENT_3D('',#1463,#1464,#1465);
#1463=CARTESIAN_POINT('',(1.06581410364015E-15,1.967029789642E-31,7.));
#1464=DIRECTION('',(-1.1842378929335E-16,-2.18558865515778E-32,1.));
#1465=DIRECTION('',(1.,-2.58825690380341E-48,1.1842378929335E-16));
#1466=FACE_BOUND('',#1467,.T.);
#1467=EDGE_LOOP('',(#4080,#4081,#4082,#4083));
#1468=CYLINDRICAL_SURFACE('',#1469,7.79074068242648);
#1469=AXIS2_PLACEMENT_3D('',#1470,#1471,#1472);
#1470=CARTESIAN_POINT('',(-12.7628682240315,34.5,8.58762274134382));
#1471=DIRECTION('',(-1.22464679914735E-16,1.,0.));
#1472=DIRECTION('',(-0.993118894769676,-1.21621987565244E-16,0.117110464312363));
#1473=FACE_BOUND('',#1474,.T.);
#1474=EDGE_LOOP('',(#4084,#4085,#4086));
#1475=PLANE('',#1476);
#1476=AXIS2_PLACEMENT_3D('',#1477,#1478,#1479);
#1477=CARTESIAN_POINT('',(-34.,32.,18.));
#1478=DIRECTION('',(8.88178419700126E-16,1.,0.));
#1479=DIRECTION('',(1.,-8.88178419700126E-16,0.));
#1480=FACE_BOUND('',#1481,.T.);
#1481=EDGE_LOOP('',(#4087,#4088,#4089));
#1482=PLANE('',#1483);
#1483=AXIS2_PLACEMENT_3D('',#1484,#1485,#1486);
#1484=CARTESIAN_POINT('',(-34.,32.,18.));
#1485=DIRECTION('',(8.88178419700126E-16,1.,0.));
#1486=DIRECTION('',(1.,-8.88178419700126E-16,0.));
#1487=FACE_BOUND('',#1488,.T.);
#1488=EDGE_LOOP('',(#4090,#4091,#4092,#4093));
#1489=PLANE('',#1490);
#1490=AXIS2_PLACEMENT_3D('',#1491,#1492,#1493);
#1491=CARTESIAN_POINT('',(-26.,32.,18.));
#1492=DIRECTION('',(1.,0.,1.97372982155583E-16));
#1493=DIRECTION('',(0.,-1.,0.));
#1494=FACE_BOUND('',#1495,.T.);
#1495=EDGE_LOOP('',(#4094,#4095,#4096));
#1496=PLANE('',#1497);
#1497=AXIS2_PLACEMENT_3D('',#1498,#1499,#1500);
#1498=CARTESIAN_POINT('',(-26.,-32.,18.));
#1499=DIRECTION('',(0.,-1.,0.));
#1500=DIRECTION('',(-1.,0.,0.));
#1501=FACE_BOUND('',#1502,.T.);
#1502=EDGE_LOOP('',(#4097,#4098,#4099));
#1503=PLANE('',#1504);
#1504=AXIS2_PLACEMENT_3D('',#1505,#1506,#1507);
#1505=CARTESIAN_POINT('',(-26.,-32.,18.));
#1506=DIRECTION('',(0.,-1.,0.));
#1507=DIRECTION('',(-1.,0.,0.));
#1508=FACE_BOUND('',#1509,.T.);
#1509=EDGE_LOOP('',(#4100,#4101,#4102,#4103));
#1510=PLANE('',#1511);
#1511=AXIS2_PLACEMENT_3D('',#1512,#1513,#1514);
#1512=CARTESIAN_POINT('',(-34.,-32.,18.));
#1513=DIRECTION('',(-1.,2.22044604925031E-16,0.));
#1514=DIRECTION('',(2.22044604925031E-16,1.,0.));
#1515=FACE_BOUND('',#1516,.T.);
#1516=EDGE_LOOP('',(#4104,#4105,#4106,#4107));
#1517=CYLINDRICAL_SURFACE('',#1518,7.79074068242671);
#1518=AXIS2_PLACEMENT_3D('',#1519,#1520,#1521);
#1519=CARTESIAN_POINT('',(12.7628682240313,34.5,8.58762274134366));
#1520=DIRECTION('',(-1.22464679914735E-16,1.,0.));
#1521=DIRECTION('',(0.719281037546224,8.8086522031837E-17,0.694719215961692));
#1522=FACE_BOUND('',#1523,.T.);
#1523=EDGE_LOOP('',(#4108,#4109,#4110,#4111));
#1524=PLANE('',#1525);
#1525=AXIS2_PLACEMENT_3D('',#1526,#1527,#1528);
#1526=CARTESIAN_POINT('',(1.06581410364015E-15,1.967029789642E-31,7.));
#1527=DIRECTION('',(-1.1842378929335E-16,-2.18558865515778E-32,1.));
#1528=DIRECTION('',(1.,-2.58825690380341E-48,1.1842378929335E-16));
#1529=FACE_BOUND('',#1530,.T.);
#1530=EDGE_LOOP('',(#4112,#4113,#4114,#4115));
#1531=PLANE('',#1532);
#1532=AXIS2_PLACEMENT_3D('',#1533,#1534,#1535);
#1533=CARTESIAN_POINT('',(40.5,-24.,7.00000000000001));
#1534=DIRECTION('',(0.,1.,0.));
#1535=DIRECTION('',(-1.,0.,0.));
#1536=FACE_BOUND('',#1537,.T.);
#1537=EDGE_LOOP('',(#4116,#4117,#4118,#4119));
#1538=CYLINDRICAL_SURFACE('',#1539,7.79074068242671);
#1539=AXIS2_PLACEMENT_3D('',#1540,#1541,#1542);
#1540=CARTESIAN_POINT('',(32.7628682240313,34.5,8.58762274134366));
#1541=DIRECTION('',(-1.22464679914735E-16,1.,0.));
#1542=DIRECTION('',(0.719281037546223,8.8086522031837E-17,0.694719215961692));
#1543=FACE_BOUND('',#1544,.T.);
#1544=EDGE_LOOP('',(#4120,#4121,#4122,#4123));
#1545=PLANE('',#1546);
#1546=AXIS2_PLACEMENT_3D('',#1547,#1548,#1549);
#1547=CARTESIAN_POINT('',(35.,-15.,7.00000000000001));
#1548=DIRECTION('',(0.,-1.,0.));
#1549=DIRECTION('',(1.,0.,0.));
#1550=FACE_BOUND('',#1551,.T.);
#1551=EDGE_LOOP('',(#4124,#4125,#4126,#4127));
#1552=PLANE('',#1553);
#1553=AXIS2_PLACEMENT_3D('',#1554,#1555,#1556);
#1554=CARTESIAN_POINT('',(1.06581410364015E-15,1.967029789642E-31,7.));
#1555=DIRECTION('',(-1.1842378929335E-16,-2.18558865515778E-32,1.));
#1556=DIRECTION('',(1.,-2.58825690380341E-48,1.1842378929335E-16));
#1557=FACE_BOUND('',#1558,.T.);
#1558=EDGE_LOOP('',(#4128,#4129,#4130,#4131));
#1559=PLANE('',#1560);
#1560=AXIS2_PLACEMENT_3D('',#1561,#1562,#1563);
#1561=CARTESIAN_POINT('',(40.5,15.,7.00000000000001));
#1562=DIRECTION('',(0.,1.,0.));
#1563=DIRECTION('',(-1.,0.,0.));
#1564=FACE_BOUND('',#1565,.T.);
#1565=EDGE_LOOP('',(#4132,#4133,#4134,#4135));
#1566=CYLINDRICAL_SURFACE('',#1567,7.79074068242671);
#1567=AXIS2_PLACEMENT_3D('',#1568,#1569,#1570);
#1568=CARTESIAN_POINT('',(32.7628682240313,34.5,8.58762274134366));
#1569=DIRECTION('',(-1.22464679914735E-16,1.,0.));
#1570=DIRECTION('',(0.719281037546223,8.8086522031837E-17,0.694719215961692));
#1571=FACE_BOUND('',#1572,.T.);
#1572=EDGE_LOOP('',(#4136,#4137,#4138,#4139));
#1573=PLANE('',#1574);
#1574=AXIS2_PLACEMENT_3D('',#1575,#1576,#1577);
#1575=CARTESIAN_POINT('',(35.,24.,7.00000000000001));
#1576=DIRECTION('',(0.,-1.,0.));
#1577=DIRECTION('',(1.,0.,0.));
#1578=FACE_BOUND('',#1579,.T.);
#1579=EDGE_LOOP('',(#4140,#4141,#4142,#4143));
#1580=PLANE('',#1581);
#1581=AXIS2_PLACEMENT_3D('',#1582,#1583,#1584);
#1582=CARTESIAN_POINT('',(1.06581410364015E-15,1.967029789642E-31,7.));
#1583=DIRECTION('',(-1.1842378929335E-16,-2.18558865515778E-32,1.));
#1584=DIRECTION('',(1.,-2.58825690380341E-48,1.1842378929335E-16));
#1585=FACE_BOUND('',#1586,.T.);
#1586=EDGE_LOOP('',(#4144,#4145,#4146));
#1587=PLANE('',#1588);
#1588=AXIS2_PLACEMENT_3D('',#1589,#1590,#1591);
#1589=CARTESIAN_POINT('',(26.,32.,18.));
#1590=DIRECTION('',(0.,1.,0.));
#1591=DIRECTION('',(1.,0.,0.));
#1592=FACE_BOUND('',#1593,.T.);
#1593=EDGE_LOOP('',(#4147,#4148,#4149));
#1594=PLANE('',#1595);
#1595=AXIS2_PLACEMENT_3D('',#1596,#1597,#1598);
#1596=CARTESIAN_POINT('',(26.,32.,18.));
#1597=DIRECTION('',(0.,1.,0.));
#1598=DIRECTION('',(1.,0.,0.));
#1599=FACE_BOUND('',#1600,.T.);
#1600=EDGE_LOOP('',(#4150,#4151,#4152,#4153));
#1601=PLANE('',#1602);
#1602=AXIS2_PLACEMENT_3D('',#1603,#1604,#1605);
#1603=CARTESIAN_POINT('',(34.,32.,18.));
#1604=DIRECTION('',(1.,-1.11022302462516E-16,0.));
#1605=DIRECTION('',(-1.11022302462516E-16,-1.,0.));
#1606=FACE_BOUND('',#1607,.T.);
#1607=EDGE_LOOP('',(#4154,#4155,#4156));
#1608=PLANE('',#1609);
#1609=AXIS2_PLACEMENT_3D('',#1610,#1611,#1612);
#1610=CARTESIAN_POINT('',(34.,-32.,18.));
#1611=DIRECTION('',(-8.88178419700125E-16,-1.,0.));
#1612=DIRECTION('',(-1.,8.88178419700125E-16,0.));
#1613=FACE_BOUND('',#1614,.T.);
#1614=EDGE_LOOP('',(#4157,#4158,#4159));
#1615=PLANE('',#1616);
#1616=AXIS2_PLACEMENT_3D('',#1617,#1618,#1619);
#1617=CARTESIAN_POINT('',(34.,-32.,18.));
#1618=DIRECTION('',(-8.88178419700125E-16,-1.,0.));
#1619=DIRECTION('',(-1.,8.88178419700125E-16,0.));
#1620=FACE_BOUND('',#1621,.T.);
#1621=EDGE_LOOP('',(#4160,#4161,#4162,#4163));
#1622=PLANE('',#1623);
#1623=AXIS2_PLACEMENT_3D('',#1624,#1625,#1626);
#1624=CARTESIAN_POINT('',(26.,-32.,18.));
#1625=DIRECTION('',(-1.,0.,-1.97372982155583E-16));
#1626=DIRECTION('',(0.,1.,0.));
#1627=FACE_BOUND('',#1628,.T.);
#1628=EDGE_LOOP('',(#4164,#4165,#4166,#4167));
#1629=PLANE('',#1630);
#1630=AXIS2_PLACEMENT_3D('',#1631,#1632,#1633);
#1631=CARTESIAN_POINT('',(1.06581410364015E-15,1.967029789642E-31,7.));
#1632=DIRECTION('',(-1.1842378929335E-16,-2.18558865515778E-32,1.));
#1633=DIRECTION('',(1.,-2.58825690380341E-48,1.1842378929335E-16));
#1634=FACE_BOUND('',#1635,.T.);
#1635=EDGE_LOOP('',(#4168,#4169,#4170,#4171,#4172,#4173));
#1636=PLANE('',#1637);
#1637=AXIS2_PLACEMENT_3D('',#1638,#1639,#1640);
#1638=CARTESIAN_POINT('',(-1.5,24.,7.));
#1639=DIRECTION('',(0.,-1.,0.));
#1640=DIRECTION('',(1.,0.,0.));
#1641=FACE_BOUND('',#1642,.T.);
#1642=EDGE_LOOP('',(#4174,#4175,#4176,#4177));
#1643=PLANE('',#1644);
#1644=AXIS2_PLACEMENT_3D('',#1645,#1646,#1647);
#1645=CARTESIAN_POINT('',(1.5,24.,7.));
#1646=DIRECTION('',(1.,-6.34413156928661E-17,1.2335811384724E-16));
#1647=DIRECTION('',(6.34413156928661E-17,1.,0.));
#1648=FACE_BOUND('',#1649,.T.);
#1649=EDGE_LOOP('',(#4178,#4179,#4180,#4181,#4182,#4183,#4184,#4185));
#1650=PLANE('',#1651);
#1651=AXIS2_PLACEMENT_3D('',#1652,#1653,#1654);
#1652=CARTESIAN_POINT('',(-1.63339973465925,34.5,14.));
#1653=DIRECTION('',(5.43760599964475E-16,6.64940012830518E-32,-1.));
#1654=DIRECTION('',(1.,0.,5.43760599964475E-16));
#1655=FACE_BOUND('',#1656,.T.);
#1656=EDGE_LOOP('',(#4186,#4187,#4188));
#1657=PLANE('',#1658);
#1658=AXIS2_PLACEMENT_3D('',#1659,#1660,#1661);
#1659=CARTESIAN_POINT('',(0.,0.,0.));
#1660=DIRECTION('',(1.22464679914735E-16,-1.,0.));
#1661=DIRECTION('',(1.,1.22464679914735E-16,1.22464679914735E-16));
#1662=FACE_BOUND('',#1663,.T.);
#1663=EDGE_LOOP('',(#4189,#4190,#4191,#4192));
#1664=PLANE('',#1665);
#1665=AXIS2_PLACEMENT_3D('',#1666,#1667,#1668);
#1666=CARTESIAN_POINT('',(1.5,-15.,7.));
#1667=DIRECTION('',(1.,-5.9211894646675E-17,1.2335811384724E-16));
#1668=DIRECTION('',(5.9211894646675E-17,1.,0.));
#1669=FACE_BOUND('',#1670,.T.);
#1670=EDGE_LOOP('',(#4193,#4194,#4195,#4196,#4197,#4198));
#1671=PLANE('',#1672);
#1672=AXIS2_PLACEMENT_3D('',#1673,#1674,#1675);
#1673=CARTESIAN_POINT('',(1.5,15.,7.));
#1674=DIRECTION('',(0.,1.,0.));
#1675=DIRECTION('',(-1.,0.,0.));
#1676=FACE_BOUND('',#1677,.T.);
#1677=EDGE_LOOP('',(#4199,#4200,#4201,#4202));
#1678=PLANE('',#1679);
#1679=AXIS2_PLACEMENT_3D('',#1680,#1681,#1682);
#1680=CARTESIAN_POINT('',(1.06581410364015E-15,1.967029789642E-31,7.));
#1681=DIRECTION('',(-1.1842378929335E-16,-2.18558865515778E-32,1.));
#1682=DIRECTION('',(1.,-2.58825690380341E-48,1.1842378929335E-16));
#1683=FACE_BOUND('',#1684,.T.);
#1684=EDGE_LOOP('',(#4203,#4204,#4205,#4206,#4207,#4208));
#1685=PLANE('',#1686);
#1686=AXIS2_PLACEMENT_3D('',#1687,#1688,#1689);
#1687=CARTESIAN_POINT('',(-1.5,-15.,7.));
#1688=DIRECTION('',(0.,-1.,0.));
#1689=DIRECTION('',(1.,0.,0.));
#1690=FACE_BOUND('',#1691,.T.);
#1691=EDGE_LOOP('',(#4209,#4210,#4211,#4212));
#1692=CYLINDRICAL_SURFACE('',#1693,5.98396090993207);
#1693=AXIS2_PLACEMENT_3D('',#1694,#1695,#1696);
#1694=CARTESIAN_POINT('',(-5.48265306122448,-6.714313522264E-16,9.62510204081633));
#1695=DIRECTION('',(-1.22464679914735E-16,1.,0.));
#1696=DIRECTION('',(0.682265997835676,8.35534870416535E-17,0.731104033771727));
#1697=FACE_BOUND('',#1698,.T.);
#1698=EDGE_LOOP('',(#4213,#4214,#4215,#4216,#4217,#4218));
#1699=PLANE('',#1700);
#1700=AXIS2_PLACEMENT_3D('',#1701,#1702,#1703);
#1701=CARTESIAN_POINT('',(1.5,-24.,7.));
#1702=DIRECTION('',(0.,1.,0.));
#1703=DIRECTION('',(-1.,0.,0.));
#1704=FACE_BOUND('',#1705,.T.);
#1705=EDGE_LOOP('',(#4219,#4220,#4221,#4222));
#1706=PLANE('',#1707);
#1707=AXIS2_PLACEMENT_3D('',#1708,#1709,#1710);
#1708=CARTESIAN_POINT('',(1.06581410364015E-15,1.967029789642E-31,7.));
#1709=DIRECTION('',(-1.1842378929335E-16,-2.18558865515778E-32,1.));
#1710=DIRECTION('',(1.,-2.58825690380341E-48,1.1842378929335E-16));
#1711=FACE_BOUND('',#1712,.T.);
#1712=EDGE_LOOP('',(#4223,#4224,#4225));
#1713=PLANE('',#1714);
#1714=AXIS2_PLACEMENT_3D('',#1715,#1716,#1717);
#1715=CARTESIAN_POINT('',(6.,32.,18.));
#1716=DIRECTION('',(0.,1.,0.));
#1717=DIRECTION('',(1.,0.,0.));
#1718=FACE_BOUND('',#1719,.T.);
#1719=EDGE_LOOP('',(#4226,#4227,#4228));
#1720=PLANE('',#1721);
#1721=AXIS2_PLACEMENT_3D('',#1722,#1723,#1724);
#1722=CARTESIAN_POINT('',(6.,32.,18.));
#1723=DIRECTION('',(0.,1.,0.));
#1724=DIRECTION('',(1.,0.,0.));
#1725=FACE_BOUND('',#1726,.T.);
#1726=EDGE_LOOP('',(#4229,#4230,#4231,#4232));
#1727=PLANE('',#1728);
#1728=AXIS2_PLACEMENT_3D('',#1729,#1730,#1731);
#1729=CARTESIAN_POINT('',(14.,32.,18.));
#1730=DIRECTION('',(1.,0.,9.86864910777917E-17));
#1731=DIRECTION('',(0.,-1.,0.));
#1732=FACE_BOUND('',#1733,.T.);
#1733=EDGE_LOOP('',(#4233,#4234,#4235));
#1734=PLANE('',#1735);
#1735=AXIS2_PLACEMENT_3D('',#1736,#1737,#1738);
#1736=CARTESIAN_POINT('',(14.,-32.,18.));
#1737=DIRECTION('',(0.,-1.,0.));
#1738=DIRECTION('',(-1.,0.,0.));
#1739=FACE_BOUND('',#1740,.T.);
#1740=EDGE_LOOP('',(#4236,#4237,#4238));
#1741=PLANE('',#1742);
#1742=AXIS2_PLACEMENT_3D('',#1743,#1744,#1745);
#1743=CARTESIAN_POINT('',(14.,-32.,18.));
#1744=DIRECTION('',(0.,-1.,0.));
#1745=DIRECTION('',(-1.,0.,0.));
#1746=FACE_BOUND('',#1747,.T.);
#1747=EDGE_LOOP('',(#4239,#4240,#4241,#4242));
#1748=PLANE('',#1749);
#1749=AXIS2_PLACEMENT_3D('',#1750,#1751,#1752);
#1750=CARTESIAN_POINT('',(6.,-32.,18.));
#1751=DIRECTION('',(-1.,5.55111512312578E-17,-9.86864910777917E-17));
#1752=DIRECTION('',(5.55111512312578E-17,1.,0.));
#1753=FACE_BOUND('',#1754,.T.);
#1754=EDGE_LOOP('',(#4243,#4244,#4245,#4246));
#1755=PLANE('',#1756);
#1756=AXIS2_PLACEMENT_3D('',#1757,#1758,#1759);
#1757=CARTESIAN_POINT('',(-1.5,-24.,7.));
#1758=DIRECTION('',(-1.,6.34413156928661E-17,-1.2335811384724E-16));
#1759=DIRECTION('',(-6.34413156928661E-17,-1.,0.));
#1760=FACE_BOUND('',#1761,.T.);
#1761=EDGE_LOOP('',(#4247,#4248,#4249,#4250,#4251,#4252,#4253,#4254));
#1762=PLANE('',#1763);
#1763=AXIS2_PLACEMENT_3D('',#1764,#1765,#1766);
#1764=CARTESIAN_POINT('',(-1.63339973465925,34.5,14.));
#1765=DIRECTION('',(5.43760599964475E-16,6.64940012830518E-32,-1.));
#1766=DIRECTION('',(1.,0.,5.43760599964475E-16));
#1767=FACE_BOUND('',#1768,.T.);
#1768=EDGE_LOOP('',(#4255,#4256,#4257));
#1769=PLANE('',#1770);
#1770=AXIS2_PLACEMENT_3D('',#1771,#1772,#1773);
#1771=CARTESIAN_POINT('',(0.,0.,0.));
#1772=DIRECTION('',(1.22464679914735E-16,-1.,0.));
#1773=DIRECTION('',(1.,1.22464679914735E-16,1.22464679914735E-16));
#1774=FACE_BOUND('',#1775,.T.);
#1775=EDGE_LOOP('',(#4258,#4259,#4260,#4261));
#1776=PLANE('',#1777);
#1777=AXIS2_PLACEMENT_3D('',#1778,#1779,#1780);
#1778=CARTESIAN_POINT('',(-1.5,15.,7.));
#1779=DIRECTION('',(-1.,5.9211894646675E-17,-1.2335811384724E-16));
#1780=DIRECTION('',(-5.9211894646675E-17,-1.,0.));
#1781=FACE_BOUND('',#1782,.T.);
#1782=EDGE_LOOP('',(#4262,#4263,#4264,#4265));
#1783=CYLINDRICAL_SURFACE('',#1784,5.9839609099321);
#1784=AXIS2_PLACEMENT_3D('',#1785,#1786,#1787);
#1785=CARTESIAN_POINT('',(5.48265306122451,34.5,9.62510204081632));
#1786=DIRECTION('',(-1.22464679914735E-16,1.,0.));
#1787=DIRECTION('',(-0.9997814409674,-1.22437914152766E-16,-0.0209062262770924));
#1788=FACE_BOUND('',#1789,.T.);
#1789=EDGE_LOOP('',(#4266,#4267,#4268));
#1790=PLANE('',#1791);
#1791=AXIS2_PLACEMENT_3D('',#1792,#1793,#1794);
#1792=CARTESIAN_POINT('',(-6.,-32.,18.));
#1793=DIRECTION('',(0.,-1.,0.));
#1794=DIRECTION('',(-1.,0.,0.));
#1795=FACE_BOUND('',#1796,.T.);
#1796=EDGE_LOOP('',(#4269,#4270,#4271,#4272));
#1797=PLANE('',#1798);
#1798=AXIS2_PLACEMENT_3D('',#1799,#1800,#1801);
#1799=CARTESIAN_POINT('',(-14.,-32.,18.));
#1800=DIRECTION('',(-1.,5.55111512312578E-17,-9.86864910777917E-17));
#1801=DIRECTION('',(5.55111512312578E-17,1.,0.));
#1802=FACE_BOUND('',#1803,.T.);
#1803=EDGE_LOOP('',(#4273,#4274,#4275));
#1804=PLANE('',#1805);
#1805=AXIS2_PLACEMENT_3D('',#1806,#1807,#1808);
#1806=CARTESIAN_POINT('',(-14.,32.,18.));
#1807=DIRECTION('',(0.,1.,0.));
#1808=DIRECTION('',(1.,0.,0.));
#1809=FACE_BOUND('',#1810,.T.);
#1810=EDGE_LOOP('',(#4276,#4277,#4278));
#1811=PLANE('',#1812);
#1812=AXIS2_PLACEMENT_3D('',#1813,#1814,#1815);
#1813=CARTESIAN_POINT('',(-14.,32.,18.));
#1814=DIRECTION('',(0.,1.,0.));
#1815=DIRECTION('',(1.,0.,0.));
#1816=FACE_BOUND('',#1817,.T.);
#1817=EDGE_LOOP('',(#4279,#4280,#4281,#4282));
#1818=PLANE('',#1819);
#1819=AXIS2_PLACEMENT_3D('',#1820,#1821,#1822);
#1820=CARTESIAN_POINT('',(-6.,32.,18.));
#1821=DIRECTION('',(1.,0.,9.86864910777917E-17));
#1822=DIRECTION('',(0.,-1.,0.));
#1823=FACE_BOUND('',#1824,.T.);
#1824=EDGE_LOOP('',(#4283,#4284,#4285));
#1825=PLANE('',#1826);
#1826=AXIS2_PLACEMENT_3D('',#1827,#1828,#1829);
#1827=CARTESIAN_POINT('',(-6.,-32.,18.));
#1828=DIRECTION('',(0.,-1.,0.));
#1829=DIRECTION('',(-1.,0.,0.));
#1830=FACE_BOUND('',#1831,.T.);
#1831=EDGE_LOOP('',(#4286,#4287,#4288,#4289,#4290,#4291,#4292,#4293,#4294,#4295,
#4296,#4297,#4298,#4299,#4300,#4301,#4302,#4303,#4304,#4305,#4306,#4307,#4308,#4309,
#4310,#4311,#4312,#4313,#4314,#4315,#4316,#4317,#4318,#4319,#4320,#4321,#4322,#4323,
#4324,#4325,#4326,#4327,#4328,#4329,#4330,#4331,#4332,#4333,#4334,#4335,#4336,#4337,
#4338,#4339,#4340,#4341,#4342,#4343,#4344,#4345,#4346,#4347,#4348,#4349,#4350,#4351,
#4352,#4353,#4354,#4355,#4356,#4357,#4358,#4359,#4360,#4361));
#1832=FACE_BOUND('',#1833,.T.);
#1833=EDGE_LOOP('',(#4362));
#1834=FACE_BOUND('',#1835,.T.);
#1835=EDGE_LOOP('',(#4363));
#1836=FACE_BOUND('',#1837,.T.);
#1837=EDGE_LOOP('',(#4364));
#1838=FACE_BOUND('',#1839,.T.);
#1839=EDGE_LOOP('',(#4365));
#1840=FACE_BOUND('',#1841,.T.);
#1841=EDGE_LOOP('',(#4366));
#1842=FACE_BOUND('',#1843,.T.);
#1843=EDGE_LOOP('',(#4367,#4368,#4369,#4370,#4371,#4372));
#1844=FACE_BOUND('',#1845,.T.);
#1845=EDGE_LOOP('',(#4373,#4374,#4375,#4376,#4377,#4378));
#1846=FACE_BOUND('',#1847,.T.);
#1847=EDGE_LOOP('',(#4379,#4380,#4381,#4382,#4383,#4384));
#1848=FACE_BOUND('',#1849,.T.);
#1849=EDGE_LOOP('',(#4385,#4386,#4387,#4388,#4389,#4390));
#1850=FACE_BOUND('',#1851,.T.);
#1851=EDGE_LOOP('',(#4391,#4392));
#1852=FACE_BOUND('',#1853,.T.);
#1853=EDGE_LOOP('',(#4393,#4394));
#1854=FACE_BOUND('',#1855,.T.);
#1855=EDGE_LOOP('',(#4395,#4396));
#1856=FACE_BOUND('',#1857,.T.);
#1857=EDGE_LOOP('',(#4397,#4398));
#1858=PLANE('',#1859);
#1859=AXIS2_PLACEMENT_3D('',#1860,#1861,#1862);
#1860=CARTESIAN_POINT('',(-40.4,38.5,-5.21699536436772E-15));
#1861=DIRECTION('',(1.22464679914735E-16,2.26016594027535E-32,-1.));
#1862=DIRECTION('',(1.,1.75876914792104E-16,1.22464679914735E-16));
#1863=FACE_BOUND('',#1864,.T.);
#1864=EDGE_LOOP('',(#4399,#4400,#4401,#4402));
#1865=PLANE('',#1866);
#1866=AXIS2_PLACEMENT_3D('',#1867,#1868,#1869);
#1867=CARTESIAN_POINT('',(33.,-35.5,4.00000000000001));
#1868=DIRECTION('',(1.,0.,0.));
#1869=DIRECTION('',(0.,1.,0.));
#1870=FACE_BOUND('',#1871,.T.);
#1871=EDGE_LOOP('',(#4403,#4404,#4405,#4406,#4407,#4408,#4409,#4410));
#1872=PLANE('',#1873);
#1873=AXIS2_PLACEMENT_3D('',#1874,#1875,#1876);
#1874=CARTESIAN_POINT('',(37.5,38.5,16.));
#1875=DIRECTION('',(-1.1842378929335E-16,-2.18558865515778E-32,1.));
#1876=DIRECTION('',(-1.,-1.8947806286936E-16,-1.1842378929335E-16));
#1877=FACE_BOUND('',#1878,.T.);
#1878=EDGE_LOOP('',(#4411,#4412,#4413,#4414));
#1879=PLANE('',#1880);
#1880=AXIS2_PLACEMENT_3D('',#1881,#1882,#1883);
#1881=CARTESIAN_POINT('',(40.4,38.5,11.));
#1882=DIRECTION('',(0.865031189261803,1.59647176035297E-16,0.501718089771846));
#1883=DIRECTION('',(-0.501718089771846,0.,0.865031189261803));
#1884=FACE_BOUND('',#1885,.T.);
#1885=EDGE_LOOP('',(#4415,#4416,#4417,#4418,#4419,#4420,#4421,#4422,#4423,#4424,
#4425,#4426,#4427,#4428,#4429,#4430,#4431,#4432,#4433,#4434));
#1886=PLANE('',#1887);
#1887=AXIS2_PLACEMENT_3D('',#1888,#1889,#1890);
#1888=CARTESIAN_POINT('',(40.4,38.5,4.67815077274289E-15));
#1889=DIRECTION('',(1.,1.84556554742883E-16,0.));
#1890=DIRECTION('',(0.,0.,1.));
#1891=FACE_BOUND('',#1892,.T.);
#1892=EDGE_LOOP('',(#4435,#4436,#4437,#4438,#4439,#4440,#4441,#4442,#4443,#4444,
#4445,#4446,#4447,#4448,#4449,#4450,#4451,#4452,#4453,#4454));
#1893=PLANE('',#1894);
#1894=AXIS2_PLACEMENT_3D('',#1895,#1896,#1897);
#1895=CARTESIAN_POINT('',(-40.4,38.5,11.));
#1896=DIRECTION('',(-1.,-1.84556554742883E-16,0.));
#1897=DIRECTION('',(0.,0.,-1.));
#1898=FACE_BOUND('',#1899,.T.);
#1899=EDGE_LOOP('',(#4455,#4456,#4457,#4458));
#1900=PLANE('',#1901);
#1901=AXIS2_PLACEMENT_3D('',#1902,#1903,#1904);
#1902=CARTESIAN_POINT('',(-37.5,38.5,16.));
#1903=DIRECTION('',(-0.865031189261804,-1.59647176035297E-16,0.501718089771846));
#1904=DIRECTION('',(-0.501718089771846,0.,-0.865031189261804));
#1905=FACE_BOUND('',#1906,.T.);
#1906=EDGE_LOOP('',(#4459,#4460,#4461,#4462,#4463,#4464,#4465,#4466));
#1907=PLANE('',#1908);
#1908=AXIS2_PLACEMENT_3D('',#1909,#1910,#1911);
#1909=CARTESIAN_POINT('',(37.5,38.5,16.));
#1910=DIRECTION('',(-1.1842378929335E-16,-2.18558865515778E-32,1.));
#1911=DIRECTION('',(-1.,-1.8947806286936E-16,-1.1842378929335E-16));
#1912=FACE_BOUND('',#1913,.T.);
#1913=EDGE_LOOP('',(#4467,#4468,#4469,#4470));
#1914=PLANE('',#1915);
#1915=AXIS2_PLACEMENT_3D('',#1916,#1917,#1918);
#1916=CARTESIAN_POINT('',(-33.,-33.5,4.));
#1917=DIRECTION('',(-1.,0.,0.));
#1918=DIRECTION('',(0.,-1.,0.));
#1919=FACE_BOUND('',#1920,.T.);
#1920=EDGE_LOOP('',(#4471,#4472,#4473,#4474));
#1921=PLANE('',#1922);
#1922=AXIS2_PLACEMENT_3D('',#1923,#1924,#1925);
#1923=CARTESIAN_POINT('',(1.4210854715202E-15,2.62270638618934E-31,4.));
#1924=DIRECTION('',(-1.1842378929335E-16,-2.18558865515778E-32,1.));
#1925=DIRECTION('',(6.12323399573677E-17,1.,2.91072522766279E-32));
#1926=FACE_BOUND('',#1927,.T.);
#1927=EDGE_LOOP('',(#4475,#4476,#4477,#4478));
#1928=PLANE('',#1929);
#1929=AXIS2_PLACEMENT_3D('',#1930,#1931,#1932);
#1930=CARTESIAN_POINT('',(-27.,-35.5,4.));
#1931=DIRECTION('',(1.,0.,2.96059473233375E-16));
#1932=DIRECTION('',(0.,1.,0.));
#1933=FACE_BOUND('',#1934,.T.);
#1934=EDGE_LOOP('',(#4479,#4480,#4481,#4482,#4483,#4484,#4485,#4486,#4487,#4488,
#4489,#4490));
#1935=PLANE('',#1936);
#1936=AXIS2_PLACEMENT_3D('',#1937,#1938,#1939);
#1937=CARTESIAN_POINT('',(37.5,38.5,16.));
#1938=DIRECTION('',(-1.1842378929335E-16,-2.18558865515778E-32,1.));
#1939=DIRECTION('',(-1.,-1.8947806286936E-16,-1.1842378929335E-16));
#1940=FACE_BOUND('',#1941,.T.);
#1941=EDGE_LOOP('',(#4491,#4492,#4493,#4494));
#1942=PLANE('',#1943);
#1943=AXIS2_PLACEMENT_3D('',#1944,#1945,#1946);
#1944=CARTESIAN_POINT('',(-13.,-33.5,4.));
#1945=DIRECTION('',(-1.,0.,-1.48029736616687E-16));
#1946=DIRECTION('',(0.,-1.,0.));
#1947=FACE_BOUND('',#1948,.T.);
#1948=EDGE_LOOP('',(#4495,#4496,#4497,#4498));
#1949=PLANE('',#1950);
#1950=AXIS2_PLACEMENT_3D('',#1951,#1952,#1953);
#1951=CARTESIAN_POINT('',(1.4210854715202E-15,2.62270638618934E-31,4.));
#1952=DIRECTION('',(-1.1842378929335E-16,-2.18558865515778E-32,1.));
#1953=DIRECTION('',(6.12323399573677E-17,1.,2.91072522766279E-32));
#1954=FACE_BOUND('',#1955,.T.);
#1955=EDGE_LOOP('',(#4499,#4500,#4501,#4502));
#1956=PLANE('',#1957);
#1957=AXIS2_PLACEMENT_3D('',#1958,#1959,#1960);
#1958=CARTESIAN_POINT('',(-7.,-35.5,4.));
#1959=DIRECTION('',(1.,0.,7.40148683083438E-17));
#1960=DIRECTION('',(0.,1.,0.));
#1961=FACE_BOUND('',#1962,.T.);
#1962=EDGE_LOOP('',(#4503,#4504,#4505,#4506,#4507,#4508,#4509,#4510,#4511,#4512,
#4513,#4514));
#1963=PLANE('',#1964);
#1964=AXIS2_PLACEMENT_3D('',#1965,#1966,#1967);
#1965=CARTESIAN_POINT('',(37.5,38.5,16.));
#1966=DIRECTION('',(-1.1842378929335E-16,-2.18558865515778E-32,1.));
#1967=DIRECTION('',(-1.,-1.8947806286936E-16,-1.1842378929335E-16));
#1968=FACE_BOUND('',#1969,.T.);
#1969=EDGE_LOOP('',(#4515,#4516,#4517,#4518));
#1970=PLANE('',#1971);
#1971=AXIS2_PLACEMENT_3D('',#1972,#1973,#1974);
#1972=CARTESIAN_POINT('',(7.,-33.5,4.));
#1973=DIRECTION('',(-1.,0.,-7.40148683083438E-17));
#1974=DIRECTION('',(0.,-1.,0.));
#1975=FACE_BOUND('',#1976,.T.);
#1976=EDGE_LOOP('',(#4519,#4520,#4521,#4522));
#1977=PLANE('',#1978);
#1978=AXIS2_PLACEMENT_3D('',#1979,#1980,#1981);
#1979=CARTESIAN_POINT('',(1.4210854715202E-15,2.62270638618934E-31,4.));
#1980=DIRECTION('',(-1.1842378929335E-16,-2.18558865515778E-32,1.));
#1981=DIRECTION('',(6.12323399573677E-17,1.,2.91072522766279E-32));
#1982=FACE_BOUND('',#1983,.T.);
#1983=EDGE_LOOP('',(#4523,#4524,#4525,#4526));
#1984=PLANE('',#1985);
#1985=AXIS2_PLACEMENT_3D('',#1986,#1987,#1988);
#1986=CARTESIAN_POINT('',(13.,-35.5,4.00000000000001));
#1987=DIRECTION('',(1.,0.,1.48029736616688E-16));
#1988=DIRECTION('',(0.,1.,0.));
#1989=FACE_BOUND('',#1990,.T.);
#1990=EDGE_LOOP('',(#4527,#4528,#4529,#4530,#4531,#4532,#4533,#4534,#4535,#4536,
#4537,#4538));
#1991=PLANE('',#1992);
#1992=AXIS2_PLACEMENT_3D('',#1993,#1994,#1995);
#1993=CARTESIAN_POINT('',(37.5,38.5,16.));
#1994=DIRECTION('',(-1.1842378929335E-16,-2.18558865515778E-32,1.));
#1995=DIRECTION('',(-1.,-1.8947806286936E-16,-1.1842378929335E-16));
#1996=FACE_BOUND('',#1997,.T.);
#1997=EDGE_LOOP('',(#4539,#4540,#4541,#4542));
#1998=PLANE('',#1999);
#1999=AXIS2_PLACEMENT_3D('',#2000,#2001,#2002);
#2000=CARTESIAN_POINT('',(27.,-33.5,4.00000000000001));
#2001=DIRECTION('',(-1.,0.,-2.96059473233375E-16));
#2002=DIRECTION('',(0.,-1.,0.));
#2003=FACE_BOUND('',#2004,.T.);
#2004=EDGE_LOOP('',(#4543,#4544,#4545,#4546));
#2005=PLANE('',#2006);
#2006=AXIS2_PLACEMENT_3D('',#2007,#2008,#2009);
#2007=CARTESIAN_POINT('',(1.4210854715202E-15,2.62270638618934E-31,4.));
#2008=DIRECTION('',(-1.1842378929335E-16,-2.18558865515778E-32,1.));
#2009=DIRECTION('',(6.12323399573677E-17,1.,2.91072522766279E-32));
#2010=FACE_BOUND('',#2011,.T.);
#2011=EDGE_LOOP('',(#4547,#4548,#4549,#4550));
#2012=PLANE('',#2013);
#2013=AXIS2_PLACEMENT_3D('',#2014,#2015,#2016);
#2014=CARTESIAN_POINT('',(-33.,35.5,4.));
#2015=DIRECTION('',(-1.,3.5527136788005E-15,-5.9211894646675E-16));
#2016=DIRECTION('',(-3.5527136788005E-15,-1.,0.));
#2017=FACE_BOUND('',#2018,.T.);
#2018=EDGE_LOOP('',(#4551,#4552,#4553,#4554,#4555,#4556,#4557,#4558));
#2019=PLANE('',#2020);
#2020=AXIS2_PLACEMENT_3D('',#2021,#2022,#2023);
#2021=CARTESIAN_POINT('',(37.5,38.5,16.));
#2022=DIRECTION('',(-1.1842378929335E-16,-2.18558865515778E-32,1.));
#2023=DIRECTION('',(-1.,-1.8947806286936E-16,-1.1842378929335E-16));
#2024=FACE_BOUND('',#2025,.T.);
#2025=EDGE_LOOP('',(#4559,#4560,#4561,#4562));
#2026=PLANE('',#2027);
#2027=AXIS2_PLACEMENT_3D('',#2028,#2029,#2030);
#2028=CARTESIAN_POINT('',(-37.5,38.5,16.));
#2029=DIRECTION('',(-0.865031189261804,-1.59647176035297E-16,0.501718089771846));
#2030=DIRECTION('',(-0.501718089771846,0.,-0.865031189261804));
#2031=FACE_BOUND('',#2032,.T.);
#2032=EDGE_LOOP('',(#4563,#4564,#4565,#4566));
#2033=PLANE('',#2034);
#2034=AXIS2_PLACEMENT_3D('',#2035,#2036,#2037);
#2035=CARTESIAN_POINT('',(40.4,38.5,11.));
#2036=DIRECTION('',(0.865031189261803,1.59647176035297E-16,0.501718089771846));
#2037=DIRECTION('',(-0.501718089771846,0.,0.865031189261803));
#2038=FACE_BOUND('',#2039,.T.);
#2039=EDGE_LOOP('',(#4567,#4568,#4569,#4570,#4571,#4572,#4573,#4574));
#2040=PLANE('',#2041);
#2041=AXIS2_PLACEMENT_3D('',#2042,#2043,#2044);
#2042=CARTESIAN_POINT('',(37.5,38.5,16.));
#2043=DIRECTION('',(-1.1842378929335E-16,-2.18558865515778E-32,1.));
#2044=DIRECTION('',(-1.,-1.8947806286936E-16,-1.1842378929335E-16));
#2045=FACE_BOUND('',#2046,.T.);
#2046=EDGE_LOOP('',(#4575,#4576,#4577,#4578));
#2047=PLANE('',#2048);
#2048=AXIS2_PLACEMENT_3D('',#2049,#2050,#2051);
#2049=CARTESIAN_POINT('',(33.,33.5,4.00000000000001));
#2050=DIRECTION('',(1.,-3.5527136788005E-15,0.));
#2051=DIRECTION('',(3.5527136788005E-15,1.,0.));
#2052=FACE_BOUND('',#2053,.T.);
#2053=EDGE_LOOP('',(#4579,#4580,#4581,#4582));
#2054=PLANE('',#2055);
#2055=AXIS2_PLACEMENT_3D('',#2056,#2057,#2058);
#2056=CARTESIAN_POINT('',(1.4210854715202E-15,2.62270638618934E-31,4.));
#2057=DIRECTION('',(-1.1842378929335E-16,-2.18558865515778E-32,1.));
#2058=DIRECTION('',(6.12323399573677E-17,1.,2.91072522766279E-32));
#2059=FACE_BOUND('',#2060,.T.);
#2060=EDGE_LOOP('',(#4583,#4584,#4585,#4586));
#2061=PLANE('',#2062);
#2062=AXIS2_PLACEMENT_3D('',#2063,#2064,#2065);
#2063=CARTESIAN_POINT('',(27.,35.5,4.00000000000001));
#2064=DIRECTION('',(-1.,0.,0.));
#2065=DIRECTION('',(0.,-1.,0.));
#2066=FACE_BOUND('',#2067,.T.);
#2067=EDGE_LOOP('',(#4587,#4588,#4589,#4590,#4591,#4592,#4593,#4594,#4595,#4596,
#4597,#4598));
#2068=PLANE('',#2069);
#2069=AXIS2_PLACEMENT_3D('',#2070,#2071,#2072);
#2070=CARTESIAN_POINT('',(37.5,38.5,16.));
#2071=DIRECTION('',(-1.1842378929335E-16,-2.18558865515778E-32,1.));
#2072=DIRECTION('',(-1.,-1.8947806286936E-16,-1.1842378929335E-16));
#2073=FACE_BOUND('',#2074,.T.);
#2074=EDGE_LOOP('',(#4599,#4600,#4601,#4602));
#2075=PLANE('',#2076);
#2076=AXIS2_PLACEMENT_3D('',#2077,#2078,#2079);
#2077=CARTESIAN_POINT('',(13.,33.5,4.00000000000001));
#2078=DIRECTION('',(1.,0.,1.48029736616688E-16));
#2079=DIRECTION('',(0.,1.,0.));
#2080=FACE_BOUND('',#2081,.T.);
#2081=EDGE_LOOP('',(#4603,#4604,#4605,#4606));
#2082=PLANE('',#2083);
#2083=AXIS2_PLACEMENT_3D('',#2084,#2085,#2086);
#2084=CARTESIAN_POINT('',(1.4210854715202E-15,2.62270638618934E-31,4.));
#2085=DIRECTION('',(-1.1842378929335E-16,-2.18558865515778E-32,1.));
#2086=DIRECTION('',(6.12323399573677E-17,1.,2.91072522766279E-32));
#2087=FACE_BOUND('',#2088,.T.);
#2088=EDGE_LOOP('',(#4607,#4608,#4609,#4610));
#2089=PLANE('',#2090);
#2090=AXIS2_PLACEMENT_3D('',#2091,#2092,#2093);
#2091=CARTESIAN_POINT('',(7.00000000000001,35.5,4.));
#2092=DIRECTION('',(-1.,0.,-1.48029736616688E-16));
#2093=DIRECTION('',(0.,-1.,0.));
#2094=FACE_BOUND('',#2095,.T.);
#2095=EDGE_LOOP('',(#4611,#4612,#4613,#4614,#4615,#4616,#4617,#4618,#4619,#4620,
#4621,#4622));
#2096=PLANE('',#2097);
#2097=AXIS2_PLACEMENT_3D('',#2098,#2099,#2100);
#2098=CARTESIAN_POINT('',(37.5,38.5,16.));
#2099=DIRECTION('',(-1.1842378929335E-16,-2.18558865515778E-32,1.));
#2100=DIRECTION('',(-1.,-1.8947806286936E-16,-1.1842378929335E-16));
#2101=FACE_BOUND('',#2102,.T.);
#2102=EDGE_LOOP('',(#4623,#4624,#4625,#4626));
#2103=PLANE('',#2104);
#2104=AXIS2_PLACEMENT_3D('',#2105,#2106,#2107);
#2105=CARTESIAN_POINT('',(-6.99999999999999,33.5,4.));
#2106=DIRECTION('',(1.,0.,1.48029736616688E-16));
#2107=DIRECTION('',(0.,1.,0.));
#2108=FACE_BOUND('',#2109,.T.);
#2109=EDGE_LOOP('',(#4627,#4628,#4629,#4630));
#2110=PLANE('',#2111);
#2111=AXIS2_PLACEMENT_3D('',#2112,#2113,#2114);
#2112=CARTESIAN_POINT('',(1.4210854715202E-15,2.62270638618934E-31,4.));
#2113=DIRECTION('',(-1.1842378929335E-16,-2.18558865515778E-32,1.));
#2114=DIRECTION('',(6.12323399573677E-17,1.,2.91072522766279E-32));
#2115=FACE_BOUND('',#2116,.T.);
#2116=EDGE_LOOP('',(#4631,#4632,#4633,#4634));
#2117=PLANE('',#2118);
#2118=AXIS2_PLACEMENT_3D('',#2119,#2120,#2121);
#2119=CARTESIAN_POINT('',(-13.,35.5,4.));
#2120=DIRECTION('',(-1.,0.,-1.48029736616687E-16));
#2121=DIRECTION('',(0.,-1.,0.));
#2122=FACE_BOUND('',#2123,.T.);
#2123=EDGE_LOOP('',(#4635,#4636,#4637,#4638,#4639,#4640,#4641,#4642,#4643,#4644,
#4645,#4646));
#2124=PLANE('',#2125);
#2125=AXIS2_PLACEMENT_3D('',#2126,#2127,#2128);
#2126=CARTESIAN_POINT('',(37.5,38.5,16.));
#2127=DIRECTION('',(-1.1842378929335E-16,-2.18558865515778E-32,1.));
#2128=DIRECTION('',(-1.,-1.8947806286936E-16,-1.1842378929335E-16));
#2129=FACE_BOUND('',#2130,.T.);
#2130=EDGE_LOOP('',(#4647,#4648,#4649,#4650));
#2131=PLANE('',#2132);
#2132=AXIS2_PLACEMENT_3D('',#2133,#2134,#2135);
#2133=CARTESIAN_POINT('',(-27.,33.5,4.));
#2134=DIRECTION('',(1.,0.,0.));
#2135=DIRECTION('',(0.,1.,0.));
#2136=FACE_BOUND('',#2137,.T.);
#2137=EDGE_LOOP('',(#4651,#4652,#4653,#4654));
#2138=PLANE('',#2139);
#2139=AXIS2_PLACEMENT_3D('',#2140,#2141,#2142);
#2140=CARTESIAN_POINT('',(1.4210854715202E-15,2.62270638618934E-31,4.));
#2141=DIRECTION('',(-1.1842378929335E-16,-2.18558865515778E-32,1.));
#2142=DIRECTION('',(6.12323399573677E-17,1.,2.91072522766279E-32));
#2143=FACE_BOUND('',#2144,.T.);
#2144=EDGE_LOOP('',(#4655,#4656,#4657,#4658));
#2145=PLANE('',#2146);
#2146=AXIS2_PLACEMENT_3D('',#2147,#2148,#2149);
#2147=CARTESIAN_POINT('',(39.4,-2.,3.));
#2148=DIRECTION('',(-1.,0.,0.));
#2149=DIRECTION('',(0.,1.,0.));
#2150=FACE_BOUND('',#2151,.T.);
#2151=EDGE_LOOP('',(#4659,#4660,#4661,#4662));
#2152=PLANE('',#2153);
#2153=AXIS2_PLACEMENT_3D('',#2154,#2155,#2156);
#2154=CARTESIAN_POINT('',(40.4,-2.,3.));
#2155=DIRECTION('',(0.,-1.,0.));
#2156=DIRECTION('',(-1.,0.,0.));
#2157=FACE_BOUND('',#2158,.T.);
#2158=EDGE_LOOP('',(#4663,#4664,#4665,#4666,#4667,#4668,#4669,#4670,#4671,#4672,
#4673));
#2159=PLANE('',#2160);
#2160=AXIS2_PLACEMENT_3D('',#2161,#2162,#2163);
#2161=CARTESIAN_POINT('',(4.71489017671731E-15,-38.5,0.));
#2162=DIRECTION('',(1.22464679914735E-16,-1.,0.));
#2163=DIRECTION('',(1.,1.22464679914735E-16,1.22464679914735E-16));
#2164=FACE_BOUND('',#2165,.T.);
#2165=EDGE_LOOP('',(#4674,#4675,#4676,#4677));
#2166=PLANE('',#2167);
#2167=AXIS2_PLACEMENT_3D('',#2168,#2169,#2170);
#2168=CARTESIAN_POINT('',(33.,-36.,-1.22464679914735E-16));
#2169=DIRECTION('',(1.,0.,0.));
#2170=DIRECTION('',(0.,0.,1.));
#2171=FACE_BOUND('',#2172,.T.);
#2172=EDGE_LOOP('',(#4678,#4679,#4680,#4681,#4682,#4683,#4684,#4685,#4686,#4687));
#2173=PLANE('',#2174);
#2174=AXIS2_PLACEMENT_3D('',#2175,#2176,#2177);
#2175=CARTESIAN_POINT('',(33.2,-36.1,18.));
#2176=DIRECTION('',(0.,-1.,0.));
#2177=DIRECTION('',(-1.,0.,0.));
#2178=FACE_BOUND('',#2179,.T.);
#2179=EDGE_LOOP('',(#4688,#4689,#4690,#4691));
#2180=PLANE('',#2181);
#2181=AXIS2_PLACEMENT_3D('',#2182,#2183,#2184);
#2182=CARTESIAN_POINT('',(33.2,-35.5,18.));
#2183=DIRECTION('',(1.,0.,0.));
#2184=DIRECTION('',(0.,-1.,0.));
#2185=FACE_BOUND('',#2186,.T.);
#2186=EDGE_LOOP('',(#4692,#4693,#4694,#4695,#4696,#4697,#4698,#4699));
#2187=PLANE('',#2188);
#2188=AXIS2_PLACEMENT_3D('',#2189,#2190,#2191);
#2189=CARTESIAN_POINT('',(26.8,-35.5,18.));
#2190=DIRECTION('',(1.11022302462516E-15,1.,2.19128029228059E-31));
#2191=DIRECTION('',(1.,-1.11022302462516E-15,0.));
#2192=FACE_BOUND('',#2193,.T.);
#2193=EDGE_LOOP('',(#4700,#4701,#4702,#4703));
#2194=PLANE('',#2195);
#2195=AXIS2_PLACEMENT_3D('',#2196,#2197,#2198);
#2196=CARTESIAN_POINT('',(26.8,-36.1,18.));
#2197=DIRECTION('',(-1.,-5.92118946466749E-15,-1.97372982155583E-16));
#2198=DIRECTION('',(-5.92118946466749E-15,1.,0.));
#2199=FACE_BOUND('',#2200,.T.);
#2200=EDGE_LOOP('',(#4704,#4705,#4706,#4707,#4708,#4709,#4710,#4711,#4712,#4713));
#2201=PLANE('',#2202);
#2202=AXIS2_PLACEMENT_3D('',#2203,#2204,#2205);
#2203=CARTESIAN_POINT('',(28.5,-36.1,18.));
#2204=DIRECTION('',(0.,-1.,0.));
#2205=DIRECTION('',(-1.,0.,0.));
#2206=FACE_BOUND('',#2207,.T.);
#2207=EDGE_LOOP('',(#4714,#4715,#4716,#4717));
#2208=PLANE('',#2209);
#2209=AXIS2_PLACEMENT_3D('',#2210,#2211,#2212);
#2210=CARTESIAN_POINT('',(27.,-36.,0.5));
#2211=DIRECTION('',(-1.,0.,0.));
#2212=DIRECTION('',(0.,0.,-1.));
#2213=FACE_BOUND('',#2214,.T.);
#2214=EDGE_LOOP('',(#4718,#4719,#4720,#4721,#4722,#4723,#4724,#4725,#4726,#4727,
#4728,#4729,#4730,#4731,#4732,#4733));
#2215=PLANE('',#2216);
#2216=AXIS2_PLACEMENT_3D('',#2217,#2218,#2219);
#2217=CARTESIAN_POINT('',(4.71489017671731E-15,-38.5,0.));
#2218=DIRECTION('',(1.22464679914735E-16,-1.,0.));
#2219=DIRECTION('',(1.,1.22464679914735E-16,1.22464679914735E-16));
#2220=FACE_BOUND('',#2221,.T.);
#2221=EDGE_LOOP('',(#4734,#4735,#4736,#4737));
#2222=PLANE('',#2223);
#2223=AXIS2_PLACEMENT_3D('',#2224,#2225,#2226);
#2224=CARTESIAN_POINT('',(13.,-36.,8.75811540203011E-47));
#2225=DIRECTION('',(1.,7.105427357601E-16,0.));
#2226=DIRECTION('',(0.,0.,1.));
#2227=FACE_BOUND('',#2228,.T.);
#2228=EDGE_LOOP('',(#4738,#4739,#4740,#4741,#4742,#4743,#4744,#4745,#4746,#4747));
#2229=PLANE('',#2230);
#2230=AXIS2_PLACEMENT_3D('',#2231,#2232,#2233);
#2231=CARTESIAN_POINT('',(13.2,-36.1,18.));
#2232=DIRECTION('',(0.,-1.,0.));
#2233=DIRECTION('',(-1.,0.,0.));
#2234=FACE_BOUND('',#2235,.T.);
#2235=EDGE_LOOP('',(#4748,#4749,#4750,#4751));
#2236=PLANE('',#2237);
#2237=AXIS2_PLACEMENT_3D('',#2238,#2239,#2240);
#2238=CARTESIAN_POINT('',(13.2,-35.5,18.));
#2239=DIRECTION('',(1.,0.,9.86864910777917E-17));
#2240=DIRECTION('',(0.,-1.,0.));
#2241=FACE_BOUND('',#2242,.T.);
#2242=EDGE_LOOP('',(#4752,#4753,#4754,#4755,#4756,#4757,#4758,#4759));
#2243=PLANE('',#2244);
#2244=AXIS2_PLACEMENT_3D('',#2245,#2246,#2247);
#2245=CARTESIAN_POINT('',(6.8,-35.5,18.));
#2246=DIRECTION('',(0.,1.,0.));
#2247=DIRECTION('',(1.,0.,0.));
#2248=FACE_BOUND('',#2249,.T.);
#2249=EDGE_LOOP('',(#4760,#4761,#4762,#4763));
#2250=PLANE('',#2251);
#2251=AXIS2_PLACEMENT_3D('',#2252,#2253,#2254);
#2252=CARTESIAN_POINT('',(6.8,-36.1,18.));
#2253=DIRECTION('',(-1.,-2.96059473233374E-15,-9.86864910777917E-17));
#2254=DIRECTION('',(-2.96059473233374E-15,1.,0.));
#2255=FACE_BOUND('',#2256,.T.);
#2256=EDGE_LOOP('',(#4764,#4765,#4766,#4767,#4768,#4769,#4770,#4771,#4772,#4773));
#2257=PLANE('',#2258);
#2258=AXIS2_PLACEMENT_3D('',#2259,#2260,#2261);
#2259=CARTESIAN_POINT('',(8.5,-36.1,18.));
#2260=DIRECTION('',(0.,-1.,0.));
#2261=DIRECTION('',(-1.,0.,0.));
#2262=FACE_BOUND('',#2263,.T.);
#2263=EDGE_LOOP('',(#4774,#4775,#4776,#4777));
#2264=PLANE('',#2265);
#2265=AXIS2_PLACEMENT_3D('',#2266,#2267,#2268);
#2266=CARTESIAN_POINT('',(7.,-36.,0.5));
#2267=DIRECTION('',(-1.,0.,0.));
#2268=DIRECTION('',(0.,0.,-1.));
#2269=FACE_BOUND('',#2270,.T.);
#2270=EDGE_LOOP('',(#4778,#4779,#4780,#4781,#4782,#4783,#4784,#4785,#4786,#4787,
#4788,#4789,#4790,#4791,#4792,#4793));
#2271=PLANE('',#2272);
#2272=AXIS2_PLACEMENT_3D('',#2273,#2274,#2275);
#2273=CARTESIAN_POINT('',(4.71489017671731E-15,-38.5,0.));
#2274=DIRECTION('',(1.22464679914735E-16,-1.,0.));
#2275=DIRECTION('',(1.,1.22464679914735E-16,1.22464679914735E-16));
#2276=FACE_BOUND('',#2277,.T.);
#2277=EDGE_LOOP('',(#4794,#4795,#4796,#4797));
#2278=PLANE('',#2279);
#2279=AXIS2_PLACEMENT_3D('',#2280,#2281,#2282);
#2280=CARTESIAN_POINT('',(-7.,-36.,8.75811540203011E-47));
#2281=DIRECTION('',(1.,0.,0.));
#2282=DIRECTION('',(0.,0.,1.));
#2283=FACE_BOUND('',#2284,.T.);
#2284=EDGE_LOOP('',(#4798,#4799,#4800,#4801,#4802,#4803,#4804,#4805,#4806,#4807));
#2285=PLANE('',#2286);
#2286=AXIS2_PLACEMENT_3D('',#2287,#2288,#2289);
#2287=CARTESIAN_POINT('',(-6.8,-36.1,18.));
#2288=DIRECTION('',(0.,-1.,0.));
#2289=DIRECTION('',(-1.,0.,0.));
#2290=FACE_BOUND('',#2291,.T.);
#2291=EDGE_LOOP('',(#4808,#4809,#4810,#4811));
#2292=PLANE('',#2293);
#2293=AXIS2_PLACEMENT_3D('',#2294,#2295,#2296);
#2294=CARTESIAN_POINT('',(-6.8,-35.5,18.));
#2295=DIRECTION('',(1.,0.,9.86864910777917E-17));
#2296=DIRECTION('',(0.,-1.,0.));
#2297=FACE_BOUND('',#2298,.T.);
#2298=EDGE_LOOP('',(#4812,#4813,#4814,#4815,#4816,#4817,#4818,#4819));
#2299=PLANE('',#2300);
#2300=AXIS2_PLACEMENT_3D('',#2301,#2302,#2303);
#2301=CARTESIAN_POINT('',(-13.2,-35.5,18.));
#2302=DIRECTION('',(0.,1.,0.));
#2303=DIRECTION('',(1.,0.,0.));
#2304=FACE_BOUND('',#2305,.T.);
#2305=EDGE_LOOP('',(#4820,#4821,#4822,#4823));
#2306=PLANE('',#2307);
#2307=AXIS2_PLACEMENT_3D('',#2308,#2309,#2310);
#2308=CARTESIAN_POINT('',(-13.2,-36.1,18.));
#2309=DIRECTION('',(-1.,-2.96059473233374E-15,-9.86864910777917E-17));
#2310=DIRECTION('',(-2.96059473233374E-15,1.,0.));
#2311=FACE_BOUND('',#2312,.T.);
#2312=EDGE_LOOP('',(#4824,#4825,#4826,#4827,#4828,#4829,#4830,#4831,#4832,#4833));
#2313=PLANE('',#2314);
#2314=AXIS2_PLACEMENT_3D('',#2315,#2316,#2317);
#2315=CARTESIAN_POINT('',(-11.5,-36.1,18.));
#2316=DIRECTION('',(0.,-1.,0.));
#2317=DIRECTION('',(-1.,0.,0.));
#2318=FACE_BOUND('',#2319,.T.);
#2319=EDGE_LOOP('',(#4834,#4835,#4836,#4837));
#2320=PLANE('',#2321);
#2321=AXIS2_PLACEMENT_3D('',#2322,#2323,#2324);
#2322=CARTESIAN_POINT('',(-13.,-36.,0.5));
#2323=DIRECTION('',(-1.,-7.105427357601E-16,0.));
#2324=DIRECTION('',(0.,0.,-1.));
#2325=FACE_BOUND('',#2326,.T.);
#2326=EDGE_LOOP('',(#4838,#4839,#4840,#4841,#4842,#4843,#4844,#4845,#4846,#4847,
#4848,#4849,#4850,#4851,#4852,#4853));
#2327=PLANE('',#2328);
#2328=AXIS2_PLACEMENT_3D('',#2329,#2330,#2331);
#2329=CARTESIAN_POINT('',(4.71489017671731E-15,-38.5,0.));
#2330=DIRECTION('',(1.22464679914735E-16,-1.,0.));
#2331=DIRECTION('',(1.,1.22464679914735E-16,1.22464679914735E-16));
#2332=FACE_BOUND('',#2333,.T.);
#2333=EDGE_LOOP('',(#4854,#4855,#4856,#4857));
#2334=PLANE('',#2335);
#2335=AXIS2_PLACEMENT_3D('',#2336,#2337,#2338);
#2336=CARTESIAN_POINT('',(-27.,-36.,-1.22464679914735E-16));
#2337=DIRECTION('',(1.,0.,0.));
#2338=DIRECTION('',(0.,0.,1.));
#2339=FACE_BOUND('',#2340,.T.);
#2340=EDGE_LOOP('',(#4858,#4859,#4860,#4861,#4862,#4863,#4864,#4865,#4866,#4867));
#2341=PLANE('',#2342);
#2342=AXIS2_PLACEMENT_3D('',#2343,#2344,#2345);
#2343=CARTESIAN_POINT('',(-26.8,-36.1,18.));
#2344=DIRECTION('',(0.,-1.,0.));
#2345=DIRECTION('',(-1.,0.,0.));
#2346=FACE_BOUND('',#2347,.T.);
#2347=EDGE_LOOP('',(#4868,#4869,#4870,#4871));
#2348=PLANE('',#2349);
#2349=AXIS2_PLACEMENT_3D('',#2350,#2351,#2352);
#2350=CARTESIAN_POINT('',(-26.8,-35.5,18.));
#2351=DIRECTION('',(1.,0.,1.97372982155583E-16));
#2352=DIRECTION('',(0.,-1.,0.));
#2353=FACE_BOUND('',#2354,.T.);
#2354=EDGE_LOOP('',(#4872,#4873,#4874,#4875,#4876,#4877,#4878,#4879));
#2355=PLANE('',#2356);
#2356=AXIS2_PLACEMENT_3D('',#2357,#2358,#2359);
#2357=CARTESIAN_POINT('',(-33.2,-35.5,18.));
#2358=DIRECTION('',(1.11022302462516E-15,1.,0.));
#2359=DIRECTION('',(1.,-1.11022302462516E-15,0.));
#2360=FACE_BOUND('',#2361,.T.);
#2361=EDGE_LOOP('',(#4880,#4881,#4882,#4883));
#2362=PLANE('',#2363);
#2363=AXIS2_PLACEMENT_3D('',#2364,#2365,#2366);
#2364=CARTESIAN_POINT('',(-33.2,-36.1,18.));
#2365=DIRECTION('',(-1.,-1.1842378929335E-14,0.));
#2366=DIRECTION('',(-1.1842378929335E-14,1.,0.));
#2367=FACE_BOUND('',#2368,.T.);
#2368=EDGE_LOOP('',(#4884,#4885,#4886,#4887,#4888,#4889,#4890,#4891,#4892,#4893));
#2369=PLANE('',#2370);
#2370=AXIS2_PLACEMENT_3D('',#2371,#2372,#2373);
#2371=CARTESIAN_POINT('',(-31.5,-36.1,18.));
#2372=DIRECTION('',(0.,-1.,0.));
#2373=DIRECTION('',(-1.,0.,0.));
#2374=FACE_BOUND('',#2375,.T.);
#2375=EDGE_LOOP('',(#4894,#4895,#4896,#4897));
#2376=PLANE('',#2377);
#2377=AXIS2_PLACEMENT_3D('',#2378,#2379,#2380);
#2378=CARTESIAN_POINT('',(-33.,-36.,0.5));
#2379=DIRECTION('',(-1.,0.,0.));
#2380=DIRECTION('',(0.,0.,-1.));
#2381=FACE_BOUND('',#2382,.T.);
#2382=EDGE_LOOP('',(#4898,#4899,#4900,#4901,#4902,#4903,#4904,#4905,#4906,#4907,
#4908));
#2383=PLANE('',#2384);
#2384=AXIS2_PLACEMENT_3D('',#2385,#2386,#2387);
#2385=CARTESIAN_POINT('',(4.71489017671731E-15,-38.5,0.));
#2386=DIRECTION('',(1.22464679914735E-16,-1.,0.));
#2387=DIRECTION('',(1.,1.22464679914735E-16,1.22464679914735E-16));
#2388=FACE_BOUND('',#2389,.T.);
#2389=EDGE_LOOP('',(#4909,#4910,#4911,#4912));
#2390=PLANE('',#2391);
#2391=AXIS2_PLACEMENT_3D('',#2392,#2393,#2394);
#2392=CARTESIAN_POINT('',(-39.4,-2.,2.99999999999999));
#2393=DIRECTION('',(0.,-1.,0.));
#2394=DIRECTION('',(-1.,0.,0.));
#2395=FACE_BOUND('',#2396,.T.);
#2396=EDGE_LOOP('',(#4913,#4914,#4915,#4916));
#2397=PLANE('',#2398);
#2398=AXIS2_PLACEMENT_3D('',#2399,#2400,#2401);
#2399=CARTESIAN_POINT('',(-39.4,2.,2.99999999999999));
#2400=DIRECTION('',(1.,0.,0.));
#2401=DIRECTION('',(0.,-1.,0.));
#2402=FACE_BOUND('',#2403,.T.);
#2403=EDGE_LOOP('',(#4917,#4918,#4919,#4920));
#2404=PLANE('',#2405);
#2405=AXIS2_PLACEMENT_3D('',#2406,#2407,#2408);
#2406=CARTESIAN_POINT('',(-40.4,2.,2.99999999999999));
#2407=DIRECTION('',(0.,1.,0.));
#2408=DIRECTION('',(1.,0.,0.));
#2409=FACE_BOUND('',#2410,.T.);
#2410=EDGE_LOOP('',(#4921,#4922,#4923,#4924,#4925,#4926,#4927,#4928,#4929,#4930,
#4931));
#2411=PLANE('',#2412);
#2412=AXIS2_PLACEMENT_3D('',#2413,#2414,#2415);
#2413=CARTESIAN_POINT('',(-4.71489017671731E-15,38.5,0.));
#2414=DIRECTION('',(1.22464679914735E-16,-1.,0.));
#2415=DIRECTION('',(1.,1.22464679914735E-16,1.22464679914735E-16));
#2416=FACE_BOUND('',#2417,.T.);
#2417=EDGE_LOOP('',(#4932,#4933,#4934,#4935));
#2418=PLANE('',#2419);
#2419=AXIS2_PLACEMENT_3D('',#2420,#2421,#2422);
#2420=CARTESIAN_POINT('',(-33.,36.,-4.163799117101E-15));
#2421=DIRECTION('',(-1.,0.,0.));
#2422=DIRECTION('',(0.,0.,1.));
#2423=FACE_BOUND('',#2424,.T.);
#2424=EDGE_LOOP('',(#4936,#4937,#4938,#4939,#4940,#4941,#4942,#4943,#4944,#4945));
#2425=PLANE('',#2426);
#2426=AXIS2_PLACEMENT_3D('',#2427,#2428,#2429);
#2427=CARTESIAN_POINT('',(-33.2,36.1,18.));
#2428=DIRECTION('',(0.,1.,0.));
#2429=DIRECTION('',(1.,0.,0.));
#2430=FACE_BOUND('',#2431,.T.);
#2431=EDGE_LOOP('',(#4946,#4947,#4948,#4949));
#2432=PLANE('',#2433);
#2433=AXIS2_PLACEMENT_3D('',#2434,#2435,#2436);
#2434=CARTESIAN_POINT('',(-33.2,35.5,18.));
#2435=DIRECTION('',(-1.,0.,0.));
#2436=DIRECTION('',(0.,1.,0.));
#2437=FACE_BOUND('',#2438,.T.);
#2438=EDGE_LOOP('',(#4950,#4951,#4952,#4953,#4954,#4955,#4956,#4957));
#2439=PLANE('',#2440);
#2440=AXIS2_PLACEMENT_3D('',#2441,#2442,#2443);
#2441=CARTESIAN_POINT('',(-26.8,35.5,18.));
#2442=DIRECTION('',(-1.11022302462516E-15,-1.,-2.19128029228059E-31));
#2443=DIRECTION('',(-1.,1.11022302462516E-15,0.));
#2444=FACE_BOUND('',#2445,.T.);
#2445=EDGE_LOOP('',(#4958,#4959,#4960,#4961));
#2446=PLANE('',#2447);
#2447=AXIS2_PLACEMENT_3D('',#2448,#2449,#2450);
#2448=CARTESIAN_POINT('',(-26.8,36.1,18.));
#2449=DIRECTION('',(1.,0.,1.97372982155583E-16));
#2450=DIRECTION('',(0.,-1.,0.));
#2451=FACE_BOUND('',#2452,.T.);
#2452=EDGE_LOOP('',(#4962,#4963,#4964,#4965,#4966,#4967,#4968,#4969,#4970,#4971));
#2453=PLANE('',#2454);
#2454=AXIS2_PLACEMENT_3D('',#2455,#2456,#2457);
#2455=CARTESIAN_POINT('',(-28.5,36.1,18.));
#2456=DIRECTION('',(0.,1.,0.));
#2457=DIRECTION('',(1.,0.,0.));
#2458=FACE_BOUND('',#2459,.T.);
#2459=EDGE_LOOP('',(#4972,#4973,#4974,#4975));
#2460=PLANE('',#2461);
#2461=AXIS2_PLACEMENT_3D('',#2462,#2463,#2464);
#2462=CARTESIAN_POINT('',(-27.,36.,0.499999999999997));
#2463=DIRECTION('',(1.,0.,0.));
#2464=DIRECTION('',(0.,0.,-1.));
#2465=FACE_BOUND('',#2466,.T.);
#2466=EDGE_LOOP('',(#4976,#4977,#4978,#4979,#4980,#4981,#4982,#4983,#4984,#4985,
#4986,#4987,#4988,#4989,#4990,#4991));
#2467=PLANE('',#2468);
#2468=AXIS2_PLACEMENT_3D('',#2469,#2470,#2471);
#2469=CARTESIAN_POINT('',(-4.71489017671731E-15,38.5,0.));
#2470=DIRECTION('',(1.22464679914735E-16,-1.,0.));
#2471=DIRECTION('',(1.,1.22464679914735E-16,1.22464679914735E-16));
#2472=FACE_BOUND('',#2473,.T.);
#2473=EDGE_LOOP('',(#4992,#4993,#4994,#4995));
#2474=PLANE('',#2475);
#2475=AXIS2_PLACEMENT_3D('',#2476,#2477,#2478);
#2476=CARTESIAN_POINT('',(-13.,36.,-1.59204083889156E-15));
#2477=DIRECTION('',(-1.,-7.105427357601E-16,0.));
#2478=DIRECTION('',(0.,0.,1.));
#2479=FACE_BOUND('',#2480,.T.);
#2480=EDGE_LOOP('',(#4996,#4997,#4998,#4999,#5000,#5001,#5002,#5003,#5004,#5005));
#2481=PLANE('',#2482);
#2482=AXIS2_PLACEMENT_3D('',#2483,#2484,#2485);
#2483=CARTESIAN_POINT('',(-13.2,36.1,18.));
#2484=DIRECTION('',(0.,1.,0.));
#2485=DIRECTION('',(1.,0.,0.));
#2486=FACE_BOUND('',#2487,.T.);
#2487=EDGE_LOOP('',(#5006,#5007,#5008,#5009));
#2488=PLANE('',#2489);
#2489=AXIS2_PLACEMENT_3D('',#2490,#2491,#2492);
#2490=CARTESIAN_POINT('',(-13.2,35.5,18.));
#2491=DIRECTION('',(-1.,0.,-9.86864910777917E-17));
#2492=DIRECTION('',(0.,1.,0.));
#2493=FACE_BOUND('',#2494,.T.);
#2494=EDGE_LOOP('',(#5010,#5011,#5012,#5013,#5014,#5015,#5016,#5017));
#2495=PLANE('',#2496);
#2496=AXIS2_PLACEMENT_3D('',#2497,#2498,#2499);
#2497=CARTESIAN_POINT('',(-6.8,35.5,18.));
#2498=DIRECTION('',(0.,-1.,0.));
#2499=DIRECTION('',(-1.,0.,0.));
#2500=FACE_BOUND('',#2501,.T.);
#2501=EDGE_LOOP('',(#5018,#5019,#5020,#5021));
#2502=PLANE('',#2503);
#2503=AXIS2_PLACEMENT_3D('',#2504,#2505,#2506);
#2504=CARTESIAN_POINT('',(-6.8,36.1,18.));
#2505=DIRECTION('',(1.,0.,9.86864910777917E-17));
#2506=DIRECTION('',(0.,-1.,0.));
#2507=FACE_BOUND('',#2508,.T.);
#2508=EDGE_LOOP('',(#5022,#5023,#5024,#5025,#5026,#5027,#5028,#5029,#5030,#5031));
#2509=PLANE('',#2510);
#2510=AXIS2_PLACEMENT_3D('',#2511,#2512,#2513);
#2511=CARTESIAN_POINT('',(-8.5,36.1,18.));
#2512=DIRECTION('',(0.,1.,0.));
#2513=DIRECTION('',(1.,0.,0.));
#2514=FACE_BOUND('',#2515,.T.);
#2515=EDGE_LOOP('',(#5032,#5033,#5034,#5035));
#2516=PLANE('',#2517);
#2517=AXIS2_PLACEMENT_3D('',#2518,#2519,#2520);
#2518=CARTESIAN_POINT('',(-7.,36.,0.499999999999999));
#2519=DIRECTION('',(1.,0.,0.));
#2520=DIRECTION('',(0.,0.,-1.));
#2521=FACE_BOUND('',#2522,.T.);
#2522=EDGE_LOOP('',(#5036,#5037,#5038,#5039,#5040,#5041,#5042,#5043,#5044,#5045,
#5046,#5047,#5048,#5049,#5050,#5051));
#2523=PLANE('',#2524);
#2524=AXIS2_PLACEMENT_3D('',#2525,#2526,#2527);
#2525=CARTESIAN_POINT('',(-4.71489017671731E-15,38.5,0.));
#2526=DIRECTION('',(1.22464679914735E-16,-1.,0.));
#2527=DIRECTION('',(1.,1.22464679914735E-16,1.22464679914735E-16));
#2528=FACE_BOUND('',#2529,.T.);
#2529=EDGE_LOOP('',(#5052,#5053,#5054,#5055));
#2530=PLANE('',#2531);
#2531=AXIS2_PLACEMENT_3D('',#2532,#2533,#2534);
#2532=CARTESIAN_POINT('',(7.,36.,8.57252759403147E-16));
#2533=DIRECTION('',(-1.,0.,0.));
#2534=DIRECTION('',(0.,0.,1.));
#2535=FACE_BOUND('',#2536,.T.);
#2536=EDGE_LOOP('',(#5056,#5057,#5058,#5059,#5060,#5061,#5062,#5063,#5064,#5065));
#2537=PLANE('',#2538);
#2538=AXIS2_PLACEMENT_3D('',#2539,#2540,#2541);
#2539=CARTESIAN_POINT('',(6.8,36.1,18.));
#2540=DIRECTION('',(0.,1.,0.));
#2541=DIRECTION('',(1.,0.,0.));
#2542=FACE_BOUND('',#2543,.T.);
#2543=EDGE_LOOP('',(#5066,#5067,#5068,#5069));
#2544=PLANE('',#2545);
#2545=AXIS2_PLACEMENT_3D('',#2546,#2547,#2548);
#2546=CARTESIAN_POINT('',(6.8,35.5,18.));
#2547=DIRECTION('',(-1.,0.,-9.86864910777917E-17));
#2548=DIRECTION('',(0.,1.,0.));
#2549=FACE_BOUND('',#2550,.T.);
#2550=EDGE_LOOP('',(#5070,#5071,#5072,#5073,#5074,#5075,#5076,#5077));
#2551=PLANE('',#2552);
#2552=AXIS2_PLACEMENT_3D('',#2553,#2554,#2555);
#2553=CARTESIAN_POINT('',(13.2,35.5,18.));
#2554=DIRECTION('',(0.,-1.,0.));
#2555=DIRECTION('',(-1.,0.,0.));
#2556=FACE_BOUND('',#2557,.T.);
#2557=EDGE_LOOP('',(#5078,#5079,#5080,#5081));
#2558=PLANE('',#2559);
#2559=AXIS2_PLACEMENT_3D('',#2560,#2561,#2562);
#2560=CARTESIAN_POINT('',(13.2,36.1,18.));
#2561=DIRECTION('',(1.,0.,9.86864910777917E-17));
#2562=DIRECTION('',(0.,-1.,0.));
#2563=FACE_BOUND('',#2564,.T.);
#2564=EDGE_LOOP('',(#5082,#5083,#5084,#5085,#5086,#5087,#5088,#5089,#5090,#5091));
#2565=PLANE('',#2566);
#2566=AXIS2_PLACEMENT_3D('',#2567,#2568,#2569);
#2567=CARTESIAN_POINT('',(11.5,36.1,18.));
#2568=DIRECTION('',(0.,1.,0.));
#2569=DIRECTION('',(1.,0.,0.));
#2570=FACE_BOUND('',#2571,.T.);
#2571=EDGE_LOOP('',(#5092,#5093,#5094,#5095));
#2572=PLANE('',#2573);
#2573=AXIS2_PLACEMENT_3D('',#2574,#2575,#2576);
#2574=CARTESIAN_POINT('',(13.,36.,0.500000000000002));
#2575=DIRECTION('',(1.,7.105427357601E-16,0.));
#2576=DIRECTION('',(0.,0.,-1.));
#2577=FACE_BOUND('',#2578,.T.);
#2578=EDGE_LOOP('',(#5096,#5097,#5098,#5099,#5100,#5101,#5102,#5103,#5104,#5105,
#5106,#5107,#5108,#5109,#5110,#5111));
#2579=PLANE('',#2580);
#2580=AXIS2_PLACEMENT_3D('',#2581,#2582,#2583);
#2581=CARTESIAN_POINT('',(-4.71489017671731E-15,38.5,0.));
#2582=DIRECTION('',(1.22464679914735E-16,-1.,0.));
#2583=DIRECTION('',(1.,1.22464679914735E-16,1.22464679914735E-16));
#2584=FACE_BOUND('',#2585,.T.);
#2585=EDGE_LOOP('',(#5112,#5113,#5114,#5115));
#2586=PLANE('',#2587);
#2587=AXIS2_PLACEMENT_3D('',#2588,#2589,#2590);
#2588=CARTESIAN_POINT('',(27.,36.,3.18408167778312E-15));
#2589=DIRECTION('',(-1.,0.,0.));
#2590=DIRECTION('',(0.,0.,1.));
#2591=FACE_BOUND('',#2592,.T.);
#2592=EDGE_LOOP('',(#5116,#5117,#5118,#5119,#5120,#5121,#5122,#5123,#5124,#5125));
#2593=PLANE('',#2594);
#2594=AXIS2_PLACEMENT_3D('',#2595,#2596,#2597);
#2595=CARTESIAN_POINT('',(26.8,36.1,18.));
#2596=DIRECTION('',(0.,1.,0.));
#2597=DIRECTION('',(1.,0.,0.));
#2598=FACE_BOUND('',#2599,.T.);
#2599=EDGE_LOOP('',(#5126,#5127,#5128,#5129));
#2600=PLANE('',#2601);
#2601=AXIS2_PLACEMENT_3D('',#2602,#2603,#2604);
#2602=CARTESIAN_POINT('',(26.8,35.5,18.));
#2603=DIRECTION('',(-1.,0.,-1.97372982155583E-16));
#2604=DIRECTION('',(0.,1.,0.));
#2605=FACE_BOUND('',#2606,.T.);
#2606=EDGE_LOOP('',(#5130,#5131,#5132,#5133,#5134,#5135,#5136,#5137));
#2607=PLANE('',#2608);
#2608=AXIS2_PLACEMENT_3D('',#2609,#2610,#2611);
#2609=CARTESIAN_POINT('',(33.2,35.5,18.));
#2610=DIRECTION('',(-1.11022302462515E-15,-1.,0.));
#2611=DIRECTION('',(-1.,1.11022302462515E-15,0.));
#2612=FACE_BOUND('',#2613,.T.);
#2613=EDGE_LOOP('',(#5138,#5139,#5140,#5141));
#2614=PLANE('',#2615);
#2615=AXIS2_PLACEMENT_3D('',#2616,#2617,#2618);
#2616=CARTESIAN_POINT('',(33.2,36.1,18.));
#2617=DIRECTION('',(1.,0.,0.));
#2618=DIRECTION('',(0.,-1.,0.));
#2619=FACE_BOUND('',#2620,.T.);
#2620=EDGE_LOOP('',(#5142,#5143,#5144,#5145,#5146,#5147,#5148,#5149,#5150,#5151));
#2621=PLANE('',#2622);
#2622=AXIS2_PLACEMENT_3D('',#2623,#2624,#2625);
#2623=CARTESIAN_POINT('',(31.5,36.1,18.));
#2624=DIRECTION('',(0.,1.,0.));
#2625=DIRECTION('',(1.,0.,0.));
#2626=FACE_BOUND('',#2627,.T.);
#2627=EDGE_LOOP('',(#5152,#5153,#5154,#5155));
#2628=PLANE('',#2629);
#2629=AXIS2_PLACEMENT_3D('',#2630,#2631,#2632);
#2630=CARTESIAN_POINT('',(33.,36.,0.500000000000004));
#2631=DIRECTION('',(1.,0.,0.));
#2632=DIRECTION('',(0.,0.,-1.));
#2633=FACE_BOUND('',#2634,.T.);
#2634=EDGE_LOOP('',(#5156,#5157,#5158,#5159,#5160,#5161,#5162,#5163,#5164,#5165,
#5166));
#2635=PLANE('',#2636);
#2636=AXIS2_PLACEMENT_3D('',#2637,#2638,#2639);
#2637=CARTESIAN_POINT('',(-4.71489017671731E-15,38.5,0.));
#2638=DIRECTION('',(1.22464679914735E-16,-1.,0.));
#2639=DIRECTION('',(1.,1.22464679914735E-16,1.22464679914735E-16));
#2640=FACE_BOUND('',#2641,.T.);
#2641=EDGE_LOOP('',(#5167,#5168,#5169,#5170));
#2642=PLANE('',#2643);
#2643=AXIS2_PLACEMENT_3D('',#2644,#2645,#2646);
#2644=CARTESIAN_POINT('',(39.4,2.,3.));
#2645=DIRECTION('',(-2.44249065417534E-15,1.,0.));
#2646=DIRECTION('',(1.,2.44249065417534E-15,0.));
#2647=FACE_OUTER_BOUND('',#2648,.T.);
#2648=EDGE_LOOP('',(#5171));
#2649=FACE_OUTER_BOUND('',#2650,.T.);
#2650=EDGE_LOOP('',(#5172));
#2651=CYLINDRICAL_SURFACE('',#2652,0.8);
#2652=AXIS2_PLACEMENT_3D('',#2653,#2654,#2655);
#2653=CARTESIAN_POINT('',(36.6,35.8,4.2127849890669E-15));
#2654=DIRECTION('',(1.22464679914735E-16,2.26016594027535E-32,-1.));
#2655=DIRECTION('',(-6.12323399573677E-17,1.,1.51028604894442E-32));
#2656=FACE_BOUND('',#2657,.T.);
#2657=EDGE_LOOP('',(#5173,#5174,#5175,#5176));
#2658=CYLINDRICAL_SURFACE('',#2659,1.5);
#2659=AXIS2_PLACEMENT_3D('',#2660,#2661,#2662);
#2660=CARTESIAN_POINT('',(-36.6,27.6,-4.75162958069173E-15));
#2661=DIRECTION('',(1.22464679914735E-16,2.26016594027535E-32,-1.));
#2662=DIRECTION('',(-6.12323399573676E-17,1.,1.51028604894442E-32));
#2663=FACE_BOUND('',#2664,.T.);
#2664=EDGE_LOOP('',(#5177,#5178,#5179,#5180,#5181,#5182));
#2665=PLANE('',#2666);
#2666=AXIS2_PLACEMENT_3D('',#2667,#2668,#2669);
#2667=CARTESIAN_POINT('',(-34.6,27.2,-4.50670022086226E-15));
#2668=DIRECTION('',(8.88178419700125E-16,-1.,0.));
#2669=DIRECTION('',(-1.,-8.88178419700125E-16,-1.22464679914735E-16));
#2670=FACE_BOUND('',#2671,.T.);
#2671=EDGE_LOOP('',(#5183,#5184,#5185,#5186,#5187,#5188));
#2672=PLANE('',#2673);
#2673=AXIS2_PLACEMENT_3D('',#2674,#2675,#2676);
#2674=CARTESIAN_POINT('',(-38.6,28.,-4.9965589405212E-15));
#2675=DIRECTION('',(0.,1.,0.));
#2676=DIRECTION('',(1.,0.,1.22464679914735E-16));
#2677=FACE_BOUND('',#2678,.T.);
#2678=EDGE_LOOP('',(#5189,#5190,#5191,#5192));
#2679=CYLINDRICAL_SURFACE('',#2680,1.5);
#2680=AXIS2_PLACEMENT_3D('',#2681,#2682,#2683);
#2681=CARTESIAN_POINT('',(-36.6,27.6,-4.75162958069173E-15));
#2682=DIRECTION('',(1.22464679914735E-16,2.26016594027535E-32,-1.));
#2683=DIRECTION('',(-6.12323399573676E-17,1.,1.51028604894442E-32));
#2684=FACE_BOUND('',#2685,.T.);
#2685=EDGE_LOOP('',(#5193,#5194,#5195,#5196));
#2686=CYLINDRICAL_SURFACE('',#2687,1.5);
#2687=AXIS2_PLACEMENT_3D('',#2688,#2689,#2690);
#2688=CARTESIAN_POINT('',(36.6,-27.6,4.21278498906689E-15));
#2689=DIRECTION('',(1.22464679914735E-16,2.26016594027535E-32,-1.));
#2690=DIRECTION('',(-6.12323399573676E-17,1.,1.51028604894442E-32));
#2691=FACE_BOUND('',#2692,.T.);
#2692=EDGE_LOOP('',(#5197,#5198,#5199,#5200,#5201,#5202));
#2693=PLANE('',#2694);
#2694=AXIS2_PLACEMENT_3D('',#2695,#2696,#2697);
#2695=CARTESIAN_POINT('',(38.6,-28.,4.45771434889637E-15));
#2696=DIRECTION('',(0.,-1.,0.));
#2697=DIRECTION('',(-1.,0.,-1.22464679914735E-16));
#2698=FACE_BOUND('',#2699,.T.);
#2699=EDGE_LOOP('',(#5203,#5204,#5205,#5206,#5207,#5208));
#2700=PLANE('',#2701);
#2701=AXIS2_PLACEMENT_3D('',#2702,#2703,#2704);
#2702=CARTESIAN_POINT('',(34.6,-27.2,3.96785562923742E-15));
#2703=DIRECTION('',(0.,1.,0.));
#2704=DIRECTION('',(1.,0.,1.22464679914735E-16));
#2705=FACE_BOUND('',#2706,.T.);
#2706=EDGE_LOOP('',(#5209,#5210,#5211,#5212));
#2707=CYLINDRICAL_SURFACE('',#2708,1.5);
#2708=AXIS2_PLACEMENT_3D('',#2709,#2710,#2711);
#2709=CARTESIAN_POINT('',(36.6,-27.6,4.21278498906689E-15));
#2710=DIRECTION('',(1.22464679914735E-16,2.26016594027535E-32,-1.));
#2711=DIRECTION('',(-6.12323399573676E-17,1.,1.51028604894442E-32));
#2712=FACE_BOUND('',#2713,.T.);
#2713=EDGE_LOOP('',(#5213,#5214,#5215,#5216));
#2714=PLANE('',#2715);
#2715=AXIS2_PLACEMENT_3D('',#2716,#2717,#2718);
#2716=CARTESIAN_POINT('',(31.5,-36.1,18.));
#2717=DIRECTION('',(1.,0.,1.97372982155583E-16));
#2718=DIRECTION('',(0.,-1.,0.));
#2719=FACE_BOUND('',#2720,.T.);
#2720=EDGE_LOOP('',(#5217,#5218,#5219,#5220));
#2721=PLANE('',#2722);
#2722=AXIS2_PLACEMENT_3D('',#2723,#2724,#2725);
#2723=CARTESIAN_POINT('',(-3.67394039744206E-16,-6.78049782082605E-32,3.));
#2724=DIRECTION('',(1.22464679914735E-16,2.26016594027535E-32,-1.));
#2725=DIRECTION('',(-6.12323399573677E-17,-1.,-3.01004583160628E-32));
#2726=FACE_BOUND('',#2727,.T.);
#2727=EDGE_LOOP('',(#5221,#5222,#5223,#5224));
#2728=PLANE('',#2729);
#2729=AXIS2_PLACEMENT_3D('',#2730,#2731,#2732);
#2730=CARTESIAN_POINT('',(-3.67394039744206E-16,-6.78049782082605E-32,3.));
#2731=DIRECTION('',(1.22464679914735E-16,2.26016594027535E-32,-1.));
#2732=DIRECTION('',(-6.12323399573677E-17,-1.,-3.01004583160628E-32));
#2733=FACE_BOUND('',#2734,.T.);
#2734=EDGE_LOOP('',(#5225,#5226,#5227,#5228));
#2735=PLANE('',#2736);
#2736=AXIS2_PLACEMENT_3D('',#2737,#2738,#2739);
#2737=CARTESIAN_POINT('',(-31.5,-39.5,18.));
#2738=DIRECTION('',(-1.,0.,-1.97372982155583E-16));
#2739=DIRECTION('',(0.,1.,0.));
#2740=FACE_BOUND('',#2741,.T.);
#2741=EDGE_LOOP('',(#5229,#5230,#5231,#5232));
#2742=PLANE('',#2743);
#2743=AXIS2_PLACEMENT_3D('',#2744,#2745,#2746);
#2744=CARTESIAN_POINT('',(-28.5,-36.1,18.));
#2745=DIRECTION('',(1.,0.,1.97372982155583E-16));
#2746=DIRECTION('',(0.,-1.,0.));
#2747=FACE_BOUND('',#2748,.T.);
#2748=EDGE_LOOP('',(#5233,#5234,#5235,#5236));
#2749=PLANE('',#2750);
#2750=AXIS2_PLACEMENT_3D('',#2751,#2752,#2753);
#2751=CARTESIAN_POINT('',(-11.5,-39.5,18.));
#2752=DIRECTION('',(-1.,1.0449157878825E-15,-9.86864910777917E-17));
#2753=DIRECTION('',(1.0449157878825E-15,1.,0.));
#2754=FACE_BOUND('',#2755,.T.);
#2755=EDGE_LOOP('',(#5237,#5238,#5239,#5240));
#2756=PLANE('',#2757);
#2757=AXIS2_PLACEMENT_3D('',#2758,#2759,#2760);
#2758=CARTESIAN_POINT('',(-8.5,-36.1,18.));
#2759=DIRECTION('',(1.,5.2245789394125E-16,9.86864910777917E-17));
#2760=DIRECTION('',(5.2245789394125E-16,-1.,0.));
#2761=FACE_BOUND('',#2762,.T.);
#2762=EDGE_LOOP('',(#5241,#5242,#5243,#5244));
#2763=PLANE('',#2764);
#2764=AXIS2_PLACEMENT_3D('',#2765,#2766,#2767);
#2765=CARTESIAN_POINT('',(8.5,-39.5,18.));
#2766=DIRECTION('',(-1.,1.0449157878825E-15,-9.86864910777917E-17));
#2767=DIRECTION('',(1.0449157878825E-15,1.,0.));
#2768=FACE_BOUND('',#2769,.T.);
#2769=EDGE_LOOP('',(#5245,#5246,#5247,#5248));
#2770=PLANE('',#2771);
#2771=AXIS2_PLACEMENT_3D('',#2772,#2773,#2774);
#2772=CARTESIAN_POINT('',(11.5,-36.1,18.));
#2773=DIRECTION('',(1.,5.2245789394125E-16,9.86864910777917E-17));
#2774=DIRECTION('',(5.2245789394125E-16,-1.,0.));
#2775=FACE_BOUND('',#2776,.T.);
#2776=EDGE_LOOP('',(#5249,#5250,#5251,#5252));
#2777=PLANE('',#2778);
#2778=AXIS2_PLACEMENT_3D('',#2779,#2780,#2781);
#2779=CARTESIAN_POINT('',(28.5,-39.5,18.));
#2780=DIRECTION('',(-1.,0.,-1.97372982155583E-16));
#2781=DIRECTION('',(0.,1.,0.));
#2782=FACE_BOUND('',#2783,.T.);
#2783=EDGE_LOOP('',(#5253,#5254,#5255,#5256));
#2784=PLANE('',#2785);
#2785=AXIS2_PLACEMENT_3D('',#2786,#2787,#2788);
#2786=CARTESIAN_POINT('',(-31.5,36.1,18.));
#2787=DIRECTION('',(-1.,0.,-1.97372982155583E-16));
#2788=DIRECTION('',(0.,1.,0.));
#2789=FACE_BOUND('',#2790,.T.);
#2790=EDGE_LOOP('',(#5257,#5258,#5259,#5260));
#2791=PLANE('',#2792);
#2792=AXIS2_PLACEMENT_3D('',#2793,#2794,#2795);
#2793=CARTESIAN_POINT('',(31.5,39.5,18.));
#2794=DIRECTION('',(1.,0.,1.97372982155583E-16));
#2795=DIRECTION('',(0.,-1.,0.));
#2796=FACE_BOUND('',#2797,.T.);
#2797=EDGE_LOOP('',(#5261,#5262,#5263,#5264));
#2798=PLANE('',#2799);
#2799=AXIS2_PLACEMENT_3D('',#2800,#2801,#2802);
#2800=CARTESIAN_POINT('',(28.5,36.1,18.));
#2801=DIRECTION('',(-1.,0.,-1.97372982155583E-16));
#2802=DIRECTION('',(0.,1.,0.));
#2803=FACE_BOUND('',#2804,.T.);
#2804=EDGE_LOOP('',(#5265,#5266,#5267,#5268));
#2805=PLANE('',#2806);
#2806=AXIS2_PLACEMENT_3D('',#2807,#2808,#2809);
#2807=CARTESIAN_POINT('',(11.5,39.5,18.));
#2808=DIRECTION('',(1.,-5.2245789394125E-16,9.86864910777917E-17));
#2809=DIRECTION('',(-5.2245789394125E-16,-1.,0.));
#2810=FACE_BOUND('',#2811,.T.);
#2811=EDGE_LOOP('',(#5269,#5270,#5271,#5272));
#2812=PLANE('',#2813);
#2813=AXIS2_PLACEMENT_3D('',#2814,#2815,#2816);
#2814=CARTESIAN_POINT('',(8.5,36.1,18.));
#2815=DIRECTION('',(-1.,1.0449157878825E-15,-9.86864910777917E-17));
#2816=DIRECTION('',(1.0449157878825E-15,1.,0.));
#2817=FACE_BOUND('',#2818,.T.);
#2818=EDGE_LOOP('',(#5273,#5274,#5275,#5276));
#2819=PLANE('',#2820);
#2820=AXIS2_PLACEMENT_3D('',#2821,#2822,#2823);
#2821=CARTESIAN_POINT('',(-8.5,39.5,18.));
#2822=DIRECTION('',(1.,-5.2245789394125E-16,9.86864910777917E-17));
#2823=DIRECTION('',(-5.2245789394125E-16,-1.,0.));
#2824=FACE_BOUND('',#2825,.T.);
#2825=EDGE_LOOP('',(#5277,#5278,#5279,#5280));
#2826=PLANE('',#2827);
#2827=AXIS2_PLACEMENT_3D('',#2828,#2829,#2830);
#2828=CARTESIAN_POINT('',(-11.5,36.1,18.));
#2829=DIRECTION('',(-1.,1.0449157878825E-15,-9.86864910777917E-17));
#2830=DIRECTION('',(1.0449157878825E-15,1.,0.));
#2831=FACE_BOUND('',#2832,.T.);
#2832=EDGE_LOOP('',(#5281,#5282,#5283,#5284));
#2833=PLANE('',#2834);
#2834=AXIS2_PLACEMENT_3D('',#2835,#2836,#2837);
#2835=CARTESIAN_POINT('',(-28.5,39.5,18.));
#2836=DIRECTION('',(1.,0.,1.97372982155583E-16));
#2837=DIRECTION('',(0.,-1.,0.));
#2838=FACE_BOUND('',#2839,.T.);
#2839=EDGE_LOOP('',(#5285,#5286,#5287,#5288));
#2840=PLANE('',#2841);
#2841=AXIS2_PLACEMENT_3D('',#2842,#2843,#2844);
#2842=CARTESIAN_POINT('',(33.,-36.,8.));
#2843=DIRECTION('',(0.,0.,1.));
#2844=DIRECTION('',(-1.,-1.1842378929335E-15,0.));
#2845=FACE_BOUND('',#2846,.T.);
#2846=EDGE_LOOP('',(#5289,#5290,#5291,#5292));
#2847=PLANE('',#2848);
#2848=AXIS2_PLACEMENT_3D('',#2849,#2850,#2851);
#2849=CARTESIAN_POINT('',(33.,-36.,6.));
#2850=DIRECTION('',(1.,0.,0.));
#2851=DIRECTION('',(0.,0.,1.));
#2852=FACE_BOUND('',#2853,.T.);
#2853=EDGE_LOOP('',(#5293,#5294,#5295,#5296));
#2854=PLANE('',#2855);
#2855=AXIS2_PLACEMENT_3D('',#2856,#2857,#2858);
#2856=CARTESIAN_POINT('',(27.,-36.,6.));
#2857=DIRECTION('',(0.,0.,-1.));
#2858=DIRECTION('',(1.,1.1842378929335E-15,0.));
#2859=FACE_BOUND('',#2860,.T.);
#2860=EDGE_LOOP('',(#5297,#5298,#5299,#5300));
#2861=PLANE('',#2862);
#2862=AXIS2_PLACEMENT_3D('',#2863,#2864,#2865);
#2863=CARTESIAN_POINT('',(31.5,-36.1,18.));
#2864=DIRECTION('',(1.,0.,1.97372982155583E-16));
#2865=DIRECTION('',(0.,-1.,0.));
#2866=FACE_BOUND('',#2867,.T.);
#2867=EDGE_LOOP('',(#5301,#5302,#5303,#5304));
#2868=PLANE('',#2869);
#2869=AXIS2_PLACEMENT_3D('',#2870,#2871,#2872);
#2870=CARTESIAN_POINT('',(33.,-36.,0.5));
#2871=DIRECTION('',(3.70074341541719E-17,0.,1.));
#2872=DIRECTION('',(-1.,-1.1842378929335E-15,3.70074341541719E-17));
#2873=FACE_BOUND('',#2874,.T.);
#2874=EDGE_LOOP('',(#5305,#5306,#5307,#5308));
#2875=PLANE('',#2876);
#2876=AXIS2_PLACEMENT_3D('',#2877,#2878,#2879);
#2877=CARTESIAN_POINT('',(33.,-36.,8.));
#2878=DIRECTION('',(0.,0.,1.));
#2879=DIRECTION('',(-1.,-1.1842378929335E-15,0.));
#2880=FACE_BOUND('',#2881,.T.);
#2881=EDGE_LOOP('',(#5309,#5310,#5311,#5312));
#2882=PLANE('',#2883);
#2883=AXIS2_PLACEMENT_3D('',#2884,#2885,#2886);
#2884=CARTESIAN_POINT('',(27.,-36.,8.));
#2885=DIRECTION('',(-1.,0.,0.));
#2886=DIRECTION('',(0.,0.,-1.));
#2887=FACE_BOUND('',#2888,.T.);
#2888=EDGE_LOOP('',(#5313,#5314,#5315,#5316));
#2889=PLANE('',#2890);
#2890=AXIS2_PLACEMENT_3D('',#2891,#2892,#2893);
#2891=CARTESIAN_POINT('',(27.,-36.,6.));
#2892=DIRECTION('',(0.,0.,-1.));
#2893=DIRECTION('',(1.,1.1842378929335E-15,0.));
#2894=FACE_BOUND('',#2895,.T.);
#2895=EDGE_LOOP('',(#5317,#5318,#5319,#5320));
#2896=PLANE('',#2897);
#2897=AXIS2_PLACEMENT_3D('',#2898,#2899,#2900);
#2898=CARTESIAN_POINT('',(28.5,-39.5,18.));
#2899=DIRECTION('',(-1.,0.,-1.97372982155583E-16));
#2900=DIRECTION('',(0.,1.,0.));
#2901=FACE_BOUND('',#2902,.T.);
#2902=EDGE_LOOP('',(#5321,#5322,#5323,#5324));
#2903=PLANE('',#2904);
#2904=AXIS2_PLACEMENT_3D('',#2905,#2906,#2907);
#2905=CARTESIAN_POINT('',(33.,-36.,0.5));
#2906=DIRECTION('',(3.70074341541719E-17,0.,1.));
#2907=DIRECTION('',(-1.,-1.1842378929335E-15,3.70074341541719E-17));
#2908=FACE_BOUND('',#2909,.T.);
#2909=EDGE_LOOP('',(#5325,#5326,#5327,#5328));
#2910=PLANE('',#2911);
#2911=AXIS2_PLACEMENT_3D('',#2912,#2913,#2914);
#2912=CARTESIAN_POINT('',(13.,-36.,8.));
#2913=DIRECTION('',(0.,0.,1.));
#2914=DIRECTION('',(-1.,0.,0.));
#2915=FACE_BOUND('',#2916,.T.);
#2916=EDGE_LOOP('',(#5329,#5330,#5331,#5332));
#2917=PLANE('',#2918);
#2918=AXIS2_PLACEMENT_3D('',#2919,#2920,#2921);
#2919=CARTESIAN_POINT('',(13.,-36.,6.));
#2920=DIRECTION('',(1.,7.105427357601E-16,-8.88178419700125E-16));
#2921=DIRECTION('',(8.88178419700125E-16,0.,1.));
#2922=FACE_BOUND('',#2923,.T.);
#2923=EDGE_LOOP('',(#5333,#5334,#5335,#5336));
#2924=PLANE('',#2925);
#2925=AXIS2_PLACEMENT_3D('',#2926,#2927,#2928);
#2926=CARTESIAN_POINT('',(7.00000000000001,-36.,6.));
#2927=DIRECTION('',(0.,0.,-1.));
#2928=DIRECTION('',(1.,0.,0.));
#2929=FACE_BOUND('',#2930,.T.);
#2930=EDGE_LOOP('',(#5337,#5338,#5339,#5340));
#2931=PLANE('',#2932);
#2932=AXIS2_PLACEMENT_3D('',#2933,#2934,#2935);
#2933=CARTESIAN_POINT('',(11.5,-36.1,18.));
#2934=DIRECTION('',(1.,5.2245789394125E-16,9.86864910777917E-17));
#2935=DIRECTION('',(5.2245789394125E-16,-1.,0.));
#2936=FACE_BOUND('',#2937,.T.);
#2937=EDGE_LOOP('',(#5341,#5342,#5343,#5344));
#2938=PLANE('',#2939);
#2939=AXIS2_PLACEMENT_3D('',#2940,#2941,#2942);
#2940=CARTESIAN_POINT('',(13.,-36.,0.5));
#2941=DIRECTION('',(3.70074341541719E-17,2.62953635073671E-32,1.));
#2942=DIRECTION('',(-1.,0.,3.70074341541719E-17));
#2943=FACE_BOUND('',#2944,.T.);
#2944=EDGE_LOOP('',(#5345,#5346,#5347,#5348));
#2945=PLANE('',#2946);
#2946=AXIS2_PLACEMENT_3D('',#2947,#2948,#2949);
#2947=CARTESIAN_POINT('',(13.,-36.,8.));
#2948=DIRECTION('',(0.,0.,1.));
#2949=DIRECTION('',(-1.,0.,0.));
#2950=FACE_BOUND('',#2951,.T.);
#2951=EDGE_LOOP('',(#5349,#5350,#5351,#5352));
#2952=PLANE('',#2953);
#2953=AXIS2_PLACEMENT_3D('',#2954,#2955,#2956);
#2954=CARTESIAN_POINT('',(7.00000000000001,-36.,8.));
#2955=DIRECTION('',(-1.,0.,0.));
#2956=DIRECTION('',(0.,0.,-1.));
#2957=FACE_BOUND('',#2958,.T.);
#2958=EDGE_LOOP('',(#5353,#5354,#5355,#5356));
#2959=PLANE('',#2960);
#2960=AXIS2_PLACEMENT_3D('',#2961,#2962,#2963);
#2961=CARTESIAN_POINT('',(7.00000000000001,-36.,6.));
#2962=DIRECTION('',(0.,0.,-1.));
#2963=DIRECTION('',(1.,0.,0.));
#2964=FACE_BOUND('',#2965,.T.);
#2965=EDGE_LOOP('',(#5357,#5358,#5359,#5360));
#2966=PLANE('',#2967);
#2967=AXIS2_PLACEMENT_3D('',#2968,#2969,#2970);
#2968=CARTESIAN_POINT('',(8.5,-39.5,18.));
#2969=DIRECTION('',(-1.,1.0449157878825E-15,-9.86864910777917E-17));
#2970=DIRECTION('',(1.0449157878825E-15,1.,0.));
#2971=FACE_BOUND('',#2972,.T.);
#2972=EDGE_LOOP('',(#5361,#5362,#5363,#5364));
#2973=PLANE('',#2974);
#2974=AXIS2_PLACEMENT_3D('',#2975,#2976,#2977);
#2975=CARTESIAN_POINT('',(13.,-36.,0.5));
#2976=DIRECTION('',(3.70074341541719E-17,2.62953635073671E-32,1.));
#2977=DIRECTION('',(-1.,0.,3.70074341541719E-17));
#2978=FACE_BOUND('',#2979,.T.);
#2979=EDGE_LOOP('',(#5365,#5366,#5367,#5368));
#2980=PLANE('',#2981);
#2981=AXIS2_PLACEMENT_3D('',#2982,#2983,#2984);
#2982=CARTESIAN_POINT('',(-6.99999999999999,-36.,8.));
#2983=DIRECTION('',(0.,0.,1.));
#2984=DIRECTION('',(-1.,0.,0.));
#2985=FACE_BOUND('',#2986,.T.);
#2986=EDGE_LOOP('',(#5369,#5370,#5371,#5372));
#2987=PLANE('',#2988);
#2988=AXIS2_PLACEMENT_3D('',#2989,#2990,#2991);
#2989=CARTESIAN_POINT('',(-6.99999999999999,-36.,6.));
#2990=DIRECTION('',(1.,0.,0.));
#2991=DIRECTION('',(0.,0.,1.));
#2992=FACE_BOUND('',#2993,.T.);
#2993=EDGE_LOOP('',(#5373,#5374,#5375,#5376));
#2994=PLANE('',#2995);
#2995=AXIS2_PLACEMENT_3D('',#2996,#2997,#2998);
#2996=CARTESIAN_POINT('',(-13.,-36.,6.));
#2997=DIRECTION('',(0.,0.,-1.));
#2998=DIRECTION('',(1.,0.,0.));
#2999=FACE_BOUND('',#3000,.T.);
#3000=EDGE_LOOP('',(#5377,#5378,#5379,#5380));
#3001=PLANE('',#3002);
#3002=AXIS2_PLACEMENT_3D('',#3003,#3004,#3005);
#3003=CARTESIAN_POINT('',(-8.5,-36.1,18.));
#3004=DIRECTION('',(1.,5.2245789394125E-16,9.86864910777917E-17));
#3005=DIRECTION('',(5.2245789394125E-16,-1.,0.));
#3006=FACE_BOUND('',#3007,.T.);
#3007=EDGE_LOOP('',(#5381,#5382,#5383,#5384));
#3008=PLANE('',#3009);
#3009=AXIS2_PLACEMENT_3D('',#3010,#3011,#3012);
#3010=CARTESIAN_POINT('',(-7.,-36.,0.5));
#3011=DIRECTION('',(3.70074341541719E-17,0.,1.));
#3012=DIRECTION('',(-1.,0.,3.70074341541719E-17));
#3013=FACE_BOUND('',#3014,.T.);
#3014=EDGE_LOOP('',(#5385,#5386,#5387,#5388));
#3015=PLANE('',#3016);
#3016=AXIS2_PLACEMENT_3D('',#3017,#3018,#3019);
#3017=CARTESIAN_POINT('',(-13.,-36.,6.));
#3018=DIRECTION('',(0.,0.,-1.));
#3019=DIRECTION('',(1.,0.,0.));
#3020=FACE_BOUND('',#3021,.T.);
#3021=EDGE_LOOP('',(#5389,#5390,#5391,#5392));
#3022=PLANE('',#3023);
#3023=AXIS2_PLACEMENT_3D('',#3024,#3025,#3026);
#3024=CARTESIAN_POINT('',(-11.5,-39.5,18.));
#3025=DIRECTION('',(-1.,1.0449157878825E-15,-9.86864910777917E-17));
#3026=DIRECTION('',(1.0449157878825E-15,1.,0.));
#3027=FACE_BOUND('',#3028,.T.);
#3028=EDGE_LOOP('',(#5393,#5394,#5395,#5396));
#3029=PLANE('',#3030);
#3030=AXIS2_PLACEMENT_3D('',#3031,#3032,#3033);
#3031=CARTESIAN_POINT('',(-7.,-36.,0.5));
#3032=DIRECTION('',(3.70074341541719E-17,0.,1.));
#3033=DIRECTION('',(-1.,0.,3.70074341541719E-17));
#3034=FACE_BOUND('',#3035,.T.);
#3035=EDGE_LOOP('',(#5397,#5398,#5399,#5400));
#3036=PLANE('',#3037);
#3037=AXIS2_PLACEMENT_3D('',#3038,#3039,#3040);
#3038=CARTESIAN_POINT('',(-6.99999999999999,-36.,8.));
#3039=DIRECTION('',(0.,0.,1.));
#3040=DIRECTION('',(-1.,0.,0.));
#3041=FACE_BOUND('',#3042,.T.);
#3042=EDGE_LOOP('',(#5401,#5402,#5403,#5404));
#3043=PLANE('',#3044);
#3044=AXIS2_PLACEMENT_3D('',#3045,#3046,#3047);
#3045=CARTESIAN_POINT('',(-13.,-36.,8.));
#3046=DIRECTION('',(-1.,-7.105427357601E-16,8.88178419700125E-16));
#3047=DIRECTION('',(-8.88178419700125E-16,0.,-1.));
#3048=FACE_BOUND('',#3049,.T.);
#3049=EDGE_LOOP('',(#5405,#5406,#5407,#5408));
#3050=PLANE('',#3051);
#3051=AXIS2_PLACEMENT_3D('',#3052,#3053,#3054);
#3052=CARTESIAN_POINT('',(-27.,-36.,8.));
#3053=DIRECTION('',(0.,0.,1.));
#3054=DIRECTION('',(-1.,-1.1842378929335E-15,0.));
#3055=FACE_BOUND('',#3056,.T.);
#3056=EDGE_LOOP('',(#5409,#5410,#5411,#5412));
#3057=PLANE('',#3058);
#3058=AXIS2_PLACEMENT_3D('',#3059,#3060,#3061);
#3059=CARTESIAN_POINT('',(-27.,-36.,6.));
#3060=DIRECTION('',(1.,0.,0.));
#3061=DIRECTION('',(0.,0.,1.));
#3062=FACE_BOUND('',#3063,.T.);
#3063=EDGE_LOOP('',(#5413,#5414,#5415,#5416));
#3064=PLANE('',#3065);
#3065=AXIS2_PLACEMENT_3D('',#3066,#3067,#3068);
#3066=CARTESIAN_POINT('',(-33.,-36.,6.));
#3067=DIRECTION('',(0.,0.,-1.));
#3068=DIRECTION('',(1.,1.1842378929335E-15,0.));
#3069=FACE_BOUND('',#3070,.T.);
#3070=EDGE_LOOP('',(#5417,#5418,#5419,#5420));
#3071=PLANE('',#3072);
#3072=AXIS2_PLACEMENT_3D('',#3073,#3074,#3075);
#3073=CARTESIAN_POINT('',(-28.5,-36.1,18.));
#3074=DIRECTION('',(1.,0.,1.97372982155583E-16));
#3075=DIRECTION('',(0.,-1.,0.));
#3076=FACE_BOUND('',#3077,.T.);
#3077=EDGE_LOOP('',(#5421,#5422,#5423,#5424));
#3078=PLANE('',#3079);
#3079=AXIS2_PLACEMENT_3D('',#3080,#3081,#3082);
#3080=CARTESIAN_POINT('',(-27.,-36.,0.5));
#3081=DIRECTION('',(3.70074341541719E-17,-5.47382212626882E-48,1.));
#3082=DIRECTION('',(-1.,-1.1842378929335E-15,3.70074341541719E-17));
#3083=FACE_BOUND('',#3084,.T.);
#3084=EDGE_LOOP('',(#5425,#5426,#5427,#5428));
#3085=PLANE('',#3086);
#3086=AXIS2_PLACEMENT_3D('',#3087,#3088,#3089);
#3087=CARTESIAN_POINT('',(-27.,-36.,8.));
#3088=DIRECTION('',(0.,0.,1.));
#3089=DIRECTION('',(-1.,-1.1842378929335E-15,0.));
#3090=FACE_BOUND('',#3091,.T.);
#3091=EDGE_LOOP('',(#5429,#5430,#5431,#5432));
#3092=PLANE('',#3093);
#3093=AXIS2_PLACEMENT_3D('',#3094,#3095,#3096);
#3094=CARTESIAN_POINT('',(-33.,-36.,8.));
#3095=DIRECTION('',(-1.,0.,0.));
#3096=DIRECTION('',(0.,0.,-1.));
#3097=FACE_BOUND('',#3098,.T.);
#3098=EDGE_LOOP('',(#5433,#5434,#5435,#5436));
#3099=PLANE('',#3100);
#3100=AXIS2_PLACEMENT_3D('',#3101,#3102,#3103);
#3101=CARTESIAN_POINT('',(-33.,-36.,6.));
#3102=DIRECTION('',(0.,0.,-1.));
#3103=DIRECTION('',(1.,1.1842378929335E-15,0.));
#3104=FACE_BOUND('',#3105,.T.);
#3105=EDGE_LOOP('',(#5437,#5438,#5439,#5440));
#3106=PLANE('',#3107);
#3107=AXIS2_PLACEMENT_3D('',#3108,#3109,#3110);
#3108=CARTESIAN_POINT('',(-31.5,-39.5,18.));
#3109=DIRECTION('',(-1.,0.,-1.97372982155583E-16));
#3110=DIRECTION('',(0.,1.,0.));
#3111=FACE_BOUND('',#3112,.T.);
#3112=EDGE_LOOP('',(#5441,#5442,#5443,#5444));
#3113=PLANE('',#3114);
#3114=AXIS2_PLACEMENT_3D('',#3115,#3116,#3117);
#3115=CARTESIAN_POINT('',(-27.,-36.,0.5));
#3116=DIRECTION('',(3.70074341541719E-17,-5.47382212626882E-48,1.));
#3117=DIRECTION('',(-1.,-1.1842378929335E-15,3.70074341541719E-17));
#3118=FACE_BOUND('',#3119,.T.);
#3119=EDGE_LOOP('',(#5445,#5446,#5447,#5448));
#3120=PLANE('',#3121);
#3121=AXIS2_PLACEMENT_3D('',#3122,#3123,#3124);
#3122=CARTESIAN_POINT('',(-33.,36.,8.));
#3123=DIRECTION('',(-1.48029736616687E-16,0.,1.));
#3124=DIRECTION('',(1.,1.1842378929335E-15,1.48029736616687E-16));
#3125=FACE_BOUND('',#3126,.T.);
#3126=EDGE_LOOP('',(#5449,#5450,#5451,#5452));
#3127=PLANE('',#3128);
#3128=AXIS2_PLACEMENT_3D('',#3129,#3130,#3131);
#3129=CARTESIAN_POINT('',(-33.,36.,6.));
#3130=DIRECTION('',(-1.,0.,0.));
#3131=DIRECTION('',(0.,0.,1.));
#3132=FACE_BOUND('',#3133,.T.);
#3133=EDGE_LOOP('',(#5453,#5454,#5455,#5456));
#3134=PLANE('',#3135);
#3135=AXIS2_PLACEMENT_3D('',#3136,#3137,#3138);
#3136=CARTESIAN_POINT('',(-27.,36.,6.));
#3137=DIRECTION('',(1.48029736616687E-16,0.,-1.));
#3138=DIRECTION('',(-1.,-1.1842378929335E-15,-1.48029736616687E-16));
#3139=FACE_BOUND('',#3140,.T.);
#3140=EDGE_LOOP('',(#5457,#5458,#5459,#5460));
#3141=PLANE('',#3142);
#3142=AXIS2_PLACEMENT_3D('',#3143,#3144,#3145);
#3143=CARTESIAN_POINT('',(-31.5,36.1,18.));
#3144=DIRECTION('',(-1.,0.,-1.97372982155583E-16));
#3145=DIRECTION('',(0.,1.,0.));
#3146=FACE_BOUND('',#3147,.T.);
#3147=EDGE_LOOP('',(#5461,#5462,#5463,#5464));
#3148=PLANE('',#3149);
#3149=AXIS2_PLACEMENT_3D('',#3150,#3151,#3152);
#3150=CARTESIAN_POINT('',(-33.,36.,0.499999999999996));
#3151=DIRECTION('',(-1.5728159515523E-16,0.,1.));
#3152=DIRECTION('',(1.,1.1842378929335E-15,1.5728159515523E-16));
#3153=FACE_BOUND('',#3154,.T.);
#3154=EDGE_LOOP('',(#5465,#5466,#5467,#5468));
#3155=PLANE('',#3156);
#3156=AXIS2_PLACEMENT_3D('',#3157,#3158,#3159);
#3157=CARTESIAN_POINT('',(-33.,36.,8.));
#3158=DIRECTION('',(-1.48029736616687E-16,0.,1.));
#3159=DIRECTION('',(1.,1.1842378929335E-15,1.48029736616687E-16));
#3160=FACE_BOUND('',#3161,.T.);
#3161=EDGE_LOOP('',(#5469,#5470,#5471,#5472));
#3162=PLANE('',#3163);
#3163=AXIS2_PLACEMENT_3D('',#3164,#3165,#3166);
#3164=CARTESIAN_POINT('',(-27.,36.,8.));
#3165=DIRECTION('',(1.,0.,0.));
#3166=DIRECTION('',(0.,0.,-1.));
#3167=FACE_BOUND('',#3168,.T.);
#3168=EDGE_LOOP('',(#5473,#5474,#5475,#5476));
#3169=PLANE('',#3170);
#3170=AXIS2_PLACEMENT_3D('',#3171,#3172,#3173);
#3171=CARTESIAN_POINT('',(-27.,36.,6.));
#3172=DIRECTION('',(1.48029736616687E-16,0.,-1.));
#3173=DIRECTION('',(-1.,-1.1842378929335E-15,-1.48029736616687E-16));
#3174=FACE_BOUND('',#3175,.T.);
#3175=EDGE_LOOP('',(#5477,#5478,#5479,#5480));
#3176=PLANE('',#3177);
#3177=AXIS2_PLACEMENT_3D('',#3178,#3179,#3180);
#3178=CARTESIAN_POINT('',(-28.5,39.5,18.));
#3179=DIRECTION('',(1.,0.,1.97372982155583E-16));
#3180=DIRECTION('',(0.,-1.,0.));
#3181=FACE_BOUND('',#3182,.T.);
#3182=EDGE_LOOP('',(#5481,#5482,#5483,#5484));
#3183=PLANE('',#3184);
#3184=AXIS2_PLACEMENT_3D('',#3185,#3186,#3187);
#3185=CARTESIAN_POINT('',(-33.,36.,0.499999999999996));
#3186=DIRECTION('',(-1.5728159515523E-16,0.,1.));
#3187=DIRECTION('',(1.,1.1842378929335E-15,1.5728159515523E-16));
#3188=FACE_BOUND('',#3189,.T.);
#3189=EDGE_LOOP('',(#5485,#5486,#5487,#5488));
#3190=PLANE('',#3191);
#3191=AXIS2_PLACEMENT_3D('',#3192,#3193,#3194);
#3192=CARTESIAN_POINT('',(-13.,36.,8.));
#3193=DIRECTION('',(-1.48029736616687E-16,-1.05181454029468E-31,1.));
#3194=DIRECTION('',(1.,0.,1.48029736616687E-16));
#3195=FACE_BOUND('',#3196,.T.);
#3196=EDGE_LOOP('',(#5489,#5490,#5491,#5492));
#3197=PLANE('',#3198);
#3198=AXIS2_PLACEMENT_3D('',#3199,#3200,#3201);
#3199=CARTESIAN_POINT('',(-13.,36.,6.));
#3200=DIRECTION('',(-1.,-7.105427357601E-16,-1.77635683940025E-15));
#3201=DIRECTION('',(-1.77635683940025E-15,0.,1.));
#3202=FACE_BOUND('',#3203,.T.);
#3203=EDGE_LOOP('',(#5493,#5494,#5495,#5496));
#3204=PLANE('',#3205);
#3205=AXIS2_PLACEMENT_3D('',#3206,#3207,#3208);
#3206=CARTESIAN_POINT('',(-7.00000000000001,36.,6.));
#3207=DIRECTION('',(1.48029736616688E-16,0.,-1.));
#3208=DIRECTION('',(-1.,0.,-1.48029736616688E-16));
#3209=FACE_BOUND('',#3210,.T.);
#3210=EDGE_LOOP('',(#5497,#5498,#5499,#5500));
#3211=PLANE('',#3212);
#3212=AXIS2_PLACEMENT_3D('',#3213,#3214,#3215);
#3213=CARTESIAN_POINT('',(-11.5,36.1,18.));
#3214=DIRECTION('',(-1.,1.0449157878825E-15,-9.86864910777917E-17));
#3215=DIRECTION('',(1.0449157878825E-15,1.,0.));
#3216=FACE_BOUND('',#3217,.T.);
#3217=EDGE_LOOP('',(#5501,#5502,#5503,#5504));
#3218=PLANE('',#3219);
#3219=AXIS2_PLACEMENT_3D('',#3220,#3221,#3222);
#3220=CARTESIAN_POINT('',(-13.,36.,0.499999999999998));
#3221=DIRECTION('',(-1.66533453693773E-16,-1.18329135783152E-31,1.));
#3222=DIRECTION('',(1.,0.,1.66533453693773E-16));
#3223=FACE_BOUND('',#3224,.T.);
#3224=EDGE_LOOP('',(#5505,#5506,#5507,#5508));
#3225=PLANE('',#3226);
#3226=AXIS2_PLACEMENT_3D('',#3227,#3228,#3229);
#3227=CARTESIAN_POINT('',(-13.,36.,8.));
#3228=DIRECTION('',(-1.48029736616687E-16,-1.05181454029468E-31,1.));
#3229=DIRECTION('',(1.,0.,1.48029736616687E-16));
#3230=FACE_BOUND('',#3231,.T.);
#3231=EDGE_LOOP('',(#5509,#5510,#5511,#5512));
#3232=PLANE('',#3233);
#3233=AXIS2_PLACEMENT_3D('',#3234,#3235,#3236);
#3234=CARTESIAN_POINT('',(-7.00000000000001,36.,8.));
#3235=DIRECTION('',(1.,0.,0.));
#3236=DIRECTION('',(0.,0.,-1.));
#3237=FACE_BOUND('',#3238,.T.);
#3238=EDGE_LOOP('',(#5513,#5514,#5515,#5516));
#3239=PLANE('',#3240);
#3240=AXIS2_PLACEMENT_3D('',#3241,#3242,#3243);
#3241=CARTESIAN_POINT('',(-7.00000000000001,36.,6.));
#3242=DIRECTION('',(1.48029736616688E-16,0.,-1.));
#3243=DIRECTION('',(-1.,0.,-1.48029736616688E-16));
#3244=FACE_BOUND('',#3245,.T.);
#3245=EDGE_LOOP('',(#5517,#5518,#5519,#5520));
#3246=PLANE('',#3247);
#3247=AXIS2_PLACEMENT_3D('',#3248,#3249,#3250);
#3248=CARTESIAN_POINT('',(-8.5,39.5,18.));
#3249=DIRECTION('',(1.,-5.2245789394125E-16,9.86864910777917E-17));
#3250=DIRECTION('',(-5.2245789394125E-16,-1.,0.));
#3251=FACE_BOUND('',#3252,.T.);
#3252=EDGE_LOOP('',(#5521,#5522,#5523,#5524));
#3253=PLANE('',#3254);
#3254=AXIS2_PLACEMENT_3D('',#3255,#3256,#3257);
#3255=CARTESIAN_POINT('',(-13.,36.,0.499999999999998));
#3256=DIRECTION('',(-1.66533453693773E-16,-1.18329135783152E-31,1.));
#3257=DIRECTION('',(1.,0.,1.66533453693773E-16));
#3258=FACE_BOUND('',#3259,.T.);
#3259=EDGE_LOOP('',(#5525,#5526,#5527,#5528));
#3260=PLANE('',#3261);
#3261=AXIS2_PLACEMENT_3D('',#3262,#3263,#3264);
#3262=CARTESIAN_POINT('',(6.99999999999999,36.,8.));
#3263=DIRECTION('',(-2.96059473233375E-16,0.,1.));
#3264=DIRECTION('',(1.,0.,2.96059473233375E-16));
#3265=FACE_BOUND('',#3266,.T.);
#3266=EDGE_LOOP('',(#5529,#5530,#5531,#5532));
#3267=PLANE('',#3268);
#3268=AXIS2_PLACEMENT_3D('',#3269,#3270,#3271);
#3269=CARTESIAN_POINT('',(6.99999999999999,36.,6.));
#3270=DIRECTION('',(-1.,0.,0.));
#3271=DIRECTION('',(0.,0.,1.));
#3272=FACE_BOUND('',#3273,.T.);
#3273=EDGE_LOOP('',(#5533,#5534,#5535,#5536));
#3274=PLANE('',#3275);
#3275=AXIS2_PLACEMENT_3D('',#3276,#3277,#3278);
#3276=CARTESIAN_POINT('',(13.,36.,6.));
#3277=DIRECTION('',(1.48029736616687E-16,1.05181454029468E-31,-1.));
#3278=DIRECTION('',(-1.,0.,-1.48029736616687E-16));
#3279=FACE_BOUND('',#3280,.T.);
#3280=EDGE_LOOP('',(#5537,#5538,#5539,#5540));
#3281=PLANE('',#3282);
#3282=AXIS2_PLACEMENT_3D('',#3283,#3284,#3285);
#3283=CARTESIAN_POINT('',(8.5,36.1,18.));
#3284=DIRECTION('',(-1.,1.0449157878825E-15,-9.86864910777917E-17));
#3285=DIRECTION('',(1.0449157878825E-15,1.,0.));
#3286=FACE_BOUND('',#3287,.T.);
#3287=EDGE_LOOP('',(#5541,#5542,#5543,#5544));
#3288=PLANE('',#3289);
#3289=AXIS2_PLACEMENT_3D('',#3290,#3291,#3292);
#3290=CARTESIAN_POINT('',(7.,36.,0.500000000000001));
#3291=DIRECTION('',(-1.48029736616687E-16,0.,1.));
#3292=DIRECTION('',(1.,0.,1.48029736616687E-16));
#3293=FACE_BOUND('',#3294,.T.);
#3294=EDGE_LOOP('',(#5545,#5546,#5547,#5548));
#3295=PLANE('',#3296);
#3296=AXIS2_PLACEMENT_3D('',#3297,#3298,#3299);
#3297=CARTESIAN_POINT('',(13.,36.,6.));
#3298=DIRECTION('',(1.48029736616687E-16,1.05181454029468E-31,-1.));
#3299=DIRECTION('',(-1.,0.,-1.48029736616687E-16));
#3300=FACE_BOUND('',#3301,.T.);
#3301=EDGE_LOOP('',(#5549,#5550,#5551,#5552));
#3302=PLANE('',#3303);
#3303=AXIS2_PLACEMENT_3D('',#3304,#3305,#3306);
#3304=CARTESIAN_POINT('',(11.5,39.5,18.));
#3305=DIRECTION('',(1.,-5.2245789394125E-16,9.86864910777917E-17));
#3306=DIRECTION('',(-5.2245789394125E-16,-1.,0.));
#3307=FACE_BOUND('',#3308,.T.);
#3308=EDGE_LOOP('',(#5553,#5554,#5555,#5556));
#3309=PLANE('',#3310);
#3310=AXIS2_PLACEMENT_3D('',#3311,#3312,#3313);
#3311=CARTESIAN_POINT('',(7.,36.,0.500000000000001));
#3312=DIRECTION('',(-1.48029736616687E-16,0.,1.));
#3313=DIRECTION('',(1.,0.,1.48029736616687E-16));
#3314=FACE_BOUND('',#3315,.T.);
#3315=EDGE_LOOP('',(#5557,#5558,#5559,#5560));
#3316=PLANE('',#3317);
#3317=AXIS2_PLACEMENT_3D('',#3318,#3319,#3320);
#3318=CARTESIAN_POINT('',(6.99999999999999,36.,8.));
#3319=DIRECTION('',(-2.96059473233375E-16,0.,1.));
#3320=DIRECTION('',(1.,0.,2.96059473233375E-16));
#3321=FACE_BOUND('',#3322,.T.);
#3322=EDGE_LOOP('',(#5561,#5562,#5563,#5564));
#3323=PLANE('',#3324);
#3324=AXIS2_PLACEMENT_3D('',#3325,#3326,#3327);
#3325=CARTESIAN_POINT('',(13.,36.,8.));
#3326=DIRECTION('',(1.,7.105427357601E-16,1.77635683940025E-15));
#3327=DIRECTION('',(1.77635683940025E-15,0.,-1.));
#3328=FACE_BOUND('',#3329,.T.);
#3329=EDGE_LOOP('',(#5565,#5566,#5567,#5568));
#3330=PLANE('',#3331);
#3331=AXIS2_PLACEMENT_3D('',#3332,#3333,#3334);
#3332=CARTESIAN_POINT('',(27.,36.,8.));
#3333=DIRECTION('',(0.,0.,1.));
#3334=DIRECTION('',(1.,1.1842378929335E-15,0.));
#3335=FACE_BOUND('',#3336,.T.);
#3336=EDGE_LOOP('',(#5569,#5570,#5571,#5572));
#3337=PLANE('',#3338);
#3338=AXIS2_PLACEMENT_3D('',#3339,#3340,#3341);
#3339=CARTESIAN_POINT('',(27.,36.,6.));
#3340=DIRECTION('',(-1.,0.,0.));
#3341=DIRECTION('',(0.,0.,1.));
#3342=FACE_BOUND('',#3343,.T.);
#3343=EDGE_LOOP('',(#5573,#5574,#5575,#5576));
#3344=PLANE('',#3345);
#3345=AXIS2_PLACEMENT_3D('',#3346,#3347,#3348);
#3346=CARTESIAN_POINT('',(33.,36.,6.));
#3347=DIRECTION('',(1.48029736616688E-16,-2.18952885050753E-47,-1.));
#3348=DIRECTION('',(-1.,-1.1842378929335E-15,-1.48029736616688E-16));
#3349=FACE_BOUND('',#3350,.T.);
#3350=EDGE_LOOP('',(#5577,#5578,#5579,#5580));
#3351=PLANE('',#3352);
#3352=AXIS2_PLACEMENT_3D('',#3353,#3354,#3355);
#3353=CARTESIAN_POINT('',(28.5,36.1,18.));
#3354=DIRECTION('',(-1.,0.,-1.97372982155583E-16));
#3355=DIRECTION('',(0.,1.,0.));
#3356=FACE_BOUND('',#3357,.T.);
#3357=EDGE_LOOP('',(#5581,#5582,#5583,#5584));
#3358=PLANE('',#3359);
#3359=AXIS2_PLACEMENT_3D('',#3360,#3361,#3362);
#3360=CARTESIAN_POINT('',(27.,36.,0.500000000000003));
#3361=DIRECTION('',(-1.48029736616688E-16,2.18952885050753E-47,1.));
#3362=DIRECTION('',(1.,1.1842378929335E-15,1.48029736616688E-16));
#3363=FACE_BOUND('',#3364,.T.);
#3364=EDGE_LOOP('',(#5585,#5586,#5587,#5588));
#3365=PLANE('',#3366);
#3366=AXIS2_PLACEMENT_3D('',#3367,#3368,#3369);
#3367=CARTESIAN_POINT('',(27.,36.,8.));
#3368=DIRECTION('',(0.,0.,1.));
#3369=DIRECTION('',(1.,1.1842378929335E-15,0.));
#3370=FACE_BOUND('',#3371,.T.);
#3371=EDGE_LOOP('',(#5589,#5590,#5591,#5592));
#3372=PLANE('',#3373);
#3373=AXIS2_PLACEMENT_3D('',#3374,#3375,#3376);
#3374=CARTESIAN_POINT('',(33.,36.,8.));
#3375=DIRECTION('',(1.,0.,0.));
#3376=DIRECTION('',(0.,0.,-1.));
#3377=FACE_BOUND('',#3378,.T.);
#3378=EDGE_LOOP('',(#5593,#5594,#5595,#5596));
#3379=PLANE('',#3380);
#3380=AXIS2_PLACEMENT_3D('',#3381,#3382,#3383);
#3381=CARTESIAN_POINT('',(33.,36.,6.));
#3382=DIRECTION('',(1.48029736616688E-16,-2.18952885050753E-47,-1.));
#3383=DIRECTION('',(-1.,-1.1842378929335E-15,-1.48029736616688E-16));
#3384=FACE_BOUND('',#3385,.T.);
#3385=EDGE_LOOP('',(#5597,#5598,#5599,#5600));
#3386=PLANE('',#3387);
#3387=AXIS2_PLACEMENT_3D('',#3388,#3389,#3390);
#3388=CARTESIAN_POINT('',(31.5,39.5,18.));
#3389=DIRECTION('',(1.,0.,1.97372982155583E-16));
#3390=DIRECTION('',(0.,-1.,0.));
#3391=FACE_BOUND('',#3392,.T.);
#3392=EDGE_LOOP('',(#5601,#5602,#5603,#5604));
#3393=PLANE('',#3394);
#3394=AXIS2_PLACEMENT_3D('',#3395,#3396,#3397);
#3395=CARTESIAN_POINT('',(27.,36.,0.500000000000003));
#3396=DIRECTION('',(-1.48029736616688E-16,2.18952885050753E-47,1.));
#3397=DIRECTION('',(1.,1.1842378929335E-15,1.48029736616688E-16));
#3398=FACE_OUTER_BOUND('',#3399,.T.);
#3399=EDGE_LOOP('',(#5605));
#3400=FACE_OUTER_BOUND('',#3401,.T.);
#3401=EDGE_LOOP('',(#5606));
#3402=DEGENERATE_TOROIDAL_SURFACE('',#3403,0.299999999999997,0.5,.T.);
#3403=AXIS2_PLACEMENT_3D('',#3404,#3405,#3406);
#3404=CARTESIAN_POINT('',(36.6,35.8,-0.499999999999996));
#3405=DIRECTION('',(1.22464679914735E-16,2.26016594027535E-32,-1.));
#3406=DIRECTION('',(-7.65404249467098E-17,1.,1.32281607611169E-32));
#3407=FACE_BOUND('',#3408,.T.);
#3408=EDGE_LOOP('',(#5607,#5608,#5609,#5610));
#3409=PLANE('',#3410);
#3410=AXIS2_PLACEMENT_3D('',#3411,#3412,#3413);
#3411=CARTESIAN_POINT('',(2.44929359829471E-16,4.5203318805507E-32,-2.));
#3412=DIRECTION('',(1.22464679914735E-16,2.26016594027535E-32,-1.));
#3413=DIRECTION('',(-6.12323399573677E-17,1.,1.51028604894442E-32));
#3414=FACE_BOUND('',#3415,.T.);
#3415=EDGE_LOOP('',(#5611,#5612));
#3416=DEGENERATE_TOROIDAL_SURFACE('',#3417,0.36339312526815,1.5,.T.);
#3417=AXIS2_PLACEMENT_3D('',#3418,#3419,#3420);
#3418=CARTESIAN_POINT('',(-36.6,27.6,-1.80000000000001));
#3419=DIRECTION('',(1.22464679914735E-16,2.26016594027535E-32,-1.));
#3420=DIRECTION('',(-1.09662983398168E-16,1.,9.17181724240191E-33));
#3421=FACE_BOUND('',#3422,.T.);
#3422=EDGE_LOOP('',(#5613,#5614,#5615,#5616));
#3423=PLANE('',#3424);
#3424=AXIS2_PLACEMENT_3D('',#3425,#3426,#3427);
#3425=CARTESIAN_POINT('',(2.44929359829471E-16,4.5203318805507E-32,-2.));
#3426=DIRECTION('',(1.22464679914735E-16,2.26016594027535E-32,-1.));
#3427=DIRECTION('',(-6.12323399573677E-17,1.,1.51028604894442E-32));
#3428=FACE_BOUND('',#3429,.T.);
#3429=EDGE_LOOP('',(#5617,#5618));
#3430=DEGENERATE_TOROIDAL_SURFACE('',#3431,0.36339312526815,1.5,.T.);
#3431=AXIS2_PLACEMENT_3D('',#3432,#3433,#3434);
#3432=CARTESIAN_POINT('',(-36.6,27.6,-1.80000000000001));
#3433=DIRECTION('',(1.22464679914735E-16,2.26016594027535E-32,-1.));
#3434=DIRECTION('',(-1.09662983398168E-16,1.,9.17181724240191E-33));
#3435=FACE_BOUND('',#3436,.T.);
#3436=EDGE_LOOP('',(#5619,#5620,#5621,#5622));
#3437=PLANE('',#3438);
#3438=AXIS2_PLACEMENT_3D('',#3439,#3440,#3441);
#3439=CARTESIAN_POINT('',(2.44929359829471E-16,4.5203318805507E-32,-2.));
#3440=DIRECTION('',(1.22464679914735E-16,2.26016594027535E-32,-1.));
#3441=DIRECTION('',(-6.12323399573677E-17,1.,1.51028604894442E-32));
#3442=FACE_BOUND('',#3443,.T.);
#3443=EDGE_LOOP('',(#5623,#5624));
#3444=DEGENERATE_TOROIDAL_SURFACE('',#3445,0.36339312526815,1.5,.T.);
#3445=AXIS2_PLACEMENT_3D('',#3446,#3447,#3448);
#3446=CARTESIAN_POINT('',(36.6,-27.6,-1.8));
#3447=DIRECTION('',(1.22464679914735E-16,2.26016594027535E-32,-1.));
#3448=DIRECTION('',(-1.09662983398168E-16,1.,9.17181724240191E-33));
#3449=FACE_BOUND('',#3450,.T.);
#3450=EDGE_LOOP('',(#5625,#5626,#5627,#5628));
#3451=PLANE('',#3452);
#3452=AXIS2_PLACEMENT_3D('',#3453,#3454,#3455);
#3453=CARTESIAN_POINT('',(2.44929359829471E-16,4.5203318805507E-32,-2.));
#3454=DIRECTION('',(1.22464679914735E-16,2.26016594027535E-32,-1.));
#3455=DIRECTION('',(-6.12323399573677E-17,1.,1.51028604894442E-32));
#3456=FACE_BOUND('',#3457,.T.);
#3457=EDGE_LOOP('',(#5629,#5630));
#3458=DEGENERATE_TOROIDAL_SURFACE('',#3459,0.36339312526815,1.5,.T.);
#3459=AXIS2_PLACEMENT_3D('',#3460,#3461,#3462);
#3460=CARTESIAN_POINT('',(36.6,-27.6,-1.8));
#3461=DIRECTION('',(1.22464679914735E-16,2.26016594027535E-32,-1.));
#3462=DIRECTION('',(-1.09662983398168E-16,1.,9.17181724240191E-33));
#3463=FACE_BOUND('',#3464,.T.);
#3464=EDGE_LOOP('',(#5631));
#3465=PLANE('',#3466);
#3466=AXIS2_PLACEMENT_3D('',#3467,#3468,#3469);
#3467=CARTESIAN_POINT('',(1.22464679914735E-16,2.26016594027535E-32,-1.));
#3468=DIRECTION('',(1.22464679914735E-16,2.26016594027535E-32,-1.));
#3469=DIRECTION('',(-6.12323399573677E-17,1.,1.51028604894442E-32));
#3470=ORIENTED_EDGE('',*,*,#5632,.F.);
#3471=ORIENTED_EDGE('',*,*,#5633,.F.);
#3472=ORIENTED_EDGE('',*,*,#5634,.F.);
#3473=ORIENTED_EDGE('',*,*,#5635,.F.);
#3474=ORIENTED_EDGE('',*,*,#5636,.T.);
#3475=ORIENTED_EDGE('',*,*,#5637,.F.);
#3476=ORIENTED_EDGE('',*,*,#5638,.F.);
#3477=ORIENTED_EDGE('',*,*,#5639,.F.);
#3478=ORIENTED_EDGE('',*,*,#5640,.T.);
#3479=ORIENTED_EDGE('',*,*,#5639,.T.);
#3480=ORIENTED_EDGE('',*,*,#5641,.T.);
#3481=ORIENTED_EDGE('',*,*,#5642,.F.);
#3482=ORIENTED_EDGE('',*,*,#5638,.T.);
#3483=ORIENTED_EDGE('',*,*,#5643,.T.);
#3484=ORIENTED_EDGE('',*,*,#5644,.F.);
#3485=ORIENTED_EDGE('',*,*,#5641,.F.);
#3486=ORIENTED_EDGE('',*,*,#5645,.F.);
#3487=ORIENTED_EDGE('',*,*,#5646,.F.);
#3488=ORIENTED_EDGE('',*,*,#5643,.F.);
#3489=ORIENTED_EDGE('',*,*,#5637,.T.);
#3490=ORIENTED_EDGE('',*,*,#5647,.T.);
#3491=ORIENTED_EDGE('',*,*,#5648,.F.);
#3492=ORIENTED_EDGE('',*,*,#5636,.F.);
#3493=ORIENTED_EDGE('',*,*,#5649,.F.);
#3494=ORIENTED_EDGE('',*,*,#5650,.T.);
#3495=ORIENTED_EDGE('',*,*,#5635,.T.);
#3496=ORIENTED_EDGE('',*,*,#5651,.T.);
#3497=ORIENTED_EDGE('',*,*,#5652,.F.);
#3498=ORIENTED_EDGE('',*,*,#5634,.T.);
#3499=ORIENTED_EDGE('',*,*,#5653,.T.);
#3500=ORIENTED_EDGE('',*,*,#5654,.F.);
#3501=ORIENTED_EDGE('',*,*,#5651,.F.);
#3502=ORIENTED_EDGE('',*,*,#5655,.F.);
#3503=ORIENTED_EDGE('',*,*,#5656,.F.);
#3504=ORIENTED_EDGE('',*,*,#5653,.F.);
#3505=ORIENTED_EDGE('',*,*,#5633,.T.);
#3506=ORIENTED_EDGE('',*,*,#5657,.F.);
#3507=ORIENTED_EDGE('',*,*,#5658,.F.);
#3508=ORIENTED_EDGE('',*,*,#5632,.T.);
#3509=ORIENTED_EDGE('',*,*,#5659,.F.);
#3510=ORIENTED_EDGE('',*,*,#5660,.T.);
#3511=ORIENTED_EDGE('',*,*,#5642,.T.);
#3512=ORIENTED_EDGE('',*,*,#5644,.T.);
#3513=ORIENTED_EDGE('',*,*,#5646,.T.);
#3514=ORIENTED_EDGE('',*,*,#5661,.F.);
#3515=ORIENTED_EDGE('',*,*,#5652,.T.);
#3516=ORIENTED_EDGE('',*,*,#5654,.T.);
#3517=ORIENTED_EDGE('',*,*,#5656,.T.);
#3518=ORIENTED_EDGE('',*,*,#5648,.T.);
#3519=ORIENTED_EDGE('',*,*,#5662,.F.);
#3520=ORIENTED_EDGE('',*,*,#5663,.F.);
#3521=ORIENTED_EDGE('',*,*,#5645,.T.);
#3522=ORIENTED_EDGE('',*,*,#5664,.F.);
#3523=ORIENTED_EDGE('',*,*,#5665,.T.);
#3524=ORIENTED_EDGE('',*,*,#5649,.T.);
#3525=ORIENTED_EDGE('',*,*,#5650,.F.);
#3526=ORIENTED_EDGE('',*,*,#5647,.F.);
#3527=ORIENTED_EDGE('',*,*,#5666,.F.);
#3528=ORIENTED_EDGE('',*,*,#5667,.T.);
#3529=ORIENTED_EDGE('',*,*,#5668,.F.);
#3530=ORIENTED_EDGE('',*,*,#5657,.T.);
#3531=ORIENTED_EDGE('',*,*,#5669,.F.);
#3532=ORIENTED_EDGE('',*,*,#5670,.F.);
#3533=ORIENTED_EDGE('',*,*,#5671,.F.);
#3534=ORIENTED_EDGE('',*,*,#5672,.F.);
#3535=ORIENTED_EDGE('',*,*,#5673,.F.);
#3536=ORIENTED_EDGE('',*,*,#5674,.F.);
#3537=ORIENTED_EDGE('',*,*,#5675,.F.);
#3538=ORIENTED_EDGE('',*,*,#5676,.T.);
#3539=ORIENTED_EDGE('',*,*,#5677,.T.);
#3540=ORIENTED_EDGE('',*,*,#5678,.T.);
#3541=ORIENTED_EDGE('',*,*,#5679,.T.);
#3542=ORIENTED_EDGE('',*,*,#5680,.F.);
#3543=ORIENTED_EDGE('',*,*,#5664,.T.);
#3544=ORIENTED_EDGE('',*,*,#5661,.T.);
#3545=ORIENTED_EDGE('',*,*,#5663,.T.);
#3546=ORIENTED_EDGE('',*,*,#5681,.T.);
#3547=ORIENTED_EDGE('',*,*,#5682,.T.);
#3548=ORIENTED_EDGE('',*,*,#5660,.F.);
#3549=ORIENTED_EDGE('',*,*,#5683,.T.);
#3550=ORIENTED_EDGE('',*,*,#5684,.F.);
#3551=ORIENTED_EDGE('',*,*,#5685,.F.);
#3552=ORIENTED_EDGE('',*,*,#5686,.F.);
#3553=ORIENTED_EDGE('',*,*,#5669,.T.);
#3554=ORIENTED_EDGE('',*,*,#5662,.T.);
#3555=ORIENTED_EDGE('',*,*,#5668,.T.);
#3556=ORIENTED_EDGE('',*,*,#5687,.F.);
#3557=ORIENTED_EDGE('',*,*,#5688,.F.);
#3558=ORIENTED_EDGE('',*,*,#5665,.F.);
#3559=ORIENTED_EDGE('',*,*,#5689,.F.);
#3560=ORIENTED_EDGE('',*,*,#5690,.T.);
#3561=ORIENTED_EDGE('',*,*,#5666,.T.);
#3562=ORIENTED_EDGE('',*,*,#5691,.T.);
#3563=ORIENTED_EDGE('',*,*,#5692,.F.);
#3564=ORIENTED_EDGE('',*,*,#5667,.F.);
#3565=ORIENTED_EDGE('',*,*,#5693,.F.);
#3566=ORIENTED_EDGE('',*,*,#5694,.T.);
#3567=ORIENTED_EDGE('',*,*,#5675,.T.);
#3568=ORIENTED_EDGE('',*,*,#5695,.T.);
#3569=ORIENTED_EDGE('',*,*,#5696,.F.);
#3570=ORIENTED_EDGE('',*,*,#5697,.F.);
#3571=ORIENTED_EDGE('',*,*,#5698,.F.);
#3572=ORIENTED_EDGE('',*,*,#5679,.F.);
#3573=ORIENTED_EDGE('',*,*,#5699,.T.);
#3574=ORIENTED_EDGE('',*,*,#5700,.F.);
#3575=ORIENTED_EDGE('',*,*,#5699,.F.);
#3576=ORIENTED_EDGE('',*,*,#5678,.F.);
#3577=ORIENTED_EDGE('',*,*,#5701,.T.);
#3578=ORIENTED_EDGE('',*,*,#5702,.F.);
#3579=ORIENTED_EDGE('',*,*,#5701,.F.);
#3580=ORIENTED_EDGE('',*,*,#5677,.F.);
#3581=ORIENTED_EDGE('',*,*,#5703,.T.);
#3582=ORIENTED_EDGE('',*,*,#5704,.F.);
#3583=ORIENTED_EDGE('',*,*,#5703,.F.);
#3584=ORIENTED_EDGE('',*,*,#5676,.F.);
#3585=ORIENTED_EDGE('',*,*,#5698,.T.);
#3586=ORIENTED_EDGE('',*,*,#5674,.T.);
#3587=ORIENTED_EDGE('',*,*,#5705,.T.);
#3588=ORIENTED_EDGE('',*,*,#5706,.F.);
#3589=ORIENTED_EDGE('',*,*,#5695,.F.);
#3590=ORIENTED_EDGE('',*,*,#5673,.T.);
#3591=ORIENTED_EDGE('',*,*,#5707,.T.);
#3592=ORIENTED_EDGE('',*,*,#5708,.F.);
#3593=ORIENTED_EDGE('',*,*,#5705,.F.);
#3594=ORIENTED_EDGE('',*,*,#5672,.T.);
#3595=ORIENTED_EDGE('',*,*,#5709,.T.);
#3596=ORIENTED_EDGE('',*,*,#5710,.F.);
#3597=ORIENTED_EDGE('',*,*,#5707,.F.);
#3598=ORIENTED_EDGE('',*,*,#5671,.T.);
#3599=ORIENTED_EDGE('',*,*,#5711,.T.);
#3600=ORIENTED_EDGE('',*,*,#5712,.F.);
#3601=ORIENTED_EDGE('',*,*,#5709,.F.);
#3602=ORIENTED_EDGE('',*,*,#5670,.T.);
#3603=ORIENTED_EDGE('',*,*,#5686,.T.);
#3604=ORIENTED_EDGE('',*,*,#5713,.F.);
#3605=ORIENTED_EDGE('',*,*,#5711,.F.);
#3606=ORIENTED_EDGE('',*,*,#5680,.T.);
#3607=ORIENTED_EDGE('',*,*,#5688,.T.);
#3608=ORIENTED_EDGE('',*,*,#5714,.F.);
#3609=ORIENTED_EDGE('',*,*,#5689,.T.);
#3610=ORIENTED_EDGE('',*,*,#5681,.F.);
#3611=ORIENTED_EDGE('',*,*,#5696,.T.);
#3612=ORIENTED_EDGE('',*,*,#5706,.T.);
#3613=ORIENTED_EDGE('',*,*,#5708,.T.);
#3614=ORIENTED_EDGE('',*,*,#5710,.T.);
#3615=ORIENTED_EDGE('',*,*,#5712,.T.);
#3616=ORIENTED_EDGE('',*,*,#5713,.T.);
#3617=ORIENTED_EDGE('',*,*,#5685,.T.);
#3618=ORIENTED_EDGE('',*,*,#5704,.T.);
#3619=ORIENTED_EDGE('',*,*,#5697,.T.);
#3620=ORIENTED_EDGE('',*,*,#5700,.T.);
#3621=ORIENTED_EDGE('',*,*,#5702,.T.);
#3622=ORIENTED_EDGE('',*,*,#5692,.T.);
#3623=ORIENTED_EDGE('',*,*,#5715,.F.);
#3624=ORIENTED_EDGE('',*,*,#5716,.F.);
#3625=ORIENTED_EDGE('',*,*,#5687,.T.);
#3626=ORIENTED_EDGE('',*,*,#5717,.F.);
#3627=ORIENTED_EDGE('',*,*,#5718,.T.);
#3628=ORIENTED_EDGE('',*,*,#5693,.T.);
#3629=ORIENTED_EDGE('',*,*,#5690,.F.);
#3630=ORIENTED_EDGE('',*,*,#5691,.F.);
#3631=ORIENTED_EDGE('',*,*,#5719,.F.);
#3632=ORIENTED_EDGE('',*,*,#5720,.T.);
#3633=ORIENTED_EDGE('',*,*,#5721,.F.);
#3634=ORIENTED_EDGE('',*,*,#5722,.F.);
#3635=ORIENTED_EDGE('',*,*,#5717,.T.);
#3636=ORIENTED_EDGE('',*,*,#5714,.T.);
#3637=ORIENTED_EDGE('',*,*,#5716,.T.);
#3638=ORIENTED_EDGE('',*,*,#5715,.T.);
#3639=ORIENTED_EDGE('',*,*,#5721,.T.);
#3640=ORIENTED_EDGE('',*,*,#5723,.F.);
#3641=ORIENTED_EDGE('',*,*,#5724,.F.);
#3642=ORIENTED_EDGE('',*,*,#5718,.F.);
#3643=ORIENTED_EDGE('',*,*,#5725,.F.);
#3644=ORIENTED_EDGE('',*,*,#5726,.T.);
#3645=ORIENTED_EDGE('',*,*,#5719,.T.);
#3646=ORIENTED_EDGE('',*,*,#5727,.T.);
#3647=ORIENTED_EDGE('',*,*,#5728,.F.);
#3648=ORIENTED_EDGE('',*,*,#5720,.F.);
#3649=ORIENTED_EDGE('',*,*,#5729,.F.);
#3650=ORIENTED_EDGE('',*,*,#5722,.T.);
#3651=ORIENTED_EDGE('',*,*,#5724,.T.);
#3652=ORIENTED_EDGE('',*,*,#5730,.F.);
#3653=ORIENTED_EDGE('',*,*,#5725,.T.);
#3654=ORIENTED_EDGE('',*,*,#5728,.T.);
#3655=ORIENTED_EDGE('',*,*,#5731,.F.);
#3656=ORIENTED_EDGE('',*,*,#5732,.F.);
#3657=ORIENTED_EDGE('',*,*,#5723,.T.);
#3658=ORIENTED_EDGE('',*,*,#5733,.F.);
#3659=ORIENTED_EDGE('',*,*,#5734,.T.);
#3660=ORIENTED_EDGE('',*,*,#5729,.T.);
#3661=ORIENTED_EDGE('',*,*,#5726,.F.);
#3662=ORIENTED_EDGE('',*,*,#5727,.F.);
#3663=ORIENTED_EDGE('',*,*,#5735,.F.);
#3664=ORIENTED_EDGE('',*,*,#5736,.F.);
#3665=ORIENTED_EDGE('',*,*,#5737,.F.);
#3666=ORIENTED_EDGE('',*,*,#5738,.F.);
#3667=ORIENTED_EDGE('',*,*,#5733,.T.);
#3668=ORIENTED_EDGE('',*,*,#5730,.T.);
#3669=ORIENTED_EDGE('',*,*,#5732,.T.);
#3670=ORIENTED_EDGE('',*,*,#5731,.T.);
#3671=ORIENTED_EDGE('',*,*,#5737,.T.);
#3672=ORIENTED_EDGE('',*,*,#5739,.T.);
#3673=ORIENTED_EDGE('',*,*,#5740,.F.);
#3674=ORIENTED_EDGE('',*,*,#5734,.F.);
#3675=ORIENTED_EDGE('',*,*,#5741,.F.);
#3676=ORIENTED_EDGE('',*,*,#5742,.F.);
#3677=ORIENTED_EDGE('',*,*,#5735,.T.);
#3678=ORIENTED_EDGE('',*,*,#5736,.T.);
#3679=ORIENTED_EDGE('',*,*,#5742,.T.);
#3680=ORIENTED_EDGE('',*,*,#5743,.F.);
#3681=ORIENTED_EDGE('',*,*,#5739,.F.);
#3682=ORIENTED_EDGE('',*,*,#5738,.T.);
#3683=ORIENTED_EDGE('',*,*,#5740,.T.);
#3684=ORIENTED_EDGE('',*,*,#5743,.T.);
#3685=ORIENTED_EDGE('',*,*,#5741,.T.);
#3686=ORIENTED_EDGE('',*,*,#5658,.T.);
#3687=ORIENTED_EDGE('',*,*,#5694,.F.);
#3688=ORIENTED_EDGE('',*,*,#5683,.F.);
#3689=ORIENTED_EDGE('',*,*,#5655,.T.);
#3690=ORIENTED_EDGE('',*,*,#5682,.F.);
#3691=ORIENTED_EDGE('',*,*,#5684,.T.);
#3692=ORIENTED_EDGE('',*,*,#5659,.T.);
#3693=ORIENTED_EDGE('',*,*,#5640,.F.);
#3694=ORIENTED_EDGE('',*,*,#5744,.T.);
#3695=ORIENTED_EDGE('',*,*,#5745,.F.);
#3696=ORIENTED_EDGE('',*,*,#5746,.T.);
#3697=ORIENTED_EDGE('',*,*,#5747,.F.);
#3698=ORIENTED_EDGE('',*,*,#5748,.T.);
#3699=ORIENTED_EDGE('',*,*,#5749,.F.);
#3700=ORIENTED_EDGE('',*,*,#5750,.T.);
#3701=ORIENTED_EDGE('',*,*,#5751,.F.);
#3702=ORIENTED_EDGE('',*,*,#5752,.T.);
#3703=ORIENTED_EDGE('',*,*,#5753,.F.);
#3704=ORIENTED_EDGE('',*,*,#5754,.T.);
#3705=ORIENTED_EDGE('',*,*,#5755,.F.);
#3706=ORIENTED_EDGE('',*,*,#5756,.T.);
#3707=ORIENTED_EDGE('',*,*,#5757,.F.);
#3708=ORIENTED_EDGE('',*,*,#5758,.T.);
#3709=ORIENTED_EDGE('',*,*,#5759,.F.);
#3710=ORIENTED_EDGE('',*,*,#5760,.T.);
#3711=ORIENTED_EDGE('',*,*,#5761,.F.);
#3712=ORIENTED_EDGE('',*,*,#5762,.T.);
#3713=ORIENTED_EDGE('',*,*,#5763,.F.);
#3714=ORIENTED_EDGE('',*,*,#5764,.T.);
#3715=ORIENTED_EDGE('',*,*,#5765,.F.);
#3716=ORIENTED_EDGE('',*,*,#5766,.T.);
#3717=ORIENTED_EDGE('',*,*,#5767,.F.);
#3718=ORIENTED_EDGE('',*,*,#5768,.T.);
#3719=ORIENTED_EDGE('',*,*,#5769,.F.);
#3720=ORIENTED_EDGE('',*,*,#5770,.T.);
#3721=ORIENTED_EDGE('',*,*,#5771,.F.);
#3722=ORIENTED_EDGE('',*,*,#5772,.T.);
#3723=ORIENTED_EDGE('',*,*,#5773,.F.);
#3724=ORIENTED_EDGE('',*,*,#5774,.T.);
#3725=ORIENTED_EDGE('',*,*,#5775,.F.);
#3726=ORIENTED_EDGE('',*,*,#5776,.T.);
#3727=ORIENTED_EDGE('',*,*,#5771,.T.);
#3728=ORIENTED_EDGE('',*,*,#5777,.F.);
#3729=ORIENTED_EDGE('',*,*,#5778,.T.);
#3730=ORIENTED_EDGE('',*,*,#5779,.T.);
#3731=ORIENTED_EDGE('',*,*,#5780,.T.);
#3732=ORIENTED_EDGE('',*,*,#5781,.T.);
#3733=ORIENTED_EDGE('',*,*,#5782,.T.);
#3734=ORIENTED_EDGE('',*,*,#5783,.T.);
#3735=ORIENTED_EDGE('',*,*,#5784,.T.);
#3736=ORIENTED_EDGE('',*,*,#5785,.T.);
#3737=ORIENTED_EDGE('',*,*,#5786,.T.);
#3738=ORIENTED_EDGE('',*,*,#5787,.T.);
#3739=ORIENTED_EDGE('',*,*,#5745,.T.);
#3740=ORIENTED_EDGE('',*,*,#5788,.T.);
#3741=ORIENTED_EDGE('',*,*,#5789,.T.);
#3742=ORIENTED_EDGE('',*,*,#5790,.T.);
#3743=ORIENTED_EDGE('',*,*,#5751,.T.);
#3744=ORIENTED_EDGE('',*,*,#5791,.T.);
#3745=ORIENTED_EDGE('',*,*,#5792,.F.);
#3746=ORIENTED_EDGE('',*,*,#5793,.T.);
#3747=ORIENTED_EDGE('',*,*,#5773,.T.);
#3748=ORIENTED_EDGE('',*,*,#5794,.T.);
#3749=ORIENTED_EDGE('',*,*,#5795,.T.);
#3750=ORIENTED_EDGE('',*,*,#5796,.T.);
#3751=ORIENTED_EDGE('',*,*,#5797,.T.);
#3752=ORIENTED_EDGE('',*,*,#5798,.T.);
#3753=ORIENTED_EDGE('',*,*,#5799,.T.);
#3754=ORIENTED_EDGE('',*,*,#5800,.T.);
#3755=ORIENTED_EDGE('',*,*,#5801,.T.);
#3756=ORIENTED_EDGE('',*,*,#5802,.T.);
#3757=ORIENTED_EDGE('',*,*,#5803,.T.);
#3758=ORIENTED_EDGE('',*,*,#5804,.T.);
#3759=ORIENTED_EDGE('',*,*,#5767,.T.);
#3760=ORIENTED_EDGE('',*,*,#5805,.T.);
#3761=ORIENTED_EDGE('',*,*,#5806,.T.);
#3762=ORIENTED_EDGE('',*,*,#5807,.T.);
#3763=ORIENTED_EDGE('',*,*,#5757,.T.);
#3764=ORIENTED_EDGE('',*,*,#5808,.T.);
#3765=ORIENTED_EDGE('',*,*,#5809,.T.);
#3766=ORIENTED_EDGE('',*,*,#5810,.T.);
#3767=ORIENTED_EDGE('',*,*,#5755,.T.);
#3768=ORIENTED_EDGE('',*,*,#5811,.T.);
#3769=ORIENTED_EDGE('',*,*,#5812,.T.);
#3770=ORIENTED_EDGE('',*,*,#5813,.T.);
#3771=ORIENTED_EDGE('',*,*,#5814,.F.);
#3772=ORIENTED_EDGE('',*,*,#5815,.T.);
#3773=ORIENTED_EDGE('',*,*,#5816,.T.);
#3774=ORIENTED_EDGE('',*,*,#5817,.T.);
#3775=ORIENTED_EDGE('',*,*,#5818,.F.);
#3776=ORIENTED_EDGE('',*,*,#5819,.T.);
#3777=ORIENTED_EDGE('',*,*,#5820,.T.);
#3778=ORIENTED_EDGE('',*,*,#5821,.F.);
#3779=ORIENTED_EDGE('',*,*,#5761,.T.);
#3780=ORIENTED_EDGE('',*,*,#5822,.T.);
#3781=ORIENTED_EDGE('',*,*,#5823,.T.);
#3782=ORIENTED_EDGE('',*,*,#5824,.T.);
#3783=ORIENTED_EDGE('',*,*,#5825,.T.);
#3784=ORIENTED_EDGE('',*,*,#5826,.T.);
#3785=ORIENTED_EDGE('',*,*,#5827,.T.);
#3786=ORIENTED_EDGE('',*,*,#5828,.T.);
#3787=ORIENTED_EDGE('',*,*,#5763,.T.);
#3788=ORIENTED_EDGE('',*,*,#5829,.F.);
#3789=ORIENTED_EDGE('',*,*,#5830,.T.);
#3790=ORIENTED_EDGE('',*,*,#5831,.T.);
#3791=ORIENTED_EDGE('',*,*,#5832,.T.);
#3792=ORIENTED_EDGE('',*,*,#5833,.F.);
#3793=ORIENTED_EDGE('',*,*,#5834,.T.);
#3794=ORIENTED_EDGE('',*,*,#5835,.T.);
#3795=ORIENTED_EDGE('',*,*,#5836,.T.);
#3796=ORIENTED_EDGE('',*,*,#5837,.T.);
#3797=ORIENTED_EDGE('',*,*,#5838,.T.);
#3798=ORIENTED_EDGE('',*,*,#5839,.T.);
#3799=ORIENTED_EDGE('',*,*,#5840,.T.);
#3800=ORIENTED_EDGE('',*,*,#5841,.T.);
#3801=ORIENTED_EDGE('',*,*,#5842,.T.);
#3802=ORIENTED_EDGE('',*,*,#5843,.T.);
#3803=ORIENTED_EDGE('',*,*,#5753,.T.);
#3804=ORIENTED_EDGE('',*,*,#5844,.T.);
#3805=ORIENTED_EDGE('',*,*,#5845,.T.);
#3806=ORIENTED_EDGE('',*,*,#5846,.T.);
#3807=ORIENTED_EDGE('',*,*,#5759,.T.);
#3808=ORIENTED_EDGE('',*,*,#5847,.T.);
#3809=ORIENTED_EDGE('',*,*,#5848,.F.);
#3810=ORIENTED_EDGE('',*,*,#5849,.T.);
#3811=ORIENTED_EDGE('',*,*,#5765,.T.);
#3812=ORIENTED_EDGE('',*,*,#5850,.T.);
#3813=ORIENTED_EDGE('',*,*,#5851,.T.);
#3814=ORIENTED_EDGE('',*,*,#5852,.T.);
#3815=ORIENTED_EDGE('',*,*,#5853,.T.);
#3816=ORIENTED_EDGE('',*,*,#5854,.T.);
#3817=ORIENTED_EDGE('',*,*,#5855,.T.);
#3818=ORIENTED_EDGE('',*,*,#5856,.T.);
#3819=ORIENTED_EDGE('',*,*,#5857,.T.);
#3820=ORIENTED_EDGE('',*,*,#5858,.T.);
#3821=ORIENTED_EDGE('',*,*,#5859,.T.);
#3822=ORIENTED_EDGE('',*,*,#5860,.T.);
#3823=ORIENTED_EDGE('',*,*,#5775,.T.);
#3824=ORIENTED_EDGE('',*,*,#5861,.T.);
#3825=ORIENTED_EDGE('',*,*,#5862,.T.);
#3826=ORIENTED_EDGE('',*,*,#5863,.T.);
#3827=ORIENTED_EDGE('',*,*,#5749,.T.);
#3828=ORIENTED_EDGE('',*,*,#5864,.T.);
#3829=ORIENTED_EDGE('',*,*,#5865,.T.);
#3830=ORIENTED_EDGE('',*,*,#5866,.T.);
#3831=ORIENTED_EDGE('',*,*,#5747,.T.);
#3832=ORIENTED_EDGE('',*,*,#5867,.T.);
#3833=ORIENTED_EDGE('',*,*,#5868,.T.);
#3834=ORIENTED_EDGE('',*,*,#5869,.T.);
#3835=ORIENTED_EDGE('',*,*,#5870,.T.);
#3836=ORIENTED_EDGE('',*,*,#5871,.T.);
#3837=ORIENTED_EDGE('',*,*,#5872,.F.);
#3838=ORIENTED_EDGE('',*,*,#5873,.T.);
#3839=ORIENTED_EDGE('',*,*,#5874,.T.);
#3840=ORIENTED_EDGE('',*,*,#5875,.T.);
#3841=ORIENTED_EDGE('',*,*,#5876,.T.);
#3842=ORIENTED_EDGE('',*,*,#5877,.T.);
#3843=ORIENTED_EDGE('',*,*,#5878,.T.);
#3844=ORIENTED_EDGE('',*,*,#5879,.T.);
#3845=ORIENTED_EDGE('',*,*,#5880,.T.);
#3846=ORIENTED_EDGE('',*,*,#5881,.F.);
#3847=ORIENTED_EDGE('',*,*,#5769,.T.);
#3848=ORIENTED_EDGE('',*,*,#5882,.T.);
#3849=ORIENTED_EDGE('',*,*,#5883,.T.);
#3850=ORIENTED_EDGE('',*,*,#5884,.T.);
#3851=ORIENTED_EDGE('',*,*,#5885,.T.);
#3852=ORIENTED_EDGE('',*,*,#5886,.T.);
#3853=ORIENTED_EDGE('',*,*,#5887,.T.);
#3854=ORIENTED_EDGE('',*,*,#5888,.T.);
#3855=ORIENTED_EDGE('',*,*,#5889,.F.);
#3856=ORIENTED_EDGE('',*,*,#5890,.T.);
#3857=ORIENTED_EDGE('',*,*,#5891,.F.);
#3858=ORIENTED_EDGE('',*,*,#5892,.T.);
#3859=ORIENTED_EDGE('',*,*,#5893,.F.);
#3860=ORIENTED_EDGE('',*,*,#5894,.T.);
#3861=ORIENTED_EDGE('',*,*,#5895,.F.);
#3862=ORIENTED_EDGE('',*,*,#5896,.T.);
#3863=ORIENTED_EDGE('',*,*,#5897,.T.);
#3864=ORIENTED_EDGE('',*,*,#5898,.T.);
#3865=ORIENTED_EDGE('',*,*,#5899,.T.);
#3866=ORIENTED_EDGE('',*,*,#5894,.F.);
#3867=ORIENTED_EDGE('',*,*,#5845,.F.);
#3868=ORIENTED_EDGE('',*,*,#5900,.F.);
#3869=ORIENTED_EDGE('',*,*,#5899,.F.);
#3870=ORIENTED_EDGE('',*,*,#5901,.T.);
#3871=ORIENTED_EDGE('',*,*,#5846,.F.);
#3872=ORIENTED_EDGE('',*,*,#5901,.F.);
#3873=ORIENTED_EDGE('',*,*,#5898,.F.);
#3874=ORIENTED_EDGE('',*,*,#5902,.T.);
#3875=ORIENTED_EDGE('',*,*,#5808,.F.);
#3876=ORIENTED_EDGE('',*,*,#5756,.F.);
#3877=ORIENTED_EDGE('',*,*,#5809,.F.);
#3878=ORIENTED_EDGE('',*,*,#5902,.F.);
#3879=ORIENTED_EDGE('',*,*,#5897,.F.);
#3880=ORIENTED_EDGE('',*,*,#5903,.T.);
#3881=ORIENTED_EDGE('',*,*,#5844,.F.);
#3882=ORIENTED_EDGE('',*,*,#5752,.F.);
#3883=ORIENTED_EDGE('',*,*,#5810,.F.);
#3884=ORIENTED_EDGE('',*,*,#5903,.F.);
#3885=ORIENTED_EDGE('',*,*,#5896,.F.);
#3886=ORIENTED_EDGE('',*,*,#5900,.T.);
#3887=ORIENTED_EDGE('',*,*,#5904,.T.);
#3888=ORIENTED_EDGE('',*,*,#5905,.T.);
#3889=ORIENTED_EDGE('',*,*,#5906,.T.);
#3890=ORIENTED_EDGE('',*,*,#5907,.T.);
#3891=ORIENTED_EDGE('',*,*,#5892,.F.);
#3892=ORIENTED_EDGE('',*,*,#5803,.F.);
#3893=ORIENTED_EDGE('',*,*,#5908,.F.);
#3894=ORIENTED_EDGE('',*,*,#5907,.F.);
#3895=ORIENTED_EDGE('',*,*,#5909,.T.);
#3896=ORIENTED_EDGE('',*,*,#5850,.F.);
#3897=ORIENTED_EDGE('',*,*,#5764,.F.);
#3898=ORIENTED_EDGE('',*,*,#5804,.F.);
#3899=ORIENTED_EDGE('',*,*,#5909,.F.);
#3900=ORIENTED_EDGE('',*,*,#5906,.F.);
#3901=ORIENTED_EDGE('',*,*,#5910,.T.);
#3902=ORIENTED_EDGE('',*,*,#5851,.F.);
#3903=ORIENTED_EDGE('',*,*,#5910,.F.);
#3904=ORIENTED_EDGE('',*,*,#5905,.F.);
#3905=ORIENTED_EDGE('',*,*,#5911,.T.);
#3906=ORIENTED_EDGE('',*,*,#5828,.F.);
#3907=ORIENTED_EDGE('',*,*,#5911,.F.);
#3908=ORIENTED_EDGE('',*,*,#5904,.F.);
#3909=ORIENTED_EDGE('',*,*,#5908,.T.);
#3910=ORIENTED_EDGE('',*,*,#5802,.F.);
#3911=ORIENTED_EDGE('',*,*,#5760,.F.);
#3912=ORIENTED_EDGE('',*,*,#5912,.T.);
#3913=ORIENTED_EDGE('',*,*,#5913,.T.);
#3914=ORIENTED_EDGE('',*,*,#5914,.T.);
#3915=ORIENTED_EDGE('',*,*,#5915,.T.);
#3916=ORIENTED_EDGE('',*,*,#5888,.F.);
#3917=ORIENTED_EDGE('',*,*,#5789,.F.);
#3918=ORIENTED_EDGE('',*,*,#5916,.F.);
#3919=ORIENTED_EDGE('',*,*,#5915,.F.);
#3920=ORIENTED_EDGE('',*,*,#5917,.T.);
#3921=ORIENTED_EDGE('',*,*,#5864,.F.);
#3922=ORIENTED_EDGE('',*,*,#5748,.F.);
#3923=ORIENTED_EDGE('',*,*,#5790,.F.);
#3924=ORIENTED_EDGE('',*,*,#5917,.F.);
#3925=ORIENTED_EDGE('',*,*,#5914,.F.);
#3926=ORIENTED_EDGE('',*,*,#5918,.T.);
#3927=ORIENTED_EDGE('',*,*,#5865,.F.);
#3928=ORIENTED_EDGE('',*,*,#5918,.F.);
#3929=ORIENTED_EDGE('',*,*,#5913,.F.);
#3930=ORIENTED_EDGE('',*,*,#5919,.T.);
#3931=ORIENTED_EDGE('',*,*,#5866,.F.);
#3932=ORIENTED_EDGE('',*,*,#5919,.F.);
#3933=ORIENTED_EDGE('',*,*,#5912,.F.);
#3934=ORIENTED_EDGE('',*,*,#5916,.T.);
#3935=ORIENTED_EDGE('',*,*,#5788,.F.);
#3936=ORIENTED_EDGE('',*,*,#5744,.F.);
#3937=ORIENTED_EDGE('',*,*,#5920,.T.);
#3938=ORIENTED_EDGE('',*,*,#5921,.T.);
#3939=ORIENTED_EDGE('',*,*,#5922,.T.);
#3940=ORIENTED_EDGE('',*,*,#5923,.T.);
#3941=ORIENTED_EDGE('',*,*,#5890,.F.);
#3942=ORIENTED_EDGE('',*,*,#5859,.F.);
#3943=ORIENTED_EDGE('',*,*,#5924,.F.);
#3944=ORIENTED_EDGE('',*,*,#5923,.F.);
#3945=ORIENTED_EDGE('',*,*,#5925,.T.);
#3946=ORIENTED_EDGE('',*,*,#5860,.F.);
#3947=ORIENTED_EDGE('',*,*,#5925,.F.);
#3948=ORIENTED_EDGE('',*,*,#5922,.F.);
#3949=ORIENTED_EDGE('',*,*,#5926,.T.);
#3950=ORIENTED_EDGE('',*,*,#5794,.F.);
#3951=ORIENTED_EDGE('',*,*,#5772,.F.);
#3952=ORIENTED_EDGE('',*,*,#5795,.F.);
#3953=ORIENTED_EDGE('',*,*,#5926,.F.);
#3954=ORIENTED_EDGE('',*,*,#5921,.F.);
#3955=ORIENTED_EDGE('',*,*,#5927,.T.);
#3956=ORIENTED_EDGE('',*,*,#5858,.F.);
#3957=ORIENTED_EDGE('',*,*,#5768,.F.);
#3958=ORIENTED_EDGE('',*,*,#5776,.F.);
#3959=ORIENTED_EDGE('',*,*,#5927,.F.);
#3960=ORIENTED_EDGE('',*,*,#5920,.F.);
#3961=ORIENTED_EDGE('',*,*,#5924,.T.);
#3962=ORIENTED_EDGE('',*,*,#5928,.T.);
#3963=ORIENTED_EDGE('',*,*,#5929,.F.);
#3964=ORIENTED_EDGE('',*,*,#5930,.F.);
#3965=ORIENTED_EDGE('',*,*,#5931,.F.);
#3966=ORIENTED_EDGE('',*,*,#5932,.F.);
#3967=ORIENTED_EDGE('',*,*,#5811,.F.);
#3968=ORIENTED_EDGE('',*,*,#5754,.F.);
#3969=ORIENTED_EDGE('',*,*,#5843,.F.);
#3970=ORIENTED_EDGE('',*,*,#5933,.F.);
#3971=ORIENTED_EDGE('',*,*,#5867,.F.);
#3972=ORIENTED_EDGE('',*,*,#5746,.F.);
#3973=ORIENTED_EDGE('',*,*,#5787,.F.);
#3974=ORIENTED_EDGE('',*,*,#5934,.F.);
#3975=ORIENTED_EDGE('',*,*,#5935,.F.);
#3976=ORIENTED_EDGE('',*,*,#5936,.F.);
#3977=ORIENTED_EDGE('',*,*,#5937,.F.);
#3978=ORIENTED_EDGE('',*,*,#5938,.T.);
#3979=ORIENTED_EDGE('',*,*,#5939,.T.);
#3980=ORIENTED_EDGE('',*,*,#5940,.T.);
#3981=ORIENTED_EDGE('',*,*,#5941,.F.);
#3982=ORIENTED_EDGE('',*,*,#5942,.T.);
#3983=ORIENTED_EDGE('',*,*,#5943,.T.);
#3984=ORIENTED_EDGE('',*,*,#5944,.T.);
#3985=ORIENTED_EDGE('',*,*,#5945,.F.);
#3986=ORIENTED_EDGE('',*,*,#5946,.T.);
#3987=ORIENTED_EDGE('',*,*,#5947,.T.);
#3988=ORIENTED_EDGE('',*,*,#5948,.T.);
#3989=ORIENTED_EDGE('',*,*,#5949,.F.);
#3990=ORIENTED_EDGE('',*,*,#5950,.T.);
#3991=ORIENTED_EDGE('',*,*,#5951,.T.);
#3992=ORIENTED_EDGE('',*,*,#5952,.F.);
#3993=ORIENTED_EDGE('',*,*,#5871,.F.);
#3994=ORIENTED_EDGE('',*,*,#5953,.T.);
#3995=ORIENTED_EDGE('',*,*,#5791,.F.);
#3996=ORIENTED_EDGE('',*,*,#5750,.F.);
#3997=ORIENTED_EDGE('',*,*,#5863,.F.);
#3998=ORIENTED_EDGE('',*,*,#5954,.F.);
#3999=ORIENTED_EDGE('',*,*,#5847,.F.);
#4000=ORIENTED_EDGE('',*,*,#5758,.F.);
#4001=ORIENTED_EDGE('',*,*,#5807,.F.);
#4002=ORIENTED_EDGE('',*,*,#5955,.F.);
#4003=ORIENTED_EDGE('',*,*,#5956,.T.);
#4004=ORIENTED_EDGE('',*,*,#5957,.F.);
#4005=ORIENTED_EDGE('',*,*,#5958,.F.);
#4006=ORIENTED_EDGE('',*,*,#5959,.F.);
#4007=ORIENTED_EDGE('',*,*,#5960,.F.);
#4008=ORIENTED_EDGE('',*,*,#5777,.T.);
#4009=ORIENTED_EDGE('',*,*,#5770,.F.);
#4010=ORIENTED_EDGE('',*,*,#5881,.T.);
#4011=ORIENTED_EDGE('',*,*,#5961,.F.);
#4012=ORIENTED_EDGE('',*,*,#5829,.T.);
#4013=ORIENTED_EDGE('',*,*,#5762,.F.);
#4014=ORIENTED_EDGE('',*,*,#5821,.T.);
#4015=ORIENTED_EDGE('',*,*,#5962,.F.);
#4016=ORIENTED_EDGE('',*,*,#5963,.F.);
#4017=ORIENTED_EDGE('',*,*,#5964,.F.);
#4018=ORIENTED_EDGE('',*,*,#5965,.F.);
#4019=ORIENTED_EDGE('',*,*,#5966,.T.);
#4020=ORIENTED_EDGE('',*,*,#5967,.T.);
#4021=ORIENTED_EDGE('',*,*,#5968,.T.);
#4022=ORIENTED_EDGE('',*,*,#5969,.F.);
#4023=ORIENTED_EDGE('',*,*,#5970,.T.);
#4024=ORIENTED_EDGE('',*,*,#5971,.T.);
#4025=ORIENTED_EDGE('',*,*,#5972,.T.);
#4026=ORIENTED_EDGE('',*,*,#5973,.F.);
#4027=ORIENTED_EDGE('',*,*,#5974,.T.);
#4028=ORIENTED_EDGE('',*,*,#5975,.T.);
#4029=ORIENTED_EDGE('',*,*,#5976,.T.);
#4030=ORIENTED_EDGE('',*,*,#5977,.F.);
#4031=ORIENTED_EDGE('',*,*,#5978,.T.);
#4032=ORIENTED_EDGE('',*,*,#5979,.T.);
#4033=ORIENTED_EDGE('',*,*,#5980,.T.);
#4034=ORIENTED_EDGE('',*,*,#5833,.T.);
#4035=ORIENTED_EDGE('',*,*,#5981,.T.);
#4036=ORIENTED_EDGE('',*,*,#5849,.F.);
#4037=ORIENTED_EDGE('',*,*,#5982,.F.);
#4038=ORIENTED_EDGE('',*,*,#5805,.F.);
#4039=ORIENTED_EDGE('',*,*,#5766,.F.);
#4040=ORIENTED_EDGE('',*,*,#5793,.F.);
#4041=ORIENTED_EDGE('',*,*,#5983,.F.);
#4042=ORIENTED_EDGE('',*,*,#5861,.F.);
#4043=ORIENTED_EDGE('',*,*,#5774,.F.);
#4044=ORIENTED_EDGE('',*,*,#5984,.F.);
#4045=ORIENTED_EDGE('',*,*,#5985,.T.);
#4046=ORIENTED_EDGE('',*,*,#5778,.F.);
#4047=ORIENTED_EDGE('',*,*,#5960,.T.);
#4048=ORIENTED_EDGE('',*,*,#5986,.F.);
#4049=ORIENTED_EDGE('',*,*,#5987,.F.);
#4050=ORIENTED_EDGE('',*,*,#5779,.F.);
#4051=ORIENTED_EDGE('',*,*,#5985,.F.);
#4052=ORIENTED_EDGE('',*,*,#5988,.T.);
#4053=ORIENTED_EDGE('',*,*,#5780,.F.);
#4054=ORIENTED_EDGE('',*,*,#5987,.T.);
#4055=ORIENTED_EDGE('',*,*,#5989,.F.);
#4056=ORIENTED_EDGE('',*,*,#5990,.F.);
#4057=ORIENTED_EDGE('',*,*,#5991,.F.);
#4058=ORIENTED_EDGE('',*,*,#5781,.F.);
#4059=ORIENTED_EDGE('',*,*,#5988,.F.);
#4060=ORIENTED_EDGE('',*,*,#5992,.F.);
#4061=ORIENTED_EDGE('',*,*,#5993,.T.);
#4062=ORIENTED_EDGE('',*,*,#5782,.F.);
#4063=ORIENTED_EDGE('',*,*,#5991,.T.);
#4064=ORIENTED_EDGE('',*,*,#5994,.F.);
#4065=ORIENTED_EDGE('',*,*,#5995,.F.);
#4066=ORIENTED_EDGE('',*,*,#5783,.F.);
#4067=ORIENTED_EDGE('',*,*,#5993,.F.);
#4068=ORIENTED_EDGE('',*,*,#5995,.T.);
#4069=ORIENTED_EDGE('',*,*,#5996,.F.);
#4070=ORIENTED_EDGE('',*,*,#5997,.T.);
#4071=ORIENTED_EDGE('',*,*,#5784,.F.);
#4072=ORIENTED_EDGE('',*,*,#5998,.F.);
#4073=ORIENTED_EDGE('',*,*,#5999,.F.);
#4074=ORIENTED_EDGE('',*,*,#5785,.F.);
#4075=ORIENTED_EDGE('',*,*,#5997,.F.);
#4076=ORIENTED_EDGE('',*,*,#6000,.F.);
#4077=ORIENTED_EDGE('',*,*,#5934,.T.);
#4078=ORIENTED_EDGE('',*,*,#5786,.F.);
#4079=ORIENTED_EDGE('',*,*,#5999,.T.);
#4080=ORIENTED_EDGE('',*,*,#5983,.T.);
#4081=ORIENTED_EDGE('',*,*,#5792,.T.);
#4082=ORIENTED_EDGE('',*,*,#5954,.T.);
#4083=ORIENTED_EDGE('',*,*,#5862,.F.);
#4084=ORIENTED_EDGE('',*,*,#5796,.F.);
#4085=ORIENTED_EDGE('',*,*,#6001,.T.);
#4086=ORIENTED_EDGE('',*,*,#6002,.F.);
#4087=ORIENTED_EDGE('',*,*,#5797,.F.);
#4088=ORIENTED_EDGE('',*,*,#6003,.F.);
#4089=ORIENTED_EDGE('',*,*,#6004,.F.);
#4090=ORIENTED_EDGE('',*,*,#5798,.F.);
#4091=ORIENTED_EDGE('',*,*,#6004,.T.);
#4092=ORIENTED_EDGE('',*,*,#6005,.F.);
#4093=ORIENTED_EDGE('',*,*,#6006,.F.);
#4094=ORIENTED_EDGE('',*,*,#5799,.F.);
#4095=ORIENTED_EDGE('',*,*,#6006,.T.);
#4096=ORIENTED_EDGE('',*,*,#6007,.F.);
#4097=ORIENTED_EDGE('',*,*,#5800,.F.);
#4098=ORIENTED_EDGE('',*,*,#6008,.F.);
#4099=ORIENTED_EDGE('',*,*,#6009,.F.);
#4100=ORIENTED_EDGE('',*,*,#5801,.F.);
#4101=ORIENTED_EDGE('',*,*,#6009,.T.);
#4102=ORIENTED_EDGE('',*,*,#6010,.F.);
#4103=ORIENTED_EDGE('',*,*,#6001,.F.);
#4104=ORIENTED_EDGE('',*,*,#5955,.T.);
#4105=ORIENTED_EDGE('',*,*,#5806,.F.);
#4106=ORIENTED_EDGE('',*,*,#5982,.T.);
#4107=ORIENTED_EDGE('',*,*,#5848,.T.);
#4108=ORIENTED_EDGE('',*,*,#6011,.F.);
#4109=ORIENTED_EDGE('',*,*,#6012,.T.);
#4110=ORIENTED_EDGE('',*,*,#5812,.F.);
#4111=ORIENTED_EDGE('',*,*,#5932,.T.);
#4112=ORIENTED_EDGE('',*,*,#6013,.F.);
#4113=ORIENTED_EDGE('',*,*,#6014,.F.);
#4114=ORIENTED_EDGE('',*,*,#5813,.F.);
#4115=ORIENTED_EDGE('',*,*,#6012,.F.);
#4116=ORIENTED_EDGE('',*,*,#6015,.T.);
#4117=ORIENTED_EDGE('',*,*,#5814,.T.);
#4118=ORIENTED_EDGE('',*,*,#6014,.T.);
#4119=ORIENTED_EDGE('',*,*,#6016,.F.);
#4120=ORIENTED_EDGE('',*,*,#6017,.F.);
#4121=ORIENTED_EDGE('',*,*,#6018,.F.);
#4122=ORIENTED_EDGE('',*,*,#5815,.F.);
#4123=ORIENTED_EDGE('',*,*,#6015,.F.);
#4124=ORIENTED_EDGE('',*,*,#6019,.F.);
#4125=ORIENTED_EDGE('',*,*,#6020,.T.);
#4126=ORIENTED_EDGE('',*,*,#5816,.F.);
#4127=ORIENTED_EDGE('',*,*,#6018,.T.);
#4128=ORIENTED_EDGE('',*,*,#6021,.F.);
#4129=ORIENTED_EDGE('',*,*,#6022,.F.);
#4130=ORIENTED_EDGE('',*,*,#5817,.F.);
#4131=ORIENTED_EDGE('',*,*,#6020,.F.);
#4132=ORIENTED_EDGE('',*,*,#6022,.T.);
#4133=ORIENTED_EDGE('',*,*,#6023,.F.);
#4134=ORIENTED_EDGE('',*,*,#6024,.T.);
#4135=ORIENTED_EDGE('',*,*,#5818,.T.);
#4136=ORIENTED_EDGE('',*,*,#6025,.F.);
#4137=ORIENTED_EDGE('',*,*,#6026,.F.);
#4138=ORIENTED_EDGE('',*,*,#5819,.F.);
#4139=ORIENTED_EDGE('',*,*,#6024,.F.);
#4140=ORIENTED_EDGE('',*,*,#6027,.F.);
#4141=ORIENTED_EDGE('',*,*,#5962,.T.);
#4142=ORIENTED_EDGE('',*,*,#5820,.F.);
#4143=ORIENTED_EDGE('',*,*,#6026,.T.);
#4144=ORIENTED_EDGE('',*,*,#5822,.F.);
#4145=ORIENTED_EDGE('',*,*,#6028,.T.);
#4146=ORIENTED_EDGE('',*,*,#6029,.F.);
#4147=ORIENTED_EDGE('',*,*,#5823,.F.);
#4148=ORIENTED_EDGE('',*,*,#6030,.F.);
#4149=ORIENTED_EDGE('',*,*,#6031,.F.);
#4150=ORIENTED_EDGE('',*,*,#5824,.F.);
#4151=ORIENTED_EDGE('',*,*,#6031,.T.);
#4152=ORIENTED_EDGE('',*,*,#6032,.F.);
#4153=ORIENTED_EDGE('',*,*,#6033,.F.);
#4154=ORIENTED_EDGE('',*,*,#5825,.F.);
#4155=ORIENTED_EDGE('',*,*,#6033,.T.);
#4156=ORIENTED_EDGE('',*,*,#6034,.F.);
#4157=ORIENTED_EDGE('',*,*,#5826,.F.);
#4158=ORIENTED_EDGE('',*,*,#6035,.F.);
#4159=ORIENTED_EDGE('',*,*,#6036,.F.);
#4160=ORIENTED_EDGE('',*,*,#5827,.F.);
#4161=ORIENTED_EDGE('',*,*,#6036,.T.);
#4162=ORIENTED_EDGE('',*,*,#6037,.F.);
#4163=ORIENTED_EDGE('',*,*,#6028,.F.);
#4164=ORIENTED_EDGE('',*,*,#5880,.F.);
#4165=ORIENTED_EDGE('',*,*,#6038,.T.);
#4166=ORIENTED_EDGE('',*,*,#5830,.F.);
#4167=ORIENTED_EDGE('',*,*,#5961,.T.);
#4168=ORIENTED_EDGE('',*,*,#6039,.T.);
#4169=ORIENTED_EDGE('',*,*,#6040,.F.);
#4170=ORIENTED_EDGE('',*,*,#6041,.F.);
#4171=ORIENTED_EDGE('',*,*,#5831,.F.);
#4172=ORIENTED_EDGE('',*,*,#6038,.F.);
#4173=ORIENTED_EDGE('',*,*,#5879,.F.);
#4174=ORIENTED_EDGE('',*,*,#6042,.F.);
#4175=ORIENTED_EDGE('',*,*,#5981,.F.);
#4176=ORIENTED_EDGE('',*,*,#5832,.F.);
#4177=ORIENTED_EDGE('',*,*,#6041,.T.);
#4178=ORIENTED_EDGE('',*,*,#6043,.T.);
#4179=ORIENTED_EDGE('',*,*,#5834,.F.);
#4180=ORIENTED_EDGE('',*,*,#5980,.F.);
#4181=ORIENTED_EDGE('',*,*,#6042,.T.);
#4182=ORIENTED_EDGE('',*,*,#6040,.T.);
#4183=ORIENTED_EDGE('',*,*,#6044,.T.);
#4184=ORIENTED_EDGE('',*,*,#6045,.T.);
#4185=ORIENTED_EDGE('',*,*,#6046,.T.);
#4186=ORIENTED_EDGE('',*,*,#6043,.F.);
#4187=ORIENTED_EDGE('',*,*,#6047,.F.);
#4188=ORIENTED_EDGE('',*,*,#5835,.F.);
#4189=ORIENTED_EDGE('',*,*,#6047,.T.);
#4190=ORIENTED_EDGE('',*,*,#6046,.F.);
#4191=ORIENTED_EDGE('',*,*,#6048,.F.);
#4192=ORIENTED_EDGE('',*,*,#5836,.F.);
#4193=ORIENTED_EDGE('',*,*,#6049,.T.);
#4194=ORIENTED_EDGE('',*,*,#5877,.F.);
#4195=ORIENTED_EDGE('',*,*,#6050,.F.);
#4196=ORIENTED_EDGE('',*,*,#5837,.F.);
#4197=ORIENTED_EDGE('',*,*,#6048,.T.);
#4198=ORIENTED_EDGE('',*,*,#6045,.F.);
#4199=ORIENTED_EDGE('',*,*,#5876,.F.);
#4200=ORIENTED_EDGE('',*,*,#6051,.T.);
#4201=ORIENTED_EDGE('',*,*,#5838,.F.);
#4202=ORIENTED_EDGE('',*,*,#6050,.T.);
#4203=ORIENTED_EDGE('',*,*,#6052,.T.);
#4204=ORIENTED_EDGE('',*,*,#5839,.F.);
#4205=ORIENTED_EDGE('',*,*,#6051,.F.);
#4206=ORIENTED_EDGE('',*,*,#5875,.F.);
#4207=ORIENTED_EDGE('',*,*,#6053,.T.);
#4208=ORIENTED_EDGE('',*,*,#6054,.F.);
#4209=ORIENTED_EDGE('',*,*,#6055,.F.);
#4210=ORIENTED_EDGE('',*,*,#6056,.F.);
#4211=ORIENTED_EDGE('',*,*,#5840,.F.);
#4212=ORIENTED_EDGE('',*,*,#6052,.F.);
#4213=ORIENTED_EDGE('',*,*,#6056,.T.);
#4214=ORIENTED_EDGE('',*,*,#6057,.F.);
#4215=ORIENTED_EDGE('',*,*,#6058,.F.);
#4216=ORIENTED_EDGE('',*,*,#5869,.F.);
#4217=ORIENTED_EDGE('',*,*,#6059,.F.);
#4218=ORIENTED_EDGE('',*,*,#5841,.F.);
#4219=ORIENTED_EDGE('',*,*,#5868,.F.);
#4220=ORIENTED_EDGE('',*,*,#5933,.T.);
#4221=ORIENTED_EDGE('',*,*,#5842,.F.);
#4222=ORIENTED_EDGE('',*,*,#6059,.T.);
#4223=ORIENTED_EDGE('',*,*,#5852,.F.);
#4224=ORIENTED_EDGE('',*,*,#6060,.T.);
#4225=ORIENTED_EDGE('',*,*,#6061,.F.);
#4226=ORIENTED_EDGE('',*,*,#5853,.F.);
#4227=ORIENTED_EDGE('',*,*,#6062,.F.);
#4228=ORIENTED_EDGE('',*,*,#6063,.F.);
#4229=ORIENTED_EDGE('',*,*,#5854,.F.);
#4230=ORIENTED_EDGE('',*,*,#6063,.T.);
#4231=ORIENTED_EDGE('',*,*,#6064,.F.);
#4232=ORIENTED_EDGE('',*,*,#6065,.F.);
#4233=ORIENTED_EDGE('',*,*,#5855,.F.);
#4234=ORIENTED_EDGE('',*,*,#6065,.T.);
#4235=ORIENTED_EDGE('',*,*,#6066,.F.);
#4236=ORIENTED_EDGE('',*,*,#5856,.F.);
#4237=ORIENTED_EDGE('',*,*,#6067,.F.);
#4238=ORIENTED_EDGE('',*,*,#6068,.F.);
#4239=ORIENTED_EDGE('',*,*,#5857,.F.);
#4240=ORIENTED_EDGE('',*,*,#6068,.T.);
#4241=ORIENTED_EDGE('',*,*,#6069,.F.);
#4242=ORIENTED_EDGE('',*,*,#6060,.F.);
#4243=ORIENTED_EDGE('',*,*,#5870,.F.);
#4244=ORIENTED_EDGE('',*,*,#6058,.T.);
#4245=ORIENTED_EDGE('',*,*,#6070,.F.);
#4246=ORIENTED_EDGE('',*,*,#5953,.F.);
#4247=ORIENTED_EDGE('',*,*,#6055,.T.);
#4248=ORIENTED_EDGE('',*,*,#6054,.T.);
#4249=ORIENTED_EDGE('',*,*,#6071,.T.);
#4250=ORIENTED_EDGE('',*,*,#6072,.T.);
#4251=ORIENTED_EDGE('',*,*,#5872,.T.);
#4252=ORIENTED_EDGE('',*,*,#5952,.T.);
#4253=ORIENTED_EDGE('',*,*,#6070,.T.);
#4254=ORIENTED_EDGE('',*,*,#6057,.T.);
#4255=ORIENTED_EDGE('',*,*,#6072,.F.);
#4256=ORIENTED_EDGE('',*,*,#6073,.F.);
#4257=ORIENTED_EDGE('',*,*,#5873,.F.);
#4258=ORIENTED_EDGE('',*,*,#6073,.T.);
#4259=ORIENTED_EDGE('',*,*,#6071,.F.);
#4260=ORIENTED_EDGE('',*,*,#6053,.F.);
#4261=ORIENTED_EDGE('',*,*,#5874,.F.);
#4262=ORIENTED_EDGE('',*,*,#6044,.F.);
#4263=ORIENTED_EDGE('',*,*,#6039,.F.);
#4264=ORIENTED_EDGE('',*,*,#5878,.F.);
#4265=ORIENTED_EDGE('',*,*,#6049,.F.);
#4266=ORIENTED_EDGE('',*,*,#5882,.F.);
#4267=ORIENTED_EDGE('',*,*,#6074,.F.);
#4268=ORIENTED_EDGE('',*,*,#6075,.F.);
#4269=ORIENTED_EDGE('',*,*,#5883,.F.);
#4270=ORIENTED_EDGE('',*,*,#6075,.T.);
#4271=ORIENTED_EDGE('',*,*,#6076,.F.);
#4272=ORIENTED_EDGE('',*,*,#6077,.F.);
#4273=ORIENTED_EDGE('',*,*,#5884,.F.);
#4274=ORIENTED_EDGE('',*,*,#6077,.T.);
#4275=ORIENTED_EDGE('',*,*,#6078,.F.);
#4276=ORIENTED_EDGE('',*,*,#5885,.F.);
#4277=ORIENTED_EDGE('',*,*,#6079,.F.);
#4278=ORIENTED_EDGE('',*,*,#6080,.F.);
#4279=ORIENTED_EDGE('',*,*,#5886,.F.);
#4280=ORIENTED_EDGE('',*,*,#6080,.T.);
#4281=ORIENTED_EDGE('',*,*,#6081,.F.);
#4282=ORIENTED_EDGE('',*,*,#6082,.F.);
#4283=ORIENTED_EDGE('',*,*,#5887,.F.);
#4284=ORIENTED_EDGE('',*,*,#6082,.T.);
#4285=ORIENTED_EDGE('',*,*,#6083,.F.);
#4286=ORIENTED_EDGE('',*,*,#6084,.T.);
#4287=ORIENTED_EDGE('',*,*,#6085,.T.);
#4288=ORIENTED_EDGE('',*,*,#6086,.T.);
#4289=ORIENTED_EDGE('',*,*,#6087,.F.);
#4290=ORIENTED_EDGE('',*,*,#6088,.T.);
#4291=ORIENTED_EDGE('',*,*,#6089,.T.);
#4292=ORIENTED_EDGE('',*,*,#6090,.T.);
#4293=ORIENTED_EDGE('',*,*,#6091,.T.);
#4294=ORIENTED_EDGE('',*,*,#6092,.T.);
#4295=ORIENTED_EDGE('',*,*,#6093,.T.);
#4296=ORIENTED_EDGE('',*,*,#6094,.T.);
#4297=ORIENTED_EDGE('',*,*,#6095,.F.);
#4298=ORIENTED_EDGE('',*,*,#6096,.T.);
#4299=ORIENTED_EDGE('',*,*,#6097,.T.);
#4300=ORIENTED_EDGE('',*,*,#6098,.T.);
#4301=ORIENTED_EDGE('',*,*,#6099,.T.);
#4302=ORIENTED_EDGE('',*,*,#6100,.T.);
#4303=ORIENTED_EDGE('',*,*,#6101,.T.);
#4304=ORIENTED_EDGE('',*,*,#6102,.T.);
#4305=ORIENTED_EDGE('',*,*,#6103,.F.);
#4306=ORIENTED_EDGE('',*,*,#6104,.T.);
#4307=ORIENTED_EDGE('',*,*,#6105,.T.);
#4308=ORIENTED_EDGE('',*,*,#6106,.T.);
#4309=ORIENTED_EDGE('',*,*,#6107,.T.);
#4310=ORIENTED_EDGE('',*,*,#6108,.T.);
#4311=ORIENTED_EDGE('',*,*,#6109,.T.);
#4312=ORIENTED_EDGE('',*,*,#6110,.T.);
#4313=ORIENTED_EDGE('',*,*,#6111,.F.);
#4314=ORIENTED_EDGE('',*,*,#6112,.T.);
#4315=ORIENTED_EDGE('',*,*,#6113,.T.);
#4316=ORIENTED_EDGE('',*,*,#6114,.T.);
#4317=ORIENTED_EDGE('',*,*,#6115,.T.);
#4318=ORIENTED_EDGE('',*,*,#6116,.T.);
#4319=ORIENTED_EDGE('',*,*,#6117,.T.);
#4320=ORIENTED_EDGE('',*,*,#6118,.T.);
#4321=ORIENTED_EDGE('',*,*,#6119,.F.);
#4322=ORIENTED_EDGE('',*,*,#6120,.F.);
#4323=ORIENTED_EDGE('',*,*,#6121,.T.);
#4324=ORIENTED_EDGE('',*,*,#6122,.T.);
#4325=ORIENTED_EDGE('',*,*,#6123,.T.);
#4326=ORIENTED_EDGE('',*,*,#6124,.F.);
#4327=ORIENTED_EDGE('',*,*,#6125,.T.);
#4328=ORIENTED_EDGE('',*,*,#6126,.T.);
#4329=ORIENTED_EDGE('',*,*,#6127,.T.);
#4330=ORIENTED_EDGE('',*,*,#6128,.T.);
#4331=ORIENTED_EDGE('',*,*,#6129,.T.);
#4332=ORIENTED_EDGE('',*,*,#6130,.T.);
#4333=ORIENTED_EDGE('',*,*,#6131,.T.);
#4334=ORIENTED_EDGE('',*,*,#6132,.T.);
#4335=ORIENTED_EDGE('',*,*,#6133,.T.);
#4336=ORIENTED_EDGE('',*,*,#6134,.T.);
#4337=ORIENTED_EDGE('',*,*,#6135,.T.);
#4338=ORIENTED_EDGE('',*,*,#6136,.T.);
#4339=ORIENTED_EDGE('',*,*,#6137,.T.);
#4340=ORIENTED_EDGE('',*,*,#6138,.T.);
#4341=ORIENTED_EDGE('',*,*,#6139,.T.);
#4342=ORIENTED_EDGE('',*,*,#6140,.T.);
#4343=ORIENTED_EDGE('',*,*,#6141,.T.);
#4344=ORIENTED_EDGE('',*,*,#6142,.T.);
#4345=ORIENTED_EDGE('',*,*,#6143,.T.);
#4346=ORIENTED_EDGE('',*,*,#6144,.T.);
#4347=ORIENTED_EDGE('',*,*,#6145,.T.);
#4348=ORIENTED_EDGE('',*,*,#6146,.T.);
#4349=ORIENTED_EDGE('',*,*,#6147,.T.);
#4350=ORIENTED_EDGE('',*,*,#6148,.T.);
#4351=ORIENTED_EDGE('',*,*,#6149,.T.);
#4352=ORIENTED_EDGE('',*,*,#6150,.T.);
#4353=ORIENTED_EDGE('',*,*,#6151,.T.);
#4354=ORIENTED_EDGE('',*,*,#6152,.T.);
#4355=ORIENTED_EDGE('',*,*,#6153,.T.);
#4356=ORIENTED_EDGE('',*,*,#6154,.T.);
#4357=ORIENTED_EDGE('',*,*,#6155,.T.);
#4358=ORIENTED_EDGE('',*,*,#6156,.T.);
#4359=ORIENTED_EDGE('',*,*,#6157,.T.);
#4360=ORIENTED_EDGE('',*,*,#6158,.T.);
#4361=ORIENTED_EDGE('',*,*,#6159,.T.);
#4362=ORIENTED_EDGE('',*,*,#5889,.T.);
#4363=ORIENTED_EDGE('',*,*,#5891,.T.);
#4364=ORIENTED_EDGE('',*,*,#5893,.T.);
#4365=ORIENTED_EDGE('',*,*,#5895,.T.);
#4366=ORIENTED_EDGE('',*,*,#6160,.F.);
#4367=ORIENTED_EDGE('',*,*,#6083,.T.);
#4368=ORIENTED_EDGE('',*,*,#6081,.T.);
#4369=ORIENTED_EDGE('',*,*,#6079,.T.);
#4370=ORIENTED_EDGE('',*,*,#6078,.T.);
#4371=ORIENTED_EDGE('',*,*,#6076,.T.);
#4372=ORIENTED_EDGE('',*,*,#6074,.T.);
#4373=ORIENTED_EDGE('',*,*,#6061,.T.);
#4374=ORIENTED_EDGE('',*,*,#6069,.T.);
#4375=ORIENTED_EDGE('',*,*,#6067,.T.);
#4376=ORIENTED_EDGE('',*,*,#6066,.T.);
#4377=ORIENTED_EDGE('',*,*,#6064,.T.);
#4378=ORIENTED_EDGE('',*,*,#6062,.T.);
#4379=ORIENTED_EDGE('',*,*,#6029,.T.);
#4380=ORIENTED_EDGE('',*,*,#6037,.T.);
#4381=ORIENTED_EDGE('',*,*,#6035,.T.);
#4382=ORIENTED_EDGE('',*,*,#6034,.T.);
#4383=ORIENTED_EDGE('',*,*,#6032,.T.);
#4384=ORIENTED_EDGE('',*,*,#6030,.T.);
#4385=ORIENTED_EDGE('',*,*,#6002,.T.);
#4386=ORIENTED_EDGE('',*,*,#6010,.T.);
#4387=ORIENTED_EDGE('',*,*,#6008,.T.);
#4388=ORIENTED_EDGE('',*,*,#6007,.T.);
#4389=ORIENTED_EDGE('',*,*,#6005,.T.);
#4390=ORIENTED_EDGE('',*,*,#6003,.T.);
#4391=ORIENTED_EDGE('',*,*,#6161,.F.);
#4392=ORIENTED_EDGE('',*,*,#6162,.T.);
#4393=ORIENTED_EDGE('',*,*,#6163,.T.);
#4394=ORIENTED_EDGE('',*,*,#6164,.F.);
#4395=ORIENTED_EDGE('',*,*,#6165,.F.);
#4396=ORIENTED_EDGE('',*,*,#6166,.T.);
#4397=ORIENTED_EDGE('',*,*,#6167,.T.);
#4398=ORIENTED_EDGE('',*,*,#6168,.F.);
#4399=ORIENTED_EDGE('',*,*,#6169,.F.);
#4400=ORIENTED_EDGE('',*,*,#5928,.F.);
#4401=ORIENTED_EDGE('',*,*,#6170,.F.);
#4402=ORIENTED_EDGE('',*,*,#6171,.F.);
#4403=ORIENTED_EDGE('',*,*,#6169,.T.);
#4404=ORIENTED_EDGE('',*,*,#6172,.T.);
#4405=ORIENTED_EDGE('',*,*,#6173,.T.);
#4406=ORIENTED_EDGE('',*,*,#6174,.T.);
#4407=ORIENTED_EDGE('',*,*,#6175,.T.);
#4408=ORIENTED_EDGE('',*,*,#6176,.F.);
#4409=ORIENTED_EDGE('',*,*,#6177,.F.);
#4410=ORIENTED_EDGE('',*,*,#5929,.T.);
#4411=ORIENTED_EDGE('',*,*,#5930,.T.);
#4412=ORIENTED_EDGE('',*,*,#6177,.T.);
#4413=ORIENTED_EDGE('',*,*,#6178,.F.);
#4414=ORIENTED_EDGE('',*,*,#6179,.F.);
#4415=ORIENTED_EDGE('',*,*,#6180,.T.);
#4416=ORIENTED_EDGE('',*,*,#6158,.F.);
#4417=ORIENTED_EDGE('',*,*,#6181,.T.);
#4418=ORIENTED_EDGE('',*,*,#6182,.T.);
#4419=ORIENTED_EDGE('',*,*,#5963,.T.);
#4420=ORIENTED_EDGE('',*,*,#6027,.T.);
#4421=ORIENTED_EDGE('',*,*,#6025,.T.);
#4422=ORIENTED_EDGE('',*,*,#6023,.T.);
#4423=ORIENTED_EDGE('',*,*,#6021,.T.);
#4424=ORIENTED_EDGE('',*,*,#6019,.T.);
#4425=ORIENTED_EDGE('',*,*,#6017,.T.);
#4426=ORIENTED_EDGE('',*,*,#6016,.T.);
#4427=ORIENTED_EDGE('',*,*,#6013,.T.);
#4428=ORIENTED_EDGE('',*,*,#6011,.T.);
#4429=ORIENTED_EDGE('',*,*,#5931,.T.);
#4430=ORIENTED_EDGE('',*,*,#6179,.T.);
#4431=ORIENTED_EDGE('',*,*,#6183,.F.);
#4432=ORIENTED_EDGE('',*,*,#6086,.F.);
#4433=ORIENTED_EDGE('',*,*,#6184,.T.);
#4434=ORIENTED_EDGE('',*,*,#6185,.T.);
#4435=ORIENTED_EDGE('',*,*,#6186,.T.);
#4436=ORIENTED_EDGE('',*,*,#6187,.T.);
#4437=ORIENTED_EDGE('',*,*,#6188,.T.);
#4438=ORIENTED_EDGE('',*,*,#6120,.T.);
#4439=ORIENTED_EDGE('',*,*,#6189,.F.);
#4440=ORIENTED_EDGE('',*,*,#6190,.F.);
#4441=ORIENTED_EDGE('',*,*,#5935,.T.);
#4442=ORIENTED_EDGE('',*,*,#6000,.T.);
#4443=ORIENTED_EDGE('',*,*,#5998,.T.);
#4444=ORIENTED_EDGE('',*,*,#5996,.T.);
#4445=ORIENTED_EDGE('',*,*,#5994,.T.);
#4446=ORIENTED_EDGE('',*,*,#5992,.T.);
#4447=ORIENTED_EDGE('',*,*,#5990,.T.);
#4448=ORIENTED_EDGE('',*,*,#5989,.T.);
#4449=ORIENTED_EDGE('',*,*,#5986,.T.);
#4450=ORIENTED_EDGE('',*,*,#5984,.T.);
#4451=ORIENTED_EDGE('',*,*,#5959,.T.);
#4452=ORIENTED_EDGE('',*,*,#6191,.F.);
#4453=ORIENTED_EDGE('',*,*,#6192,.T.);
#4454=ORIENTED_EDGE('',*,*,#6124,.T.);
#4455=ORIENTED_EDGE('',*,*,#5936,.T.);
#4456=ORIENTED_EDGE('',*,*,#6190,.T.);
#4457=ORIENTED_EDGE('',*,*,#6193,.F.);
#4458=ORIENTED_EDGE('',*,*,#6194,.F.);
#4459=ORIENTED_EDGE('',*,*,#6195,.T.);
#4460=ORIENTED_EDGE('',*,*,#5937,.T.);
#4461=ORIENTED_EDGE('',*,*,#6194,.T.);
#4462=ORIENTED_EDGE('',*,*,#6196,.F.);
#4463=ORIENTED_EDGE('',*,*,#6197,.T.);
#4464=ORIENTED_EDGE('',*,*,#6198,.T.);
#4465=ORIENTED_EDGE('',*,*,#6199,.T.);
#4466=ORIENTED_EDGE('',*,*,#6200,.T.);
#4467=ORIENTED_EDGE('',*,*,#6195,.F.);
#4468=ORIENTED_EDGE('',*,*,#6201,.F.);
#4469=ORIENTED_EDGE('',*,*,#6202,.F.);
#4470=ORIENTED_EDGE('',*,*,#5938,.F.);
#4471=ORIENTED_EDGE('',*,*,#6203,.F.);
#4472=ORIENTED_EDGE('',*,*,#6204,.T.);
#4473=ORIENTED_EDGE('',*,*,#5939,.F.);
#4474=ORIENTED_EDGE('',*,*,#6202,.T.);
#4475=ORIENTED_EDGE('',*,*,#6205,.F.);
#4476=ORIENTED_EDGE('',*,*,#5940,.F.);
#4477=ORIENTED_EDGE('',*,*,#6204,.F.);
#4478=ORIENTED_EDGE('',*,*,#6206,.F.);
#4479=ORIENTED_EDGE('',*,*,#6207,.T.);
#4480=ORIENTED_EDGE('',*,*,#5941,.T.);
#4481=ORIENTED_EDGE('',*,*,#6205,.T.);
#4482=ORIENTED_EDGE('',*,*,#6208,.T.);
#4483=ORIENTED_EDGE('',*,*,#6209,.T.);
#4484=ORIENTED_EDGE('',*,*,#6210,.T.);
#4485=ORIENTED_EDGE('',*,*,#6211,.T.);
#4486=ORIENTED_EDGE('',*,*,#6212,.F.);
#4487=ORIENTED_EDGE('',*,*,#6213,.T.);
#4488=ORIENTED_EDGE('',*,*,#6214,.T.);
#4489=ORIENTED_EDGE('',*,*,#6215,.T.);
#4490=ORIENTED_EDGE('',*,*,#6216,.T.);
#4491=ORIENTED_EDGE('',*,*,#6207,.F.);
#4492=ORIENTED_EDGE('',*,*,#6217,.F.);
#4493=ORIENTED_EDGE('',*,*,#6218,.F.);
#4494=ORIENTED_EDGE('',*,*,#5942,.F.);
#4495=ORIENTED_EDGE('',*,*,#6219,.F.);
#4496=ORIENTED_EDGE('',*,*,#6220,.T.);
#4497=ORIENTED_EDGE('',*,*,#5943,.F.);
#4498=ORIENTED_EDGE('',*,*,#6218,.T.);
#4499=ORIENTED_EDGE('',*,*,#6221,.F.);
#4500=ORIENTED_EDGE('',*,*,#5944,.F.);
#4501=ORIENTED_EDGE('',*,*,#6220,.F.);
#4502=ORIENTED_EDGE('',*,*,#6222,.F.);
#4503=ORIENTED_EDGE('',*,*,#6221,.T.);
#4504=ORIENTED_EDGE('',*,*,#6223,.T.);
#4505=ORIENTED_EDGE('',*,*,#6224,.T.);
#4506=ORIENTED_EDGE('',*,*,#6225,.T.);
#4507=ORIENTED_EDGE('',*,*,#6226,.T.);
#4508=ORIENTED_EDGE('',*,*,#6227,.F.);
#4509=ORIENTED_EDGE('',*,*,#6228,.T.);
#4510=ORIENTED_EDGE('',*,*,#6229,.T.);
#4511=ORIENTED_EDGE('',*,*,#6230,.T.);
#4512=ORIENTED_EDGE('',*,*,#6231,.T.);
#4513=ORIENTED_EDGE('',*,*,#6232,.T.);
#4514=ORIENTED_EDGE('',*,*,#5945,.T.);
#4515=ORIENTED_EDGE('',*,*,#6232,.F.);
#4516=ORIENTED_EDGE('',*,*,#6233,.F.);
#4517=ORIENTED_EDGE('',*,*,#6234,.F.);
#4518=ORIENTED_EDGE('',*,*,#5946,.F.);
#4519=ORIENTED_EDGE('',*,*,#6235,.F.);
#4520=ORIENTED_EDGE('',*,*,#6236,.T.);
#4521=ORIENTED_EDGE('',*,*,#5947,.F.);
#4522=ORIENTED_EDGE('',*,*,#6234,.T.);
#4523=ORIENTED_EDGE('',*,*,#6237,.F.);
#4524=ORIENTED_EDGE('',*,*,#5948,.F.);
#4525=ORIENTED_EDGE('',*,*,#6236,.F.);
#4526=ORIENTED_EDGE('',*,*,#6238,.F.);
#4527=ORIENTED_EDGE('',*,*,#6239,.T.);
#4528=ORIENTED_EDGE('',*,*,#5949,.T.);
#4529=ORIENTED_EDGE('',*,*,#6237,.T.);
#4530=ORIENTED_EDGE('',*,*,#6240,.T.);
#4531=ORIENTED_EDGE('',*,*,#6241,.T.);
#4532=ORIENTED_EDGE('',*,*,#6242,.T.);
#4533=ORIENTED_EDGE('',*,*,#6243,.T.);
#4534=ORIENTED_EDGE('',*,*,#6244,.F.);
#4535=ORIENTED_EDGE('',*,*,#6245,.T.);
#4536=ORIENTED_EDGE('',*,*,#6246,.T.);
#4537=ORIENTED_EDGE('',*,*,#6247,.T.);
#4538=ORIENTED_EDGE('',*,*,#6248,.T.);
#4539=ORIENTED_EDGE('',*,*,#6239,.F.);
#4540=ORIENTED_EDGE('',*,*,#6249,.F.);
#4541=ORIENTED_EDGE('',*,*,#6250,.F.);
#4542=ORIENTED_EDGE('',*,*,#5950,.F.);
#4543=ORIENTED_EDGE('',*,*,#6251,.F.);
#4544=ORIENTED_EDGE('',*,*,#6170,.T.);
#4545=ORIENTED_EDGE('',*,*,#5951,.F.);
#4546=ORIENTED_EDGE('',*,*,#6250,.T.);
#4547=ORIENTED_EDGE('',*,*,#6252,.F.);
#4548=ORIENTED_EDGE('',*,*,#6253,.F.);
#4549=ORIENTED_EDGE('',*,*,#5956,.F.);
#4550=ORIENTED_EDGE('',*,*,#6254,.F.);
#4551=ORIENTED_EDGE('',*,*,#6253,.T.);
#4552=ORIENTED_EDGE('',*,*,#6255,.T.);
#4553=ORIENTED_EDGE('',*,*,#6256,.T.);
#4554=ORIENTED_EDGE('',*,*,#6257,.T.);
#4555=ORIENTED_EDGE('',*,*,#6258,.T.);
#4556=ORIENTED_EDGE('',*,*,#6259,.T.);
#4557=ORIENTED_EDGE('',*,*,#6260,.T.);
#4558=ORIENTED_EDGE('',*,*,#5957,.T.);
#4559=ORIENTED_EDGE('',*,*,#5958,.T.);
#4560=ORIENTED_EDGE('',*,*,#6260,.F.);
#4561=ORIENTED_EDGE('',*,*,#6261,.T.);
#4562=ORIENTED_EDGE('',*,*,#6191,.T.);
#4563=ORIENTED_EDGE('',*,*,#5964,.T.);
#4564=ORIENTED_EDGE('',*,*,#6182,.F.);
#4565=ORIENTED_EDGE('',*,*,#6262,.T.);
#4566=ORIENTED_EDGE('',*,*,#6263,.T.);
#4567=ORIENTED_EDGE('',*,*,#6264,.T.);
#4568=ORIENTED_EDGE('',*,*,#5965,.T.);
#4569=ORIENTED_EDGE('',*,*,#6263,.F.);
#4570=ORIENTED_EDGE('',*,*,#6265,.T.);
#4571=ORIENTED_EDGE('',*,*,#6266,.T.);
#4572=ORIENTED_EDGE('',*,*,#6267,.T.);
#4573=ORIENTED_EDGE('',*,*,#6268,.T.);
#4574=ORIENTED_EDGE('',*,*,#6269,.T.);
#4575=ORIENTED_EDGE('',*,*,#6270,.F.);
#4576=ORIENTED_EDGE('',*,*,#6271,.F.);
#4577=ORIENTED_EDGE('',*,*,#5966,.F.);
#4578=ORIENTED_EDGE('',*,*,#6264,.F.);
#4579=ORIENTED_EDGE('',*,*,#6272,.F.);
#4580=ORIENTED_EDGE('',*,*,#6273,.T.);
#4581=ORIENTED_EDGE('',*,*,#5967,.F.);
#4582=ORIENTED_EDGE('',*,*,#6271,.T.);
#4583=ORIENTED_EDGE('',*,*,#6274,.F.);
#4584=ORIENTED_EDGE('',*,*,#6275,.F.);
#4585=ORIENTED_EDGE('',*,*,#5968,.F.);
#4586=ORIENTED_EDGE('',*,*,#6273,.F.);
#4587=ORIENTED_EDGE('',*,*,#6276,.T.);
#4588=ORIENTED_EDGE('',*,*,#5969,.T.);
#4589=ORIENTED_EDGE('',*,*,#6275,.T.);
#4590=ORIENTED_EDGE('',*,*,#6277,.T.);
#4591=ORIENTED_EDGE('',*,*,#6278,.T.);
#4592=ORIENTED_EDGE('',*,*,#6279,.T.);
#4593=ORIENTED_EDGE('',*,*,#6280,.T.);
#4594=ORIENTED_EDGE('',*,*,#6281,.T.);
#4595=ORIENTED_EDGE('',*,*,#6282,.T.);
#4596=ORIENTED_EDGE('',*,*,#6283,.T.);
#4597=ORIENTED_EDGE('',*,*,#6284,.T.);
#4598=ORIENTED_EDGE('',*,*,#6285,.T.);
#4599=ORIENTED_EDGE('',*,*,#6286,.F.);
#4600=ORIENTED_EDGE('',*,*,#6287,.F.);
#4601=ORIENTED_EDGE('',*,*,#5970,.F.);
#4602=ORIENTED_EDGE('',*,*,#6276,.F.);
#4603=ORIENTED_EDGE('',*,*,#6288,.F.);
#4604=ORIENTED_EDGE('',*,*,#6289,.T.);
#4605=ORIENTED_EDGE('',*,*,#5971,.F.);
#4606=ORIENTED_EDGE('',*,*,#6287,.T.);
#4607=ORIENTED_EDGE('',*,*,#6290,.F.);
#4608=ORIENTED_EDGE('',*,*,#6291,.F.);
#4609=ORIENTED_EDGE('',*,*,#5972,.F.);
#4610=ORIENTED_EDGE('',*,*,#6289,.F.);
#4611=ORIENTED_EDGE('',*,*,#6292,.T.);
#4612=ORIENTED_EDGE('',*,*,#5973,.T.);
#4613=ORIENTED_EDGE('',*,*,#6291,.T.);
#4614=ORIENTED_EDGE('',*,*,#6293,.T.);
#4615=ORIENTED_EDGE('',*,*,#6294,.T.);
#4616=ORIENTED_EDGE('',*,*,#6295,.T.);
#4617=ORIENTED_EDGE('',*,*,#6296,.T.);
#4618=ORIENTED_EDGE('',*,*,#6297,.T.);
#4619=ORIENTED_EDGE('',*,*,#6298,.T.);
#4620=ORIENTED_EDGE('',*,*,#6299,.T.);
#4621=ORIENTED_EDGE('',*,*,#6300,.T.);
#4622=ORIENTED_EDGE('',*,*,#6301,.T.);
#4623=ORIENTED_EDGE('',*,*,#6302,.F.);
#4624=ORIENTED_EDGE('',*,*,#6303,.F.);
#4625=ORIENTED_EDGE('',*,*,#5974,.F.);
#4626=ORIENTED_EDGE('',*,*,#6292,.F.);
#4627=ORIENTED_EDGE('',*,*,#6304,.F.);
#4628=ORIENTED_EDGE('',*,*,#6305,.T.);
#4629=ORIENTED_EDGE('',*,*,#5975,.F.);
#4630=ORIENTED_EDGE('',*,*,#6303,.T.);
#4631=ORIENTED_EDGE('',*,*,#6306,.F.);
#4632=ORIENTED_EDGE('',*,*,#6307,.F.);
#4633=ORIENTED_EDGE('',*,*,#5976,.F.);
#4634=ORIENTED_EDGE('',*,*,#6305,.F.);
#4635=ORIENTED_EDGE('',*,*,#6308,.T.);
#4636=ORIENTED_EDGE('',*,*,#5977,.T.);
#4637=ORIENTED_EDGE('',*,*,#6307,.T.);
#4638=ORIENTED_EDGE('',*,*,#6309,.T.);
#4639=ORIENTED_EDGE('',*,*,#6310,.T.);
#4640=ORIENTED_EDGE('',*,*,#6311,.T.);
#4641=ORIENTED_EDGE('',*,*,#6312,.T.);
#4642=ORIENTED_EDGE('',*,*,#6313,.T.);
#4643=ORIENTED_EDGE('',*,*,#6314,.T.);
#4644=ORIENTED_EDGE('',*,*,#6315,.T.);
#4645=ORIENTED_EDGE('',*,*,#6316,.T.);
#4646=ORIENTED_EDGE('',*,*,#6317,.T.);
#4647=ORIENTED_EDGE('',*,*,#6318,.F.);
#4648=ORIENTED_EDGE('',*,*,#6319,.F.);
#4649=ORIENTED_EDGE('',*,*,#5978,.F.);
#4650=ORIENTED_EDGE('',*,*,#6308,.F.);
#4651=ORIENTED_EDGE('',*,*,#6320,.F.);
#4652=ORIENTED_EDGE('',*,*,#6254,.T.);
#4653=ORIENTED_EDGE('',*,*,#5979,.F.);
#4654=ORIENTED_EDGE('',*,*,#6319,.T.);
#4655=ORIENTED_EDGE('',*,*,#6084,.F.);
#4656=ORIENTED_EDGE('',*,*,#6321,.F.);
#4657=ORIENTED_EDGE('',*,*,#6322,.F.);
#4658=ORIENTED_EDGE('',*,*,#6323,.T.);
#4659=ORIENTED_EDGE('',*,*,#6085,.F.);
#4660=ORIENTED_EDGE('',*,*,#6323,.F.);
#4661=ORIENTED_EDGE('',*,*,#6324,.F.);
#4662=ORIENTED_EDGE('',*,*,#6184,.F.);
#4663=ORIENTED_EDGE('',*,*,#6325,.T.);
#4664=ORIENTED_EDGE('',*,*,#6326,.T.);
#4665=ORIENTED_EDGE('',*,*,#6327,.T.);
#4666=ORIENTED_EDGE('',*,*,#6328,.T.);
#4667=ORIENTED_EDGE('',*,*,#6329,.T.);
#4668=ORIENTED_EDGE('',*,*,#6330,.T.);
#4669=ORIENTED_EDGE('',*,*,#6087,.T.);
#4670=ORIENTED_EDGE('',*,*,#6183,.T.);
#4671=ORIENTED_EDGE('',*,*,#6178,.T.);
#4672=ORIENTED_EDGE('',*,*,#6176,.T.);
#4673=ORIENTED_EDGE('',*,*,#6331,.T.);
#4674=ORIENTED_EDGE('',*,*,#6088,.F.);
#4675=ORIENTED_EDGE('',*,*,#6330,.F.);
#4676=ORIENTED_EDGE('',*,*,#6332,.F.);
#4677=ORIENTED_EDGE('',*,*,#6333,.F.);
#4678=ORIENTED_EDGE('',*,*,#6334,.T.);
#4679=ORIENTED_EDGE('',*,*,#6335,.F.);
#4680=ORIENTED_EDGE('',*,*,#6174,.F.);
#4681=ORIENTED_EDGE('',*,*,#6336,.T.);
#4682=ORIENTED_EDGE('',*,*,#6089,.F.);
#4683=ORIENTED_EDGE('',*,*,#6333,.T.);
#4684=ORIENTED_EDGE('',*,*,#6337,.T.);
#4685=ORIENTED_EDGE('',*,*,#6338,.F.);
#4686=ORIENTED_EDGE('',*,*,#6339,.T.);
#4687=ORIENTED_EDGE('',*,*,#6340,.T.);
#4688=ORIENTED_EDGE('',*,*,#6173,.F.);
#4689=ORIENTED_EDGE('',*,*,#6341,.T.);
#4690=ORIENTED_EDGE('',*,*,#6090,.F.);
#4691=ORIENTED_EDGE('',*,*,#6336,.F.);
#4692=ORIENTED_EDGE('',*,*,#6171,.T.);
#4693=ORIENTED_EDGE('',*,*,#6251,.T.);
#4694=ORIENTED_EDGE('',*,*,#6249,.T.);
#4695=ORIENTED_EDGE('',*,*,#6248,.F.);
#4696=ORIENTED_EDGE('',*,*,#6342,.T.);
#4697=ORIENTED_EDGE('',*,*,#6091,.F.);
#4698=ORIENTED_EDGE('',*,*,#6341,.F.);
#4699=ORIENTED_EDGE('',*,*,#6172,.F.);
#4700=ORIENTED_EDGE('',*,*,#6247,.F.);
#4701=ORIENTED_EDGE('',*,*,#6343,.T.);
#4702=ORIENTED_EDGE('',*,*,#6092,.F.);
#4703=ORIENTED_EDGE('',*,*,#6342,.F.);
#4704=ORIENTED_EDGE('',*,*,#6344,.T.);
#4705=ORIENTED_EDGE('',*,*,#6345,.T.);
#4706=ORIENTED_EDGE('',*,*,#6346,.T.);
#4707=ORIENTED_EDGE('',*,*,#6347,.T.);
#4708=ORIENTED_EDGE('',*,*,#6348,.T.);
#4709=ORIENTED_EDGE('',*,*,#6349,.T.);
#4710=ORIENTED_EDGE('',*,*,#6093,.F.);
#4711=ORIENTED_EDGE('',*,*,#6343,.F.);
#4712=ORIENTED_EDGE('',*,*,#6246,.F.);
#4713=ORIENTED_EDGE('',*,*,#6350,.T.);
#4714=ORIENTED_EDGE('',*,*,#6094,.F.);
#4715=ORIENTED_EDGE('',*,*,#6349,.F.);
#4716=ORIENTED_EDGE('',*,*,#6351,.T.);
#4717=ORIENTED_EDGE('',*,*,#6352,.F.);
#4718=ORIENTED_EDGE('',*,*,#6353,.T.);
#4719=ORIENTED_EDGE('',*,*,#6354,.T.);
#4720=ORIENTED_EDGE('',*,*,#6355,.T.);
#4721=ORIENTED_EDGE('',*,*,#6356,.T.);
#4722=ORIENTED_EDGE('',*,*,#6357,.T.);
#4723=ORIENTED_EDGE('',*,*,#6358,.T.);
#4724=ORIENTED_EDGE('',*,*,#6095,.T.);
#4725=ORIENTED_EDGE('',*,*,#6352,.T.);
#4726=ORIENTED_EDGE('',*,*,#6359,.T.);
#4727=ORIENTED_EDGE('',*,*,#6360,.T.);
#4728=ORIENTED_EDGE('',*,*,#6361,.T.);
#4729=ORIENTED_EDGE('',*,*,#6362,.T.);
#4730=ORIENTED_EDGE('',*,*,#6363,.T.);
#4731=ORIENTED_EDGE('',*,*,#6364,.T.);
#4732=ORIENTED_EDGE('',*,*,#6244,.T.);
#4733=ORIENTED_EDGE('',*,*,#6365,.T.);
#4734=ORIENTED_EDGE('',*,*,#6096,.F.);
#4735=ORIENTED_EDGE('',*,*,#6358,.F.);
#4736=ORIENTED_EDGE('',*,*,#6366,.F.);
#4737=ORIENTED_EDGE('',*,*,#6367,.F.);
#4738=ORIENTED_EDGE('',*,*,#6368,.T.);
#4739=ORIENTED_EDGE('',*,*,#6369,.F.);
#4740=ORIENTED_EDGE('',*,*,#6242,.F.);
#4741=ORIENTED_EDGE('',*,*,#6370,.T.);
#4742=ORIENTED_EDGE('',*,*,#6097,.F.);
#4743=ORIENTED_EDGE('',*,*,#6367,.T.);
#4744=ORIENTED_EDGE('',*,*,#6371,.T.);
#4745=ORIENTED_EDGE('',*,*,#6372,.F.);
#4746=ORIENTED_EDGE('',*,*,#6373,.T.);
#4747=ORIENTED_EDGE('',*,*,#6374,.T.);
#4748=ORIENTED_EDGE('',*,*,#6241,.F.);
#4749=ORIENTED_EDGE('',*,*,#6375,.T.);
#4750=ORIENTED_EDGE('',*,*,#6098,.F.);
#4751=ORIENTED_EDGE('',*,*,#6370,.F.);
#4752=ORIENTED_EDGE('',*,*,#6238,.T.);
#4753=ORIENTED_EDGE('',*,*,#6235,.T.);
#4754=ORIENTED_EDGE('',*,*,#6233,.T.);
#4755=ORIENTED_EDGE('',*,*,#6231,.F.);
#4756=ORIENTED_EDGE('',*,*,#6376,.T.);
#4757=ORIENTED_EDGE('',*,*,#6099,.F.);
#4758=ORIENTED_EDGE('',*,*,#6375,.F.);
#4759=ORIENTED_EDGE('',*,*,#6240,.F.);
#4760=ORIENTED_EDGE('',*,*,#6230,.F.);
#4761=ORIENTED_EDGE('',*,*,#6377,.T.);
#4762=ORIENTED_EDGE('',*,*,#6100,.F.);
#4763=ORIENTED_EDGE('',*,*,#6376,.F.);
#4764=ORIENTED_EDGE('',*,*,#6378,.T.);
#4765=ORIENTED_EDGE('',*,*,#6379,.T.);
#4766=ORIENTED_EDGE('',*,*,#6380,.T.);
#4767=ORIENTED_EDGE('',*,*,#6381,.T.);
#4768=ORIENTED_EDGE('',*,*,#6382,.T.);
#4769=ORIENTED_EDGE('',*,*,#6383,.T.);
#4770=ORIENTED_EDGE('',*,*,#6101,.F.);
#4771=ORIENTED_EDGE('',*,*,#6377,.F.);
#4772=ORIENTED_EDGE('',*,*,#6229,.F.);
#4773=ORIENTED_EDGE('',*,*,#6384,.T.);
#4774=ORIENTED_EDGE('',*,*,#6102,.F.);
#4775=ORIENTED_EDGE('',*,*,#6383,.F.);
#4776=ORIENTED_EDGE('',*,*,#6385,.T.);
#4777=ORIENTED_EDGE('',*,*,#6386,.F.);
#4778=ORIENTED_EDGE('',*,*,#6387,.T.);
#4779=ORIENTED_EDGE('',*,*,#6388,.T.);
#4780=ORIENTED_EDGE('',*,*,#6227,.T.);
#4781=ORIENTED_EDGE('',*,*,#6389,.T.);
#4782=ORIENTED_EDGE('',*,*,#6390,.T.);
#4783=ORIENTED_EDGE('',*,*,#6391,.T.);
#4784=ORIENTED_EDGE('',*,*,#6392,.T.);
#4785=ORIENTED_EDGE('',*,*,#6393,.T.);
#4786=ORIENTED_EDGE('',*,*,#6394,.T.);
#4787=ORIENTED_EDGE('',*,*,#6395,.T.);
#4788=ORIENTED_EDGE('',*,*,#6103,.T.);
#4789=ORIENTED_EDGE('',*,*,#6386,.T.);
#4790=ORIENTED_EDGE('',*,*,#6396,.T.);
#4791=ORIENTED_EDGE('',*,*,#6397,.T.);
#4792=ORIENTED_EDGE('',*,*,#6398,.T.);
#4793=ORIENTED_EDGE('',*,*,#6399,.T.);
#4794=ORIENTED_EDGE('',*,*,#6104,.F.);
#4795=ORIENTED_EDGE('',*,*,#6395,.F.);
#4796=ORIENTED_EDGE('',*,*,#6400,.F.);
#4797=ORIENTED_EDGE('',*,*,#6401,.F.);
#4798=ORIENTED_EDGE('',*,*,#6402,.T.);
#4799=ORIENTED_EDGE('',*,*,#6403,.T.);
#4800=ORIENTED_EDGE('',*,*,#6404,.T.);
#4801=ORIENTED_EDGE('',*,*,#6405,.F.);
#4802=ORIENTED_EDGE('',*,*,#6225,.F.);
#4803=ORIENTED_EDGE('',*,*,#6406,.T.);
#4804=ORIENTED_EDGE('',*,*,#6105,.F.);
#4805=ORIENTED_EDGE('',*,*,#6401,.T.);
#4806=ORIENTED_EDGE('',*,*,#6407,.T.);
#4807=ORIENTED_EDGE('',*,*,#6408,.F.);
#4808=ORIENTED_EDGE('',*,*,#6224,.F.);
#4809=ORIENTED_EDGE('',*,*,#6409,.T.);
#4810=ORIENTED_EDGE('',*,*,#6106,.F.);
#4811=ORIENTED_EDGE('',*,*,#6406,.F.);
#4812=ORIENTED_EDGE('',*,*,#6222,.T.);
#4813=ORIENTED_EDGE('',*,*,#6219,.T.);
#4814=ORIENTED_EDGE('',*,*,#6217,.T.);
#4815=ORIENTED_EDGE('',*,*,#6216,.F.);
#4816=ORIENTED_EDGE('',*,*,#6410,.T.);
#4817=ORIENTED_EDGE('',*,*,#6107,.F.);
#4818=ORIENTED_EDGE('',*,*,#6409,.F.);
#4819=ORIENTED_EDGE('',*,*,#6223,.F.);
#4820=ORIENTED_EDGE('',*,*,#6215,.F.);
#4821=ORIENTED_EDGE('',*,*,#6411,.T.);
#4822=ORIENTED_EDGE('',*,*,#6108,.F.);
#4823=ORIENTED_EDGE('',*,*,#6410,.F.);
#4824=ORIENTED_EDGE('',*,*,#6412,.T.);
#4825=ORIENTED_EDGE('',*,*,#6413,.T.);
#4826=ORIENTED_EDGE('',*,*,#6414,.T.);
#4827=ORIENTED_EDGE('',*,*,#6415,.T.);
#4828=ORIENTED_EDGE('',*,*,#6109,.F.);
#4829=ORIENTED_EDGE('',*,*,#6411,.F.);
#4830=ORIENTED_EDGE('',*,*,#6214,.F.);
#4831=ORIENTED_EDGE('',*,*,#6416,.T.);
#4832=ORIENTED_EDGE('',*,*,#6417,.T.);
#4833=ORIENTED_EDGE('',*,*,#6418,.T.);
#4834=ORIENTED_EDGE('',*,*,#6110,.F.);
#4835=ORIENTED_EDGE('',*,*,#6415,.F.);
#4836=ORIENTED_EDGE('',*,*,#6419,.T.);
#4837=ORIENTED_EDGE('',*,*,#6420,.F.);
#4838=ORIENTED_EDGE('',*,*,#6421,.T.);
#4839=ORIENTED_EDGE('',*,*,#6422,.T.);
#4840=ORIENTED_EDGE('',*,*,#6423,.T.);
#4841=ORIENTED_EDGE('',*,*,#6424,.T.);
#4842=ORIENTED_EDGE('',*,*,#6212,.T.);
#4843=ORIENTED_EDGE('',*,*,#6425,.T.);
#4844=ORIENTED_EDGE('',*,*,#6426,.T.);
#4845=ORIENTED_EDGE('',*,*,#6427,.T.);
#4846=ORIENTED_EDGE('',*,*,#6428,.T.);
#4847=ORIENTED_EDGE('',*,*,#6429,.T.);
#4848=ORIENTED_EDGE('',*,*,#6430,.T.);
#4849=ORIENTED_EDGE('',*,*,#6431,.T.);
#4850=ORIENTED_EDGE('',*,*,#6111,.T.);
#4851=ORIENTED_EDGE('',*,*,#6420,.T.);
#4852=ORIENTED_EDGE('',*,*,#6432,.T.);
#4853=ORIENTED_EDGE('',*,*,#6433,.T.);
#4854=ORIENTED_EDGE('',*,*,#6112,.F.);
#4855=ORIENTED_EDGE('',*,*,#6431,.F.);
#4856=ORIENTED_EDGE('',*,*,#6434,.F.);
#4857=ORIENTED_EDGE('',*,*,#6435,.F.);
#4858=ORIENTED_EDGE('',*,*,#6436,.T.);
#4859=ORIENTED_EDGE('',*,*,#6437,.F.);
#4860=ORIENTED_EDGE('',*,*,#6210,.F.);
#4861=ORIENTED_EDGE('',*,*,#6438,.T.);
#4862=ORIENTED_EDGE('',*,*,#6113,.F.);
#4863=ORIENTED_EDGE('',*,*,#6435,.T.);
#4864=ORIENTED_EDGE('',*,*,#6439,.T.);
#4865=ORIENTED_EDGE('',*,*,#6440,.F.);
#4866=ORIENTED_EDGE('',*,*,#6441,.T.);
#4867=ORIENTED_EDGE('',*,*,#6442,.T.);
#4868=ORIENTED_EDGE('',*,*,#6209,.F.);
#4869=ORIENTED_EDGE('',*,*,#6443,.T.);
#4870=ORIENTED_EDGE('',*,*,#6114,.F.);
#4871=ORIENTED_EDGE('',*,*,#6438,.F.);
#4872=ORIENTED_EDGE('',*,*,#6206,.T.);
#4873=ORIENTED_EDGE('',*,*,#6203,.T.);
#4874=ORIENTED_EDGE('',*,*,#6201,.T.);
#4875=ORIENTED_EDGE('',*,*,#6200,.F.);
#4876=ORIENTED_EDGE('',*,*,#6444,.T.);
#4877=ORIENTED_EDGE('',*,*,#6115,.F.);
#4878=ORIENTED_EDGE('',*,*,#6443,.F.);
#4879=ORIENTED_EDGE('',*,*,#6208,.F.);
#4880=ORIENTED_EDGE('',*,*,#6199,.F.);
#4881=ORIENTED_EDGE('',*,*,#6445,.T.);
#4882=ORIENTED_EDGE('',*,*,#6116,.F.);
#4883=ORIENTED_EDGE('',*,*,#6444,.F.);
#4884=ORIENTED_EDGE('',*,*,#6446,.T.);
#4885=ORIENTED_EDGE('',*,*,#6447,.T.);
#4886=ORIENTED_EDGE('',*,*,#6448,.T.);
#4887=ORIENTED_EDGE('',*,*,#6449,.T.);
#4888=ORIENTED_EDGE('',*,*,#6450,.T.);
#4889=ORIENTED_EDGE('',*,*,#6451,.T.);
#4890=ORIENTED_EDGE('',*,*,#6117,.F.);
#4891=ORIENTED_EDGE('',*,*,#6445,.F.);
#4892=ORIENTED_EDGE('',*,*,#6198,.F.);
#4893=ORIENTED_EDGE('',*,*,#6452,.T.);
#4894=ORIENTED_EDGE('',*,*,#6118,.F.);
#4895=ORIENTED_EDGE('',*,*,#6451,.F.);
#4896=ORIENTED_EDGE('',*,*,#6453,.T.);
#4897=ORIENTED_EDGE('',*,*,#6454,.F.);
#4898=ORIENTED_EDGE('',*,*,#6455,.T.);
#4899=ORIENTED_EDGE('',*,*,#6456,.T.);
#4900=ORIENTED_EDGE('',*,*,#6196,.T.);
#4901=ORIENTED_EDGE('',*,*,#6193,.T.);
#4902=ORIENTED_EDGE('',*,*,#6189,.T.);
#4903=ORIENTED_EDGE('',*,*,#6119,.T.);
#4904=ORIENTED_EDGE('',*,*,#6454,.T.);
#4905=ORIENTED_EDGE('',*,*,#6457,.T.);
#4906=ORIENTED_EDGE('',*,*,#6458,.T.);
#4907=ORIENTED_EDGE('',*,*,#6459,.T.);
#4908=ORIENTED_EDGE('',*,*,#6460,.T.);
#4909=ORIENTED_EDGE('',*,*,#6121,.F.);
#4910=ORIENTED_EDGE('',*,*,#6188,.F.);
#4911=ORIENTED_EDGE('',*,*,#6461,.F.);
#4912=ORIENTED_EDGE('',*,*,#6462,.T.);
#4913=ORIENTED_EDGE('',*,*,#6122,.F.);
#4914=ORIENTED_EDGE('',*,*,#6462,.F.);
#4915=ORIENTED_EDGE('',*,*,#6463,.F.);
#4916=ORIENTED_EDGE('',*,*,#6464,.T.);
#4917=ORIENTED_EDGE('',*,*,#6123,.F.);
#4918=ORIENTED_EDGE('',*,*,#6464,.F.);
#4919=ORIENTED_EDGE('',*,*,#6465,.F.);
#4920=ORIENTED_EDGE('',*,*,#6186,.F.);
#4921=ORIENTED_EDGE('',*,*,#6466,.T.);
#4922=ORIENTED_EDGE('',*,*,#6467,.T.);
#4923=ORIENTED_EDGE('',*,*,#6468,.T.);
#4924=ORIENTED_EDGE('',*,*,#6469,.T.);
#4925=ORIENTED_EDGE('',*,*,#6470,.T.);
#4926=ORIENTED_EDGE('',*,*,#6471,.T.);
#4927=ORIENTED_EDGE('',*,*,#6125,.F.);
#4928=ORIENTED_EDGE('',*,*,#6192,.F.);
#4929=ORIENTED_EDGE('',*,*,#6261,.F.);
#4930=ORIENTED_EDGE('',*,*,#6259,.F.);
#4931=ORIENTED_EDGE('',*,*,#6472,.T.);
#4932=ORIENTED_EDGE('',*,*,#6471,.F.);
#4933=ORIENTED_EDGE('',*,*,#6473,.F.);
#4934=ORIENTED_EDGE('',*,*,#6474,.F.);
#4935=ORIENTED_EDGE('',*,*,#6126,.F.);
#4936=ORIENTED_EDGE('',*,*,#6475,.T.);
#4937=ORIENTED_EDGE('',*,*,#6476,.F.);
#4938=ORIENTED_EDGE('',*,*,#6257,.F.);
#4939=ORIENTED_EDGE('',*,*,#6477,.T.);
#4940=ORIENTED_EDGE('',*,*,#6127,.F.);
#4941=ORIENTED_EDGE('',*,*,#6474,.T.);
#4942=ORIENTED_EDGE('',*,*,#6478,.T.);
#4943=ORIENTED_EDGE('',*,*,#6479,.F.);
#4944=ORIENTED_EDGE('',*,*,#6480,.T.);
#4945=ORIENTED_EDGE('',*,*,#6481,.T.);
#4946=ORIENTED_EDGE('',*,*,#6128,.F.);
#4947=ORIENTED_EDGE('',*,*,#6477,.F.);
#4948=ORIENTED_EDGE('',*,*,#6256,.F.);
#4949=ORIENTED_EDGE('',*,*,#6482,.T.);
#4950=ORIENTED_EDGE('',*,*,#6252,.T.);
#4951=ORIENTED_EDGE('',*,*,#6320,.T.);
#4952=ORIENTED_EDGE('',*,*,#6318,.T.);
#4953=ORIENTED_EDGE('',*,*,#6317,.F.);
#4954=ORIENTED_EDGE('',*,*,#6483,.T.);
#4955=ORIENTED_EDGE('',*,*,#6129,.F.);
#4956=ORIENTED_EDGE('',*,*,#6482,.F.);
#4957=ORIENTED_EDGE('',*,*,#6255,.F.);
#4958=ORIENTED_EDGE('',*,*,#6130,.F.);
#4959=ORIENTED_EDGE('',*,*,#6483,.F.);
#4960=ORIENTED_EDGE('',*,*,#6316,.F.);
#4961=ORIENTED_EDGE('',*,*,#6484,.T.);
#4962=ORIENTED_EDGE('',*,*,#6485,.T.);
#4963=ORIENTED_EDGE('',*,*,#6486,.T.);
#4964=ORIENTED_EDGE('',*,*,#6487,.T.);
#4965=ORIENTED_EDGE('',*,*,#6488,.T.);
#4966=ORIENTED_EDGE('',*,*,#6489,.T.);
#4967=ORIENTED_EDGE('',*,*,#6490,.T.);
#4968=ORIENTED_EDGE('',*,*,#6131,.F.);
#4969=ORIENTED_EDGE('',*,*,#6484,.F.);
#4970=ORIENTED_EDGE('',*,*,#6315,.F.);
#4971=ORIENTED_EDGE('',*,*,#6491,.T.);
#4972=ORIENTED_EDGE('',*,*,#6492,.F.);
#4973=ORIENTED_EDGE('',*,*,#6132,.F.);
#4974=ORIENTED_EDGE('',*,*,#6490,.F.);
#4975=ORIENTED_EDGE('',*,*,#6493,.T.);
#4976=ORIENTED_EDGE('',*,*,#6494,.T.);
#4977=ORIENTED_EDGE('',*,*,#6495,.T.);
#4978=ORIENTED_EDGE('',*,*,#6496,.T.);
#4979=ORIENTED_EDGE('',*,*,#6497,.T.);
#4980=ORIENTED_EDGE('',*,*,#6498,.T.);
#4981=ORIENTED_EDGE('',*,*,#6499,.T.);
#4982=ORIENTED_EDGE('',*,*,#6133,.F.);
#4983=ORIENTED_EDGE('',*,*,#6492,.T.);
#4984=ORIENTED_EDGE('',*,*,#6500,.T.);
#4985=ORIENTED_EDGE('',*,*,#6501,.T.);
#4986=ORIENTED_EDGE('',*,*,#6502,.T.);
#4987=ORIENTED_EDGE('',*,*,#6503,.T.);
#4988=ORIENTED_EDGE('',*,*,#6504,.T.);
#4989=ORIENTED_EDGE('',*,*,#6505,.T.);
#4990=ORIENTED_EDGE('',*,*,#6313,.F.);
#4991=ORIENTED_EDGE('',*,*,#6506,.T.);
#4992=ORIENTED_EDGE('',*,*,#6499,.F.);
#4993=ORIENTED_EDGE('',*,*,#6507,.F.);
#4994=ORIENTED_EDGE('',*,*,#6508,.F.);
#4995=ORIENTED_EDGE('',*,*,#6134,.F.);
#4996=ORIENTED_EDGE('',*,*,#6509,.T.);
#4997=ORIENTED_EDGE('',*,*,#6510,.F.);
#4998=ORIENTED_EDGE('',*,*,#6311,.F.);
#4999=ORIENTED_EDGE('',*,*,#6511,.T.);
#5000=ORIENTED_EDGE('',*,*,#6135,.F.);
#5001=ORIENTED_EDGE('',*,*,#6508,.T.);
#5002=ORIENTED_EDGE('',*,*,#6512,.T.);
#5003=ORIENTED_EDGE('',*,*,#6513,.F.);
#5004=ORIENTED_EDGE('',*,*,#6514,.T.);
#5005=ORIENTED_EDGE('',*,*,#6515,.T.);
#5006=ORIENTED_EDGE('',*,*,#6136,.F.);
#5007=ORIENTED_EDGE('',*,*,#6511,.F.);
#5008=ORIENTED_EDGE('',*,*,#6310,.F.);
#5009=ORIENTED_EDGE('',*,*,#6516,.T.);
#5010=ORIENTED_EDGE('',*,*,#6302,.T.);
#5011=ORIENTED_EDGE('',*,*,#6301,.F.);
#5012=ORIENTED_EDGE('',*,*,#6517,.T.);
#5013=ORIENTED_EDGE('',*,*,#6137,.F.);
#5014=ORIENTED_EDGE('',*,*,#6516,.F.);
#5015=ORIENTED_EDGE('',*,*,#6309,.F.);
#5016=ORIENTED_EDGE('',*,*,#6306,.T.);
#5017=ORIENTED_EDGE('',*,*,#6304,.T.);
#5018=ORIENTED_EDGE('',*,*,#6138,.F.);
#5019=ORIENTED_EDGE('',*,*,#6517,.F.);
#5020=ORIENTED_EDGE('',*,*,#6300,.F.);
#5021=ORIENTED_EDGE('',*,*,#6518,.T.);
#5022=ORIENTED_EDGE('',*,*,#6519,.T.);
#5023=ORIENTED_EDGE('',*,*,#6520,.T.);
#5024=ORIENTED_EDGE('',*,*,#6521,.T.);
#5025=ORIENTED_EDGE('',*,*,#6522,.T.);
#5026=ORIENTED_EDGE('',*,*,#6523,.T.);
#5027=ORIENTED_EDGE('',*,*,#6524,.T.);
#5028=ORIENTED_EDGE('',*,*,#6139,.F.);
#5029=ORIENTED_EDGE('',*,*,#6518,.F.);
#5030=ORIENTED_EDGE('',*,*,#6299,.F.);
#5031=ORIENTED_EDGE('',*,*,#6525,.T.);
#5032=ORIENTED_EDGE('',*,*,#6526,.F.);
#5033=ORIENTED_EDGE('',*,*,#6140,.F.);
#5034=ORIENTED_EDGE('',*,*,#6524,.F.);
#5035=ORIENTED_EDGE('',*,*,#6527,.T.);
#5036=ORIENTED_EDGE('',*,*,#6528,.T.);
#5037=ORIENTED_EDGE('',*,*,#6529,.T.);
#5038=ORIENTED_EDGE('',*,*,#6297,.F.);
#5039=ORIENTED_EDGE('',*,*,#6530,.T.);
#5040=ORIENTED_EDGE('',*,*,#6531,.T.);
#5041=ORIENTED_EDGE('',*,*,#6532,.T.);
#5042=ORIENTED_EDGE('',*,*,#6533,.T.);
#5043=ORIENTED_EDGE('',*,*,#6534,.T.);
#5044=ORIENTED_EDGE('',*,*,#6535,.T.);
#5045=ORIENTED_EDGE('',*,*,#6536,.T.);
#5046=ORIENTED_EDGE('',*,*,#6141,.F.);
#5047=ORIENTED_EDGE('',*,*,#6526,.T.);
#5048=ORIENTED_EDGE('',*,*,#6537,.T.);
#5049=ORIENTED_EDGE('',*,*,#6538,.T.);
#5050=ORIENTED_EDGE('',*,*,#6539,.T.);
#5051=ORIENTED_EDGE('',*,*,#6540,.T.);
#5052=ORIENTED_EDGE('',*,*,#6536,.F.);
#5053=ORIENTED_EDGE('',*,*,#6541,.F.);
#5054=ORIENTED_EDGE('',*,*,#6542,.F.);
#5055=ORIENTED_EDGE('',*,*,#6142,.F.);
#5056=ORIENTED_EDGE('',*,*,#6543,.T.);
#5057=ORIENTED_EDGE('',*,*,#6544,.T.);
#5058=ORIENTED_EDGE('',*,*,#6545,.T.);
#5059=ORIENTED_EDGE('',*,*,#6546,.F.);
#5060=ORIENTED_EDGE('',*,*,#6295,.F.);
#5061=ORIENTED_EDGE('',*,*,#6547,.T.);
#5062=ORIENTED_EDGE('',*,*,#6143,.F.);
#5063=ORIENTED_EDGE('',*,*,#6542,.T.);
#5064=ORIENTED_EDGE('',*,*,#6548,.T.);
#5065=ORIENTED_EDGE('',*,*,#6549,.F.);
#5066=ORIENTED_EDGE('',*,*,#6144,.F.);
#5067=ORIENTED_EDGE('',*,*,#6547,.F.);
#5068=ORIENTED_EDGE('',*,*,#6294,.F.);
#5069=ORIENTED_EDGE('',*,*,#6550,.T.);
#5070=ORIENTED_EDGE('',*,*,#6286,.T.);
#5071=ORIENTED_EDGE('',*,*,#6285,.F.);
#5072=ORIENTED_EDGE('',*,*,#6551,.T.);
#5073=ORIENTED_EDGE('',*,*,#6145,.F.);
#5074=ORIENTED_EDGE('',*,*,#6550,.F.);
#5075=ORIENTED_EDGE('',*,*,#6293,.F.);
#5076=ORIENTED_EDGE('',*,*,#6290,.T.);
#5077=ORIENTED_EDGE('',*,*,#6288,.T.);
#5078=ORIENTED_EDGE('',*,*,#6146,.F.);
#5079=ORIENTED_EDGE('',*,*,#6551,.F.);
#5080=ORIENTED_EDGE('',*,*,#6284,.F.);
#5081=ORIENTED_EDGE('',*,*,#6552,.T.);
#5082=ORIENTED_EDGE('',*,*,#6553,.T.);
#5083=ORIENTED_EDGE('',*,*,#6554,.T.);
#5084=ORIENTED_EDGE('',*,*,#6555,.T.);
#5085=ORIENTED_EDGE('',*,*,#6556,.T.);
#5086=ORIENTED_EDGE('',*,*,#6147,.F.);
#5087=ORIENTED_EDGE('',*,*,#6552,.F.);
#5088=ORIENTED_EDGE('',*,*,#6283,.F.);
#5089=ORIENTED_EDGE('',*,*,#6557,.T.);
#5090=ORIENTED_EDGE('',*,*,#6558,.T.);
#5091=ORIENTED_EDGE('',*,*,#6559,.T.);
#5092=ORIENTED_EDGE('',*,*,#6560,.F.);
#5093=ORIENTED_EDGE('',*,*,#6148,.F.);
#5094=ORIENTED_EDGE('',*,*,#6556,.F.);
#5095=ORIENTED_EDGE('',*,*,#6561,.T.);
#5096=ORIENTED_EDGE('',*,*,#6562,.T.);
#5097=ORIENTED_EDGE('',*,*,#6563,.T.);
#5098=ORIENTED_EDGE('',*,*,#6564,.T.);
#5099=ORIENTED_EDGE('',*,*,#6565,.T.);
#5100=ORIENTED_EDGE('',*,*,#6281,.F.);
#5101=ORIENTED_EDGE('',*,*,#6566,.T.);
#5102=ORIENTED_EDGE('',*,*,#6567,.T.);
#5103=ORIENTED_EDGE('',*,*,#6568,.T.);
#5104=ORIENTED_EDGE('',*,*,#6569,.T.);
#5105=ORIENTED_EDGE('',*,*,#6570,.T.);
#5106=ORIENTED_EDGE('',*,*,#6571,.T.);
#5107=ORIENTED_EDGE('',*,*,#6572,.T.);
#5108=ORIENTED_EDGE('',*,*,#6149,.F.);
#5109=ORIENTED_EDGE('',*,*,#6560,.T.);
#5110=ORIENTED_EDGE('',*,*,#6573,.T.);
#5111=ORIENTED_EDGE('',*,*,#6574,.T.);
#5112=ORIENTED_EDGE('',*,*,#6572,.F.);
#5113=ORIENTED_EDGE('',*,*,#6575,.F.);
#5114=ORIENTED_EDGE('',*,*,#6576,.F.);
#5115=ORIENTED_EDGE('',*,*,#6150,.F.);
#5116=ORIENTED_EDGE('',*,*,#6577,.T.);
#5117=ORIENTED_EDGE('',*,*,#6578,.F.);
#5118=ORIENTED_EDGE('',*,*,#6279,.F.);
#5119=ORIENTED_EDGE('',*,*,#6579,.T.);
#5120=ORIENTED_EDGE('',*,*,#6151,.F.);
#5121=ORIENTED_EDGE('',*,*,#6576,.T.);
#5122=ORIENTED_EDGE('',*,*,#6580,.T.);
#5123=ORIENTED_EDGE('',*,*,#6581,.F.);
#5124=ORIENTED_EDGE('',*,*,#6582,.T.);
#5125=ORIENTED_EDGE('',*,*,#6583,.T.);
#5126=ORIENTED_EDGE('',*,*,#6152,.F.);
#5127=ORIENTED_EDGE('',*,*,#6579,.F.);
#5128=ORIENTED_EDGE('',*,*,#6278,.F.);
#5129=ORIENTED_EDGE('',*,*,#6584,.T.);
#5130=ORIENTED_EDGE('',*,*,#6274,.T.);
#5131=ORIENTED_EDGE('',*,*,#6272,.T.);
#5132=ORIENTED_EDGE('',*,*,#6270,.T.);
#5133=ORIENTED_EDGE('',*,*,#6269,.F.);
#5134=ORIENTED_EDGE('',*,*,#6585,.T.);
#5135=ORIENTED_EDGE('',*,*,#6153,.F.);
#5136=ORIENTED_EDGE('',*,*,#6584,.F.);
#5137=ORIENTED_EDGE('',*,*,#6277,.F.);
#5138=ORIENTED_EDGE('',*,*,#6154,.F.);
#5139=ORIENTED_EDGE('',*,*,#6585,.F.);
#5140=ORIENTED_EDGE('',*,*,#6268,.F.);
#5141=ORIENTED_EDGE('',*,*,#6586,.T.);
#5142=ORIENTED_EDGE('',*,*,#6587,.T.);
#5143=ORIENTED_EDGE('',*,*,#6588,.T.);
#5144=ORIENTED_EDGE('',*,*,#6589,.T.);
#5145=ORIENTED_EDGE('',*,*,#6590,.T.);
#5146=ORIENTED_EDGE('',*,*,#6591,.T.);
#5147=ORIENTED_EDGE('',*,*,#6592,.T.);
#5148=ORIENTED_EDGE('',*,*,#6155,.F.);
#5149=ORIENTED_EDGE('',*,*,#6586,.F.);
#5150=ORIENTED_EDGE('',*,*,#6267,.F.);
#5151=ORIENTED_EDGE('',*,*,#6593,.T.);
#5152=ORIENTED_EDGE('',*,*,#6594,.F.);
#5153=ORIENTED_EDGE('',*,*,#6156,.F.);
#5154=ORIENTED_EDGE('',*,*,#6592,.F.);
#5155=ORIENTED_EDGE('',*,*,#6595,.T.);
#5156=ORIENTED_EDGE('',*,*,#6596,.T.);
#5157=ORIENTED_EDGE('',*,*,#6597,.T.);
#5158=ORIENTED_EDGE('',*,*,#6265,.F.);
#5159=ORIENTED_EDGE('',*,*,#6262,.F.);
#5160=ORIENTED_EDGE('',*,*,#6181,.F.);
#5161=ORIENTED_EDGE('',*,*,#6157,.F.);
#5162=ORIENTED_EDGE('',*,*,#6594,.T.);
#5163=ORIENTED_EDGE('',*,*,#6598,.T.);
#5164=ORIENTED_EDGE('',*,*,#6599,.T.);
#5165=ORIENTED_EDGE('',*,*,#6600,.T.);
#5166=ORIENTED_EDGE('',*,*,#6601,.T.);
#5167=ORIENTED_EDGE('',*,*,#6159,.F.);
#5168=ORIENTED_EDGE('',*,*,#6180,.F.);
#5169=ORIENTED_EDGE('',*,*,#6602,.F.);
#5170=ORIENTED_EDGE('',*,*,#6321,.T.);
#5171=ORIENTED_EDGE('',*,*,#6160,.T.);
#5172=ORIENTED_EDGE('',*,*,#6603,.F.);
#5173=ORIENTED_EDGE('',*,*,#6604,.T.);
#5174=ORIENTED_EDGE('',*,*,#6161,.T.);
#5175=ORIENTED_EDGE('',*,*,#6605,.T.);
#5176=ORIENTED_EDGE('',*,*,#6606,.F.);
#5177=ORIENTED_EDGE('',*,*,#6604,.F.);
#5178=ORIENTED_EDGE('',*,*,#6607,.F.);
#5179=ORIENTED_EDGE('',*,*,#6608,.F.);
#5180=ORIENTED_EDGE('',*,*,#6609,.F.);
#5181=ORIENTED_EDGE('',*,*,#6605,.F.);
#5182=ORIENTED_EDGE('',*,*,#6162,.F.);
#5183=ORIENTED_EDGE('',*,*,#6610,.F.);
#5184=ORIENTED_EDGE('',*,*,#6611,.F.);
#5185=ORIENTED_EDGE('',*,*,#6612,.F.);
#5186=ORIENTED_EDGE('',*,*,#6613,.F.);
#5187=ORIENTED_EDGE('',*,*,#6614,.F.);
#5188=ORIENTED_EDGE('',*,*,#6163,.F.);
#5189=ORIENTED_EDGE('',*,*,#6610,.T.);
#5190=ORIENTED_EDGE('',*,*,#6164,.T.);
#5191=ORIENTED_EDGE('',*,*,#6614,.T.);
#5192=ORIENTED_EDGE('',*,*,#6615,.F.);
#5193=ORIENTED_EDGE('',*,*,#6616,.T.);
#5194=ORIENTED_EDGE('',*,*,#6165,.T.);
#5195=ORIENTED_EDGE('',*,*,#6617,.T.);
#5196=ORIENTED_EDGE('',*,*,#6618,.F.);
#5197=ORIENTED_EDGE('',*,*,#6616,.F.);
#5198=ORIENTED_EDGE('',*,*,#6619,.F.);
#5199=ORIENTED_EDGE('',*,*,#6620,.F.);
#5200=ORIENTED_EDGE('',*,*,#6621,.F.);
#5201=ORIENTED_EDGE('',*,*,#6617,.F.);
#5202=ORIENTED_EDGE('',*,*,#6166,.F.);
#5203=ORIENTED_EDGE('',*,*,#6622,.F.);
#5204=ORIENTED_EDGE('',*,*,#6623,.F.);
#5205=ORIENTED_EDGE('',*,*,#6624,.F.);
#5206=ORIENTED_EDGE('',*,*,#6625,.F.);
#5207=ORIENTED_EDGE('',*,*,#6626,.F.);
#5208=ORIENTED_EDGE('',*,*,#6167,.F.);
#5209=ORIENTED_EDGE('',*,*,#6622,.T.);
#5210=ORIENTED_EDGE('',*,*,#6168,.T.);
#5211=ORIENTED_EDGE('',*,*,#6626,.T.);
#5212=ORIENTED_EDGE('',*,*,#6627,.F.);
#5213=ORIENTED_EDGE('',*,*,#6628,.T.);
#5214=ORIENTED_EDGE('',*,*,#6331,.F.);
#5215=ORIENTED_EDGE('',*,*,#6175,.F.);
#5216=ORIENTED_EDGE('',*,*,#6335,.T.);
#5217=ORIENTED_EDGE('',*,*,#6185,.F.);
#5218=ORIENTED_EDGE('',*,*,#6324,.T.);
#5219=ORIENTED_EDGE('',*,*,#6322,.T.);
#5220=ORIENTED_EDGE('',*,*,#6602,.T.);
#5221=ORIENTED_EDGE('',*,*,#6187,.F.);
#5222=ORIENTED_EDGE('',*,*,#6465,.T.);
#5223=ORIENTED_EDGE('',*,*,#6463,.T.);
#5224=ORIENTED_EDGE('',*,*,#6461,.T.);
#5225=ORIENTED_EDGE('',*,*,#6629,.T.);
#5226=ORIENTED_EDGE('',*,*,#6452,.F.);
#5227=ORIENTED_EDGE('',*,*,#6197,.F.);
#5228=ORIENTED_EDGE('',*,*,#6456,.F.);
#5229=ORIENTED_EDGE('',*,*,#6630,.T.);
#5230=ORIENTED_EDGE('',*,*,#6425,.F.);
#5231=ORIENTED_EDGE('',*,*,#6211,.F.);
#5232=ORIENTED_EDGE('',*,*,#6437,.T.);
#5233=ORIENTED_EDGE('',*,*,#6631,.T.);
#5234=ORIENTED_EDGE('',*,*,#6416,.F.);
#5235=ORIENTED_EDGE('',*,*,#6213,.F.);
#5236=ORIENTED_EDGE('',*,*,#6424,.F.);
#5237=ORIENTED_EDGE('',*,*,#6632,.T.);
#5238=ORIENTED_EDGE('',*,*,#6389,.F.);
#5239=ORIENTED_EDGE('',*,*,#6226,.F.);
#5240=ORIENTED_EDGE('',*,*,#6405,.T.);
#5241=ORIENTED_EDGE('',*,*,#6633,.T.);
#5242=ORIENTED_EDGE('',*,*,#6384,.F.);
#5243=ORIENTED_EDGE('',*,*,#6228,.F.);
#5244=ORIENTED_EDGE('',*,*,#6388,.F.);
#5245=ORIENTED_EDGE('',*,*,#6634,.T.);
#5246=ORIENTED_EDGE('',*,*,#6365,.F.);
#5247=ORIENTED_EDGE('',*,*,#6243,.F.);
#5248=ORIENTED_EDGE('',*,*,#6369,.T.);
#5249=ORIENTED_EDGE('',*,*,#6635,.T.);
#5250=ORIENTED_EDGE('',*,*,#6350,.F.);
#5251=ORIENTED_EDGE('',*,*,#6245,.F.);
#5252=ORIENTED_EDGE('',*,*,#6364,.F.);
#5253=ORIENTED_EDGE('',*,*,#6636,.T.);
#5254=ORIENTED_EDGE('',*,*,#6472,.F.);
#5255=ORIENTED_EDGE('',*,*,#6258,.F.);
#5256=ORIENTED_EDGE('',*,*,#6476,.T.);
#5257=ORIENTED_EDGE('',*,*,#6637,.T.);
#5258=ORIENTED_EDGE('',*,*,#6593,.F.);
#5259=ORIENTED_EDGE('',*,*,#6266,.F.);
#5260=ORIENTED_EDGE('',*,*,#6597,.F.);
#5261=ORIENTED_EDGE('',*,*,#6638,.T.);
#5262=ORIENTED_EDGE('',*,*,#6566,.F.);
#5263=ORIENTED_EDGE('',*,*,#6280,.F.);
#5264=ORIENTED_EDGE('',*,*,#6578,.T.);
#5265=ORIENTED_EDGE('',*,*,#6639,.T.);
#5266=ORIENTED_EDGE('',*,*,#6557,.F.);
#5267=ORIENTED_EDGE('',*,*,#6282,.F.);
#5268=ORIENTED_EDGE('',*,*,#6565,.F.);
#5269=ORIENTED_EDGE('',*,*,#6640,.T.);
#5270=ORIENTED_EDGE('',*,*,#6530,.F.);
#5271=ORIENTED_EDGE('',*,*,#6296,.F.);
#5272=ORIENTED_EDGE('',*,*,#6546,.T.);
#5273=ORIENTED_EDGE('',*,*,#6641,.T.);
#5274=ORIENTED_EDGE('',*,*,#6525,.F.);
#5275=ORIENTED_EDGE('',*,*,#6298,.F.);
#5276=ORIENTED_EDGE('',*,*,#6529,.F.);
#5277=ORIENTED_EDGE('',*,*,#6642,.T.);
#5278=ORIENTED_EDGE('',*,*,#6506,.F.);
#5279=ORIENTED_EDGE('',*,*,#6312,.F.);
#5280=ORIENTED_EDGE('',*,*,#6510,.T.);
#5281=ORIENTED_EDGE('',*,*,#6643,.T.);
#5282=ORIENTED_EDGE('',*,*,#6491,.F.);
#5283=ORIENTED_EDGE('',*,*,#6314,.F.);
#5284=ORIENTED_EDGE('',*,*,#6505,.F.);
#5285=ORIENTED_EDGE('',*,*,#6325,.F.);
#5286=ORIENTED_EDGE('',*,*,#6628,.F.);
#5287=ORIENTED_EDGE('',*,*,#6334,.F.);
#5288=ORIENTED_EDGE('',*,*,#6644,.T.);
#5289=ORIENTED_EDGE('',*,*,#6326,.F.);
#5290=ORIENTED_EDGE('',*,*,#6644,.F.);
#5291=ORIENTED_EDGE('',*,*,#6340,.F.);
#5292=ORIENTED_EDGE('',*,*,#6645,.T.);
#5293=ORIENTED_EDGE('',*,*,#6327,.F.);
#5294=ORIENTED_EDGE('',*,*,#6645,.F.);
#5295=ORIENTED_EDGE('',*,*,#6339,.F.);
#5296=ORIENTED_EDGE('',*,*,#6646,.F.);
#5297=ORIENTED_EDGE('',*,*,#6646,.T.);
#5298=ORIENTED_EDGE('',*,*,#6338,.T.);
#5299=ORIENTED_EDGE('',*,*,#6647,.T.);
#5300=ORIENTED_EDGE('',*,*,#6328,.F.);
#5301=ORIENTED_EDGE('',*,*,#6329,.F.);
#5302=ORIENTED_EDGE('',*,*,#6647,.F.);
#5303=ORIENTED_EDGE('',*,*,#6337,.F.);
#5304=ORIENTED_EDGE('',*,*,#6332,.T.);
#5305=ORIENTED_EDGE('',*,*,#6344,.F.);
#5306=ORIENTED_EDGE('',*,*,#6635,.F.);
#5307=ORIENTED_EDGE('',*,*,#6363,.F.);
#5308=ORIENTED_EDGE('',*,*,#6648,.F.);
#5309=ORIENTED_EDGE('',*,*,#6345,.F.);
#5310=ORIENTED_EDGE('',*,*,#6648,.T.);
#5311=ORIENTED_EDGE('',*,*,#6362,.F.);
#5312=ORIENTED_EDGE('',*,*,#6649,.F.);
#5313=ORIENTED_EDGE('',*,*,#6346,.F.);
#5314=ORIENTED_EDGE('',*,*,#6649,.T.);
#5315=ORIENTED_EDGE('',*,*,#6361,.F.);
#5316=ORIENTED_EDGE('',*,*,#6650,.F.);
#5317=ORIENTED_EDGE('',*,*,#6650,.T.);
#5318=ORIENTED_EDGE('',*,*,#6360,.F.);
#5319=ORIENTED_EDGE('',*,*,#6651,.T.);
#5320=ORIENTED_EDGE('',*,*,#6347,.F.);
#5321=ORIENTED_EDGE('',*,*,#6348,.F.);
#5322=ORIENTED_EDGE('',*,*,#6651,.F.);
#5323=ORIENTED_EDGE('',*,*,#6359,.F.);
#5324=ORIENTED_EDGE('',*,*,#6351,.F.);
#5325=ORIENTED_EDGE('',*,*,#6353,.F.);
#5326=ORIENTED_EDGE('',*,*,#6634,.F.);
#5327=ORIENTED_EDGE('',*,*,#6368,.F.);
#5328=ORIENTED_EDGE('',*,*,#6652,.T.);
#5329=ORIENTED_EDGE('',*,*,#6354,.F.);
#5330=ORIENTED_EDGE('',*,*,#6652,.F.);
#5331=ORIENTED_EDGE('',*,*,#6374,.F.);
#5332=ORIENTED_EDGE('',*,*,#6653,.T.);
#5333=ORIENTED_EDGE('',*,*,#6355,.F.);
#5334=ORIENTED_EDGE('',*,*,#6653,.F.);
#5335=ORIENTED_EDGE('',*,*,#6373,.F.);
#5336=ORIENTED_EDGE('',*,*,#6654,.F.);
#5337=ORIENTED_EDGE('',*,*,#6654,.T.);
#5338=ORIENTED_EDGE('',*,*,#6372,.T.);
#5339=ORIENTED_EDGE('',*,*,#6655,.T.);
#5340=ORIENTED_EDGE('',*,*,#6356,.F.);
#5341=ORIENTED_EDGE('',*,*,#6357,.F.);
#5342=ORIENTED_EDGE('',*,*,#6655,.F.);
#5343=ORIENTED_EDGE('',*,*,#6371,.F.);
#5344=ORIENTED_EDGE('',*,*,#6366,.T.);
#5345=ORIENTED_EDGE('',*,*,#6378,.F.);
#5346=ORIENTED_EDGE('',*,*,#6633,.F.);
#5347=ORIENTED_EDGE('',*,*,#6387,.F.);
#5348=ORIENTED_EDGE('',*,*,#6656,.F.);
#5349=ORIENTED_EDGE('',*,*,#6379,.F.);
#5350=ORIENTED_EDGE('',*,*,#6656,.T.);
#5351=ORIENTED_EDGE('',*,*,#6399,.F.);
#5352=ORIENTED_EDGE('',*,*,#6657,.F.);
#5353=ORIENTED_EDGE('',*,*,#6380,.F.);
#5354=ORIENTED_EDGE('',*,*,#6657,.T.);
#5355=ORIENTED_EDGE('',*,*,#6398,.F.);
#5356=ORIENTED_EDGE('',*,*,#6658,.F.);
#5357=ORIENTED_EDGE('',*,*,#6658,.T.);
#5358=ORIENTED_EDGE('',*,*,#6397,.F.);
#5359=ORIENTED_EDGE('',*,*,#6659,.T.);
#5360=ORIENTED_EDGE('',*,*,#6381,.F.);
#5361=ORIENTED_EDGE('',*,*,#6382,.F.);
#5362=ORIENTED_EDGE('',*,*,#6659,.F.);
#5363=ORIENTED_EDGE('',*,*,#6396,.F.);
#5364=ORIENTED_EDGE('',*,*,#6385,.F.);
#5365=ORIENTED_EDGE('',*,*,#6390,.F.);
#5366=ORIENTED_EDGE('',*,*,#6632,.F.);
#5367=ORIENTED_EDGE('',*,*,#6404,.F.);
#5368=ORIENTED_EDGE('',*,*,#6660,.T.);
#5369=ORIENTED_EDGE('',*,*,#6391,.F.);
#5370=ORIENTED_EDGE('',*,*,#6660,.F.);
#5371=ORIENTED_EDGE('',*,*,#6403,.F.);
#5372=ORIENTED_EDGE('',*,*,#6661,.T.);
#5373=ORIENTED_EDGE('',*,*,#6392,.F.);
#5374=ORIENTED_EDGE('',*,*,#6661,.F.);
#5375=ORIENTED_EDGE('',*,*,#6402,.F.);
#5376=ORIENTED_EDGE('',*,*,#6662,.F.);
#5377=ORIENTED_EDGE('',*,*,#6662,.T.);
#5378=ORIENTED_EDGE('',*,*,#6408,.T.);
#5379=ORIENTED_EDGE('',*,*,#6663,.T.);
#5380=ORIENTED_EDGE('',*,*,#6393,.F.);
#5381=ORIENTED_EDGE('',*,*,#6394,.F.);
#5382=ORIENTED_EDGE('',*,*,#6663,.F.);
#5383=ORIENTED_EDGE('',*,*,#6407,.F.);
#5384=ORIENTED_EDGE('',*,*,#6400,.T.);
#5385=ORIENTED_EDGE('',*,*,#6412,.F.);
#5386=ORIENTED_EDGE('',*,*,#6664,.T.);
#5387=ORIENTED_EDGE('',*,*,#6421,.F.);
#5388=ORIENTED_EDGE('',*,*,#6665,.F.);
#5389=ORIENTED_EDGE('',*,*,#6665,.T.);
#5390=ORIENTED_EDGE('',*,*,#6433,.F.);
#5391=ORIENTED_EDGE('',*,*,#6666,.T.);
#5392=ORIENTED_EDGE('',*,*,#6413,.F.);
#5393=ORIENTED_EDGE('',*,*,#6414,.F.);
#5394=ORIENTED_EDGE('',*,*,#6666,.F.);
#5395=ORIENTED_EDGE('',*,*,#6432,.F.);
#5396=ORIENTED_EDGE('',*,*,#6419,.F.);
#5397=ORIENTED_EDGE('',*,*,#6417,.F.);
#5398=ORIENTED_EDGE('',*,*,#6631,.F.);
#5399=ORIENTED_EDGE('',*,*,#6423,.F.);
#5400=ORIENTED_EDGE('',*,*,#6667,.F.);
#5401=ORIENTED_EDGE('',*,*,#6418,.F.);
#5402=ORIENTED_EDGE('',*,*,#6667,.T.);
#5403=ORIENTED_EDGE('',*,*,#6422,.F.);
#5404=ORIENTED_EDGE('',*,*,#6664,.F.);
#5405=ORIENTED_EDGE('',*,*,#6426,.F.);
#5406=ORIENTED_EDGE('',*,*,#6630,.F.);
#5407=ORIENTED_EDGE('',*,*,#6436,.F.);
#5408=ORIENTED_EDGE('',*,*,#6668,.T.);
#5409=ORIENTED_EDGE('',*,*,#6427,.F.);
#5410=ORIENTED_EDGE('',*,*,#6668,.F.);
#5411=ORIENTED_EDGE('',*,*,#6442,.F.);
#5412=ORIENTED_EDGE('',*,*,#6669,.T.);
#5413=ORIENTED_EDGE('',*,*,#6428,.F.);
#5414=ORIENTED_EDGE('',*,*,#6669,.F.);
#5415=ORIENTED_EDGE('',*,*,#6441,.F.);
#5416=ORIENTED_EDGE('',*,*,#6670,.F.);
#5417=ORIENTED_EDGE('',*,*,#6670,.T.);
#5418=ORIENTED_EDGE('',*,*,#6440,.T.);
#5419=ORIENTED_EDGE('',*,*,#6671,.T.);
#5420=ORIENTED_EDGE('',*,*,#6429,.F.);
#5421=ORIENTED_EDGE('',*,*,#6430,.F.);
#5422=ORIENTED_EDGE('',*,*,#6671,.F.);
#5423=ORIENTED_EDGE('',*,*,#6439,.F.);
#5424=ORIENTED_EDGE('',*,*,#6434,.T.);
#5425=ORIENTED_EDGE('',*,*,#6446,.F.);
#5426=ORIENTED_EDGE('',*,*,#6629,.F.);
#5427=ORIENTED_EDGE('',*,*,#6455,.F.);
#5428=ORIENTED_EDGE('',*,*,#6672,.F.);
#5429=ORIENTED_EDGE('',*,*,#6447,.F.);
#5430=ORIENTED_EDGE('',*,*,#6672,.T.);
#5431=ORIENTED_EDGE('',*,*,#6460,.F.);
#5432=ORIENTED_EDGE('',*,*,#6673,.F.);
#5433=ORIENTED_EDGE('',*,*,#6448,.F.);
#5434=ORIENTED_EDGE('',*,*,#6673,.T.);
#5435=ORIENTED_EDGE('',*,*,#6459,.F.);
#5436=ORIENTED_EDGE('',*,*,#6674,.F.);
#5437=ORIENTED_EDGE('',*,*,#6674,.T.);
#5438=ORIENTED_EDGE('',*,*,#6458,.F.);
#5439=ORIENTED_EDGE('',*,*,#6675,.T.);
#5440=ORIENTED_EDGE('',*,*,#6449,.F.);
#5441=ORIENTED_EDGE('',*,*,#6450,.F.);
#5442=ORIENTED_EDGE('',*,*,#6675,.F.);
#5443=ORIENTED_EDGE('',*,*,#6457,.F.);
#5444=ORIENTED_EDGE('',*,*,#6453,.F.);
#5445=ORIENTED_EDGE('',*,*,#6466,.F.);
#5446=ORIENTED_EDGE('',*,*,#6636,.F.);
#5447=ORIENTED_EDGE('',*,*,#6475,.F.);
#5448=ORIENTED_EDGE('',*,*,#6676,.T.);
#5449=ORIENTED_EDGE('',*,*,#6467,.F.);
#5450=ORIENTED_EDGE('',*,*,#6676,.F.);
#5451=ORIENTED_EDGE('',*,*,#6481,.F.);
#5452=ORIENTED_EDGE('',*,*,#6677,.T.);
#5453=ORIENTED_EDGE('',*,*,#6468,.F.);
#5454=ORIENTED_EDGE('',*,*,#6677,.F.);
#5455=ORIENTED_EDGE('',*,*,#6480,.F.);
#5456=ORIENTED_EDGE('',*,*,#6678,.F.);
#5457=ORIENTED_EDGE('',*,*,#6678,.T.);
#5458=ORIENTED_EDGE('',*,*,#6479,.T.);
#5459=ORIENTED_EDGE('',*,*,#6679,.T.);
#5460=ORIENTED_EDGE('',*,*,#6469,.F.);
#5461=ORIENTED_EDGE('',*,*,#6470,.F.);
#5462=ORIENTED_EDGE('',*,*,#6679,.F.);
#5463=ORIENTED_EDGE('',*,*,#6478,.F.);
#5464=ORIENTED_EDGE('',*,*,#6473,.T.);
#5465=ORIENTED_EDGE('',*,*,#6504,.F.);
#5466=ORIENTED_EDGE('',*,*,#6680,.F.);
#5467=ORIENTED_EDGE('',*,*,#6485,.F.);
#5468=ORIENTED_EDGE('',*,*,#6643,.F.);
#5469=ORIENTED_EDGE('',*,*,#6503,.F.);
#5470=ORIENTED_EDGE('',*,*,#6681,.F.);
#5471=ORIENTED_EDGE('',*,*,#6486,.F.);
#5472=ORIENTED_EDGE('',*,*,#6680,.T.);
#5473=ORIENTED_EDGE('',*,*,#6502,.F.);
#5474=ORIENTED_EDGE('',*,*,#6682,.F.);
#5475=ORIENTED_EDGE('',*,*,#6487,.F.);
#5476=ORIENTED_EDGE('',*,*,#6681,.T.);
#5477=ORIENTED_EDGE('',*,*,#6682,.T.);
#5478=ORIENTED_EDGE('',*,*,#6501,.F.);
#5479=ORIENTED_EDGE('',*,*,#6683,.T.);
#5480=ORIENTED_EDGE('',*,*,#6488,.F.);
#5481=ORIENTED_EDGE('',*,*,#6500,.F.);
#5482=ORIENTED_EDGE('',*,*,#6493,.F.);
#5483=ORIENTED_EDGE('',*,*,#6489,.F.);
#5484=ORIENTED_EDGE('',*,*,#6683,.F.);
#5485=ORIENTED_EDGE('',*,*,#6494,.F.);
#5486=ORIENTED_EDGE('',*,*,#6642,.F.);
#5487=ORIENTED_EDGE('',*,*,#6509,.F.);
#5488=ORIENTED_EDGE('',*,*,#6684,.T.);
#5489=ORIENTED_EDGE('',*,*,#6495,.F.);
#5490=ORIENTED_EDGE('',*,*,#6684,.F.);
#5491=ORIENTED_EDGE('',*,*,#6515,.F.);
#5492=ORIENTED_EDGE('',*,*,#6685,.T.);
#5493=ORIENTED_EDGE('',*,*,#6496,.F.);
#5494=ORIENTED_EDGE('',*,*,#6685,.F.);
#5495=ORIENTED_EDGE('',*,*,#6514,.F.);
#5496=ORIENTED_EDGE('',*,*,#6686,.F.);
#5497=ORIENTED_EDGE('',*,*,#6686,.T.);
#5498=ORIENTED_EDGE('',*,*,#6513,.T.);
#5499=ORIENTED_EDGE('',*,*,#6687,.T.);
#5500=ORIENTED_EDGE('',*,*,#6497,.F.);
#5501=ORIENTED_EDGE('',*,*,#6498,.F.);
#5502=ORIENTED_EDGE('',*,*,#6687,.F.);
#5503=ORIENTED_EDGE('',*,*,#6512,.F.);
#5504=ORIENTED_EDGE('',*,*,#6507,.T.);
#5505=ORIENTED_EDGE('',*,*,#6528,.F.);
#5506=ORIENTED_EDGE('',*,*,#6688,.F.);
#5507=ORIENTED_EDGE('',*,*,#6519,.F.);
#5508=ORIENTED_EDGE('',*,*,#6641,.F.);
#5509=ORIENTED_EDGE('',*,*,#6540,.F.);
#5510=ORIENTED_EDGE('',*,*,#6689,.F.);
#5511=ORIENTED_EDGE('',*,*,#6520,.F.);
#5512=ORIENTED_EDGE('',*,*,#6688,.T.);
#5513=ORIENTED_EDGE('',*,*,#6539,.F.);
#5514=ORIENTED_EDGE('',*,*,#6690,.F.);
#5515=ORIENTED_EDGE('',*,*,#6521,.F.);
#5516=ORIENTED_EDGE('',*,*,#6689,.T.);
#5517=ORIENTED_EDGE('',*,*,#6690,.T.);
#5518=ORIENTED_EDGE('',*,*,#6538,.F.);
#5519=ORIENTED_EDGE('',*,*,#6691,.T.);
#5520=ORIENTED_EDGE('',*,*,#6522,.F.);
#5521=ORIENTED_EDGE('',*,*,#6537,.F.);
#5522=ORIENTED_EDGE('',*,*,#6527,.F.);
#5523=ORIENTED_EDGE('',*,*,#6523,.F.);
#5524=ORIENTED_EDGE('',*,*,#6691,.F.);
#5525=ORIENTED_EDGE('',*,*,#6531,.F.);
#5526=ORIENTED_EDGE('',*,*,#6640,.F.);
#5527=ORIENTED_EDGE('',*,*,#6545,.F.);
#5528=ORIENTED_EDGE('',*,*,#6692,.T.);
#5529=ORIENTED_EDGE('',*,*,#6532,.F.);
#5530=ORIENTED_EDGE('',*,*,#6692,.F.);
#5531=ORIENTED_EDGE('',*,*,#6544,.F.);
#5532=ORIENTED_EDGE('',*,*,#6693,.T.);
#5533=ORIENTED_EDGE('',*,*,#6533,.F.);
#5534=ORIENTED_EDGE('',*,*,#6693,.F.);
#5535=ORIENTED_EDGE('',*,*,#6543,.F.);
#5536=ORIENTED_EDGE('',*,*,#6694,.F.);
#5537=ORIENTED_EDGE('',*,*,#6694,.T.);
#5538=ORIENTED_EDGE('',*,*,#6549,.T.);
#5539=ORIENTED_EDGE('',*,*,#6695,.T.);
#5540=ORIENTED_EDGE('',*,*,#6534,.F.);
#5541=ORIENTED_EDGE('',*,*,#6535,.F.);
#5542=ORIENTED_EDGE('',*,*,#6695,.F.);
#5543=ORIENTED_EDGE('',*,*,#6548,.F.);
#5544=ORIENTED_EDGE('',*,*,#6541,.T.);
#5545=ORIENTED_EDGE('',*,*,#6562,.F.);
#5546=ORIENTED_EDGE('',*,*,#6696,.F.);
#5547=ORIENTED_EDGE('',*,*,#6553,.F.);
#5548=ORIENTED_EDGE('',*,*,#6697,.T.);
#5549=ORIENTED_EDGE('',*,*,#6696,.T.);
#5550=ORIENTED_EDGE('',*,*,#6574,.F.);
#5551=ORIENTED_EDGE('',*,*,#6698,.T.);
#5552=ORIENTED_EDGE('',*,*,#6554,.F.);
#5553=ORIENTED_EDGE('',*,*,#6573,.F.);
#5554=ORIENTED_EDGE('',*,*,#6561,.F.);
#5555=ORIENTED_EDGE('',*,*,#6555,.F.);
#5556=ORIENTED_EDGE('',*,*,#6698,.F.);
#5557=ORIENTED_EDGE('',*,*,#6564,.F.);
#5558=ORIENTED_EDGE('',*,*,#6699,.F.);
#5559=ORIENTED_EDGE('',*,*,#6558,.F.);
#5560=ORIENTED_EDGE('',*,*,#6639,.F.);
#5561=ORIENTED_EDGE('',*,*,#6563,.F.);
#5562=ORIENTED_EDGE('',*,*,#6697,.F.);
#5563=ORIENTED_EDGE('',*,*,#6559,.F.);
#5564=ORIENTED_EDGE('',*,*,#6699,.T.);
#5565=ORIENTED_EDGE('',*,*,#6567,.F.);
#5566=ORIENTED_EDGE('',*,*,#6638,.F.);
#5567=ORIENTED_EDGE('',*,*,#6577,.F.);
#5568=ORIENTED_EDGE('',*,*,#6700,.T.);
#5569=ORIENTED_EDGE('',*,*,#6568,.F.);
#5570=ORIENTED_EDGE('',*,*,#6700,.F.);
#5571=ORIENTED_EDGE('',*,*,#6583,.F.);
#5572=ORIENTED_EDGE('',*,*,#6701,.T.);
#5573=ORIENTED_EDGE('',*,*,#6569,.F.);
#5574=ORIENTED_EDGE('',*,*,#6701,.F.);
#5575=ORIENTED_EDGE('',*,*,#6582,.F.);
#5576=ORIENTED_EDGE('',*,*,#6702,.F.);
#5577=ORIENTED_EDGE('',*,*,#6702,.T.);
#5578=ORIENTED_EDGE('',*,*,#6581,.T.);
#5579=ORIENTED_EDGE('',*,*,#6703,.T.);
#5580=ORIENTED_EDGE('',*,*,#6570,.F.);
#5581=ORIENTED_EDGE('',*,*,#6571,.F.);
#5582=ORIENTED_EDGE('',*,*,#6703,.F.);
#5583=ORIENTED_EDGE('',*,*,#6580,.F.);
#5584=ORIENTED_EDGE('',*,*,#6575,.T.);
#5585=ORIENTED_EDGE('',*,*,#6596,.F.);
#5586=ORIENTED_EDGE('',*,*,#6704,.F.);
#5587=ORIENTED_EDGE('',*,*,#6587,.F.);
#5588=ORIENTED_EDGE('',*,*,#6637,.F.);
#5589=ORIENTED_EDGE('',*,*,#6601,.F.);
#5590=ORIENTED_EDGE('',*,*,#6705,.F.);
#5591=ORIENTED_EDGE('',*,*,#6588,.F.);
#5592=ORIENTED_EDGE('',*,*,#6704,.T.);
#5593=ORIENTED_EDGE('',*,*,#6600,.F.);
#5594=ORIENTED_EDGE('',*,*,#6706,.F.);
#5595=ORIENTED_EDGE('',*,*,#6589,.F.);
#5596=ORIENTED_EDGE('',*,*,#6705,.T.);
#5597=ORIENTED_EDGE('',*,*,#6706,.T.);
#5598=ORIENTED_EDGE('',*,*,#6599,.F.);
#5599=ORIENTED_EDGE('',*,*,#6707,.T.);
#5600=ORIENTED_EDGE('',*,*,#6590,.F.);
#5601=ORIENTED_EDGE('',*,*,#6598,.F.);
#5602=ORIENTED_EDGE('',*,*,#6595,.F.);
#5603=ORIENTED_EDGE('',*,*,#6591,.F.);
#5604=ORIENTED_EDGE('',*,*,#6707,.F.);
#5605=ORIENTED_EDGE('',*,*,#6603,.T.);
#5606=ORIENTED_EDGE('',*,*,#6708,.F.);
#5607=ORIENTED_EDGE('',*,*,#6607,.T.);
#5608=ORIENTED_EDGE('',*,*,#6606,.T.);
#5609=ORIENTED_EDGE('',*,*,#6609,.T.);
#5610=ORIENTED_EDGE('',*,*,#6709,.F.);
#5611=ORIENTED_EDGE('',*,*,#6608,.T.);
#5612=ORIENTED_EDGE('',*,*,#6709,.T.);
#5613=ORIENTED_EDGE('',*,*,#6611,.T.);
#5614=ORIENTED_EDGE('',*,*,#6615,.T.);
#5615=ORIENTED_EDGE('',*,*,#6613,.T.);
#5616=ORIENTED_EDGE('',*,*,#6710,.F.);
#5617=ORIENTED_EDGE('',*,*,#6612,.T.);
#5618=ORIENTED_EDGE('',*,*,#6710,.T.);
#5619=ORIENTED_EDGE('',*,*,#6619,.T.);
#5620=ORIENTED_EDGE('',*,*,#6618,.T.);
#5621=ORIENTED_EDGE('',*,*,#6621,.T.);
#5622=ORIENTED_EDGE('',*,*,#6711,.F.);
#5623=ORIENTED_EDGE('',*,*,#6620,.T.);
#5624=ORIENTED_EDGE('',*,*,#6711,.T.);
#5625=ORIENTED_EDGE('',*,*,#6623,.T.);
#5626=ORIENTED_EDGE('',*,*,#6627,.T.);
#5627=ORIENTED_EDGE('',*,*,#6625,.T.);
#5628=ORIENTED_EDGE('',*,*,#6712,.F.);
#5629=ORIENTED_EDGE('',*,*,#6624,.T.);
#5630=ORIENTED_EDGE('',*,*,#6712,.T.);
#5631=ORIENTED_EDGE('',*,*,#6708,.T.);
#5632=EDGE_CURVE('',#6713,#6714,#6715,.T.);
#5633=EDGE_CURVE('',#6716,#6713,#6717,.T.);
#5634=EDGE_CURVE('',#6718,#6716,#6719,.T.);
#5635=EDGE_CURVE('',#6720,#6718,#6721,.T.);
#5636=EDGE_CURVE('',#6720,#6722,#6723,.T.);
#5637=EDGE_CURVE('',#6724,#6722,#6725,.T.);
#5638=EDGE_CURVE('',#6726,#6724,#6727,.T.);
#5639=EDGE_CURVE('',#6714,#6726,#6728,.T.);
#5640=EDGE_CURVE('',#6729,#6714,#6730,.T.);
#5641=EDGE_CURVE('',#6726,#6731,#6732,.T.);
#5642=EDGE_CURVE('',#6729,#6731,#6733,.T.);
#5643=EDGE_CURVE('',#6724,#6734,#6735,.T.);
#5644=EDGE_CURVE('',#6731,#6734,#6736,.T.);
#5645=EDGE_CURVE('',#6737,#6722,#6738,.T.);
#5646=EDGE_CURVE('',#6734,#6737,#6739,.T.);
#5647=EDGE_CURVE('',#6740,#6741,#6742,.T.);
#5648=EDGE_CURVE('',#6722,#6741,#6743,.T.);
#5649=EDGE_CURVE('',#6740,#6720,#6744,.T.);
#5650=EDGE_CURVE('',#6745,#6720,#6746,.T.);
#5651=EDGE_CURVE('',#6718,#6747,#6748,.T.);
#5652=EDGE_CURVE('',#6745,#6747,#6749,.T.);
#5653=EDGE_CURVE('',#6716,#6750,#6751,.T.);
#5654=EDGE_CURVE('',#6747,#6750,#6752,.T.);
#5655=EDGE_CURVE('',#6753,#6713,#6754,.T.);
#5656=EDGE_CURVE('',#6750,#6753,#6755,.T.);
#5657=EDGE_CURVE('',#6756,#6757,#6758,.T.);
#5658=EDGE_CURVE('',#6713,#6756,#6759,.T.);
#5659=EDGE_CURVE('',#6757,#6714,#6760,.T.);
#5660=EDGE_CURVE('',#6753,#6729,#6761,.T.);
#5661=EDGE_CURVE('',#6745,#6737,#6762,.T.);
#5662=EDGE_CURVE('',#6763,#6741,#6764,.T.);
#5663=EDGE_CURVE('',#6737,#6763,#6765,.T.);
#5664=EDGE_CURVE('',#6766,#6745,#6767,.T.);
#5665=EDGE_CURVE('',#6766,#6740,#6768,.T.);
#5666=EDGE_CURVE('',#6769,#6740,#6770,.T.);
#5667=EDGE_CURVE('',#6769,#6771,#6772,.T.);
#5668=EDGE_CURVE('',#6741,#6771,#6773,.T.);
#5669=EDGE_CURVE('',#6774,#6757,#6775,.T.);
#5670=EDGE_CURVE('',#6776,#6774,#6777,.T.);
#5671=EDGE_CURVE('',#6778,#6776,#6779,.T.);
#5672=EDGE_CURVE('',#6780,#6778,#6781,.T.);
#5673=EDGE_CURVE('',#6782,#6780,#6783,.T.);
#5674=EDGE_CURVE('',#6784,#6782,#6785,.T.);
#5675=EDGE_CURVE('',#6756,#6784,#6786,.T.);
#5676=EDGE_CURVE('',#6787,#6788,#6789,.T.);
#5677=EDGE_CURVE('',#6788,#6790,#6791,.T.);
#5678=EDGE_CURVE('',#6790,#6792,#6793,.T.);
#5679=EDGE_CURVE('',#6792,#6787,#6794,.T.);
#5680=EDGE_CURVE('',#6766,#6763,#6795,.T.);
#5681=EDGE_CURVE('',#6796,#6797,#6798,.T.);
#5682=EDGE_CURVE('',#6797,#6729,#6799,.T.);
#5683=EDGE_CURVE('',#6753,#6796,#6800,.T.);
#5684=EDGE_CURVE('',#6797,#6757,#6801,.T.);
#5685=EDGE_CURVE('',#6802,#6797,#6803,.T.);
#5686=EDGE_CURVE('',#6774,#6802,#6804,.T.);
#5687=EDGE_CURVE('',#6805,#6771,#6806,.T.);
#5688=EDGE_CURVE('',#6763,#6805,#6807,.T.);
#5689=EDGE_CURVE('',#6808,#6766,#6809,.T.);
#5690=EDGE_CURVE('',#6808,#6769,#6810,.T.);
#5691=EDGE_CURVE('',#6811,#6812,#6813,.T.);
#5692=EDGE_CURVE('',#6771,#6812,#6814,.T.);
#5693=EDGE_CURVE('',#6811,#6769,#6815,.T.);
#5694=EDGE_CURVE('',#6796,#6756,#6816,.T.);
#5695=EDGE_CURVE('',#6784,#6817,#6818,.T.);
#5696=EDGE_CURVE('',#6796,#6817,#6819,.T.);
#5697=EDGE_CURVE('',#6820,#6821,#6822,.F.);
#5698=EDGE_CURVE('',#6787,#6820,#6823,.T.);
#5699=EDGE_CURVE('',#6792,#6821,#6824,.T.);
#5700=EDGE_CURVE('',#6821,#6825,#6826,.F.);
#5701=EDGE_CURVE('',#6790,#6825,#6827,.T.);
#5702=EDGE_CURVE('',#6825,#6828,#6829,.F.);
#5703=EDGE_CURVE('',#6788,#6828,#6830,.T.);
#5704=EDGE_CURVE('',#6828,#6820,#6831,.F.);
#5705=EDGE_CURVE('',#6782,#6832,#6833,.T.);
#5706=EDGE_CURVE('',#6817,#6832,#6834,.T.);
#5707=EDGE_CURVE('',#6780,#6835,#6836,.T.);
#5708=EDGE_CURVE('',#6832,#6835,#6837,.T.);
#5709=EDGE_CURVE('',#6778,#6838,#6839,.T.);
#5710=EDGE_CURVE('',#6835,#6838,#6840,.T.);
#5711=EDGE_CURVE('',#6776,#6841,#6842,.T.);
#5712=EDGE_CURVE('',#6838,#6841,#6843,.T.);
#5713=EDGE_CURVE('',#6841,#6802,#6844,.T.);
#5714=EDGE_CURVE('',#6808,#6805,#6845,.T.);
#5715=EDGE_CURVE('',#6846,#6812,#6847,.T.);
#5716=EDGE_CURVE('',#6805,#6846,#6848,.T.);
#5717=EDGE_CURVE('',#6849,#6808,#6850,.T.);
#5718=EDGE_CURVE('',#6849,#6811,#6851,.T.);
#5719=EDGE_CURVE('',#6852,#6811,#6853,.T.);
#5720=EDGE_CURVE('',#6852,#6854,#6855,.T.);
#5721=EDGE_CURVE('',#6812,#6854,#6856,.T.);
#5722=EDGE_CURVE('',#6849,#6846,#6857,.T.);
#5723=EDGE_CURVE('',#6858,#6854,#6859,.T.);
#5724=EDGE_CURVE('',#6846,#6858,#6860,.T.);
#5725=EDGE_CURVE('',#6861,#6849,#6862,.T.);
#5726=EDGE_CURVE('',#6861,#6852,#6863,.T.);
#5727=EDGE_CURVE('',#6864,#6865,#6866,.T.);
#5728=EDGE_CURVE('',#6854,#6865,#6867,.T.);
#5729=EDGE_CURVE('',#6864,#6852,#6868,.T.);
#5730=EDGE_CURVE('',#6861,#6858,#6869,.T.);
#5731=EDGE_CURVE('',#6870,#6865,#6871,.T.);
#5732=EDGE_CURVE('',#6858,#6870,#6872,.T.);
#5733=EDGE_CURVE('',#6873,#6861,#6874,.T.);
#5734=EDGE_CURVE('',#6873,#6864,#6875,.T.);
#5735=EDGE_CURVE('',#6876,#6864,#6877,.T.);
#5736=EDGE_CURVE('',#6878,#6876,#6879,.T.);
#5737=EDGE_CURVE('',#6865,#6878,#6880,.T.);
#5738=EDGE_CURVE('',#6873,#6870,#6881,.T.);
#5739=EDGE_CURVE('',#6878,#6882,#6883,.T.);
#5740=EDGE_CURVE('',#6870,#6882,#6884,.T.);
#5741=EDGE_CURVE('',#6885,#6873,#6886,.T.);
#5742=EDGE_CURVE('',#6876,#6885,#6887,.T.);
#5743=EDGE_CURVE('',#6882,#6885,#6888,.T.);
#5744=EDGE_CURVE('',#6889,#6890,#6891,.F.);
#5745=EDGE_CURVE('',#6892,#6890,#6893,.F.);
#5746=EDGE_CURVE('',#6892,#6894,#6895,.T.);
#5747=EDGE_CURVE('',#6889,#6894,#6896,.T.);
#5748=EDGE_CURVE('',#6897,#6898,#6899,.F.);
#5749=EDGE_CURVE('',#6900,#6898,#6901,.T.);
#5750=EDGE_CURVE('',#6900,#6902,#6903,.T.);
#5751=EDGE_CURVE('',#6897,#6902,#6904,.F.);
#5752=EDGE_CURVE('',#6905,#6906,#6907,.F.);
#5753=EDGE_CURVE('',#6908,#6906,#6909,.F.);
#5754=EDGE_CURVE('',#6908,#6910,#6911,.T.);
#5755=EDGE_CURVE('',#6905,#6910,#6912,.T.);
#5756=EDGE_CURVE('',#6913,#6914,#6915,.F.);
#5757=EDGE_CURVE('',#6916,#6914,#6917,.T.);
#5758=EDGE_CURVE('',#6916,#6918,#6919,.T.);
#5759=EDGE_CURVE('',#6913,#6918,#6920,.F.);
#5760=EDGE_CURVE('',#6921,#6922,#6923,.F.);
#5761=EDGE_CURVE('',#6924,#6922,#6925,.T.);
#5762=EDGE_CURVE('',#6924,#6926,#6927,.T.);
#5763=EDGE_CURVE('',#6921,#6926,#6928,.F.);
#5764=EDGE_CURVE('',#6929,#6930,#6931,.F.);
#5765=EDGE_CURVE('',#6932,#6930,#6933,.F.);
#5766=EDGE_CURVE('',#6932,#6934,#6935,.T.);
#5767=EDGE_CURVE('',#6929,#6934,#6936,.T.);
#5768=EDGE_CURVE('',#6937,#6938,#6939,.F.);
#5769=EDGE_CURVE('',#6940,#6938,#6941,.T.);
#5770=EDGE_CURVE('',#6940,#6942,#6943,.T.);
#5771=EDGE_CURVE('',#6937,#6942,#6944,.F.);
#5772=EDGE_CURVE('',#6945,#6946,#6947,.F.);
#5773=EDGE_CURVE('',#6948,#6946,#6949,.F.);
#5774=EDGE_CURVE('',#6948,#6950,#6951,.T.);
#5775=EDGE_CURVE('',#6945,#6950,#6952,.T.);
#5776=EDGE_CURVE('',#6953,#6937,#6954,.T.);
#5777=EDGE_CURVE('',#6955,#6942,#6956,.T.);
#5778=EDGE_CURVE('',#6955,#6957,#6958,.T.);
#5779=EDGE_CURVE('',#6957,#6959,#6960,.F.);
#5780=EDGE_CURVE('',#6959,#6961,#6962,.T.);
#5781=EDGE_CURVE('',#6961,#6963,#6964,.T.);
#5782=EDGE_CURVE('',#6963,#6965,#6966,.T.);
#5783=EDGE_CURVE('',#6965,#6967,#6968,.F.);
#5784=EDGE_CURVE('',#6967,#6969,#6970,.T.);
#5785=EDGE_CURVE('',#6969,#6971,#6972,.T.);
#5786=EDGE_CURVE('',#6971,#6973,#6974,.T.);
#5787=EDGE_CURVE('',#6973,#6892,#6975,.T.);
#5788=EDGE_CURVE('',#6890,#6976,#6977,.F.);
#5789=EDGE_CURVE('',#6976,#6978,#6979,.F.);
#5790=EDGE_CURVE('',#6978,#6897,#6980,.T.);
#5791=EDGE_CURVE('',#6902,#6981,#6982,.T.);
#5792=EDGE_CURVE('',#6983,#6981,#6984,.T.);
#5793=EDGE_CURVE('',#6983,#6948,#6985,.F.);
#5794=EDGE_CURVE('',#6946,#6986,#6987,.F.);
#5795=EDGE_CURVE('',#6986,#6953,#6988,.F.);
#5796=EDGE_CURVE('',#6989,#6990,#6991,.T.);
#5797=EDGE_CURVE('',#6990,#6992,#6993,.T.);
#5798=EDGE_CURVE('',#6992,#6994,#6995,.T.);
#5799=EDGE_CURVE('',#6994,#6996,#6997,.F.);
#5800=EDGE_CURVE('',#6996,#6998,#6999,.F.);
#5801=EDGE_CURVE('',#6998,#6989,#7000,.F.);
#5802=EDGE_CURVE('',#6922,#7001,#7002,.T.);
#5803=EDGE_CURVE('',#7001,#7003,#7004,.T.);
#5804=EDGE_CURVE('',#7003,#6929,#7005,.F.);
#5805=EDGE_CURVE('',#6934,#7006,#7007,.F.);
#5806=EDGE_CURVE('',#7006,#7008,#7009,.T.);
#5807=EDGE_CURVE('',#7008,#6916,#7010,.T.);
#5808=EDGE_CURVE('',#6914,#7011,#7012,.T.);
#5809=EDGE_CURVE('',#7011,#7013,#7014,.T.);
#5810=EDGE_CURVE('',#7013,#6905,#7015,.F.);
#5811=EDGE_CURVE('',#6910,#7016,#7017,.T.);
#5812=EDGE_CURVE('',#7016,#7018,#7019,.F.);
#5813=EDGE_CURVE('',#7018,#7020,#7021,.T.);
#5814=EDGE_CURVE('',#7022,#7020,#7023,.T.);
#5815=EDGE_CURVE('',#7022,#7024,#7025,.F.);
#5816=EDGE_CURVE('',#7024,#7026,#7027,.F.);
#5817=EDGE_CURVE('',#7026,#7028,#7029,.T.);
#5818=EDGE_CURVE('',#7030,#7028,#7031,.T.);
#5819=EDGE_CURVE('',#7030,#7032,#7033,.F.);
#5820=EDGE_CURVE('',#7032,#7034,#7035,.F.);
#5821=EDGE_CURVE('',#6924,#7034,#7036,.T.);
#5822=EDGE_CURVE('',#7037,#7038,#7039,.T.);
#5823=EDGE_CURVE('',#7038,#7040,#7041,.T.);
#5824=EDGE_CURVE('',#7040,#7042,#7043,.T.);
#5825=EDGE_CURVE('',#7042,#7044,#7045,.F.);
#5826=EDGE_CURVE('',#7044,#7046,#7047,.F.);
#5827=EDGE_CURVE('',#7046,#7037,#7048,.F.);
#5828=EDGE_CURVE('',#7049,#6921,#7050,.T.);
#5829=EDGE_CURVE('',#7051,#6926,#7052,.T.);
#5830=EDGE_CURVE('',#7051,#7053,#7054,.T.);
#5831=EDGE_CURVE('',#7053,#7055,#7056,.F.);
#5832=EDGE_CURVE('',#7055,#7057,#7058,.F.);
#5833=EDGE_CURVE('',#7059,#7057,#7060,.T.);
#5834=EDGE_CURVE('',#7059,#7061,#7062,.T.);
#5835=EDGE_CURVE('',#7061,#7063,#7064,.T.);
#5836=EDGE_CURVE('',#7063,#7065,#7066,.F.);
#5837=EDGE_CURVE('',#7065,#7067,#7068,.T.);
#5838=EDGE_CURVE('',#7067,#7069,#7070,.T.);
#5839=EDGE_CURVE('',#7069,#7071,#7072,.F.);
#5840=EDGE_CURVE('',#7071,#7073,#7074,.T.);
#5841=EDGE_CURVE('',#7073,#7075,#7076,.T.);
#5842=EDGE_CURVE('',#7075,#7077,#7078,.T.);
#5843=EDGE_CURVE('',#7077,#6908,#7079,.T.);
#5844=EDGE_CURVE('',#6906,#7080,#7081,.F.);
#5845=EDGE_CURVE('',#7080,#7082,#7083,.F.);
#5846=EDGE_CURVE('',#7082,#6913,#7084,.T.);
#5847=EDGE_CURVE('',#6918,#7085,#7086,.T.);
#5848=EDGE_CURVE('',#7087,#7085,#7088,.T.);
#5849=EDGE_CURVE('',#7087,#6932,#7089,.F.);
#5850=EDGE_CURVE('',#6930,#7090,#7091,.F.);
#5851=EDGE_CURVE('',#7090,#7049,#7092,.F.);
#5852=EDGE_CURVE('',#7093,#7094,#7095,.T.);
#5853=EDGE_CURVE('',#7094,#7096,#7097,.T.);
#5854=EDGE_CURVE('',#7096,#7098,#7099,.T.);
#5855=EDGE_CURVE('',#7098,#7100,#7101,.F.);
#5856=EDGE_CURVE('',#7100,#7102,#7103,.F.);
#5857=EDGE_CURVE('',#7102,#7093,#7104,.F.);
#5858=EDGE_CURVE('',#6938,#7105,#7106,.T.);
#5859=EDGE_CURVE('',#7105,#7107,#7108,.T.);
#5860=EDGE_CURVE('',#7107,#6945,#7109,.F.);
#5861=EDGE_CURVE('',#6950,#7110,#7111,.F.);
#5862=EDGE_CURVE('',#7110,#7112,#7113,.T.);
#5863=EDGE_CURVE('',#7112,#6900,#7114,.T.);
#5864=EDGE_CURVE('',#6898,#7115,#7116,.T.);
#5865=EDGE_CURVE('',#7115,#7117,#7118,.T.);
#5866=EDGE_CURVE('',#7117,#6889,#7119,.F.);
#5867=EDGE_CURVE('',#6894,#7120,#7121,.T.);
#5868=EDGE_CURVE('',#7120,#7122,#7123,.F.);
#5869=EDGE_CURVE('',#7122,#7124,#7125,.T.);
#5870=EDGE_CURVE('',#7124,#7126,#7127,.T.);
#5871=EDGE_CURVE('',#7126,#7128,#7129,.T.);
#5872=EDGE_CURVE('',#7130,#7128,#7131,.T.);
#5873=EDGE_CURVE('',#7130,#7132,#7133,.F.);
#5874=EDGE_CURVE('',#7132,#7134,#7135,.T.);
#5875=EDGE_CURVE('',#7134,#7136,#7137,.F.);
#5876=EDGE_CURVE('',#7136,#7138,#7139,.F.);
#5877=EDGE_CURVE('',#7138,#7140,#7141,.T.);
#5878=EDGE_CURVE('',#7140,#7142,#7143,.F.);
#5879=EDGE_CURVE('',#7142,#7144,#7145,.F.);
#5880=EDGE_CURVE('',#7144,#7146,#7147,.F.);
#5881=EDGE_CURVE('',#6940,#7146,#7148,.T.);
#5882=EDGE_CURVE('',#7149,#7150,#7151,.F.);
#5883=EDGE_CURVE('',#7150,#7152,#7153,.F.);
#5884=EDGE_CURVE('',#7152,#7154,#7155,.T.);
#5885=EDGE_CURVE('',#7154,#7156,#7157,.T.);
#5886=EDGE_CURVE('',#7156,#7158,#7159,.T.);
#5887=EDGE_CURVE('',#7158,#7149,#7160,.F.);
#5888=EDGE_CURVE('',#7161,#7161,#7162,.F.);
#5889=EDGE_CURVE('',#7163,#7163,#7164,.F.);
#5890=EDGE_CURVE('',#7165,#7165,#7166,.F.);
#5891=EDGE_CURVE('',#7167,#7167,#7168,.F.);
#5892=EDGE_CURVE('',#7169,#7169,#7170,.F.);
#5893=EDGE_CURVE('',#7171,#7171,#7172,.F.);
#5894=EDGE_CURVE('',#7173,#7173,#7174,.F.);
#5895=EDGE_CURVE('',#7175,#7175,#7176,.F.);
#5896=EDGE_CURVE('',#7177,#7178,#7179,.T.);
#5897=EDGE_CURVE('',#7178,#7180,#7181,.T.);
#5898=EDGE_CURVE('',#7180,#7182,#7183,.T.);
#5899=EDGE_CURVE('',#7182,#7177,#7184,.T.);
#5900=EDGE_CURVE('',#7177,#7080,#7185,.T.);
#5901=EDGE_CURVE('',#7182,#7082,#7186,.T.);
#5902=EDGE_CURVE('',#7180,#7011,#7187,.T.);
#5903=EDGE_CURVE('',#7178,#7013,#7188,.T.);
#5904=EDGE_CURVE('',#7189,#7190,#7191,.T.);
#5905=EDGE_CURVE('',#7190,#7192,#7193,.T.);
#5906=EDGE_CURVE('',#7192,#7194,#7195,.T.);
#5907=EDGE_CURVE('',#7194,#7189,#7196,.T.);
#5908=EDGE_CURVE('',#7189,#7001,#7197,.T.);
#5909=EDGE_CURVE('',#7194,#7003,#7198,.T.);
#5910=EDGE_CURVE('',#7192,#7090,#7199,.T.);
#5911=EDGE_CURVE('',#7190,#7049,#7200,.T.);
#5912=EDGE_CURVE('',#7201,#7202,#7203,.T.);
#5913=EDGE_CURVE('',#7202,#7204,#7205,.T.);
#5914=EDGE_CURVE('',#7204,#7206,#7207,.T.);
#5915=EDGE_CURVE('',#7206,#7201,#7208,.T.);
#5916=EDGE_CURVE('',#7201,#6976,#7209,.T.);
#5917=EDGE_CURVE('',#7206,#6978,#7210,.T.);
#5918=EDGE_CURVE('',#7204,#7115,#7211,.T.);
#5919=EDGE_CURVE('',#7202,#7117,#7212,.T.);
#5920=EDGE_CURVE('',#7213,#7214,#7215,.T.);
#5921=EDGE_CURVE('',#7214,#7216,#7217,.T.);
#5922=EDGE_CURVE('',#7216,#7218,#7219,.T.);
#5923=EDGE_CURVE('',#7218,#7213,#7220,.T.);
#5924=EDGE_CURVE('',#7213,#7105,#7221,.T.);
#5925=EDGE_CURVE('',#7218,#7107,#7222,.T.);
#5926=EDGE_CURVE('',#7216,#6986,#7223,.T.);
#5927=EDGE_CURVE('',#7214,#6953,#7224,.T.);
#5928=EDGE_CURVE('',#7225,#7226,#7227,.T.);
#5929=EDGE_CURVE('',#7228,#7226,#7229,.F.);
#5930=EDGE_CURVE('',#7230,#7228,#7231,.F.);
#5931=EDGE_CURVE('',#7232,#7230,#7233,.F.);
#5932=EDGE_CURVE('',#7016,#7232,#7234,.T.);
#5933=EDGE_CURVE('',#7120,#7077,#7235,.T.);
#5934=EDGE_CURVE('',#7236,#6973,#7237,.T.);
#5935=EDGE_CURVE('',#7238,#7236,#7239,.F.);
#5936=EDGE_CURVE('',#7240,#7238,#7241,.F.);
#5937=EDGE_CURVE('',#7242,#7240,#7243,.F.);
#5938=EDGE_CURVE('',#7242,#7244,#7245,.T.);
#5939=EDGE_CURVE('',#7244,#7246,#7247,.F.);
#5940=EDGE_CURVE('',#7246,#7248,#7249,.T.);
#5941=EDGE_CURVE('',#7250,#7248,#7251,.F.);
#5942=EDGE_CURVE('',#7250,#7252,#7253,.T.);
#5943=EDGE_CURVE('',#7252,#7254,#7255,.F.);
#5944=EDGE_CURVE('',#7254,#7256,#7257,.T.);
#5945=EDGE_CURVE('',#7258,#7256,#7259,.F.);
#5946=EDGE_CURVE('',#7258,#7260,#7261,.T.);
#5947=EDGE_CURVE('',#7260,#7262,#7263,.F.);
#5948=EDGE_CURVE('',#7262,#7264,#7265,.T.);
#5949=EDGE_CURVE('',#7266,#7264,#7267,.F.);
#5950=EDGE_CURVE('',#7266,#7268,#7269,.T.);
#5951=EDGE_CURVE('',#7268,#7225,#7270,.F.);
#5952=EDGE_CURVE('',#7128,#7271,#7272,.T.);
#5953=EDGE_CURVE('',#7126,#7271,#7273,.T.);
#5954=EDGE_CURVE('',#6981,#7112,#7274,.T.);
#5955=EDGE_CURVE('',#7085,#7008,#7275,.T.);
#5956=EDGE_CURVE('',#7276,#7277,#7278,.F.);
#5957=EDGE_CURVE('',#7279,#7277,#7280,.T.);
#5958=EDGE_CURVE('',#7281,#7279,#7282,.T.);
#5959=EDGE_CURVE('',#7283,#7281,#7284,.F.);
#5960=EDGE_CURVE('',#6955,#7283,#7285,.T.);
#5961=EDGE_CURVE('',#7051,#7146,#7286,.T.);
#5962=EDGE_CURVE('',#7287,#7034,#7288,.T.);
#5963=EDGE_CURVE('',#7289,#7287,#7290,.F.);
#5964=EDGE_CURVE('',#7291,#7289,#7292,.T.);
#5965=EDGE_CURVE('',#7293,#7291,#7294,.T.);
#5966=EDGE_CURVE('',#7293,#7295,#7296,.F.);
#5967=EDGE_CURVE('',#7295,#7297,#7298,.T.);
#5968=EDGE_CURVE('',#7297,#7299,#7300,.F.);
#5969=EDGE_CURVE('',#7301,#7299,#7302,.T.);
#5970=EDGE_CURVE('',#7301,#7303,#7304,.F.);
#5971=EDGE_CURVE('',#7303,#7305,#7306,.T.);
#5972=EDGE_CURVE('',#7305,#7307,#7308,.F.);
#5973=EDGE_CURVE('',#7309,#7307,#7310,.T.);
#5974=EDGE_CURVE('',#7309,#7311,#7312,.F.);
#5975=EDGE_CURVE('',#7311,#7313,#7314,.T.);
#5976=EDGE_CURVE('',#7313,#7315,#7316,.F.);
#5977=EDGE_CURVE('',#7317,#7315,#7318,.T.);
#5978=EDGE_CURVE('',#7317,#7319,#7320,.F.);
#5979=EDGE_CURVE('',#7319,#7276,#7321,.T.);
#5980=EDGE_CURVE('',#7322,#7059,#7323,.T.);
#5981=EDGE_CURVE('',#7057,#7322,#7324,.T.);
#5982=EDGE_CURVE('',#7006,#7087,#7325,.F.);
#5983=EDGE_CURVE('',#7110,#6983,#7326,.F.);
#5984=EDGE_CURVE('',#7327,#7283,#7328,.T.);
#5985=EDGE_CURVE('',#7327,#6957,#7329,.T.);
#5986=EDGE_CURVE('',#7330,#7327,#7331,.F.);
#5987=EDGE_CURVE('',#6959,#7330,#7332,.F.);
#5988=EDGE_CURVE('',#7333,#6961,#7334,.T.);
#5989=EDGE_CURVE('',#7333,#7330,#7335,.F.);
#5990=EDGE_CURVE('',#7336,#7333,#7337,.F.);
#5991=EDGE_CURVE('',#6963,#7336,#7338,.T.);
#5992=EDGE_CURVE('',#7339,#7336,#7340,.T.);
#5993=EDGE_CURVE('',#7339,#6965,#7341,.T.);
#5994=EDGE_CURVE('',#7342,#7339,#7343,.F.);
#5995=EDGE_CURVE('',#6967,#7342,#7344,.F.);
#5996=EDGE_CURVE('',#7345,#7342,#7346,.F.);
#5997=EDGE_CURVE('',#7345,#6969,#7347,.T.);
#5998=EDGE_CURVE('',#7348,#7345,#7349,.F.);
#5999=EDGE_CURVE('',#6971,#7348,#7350,.T.);
#6000=EDGE_CURVE('',#7236,#7348,#7351,.T.);
#6001=EDGE_CURVE('',#6989,#7352,#7353,.T.);
#6002=EDGE_CURVE('',#6990,#7352,#7354,.F.);
#6003=EDGE_CURVE('',#7355,#6990,#7356,.F.);
#6004=EDGE_CURVE('',#6992,#7355,#7357,.T.);
#6005=EDGE_CURVE('',#7358,#7355,#7359,.F.);
#6006=EDGE_CURVE('',#6994,#7358,#7360,.T.);
#6007=EDGE_CURVE('',#6996,#7358,#7361,.F.);
#6008=EDGE_CURVE('',#7362,#6996,#7363,.F.);
#6009=EDGE_CURVE('',#6998,#7362,#7364,.T.);
#6010=EDGE_CURVE('',#7352,#7362,#7365,.F.);
#6011=EDGE_CURVE('',#7366,#7232,#7367,.T.);
#6012=EDGE_CURVE('',#7366,#7018,#7368,.T.);
#6013=EDGE_CURVE('',#7369,#7366,#7370,.F.);
#6014=EDGE_CURVE('',#7020,#7369,#7371,.T.);
#6015=EDGE_CURVE('',#7372,#7022,#7373,.F.);
#6016=EDGE_CURVE('',#7372,#7369,#7374,.T.);
#6017=EDGE_CURVE('',#7375,#7372,#7376,.F.);
#6018=EDGE_CURVE('',#7024,#7375,#7377,.T.);
#6019=EDGE_CURVE('',#7378,#7375,#7379,.T.);
#6020=EDGE_CURVE('',#7378,#7026,#7380,.T.);
#6021=EDGE_CURVE('',#7381,#7378,#7382,.F.);
#6022=EDGE_CURVE('',#7028,#7381,#7383,.T.);
#6023=EDGE_CURVE('',#7384,#7381,#7385,.T.);
#6024=EDGE_CURVE('',#7384,#7030,#7386,.F.);
#6025=EDGE_CURVE('',#7387,#7384,#7388,.F.);
#6026=EDGE_CURVE('',#7032,#7387,#7389,.T.);
#6027=EDGE_CURVE('',#7287,#7387,#7390,.T.);
#6028=EDGE_CURVE('',#7037,#7391,#7392,.T.);
#6029=EDGE_CURVE('',#7038,#7391,#7393,.F.);
#6030=EDGE_CURVE('',#7394,#7038,#7395,.F.);
#6031=EDGE_CURVE('',#7040,#7394,#7396,.T.);
#6032=EDGE_CURVE('',#7397,#7394,#7398,.F.);
#6033=EDGE_CURVE('',#7042,#7397,#7399,.T.);
#6034=EDGE_CURVE('',#7044,#7397,#7400,.F.);
#6035=EDGE_CURVE('',#7401,#7044,#7402,.F.);
#6036=EDGE_CURVE('',#7046,#7401,#7403,.T.);
#6037=EDGE_CURVE('',#7391,#7401,#7404,.F.);
#6038=EDGE_CURVE('',#7144,#7053,#7405,.T.);
#6039=EDGE_CURVE('',#7142,#7406,#7407,.T.);
#6040=EDGE_CURVE('',#7408,#7406,#7409,.T.);
#6041=EDGE_CURVE('',#7055,#7408,#7410,.T.);
#6042=EDGE_CURVE('',#7322,#7408,#7411,.T.);
#6043=EDGE_CURVE('',#7412,#7061,#7413,.F.);
#6044=EDGE_CURVE('',#7406,#7414,#7415,.T.);
#6045=EDGE_CURVE('',#7414,#7416,#7417,.T.);
#6046=EDGE_CURVE('',#7416,#7412,#7418,.T.);
#6047=EDGE_CURVE('',#7063,#7412,#7419,.F.);
#6048=EDGE_CURVE('',#7065,#7416,#7420,.T.);
#6049=EDGE_CURVE('',#7414,#7140,#7421,.F.);
#6050=EDGE_CURVE('',#7067,#7138,#7422,.T.);
#6051=EDGE_CURVE('',#7136,#7069,#7423,.T.);
#6052=EDGE_CURVE('',#7424,#7071,#7425,.T.);
#6053=EDGE_CURVE('',#7134,#7426,#7427,.T.);
#6054=EDGE_CURVE('',#7424,#7426,#7428,.T.);
#6055=EDGE_CURVE('',#7429,#7424,#7430,.F.);
#6056=EDGE_CURVE('',#7073,#7429,#7431,.F.);
#6057=EDGE_CURVE('',#7432,#7429,#7433,.T.);
#6058=EDGE_CURVE('',#7124,#7432,#7434,.T.);
#6059=EDGE_CURVE('',#7075,#7122,#7435,.T.);
#6060=EDGE_CURVE('',#7093,#7436,#7437,.T.);
#6061=EDGE_CURVE('',#7094,#7436,#7438,.F.);
#6062=EDGE_CURVE('',#7439,#7094,#7440,.F.);
#6063=EDGE_CURVE('',#7096,#7439,#7441,.T.);
#6064=EDGE_CURVE('',#7442,#7439,#7443,.F.);
#6065=EDGE_CURVE('',#7098,#7442,#7444,.T.);
#6066=EDGE_CURVE('',#7100,#7442,#7445,.F.);
#6067=EDGE_CURVE('',#7446,#7100,#7447,.F.);
#6068=EDGE_CURVE('',#7102,#7446,#7448,.T.);
#6069=EDGE_CURVE('',#7436,#7446,#7449,.F.);
#6070=EDGE_CURVE('',#7271,#7432,#7450,.T.);
#6071=EDGE_CURVE('',#7426,#7451,#7452,.T.);
#6072=EDGE_CURVE('',#7451,#7130,#7453,.T.);
#6073=EDGE_CURVE('',#7132,#7451,#7454,.T.);
#6074=EDGE_CURVE('',#7455,#7149,#7456,.F.);
#6075=EDGE_CURVE('',#7150,#7455,#7457,.T.);
#6076=EDGE_CURVE('',#7458,#7455,#7459,.F.);
#6077=EDGE_CURVE('',#7152,#7458,#7460,.T.);
#6078=EDGE_CURVE('',#7154,#7458,#7461,.F.);
#6079=EDGE_CURVE('',#7462,#7154,#7463,.F.);
#6080=EDGE_CURVE('',#7156,#7462,#7464,.T.);
#6081=EDGE_CURVE('',#7465,#7462,#7466,.F.);
#6082=EDGE_CURVE('',#7158,#7465,#7467,.T.);
#6083=EDGE_CURVE('',#7149,#7465,#7468,.F.);
#6084=EDGE_CURVE('',#7469,#7470,#7471,.F.);
#6085=EDGE_CURVE('',#7470,#7472,#7473,.F.);
#6086=EDGE_CURVE('',#7472,#7474,#7475,.T.);
#6087=EDGE_CURVE('',#7476,#7474,#7477,.T.);
#6088=EDGE_CURVE('',#7476,#7478,#7479,.F.);
#6089=EDGE_CURVE('',#7478,#7480,#7481,.F.);
#6090=EDGE_CURVE('',#7480,#7482,#7483,.F.);
#6091=EDGE_CURVE('',#7482,#7484,#7485,.F.);
#6092=EDGE_CURVE('',#7484,#7486,#7487,.F.);
#6093=EDGE_CURVE('',#7486,#7488,#7489,.F.);
#6094=EDGE_CURVE('',#7488,#7490,#7491,.F.);
#6095=EDGE_CURVE('',#7492,#7490,#7493,.T.);
#6096=EDGE_CURVE('',#7492,#7494,#7495,.F.);
#6097=EDGE_CURVE('',#7494,#7496,#7497,.F.);
#6098=EDGE_CURVE('',#7496,#7498,#7499,.F.);
#6099=EDGE_CURVE('',#7498,#7500,#7501,.F.);
#6100=EDGE_CURVE('',#7500,#7502,#7503,.F.);
#6101=EDGE_CURVE('',#7502,#7504,#7505,.F.);
#6102=EDGE_CURVE('',#7504,#7506,#7507,.F.);
#6103=EDGE_CURVE('',#7508,#7506,#7509,.T.);
#6104=EDGE_CURVE('',#7508,#7510,#7511,.F.);
#6105=EDGE_CURVE('',#7510,#7512,#7513,.F.);
#6106=EDGE_CURVE('',#7512,#7514,#7515,.F.);
#6107=EDGE_CURVE('',#7514,#7516,#7517,.F.);
#6108=EDGE_CURVE('',#7516,#7518,#7519,.F.);
#6109=EDGE_CURVE('',#7518,#7520,#7521,.F.);
#6110=EDGE_CURVE('',#7520,#7522,#7523,.F.);
#6111=EDGE_CURVE('',#7524,#7522,#7525,.T.);
#6112=EDGE_CURVE('',#7524,#7526,#7527,.F.);
#6113=EDGE_CURVE('',#7526,#7528,#7529,.F.);
#6114=EDGE_CURVE('',#7528,#7530,#7531,.F.);
#6115=EDGE_CURVE('',#7530,#7532,#7533,.F.);
#6116=EDGE_CURVE('',#7532,#7534,#7535,.F.);
#6117=EDGE_CURVE('',#7534,#7536,#7537,.F.);
#6118=EDGE_CURVE('',#7536,#7538,#7539,.F.);
#6119=EDGE_CURVE('',#7540,#7538,#7541,.T.);
#6120=EDGE_CURVE('',#7542,#7540,#7543,.T.);
#6121=EDGE_CURVE('',#7542,#7544,#7545,.F.);
#6122=EDGE_CURVE('',#7544,#7546,#7547,.F.);
#6123=EDGE_CURVE('',#7546,#7548,#7549,.F.);
#6124=EDGE_CURVE('',#7550,#7548,#7551,.T.);
#6125=EDGE_CURVE('',#7550,#7552,#7553,.T.);
#6126=EDGE_CURVE('',#7552,#7554,#7555,.F.);
#6127=EDGE_CURVE('',#7554,#7556,#7557,.F.);
#6128=EDGE_CURVE('',#7556,#7558,#7559,.F.);
#6129=EDGE_CURVE('',#7558,#7560,#7561,.F.);
#6130=EDGE_CURVE('',#7560,#7562,#7563,.F.);
#6131=EDGE_CURVE('',#7562,#7564,#7565,.F.);
#6132=EDGE_CURVE('',#7564,#7566,#7567,.F.);
#6133=EDGE_CURVE('',#7566,#7568,#7569,.T.);
#6134=EDGE_CURVE('',#7568,#7570,#7571,.F.);
#6135=EDGE_CURVE('',#7570,#7572,#7573,.F.);
#6136=EDGE_CURVE('',#7572,#7574,#7575,.F.);
#6137=EDGE_CURVE('',#7574,#7576,#7577,.F.);
#6138=EDGE_CURVE('',#7576,#7578,#7579,.F.);
#6139=EDGE_CURVE('',#7578,#7580,#7581,.F.);
#6140=EDGE_CURVE('',#7580,#7582,#7583,.F.);
#6141=EDGE_CURVE('',#7582,#7584,#7585,.T.);
#6142=EDGE_CURVE('',#7584,#7586,#7587,.F.);
#6143=EDGE_CURVE('',#7586,#7588,#7589,.F.);
#6144=EDGE_CURVE('',#7588,#7590,#7591,.F.);
#6145=EDGE_CURVE('',#7590,#7592,#7593,.F.);
#6146=EDGE_CURVE('',#7592,#7594,#7595,.F.);
#6147=EDGE_CURVE('',#7594,#7596,#7597,.F.);
#6148=EDGE_CURVE('',#7596,#7598,#7599,.F.);
#6149=EDGE_CURVE('',#7598,#7600,#7601,.T.);
#6150=EDGE_CURVE('',#7600,#7602,#7603,.F.);
#6151=EDGE_CURVE('',#7602,#7604,#7605,.F.);
#6152=EDGE_CURVE('',#7604,#7606,#7607,.F.);
#6153=EDGE_CURVE('',#7606,#7608,#7609,.F.);
#6154=EDGE_CURVE('',#7608,#7610,#7611,.F.);
#6155=EDGE_CURVE('',#7610,#7612,#7613,.F.);
#6156=EDGE_CURVE('',#7612,#7614,#7615,.F.);
#6157=EDGE_CURVE('',#7614,#7616,#7617,.T.);
#6158=EDGE_CURVE('',#7616,#7618,#7619,.T.);
#6159=EDGE_CURVE('',#7618,#7469,#7620,.F.);
#6160=EDGE_CURVE('',#7621,#7621,#7622,.T.);
#6161=EDGE_CURVE('',#7623,#7624,#7625,.T.);
#6162=EDGE_CURVE('',#7623,#7624,#7626,.T.);
#6163=EDGE_CURVE('',#7627,#7628,#7629,.T.);
#6164=EDGE_CURVE('',#7627,#7628,#7630,.T.);
#6165=EDGE_CURVE('',#7631,#7632,#7633,.T.);
#6166=EDGE_CURVE('',#7631,#7632,#7634,.T.);
#6167=EDGE_CURVE('',#7635,#7636,#7637,.T.);
#6168=EDGE_CURVE('',#7635,#7636,#7638,.T.);
#6169=EDGE_CURVE('',#7226,#7639,#7640,.F.);
#6170=EDGE_CURVE('',#7641,#7225,#7642,.T.);
#6171=EDGE_CURVE('',#7639,#7641,#7643,.T.);
#6172=EDGE_CURVE('',#7639,#7644,#7645,.F.);
#6173=EDGE_CURVE('',#7644,#7646,#7647,.F.);
#6174=EDGE_CURVE('',#7646,#7648,#7649,.F.);
#6175=EDGE_CURVE('',#7648,#7650,#7651,.F.);
#6176=EDGE_CURVE('',#7652,#7650,#7653,.T.);
#6177=EDGE_CURVE('',#7228,#7652,#7654,.T.);
#6178=EDGE_CURVE('',#7655,#7652,#7656,.T.);
#6179=EDGE_CURVE('',#7230,#7655,#7657,.T.);
#6180=EDGE_CURVE('',#7658,#7618,#7659,.F.);
#6181=EDGE_CURVE('',#7616,#7660,#7661,.T.);
#6182=EDGE_CURVE('',#7660,#7289,#7662,.T.);
#6183=EDGE_CURVE('',#7474,#7655,#7663,.T.);
#6184=EDGE_CURVE('',#7472,#7664,#7665,.F.);
#6185=EDGE_CURVE('',#7664,#7658,#7666,.T.);
#6186=EDGE_CURVE('',#7548,#7667,#7668,.F.);
#6187=EDGE_CURVE('',#7667,#7669,#7670,.T.);
#6188=EDGE_CURVE('',#7669,#7542,#7671,.F.);
#6189=EDGE_CURVE('',#7672,#7540,#7673,.T.);
#6190=EDGE_CURVE('',#7238,#7672,#7674,.T.);
#6191=EDGE_CURVE('',#7675,#7281,#7676,.T.);
#6192=EDGE_CURVE('',#7675,#7550,#7677,.T.);
#6193=EDGE_CURVE('',#7678,#7672,#7679,.T.);
#6194=EDGE_CURVE('',#7240,#7678,#7680,.T.);
#6195=EDGE_CURVE('',#7681,#7242,#7682,.F.);
#6196=EDGE_CURVE('',#7683,#7678,#7684,.T.);
#6197=EDGE_CURVE('',#7683,#7685,#7686,.F.);
#6198=EDGE_CURVE('',#7685,#7687,#7688,.F.);
#6199=EDGE_CURVE('',#7687,#7689,#7690,.F.);
#6200=EDGE_CURVE('',#7689,#7681,#7691,.F.);
#6201=EDGE_CURVE('',#7692,#7681,#7693,.T.);
#6202=EDGE_CURVE('',#7244,#7692,#7694,.T.);
#6203=EDGE_CURVE('',#7695,#7692,#7696,.F.);
#6204=EDGE_CURVE('',#7695,#7246,#7697,.T.);
#6205=EDGE_CURVE('',#7248,#7698,#7699,.F.);
#6206=EDGE_CURVE('',#7698,#7695,#7700,.T.);
#6207=EDGE_CURVE('',#7701,#7250,#7702,.F.);
#6208=EDGE_CURVE('',#7698,#7703,#7704,.F.);
#6209=EDGE_CURVE('',#7703,#7705,#7706,.F.);
#6210=EDGE_CURVE('',#7705,#7707,#7708,.F.);
#6211=EDGE_CURVE('',#7707,#7709,#7710,.F.);
#6212=EDGE_CURVE('',#7711,#7709,#7712,.T.);
#6213=EDGE_CURVE('',#7711,#7713,#7714,.F.);
#6214=EDGE_CURVE('',#7713,#7715,#7716,.F.);
#6215=EDGE_CURVE('',#7715,#7717,#7718,.F.);
#6216=EDGE_CURVE('',#7717,#7701,#7719,.F.);
#6217=EDGE_CURVE('',#7720,#7701,#7721,.T.);
#6218=EDGE_CURVE('',#7252,#7720,#7722,.T.);
#6219=EDGE_CURVE('',#7723,#7720,#7724,.F.);
#6220=EDGE_CURVE('',#7723,#7254,#7725,.T.);
#6221=EDGE_CURVE('',#7256,#7726,#7727,.F.);
#6222=EDGE_CURVE('',#7726,#7723,#7728,.T.);
#6223=EDGE_CURVE('',#7726,#7729,#7730,.F.);
#6224=EDGE_CURVE('',#7729,#7731,#7732,.F.);
#6225=EDGE_CURVE('',#7731,#7733,#7734,.F.);
#6226=EDGE_CURVE('',#7733,#7735,#7736,.F.);
#6227=EDGE_CURVE('',#7737,#7735,#7738,.T.);
#6228=EDGE_CURVE('',#7737,#7739,#7740,.F.);
#6229=EDGE_CURVE('',#7739,#7741,#7742,.F.);
#6230=EDGE_CURVE('',#7741,#7743,#7744,.F.);
#6231=EDGE_CURVE('',#7743,#7745,#7746,.F.);
#6232=EDGE_CURVE('',#7745,#7258,#7747,.F.);
#6233=EDGE_CURVE('',#7748,#7745,#7749,.T.);
#6234=EDGE_CURVE('',#7260,#7748,#7750,.T.);
#6235=EDGE_CURVE('',#7751,#7748,#7752,.F.);
#6236=EDGE_CURVE('',#7751,#7262,#7753,.T.);
#6237=EDGE_CURVE('',#7264,#7754,#7755,.F.);
#6238=EDGE_CURVE('',#7754,#7751,#7756,.T.);
#6239=EDGE_CURVE('',#7757,#7266,#7758,.F.);
#6240=EDGE_CURVE('',#7754,#7759,#7760,.F.);
#6241=EDGE_CURVE('',#7759,#7761,#7762,.F.);
#6242=EDGE_CURVE('',#7761,#7763,#7764,.F.);
#6243=EDGE_CURVE('',#7763,#7765,#7766,.F.);
#6244=EDGE_CURVE('',#7767,#7765,#7768,.T.);
#6245=EDGE_CURVE('',#7767,#7769,#7770,.F.);
#6246=EDGE_CURVE('',#7769,#7771,#7772,.F.);
#6247=EDGE_CURVE('',#7771,#7773,#7774,.F.);
#6248=EDGE_CURVE('',#7773,#7757,#7775,.F.);
#6249=EDGE_CURVE('',#7776,#7757,#7777,.T.);
#6250=EDGE_CURVE('',#7268,#7776,#7778,.T.);
#6251=EDGE_CURVE('',#7641,#7776,#7779,.F.);
#6252=EDGE_CURVE('',#7780,#7781,#7782,.T.);
#6253=EDGE_CURVE('',#7277,#7780,#7783,.F.);
#6254=EDGE_CURVE('',#7781,#7276,#7784,.T.);
#6255=EDGE_CURVE('',#7780,#7785,#7786,.F.);
#6256=EDGE_CURVE('',#7785,#7787,#7788,.F.);
#6257=EDGE_CURVE('',#7787,#7789,#7790,.F.);
#6258=EDGE_CURVE('',#7789,#7791,#7792,.F.);
#6259=EDGE_CURVE('',#7791,#7793,#7794,.T.);
#6260=EDGE_CURVE('',#7793,#7279,#7795,.T.);
#6261=EDGE_CURVE('',#7793,#7675,#7796,.T.);
#6262=EDGE_CURVE('',#7660,#7797,#7798,.T.);
#6263=EDGE_CURVE('',#7797,#7291,#7799,.T.);
#6264=EDGE_CURVE('',#7800,#7293,#7801,.F.);
#6265=EDGE_CURVE('',#7797,#7802,#7803,.T.);
#6266=EDGE_CURVE('',#7802,#7804,#7805,.F.);
#6267=EDGE_CURVE('',#7804,#7806,#7807,.F.);
#6268=EDGE_CURVE('',#7806,#7808,#7809,.F.);
#6269=EDGE_CURVE('',#7808,#7800,#7810,.F.);
#6270=EDGE_CURVE('',#7811,#7800,#7812,.T.);
#6271=EDGE_CURVE('',#7295,#7811,#7813,.T.);
#6272=EDGE_CURVE('',#7814,#7811,#7815,.F.);
#6273=EDGE_CURVE('',#7814,#7297,#7816,.T.);
#6274=EDGE_CURVE('',#7817,#7814,#7818,.T.);
#6275=EDGE_CURVE('',#7299,#7817,#7819,.F.);
#6276=EDGE_CURVE('',#7820,#7301,#7821,.F.);
#6277=EDGE_CURVE('',#7817,#7822,#7823,.F.);
#6278=EDGE_CURVE('',#7822,#7824,#7825,.F.);
#6279=EDGE_CURVE('',#7824,#7826,#7827,.F.);
#6280=EDGE_CURVE('',#7826,#7828,#7829,.F.);
#6281=EDGE_CURVE('',#7828,#7830,#7831,.T.);
#6282=EDGE_CURVE('',#7830,#7832,#7833,.F.);
#6283=EDGE_CURVE('',#7832,#7834,#7835,.F.);
#6284=EDGE_CURVE('',#7834,#7836,#7837,.F.);
#6285=EDGE_CURVE('',#7836,#7820,#7838,.F.);
#6286=EDGE_CURVE('',#7839,#7820,#7840,.T.);
#6287=EDGE_CURVE('',#7303,#7839,#7841,.T.);
#6288=EDGE_CURVE('',#7842,#7839,#7843,.F.);
#6289=EDGE_CURVE('',#7842,#7305,#7844,.T.);
#6290=EDGE_CURVE('',#7845,#7842,#7846,.T.);
#6291=EDGE_CURVE('',#7307,#7845,#7847,.F.);
#6292=EDGE_CURVE('',#7848,#7309,#7849,.F.);
#6293=EDGE_CURVE('',#7845,#7850,#7851,.F.);
#6294=EDGE_CURVE('',#7850,#7852,#7853,.F.);
#6295=EDGE_CURVE('',#7852,#7854,#7855,.F.);
#6296=EDGE_CURVE('',#7854,#7856,#7857,.F.);
#6297=EDGE_CURVE('',#7856,#7858,#7859,.T.);
#6298=EDGE_CURVE('',#7858,#7860,#7861,.F.);
#6299=EDGE_CURVE('',#7860,#7862,#7863,.F.);
#6300=EDGE_CURVE('',#7862,#7864,#7865,.F.);
#6301=EDGE_CURVE('',#7864,#7848,#7866,.F.);
#6302=EDGE_CURVE('',#7867,#7848,#7868,.T.);
#6303=EDGE_CURVE('',#7311,#7867,#7869,.T.);
#6304=EDGE_CURVE('',#7870,#7867,#7871,.F.);
#6305=EDGE_CURVE('',#7870,#7313,#7872,.T.);
#6306=EDGE_CURVE('',#7873,#7870,#7874,.T.);
#6307=EDGE_CURVE('',#7315,#7873,#7875,.F.);
#6308=EDGE_CURVE('',#7876,#7317,#7877,.F.);
#6309=EDGE_CURVE('',#7873,#7878,#7879,.F.);
#6310=EDGE_CURVE('',#7878,#7880,#7881,.F.);
#6311=EDGE_CURVE('',#7880,#7882,#7883,.F.);
#6312=EDGE_CURVE('',#7882,#7884,#7885,.F.);
#6313=EDGE_CURVE('',#7884,#7886,#7887,.T.);
#6314=EDGE_CURVE('',#7886,#7888,#7889,.F.);
#6315=EDGE_CURVE('',#7888,#7890,#7891,.F.);
#6316=EDGE_CURVE('',#7890,#7892,#7893,.F.);
#6317=EDGE_CURVE('',#7892,#7876,#7894,.F.);
#6318=EDGE_CURVE('',#7895,#7876,#7896,.T.);
#6319=EDGE_CURVE('',#7319,#7895,#7897,.T.);
#6320=EDGE_CURVE('',#7781,#7895,#7898,.F.);
#6321=EDGE_CURVE('',#7899,#7469,#7900,.T.);
#6322=EDGE_CURVE('',#7901,#7899,#7902,.T.);
#6323=EDGE_CURVE('',#7901,#7470,#7903,.T.);
#6324=EDGE_CURVE('',#7664,#7901,#7904,.T.);
#6325=EDGE_CURVE('',#7905,#7906,#7907,.F.);
#6326=EDGE_CURVE('',#7906,#7908,#7909,.F.);
#6327=EDGE_CURVE('',#7908,#7910,#7911,.F.);
#6328=EDGE_CURVE('',#7910,#7912,#7913,.F.);
#6329=EDGE_CURVE('',#7912,#7914,#7915,.F.);
#6330=EDGE_CURVE('',#7914,#7476,#7916,.F.);
#6331=EDGE_CURVE('',#7650,#7905,#7917,.F.);
#6332=EDGE_CURVE('',#7918,#7914,#7919,.T.);
#6333=EDGE_CURVE('',#7478,#7918,#7920,.T.);
#6334=EDGE_CURVE('',#7921,#7922,#7923,.T.);
#6335=EDGE_CURVE('',#7648,#7922,#7924,.T.);
#6336=EDGE_CURVE('',#7646,#7480,#7925,.T.);
#6337=EDGE_CURVE('',#7918,#7926,#7927,.T.);
#6338=EDGE_CURVE('',#7928,#7926,#7929,.T.);
#6339=EDGE_CURVE('',#7928,#7930,#7931,.T.);
#6340=EDGE_CURVE('',#7930,#7921,#7932,.T.);
#6341=EDGE_CURVE('',#7644,#7482,#7933,.T.);
#6342=EDGE_CURVE('',#7773,#7484,#7934,.T.);
#6343=EDGE_CURVE('',#7771,#7486,#7935,.T.);
#6344=EDGE_CURVE('',#7936,#7937,#7938,.T.);
#6345=EDGE_CURVE('',#7937,#7939,#7940,.T.);
#6346=EDGE_CURVE('',#7939,#7941,#7942,.T.);
#6347=EDGE_CURVE('',#7941,#7943,#7944,.T.);
#6348=EDGE_CURVE('',#7943,#7945,#7946,.T.);
#6349=EDGE_CURVE('',#7945,#7488,#7947,.T.);
#6350=EDGE_CURVE('',#7769,#7936,#7948,.T.);
#6351=EDGE_CURVE('',#7945,#7949,#7950,.T.);
#6352=EDGE_CURVE('',#7490,#7949,#7951,.F.);
#6353=EDGE_CURVE('',#7952,#7953,#7954,.F.);
#6354=EDGE_CURVE('',#7953,#7955,#7956,.F.);
#6355=EDGE_CURVE('',#7955,#7957,#7958,.F.);
#6356=EDGE_CURVE('',#7957,#7959,#7960,.F.);
#6357=EDGE_CURVE('',#7959,#7961,#7962,.F.);
#6358=EDGE_CURVE('',#7961,#7492,#7963,.F.);
#6359=EDGE_CURVE('',#7949,#7964,#7965,.F.);
#6360=EDGE_CURVE('',#7964,#7966,#7967,.F.);
#6361=EDGE_CURVE('',#7966,#7968,#7969,.F.);
#6362=EDGE_CURVE('',#7968,#7970,#7971,.F.);
#6363=EDGE_CURVE('',#7970,#7972,#7973,.F.);
#6364=EDGE_CURVE('',#7972,#7767,#7974,.F.);
#6365=EDGE_CURVE('',#7765,#7952,#7975,.F.);
#6366=EDGE_CURVE('',#7976,#7961,#7977,.T.);
#6367=EDGE_CURVE('',#7494,#7976,#7978,.T.);
#6368=EDGE_CURVE('',#7979,#7980,#7981,.T.);
#6369=EDGE_CURVE('',#7763,#7980,#7982,.T.);
#6370=EDGE_CURVE('',#7761,#7496,#7983,.T.);
#6371=EDGE_CURVE('',#7976,#7984,#7985,.T.);
#6372=EDGE_CURVE('',#7986,#7984,#7987,.T.);
#6373=EDGE_CURVE('',#7986,#7988,#7989,.T.);
#6374=EDGE_CURVE('',#7988,#7979,#7990,.T.);
#6375=EDGE_CURVE('',#7759,#7498,#7991,.T.);
#6376=EDGE_CURVE('',#7743,#7500,#7992,.T.);
#6377=EDGE_CURVE('',#7741,#7502,#7993,.T.);
#6378=EDGE_CURVE('',#7994,#7995,#7996,.T.);
#6379=EDGE_CURVE('',#7995,#7997,#7998,.T.);
#6380=EDGE_CURVE('',#7997,#7999,#8000,.T.);
#6381=EDGE_CURVE('',#7999,#8001,#8002,.T.);
#6382=EDGE_CURVE('',#8001,#8003,#8004,.T.);
#6383=EDGE_CURVE('',#8003,#7504,#8005,.T.);
#6384=EDGE_CURVE('',#7739,#7994,#8006,.T.);
#6385=EDGE_CURVE('',#8003,#8007,#8008,.T.);
#6386=EDGE_CURVE('',#7506,#8007,#8009,.F.);
#6387=EDGE_CURVE('',#8010,#8011,#8012,.F.);
#6388=EDGE_CURVE('',#8011,#7737,#8013,.F.);
#6389=EDGE_CURVE('',#7735,#8014,#8015,.F.);
#6390=EDGE_CURVE('',#8014,#8016,#8017,.F.);
#6391=EDGE_CURVE('',#8016,#8018,#8019,.F.);
#6392=EDGE_CURVE('',#8018,#8020,#8021,.F.);
#6393=EDGE_CURVE('',#8020,#8022,#8023,.F.);
#6394=EDGE_CURVE('',#8022,#8024,#8025,.F.);
#6395=EDGE_CURVE('',#8024,#7508,#8026,.F.);
#6396=EDGE_CURVE('',#8007,#8027,#8028,.F.);
#6397=EDGE_CURVE('',#8027,#8029,#8030,.F.);
#6398=EDGE_CURVE('',#8029,#8031,#8032,.F.);
#6399=EDGE_CURVE('',#8031,#8010,#8033,.F.);
#6400=EDGE_CURVE('',#8034,#8024,#8035,.T.);
#6401=EDGE_CURVE('',#7510,#8034,#8036,.T.);
#6402=EDGE_CURVE('',#8037,#8038,#8039,.T.);
#6403=EDGE_CURVE('',#8038,#8040,#8041,.T.);
#6404=EDGE_CURVE('',#8040,#8042,#8043,.T.);
#6405=EDGE_CURVE('',#7733,#8042,#8044,.T.);
#6406=EDGE_CURVE('',#7731,#7512,#8045,.T.);
#6407=EDGE_CURVE('',#8034,#8046,#8047,.T.);
#6408=EDGE_CURVE('',#8037,#8046,#8048,.T.);
#6409=EDGE_CURVE('',#7729,#7514,#8049,.T.);
#6410=EDGE_CURVE('',#7717,#7516,#8050,.T.);
#6411=EDGE_CURVE('',#7715,#7518,#8051,.T.);
#6412=EDGE_CURVE('',#8052,#8053,#8054,.T.);
#6413=EDGE_CURVE('',#8053,#8055,#8056,.T.);
#6414=EDGE_CURVE('',#8055,#8057,#8058,.T.);
#6415=EDGE_CURVE('',#8057,#7520,#8059,.T.);
#6416=EDGE_CURVE('',#7713,#8060,#8061,.T.);
#6417=EDGE_CURVE('',#8060,#8062,#8063,.T.);
#6418=EDGE_CURVE('',#8062,#8052,#8064,.T.);
#6419=EDGE_CURVE('',#8057,#8065,#8066,.T.);
#6420=EDGE_CURVE('',#7522,#8065,#8067,.F.);
#6421=EDGE_CURVE('',#8068,#8069,#8070,.F.);
#6422=EDGE_CURVE('',#8069,#8071,#8072,.F.);
#6423=EDGE_CURVE('',#8071,#8073,#8074,.F.);
#6424=EDGE_CURVE('',#8073,#7711,#8075,.F.);
#6425=EDGE_CURVE('',#7709,#8076,#8077,.F.);
#6426=EDGE_CURVE('',#8076,#8078,#8079,.F.);
#6427=EDGE_CURVE('',#8078,#8080,#8081,.F.);
#6428=EDGE_CURVE('',#8080,#8082,#8083,.F.);
#6429=EDGE_CURVE('',#8082,#8084,#8085,.F.);
#6430=EDGE_CURVE('',#8084,#8086,#8087,.F.);
#6431=EDGE_CURVE('',#8086,#7524,#8088,.F.);
#6432=EDGE_CURVE('',#8065,#8089,#8090,.F.);
#6433=EDGE_CURVE('',#8089,#8068,#8091,.F.);
#6434=EDGE_CURVE('',#8092,#8086,#8093,.T.);
#6435=EDGE_CURVE('',#7526,#8092,#8094,.T.);
#6436=EDGE_CURVE('',#8095,#8096,#8097,.T.);
#6437=EDGE_CURVE('',#7707,#8096,#8098,.T.);
#6438=EDGE_CURVE('',#7705,#7528,#8099,.T.);
#6439=EDGE_CURVE('',#8092,#8100,#8101,.T.);
#6440=EDGE_CURVE('',#8102,#8100,#8103,.T.);
#6441=EDGE_CURVE('',#8102,#8104,#8105,.T.);
#6442=EDGE_CURVE('',#8104,#8095,#8106,.T.);
#6443=EDGE_CURVE('',#7703,#7530,#8107,.T.);
#6444=EDGE_CURVE('',#7689,#7532,#8108,.T.);
#6445=EDGE_CURVE('',#7687,#7534,#8109,.T.);
#6446=EDGE_CURVE('',#8110,#8111,#8112,.T.);
#6447=EDGE_CURVE('',#8111,#8113,#8114,.T.);
#6448=EDGE_CURVE('',#8113,#8115,#8116,.T.);
#6449=EDGE_CURVE('',#8115,#8117,#8118,.T.);
#6450=EDGE_CURVE('',#8117,#8119,#8120,.T.);
#6451=EDGE_CURVE('',#8119,#7536,#8121,.T.);
#6452=EDGE_CURVE('',#7685,#8110,#8122,.T.);
#6453=EDGE_CURVE('',#8119,#8123,#8124,.T.);
#6454=EDGE_CURVE('',#7538,#8123,#8125,.F.);
#6455=EDGE_CURVE('',#8126,#8127,#8128,.F.);
#6456=EDGE_CURVE('',#8127,#7683,#8129,.F.);
#6457=EDGE_CURVE('',#8123,#8130,#8131,.F.);
#6458=EDGE_CURVE('',#8130,#8132,#8133,.F.);
#6459=EDGE_CURVE('',#8132,#8134,#8135,.F.);
#6460=EDGE_CURVE('',#8134,#8126,#8136,.F.);
#6461=EDGE_CURVE('',#8137,#7669,#8138,.T.);
#6462=EDGE_CURVE('',#8137,#7544,#8139,.T.);
#6463=EDGE_CURVE('',#8140,#8137,#8141,.T.);
#6464=EDGE_CURVE('',#8140,#7546,#8142,.T.);
#6465=EDGE_CURVE('',#7667,#8140,#8143,.T.);
#6466=EDGE_CURVE('',#8144,#8145,#8146,.T.);
#6467=EDGE_CURVE('',#8145,#8147,#8148,.T.);
#6468=EDGE_CURVE('',#8147,#8149,#8150,.T.);
#6469=EDGE_CURVE('',#8149,#8151,#8152,.T.);
#6470=EDGE_CURVE('',#8151,#8153,#8154,.T.);
#6471=EDGE_CURVE('',#8153,#7552,#8155,.T.);
#6472=EDGE_CURVE('',#7791,#8144,#8156,.T.);
#6473=EDGE_CURVE('',#8157,#8153,#8158,.T.);
#6474=EDGE_CURVE('',#7554,#8157,#8159,.T.);
#6475=EDGE_CURVE('',#8160,#8161,#8162,.T.);
#6476=EDGE_CURVE('',#7789,#8161,#8163,.T.);
#6477=EDGE_CURVE('',#7787,#7556,#8164,.T.);
#6478=EDGE_CURVE('',#8157,#8165,#8166,.T.);
#6479=EDGE_CURVE('',#8167,#8165,#8168,.T.);
#6480=EDGE_CURVE('',#8167,#8169,#8170,.T.);
#6481=EDGE_CURVE('',#8169,#8160,#8171,.T.);
#6482=EDGE_CURVE('',#7785,#7558,#8172,.T.);
#6483=EDGE_CURVE('',#7892,#7560,#8173,.T.);
#6484=EDGE_CURVE('',#7890,#7562,#8174,.T.);
#6485=EDGE_CURVE('',#8175,#8176,#8177,.T.);
#6486=EDGE_CURVE('',#8176,#8178,#8179,.T.);
#6487=EDGE_CURVE('',#8178,#8180,#8181,.T.);
#6488=EDGE_CURVE('',#8180,#8182,#8183,.T.);
#6489=EDGE_CURVE('',#8182,#8184,#8185,.T.);
#6490=EDGE_CURVE('',#8184,#7564,#8186,.T.);
#6491=EDGE_CURVE('',#7888,#8175,#8187,.T.);
#6492=EDGE_CURVE('',#7566,#8188,#8189,.T.);
#6493=EDGE_CURVE('',#8184,#8188,#8190,.T.);
#6494=EDGE_CURVE('',#8191,#8192,#8193,.T.);
#6495=EDGE_CURVE('',#8192,#8194,#8195,.T.);
#6496=EDGE_CURVE('',#8194,#8196,#8197,.T.);
#6497=EDGE_CURVE('',#8196,#8198,#8199,.T.);
#6498=EDGE_CURVE('',#8198,#8200,#8201,.T.);
#6499=EDGE_CURVE('',#8200,#7568,#8202,.T.);
#6500=EDGE_CURVE('',#8188,#8203,#8204,.T.);
#6501=EDGE_CURVE('',#8203,#8205,#8206,.T.);
#6502=EDGE_CURVE('',#8205,#8207,#8208,.T.);
#6503=EDGE_CURVE('',#8207,#8209,#8210,.T.);
#6504=EDGE_CURVE('',#8209,#8211,#8212,.T.);
#6505=EDGE_CURVE('',#8211,#7886,#8213,.T.);
#6506=EDGE_CURVE('',#7884,#8191,#8214,.T.);
#6507=EDGE_CURVE('',#8215,#8200,#8216,.T.);
#6508=EDGE_CURVE('',#7570,#8215,#8217,.T.);
#6509=EDGE_CURVE('',#8218,#8219,#8220,.T.);
#6510=EDGE_CURVE('',#7882,#8219,#8221,.T.);
#6511=EDGE_CURVE('',#7880,#7572,#8222,.T.);
#6512=EDGE_CURVE('',#8215,#8223,#8224,.T.);
#6513=EDGE_CURVE('',#8225,#8223,#8226,.T.);
#6514=EDGE_CURVE('',#8225,#8227,#8228,.T.);
#6515=EDGE_CURVE('',#8227,#8218,#8229,.T.);
#6516=EDGE_CURVE('',#7878,#7574,#8230,.T.);
#6517=EDGE_CURVE('',#7864,#7576,#8231,.T.);
#6518=EDGE_CURVE('',#7862,#7578,#8232,.T.);
#6519=EDGE_CURVE('',#8233,#8234,#8235,.T.);
#6520=EDGE_CURVE('',#8234,#8236,#8237,.T.);
#6521=EDGE_CURVE('',#8236,#8238,#8239,.T.);
#6522=EDGE_CURVE('',#8238,#8240,#8241,.T.);
#6523=EDGE_CURVE('',#8240,#8242,#8243,.T.);
#6524=EDGE_CURVE('',#8242,#7580,#8244,.T.);
#6525=EDGE_CURVE('',#7860,#8233,#8245,.T.);
#6526=EDGE_CURVE('',#7582,#8246,#8247,.T.);
#6527=EDGE_CURVE('',#8242,#8246,#8248,.T.);
#6528=EDGE_CURVE('',#8249,#8250,#8251,.T.);
#6529=EDGE_CURVE('',#8250,#7858,#8252,.T.);
#6530=EDGE_CURVE('',#7856,#8253,#8254,.T.);
#6531=EDGE_CURVE('',#8253,#8255,#8256,.T.);
#6532=EDGE_CURVE('',#8255,#8257,#8258,.T.);
#6533=EDGE_CURVE('',#8257,#8259,#8260,.T.);
#6534=EDGE_CURVE('',#8259,#8261,#8262,.T.);
#6535=EDGE_CURVE('',#8261,#8263,#8264,.T.);
#6536=EDGE_CURVE('',#8263,#7584,#8265,.T.);
#6537=EDGE_CURVE('',#8246,#8266,#8267,.T.);
#6538=EDGE_CURVE('',#8266,#8268,#8269,.T.);
#6539=EDGE_CURVE('',#8268,#8270,#8271,.T.);
#6540=EDGE_CURVE('',#8270,#8249,#8272,.T.);
#6541=EDGE_CURVE('',#8273,#8263,#8274,.T.);
#6542=EDGE_CURVE('',#7586,#8273,#8275,.T.);
#6543=EDGE_CURVE('',#8276,#8277,#8278,.T.);
#6544=EDGE_CURVE('',#8277,#8279,#8280,.T.);
#6545=EDGE_CURVE('',#8279,#8281,#8282,.T.);
#6546=EDGE_CURVE('',#7854,#8281,#8283,.T.);
#6547=EDGE_CURVE('',#7852,#7588,#8284,.T.);
#6548=EDGE_CURVE('',#8273,#8285,#8286,.T.);
#6549=EDGE_CURVE('',#8276,#8285,#8287,.T.);
#6550=EDGE_CURVE('',#7850,#7590,#8288,.T.);
#6551=EDGE_CURVE('',#7836,#7592,#8289,.T.);
#6552=EDGE_CURVE('',#7834,#7594,#8290,.T.);
#6553=EDGE_CURVE('',#8291,#8292,#8293,.T.);
#6554=EDGE_CURVE('',#8292,#8294,#8295,.T.);
#6555=EDGE_CURVE('',#8294,#8296,#8297,.T.);
#6556=EDGE_CURVE('',#8296,#7596,#8298,.T.);
#6557=EDGE_CURVE('',#7832,#8299,#8300,.T.);
#6558=EDGE_CURVE('',#8299,#8301,#8302,.T.);
#6559=EDGE_CURVE('',#8301,#8291,#8303,.T.);
#6560=EDGE_CURVE('',#7598,#8304,#8305,.T.);
#6561=EDGE_CURVE('',#8296,#8304,#8306,.T.);
#6562=EDGE_CURVE('',#8307,#8308,#8309,.T.);
#6563=EDGE_CURVE('',#8308,#8310,#8311,.T.);
#6564=EDGE_CURVE('',#8310,#8312,#8313,.T.);
#6565=EDGE_CURVE('',#8312,#7830,#8314,.T.);
#6566=EDGE_CURVE('',#7828,#8315,#8316,.T.);
#6567=EDGE_CURVE('',#8315,#8317,#8318,.T.);
#6568=EDGE_CURVE('',#8317,#8319,#8320,.T.);
#6569=EDGE_CURVE('',#8319,#8321,#8322,.T.);
#6570=EDGE_CURVE('',#8321,#8323,#8324,.T.);
#6571=EDGE_CURVE('',#8323,#8325,#8326,.T.);
#6572=EDGE_CURVE('',#8325,#7600,#8327,.T.);
#6573=EDGE_CURVE('',#8304,#8328,#8329,.T.);
#6574=EDGE_CURVE('',#8328,#8307,#8330,.T.);
#6575=EDGE_CURVE('',#8331,#8325,#8332,.T.);
#6576=EDGE_CURVE('',#7602,#8331,#8333,.T.);
#6577=EDGE_CURVE('',#8334,#8335,#8336,.T.);
#6578=EDGE_CURVE('',#7826,#8335,#8337,.T.);
#6579=EDGE_CURVE('',#7824,#7604,#8338,.T.);
#6580=EDGE_CURVE('',#8331,#8339,#8340,.T.);
#6581=EDGE_CURVE('',#8341,#8339,#8342,.T.);
#6582=EDGE_CURVE('',#8341,#8343,#8344,.T.);
#6583=EDGE_CURVE('',#8343,#8334,#8345,.T.);
#6584=EDGE_CURVE('',#7822,#7606,#8346,.T.);
#6585=EDGE_CURVE('',#7808,#7608,#8347,.T.);
#6586=EDGE_CURVE('',#7806,#7610,#8348,.T.);
#6587=EDGE_CURVE('',#8349,#8350,#8351,.T.);
#6588=EDGE_CURVE('',#8350,#8352,#8353,.T.);
#6589=EDGE_CURVE('',#8352,#8354,#8355,.T.);
#6590=EDGE_CURVE('',#8354,#8356,#8357,.T.);
#6591=EDGE_CURVE('',#8356,#8358,#8359,.T.);
#6592=EDGE_CURVE('',#8358,#7612,#8360,.T.);
#6593=EDGE_CURVE('',#7804,#8349,#8361,.T.);
#6594=EDGE_CURVE('',#7614,#8362,#8363,.T.);
#6595=EDGE_CURVE('',#8358,#8362,#8364,.T.);
#6596=EDGE_CURVE('',#8365,#8366,#8367,.T.);
#6597=EDGE_CURVE('',#8366,#7802,#8368,.T.);
#6598=EDGE_CURVE('',#8362,#8369,#8370,.T.);
#6599=EDGE_CURVE('',#8369,#8371,#8372,.T.);
#6600=EDGE_CURVE('',#8371,#8373,#8374,.T.);
#6601=EDGE_CURVE('',#8373,#8365,#8375,.T.);
#6602=EDGE_CURVE('',#7899,#7658,#8376,.T.);
#6603=EDGE_CURVE('',#8377,#8377,#8378,.T.);
#6604=EDGE_CURVE('',#8379,#7623,#8380,.F.);
#6605=EDGE_CURVE('',#7624,#8381,#8382,.T.);
#6606=EDGE_CURVE('',#8379,#8381,#8383,.T.);
#6607=EDGE_CURVE('',#8384,#8379,#8385,.T.);
#6608=EDGE_CURVE('',#8386,#8384,#8387,.F.);
#6609=EDGE_CURVE('',#8381,#8386,#8388,.T.);
#6610=EDGE_CURVE('',#8389,#7627,#8390,.F.);
#6611=EDGE_CURVE('',#8391,#8389,#8392,.T.);
#6612=EDGE_CURVE('',#8393,#8391,#8394,.F.);
#6613=EDGE_CURVE('',#8395,#8393,#8396,.T.);
#6614=EDGE_CURVE('',#7628,#8395,#8397,.T.);
#6615=EDGE_CURVE('',#8389,#8395,#8398,.T.);
#6616=EDGE_CURVE('',#8399,#7631,#8400,.F.);
#6617=EDGE_CURVE('',#7632,#8401,#8402,.T.);
#6618=EDGE_CURVE('',#8399,#8401,#8403,.T.);
#6619=EDGE_CURVE('',#8404,#8399,#8405,.T.);
#6620=EDGE_CURVE('',#8406,#8404,#8407,.F.);
#6621=EDGE_CURVE('',#8401,#8406,#8408,.T.);
#6622=EDGE_CURVE('',#8409,#7635,#8410,.F.);
#6623=EDGE_CURVE('',#8411,#8409,#8412,.T.);
#6624=EDGE_CURVE('',#8413,#8411,#8414,.F.);
#6625=EDGE_CURVE('',#8415,#8413,#8416,.T.);
#6626=EDGE_CURVE('',#7636,#8415,#8417,.T.);
#6627=EDGE_CURVE('',#8409,#8415,#8418,.T.);
#6628=EDGE_CURVE('',#7922,#7905,#8419,.T.);
#6629=EDGE_CURVE('',#8127,#8110,#8420,.T.);
#6630=EDGE_CURVE('',#8096,#8076,#8421,.T.);
#6631=EDGE_CURVE('',#8073,#8060,#8422,.T.);
#6632=EDGE_CURVE('',#8042,#8014,#8423,.T.);
#6633=EDGE_CURVE('',#8011,#7994,#8424,.T.);
#6634=EDGE_CURVE('',#7980,#7952,#8425,.T.);
#6635=EDGE_CURVE('',#7972,#7936,#8426,.T.);
#6636=EDGE_CURVE('',#8161,#8144,#8427,.T.);
#6637=EDGE_CURVE('',#8366,#8349,#8428,.T.);
#6638=EDGE_CURVE('',#8335,#8315,#8429,.T.);
#6639=EDGE_CURVE('',#8312,#8299,#8430,.T.);
#6640=EDGE_CURVE('',#8281,#8253,#8431,.T.);
#6641=EDGE_CURVE('',#8250,#8233,#8432,.T.);
#6642=EDGE_CURVE('',#8219,#8191,#8433,.T.);
#6643=EDGE_CURVE('',#8211,#8175,#8434,.T.);
#6644=EDGE_CURVE('',#7921,#7906,#8435,.T.);
#6645=EDGE_CURVE('',#7930,#7908,#8436,.T.);
#6646=EDGE_CURVE('',#7910,#7928,#8437,.T.);
#6647=EDGE_CURVE('',#7926,#7912,#8438,.T.);
#6648=EDGE_CURVE('',#7937,#7970,#8439,.T.);
#6649=EDGE_CURVE('',#7939,#7968,#8440,.T.);
#6650=EDGE_CURVE('',#7941,#7966,#8441,.T.);
#6651=EDGE_CURVE('',#7964,#7943,#8442,.T.);
#6652=EDGE_CURVE('',#7979,#7953,#8443,.T.);
#6653=EDGE_CURVE('',#7988,#7955,#8444,.T.);
#6654=EDGE_CURVE('',#7957,#7986,#8445,.T.);
#6655=EDGE_CURVE('',#7984,#7959,#8446,.T.);
#6656=EDGE_CURVE('',#7995,#8010,#8447,.T.);
#6657=EDGE_CURVE('',#7997,#8031,#8448,.T.);
#6658=EDGE_CURVE('',#7999,#8029,#8449,.T.);
#6659=EDGE_CURVE('',#8027,#8001,#8450,.T.);
#6660=EDGE_CURVE('',#8040,#8016,#8451,.T.);
#6661=EDGE_CURVE('',#8038,#8018,#8452,.T.);
#6662=EDGE_CURVE('',#8020,#8037,#8453,.T.);
#6663=EDGE_CURVE('',#8046,#8022,#8454,.T.);
#6664=EDGE_CURVE('',#8052,#8069,#8455,.T.);
#6665=EDGE_CURVE('',#8053,#8068,#8456,.T.);
#6666=EDGE_CURVE('',#8089,#8055,#8457,.T.);
#6667=EDGE_CURVE('',#8062,#8071,#8458,.T.);
#6668=EDGE_CURVE('',#8095,#8078,#8459,.T.);
#6669=EDGE_CURVE('',#8104,#8080,#8460,.T.);
#6670=EDGE_CURVE('',#8082,#8102,#8461,.T.);
#6671=EDGE_CURVE('',#8100,#8084,#8462,.T.);
#6672=EDGE_CURVE('',#8111,#8126,#8463,.T.);
#6673=EDGE_CURVE('',#8113,#8134,#8464,.T.);
#6674=EDGE_CURVE('',#8115,#8132,#8465,.T.);
#6675=EDGE_CURVE('',#8130,#8117,#8466,.T.);
#6676=EDGE_CURVE('',#8160,#8145,#8467,.T.);
#6677=EDGE_CURVE('',#8169,#8147,#8468,.T.);
#6678=EDGE_CURVE('',#8149,#8167,#8469,.T.);
#6679=EDGE_CURVE('',#8165,#8151,#8470,.T.);
#6680=EDGE_CURVE('',#8176,#8209,#8471,.T.);
#6681=EDGE_CURVE('',#8178,#8207,#8472,.T.);
#6682=EDGE_CURVE('',#8180,#8205,#8473,.T.);
#6683=EDGE_CURVE('',#8203,#8182,#8474,.T.);
#6684=EDGE_CURVE('',#8218,#8192,#8475,.T.);
#6685=EDGE_CURVE('',#8227,#8194,#8476,.T.);
#6686=EDGE_CURVE('',#8196,#8225,#8477,.T.);
#6687=EDGE_CURVE('',#8223,#8198,#8478,.T.);
#6688=EDGE_CURVE('',#8234,#8249,#8479,.T.);
#6689=EDGE_CURVE('',#8236,#8270,#8480,.T.);
#6690=EDGE_CURVE('',#8238,#8268,#8481,.T.);
#6691=EDGE_CURVE('',#8266,#8240,#8482,.T.);
#6692=EDGE_CURVE('',#8279,#8255,#8483,.T.);
#6693=EDGE_CURVE('',#8277,#8257,#8484,.T.);
#6694=EDGE_CURVE('',#8259,#8276,#8485,.T.);
#6695=EDGE_CURVE('',#8285,#8261,#8486,.T.);
#6696=EDGE_CURVE('',#8292,#8307,#8487,.T.);
#6697=EDGE_CURVE('',#8291,#8308,#8488,.T.);
#6698=EDGE_CURVE('',#8328,#8294,#8489,.T.);
#6699=EDGE_CURVE('',#8301,#8310,#8490,.T.);
#6700=EDGE_CURVE('',#8334,#8317,#8491,.T.);
#6701=EDGE_CURVE('',#8343,#8319,#8492,.T.);
#6702=EDGE_CURVE('',#8321,#8341,#8493,.T.);
#6703=EDGE_CURVE('',#8339,#8323,#8494,.T.);
#6704=EDGE_CURVE('',#8350,#8365,#8495,.T.);
#6705=EDGE_CURVE('',#8352,#8373,#8496,.T.);
#6706=EDGE_CURVE('',#8354,#8371,#8497,.T.);
#6707=EDGE_CURVE('',#8369,#8356,#8498,.T.);
#6708=EDGE_CURVE('',#8499,#8499,#8500,.T.);
#6709=EDGE_CURVE('',#8384,#8386,#8501,.T.);
#6710=EDGE_CURVE('',#8391,#8393,#8502,.T.);
#6711=EDGE_CURVE('',#8404,#8406,#8503,.T.);
#6712=EDGE_CURVE('',#8411,#8413,#8504,.T.);
#6713=VERTEX_POINT('',#8505);
#6714=VERTEX_POINT('',#8506);
#6715=LINE('',#8507,#8508);
#6716=VERTEX_POINT('',#8510);
#6717=LINE('',#8511,#8512);
#6718=VERTEX_POINT('',#8514);
#6719=LINE('',#8515,#8516);
#6720=VERTEX_POINT('',#8518);
#6721=LINE('',#8519,#8520);
#6722=VERTEX_POINT('',#8522);
#6723=LINE('',#8523,#8524);
#6724=VERTEX_POINT('',#8526);
#6725=LINE('',#8527,#8528);
#6726=VERTEX_POINT('',#8530);
#6727=LINE('',#8531,#8532);
#6728=LINE('',#8534,#8535);
#6729=VERTEX_POINT('',#8537);
#6730=LINE('',#8538,#8539);
#6731=VERTEX_POINT('',#8541);
#6732=LINE('',#8542,#8543);
#6733=LINE('',#8545,#8546);
#6734=VERTEX_POINT('',#8548);
#6735=LINE('',#8549,#8550);
#6736=LINE('',#8552,#8553);
#6737=VERTEX_POINT('',#8555);
#6738=LINE('',#8556,#8557);
#6739=LINE('',#8559,#8560);
#6740=VERTEX_POINT('',#8562);
#6741=VERTEX_POINT('',#8563);
#6742=LINE('',#8564,#8565);
#6743=CIRCLE('',#8567,1.7);
#6744=CIRCLE('',#8571,1.70000000000001);
#6745=VERTEX_POINT('',#8575);
#6746=LINE('',#8576,#8577);
#6747=VERTEX_POINT('',#8579);
#6748=LINE('',#8580,#8581);
#6749=LINE('',#8583,#8584);
#6750=VERTEX_POINT('',#8586);
#6751=LINE('',#8587,#8588);
#6752=LINE('',#8590,#8591);
#6753=VERTEX_POINT('',#8593);
#6754=LINE('',#8594,#8595);
#6755=LINE('',#8597,#8598);
#6756=VERTEX_POINT('',#8600);
#6757=VERTEX_POINT('',#8601);
#6758=LINE('',#8602,#8603);
#6759=CIRCLE('',#8605,0.4);
#6760=CIRCLE('',#8609,0.399999999999999);
#6761=LINE('',#8613,#8614);
#6762=LINE('',#8616,#8617);
#6763=VERTEX_POINT('',#8619);
#6764=LINE('',#8620,#8621);
#6765=CIRCLE('',#8623,1.30000000000001);
#6766=VERTEX_POINT('',#8627);
#6767=CIRCLE('',#8628,1.3);
#6768=LINE('',#8632,#8633);
#6769=VERTEX_POINT('',#8635);
#6770=LINE('',#8636,#8637);
#6771=VERTEX_POINT('',#8639);
#6772=LINE('',#8640,#8641);
#6773=LINE('',#8643,#8644);
#6774=VERTEX_POINT('',#8646);
#6775=LINE('',#8647,#8648);
#6776=VERTEX_POINT('',#8650);
#6777=LINE('',#8651,#8652);
#6778=VERTEX_POINT('',#8654);
#6779=LINE('',#8655,#8656);
#6780=VERTEX_POINT('',#8658);
#6781=LINE('',#8659,#8660);
#6782=VERTEX_POINT('',#8662);
#6783=LINE('',#8663,#8664);
#6784=VERTEX_POINT('',#8666);
#6785=LINE('',#8667,#8668);
#6786=LINE('',#8670,#8671);
#6787=VERTEX_POINT('',#8673);
#6788=VERTEX_POINT('',#8674);
#6789=CIRCLE('',#8675,0.5);
#6790=VERTEX_POINT('',#8679);
#6791=LINE('',#8680,#8681);
#6792=VERTEX_POINT('',#8683);
#6793=CIRCLE('',#8684,0.5);
#6794=LINE('',#8688,#8689);
#6795=LINE('',#8691,#8692);
#6796=VERTEX_POINT('',#8694);
#6797=VERTEX_POINT('',#8695);
#6798=LINE('',#8696,#8697);
#6799=CIRCLE('',#8699,0.8);
#6800=CIRCLE('',#8703,0.8);
#6801=LINE('',#8707,#8708);
#6802=VERTEX_POINT('',#8710);
#6803=LINE('',#8711,#8712);
#6804=LINE('',#8714,#8715);
#6805=VERTEX_POINT('',#8717);
#6806=LINE('',#8718,#8719);
#6807=LINE('',#8721,#8722);
#6808=VERTEX_POINT('',#8724);
#6809=LINE('',#8725,#8726);
#6810=LINE('',#8728,#8729);
#6811=VERTEX_POINT('',#8731);
#6812=VERTEX_POINT('',#8732);
#6813=LINE('',#8733,#8734);
#6814=CIRCLE('',#8736,1.4);
#6815=CIRCLE('',#8740,1.40000000000003);
#6816=LINE('',#8744,#8745);
#6817=VERTEX_POINT('',#8747);
#6818=LINE('',#8748,#8749);
#6819=LINE('',#8751,#8752);
#6820=VERTEX_POINT('',#8754);
#6821=VERTEX_POINT('',#8755);
#6822=LINE('',#8756,#8757);
#6823=LINE('',#8759,#8760);
#6824=LINE('',#8762,#8763);
#6825=VERTEX_POINT('',#8765);
#6826=CIRCLE('',#8766,0.5);
#6827=LINE('',#8770,#8771);
#6828=VERTEX_POINT('',#8773);
#6829=LINE('',#8774,#8775);
#6830=LINE('',#8777,#8778);
#6831=CIRCLE('',#8780,0.5);
#6832=VERTEX_POINT('',#8784);
#6833=LINE('',#8785,#8786);
#6834=LINE('',#8788,#8789);
#6835=VERTEX_POINT('',#8791);
#6836=LINE('',#8792,#8793);
#6837=LINE('',#8795,#8796);
#6838=VERTEX_POINT('',#8798);
#6839=LINE('',#8799,#8800);
#6840=LINE('',#8802,#8803);
#6841=VERTEX_POINT('',#8805);
#6842=LINE('',#8806,#8807);
#6843=LINE('',#8809,#8810);
#6844=LINE('',#8812,#8813);
#6845=LINE('',#8815,#8816);
#6846=VERTEX_POINT('',#8818);
#6847=LINE('',#8819,#8820);
#6848=CIRCLE('',#8822,0.999999999999964);
#6849=VERTEX_POINT('',#8826);
#6850=CIRCLE('',#8827,1.);
#6851=LINE('',#8831,#8832);
#6852=VERTEX_POINT('',#8834);
#6853=LINE('',#8835,#8836);
#6854=VERTEX_POINT('',#8838);
#6855=LINE('',#8839,#8840);
#6856=LINE('',#8842,#8843);
#6857=LINE('',#8845,#8846);
#6858=VERTEX_POINT('',#8848);
#6859=LINE('',#8849,#8850);
#6860=LINE('',#8852,#8853);
#6861=VERTEX_POINT('',#8855);
#6862=LINE('',#8856,#8857);
#6863=LINE('',#8859,#8860);
#6864=VERTEX_POINT('',#8862);
#6865=VERTEX_POINT('',#8863);
#6866=LINE('',#8864,#8865);
#6867=CIRCLE('',#8867,1.4);
#6868=CIRCLE('',#8871,1.40000000000002);
#6869=LINE('',#8875,#8876);
#6870=VERTEX_POINT('',#8878);
#6871=LINE('',#8879,#8880);
#6872=CIRCLE('',#8882,0.999999999999979);
#6873=VERTEX_POINT('',#8886);
#6874=CIRCLE('',#8887,1.);
#6875=LINE('',#8891,#8892);
#6876=VERTEX_POINT('',#8894);
#6877=LINE('',#8895,#8896);
#6878=VERTEX_POINT('',#8898);
#6879=LINE('',#8899,#8900);
#6880=LINE('',#8902,#8903);
#6881=LINE('',#8905,#8906);
#6882=VERTEX_POINT('',#8908);
#6883=LINE('',#8909,#8910);
#6884=LINE('',#8912,#8913);
#6885=VERTEX_POINT('',#8915);
#6886=LINE('',#8916,#8917);
#6887=LINE('',#8919,#8920);
#6888=LINE('',#8922,#8923);
#6889=VERTEX_POINT('',#8925);
#6890=VERTEX_POINT('',#8926);
#6891=LINE('',#8927,#8928);
#6892=VERTEX_POINT('',#8930);
#6893=LINE('',#8931,#8932);
#6894=VERTEX_POINT('',#8934);
#6895=LINE('',#8935,#8936);
#6896=LINE('',#8938,#8939);
#6897=VERTEX_POINT('',#8941);
#6898=VERTEX_POINT('',#8942);
#6899=LINE('',#8943,#8944);
#6900=VERTEX_POINT('',#8946);
#6901=LINE('',#8947,#8948);
#6902=VERTEX_POINT('',#8950);
#6903=LINE('',#8951,#8952);
#6904=LINE('',#8954,#8955);
#6905=VERTEX_POINT('',#8957);
#6906=VERTEX_POINT('',#8958);
#6907=LINE('',#8959,#8960);
#6908=VERTEX_POINT('',#8962);
#6909=LINE('',#8963,#8964);
#6910=VERTEX_POINT('',#8966);
#6911=LINE('',#8967,#8968);
#6912=LINE('',#8970,#8971);
#6913=VERTEX_POINT('',#8973);
#6914=VERTEX_POINT('',#8974);
#6915=LINE('',#8975,#8976);
#6916=VERTEX_POINT('',#8978);
#6917=LINE('',#8979,#8980);
#6918=VERTEX_POINT('',#8982);
#6919=LINE('',#8983,#8984);
#6920=LINE('',#8986,#8987);
#6921=VERTEX_POINT('',#8989);
#6922=VERTEX_POINT('',#8990);
#6923=LINE('',#8991,#8992);
#6924=VERTEX_POINT('',#8994);
#6925=LINE('',#8995,#8996);
#6926=VERTEX_POINT('',#8998);
#6927=LINE('',#8999,#9000);
#6928=LINE('',#9002,#9003);
#6929=VERTEX_POINT('',#9005);
#6930=VERTEX_POINT('',#9006);
#6931=LINE('',#9007,#9008);
#6932=VERTEX_POINT('',#9010);
#6933=LINE('',#9011,#9012);
#6934=VERTEX_POINT('',#9014);
#6935=LINE('',#9015,#9016);
#6936=LINE('',#9018,#9019);
#6937=VERTEX_POINT('',#9021);
#6938=VERTEX_POINT('',#9022);
#6939=LINE('',#9023,#9024);
#6940=VERTEX_POINT('',#9026);
#6941=LINE('',#9027,#9028);
#6942=VERTEX_POINT('',#9030);
#6943=LINE('',#9031,#9032);
#6944=LINE('',#9034,#9035);
#6945=VERTEX_POINT('',#9037);
#6946=VERTEX_POINT('',#9038);
#6947=LINE('',#9039,#9040);
#6948=VERTEX_POINT('',#9042);
#6949=LINE('',#9043,#9044);
#6950=VERTEX_POINT('',#9046);
#6951=LINE('',#9047,#9048);
#6952=LINE('',#9050,#9051);
#6953=VERTEX_POINT('',#9053);
#6954=CIRCLE('',#9054,9.5);
#6955=VERTEX_POINT('',#9058);
#6956=CIRCLE('',#9059,9.5);
#6957=VERTEX_POINT('',#9063);
#6958=LINE('',#9064,#9065);
#6959=VERTEX_POINT('',#9067);
#6960=CIRCLE('',#9068,9.5);
#6961=VERTEX_POINT('',#9072);
#6962=LINE('',#9073,#9074);
#6963=VERTEX_POINT('',#9076);
#6964=CIRCLE('',#9077,9.5);
#6965=VERTEX_POINT('',#9081);
#6966=LINE('',#9082,#9083);
#6967=VERTEX_POINT('',#9085);
#6968=CIRCLE('',#9086,9.5);
#6969=VERTEX_POINT('',#9090);
#6970=LINE('',#9091,#9092);
#6971=VERTEX_POINT('',#9094);
#6972=CIRCLE('',#9095,9.5);
#6973=VERTEX_POINT('',#9099);
#6974=LINE('',#9100,#9101);
#6975=CIRCLE('',#9103,9.5);
#6976=VERTEX_POINT('',#9107);
#6977=CIRCLE('',#9108,9.5);
#6978=VERTEX_POINT('',#9112);
#6979=LINE('',#9113,#9114);
#6980=CIRCLE('',#9116,9.5);
#6981=VERTEX_POINT('',#9120);
#6982=CIRCLE('',#9121,9.5);
#6983=VERTEX_POINT('',#9125);
#6984=LINE('',#9126,#9127);
#6985=CIRCLE('',#9129,9.5);
#6986=VERTEX_POINT('',#9133);
#6987=CIRCLE('',#9134,9.5);
#6988=LINE('',#9138,#9139);
#6989=VERTEX_POINT('',#9141);
#6990=VERTEX_POINT('',#9142);
#6991=CIRCLE('',#9143,9.5);
#6992=VERTEX_POINT('',#9147);
#6993=CIRCLE('',#9148,9.5);
#6994=VERTEX_POINT('',#9152);
#6995=LINE('',#9153,#9154);
#6996=VERTEX_POINT('',#9156);
#6997=CIRCLE('',#9157,9.5);
#6998=VERTEX_POINT('',#9161);
#6999=CIRCLE('',#9162,9.5);
#7000=LINE('',#9166,#9167);
#7001=VERTEX_POINT('',#9169);
#7002=CIRCLE('',#9170,9.49999999999999);
#7003=VERTEX_POINT('',#9174);
#7004=LINE('',#9175,#9176);
#7005=CIRCLE('',#9178,9.49999999999999);
#7006=VERTEX_POINT('',#9182);
#7007=CIRCLE('',#9183,9.49999999999999);
#7008=VERTEX_POINT('',#9187);
#7009=LINE('',#9188,#9189);
#7010=CIRCLE('',#9191,9.49999999999999);
#7011=VERTEX_POINT('',#9195);
#7012=CIRCLE('',#9196,9.49999999999999);
#7013=VERTEX_POINT('',#9200);
#7014=LINE('',#9201,#9202);
#7015=CIRCLE('',#9204,9.49999999999999);
#7016=VERTEX_POINT('',#9208);
#7017=CIRCLE('',#9209,9.49999999999999);
#7018=VERTEX_POINT('',#9213);
#7019=LINE('',#9214,#9215);
#7020=VERTEX_POINT('',#9217);
#7021=CIRCLE('',#9218,9.49999999999999);
#7022=VERTEX_POINT('',#9222);
#7023=LINE('',#9223,#9224);
#7024=VERTEX_POINT('',#9226);
#7025=CIRCLE('',#9227,9.49999999999999);
#7026=VERTEX_POINT('',#9231);
#7027=LINE('',#9232,#9233);
#7028=VERTEX_POINT('',#9235);
#7029=CIRCLE('',#9236,9.49999999999999);
#7030=VERTEX_POINT('',#9240);
#7031=LINE('',#9241,#9242);
#7032=VERTEX_POINT('',#9244);
#7033=CIRCLE('',#9245,9.49999999999999);
#7034=VERTEX_POINT('',#9249);
#7035=LINE('',#9250,#9251);
#7036=CIRCLE('',#9253,9.49999999999999);
#7037=VERTEX_POINT('',#9257);
#7038=VERTEX_POINT('',#9258);
#7039=CIRCLE('',#9259,9.49999999999999);
#7040=VERTEX_POINT('',#9263);
#7041=CIRCLE('',#9264,9.49999999999999);
#7042=VERTEX_POINT('',#9268);
#7043=LINE('',#9269,#9270);
#7044=VERTEX_POINT('',#9272);
#7045=CIRCLE('',#9273,9.49999999999999);
#7046=VERTEX_POINT('',#9277);
#7047=CIRCLE('',#9278,9.49999999999999);
#7048=LINE('',#9282,#9283);
#7049=VERTEX_POINT('',#9285);
#7050=CIRCLE('',#9286,9.5);
#7051=VERTEX_POINT('',#9290);
#7052=CIRCLE('',#9291,9.5);
#7053=VERTEX_POINT('',#9295);
#7054=LINE('',#9296,#9297);
#7055=VERTEX_POINT('',#9299);
#7056=CIRCLE('',#9300,9.5);
#7057=VERTEX_POINT('',#9304);
#7058=LINE('',#9305,#9306);
#7059=VERTEX_POINT('',#9308);
#7060=CIRCLE('',#9309,9.5);
#7061=VERTEX_POINT('',#9313);
#7062=LINE('',#9314,#9315);
#7063=VERTEX_POINT('',#9317);
#7064=CIRCLE('',#9318,9.5);
#7065=VERTEX_POINT('',#9322);
#7066=LINE('',#9323,#9324);
#7067=VERTEX_POINT('',#9326);
#7068=CIRCLE('',#9327,9.5);
#7069=VERTEX_POINT('',#9331);
#7070=LINE('',#9332,#9333);
#7071=VERTEX_POINT('',#9335);
#7072=CIRCLE('',#9336,9.5);
#7073=VERTEX_POINT('',#9340);
#7074=LINE('',#9341,#9342);
#7075=VERTEX_POINT('',#9344);
#7076=CIRCLE('',#9345,9.5);
#7077=VERTEX_POINT('',#9349);
#7078=LINE('',#9350,#9351);
#7079=CIRCLE('',#9353,9.5);
#7080=VERTEX_POINT('',#9357);
#7081=CIRCLE('',#9358,9.5);
#7082=VERTEX_POINT('',#9362);
#7083=LINE('',#9363,#9364);
#7084=CIRCLE('',#9366,9.5);
#7085=VERTEX_POINT('',#9370);
#7086=CIRCLE('',#9371,9.5);
#7087=VERTEX_POINT('',#9375);
#7088=LINE('',#9376,#9377);
#7089=CIRCLE('',#9379,9.5);
#7090=VERTEX_POINT('',#9383);
#7091=CIRCLE('',#9384,9.5);
#7092=LINE('',#9388,#9389);
#7093=VERTEX_POINT('',#9391);
#7094=VERTEX_POINT('',#9392);
#7095=CIRCLE('',#9393,9.5);
#7096=VERTEX_POINT('',#9397);
#7097=CIRCLE('',#9398,9.5);
#7098=VERTEX_POINT('',#9402);
#7099=LINE('',#9403,#9404);
#7100=VERTEX_POINT('',#9406);
#7101=CIRCLE('',#9407,9.5);
#7102=VERTEX_POINT('',#9411);
#7103=CIRCLE('',#9412,9.5);
#7104=LINE('',#9416,#9417);
#7105=VERTEX_POINT('',#9419);
#7106=CIRCLE('',#9420,9.5);
#7107=VERTEX_POINT('',#9424);
#7108=LINE('',#9425,#9426);
#7109=CIRCLE('',#9428,9.5);
#7110=VERTEX_POINT('',#9432);
#7111=CIRCLE('',#9433,9.5);
#7112=VERTEX_POINT('',#9437);
#7113=LINE('',#9438,#9439);
#7114=CIRCLE('',#9441,9.5);
#7115=VERTEX_POINT('',#9445);
#7116=CIRCLE('',#9446,9.5);
#7117=VERTEX_POINT('',#9450);
#7118=LINE('',#9451,#9452);
#7119=CIRCLE('',#9454,9.5);
#7120=VERTEX_POINT('',#9458);
#7121=CIRCLE('',#9459,9.5);
#7122=VERTEX_POINT('',#9463);
#7123=LINE('',#9464,#9465);
#7124=VERTEX_POINT('',#9467);
#7125=CIRCLE('',#9468,9.5);
#7126=VERTEX_POINT('',#9472);
#7127=LINE('',#9473,#9474);
#7128=VERTEX_POINT('',#9476);
#7129=CIRCLE('',#9477,9.5);
#7130=VERTEX_POINT('',#9481);
#7131=LINE('',#9482,#9483);
#7132=VERTEX_POINT('',#9485);
#7133=CIRCLE('',#9486,9.5);
#7134=VERTEX_POINT('',#9490);
#7135=LINE('',#9491,#9492);
#7136=VERTEX_POINT('',#9494);
#7137=CIRCLE('',#9495,9.5);
#7138=VERTEX_POINT('',#9499);
#7139=LINE('',#9500,#9501);
#7140=VERTEX_POINT('',#9503);
#7141=CIRCLE('',#9504,9.5);
#7142=VERTEX_POINT('',#9508);
#7143=LINE('',#9509,#9510);
#7144=VERTEX_POINT('',#9512);
#7145=CIRCLE('',#9513,9.5);
#7146=VERTEX_POINT('',#9517);
#7147=LINE('',#9518,#9519);
#7148=CIRCLE('',#9521,9.5);
#7149=VERTEX_POINT('',#9525);
#7150=VERTEX_POINT('',#9526);
#7151=CIRCLE('',#9527,9.5);
#7152=VERTEX_POINT('',#9531);
#7153=LINE('',#9532,#9533);
#7154=VERTEX_POINT('',#9535);
#7155=CIRCLE('',#9536,9.5);
#7156=VERTEX_POINT('',#9540);
#7157=CIRCLE('',#9541,9.5);
#7158=VERTEX_POINT('',#9545);
#7159=LINE('',#9546,#9547);
#7160=CIRCLE('',#9549,9.5);
#7161=VERTEX_POINT('',#9553);
#7162=CIRCLE('',#9554,1.6);
#7163=VERTEX_POINT('',#9558);
#7164=CIRCLE('',#9559,1.6);
#7165=VERTEX_POINT('',#9563);
#7166=CIRCLE('',#9564,1.6);
#7167=VERTEX_POINT('',#9568);
#7168=CIRCLE('',#9569,1.6);
#7169=VERTEX_POINT('',#9573);
#7170=CIRCLE('',#9574,1.6);
#7171=VERTEX_POINT('',#9578);
#7172=CIRCLE('',#9579,1.6);
#7173=VERTEX_POINT('',#9583);
#7174=CIRCLE('',#9584,1.6);
#7175=VERTEX_POINT('',#9588);
#7176=CIRCLE('',#9589,1.6);
#7177=VERTEX_POINT('',#9593);
#7178=VERTEX_POINT('',#9594);
#7179=LINE('',#9595,#9596);
#7180=VERTEX_POINT('',#9598);
#7181=LINE('',#9599,#9600);
#7182=VERTEX_POINT('',#9602);
#7183=LINE('',#9603,#9604);
#7184=LINE('',#9606,#9607);
#7185=LINE('',#9609,#9610);
#7186=LINE('',#9612,#9613);
#7187=LINE('',#9615,#9616);
#7188=LINE('',#9618,#9619);
#7189=VERTEX_POINT('',#9621);
#7190=VERTEX_POINT('',#9622);
#7191=LINE('',#9623,#9624);
#7192=VERTEX_POINT('',#9626);
#7193=LINE('',#9627,#9628);
#7194=VERTEX_POINT('',#9630);
#7195=LINE('',#9631,#9632);
#7196=LINE('',#9634,#9635);
#7197=LINE('',#9637,#9638);
#7198=LINE('',#9640,#9641);
#7199=LINE('',#9643,#9644);
#7200=LINE('',#9646,#9647);
#7201=VERTEX_POINT('',#9649);
#7202=VERTEX_POINT('',#9650);
#7203=LINE('',#9651,#9652);
#7204=VERTEX_POINT('',#9654);
#7205=LINE('',#9655,#9656);
#7206=VERTEX_POINT('',#9658);
#7207=LINE('',#9659,#9660);
#7208=LINE('',#9662,#9663);
#7209=LINE('',#9665,#9666);
#7210=LINE('',#9668,#9669);
#7211=LINE('',#9671,#9672);
#7212=LINE('',#9674,#9675);
#7213=VERTEX_POINT('',#9677);
#7214=VERTEX_POINT('',#9678);
#7215=LINE('',#9679,#9680);
#7216=VERTEX_POINT('',#9682);
#7217=LINE('',#9683,#9684);
#7218=VERTEX_POINT('',#9686);
#7219=LINE('',#9687,#9688);
#7220=LINE('',#9690,#9691);
#7221=LINE('',#9693,#9694);
#7222=LINE('',#9696,#9697);
#7223=LINE('',#9699,#9700);
#7224=LINE('',#9702,#9703);
#7225=VERTEX_POINT('',#9705);
#7226=VERTEX_POINT('',#9706);
#7227=LINE('',#9707,#9708);
#7228=VERTEX_POINT('',#9710);
#7229=LINE('',#9711,#9712);
#7230=VERTEX_POINT('',#9714);
#7231=LINE('',#9715,#9716);
#7232=VERTEX_POINT('',#9718);
#7233=LINE('',#9719,#9720);
#7234=LINE('',#9722,#9723);
#7235=LINE('',#9725,#9726);
#7236=VERTEX_POINT('',#9728);
#7237=LINE('',#9729,#9730);
#7238=VERTEX_POINT('',#9732);
#7239=LINE('',#9733,#9734);
#7240=VERTEX_POINT('',#9736);
#7241=LINE('',#9737,#9738);
#7242=VERTEX_POINT('',#9740);
#7243=LINE('',#9741,#9742);
#7244=VERTEX_POINT('',#9744);
#7245=LINE('',#9745,#9746);
#7246=VERTEX_POINT('',#9748);
#7247=LINE('',#9749,#9750);
#7248=VERTEX_POINT('',#9752);
#7249=LINE('',#9753,#9754);
#7250=VERTEX_POINT('',#9756);
#7251=LINE('',#9757,#9758);
#7252=VERTEX_POINT('',#9760);
#7253=LINE('',#9761,#9762);
#7254=VERTEX_POINT('',#9764);
#7255=LINE('',#9765,#9766);
#7256=VERTEX_POINT('',#9768);
#7257=LINE('',#9769,#9770);
#7258=VERTEX_POINT('',#9772);
#7259=LINE('',#9773,#9774);
#7260=VERTEX_POINT('',#9776);
#7261=LINE('',#9777,#9778);
#7262=VERTEX_POINT('',#9780);
#7263=LINE('',#9781,#9782);
#7264=VERTEX_POINT('',#9784);
#7265=LINE('',#9785,#9786);
#7266=VERTEX_POINT('',#9788);
#7267=LINE('',#9789,#9790);
#7268=VERTEX_POINT('',#9792);
#7269=LINE('',#9793,#9794);
#7270=LINE('',#9796,#9797);
#7271=VERTEX_POINT('',#9799);
#7272=LINE('',#9800,#9801);
#7273=LINE('',#9803,#9804);
#7274=CIRCLE('',#9806,7.79074068242648);
#7275=CIRCLE('',#9810,7.79074068242671);
#7276=VERTEX_POINT('',#9814);
#7277=VERTEX_POINT('',#9815);
#7278=LINE('',#9816,#9817);
#7279=VERTEX_POINT('',#9819);
#7280=LINE('',#9820,#9821);
#7281=VERTEX_POINT('',#9823);
#7282=LINE('',#9824,#9825);
#7283=VERTEX_POINT('',#9827);
#7284=LINE('',#9828,#9829);
#7285=LINE('',#9831,#9832);
#7286=LINE('',#9834,#9835);
#7287=VERTEX_POINT('',#9837);
#7288=LINE('',#9838,#9839);
#7289=VERTEX_POINT('',#9841);
#7290=LINE('',#9842,#9843);
#7291=VERTEX_POINT('',#9845);
#7292=LINE('',#9846,#9847);
#7293=VERTEX_POINT('',#9849);
#7294=LINE('',#9850,#9851);
#7295=VERTEX_POINT('',#9853);
#7296=LINE('',#9854,#9855);
#7297=VERTEX_POINT('',#9857);
#7298=LINE('',#9858,#9859);
#7299=VERTEX_POINT('',#9861);
#7300=LINE('',#9862,#9863);
#7301=VERTEX_POINT('',#9865);
#7302=LINE('',#9866,#9867);
#7303=VERTEX_POINT('',#9869);
#7304=LINE('',#9870,#9871);
#7305=VERTEX_POINT('',#9873);
#7306=LINE('',#9874,#9875);
#7307=VERTEX_POINT('',#9877);
#7308=LINE('',#9878,#9879);
#7309=VERTEX_POINT('',#9881);
#7310=LINE('',#9882,#9883);
#7311=VERTEX_POINT('',#9885);
#7312=LINE('',#9886,#9887);
#7313=VERTEX_POINT('',#9889);
#7314=LINE('',#9890,#9891);
#7315=VERTEX_POINT('',#9893);
#7316=LINE('',#9894,#9895);
#7317=VERTEX_POINT('',#9897);
#7318=LINE('',#9898,#9899);
#7319=VERTEX_POINT('',#9901);
#7320=LINE('',#9902,#9903);
#7321=LINE('',#9905,#9906);
#7322=VERTEX_POINT('',#9908);
#7323=LINE('',#9909,#9910);
#7324=LINE('',#9912,#9913);
#7325=CIRCLE('',#9915,7.79074068242671);
#7326=CIRCLE('',#9919,7.79074068242648);
#7327=VERTEX_POINT('',#9923);
#7328=LINE('',#9924,#9925);
#7329=LINE('',#9927,#9928);
#7330=VERTEX_POINT('',#9930);
#7331=LINE('',#9931,#9932);
#7332=CIRCLE('',#9934,7.79074068242648);
#7333=VERTEX_POINT('',#9938);
#7334=CIRCLE('',#9939,7.79074068242648);
#7335=LINE('',#9943,#9944);
#7336=VERTEX_POINT('',#9946);
#7337=LINE('',#9947,#9948);
#7338=LINE('',#9950,#9951);
#7339=VERTEX_POINT('',#9953);
#7340=LINE('',#9954,#9955);
#7341=LINE('',#9957,#9958);
#7342=VERTEX_POINT('',#9960);
#7343=LINE('',#9961,#9962);
#7344=CIRCLE('',#9964,7.79074068242648);
#7345=VERTEX_POINT('',#9968);
#7346=LINE('',#9969,#9970);
#7347=CIRCLE('',#9972,7.79074068242648);
#7348=VERTEX_POINT('',#9976);
#7349=LINE('',#9977,#9978);
#7350=LINE('',#9980,#9981);
#7351=LINE('',#9983,#9984);
#7352=VERTEX_POINT('',#9986);
#7353=LINE('',#9987,#9988);
#7354=LINE('',#9990,#9991);
#7355=VERTEX_POINT('',#9993);
#7356=LINE('',#9994,#9995);
#7357=LINE('',#9997,#9998);
#7358=VERTEX_POINT('',#10000);
#7359=LINE('',#10001,#10002);
#7360=LINE('',#10004,#10005);
#7361=LINE('',#10007,#10008);
#7362=VERTEX_POINT('',#10010);
#7363=LINE('',#10011,#10012);
#7364=LINE('',#10014,#10015);
#7365=LINE('',#10017,#10018);
#7366=VERTEX_POINT('',#10020);
#7367=LINE('',#10021,#10022);
#7368=LINE('',#10024,#10025);
#7369=VERTEX_POINT('',#10027);
#7370=LINE('',#10028,#10029);
#7371=CIRCLE('',#10031,7.79074068242671);
#7372=VERTEX_POINT('',#10035);
#7373=CIRCLE('',#10036,7.79074068242671);
#7374=LINE('',#10040,#10041);
#7375=VERTEX_POINT('',#10043);
#7376=LINE('',#10044,#10045);
#7377=LINE('',#10047,#10048);
#7378=VERTEX_POINT('',#10050);
#7379=LINE('',#10051,#10052);
#7380=LINE('',#10054,#10055);
#7381=VERTEX_POINT('',#10057);
#7382=LINE('',#10058,#10059);
#7383=CIRCLE('',#10061,7.79074068242671);
#7384=VERTEX_POINT('',#10065);
#7385=LINE('',#10066,#10067);
#7386=CIRCLE('',#10069,7.79074068242671);
#7387=VERTEX_POINT('',#10073);
#7388=LINE('',#10074,#10075);
#7389=LINE('',#10077,#10078);
#7390=LINE('',#10080,#10081);
#7391=VERTEX_POINT('',#10083);
#7392=LINE('',#10084,#10085);
#7393=LINE('',#10087,#10088);
#7394=VERTEX_POINT('',#10090);
#7395=LINE('',#10091,#10092);
#7396=LINE('',#10094,#10095);
#7397=VERTEX_POINT('',#10097);
#7398=LINE('',#10098,#10099);
#7399=LINE('',#10101,#10102);
#7400=LINE('',#10104,#10105);
#7401=VERTEX_POINT('',#10107);
#7402=LINE('',#10108,#10109);
#7403=LINE('',#10111,#10112);
#7404=LINE('',#10114,#10115);
#7405=LINE('',#10117,#10118);
#7406=VERTEX_POINT('',#10120);
#7407=CIRCLE('',#10121,5.9839609099321);
#7408=VERTEX_POINT('',#10125);
#7409=LINE('',#10126,#10127);
#7410=LINE('',#10129,#10130);
#7411=LINE('',#10132,#10133);
#7412=VERTEX_POINT('',#10135);
#7413=LINE('',#10136,#10137);
#7414=VERTEX_POINT('',#10139);
#7415=LINE('',#10140,#10141);
#7416=VERTEX_POINT('',#10143);
#7417=LINE('',#10144,#10145);
#7418=LINE('',#10147,#10148);
#7419=LINE('',#10150,#10151);
#7420=LINE('',#10153,#10154);
#7421=CIRCLE('',#10156,5.9839609099321);
#7422=LINE('',#10160,#10161);
#7423=LINE('',#10163,#10164);
#7424=VERTEX_POINT('',#10166);
#7425=CIRCLE('',#10167,5.98396090993207);
#7426=VERTEX_POINT('',#10171);
#7427=LINE('',#10172,#10173);
#7428=LINE('',#10175,#10176);
#7429=VERTEX_POINT('',#10178);
#7430=LINE('',#10179,#10180);
#7431=CIRCLE('',#10182,5.98396090993207);
#7432=VERTEX_POINT('',#10186);
#7433=LINE('',#10187,#10188);
#7434=LINE('',#10190,#10191);
#7435=LINE('',#10193,#10194);
#7436=VERTEX_POINT('',#10196);
#7437=LINE('',#10197,#10198);
#7438=LINE('',#10200,#10201);
#7439=VERTEX_POINT('',#10203);
#7440=LINE('',#10204,#10205);
#7441=LINE('',#10207,#10208);
#7442=VERTEX_POINT('',#10210);
#7443=LINE('',#10211,#10212);
#7444=LINE('',#10214,#10215);
#7445=LINE('',#10217,#10218);
#7446=VERTEX_POINT('',#10220);
#7447=LINE('',#10221,#10222);
#7448=LINE('',#10224,#10225);
#7449=LINE('',#10227,#10228);
#7450=LINE('',#10230,#10231);
#7451=VERTEX_POINT('',#10233);
#7452=LINE('',#10234,#10235);
#7453=LINE('',#10237,#10238);
#7454=LINE('',#10240,#10241);
#7455=VERTEX_POINT('',#10243);
#7456=LINE('',#10244,#10245);
#7457=LINE('',#10247,#10248);
#7458=VERTEX_POINT('',#10250);
#7459=LINE('',#10251,#10252);
#7460=LINE('',#10254,#10255);
#7461=LINE('',#10257,#10258);
#7462=VERTEX_POINT('',#10260);
#7463=LINE('',#10261,#10262);
#7464=LINE('',#10264,#10265);
#7465=VERTEX_POINT('',#10267);
#7466=LINE('',#10268,#10269);
#7467=LINE('',#10271,#10272);
#7468=LINE('',#10274,#10275);
#7469=VERTEX_POINT('',#10277);
#7470=VERTEX_POINT('',#10278);
#7471=LINE('',#10279,#10280);
#7472=VERTEX_POINT('',#10282);
#7473=LINE('',#10283,#10284);
#7474=VERTEX_POINT('',#10286);
#7475=LINE('',#10287,#10288);
#7476=VERTEX_POINT('',#10290);
#7477=LINE('',#10291,#10292);
#7478=VERTEX_POINT('',#10294);
#7479=LINE('',#10295,#10296);
#7480=VERTEX_POINT('',#10298);
#7481=LINE('',#10299,#10300);
#7482=VERTEX_POINT('',#10302);
#7483=LINE('',#10303,#10304);
#7484=VERTEX_POINT('',#10306);
#7485=LINE('',#10307,#10308);
#7486=VERTEX_POINT('',#10310);
#7487=LINE('',#10311,#10312);
#7488=VERTEX_POINT('',#10314);
#7489=LINE('',#10315,#10316);
#7490=VERTEX_POINT('',#10318);
#7491=LINE('',#10319,#10320);
#7492=VERTEX_POINT('',#10322);
#7493=LINE('',#10323,#10324);
#7494=VERTEX_POINT('',#10326);
#7495=LINE('',#10327,#10328);
#7496=VERTEX_POINT('',#10330);
#7497=LINE('',#10331,#10332);
#7498=VERTEX_POINT('',#10334);
#7499=LINE('',#10335,#10336);
#7500=VERTEX_POINT('',#10338);
#7501=LINE('',#10339,#10340);
#7502=VERTEX_POINT('',#10342);
#7503=LINE('',#10343,#10344);
#7504=VERTEX_POINT('',#10346);
#7505=LINE('',#10347,#10348);
#7506=VERTEX_POINT('',#10350);
#7507=LINE('',#10351,#10352);
#7508=VERTEX_POINT('',#10354);
#7509=LINE('',#10355,#10356);
#7510=VERTEX_POINT('',#10358);
#7511=LINE('',#10359,#10360);
#7512=VERTEX_POINT('',#10362);
#7513=LINE('',#10363,#10364);
#7514=VERTEX_POINT('',#10366);
#7515=LINE('',#10367,#10368);
#7516=VERTEX_POINT('',#10370);
#7517=LINE('',#10371,#10372);
#7518=VERTEX_POINT('',#10374);
#7519=LINE('',#10375,#10376);
#7520=VERTEX_POINT('',#10378);
#7521=LINE('',#10379,#10380);
#7522=VERTEX_POINT('',#10382);
#7523=LINE('',#10383,#10384);
#7524=VERTEX_POINT('',#10386);
#7525=LINE('',#10387,#10388);
#7526=VERTEX_POINT('',#10390);
#7527=LINE('',#10391,#10392);
#7528=VERTEX_POINT('',#10394);
#7529=LINE('',#10395,#10396);
#7530=VERTEX_POINT('',#10398);
#7531=LINE('',#10399,#10400);
#7532=VERTEX_POINT('',#10402);
#7533=LINE('',#10403,#10404);
#7534=VERTEX_POINT('',#10406);
#7535=LINE('',#10407,#10408);
#7536=VERTEX_POINT('',#10410);
#7537=LINE('',#10411,#10412);
#7538=VERTEX_POINT('',#10414);
#7539=LINE('',#10415,#10416);
#7540=VERTEX_POINT('',#10418);
#7541=LINE('',#10419,#10420);
#7542=VERTEX_POINT('',#10422);
#7543=LINE('',#10423,#10424);
#7544=VERTEX_POINT('',#10426);
#7545=LINE('',#10427,#10428);
#7546=VERTEX_POINT('',#10430);
#7547=LINE('',#10431,#10432);
#7548=VERTEX_POINT('',#10434);
#7549=LINE('',#10435,#10436);
#7550=VERTEX_POINT('',#10438);
#7551=LINE('',#10439,#10440);
#7552=VERTEX_POINT('',#10442);
#7553=LINE('',#10443,#10444);
#7554=VERTEX_POINT('',#10446);
#7555=LINE('',#10447,#10448);
#7556=VERTEX_POINT('',#10450);
#7557=LINE('',#10451,#10452);
#7558=VERTEX_POINT('',#10454);
#7559=LINE('',#10455,#10456);
#7560=VERTEX_POINT('',#10458);
#7561=LINE('',#10459,#10460);
#7562=VERTEX_POINT('',#10462);
#7563=LINE('',#10463,#10464);
#7564=VERTEX_POINT('',#10466);
#7565=LINE('',#10467,#10468);
#7566=VERTEX_POINT('',#10470);
#7567=LINE('',#10471,#10472);
#7568=VERTEX_POINT('',#10474);
#7569=LINE('',#10475,#10476);
#7570=VERTEX_POINT('',#10478);
#7571=LINE('',#10479,#10480);
#7572=VERTEX_POINT('',#10482);
#7573=LINE('',#10483,#10484);
#7574=VERTEX_POINT('',#10486);
#7575=LINE('',#10487,#10488);
#7576=VERTEX_POINT('',#10490);
#7577=LINE('',#10491,#10492);
#7578=VERTEX_POINT('',#10494);
#7579=LINE('',#10495,#10496);
#7580=VERTEX_POINT('',#10498);
#7581=LINE('',#10499,#10500);
#7582=VERTEX_POINT('',#10502);
#7583=LINE('',#10503,#10504);
#7584=VERTEX_POINT('',#10506);
#7585=LINE('',#10507,#10508);
#7586=VERTEX_POINT('',#10510);
#7587=LINE('',#10511,#10512);
#7588=VERTEX_POINT('',#10514);
#7589=LINE('',#10515,#10516);
#7590=VERTEX_POINT('',#10518);
#7591=LINE('',#10519,#10520);
#7592=VERTEX_POINT('',#10522);
#7593=LINE('',#10523,#10524);
#7594=VERTEX_POINT('',#10526);
#7595=LINE('',#10527,#10528);
#7596=VERTEX_POINT('',#10530);
#7597=LINE('',#10531,#10532);
#7598=VERTEX_POINT('',#10534);
#7599=LINE('',#10535,#10536);
#7600=VERTEX_POINT('',#10538);
#7601=LINE('',#10539,#10540);
#7602=VERTEX_POINT('',#10542);
#7603=LINE('',#10543,#10544);
#7604=VERTEX_POINT('',#10546);
#7605=LINE('',#10547,#10548);
#7606=VERTEX_POINT('',#10550);
#7607=LINE('',#10551,#10552);
#7608=VERTEX_POINT('',#10554);
#7609=LINE('',#10555,#10556);
#7610=VERTEX_POINT('',#10558);
#7611=LINE('',#10559,#10560);
#7612=VERTEX_POINT('',#10562);
#7613=LINE('',#10563,#10564);
#7614=VERTEX_POINT('',#10566);
#7615=LINE('',#10567,#10568);
#7616=VERTEX_POINT('',#10570);
#7617=LINE('',#10571,#10572);
#7618=VERTEX_POINT('',#10574);
#7619=LINE('',#10575,#10576);
#7620=LINE('',#10578,#10579);
#7621=VERTEX_POINT('',#10581);
#7622=CIRCLE('',#10582,0.8);
#7623=VERTEX_POINT('',#10586);
#7624=VERTEX_POINT('',#10587);
#7625=CIRCLE('',#10588,1.5);
#7626=LINE('',#10592,#10593);
#7627=VERTEX_POINT('',#10595);
#7628=VERTEX_POINT('',#10596);
#7629=LINE('',#10597,#10598);
#7630=CIRCLE('',#10600,1.5);
#7631=VERTEX_POINT('',#10604);
#7632=VERTEX_POINT('',#10605);
#7633=CIRCLE('',#10606,1.5);
#7634=LINE('',#10610,#10611);
#7635=VERTEX_POINT('',#10613);
#7636=VERTEX_POINT('',#10614);
#7637=LINE('',#10615,#10616);
#7638=CIRCLE('',#10618,1.5);
#7639=VERTEX_POINT('',#10622);
#7640=LINE('',#10623,#10624);
#7641=VERTEX_POINT('',#10626);
#7642=LINE('',#10627,#10628);
#7643=LINE('',#10630,#10631);
#7644=VERTEX_POINT('',#10633);
#7645=LINE('',#10634,#10635);
#7646=VERTEX_POINT('',#10637);
#7647=LINE('',#10638,#10639);
#7648=VERTEX_POINT('',#10641);
#7649=LINE('',#10642,#10643);
#7650=VERTEX_POINT('',#10645);
#7651=LINE('',#10646,#10647);
#7652=VERTEX_POINT('',#10649);
#7653=LINE('',#10650,#10651);
#7654=LINE('',#10653,#10654);
#7655=VERTEX_POINT('',#10656);
#7656=LINE('',#10657,#10658);
#7657=LINE('',#10660,#10661);
#7658=VERTEX_POINT('',#10663);
#7659=LINE('',#10664,#10665);
#7660=VERTEX_POINT('',#10667);
#7661=LINE('',#10668,#10669);
#7662=LINE('',#10671,#10672);
#7663=LINE('',#10674,#10675);
#7664=VERTEX_POINT('',#10677);
#7665=LINE('',#10678,#10679);
#7666=LINE('',#10681,#10682);
#7667=VERTEX_POINT('',#10684);
#7668=LINE('',#10685,#10686);
#7669=VERTEX_POINT('',#10688);
#7670=LINE('',#10689,#10690);
#7671=LINE('',#10692,#10693);
#7672=VERTEX_POINT('',#10695);
#7673=LINE('',#10696,#10697);
#7674=LINE('',#10699,#10700);
#7675=VERTEX_POINT('',#10702);
#7676=LINE('',#10703,#10704);
#7677=LINE('',#10706,#10707);
#7678=VERTEX_POINT('',#10709);
#7679=LINE('',#10710,#10711);
#7680=LINE('',#10713,#10714);
#7681=VERTEX_POINT('',#10716);
#7682=LINE('',#10717,#10718);
#7683=VERTEX_POINT('',#10720);
#7684=LINE('',#10721,#10722);
#7685=VERTEX_POINT('',#10724);
#7686=LINE('',#10725,#10726);
#7687=VERTEX_POINT('',#10728);
#7688=LINE('',#10729,#10730);
#7689=VERTEX_POINT('',#10732);
#7690=LINE('',#10733,#10734);
#7691=LINE('',#10736,#10737);
#7692=VERTEX_POINT('',#10739);
#7693=LINE('',#10740,#10741);
#7694=LINE('',#10743,#10744);
#7695=VERTEX_POINT('',#10746);
#7696=LINE('',#10747,#10748);
#7697=LINE('',#10750,#10751);
#7698=VERTEX_POINT('',#10753);
#7699=LINE('',#10754,#10755);
#7700=LINE('',#10757,#10758);
#7701=VERTEX_POINT('',#10760);
#7702=LINE('',#10761,#10762);
#7703=VERTEX_POINT('',#10764);
#7704=LINE('',#10765,#10766);
#7705=VERTEX_POINT('',#10768);
#7706=LINE('',#10769,#10770);
#7707=VERTEX_POINT('',#10772);
#7708=LINE('',#10773,#10774);
#7709=VERTEX_POINT('',#10776);
#7710=LINE('',#10777,#10778);
#7711=VERTEX_POINT('',#10780);
#7712=LINE('',#10781,#10782);
#7713=VERTEX_POINT('',#10784);
#7714=LINE('',#10785,#10786);
#7715=VERTEX_POINT('',#10788);
#7716=LINE('',#10789,#10790);
#7717=VERTEX_POINT('',#10792);
#7718=LINE('',#10793,#10794);
#7719=LINE('',#10796,#10797);
#7720=VERTEX_POINT('',#10799);
#7721=LINE('',#10800,#10801);
#7722=LINE('',#10803,#10804);
#7723=VERTEX_POINT('',#10806);
#7724=LINE('',#10807,#10808);
#7725=LINE('',#10810,#10811);
#7726=VERTEX_POINT('',#10813);
#7727=LINE('',#10814,#10815);
#7728=LINE('',#10817,#10818);
#7729=VERTEX_POINT('',#10820);
#7730=LINE('',#10821,#10822);
#7731=VERTEX_POINT('',#10824);
#7732=LINE('',#10825,#10826);
#7733=VERTEX_POINT('',#10828);
#7734=LINE('',#10829,#10830);
#7735=VERTEX_POINT('',#10832);
#7736=LINE('',#10833,#10834);
#7737=VERTEX_POINT('',#10836);
#7738=LINE('',#10837,#10838);
#7739=VERTEX_POINT('',#10840);
#7740=LINE('',#10841,#10842);
#7741=VERTEX_POINT('',#10844);
#7742=LINE('',#10845,#10846);
#7743=VERTEX_POINT('',#10848);
#7744=LINE('',#10849,#10850);
#7745=VERTEX_POINT('',#10852);
#7746=LINE('',#10853,#10854);
#7747=LINE('',#10856,#10857);
#7748=VERTEX_POINT('',#10859);
#7749=LINE('',#10860,#10861);
#7750=LINE('',#10863,#10864);
#7751=VERTEX_POINT('',#10866);
#7752=LINE('',#10867,#10868);
#7753=LINE('',#10870,#10871);
#7754=VERTEX_POINT('',#10873);
#7755=LINE('',#10874,#10875);
#7756=LINE('',#10877,#10878);
#7757=VERTEX_POINT('',#10880);
#7758=LINE('',#10881,#10882);
#7759=VERTEX_POINT('',#10884);
#7760=LINE('',#10885,#10886);
#7761=VERTEX_POINT('',#10888);
#7762=LINE('',#10889,#10890);
#7763=VERTEX_POINT('',#10892);
#7764=LINE('',#10893,#10894);
#7765=VERTEX_POINT('',#10896);
#7766=LINE('',#10897,#10898);
#7767=VERTEX_POINT('',#10900);
#7768=LINE('',#10901,#10902);
#7769=VERTEX_POINT('',#10904);
#7770=LINE('',#10905,#10906);
#7771=VERTEX_POINT('',#10908);
#7772=LINE('',#10909,#10910);
#7773=VERTEX_POINT('',#10912);
#7774=LINE('',#10913,#10914);
#7775=LINE('',#10916,#10917);
#7776=VERTEX_POINT('',#10919);
#7777=LINE('',#10920,#10921);
#7778=LINE('',#10923,#10924);
#7779=LINE('',#10926,#10927);
#7780=VERTEX_POINT('',#10929);
#7781=VERTEX_POINT('',#10930);
#7782=LINE('',#10931,#10932);
#7783=LINE('',#10934,#10935);
#7784=LINE('',#10937,#10938);
#7785=VERTEX_POINT('',#10940);
#7786=LINE('',#10941,#10942);
#7787=VERTEX_POINT('',#10944);
#7788=LINE('',#10945,#10946);
#7789=VERTEX_POINT('',#10948);
#7790=LINE('',#10949,#10950);
#7791=VERTEX_POINT('',#10952);
#7792=LINE('',#10953,#10954);
#7793=VERTEX_POINT('',#10956);
#7794=LINE('',#10957,#10958);
#7795=LINE('',#10960,#10961);
#7796=LINE('',#10963,#10964);
#7797=VERTEX_POINT('',#10966);
#7798=LINE('',#10967,#10968);
#7799=LINE('',#10970,#10971);
#7800=VERTEX_POINT('',#10973);
#7801=LINE('',#10974,#10975);
#7802=VERTEX_POINT('',#10977);
#7803=LINE('',#10978,#10979);
#7804=VERTEX_POINT('',#10981);
#7805=LINE('',#10982,#10983);
#7806=VERTEX_POINT('',#10985);
#7807=LINE('',#10986,#10987);
#7808=VERTEX_POINT('',#10989);
#7809=LINE('',#10990,#10991);
#7810=LINE('',#10993,#10994);
#7811=VERTEX_POINT('',#10996);
#7812=LINE('',#10997,#10998);
#7813=LINE('',#11000,#11001);
#7814=VERTEX_POINT('',#11003);
#7815=LINE('',#11004,#11005);
#7816=LINE('',#11007,#11008);
#7817=VERTEX_POINT('',#11010);
#7818=LINE('',#11011,#11012);
#7819=LINE('',#11014,#11015);
#7820=VERTEX_POINT('',#11017);
#7821=LINE('',#11018,#11019);
#7822=VERTEX_POINT('',#11021);
#7823=LINE('',#11022,#11023);
#7824=VERTEX_POINT('',#11025);
#7825=LINE('',#11026,#11027);
#7826=VERTEX_POINT('',#11029);
#7827=LINE('',#11030,#11031);
#7828=VERTEX_POINT('',#11033);
#7829=LINE('',#11034,#11035);
#7830=VERTEX_POINT('',#11037);
#7831=LINE('',#11038,#11039);
#7832=VERTEX_POINT('',#11041);
#7833=LINE('',#11042,#11043);
#7834=VERTEX_POINT('',#11045);
#7835=LINE('',#11046,#11047);
#7836=VERTEX_POINT('',#11049);
#7837=LINE('',#11050,#11051);
#7838=LINE('',#11053,#11054);
#7839=VERTEX_POINT('',#11056);
#7840=LINE('',#11057,#11058);
#7841=LINE('',#11060,#11061);
#7842=VERTEX_POINT('',#11063);
#7843=LINE('',#11064,#11065);
#7844=LINE('',#11067,#11068);
#7845=VERTEX_POINT('',#11070);
#7846=LINE('',#11071,#11072);
#7847=LINE('',#11074,#11075);
#7848=VERTEX_POINT('',#11077);
#7849=LINE('',#11078,#11079);
#7850=VERTEX_POINT('',#11081);
#7851=LINE('',#11082,#11083);
#7852=VERTEX_POINT('',#11085);
#7853=LINE('',#11086,#11087);
#7854=VERTEX_POINT('',#11089);
#7855=LINE('',#11090,#11091);
#7856=VERTEX_POINT('',#11093);
#7857=LINE('',#11094,#11095);
#7858=VERTEX_POINT('',#11097);
#7859=LINE('',#11098,#11099);
#7860=VERTEX_POINT('',#11101);
#7861=LINE('',#11102,#11103);
#7862=VERTEX_POINT('',#11105);
#7863=LINE('',#11106,#11107);
#7864=VERTEX_POINT('',#11109);
#7865=LINE('',#11110,#11111);
#7866=LINE('',#11113,#11114);
#7867=VERTEX_POINT('',#11116);
#7868=LINE('',#11117,#11118);
#7869=LINE('',#11120,#11121);
#7870=VERTEX_POINT('',#11123);
#7871=LINE('',#11124,#11125);
#7872=LINE('',#11127,#11128);
#7873=VERTEX_POINT('',#11130);
#7874=LINE('',#11131,#11132);
#7875=LINE('',#11134,#11135);
#7876=VERTEX_POINT('',#11137);
#7877=LINE('',#11138,#11139);
#7878=VERTEX_POINT('',#11141);
#7879=LINE('',#11142,#11143);
#7880=VERTEX_POINT('',#11145);
#7881=LINE('',#11146,#11147);
#7882=VERTEX_POINT('',#11149);
#7883=LINE('',#11150,#11151);
#7884=VERTEX_POINT('',#11153);
#7885=LINE('',#11154,#11155);
#7886=VERTEX_POINT('',#11157);
#7887=LINE('',#11158,#11159);
#7888=VERTEX_POINT('',#11161);
#7889=LINE('',#11162,#11163);
#7890=VERTEX_POINT('',#11165);
#7891=LINE('',#11166,#11167);
#7892=VERTEX_POINT('',#11169);
#7893=LINE('',#11170,#11171);
#7894=LINE('',#11173,#11174);
#7895=VERTEX_POINT('',#11176);
#7896=LINE('',#11177,#11178);
#7897=LINE('',#11180,#11181);
#7898=LINE('',#11183,#11184);
#7899=VERTEX_POINT('',#11186);
#7900=LINE('',#11187,#11188);
#7901=VERTEX_POINT('',#11190);
#7902=LINE('',#11191,#11192);
#7903=LINE('',#11194,#11195);
#7904=LINE('',#11197,#11198);
#7905=VERTEX_POINT('',#11200);
#7906=VERTEX_POINT('',#11201);
#7907=LINE('',#11202,#11203);
#7908=VERTEX_POINT('',#11205);
#7909=LINE('',#11206,#11207);
#7910=VERTEX_POINT('',#11209);
#7911=LINE('',#11210,#11211);
#7912=VERTEX_POINT('',#11213);
#7913=LINE('',#11214,#11215);
#7914=VERTEX_POINT('',#11217);
#7915=LINE('',#11218,#11219);
#7916=LINE('',#11221,#11222);
#7917=LINE('',#11224,#11225);
#7918=VERTEX_POINT('',#11227);
#7919=LINE('',#11228,#11229);
#7920=LINE('',#11231,#11232);
#7921=VERTEX_POINT('',#11234);
#7922=VERTEX_POINT('',#11235);
#7923=LINE('',#11236,#11237);
#7924=LINE('',#11239,#11240);
#7925=LINE('',#11242,#11243);
#7926=VERTEX_POINT('',#11245);
#7927=LINE('',#11246,#11247);
#7928=VERTEX_POINT('',#11249);
#7929=LINE('',#11250,#11251);
#7930=VERTEX_POINT('',#11253);
#7931=LINE('',#11254,#11255);
#7932=LINE('',#11257,#11258);
#7933=LINE('',#11260,#11261);
#7934=LINE('',#11263,#11264);
#7935=LINE('',#11266,#11267);
#7936=VERTEX_POINT('',#11269);
#7937=VERTEX_POINT('',#11270);
#7938=LINE('',#11271,#11272);
#7939=VERTEX_POINT('',#11274);
#7940=LINE('',#11275,#11276);
#7941=VERTEX_POINT('',#11278);
#7942=LINE('',#11279,#11280);
#7943=VERTEX_POINT('',#11282);
#7944=LINE('',#11283,#11284);
#7945=VERTEX_POINT('',#11286);
#7946=LINE('',#11287,#11288);
#7947=LINE('',#11290,#11291);
#7948=LINE('',#11293,#11294);
#7949=VERTEX_POINT('',#11296);
#7950=LINE('',#11297,#11298);
#7951=LINE('',#11300,#11301);
#7952=VERTEX_POINT('',#11303);
#7953=VERTEX_POINT('',#11304);
#7954=LINE('',#11305,#11306);
#7955=VERTEX_POINT('',#11308);
#7956=LINE('',#11309,#11310);
#7957=VERTEX_POINT('',#11312);
#7958=LINE('',#11313,#11314);
#7959=VERTEX_POINT('',#11316);
#7960=LINE('',#11317,#11318);
#7961=VERTEX_POINT('',#11320);
#7962=LINE('',#11321,#11322);
#7963=LINE('',#11324,#11325);
#7964=VERTEX_POINT('',#11327);
#7965=LINE('',#11328,#11329);
#7966=VERTEX_POINT('',#11331);
#7967=LINE('',#11332,#11333);
#7968=VERTEX_POINT('',#11335);
#7969=LINE('',#11336,#11337);
#7970=VERTEX_POINT('',#11339);
#7971=LINE('',#11340,#11341);
#7972=VERTEX_POINT('',#11343);
#7973=LINE('',#11344,#11345);
#7974=LINE('',#11347,#11348);
#7975=LINE('',#11350,#11351);
#7976=VERTEX_POINT('',#11353);
#7977=LINE('',#11354,#11355);
#7978=LINE('',#11357,#11358);
#7979=VERTEX_POINT('',#11360);
#7980=VERTEX_POINT('',#11361);
#7981=LINE('',#11362,#11363);
#7982=LINE('',#11365,#11366);
#7983=LINE('',#11368,#11369);
#7984=VERTEX_POINT('',#11371);
#7985=LINE('',#11372,#11373);
#7986=VERTEX_POINT('',#11375);
#7987=LINE('',#11376,#11377);
#7988=VERTEX_POINT('',#11379);
#7989=LINE('',#11380,#11381);
#7990=LINE('',#11383,#11384);
#7991=LINE('',#11386,#11387);
#7992=LINE('',#11389,#11390);
#7993=LINE('',#11392,#11393);
#7994=VERTEX_POINT('',#11395);
#7995=VERTEX_POINT('',#11396);
#7996=LINE('',#11397,#11398);
#7997=VERTEX_POINT('',#11400);
#7998=LINE('',#11401,#11402);
#7999=VERTEX_POINT('',#11404);
#8000=LINE('',#11405,#11406);
#8001=VERTEX_POINT('',#11408);
#8002=LINE('',#11409,#11410);
#8003=VERTEX_POINT('',#11412);
#8004=LINE('',#11413,#11414);
#8005=LINE('',#11416,#11417);
#8006=LINE('',#11419,#11420);
#8007=VERTEX_POINT('',#11422);
#8008=LINE('',#11423,#11424);
#8009=LINE('',#11426,#11427);
#8010=VERTEX_POINT('',#11429);
#8011=VERTEX_POINT('',#11430);
#8012=LINE('',#11431,#11432);
#8013=LINE('',#11434,#11435);
#8014=VERTEX_POINT('',#11437);
#8015=LINE('',#11438,#11439);
#8016=VERTEX_POINT('',#11441);
#8017=LINE('',#11442,#11443);
#8018=VERTEX_POINT('',#11445);
#8019=LINE('',#11446,#11447);
#8020=VERTEX_POINT('',#11449);
#8021=LINE('',#11450,#11451);
#8022=VERTEX_POINT('',#11453);
#8023=LINE('',#11454,#11455);
#8024=VERTEX_POINT('',#11457);
#8025=LINE('',#11458,#11459);
#8026=LINE('',#11461,#11462);
#8027=VERTEX_POINT('',#11464);
#8028=LINE('',#11465,#11466);
#8029=VERTEX_POINT('',#11468);
#8030=LINE('',#11469,#11470);
#8031=VERTEX_POINT('',#11472);
#8032=LINE('',#11473,#11474);
#8033=LINE('',#11476,#11477);
#8034=VERTEX_POINT('',#11479);
#8035=LINE('',#11480,#11481);
#8036=LINE('',#11483,#11484);
#8037=VERTEX_POINT('',#11486);
#8038=VERTEX_POINT('',#11487);
#8039=LINE('',#11488,#11489);
#8040=VERTEX_POINT('',#11491);
#8041=LINE('',#11492,#11493);
#8042=VERTEX_POINT('',#11495);
#8043=LINE('',#11496,#11497);
#8044=LINE('',#11499,#11500);
#8045=LINE('',#11502,#11503);
#8046=VERTEX_POINT('',#11505);
#8047=LINE('',#11506,#11507);
#8048=LINE('',#11509,#11510);
#8049=LINE('',#11512,#11513);
#8050=LINE('',#11515,#11516);
#8051=LINE('',#11518,#11519);
#8052=VERTEX_POINT('',#11521);
#8053=VERTEX_POINT('',#11522);
#8054=LINE('',#11523,#11524);
#8055=VERTEX_POINT('',#11526);
#8056=LINE('',#11527,#11528);
#8057=VERTEX_POINT('',#11530);
#8058=LINE('',#11531,#11532);
#8059=LINE('',#11534,#11535);
#8060=VERTEX_POINT('',#11537);
#8061=LINE('',#11538,#11539);
#8062=VERTEX_POINT('',#11541);
#8063=LINE('',#11542,#11543);
#8064=LINE('',#11545,#11546);
#8065=VERTEX_POINT('',#11548);
#8066=LINE('',#11549,#11550);
#8067=LINE('',#11552,#11553);
#8068=VERTEX_POINT('',#11555);
#8069=VERTEX_POINT('',#11556);
#8070=LINE('',#11557,#11558);
#8071=VERTEX_POINT('',#11560);
#8072=LINE('',#11561,#11562);
#8073=VERTEX_POINT('',#11564);
#8074=LINE('',#11565,#11566);
#8075=LINE('',#11568,#11569);
#8076=VERTEX_POINT('',#11571);
#8077=LINE('',#11572,#11573);
#8078=VERTEX_POINT('',#11575);
#8079=LINE('',#11576,#11577);
#8080=VERTEX_POINT('',#11579);
#8081=LINE('',#11580,#11581);
#8082=VERTEX_POINT('',#11583);
#8083=LINE('',#11584,#11585);
#8084=VERTEX_POINT('',#11587);
#8085=LINE('',#11588,#11589);
#8086=VERTEX_POINT('',#11591);
#8087=LINE('',#11592,#11593);
#8088=LINE('',#11595,#11596);
#8089=VERTEX_POINT('',#11598);
#8090=LINE('',#11599,#11600);
#8091=LINE('',#11602,#11603);
#8092=VERTEX_POINT('',#11605);
#8093=LINE('',#11606,#11607);
#8094=LINE('',#11609,#11610);
#8095=VERTEX_POINT('',#11612);
#8096=VERTEX_POINT('',#11613);
#8097=LINE('',#11614,#11615);
#8098=LINE('',#11617,#11618);
#8099=LINE('',#11620,#11621);
#8100=VERTEX_POINT('',#11623);
#8101=LINE('',#11624,#11625);
#8102=VERTEX_POINT('',#11627);
#8103=LINE('',#11628,#11629);
#8104=VERTEX_POINT('',#11631);
#8105=LINE('',#11632,#11633);
#8106=LINE('',#11635,#11636);
#8107=LINE('',#11638,#11639);
#8108=LINE('',#11641,#11642);
#8109=LINE('',#11644,#11645);
#8110=VERTEX_POINT('',#11647);
#8111=VERTEX_POINT('',#11648);
#8112=LINE('',#11649,#11650);
#8113=VERTEX_POINT('',#11652);
#8114=LINE('',#11653,#11654);
#8115=VERTEX_POINT('',#11656);
#8116=LINE('',#11657,#11658);
#8117=VERTEX_POINT('',#11660);
#8118=LINE('',#11661,#11662);
#8119=VERTEX_POINT('',#11664);
#8120=LINE('',#11665,#11666);
#8121=LINE('',#11668,#11669);
#8122=LINE('',#11671,#11672);
#8123=VERTEX_POINT('',#11674);
#8124=LINE('',#11675,#11676);
#8125=LINE('',#11678,#11679);
#8126=VERTEX_POINT('',#11681);
#8127=VERTEX_POINT('',#11682);
#8128=LINE('',#11683,#11684);
#8129=LINE('',#11686,#11687);
#8130=VERTEX_POINT('',#11689);
#8131=LINE('',#11690,#11691);
#8132=VERTEX_POINT('',#11693);
#8133=LINE('',#11694,#11695);
#8134=VERTEX_POINT('',#11697);
#8135=LINE('',#11698,#11699);
#8136=LINE('',#11701,#11702);
#8137=VERTEX_POINT('',#11704);
#8138=LINE('',#11705,#11706);
#8139=LINE('',#11708,#11709);
#8140=VERTEX_POINT('',#11711);
#8141=LINE('',#11712,#11713);
#8142=LINE('',#11715,#11716);
#8143=LINE('',#11718,#11719);
#8144=VERTEX_POINT('',#11721);
#8145=VERTEX_POINT('',#11722);
#8146=LINE('',#11723,#11724);
#8147=VERTEX_POINT('',#11726);
#8148=LINE('',#11727,#11728);
#8149=VERTEX_POINT('',#11730);
#8150=LINE('',#11731,#11732);
#8151=VERTEX_POINT('',#11734);
#8152=LINE('',#11735,#11736);
#8153=VERTEX_POINT('',#11738);
#8154=LINE('',#11739,#11740);
#8155=LINE('',#11742,#11743);
#8156=LINE('',#11745,#11746);
#8157=VERTEX_POINT('',#11748);
#8158=LINE('',#11749,#11750);
#8159=LINE('',#11752,#11753);
#8160=VERTEX_POINT('',#11755);
#8161=VERTEX_POINT('',#11756);
#8162=LINE('',#11757,#11758);
#8163=LINE('',#11760,#11761);
#8164=LINE('',#11763,#11764);
#8165=VERTEX_POINT('',#11766);
#8166=LINE('',#11767,#11768);
#8167=VERTEX_POINT('',#11770);
#8168=LINE('',#11771,#11772);
#8169=VERTEX_POINT('',#11774);
#8170=LINE('',#11775,#11776);
#8171=LINE('',#11778,#11779);
#8172=LINE('',#11781,#11782);
#8173=LINE('',#11784,#11785);
#8174=LINE('',#11787,#11788);
#8175=VERTEX_POINT('',#11790);
#8176=VERTEX_POINT('',#11791);
#8177=LINE('',#11792,#11793);
#8178=VERTEX_POINT('',#11795);
#8179=LINE('',#11796,#11797);
#8180=VERTEX_POINT('',#11799);
#8181=LINE('',#11800,#11801);
#8182=VERTEX_POINT('',#11803);
#8183=LINE('',#11804,#11805);
#8184=VERTEX_POINT('',#11807);
#8185=LINE('',#11808,#11809);
#8186=LINE('',#11811,#11812);
#8187=LINE('',#11814,#11815);
#8188=VERTEX_POINT('',#11817);
#8189=LINE('',#11818,#11819);
#8190=LINE('',#11821,#11822);
#8191=VERTEX_POINT('',#11824);
#8192=VERTEX_POINT('',#11825);
#8193=LINE('',#11826,#11827);
#8194=VERTEX_POINT('',#11829);
#8195=LINE('',#11830,#11831);
#8196=VERTEX_POINT('',#11833);
#8197=LINE('',#11834,#11835);
#8198=VERTEX_POINT('',#11837);
#8199=LINE('',#11838,#11839);
#8200=VERTEX_POINT('',#11841);
#8201=LINE('',#11842,#11843);
#8202=LINE('',#11845,#11846);
#8203=VERTEX_POINT('',#11848);
#8204=LINE('',#11849,#11850);
#8205=VERTEX_POINT('',#11852);
#8206=LINE('',#11853,#11854);
#8207=VERTEX_POINT('',#11856);
#8208=LINE('',#11857,#11858);
#8209=VERTEX_POINT('',#11860);
#8210=LINE('',#11861,#11862);
#8211=VERTEX_POINT('',#11864);
#8212=LINE('',#11865,#11866);
#8213=LINE('',#11868,#11869);
#8214=LINE('',#11871,#11872);
#8215=VERTEX_POINT('',#11874);
#8216=LINE('',#11875,#11876);
#8217=LINE('',#11878,#11879);
#8218=VERTEX_POINT('',#11881);
#8219=VERTEX_POINT('',#11882);
#8220=LINE('',#11883,#11884);
#8221=LINE('',#11886,#11887);
#8222=LINE('',#11889,#11890);
#8223=VERTEX_POINT('',#11892);
#8224=LINE('',#11893,#11894);
#8225=VERTEX_POINT('',#11896);
#8226=LINE('',#11897,#11898);
#8227=VERTEX_POINT('',#11900);
#8228=LINE('',#11901,#11902);
#8229=LINE('',#11904,#11905);
#8230=LINE('',#11907,#11908);
#8231=LINE('',#11910,#11911);
#8232=LINE('',#11913,#11914);
#8233=VERTEX_POINT('',#11916);
#8234=VERTEX_POINT('',#11917);
#8235=LINE('',#11918,#11919);
#8236=VERTEX_POINT('',#11921);
#8237=LINE('',#11922,#11923);
#8238=VERTEX_POINT('',#11925);
#8239=LINE('',#11926,#11927);
#8240=VERTEX_POINT('',#11929);
#8241=LINE('',#11930,#11931);
#8242=VERTEX_POINT('',#11933);
#8243=LINE('',#11934,#11935);
#8244=LINE('',#11937,#11938);
#8245=LINE('',#11940,#11941);
#8246=VERTEX_POINT('',#11943);
#8247=LINE('',#11944,#11945);
#8248=LINE('',#11947,#11948);
#8249=VERTEX_POINT('',#11950);
#8250=VERTEX_POINT('',#11951);
#8251=LINE('',#11952,#11953);
#8252=LINE('',#11955,#11956);
#8253=VERTEX_POINT('',#11958);
#8254=LINE('',#11959,#11960);
#8255=VERTEX_POINT('',#11962);
#8256=LINE('',#11963,#11964);
#8257=VERTEX_POINT('',#11966);
#8258=LINE('',#11967,#11968);
#8259=VERTEX_POINT('',#11970);
#8260=LINE('',#11971,#11972);
#8261=VERTEX_POINT('',#11974);
#8262=LINE('',#11975,#11976);
#8263=VERTEX_POINT('',#11978);
#8264=LINE('',#11979,#11980);
#8265=LINE('',#11982,#11983);
#8266=VERTEX_POINT('',#11985);
#8267=LINE('',#11986,#11987);
#8268=VERTEX_POINT('',#11989);
#8269=LINE('',#11990,#11991);
#8270=VERTEX_POINT('',#11993);
#8271=LINE('',#11994,#11995);
#8272=LINE('',#11997,#11998);
#8273=VERTEX_POINT('',#12000);
#8274=LINE('',#12001,#12002);
#8275=LINE('',#12004,#12005);
#8276=VERTEX_POINT('',#12007);
#8277=VERTEX_POINT('',#12008);
#8278=LINE('',#12009,#12010);
#8279=VERTEX_POINT('',#12012);
#8280=LINE('',#12013,#12014);
#8281=VERTEX_POINT('',#12016);
#8282=LINE('',#12017,#12018);
#8283=LINE('',#12020,#12021);
#8284=LINE('',#12023,#12024);
#8285=VERTEX_POINT('',#12026);
#8286=LINE('',#12027,#12028);
#8287=LINE('',#12030,#12031);
#8288=LINE('',#12033,#12034);
#8289=LINE('',#12036,#12037);
#8290=LINE('',#12039,#12040);
#8291=VERTEX_POINT('',#12042);
#8292=VERTEX_POINT('',#12043);
#8293=LINE('',#12044,#12045);
#8294=VERTEX_POINT('',#12047);
#8295=LINE('',#12048,#12049);
#8296=VERTEX_POINT('',#12051);
#8297=LINE('',#12052,#12053);
#8298=LINE('',#12055,#12056);
#8299=VERTEX_POINT('',#12058);
#8300=LINE('',#12059,#12060);
#8301=VERTEX_POINT('',#12062);
#8302=LINE('',#12063,#12064);
#8303=LINE('',#12066,#12067);
#8304=VERTEX_POINT('',#12069);
#8305=LINE('',#12070,#12071);
#8306=LINE('',#12073,#12074);
#8307=VERTEX_POINT('',#12076);
#8308=VERTEX_POINT('',#12077);
#8309=LINE('',#12078,#12079);
#8310=VERTEX_POINT('',#12081);
#8311=LINE('',#12082,#12083);
#8312=VERTEX_POINT('',#12085);
#8313=LINE('',#12086,#12087);
#8314=LINE('',#12089,#12090);
#8315=VERTEX_POINT('',#12092);
#8316=LINE('',#12093,#12094);
#8317=VERTEX_POINT('',#12096);
#8318=LINE('',#12097,#12098);
#8319=VERTEX_POINT('',#12100);
#8320=LINE('',#12101,#12102);
#8321=VERTEX_POINT('',#12104);
#8322=LINE('',#12105,#12106);
#8323=VERTEX_POINT('',#12108);
#8324=LINE('',#12109,#12110);
#8325=VERTEX_POINT('',#12112);
#8326=LINE('',#12113,#12114);
#8327=LINE('',#12116,#12117);
#8328=VERTEX_POINT('',#12119);
#8329=LINE('',#12120,#12121);
#8330=LINE('',#12123,#12124);
#8331=VERTEX_POINT('',#12126);
#8332=LINE('',#12127,#12128);
#8333=LINE('',#12130,#12131);
#8334=VERTEX_POINT('',#12133);
#8335=VERTEX_POINT('',#12134);
#8336=LINE('',#12135,#12136);
#8337=LINE('',#12138,#12139);
#8338=LINE('',#12141,#12142);
#8339=VERTEX_POINT('',#12144);
#8340=LINE('',#12145,#12146);
#8341=VERTEX_POINT('',#12148);
#8342=LINE('',#12149,#12150);
#8343=VERTEX_POINT('',#12152);
#8344=LINE('',#12153,#12154);
#8345=LINE('',#12156,#12157);
#8346=LINE('',#12159,#12160);
#8347=LINE('',#12162,#12163);
#8348=LINE('',#12165,#12166);
#8349=VERTEX_POINT('',#12168);
#8350=VERTEX_POINT('',#12169);
#8351=LINE('',#12170,#12171);
#8352=VERTEX_POINT('',#12173);
#8353=LINE('',#12174,#12175);
#8354=VERTEX_POINT('',#12177);
#8355=LINE('',#12178,#12179);
#8356=VERTEX_POINT('',#12181);
#8357=LINE('',#12182,#12183);
#8358=VERTEX_POINT('',#12185);
#8359=LINE('',#12186,#12187);
#8360=LINE('',#12189,#12190);
#8361=LINE('',#12192,#12193);
#8362=VERTEX_POINT('',#12195);
#8363=LINE('',#12196,#12197);
#8364=LINE('',#12199,#12200);
#8365=VERTEX_POINT('',#12202);
#8366=VERTEX_POINT('',#12203);
#8367=LINE('',#12204,#12205);
#8368=LINE('',#12207,#12208);
#8369=VERTEX_POINT('',#12210);
#8370=LINE('',#12211,#12212);
#8371=VERTEX_POINT('',#12214);
#8372=LINE('',#12215,#12216);
#8373=VERTEX_POINT('',#12218);
#8374=LINE('',#12219,#12220);
#8375=LINE('',#12222,#12223);
#8376=LINE('',#12225,#12226);
#8377=VERTEX_POINT('',#12228);
#8378=CIRCLE('',#12229,0.8);
#8379=VERTEX_POINT('',#12233);
#8380=LINE('',#12234,#12235);
#8381=VERTEX_POINT('',#12237);
#8382=LINE('',#12238,#12239);
#8383=CIRCLE('',#12241,1.5);
#8384=VERTEX_POINT('',#12245);
#8385=LINE('',#12246,#12247);
#8386=VERTEX_POINT('',#12249);
#8387=B_SPLINE_CURVE_WITH_KNOTS('',3,
(#12250,#12251,#12252,#12253,#12254,#12255,#12256,#12257,#12258,#12259,#12260,#12261,
#12262,#12263,#12264,#12265,#12266,#12267,#12268,#12269,#12270,#12271,#12272,#12273,
#12274,#12275,#12276,#12277,#12278,#12279,#12280,#12281,#12282,#12283,#12284,#12285,
#12286,#12287,#12288,#12289,#12290,#12291,#12292,#12293,#12294,#12295,#12296,#12297,
#12298,#12299,#12300,#12301,#12302,#12303,#12304,#12305,#12306,#12307,#12308,#12309,
#12310,#12311,#12312,#12313,#12314,#12315,#12316,#12317,#12318,#12319,#12320,#12321,
#12322,#12323,#12324,#12325,#12326,#12327,#12328,#12329,#12330,#12331,#12332,#12333,
#12334,#12335,#12336,#12337,#12338,#12339,#12340,#12341,#12342,#12343,#12344,#12345,
#12346,#12347,#12348,#12349,#12350,#12351),
.UNSPECIFIED.,.F.,.F.,
(4,1,1,1,1,1,1,1,1,1,1,1,1,1,1,1,1,1,1,1,1,1,1,1,1,1,1,1,1,1,1,1,1,1,1,1,1,1,1,1,
1,1,1,1,1,1,1,1,1,1,1,1,1,1,1,1,1,1,1,1,1,1,1,1,1,1,1,1,1,1,1,1,1,1,1,1,1,1,1,1,
1,1,1,1,1,1,1,1,1,1,1,1,1,1,1,1,1,1,1,4),
(0.,0.00624586366115838,0.0132387320900408,0.0187087240431736,0.020977281954181,
0.0302639121317647,0.0403484225835147,0.0560972950844063,0.0580953809159351,0.0840365855175774,
0.0846069175877934,0.102497701970928,0.121191487528663,0.121900471725697,0.149355662368244,
0.160449208519847,0.177709386475727,0.195444550369088,0.205773943075193,0.223760734620742,
0.241027446604722,0.249909450277353,0.273176692516032,0.278383517267229,0.296016514550797,
0.307917370727518,0.318637379809668,0.331172800224724,0.342523354184853,0.346551108424792,
0.357605972436923,0.367392045678115,0.367581268247732,0.376439517516281,0.382944513295979,
0.389386623938756,0.397842463066307,0.404692753873067,0.408451700218715,0.419112281662221,
0.427729212137247,0.434419085165716,0.441280361372032,0.441530286462212,0.448439600462268,
0.45572906964698,0.466069805882116,0.479518092318931,0.484837944499291,0.494616712580858,
0.499984688885658,0.508436018629976,0.525241224326873,0.54238572566979,0.550628243220039,
0.559850977221605,0.572132487156617,0.583352175362386,0.593507180238931,0.599202335519147,
0.603664573863805,0.613770966562533,0.623809097547339,0.627424405236465,0.633746877924843,
0.643615934851271,0.653267461425619,0.655888747796612,0.662732578770772,0.67191094388318,
0.676859378388901,0.680957892801538,0.689697909987191,0.698252177605229,0.700512609906864,
0.709270517168856,0.721467906664554,0.726409986400172,0.734841883618798,0.747499849634923,
0.754468050940202,0.763567949260618,0.785587125028453,0.785755732165363,0.811701001547013,
0.828223839438899,0.840496614913464,0.867902189038376,0.872289505175732,0.896349820742576,
0.911527321080467,0.933712599415877,0.942947726636822,0.961625429087069,0.964235734221306,
0.977887766679137,0.985436562944108,0.986054681331398,0.993423436908216,1.),
.UNSPECIFIED.);
#8388=LINE('',#12352,#12353);
#8389=VERTEX_POINT('',#12355);
#8390=LINE('',#12356,#12357);
#8391=VERTEX_POINT('',#12359);
#8392=LINE('',#12360,#12361);
#8393=VERTEX_POINT('',#12363);
#8394=B_SPLINE_CURVE_WITH_KNOTS('',3,
(#12364,#12365,#12366,#12367,#12368,#12369,#12370,#12371,#12372,#12373,#12374,#12375,
#12376,#12377,#12378,#12379,#12380,#12381,#12382,#12383,#12384,#12385,#12386,#12387,
#12388,#12389,#12390,#12391,#12392,#12393,#12394,#12395,#12396,#12397,#12398,#12399,
#12400,#12401,#12402,#12403,#12404,#12405,#12406,#12407,#12408,#12409,#12410,#12411,
#12412,#12413,#12414,#12415,#12416,#12417,#12418,#12419,#12420,#12421,#12422,#12423,
#12424,#12425,#12426,#12427,#12428,#12429,#12430,#12431,#12432,#12433,#12434,#12435,
#12436,#12437,#12438,#12439,#12440,#12441,#12442,#12443,#12444,#12445,#12446),
.UNSPECIFIED.,.F.,.F.,
(4,1,1,1,1,1,1,1,1,1,1,1,1,1,1,1,1,1,1,1,1,1,1,1,1,1,1,1,1,1,1,1,1,1,1,1,1,1,1,1,
1,1,1,1,1,1,1,1,1,1,1,1,1,1,1,1,1,1,1,1,1,1,1,1,1,1,1,1,1,1,1,1,1,1,1,1,1,1,1,1,
4),
(0.,0.0124782817837788,0.0187019435255033,0.0252977838014888,0.0384526960851691,
0.0523136428344163,0.0560887967655743,0.066534564742494,0.0840298938654917,0.0872553560023426,
0.102494284611568,0.114757417373319,0.121193243053862,0.149366686407108,0.153126321118163,
0.177729685984971,0.195885410193906,0.205802613895359,0.241065262479235,0.242104081958427,
0.273222449823528,0.278003428133829,0.296064159186737,0.303889865596902,0.318691557065631,
0.319824769324154,0.335484565016828,0.342586930893416,0.355638598052493,0.36744272425402,
0.375675586151365,0.395600159175281,0.40472935946846,0.410938215641487,0.426561685872272,
0.441542539761443,0.442707374494205,0.459092094229813,0.475947294318207,0.484864920822542,
0.493025481227844,0.500005267871536,0.510356087945314,0.527688716314874,0.544939802171662,
0.548984697785337,0.562101506034256,0.584603350482413,0.598001028810596,0.608000831810807,
0.623615827081111,0.632315302448015,0.646709676503114,0.658590967305981,0.670314697076765,
0.691223858745335,0.696285064795805,0.717635185012234,0.728169239315818,0.734099491232312,
0.756724884344679,0.763340640099207,0.782743922942333,0.800897505894569,0.802626223213226,
0.821733775177062,0.841539985650877,0.842103005926189,0.860828900944953,0.880613679186956,
0.885790337049621,0.901463357224132,0.918676526504239,0.922808302495249,0.934404489751191,
0.953126138434219,0.953280933295157,0.973624326772315,0.981293882019072,0.988975688458231,
1.),
.UNSPECIFIED.);
#8395=VERTEX_POINT('',#12447);
#8396=LINE('',#12448,#12449);
#8397=LINE('',#12451,#12452);
#8398=CIRCLE('',#12454,1.5);
#8399=VERTEX_POINT('',#12458);
#8400=LINE('',#12459,#12460);
#8401=VERTEX_POINT('',#12462);
#8402=LINE('',#12463,#12464);
#8403=CIRCLE('',#12466,1.5);
#8404=VERTEX_POINT('',#12470);
#8405=LINE('',#12471,#12472);
#8406=VERTEX_POINT('',#12474);
#8407=B_SPLINE_CURVE_WITH_KNOTS('',3,
(#12475,#12476,#12477,#12478,#12479,#12480,#12481,#12482,#12483,#12484,#12485,#12486,
#12487,#12488,#12489,#12490,#12491,#12492,#12493,#12494,#12495,#12496,#12497,#12498,
#12499,#12500,#12501,#12502,#12503,#12504,#12505,#12506,#12507,#12508,#12509,#12510,
#12511,#12512,#12513,#12514,#12515,#12516,#12517,#12518,#12519,#12520,#12521,#12522,
#12523,#12524,#12525,#12526,#12527,#12528,#12529,#12530,#12531,#12532,#12533,#12534,
#12535,#12536,#12537,#12538,#12539,#12540,#12541,#12542,#12543,#12544,#12545,#12546,
#12547,#12548,#12549,#12550,#12551,#12552,#12553,#12554,#12555,#12556,#12557,#12558,
#12559,#12560,#12561,#12562,#12563,#12564,#12565,#12566,#12567,#12568,#12569,#12570,
#12571,#12572,#12573,#12574,#12575,#12576),
.UNSPECIFIED.,.F.,.F.,
(4,1,1,1,1,1,1,1,1,1,1,1,1,1,1,1,1,1,1,1,1,1,1,1,1,1,1,1,1,1,1,1,1,1,1,1,1,1,1,1,
1,1,1,1,1,1,1,1,1,1,1,1,1,1,1,1,1,1,1,1,1,1,1,1,1,1,1,1,1,1,1,1,1,1,1,1,1,1,1,1,
1,1,1,1,1,1,1,1,1,1,1,1,1,1,1,1,1,1,1,4),
(0.,0.00624586366115841,0.0132387320900411,0.0187087240431736,0.0209772819541811,
0.0302639121317656,0.0403484225835153,0.0560972950844069,0.0580953809159361,0.0840365855175773,
0.0846069175877949,0.102497701970926,0.121191487528661,0.121900471725698,0.149355662368243,
0.160449208519845,0.177709386475725,0.195444550369088,0.205773943075194,0.223760734620742,
0.241027446604721,0.249909450277351,0.273176692516028,0.278383517267228,0.296016514550797,
0.307917370727519,0.318637379809668,0.331172800224727,0.342523354184852,0.346551108424791,
0.357605972436924,0.367392045678116,0.367581268247735,0.376439517516282,0.382944513295978,
0.389386623938755,0.397842463066308,0.404692753873069,0.408451700218718,0.419112281662224,
0.427729212137252,0.434419085165724,0.441280361372031,0.441530286462212,0.448439600462272,
0.455729069646976,0.466069805882112,0.47951809231893,0.484837944499293,0.494616712580855,
0.499984688885658,0.508436018629978,0.525241224326875,0.542385725669788,0.550628243220036,
0.559850977221602,0.572132487156614,0.583352175362378,0.593507180238923,0.59920233551914,
0.603664573863796,0.613770966562522,0.623809097547334,0.62742440523646,0.633746877924833,
0.643615934851261,0.653267461425609,0.655888747796604,0.662732578770758,0.671910943883168,
0.676859378388893,0.68095789280153,0.689697909987184,0.698252177605223,0.700512609906855,
0.709270517168845,0.721467906664543,0.726409986400163,0.734841883618788,0.747499849634913,
0.754468050940191,0.763567949260609,0.785587125028441,0.785755732165352,0.811701001546957,
0.828223839438884,0.840496614913466,0.867902189038364,0.872289505175721,0.89634982074256,
0.911527321080456,0.933712599415862,0.942947726636813,0.961625429087055,0.9642357342213,
0.977887766679134,0.985436562944101,0.986054681331396,0.993423436908216,1.),
.UNSPECIFIED.);
#8408=LINE('',#12577,#12578);
#8409=VERTEX_POINT('',#12580);
#8410=LINE('',#12581,#12582);
#8411=VERTEX_POINT('',#12584);
#8412=LINE('',#12585,#12586);
#8413=VERTEX_POINT('',#12588);
#8414=B_SPLINE_CURVE_WITH_KNOTS('',3,
(#12589,#12590,#12591,#12592,#12593,#12594,#12595,#12596,#12597,#12598,#12599,#12600,
#12601,#12602,#12603,#12604,#12605,#12606,#12607,#12608,#12609,#12610,#12611,#12612,
#12613,#12614,#12615,#12616,#12617,#12618,#12619,#12620,#12621,#12622,#12623,#12624,
#12625,#12626,#12627,#12628,#12629,#12630,#12631,#12632,#12633,#12634,#12635,#12636,
#12637,#12638,#12639,#12640,#12641,#12642,#12643,#12644,#12645,#12646,#12647,#12648,
#12649,#12650,#12651,#12652,#12653,#12654,#12655,#12656,#12657,#12658,#12659,#12660,
#12661,#12662,#12663,#12664,#12665,#12666,#12667,#12668,#12669,#12670,#12671,#12672,
#12673,#12674,#12675,#12676,#12677,#12678,#12679,#12680,#12681,#12682,#12683,#12684,
#12685,#12686,#12687,#12688,#12689,#12690,#12691,#12692,#12693,#12694,#12695,#12696,
#12697),
.UNSPECIFIED.,.F.,.F.,
(4,1,1,1,1,1,1,1,1,1,1,1,1,1,1,1,1,1,1,1,1,1,1,1,1,1,1,1,1,1,1,1,1,1,1,1,1,1,1,1,
1,1,1,1,1,1,1,1,1,1,1,1,1,1,1,1,1,1,1,1,1,1,1,1,1,1,1,1,1,1,1,1,1,1,1,1,1,1,1,1,
1,1,1,1,1,1,1,1,1,1,1,1,1,1,1,1,1,1,1,1,1,1,1,1,1,1,4),
(0.,0.00624197240186276,0.012510812924818,0.0187024417213154,0.0188058979766858,
0.0272858627961958,0.0358459919409981,0.0444915662307011,0.053325444147452,0.0560886940119029,
0.0637681670378848,0.0758075286972687,0.0840298324345053,0.0942977627241773,0.102494265505438,
0.121193139645621,0.123410934491266,0.149366221074314,0.162380294733652,0.177729562116522,
0.203205031128808,0.205803179097849,0.239221353842171,0.2410655356566,0.265414129139203,
0.273220523183331,0.282681173194312,0.293970673887133,0.296061877236312,0.305062810767042,
0.318692602234357,0.319254326109086,0.333088427699065,0.342591822946959,0.346589792158253,
0.35611078420146,0.365317123997885,0.367445478631627,0.374749107298167,0.384766279074279,
0.398697408810641,0.404720541841582,0.414495965688713,0.428910271813577,0.438584827859532,
0.441547345766844,0.445118675938189,0.451759263962052,0.458709683440689,0.46586875509299,
0.473331172039729,0.480891907039036,0.484855122128254,0.491558691306294,0.500001969898089,
0.505487572615008,0.51991076944408,0.531827025540607,0.541013890627301,0.548991604419995,
0.550220126663637,0.559501677334236,0.56883559202302,0.578249638011488,0.587694749180643,
0.597186760914014,0.597982054987947,0.606698319619216,0.616219736025642,0.62362259778917,
0.625730142239124,0.635166845164227,0.64456152788842,0.646719460960669,0.653840892304781,
0.663089816449966,0.670319545229712,0.677115774298547,0.696285233002754,0.697798202192389,
0.717633591883146,0.727035474314265,0.73409801019435,0.756724848473635,0.761341535794185,
0.78274460083951,0.799982943881978,0.802626791749642,0.82173400871278,0.841539884948227,
0.841732616440071,0.860828691185457,0.880613547468961,0.88293840027451,0.901463364144996,
0.915184902612373,0.918676526296285,0.934404509226321,0.937794322056625,0.95312620683148,
0.954800944971629,0.969261442674318,0.981203696352784,0.981293955429369,0.988191526494126,
0.994457271221093,1.),
.UNSPECIFIED.);
#8415=VERTEX_POINT('',#12698);
#8416=LINE('',#12699,#12700);
#8417=LINE('',#12702,#12703);
#8418=CIRCLE('',#12705,1.5);
#8419=LINE('',#12709,#12710);
#8420=LINE('',#12712,#12713);
#8421=LINE('',#12715,#12716);
#8422=LINE('',#12718,#12719);
#8423=LINE('',#12721,#12722);
#8424=LINE('',#12724,#12725);
#8425=LINE('',#12727,#12728);
#8426=LINE('',#12730,#12731);
#8427=LINE('',#12733,#12734);
#8428=LINE('',#12736,#12737);
#8429=LINE('',#12739,#12740);
#8430=LINE('',#12742,#12743);
#8431=LINE('',#12745,#12746);
#8432=LINE('',#12748,#12749);
#8433=LINE('',#12751,#12752);
#8434=LINE('',#12754,#12755);
#8435=LINE('',#12757,#12758);
#8436=LINE('',#12760,#12761);
#8437=LINE('',#12763,#12764);
#8438=LINE('',#12766,#12767);
#8439=LINE('',#12769,#12770);
#8440=LINE('',#12772,#12773);
#8441=LINE('',#12775,#12776);
#8442=LINE('',#12778,#12779);
#8443=LINE('',#12781,#12782);
#8444=LINE('',#12784,#12785);
#8445=LINE('',#12787,#12788);
#8446=LINE('',#12790,#12791);
#8447=LINE('',#12793,#12794);
#8448=LINE('',#12796,#12797);
#8449=LINE('',#12799,#12800);
#8450=LINE('',#12802,#12803);
#8451=LINE('',#12805,#12806);
#8452=LINE('',#12808,#12809);
#8453=LINE('',#12811,#12812);
#8454=LINE('',#12814,#12815);
#8455=LINE('',#12817,#12818);
#8456=LINE('',#12820,#12821);
#8457=LINE('',#12823,#12824);
#8458=LINE('',#12826,#12827);
#8459=LINE('',#12829,#12830);
#8460=LINE('',#12832,#12833);
#8461=LINE('',#12835,#12836);
#8462=LINE('',#12838,#12839);
#8463=LINE('',#12841,#12842);
#8464=LINE('',#12844,#12845);
#8465=LINE('',#12847,#12848);
#8466=LINE('',#12850,#12851);
#8467=LINE('',#12853,#12854);
#8468=LINE('',#12856,#12857);
#8469=LINE('',#12859,#12860);
#8470=LINE('',#12862,#12863);
#8471=LINE('',#12865,#12866);
#8472=LINE('',#12868,#12869);
#8473=LINE('',#12871,#12872);
#8474=LINE('',#12874,#12875);
#8475=LINE('',#12877,#12878);
#8476=LINE('',#12880,#12881);
#8477=LINE('',#12883,#12884);
#8478=LINE('',#12886,#12887);
#8479=LINE('',#12889,#12890);
#8480=LINE('',#12892,#12893);
#8481=LINE('',#12895,#12896);
#8482=LINE('',#12898,#12899);
#8483=LINE('',#12901,#12902);
#8484=LINE('',#12904,#12905);
#8485=LINE('',#12907,#12908);
#8486=LINE('',#12910,#12911);
#8487=LINE('',#12913,#12914);
#8488=LINE('',#12916,#12917);
#8489=LINE('',#12919,#12920);
#8490=LINE('',#12922,#12923);
#8491=LINE('',#12925,#12926);
#8492=LINE('',#12928,#12929);
#8493=LINE('',#12931,#12932);
#8494=LINE('',#12934,#12935);
#8495=LINE('',#12937,#12938);
#8496=LINE('',#12940,#12941);
#8497=LINE('',#12943,#12944);
#8498=LINE('',#12946,#12947);
#8499=VERTEX_POINT('',#12949);
#8500=CIRCLE('',#12950,0.299999999999997);
#8501=CIRCLE('',#12954,1.85);
#8502=CIRCLE('',#12958,1.85);
#8503=CIRCLE('',#12962,1.85);
#8504=CIRCLE('',#12966,1.85);
#8505=CARTESIAN_POINT('',(1.5,-0.4,0.8));
#8506=CARTESIAN_POINT('',(-1.5,-0.4,0.8));
#8507=CARTESIAN_POINT('',(1.5,-0.4,0.8));
#8508=VECTOR('',#8509,1.);
#8509=DIRECTION('',(-1.,0.,1.48029736616688E-16));
#8510=CARTESIAN_POINT('',(1.5,-0.4,1.));
#8511=CARTESIAN_POINT('',(1.5,-0.4,1.));
#8512=VECTOR('',#8513,1.);
#8513=DIRECTION('',(0.,0.,-1.));
#8514=CARTESIAN_POINT('',(3.2,-0.4,1.));
#8515=CARTESIAN_POINT('',(3.2,-0.4,1.));
#8516=VECTOR('',#8517,1.);
#8517=DIRECTION('',(-1.,0.,0.));
#8518=CARTESIAN_POINT('',(3.2,-0.4,13.8));
#8519=CARTESIAN_POINT('',(3.2,-0.4,13.8));
#8520=VECTOR('',#8521,1.);
#8521=DIRECTION('',(6.93889390390723E-17,0.,-1.));
#8522=CARTESIAN_POINT('',(-3.2,-0.4,13.8));
#8523=CARTESIAN_POINT('',(3.2,-0.4,13.8));
#8524=VECTOR('',#8525,1.);
#8525=DIRECTION('',(-1.,0.,0.));
#8526=CARTESIAN_POINT('',(-3.2,-0.4,1.));
#8527=CARTESIAN_POINT('',(-3.2,-0.4,1.));
#8528=VECTOR('',#8529,1.);
#8529=DIRECTION('',(-6.93889390390723E-17,0.,1.));
#8530=CARTESIAN_POINT('',(-1.5,-0.4,1.));
#8531=CARTESIAN_POINT('',(-1.5,-0.4,1.));
#8532=VECTOR('',#8533,1.);
#8533=DIRECTION('',(-1.,0.,0.));
#8534=CARTESIAN_POINT('',(-1.5,-0.4,0.8));
#8535=VECTOR('',#8536,1.);
#8536=DIRECTION('',(0.,0.,1.));
#8537=CARTESIAN_POINT('',(-1.5,0.,0.8));
#8538=CARTESIAN_POINT('',(-1.5,0.,0.8));
#8539=VECTOR('',#8540,1.);
#8540=DIRECTION('',(0.,-1.,0.));
#8541=CARTESIAN_POINT('',(-1.5,0.,1.));
#8542=CARTESIAN_POINT('',(-1.5,-0.4,1.));
#8543=VECTOR('',#8544,1.);
#8544=DIRECTION('',(0.,1.,0.));
#8545=CARTESIAN_POINT('',(-1.5,0.,0.8));
#8546=VECTOR('',#8547,1.);
#8547=DIRECTION('',(0.,0.,1.));
#8548=CARTESIAN_POINT('',(-3.2,0.,1.));
#8549=CARTESIAN_POINT('',(-3.2,-0.4,1.));
#8550=VECTOR('',#8551,1.);
#8551=DIRECTION('',(0.,1.,0.));
#8552=CARTESIAN_POINT('',(-1.5,0.,1.));
#8553=VECTOR('',#8554,1.);
#8554=DIRECTION('',(-1.,0.,0.));
#8555=CARTESIAN_POINT('',(-3.2,0.,13.8));
#8556=CARTESIAN_POINT('',(-3.2,-5.55111512312578E-17,13.8));
#8557=VECTOR('',#8558,1.);
#8558=DIRECTION('',(-1.11022302462516E-15,-1.,0.));
#8559=CARTESIAN_POINT('',(-3.2,0.,1.));
#8560=VECTOR('',#8561,1.);
#8561=DIRECTION('',(-6.93889390390723E-17,0.,1.));
#8562=CARTESIAN_POINT('',(3.2,2.89747745533604,14.3814342436536));
#8563=CARTESIAN_POINT('',(-3.2,2.89747745533604,14.3814342436536));
#8564=CARTESIAN_POINT('',(3.2,2.89747745533604,14.3814342436536));
#8565=VECTOR('',#8566,1.);
#8566=DIRECTION('',(-1.,0.,0.));
#8567=AXIS2_PLACEMENT_3D('',#8568,#8569,#8570);
#8568=CARTESIAN_POINT('',(-3.2,1.3,13.8));
#8569=DIRECTION('',(-1.,1.11022302462516E-15,0.));
#8570=DIRECTION('',(-1.11022302462516E-15,-1.,0.));
#8571=AXIS2_PLACEMENT_3D('',#8572,#8573,#8574);
#8572=CARTESIAN_POINT('',(3.2,1.29999999999999,13.8));
#8573=DIRECTION('',(1.,-2.22044604925031E-15,1.22329026210133E-16));
#8574=DIRECTION('',(2.04469777625647E-15,0.939692620785909,0.342020143325666));
#8575=CARTESIAN_POINT('',(3.2,0.,13.8));
#8576=CARTESIAN_POINT('',(3.2,0.,13.8));
#8577=VECTOR('',#8578,1.);
#8578=DIRECTION('',(-1.11022302462516E-15,-1.,0.));
#8579=CARTESIAN_POINT('',(3.2,0.,1.));
#8580=CARTESIAN_POINT('',(3.2,-0.4,1.));
#8581=VECTOR('',#8582,1.);
#8582=DIRECTION('',(0.,1.,0.));
#8583=CARTESIAN_POINT('',(3.2,0.,13.8));
#8584=VECTOR('',#8585,1.);
#8585=DIRECTION('',(6.93889390390723E-17,0.,-1.));
#8586=CARTESIAN_POINT('',(1.5,0.,1.));
#8587=CARTESIAN_POINT('',(1.5,-0.4,1.));
#8588=VECTOR('',#8589,1.);
#8589=DIRECTION('',(0.,1.,0.));
#8590=CARTESIAN_POINT('',(3.2,0.,1.));
#8591=VECTOR('',#8592,1.);
#8592=DIRECTION('',(-1.,0.,0.));
#8593=CARTESIAN_POINT('',(1.5,0.,0.8));
#8594=CARTESIAN_POINT('',(1.5,0.,0.8));
#8595=VECTOR('',#8596,1.);
#8596=DIRECTION('',(0.,-1.,0.));
#8597=CARTESIAN_POINT('',(1.5,0.,1.));
#8598=VECTOR('',#8599,1.);
#8599=DIRECTION('',(0.,0.,-1.));
#8600=CARTESIAN_POINT('',(1.5,-0.8,0.4));
#8601=CARTESIAN_POINT('',(-1.5,-0.8,0.4));
#8602=CARTESIAN_POINT('',(1.5,-0.8,0.4));
#8603=VECTOR('',#8604,1.);
#8604=DIRECTION('',(-1.,0.,1.11022302462516E-16));
#8605=AXIS2_PLACEMENT_3D('',#8606,#8607,#8608);
#8606=CARTESIAN_POINT('',(1.5,-0.8,0.8));
#8607=DIRECTION('',(-1.,6.72719275131411E-32,-2.42372662144542E-16));
#8608=DIRECTION('',(6.72719275131411E-32,1.,1.63048761589546E-47));
#8609=AXIS2_PLACEMENT_3D('',#8610,#8611,#8612);
#8610=CARTESIAN_POINT('',(-1.5,-0.8,0.8));
#8611=DIRECTION('',(1.,-1.82285242014726E-32,6.5675179841013E-17));
#8612=DIRECTION('',(6.5675179841013E-17,-1.19716160516797E-48,-1.));
#8613=CARTESIAN_POINT('',(1.5,0.,0.8));
#8614=VECTOR('',#8615,1.);
#8615=DIRECTION('',(-1.,0.,1.48029736616688E-16));
#8616=CARTESIAN_POINT('',(3.2,0.,13.8));
#8617=VECTOR('',#8618,1.);
#8618=DIRECTION('',(-1.,0.,0.));
#8619=CARTESIAN_POINT('',(-3.2,2.52160040702168,14.2446261863234));
#8620=CARTESIAN_POINT('',(-3.2,2.52160040702168,14.2446261863234));
#8621=VECTOR('',#8622,1.);
#8622=DIRECTION('',(0.,0.939692620785907,0.342020143325672));
#8623=AXIS2_PLACEMENT_3D('',#8624,#8625,#8626);
#8624=CARTESIAN_POINT('',(-3.2,1.30000000000001,13.8));
#8625=DIRECTION('',(-1.,1.11022302462516E-15,0.));
#8626=DIRECTION('',(-1.11022302462516E-15,-1.,0.));
#8627=CARTESIAN_POINT('',(3.2,2.52160040702168,14.2446261863234));
#8628=AXIS2_PLACEMENT_3D('',#8629,#8630,#8631);
#8629=CARTESIAN_POINT('',(3.2,1.3,13.8));
#8630=DIRECTION('',(1.,-2.22044604925031E-15,1.22329026210133E-16));
#8631=DIRECTION('',(2.04469777625646E-15,0.939692620785908,0.34202014332567));
#8632=CARTESIAN_POINT('',(3.2,2.52160040702168,14.2446261863234));
#8633=VECTOR('',#8634,1.);
#8634=DIRECTION('',(1.11022302462516E-15,0.939692620785907,0.342020143325672));
#8635=CARTESIAN_POINT('',(3.2,3.96557587777739,11.446857946241));
#8636=CARTESIAN_POINT('',(3.2,3.96557587777739,11.446857946241));
#8637=VECTOR('',#8638,1.);
#8638=DIRECTION('',(1.42203613460203E-16,-0.34202014332567,0.939692620785908));
#8639=CARTESIAN_POINT('',(-3.2,3.96557587777739,11.446857946241));
#8640=CARTESIAN_POINT('',(3.2,3.96557587777739,11.446857946241));
#8641=VECTOR('',#8642,1.);
#8642=DIRECTION('',(-1.,0.,0.));
#8643=CARTESIAN_POINT('',(-3.2,2.89747745533604,14.3814342436536));
#8644=VECTOR('',#8645,1.);
#8645=DIRECTION('',(0.,0.34202014332567,-0.939692620785908));
#8646=CARTESIAN_POINT('',(-1.5,-3.22035405699486,0.400000000000001));
#8647=CARTESIAN_POINT('',(-1.5,-3.22035405699486,0.400000000000001));
#8648=VECTOR('',#8649,1.);
#8649=DIRECTION('',(-2.75221640755392E-16,1.,-1.60545957107312E-16));
#8650=CARTESIAN_POINT('',(-3.2,-3.22035405699486,0.400000000000001));
#8651=CARTESIAN_POINT('',(-3.2,-3.22035405699486,0.400000000000001));
#8652=VECTOR('',#8653,1.);
#8653=DIRECTION('',(1.,2.61228946970625E-16,-9.79608551139844E-17));
#8654=CARTESIAN_POINT('',(-3.2,-7.72035405699486,0.400000000000002));
#8655=CARTESIAN_POINT('',(-3.2,-7.72035405699486,0.400000000000002));
#8656=VECTOR('',#8657,1.);
#8657=DIRECTION('',(-1.97372982155583E-16,1.,-1.60365548001411E-16));
#8658=CARTESIAN_POINT('',(3.2,-7.72035405699486,0.400000000000001));
#8659=CARTESIAN_POINT('',(3.2,-7.72035405699486,0.400000000000001));
#8660=VECTOR('',#8661,1.);
#8661=DIRECTION('',(-1.,-1.38777878078145E-16,1.12757025938492E-16));
#8662=CARTESIAN_POINT('',(3.2,-3.22035405699486,0.4));
#8663=CARTESIAN_POINT('',(3.2,-3.22035405699486,0.4));
#8664=VECTOR('',#8665,1.);
#8665=DIRECTION('',(1.97372982155583E-16,-1.,1.60365548001411E-16));
#8666=CARTESIAN_POINT('',(1.5,-3.22035405699486,0.4));
#8667=CARTESIAN_POINT('',(1.5,-3.22035405699486,0.4));
#8668=VECTOR('',#8669,1.);
#8669=DIRECTION('',(1.,2.61228946970625E-16,-9.79608551139844E-17));
#8670=CARTESIAN_POINT('',(1.5,-0.8,0.4));
#8671=VECTOR('',#8672,1.);
#8672=DIRECTION('',(3.66962187673856E-16,-1.,1.60545957107312E-16));
#8673=CARTESIAN_POINT('',(0.500000000000001,-6.32035405699486,0.400000000000001));
#8674=CARTESIAN_POINT('',(-0.499999999999999,-6.32035405699486,0.400000000000001));
#8675=AXIS2_PLACEMENT_3D('',#8676,#8677,#8678);
#8676=CARTESIAN_POINT('',(1.1378085266378E-15,-6.32035405699486,0.400000000000001));
#8677=DIRECTION('',(-1.11022302462516E-16,-1.60812264967664E-16,-1.));
#8678=DIRECTION('',(1.,-3.96432840353226E-48,-1.11022302462516E-16));
#8679=CARTESIAN_POINT('',(-0.499999999999999,-5.72035405699486,0.400000000000001));
#8680=CARTESIAN_POINT('',(-0.499999999999999,-6.32035405699486,0.400000000000001));
#8681=VECTOR('',#8682,1.);
#8682=DIRECTION('',(-2.77555756156289E-16,1.,-1.8503717077086E-16));
#8683=CARTESIAN_POINT('',(0.500000000000001,-5.72035405699486,0.400000000000001));
#8684=AXIS2_PLACEMENT_3D('',#8685,#8686,#8687);
#8685=CARTESIAN_POINT('',(1.03788845442154E-15,-5.72035405699486,0.400000000000001));
#8686=DIRECTION('',(-1.11022302462516E-16,-1.60812264967664E-16,-1.));
#8687=DIRECTION('',(-1.,-3.96432840353226E-48,1.11022302462516E-16));
#8688=CARTESIAN_POINT('',(0.500000000000001,-5.72035405699486,0.400000000000001));
#8689=VECTOR('',#8690,1.);
#8690=DIRECTION('',(1.8503717077086E-16,-1.,1.8503717077086E-16));
#8691=CARTESIAN_POINT('',(3.2,2.52160040702168,14.2446261863234));
#8692=VECTOR('',#8693,1.);
#8693=DIRECTION('',(-1.,0.,0.));
#8694=CARTESIAN_POINT('',(1.5,-0.8,-1.11022302462516E-16));
#8695=CARTESIAN_POINT('',(-1.5,-0.8,2.22044604925031E-16));
#8696=CARTESIAN_POINT('',(1.5,-0.8,-1.11022302462516E-16));
#8697=VECTOR('',#8698,1.);
#8698=DIRECTION('',(-1.,0.,1.11022302462516E-16));
#8699=AXIS2_PLACEMENT_3D('',#8700,#8701,#8702);
#8700=CARTESIAN_POINT('',(-1.5,-0.8,0.8));
#8701=DIRECTION('',(1.,-1.82285242014726E-32,6.5675179841013E-17));
#8702=DIRECTION('',(6.5675179841013E-17,-1.19716160516797E-48,-1.));
#8703=AXIS2_PLACEMENT_3D('',#8704,#8705,#8706);
#8704=CARTESIAN_POINT('',(1.5,-0.8,0.800000000000001));
#8705=DIRECTION('',(-1.,6.72719275131411E-32,-2.42372662144542E-16));
#8706=DIRECTION('',(4.03631565078846E-31,1.,-1.38777878078145E-15));
#8707=CARTESIAN_POINT('',(-1.5,-0.8,2.22044604925031E-16));
#8708=VECTOR('',#8709,1.);
#8709=DIRECTION('',(0.,2.77555756156289E-16,1.));
#8710=CARTESIAN_POINT('',(-1.5,-3.22035405699486,6.11267222854048E-16));
#8711=CARTESIAN_POINT('',(-1.5,-3.22035405699486,6.10944943198942E-16));
#8712=VECTOR('',#8713,1.);
#8713=DIRECTION('',(-2.75221640755392E-16,1.,-1.60679111037488E-16));
#8714=CARTESIAN_POINT('',(-1.5,-3.22035405699486,0.400000000000001));
#8715=VECTOR('',#8716,1.);
#8716=DIRECTION('',(0.,0.,-1.));
#8717=CARTESIAN_POINT('',(-3.2,3.58969882946302,11.3100498889107));
#8718=CARTESIAN_POINT('',(-3.2,3.58969882946302,11.3100498889107));
#8719=VECTOR('',#8720,1.);
#8720=DIRECTION('',(2.22044604925031E-15,0.939692620785907,0.342020143325672));
#8721=CARTESIAN_POINT('',(-3.2,2.52160040702168,14.2446261863234));
#8722=VECTOR('',#8723,1.);
#8723=DIRECTION('',(0.,0.34202014332567,-0.939692620785908));
#8724=CARTESIAN_POINT('',(3.2,3.58969882946302,11.3100498889107));
#8725=CARTESIAN_POINT('',(3.2,3.58969882946302,11.3100498889107));
#8726=VECTOR('',#8727,1.);
#8727=DIRECTION('',(1.42203613460203E-16,-0.34202014332567,0.939692620785908));
#8728=CARTESIAN_POINT('',(3.2,3.58969882946302,11.3100498889107));
#8729=VECTOR('',#8730,1.);
#8730=DIRECTION('',(3.33066907387547E-15,0.939692620785909,0.342020143325668));
#8731=CARTESIAN_POINT('',(3.2,4.04467878600556,11.0900477854317));
#8732=CARTESIAN_POINT('',(-3.2,4.04467878600556,11.0900477854318));
#8733=CARTESIAN_POINT('',(3.2,4.04467878600556,11.0900477854317));
#8734=VECTOR('',#8735,1.);
#8735=DIRECTION('',(-1.,0.,0.));
#8736=AXIS2_PLACEMENT_3D('',#8737,#8738,#8739);
#8737=CARTESIAN_POINT('',(-3.20000000000001,2.65000620867712,10.968029745585));
#8738=DIRECTION('',(-1.,5.21634191833436E-15,1.89859319002876E-15));
#8739=DIRECTION('',(5.55111512312578E-15,0.939692620785909,0.342020143325668));
#8740=AXIS2_PLACEMENT_3D('',#8741,#8742,#8743);
#8741=CARTESIAN_POINT('',(3.19999999999999,2.65000620867708,10.968029745585));
#8742=DIRECTION('',(1.,-5.21634191833436E-15,-1.89859319002877E-15));
#8743=DIRECTION('',(5.36196546213103E-15,0.996194698091745,0.087155742747668));
#8744=CARTESIAN_POINT('',(1.5,-0.8,-1.11022302462516E-16));
#8745=VECTOR('',#8746,1.);
#8746=DIRECTION('',(-5.55111512312578E-16,2.77555756156289E-16,1.));
#8747=CARTESIAN_POINT('',(1.5,-3.22035405699486,2.78200315466501E-16));
#8748=CARTESIAN_POINT('',(1.5,-3.22035405699486,0.4));
#8749=VECTOR('',#8750,1.);
#8750=DIRECTION('',(0.,0.,-1.));
#8751=CARTESIAN_POINT('',(1.5,-0.8,-1.11022302462516E-16));
#8752=VECTOR('',#8753,1.);
#8753=DIRECTION('',(3.66962187673856E-16,-1.,1.60679111037488E-16));
#8754=CARTESIAN_POINT('',(0.500000000000001,-6.32035405699486,8.87740639328774E-16));
#8755=CARTESIAN_POINT('',(0.500000000000001,-5.72035405699486,7.91253280348176E-16));
#8756=CARTESIAN_POINT('',(0.500000000000001,-5.72035405699486,7.84204698792893E-16));
#8757=VECTOR('',#8758,1.);
#8758=DIRECTION('',(3.70074341541719E-16,-1.,1.72924717869262E-16));
#8759=CARTESIAN_POINT('',(0.500000000000001,-6.32035405699486,0.400000000000001));
#8760=VECTOR('',#8761,1.);
#8761=DIRECTION('',(0.,0.,-1.));
#8762=CARTESIAN_POINT('',(0.500000000000001,-5.72035405699486,0.400000000000001));
#8763=VECTOR('',#8764,1.);
#8764=DIRECTION('',(0.,0.,-1.));
#8765=CARTESIAN_POINT('',(-0.499999999999999,-5.72035405699486,9.02275582810691E-16));
#8766=AXIS2_PLACEMENT_3D('',#8767,#8768,#8769);
#8767=CARTESIAN_POINT('',(9.93479533436531E-16,-5.72035405699486,8.46764431579434E-16));
#8768=DIRECTION('',(-1.11022302462516E-16,-1.60812264967664E-16,-1.));
#8769=DIRECTION('',(-1.,-3.96432840353226E-48,1.11022302462516E-16));
#8770=CARTESIAN_POINT('',(-0.499999999999999,-5.72035405699486,0.400000000000001));
#8771=VECTOR('',#8772,1.);
#8772=DIRECTION('',(0.,0.,-1.));
#8773=CARTESIAN_POINT('',(-0.499999999999999,-6.32035405699486,9.9876294179129E-16));
#8774=CARTESIAN_POINT('',(-0.499999999999999,-6.32035405699486,9.98981831976965E-16));
#8775=VECTOR('',#8776,1.);
#8776=DIRECTION('',(-2.77555756156289E-16,1.,-1.72924717869262E-16));
#8777=CARTESIAN_POINT('',(-0.499999999999999,-6.32035405699486,0.400000000000001));
#8778=VECTOR('',#8779,1.);
#8779=DIRECTION('',(0.,0.,-1.));
#8780=AXIS2_PLACEMENT_3D('',#8781,#8782,#8783);
#8781=CARTESIAN_POINT('',(1.0933996056528E-15,-6.32035405699486,9.43251790560032E-16));
#8782=DIRECTION('',(-1.11022302462516E-16,-1.60812264967664E-16,-1.));
#8783=DIRECTION('',(1.,-3.96432840353226E-48,-1.11022302462516E-16));
#8784=CARTESIAN_POINT('',(3.2,-3.22035405699486,8.94624012802243E-17));
#8785=CARTESIAN_POINT('',(3.2,-3.22035405699486,0.4));
#8786=VECTOR('',#8787,1.);
#8787=DIRECTION('',(0.,0.,-1.));
#8788=CARTESIAN_POINT('',(1.5,-3.22035405699486,2.77878035811395E-16));
#8789=VECTOR('',#8790,1.);
#8790=DIRECTION('',(1.,2.61228946970625E-16,-1.0449157878825E-16));
#8791=CARTESIAN_POINT('',(3.2,-7.72035405699486,8.13117593634711E-16));
#8792=CARTESIAN_POINT('',(3.2,-7.72035405699486,0.400000000000001));
#8793=VECTOR('',#8794,1.);
#8794=DIRECTION('',(0.,0.,-1.));
#8795=CARTESIAN_POINT('',(3.2,-3.22035405699486,1.0024235187137E-16));
#8796=VECTOR('',#8797,1.);
#8797=DIRECTION('',(9.86864910777917E-17,-1.,1.60588906484538E-16));
#8798=CARTESIAN_POINT('',(-3.2,-7.72035405699486,1.52366032939481E-15));
#8799=CARTESIAN_POINT('',(-3.2,-7.72035405699486,0.400000000000002));
#8800=VECTOR('',#8801,1.);
#8801=DIRECTION('',(0.,0.,-1.));
#8802=CARTESIAN_POINT('',(3.2,-7.72035405699486,8.22892431051789E-16));
#8803=VECTOR('',#8804,1.);
#8804=DIRECTION('',(-1.,-2.77555756156289E-16,1.11889664200504E-16));
#8805=CARTESIAN_POINT('',(-3.2,-3.22035405699486,8.00005137040325E-16));
#8806=CARTESIAN_POINT('',(-3.2,-3.22035405699486,0.400000000000001));
#8807=VECTOR('',#8808,1.);
#8808=DIRECTION('',(0.,0.,-1.));
#8809=CARTESIAN_POINT('',(-3.2,-7.72035405699486,1.51123070631939E-15));
#8810=VECTOR('',#8811,1.);
#8811=DIRECTION('',(-1.97372982155583E-16,1.,-1.60588906484538E-16));
#8812=CARTESIAN_POINT('',(-3.2,-3.22035405699486,7.88580627138967E-16));
#8813=VECTOR('',#8814,1.);
#8814=DIRECTION('',(1.,2.61228946970625E-16,-1.0449157878825E-16));
#8815=CARTESIAN_POINT('',(3.2,3.58969882946302,11.3100498889107));
#8816=VECTOR('',#8817,1.);
#8817=DIRECTION('',(-1.,0.,0.));
#8818=CARTESIAN_POINT('',(-3.2,3.64620090676886,11.0551854883327));
#8819=CARTESIAN_POINT('',(-3.2,3.64620090676886,11.0551854883327));
#8820=VECTOR('',#8821,1.);
#8821=DIRECTION('',(2.22044604925031E-15,0.996194698091745,0.0871557427476643));
#8822=AXIS2_PLACEMENT_3D('',#8823,#8824,#8825);
#8823=CARTESIAN_POINT('',(-3.20000000000001,2.65000620867715,10.968029745585));
#8824=DIRECTION('',(-1.,5.21634191833436E-15,1.89859319002876E-15));
#8825=DIRECTION('',(5.55111512312578E-15,0.939692620785909,0.342020143325667));
#8826=CARTESIAN_POINT('',(3.2,3.64620090676886,11.0551854883327));
#8827=AXIS2_PLACEMENT_3D('',#8828,#8829,#8830);
#8828=CARTESIAN_POINT('',(3.19999999999999,2.65000620867712,10.968029745585));
#8829=DIRECTION('',(1.,-5.21634191833436E-15,-1.89859319002877E-15));
#8830=DIRECTION('',(5.36196546213102E-15,0.996194698091746,0.0871557427476599));
#8831=CARTESIAN_POINT('',(3.2,3.64620090676886,11.0551854883327));
#8832=VECTOR('',#8833,1.);
#8833=DIRECTION('',(2.22044604925031E-15,0.996194698091745,0.0871557427476599));
#8834=CARTESIAN_POINT('',(3.2,4.32325579431273,7.90589801013408));
#8835=CARTESIAN_POINT('',(3.2,4.32325579431273,7.90589801013408));
#8836=VECTOR('',#8837,1.);
#8837=DIRECTION('',(0.,-0.0871557427476602,0.996194698091746));
#8838=CARTESIAN_POINT('',(-3.2,4.32325579431273,7.90589801013408));
#8839=CARTESIAN_POINT('',(3.2,4.32325579431273,7.90589801013408));
#8840=VECTOR('',#8841,1.);
#8841=DIRECTION('',(-1.,0.,0.));
#8842=CARTESIAN_POINT('',(-3.2,4.04467878600556,11.0900477854317));
#8843=VECTOR('',#8844,1.);
#8844=DIRECTION('',(-1.3893797325882E-16,0.0871557427476602,-0.996194698091746));
#8845=CARTESIAN_POINT('',(3.2,3.64620090676886,11.0551854883327));
#8846=VECTOR('',#8847,1.);
#8847=DIRECTION('',(-1.,0.,0.));
#8848=CARTESIAN_POINT('',(-3.2,3.92477791507603,7.87103571303501));
#8849=CARTESIAN_POINT('',(-3.2,3.92477791507603,7.87103571303502));
#8850=VECTOR('',#8851,1.);
#8851=DIRECTION('',(2.22044604925031E-15,0.996194698091746,0.0871557427476555));
#8852=CARTESIAN_POINT('',(-3.2,3.64620090676886,11.0551854883327));
#8853=VECTOR('',#8854,1.);
#8854=DIRECTION('',(-1.3893797325882E-16,0.0871557427476603,-0.996194698091746));
#8855=CARTESIAN_POINT('',(3.2,3.92477791507603,7.87103571303501));
#8856=CARTESIAN_POINT('',(3.2,3.92477791507603,7.87103571303502));
#8857=VECTOR('',#8858,1.);
#8858=DIRECTION('',(0.,-0.0871557427476603,0.996194698091746));
#8859=CARTESIAN_POINT('',(3.2,3.92477791507603,7.87103571303502));
#8860=VECTOR('',#8861,1.);
#8861=DIRECTION('',(1.11022302462516E-15,0.996194698091746,0.0871557427476556));
#8862=CARTESIAN_POINT('',(3.2,4.07539607898888,6.9808729593959));
#8863=CARTESIAN_POINT('',(-3.2,4.07539607898888,6.9808729593959));
#8864=CARTESIAN_POINT('',(3.2,4.07539607898888,6.98087295939589));
#8865=VECTOR('',#8866,1.);
#8866=DIRECTION('',(-1.,0.,0.));
#8867=AXIS2_PLACEMENT_3D('',#8868,#8869,#8870);
#8868=CARTESIAN_POINT('',(-3.20000000000001,2.92858321698429,7.78387997028736));
#8869=DIRECTION('',(-1.,3.31799487249289E-15,2.90286936980278E-16));
#8870=DIRECTION('',(3.33066907387547E-15,0.996194698091745,0.0871557427476599));
#8871=AXIS2_PLACEMENT_3D('',#8872,#8873,#8874);
#8872=CARTESIAN_POINT('',(3.19999999999999,2.92858321698427,7.78387997028735));
#8873=DIRECTION('',(1.,-3.31799487249289E-15,-2.90286936980288E-16));
#8874=DIRECTION('',(2.55144053591055E-15,0.819152044289,-0.573576436351035));
#8875=CARTESIAN_POINT('',(3.2,3.92477791507603,7.87103571303502));
#8876=VECTOR('',#8877,1.);
#8877=DIRECTION('',(-1.,0.,0.));
#8878=CARTESIAN_POINT('',(-3.2,3.74773526127328,7.21030353393631));
#8879=CARTESIAN_POINT('',(-3.2,3.74773526127328,7.21030353393632));
#8880=VECTOR('',#8881,1.);
#8881=DIRECTION('',(1.11022302462516E-15,0.81915204428899,-0.573576436351049));
#8882=AXIS2_PLACEMENT_3D('',#8883,#8884,#8885);
#8883=CARTESIAN_POINT('',(-3.20000000000001,2.92858321698431,7.78387997028736));
#8884=DIRECTION('',(-1.,3.31799487249289E-15,2.90286936980278E-16));
#8885=DIRECTION('',(3.33066907387547E-15,0.996194698091745,0.0871557427476636));
#8886=CARTESIAN_POINT('',(3.2,3.74773526127328,7.21030353393631));
#8887=AXIS2_PLACEMENT_3D('',#8888,#8889,#8890);
#8888=CARTESIAN_POINT('',(3.2,2.92858321698429,7.78387997028735));
#8889=DIRECTION('',(1.,-3.31799487249289E-15,-2.90286936980288E-16));
#8890=DIRECTION('',(2.55144053591054E-15,0.819152044288995,-0.573576436351041));
#8891=CARTESIAN_POINT('',(3.2,3.74773526127328,7.21030353393631));
#8892=VECTOR('',#8893,1.);
#8893=DIRECTION('',(2.22044604925031E-15,0.81915204428899,-0.573576436351049));
#8894=CARTESIAN_POINT('',(3.2,3.96632063857265,6.82509708658094));
#8895=CARTESIAN_POINT('',(3.2,3.96632063857265,6.82509708658094));
#8896=VECTOR('',#8897,1.);
#8897=DIRECTION('',(0.,0.573576436351047,0.819152044288991));
#8898=CARTESIAN_POINT('',(-3.2,3.96632063857265,6.82509708658094));
#8899=CARTESIAN_POINT('',(-3.2,3.96632063857265,6.82509708658094));
#8900=VECTOR('',#8901,1.);
#8901=DIRECTION('',(1.,0.,0.));
#8902=CARTESIAN_POINT('',(-3.2,4.07539607898888,6.9808729593959));
#8903=VECTOR('',#8904,1.);
#8904=DIRECTION('',(0.,-0.573576436351045,-0.819152044288992));
#8905=CARTESIAN_POINT('',(3.2,3.74773526127328,7.21030353393631));
#8906=VECTOR('',#8907,1.);
#8907=DIRECTION('',(-1.,0.,0.));
#8908=CARTESIAN_POINT('',(-3.2,3.63865982085705,7.05452766112136));
#8909=CARTESIAN_POINT('',(-3.2,3.96632063857265,6.82509708658094));
#8910=VECTOR('',#8911,1.);
#8911=DIRECTION('',(0.,-0.819152044288993,0.573576436351044));
#8912=CARTESIAN_POINT('',(-3.2,3.74773526127328,7.21030353393632));
#8913=VECTOR('',#8914,1.);
#8914=DIRECTION('',(0.,-0.573576436351045,-0.819152044288992));
#8915=CARTESIAN_POINT('',(3.2,3.63865982085705,7.05452766112136));
#8916=CARTESIAN_POINT('',(3.2,3.63865982085705,7.05452766112136));
#8917=VECTOR('',#8918,1.);
#8918=DIRECTION('',(0.,0.573576436351045,0.819152044288992));
#8919=CARTESIAN_POINT('',(3.2,3.96632063857265,6.82509708658094));
#8920=VECTOR('',#8921,1.);
#8921=DIRECTION('',(0.,-0.819152044288993,0.573576436351044));
#8922=CARTESIAN_POINT('',(-3.2,3.63865982085705,7.05452766112136));
#8923=VECTOR('',#8924,1.);
#8924=DIRECTION('',(1.,0.,0.));
#8925=CARTESIAN_POINT('',(-19.1651513899117,-31.6,7.00000000000002));
#8926=CARTESIAN_POINT('',(-20.8348486100883,-31.6,7.00000000000001));
#8927=CARTESIAN_POINT('',(-20.8348486100883,-31.6,7.));
#8928=VECTOR('',#8929,1.);
#8929=DIRECTION('',(1.,0.,-5.31939808587668E-16));
#8930=CARTESIAN_POINT('',(-20.8348486100883,-34.5,7.));
#8931=CARTESIAN_POINT('',(-20.8348486100883,-31.6,7.00000000000001));
#8932=VECTOR('',#8933,1.);
#8933=DIRECTION('',(0.,-1.,0.));
#8934=CARTESIAN_POINT('',(-19.1651513899117,-34.5,7.00000000000001));
#8935=CARTESIAN_POINT('',(-20.8348486100883,-34.5,7.));
#8936=VECTOR('',#8937,1.);
#8937=DIRECTION('',(1.,0.,0.));
#8938=CARTESIAN_POINT('',(-19.1651513899117,-31.6,7.00000000000002));
#8939=VECTOR('',#8940,1.);
#8940=DIRECTION('',(0.,-1.,0.));
#8941=CARTESIAN_POINT('',(-20.8348486100883,-23.6,7.00000000000001));
#8942=CARTESIAN_POINT('',(-19.1651513899117,-23.6,7.00000000000002));
#8943=CARTESIAN_POINT('',(-19.1651513899117,-23.6,7.));
#8944=VECTOR('',#8945,1.);
#8945=DIRECTION('',(-1.,0.,-5.31939808587668E-16));
#8946=CARTESIAN_POINT('',(-19.1651513899117,-4.5,7.));
#8947=CARTESIAN_POINT('',(-19.1651513899117,-4.5,7.00000000000002));
#8948=VECTOR('',#8949,1.);
#8949=DIRECTION('',(3.7201190353932E-16,-1.,0.));
#8950=CARTESIAN_POINT('',(-20.8348486100883,-4.5,7.));
#8951=CARTESIAN_POINT('',(-19.1651513899117,-4.5,7.));
#8952=VECTOR('',#8953,1.);
#8953=DIRECTION('',(-1.,0.,-5.3193980858767E-16));
#8954=CARTESIAN_POINT('',(-20.8348486100883,-4.5,7.00000000000001));
#8955=VECTOR('',#8956,1.);
#8956=DIRECTION('',(0.,-1.,0.));
#8957=CARTESIAN_POINT('',(20.8348486100884,-31.6,7.00000000000001));
#8958=CARTESIAN_POINT('',(19.1651513899117,-31.6,7.00000000000001));
#8959=CARTESIAN_POINT('',(19.1651513899117,-31.6,7.00000000000001));
#8960=VECTOR('',#8961,1.);
#8961=DIRECTION('',(1.,0.,0.));
#8962=CARTESIAN_POINT('',(19.1651513899117,-34.5,7.00000000000001));
#8963=CARTESIAN_POINT('',(19.1651513899117,-31.6,7.00000000000001));
#8964=VECTOR('',#8965,1.);
#8965=DIRECTION('',(1.225073682345E-15,-1.,0.));
#8966=CARTESIAN_POINT('',(20.8348486100884,-34.5,7.00000000000001));
#8967=CARTESIAN_POINT('',(19.1651513899117,-34.5,7.00000000000001));
#8968=VECTOR('',#8969,1.);
#8969=DIRECTION('',(1.,0.,5.31939808587658E-16));
#8970=CARTESIAN_POINT('',(20.8348486100884,-31.6,7.00000000000001));
#8971=VECTOR('',#8972,1.);
#8972=DIRECTION('',(0.,-1.,0.));
#8973=CARTESIAN_POINT('',(19.1651513899117,-23.6,7.00000000000001));
#8974=CARTESIAN_POINT('',(20.8348486100884,-23.6,7.00000000000001));
#8975=CARTESIAN_POINT('',(20.8348486100884,-23.6,7.00000000000001));
#8976=VECTOR('',#8977,1.);
#8977=DIRECTION('',(-1.,0.,5.31939808587654E-16));
#8978=CARTESIAN_POINT('',(20.8348486100884,-4.5,7.00000000000001));
#8979=CARTESIAN_POINT('',(20.8348486100884,-4.5,7.00000000000001));
#8980=VECTOR('',#8981,1.);
#8981=DIRECTION('',(1.8600595176966E-16,-1.,0.));
#8982=CARTESIAN_POINT('',(19.1651513899117,-4.5,7.00000000000001));
#8983=CARTESIAN_POINT('',(20.8348486100884,-4.5,7.00000000000001));
#8984=VECTOR('',#8985,1.);
#8985=DIRECTION('',(-1.,0.,-5.31939808587657E-16));
#8986=CARTESIAN_POINT('',(19.1651513899117,-4.5,7.00000000000001));
#8987=VECTOR('',#8988,1.);
#8988=DIRECTION('',(0.,-1.,0.));
#8989=CARTESIAN_POINT('',(19.1651513899117,31.6,7.00000000000001));
#8990=CARTESIAN_POINT('',(20.8348486100884,31.6,7.00000000000001));
#8991=CARTESIAN_POINT('',(20.8348486100884,31.6,7.00000000000001));
#8992=VECTOR('',#8993,1.);
#8993=DIRECTION('',(-1.,0.,5.31939808587657E-16));
#8994=CARTESIAN_POINT('',(20.8348486100884,34.5,7.00000000000001));
#8995=CARTESIAN_POINT('',(20.8348486100884,34.5,7.00000000000001));
#8996=VECTOR('',#8997,1.);
#8997=DIRECTION('',(1.225073682345E-15,-1.,0.));
#8998=CARTESIAN_POINT('',(19.1651513899117,34.5,7.00000000000001));
#8999=CARTESIAN_POINT('',(20.8348486100884,34.5,7.00000000000001));
#9000=VECTOR('',#9001,1.);
#9001=DIRECTION('',(-1.,0.,0.));
#9002=CARTESIAN_POINT('',(19.1651513899117,34.5,7.00000000000001));
#9003=VECTOR('',#9004,1.);
#9004=DIRECTION('',(0.,-1.,0.));
#9005=CARTESIAN_POINT('',(20.8348486100884,23.6,7.00000000000001));
#9006=CARTESIAN_POINT('',(19.1651513899117,23.6,7.00000000000001));
#9007=CARTESIAN_POINT('',(19.1651513899117,23.6,7.00000000000001));
#9008=VECTOR('',#9009,1.);
#9009=DIRECTION('',(1.,0.,0.));
#9010=CARTESIAN_POINT('',(19.1651513899117,4.5,7.00000000000001));
#9011=CARTESIAN_POINT('',(19.1651513899117,23.6,7.00000000000001));
#9012=VECTOR('',#9013,1.);
#9013=DIRECTION('',(1.8600595176966E-16,-1.,0.));
#9014=CARTESIAN_POINT('',(20.8348486100884,4.5,7.00000000000001));
#9015=CARTESIAN_POINT('',(19.1651513899117,4.5,7.00000000000001));
#9016=VECTOR('',#9017,1.);
#9017=DIRECTION('',(1.,0.,5.31939808587657E-16));
#9018=CARTESIAN_POINT('',(20.8348486100884,23.6,7.00000000000001));
#9019=VECTOR('',#9020,1.);
#9020=DIRECTION('',(0.,-1.,0.));
#9021=CARTESIAN_POINT('',(-20.8348486100883,31.6,7.00000000000001));
#9022=CARTESIAN_POINT('',(-19.1651513899117,31.6,7.00000000000002));
#9023=CARTESIAN_POINT('',(-19.1651513899117,31.6,7.));
#9024=VECTOR('',#9025,1.);
#9025=DIRECTION('',(-1.,0.,-5.31939808587668E-16));
#9026=CARTESIAN_POINT('',(-19.1651513899117,34.5,7.00000000000001));
#9027=CARTESIAN_POINT('',(-19.1651513899117,34.5,7.00000000000002));
#9028=VECTOR('',#9029,1.);
#9029=DIRECTION('',(1.225073682345E-15,-1.,0.));
#9030=CARTESIAN_POINT('',(-20.8348486100883,34.5,7.));
#9031=CARTESIAN_POINT('',(-19.1651513899117,34.5,7.));
#9032=VECTOR('',#9033,1.);
#9033=DIRECTION('',(-1.,0.,-5.31939808587669E-16));
#9034=CARTESIAN_POINT('',(-20.8348486100883,34.5,7.00000000000001));
#9035=VECTOR('',#9036,1.);
#9036=DIRECTION('',(0.,-1.,-6.12536841172501E-16));
#9037=CARTESIAN_POINT('',(-19.1651513899117,23.6,7.00000000000002));
#9038=CARTESIAN_POINT('',(-20.8348486100883,23.6,7.00000000000001));
#9039=CARTESIAN_POINT('',(-20.8348486100883,23.6,7.));
#9040=VECTOR('',#9041,1.);
#9041=DIRECTION('',(1.,0.,-5.31939808587668E-16));
#9042=CARTESIAN_POINT('',(-20.8348486100883,4.5,7.));
#9043=CARTESIAN_POINT('',(-20.8348486100883,23.6,7.00000000000001));
#9044=VECTOR('',#9045,1.);
#9045=DIRECTION('',(3.72011903539319E-16,-1.,0.));
#9046=CARTESIAN_POINT('',(-19.1651513899117,4.5,7.));
#9047=CARTESIAN_POINT('',(-20.8348486100883,4.5,7.));
#9048=VECTOR('',#9049,1.);
#9049=DIRECTION('',(1.,0.,5.31939808587669E-16));
#9050=CARTESIAN_POINT('',(-19.1651513899117,23.6,7.00000000000002));
#9051=VECTOR('',#9052,1.);
#9052=DIRECTION('',(0.,-1.,0.));
#9053=CARTESIAN_POINT('',(-23.9,31.6,2.21714341758676));
#9054=AXIS2_PLACEMENT_3D('',#9055,#9056,#9057);
#9055=CARTESIAN_POINT('',(-30.,31.6,9.5));
#9056=DIRECTION('',(0.,-1.,0.));
#9057=DIRECTION('',(0.642105263157896,0.,-0.766616482359288));
#9058=CARTESIAN_POINT('',(-39.1651513899117,34.5,7.));
#9059=AXIS2_PLACEMENT_3D('',#9060,#9061,#9062);
#9060=CARTESIAN_POINT('',(-30.,34.5,9.5));
#9061=DIRECTION('',(1.22464679914735E-16,-1.,0.));
#9062=DIRECTION('',(-0.96475277788544,-1.18148140140592E-16,-0.263157894736842));
#9063=CARTESIAN_POINT('',(-39.1651513899117,24.,7.));
#9064=CARTESIAN_POINT('',(-39.1651513899117,34.5,7.00000000000001));
#9065=VECTOR('',#9066,1.);
#9066=DIRECTION('',(0.,-1.,0.));
#9067=CARTESIAN_POINT('',(-38.3666002653408,24.,14.));
#9068=AXIS2_PLACEMENT_3D('',#9069,#9070,#9071);
#9069=CARTESIAN_POINT('',(-30.,24.,9.5));
#9070=DIRECTION('',(0.,-1.,0.));
#9071=DIRECTION('',(-0.880694764772711,0.,0.473684210526316));
#9072=CARTESIAN_POINT('',(-38.3666002653408,15.,14.));
#9073=CARTESIAN_POINT('',(-38.3666002653408,24.,14.));
#9074=VECTOR('',#9075,1.);
#9075=DIRECTION('',(0.,-1.,0.));
#9076=CARTESIAN_POINT('',(-39.1651513899117,15.,7.));
#9077=AXIS2_PLACEMENT_3D('',#9078,#9079,#9080);
#9078=CARTESIAN_POINT('',(-30.,15.,9.5));
#9079=DIRECTION('',(0.,-1.,0.));
#9080=DIRECTION('',(-0.880694764772711,0.,0.473684210526316));
#9081=CARTESIAN_POINT('',(-39.1651513899117,-15.,7.));
#9082=CARTESIAN_POINT('',(-39.1651513899117,15.,7.00000000000001));
#9083=VECTOR('',#9084,1.);
#9084=DIRECTION('',(4.736951571734E-16,-1.,0.));
#9085=CARTESIAN_POINT('',(-38.3666002653408,-15.,14.));
#9086=AXIS2_PLACEMENT_3D('',#9087,#9088,#9089);
#9087=CARTESIAN_POINT('',(-30.,-15.,9.5));
#9088=DIRECTION('',(0.,-1.,0.));
#9089=DIRECTION('',(-0.880694764772711,0.,0.473684210526316));
#9090=CARTESIAN_POINT('',(-38.3666002653408,-24.,14.));
#9091=CARTESIAN_POINT('',(-38.3666002653408,-15.,14.));
#9092=VECTOR('',#9093,1.);
#9093=DIRECTION('',(0.,-1.,0.));
#9094=CARTESIAN_POINT('',(-39.1651513899117,-24.,7.));
#9095=AXIS2_PLACEMENT_3D('',#9096,#9097,#9098);
#9096=CARTESIAN_POINT('',(-30.,-24.,9.5));
#9097=DIRECTION('',(0.,-1.,0.));
#9098=DIRECTION('',(-0.880694764772711,0.,0.473684210526316));
#9099=CARTESIAN_POINT('',(-39.1651513899117,-34.5,7.));
#9100=CARTESIAN_POINT('',(-39.1651513899117,-24.,7.00000000000001));
#9101=VECTOR('',#9102,1.);
#9102=DIRECTION('',(0.,-1.,0.));
#9103=AXIS2_PLACEMENT_3D('',#9104,#9105,#9106);
#9104=CARTESIAN_POINT('',(-30.,-34.5,9.5));
#9105=DIRECTION('',(1.22464679914735E-16,-1.,0.));
#9106=DIRECTION('',(-0.96475277788544,-1.18148140140592E-16,-0.263157894736842));
#9107=CARTESIAN_POINT('',(-23.9,-31.6,2.21714341758675));
#9108=AXIS2_PLACEMENT_3D('',#9109,#9110,#9111);
#9109=CARTESIAN_POINT('',(-30.,-31.6,9.5));
#9110=DIRECTION('',(0.,-1.,0.));
#9111=DIRECTION('',(0.642105263157895,0.,-0.76661648235929));
#9112=CARTESIAN_POINT('',(-23.9,-23.6,2.21714341758675));
#9113=CARTESIAN_POINT('',(-23.9,-23.6,2.21714341758675));
#9114=VECTOR('',#9115,1.);
#9115=DIRECTION('',(0.,-1.,0.));
#9116=AXIS2_PLACEMENT_3D('',#9117,#9118,#9119);
#9117=CARTESIAN_POINT('',(-30.,-23.6,9.5));
#9118=DIRECTION('',(0.,-1.,0.));
#9119=DIRECTION('',(0.642105263157895,0.,-0.76661648235929));
#9120=CARTESIAN_POINT('',(-20.5,-4.5,9.5));
#9121=AXIS2_PLACEMENT_3D('',#9122,#9123,#9124);
#9122=CARTESIAN_POINT('',(-30.,-4.5,9.5));
#9123=DIRECTION('',(0.,-1.,0.));
#9124=DIRECTION('',(0.96475277788544,0.,-0.263157894736842));
#9125=CARTESIAN_POINT('',(-20.5,4.5,9.5));
#9126=CARTESIAN_POINT('',(-20.5,4.49999999999999,9.49999999999999));
#9127=VECTOR('',#9128,1.);
#9128=DIRECTION('',(3.94745964311167E-16,-1.,0.));
#9129=AXIS2_PLACEMENT_3D('',#9130,#9131,#9132);
#9130=CARTESIAN_POINT('',(-30.,4.5,9.5));
#9131=DIRECTION('',(2.96059473233375E-16,-1.,0.));
#9132=DIRECTION('',(0.96475277788544,2.85624199221198E-16,-0.263157894736842));
#9133=CARTESIAN_POINT('',(-23.9,23.6,2.21714341758676));
#9134=AXIS2_PLACEMENT_3D('',#9135,#9136,#9137);
#9135=CARTESIAN_POINT('',(-30.,23.6,9.5));
#9136=DIRECTION('',(0.,-1.,0.));
#9137=DIRECTION('',(0.642105263157896,0.,-0.766616482359288));
#9138=CARTESIAN_POINT('',(-23.9,31.6,2.21714341758676));
#9139=VECTOR('',#9140,1.);
#9140=DIRECTION('',(0.,-1.,0.));
#9141=CARTESIAN_POINT('',(-34.,32.,0.883156030192957));
#9142=CARTESIAN_POINT('',(-30.,32.,-3.61332703812128E-15));
#9143=AXIS2_PLACEMENT_3D('',#9144,#9145,#9146);
#9144=CARTESIAN_POINT('',(-30.,32.,9.5));
#9145=DIRECTION('',(-8.88178419700127E-16,-1.,4.93038065763132E-32));
#9146=DIRECTION('',(-0.421052631578947,3.73969860926368E-16,-0.90703620734811));
#9147=CARTESIAN_POINT('',(-26.,32.,0.883156030192961));
#9148=AXIS2_PLACEMENT_3D('',#9149,#9150,#9151);
#9149=CARTESIAN_POINT('',(-30.,32.,9.5));
#9150=DIRECTION('',(-8.88178419700127E-16,-1.,4.93038065763132E-32));
#9151=DIRECTION('',(-4.37905770101506E-47,-4.93038065763132E-32,-1.));
#9152=CARTESIAN_POINT('',(-26.,-32.,0.883156030192954));
#9153=CARTESIAN_POINT('',(-26.,32.,0.883156030192954));
#9154=VECTOR('',#9155,1.);
#9155=DIRECTION('',(5.55111512312578E-17,-1.,0.));
#9156=CARTESIAN_POINT('',(-30.,-32.,-3.61332703812128E-15));
#9157=AXIS2_PLACEMENT_3D('',#9158,#9159,#9160);
#9158=CARTESIAN_POINT('',(-30.,-32.,9.5));
#9159=DIRECTION('',(0.,-1.,0.));
#9160=DIRECTION('',(0.,0.,-1.));
#9161=CARTESIAN_POINT('',(-34.,-32.,0.883156030192961));
#9162=AXIS2_PLACEMENT_3D('',#9163,#9164,#9165);
#9163=CARTESIAN_POINT('',(-30.,-32.,9.5));
#9164=DIRECTION('',(0.,-1.,0.));
#9165=DIRECTION('',(-0.421052631578949,0.,-0.907036207348109));
#9166=CARTESIAN_POINT('',(-34.,32.,0.883156030192974));
#9167=VECTOR('',#9168,1.);
#9168=DIRECTION('',(0.,-1.,0.));
#9169=CARTESIAN_POINT('',(23.9,31.6,2.21714341758677));
#9170=AXIS2_PLACEMENT_3D('',#9171,#9172,#9173);
#9171=CARTESIAN_POINT('',(30.,31.6,9.49999999999999));
#9172=DIRECTION('',(0.,-1.,0.));
#9173=DIRECTION('',(-0.964752777885441,0.,-0.26315789473684));
#9174=CARTESIAN_POINT('',(23.9,23.6,2.21714341758677));
#9175=CARTESIAN_POINT('',(23.9,31.6,2.21714341758677));
#9176=VECTOR('',#9177,1.);
#9177=DIRECTION('',(0.,-1.,0.));
#9178=AXIS2_PLACEMENT_3D('',#9179,#9180,#9181);
#9179=CARTESIAN_POINT('',(30.,23.6,9.49999999999999));
#9180=DIRECTION('',(0.,-1.,0.));
#9181=DIRECTION('',(-0.964752777885441,0.,-0.26315789473684));
#9182=CARTESIAN_POINT('',(20.5,4.5,9.5));
#9183=AXIS2_PLACEMENT_3D('',#9184,#9185,#9186);
#9184=CARTESIAN_POINT('',(30.,4.5,9.49999999999999));
#9185=DIRECTION('',(0.,-1.,0.));
#9186=DIRECTION('',(-1.,0.,1.30889451324229E-15));
#9187=CARTESIAN_POINT('',(20.5,-4.5,9.5));
#9188=CARTESIAN_POINT('',(20.5,4.5,9.5));
#9189=VECTOR('',#9190,1.);
#9190=DIRECTION('',(0.,-1.,0.));
#9191=AXIS2_PLACEMENT_3D('',#9192,#9193,#9194);
#9192=CARTESIAN_POINT('',(30.,-4.5,9.49999999999999));
#9193=DIRECTION('',(0.,-1.,0.));
#9194=DIRECTION('',(-1.,0.,1.30889451324229E-15));
#9195=CARTESIAN_POINT('',(23.9,-23.6,2.21714341758678));
#9196=AXIS2_PLACEMENT_3D('',#9197,#9198,#9199);
#9197=CARTESIAN_POINT('',(30.,-23.6,9.49999999999999));
#9198=DIRECTION('',(0.,-1.,0.));
#9199=DIRECTION('',(-0.964752777885441,0.,-0.26315789473684));
#9200=CARTESIAN_POINT('',(23.9,-31.6,2.21714341758678));
#9201=CARTESIAN_POINT('',(23.9,-23.6,2.21714341758678));
#9202=VECTOR('',#9203,1.);
#9203=DIRECTION('',(0.,-1.,0.));
#9204=AXIS2_PLACEMENT_3D('',#9205,#9206,#9207);
#9205=CARTESIAN_POINT('',(30.,-31.6,9.49999999999999));
#9206=DIRECTION('',(0.,-1.,0.));
#9207=DIRECTION('',(-0.964752777885441,0.,-0.26315789473684));
#9208=CARTESIAN_POINT('',(39.1651513899117,-34.5,7.00000000000001));
#9209=AXIS2_PLACEMENT_3D('',#9210,#9211,#9212);
#9210=CARTESIAN_POINT('',(30.,-34.5,9.49999999999999));
#9211=DIRECTION('',(1.22464679914735E-16,-1.,0.));
#9212=DIRECTION('',(-0.964752777885441,-1.18148140140592E-16,-0.26315789473684));
#9213=CARTESIAN_POINT('',(39.1651513899117,-24.,7.00000000000001));
#9214=CARTESIAN_POINT('',(39.1651513899117,-24.,7.00000000000001));
#9215=VECTOR('',#9216,1.);
#9216=DIRECTION('',(0.,-1.,0.));
#9217=CARTESIAN_POINT('',(38.3666002653408,-24.,14.));
#9218=AXIS2_PLACEMENT_3D('',#9219,#9220,#9221);
#9219=CARTESIAN_POINT('',(30.,-24.,9.49999999999999));
#9220=DIRECTION('',(0.,-1.,0.));
#9221=DIRECTION('',(0.964752777885441,0.,-0.26315789473684));
#9222=CARTESIAN_POINT('',(38.3666002653408,-15.,14.));
#9223=CARTESIAN_POINT('',(38.3666002653408,-15.,14.));
#9224=VECTOR('',#9225,1.);
#9225=DIRECTION('',(0.,-1.,0.));
#9226=CARTESIAN_POINT('',(39.1651513899117,-15.,7.00000000000001));
#9227=AXIS2_PLACEMENT_3D('',#9228,#9229,#9230);
#9228=CARTESIAN_POINT('',(30.,-15.,9.49999999999999));
#9229=DIRECTION('',(0.,-1.,0.));
#9230=DIRECTION('',(0.964752777885441,0.,-0.26315789473684));
#9231=CARTESIAN_POINT('',(39.1651513899117,15.,7.00000000000001));
#9232=CARTESIAN_POINT('',(39.1651513899117,15.,7.00000000000001));
#9233=VECTOR('',#9234,1.);
#9234=DIRECTION('',(2.368475785867E-16,-1.,0.));
#9235=CARTESIAN_POINT('',(38.3666002653408,15.,14.));
#9236=AXIS2_PLACEMENT_3D('',#9237,#9238,#9239);
#9237=CARTESIAN_POINT('',(30.,15.,9.49999999999999));
#9238=DIRECTION('',(0.,-1.,0.));
#9239=DIRECTION('',(0.964752777885441,0.,-0.26315789473684));
#9240=CARTESIAN_POINT('',(38.3666002653408,24.,14.));
#9241=CARTESIAN_POINT('',(38.3666002653408,24.,14.));
#9242=VECTOR('',#9243,1.);
#9243=DIRECTION('',(0.,-1.,0.));
#9244=CARTESIAN_POINT('',(39.1651513899117,24.,7.00000000000001));
#9245=AXIS2_PLACEMENT_3D('',#9246,#9247,#9248);
#9246=CARTESIAN_POINT('',(30.,24.,9.49999999999999));
#9247=DIRECTION('',(0.,-1.,0.));
#9248=DIRECTION('',(0.964752777885441,0.,-0.26315789473684));
#9249=CARTESIAN_POINT('',(39.1651513899117,34.5,7.00000000000001));
#9250=CARTESIAN_POINT('',(39.1651513899117,34.5,7.00000000000001));
#9251=VECTOR('',#9252,1.);
#9252=DIRECTION('',(0.,-1.,0.));
#9253=AXIS2_PLACEMENT_3D('',#9254,#9255,#9256);
#9254=CARTESIAN_POINT('',(30.,34.5,9.49999999999999));
#9255=DIRECTION('',(1.22464679914735E-16,-1.,0.));
#9256=DIRECTION('',(-0.964752777885441,-1.18148140140592E-16,-0.26315789473684));
#9257=CARTESIAN_POINT('',(26.,32.,0.883156030192968));
#9258=CARTESIAN_POINT('',(30.,32.,3.61332703812128E-15));
#9259=AXIS2_PLACEMENT_3D('',#9260,#9261,#9262);
#9260=CARTESIAN_POINT('',(30.,32.,9.49999999999999));
#9261=DIRECTION('',(0.,-1.,0.));
#9262=DIRECTION('',(-0.42105263157895,0.,-0.907036207348108));
#9263=CARTESIAN_POINT('',(34.,32.,0.88315603019295));
#9264=AXIS2_PLACEMENT_3D('',#9265,#9266,#9267);
#9265=CARTESIAN_POINT('',(30.,32.,9.49999999999999));
#9266=DIRECTION('',(0.,-1.,0.));
#9267=DIRECTION('',(-3.73969860926369E-16,0.,-1.));
#9268=CARTESIAN_POINT('',(34.,-32.,0.883156030192946));
#9269=CARTESIAN_POINT('',(34.,32.,0.883156030192946));
#9270=VECTOR('',#9271,1.);
#9271=DIRECTION('',(0.,-1.,0.));
#9272=CARTESIAN_POINT('',(30.,-32.,3.61332703812128E-15));
#9273=AXIS2_PLACEMENT_3D('',#9274,#9275,#9276);
#9274=CARTESIAN_POINT('',(30.,-32.,9.49999999999999));
#9275=DIRECTION('',(-8.88178419700125E-16,-1.,0.));
#9276=DIRECTION('',(-1.49587944370548E-15,1.32860784037223E-30,-1.));
#9277=CARTESIAN_POINT('',(26.,-32.,0.883156030192968));
#9278=AXIS2_PLACEMENT_3D('',#9279,#9280,#9281);
#9279=CARTESIAN_POINT('',(30.,-32.,9.49999999999999));
#9280=DIRECTION('',(-8.88178419700125E-16,-1.,0.));
#9281=DIRECTION('',(-0.421052631578952,3.73969860926373E-16,-0.907036207348107));
#9282=CARTESIAN_POINT('',(26.,32.,0.883156030192967));
#9283=VECTOR('',#9284,1.);
#9284=DIRECTION('',(0.,-1.,0.));
#9285=CARTESIAN_POINT('',(15.9,31.6,2.05419581240549));
#9286=AXIS2_PLACEMENT_3D('',#9287,#9288,#9289);
#9287=CARTESIAN_POINT('',(9.99999999999999,31.6,9.5));
#9288=DIRECTION('',(0.,-1.,0.));
#9289=DIRECTION('',(0.621052631578948,0.,-0.783768861852053));
#9290=CARTESIAN_POINT('',(0.834848610088314,34.5,7.));
#9291=AXIS2_PLACEMENT_3D('',#9292,#9293,#9294);
#9292=CARTESIAN_POINT('',(9.99999999999999,34.5,9.5));
#9293=DIRECTION('',(1.22464679914735E-16,-1.,0.));
#9294=DIRECTION('',(-0.96475277788544,-1.18148140140592E-16,-0.263157894736842));
#9295=CARTESIAN_POINT('',(0.834848610088315,24.,7.));
#9296=CARTESIAN_POINT('',(0.834848610088313,34.5,7.));
#9297=VECTOR('',#9298,1.);
#9298=DIRECTION('',(1.48029736616688E-16,-1.,0.));
#9299=CARTESIAN_POINT('',(1.5,24.,13.7426406871193));
#9300=AXIS2_PLACEMENT_3D('',#9301,#9302,#9303);
#9301=CARTESIAN_POINT('',(10.,24.,9.5));
#9302=DIRECTION('',(0.,-1.,0.));
#9303=DIRECTION('',(-0.894736842105263,0.,0.446593756538873));
#9304=CARTESIAN_POINT('',(1.5,34.5,13.7426406871193));
#9305=CARTESIAN_POINT('',(1.49999999999999,34.5,13.7426406871193));
#9306=VECTOR('',#9307,1.);
#9307=DIRECTION('',(4.22942104619107E-17,-1.,0.));
#9308=CARTESIAN_POINT('',(1.63339973465924,34.5,14.));
#9309=AXIS2_PLACEMENT_3D('',#9310,#9311,#9312);
#9310=CARTESIAN_POINT('',(9.99999999999999,34.5,9.5));
#9311=DIRECTION('',(1.22464679914735E-16,-1.,0.));
#9312=DIRECTION('',(-0.880694764772711,-1.07854002470473E-16,0.473684210526316));
#9313=CARTESIAN_POINT('',(1.63339973465925,0.,14.));
#9314=CARTESIAN_POINT('',(1.63339973465924,34.5,14.));
#9315=VECTOR('',#9316,1.);
#9316=DIRECTION('',(1.15849359091321E-16,-1.,0.));
#9317=CARTESIAN_POINT('',(1.5,8.88178419700125E-16,13.7426406871193));
#9318=AXIS2_PLACEMENT_3D('',#9319,#9320,#9321);
#9319=CARTESIAN_POINT('',(10.,1.22464679914735E-15,9.5));
#9320=DIRECTION('',(1.22464679914735E-16,-1.,0.));
#9321=DIRECTION('',(-0.880694764772711,-1.07854002470473E-16,0.473684210526316));
#9322=CARTESIAN_POINT('',(1.5,15.,13.7426406871193));
#9323=CARTESIAN_POINT('',(1.5,15.,13.7426406871193));
#9324=VECTOR('',#9325,1.);
#9325=DIRECTION('',(2.96059473233375E-17,-1.,0.));
#9326=CARTESIAN_POINT('',(0.834848610088318,15.,7.));
#9327=AXIS2_PLACEMENT_3D('',#9328,#9329,#9330);
#9328=CARTESIAN_POINT('',(10.,15.,9.5));
#9329=DIRECTION('',(0.,-1.,0.));
#9330=DIRECTION('',(-0.894736842105263,0.,0.446593756538872));
#9331=CARTESIAN_POINT('',(0.834848610088321,-15.,7.));
#9332=CARTESIAN_POINT('',(0.834848610088315,15.,7.));
#9333=VECTOR('',#9334,1.);
#9334=DIRECTION('',(1.1842378929335E-16,-1.,0.));
#9335=CARTESIAN_POINT('',(0.501240404325648,-15.,9.65351268216133));
#9336=AXIS2_PLACEMENT_3D('',#9337,#9338,#9339);
#9337=CARTESIAN_POINT('',(10.,-15.,9.5));
#9338=DIRECTION('',(0.,-1.,0.));
#9339=DIRECTION('',(-0.999869431123616,0.,0.0161592297011933));
#9340=CARTESIAN_POINT('',(0.501240404325649,-24.,9.65351268216133));
#9341=CARTESIAN_POINT('',(0.501240404325646,-15.,9.65351268216134));
#9342=VECTOR('',#9343,1.);
#9343=DIRECTION('',(1.97372982155583E-16,-1.,0.));
#9344=CARTESIAN_POINT('',(0.834848610088322,-24.,7.));
#9345=AXIS2_PLACEMENT_3D('',#9346,#9347,#9348);
#9346=CARTESIAN_POINT('',(10.,-24.,9.5));
#9347=DIRECTION('',(0.,-1.,0.));
#9348=DIRECTION('',(-0.999869431123616,0.,0.0161592297011933));
#9349=CARTESIAN_POINT('',(0.834848610088323,-34.5,7.));
#9350=CARTESIAN_POINT('',(0.834848610088321,-24.,7.));
#9351=VECTOR('',#9352,1.);
#9352=DIRECTION('',(1.48029736616688E-16,-1.,0.));
#9353=AXIS2_PLACEMENT_3D('',#9354,#9355,#9356);
#9354=CARTESIAN_POINT('',(10.,-34.5,9.5));
#9355=DIRECTION('',(1.22464679914735E-16,-1.,0.));
#9356=DIRECTION('',(-0.96475277788544,-1.18148140140592E-16,-0.263157894736842));
#9357=CARTESIAN_POINT('',(15.9,-31.6,2.05419581240548));
#9358=AXIS2_PLACEMENT_3D('',#9359,#9360,#9361);
#9359=CARTESIAN_POINT('',(10.,-31.6,9.5));
#9360=DIRECTION('',(0.,-1.,0.));
#9361=DIRECTION('',(0.621052631578947,0.,-0.783768861852055));
#9362=CARTESIAN_POINT('',(15.9,-23.6,2.05419581240549));
#9363=CARTESIAN_POINT('',(15.9,-23.6,2.05419581240548));
#9364=VECTOR('',#9365,1.);
#9365=DIRECTION('',(4.44089209850063E-16,-1.,1.11022302462516E-16));
#9366=AXIS2_PLACEMENT_3D('',#9367,#9368,#9369);
#9367=CARTESIAN_POINT('',(10.,-23.6,9.5));
#9368=DIRECTION('',(0.,-1.,0.));
#9369=DIRECTION('',(0.621052631578947,0.,-0.783768861852054));
#9370=CARTESIAN_POINT('',(18.3666002653408,-4.5,14.));
#9371=AXIS2_PLACEMENT_3D('',#9372,#9373,#9374);
#9372=CARTESIAN_POINT('',(10.,-4.5,9.5));
#9373=DIRECTION('',(0.,-1.,0.));
#9374=DIRECTION('',(0.96475277788544,0.,-0.263157894736842));
#9375=CARTESIAN_POINT('',(18.3666002653408,4.5,14.));
#9376=CARTESIAN_POINT('',(18.3666002653408,4.5,14.));
#9377=VECTOR('',#9378,1.);
#9378=DIRECTION('',(3.94745964311167E-16,-1.,0.));
#9379=AXIS2_PLACEMENT_3D('',#9380,#9381,#9382);
#9380=CARTESIAN_POINT('',(10.,4.5,9.5));
#9381=DIRECTION('',(0.,-1.,0.));
#9382=DIRECTION('',(0.96475277788544,0.,-0.263157894736842));
#9383=CARTESIAN_POINT('',(15.9,23.6,2.0541958124055));
#9384=AXIS2_PLACEMENT_3D('',#9385,#9386,#9387);
#9385=CARTESIAN_POINT('',(10.,23.6,9.5));
#9386=DIRECTION('',(0.,-1.,0.));
#9387=DIRECTION('',(0.621052631578948,0.,-0.783768861852054));
#9388=CARTESIAN_POINT('',(15.9,31.6,2.0541958124055));
#9389=VECTOR('',#9390,1.);
#9390=DIRECTION('',(0.,-1.,0.));
#9391=CARTESIAN_POINT('',(6.,32.,0.883156030192954));
#9392=CARTESIAN_POINT('',(10.,32.,6.12323399573676E-16));
#9393=AXIS2_PLACEMENT_3D('',#9394,#9395,#9396);
#9394=CARTESIAN_POINT('',(9.99999999999999,32.,9.5));
#9395=DIRECTION('',(0.,-1.,0.));
#9396=DIRECTION('',(-0.421052631578947,0.,-0.90703620734811));
#9397=CARTESIAN_POINT('',(14.,32.,0.883156030192961));
#9398=AXIS2_PLACEMENT_3D('',#9399,#9400,#9401);
#9399=CARTESIAN_POINT('',(9.99999999999999,32.,9.5));
#9400=DIRECTION('',(0.,-1.,0.));
#9401=DIRECTION('',(-1.86984930463184E-16,0.,-1.));
#9402=CARTESIAN_POINT('',(14.,-32.,0.883156030192964));
#9403=CARTESIAN_POINT('',(14.,32.,0.883156030192965));
#9404=VECTOR('',#9405,1.);
#9405=DIRECTION('',(5.55111512312578E-17,-1.,0.));
#9406=CARTESIAN_POINT('',(10.,-32.,6.12323399573677E-16));
#9407=AXIS2_PLACEMENT_3D('',#9408,#9409,#9410);
#9408=CARTESIAN_POINT('',(10.,-32.,9.5));
#9409=DIRECTION('',(0.,-1.,0.));
#9410=DIRECTION('',(3.73969860926369E-16,0.,-1.));
#9411=CARTESIAN_POINT('',(6.,-32.,0.883156030192961));
#9412=AXIS2_PLACEMENT_3D('',#9413,#9414,#9415);
#9413=CARTESIAN_POINT('',(10.,-32.,9.5));
#9414=DIRECTION('',(0.,-1.,0.));
#9415=DIRECTION('',(-0.421052631578948,0.,-0.90703620734811));
#9416=CARTESIAN_POINT('',(5.99999999999998,32.,0.883156030192972));
#9417=VECTOR('',#9418,1.);
#9418=DIRECTION('',(4.16333634234434E-17,-1.,0.));
#9419=CARTESIAN_POINT('',(-15.9,31.6,2.05419581240548));
#9420=AXIS2_PLACEMENT_3D('',#9421,#9422,#9423);
#9421=CARTESIAN_POINT('',(-10.,31.6,9.5));
#9422=DIRECTION('',(0.,-1.,0.));
#9423=DIRECTION('',(-0.964752777885441,0.,-0.263157894736838));
#9424=CARTESIAN_POINT('',(-15.9,23.6,2.05419581240548));
#9425=CARTESIAN_POINT('',(-15.9,31.6,2.05419581240548));
#9426=VECTOR('',#9427,1.);
#9427=DIRECTION('',(2.22044604925031E-16,-1.,0.));
#9428=AXIS2_PLACEMENT_3D('',#9429,#9430,#9431);
#9429=CARTESIAN_POINT('',(-10.,23.6,9.5));
#9430=DIRECTION('',(0.,-1.,0.));
#9431=DIRECTION('',(-0.964752777885441,0.,-0.263157894736838));
#9432=CARTESIAN_POINT('',(-18.3666002653408,4.5,14.));
#9433=AXIS2_PLACEMENT_3D('',#9434,#9435,#9436);
#9434=CARTESIAN_POINT('',(-10.,4.5,9.5));
#9435=DIRECTION('',(2.96059473233375E-16,-1.,0.));
#9436=DIRECTION('',(-0.880694764772711,-2.60738028138E-16,0.473684210526316));
#9437=CARTESIAN_POINT('',(-18.3666002653408,-4.5,14.));
#9438=CARTESIAN_POINT('',(-18.3666002653408,4.5,14.));
#9439=VECTOR('',#9440,1.);
#9440=DIRECTION('',(0.,-1.,0.));
#9441=AXIS2_PLACEMENT_3D('',#9442,#9443,#9444);
#9442=CARTESIAN_POINT('',(-10.,-4.5,9.5));
#9443=DIRECTION('',(0.,-1.,0.));
#9444=DIRECTION('',(-0.880694764772711,0.,0.473684210526316));
#9445=CARTESIAN_POINT('',(-15.9,-23.6,2.05419581240549));
#9446=AXIS2_PLACEMENT_3D('',#9447,#9448,#9449);
#9447=CARTESIAN_POINT('',(-10.,-23.6,9.5));
#9448=DIRECTION('',(0.,-1.,0.));
#9449=DIRECTION('',(-0.964752777885441,0.,-0.263157894736838));
#9450=CARTESIAN_POINT('',(-15.9,-31.6,2.05419581240549));
#9451=CARTESIAN_POINT('',(-15.9,-23.6,2.05419581240549));
#9452=VECTOR('',#9453,1.);
#9453=DIRECTION('',(0.,-1.,0.));
#9454=AXIS2_PLACEMENT_3D('',#9455,#9456,#9457);
#9455=CARTESIAN_POINT('',(-10.,-31.6,9.5));
#9456=DIRECTION('',(0.,-1.,0.));
#9457=DIRECTION('',(-0.964752777885441,0.,-0.263157894736838));
#9458=CARTESIAN_POINT('',(-0.834848610088317,-34.5,7.));
#9459=AXIS2_PLACEMENT_3D('',#9460,#9461,#9462);
#9460=CARTESIAN_POINT('',(-10.,-34.5,9.5));
#9461=DIRECTION('',(1.22464679914735E-16,-1.,0.));
#9462=DIRECTION('',(-0.96475277788544,-1.18148140140592E-16,-0.263157894736842));
#9463=CARTESIAN_POINT('',(-0.834848610088319,-24.,7.));
#9464=CARTESIAN_POINT('',(-0.834848610088318,-24.,7.));
#9465=VECTOR('',#9466,1.);
#9466=DIRECTION('',(1.48029736616688E-16,-1.,0.));
#9467=CARTESIAN_POINT('',(-1.5,-24.,13.7426406871193));
#9468=AXIS2_PLACEMENT_3D('',#9469,#9470,#9471);
#9469=CARTESIAN_POINT('',(-10.,-24.,9.5));
#9470=DIRECTION('',(0.,-1.,0.));
#9471=DIRECTION('',(0.96475277788544,0.,-0.263157894736842));
#9472=CARTESIAN_POINT('',(-1.5,-34.5,13.7426406871193));
#9473=CARTESIAN_POINT('',(-1.5,-24.,13.7426406871193));
#9474=VECTOR('',#9475,1.);
#9475=DIRECTION('',(6.34413156928661E-17,-1.,0.));
#9476=CARTESIAN_POINT('',(-1.63339973465924,-34.5,14.));
#9477=AXIS2_PLACEMENT_3D('',#9478,#9479,#9480);
#9478=CARTESIAN_POINT('',(-10.,-34.5,9.5));
#9479=DIRECTION('',(1.22464679914735E-16,-1.,0.));
#9480=DIRECTION('',(0.894736842105263,1.09573660976342E-16,0.446593756538873));
#9481=CARTESIAN_POINT('',(-1.63339973465924,0.,14.));
#9482=CARTESIAN_POINT('',(-1.63339973465924,0.,14.));
#9483=VECTOR('',#9484,1.);
#9484=DIRECTION('',(1.41593661111614E-16,-1.,0.));
#9485=CARTESIAN_POINT('',(-1.5,-1.77635683940025E-15,13.7426406871193));
#9486=AXIS2_PLACEMENT_3D('',#9487,#9488,#9489);
#9487=CARTESIAN_POINT('',(-10.,-1.22464679914735E-15,9.5));
#9488=DIRECTION('',(1.22464679914735E-16,-1.,6.16297582203916E-33));
#9489=DIRECTION('',(0.894736842105264,1.09573660976342E-16,0.446593756538871));
#9490=CARTESIAN_POINT('',(-1.5,-15.,13.7426406871193));
#9491=CARTESIAN_POINT('',(-1.5,-1.77635683940025E-15,13.7426406871193));
#9492=VECTOR('',#9493,1.);
#9493=DIRECTION('',(2.96059473233375E-17,-1.,0.));
#9494=CARTESIAN_POINT('',(-0.83484861008832,-15.,7.));
#9495=AXIS2_PLACEMENT_3D('',#9496,#9497,#9498);
#9496=CARTESIAN_POINT('',(-10.,-15.,9.5));
#9497=DIRECTION('',(0.,-1.,0.));
#9498=DIRECTION('',(0.96475277788544,0.,-0.263157894736842));
#9499=CARTESIAN_POINT('',(-0.834848610088322,15.,7.));
#9500=CARTESIAN_POINT('',(-0.834848610088323,15.,7.00000000000001));
#9501=VECTOR('',#9502,1.);
#9502=DIRECTION('',(9.62193288008469E-17,-1.,-5.9211894646675E-17));
#9503=CARTESIAN_POINT('',(-0.501240404325646,15.,9.65351268216107));
#9504=AXIS2_PLACEMENT_3D('',#9505,#9506,#9507);
#9505=CARTESIAN_POINT('',(-10.,15.,9.5));
#9506=DIRECTION('',(0.,-1.,0.));
#9507=DIRECTION('',(0.96475277788544,0.,-0.263157894736842));
#9508=CARTESIAN_POINT('',(-0.501240404325646,24.,9.65351268216107));
#9509=CARTESIAN_POINT('',(-0.501240404325646,24.,9.65351268216107));
#9510=VECTOR('',#9511,1.);
#9511=DIRECTION('',(0.,-1.,0.));
#9512=CARTESIAN_POINT('',(-0.834848610088325,24.,7.));
#9513=AXIS2_PLACEMENT_3D('',#9514,#9515,#9516);
#9514=CARTESIAN_POINT('',(-10.,24.,9.5));
#9515=DIRECTION('',(0.,-1.,0.));
#9516=DIRECTION('',(0.96475277788544,0.,-0.263157894736842));
#9517=CARTESIAN_POINT('',(-0.834848610088325,34.5,7.));
#9518=CARTESIAN_POINT('',(-0.834848610088326,34.5,7.));
#9519=VECTOR('',#9520,1.);
#9520=DIRECTION('',(1.48029736616688E-16,-1.,0.));
#9521=AXIS2_PLACEMENT_3D('',#9522,#9523,#9524);
#9522=CARTESIAN_POINT('',(-10.,34.5,9.5));
#9523=DIRECTION('',(1.22464679914735E-16,-1.,0.));
#9524=DIRECTION('',(-0.96475277788544,-1.18148140140592E-16,-0.263157894736842));
#9525=CARTESIAN_POINT('',(-10.,-32.,-6.12323399573676E-16));
#9526=CARTESIAN_POINT('',(-14.,-32.,0.883156030192961));
#9527=AXIS2_PLACEMENT_3D('',#9528,#9529,#9530);
#9528=CARTESIAN_POINT('',(-10.,-32.,9.5));
#9529=DIRECTION('',(0.,-1.,0.));
#9530=DIRECTION('',(-0.421052631578948,0.,-0.90703620734811));
#9531=CARTESIAN_POINT('',(-14.,32.,0.883156030192971));
#9532=CARTESIAN_POINT('',(-14.,32.,0.88315603019297));
#9533=VECTOR('',#9534,1.);
#9534=DIRECTION('',(5.55111512312578E-17,-1.,0.));
#9535=CARTESIAN_POINT('',(-10.,32.,-6.12323399573677E-16));
#9536=AXIS2_PLACEMENT_3D('',#9537,#9538,#9539);
#9537=CARTESIAN_POINT('',(-10.,32.,9.5));
#9538=DIRECTION('',(0.,-1.,0.));
#9539=DIRECTION('',(-0.421052631578947,0.,-0.90703620734811));
#9540=CARTESIAN_POINT('',(-6.,32.,0.883156030192961));
#9541=AXIS2_PLACEMENT_3D('',#9542,#9543,#9544);
#9542=CARTESIAN_POINT('',(-10.,32.,9.5));
#9543=DIRECTION('',(0.,-1.,0.));
#9544=DIRECTION('',(-1.86984930463184E-16,0.,-1.));
#9545=CARTESIAN_POINT('',(-6.,-32.,0.883156030192957));
#9546=CARTESIAN_POINT('',(-5.99999999999999,32.,0.883156030192971));
#9547=VECTOR('',#9548,1.);
#9548=DIRECTION('',(5.55111512312578E-17,-1.,0.));
#9549=AXIS2_PLACEMENT_3D('',#9550,#9551,#9552);
#9550=CARTESIAN_POINT('',(-10.,-32.,9.5));
#9551=DIRECTION('',(0.,-1.,0.));
#9552=DIRECTION('',(0.,0.,-1.));
#9553=CARTESIAN_POINT('',(-18.3,-27.6,1.));
#9554=AXIS2_PLACEMENT_3D('',#9555,#9556,#9557);
#9555=CARTESIAN_POINT('',(-19.9,-27.6,1.));
#9556=DIRECTION('',(1.1842378929335E-16,2.18558865515778E-32,-1.));
#9557=DIRECTION('',(1.,1.22464679914735E-16,1.1842378929335E-16));
#9558=CARTESIAN_POINT('',(-18.3,-27.6,-2.44249065417534E-15));
#9559=AXIS2_PLACEMENT_3D('',#9560,#9561,#9562);
#9560=CARTESIAN_POINT('',(-19.9,-27.6,-2.70646942611565E-15));
#9561=DIRECTION('',(1.22464679914735E-16,2.26016594027535E-32,-1.));
#9562=DIRECTION('',(1.,1.22464679914735E-16,1.22464679914735E-16));
#9563=CARTESIAN_POINT('',(-18.3,27.6,1.));
#9564=AXIS2_PLACEMENT_3D('',#9565,#9566,#9567);
#9565=CARTESIAN_POINT('',(-19.9,27.6,1.));
#9566=DIRECTION('',(1.1842378929335E-16,2.18558865515778E-32,-1.));
#9567=DIRECTION('',(1.,1.22464679914735E-16,1.1842378929335E-16));
#9568=CARTESIAN_POINT('',(-18.3,27.6,-2.44249065417534E-15));
#9569=AXIS2_PLACEMENT_3D('',#9570,#9571,#9572);
#9570=CARTESIAN_POINT('',(-19.9,27.6,-2.70646942611565E-15));
#9571=DIRECTION('',(1.22464679914735E-16,2.26016594027535E-32,-1.));
#9572=DIRECTION('',(1.,1.22464679914735E-16,1.22464679914735E-16));
#9573=CARTESIAN_POINT('',(21.5,27.6,1.00000000000001));
#9574=AXIS2_PLACEMENT_3D('',#9575,#9576,#9577);
#9575=CARTESIAN_POINT('',(19.9,27.6,1.00000000000001));
#9576=DIRECTION('',(1.1842378929335E-16,2.18558865515778E-32,-1.));
#9577=DIRECTION('',(1.,1.22464679914735E-16,1.1842378929335E-16));
#9578=CARTESIAN_POINT('',(21.5,27.6,2.44249065417534E-15));
#9579=AXIS2_PLACEMENT_3D('',#9580,#9581,#9582);
#9580=CARTESIAN_POINT('',(19.9,27.6,2.16762483449081E-15));
#9581=DIRECTION('',(1.22464679914735E-16,2.26016594027535E-32,-1.));
#9582=DIRECTION('',(1.,1.22464679914735E-16,1.22464679914735E-16));
#9583=CARTESIAN_POINT('',(21.5,-27.6,1.00000000000001));
#9584=AXIS2_PLACEMENT_3D('',#9585,#9586,#9587);
#9585=CARTESIAN_POINT('',(19.9,-27.6,1.00000000000001));
#9586=DIRECTION('',(1.1842378929335E-16,2.18558865515778E-32,-1.));
#9587=DIRECTION('',(1.,1.22464679914735E-16,1.1842378929335E-16));
#9588=CARTESIAN_POINT('',(21.5,-27.6,2.44249065417534E-15));
#9589=AXIS2_PLACEMENT_3D('',#9590,#9591,#9592);
#9590=CARTESIAN_POINT('',(19.9,-27.6,2.16762483449081E-15));
#9591=DIRECTION('',(1.22464679914735E-16,2.26016594027535E-32,-1.));
#9592=DIRECTION('',(1.,1.22464679914735E-16,1.22464679914735E-16));
#9593=CARTESIAN_POINT('',(15.9,-31.6,1.00000000000001));
#9594=CARTESIAN_POINT('',(23.9,-31.6,1.00000000000001));
#9595=CARTESIAN_POINT('',(15.9,-31.6,1.00000000000001));
#9596=VECTOR('',#9597,1.);
#9597=DIRECTION('',(1.,0.,1.38777878078145E-16));
#9598=CARTESIAN_POINT('',(23.9,-23.6,1.00000000000001));
#9599=CARTESIAN_POINT('',(23.9,-31.6,1.00000000000001));
#9600=VECTOR('',#9601,1.);
#9601=DIRECTION('',(0.,1.,0.));
#9602=CARTESIAN_POINT('',(15.9,-23.6,1.00000000000001));
#9603=CARTESIAN_POINT('',(23.9,-23.6,1.00000000000001));
#9604=VECTOR('',#9605,1.);
#9605=DIRECTION('',(-1.,0.,-1.38777878078145E-16));
#9606=CARTESIAN_POINT('',(15.9,-23.6,1.00000000000001));
#9607=VECTOR('',#9608,1.);
#9608=DIRECTION('',(0.,-1.,0.));
#9609=CARTESIAN_POINT('',(15.9,-31.6,1.00000000000001));
#9610=VECTOR('',#9611,1.);
#9611=DIRECTION('',(0.,0.,1.));
#9612=CARTESIAN_POINT('',(15.9,-23.6,1.00000000000001));
#9613=VECTOR('',#9614,1.);
#9614=DIRECTION('',(0.,0.,1.));
#9615=CARTESIAN_POINT('',(23.9,-23.6,1.00000000000001));
#9616=VECTOR('',#9617,1.);
#9617=DIRECTION('',(0.,0.,1.));
#9618=CARTESIAN_POINT('',(23.9,-31.6,1.00000000000001));
#9619=VECTOR('',#9620,1.);
#9620=DIRECTION('',(0.,0.,1.));
#9621=CARTESIAN_POINT('',(23.9,31.6,1.00000000000001));
#9622=CARTESIAN_POINT('',(15.9,31.6,1.00000000000001));
#9623=CARTESIAN_POINT('',(23.9,31.6,1.00000000000001));
#9624=VECTOR('',#9625,1.);
#9625=DIRECTION('',(-1.,0.,-1.38777878078145E-16));
#9626=CARTESIAN_POINT('',(15.9,23.6,1.00000000000001));
#9627=CARTESIAN_POINT('',(15.9,31.6,1.00000000000001));
#9628=VECTOR('',#9629,1.);
#9629=DIRECTION('',(0.,-1.,0.));
#9630=CARTESIAN_POINT('',(23.9,23.6,1.00000000000001));
#9631=CARTESIAN_POINT('',(15.9,23.6,1.00000000000001));
#9632=VECTOR('',#9633,1.);
#9633=DIRECTION('',(1.,0.,1.38777878078145E-16));
#9634=CARTESIAN_POINT('',(23.9,23.6,1.00000000000001));
#9635=VECTOR('',#9636,1.);
#9636=DIRECTION('',(0.,1.,0.));
#9637=CARTESIAN_POINT('',(23.9,31.6,1.00000000000001));
#9638=VECTOR('',#9639,1.);
#9639=DIRECTION('',(0.,0.,1.));
#9640=CARTESIAN_POINT('',(23.9,23.6,1.00000000000001));
#9641=VECTOR('',#9642,1.);
#9642=DIRECTION('',(0.,0.,1.));
#9643=CARTESIAN_POINT('',(15.9,23.6,1.00000000000001));
#9644=VECTOR('',#9645,1.);
#9645=DIRECTION('',(0.,0.,1.));
#9646=CARTESIAN_POINT('',(15.9,31.6,1.00000000000001));
#9647=VECTOR('',#9648,1.);
#9648=DIRECTION('',(0.,0.,1.));
#9649=CARTESIAN_POINT('',(-23.9,-31.6,1.));
#9650=CARTESIAN_POINT('',(-15.9,-31.6,1.));
#9651=CARTESIAN_POINT('',(-23.9,-31.6,1.));
#9652=VECTOR('',#9653,1.);
#9653=DIRECTION('',(1.,0.,1.38777878078145E-16));
#9654=CARTESIAN_POINT('',(-15.9,-23.6,1.));
#9655=CARTESIAN_POINT('',(-15.9,-31.6,1.));
#9656=VECTOR('',#9657,1.);
#9657=DIRECTION('',(0.,1.,0.));
#9658=CARTESIAN_POINT('',(-23.9,-23.6,1.));
#9659=CARTESIAN_POINT('',(-15.9,-23.6,1.));
#9660=VECTOR('',#9661,1.);
#9661=DIRECTION('',(-1.,0.,-1.38777878078145E-16));
#9662=CARTESIAN_POINT('',(-23.9,-23.6,1.));
#9663=VECTOR('',#9664,1.);
#9664=DIRECTION('',(0.,-1.,0.));
#9665=CARTESIAN_POINT('',(-23.9,-31.6,1.));
#9666=VECTOR('',#9667,1.);
#9667=DIRECTION('',(0.,0.,1.));
#9668=CARTESIAN_POINT('',(-23.9,-23.6,1.));
#9669=VECTOR('',#9670,1.);
#9670=DIRECTION('',(0.,0.,1.));
#9671=CARTESIAN_POINT('',(-15.9,-23.6,1.));
#9672=VECTOR('',#9673,1.);
#9673=DIRECTION('',(0.,0.,1.));
#9674=CARTESIAN_POINT('',(-15.9,-31.6,1.));
#9675=VECTOR('',#9676,1.);
#9676=DIRECTION('',(0.,0.,1.));
#9677=CARTESIAN_POINT('',(-15.9,31.6,1.));
#9678=CARTESIAN_POINT('',(-23.9,31.6,1.));
#9679=CARTESIAN_POINT('',(-15.9,31.6,1.));
#9680=VECTOR('',#9681,1.);
#9681=DIRECTION('',(-1.,0.,-1.38777878078145E-16));
#9682=CARTESIAN_POINT('',(-23.9,23.6,1.));
#9683=CARTESIAN_POINT('',(-23.9,31.6,1.));
#9684=VECTOR('',#9685,1.);
#9685=DIRECTION('',(0.,-1.,0.));
#9686=CARTESIAN_POINT('',(-15.9,23.6,1.));
#9687=CARTESIAN_POINT('',(-23.9,23.6,1.));
#9688=VECTOR('',#9689,1.);
#9689=DIRECTION('',(1.,0.,1.38777878078145E-16));
#9690=CARTESIAN_POINT('',(-15.9,23.6,1.));
#9691=VECTOR('',#9692,1.);
#9692=DIRECTION('',(0.,1.,0.));
#9693=CARTESIAN_POINT('',(-15.9,31.6,1.));
#9694=VECTOR('',#9695,1.);
#9695=DIRECTION('',(0.,0.,1.));
#9696=CARTESIAN_POINT('',(-15.9,23.6,1.));
#9697=VECTOR('',#9698,1.);
#9698=DIRECTION('',(-1.68503499871332E-15,0.,1.));
#9699=CARTESIAN_POINT('',(-23.9,23.6,1.));
#9700=VECTOR('',#9701,1.);
#9701=DIRECTION('',(0.,0.,1.));
#9702=CARTESIAN_POINT('',(-23.9,31.6,1.));
#9703=VECTOR('',#9704,1.);
#9704=DIRECTION('',(0.,0.,1.));
#9705=CARTESIAN_POINT('',(33.,-34.5,4.00000000000001));
#9706=CARTESIAN_POINT('',(33.,-34.5,16.));
#9707=CARTESIAN_POINT('',(33.,-34.5,4.00000000000001));
#9708=VECTOR('',#9709,1.);
#9709=DIRECTION('',(0.,0.,1.));
#9710=CARTESIAN_POINT('',(37.5,-34.5,16.));
#9711=CARTESIAN_POINT('',(33.,-34.5,16.));
#9712=VECTOR('',#9713,1.);
#9713=DIRECTION('',(1.,0.,0.));
#9714=CARTESIAN_POINT('',(40.4,-34.5,11.));
#9715=CARTESIAN_POINT('',(37.5,-34.5,16.));
#9716=VECTOR('',#9717,1.);
#9717=DIRECTION('',(0.501718089771846,0.,-0.865031189261803));
#9718=CARTESIAN_POINT('',(40.4,-34.5,7.00000000000001));
#9719=CARTESIAN_POINT('',(40.4,-34.5,11.));
#9720=VECTOR('',#9721,1.);
#9721=DIRECTION('',(0.,0.,-1.));
#9722=CARTESIAN_POINT('',(39.1651513899117,-34.5,7.00000000000001));
#9723=VECTOR('',#9724,1.);
#9724=DIRECTION('',(1.,0.,7.19260978587991E-16));
#9725=CARTESIAN_POINT('',(-0.834848610088317,-34.5,7.));
#9726=VECTOR('',#9727,1.);
#9727=DIRECTION('',(1.,0.,0.));
#9728=CARTESIAN_POINT('',(-40.4,-34.5,7.));
#9729=CARTESIAN_POINT('',(-40.4,-34.5,7.));
#9730=VECTOR('',#9731,1.);
#9731=DIRECTION('',(1.,0.,7.19260978587974E-16));
#9732=CARTESIAN_POINT('',(-40.4,-34.5,11.));
#9733=CARTESIAN_POINT('',(-40.4,-34.5,7.));
#9734=VECTOR('',#9735,1.);
#9735=DIRECTION('',(0.,0.,1.));
#9736=CARTESIAN_POINT('',(-37.5,-34.5,16.));
#9737=CARTESIAN_POINT('',(-40.4,-34.5,11.));
#9738=VECTOR('',#9739,1.);
#9739=DIRECTION('',(0.501718089771846,0.,0.865031189261803));
#9740=CARTESIAN_POINT('',(-33.,-34.5,16.));
#9741=CARTESIAN_POINT('',(-37.5,-34.5,16.));
#9742=VECTOR('',#9743,1.);
#9743=DIRECTION('',(1.,0.,3.94745964311167E-16));
#9744=CARTESIAN_POINT('',(-33.,-34.5,4.));
#9745=CARTESIAN_POINT('',(-33.,-34.5,16.));
#9746=VECTOR('',#9747,1.);
#9747=DIRECTION('',(0.,0.,-1.));
#9748=CARTESIAN_POINT('',(-27.,-34.5,4.));
#9749=CARTESIAN_POINT('',(-27.,-34.5,4.));
#9750=VECTOR('',#9751,1.);
#9751=DIRECTION('',(-1.,-1.1842378929335E-15,-7.40148683083438E-17));
#9752=CARTESIAN_POINT('',(-27.,-34.5,16.));
#9753=CARTESIAN_POINT('',(-27.,-34.5,4.));
#9754=VECTOR('',#9755,1.);
#9755=DIRECTION('',(-2.96059473233375E-16,0.,1.));
#9756=CARTESIAN_POINT('',(-13.,-34.5,16.));
#9757=CARTESIAN_POINT('',(-27.,-34.5,16.));
#9758=VECTOR('',#9759,1.);
#9759=DIRECTION('',(1.,0.,0.));
#9760=CARTESIAN_POINT('',(-13.,-34.5,4.));
#9761=CARTESIAN_POINT('',(-13.,-34.5,16.));
#9762=VECTOR('',#9763,1.);
#9763=DIRECTION('',(1.48029736616687E-16,0.,-1.));
#9764=CARTESIAN_POINT('',(-7.,-34.5,4.));
#9765=CARTESIAN_POINT('',(-7.,-34.5,4.));
#9766=VECTOR('',#9767,1.);
#9767=DIRECTION('',(-1.,0.,-1.48029736616688E-16));
#9768=CARTESIAN_POINT('',(-7.00000000000001,-34.5,16.));
#9769=CARTESIAN_POINT('',(-7.,-34.5,4.));
#9770=VECTOR('',#9771,1.);
#9771=DIRECTION('',(0.,0.,1.));
#9772=CARTESIAN_POINT('',(7.,-34.5,16.));
#9773=CARTESIAN_POINT('',(-7.00000000000001,-34.5,16.));
#9774=VECTOR('',#9775,1.);
#9775=DIRECTION('',(1.,0.,0.));
#9776=CARTESIAN_POINT('',(7.,-34.5,4.));
#9777=CARTESIAN_POINT('',(7.,-34.5,16.));
#9778=VECTOR('',#9779,1.);
#9779=DIRECTION('',(0.,0.,-1.));
#9780=CARTESIAN_POINT('',(13.,-34.5,4.00000000000001));
#9781=CARTESIAN_POINT('',(13.,-34.5,4.00000000000001));
#9782=VECTOR('',#9783,1.);
#9783=DIRECTION('',(-1.,0.,-1.48029736616687E-16));
#9784=CARTESIAN_POINT('',(13.,-34.5,16.));
#9785=CARTESIAN_POINT('',(13.,-34.5,4.00000000000001));
#9786=VECTOR('',#9787,1.);
#9787=DIRECTION('',(-1.48029736616688E-16,0.,1.));
#9788=CARTESIAN_POINT('',(27.,-34.5,16.));
#9789=CARTESIAN_POINT('',(13.,-34.5,16.));
#9790=VECTOR('',#9791,1.);
#9791=DIRECTION('',(1.,0.,2.53765262771465E-16));
#9792=CARTESIAN_POINT('',(27.,-34.5,4.00000000000001));
#9793=CARTESIAN_POINT('',(27.,-34.5,16.));
#9794=VECTOR('',#9795,1.);
#9795=DIRECTION('',(2.96059473233375E-16,0.,-1.));
#9796=CARTESIAN_POINT('',(33.,-34.5,4.00000000000001));
#9797=VECTOR('',#9798,1.);
#9798=DIRECTION('',(-1.,-1.1842378929335E-15,0.));
#9799=CARTESIAN_POINT('',(-1.5,-34.5,14.));
#9800=CARTESIAN_POINT('',(-1.63339973465924,-34.5,14.));
#9801=VECTOR('',#9802,1.);
#9802=DIRECTION('',(1.,0.,0.));
#9803=CARTESIAN_POINT('',(-1.5,-34.5,13.7426406871193));
#9804=VECTOR('',#9805,1.);
#9805=DIRECTION('',(0.,0.,1.));
#9806=AXIS2_PLACEMENT_3D('',#9807,#9808,#9809);
#9807=CARTESIAN_POINT('',(-12.7628682240315,-4.5,8.58762274134382));
#9808=DIRECTION('',(0.,1.,0.));
#9809=DIRECTION('',(-0.993118894769676,0.,0.117110464312363));
#9810=AXIS2_PLACEMENT_3D('',#9811,#9812,#9813);
#9811=CARTESIAN_POINT('',(12.7628682240313,-4.5,8.58762274134366));
#9812=DIRECTION('',(0.,1.,0.));
#9813=DIRECTION('',(0.719281037546224,0.,0.694719215961692));
#9814=CARTESIAN_POINT('',(-33.,34.5,4.));
#9815=CARTESIAN_POINT('',(-33.,34.5,16.));
#9816=CARTESIAN_POINT('',(-33.,34.5,16.));
#9817=VECTOR('',#9818,1.);
#9818=DIRECTION('',(5.9211894646675E-16,0.,-1.));
#9819=CARTESIAN_POINT('',(-37.5,34.5,16.));
#9820=CARTESIAN_POINT('',(-37.5,34.5,16.));
#9821=VECTOR('',#9822,1.);
#9822=DIRECTION('',(1.,0.,3.94745964311167E-16));
#9823=CARTESIAN_POINT('',(-40.4,34.5,11.));
#9824=CARTESIAN_POINT('',(-40.4,34.5,11.));
#9825=VECTOR('',#9826,1.);
#9826=DIRECTION('',(0.501718089771846,0.,0.865031189261803));
#9827=CARTESIAN_POINT('',(-40.4,34.5,7.));
#9828=CARTESIAN_POINT('',(-40.4,34.5,11.));
#9829=VECTOR('',#9830,1.);
#9830=DIRECTION('',(0.,1.77635683940025E-15,-1.));
#9831=CARTESIAN_POINT('',(-39.1651513899117,34.5,7.));
#9832=VECTOR('',#9833,1.);
#9833=DIRECTION('',(-1.,0.,-7.19260978587974E-16));
#9834=CARTESIAN_POINT('',(0.834848610088313,34.5,7.));
#9835=VECTOR('',#9836,1.);
#9836=DIRECTION('',(-1.,0.,0.));
#9837=CARTESIAN_POINT('',(40.4,34.5,7.00000000000001));
#9838=CARTESIAN_POINT('',(40.4,34.5,7.00000000000001));
#9839=VECTOR('',#9840,1.);
#9840=DIRECTION('',(-1.,0.,-7.19260978587991E-16));
#9841=CARTESIAN_POINT('',(40.4,34.5,11.));
#9842=CARTESIAN_POINT('',(40.4,34.5,7.00000000000001));
#9843=VECTOR('',#9844,1.);
#9844=DIRECTION('',(0.,1.77635683940025E-15,1.));
#9845=CARTESIAN_POINT('',(37.5,34.5,16.));
#9846=CARTESIAN_POINT('',(37.5,34.5,16.));
#9847=VECTOR('',#9848,1.);
#9848=DIRECTION('',(0.501718089771846,0.,-0.865031189261803));
#9849=CARTESIAN_POINT('',(33.,34.5,16.));
#9850=CARTESIAN_POINT('',(33.,34.5,16.));
#9851=VECTOR('',#9852,1.);
#9852=DIRECTION('',(1.,0.,0.));
#9853=CARTESIAN_POINT('',(33.,34.5,4.00000000000001));
#9854=CARTESIAN_POINT('',(33.,34.5,4.00000000000001));
#9855=VECTOR('',#9856,1.);
#9856=DIRECTION('',(0.,0.,1.));
#9857=CARTESIAN_POINT('',(27.,34.5,4.00000000000001));
#9858=CARTESIAN_POINT('',(33.,34.5,4.00000000000001));
#9859=VECTOR('',#9860,1.);
#9860=DIRECTION('',(-1.,-1.1842378929335E-15,0.));
#9861=CARTESIAN_POINT('',(27.,34.5,16.));
#9862=CARTESIAN_POINT('',(27.,34.5,16.));
#9863=VECTOR('',#9864,1.);
#9864=DIRECTION('',(0.,0.,-1.));
#9865=CARTESIAN_POINT('',(13.,34.5,16.));
#9866=CARTESIAN_POINT('',(13.,34.5,16.));
#9867=VECTOR('',#9868,1.);
#9868=DIRECTION('',(1.,0.,5.07530525542929E-16));
#9869=CARTESIAN_POINT('',(13.,34.5,4.00000000000001));
#9870=CARTESIAN_POINT('',(13.,34.5,4.00000000000001));
#9871=VECTOR('',#9872,1.);
#9872=DIRECTION('',(-1.48029736616688E-16,0.,1.));
#9873=CARTESIAN_POINT('',(7.00000000000001,34.5,4.));
#9874=CARTESIAN_POINT('',(13.,34.5,4.00000000000001));
#9875=VECTOR('',#9876,1.);
#9876=DIRECTION('',(-1.,0.,-1.48029736616687E-16));
#9877=CARTESIAN_POINT('',(7.,34.5,16.));
#9878=CARTESIAN_POINT('',(7.,34.5,16.));
#9879=VECTOR('',#9880,1.);
#9880=DIRECTION('',(1.48029736616688E-16,0.,-1.));
#9881=CARTESIAN_POINT('',(-6.99999999999999,34.5,16.));
#9882=CARTESIAN_POINT('',(-6.99999999999999,34.5,16.));
#9883=VECTOR('',#9884,1.);
#9884=DIRECTION('',(1.,0.,0.));
#9885=CARTESIAN_POINT('',(-6.99999999999999,34.5,4.));
#9886=CARTESIAN_POINT('',(-6.99999999999999,34.5,4.));
#9887=VECTOR('',#9888,1.);
#9888=DIRECTION('',(-1.48029736616688E-16,0.,1.));
#9889=CARTESIAN_POINT('',(-13.,34.5,4.));
#9890=CARTESIAN_POINT('',(-7.,34.5,4.));
#9891=VECTOR('',#9892,1.);
#9892=DIRECTION('',(-1.,0.,-1.48029736616688E-16));
#9893=CARTESIAN_POINT('',(-13.,34.5,16.));
#9894=CARTESIAN_POINT('',(-13.,34.5,16.));
#9895=VECTOR('',#9896,1.);
#9896=DIRECTION('',(1.48029736616687E-16,0.,-1.));
#9897=CARTESIAN_POINT('',(-27.,34.5,16.));
#9898=CARTESIAN_POINT('',(-27.,34.5,16.));
#9899=VECTOR('',#9900,1.);
#9900=DIRECTION('',(1.,0.,0.));
#9901=CARTESIAN_POINT('',(-27.,34.5,4.));
#9902=CARTESIAN_POINT('',(-27.,34.5,4.));
#9903=VECTOR('',#9904,1.);
#9904=DIRECTION('',(0.,0.,1.));
#9905=CARTESIAN_POINT('',(-27.,34.5,4.));
#9906=VECTOR('',#9907,1.);
#9907=DIRECTION('',(-1.,-1.1842378929335E-15,-7.40148683083437E-17));
#9908=CARTESIAN_POINT('',(1.5,34.5,14.));
#9909=CARTESIAN_POINT('',(1.5,34.5,14.));
#9910=VECTOR('',#9911,1.);
#9911=DIRECTION('',(1.,0.,0.));
#9912=CARTESIAN_POINT('',(1.5,34.5,13.7426406871193));
#9913=VECTOR('',#9914,1.);
#9914=DIRECTION('',(0.,0.,1.));
#9915=AXIS2_PLACEMENT_3D('',#9916,#9917,#9918);
#9916=CARTESIAN_POINT('',(12.7628682240313,4.5,8.58762274134366));
#9917=DIRECTION('',(0.,1.,0.));
#9918=DIRECTION('',(0.719281037546224,0.,0.694719215961692));
#9919=AXIS2_PLACEMENT_3D('',#9920,#9921,#9922);
#9920=CARTESIAN_POINT('',(-12.7628682240315,4.5,8.58762274134382));
#9921=DIRECTION('',(-2.96059473233375E-16,1.,-6.16297582203916E-33));
#9922=DIRECTION('',(-0.993118894769676,-2.94022256843622E-16,0.117110464312363));
#9923=CARTESIAN_POINT('',(-40.4,24.,7.));
#9924=CARTESIAN_POINT('',(-40.4,24.,7.));
#9925=VECTOR('',#9926,1.);
#9926=DIRECTION('',(0.,1.,0.));
#9927=CARTESIAN_POINT('',(-40.4,24.,7.));
#9928=VECTOR('',#9929,1.);
#9929=DIRECTION('',(1.,0.,0.));
#9930=CARTESIAN_POINT('',(-40.4,24.,10.127057253529));
#9931=CARTESIAN_POINT('',(-40.4,24.,7.));
#9932=VECTOR('',#9933,1.);
#9933=DIRECTION('',(0.,0.,1.));
#9934=AXIS2_PLACEMENT_3D('',#9935,#9936,#9937);
#9935=CARTESIAN_POINT('',(-32.7628682240315,24.,8.58762274134382));
#9936=DIRECTION('',(0.,1.,0.));
#9937=DIRECTION('',(-0.980283144733024,0.,0.197597965962035));
#9938=CARTESIAN_POINT('',(-40.4,15.,10.127057253529));
#9939=AXIS2_PLACEMENT_3D('',#9940,#9941,#9942);
#9940=CARTESIAN_POINT('',(-32.7628682240315,15.,8.58762274134382));
#9941=DIRECTION('',(0.,1.,0.));
#9942=DIRECTION('',(-0.980283144733024,0.,0.197597965962035));
#9943=CARTESIAN_POINT('',(-40.4,24.,10.127057253529));
#9944=VECTOR('',#9945,1.);
#9945=DIRECTION('',(7.89491928622334E-16,-1.,0.));
#9946=CARTESIAN_POINT('',(-40.4,15.,7.));
#9947=CARTESIAN_POINT('',(-40.4,15.,10.127057253529));
#9948=VECTOR('',#9949,1.);
#9949=DIRECTION('',(0.,0.,-1.));
#9950=CARTESIAN_POINT('',(-39.1651513899117,15.,7.));
#9951=VECTOR('',#9952,1.);
#9952=DIRECTION('',(-1.,0.,0.));
#9953=CARTESIAN_POINT('',(-40.4,-15.,7.));
#9954=CARTESIAN_POINT('',(-40.4,-15.,7.));
#9955=VECTOR('',#9956,1.);
#9956=DIRECTION('',(0.,1.,0.));
#9957=CARTESIAN_POINT('',(-40.4,-15.,7.));
#9958=VECTOR('',#9959,1.);
#9959=DIRECTION('',(1.,0.,0.));
#9960=CARTESIAN_POINT('',(-40.4,-15.,10.127057253529));
#9961=CARTESIAN_POINT('',(-40.4,-15.,7.));
#9962=VECTOR('',#9963,1.);
#9963=DIRECTION('',(0.,0.,1.));
#9964=AXIS2_PLACEMENT_3D('',#9965,#9966,#9967);
#9965=CARTESIAN_POINT('',(-32.7628682240315,-15.,8.58762274134382));
#9966=DIRECTION('',(0.,1.,0.));
#9967=DIRECTION('',(-0.980283144733024,0.,0.197597965962035));
#9968=CARTESIAN_POINT('',(-40.4,-24.,10.127057253529));
#9969=CARTESIAN_POINT('',(-40.4,-15.,10.127057253529));
#9970=VECTOR('',#9971,1.);
#9971=DIRECTION('',(7.89491928622332E-16,-1.,0.));
#9972=AXIS2_PLACEMENT_3D('',#9973,#9974,#9975);
#9973=CARTESIAN_POINT('',(-32.7628682240315,-24.,8.58762274134382));
#9974=DIRECTION('',(0.,1.,0.));
#9975=DIRECTION('',(-0.980283144733024,0.,0.197597965962035));
#9976=CARTESIAN_POINT('',(-40.4,-24.,7.));
#9977=CARTESIAN_POINT('',(-40.4,-24.,10.127057253529));
#9978=VECTOR('',#9979,1.);
#9979=DIRECTION('',(0.,0.,-1.));
#9980=CARTESIAN_POINT('',(-39.1651513899117,-24.,7.));
#9981=VECTOR('',#9982,1.);
#9982=DIRECTION('',(-1.,-2.8770439143519E-15,0.));
#9983=CARTESIAN_POINT('',(-40.4,-34.5,7.));
#9984=VECTOR('',#9985,1.);
#9985=DIRECTION('',(0.,1.,0.));
#9986=CARTESIAN_POINT('',(-34.,32.,-3.5527136788005E-15));
#9987=CARTESIAN_POINT('',(-34.,32.,0.883156030192957));
#9988=VECTOR('',#9989,1.);
#9989=DIRECTION('',(0.,0.,-1.));
#9990=CARTESIAN_POINT('',(-34.,32.,-3.99296754585696E-15));
#9991=VECTOR('',#9992,1.);
#9992=DIRECTION('',(1.,0.,6.12323399573678E-17));
#9993=CARTESIAN_POINT('',(-26.,32.,-3.5527136788005E-15));
#9994=CARTESIAN_POINT('',(-30.,32.,-3.74803818602749E-15));
#9995=VECTOR('',#9996,1.);
#9996=DIRECTION('',(1.,-1.77635683940025E-15,6.12323399573675E-17));
#9997=CARTESIAN_POINT('',(-26.,32.,0.883156030192961));
#9998=VECTOR('',#9999,1.);
#9999=DIRECTION('',(0.,0.,-1.));
#10000=CARTESIAN_POINT('',(-26.,-32.,-3.5527136788005E-15));
#10001=CARTESIAN_POINT('',(-26.,32.,-3.50310882619802E-15));
#10002=VECTOR('',#10003,1.);
#10003=DIRECTION('',(0.,-1.,-1.23259516440783E-32));
#10004=CARTESIAN_POINT('',(-26.,-32.,0.883156030192954));
#10005=VECTOR('',#10006,1.);
#10006=DIRECTION('',(0.,0.,-1.));
#10007=CARTESIAN_POINT('',(-26.,-32.,-3.50310882619802E-15));
#10008=VECTOR('',#10009,1.);
#10009=DIRECTION('',(-1.,0.,-6.12323399573677E-17));
#10010=CARTESIAN_POINT('',(-34.,-32.,-3.5527136788005E-15));
#10011=CARTESIAN_POINT('',(-30.,-32.,-3.74803818602749E-15));
#10012=VECTOR('',#10013,1.);
#10013=DIRECTION('',(-1.,0.,-6.12323399573677E-17));
#10014=CARTESIAN_POINT('',(-34.,-32.,0.883156030192961));
#10015=VECTOR('',#10016,1.);
#10016=DIRECTION('',(0.,0.,-1.));
#10017=CARTESIAN_POINT('',(-34.,-32.,-3.99296754585696E-15));
#10018=VECTOR('',#10019,1.);
#10019=DIRECTION('',(2.22044604925031E-16,1.,2.46519032881566E-32));
#10020=CARTESIAN_POINT('',(40.4,-24.,7.00000000000001));
#10021=CARTESIAN_POINT('',(40.4,-24.,7.00000000000001));
#10022=VECTOR('',#10023,1.);
#10023=DIRECTION('',(0.,-1.,0.));
#10024=CARTESIAN_POINT('',(40.4,-24.,7.00000000000001));
#10025=VECTOR('',#10026,1.);
#10026=DIRECTION('',(-1.,0.,0.));
#10027=CARTESIAN_POINT('',(40.4,-24.,10.1270572535291));
#10028=CARTESIAN_POINT('',(40.4,-24.,7.00000000000001));
#10029=VECTOR('',#10030,1.);
#10030=DIRECTION('',(0.,0.,1.));
#10031=AXIS2_PLACEMENT_3D('',#10032,#10033,#10034);
#10032=CARTESIAN_POINT('',(32.7628682240313,-24.,8.58762274134366));
#10033=DIRECTION('',(0.,1.,0.));
#10034=DIRECTION('',(0.719281037546223,0.,0.694719215961692));
#10035=CARTESIAN_POINT('',(40.4,-15.,10.1270572535291));
#10036=AXIS2_PLACEMENT_3D('',#10037,#10038,#10039);
#10037=CARTESIAN_POINT('',(32.7628682240313,-15.,8.58762274134366));
#10038=DIRECTION('',(0.,1.,0.));
#10039=DIRECTION('',(0.719281037546223,0.,0.694719215961692));
#10040=CARTESIAN_POINT('',(40.4,-15.,10.1270572535291));
#10041=VECTOR('',#10042,1.);
#10042=DIRECTION('',(0.,-1.,0.));
#10043=CARTESIAN_POINT('',(40.4,-15.,7.00000000000001));
#10044=CARTESIAN_POINT('',(40.4,-15.,10.1270572535291));
#10045=VECTOR('',#10046,1.);
#10046=DIRECTION('',(0.,0.,-1.));
#10047=CARTESIAN_POINT('',(39.1651513899117,-15.,7.00000000000001));
#10048=VECTOR('',#10049,1.);
#10049=DIRECTION('',(1.,0.,0.));
#10050=CARTESIAN_POINT('',(40.4,15.,7.00000000000001));
#10051=CARTESIAN_POINT('',(40.4,15.,7.00000000000001));
#10052=VECTOR('',#10053,1.);
#10053=DIRECTION('',(0.,-1.,0.));
#10054=CARTESIAN_POINT('',(40.4,15.,7.00000000000001));
#10055=VECTOR('',#10056,1.);
#10056=DIRECTION('',(-1.,0.,0.));
#10057=CARTESIAN_POINT('',(40.4,15.,10.1270572535291));
#10058=CARTESIAN_POINT('',(40.4,15.,7.00000000000001));
#10059=VECTOR('',#10060,1.);
#10060=DIRECTION('',(0.,0.,1.));
#10061=AXIS2_PLACEMENT_3D('',#10062,#10063,#10064);
#10062=CARTESIAN_POINT('',(32.7628682240313,15.,8.58762274134366));
#10063=DIRECTION('',(0.,1.,0.));
#10064=DIRECTION('',(0.719281037546223,0.,0.694719215961692));
#10065=CARTESIAN_POINT('',(40.4,24.,10.1270572535291));
#10066=CARTESIAN_POINT('',(40.4,24.,10.1270572535291));
#10067=VECTOR('',#10068,1.);
#10068=DIRECTION('',(7.89491928622333E-16,-1.,0.));
#10069=AXIS2_PLACEMENT_3D('',#10070,#10071,#10072);
#10070=CARTESIAN_POINT('',(32.7628682240313,24.,8.58762274134366));
#10071=DIRECTION('',(0.,1.,0.));
#10072=DIRECTION('',(0.719281037546223,0.,0.694719215961692));
#10073=CARTESIAN_POINT('',(40.4,24.,7.00000000000001));
#10074=CARTESIAN_POINT('',(40.4,24.,10.1270572535291));
#10075=VECTOR('',#10076,1.);
#10076=DIRECTION('',(0.,0.,-1.));
#10077=CARTESIAN_POINT('',(39.1651513899117,24.,7.00000000000001));
#10078=VECTOR('',#10079,1.);
#10079=DIRECTION('',(1.,0.,0.));
#10080=CARTESIAN_POINT('',(40.4,34.5,7.00000000000001));
#10081=VECTOR('',#10082,1.);
#10082=DIRECTION('',(0.,-1.,0.));
#10083=CARTESIAN_POINT('',(26.,32.,3.5527136788005E-15));
#10084=CARTESIAN_POINT('',(26.,32.,0.883156030192968));
#10085=VECTOR('',#10086,1.);
#10086=DIRECTION('',(0.,0.,-1.));
#10087=CARTESIAN_POINT('',(26.,32.,3.2336865303856E-15));
#10088=VECTOR('',#10089,1.);
#10089=DIRECTION('',(1.,0.,6.12323399573677E-17));
#10090=CARTESIAN_POINT('',(34.,32.,3.5527136788005E-15));
#10091=CARTESIAN_POINT('',(30.,32.,3.47861589021507E-15));
#10092=VECTOR('',#10093,1.);
#10093=DIRECTION('',(1.,-8.88178419700132E-16,6.12323399573676E-17));
#10094=CARTESIAN_POINT('',(34.,32.,0.88315603019295));
#10095=VECTOR('',#10096,1.);
#10096=DIRECTION('',(0.,0.,-1.));
#10097=CARTESIAN_POINT('',(34.,-32.,3.5527136788005E-15));
#10098=CARTESIAN_POINT('',(34.,32.,3.72354525004454E-15));
#10099=VECTOR('',#10100,1.);
#10100=DIRECTION('',(0.,-1.,-1.23259516440783E-32));
#10101=CARTESIAN_POINT('',(34.,-32.,0.883156030192946));
#10102=VECTOR('',#10103,1.);
#10103=DIRECTION('',(0.,0.,-1.));
#10104=CARTESIAN_POINT('',(34.,-32.,3.72354525004454E-15));
#10105=VECTOR('',#10106,1.);
#10106=DIRECTION('',(-1.,1.77635683940027E-15,-6.12323399573675E-17));
#10107=CARTESIAN_POINT('',(26.,-32.,3.5527136788005E-15));
#10108=CARTESIAN_POINT('',(30.,-32.,3.47861589021507E-15));
#10109=VECTOR('',#10110,1.);
#10110=DIRECTION('',(-1.,8.88178419700119E-16,-6.12323399573677E-17));
#10111=CARTESIAN_POINT('',(26.,-32.,0.883156030192968));
#10112=VECTOR('',#10113,1.);
#10113=DIRECTION('',(0.,0.,-1.));
#10114=CARTESIAN_POINT('',(26.,-32.,3.2336865303856E-15));
#10115=VECTOR('',#10116,1.);
#10116=DIRECTION('',(-1.11022302462516E-16,1.,0.));
#10117=CARTESIAN_POINT('',(-0.834848610088325,24.,7.));
#10118=VECTOR('',#10119,1.);
#10119=DIRECTION('',(1.,0.,0.));
#10120=CARTESIAN_POINT('',(1.4,24.,14.));
#10121=AXIS2_PLACEMENT_3D('',#10122,#10123,#10124);
#10122=CARTESIAN_POINT('',(5.48265306122451,24.,9.62510204081632));
#10123=DIRECTION('',(0.,1.,0.));
#10124=DIRECTION('',(-0.99998872914062,0.,0.0047477986190645));
#10125=CARTESIAN_POINT('',(1.5,24.,14.));
#10126=CARTESIAN_POINT('',(1.5,24.,14.));
#10127=VECTOR('',#10128,1.);
#10128=DIRECTION('',(-1.,0.,0.));
#10129=CARTESIAN_POINT('',(1.5,24.,13.7426406871193));
#10130=VECTOR('',#10131,1.);
#10131=DIRECTION('',(0.,0.,1.));
#10132=CARTESIAN_POINT('',(1.5,34.5,14.));
#10133=VECTOR('',#10134,1.);
#10134=DIRECTION('',(-6.34413156928661E-17,-1.,0.));
#10135=CARTESIAN_POINT('',(1.5,2.55649367432735E-32,14.));
#10136=CARTESIAN_POINT('',(1.63339973465925,1.00016887838929E-16,14.));
#10137=VECTOR('',#10138,1.);
#10138=DIRECTION('',(-1.,-6.12323399573676E-17,0.));
#10139=CARTESIAN_POINT('',(1.4,15.,14.));
#10140=CARTESIAN_POINT('',(1.4,24.,14.));
#10141=VECTOR('',#10142,1.);
#10142=DIRECTION('',(1.48029736616688E-16,-1.,0.));
#10143=CARTESIAN_POINT('',(1.5,15.,14.));
#10144=CARTESIAN_POINT('',(1.4,15.,14.));
#10145=VECTOR('',#10146,1.);
#10146=DIRECTION('',(1.,0.,0.));
#10147=CARTESIAN_POINT('',(1.5,15.,14.));
#10148=VECTOR('',#10149,1.);
#10149=DIRECTION('',(-5.9211894646675E-17,-1.,0.));
#10150=CARTESIAN_POINT('',(1.5,9.18485099360515E-17,14.));
#10151=VECTOR('',#10152,1.);
#10152=DIRECTION('',(0.,4.78939406004351E-32,-1.));
#10153=CARTESIAN_POINT('',(1.5,15.,13.7426406871193));
#10154=VECTOR('',#10155,1.);
#10155=DIRECTION('',(0.,0.,1.));
#10156=AXIS2_PLACEMENT_3D('',#10157,#10158,#10159);
#10157=CARTESIAN_POINT('',(5.48265306122451,15.,9.62510204081632));
#10158=DIRECTION('',(0.,1.,0.));
#10159=DIRECTION('',(-0.99998872914062,0.,0.0047477986190645));
#10160=CARTESIAN_POINT('',(0.834848610088318,15.,7.));
#10161=VECTOR('',#10162,1.);
#10162=DIRECTION('',(-1.,0.,0.));
#10163=CARTESIAN_POINT('',(-0.83484861008832,-15.,7.));
#10164=VECTOR('',#10165,1.);
#10165=DIRECTION('',(1.,0.,0.));
#10166=CARTESIAN_POINT('',(-1.4,-15.,14.));
#10167=AXIS2_PLACEMENT_3D('',#10168,#10169,#10170);
#10168=CARTESIAN_POINT('',(-5.48265306122448,-15.,9.62510204081633));
#10169=DIRECTION('',(0.,1.,0.));
#10170=DIRECTION('',(0.682265997835676,0.,0.731104033771727));
#10171=CARTESIAN_POINT('',(-1.5,-15.,14.));
#10172=CARTESIAN_POINT('',(-1.5,-15.,13.7426406871193));
#10173=VECTOR('',#10174,1.);
#10174=DIRECTION('',(0.,0.,1.));
#10175=CARTESIAN_POINT('',(-1.4,-15.,14.));
#10176=VECTOR('',#10177,1.);
#10177=DIRECTION('',(-1.,0.,0.));
#10178=CARTESIAN_POINT('',(-1.4,-24.,14.));
#10179=CARTESIAN_POINT('',(-1.4,-15.,14.));
#10180=VECTOR('',#10181,1.);
#10181=DIRECTION('',(1.2335811384724E-16,-1.,0.));
#10182=AXIS2_PLACEMENT_3D('',#10183,#10184,#10185);
#10183=CARTESIAN_POINT('',(-5.48265306122448,-24.,9.62510204081633));
#10184=DIRECTION('',(0.,1.,0.));
#10185=DIRECTION('',(0.682265997835676,0.,0.731104033771727));
#10186=CARTESIAN_POINT('',(-1.5,-24.,14.));
#10187=CARTESIAN_POINT('',(-1.5,-24.,14.));
#10188=VECTOR('',#10189,1.);
#10189=DIRECTION('',(1.,0.,0.));
#10190=CARTESIAN_POINT('',(-1.5,-24.,13.7426406871193));
#10191=VECTOR('',#10192,1.);
#10192=DIRECTION('',(-8.6278053216575E-16,0.,1.));
#10193=CARTESIAN_POINT('',(0.834848610088322,-24.,7.));
#10194=VECTOR('',#10195,1.);
#10195=DIRECTION('',(-1.,0.,0.));
#10196=CARTESIAN_POINT('',(6.,32.,0.));
#10197=CARTESIAN_POINT('',(6.,32.,0.883156030192954));
#10198=VECTOR('',#10199,1.);
#10199=DIRECTION('',(0.,0.,-1.));
#10200=CARTESIAN_POINT('',(6.,32.,2.32682891837998E-16));
#10201=VECTOR('',#10202,1.);
#10202=DIRECTION('',(1.,0.,6.12323399573677E-17));
#10203=CARTESIAN_POINT('',(14.,32.,0.));
#10204=CARTESIAN_POINT('',(10.,32.,4.77612251667468E-16));
#10205=VECTOR('',#10206,1.);
#10206=DIRECTION('',(1.,0.,6.12323399573676E-17));
#10207=CARTESIAN_POINT('',(14.,32.,0.883156030192961));
#10208=VECTOR('',#10209,1.);
#10209=DIRECTION('',(0.,0.,-1.));
#10210=CARTESIAN_POINT('',(14.,-32.,0.));
#10211=CARTESIAN_POINT('',(14.,32.,7.22541611496939E-16));
#10212=VECTOR('',#10213,1.);
#10213=DIRECTION('',(-2.77555756156289E-17,-1.,-1.84889274661175E-32));
#10214=CARTESIAN_POINT('',(14.,-32.,0.883156030192964));
#10215=VECTOR('',#10216,1.);
#10216=DIRECTION('',(0.,0.,-1.));
#10217=CARTESIAN_POINT('',(14.,-32.,7.22541611496938E-16));
#10218=VECTOR('',#10219,1.);
#10219=DIRECTION('',(-1.,0.,-6.12323399573676E-17));
#10220=CARTESIAN_POINT('',(6.,-32.,0.));
#10221=CARTESIAN_POINT('',(10.,-32.,4.77612251667468E-16));
#10222=VECTOR('',#10223,1.);
#10223=DIRECTION('',(-1.,0.,-6.12323399573677E-17));
#10224=CARTESIAN_POINT('',(6.,-32.,0.883156030192961));
#10225=VECTOR('',#10226,1.);
#10226=DIRECTION('',(0.,0.,-1.));
#10227=CARTESIAN_POINT('',(6.,-32.,2.32682891837997E-16));
#10228=VECTOR('',#10229,1.);
#10229=DIRECTION('',(4.16333634234434E-17,1.,1.30963236218332E-32));
#10230=CARTESIAN_POINT('',(-1.5,-34.5,14.));
#10231=VECTOR('',#10232,1.);
#10232=DIRECTION('',(8.45884209238214E-17,1.,0.));
#10233=CARTESIAN_POINT('',(-1.5,2.55649367432735E-32,14.));
#10234=CARTESIAN_POINT('',(-1.5,-15.,14.));
#10235=VECTOR('',#10236,1.);
#10236=DIRECTION('',(5.9211894646675E-17,1.,0.));
#10237=CARTESIAN_POINT('',(-1.5,-9.18485099360515E-17,14.));
#10238=VECTOR('',#10239,1.);
#10239=DIRECTION('',(-1.,-6.12323399573676E-17,0.));
#10240=CARTESIAN_POINT('',(-1.5,-9.18485099360514E-17,13.7426406871193));
#10241=VECTOR('',#10242,1.);
#10242=DIRECTION('',(0.,-4.78939406004357E-32,1.));
#10243=CARTESIAN_POINT('',(-14.,-32.,0.));
#10244=CARTESIAN_POINT('',(-10.,-32.,-7.47034547479886E-16));
#10245=VECTOR('',#10246,1.);
#10246=DIRECTION('',(-1.,0.,-5.0532154980743E-16));
#10247=CARTESIAN_POINT('',(-14.,-32.,0.883156030192961));
#10248=VECTOR('',#10249,1.);
#10249=DIRECTION('',(0.,0.,-1.));
#10250=CARTESIAN_POINT('',(-14.,32.,0.));
#10251=CARTESIAN_POINT('',(-14.,-32.,-2.76832074670961E-15));
#10252=VECTOR('',#10253,1.);
#10253=DIRECTION('',(5.55111512312578E-17,1.,1.23259516440783E-32));
#10254=CARTESIAN_POINT('',(-14.,32.,0.883156030192971));
#10255=VECTOR('',#10256,1.);
#10256=DIRECTION('',(0.,0.,-1.));
#10257=CARTESIAN_POINT('',(-14.,32.,-2.76832074670961E-15));
#10258=VECTOR('',#10259,1.);
#10259=DIRECTION('',(1.,0.,5.05321549807431E-16));
#10260=CARTESIAN_POINT('',(-6.,32.,0.));
#10261=CARTESIAN_POINT('',(-10.,32.,-7.47034547479885E-16));
#10262=VECTOR('',#10263,1.);
#10263=DIRECTION('',(1.,0.,6.12323399573676E-17));
#10264=CARTESIAN_POINT('',(-6.,32.,0.883156030192961));
#10265=VECTOR('',#10266,1.);
#10266=DIRECTION('',(0.,0.,-1.));
#10267=CARTESIAN_POINT('',(-6.,-32.,0.));
#10268=CARTESIAN_POINT('',(-6.,32.,-5.02105187650414E-16));
#10269=VECTOR('',#10270,1.);
#10270=DIRECTION('',(-1.38777878078145E-17,-1.,-1.23259516440783E-32));
#10271=CARTESIAN_POINT('',(-6.,-32.,0.883156030192957));
#10272=VECTOR('',#10273,1.);
#10273=DIRECTION('',(0.,0.,-1.));
#10274=CARTESIAN_POINT('',(-6.,-32.,-5.02105187650415E-16));
#10275=VECTOR('',#10276,1.);
#10276=DIRECTION('',(-1.,0.,-6.12323399573677E-17));
#10277=CARTESIAN_POINT('',(39.4,2.,4.44089209850063E-15));
#10278=CARTESIAN_POINT('',(39.4,-2.,4.44089209850063E-15));
#10279=CARTESIAN_POINT('',(39.4,-2.,4.49828909566439E-15));
#10280=VECTOR('',#10281,1.);
#10281=DIRECTION('',(0.,1.,0.));
#10282=CARTESIAN_POINT('',(40.4,-2.,4.67815077274289E-15));
#10283=CARTESIAN_POINT('',(40.4,-2.,4.78156604054679E-15));
#10284=VECTOR('',#10285,1.);
#10285=DIRECTION('',(-1.,0.,-2.83276944882402E-16));
#10286=CARTESIAN_POINT('',(40.4,-38.5,4.67815077274289E-15));
#10287=CARTESIAN_POINT('',(40.4,-2.,4.67815077274289E-15));
#10288=VECTOR('',#10289,1.);
#10289=DIRECTION('',(1.94669242674E-16,-1.,0.));
#10290=CARTESIAN_POINT('',(33.,-38.5,3.77191214137385E-15));
#10291=CARTESIAN_POINT('',(33.,-38.5,3.77191214137385E-15));
#10292=VECTOR('',#10293,1.);
#10293=DIRECTION('',(1.,0.,1.22464679914735E-16));
#10294=CARTESIAN_POINT('',(33.,-36.1,3.66231291008717E-15));
#10295=CARTESIAN_POINT('',(33.,-36.1,3.77191214137385E-15));
#10296=VECTOR('',#10297,1.);
#10297=DIRECTION('',(0.,-1.,0.));
#10298=CARTESIAN_POINT('',(33.2,-36.1,3.5527136788005E-15));
#10299=CARTESIAN_POINT('',(33.2,-36.1,3.67455937807865E-15));
#10300=VECTOR('',#10301,1.);
#10301=DIRECTION('',(-1.,0.,-6.12323399573663E-17));
#10302=CARTESIAN_POINT('',(33.2,-35.5,3.5527136788005E-15));
#10303=CARTESIAN_POINT('',(33.2,-35.5,3.67455937807865E-15));
#10304=VECTOR('',#10305,1.);
#10305=DIRECTION('',(0.,-1.,0.));
#10306=CARTESIAN_POINT('',(26.8,-35.5,3.5527136788005E-15));
#10307=CARTESIAN_POINT('',(26.8,-35.5,3.28267240235149E-15));
#10308=VECTOR('',#10309,1.);
#10309=DIRECTION('',(1.,-2.22044604925031E-15,6.12323399573676E-17));
#10310=CARTESIAN_POINT('',(26.8,-36.1,3.5527136788005E-15));
#10311=CARTESIAN_POINT('',(26.8,-36.1,3.2826724023515E-15));
#10312=VECTOR('',#10313,1.);
#10313=DIRECTION('',(-5.92118946466742E-15,1.,0.));
#10314=CARTESIAN_POINT('',(27.,-36.1,3.29491887034297E-15));
#10315=CARTESIAN_POINT('',(27.,-36.1,3.29491887034297E-15));
#10316=VECTOR('',#10317,1.);
#10317=DIRECTION('',(-1.,0.,-6.12323399573655E-17));
#10318=CARTESIAN_POINT('',(27.,-38.5,3.03712406188544E-15));
#10319=CARTESIAN_POINT('',(27.,-38.5,3.04511868980231E-15));
#10320=VECTOR('',#10321,1.);
#10321=DIRECTION('',(0.,1.,0.));
#10322=CARTESIAN_POINT('',(13.,-38.5,1.32261854307914E-15));
#10323=CARTESIAN_POINT('',(13.,-38.5,1.32261854307914E-15));
#10324=VECTOR('',#10325,1.);
#10325=DIRECTION('',(1.,0.,1.22464679914735E-16));
#10326=CARTESIAN_POINT('',(13.,-36.1,6.61309271539571E-16));
#10327=CARTESIAN_POINT('',(13.,-36.1,1.32261854307914E-15));
#10328=VECTOR('',#10329,1.);
#10329=DIRECTION('',(0.,-1.,-1.64346021921044E-31));
#10330=CARTESIAN_POINT('',(13.2,-36.1,0.));
#10331=CARTESIAN_POINT('',(13.2,-36.1,6.73555739531044E-16));
#10332=VECTOR('',#10333,1.);
#10333=DIRECTION('',(-1.,0.,-6.12323399573683E-17));
#10334=CARTESIAN_POINT('',(13.2,-35.5,0.));
#10335=CARTESIAN_POINT('',(13.2,-35.5,6.73555739531044E-16));
#10336=VECTOR('',#10337,1.);
#10337=DIRECTION('',(0.,-1.,0.));
#10338=CARTESIAN_POINT('',(6.8,-35.5,0.));
#10339=CARTESIAN_POINT('',(6.8,-35.5,2.81668763803891E-16));
#10340=VECTOR('',#10341,1.);
#10341=DIRECTION('',(1.,0.,6.12323399573677E-17));
#10342=CARTESIAN_POINT('',(6.8,-36.1,0.));
#10343=CARTESIAN_POINT('',(6.8,-36.1,2.81668763803891E-16));
#10344=VECTOR('',#10345,1.);
#10345=DIRECTION('',(-7.40148683083445E-15,1.,-6.57384087684183E-31));
#10346=CARTESIAN_POINT('',(7.00000000000001,-36.1,2.93915231795365E-16));
#10347=CARTESIAN_POINT('',(7.00000000000001,-36.1,2.93915231795365E-16));
#10348=VECTOR('',#10349,1.);
#10349=DIRECTION('',(-1.,0.,-6.1232339957368E-17));
#10350=CARTESIAN_POINT('',(7.00000000000001,-38.5,5.8783046359073E-16));
#10351=CARTESIAN_POINT('',(7.00000000000001,-38.5,5.99226563567283E-16));
#10352=VECTOR('',#10353,1.);
#10353=DIRECTION('',(0.,1.,0.));
#10354=CARTESIAN_POINT('',(-6.99999999999999,-38.5,-1.12667505521556E-15));
#10355=CARTESIAN_POINT('',(-6.99999999999999,-38.5,-1.12667505521556E-15));
#10356=VECTOR('',#10357,1.);
#10357=DIRECTION('',(1.,0.,1.22464679914735E-16));
#10358=CARTESIAN_POINT('',(-6.99999999999999,-36.1,-5.63337527607782E-16));
#10359=CARTESIAN_POINT('',(-6.99999999999999,-36.1,-1.12667505521556E-15));
#10360=VECTOR('',#10361,1.);
#10361=DIRECTION('',(-1.48029736616687E-15,-1.,-1.64346021921044E-31));
#10362=CARTESIAN_POINT('',(-6.8,-36.1,0.));
#10363=CARTESIAN_POINT('',(-6.8,-36.1,-5.51091059616309E-16));
#10364=VECTOR('',#10365,1.);
#10365=DIRECTION('',(-1.,0.,-6.12323399573683E-17));
#10366=CARTESIAN_POINT('',(-6.8,-35.5,0.));
#10367=CARTESIAN_POINT('',(-6.8,-35.5,-5.51091059616309E-16));
#10368=VECTOR('',#10369,1.);
#10369=DIRECTION('',(0.,-1.,0.));
#10370=CARTESIAN_POINT('',(-13.2,-35.5,0.));
#10371=CARTESIAN_POINT('',(-13.2,-35.5,-2.71933487474371E-15));
#10372=VECTOR('',#10373,1.);
#10373=DIRECTION('',(1.,0.,3.38788096113657E-16));
#10374=CARTESIAN_POINT('',(-13.2,-36.1,0.));
#10375=CARTESIAN_POINT('',(-13.2,-36.1,-2.71933487474371E-15));
#10376=VECTOR('',#10377,1.);
#10377=DIRECTION('',(-2.96059473233378E-15,1.,0.));
#10378=CARTESIAN_POINT('',(-13.,-36.1,-2.70708840675224E-15));
#10379=CARTESIAN_POINT('',(-13.,-36.1,-2.70708840675224E-15));
#10380=VECTOR('',#10381,1.);
#10381=DIRECTION('',(-1.,0.,-6.12323399573668E-17));
#10382=CARTESIAN_POINT('',(-13.,-38.5,-1.86146313470398E-15));
#10383=CARTESIAN_POINT('',(-13.,-38.5,-1.87442113828337E-15));
#10384=VECTOR('',#10385,1.);
#10385=DIRECTION('',(-1.48029736616687E-15,1.,0.));
#10386=CARTESIAN_POINT('',(-27.,-38.5,-3.57596865351027E-15));
#10387=CARTESIAN_POINT('',(-27.,-38.5,-3.57596865351027E-15));
#10388=VECTOR('',#10389,1.);
#10389=DIRECTION('',(1.,0.,1.22464679914735E-16));
#10390=CARTESIAN_POINT('',(-27.,-36.1,-3.56434116615539E-15));
#10391=CARTESIAN_POINT('',(-27.,-36.1,-3.57596865351027E-15));
#10392=VECTOR('',#10393,1.);
#10393=DIRECTION('',(0.,-1.,3.28692043842087E-31));
#10394=CARTESIAN_POINT('',(-26.8,-36.1,-3.5527136788005E-15));
#10395=CARTESIAN_POINT('',(-26.8,-36.1,-3.55209469816391E-15));
#10396=VECTOR('',#10397,1.);
#10397=DIRECTION('',(-1.,0.,-6.1232339957365E-17));
#10398=CARTESIAN_POINT('',(-26.8,-35.5,-3.5527136788005E-15));
#10399=CARTESIAN_POINT('',(-26.8,-35.5,-3.55209469816391E-15));
#10400=VECTOR('',#10401,1.);
#10401=DIRECTION('',(0.,-1.,0.));
#10402=CARTESIAN_POINT('',(-33.2,-35.5,-3.5527136788005E-15));
#10403=CARTESIAN_POINT('',(-33.2,-35.5,-3.94398167389107E-15));
#10404=VECTOR('',#10405,1.);
#10405=DIRECTION('',(1.,-2.22044604925031E-15,6.12323399573677E-17));
#10406=CARTESIAN_POINT('',(-33.2,-36.1,-3.5527136788005E-15));
#10407=CARTESIAN_POINT('',(-33.2,-36.1,-3.94398167389107E-15));
#10408=VECTOR('',#10409,1.);
#10409=DIRECTION('',(-1.18423789293351E-14,1.,-1.31476817536837E-30));
#10410=CARTESIAN_POINT('',(-33.,-36.1,-3.93173520589959E-15));
#10411=CARTESIAN_POINT('',(-33.,-36.1,-3.93173520589959E-15));
#10412=VECTOR('',#10413,1.);
#10413=DIRECTION('',(-1.,0.,-6.12323399573677E-17));
#10414=CARTESIAN_POINT('',(-33.,-38.5,-4.31075673299868E-15));
#10415=CARTESIAN_POINT('',(-33.,-38.5,-4.3203132645184E-15));
#10416=VECTOR('',#10417,1.);
#10417=DIRECTION('',(0.,1.,0.));
#10418=CARTESIAN_POINT('',(-40.4,-38.5,-5.21699536436772E-15));
#10419=CARTESIAN_POINT('',(-40.4,-38.5,-5.21699536436772E-15));
#10420=VECTOR('',#10421,1.);
#10421=DIRECTION('',(1.,0.,1.22464679914735E-16));
#10422=CARTESIAN_POINT('',(-40.4,-2.,-3.49667610188399E-15));
#10423=CARTESIAN_POINT('',(-40.4,-2.,-3.49667610188399E-15));
#10424=VECTOR('',#10425,1.);
#10425=DIRECTION('',(1.94669242674E-16,-1.,0.));
#10426=CARTESIAN_POINT('',(-39.4,-2.,-4.88498130835069E-15));
#10427=CARTESIAN_POINT('',(-39.4,-2.,-4.98975599640184E-15));
#10428=VECTOR('',#10429,1.);
#10429=DIRECTION('',(-1.,0.,-2.83276944882399E-16));
#10430=CARTESIAN_POINT('',(-39.4,2.,-4.88498130835069E-15));
#10431=CARTESIAN_POINT('',(-39.4,2.,-4.98975599640184E-15));
#10432=VECTOR('',#10433,1.);
#10433=DIRECTION('',(0.,-1.,0.));
#10434=CARTESIAN_POINT('',(-40.4,1.99999999999999,-3.49667610188399E-15));
#10435=CARTESIAN_POINT('',(-40.4,2.,-5.27303294128424E-15));
#10436=VECTOR('',#10437,1.);
#10437=DIRECTION('',(1.,0.,2.83276944882399E-16));
#10438=CARTESIAN_POINT('',(-40.4,38.5,-5.21699536436772E-15));
#10439=CARTESIAN_POINT('',(-40.4,38.5,-3.49667610188399E-15));
#10440=VECTOR('',#10441,1.);
#10441=DIRECTION('',(1.94669242674E-16,-1.,0.));
#10442=CARTESIAN_POINT('',(-33.,38.5,-4.31075673299868E-15));
#10443=CARTESIAN_POINT('',(-40.4,38.5,-5.21699536436772E-15));
#10444=VECTOR('',#10445,1.);
#10445=DIRECTION('',(1.,0.,1.22464679914735E-16));
#10446=CARTESIAN_POINT('',(-33.,36.1,-3.93173520589959E-15));
#10447=CARTESIAN_POINT('',(-33.,36.1,-4.31075673299868E-15));
#10448=VECTOR('',#10449,1.);
#10449=DIRECTION('',(0.,1.,0.));
#10450=CARTESIAN_POINT('',(-33.2,36.1,-3.5527136788005E-15));
#10451=CARTESIAN_POINT('',(-33.2,36.1,-3.94398167389106E-15));
#10452=VECTOR('',#10453,1.);
#10453=DIRECTION('',(1.,0.,6.12323399573663E-17));
#10454=CARTESIAN_POINT('',(-33.2,35.5,-3.5527136788005E-15));
#10455=CARTESIAN_POINT('',(-33.2,35.5,-3.94398167389106E-15));
#10456=VECTOR('',#10457,1.);
#10457=DIRECTION('',(0.,1.,0.));
#10458=CARTESIAN_POINT('',(-26.8,35.5,-3.5527136788005E-15));
#10459=CARTESIAN_POINT('',(-26.8,35.5,-3.55209469816391E-15));
#10460=VECTOR('',#10461,1.);
#10461=DIRECTION('',(-1.,1.11022302462516E-15,-6.12323399573678E-17));
#10462=CARTESIAN_POINT('',(-26.8,36.1,-3.5527136788005E-15));
#10463=CARTESIAN_POINT('',(-26.8,36.1,-3.55209469816391E-15));
#10464=VECTOR('',#10465,1.);
#10465=DIRECTION('',(0.,-1.,0.));
#10466=CARTESIAN_POINT('',(-27.,36.1,-3.56434116615539E-15));
#10467=CARTESIAN_POINT('',(-27.,36.1,-3.56434116615539E-15));
#10468=VECTOR('',#10469,1.);
#10469=DIRECTION('',(1.,0.,6.12323399573679E-17));
#10470=CARTESIAN_POINT('',(-27.,38.5,-3.57596865351027E-15));
#10471=CARTESIAN_POINT('',(-27.,38.5,-3.56434116615539E-15));
#10472=VECTOR('',#10473,1.);
#10473=DIRECTION('',(0.,-1.,0.));
#10474=CARTESIAN_POINT('',(-13.,38.5,-1.86146313470398E-15));
#10475=CARTESIAN_POINT('',(-27.,38.5,-3.57596865351027E-15));
#10476=VECTOR('',#10477,1.);
#10477=DIRECTION('',(1.,0.,1.22464679914735E-16));
#10478=CARTESIAN_POINT('',(-13.,36.1,-2.70708840675224E-15));
#10479=CARTESIAN_POINT('',(-13.,36.1,-1.86146313470398E-15));
#10480=VECTOR('',#10481,1.);
#10481=DIRECTION('',(-7.40148683083438E-16,1.,0.));
#10482=CARTESIAN_POINT('',(-13.2,36.1,0.));
#10483=CARTESIAN_POINT('',(-13.2,36.1,-2.71933487474371E-15));
#10484=VECTOR('',#10485,1.);
#10485=DIRECTION('',(1.,0.,6.12323399573679E-17));
#10486=CARTESIAN_POINT('',(-13.2,35.5,0.));
#10487=CARTESIAN_POINT('',(-13.2,35.5,-2.71933487474371E-15));
#10488=VECTOR('',#10489,1.);
#10489=DIRECTION('',(0.,1.,0.));
#10490=CARTESIAN_POINT('',(-6.8,35.5,0.));
#10491=CARTESIAN_POINT('',(-6.8,35.5,-5.51091059616308E-16));
#10492=VECTOR('',#10493,1.);
#10493=DIRECTION('',(-1.,0.,-3.38788096113656E-16));
#10494=CARTESIAN_POINT('',(-6.8,36.1,0.));
#10495=CARTESIAN_POINT('',(-6.8,36.1,-5.51091059616309E-16));
#10496=VECTOR('',#10497,1.);
#10497=DIRECTION('',(1.48029736616687E-15,-1.,0.));
#10498=CARTESIAN_POINT('',(-7.00000000000001,36.1,-5.63337527607782E-16));
#10499=CARTESIAN_POINT('',(-7.00000000000001,36.1,-5.63337527607782E-16));
#10500=VECTOR('',#10501,1.);
#10501=DIRECTION('',(1.,0.,6.12323399573677E-17));
#10502=CARTESIAN_POINT('',(-7.00000000000001,38.5,-1.12667505521556E-15));
#10503=CARTESIAN_POINT('',(-7.00000000000001,38.5,-1.14620461553599E-15));
#10504=VECTOR('',#10505,1.);
#10505=DIRECTION('',(0.,-1.,0.));
#10506=CARTESIAN_POINT('',(6.99999999999999,38.5,5.8783046359073E-16));
#10507=CARTESIAN_POINT('',(-7.00000000000001,38.5,-1.12667505521556E-15));
#10508=VECTOR('',#10509,1.);
#10509=DIRECTION('',(1.,0.,1.22464679914735E-16));
#10510=CARTESIAN_POINT('',(6.99999999999999,36.1,2.93915231795365E-16));
#10511=CARTESIAN_POINT('',(6.99999999999999,36.1,5.8783046359073E-16));
#10512=VECTOR('',#10513,1.);
#10513=DIRECTION('',(0.,1.,0.));
#10514=CARTESIAN_POINT('',(6.8,36.1,0.));
#10515=CARTESIAN_POINT('',(6.8,36.1,2.81668763803892E-16));
#10516=VECTOR('',#10517,1.);
#10517=DIRECTION('',(1.,0.,6.12323399573681E-17));
#10518=CARTESIAN_POINT('',(6.8,35.5,0.));
#10519=CARTESIAN_POINT('',(6.8,35.5,2.81668763803892E-16));
#10520=VECTOR('',#10521,1.);
#10521=DIRECTION('',(-1.48029736616687E-15,1.,0.));
#10522=CARTESIAN_POINT('',(13.2,35.5,0.));
#10523=CARTESIAN_POINT('',(13.2,35.5,6.73555739531045E-16));
#10524=VECTOR('',#10525,1.);
#10525=DIRECTION('',(-1.,0.,-6.12323399573677E-17));
#10526=CARTESIAN_POINT('',(13.2,36.1,0.));
#10527=CARTESIAN_POINT('',(13.2,36.1,6.73555739531045E-16));
#10528=VECTOR('',#10529,1.);
#10529=DIRECTION('',(0.,-1.,0.));
#10530=CARTESIAN_POINT('',(13.,36.1,6.61309271539571E-16));
#10531=CARTESIAN_POINT('',(13.,36.1,6.61309271539571E-16));
#10532=VECTOR('',#10533,1.);
#10533=DIRECTION('',(1.,0.,6.12323399573679E-17));
#10534=CARTESIAN_POINT('',(13.,38.5,1.32261854307914E-15));
#10535=CARTESIAN_POINT('',(13.,38.5,1.32744308631466E-15));
#10536=VECTOR('',#10537,1.);
#10537=DIRECTION('',(7.40148683083438E-16,-1.,0.));
#10538=CARTESIAN_POINT('',(27.,38.5,3.03712406188543E-15));
#10539=CARTESIAN_POINT('',(13.,38.5,1.32261854307914E-15));
#10540=VECTOR('',#10541,1.);
#10541=DIRECTION('',(1.,0.,1.22464679914735E-16));
#10542=CARTESIAN_POINT('',(27.,36.1,3.29491887034297E-15));
#10543=CARTESIAN_POINT('',(27.,36.1,3.03712406188544E-15));
#10544=VECTOR('',#10545,1.);
#10545=DIRECTION('',(0.,1.,0.));
#10546=CARTESIAN_POINT('',(26.8,36.1,3.5527136788005E-15));
#10547=CARTESIAN_POINT('',(26.8,36.1,3.2826724023515E-15));
#10548=VECTOR('',#10549,1.);
#10549=DIRECTION('',(1.,0.,6.12323399573659E-17));
#10550=CARTESIAN_POINT('',(26.8,35.5,3.5527136788005E-15));
#10551=CARTESIAN_POINT('',(26.8,35.5,3.2826724023515E-15));
#10552=VECTOR('',#10553,1.);
#10553=DIRECTION('',(0.,1.,0.));
#10554=CARTESIAN_POINT('',(33.2,35.5,3.5527136788005E-15));
#10555=CARTESIAN_POINT('',(33.2,35.5,3.67455937807865E-15));
#10556=VECTOR('',#10557,1.);
#10557=DIRECTION('',(-1.,2.22044604925031E-15,-6.12323399573676E-17));
#10558=CARTESIAN_POINT('',(33.2,36.1,3.5527136788005E-15));
#10559=CARTESIAN_POINT('',(33.2,36.1,3.67455937807865E-15));
#10560=VECTOR('',#10561,1.);
#10561=DIRECTION('',(0.,-1.,0.));
#10562=CARTESIAN_POINT('',(33.,36.1,3.66231291008717E-15));
#10563=CARTESIAN_POINT('',(33.,36.1,3.66231291008717E-15));
#10564=VECTOR('',#10565,1.);
#10565=DIRECTION('',(1.,0.,6.12323399573655E-17));
#10566=CARTESIAN_POINT('',(33.,38.5,3.77191214137385E-15));
#10567=CARTESIAN_POINT('',(33.,38.5,3.77333521254969E-15));
#10568=VECTOR('',#10569,1.);
#10569=DIRECTION('',(0.,-1.,0.));
#10570=CARTESIAN_POINT('',(40.4,38.5,4.67815077274289E-15));
#10571=CARTESIAN_POINT('',(33.,38.5,3.77191214137385E-15));
#10572=VECTOR('',#10573,1.);
#10573=DIRECTION('',(1.,0.,1.22464679914735E-16));
#10574=CARTESIAN_POINT('',(40.4,2.00000000000001,4.67815077274289E-15));
#10575=CARTESIAN_POINT('',(40.4,38.5,4.67815077274289E-15));
#10576=VECTOR('',#10577,1.);
#10577=DIRECTION('',(1.94669242674E-16,-1.,0.));
#10578=CARTESIAN_POINT('',(39.4,2.,4.49828909566439E-15));
#10579=VECTOR('',#10580,1.);
#10580=DIRECTION('',(1.,8.88178419700138E-16,2.83276944882402E-16));
#10581=CARTESIAN_POINT('',(36.6,36.6,4.2127849890669E-15));
#10582=AXIS2_PLACEMENT_3D('',#10583,#10584,#10585);
#10583=CARTESIAN_POINT('',(36.6,35.8,4.21278498906689E-15));
#10584=DIRECTION('',(1.22464679914735E-16,2.26016594027535E-32,-1.));
#10585=DIRECTION('',(-6.12323399573677E-17,1.,1.51028604894442E-32));
#10586=CARTESIAN_POINT('',(-35.1543167705199,27.2,-4.57458444673535E-15));
#10587=CARTESIAN_POINT('',(-38.0456832294801,27.2,-4.92867471464811E-15));
#10588=AXIS2_PLACEMENT_3D('',#10589,#10590,#10591);
#10589=CARTESIAN_POINT('',(-36.6,27.6,-4.75162958069173E-15));
#10590=DIRECTION('',(1.22464679914735E-16,2.26016594027535E-32,-1.));
#10591=DIRECTION('',(0.963788819653397,-0.266666666666668,1.18030089304254E-16));
#10592=CARTESIAN_POINT('',(-35.1543167705199,27.2,-4.57458444673535E-15));
#10593=VECTOR('',#10594,1.);
#10594=DIRECTION('',(-1.,-1.22873171880058E-15,-1.22464679914735E-16));
#10595=CARTESIAN_POINT('',(-38.0456832294801,28.,-4.92867471464811E-15));
#10596=CARTESIAN_POINT('',(-35.1543167705199,28.,-4.57458444673535E-15));
#10597=CARTESIAN_POINT('',(-38.0456832294801,28.,-4.92867471464811E-15));
#10598=VECTOR('',#10599,1.);
#10599=DIRECTION('',(1.,0.,1.22464679914735E-16));
#10600=AXIS2_PLACEMENT_3D('',#10601,#10602,#10603);
#10601=CARTESIAN_POINT('',(-36.6,27.6,-4.75162958069173E-15));
#10602=DIRECTION('',(1.22464679914735E-16,2.26016594027535E-32,-1.));
#10603=DIRECTION('',(-0.963788819653398,0.266666666666666,-1.18030089304254E-16));
#10604=CARTESIAN_POINT('',(38.0456832294801,-28.,4.38983012302328E-15));
#10605=CARTESIAN_POINT('',(35.1543167705199,-28.,4.03573985511051E-15));
#10606=AXIS2_PLACEMENT_3D('',#10607,#10608,#10609);
#10607=CARTESIAN_POINT('',(36.6,-27.6,4.21278498906689E-15));
#10608=DIRECTION('',(1.22464679914735E-16,2.26016594027535E-32,-1.));
#10609=DIRECTION('',(0.963788819653398,-0.266666666666664,1.18030089304254E-16));
#10610=CARTESIAN_POINT('',(38.0456832294801,-28.,4.38983012302328E-15));
#10611=VECTOR('',#10612,1.);
#10612=DIRECTION('',(-1.,0.,-1.22464679914735E-16));
#10613=CARTESIAN_POINT('',(35.1543167705199,-27.2,4.03573985511051E-15));
#10614=CARTESIAN_POINT('',(38.0456832294801,-27.2,4.38983012302328E-15));
#10615=CARTESIAN_POINT('',(35.1543167705199,-27.2,4.03573985511051E-15));
#10616=VECTOR('',#10617,1.);
#10617=DIRECTION('',(1.,0.,1.22464679914735E-16));
#10618=AXIS2_PLACEMENT_3D('',#10619,#10620,#10621);
#10619=CARTESIAN_POINT('',(36.6,-27.6,4.21278498906689E-15));
#10620=DIRECTION('',(1.22464679914735E-16,2.26016594027535E-32,-1.));
#10621=DIRECTION('',(-0.963788819653397,0.266666666666668,-1.18030089304254E-16));
#10622=CARTESIAN_POINT('',(33.,-35.5,16.));
#10623=CARTESIAN_POINT('',(33.,-35.5,16.));
#10624=VECTOR('',#10625,1.);
#10625=DIRECTION('',(0.,1.,0.));
#10626=CARTESIAN_POINT('',(33.,-35.5,4.00000000000001));
#10627=CARTESIAN_POINT('',(33.,-35.5,4.00000000000001));
#10628=VECTOR('',#10629,1.);
#10629=DIRECTION('',(0.,1.,0.));
#10630=CARTESIAN_POINT('',(33.,-35.5,16.));
#10631=VECTOR('',#10632,1.);
#10632=DIRECTION('',(0.,0.,-1.));
#10633=CARTESIAN_POINT('',(33.2,-35.5,16.));
#10634=CARTESIAN_POINT('',(33.2,-35.5,16.));
#10635=VECTOR('',#10636,1.);
#10636=DIRECTION('',(-1.,0.,0.));
#10637=CARTESIAN_POINT('',(33.2,-36.1,16.));
#10638=CARTESIAN_POINT('',(33.2,-36.1,16.));
#10639=VECTOR('',#10640,1.);
#10640=DIRECTION('',(0.,1.,0.));
#10641=CARTESIAN_POINT('',(31.5,-36.1,16.));
#10642=CARTESIAN_POINT('',(31.5,-36.1,16.));
#10643=VECTOR('',#10644,1.);
#10644=DIRECTION('',(1.,0.,0.));
#10645=CARTESIAN_POINT('',(31.5,-38.5,16.));
#10646=CARTESIAN_POINT('',(31.5,-38.5,16.));
#10647=VECTOR('',#10648,1.);
#10648=DIRECTION('',(0.,1.,0.));
#10649=CARTESIAN_POINT('',(37.5,-38.5,16.));
#10650=CARTESIAN_POINT('',(37.5,-38.5,16.));
#10651=VECTOR('',#10652,1.);
#10652=DIRECTION('',(-1.,0.,0.));
#10653=CARTESIAN_POINT('',(37.5,-34.5,16.));
#10654=VECTOR('',#10655,1.);
#10655=DIRECTION('',(0.,-1.,0.));
#10656=CARTESIAN_POINT('',(40.4,-38.5,11.));
#10657=CARTESIAN_POINT('',(40.4,-38.5,11.));
#10658=VECTOR('',#10659,1.);
#10659=DIRECTION('',(-0.501718089771846,0.,0.865031189261803));
#10660=CARTESIAN_POINT('',(40.4,-34.5,11.));
#10661=VECTOR('',#10662,1.);
#10662=DIRECTION('',(0.,-1.,0.));
#10663=CARTESIAN_POINT('',(40.4,2.,3.));
#10664=CARTESIAN_POINT('',(40.4,2.,4.78156604054679E-15));
#10665=VECTOR('',#10666,1.);
#10666=DIRECTION('',(0.,0.,1.));
#10667=CARTESIAN_POINT('',(40.4,38.5,11.));
#10668=CARTESIAN_POINT('',(40.4,38.5,4.67815077274289E-15));
#10669=VECTOR('',#10670,1.);
#10670=DIRECTION('',(0.,0.,1.));
#10671=CARTESIAN_POINT('',(40.4,38.5,11.));
#10672=VECTOR('',#10673,1.);
#10673=DIRECTION('',(0.,-1.,0.));
#10674=CARTESIAN_POINT('',(40.4,-38.5,4.67815077274289E-15));
#10675=VECTOR('',#10676,1.);
#10676=DIRECTION('',(0.,0.,1.));
#10677=CARTESIAN_POINT('',(40.4,-2.,3.));
#10678=CARTESIAN_POINT('',(40.4,-2.,3.));
#10679=VECTOR('',#10680,1.);
#10680=DIRECTION('',(0.,0.,-1.));
#10681=CARTESIAN_POINT('',(40.4,-2.00000000000001,3.));
#10682=VECTOR('',#10683,1.);
#10683=DIRECTION('',(0.,1.,0.));
#10684=CARTESIAN_POINT('',(-40.4,2.,2.99999999999999));
#10685=CARTESIAN_POINT('',(-40.4,2.,2.99999999999999));
#10686=VECTOR('',#10687,1.);
#10687=DIRECTION('',(0.,0.,-1.));
#10688=CARTESIAN_POINT('',(-40.4,-2.,2.99999999999999));
#10689=CARTESIAN_POINT('',(-40.4,2.00000000000001,2.99999999999999));
#10690=VECTOR('',#10691,1.);
#10691=DIRECTION('',(0.,-1.,0.));
#10692=CARTESIAN_POINT('',(-40.4,-2.,-1.77635683940025E-15));
#10693=VECTOR('',#10694,1.);
#10694=DIRECTION('',(0.,0.,1.));
#10695=CARTESIAN_POINT('',(-40.4,-38.5,11.));
#10696=CARTESIAN_POINT('',(-40.4,-38.5,11.));
#10697=VECTOR('',#10698,1.);
#10698=DIRECTION('',(0.,0.,-1.));
#10699=CARTESIAN_POINT('',(-40.4,-34.5,11.));
#10700=VECTOR('',#10701,1.);
#10701=DIRECTION('',(0.,-1.,0.));
#10702=CARTESIAN_POINT('',(-40.4,38.5,11.));
#10703=CARTESIAN_POINT('',(-40.4,38.5,11.));
#10704=VECTOR('',#10705,1.);
#10705=DIRECTION('',(0.,-1.,0.));
#10706=CARTESIAN_POINT('',(-40.4,38.5,11.));
#10707=VECTOR('',#10708,1.);
#10708=DIRECTION('',(0.,0.,-1.));
#10709=CARTESIAN_POINT('',(-37.5,-38.5,16.));
#10710=CARTESIAN_POINT('',(-37.5,-38.5,16.));
#10711=VECTOR('',#10712,1.);
#10712=DIRECTION('',(-0.501718089771846,0.,-0.865031189261804));
#10713=CARTESIAN_POINT('',(-37.5,-34.5,16.));
#10714=VECTOR('',#10715,1.);
#10715=DIRECTION('',(1.77635683940025E-15,-1.,0.));
#10716=CARTESIAN_POINT('',(-33.,-35.5,16.));
#10717=CARTESIAN_POINT('',(-33.,-34.5,16.));
#10718=VECTOR('',#10719,1.);
#10719=DIRECTION('',(0.,-1.,0.));
#10720=CARTESIAN_POINT('',(-31.5,-38.5,16.));
#10721=CARTESIAN_POINT('',(-31.5,-38.5,16.));
#10722=VECTOR('',#10723,1.);
#10723=DIRECTION('',(-1.,0.,2.96059473233377E-16));
#10724=CARTESIAN_POINT('',(-31.5,-36.1,16.));
#10725=CARTESIAN_POINT('',(-31.5,-36.1,16.));
#10726=VECTOR('',#10727,1.);
#10727=DIRECTION('',(-2.96059473233374E-15,-1.,0.));
#10728=CARTESIAN_POINT('',(-33.2,-36.1,16.));
#10729=CARTESIAN_POINT('',(-33.2,-36.1,16.));
#10730=VECTOR('',#10731,1.);
#10731=DIRECTION('',(1.,0.,0.));
#10732=CARTESIAN_POINT('',(-33.2,-35.5,16.));
#10733=CARTESIAN_POINT('',(-33.2,-35.5,16.));
#10734=VECTOR('',#10735,1.);
#10735=DIRECTION('',(1.18423789293351E-14,-1.,0.));
#10736=CARTESIAN_POINT('',(-33.,-35.5,16.));
#10737=VECTOR('',#10738,1.);
#10738=DIRECTION('',(-1.,0.,0.));
#10739=CARTESIAN_POINT('',(-33.,-35.5,4.));
#10740=CARTESIAN_POINT('',(-33.,-35.5,4.));
#10741=VECTOR('',#10742,1.);
#10742=DIRECTION('',(0.,0.,1.));
#10743=CARTESIAN_POINT('',(-33.,-34.5,4.));
#10744=VECTOR('',#10745,1.);
#10745=DIRECTION('',(0.,-1.,0.));
#10746=CARTESIAN_POINT('',(-27.,-35.5,4.));
#10747=CARTESIAN_POINT('',(-33.,-35.5,4.));
#10748=VECTOR('',#10749,1.);
#10749=DIRECTION('',(1.,-1.1842378929335E-15,0.));
#10750=CARTESIAN_POINT('',(-27.,-35.5,4.));
#10751=VECTOR('',#10752,1.);
#10752=DIRECTION('',(0.,1.,0.));
#10753=CARTESIAN_POINT('',(-27.,-35.5,16.));
#10754=CARTESIAN_POINT('',(-27.,-35.5,16.));
#10755=VECTOR('',#10756,1.);
#10756=DIRECTION('',(0.,1.,0.));
#10757=CARTESIAN_POINT('',(-27.,-35.5,16.));
#10758=VECTOR('',#10759,1.);
#10759=DIRECTION('',(0.,0.,-1.));
#10760=CARTESIAN_POINT('',(-13.,-35.5,16.));
#10761=CARTESIAN_POINT('',(-13.,-34.5,16.));
#10762=VECTOR('',#10763,1.);
#10763=DIRECTION('',(0.,-1.,0.));
#10764=CARTESIAN_POINT('',(-26.8,-35.5,16.));
#10765=CARTESIAN_POINT('',(-26.8,-35.5,16.));
#10766=VECTOR('',#10767,1.);
#10767=DIRECTION('',(-1.,0.,0.));
#10768=CARTESIAN_POINT('',(-26.8,-36.1,16.));
#10769=CARTESIAN_POINT('',(-26.8,-36.1,16.));
#10770=VECTOR('',#10771,1.);
#10771=DIRECTION('',(1.18423789293348E-14,1.,0.));
#10772=CARTESIAN_POINT('',(-28.5,-36.1,16.));
#10773=CARTESIAN_POINT('',(-28.5,-36.1,16.));
#10774=VECTOR('',#10775,1.);
#10775=DIRECTION('',(1.,0.,0.));
#10776=CARTESIAN_POINT('',(-28.5,-38.5,16.));
#10777=CARTESIAN_POINT('',(-28.5,-38.5,16.));
#10778=VECTOR('',#10779,1.);
#10779=DIRECTION('',(2.96059473233374E-15,1.,0.));
#10780=CARTESIAN_POINT('',(-11.5,-38.5,16.));
#10781=CARTESIAN_POINT('',(-11.5,-38.5,16.));
#10782=VECTOR('',#10783,1.);
#10783=DIRECTION('',(-1.,0.,0.));
#10784=CARTESIAN_POINT('',(-11.5,-36.1,16.));
#10785=CARTESIAN_POINT('',(-11.5,-36.1,16.));
#10786=VECTOR('',#10787,1.);
#10787=DIRECTION('',(-2.22044604925031E-15,-1.,0.));
#10788=CARTESIAN_POINT('',(-13.2,-36.1,16.));
#10789=CARTESIAN_POINT('',(-13.2,-36.1,16.));
#10790=VECTOR('',#10791,1.);
#10791=DIRECTION('',(1.,0.,0.));
#10792=CARTESIAN_POINT('',(-13.2,-35.5,16.));
#10793=CARTESIAN_POINT('',(-13.2,-35.5,16.));
#10794=VECTOR('',#10795,1.);
#10795=DIRECTION('',(5.92118946466756E-15,-1.,0.));
#10796=CARTESIAN_POINT('',(-13.,-35.5,16.));
#10797=VECTOR('',#10798,1.);
#10798=DIRECTION('',(-1.,0.,0.));
#10799=CARTESIAN_POINT('',(-13.,-35.5,4.));
#10800=CARTESIAN_POINT('',(-13.,-35.5,4.));
#10801=VECTOR('',#10802,1.);
#10802=DIRECTION('',(-1.48029736616688E-16,0.,1.));
#10803=CARTESIAN_POINT('',(-13.,-34.5,4.));
#10804=VECTOR('',#10805,1.);
#10805=DIRECTION('',(0.,-1.,0.));
#10806=CARTESIAN_POINT('',(-7.,-35.5,4.));
#10807=CARTESIAN_POINT('',(-13.,-35.5,4.));
#10808=VECTOR('',#10809,1.);
#10809=DIRECTION('',(1.,0.,2.96059473233375E-16));
#10810=CARTESIAN_POINT('',(-7.,-35.5,4.));
#10811=VECTOR('',#10812,1.);
#10812=DIRECTION('',(0.,1.,0.));
#10813=CARTESIAN_POINT('',(-7.,-35.5,16.));
#10814=CARTESIAN_POINT('',(-7.,-35.5,16.));
#10815=VECTOR('',#10816,1.);
#10816=DIRECTION('',(0.,1.,0.));
#10817=CARTESIAN_POINT('',(-7.,-35.5,16.));
#10818=VECTOR('',#10819,1.);
#10819=DIRECTION('',(7.40148683083438E-17,0.,-1.));
#10820=CARTESIAN_POINT('',(-6.8,-35.5,16.));
#10821=CARTESIAN_POINT('',(-6.8,-35.5,16.));
#10822=VECTOR('',#10823,1.);
#10823=DIRECTION('',(-1.,0.,0.));
#10824=CARTESIAN_POINT('',(-6.8,-36.1,16.));
#10825=CARTESIAN_POINT('',(-6.8,-36.1,16.));
#10826=VECTOR('',#10827,1.);
#10827=DIRECTION('',(0.,1.,0.));
#10828=CARTESIAN_POINT('',(-8.5,-36.1,16.));
#10829=CARTESIAN_POINT('',(-8.5,-36.1,16.));
#10830=VECTOR('',#10831,1.);
#10831=DIRECTION('',(1.,0.,2.089831575765E-15));
#10832=CARTESIAN_POINT('',(-8.5,-38.5,16.));
#10833=CARTESIAN_POINT('',(-8.5,-38.5,16.));
#10834=VECTOR('',#10835,1.);
#10835=DIRECTION('',(-7.40148683083436E-16,1.,0.));
#10836=CARTESIAN_POINT('',(8.5,-38.5,16.));
#10837=CARTESIAN_POINT('',(8.5,-38.5,16.));
#10838=VECTOR('',#10839,1.);
#10839=DIRECTION('',(-1.,0.,-2.089831575765E-16));
#10840=CARTESIAN_POINT('',(8.5,-36.1,16.));
#10841=CARTESIAN_POINT('',(8.5,-36.1,16.));
#10842=VECTOR('',#10843,1.);
#10843=DIRECTION('',(-1.48029736616687E-15,-1.,0.));
#10844=CARTESIAN_POINT('',(6.8,-36.1,16.));
#10845=CARTESIAN_POINT('',(6.8,-36.1,16.));
#10846=VECTOR('',#10847,1.);
#10847=DIRECTION('',(1.,0.,0.));
#10848=CARTESIAN_POINT('',(6.8,-35.5,16.));
#10849=CARTESIAN_POINT('',(6.8,-35.5,16.));
#10850=VECTOR('',#10851,1.);
#10851=DIRECTION('',(2.96059473233378E-15,-1.,0.));
#10852=CARTESIAN_POINT('',(7.,-35.5,16.));
#10853=CARTESIAN_POINT('',(7.,-35.5,16.));
#10854=VECTOR('',#10855,1.);
#10855=DIRECTION('',(-1.,0.,0.));
#10856=CARTESIAN_POINT('',(7.,-34.5,16.));
#10857=VECTOR('',#10858,1.);
#10858=DIRECTION('',(0.,-1.,0.));
#10859=CARTESIAN_POINT('',(7.,-35.5,4.));
#10860=CARTESIAN_POINT('',(7.,-35.5,4.));
#10861=VECTOR('',#10862,1.);
#10862=DIRECTION('',(-7.40148683083438E-17,0.,1.));
#10863=CARTESIAN_POINT('',(7.,-34.5,4.));
#10864=VECTOR('',#10865,1.);
#10865=DIRECTION('',(0.,-1.,0.));
#10866=CARTESIAN_POINT('',(13.,-35.5,4.00000000000001));
#10867=CARTESIAN_POINT('',(7.,-35.5,4.));
#10868=VECTOR('',#10869,1.);
#10869=DIRECTION('',(1.,0.,2.96059473233375E-16));
#10870=CARTESIAN_POINT('',(13.,-35.5,4.00000000000001));
#10871=VECTOR('',#10872,1.);
#10872=DIRECTION('',(0.,1.,0.));
#10873=CARTESIAN_POINT('',(13.,-35.5,16.));
#10874=CARTESIAN_POINT('',(13.,-35.5,16.));
#10875=VECTOR('',#10876,1.);
#10876=DIRECTION('',(0.,1.,0.));
#10877=CARTESIAN_POINT('',(13.,-35.5,16.));
#10878=VECTOR('',#10879,1.);
#10879=DIRECTION('',(0.,0.,-1.));
#10880=CARTESIAN_POINT('',(27.,-35.5,16.));
#10881=CARTESIAN_POINT('',(27.,-34.5,16.));
#10882=VECTOR('',#10883,1.);
#10883=DIRECTION('',(0.,-1.,0.));
#10884=CARTESIAN_POINT('',(13.2,-35.5,16.));
#10885=CARTESIAN_POINT('',(13.2,-35.5,16.));
#10886=VECTOR('',#10887,1.);
#10887=DIRECTION('',(-1.,0.,0.));
#10888=CARTESIAN_POINT('',(13.2,-36.1,16.));
#10889=CARTESIAN_POINT('',(13.2,-36.1,16.));
#10890=VECTOR('',#10891,1.);
#10891=DIRECTION('',(0.,1.,0.));
#10892=CARTESIAN_POINT('',(11.5,-36.1,16.));
#10893=CARTESIAN_POINT('',(11.5,-36.1,16.));
#10894=VECTOR('',#10895,1.);
#10895=DIRECTION('',(1.,0.,0.));
#10896=CARTESIAN_POINT('',(11.5,-38.5,16.));
#10897=CARTESIAN_POINT('',(11.5,-38.5,16.));
#10898=VECTOR('',#10899,1.);
#10899=DIRECTION('',(-1.48029736616687E-15,1.,0.));
#10900=CARTESIAN_POINT('',(28.5,-38.5,16.));
#10901=CARTESIAN_POINT('',(28.5,-38.5,16.));
#10902=VECTOR('',#10903,1.);
#10903=DIRECTION('',(-1.,0.,-2.089831575765E-16));
#10904=CARTESIAN_POINT('',(28.5,-36.1,16.));
#10905=CARTESIAN_POINT('',(28.5,-36.1,16.));
#10906=VECTOR('',#10907,1.);
#10907=DIRECTION('',(0.,-1.,0.));
#10908=CARTESIAN_POINT('',(26.8,-36.1,16.));
#10909=CARTESIAN_POINT('',(26.8,-36.1,16.));
#10910=VECTOR('',#10911,1.);
#10911=DIRECTION('',(1.,0.,0.));
#10912=CARTESIAN_POINT('',(26.8,-35.5,16.));
#10913=CARTESIAN_POINT('',(26.8,-35.5,16.));
#10914=VECTOR('',#10915,1.);
#10915=DIRECTION('',(0.,-1.,0.));
#10916=CARTESIAN_POINT('',(27.,-35.5,16.));
#10917=VECTOR('',#10918,1.);
#10918=DIRECTION('',(-1.,0.,0.));
#10919=CARTESIAN_POINT('',(27.,-35.5,4.00000000000001));
#10920=CARTESIAN_POINT('',(27.,-35.5,4.00000000000001));
#10921=VECTOR('',#10922,1.);
#10922=DIRECTION('',(-2.96059473233375E-16,0.,1.));
#10923=CARTESIAN_POINT('',(27.,-34.5,4.00000000000001));
#10924=VECTOR('',#10925,1.);
#10925=DIRECTION('',(0.,-1.,0.));
#10926=CARTESIAN_POINT('',(27.,-35.5,4.00000000000001));
#10927=VECTOR('',#10928,1.);
#10928=DIRECTION('',(1.,-1.1842378929335E-15,0.));
#10929=CARTESIAN_POINT('',(-33.,35.5,16.));
#10930=CARTESIAN_POINT('',(-33.,35.5,4.));
#10931=CARTESIAN_POINT('',(-33.,35.5,16.));
#10932=VECTOR('',#10933,1.);
#10933=DIRECTION('',(5.9211894646675E-16,0.,-1.));
#10934=CARTESIAN_POINT('',(-33.,35.5,16.));
#10935=VECTOR('',#10936,1.);
#10936=DIRECTION('',(-7.1054273576009E-15,-1.,0.));
#10937=CARTESIAN_POINT('',(-33.,35.5,4.));
#10938=VECTOR('',#10939,1.);
#10939=DIRECTION('',(-7.10542735760095E-15,-1.,0.));
#10940=CARTESIAN_POINT('',(-33.2,35.5,16.));
#10941=CARTESIAN_POINT('',(-33.2,35.5,16.));
#10942=VECTOR('',#10943,1.);
#10943=DIRECTION('',(1.,0.,0.));
#10944=CARTESIAN_POINT('',(-33.2,36.1,16.));
#10945=CARTESIAN_POINT('',(-33.2,36.1,16.));
#10946=VECTOR('',#10947,1.);
#10947=DIRECTION('',(0.,-1.,0.));
#10948=CARTESIAN_POINT('',(-31.5,36.1,16.));
#10949=CARTESIAN_POINT('',(-31.5,36.1,16.));
#10950=VECTOR('',#10951,1.);
#10951=DIRECTION('',(-1.,0.,0.));
#10952=CARTESIAN_POINT('',(-31.5,38.5,16.));
#10953=CARTESIAN_POINT('',(-31.5,38.5,16.));
#10954=VECTOR('',#10955,1.);
#10955=DIRECTION('',(0.,-1.,0.));
#10956=CARTESIAN_POINT('',(-37.5,38.5,16.));
#10957=CARTESIAN_POINT('',(-31.5,38.5,16.));
#10958=VECTOR('',#10959,1.);
#10959=DIRECTION('',(-1.,0.,-2.96059473233375E-16));
#10960=CARTESIAN_POINT('',(-37.5,38.5,16.));
#10961=VECTOR('',#10962,1.);
#10962=DIRECTION('',(0.,-1.,0.));
#10963=CARTESIAN_POINT('',(-37.5,38.5,16.));
#10964=VECTOR('',#10965,1.);
#10965=DIRECTION('',(-0.501718089771845,0.,-0.865031189261804));
#10966=CARTESIAN_POINT('',(37.5,38.5,16.));
#10967=CARTESIAN_POINT('',(40.4,38.5,11.));
#10968=VECTOR('',#10969,1.);
#10969=DIRECTION('',(-0.501718089771846,0.,0.865031189261804));
#10970=CARTESIAN_POINT('',(37.5,38.5,16.));
#10971=VECTOR('',#10972,1.);
#10972=DIRECTION('',(0.,-1.,0.));
#10973=CARTESIAN_POINT('',(33.,35.5,16.));
#10974=CARTESIAN_POINT('',(33.,34.5,16.));
#10975=VECTOR('',#10976,1.);
#10976=DIRECTION('',(7.105427357601E-15,1.,0.));
#10977=CARTESIAN_POINT('',(31.5,38.5,16.));
#10978=CARTESIAN_POINT('',(37.5,38.5,16.));
#10979=VECTOR('',#10980,1.);
#10980=DIRECTION('',(-1.,0.,0.));
#10981=CARTESIAN_POINT('',(31.5,36.1,16.));
#10982=CARTESIAN_POINT('',(31.5,36.1,16.));
#10983=VECTOR('',#10984,1.);
#10984=DIRECTION('',(0.,1.,0.));
#10985=CARTESIAN_POINT('',(33.2,36.1,16.));
#10986=CARTESIAN_POINT('',(33.2,36.1,16.));
#10987=VECTOR('',#10988,1.);
#10988=DIRECTION('',(-1.,0.,0.));
#10989=CARTESIAN_POINT('',(33.2,35.5,16.));
#10990=CARTESIAN_POINT('',(33.2,35.5,16.));
#10991=VECTOR('',#10992,1.);
#10992=DIRECTION('',(0.,1.,0.));
#10993=CARTESIAN_POINT('',(33.,35.5,16.));
#10994=VECTOR('',#10995,1.);
#10995=DIRECTION('',(1.,0.,0.));
#10996=CARTESIAN_POINT('',(33.,35.5,4.00000000000001));
#10997=CARTESIAN_POINT('',(33.,35.5,4.00000000000001));
#10998=VECTOR('',#10999,1.);
#10999=DIRECTION('',(0.,0.,1.));
#11000=CARTESIAN_POINT('',(33.,34.5,4.00000000000001));
#11001=VECTOR('',#11002,1.);
#11002=DIRECTION('',(7.10542735760105E-15,1.,0.));
#11003=CARTESIAN_POINT('',(27.,35.5,4.00000000000001));
#11004=CARTESIAN_POINT('',(33.,35.5,4.00000000000001));
#11005=VECTOR('',#11006,1.);
#11006=DIRECTION('',(-1.,1.1842378929335E-15,0.));
#11007=CARTESIAN_POINT('',(27.,35.5,4.00000000000001));
#11008=VECTOR('',#11009,1.);
#11009=DIRECTION('',(0.,-1.,0.));
#11010=CARTESIAN_POINT('',(27.,35.5,16.));
#11011=CARTESIAN_POINT('',(27.,35.5,16.));
#11012=VECTOR('',#11013,1.);
#11013=DIRECTION('',(0.,0.,-1.));
#11014=CARTESIAN_POINT('',(27.,35.5,16.));
#11015=VECTOR('',#11016,1.);
#11016=DIRECTION('',(0.,-1.,0.));
#11017=CARTESIAN_POINT('',(13.,35.5,16.));
#11018=CARTESIAN_POINT('',(13.,34.5,16.));
#11019=VECTOR('',#11020,1.);
#11020=DIRECTION('',(0.,1.,0.));
#11021=CARTESIAN_POINT('',(26.8,35.5,16.));
#11022=CARTESIAN_POINT('',(26.8,35.5,16.));
#11023=VECTOR('',#11024,1.);
#11024=DIRECTION('',(1.,0.,0.));
#11025=CARTESIAN_POINT('',(26.8,36.1,16.));
#11026=CARTESIAN_POINT('',(26.8,36.1,16.));
#11027=VECTOR('',#11028,1.);
#11028=DIRECTION('',(0.,-1.,0.));
#11029=CARTESIAN_POINT('',(28.5,36.1,16.));
#11030=CARTESIAN_POINT('',(28.5,36.1,16.));
#11031=VECTOR('',#11032,1.);
#11032=DIRECTION('',(-1.,0.,0.));
#11033=CARTESIAN_POINT('',(28.5,38.5,16.));
#11034=CARTESIAN_POINT('',(28.5,38.5,16.));
#11035=VECTOR('',#11036,1.);
#11036=DIRECTION('',(0.,-1.,0.));
#11037=CARTESIAN_POINT('',(11.5,38.5,16.));
#11038=CARTESIAN_POINT('',(28.5,38.5,16.));
#11039=VECTOR('',#11040,1.);
#11040=DIRECTION('',(-1.,0.,-2.089831575765E-16));
#11041=CARTESIAN_POINT('',(11.5,36.1,16.));
#11042=CARTESIAN_POINT('',(11.5,36.1,16.));
#11043=VECTOR('',#11044,1.);
#11044=DIRECTION('',(1.48029736616688E-15,1.,0.));
#11045=CARTESIAN_POINT('',(13.2,36.1,16.));
#11046=CARTESIAN_POINT('',(13.2,36.1,16.));
#11047=VECTOR('',#11048,1.);
#11048=DIRECTION('',(-1.,0.,0.));
#11049=CARTESIAN_POINT('',(13.2,35.5,16.));
#11050=CARTESIAN_POINT('',(13.2,35.5,16.));
#11051=VECTOR('',#11052,1.);
#11052=DIRECTION('',(0.,1.,0.));
#11053=CARTESIAN_POINT('',(13.,35.5,16.));
#11054=VECTOR('',#11055,1.);
#11055=DIRECTION('',(1.,0.,0.));
#11056=CARTESIAN_POINT('',(13.,35.5,4.00000000000001));
#11057=CARTESIAN_POINT('',(13.,35.5,4.00000000000001));
#11058=VECTOR('',#11059,1.);
#11059=DIRECTION('',(-1.48029736616688E-16,0.,1.));
#11060=CARTESIAN_POINT('',(13.,34.5,4.00000000000001));
#11061=VECTOR('',#11062,1.);
#11062=DIRECTION('',(0.,1.,0.));
#11063=CARTESIAN_POINT('',(7.00000000000001,35.5,4.));
#11064=CARTESIAN_POINT('',(13.,35.5,4.00000000000001));
#11065=VECTOR('',#11066,1.);
#11066=DIRECTION('',(-1.,0.,-2.96059473233375E-16));
#11067=CARTESIAN_POINT('',(7.00000000000001,35.5,4.));
#11068=VECTOR('',#11069,1.);
#11069=DIRECTION('',(0.,-1.,0.));
#11070=CARTESIAN_POINT('',(7.00000000000001,35.5,16.));
#11071=CARTESIAN_POINT('',(7.,35.5,16.));
#11072=VECTOR('',#11073,1.);
#11073=DIRECTION('',(1.48029736616688E-16,0.,-1.));
#11074=CARTESIAN_POINT('',(7.,35.5,16.));
#11075=VECTOR('',#11076,1.);
#11076=DIRECTION('',(0.,-1.,0.));
#11077=CARTESIAN_POINT('',(-7.,35.5,16.));
#11078=CARTESIAN_POINT('',(-6.99999999999999,34.5,16.));
#11079=VECTOR('',#11080,1.);
#11080=DIRECTION('',(0.,1.,0.));
#11081=CARTESIAN_POINT('',(6.8,35.5,16.));
#11082=CARTESIAN_POINT('',(6.8,35.5,16.));
#11083=VECTOR('',#11084,1.);
#11084=DIRECTION('',(1.,0.,0.));
#11085=CARTESIAN_POINT('',(6.8,36.1,16.));
#11086=CARTESIAN_POINT('',(6.8,36.1,16.));
#11087=VECTOR('',#11088,1.);
#11088=DIRECTION('',(0.,-1.,0.));
#11089=CARTESIAN_POINT('',(8.5,36.1,16.));
#11090=CARTESIAN_POINT('',(8.5,36.1,16.));
#11091=VECTOR('',#11092,1.);
#11092=DIRECTION('',(-1.,0.,0.));
#11093=CARTESIAN_POINT('',(8.50000000000001,38.5,16.));
#11094=CARTESIAN_POINT('',(8.5,38.5,16.));
#11095=VECTOR('',#11096,1.);
#11096=DIRECTION('',(0.,-1.,0.));
#11097=CARTESIAN_POINT('',(-8.5,38.5,16.));
#11098=CARTESIAN_POINT('',(8.50000000000001,38.5,16.));
#11099=VECTOR('',#11100,1.);
#11100=DIRECTION('',(-1.,0.,-2.089831575765E-16));
#11101=CARTESIAN_POINT('',(-8.5,36.1,16.));
#11102=CARTESIAN_POINT('',(-8.5,36.1,16.));
#11103=VECTOR('',#11104,1.);
#11104=DIRECTION('',(7.40148683083438E-16,1.,0.));
#11105=CARTESIAN_POINT('',(-6.8,36.1,16.));
#11106=CARTESIAN_POINT('',(-6.8,36.1,16.));
#11107=VECTOR('',#11108,1.);
#11108=DIRECTION('',(-1.,0.,-2.089831575765E-15));
#11109=CARTESIAN_POINT('',(-6.8,35.5,16.));
#11110=CARTESIAN_POINT('',(-6.8,35.5,16.));
#11111=VECTOR('',#11112,1.);
#11112=DIRECTION('',(0.,1.,0.));
#11113=CARTESIAN_POINT('',(-7.,35.5,16.));
#11114=VECTOR('',#11115,1.);
#11115=DIRECTION('',(1.,0.,0.));
#11116=CARTESIAN_POINT('',(-6.99999999999999,35.5,4.));
#11117=CARTESIAN_POINT('',(-6.99999999999999,35.5,4.));
#11118=VECTOR('',#11119,1.);
#11119=DIRECTION('',(-1.48029736616688E-16,0.,1.));
#11120=CARTESIAN_POINT('',(-6.99999999999999,34.5,4.));
#11121=VECTOR('',#11122,1.);
#11122=DIRECTION('',(0.,1.,0.));
#11123=CARTESIAN_POINT('',(-13.,35.5,4.));
#11124=CARTESIAN_POINT('',(-6.99999999999999,35.5,4.));
#11125=VECTOR('',#11126,1.);
#11126=DIRECTION('',(-1.,0.,-2.96059473233375E-16));
#11127=CARTESIAN_POINT('',(-13.,35.5,4.));
#11128=VECTOR('',#11129,1.);
#11129=DIRECTION('',(0.,-1.,0.));
#11130=CARTESIAN_POINT('',(-13.,35.5,16.));
#11131=CARTESIAN_POINT('',(-13.,35.5,16.));
#11132=VECTOR('',#11133,1.);
#11133=DIRECTION('',(0.,0.,-1.));
#11134=CARTESIAN_POINT('',(-13.,35.5,16.));
#11135=VECTOR('',#11136,1.);
#11136=DIRECTION('',(0.,-1.,0.));
#11137=CARTESIAN_POINT('',(-27.,35.5,16.));
#11138=CARTESIAN_POINT('',(-27.,34.5,16.));
#11139=VECTOR('',#11140,1.);
#11140=DIRECTION('',(0.,1.,0.));
#11141=CARTESIAN_POINT('',(-13.2,35.5,16.));
#11142=CARTESIAN_POINT('',(-13.2,35.5,16.));
#11143=VECTOR('',#11144,1.);
#11144=DIRECTION('',(1.,0.,0.));
#11145=CARTESIAN_POINT('',(-13.2,36.1,16.));
#11146=CARTESIAN_POINT('',(-13.2,36.1,16.));
#11147=VECTOR('',#11148,1.);
#11148=DIRECTION('',(0.,-1.,0.));
#11149=CARTESIAN_POINT('',(-11.5,36.1,16.));
#11150=CARTESIAN_POINT('',(-11.5,36.1,16.));
#11151=VECTOR('',#11152,1.);
#11152=DIRECTION('',(-1.,0.,0.));
#11153=CARTESIAN_POINT('',(-11.5,38.5,16.));
#11154=CARTESIAN_POINT('',(-11.5,38.5,16.));
#11155=VECTOR('',#11156,1.);
#11156=DIRECTION('',(0.,-1.,0.));
#11157=CARTESIAN_POINT('',(-28.5,38.5,16.));
#11158=CARTESIAN_POINT('',(-11.5,38.5,16.));
#11159=VECTOR('',#11160,1.);
#11160=DIRECTION('',(-1.,0.,0.));
#11161=CARTESIAN_POINT('',(-28.5,36.1,16.));
#11162=CARTESIAN_POINT('',(-28.5,36.1,16.));
#11163=VECTOR('',#11164,1.);
#11164=DIRECTION('',(0.,1.,0.));
#11165=CARTESIAN_POINT('',(-26.8,36.1,16.));
#11166=CARTESIAN_POINT('',(-26.8,36.1,16.));
#11167=VECTOR('',#11168,1.);
#11168=DIRECTION('',(-1.,0.,0.));
#11169=CARTESIAN_POINT('',(-26.8,35.5,16.));
#11170=CARTESIAN_POINT('',(-26.8,35.5,16.));
#11171=VECTOR('',#11172,1.);
#11172=DIRECTION('',(0.,1.,0.));
#11173=CARTESIAN_POINT('',(-27.,35.5,16.));
#11174=VECTOR('',#11175,1.);
#11175=DIRECTION('',(1.,0.,0.));
#11176=CARTESIAN_POINT('',(-27.,35.5,4.));
#11177=CARTESIAN_POINT('',(-27.,35.5,4.));
#11178=VECTOR('',#11179,1.);
#11179=DIRECTION('',(0.,0.,1.));
#11180=CARTESIAN_POINT('',(-27.,34.5,4.));
#11181=VECTOR('',#11182,1.);
#11182=DIRECTION('',(0.,1.,0.));
#11183=CARTESIAN_POINT('',(-27.,35.5,4.));
#11184=VECTOR('',#11185,1.);
#11185=DIRECTION('',(-1.,1.1842378929335E-15,0.));
#11186=CARTESIAN_POINT('',(39.4,2.,3.));
#11187=CARTESIAN_POINT('',(39.4,2.,3.));
#11188=VECTOR('',#11189,1.);
#11189=DIRECTION('',(0.,0.,-1.));
#11190=CARTESIAN_POINT('',(39.4,-2.,3.));
#11191=CARTESIAN_POINT('',(39.4,-2.,3.));
#11192=VECTOR('',#11193,1.);
#11193=DIRECTION('',(0.,1.,0.));
#11194=CARTESIAN_POINT('',(39.4,-2.,3.));
#11195=VECTOR('',#11196,1.);
#11196=DIRECTION('',(0.,0.,-1.));
#11197=CARTESIAN_POINT('',(40.4,-2.,3.));
#11198=VECTOR('',#11199,1.);
#11199=DIRECTION('',(-1.,0.,0.));
#11200=CARTESIAN_POINT('',(31.5,-38.5,8.));
#11201=CARTESIAN_POINT('',(33.,-38.5,8.));
#11202=CARTESIAN_POINT('',(33.,-38.5,8.));
#11203=VECTOR('',#11204,1.);
#11204=DIRECTION('',(-1.,0.,0.));
#11205=CARTESIAN_POINT('',(33.,-38.5,6.));
#11206=CARTESIAN_POINT('',(33.,-38.5,6.));
#11207=VECTOR('',#11208,1.);
#11208=DIRECTION('',(0.,0.,1.));
#11209=CARTESIAN_POINT('',(31.5,-38.5,6.));
#11210=CARTESIAN_POINT('',(31.5,-38.5,6.));
#11211=VECTOR('',#11212,1.);
#11212=DIRECTION('',(1.,0.,0.));
#11213=CARTESIAN_POINT('',(31.5,-38.5,0.5));
#11214=CARTESIAN_POINT('',(31.5,-38.5,0.5));
#11215=VECTOR('',#11216,1.);
#11216=DIRECTION('',(-6.45947941600091E-16,0.,1.));
#11217=CARTESIAN_POINT('',(33.,-38.5,0.5));
#11218=CARTESIAN_POINT('',(33.,-38.5,0.5));
#11219=VECTOR('',#11220,1.);
#11220=DIRECTION('',(-1.,0.,0.));
#11221=CARTESIAN_POINT('',(33.,-38.5,3.77191214137385E-15));
#11222=VECTOR('',#11223,1.);
#11223=DIRECTION('',(0.,0.,1.));
#11224=CARTESIAN_POINT('',(31.5,-38.5,8.));
#11225=VECTOR('',#11226,1.);
#11226=DIRECTION('',(0.,0.,1.));
#11227=CARTESIAN_POINT('',(33.,-36.1,0.5));
#11228=CARTESIAN_POINT('',(33.,-36.1,0.5));
#11229=VECTOR('',#11230,1.);
#11230=DIRECTION('',(0.,-1.,0.));
#11231=CARTESIAN_POINT('',(33.,-36.1,3.5527136788005E-15));
#11232=VECTOR('',#11233,1.);
#11233=DIRECTION('',(0.,0.,1.));
#11234=CARTESIAN_POINT('',(33.,-36.1,8.));
#11235=CARTESIAN_POINT('',(31.5,-36.1,8.));
#11236=CARTESIAN_POINT('',(33.,-36.1,8.));
#11237=VECTOR('',#11238,1.);
#11238=DIRECTION('',(-1.,0.,0.));
#11239=CARTESIAN_POINT('',(31.5,-36.1,16.));
#11240=VECTOR('',#11241,1.);
#11241=DIRECTION('',(4.44089209850062E-16,0.,-1.));
#11242=CARTESIAN_POINT('',(33.2,-36.1,16.));
#11243=VECTOR('',#11244,1.);
#11244=DIRECTION('',(0.,0.,-1.));
#11245=CARTESIAN_POINT('',(31.5,-36.1,0.5));
#11246=CARTESIAN_POINT('',(33.,-36.1,0.5));
#11247=VECTOR('',#11248,1.);
#11248=DIRECTION('',(-1.,0.,3.70074341541717E-17));
#11249=CARTESIAN_POINT('',(31.5,-36.1,6.));
#11250=CARTESIAN_POINT('',(31.5,-36.1,6.));
#11251=VECTOR('',#11252,1.);
#11252=DIRECTION('',(0.,0.,-1.));
#11253=CARTESIAN_POINT('',(33.,-36.1,6.));
#11254=CARTESIAN_POINT('',(31.5,-36.1,6.));
#11255=VECTOR('',#11256,1.);
#11256=DIRECTION('',(1.,0.,0.));
#11257=CARTESIAN_POINT('',(33.,-36.1,6.));
#11258=VECTOR('',#11259,1.);
#11259=DIRECTION('',(0.,0.,1.));
#11260=CARTESIAN_POINT('',(33.2,-35.5,16.));
#11261=VECTOR('',#11262,1.);
#11262=DIRECTION('',(0.,0.,-1.));
#11263=CARTESIAN_POINT('',(26.8,-35.5,16.));
#11264=VECTOR('',#11265,1.);
#11265=DIRECTION('',(4.44089209850063E-16,0.,-1.));
#11266=CARTESIAN_POINT('',(26.8,-36.1,16.));
#11267=VECTOR('',#11268,1.);
#11268=DIRECTION('',(2.22044604925031E-16,0.,-1.));
#11269=CARTESIAN_POINT('',(28.5,-36.1,8.));
#11270=CARTESIAN_POINT('',(27.,-36.1,8.));
#11271=CARTESIAN_POINT('',(28.5,-36.1,8.));
#11272=VECTOR('',#11273,1.);
#11273=DIRECTION('',(-1.,0.,0.));
#11274=CARTESIAN_POINT('',(27.,-36.1,6.));
#11275=CARTESIAN_POINT('',(27.,-36.1,8.));
#11276=VECTOR('',#11277,1.);
#11277=DIRECTION('',(0.,0.,-1.));
#11278=CARTESIAN_POINT('',(28.5,-36.1,6.));
#11279=CARTESIAN_POINT('',(27.,-36.1,6.));
#11280=VECTOR('',#11281,1.);
#11281=DIRECTION('',(1.,0.,0.));
#11282=CARTESIAN_POINT('',(28.5,-36.1,0.5));
#11283=CARTESIAN_POINT('',(28.5,-36.1,6.));
#11284=VECTOR('',#11285,1.);
#11285=DIRECTION('',(0.,0.,-1.));
#11286=CARTESIAN_POINT('',(27.,-36.1,0.5));
#11287=CARTESIAN_POINT('',(28.5,-36.1,0.5));
#11288=VECTOR('',#11289,1.);
#11289=DIRECTION('',(-1.,0.,0.));
#11290=CARTESIAN_POINT('',(27.,-36.1,0.5));
#11291=VECTOR('',#11292,1.);
#11292=DIRECTION('',(0.,0.,-1.));
#11293=CARTESIAN_POINT('',(28.5,-36.1,16.));
#11294=VECTOR('',#11295,1.);
#11295=DIRECTION('',(4.44089209850062E-16,0.,-1.));
#11296=CARTESIAN_POINT('',(27.,-38.5,0.5));
#11297=CARTESIAN_POINT('',(27.,-36.1,0.5));
#11298=VECTOR('',#11299,1.);
#11299=DIRECTION('',(0.,-1.,0.));
#11300=CARTESIAN_POINT('',(27.,-38.5,0.5));
#11301=VECTOR('',#11302,1.);
#11302=DIRECTION('',(0.,0.,-1.));
#11303=CARTESIAN_POINT('',(11.5,-38.5,8.));
#11304=CARTESIAN_POINT('',(13.,-38.5,8.));
#11305=CARTESIAN_POINT('',(13.,-38.5,8.));
#11306=VECTOR('',#11307,1.);
#11307=DIRECTION('',(-1.,0.,0.));
#11308=CARTESIAN_POINT('',(13.,-38.5,6.));
#11309=CARTESIAN_POINT('',(13.,-38.5,6.));
#11310=VECTOR('',#11311,1.);
#11311=DIRECTION('',(0.,0.,1.));
#11312=CARTESIAN_POINT('',(11.5,-38.5,6.));
#11313=CARTESIAN_POINT('',(11.5,-38.5,6.));
#11314=VECTOR('',#11315,1.);
#11315=DIRECTION('',(1.,0.,0.));
#11316=CARTESIAN_POINT('',(11.5,-38.5,0.5));
#11317=CARTESIAN_POINT('',(11.5,-38.5,0.5));
#11318=VECTOR('',#11319,1.);
#11319=DIRECTION('',(0.,0.,1.));
#11320=CARTESIAN_POINT('',(13.,-38.5,0.5));
#11321=CARTESIAN_POINT('',(13.,-38.5,0.5));
#11322=VECTOR('',#11323,1.);
#11323=DIRECTION('',(-1.,0.,7.40148683083435E-17));
#11324=CARTESIAN_POINT('',(13.,-38.5,1.32261854307914E-15));
#11325=VECTOR('',#11326,1.);
#11326=DIRECTION('',(0.,0.,1.));
#11327=CARTESIAN_POINT('',(28.5,-38.5,0.5));
#11328=CARTESIAN_POINT('',(28.5,-38.5,0.5));
#11329=VECTOR('',#11330,1.);
#11330=DIRECTION('',(-1.,0.,7.40148683083438E-17));
#11331=CARTESIAN_POINT('',(28.5,-38.5,6.));
#11332=CARTESIAN_POINT('',(28.5,-38.5,6.));
#11333=VECTOR('',#11334,1.);
#11334=DIRECTION('',(0.,0.,-1.));
#11335=CARTESIAN_POINT('',(27.,-38.5,6.));
#11336=CARTESIAN_POINT('',(27.,-38.5,6.));
#11337=VECTOR('',#11338,1.);
#11338=DIRECTION('',(1.,0.,0.));
#11339=CARTESIAN_POINT('',(27.,-38.5,8.));
#11340=CARTESIAN_POINT('',(27.,-38.5,8.));
#11341=VECTOR('',#11342,1.);
#11342=DIRECTION('',(0.,0.,-1.));
#11343=CARTESIAN_POINT('',(28.5,-38.5,8.));
#11344=CARTESIAN_POINT('',(28.5,-38.5,8.));
#11345=VECTOR('',#11346,1.);
#11346=DIRECTION('',(-1.,0.,0.));
#11347=CARTESIAN_POINT('',(28.5,-38.5,16.));
#11348=VECTOR('',#11349,1.);
#11349=DIRECTION('',(0.,0.,-1.));
#11350=CARTESIAN_POINT('',(11.5,-38.5,8.));
#11351=VECTOR('',#11352,1.);
#11352=DIRECTION('',(0.,0.,1.));
#11353=CARTESIAN_POINT('',(13.,-36.1,0.5));
#11354=CARTESIAN_POINT('',(13.,-36.1,0.5));
#11355=VECTOR('',#11356,1.);
#11356=DIRECTION('',(7.40148683083438E-16,-1.,0.));
#11357=CARTESIAN_POINT('',(13.,-36.1,0.));
#11358=VECTOR('',#11359,1.);
#11359=DIRECTION('',(0.,0.,1.));
#11360=CARTESIAN_POINT('',(13.,-36.1,8.));
#11361=CARTESIAN_POINT('',(11.5,-36.1,8.));
#11362=CARTESIAN_POINT('',(13.,-36.1,8.));
#11363=VECTOR('',#11364,1.);
#11364=DIRECTION('',(-1.,0.,0.));
#11365=CARTESIAN_POINT('',(11.5,-36.1,16.));
#11366=VECTOR('',#11367,1.);
#11367=DIRECTION('',(0.,0.,-1.));
#11368=CARTESIAN_POINT('',(13.2,-36.1,16.));
#11369=VECTOR('',#11370,1.);
#11370=DIRECTION('',(1.11022302462516E-16,0.,-1.));
#11371=CARTESIAN_POINT('',(11.5,-36.1,0.5));
#11372=CARTESIAN_POINT('',(13.,-36.1,0.5));
#11373=VECTOR('',#11374,1.);
#11374=DIRECTION('',(-1.,0.,0.));
#11375=CARTESIAN_POINT('',(11.5,-36.1,6.));
#11376=CARTESIAN_POINT('',(11.5,-36.1,6.));
#11377=VECTOR('',#11378,1.);
#11378=DIRECTION('',(0.,0.,-1.));
#11379=CARTESIAN_POINT('',(13.,-36.1,6.));
#11380=CARTESIAN_POINT('',(11.5,-36.1,6.));
#11381=VECTOR('',#11382,1.);
#11382=DIRECTION('',(1.,0.,0.));
#11383=CARTESIAN_POINT('',(13.,-36.1,6.));
#11384=VECTOR('',#11385,1.);
#11385=DIRECTION('',(8.88178419700125E-16,0.,1.));
#11386=CARTESIAN_POINT('',(13.2,-35.5,16.));
#11387=VECTOR('',#11388,1.);
#11388=DIRECTION('',(1.11022302462516E-16,0.,-1.));
#11389=CARTESIAN_POINT('',(6.8,-35.5,16.));
#11390=VECTOR('',#11391,1.);
#11391=DIRECTION('',(1.11022302462516E-16,0.,-1.));
#11392=CARTESIAN_POINT('',(6.8,-36.1,16.));
#11393=VECTOR('',#11394,1.);
#11394=DIRECTION('',(1.11022302462516E-16,0.,-1.));
#11395=CARTESIAN_POINT('',(8.5,-36.1,8.));
#11396=CARTESIAN_POINT('',(7.00000000000001,-36.1,8.));
#11397=CARTESIAN_POINT('',(8.5,-36.1,8.));
#11398=VECTOR('',#11399,1.);
#11399=DIRECTION('',(-1.,0.,0.));
#11400=CARTESIAN_POINT('',(7.00000000000001,-36.1,6.));
#11401=CARTESIAN_POINT('',(7.00000000000001,-36.1,8.));
#11402=VECTOR('',#11403,1.);
#11403=DIRECTION('',(0.,0.,-1.));
#11404=CARTESIAN_POINT('',(8.5,-36.1,6.));
#11405=CARTESIAN_POINT('',(7.00000000000001,-36.1,6.));
#11406=VECTOR('',#11407,1.);
#11407=DIRECTION('',(1.,0.,0.));
#11408=CARTESIAN_POINT('',(8.5,-36.1,0.5));
#11409=CARTESIAN_POINT('',(8.5,-36.1,6.));
#11410=VECTOR('',#11411,1.);
#11411=DIRECTION('',(0.,0.,-1.));
#11412=CARTESIAN_POINT('',(7.,-36.1,0.5));
#11413=CARTESIAN_POINT('',(8.5,-36.1,0.5));
#11414=VECTOR('',#11415,1.);
#11415=DIRECTION('',(-1.,0.,0.));
#11416=CARTESIAN_POINT('',(7.,-36.1,0.5));
#11417=VECTOR('',#11418,1.);
#11418=DIRECTION('',(0.,0.,-1.));
#11419=CARTESIAN_POINT('',(8.5,-36.1,16.));
#11420=VECTOR('',#11421,1.);
#11421=DIRECTION('',(2.22044604925031E-16,0.,-1.));
#11422=CARTESIAN_POINT('',(7.,-38.5,0.5));
#11423=CARTESIAN_POINT('',(7.,-36.1,0.5));
#11424=VECTOR('',#11425,1.);
#11425=DIRECTION('',(0.,-1.,0.));
#11426=CARTESIAN_POINT('',(7.,-38.5,0.5));
#11427=VECTOR('',#11428,1.);
#11428=DIRECTION('',(0.,0.,-1.));
#11429=CARTESIAN_POINT('',(7.00000000000001,-38.5,8.));
#11430=CARTESIAN_POINT('',(8.5,-38.5,8.));
#11431=CARTESIAN_POINT('',(8.5,-38.5,8.));
#11432=VECTOR('',#11433,1.);
#11433=DIRECTION('',(-1.,0.,0.));
#11434=CARTESIAN_POINT('',(8.5,-38.5,16.));
#11435=VECTOR('',#11436,1.);
#11436=DIRECTION('',(0.,0.,-1.));
#11437=CARTESIAN_POINT('',(-8.5,-38.5,8.));
#11438=CARTESIAN_POINT('',(-8.5,-38.5,8.));
#11439=VECTOR('',#11440,1.);
#11440=DIRECTION('',(0.,0.,1.));
#11441=CARTESIAN_POINT('',(-6.99999999999999,-38.5,8.));
#11442=CARTESIAN_POINT('',(-6.99999999999999,-38.5,8.));
#11443=VECTOR('',#11444,1.);
#11444=DIRECTION('',(-1.,0.,0.));
#11445=CARTESIAN_POINT('',(-6.99999999999999,-38.5,6.));
#11446=CARTESIAN_POINT('',(-6.99999999999999,-38.5,6.));
#11447=VECTOR('',#11448,1.);
#11448=DIRECTION('',(0.,0.,1.));
#11449=CARTESIAN_POINT('',(-8.5,-38.5,6.));
#11450=CARTESIAN_POINT('',(-8.5,-38.5,6.));
#11451=VECTOR('',#11452,1.);
#11452=DIRECTION('',(1.,0.,0.));
#11453=CARTESIAN_POINT('',(-8.5,-38.5,0.5));
#11454=CARTESIAN_POINT('',(-8.5,-38.5,0.5));
#11455=VECTOR('',#11456,1.);
#11456=DIRECTION('',(0.,0.,1.));
#11457=CARTESIAN_POINT('',(-7.,-38.5,0.5));
#11458=CARTESIAN_POINT('',(-7.,-38.5,0.5));
#11459=VECTOR('',#11460,1.);
#11460=DIRECTION('',(-1.,0.,7.40148683083436E-17));
#11461=CARTESIAN_POINT('',(-7.,-38.5,0.));
#11462=VECTOR('',#11463,1.);
#11463=DIRECTION('',(0.,0.,1.));
#11464=CARTESIAN_POINT('',(8.5,-38.5,0.500000000000001));
#11465=CARTESIAN_POINT('',(8.50000000000001,-38.5,0.5));
#11466=VECTOR('',#11467,1.);
#11467=DIRECTION('',(-1.,0.,7.40148683083437E-17));
#11468=CARTESIAN_POINT('',(8.5,-38.5,6.));
#11469=CARTESIAN_POINT('',(8.5,-38.5,6.));
#11470=VECTOR('',#11471,1.);
#11471=DIRECTION('',(0.,0.,-1.));
#11472=CARTESIAN_POINT('',(7.00000000000001,-38.5,6.));
#11473=CARTESIAN_POINT('',(7.00000000000001,-38.5,6.));
#11474=VECTOR('',#11475,1.);
#11475=DIRECTION('',(1.,0.,0.));
#11476=CARTESIAN_POINT('',(7.00000000000001,-38.5,8.));
#11477=VECTOR('',#11478,1.);
#11478=DIRECTION('',(0.,0.,-1.));
#11479=CARTESIAN_POINT('',(-7.,-36.1,0.5));
#11480=CARTESIAN_POINT('',(-7.,-36.1,0.5));
#11481=VECTOR('',#11482,1.);
#11482=DIRECTION('',(0.,-1.,0.));
#11483=CARTESIAN_POINT('',(-7.,-36.1,0.));
#11484=VECTOR('',#11485,1.);
#11485=DIRECTION('',(0.,0.,1.));
#11486=CARTESIAN_POINT('',(-8.5,-36.1,6.));
#11487=CARTESIAN_POINT('',(-6.99999999999999,-36.1,6.));
#11488=CARTESIAN_POINT('',(-8.5,-36.1,6.));
#11489=VECTOR('',#11490,1.);
#11490=DIRECTION('',(1.,0.,0.));
#11491=CARTESIAN_POINT('',(-6.99999999999999,-36.1,8.));
#11492=CARTESIAN_POINT('',(-6.99999999999999,-36.1,6.));
#11493=VECTOR('',#11494,1.);
#11494=DIRECTION('',(0.,0.,1.));
#11495=CARTESIAN_POINT('',(-8.5,-36.1,8.));
#11496=CARTESIAN_POINT('',(-6.99999999999999,-36.1,8.));
#11497=VECTOR('',#11498,1.);
#11498=DIRECTION('',(-1.,0.,0.));
#11499=CARTESIAN_POINT('',(-8.5,-36.1,16.));
#11500=VECTOR('',#11501,1.);
#11501=DIRECTION('',(4.44089209850063E-16,0.,-1.));
#11502=CARTESIAN_POINT('',(-6.8,-36.1,16.));
#11503=VECTOR('',#11504,1.);
#11504=DIRECTION('',(1.11022302462516E-16,0.,-1.));
#11505=CARTESIAN_POINT('',(-8.5,-36.1,0.5));
#11506=CARTESIAN_POINT('',(-7.,-36.1,0.5));
#11507=VECTOR('',#11508,1.);
#11508=DIRECTION('',(-1.,0.,0.));
#11509=CARTESIAN_POINT('',(-8.5,-36.1,6.));
#11510=VECTOR('',#11511,1.);
#11511=DIRECTION('',(0.,0.,-1.));
#11512=CARTESIAN_POINT('',(-6.8,-35.5,16.));
#11513=VECTOR('',#11514,1.);
#11514=DIRECTION('',(1.11022302462516E-16,0.,-1.));
#11515=CARTESIAN_POINT('',(-13.2,-35.5,16.));
#11516=VECTOR('',#11517,1.);
#11517=DIRECTION('',(2.22044604925031E-16,0.,-1.));
#11518=CARTESIAN_POINT('',(-13.2,-36.1,16.));
#11519=VECTOR('',#11520,1.);
#11520=DIRECTION('',(1.11022302462516E-16,0.,-1.));
#11521=CARTESIAN_POINT('',(-13.,-36.1,6.));
#11522=CARTESIAN_POINT('',(-11.5,-36.1,6.));
#11523=CARTESIAN_POINT('',(-13.,-36.1,6.));
#11524=VECTOR('',#11525,1.);
#11525=DIRECTION('',(1.,0.,0.));
#11526=CARTESIAN_POINT('',(-11.5,-36.1,0.5));
#11527=CARTESIAN_POINT('',(-11.5,-36.1,6.));
#11528=VECTOR('',#11529,1.);
#11529=DIRECTION('',(0.,0.,-1.));
#11530=CARTESIAN_POINT('',(-13.,-36.1,0.5));
#11531=CARTESIAN_POINT('',(-11.5,-36.1,0.5));
#11532=VECTOR('',#11533,1.);
#11533=DIRECTION('',(-1.,0.,0.));
#11534=CARTESIAN_POINT('',(-13.,-36.1,0.5));
#11535=VECTOR('',#11536,1.);
#11536=DIRECTION('',(0.,0.,-1.));
#11537=CARTESIAN_POINT('',(-11.5,-36.1,8.));
#11538=CARTESIAN_POINT('',(-11.5,-36.1,16.));
#11539=VECTOR('',#11540,1.);
#11540=DIRECTION('',(2.22044604925031E-16,0.,-1.));
#11541=CARTESIAN_POINT('',(-13.,-36.1,8.));
#11542=CARTESIAN_POINT('',(-11.5,-36.1,8.));
#11543=VECTOR('',#11544,1.);
#11544=DIRECTION('',(-1.,0.,0.));
#11545=CARTESIAN_POINT('',(-13.,-36.1,8.));
#11546=VECTOR('',#11547,1.);
#11547=DIRECTION('',(-1.77635683940025E-15,0.,-1.));
#11548=CARTESIAN_POINT('',(-13.,-38.5,0.5));
#11549=CARTESIAN_POINT('',(-13.,-36.1,0.5));
#11550=VECTOR('',#11551,1.);
#11551=DIRECTION('',(1.48029736616688E-15,-1.,0.));
#11552=CARTESIAN_POINT('',(-13.,-38.5,0.5));
#11553=VECTOR('',#11554,1.);
#11554=DIRECTION('',(0.,0.,-1.));
#11555=CARTESIAN_POINT('',(-11.5,-38.5,6.));
#11556=CARTESIAN_POINT('',(-13.,-38.5,6.));
#11557=CARTESIAN_POINT('',(-13.,-38.5,6.));
#11558=VECTOR('',#11559,1.);
#11559=DIRECTION('',(1.,0.,0.));
#11560=CARTESIAN_POINT('',(-13.,-38.5,8.));
#11561=CARTESIAN_POINT('',(-13.,-38.5,8.));
#11562=VECTOR('',#11563,1.);
#11563=DIRECTION('',(-8.88178419700125E-16,0.,-1.));
#11564=CARTESIAN_POINT('',(-11.5,-38.5,8.));
#11565=CARTESIAN_POINT('',(-11.5,-38.5,8.));
#11566=VECTOR('',#11567,1.);
#11567=DIRECTION('',(-1.,0.,0.));
#11568=CARTESIAN_POINT('',(-11.5,-38.5,16.));
#11569=VECTOR('',#11570,1.);
#11570=DIRECTION('',(0.,0.,-1.));
#11571=CARTESIAN_POINT('',(-28.5,-38.5,8.));
#11572=CARTESIAN_POINT('',(-28.5,-38.5,8.));
#11573=VECTOR('',#11574,1.);
#11574=DIRECTION('',(-4.44089209850062E-16,0.,1.));
#11575=CARTESIAN_POINT('',(-27.,-38.5,8.));
#11576=CARTESIAN_POINT('',(-27.,-38.5,8.));
#11577=VECTOR('',#11578,1.);
#11578=DIRECTION('',(-1.,0.,0.));
#11579=CARTESIAN_POINT('',(-27.,-38.5,6.));
#11580=CARTESIAN_POINT('',(-27.,-38.5,6.));
#11581=VECTOR('',#11582,1.);
#11582=DIRECTION('',(0.,0.,1.));
#11583=CARTESIAN_POINT('',(-28.5,-38.5,6.));
#11584=CARTESIAN_POINT('',(-28.5,-38.5,6.));
#11585=VECTOR('',#11586,1.);
#11586=DIRECTION('',(1.,0.,0.));
#11587=CARTESIAN_POINT('',(-28.5,-38.5,0.5));
#11588=CARTESIAN_POINT('',(-28.5,-38.5,0.5));
#11589=VECTOR('',#11590,1.);
#11590=DIRECTION('',(0.,0.,1.));
#11591=CARTESIAN_POINT('',(-27.,-38.5,0.5));
#11592=CARTESIAN_POINT('',(-27.,-38.5,0.5));
#11593=VECTOR('',#11594,1.);
#11594=DIRECTION('',(-1.,0.,7.40148683083432E-17));
#11595=CARTESIAN_POINT('',(-27.,-38.5,-1.22464679914735E-16));
#11596=VECTOR('',#11597,1.);
#11597=DIRECTION('',(0.,0.,1.));
#11598=CARTESIAN_POINT('',(-11.5,-38.5,0.5));
#11599=CARTESIAN_POINT('',(-11.5,-38.5,0.5));
#11600=VECTOR('',#11601,1.);
#11601=DIRECTION('',(-1.,0.,0.));
#11602=CARTESIAN_POINT('',(-11.5,-38.5,6.));
#11603=VECTOR('',#11604,1.);
#11604=DIRECTION('',(0.,0.,-1.));
#11605=CARTESIAN_POINT('',(-27.,-36.1,0.5));
#11606=CARTESIAN_POINT('',(-27.,-36.1,0.5));
#11607=VECTOR('',#11608,1.);
#11608=DIRECTION('',(0.,-1.,0.));
#11609=CARTESIAN_POINT('',(-27.,-36.1,0.));
#11610=VECTOR('',#11611,1.);
#11611=DIRECTION('',(0.,0.,1.));
#11612=CARTESIAN_POINT('',(-27.,-36.1,8.));
#11613=CARTESIAN_POINT('',(-28.5,-36.1,8.));
#11614=CARTESIAN_POINT('',(-27.,-36.1,8.));
#11615=VECTOR('',#11616,1.);
#11616=DIRECTION('',(-1.,0.,0.));
#11617=CARTESIAN_POINT('',(-28.5,-36.1,16.));
#11618=VECTOR('',#11619,1.);
#11619=DIRECTION('',(4.44089209850063E-16,0.,-1.));
#11620=CARTESIAN_POINT('',(-26.8,-36.1,16.));
#11621=VECTOR('',#11622,1.);
#11622=DIRECTION('',(2.22044604925031E-16,0.,-1.));
#11623=CARTESIAN_POINT('',(-28.5,-36.1,0.499999999999996));
#11624=CARTESIAN_POINT('',(-27.,-36.1,0.5));
#11625=VECTOR('',#11626,1.);
#11626=DIRECTION('',(-1.,0.,3.70074341541717E-17));
#11627=CARTESIAN_POINT('',(-28.5,-36.1,6.));
#11628=CARTESIAN_POINT('',(-28.5,-36.1,6.));
#11629=VECTOR('',#11630,1.);
#11630=DIRECTION('',(0.,0.,-1.));
#11631=CARTESIAN_POINT('',(-27.,-36.1,6.));
#11632=CARTESIAN_POINT('',(-28.5,-36.1,6.));
#11633=VECTOR('',#11634,1.);
#11634=DIRECTION('',(1.,0.,0.));
#11635=CARTESIAN_POINT('',(-27.,-36.1,6.));
#11636=VECTOR('',#11637,1.);
#11637=DIRECTION('',(0.,0.,1.));
#11638=CARTESIAN_POINT('',(-26.8,-35.5,16.));
#11639=VECTOR('',#11640,1.);
#11640=DIRECTION('',(2.22044604925031E-16,0.,-1.));
#11641=CARTESIAN_POINT('',(-33.2,-35.5,16.));
#11642=VECTOR('',#11643,1.);
#11643=DIRECTION('',(0.,0.,-1.));
#11644=CARTESIAN_POINT('',(-33.2,-36.1,16.));
#11645=VECTOR('',#11646,1.);
#11646=DIRECTION('',(0.,0.,-1.));
#11647=CARTESIAN_POINT('',(-31.5,-36.1,8.));
#11648=CARTESIAN_POINT('',(-33.,-36.1,8.));
#11649=CARTESIAN_POINT('',(-31.5,-36.1,8.));
#11650=VECTOR('',#11651,1.);
#11651=DIRECTION('',(-1.,0.,0.));
#11652=CARTESIAN_POINT('',(-33.,-36.1,6.));
#11653=CARTESIAN_POINT('',(-33.,-36.1,8.));
#11654=VECTOR('',#11655,1.);
#11655=DIRECTION('',(0.,0.,-1.));
#11656=CARTESIAN_POINT('',(-31.5,-36.1,6.));
#11657=CARTESIAN_POINT('',(-33.,-36.1,6.));
#11658=VECTOR('',#11659,1.);
#11659=DIRECTION('',(1.,0.,0.));
#11660=CARTESIAN_POINT('',(-31.5,-36.1,0.5));
#11661=CARTESIAN_POINT('',(-31.5,-36.1,6.));
#11662=VECTOR('',#11663,1.);
#11663=DIRECTION('',(0.,0.,-1.));
#11664=CARTESIAN_POINT('',(-33.,-36.1,0.5));
#11665=CARTESIAN_POINT('',(-31.5,-36.1,0.5));
#11666=VECTOR('',#11667,1.);
#11667=DIRECTION('',(-1.,0.,0.));
#11668=CARTESIAN_POINT('',(-33.,-36.1,0.5));
#11669=VECTOR('',#11670,1.);
#11670=DIRECTION('',(0.,0.,-1.));
#11671=CARTESIAN_POINT('',(-31.5,-36.1,16.));
#11672=VECTOR('',#11673,1.);
#11673=DIRECTION('',(4.44089209850063E-16,0.,-1.));
#11674=CARTESIAN_POINT('',(-33.,-38.5,0.5));
#11675=CARTESIAN_POINT('',(-33.,-36.1,0.5));
#11676=VECTOR('',#11677,1.);
#11677=DIRECTION('',(0.,-1.,0.));
#11678=CARTESIAN_POINT('',(-33.,-38.5,0.5));
#11679=VECTOR('',#11680,1.);
#11680=DIRECTION('',(0.,0.,-1.));
#11681=CARTESIAN_POINT('',(-33.,-38.5,8.));
#11682=CARTESIAN_POINT('',(-31.5,-38.5,8.));
#11683=CARTESIAN_POINT('',(-31.5,-38.5,8.));
#11684=VECTOR('',#11685,1.);
#11685=DIRECTION('',(-1.,0.,0.));
#11686=CARTESIAN_POINT('',(-31.5,-38.5,16.));
#11687=VECTOR('',#11688,1.);
#11688=DIRECTION('',(4.44089209850062E-16,0.,-1.));
#11689=CARTESIAN_POINT('',(-31.5,-38.5,0.5));
#11690=CARTESIAN_POINT('',(-31.5,-38.5,0.5));
#11691=VECTOR('',#11692,1.);
#11692=DIRECTION('',(-1.,0.,7.40148683083439E-17));
#11693=CARTESIAN_POINT('',(-31.5,-38.5,6.));
#11694=CARTESIAN_POINT('',(-31.5,-38.5,6.));
#11695=VECTOR('',#11696,1.);
#11696=DIRECTION('',(0.,0.,-1.));
#11697=CARTESIAN_POINT('',(-33.,-38.5,6.));
#11698=CARTESIAN_POINT('',(-33.,-38.5,6.));
#11699=VECTOR('',#11700,1.);
#11700=DIRECTION('',(1.,0.,0.));
#11701=CARTESIAN_POINT('',(-33.,-38.5,8.));
#11702=VECTOR('',#11703,1.);
#11703=DIRECTION('',(0.,0.,-1.));
#11704=CARTESIAN_POINT('',(-39.4,-2.,2.99999999999999));
#11705=CARTESIAN_POINT('',(-39.4,-2.,2.99999999999999));
#11706=VECTOR('',#11707,1.);
#11707=DIRECTION('',(-1.,0.,0.));
#11708=CARTESIAN_POINT('',(-39.4,-2.,2.99999999999999));
#11709=VECTOR('',#11710,1.);
#11710=DIRECTION('',(0.,0.,-1.));
#11711=CARTESIAN_POINT('',(-39.4,2.,2.99999999999999));
#11712=CARTESIAN_POINT('',(-39.4,2.,2.99999999999999));
#11713=VECTOR('',#11714,1.);
#11714=DIRECTION('',(0.,-1.,0.));
#11715=CARTESIAN_POINT('',(-39.4,2.,2.99999999999999));
#11716=VECTOR('',#11717,1.);
#11717=DIRECTION('',(0.,0.,-1.));
#11718=CARTESIAN_POINT('',(-40.4,2.,2.99999999999999));
#11719=VECTOR('',#11720,1.);
#11720=DIRECTION('',(1.,0.,0.));
#11721=CARTESIAN_POINT('',(-31.5,38.5,8.));
#11722=CARTESIAN_POINT('',(-33.,38.5,8.));
#11723=CARTESIAN_POINT('',(-31.5,38.5,8.));
#11724=VECTOR('',#11725,1.);
#11725=DIRECTION('',(-1.,0.,-5.92118946466747E-16));
#11726=CARTESIAN_POINT('',(-33.,38.5,6.));
#11727=CARTESIAN_POINT('',(-33.,38.5,8.));
#11728=VECTOR('',#11729,1.);
#11729=DIRECTION('',(0.,0.,-1.));
#11730=CARTESIAN_POINT('',(-31.5,38.5,6.));
#11731=CARTESIAN_POINT('',(-33.,38.5,5.99999999999999));
#11732=VECTOR('',#11733,1.);
#11733=DIRECTION('',(1.,0.,5.92118946466746E-16));
#11734=CARTESIAN_POINT('',(-31.5,38.5,0.499999999999996));
#11735=CARTESIAN_POINT('',(-31.5,38.5,6.));
#11736=VECTOR('',#11737,1.);
#11737=DIRECTION('',(0.,0.,-1.));
#11738=CARTESIAN_POINT('',(-33.,38.5,0.499999999999996));
#11739=CARTESIAN_POINT('',(-31.5,38.5,0.499999999999996));
#11740=VECTOR('',#11741,1.);
#11741=DIRECTION('',(-1.,0.,-1.85037170770859E-16));
#11742=CARTESIAN_POINT('',(-33.,38.5,0.499999999999996));
#11743=VECTOR('',#11744,1.);
#11744=DIRECTION('',(0.,0.,-1.));
#11745=CARTESIAN_POINT('',(-31.5,38.5,16.));
#11746=VECTOR('',#11747,1.);
#11747=DIRECTION('',(4.44089209850062E-16,0.,-1.));
#11748=CARTESIAN_POINT('',(-33.,36.1,0.499999999999996));
#11749=CARTESIAN_POINT('',(-33.,36.1,0.499999999999996));
#11750=VECTOR('',#11751,1.);
#11751=DIRECTION('',(0.,1.,0.));
#11752=CARTESIAN_POINT('',(-33.,36.1,-3.5527136788005E-15));
#11753=VECTOR('',#11754,1.);
#11754=DIRECTION('',(0.,0.,1.));
#11755=CARTESIAN_POINT('',(-33.,36.1,8.));
#11756=CARTESIAN_POINT('',(-31.5,36.1,8.));
#11757=CARTESIAN_POINT('',(-33.,36.1,8.));
#11758=VECTOR('',#11759,1.);
#11759=DIRECTION('',(1.,0.,0.));
#11760=CARTESIAN_POINT('',(-31.5,36.1,16.));
#11761=VECTOR('',#11762,1.);
#11762=DIRECTION('',(4.44089209850063E-16,0.,-1.));
#11763=CARTESIAN_POINT('',(-33.2,36.1,16.));
#11764=VECTOR('',#11765,1.);
#11765=DIRECTION('',(0.,0.,-1.));
#11766=CARTESIAN_POINT('',(-31.5,36.1,0.499999999999996));
#11767=CARTESIAN_POINT('',(-33.,36.1,0.499999999999996));
#11768=VECTOR('',#11769,1.);
#11769=DIRECTION('',(1.,0.,7.40148683083434E-17));
#11770=CARTESIAN_POINT('',(-31.5,36.1,6.));
#11771=CARTESIAN_POINT('',(-31.5,36.1,6.));
#11772=VECTOR('',#11773,1.);
#11773=DIRECTION('',(0.,0.,-1.));
#11774=CARTESIAN_POINT('',(-33.,36.1,6.));
#11775=CARTESIAN_POINT('',(-31.5,36.1,6.));
#11776=VECTOR('',#11777,1.);
#11777=DIRECTION('',(-1.,0.,0.));
#11778=CARTESIAN_POINT('',(-33.,36.1,6.));
#11779=VECTOR('',#11780,1.);
#11780=DIRECTION('',(0.,0.,1.));
#11781=CARTESIAN_POINT('',(-33.2,35.5,16.));
#11782=VECTOR('',#11783,1.);
#11783=DIRECTION('',(0.,0.,-1.));
#11784=CARTESIAN_POINT('',(-26.8,35.5,16.));
#11785=VECTOR('',#11786,1.);
#11786=DIRECTION('',(2.22044604925031E-16,0.,-1.));
#11787=CARTESIAN_POINT('',(-26.8,36.1,16.));
#11788=VECTOR('',#11789,1.);
#11789=DIRECTION('',(2.22044604925031E-16,0.,-1.));
#11790=CARTESIAN_POINT('',(-28.5,36.1,8.));
#11791=CARTESIAN_POINT('',(-27.,36.1,8.));
#11792=CARTESIAN_POINT('',(-28.5,36.1,8.));
#11793=VECTOR('',#11794,1.);
#11794=DIRECTION('',(1.,0.,0.));
#11795=CARTESIAN_POINT('',(-27.,36.1,6.));
#11796=CARTESIAN_POINT('',(-27.,36.1,8.));
#11797=VECTOR('',#11798,1.);
#11798=DIRECTION('',(0.,0.,-1.));
#11799=CARTESIAN_POINT('',(-28.5,36.1,6.));
#11800=CARTESIAN_POINT('',(-27.,36.1,6.));
#11801=VECTOR('',#11802,1.);
#11802=DIRECTION('',(-1.,0.,0.));
#11803=CARTESIAN_POINT('',(-28.5,36.1,0.499999999999996));
#11804=CARTESIAN_POINT('',(-28.5,36.1,6.));
#11805=VECTOR('',#11806,1.);
#11806=DIRECTION('',(0.,0.,-1.));
#11807=CARTESIAN_POINT('',(-27.,36.1,0.499999999999997));
#11808=CARTESIAN_POINT('',(-28.5,36.1,0.499999999999997));
#11809=VECTOR('',#11810,1.);
#11810=DIRECTION('',(1.,0.,7.40148683083436E-17));
#11811=CARTESIAN_POINT('',(-27.,36.1,0.499999999999996));
#11812=VECTOR('',#11813,1.);
#11813=DIRECTION('',(0.,0.,-1.));
#11814=CARTESIAN_POINT('',(-28.5,36.1,16.));
#11815=VECTOR('',#11816,1.);
#11816=DIRECTION('',(4.44089209850062E-16,0.,-1.));
#11817=CARTESIAN_POINT('',(-27.,38.5,0.499999999999997));
#11818=CARTESIAN_POINT('',(-27.,38.5,-3.15207426209289E-15));
#11819=VECTOR('',#11820,1.);
#11820=DIRECTION('',(0.,0.,1.));
#11821=CARTESIAN_POINT('',(-27.,36.1,0.499999999999997));
#11822=VECTOR('',#11823,1.);
#11823=DIRECTION('',(-1.48029736616688E-15,1.,0.));
#11824=CARTESIAN_POINT('',(-11.5,38.5,8.));
#11825=CARTESIAN_POINT('',(-13.,38.5,8.));
#11826=CARTESIAN_POINT('',(-11.5,38.5,8.));
#11827=VECTOR('',#11828,1.);
#11828=DIRECTION('',(-1.,0.,0.));
#11829=CARTESIAN_POINT('',(-13.,38.5,6.));
#11830=CARTESIAN_POINT('',(-13.,38.5,8.));
#11831=VECTOR('',#11832,1.);
#11832=DIRECTION('',(2.66453525910038E-15,0.,-1.));
#11833=CARTESIAN_POINT('',(-11.5,38.5,6.));
#11834=CARTESIAN_POINT('',(-13.,38.5,6.));
#11835=VECTOR('',#11836,1.);
#11836=DIRECTION('',(1.,0.,0.));
#11837=CARTESIAN_POINT('',(-11.5,38.5,0.499999999999997));
#11838=CARTESIAN_POINT('',(-11.5,38.5,6.));
#11839=VECTOR('',#11840,1.);
#11840=DIRECTION('',(0.,0.,-1.));
#11841=CARTESIAN_POINT('',(-13.,38.5,0.499999999999998));
#11842=CARTESIAN_POINT('',(-11.5,38.5,0.499999999999999));
#11843=VECTOR('',#11844,1.);
#11844=DIRECTION('',(-1.,0.,-2.22044604925029E-16));
#11845=CARTESIAN_POINT('',(-13.,38.5,0.499999999999998));
#11846=VECTOR('',#11847,1.);
#11847=DIRECTION('',(0.,0.,-1.));
#11848=CARTESIAN_POINT('',(-28.5,38.5,0.499999999999996));
#11849=CARTESIAN_POINT('',(-27.,38.5,0.499999999999997));
#11850=VECTOR('',#11851,1.);
#11851=DIRECTION('',(-1.,0.,-1.48029736616688E-16));
#11852=CARTESIAN_POINT('',(-28.5,38.5,6.));
#11853=CARTESIAN_POINT('',(-28.5,38.5,0.499999999999996));
#11854=VECTOR('',#11855,1.);
#11855=DIRECTION('',(0.,0.,1.));
#11856=CARTESIAN_POINT('',(-27.,38.5,6.));
#11857=CARTESIAN_POINT('',(-28.5,38.5,6.));
#11858=VECTOR('',#11859,1.);
#11859=DIRECTION('',(1.,0.,0.));
#11860=CARTESIAN_POINT('',(-27.,38.5,8.));
#11861=CARTESIAN_POINT('',(-27.,38.5,6.));
#11862=VECTOR('',#11863,1.);
#11863=DIRECTION('',(0.,0.,1.));
#11864=CARTESIAN_POINT('',(-28.5,38.5,8.));
#11865=CARTESIAN_POINT('',(-27.,38.5,8.));
#11866=VECTOR('',#11867,1.);
#11867=DIRECTION('',(-1.,0.,0.));
#11868=CARTESIAN_POINT('',(-28.5,38.5,8.));
#11869=VECTOR('',#11870,1.);
#11870=DIRECTION('',(-4.44089209850062E-16,0.,1.));
#11871=CARTESIAN_POINT('',(-11.5,38.5,16.));
#11872=VECTOR('',#11873,1.);
#11873=DIRECTION('',(2.22044604925031E-16,0.,-1.));
#11874=CARTESIAN_POINT('',(-13.,36.1,0.499999999999998));
#11875=CARTESIAN_POINT('',(-13.,36.1,0.499999999999998));
#11876=VECTOR('',#11877,1.);
#11877=DIRECTION('',(-7.40148683083438E-16,1.,0.));
#11878=CARTESIAN_POINT('',(-13.,36.1,0.));
#11879=VECTOR('',#11880,1.);
#11880=DIRECTION('',(0.,0.,1.));
#11881=CARTESIAN_POINT('',(-13.,36.1,8.));
#11882=CARTESIAN_POINT('',(-11.5,36.1,8.));
#11883=CARTESIAN_POINT('',(-13.,36.1,8.));
#11884=VECTOR('',#11885,1.);
#11885=DIRECTION('',(1.,0.,0.));
#11886=CARTESIAN_POINT('',(-11.5,36.1,16.));
#11887=VECTOR('',#11888,1.);
#11888=DIRECTION('',(2.22044604925031E-16,0.,-1.));
#11889=CARTESIAN_POINT('',(-13.2,36.1,16.));
#11890=VECTOR('',#11891,1.);
#11891=DIRECTION('',(1.11022302462516E-16,0.,-1.));
#11892=CARTESIAN_POINT('',(-11.5,36.1,0.5));
#11893=CARTESIAN_POINT('',(-13.,36.1,0.499999999999999));
#11894=VECTOR('',#11895,1.);
#11895=DIRECTION('',(1.,0.,7.40148683083435E-17));
#11896=CARTESIAN_POINT('',(-11.5,36.1,6.));
#11897=CARTESIAN_POINT('',(-11.5,36.1,6.));
#11898=VECTOR('',#11899,1.);
#11899=DIRECTION('',(0.,0.,-1.));
#11900=CARTESIAN_POINT('',(-13.,36.1,6.));
#11901=CARTESIAN_POINT('',(-11.5,36.1,6.));
#11902=VECTOR('',#11903,1.);
#11903=DIRECTION('',(-1.,0.,0.));
#11904=CARTESIAN_POINT('',(-13.,36.1,6.));
#11905=VECTOR('',#11906,1.);
#11906=DIRECTION('',(-1.77635683940025E-15,0.,1.));
#11907=CARTESIAN_POINT('',(-13.2,35.5,16.));
#11908=VECTOR('',#11909,1.);
#11909=DIRECTION('',(1.11022302462516E-16,0.,-1.));
#11910=CARTESIAN_POINT('',(-6.8,35.5,16.));
#11911=VECTOR('',#11912,1.);
#11912=DIRECTION('',(1.11022302462516E-16,0.,-1.));
#11913=CARTESIAN_POINT('',(-6.8,36.1,16.));
#11914=VECTOR('',#11915,1.);
#11915=DIRECTION('',(1.11022302462516E-16,0.,-1.));
#11916=CARTESIAN_POINT('',(-8.5,36.1,8.));
#11917=CARTESIAN_POINT('',(-7.00000000000001,36.1,8.));
#11918=CARTESIAN_POINT('',(-8.50000000000001,36.1,8.));
#11919=VECTOR('',#11920,1.);
#11920=DIRECTION('',(1.,0.,0.));
#11921=CARTESIAN_POINT('',(-7.00000000000001,36.1,6.));
#11922=CARTESIAN_POINT('',(-7.00000000000001,36.1,8.));
#11923=VECTOR('',#11924,1.);
#11924=DIRECTION('',(0.,0.,-1.));
#11925=CARTESIAN_POINT('',(-8.5,36.1,6.));
#11926=CARTESIAN_POINT('',(-7.00000000000001,36.1,6.));
#11927=VECTOR('',#11928,1.);
#11928=DIRECTION('',(-1.,0.,0.));
#11929=CARTESIAN_POINT('',(-8.5,36.1,0.5));
#11930=CARTESIAN_POINT('',(-8.5,36.1,6.));
#11931=VECTOR('',#11932,1.);
#11932=DIRECTION('',(0.,0.,-1.));
#11933=CARTESIAN_POINT('',(-7.,36.1,0.499999999999999));
#11934=CARTESIAN_POINT('',(-8.50000000000001,36.1,0.5));
#11935=VECTOR('',#11936,1.);
#11936=DIRECTION('',(1.,0.,7.40148683083436E-17));
#11937=CARTESIAN_POINT('',(-7.,36.1,0.5));
#11938=VECTOR('',#11939,1.);
#11939=DIRECTION('',(0.,0.,-1.));
#11940=CARTESIAN_POINT('',(-8.5,36.1,16.));
#11941=VECTOR('',#11942,1.);
#11942=DIRECTION('',(4.44089209850063E-16,0.,-1.));
#11943=CARTESIAN_POINT('',(-7.,38.5,0.499999999999999));
#11944=CARTESIAN_POINT('',(-7.,38.5,-6.22915409010976E-16));
#11945=VECTOR('',#11946,1.);
#11946=DIRECTION('',(0.,0.,1.));
#11947=CARTESIAN_POINT('',(-7.,36.1,0.499999999999999));
#11948=VECTOR('',#11949,1.);
#11949=DIRECTION('',(0.,1.,0.));
#11950=CARTESIAN_POINT('',(-7.00000000000001,38.5,8.));
#11951=CARTESIAN_POINT('',(-8.5,38.5,8.));
#11952=CARTESIAN_POINT('',(-7.00000000000001,38.5,8.));
#11953=VECTOR('',#11954,1.);
#11954=DIRECTION('',(-1.,0.,0.));
#11955=CARTESIAN_POINT('',(-8.5,38.5,8.));
#11956=VECTOR('',#11957,1.);
#11957=DIRECTION('',(0.,0.,1.));
#11958=CARTESIAN_POINT('',(8.5,38.5,8.));
#11959=CARTESIAN_POINT('',(8.5,38.5,16.));
#11960=VECTOR('',#11961,1.);
#11961=DIRECTION('',(0.,0.,-1.));
#11962=CARTESIAN_POINT('',(6.99999999999999,38.5,8.));
#11963=CARTESIAN_POINT('',(8.5,38.5,8.));
#11964=VECTOR('',#11965,1.);
#11965=DIRECTION('',(-1.,0.,0.));
#11966=CARTESIAN_POINT('',(6.99999999999999,38.5,6.));
#11967=CARTESIAN_POINT('',(6.99999999999999,38.5,8.));
#11968=VECTOR('',#11969,1.);
#11969=DIRECTION('',(-4.44089209850063E-16,0.,-1.));
#11970=CARTESIAN_POINT('',(8.5,38.5,6.));
#11971=CARTESIAN_POINT('',(6.99999999999999,38.5,6.));
#11972=VECTOR('',#11973,1.);
#11973=DIRECTION('',(1.,0.,0.));
#11974=CARTESIAN_POINT('',(8.5,38.5,0.500000000000001));
#11975=CARTESIAN_POINT('',(8.5,38.5,6.));
#11976=VECTOR('',#11977,1.);
#11977=DIRECTION('',(0.,0.,-1.));
#11978=CARTESIAN_POINT('',(7.,38.5,0.500000000000001));
#11979=CARTESIAN_POINT('',(8.50000000000001,38.5,0.500000000000001));
#11980=VECTOR('',#11981,1.);
#11981=DIRECTION('',(-1.,0.,-1.48029736616687E-16));
#11982=CARTESIAN_POINT('',(7.,38.5,0.500000000000001));
#11983=VECTOR('',#11984,1.);
#11984=DIRECTION('',(0.,0.,-1.));
#11985=CARTESIAN_POINT('',(-8.5,38.5,0.499999999999998));
#11986=CARTESIAN_POINT('',(-7.,38.5,0.499999999999999));
#11987=VECTOR('',#11988,1.);
#11988=DIRECTION('',(-1.,0.,-1.8503717077086E-16));
#11989=CARTESIAN_POINT('',(-8.5,38.5,6.));
#11990=CARTESIAN_POINT('',(-8.5,38.5,0.499999999999998));
#11991=VECTOR('',#11992,1.);
#11992=DIRECTION('',(0.,0.,1.));
#11993=CARTESIAN_POINT('',(-7.00000000000001,38.5,6.));
#11994=CARTESIAN_POINT('',(-8.5,38.5,6.));
#11995=VECTOR('',#11996,1.);
#11996=DIRECTION('',(1.,0.,0.));
#11997=CARTESIAN_POINT('',(-7.00000000000001,38.5,6.));
#11998=VECTOR('',#11999,1.);
#11999=DIRECTION('',(4.44089209850063E-16,0.,1.));
#12000=CARTESIAN_POINT('',(7.,36.1,0.500000000000001));
#12001=CARTESIAN_POINT('',(7.,36.1,0.500000000000001));
#12002=VECTOR('',#12003,1.);
#12003=DIRECTION('',(0.,1.,0.));
#12004=CARTESIAN_POINT('',(7.,36.1,0.));
#12005=VECTOR('',#12006,1.);
#12006=DIRECTION('',(0.,0.,1.));
#12007=CARTESIAN_POINT('',(8.5,36.1,6.));
#12008=CARTESIAN_POINT('',(6.99999999999999,36.1,6.));
#12009=CARTESIAN_POINT('',(8.5,36.1,6.));
#12010=VECTOR('',#12011,1.);
#12011=DIRECTION('',(-1.,0.,0.));
#12012=CARTESIAN_POINT('',(6.99999999999999,36.1,8.));
#12013=CARTESIAN_POINT('',(6.99999999999999,36.1,6.));
#12014=VECTOR('',#12015,1.);
#12015=DIRECTION('',(0.,0.,1.));
#12016=CARTESIAN_POINT('',(8.5,36.1,8.));
#12017=CARTESIAN_POINT('',(6.99999999999999,36.1,8.));
#12018=VECTOR('',#12019,1.);
#12019=DIRECTION('',(1.,0.,0.));
#12020=CARTESIAN_POINT('',(8.5,36.1,16.));
#12021=VECTOR('',#12022,1.);
#12022=DIRECTION('',(0.,0.,-1.));
#12023=CARTESIAN_POINT('',(6.8,36.1,16.));
#12024=VECTOR('',#12025,1.);
#12025=DIRECTION('',(1.11022302462516E-16,0.,-1.));
#12026=CARTESIAN_POINT('',(8.5,36.1,0.5));
#12027=CARTESIAN_POINT('',(7.,36.1,0.5));
#12028=VECTOR('',#12029,1.);
#12029=DIRECTION('',(1.,0.,7.40148683083434E-17));
#12030=CARTESIAN_POINT('',(8.5,36.1,6.));
#12031=VECTOR('',#12032,1.);
#12032=DIRECTION('',(0.,0.,-1.));
#12033=CARTESIAN_POINT('',(6.8,35.5,16.));
#12034=VECTOR('',#12035,1.);
#12035=DIRECTION('',(1.11022302462516E-16,0.,-1.));
#12036=CARTESIAN_POINT('',(13.2,35.5,16.));
#12037=VECTOR('',#12038,1.);
#12038=DIRECTION('',(1.11022302462516E-16,0.,-1.));
#12039=CARTESIAN_POINT('',(13.2,36.1,16.));
#12040=VECTOR('',#12041,1.);
#12041=DIRECTION('',(1.11022302462516E-16,0.,-1.));
#12042=CARTESIAN_POINT('',(13.,36.1,6.));
#12043=CARTESIAN_POINT('',(11.5,36.1,6.));
#12044=CARTESIAN_POINT('',(13.,36.1,6.));
#12045=VECTOR('',#12046,1.);
#12046=DIRECTION('',(-1.,0.,0.));
#12047=CARTESIAN_POINT('',(11.5,36.1,0.5));
#12048=CARTESIAN_POINT('',(11.5,36.1,6.));
#12049=VECTOR('',#12050,1.);
#12050=DIRECTION('',(0.,0.,-1.));
#12051=CARTESIAN_POINT('',(13.,36.1,0.500000000000002));
#12052=CARTESIAN_POINT('',(11.5,36.1,0.500000000000001));
#12053=VECTOR('',#12054,1.);
#12054=DIRECTION('',(1.,0.,7.40148683083439E-17));
#12055=CARTESIAN_POINT('',(13.,36.1,0.5));
#12056=VECTOR('',#12057,1.);
#12057=DIRECTION('',(0.,0.,-1.));
#12058=CARTESIAN_POINT('',(11.5,36.1,8.));
#12059=CARTESIAN_POINT('',(11.5,36.1,16.));
#12060=VECTOR('',#12061,1.);
#12061=DIRECTION('',(0.,0.,-1.));
#12062=CARTESIAN_POINT('',(13.,36.1,8.));
#12063=CARTESIAN_POINT('',(11.5,36.1,8.));
#12064=VECTOR('',#12065,1.);
#12065=DIRECTION('',(1.,0.,1.18423789293351E-15));
#12066=CARTESIAN_POINT('',(13.,36.1,8.));
#12067=VECTOR('',#12068,1.);
#12068=DIRECTION('',(1.77635683940025E-15,0.,-1.));
#12069=CARTESIAN_POINT('',(13.,38.5,0.500000000000002));
#12070=CARTESIAN_POINT('',(13.,38.5,1.83685450503186E-15));
#12071=VECTOR('',#12072,1.);
#12072=DIRECTION('',(0.,0.,1.));
#12073=CARTESIAN_POINT('',(13.,36.1,0.500000000000002));
#12074=VECTOR('',#12075,1.);
#12075=DIRECTION('',(-1.48029736616688E-15,1.,0.));
#12076=CARTESIAN_POINT('',(11.5,38.5,6.));
#12077=CARTESIAN_POINT('',(13.,38.5,6.));
#12078=CARTESIAN_POINT('',(11.5,38.5,6.));
#12079=VECTOR('',#12080,1.);
#12080=DIRECTION('',(1.,0.,0.));
#12081=CARTESIAN_POINT('',(13.,38.5,8.));
#12082=CARTESIAN_POINT('',(13.,38.5,6.));
#12083=VECTOR('',#12084,1.);
#12084=DIRECTION('',(-2.66453525910038E-15,0.,1.));
#12085=CARTESIAN_POINT('',(11.5,38.5,8.));
#12086=CARTESIAN_POINT('',(13.,38.5,8.));
#12087=VECTOR('',#12088,1.);
#12088=DIRECTION('',(-1.,0.,0.));
#12089=CARTESIAN_POINT('',(11.5,38.5,8.));
#12090=VECTOR('',#12091,1.);
#12091=DIRECTION('',(0.,0.,1.));
#12092=CARTESIAN_POINT('',(28.5,38.5,8.));
#12093=CARTESIAN_POINT('',(28.5,38.5,16.));
#12094=VECTOR('',#12095,1.);
#12095=DIRECTION('',(0.,0.,-1.));
#12096=CARTESIAN_POINT('',(27.,38.5,8.));
#12097=CARTESIAN_POINT('',(28.5,38.5,8.));
#12098=VECTOR('',#12099,1.);
#12099=DIRECTION('',(-1.,0.,0.));
#12100=CARTESIAN_POINT('',(27.,38.5,6.));
#12101=CARTESIAN_POINT('',(27.,38.5,8.));
#12102=VECTOR('',#12103,1.);
#12103=DIRECTION('',(0.,0.,-1.));
#12104=CARTESIAN_POINT('',(28.5,38.5,6.));
#12105=CARTESIAN_POINT('',(27.,38.5,6.));
#12106=VECTOR('',#12107,1.);
#12107=DIRECTION('',(1.,0.,0.));
#12108=CARTESIAN_POINT('',(28.5,38.5,0.500000000000004));
#12109=CARTESIAN_POINT('',(28.5,38.5,6.));
#12110=VECTOR('',#12111,1.);
#12111=DIRECTION('',(0.,0.,-1.));
#12112=CARTESIAN_POINT('',(27.,38.5,0.500000000000003));
#12113=CARTESIAN_POINT('',(28.5,38.5,0.500000000000003));
#12114=VECTOR('',#12115,1.);
#12115=DIRECTION('',(-1.,0.,-1.48029736616687E-16));
#12116=CARTESIAN_POINT('',(27.,38.5,0.500000000000003));
#12117=VECTOR('',#12118,1.);
#12118=DIRECTION('',(0.,0.,-1.));
#12119=CARTESIAN_POINT('',(11.5,38.5,0.500000000000001));
#12120=CARTESIAN_POINT('',(13.,38.5,0.500000000000002));
#12121=VECTOR('',#12122,1.);
#12122=DIRECTION('',(-1.,0.,-1.48029736616688E-16));
#12123=CARTESIAN_POINT('',(11.5,38.5,0.500000000000001));
#12124=VECTOR('',#12125,1.);
#12125=DIRECTION('',(0.,0.,1.));
#12126=CARTESIAN_POINT('',(27.,36.1,0.500000000000003));
#12127=CARTESIAN_POINT('',(27.,36.1,0.500000000000003));
#12128=VECTOR('',#12129,1.);
#12129=DIRECTION('',(-1.48029736616688E-15,1.,0.));
#12130=CARTESIAN_POINT('',(27.,36.1,3.5527136788005E-15));
#12131=VECTOR('',#12132,1.);
#12132=DIRECTION('',(0.,0.,1.));
#12133=CARTESIAN_POINT('',(27.,36.1,8.));
#12134=CARTESIAN_POINT('',(28.5,36.1,8.));
#12135=CARTESIAN_POINT('',(27.,36.1,8.));
#12136=VECTOR('',#12137,1.);
#12137=DIRECTION('',(1.,0.,0.));
#12138=CARTESIAN_POINT('',(28.5,36.1,16.));
#12139=VECTOR('',#12140,1.);
#12140=DIRECTION('',(4.44089209850062E-16,0.,-1.));
#12141=CARTESIAN_POINT('',(26.8,36.1,16.));
#12142=VECTOR('',#12143,1.);
#12143=DIRECTION('',(2.22044604925031E-16,0.,-1.));
#12144=CARTESIAN_POINT('',(28.5,36.1,0.500000000000004));
#12145=CARTESIAN_POINT('',(27.,36.1,0.500000000000003));
#12146=VECTOR('',#12147,1.);
#12147=DIRECTION('',(1.,0.,1.48029736616687E-16));
#12148=CARTESIAN_POINT('',(28.5,36.1,6.));
#12149=CARTESIAN_POINT('',(28.5,36.1,6.));
#12150=VECTOR('',#12151,1.);
#12151=DIRECTION('',(0.,0.,-1.));
#12152=CARTESIAN_POINT('',(27.,36.1,6.));
#12153=CARTESIAN_POINT('',(28.5,36.1,6.));
#12154=VECTOR('',#12155,1.);
#12155=DIRECTION('',(-1.,0.,0.));
#12156=CARTESIAN_POINT('',(27.,36.1,6.));
#12157=VECTOR('',#12158,1.);
#12158=DIRECTION('',(0.,0.,1.));
#12159=CARTESIAN_POINT('',(26.8,35.5,16.));
#12160=VECTOR('',#12161,1.);
#12161=DIRECTION('',(2.22044604925031E-16,0.,-1.));
#12162=CARTESIAN_POINT('',(33.2,35.5,16.));
#12163=VECTOR('',#12164,1.);
#12164=DIRECTION('',(0.,0.,-1.));
#12165=CARTESIAN_POINT('',(33.2,36.1,16.));
#12166=VECTOR('',#12167,1.);
#12167=DIRECTION('',(0.,0.,-1.));
#12168=CARTESIAN_POINT('',(31.5,36.1,8.));
#12169=CARTESIAN_POINT('',(33.,36.1,8.));
#12170=CARTESIAN_POINT('',(31.5,36.1,8.));
#12171=VECTOR('',#12172,1.);
#12172=DIRECTION('',(1.,0.,0.));
#12173=CARTESIAN_POINT('',(33.,36.1,6.));
#12174=CARTESIAN_POINT('',(33.,36.1,8.));
#12175=VECTOR('',#12176,1.);
#12176=DIRECTION('',(0.,0.,-1.));
#12177=CARTESIAN_POINT('',(31.5,36.1,6.));
#12178=CARTESIAN_POINT('',(33.,36.1,6.));
#12179=VECTOR('',#12180,1.);
#12180=DIRECTION('',(-1.,0.,0.));
#12181=CARTESIAN_POINT('',(31.5,36.1,0.500000000000004));
#12182=CARTESIAN_POINT('',(31.5,36.1,6.));
#12183=VECTOR('',#12184,1.);
#12184=DIRECTION('',(0.,0.,-1.));
#12185=CARTESIAN_POINT('',(33.,36.1,0.500000000000004));
#12186=CARTESIAN_POINT('',(31.5,36.1,0.500000000000004));
#12187=VECTOR('',#12188,1.);
#12188=DIRECTION('',(1.,0.,0.));
#12189=CARTESIAN_POINT('',(33.,36.1,0.500000000000004));
#12190=VECTOR('',#12191,1.);
#12191=DIRECTION('',(0.,0.,-1.));
#12192=CARTESIAN_POINT('',(31.5,36.1,16.));
#12193=VECTOR('',#12194,1.);
#12194=DIRECTION('',(4.44089209850062E-16,0.,-1.));
#12195=CARTESIAN_POINT('',(33.,38.5,0.500000000000004));
#12196=CARTESIAN_POINT('',(33.,38.5,4.15784654099656E-15));
#12197=VECTOR('',#12198,1.);
#12198=DIRECTION('',(0.,0.,1.));
#12199=CARTESIAN_POINT('',(33.,36.1,0.500000000000004));
#12200=VECTOR('',#12201,1.);
#12201=DIRECTION('',(0.,1.,0.));
#12202=CARTESIAN_POINT('',(33.,38.5,8.));
#12203=CARTESIAN_POINT('',(31.5,38.5,8.));
#12204=CARTESIAN_POINT('',(33.,38.5,8.));
#12205=VECTOR('',#12206,1.);
#12206=DIRECTION('',(-1.,0.,0.));
#12207=CARTESIAN_POINT('',(31.5,38.5,8.));
#12208=VECTOR('',#12209,1.);
#12209=DIRECTION('',(0.,0.,1.));
#12210=CARTESIAN_POINT('',(31.5,38.5,0.500000000000004));
#12211=CARTESIAN_POINT('',(33.,38.5,0.500000000000004));
#12212=VECTOR('',#12213,1.);
#12213=DIRECTION('',(-1.,0.,-7.40148683083438E-17));
#12214=CARTESIAN_POINT('',(31.5,38.5,6.));
#12215=CARTESIAN_POINT('',(31.5,38.5,0.500000000000004));
#12216=VECTOR('',#12217,1.);
#12217=DIRECTION('',(0.,0.,1.));
#12218=CARTESIAN_POINT('',(33.,38.5,6.));
#12219=CARTESIAN_POINT('',(31.5,38.5,6.));
#12220=VECTOR('',#12221,1.);
#12221=DIRECTION('',(1.,0.,5.92118946466753E-16));
#12222=CARTESIAN_POINT('',(33.,38.5,6.));
#12223=VECTOR('',#12224,1.);
#12224=DIRECTION('',(0.,0.,1.));
#12225=CARTESIAN_POINT('',(39.4,2.,3.));
#12226=VECTOR('',#12227,1.);
#12227=DIRECTION('',(1.,2.44249065417534E-15,0.));
#12228=CARTESIAN_POINT('',(36.6,36.6,-0.499999999999996));
#12229=AXIS2_PLACEMENT_3D('',#12230,#12231,#12232);
#12230=CARTESIAN_POINT('',(36.6,35.8,-0.499999999999996));
#12231=DIRECTION('',(1.22464679914735E-16,2.26016594027535E-32,-1.));
#12232=DIRECTION('',(-2.76790498430008E-48,1.,2.26016594027535E-32));
#12233=CARTESIAN_POINT('',(-35.1543167705199,27.2,-2.));
#12234=CARTESIAN_POINT('',(-35.1543167705199,27.2,-4.57458444673535E-15));
#12235=VECTOR('',#12236,1.);
#12236=DIRECTION('',(0.,0.,-1.));
#12237=CARTESIAN_POINT('',(-38.0456832294801,27.2,-2.));
#12238=CARTESIAN_POINT('',(-38.0456832294801,27.2,-4.92867471464811E-15));
#12239=VECTOR('',#12240,1.);
#12240=DIRECTION('',(0.,0.,-1.));
#12241=AXIS2_PLACEMENT_3D('',#12242,#12243,#12244);
#12242=CARTESIAN_POINT('',(-36.6,27.6,-2.));
#12243=DIRECTION('',(1.22464679914735E-16,2.26016594027535E-32,-1.));
#12244=DIRECTION('',(0.963788819653397,-0.266666666666668,1.18030089304254E-16));
#12245=CARTESIAN_POINT('',(-34.7937608131812,27.2,-2.));
#12246=CARTESIAN_POINT('',(-34.7937608131812,27.2,-2.));
#12247=VECTOR('',#12248,1.);
#12248=DIRECTION('',(-1.,0.,0.));
#12249=CARTESIAN_POINT('',(-38.4062391868188,27.2,-2.00000000000001));
#12250=CARTESIAN_POINT('',(-34.7937608131811,27.2,-2.));
#12251=CARTESIAN_POINT('',(-34.795160878916,27.2,-2.01016072303685));
#12252=CARTESIAN_POINT('',(-34.7983544881422,27.2,-2.03166504815146));
#12253=CARTESIAN_POINT('',(-34.8035421269775,27.2,-2.06194416899777));
#12254=CARTESIAN_POINT('',(-34.8081248395486,27.2,-2.0856931959564));
#12255=CARTESIAN_POINT('',(-34.813777080269,27.2,-2.11306702226525));
#12256=CARTESIAN_POINT('',(-34.8216358780906,27.2,-2.14771666495776));
#12257=CARTESIAN_POINT('',(-34.8362123330389,27.2,-2.20350534817431));
#12258=CARTESIAN_POINT('',(-34.8496730487999,27.1999999999999,-2.24718382234168));
#12259=CARTESIAN_POINT('',(-34.8728284128678,27.1999999999999,-2.31506747268903));
#12260=CARTESIAN_POINT('',(-34.8900160988084,27.1999999999998,-2.35865350775189));
#12261=CARTESIAN_POINT('',(-34.9197457438427,27.1999999999998,-2.4252143756158));
#12262=CARTESIAN_POINT('',(-34.9463456632456,27.1999999999997,-2.480137752356));
#12263=CARTESIAN_POINT('',(-34.9763714574924,27.1999999999996,-2.53352934934361));
#12264=CARTESIAN_POINT('',(-35.0162359795348,27.1999999999994,-2.59932316047165));
#12265=CARTESIAN_POINT('',(-35.0522326657367,27.1999999999993,-2.65286898251812));
#12266=CARTESIAN_POINT('',(-35.1081432395178,27.1999999999991,-2.72547725866808));
#12267=CARTESIAN_POINT('',(-35.1571072806766,27.1999999999989,-2.78320345458483));
#12268=CARTESIAN_POINT('',(-35.2084809133747,27.1999999999987,-2.83707512208938));
#12269=CARTESIAN_POINT('',(-35.2631524257869,27.1999999999985,-2.88930657114964));
#12270=CARTESIAN_POINT('',(-35.3196474599348,27.1999999999982,-2.93842771971889));
#12271=CARTESIAN_POINT('',(-35.3770160520489,27.199999999998,-2.98272608459606));
#12272=CARTESIAN_POINT('',(-35.4432955682011,27.1999999999977,-3.02950691398047));
#12273=CARTESIAN_POINT('',(-35.4952198850413,27.1999999999974,-3.06220405896977));
#12274=CARTESIAN_POINT('',(-35.5610583163307,27.1999999999971,-3.09953346393153));
#12275=CARTESIAN_POINT('',(-35.6116902727258,27.1999999999969,-3.12581834760188));
#12276=CARTESIAN_POINT('',(-35.6717113182417,27.1999999999966,-3.15345776305738));
#12277=CARTESIAN_POINT('',(-35.7249519172376,27.1999999999964,-3.17569560409405));
#12278=CARTESIAN_POINT('',(-35.7781230171497,27.1999999999961,-3.19565593971421));
#12279=CARTESIAN_POINT('',(-35.8215781920155,27.1999999999959,-3.21015806516053));
#12280=CARTESIAN_POINT('',(-35.863036429222,27.1999999999957,-3.22292107988826));
#12281=CARTESIAN_POINT('',(-35.9023125289285,27.1999999999955,-3.23403603358258));
#12282=CARTESIAN_POINT('',(-35.9358018521467,27.1999999999954,-3.2424031453092));
#12283=CARTESIAN_POINT('',(-35.9658942763056,27.1999999999952,-3.24946024588461));
#12284=CARTESIAN_POINT('',(-35.9908196200292,27.1999999999951,-3.25496141372616));
#12285=CARTESIAN_POINT('',(-36.0259225608334,27.1999999999949,-3.26191247799711));
#12286=CARTESIAN_POINT('',(-36.0604936870033,27.1999999999947,-3.26811687026056));
#12287=CARTESIAN_POINT('',(-36.0957417113554,27.1999999999946,-3.27371391589962));
#12288=CARTESIAN_POINT('',(-36.1267292794704,27.1999999999944,-3.27800576189849));
#12289=CARTESIAN_POINT('',(-36.1613580611783,27.1999999999942,-3.28233597140415));
#12290=CARTESIAN_POINT('',(-36.1989394324658,27.1999999999941,-3.28636652273264));
#12291=CARTESIAN_POINT('',(-36.2413764467564,27.1999999999938,-3.28999280649352));
#12292=CARTESIAN_POINT('',(-36.2776453706195,27.1999999999937,-3.2925190562412));
#12293=CARTESIAN_POINT('',(-36.3002455864303,27.1999999999935,-3.29380303625607));
#12294=CARTESIAN_POINT('',(-36.3232143886478,27.1999999999934,-3.29496849710382));
#12295=CARTESIAN_POINT('',(-36.3468941913502,27.1999999999933,-3.29602600119908));
#12296=CARTESIAN_POINT('',(-36.3871379933849,27.1999999999931,-3.2973960843657));
#12297=CARTESIAN_POINT('',(-36.4381347675748,27.1999999999928,-3.29856189315469));
#12298=CARTESIAN_POINT('',(-36.4859145646255,27.1999999999926,-3.29912236002879));
#12299=CARTESIAN_POINT('',(-36.5327614872636,27.1999999999924,-3.29942713681092));
#12300=CARTESIAN_POINT('',(-36.5663430973752,27.1999999999922,-3.29953324269295));
#12301=CARTESIAN_POINT('',(-36.6050589631481,27.199999999992,-3.29956439600308));
#12302=CARTESIAN_POINT('',(-36.655298247753,27.1999999999917,-3.29950084461914));
#12303=CARTESIAN_POINT('',(-36.7248463898708,27.1999999999914,-3.29912595946947));
#12304=CARTESIAN_POINT('',(-36.7940413319911,27.199999999991,-3.29796675607141));
#12305=CARTESIAN_POINT('',(-36.8508292284142,27.1999999999907,-3.29614489882777));
#12306=CARTESIAN_POINT('',(-36.8996332826517,27.1999999999905,-3.29395319696631));
#12307=CARTESIAN_POINT('',(-36.9532837695372,27.1999999999902,-3.29053730892937));
#12308=CARTESIAN_POINT('',(-37.0083529054829,27.1999999999899,-3.2856928328845));
#12309=CARTESIAN_POINT('',(-37.0525124544311,27.1999999999897,-3.28071497514435));
#12310=CARTESIAN_POINT('',(-37.0855473063765,27.1999999999895,-3.27633531923382));
#12311=CARTESIAN_POINT('',(-37.1184321654832,27.1999999999893,-3.27154129015184));
#12312=CARTESIAN_POINT('',(-37.1582330114619,27.1999999999891,-3.26496313757533));
#12313=CARTESIAN_POINT('',(-37.196463308007,27.1999999999889,-3.25755884492247));
#12314=CARTESIAN_POINT('',(-37.2284768751161,27.1999999999888,-3.25071489422191));
#12315=CARTESIAN_POINT('',(-37.2601234278037,27.1999999999886,-3.24347803359256));
#12316=CARTESIAN_POINT('',(-37.3011974028213,27.1999999999884,-3.23306207792669));
#12317=CARTESIAN_POINT('',(-37.3361262589457,27.1999999999882,-3.22311664007249));
#12318=CARTESIAN_POINT('',(-37.3661205433503,27.199999999988,-3.21397019245567));
#12319=CARTESIAN_POINT('',(-37.395246428265,27.1999999999879,-3.20462826450098));
#12320=CARTESIAN_POINT('',(-37.427748483654,27.1999999999877,-3.19331354612687));
#12321=CARTESIAN_POINT('',(-37.4557773236944,27.1999999999875,-3.18286000563845));
#12322=CARTESIAN_POINT('',(-37.4829878016064,27.1999999999874,-3.1722706908625));
#12323=CARTESIAN_POINT('',(-37.5154573978256,27.1999999999872,-3.15887453236928));
#12324=CARTESIAN_POINT('',(-37.5447926064625,27.199999999987,-3.14582004825965));
#12325=CARTESIAN_POINT('',(-37.5739219557525,27.1999999999869,-3.13225052559175));
#12326=CARTESIAN_POINT('',(-37.6081868164215,27.1999999999867,-3.11554854832181));
#12327=CARTESIAN_POINT('',(-37.6457594306384,27.1999999999865,-3.09564175829578));
#12328=CARTESIAN_POINT('',(-37.6822906861484,27.1999999999863,-3.07496993912822));
#12329=CARTESIAN_POINT('',(-37.7190147692524,27.1999999999861,-3.05312448028817));
#12330=CARTESIAN_POINT('',(-37.7577673796135,27.1999999999858,-3.02823328470985));
#12331=CARTESIAN_POINT('',(-37.796597594427,27.1999999999856,-3.00149423299386));
#12332=CARTESIAN_POINT('',(-37.8471330661692,27.1999999999853,-2.96469632742447));
#12333=CARTESIAN_POINT('',(-37.8870705149822,27.1999999999851,-2.93236604271521));
#12334=CARTESIAN_POINT('',(-37.9466138932542,27.1999999999847,-2.88043706104692));
#12335=CARTESIAN_POINT('',(-37.9973789374349,27.1999999999844,-2.83215258567796));
#12336=CARTESIAN_POINT('',(-38.0579942682842,27.1999999999841,-2.76575378192289));
#12337=CARTESIAN_POINT('',(-38.1168785975851,27.1999999999837,-2.69469343749541));
#12338=CARTESIAN_POINT('',(-38.1592984641707,27.1999999999834,-2.63599944486182));
#12339=CARTESIAN_POINT('',(-38.2089871294001,27.1999999999831,-2.55893324999734));
#12340=CARTESIAN_POINT('',(-38.2449197866194,27.1999999999829,-2.49691329438298));
#12341=CARTESIAN_POINT('',(-38.2896483324518,27.1999999999825,-2.40649854276047));
#12342=CARTESIAN_POINT('',(-38.319234369869,27.1999999999823,-2.33588687009467));
#12343=CARTESIAN_POINT('',(-38.3469800148769,27.1999999999821,-2.25845130671163));
#12344=CARTESIAN_POINT('',(-38.3616605538782,27.199999999982,-2.21052048693819));
#12345=CARTESIAN_POINT('',(-38.3764866059802,27.1999999999819,-2.15511617451683));
#12346=CARTESIAN_POINT('',(-38.3855579647743,27.1999999999818,-2.11708785912891));
#12347=CARTESIAN_POINT('',(-38.3926235414471,27.1999999999817,-2.08197177502041));
#12348=CARTESIAN_POINT('',(-38.3973106811094,27.1999999999817,-2.05690273511113));
#12349=CARTESIAN_POINT('',(-38.4013892221813,27.1999999999816,-2.03334315611632));
#12350=CARTESIAN_POINT('',(-38.4047652563647,27.1999999999816,-2.01069676652666));
#12351=CARTESIAN_POINT('',(-38.4062391870615,27.1999999999816,-2.00000000000001));
#12352=CARTESIAN_POINT('',(-38.0456832294801,27.2,-2.00000000000001));
#12353=VECTOR('',#12354,1.);
#12354=DIRECTION('',(-1.,0.,0.));
#12355=CARTESIAN_POINT('',(-38.0456832294801,28.,-2.));
#12356=CARTESIAN_POINT('',(-38.0456832294801,28.,-4.92867471464811E-15));
#12357=VECTOR('',#12358,1.);
#12358=DIRECTION('',(0.,0.,-1.));
#12359=CARTESIAN_POINT('',(-38.4062391868188,28.,-2.00000000000001));
#12360=CARTESIAN_POINT('',(-38.4062391868188,28.,-2.00000000000001));
#12361=VECTOR('',#12362,1.);
#12362=DIRECTION('',(1.,-9.85343219683008E-15,0.));
#12363=CARTESIAN_POINT('',(-34.7937608131812,28.,-2.));
#12364=CARTESIAN_POINT('',(-38.4062391868189,28.,-2.));
#12365=CARTESIAN_POINT('',(-38.4034408536154,28.,-2.02030924536973));
#12366=CARTESIAN_POINT('',(-38.3986083428945,28.,-2.05065411868489));
#12367=CARTESIAN_POINT('',(-38.3907879959587,28.,-2.09145990804443));
#12368=CARTESIAN_POINT('',(-38.3818588823054,27.9999999999999,-2.13316945444467));
#12369=CARTESIAN_POINT('',(-38.3685197555401,27.9999999999999,-2.18673104711884));
#12370=CARTESIAN_POINT('',(-38.3540885959582,27.9999999999999,-2.23518926883273));
#12371=CARTESIAN_POINT('',(-38.339628305753,27.9999999999999,-2.27896470932531));
#12372=CARTESIAN_POINT('',(-38.322119005657,27.9999999999998,-2.32800847322965));
#12373=CARTESIAN_POINT('',(-38.3026692706357,27.9999999999998,-2.3753537480463));
#12374=CARTESIAN_POINT('',(-38.2783566650593,27.9999999999997,-2.42914219827732));
#12375=CARTESIAN_POINT('',(-38.2561639535921,27.9999999999997,-2.47445078840717));
#12376=CARTESIAN_POINT('',(-38.2293795064832,27.9999999999996,-2.52330318378837));
#12377=CARTESIAN_POINT('',(-38.1903016636967,27.9999999999996,-2.58957289888397));
#12378=CARTESIAN_POINT('',(-38.1551927149464,27.9999999999995,-2.64193237319067));
#12379=CARTESIAN_POINT('',(-38.0994855038467,27.9999999999994,-2.71613881645701));
#12380=CARTESIAN_POINT('',(-38.0507732034476,27.9999999999993,-2.77500974514389));
#12381=CARTESIAN_POINT('',(-37.9910380048138,27.9999999999992,-2.83756236775631));
#12382=CARTESIAN_POINT('',(-37.9158179623373,27.999999999999,-2.9093269099339));
#12383=CARTESIAN_POINT('',(-37.8570741957134,27.9999999999989,-2.9575236140337));
#12384=CARTESIAN_POINT('',(-37.7675068262436,27.9999999999988,-3.02248404522066));
#12385=CARTESIAN_POINT('',(-37.7165632363728,27.9999999999987,-3.05547632554307));
#12386=CARTESIAN_POINT('',(-37.639553420567,27.9999999999985,-3.09920933479079));
#12387=CARTESIAN_POINT('',(-37.5948767307996,27.9999999999984,-3.12244124648527));
#12388=CARTESIAN_POINT('',(-37.5343910960427,27.9999999999983,-3.15077411060234));
#12389=CARTESIAN_POINT('',(-37.4984874248628,27.9999999999983,-3.16604046667776));
#12390=CARTESIAN_POINT('',(-37.4502665287928,27.9999999999982,-3.18513252917552));
#12391=CARTESIAN_POINT('',(-37.4134185390164,27.9999999999981,-3.19860897306172));
#12392=CARTESIAN_POINT('',(-37.3575319439629,27.999999999998,-3.21685225065756));
#12393=CARTESIAN_POINT('',(-37.3071793088087,27.9999999999979,-3.23159212040748));
#12394=CARTESIAN_POINT('',(-37.2545219952822,27.9999999999978,-3.24490870207239));
#12395=CARTESIAN_POINT('',(-37.1905017771759,27.9999999999977,-3.25913223833041));
#12396=CARTESIAN_POINT('',(-37.1302879460237,27.9999999999976,-3.27000444156313));
#12397=CARTESIAN_POINT('',(-37.07300170733,27.9999999999975,-3.27810443970779));
#12398=CARTESIAN_POINT('',(-37.0225685974261,27.9999999999974,-3.28425473236565));
#12399=CARTESIAN_POINT('',(-36.9624041038505,27.9999999999973,-3.28999860815802));
#12400=CARTESIAN_POINT('',(-36.9103485997547,27.9999999999972,-3.29329444111309));
#12401=CARTESIAN_POINT('',(-36.8570299768421,27.9999999999971,-3.2959359489548));
#12402=CARTESIAN_POINT('',(-36.8006262901781,27.999999999997,-3.29790297242409));
#12403=CARTESIAN_POINT('',(-36.7314772048768,27.9999999999968,-3.29898270539307));
#12404=CARTESIAN_POINT('',(-36.6757966198785,27.9999999999967,-3.29938916936116));
#12405=CARTESIAN_POINT('',(-36.6363116327545,27.9999999999966,-3.29952761128556));
#12406=CARTESIAN_POINT('',(-36.5944671696495,27.9999999999966,-3.299570729087));
#12407=CARTESIAN_POINT('',(-36.5375566588709,27.9999999999965,-3.29948408546648));
#12408=CARTESIAN_POINT('',(-36.4637666825529,27.9999999999963,-3.2990144186242));
#12409=CARTESIAN_POINT('',(-36.4003668846522,27.9999999999962,-3.29779843557564));
#12410=CARTESIAN_POINT('',(-36.3439351876377,27.9999999999961,-3.29594070441315));
#12411=CARTESIAN_POINT('',(-36.2789420449717,27.999999999996,-3.29301142625236));
#12412=CARTESIAN_POINT('',(-36.1987794830936,27.9999999999958,-3.28680805957012));
#12413=CARTESIAN_POINT('',(-36.1239717192323,27.9999999999957,-3.27786826596557));
#12414=CARTESIAN_POINT('',(-36.060637719961,27.9999999999956,-3.26838640230436));
#12415=CARTESIAN_POINT('',(-36.0052450304387,27.9999999999955,-3.25814475724687));
#12416=CARTESIAN_POINT('',(-35.94320884158,27.9999999999954,-3.24445076242087));
#12417=CARTESIAN_POINT('',(-35.8875944381692,27.9999999999953,-3.23020490066367));
#12418=CARTESIAN_POINT('',(-35.827828737181,27.9999999999952,-3.2123613513781));
#12419=CARTESIAN_POINT('',(-35.7586037301711,27.999999999995,-3.18894293120523));
#12420=CARTESIAN_POINT('',(-35.7010399895858,27.9999999999949,-3.16615719806796));
#12421=CARTESIAN_POINT('',(-35.6300542940536,27.9999999999948,-3.13461756635126));
#12422=CARTESIAN_POINT('',(-35.5756901538605,27.9999999999947,-3.10767099705144));
#12423=CARTESIAN_POINT('',(-35.5215696476283,27.9999999999946,-3.07728048990161));
#12424=CARTESIAN_POINT('',(-35.4664899585289,27.9999999999945,-3.04438657516718));
#12425=CARTESIAN_POINT('',(-35.4183312562632,27.9999999999944,-3.01250126081851));
#12426=CARTESIAN_POINT('',(-35.353953550264,27.9999999999943,-2.96528681524601));
#12427=CARTESIAN_POINT('',(-35.297350350396,27.9999999999942,-2.91992921765374));
#12428=CARTESIAN_POINT('',(-35.2496092813286,27.9999999999941,-2.87654866393419));
#12429=CARTESIAN_POINT('',(-35.2036927220333,27.999999999994,-2.83197746703548));
#12430=CARTESIAN_POINT('',(-35.1574404025275,27.9999999999939,-2.78386818417923));
#12431=CARTESIAN_POINT('',(-35.1156295363819,27.9999999999938,-2.7343310386358));
#12432=CARTESIAN_POINT('',(-35.0759333782966,27.9999999999938,-2.68392288733479));
#12433=CARTESIAN_POINT('',(-35.0378800990203,27.9999999999937,-2.63226755891725));
#12434=CARTESIAN_POINT('',(-34.9991302686743,27.9999999999936,-2.57189343791898));
#12435=CARTESIAN_POINT('',(-34.9654795652977,27.9999999999936,-2.51431055174714));
#12436=CARTESIAN_POINT('',(-34.9358486836348,27.9999999999935,-2.4592866766922));
#12437=CARTESIAN_POINT('',(-34.9100171508802,27.9999999999935,-2.40425967132831));
#12438=CARTESIAN_POINT('',(-34.8888038412144,27.9999999999934,-2.35451749967386));
#12439=CARTESIAN_POINT('',(-34.8679937239989,27.9999999999934,-2.30191859797058));
#12440=CARTESIAN_POINT('',(-34.8519695050853,27.9999999999934,-2.25449836031247));
#12441=CARTESIAN_POINT('',(-34.8332992093514,27.9999999999933,-2.19287389422998));
#12442=CARTESIAN_POINT('',(-34.8214140700228,27.9999999999933,-2.14815401270436));
#12443=CARTESIAN_POINT('',(-34.8090401193268,27.9999999999933,-2.09085947676093));
#12444=CARTESIAN_POINT('',(-34.8009908315894,27.9999999999933,-2.04829656631434));
#12445=CARTESIAN_POINT('',(-34.7962327808483,27.9999999999933,-2.01794056469859));
#12446=CARTESIAN_POINT('',(-34.7937614031632,27.9999999999933,-2.00000428157696));
#12447=CARTESIAN_POINT('',(-35.1543167705199,28.,-2.));
#12448=CARTESIAN_POINT('',(-35.1543167705199,28.,-2.));
#12449=VECTOR('',#12450,1.);
#12450=DIRECTION('',(1.,0.,0.));
#12451=CARTESIAN_POINT('',(-35.1543167705199,28.,-4.57458444673535E-15));
#12452=VECTOR('',#12453,1.);
#12453=DIRECTION('',(0.,0.,-1.));
#12454=AXIS2_PLACEMENT_3D('',#12455,#12456,#12457);
#12455=CARTESIAN_POINT('',(-36.6,27.6,-2.));
#12456=DIRECTION('',(1.22464679914735E-16,2.26016594027535E-32,-1.));
#12457=DIRECTION('',(-0.963788819653398,0.266666666666666,-1.18030089304254E-16));
#12458=CARTESIAN_POINT('',(38.0456832294801,-28.,-2.));
#12459=CARTESIAN_POINT('',(38.0456832294801,-28.,4.38983012302328E-15));
#12460=VECTOR('',#12461,1.);
#12461=DIRECTION('',(0.,0.,-1.));
#12462=CARTESIAN_POINT('',(35.1543167705199,-28.,-2.));
#12463=CARTESIAN_POINT('',(35.1543167705199,-28.,4.03573985511051E-15));
#12464=VECTOR('',#12465,1.);
#12465=DIRECTION('',(0.,0.,-1.));
#12466=AXIS2_PLACEMENT_3D('',#12467,#12468,#12469);
#12467=CARTESIAN_POINT('',(36.6,-27.6,-2.));
#12468=DIRECTION('',(1.22464679914735E-16,2.26016594027535E-32,-1.));
#12469=DIRECTION('',(0.963788819653398,-0.266666666666664,1.18030089304254E-16));
#12470=CARTESIAN_POINT('',(38.4062391868188,-28.,-2.));
#12471=CARTESIAN_POINT('',(38.4062391868189,-28.,-2.));
#12472=VECTOR('',#12473,1.);
#12473=DIRECTION('',(-1.,0.,0.));
#12474=CARTESIAN_POINT('',(34.7937608131812,-28.,-2.));
#12475=CARTESIAN_POINT('',(38.4062391868189,-28.,-2.));
#12476=CARTESIAN_POINT('',(38.404839121084,-28.,-2.01016072303684));
#12477=CARTESIAN_POINT('',(38.4016455118578,-28.,-2.03166504815145));
#12478=CARTESIAN_POINT('',(38.3964578730225,-28.,-2.06194416899776));
#12479=CARTESIAN_POINT('',(38.3918751604514,-28.,-2.08569319595639));
#12480=CARTESIAN_POINT('',(38.386222919731,-28.,-2.11306702226525));
#12481=CARTESIAN_POINT('',(38.3783641219094,-28.,-2.14771666495775));
#12482=CARTESIAN_POINT('',(38.3637876669612,-28.,-2.20350534817431));
#12483=CARTESIAN_POINT('',(38.3503269512001,-28.,-2.24718382234166));
#12484=CARTESIAN_POINT('',(38.3271715871323,-28.,-2.31506747268903));
#12485=CARTESIAN_POINT('',(38.3099839011917,-28.,-2.35865350775191));
#12486=CARTESIAN_POINT('',(38.2802542561573,-28.,-2.42521437561576));
#12487=CARTESIAN_POINT('',(38.2536543367544,-28.,-2.480137752356));
#12488=CARTESIAN_POINT('',(38.2236285425075,-28.,-2.53352934934362));
#12489=CARTESIAN_POINT('',(38.1837640204653,-28.,-2.59932316047162));
#12490=CARTESIAN_POINT('',(38.1477673342633,-28.,-2.6528689825181));
#12491=CARTESIAN_POINT('',(38.0918567604822,-28.,-2.72547725866808));
#12492=CARTESIAN_POINT('',(38.0428927193234,-28.,-2.78320345458482));
#12493=CARTESIAN_POINT('',(37.9915190866254,-28.,-2.83707512208937));
#12494=CARTESIAN_POINT('',(37.9368475742131,-27.9999999999999,-2.88930657114963));
#12495=CARTESIAN_POINT('',(37.8803525400652,-27.9999999999999,-2.93842771971889));
#12496=CARTESIAN_POINT('',(37.8229839479511,-27.9999999999999,-2.98272608459604));
#12497=CARTESIAN_POINT('',(37.7567044317989,-27.9999999999999,-3.02950691398046));
#12498=CARTESIAN_POINT('',(37.7047801149587,-27.9999999999999,-3.06220405896976));
#12499=CARTESIAN_POINT('',(37.6389416836693,-27.9999999999999,-3.09953346393152));
#12500=CARTESIAN_POINT('',(37.5883097272742,-27.9999999999999,-3.12581834760187));
#12501=CARTESIAN_POINT('',(37.5282886817583,-27.9999999999999,-3.15345776305737));
#12502=CARTESIAN_POINT('',(37.4750480827624,-27.9999999999999,-3.17569560409405));
#12503=CARTESIAN_POINT('',(37.4218769828503,-27.9999999999999,-3.1956559397142));
#12504=CARTESIAN_POINT('',(37.3784218079846,-27.9999999999999,-3.21015806516053));
#12505=CARTESIAN_POINT('',(37.336963570778,-27.9999999999999,-3.22292107988825));
#12506=CARTESIAN_POINT('',(37.2976874710714,-27.9999999999999,-3.23403603358258));
#12507=CARTESIAN_POINT('',(37.2641981478534,-27.9999999999999,-3.24240314530918));
#12508=CARTESIAN_POINT('',(37.2341057236943,-27.9999999999999,-3.24946024588461));
#12509=CARTESIAN_POINT('',(37.2091803799708,-27.9999999999999,-3.25496141372615));
#12510=CARTESIAN_POINT('',(37.1740774391666,-27.9999999999999,-3.26191247799711));
#12511=CARTESIAN_POINT('',(37.1395063129967,-27.9999999999999,-3.26811687026055));
#12512=CARTESIAN_POINT('',(37.1042582886446,-27.9999999999999,-3.27371391589962));
#12513=CARTESIAN_POINT('',(37.0732707205296,-27.9999999999999,-3.27800576189848));
#12514=CARTESIAN_POINT('',(37.0386419388217,-27.9999999999999,-3.28233597140415));
#12515=CARTESIAN_POINT('',(37.0010605675342,-27.9999999999999,-3.28636652273263));
#12516=CARTESIAN_POINT('',(36.9586235532436,-27.9999999999999,-3.28999280649352));
#12517=CARTESIAN_POINT('',(36.9223546293805,-27.9999999999999,-3.29251905624119));
#12518=CARTESIAN_POINT('',(36.8997544135697,-27.9999999999999,-3.29380303625606));
#12519=CARTESIAN_POINT('',(36.8767856113522,-27.9999999999999,-3.29496849710381));
#12520=CARTESIAN_POINT('',(36.8531058086498,-27.9999999999999,-3.29602600119907));
#12521=CARTESIAN_POINT('',(36.8128620066151,-27.9999999999999,-3.29739608436569));
#12522=CARTESIAN_POINT('',(36.7618652324253,-27.9999999999999,-3.29856189315468));
#12523=CARTESIAN_POINT('',(36.7140854353745,-27.9999999999999,-3.29912236002878));
#12524=CARTESIAN_POINT('',(36.6672385127364,-27.9999999999999,-3.29942713681091));
#12525=CARTESIAN_POINT('',(36.6336569026248,-27.9999999999999,-3.29953324269294));
#12526=CARTESIAN_POINT('',(36.5949410368519,-27.9999999999999,-3.29956439600307));
#12527=CARTESIAN_POINT('',(36.544701752247,-27.9999999999999,-3.29950084461914));
#12528=CARTESIAN_POINT('',(36.4751536101293,-27.9999999999999,-3.29912595946947));
#12529=CARTESIAN_POINT('',(36.4059586680089,-27.9999999999999,-3.2979667560714));
#12530=CARTESIAN_POINT('',(36.3491707715858,-27.9999999999999,-3.29614489882776));
#12531=CARTESIAN_POINT('',(36.3003667173483,-27.9999999999999,-3.2939531969663));
#12532=CARTESIAN_POINT('',(36.2467162304629,-27.9999999999999,-3.29053730892937));
#12533=CARTESIAN_POINT('',(36.1916470945171,-27.9999999999999,-3.28569283288449));
#12534=CARTESIAN_POINT('',(36.1474875455689,-27.9999999999999,-3.28071497514434));
#12535=CARTESIAN_POINT('',(36.1144526936235,-27.9999999999999,-3.27633531923382));
#12536=CARTESIAN_POINT('',(36.0815678345168,-27.9999999999999,-3.27154129015184));
#12537=CARTESIAN_POINT('',(36.0417669885381,-27.9999999999999,-3.26496313757532));
#12538=CARTESIAN_POINT('',(36.003536691993,-27.9999999999999,-3.25755884492246));
#12539=CARTESIAN_POINT('',(35.9715231248839,-27.9999999999999,-3.25071489422191));
#12540=CARTESIAN_POINT('',(35.9398765721963,-27.9999999999999,-3.24347803359255));
#12541=CARTESIAN_POINT('',(35.8988025971787,-27.9999999999999,-3.23306207792669));
#12542=CARTESIAN_POINT('',(35.8638737410543,-27.9999999999999,-3.22311664007249));
#12543=CARTESIAN_POINT('',(35.8338794566497,-27.9999999999999,-3.21397019245567));
#12544=CARTESIAN_POINT('',(35.804753571735,-27.9999999999999,-3.20462826450098));
#12545=CARTESIAN_POINT('',(35.772251516346,-27.9999999999999,-3.19331354612688));
#12546=CARTESIAN_POINT('',(35.7442226763056,-27.9999999999999,-3.18286000563846));
#12547=CARTESIAN_POINT('',(35.7170121983936,-27.9999999999999,-3.1722706908625));
#12548=CARTESIAN_POINT('',(35.6845426021744,-27.9999999999999,-3.15887453236929));
#12549=CARTESIAN_POINT('',(35.6552073935375,-27.9999999999999,-3.14582004825966));
#12550=CARTESIAN_POINT('',(35.6260780442475,-27.9999999999999,-3.13225052559176));
#12551=CARTESIAN_POINT('',(35.5918131835786,-27.9999999999999,-3.11554854832182));
#12552=CARTESIAN_POINT('',(35.5542405693617,-27.9999999999999,-3.09564175829579));
#12553=CARTESIAN_POINT('',(35.5177093138517,-27.9999999999999,-3.07496993912825));
#12554=CARTESIAN_POINT('',(35.4809852307476,-27.9999999999999,-3.05312448028818));
#12555=CARTESIAN_POINT('',(35.4422326203865,-27.9999999999999,-3.02823328470988));
#12556=CARTESIAN_POINT('',(35.4034024055731,-27.9999999999999,-3.00149423299388));
#12557=CARTESIAN_POINT('',(35.3528669338308,-27.9999999999999,-2.96469632742455));
#12558=CARTESIAN_POINT('',(35.3129294850178,-27.9999999999999,-2.93236604271497));
#12559=CARTESIAN_POINT('',(35.2533861067459,-27.9999999999999,-2.88043706104731));
#12560=CARTESIAN_POINT('',(35.2026210625649,-27.9999999999999,-2.83215258567768));
#12561=CARTESIAN_POINT('',(35.1420057317159,-27.9999999999999,-2.76575378192299));
#12562=CARTESIAN_POINT('',(35.083121402415,-27.9999999999999,-2.69469343749553));
#12563=CARTESIAN_POINT('',(35.0407015358294,-27.9999999999999,-2.63599944486186));
#12564=CARTESIAN_POINT('',(34.9910128705999,-27.9999999999999,-2.55893324999738));
#12565=CARTESIAN_POINT('',(34.9550802133807,-27.9999999999999,-2.49691329438302));
#12566=CARTESIAN_POINT('',(34.9103516675482,-28.,-2.40649854276053));
#12567=CARTESIAN_POINT('',(34.880765630131,-28.,-2.33588687009472));
#12568=CARTESIAN_POINT('',(34.8530199851231,-28.,-2.25845130671168));
#12569=CARTESIAN_POINT('',(34.8383394461218,-28.,-2.21052048693823));
#12570=CARTESIAN_POINT('',(34.8235133940198,-28.,-2.15511617451687));
#12571=CARTESIAN_POINT('',(34.8144420352257,-28.,-2.11708785912894));
#12572=CARTESIAN_POINT('',(34.8073764585529,-28.,-2.08197177502042));
#12573=CARTESIAN_POINT('',(34.8026893188906,-28.,-2.05690273511115));
#12574=CARTESIAN_POINT('',(34.7986107778187,-28.,-2.03334315611632));
#12575=CARTESIAN_POINT('',(34.7952347436353,-28.,-2.01069676652665));
#12576=CARTESIAN_POINT('',(34.7937608129385,-28.,-2.));
#12577=CARTESIAN_POINT('',(35.1543167705199,-28.,-2.));
#12578=VECTOR('',#12579,1.);
#12579=DIRECTION('',(-1.,0.,0.));
#12580=CARTESIAN_POINT('',(35.1543167705199,-27.2,-2.));
#12581=CARTESIAN_POINT('',(35.1543167705199,-27.2,4.03573985511051E-15));
#12582=VECTOR('',#12583,1.);
#12583=DIRECTION('',(0.,0.,-1.));
#12584=CARTESIAN_POINT('',(34.7937608131812,-27.2,-2.));
#12585=CARTESIAN_POINT('',(34.7937608131812,-27.2,-2.));
#12586=VECTOR('',#12587,1.);
#12587=DIRECTION('',(1.,0.,0.));
#12588=CARTESIAN_POINT('',(38.4062391868188,-27.2,-2.));
#12589=CARTESIAN_POINT('',(34.7937608131811,-27.2,-2.));
#12590=CARTESIAN_POINT('',(34.7951606032964,-27.2,-2.01015871100161));
#12591=CARTESIAN_POINT('',(34.7981797684287,-27.2,-2.03048866372574));
#12592=CARTESIAN_POINT('',(34.8033304902817,-27.2,-2.06077379171109));
#12593=CARTESIAN_POINT('',(34.8072154589261,-27.2,-2.08103918043723));
#12594=CARTESIAN_POINT('',(34.8120354404261,-27.1999999999999,-2.10481879667693));
#12595=CARTESIAN_POINT('',(34.8180256445056,-27.1999999999999,-2.132327540982));
#12596=CARTESIAN_POINT('',(34.8281754286708,-27.1999999999999,-2.17326467882867));
#12597=CARTESIAN_POINT('',(34.8396589291087,-27.1999999999999,-2.21444820601288));
#12598=CARTESIAN_POINT('',(34.8495213443775,-27.1999999999999,-2.24618710913243));
#12599=CARTESIAN_POINT('',(34.8594986070616,-27.1999999999999,-2.27621981436214));
#12600=CARTESIAN_POINT('',(34.871747862791,-27.1999999999999,-2.31103968304396));
#12601=CARTESIAN_POINT('',(34.8883959360098,-27.1999999999998,-2.35379045466924));
#12602=CARTESIAN_POINT('',(34.9081592452492,-27.1999999999998,-2.39984900614491));
#12603=CARTESIAN_POINT('',(34.9266742441866,-27.1999999999998,-2.43955536157895));
#12604=CARTESIAN_POINT('',(34.9541526217129,-27.1999999999998,-2.49401998533896));
#12605=CARTESIAN_POINT('',(34.977585827476,-27.1999999999998,-2.53568862862046));
#12606=CARTESIAN_POINT('',(35.0176163125696,-27.1999999999997,-2.60138194598845));
#12607=CARTESIAN_POINT('',(35.0555063845035,-27.1999999999997,-2.65743915560332));
#12608=CARTESIAN_POINT('',(35.1101348743823,-27.1999999999997,-2.72791511437606));
#12609=CARTESIAN_POINT('',(35.1675233827424,-27.1999999999996,-2.79513821150299));
#12610=CARTESIAN_POINT('',(35.217409212017,-27.1999999999996,-2.84612052340714));
#12611=CARTESIAN_POINT('',(35.2912682578046,-27.1999999999996,-2.91489595985059));
#12612=CARTESIAN_POINT('',(35.3392597977114,-27.1999999999996,-2.9545165588941));
#12613=CARTESIAN_POINT('',(35.4181841905338,-27.1999999999995,-3.01232978469572));
#12614=CARTESIAN_POINT('',(35.4646101936241,-27.1999999999995,-3.04336196660569));
#12615=CARTESIAN_POINT('',(35.5233070054036,-27.1999999999995,-3.07829839730883));
#12616=CARTESIAN_POINT('',(35.5642425443707,-27.1999999999995,-3.10113627798262));
#12617=CARTESIAN_POINT('',(35.5975811049523,-27.1999999999995,-3.11829805445398));
#12618=CARTESIAN_POINT('',(35.6305962574919,-27.1999999999995,-3.13440712832992));
#12619=CARTESIAN_POINT('',(35.6673769312737,-27.1999999999995,-3.1515518202297));
#12620=CARTESIAN_POINT('',(35.7024413208452,-27.1999999999995,-3.16638477561156));
#12621=CARTESIAN_POINT('',(35.7451903992258,-27.1999999999994,-3.18335481979909));
#12622=CARTESIAN_POINT('',(35.7819700829981,-27.1999999999994,-3.19700089597243));
#12623=CARTESIAN_POINT('',(35.8245732488597,-27.1999999999994,-3.21108094398257));
#12624=CARTESIAN_POINT('',(35.8606900516779,-27.1999999999994,-3.22219758295036));
#12625=CARTESIAN_POINT('',(35.896563250073,-27.1999999999994,-3.23243933922926));
#12626=CARTESIAN_POINT('',(35.9297345586798,-27.1999999999994,-3.24091632591862));
#12627=CARTESIAN_POINT('',(35.9594969794226,-27.1999999999994,-3.24799983490372));
#12628=CARTESIAN_POINT('',(35.9906530840136,-27.1999999999994,-3.25496574700607));
#12629=CARTESIAN_POINT('',(36.0409729953506,-27.1999999999994,-3.26492158032575));
#12630=CARTESIAN_POINT('',(36.0895211802806,-27.1999999999994,-3.2728748253246));
#12631=CARTESIAN_POINT('',(36.1378575034343,-27.1999999999994,-3.27951868128794));
#12632=CARTESIAN_POINT('',(36.1871021246196,-27.1999999999994,-3.28530135832312));
#12633=CARTESIAN_POINT('',(36.2424465158346,-27.1999999999994,-3.29022183153342));
#12634=CARTESIAN_POINT('',(36.2867363376986,-27.1999999999994,-3.29307071690198));
#12635=CARTESIAN_POINT('',(36.3132931753224,-27.1999999999994,-3.29447951902976));
#12636=CARTESIAN_POINT('',(36.3348866382988,-27.1999999999994,-3.29550516981337));
#12637=CARTESIAN_POINT('',(36.3630305687779,-27.1999999999994,-3.29661265930516));
#12638=CARTESIAN_POINT('',(36.3970739413085,-27.1999999999994,-3.2976298855785));
#12639=CARTESIAN_POINT('',(36.4324753918238,-27.1999999999994,-3.29839461958392));
#12640=CARTESIAN_POINT('',(36.468880860017,-27.1999999999994,-3.29892908808143));
#12641=CARTESIAN_POINT('',(36.5000362268331,-27.1999999999993,-3.29921737440132));
#12642=CARTESIAN_POINT('',(36.5299438355539,-27.1999999999993,-3.29940292323652));
#12643=CARTESIAN_POINT('',(36.5612975897924,-27.1999999999993,-3.29952256587357));
#12644=CARTESIAN_POINT('',(36.5951475734767,-27.1999999999993,-3.29956458774328));
#12645=CARTESIAN_POINT('',(36.6416624734708,-27.1999999999993,-3.29952613186279));
#12646=CARTESIAN_POINT('',(36.6938771000949,-27.1999999999993,-3.29932495974304));
#12647=CARTESIAN_POINT('',(36.7521756237364,-27.1999999999993,-3.29868968168008));
#12648=CARTESIAN_POINT('',(36.7999091632313,-27.1999999999993,-3.29772903910813));
#12649=CARTESIAN_POINT('',(36.830107765133,-27.1999999999993,-3.2968193381425));
#12650=CARTESIAN_POINT('',(36.8604570255672,-27.1999999999993,-3.29570696631169));
#12651=CARTESIAN_POINT('',(36.8930250028998,-27.1999999999993,-3.29426379793393));
#12652=CARTESIAN_POINT('',(36.9389761676569,-27.1999999999993,-3.29148599283999));
#12653=CARTESIAN_POINT('',(36.9851132324604,-27.1999999999993,-3.28783886213586));
#12654=CARTESIAN_POINT('',(37.0313956684816,-27.1999999999993,-3.28321770797799));
#12655=CARTESIAN_POINT('',(37.0635127813501,-27.1999999999993,-3.27928145937178));
#12656=CARTESIAN_POINT('',(37.094385611358,-27.1999999999993,-3.27509056981468));
#12657=CARTESIAN_POINT('',(37.1252519078479,-27.1999999999993,-3.27052119706811));
#12658=CARTESIAN_POINT('',(37.1666767252829,-27.1999999999993,-3.263361879712));
#12659=CARTESIAN_POINT('',(37.1973043499335,-27.1999999999993,-3.25732939017555));
#12660=CARTESIAN_POINT('',(37.2277160026903,-27.1999999999993,-3.25091334347349));
#12661=CARTESIAN_POINT('',(37.2612131663565,-27.1999999999993,-3.2432693108636));
#12662=CARTESIAN_POINT('',(37.2945750864083,-27.1999999999993,-3.23468414798319));
#12663=CARTESIAN_POINT('',(37.3241215353237,-27.1999999999993,-3.22653548605458));
#12664=CARTESIAN_POINT('',(37.3533263009967,-27.1999999999993,-3.21804262846985));
#12665=CARTESIAN_POINT('',(37.3902526403103,-27.1999999999993,-3.20630215884253));
#12666=CARTESIAN_POINT('',(37.4263661516762,-27.1999999999993,-3.19380334737932));
#12667=CARTESIAN_POINT('',(37.4774726545543,-27.1999999999993,-3.17485931460376));
#12668=CARTESIAN_POINT('',(37.5191212193268,-27.1999999999993,-3.15746461731909));
#12669=CARTESIAN_POINT('',(37.5796211800192,-27.1999999999994,-3.12982206928736));
#12670=CARTESIAN_POINT('',(37.6248140816658,-27.1999999999994,-3.10728332184523));
#12671=CARTESIAN_POINT('',(37.6768193370433,-27.1999999999994,-3.07820552866014));
#12672=CARTESIAN_POINT('',(37.7319610794011,-27.1999999999994,-3.04541215350392));
#12673=CARTESIAN_POINT('',(37.778930817713,-27.1999999999994,-3.01431404894751));
#12674=CARTESIAN_POINT('',(37.8434603448698,-27.1999999999994,-2.96731295697679));
#12675=CARTESIAN_POINT('',(37.8990431771925,-27.1999999999994,-2.92307372693592));
#12676=CARTESIAN_POINT('',(37.9492812053355,-27.1999999999994,-2.87756266824322));
#12677=CARTESIAN_POINT('',(37.9952656837009,-27.1999999999995,-2.8330608585515));
#12678=CARTESIAN_POINT('',(38.0425596247198,-27.1999999999995,-2.78386816915806));
#12679=CARTESIAN_POINT('',(38.083978383143,-27.1999999999995,-2.73479557508518));
#12680=CARTESIAN_POINT('',(38.1237056594961,-27.1999999999995,-2.68441191103733));
#12681=CARTESIAN_POINT('',(38.1617917166052,-27.1999999999995,-2.63277889462251));
#12682=CARTESIAN_POINT('',(38.1983402844144,-27.1999999999996,-2.57583447433253));
#12683=CARTESIAN_POINT('',(38.2322641028313,-27.1999999999996,-2.51841475105281));
#12684=CARTESIAN_POINT('',(38.2594185975993,-27.1999999999996,-2.46856124693805));
#12685=CARTESIAN_POINT('',(38.2846631345444,-27.1999999999996,-2.41559202467135));
#12686=CARTESIAN_POINT('',(38.3065098626147,-27.1999999999996,-2.36612640104241));
#12687=CARTESIAN_POINT('',(38.3204085354804,-27.1999999999997,-2.33169610929903));
#12688=CARTESIAN_POINT('',(38.3398867968632,-27.1999999999997,-2.27859819102726));
#12689=CARTESIAN_POINT('',(38.3504298065162,-27.1999999999997,-2.24680281089168));
#12690=CARTESIAN_POINT('',(38.3652833409421,-27.1999999999997,-2.19732151853847));
#12691=CARTESIAN_POINT('',(38.3773395492475,-27.1999999999997,-2.15281478315114));
#12692=CARTESIAN_POINT('',(38.3868424963708,-27.1999999999997,-2.11035615588365));
#12693=CARTESIAN_POINT('',(38.3930171226535,-27.1999999999998,-2.0798907825544));
#12694=CARTESIAN_POINT('',(38.3970898680491,-27.1999999999998,-2.05850957307459));
#12695=CARTESIAN_POINT('',(38.4021698152038,-27.1999999999998,-2.02820791628301));
#12696=CARTESIAN_POINT('',(38.4049961432639,-27.1999999999998,-2.00902113251411));
#12697=CARTESIAN_POINT('',(38.4062385968368,-27.1999999999998,-2.00000428157695));
#12698=CARTESIAN_POINT('',(38.0456832294801,-27.2,-2.));
#12699=CARTESIAN_POINT('',(38.0456832294801,-27.2,-2.));
#12700=VECTOR('',#12701,1.);
#12701=DIRECTION('',(1.,0.,0.));
#12702=CARTESIAN_POINT('',(38.0456832294801,-27.2,4.38983012302328E-15));
#12703=VECTOR('',#12704,1.);
#12704=DIRECTION('',(0.,0.,-1.));
#12705=AXIS2_PLACEMENT_3D('',#12706,#12707,#12708);
#12706=CARTESIAN_POINT('',(36.6,-27.6,-2.));
#12707=DIRECTION('',(1.22464679914735E-16,2.26016594027535E-32,-1.));
#12708=DIRECTION('',(-0.963788819653397,0.266666666666668,-1.18030089304254E-16));
#12709=CARTESIAN_POINT('',(31.5,-36.1,8.));
#12710=VECTOR('',#12711,1.);
#12711=DIRECTION('',(0.,-1.,0.));
#12712=CARTESIAN_POINT('',(-31.5,-38.5,8.));
#12713=VECTOR('',#12714,1.);
#12714=DIRECTION('',(0.,1.,0.));
#12715=CARTESIAN_POINT('',(-28.5,-36.1,8.));
#12716=VECTOR('',#12717,1.);
#12717=DIRECTION('',(0.,-1.,0.));
#12718=CARTESIAN_POINT('',(-11.5,-38.5,8.));
#12719=VECTOR('',#12720,1.);
#12720=DIRECTION('',(7.40148683083436E-16,1.,0.));
#12721=CARTESIAN_POINT('',(-8.5,-36.1,8.));
#12722=VECTOR('',#12723,1.);
#12723=DIRECTION('',(7.40148683083436E-16,-1.,0.));
#12724=CARTESIAN_POINT('',(8.5,-38.5,8.));
#12725=VECTOR('',#12726,1.);
#12726=DIRECTION('',(7.40148683083436E-16,1.,0.));
#12727=CARTESIAN_POINT('',(11.5,-36.1,8.));
#12728=VECTOR('',#12729,1.);
#12729=DIRECTION('',(7.40148683083436E-16,-1.,0.));
#12730=CARTESIAN_POINT('',(28.5,-38.5,8.));
#12731=VECTOR('',#12732,1.);
#12732=DIRECTION('',(0.,1.,0.));
#12733=CARTESIAN_POINT('',(-31.5,36.1,8.));
#12734=VECTOR('',#12735,1.);
#12735=DIRECTION('',(0.,1.,0.));
#12736=CARTESIAN_POINT('',(31.5,38.5,8.));
#12737=VECTOR('',#12738,1.);
#12738=DIRECTION('',(1.48029736616686E-15,-1.,0.));
#12739=CARTESIAN_POINT('',(28.5,36.1,8.));
#12740=VECTOR('',#12741,1.);
#12741=DIRECTION('',(-1.48029736616687E-15,1.,0.));
#12742=CARTESIAN_POINT('',(11.5,38.5,8.));
#12743=VECTOR('',#12744,1.);
#12744=DIRECTION('',(-7.40148683083438E-16,-1.,0.));
#12745=CARTESIAN_POINT('',(8.5,36.1,8.));
#12746=VECTOR('',#12747,1.);
#12747=DIRECTION('',(7.40148683083438E-16,1.,0.));
#12748=CARTESIAN_POINT('',(-8.5,38.5,8.));
#12749=VECTOR('',#12750,1.);
#12750=DIRECTION('',(-1.48029736616688E-15,-1.,0.));
#12751=CARTESIAN_POINT('',(-11.5,36.1,8.));
#12752=VECTOR('',#12753,1.);
#12753=DIRECTION('',(7.40148683083438E-16,1.,0.));
#12754=CARTESIAN_POINT('',(-28.5,38.5,8.));
#12755=VECTOR('',#12756,1.);
#12756=DIRECTION('',(0.,-1.,0.));
#12757=CARTESIAN_POINT('',(33.,-36.1,8.));
#12758=VECTOR('',#12759,1.);
#12759=DIRECTION('',(0.,-1.,0.));
#12760=CARTESIAN_POINT('',(33.,-36.1,6.));
#12761=VECTOR('',#12762,1.);
#12762=DIRECTION('',(0.,-1.,0.));
#12763=CARTESIAN_POINT('',(31.5,-38.5,6.));
#12764=VECTOR('',#12765,1.);
#12765=DIRECTION('',(0.,1.,0.));
#12766=CARTESIAN_POINT('',(31.5,-36.1,0.5));
#12767=VECTOR('',#12768,1.);
#12768=DIRECTION('',(0.,-1.,0.));
#12769=CARTESIAN_POINT('',(27.,-36.1,8.));
#12770=VECTOR('',#12771,1.);
#12771=DIRECTION('',(0.,-1.,0.));
#12772=CARTESIAN_POINT('',(27.,-36.1,6.));
#12773=VECTOR('',#12774,1.);
#12774=DIRECTION('',(0.,-1.,0.));
#12775=CARTESIAN_POINT('',(28.5,-36.1,6.));
#12776=VECTOR('',#12777,1.);
#12777=DIRECTION('',(0.,-1.,0.));
#12778=CARTESIAN_POINT('',(28.5,-38.5,0.5));
#12779=VECTOR('',#12780,1.);
#12780=DIRECTION('',(0.,1.,0.));
#12781=CARTESIAN_POINT('',(13.,-36.1,8.));
#12782=VECTOR('',#12783,1.);
#12783=DIRECTION('',(7.40148683083438E-16,-1.,0.));
#12784=CARTESIAN_POINT('',(13.,-36.1,6.));
#12785=VECTOR('',#12786,1.);
#12786=DIRECTION('',(7.40148683083438E-16,-1.,0.));
#12787=CARTESIAN_POINT('',(11.5,-38.5,6.));
#12788=VECTOR('',#12789,1.);
#12789=DIRECTION('',(-7.40148683083436E-16,1.,0.));
#12790=CARTESIAN_POINT('',(11.5,-36.1,0.5));
#12791=VECTOR('',#12792,1.);
#12792=DIRECTION('',(7.40148683083436E-16,-1.,0.));
#12793=CARTESIAN_POINT('',(7.00000000000001,-36.1,8.));
#12794=VECTOR('',#12795,1.);
#12795=DIRECTION('',(0.,-1.,0.));
#12796=CARTESIAN_POINT('',(7.00000000000001,-36.1,6.));
#12797=VECTOR('',#12798,1.);
#12798=DIRECTION('',(0.,-1.,0.));
#12799=CARTESIAN_POINT('',(8.5,-36.1,6.));
#12800=VECTOR('',#12801,1.);
#12801=DIRECTION('',(-7.40148683083436E-16,-1.,0.));
#12802=CARTESIAN_POINT('',(8.5,-38.5,0.5));
#12803=VECTOR('',#12804,1.);
#12804=DIRECTION('',(7.40148683083436E-16,1.,0.));
#12805=CARTESIAN_POINT('',(-6.99999999999999,-36.1,8.));
#12806=VECTOR('',#12807,1.);
#12807=DIRECTION('',(0.,-1.,0.));
#12808=CARTESIAN_POINT('',(-6.99999999999999,-36.1,6.));
#12809=VECTOR('',#12810,1.);
#12810=DIRECTION('',(0.,-1.,0.));
#12811=CARTESIAN_POINT('',(-8.5,-38.5,6.));
#12812=VECTOR('',#12813,1.);
#12813=DIRECTION('',(-7.40148683083436E-16,1.,0.));
#12814=CARTESIAN_POINT('',(-8.5,-36.1,0.5));
#12815=VECTOR('',#12816,1.);
#12816=DIRECTION('',(7.40148683083436E-16,-1.,0.));
#12817=CARTESIAN_POINT('',(-13.,-36.1,6.));
#12818=VECTOR('',#12819,1.);
#12819=DIRECTION('',(7.40148683083438E-16,-1.,0.));
#12820=CARTESIAN_POINT('',(-11.5,-36.1,6.));
#12821=VECTOR('',#12822,1.);
#12822=DIRECTION('',(-7.40148683083436E-16,-1.,0.));
#12823=CARTESIAN_POINT('',(-11.5,-38.5,0.5));
#12824=VECTOR('',#12825,1.);
#12825=DIRECTION('',(0.,1.,0.));
#12826=CARTESIAN_POINT('',(-13.,-36.1,8.));
#12827=VECTOR('',#12828,1.);
#12828=DIRECTION('',(7.40148683083438E-16,-1.,0.));
#12829=CARTESIAN_POINT('',(-27.,-36.1,8.));
#12830=VECTOR('',#12831,1.);
#12831=DIRECTION('',(0.,-1.,0.));
#12832=CARTESIAN_POINT('',(-27.,-36.1,6.));
#12833=VECTOR('',#12834,1.);
#12834=DIRECTION('',(0.,-1.,0.));
#12835=CARTESIAN_POINT('',(-28.5,-38.5,6.));
#12836=VECTOR('',#12837,1.);
#12837=DIRECTION('',(0.,1.,0.));
#12838=CARTESIAN_POINT('',(-28.5,-36.1,0.5));
#12839=VECTOR('',#12840,1.);
#12840=DIRECTION('',(0.,-1.,0.));
#12841=CARTESIAN_POINT('',(-33.,-36.1,8.));
#12842=VECTOR('',#12843,1.);
#12843=DIRECTION('',(0.,-1.,0.));
#12844=CARTESIAN_POINT('',(-33.,-36.1,6.));
#12845=VECTOR('',#12846,1.);
#12846=DIRECTION('',(0.,-1.,0.));
#12847=CARTESIAN_POINT('',(-31.5,-36.1,6.));
#12848=VECTOR('',#12849,1.);
#12849=DIRECTION('',(0.,-1.,0.));
#12850=CARTESIAN_POINT('',(-31.5,-38.5,0.5));
#12851=VECTOR('',#12852,1.);
#12852=DIRECTION('',(0.,1.,0.));
#12853=CARTESIAN_POINT('',(-33.,36.1,8.));
#12854=VECTOR('',#12855,1.);
#12855=DIRECTION('',(0.,1.,0.));
#12856=CARTESIAN_POINT('',(-33.,36.1,6.));
#12857=VECTOR('',#12858,1.);
#12858=DIRECTION('',(0.,1.,0.));
#12859=CARTESIAN_POINT('',(-31.5,38.5,6.));
#12860=VECTOR('',#12861,1.);
#12861=DIRECTION('',(0.,-1.,0.));
#12862=CARTESIAN_POINT('',(-31.5,36.1,0.499999999999996));
#12863=VECTOR('',#12864,1.);
#12864=DIRECTION('',(0.,1.,0.));
#12865=CARTESIAN_POINT('',(-27.,36.1,8.));
#12866=VECTOR('',#12867,1.);
#12867=DIRECTION('',(-1.48029736616688E-15,1.,0.));
#12868=CARTESIAN_POINT('',(-27.,36.1,6.));
#12869=VECTOR('',#12870,1.);
#12870=DIRECTION('',(0.,1.,0.));
#12871=CARTESIAN_POINT('',(-28.5,36.1,6.));
#12872=VECTOR('',#12873,1.);
#12873=DIRECTION('',(0.,1.,0.));
#12874=CARTESIAN_POINT('',(-28.5,38.5,0.499999999999997));
#12875=VECTOR('',#12876,1.);
#12876=DIRECTION('',(0.,-1.,0.));
#12877=CARTESIAN_POINT('',(-13.,36.1,8.));
#12878=VECTOR('',#12879,1.);
#12879=DIRECTION('',(-7.40148683083438E-16,1.,0.));
#12880=CARTESIAN_POINT('',(-13.,36.1,6.));
#12881=VECTOR('',#12882,1.);
#12882=DIRECTION('',(-7.40148683083438E-16,1.,0.));
#12883=CARTESIAN_POINT('',(-11.5,38.5,6.));
#12884=VECTOR('',#12885,1.);
#12885=DIRECTION('',(-7.40148683083438E-16,-1.,0.));
#12886=CARTESIAN_POINT('',(-11.5,36.1,0.499999999999999));
#12887=VECTOR('',#12888,1.);
#12888=DIRECTION('',(7.40148683083438E-16,1.,0.));
#12889=CARTESIAN_POINT('',(-7.00000000000001,36.1,8.));
#12890=VECTOR('',#12891,1.);
#12891=DIRECTION('',(0.,1.,0.));
#12892=CARTESIAN_POINT('',(-7.00000000000001,36.1,6.));
#12893=VECTOR('',#12894,1.);
#12894=DIRECTION('',(0.,1.,0.));
#12895=CARTESIAN_POINT('',(-8.5,36.1,6.));
#12896=VECTOR('',#12897,1.);
#12897=DIRECTION('',(7.40148683083438E-16,1.,0.));
#12898=CARTESIAN_POINT('',(-8.5,38.5,0.5));
#12899=VECTOR('',#12900,1.);
#12900=DIRECTION('',(-7.40148683083438E-16,-1.,0.));
#12901=CARTESIAN_POINT('',(6.99999999999999,36.1,8.));
#12902=VECTOR('',#12903,1.);
#12903=DIRECTION('',(0.,1.,0.));
#12904=CARTESIAN_POINT('',(6.99999999999999,36.1,6.));
#12905=VECTOR('',#12906,1.);
#12906=DIRECTION('',(0.,1.,0.));
#12907=CARTESIAN_POINT('',(8.5,38.5,6.));
#12908=VECTOR('',#12909,1.);
#12909=DIRECTION('',(-7.40148683083438E-16,-1.,0.));
#12910=CARTESIAN_POINT('',(8.5,36.1,0.500000000000001));
#12911=VECTOR('',#12912,1.);
#12912=DIRECTION('',(7.40148683083438E-16,1.,0.));
#12913=CARTESIAN_POINT('',(11.5,36.1,6.));
#12914=VECTOR('',#12915,1.);
#12915=DIRECTION('',(7.40148683083438E-16,1.,0.));
#12916=CARTESIAN_POINT('',(13.,36.1,6.));
#12917=VECTOR('',#12918,1.);
#12918=DIRECTION('',(-7.40148683083438E-16,1.,0.));
#12919=CARTESIAN_POINT('',(11.5,38.5,0.500000000000001));
#12920=VECTOR('',#12921,1.);
#12921=DIRECTION('',(0.,-1.,0.));
#12922=CARTESIAN_POINT('',(13.,36.1,8.));
#12923=VECTOR('',#12924,1.);
#12924=DIRECTION('',(-7.40148683083438E-16,1.,0.));
#12925=CARTESIAN_POINT('',(27.,36.1,8.));
#12926=VECTOR('',#12927,1.);
#12927=DIRECTION('',(-1.48029736616688E-15,1.,0.));
#12928=CARTESIAN_POINT('',(27.,36.1,6.));
#12929=VECTOR('',#12930,1.);
#12930=DIRECTION('',(0.,1.,0.));
#12931=CARTESIAN_POINT('',(28.5,38.5,6.));
#12932=VECTOR('',#12933,1.);
#12933=DIRECTION('',(0.,-1.,0.));
#12934=CARTESIAN_POINT('',(28.5,36.1,0.500000000000004));
#12935=VECTOR('',#12936,1.);
#12936=DIRECTION('',(-1.48029736616687E-15,1.,0.));
#12937=CARTESIAN_POINT('',(33.,36.1,8.));
#12938=VECTOR('',#12939,1.);
#12939=DIRECTION('',(0.,1.,0.));
#12940=CARTESIAN_POINT('',(33.,36.1,6.));
#12941=VECTOR('',#12942,1.);
#12942=DIRECTION('',(0.,1.,0.));
#12943=CARTESIAN_POINT('',(31.5,36.1,6.));
#12944=VECTOR('',#12945,1.);
#12945=DIRECTION('',(0.,1.,0.));
#12946=CARTESIAN_POINT('',(31.5,38.5,0.500000000000004));
#12947=VECTOR('',#12948,1.);
#12948=DIRECTION('',(1.48029736616686E-15,-1.,0.));
#12949=CARTESIAN_POINT('',(36.6,36.1,-0.999999999999996));
#12950=AXIS2_PLACEMENT_3D('',#12951,#12952,#12953);
#12951=CARTESIAN_POINT('',(36.6,35.8,-0.999999999999996));
#12952=DIRECTION('',(1.22464679914735E-16,2.26016594027535E-32,-1.));
#12953=DIRECTION('',(-6.12323399573677E-17,1.,1.51028604894442E-32));
#12954=AXIS2_PLACEMENT_3D('',#12955,#12956,#12957);
#12955=CARTESIAN_POINT('',(-36.6,27.6,-2.));
#12956=DIRECTION('',(1.22464679914735E-16,2.26016594027535E-32,-1.));
#12957=DIRECTION('',(0.976345506388563,-0.216216216216221,1.19567839926066E-16));
#12958=AXIS2_PLACEMENT_3D('',#12959,#12960,#12961);
#12959=CARTESIAN_POINT('',(-36.6,27.6,-2.));
#12960=DIRECTION('',(1.22464679914735E-16,2.26016594027535E-32,-1.));
#12961=DIRECTION('',(-0.976345506388565,0.216216216216214,-1.19567839926066E-16));
#12962=AXIS2_PLACEMENT_3D('',#12963,#12964,#12965);
#12963=CARTESIAN_POINT('',(36.6,-27.6,-2.));
#12964=DIRECTION('',(1.22464679914735E-16,2.26016594027535E-32,-1.));
#12965=DIRECTION('',(0.976345506388565,-0.216216216216214,1.19567839926066E-16));
#12966=AXIS2_PLACEMENT_3D('',#12967,#12968,#12969);
#12967=CARTESIAN_POINT('',(36.6,-27.6,-2.));
#12968=DIRECTION('',(1.22464679914735E-16,2.26016594027535E-32,-1.));
#12969=DIRECTION('',(-0.976345506388564,0.216216216216217,-1.19567839926066E-16));
ENDSEC;
END-ISO-10303-21;
