ISO-10303-21;
HEADER;
/* Generated by software containing ST-Developer
 * from STEP Tools, Inc. (www.steptools.com) 
 */

FILE_DESCRIPTION(
/* description */ ('STEP AP214'),
/* implementation_level */ '2;1');

FILE_NAME(
/* name */ 'Fuse_FuseHolder_4527.step',
/* time_stamp */ '2026-04-20T22:23:23-03:00',
/* author */ (''),
/* organization */ (''),
/* preprocessor_version */ 'ST-DEVELOPER v20.1',
/* originating_system */ 'Autodesk Translation Framework v14.24.0.0',
/* authorisation */ '');

FILE_SCHEMA (('AUTOMOTIVE_DESIGN { 1 0 10303 214 3 1 1 }'));
ENDSEC;

DATA;
#10=MECHANICAL_DESIGN_GEOMETRIC_PRESENTATION_REPRESENTATION('',(#43,#44,
#45,#46,#47,#48,#49,#50,#51),#5292);
#11=ELLIPSE('',#3367,0.0282842712474621,0.0200000000000001);
#12=ELLIPSE('',#3370,0.0282842712474627,0.0200000000000007);
#13=B_SPLINE_CURVE_WITH_KNOTS('',3,(#4861,#4862,#4863,#4864,#4865,#4866,
#4867,#4868,#4869,#4870),.UNSPECIFIED.,.F.,.F.,(4,2,2,2,4),(0.270286402872657,
0.288953083779601,0.307619764686546,0.334938692330683,0.36225761997482),
 .UNSPECIFIED.);
#14=B_SPLINE_CURVE_WITH_KNOTS('',3,(#4884,#4885,#4886,#4887,#4888,#4889,
#4890,#4891,#4892,#4893,#4894,#4895),.UNSPECIFIED.,.F.,.F.,(4,2,2,2,2,4),
(0.270272730929176,0.28064885216968,0.291024973410184,0.311777215891191,
0.337049060554977,0.362320905218764),.UNSPECIFIED.);
#15=FACE_BOUND('',#436,.T.);
#16=FACE_BOUND('',#437,.T.);
#17=FACE_BOUND('',#438,.T.);
#18=FACE_BOUND('',#439,.T.);
#19=FACE_BOUND('',#440,.T.);
#20=ITEM_DEFINED_TRANSFORMATION($,$,#3249,#3259);
#21=ITEM_DEFINED_TRANSFORMATION($,$,#3243,#3260);
#22=ITEM_DEFINED_TRANSFORMATION($,$,#3249,#3261);
#23=ITEM_DEFINED_TRANSFORMATION($,$,#3242,#3479);
#24=(
REPRESENTATION_RELATIONSHIP($,$,#5315,#5313)
REPRESENTATION_RELATIONSHIP_WITH_TRANSFORMATION(#20)
SHAPE_REPRESENTATION_RELATIONSHIP()
);
#25=(
REPRESENTATION_RELATIONSHIP($,$,#5314,#5313)
REPRESENTATION_RELATIONSHIP_WITH_TRANSFORMATION(#21)
SHAPE_REPRESENTATION_RELATIONSHIP()
);
#26=(
REPRESENTATION_RELATIONSHIP($,$,#5315,#5313)
REPRESENTATION_RELATIONSHIP_WITH_TRANSFORMATION(#22)
SHAPE_REPRESENTATION_RELATIONSHIP()
);
#27=(
REPRESENTATION_RELATIONSHIP($,$,#5313,#5312)
REPRESENTATION_RELATIONSHIP_WITH_TRANSFORMATION(#23)
SHAPE_REPRESENTATION_RELATIONSHIP()
);
#28=CONTEXT_DEPENDENT_SHAPE_REPRESENTATION(#24,#5308);
#29=CONTEXT_DEPENDENT_SHAPE_REPRESENTATION(#25,#5309);
#30=CONTEXT_DEPENDENT_SHAPE_REPRESENTATION(#26,#5310);
#31=CONTEXT_DEPENDENT_SHAPE_REPRESENTATION(#27,#5311);
#32=NEXT_ASSEMBLY_USAGE_OCCURRENCE('FRONT:1','FRONT:1','FRONT:1',#5318,
#5320,'FRONT:1');
#33=NEXT_ASSEMBLY_USAGE_OCCURRENCE('CYLINDER_5_10:1','CYLINDER_5_10:1',
'CYLINDER_5_10:1',#5318,#5319,'CYLINDER_5_10:1');
#34=NEXT_ASSEMBLY_USAGE_OCCURRENCE('FRONT:2','FRONT:2','FRONT:2',#5318,
#5320,'FRONT:2');
#35=NEXT_ASSEMBLY_USAGE_OCCURRENCE('5x20_250V_v2 v1:1',
'5x20_250V_v2 v1:1','5x20_250V_v2 v1:1',#5317,#5318,'5x20_250V_v2 v1:1');
#36=TOROIDAL_SURFACE('',#3252,0.0826771653543307,0.0196850393700787);
#37=SHAPE_REPRESENTATION_RELATIONSHIP('SRR','None',#5314,#40);
#38=SHAPE_REPRESENTATION_RELATIONSHIP('SRR','None',#5315,#41);
#39=SHAPE_REPRESENTATION_RELATIONSHIP('SRR','None',#5312,#42);
#40=ADVANCED_BREP_SHAPE_REPRESENTATION('',(#52),#5290);
#41=ADVANCED_BREP_SHAPE_REPRESENTATION('',(#53),#5291);
#42=ADVANCED_BREP_SHAPE_REPRESENTATION('',(#54,#55,#56,#57,#58,#59,#60),
#5288);
#43=STYLED_ITEM('',(#5339),#52);
#44=STYLED_ITEM('',(#5340),#53);
#45=STYLED_ITEM('',(#5337),#54);
#46=STYLED_ITEM('',(#5337),#55);
#47=STYLED_ITEM('',(#5337),#56);
#48=STYLED_ITEM('',(#5337),#57);
#49=STYLED_ITEM('',(#5338),#58);
#50=STYLED_ITEM('',(#5337),#59);
#51=STYLED_ITEM('',(#5337),#60);
#52=MANIFOLD_SOLID_BREP('Corpo1',#3209);
#53=MANIFOLD_SOLID_BREP('Corpo1',#3210);
#54=MANIFOLD_SOLID_BREP('Corpo1',#3211);
#55=MANIFOLD_SOLID_BREP('Corpo2',#3212);
#56=MANIFOLD_SOLID_BREP('Corpo3',#3213);
#57=MANIFOLD_SOLID_BREP('Corpo4',#3214);
#58=MANIFOLD_SOLID_BREP('Corpo5',#3215);
#59=MANIFOLD_SOLID_BREP('Corpo6',#3216);
#60=MANIFOLD_SOLID_BREP('Corpo7',#3217);
#61=PLANE('',#3247);
#62=PLANE('',#3248);
#63=PLANE('',#3250);
#64=PLANE('',#3258);
#65=PLANE('',#3265);
#66=PLANE('',#3266);
#67=PLANE('',#3267);
#68=PLANE('',#3269);
#69=PLANE('',#3271);
#70=PLANE('',#3272);
#71=PLANE('',#3274);
#72=PLANE('',#3278);
#73=PLANE('',#3279);
#74=PLANE('',#3280);
#75=PLANE('',#3282);
#76=PLANE('',#3284);
#77=PLANE('',#3285);
#78=PLANE('',#3287);
#79=PLANE('',#3291);
#80=PLANE('',#3292);
#81=PLANE('',#3294);
#82=PLANE('',#3296);
#83=PLANE('',#3297);
#84=PLANE('',#3298);
#85=PLANE('',#3299);
#86=PLANE('',#3304);
#87=PLANE('',#3305);
#88=PLANE('',#3307);
#89=PLANE('',#3309);
#90=PLANE('',#3310);
#91=PLANE('',#3311);
#92=PLANE('',#3312);
#93=PLANE('',#3314);
#94=PLANE('',#3316);
#95=PLANE('',#3318);
#96=PLANE('',#3319);
#97=PLANE('',#3320);
#98=PLANE('',#3325);
#99=PLANE('',#3331);
#100=PLANE('',#3336);
#101=PLANE('',#3339);
#102=PLANE('',#3345);
#103=PLANE('',#3346);
#104=PLANE('',#3349);
#105=PLANE('',#3350);
#106=PLANE('',#3351);
#107=PLANE('',#3352);
#108=PLANE('',#3353);
#109=PLANE('',#3355);
#110=PLANE('',#3358);
#111=PLANE('',#3360);
#112=PLANE('',#3362);
#113=PLANE('',#3364);
#114=PLANE('',#3365);
#115=PLANE('',#3372);
#116=PLANE('',#3375);
#117=PLANE('',#3376);
#118=PLANE('',#3377);
#119=PLANE('',#3378);
#120=PLANE('',#3379);
#121=PLANE('',#3381);
#122=PLANE('',#3382);
#123=PLANE('',#3383);
#124=PLANE('',#3384);
#125=PLANE('',#3385);
#126=PLANE('',#3386);
#127=PLANE('',#3387);
#128=PLANE('',#3388);
#129=PLANE('',#3389);
#130=PLANE('',#3391);
#131=PLANE('',#3392);
#132=PLANE('',#3393);
#133=PLANE('',#3394);
#134=PLANE('',#3395);
#135=PLANE('',#3396);
#136=PLANE('',#3398);
#137=PLANE('',#3401);
#138=PLANE('',#3402);
#139=PLANE('',#3403);
#140=PLANE('',#3404);
#141=PLANE('',#3406);
#142=PLANE('',#3407);
#143=PLANE('',#3408);
#144=PLANE('',#3409);
#145=PLANE('',#3410);
#146=PLANE('',#3411);
#147=PLANE('',#3412);
#148=PLANE('',#3413);
#149=PLANE('',#3414);
#150=PLANE('',#3416);
#151=PLANE('',#3417);
#152=PLANE('',#3418);
#153=PLANE('',#3419);
#154=PLANE('',#3420);
#155=PLANE('',#3421);
#156=PLANE('',#3423);
#157=PLANE('',#3424);
#158=PLANE('',#3426);
#159=PLANE('',#3427);
#160=PLANE('',#3429);
#161=PLANE('',#3430);
#162=PLANE('',#3431);
#163=PLANE('',#3432);
#164=PLANE('',#3433);
#165=PLANE('',#3434);
#166=PLANE('',#3435);
#167=PLANE('',#3436);
#168=PLANE('',#3437);
#169=PLANE('',#3438);
#170=PLANE('',#3439);
#171=PLANE('',#3440);
#172=PLANE('',#3441);
#173=PLANE('',#3442);
#174=PLANE('',#3443);
#175=PLANE('',#3444);
#176=PLANE('',#3445);
#177=PLANE('',#3446);
#178=PLANE('',#3447);
#179=PLANE('',#3448);
#180=PLANE('',#3449);
#181=PLANE('',#3450);
#182=PLANE('',#3451);
#183=PLANE('',#3452);
#184=PLANE('',#3453);
#185=PLANE('',#3454);
#186=PLANE('',#3455);
#187=PLANE('',#3456);
#188=PLANE('',#3457);
#189=PLANE('',#3458);
#190=PLANE('',#3459);
#191=PLANE('',#3460);
#192=PLANE('',#3461);
#193=PLANE('',#3462);
#194=PLANE('',#3463);
#195=PLANE('',#3464);
#196=PLANE('',#3468);
#197=PLANE('',#3469);
#198=PLANE('',#3470);
#199=PLANE('',#3471);
#200=PLANE('',#3472);
#201=PLANE('',#3476);
#202=PLANE('',#3477);
#203=PLANE('',#3478);
#204=FACE_OUTER_BOUND('',#376,.T.);
#205=FACE_OUTER_BOUND('',#377,.T.);
#206=FACE_OUTER_BOUND('',#378,.T.);
#207=FACE_OUTER_BOUND('',#379,.T.);
#208=FACE_OUTER_BOUND('',#380,.T.);
#209=FACE_OUTER_BOUND('',#381,.T.);
#210=FACE_OUTER_BOUND('',#382,.T.);
#211=FACE_OUTER_BOUND('',#383,.T.);
#212=FACE_OUTER_BOUND('',#384,.T.);
#213=FACE_OUTER_BOUND('',#385,.T.);
#214=FACE_OUTER_BOUND('',#386,.T.);
#215=FACE_OUTER_BOUND('',#387,.T.);
#216=FACE_OUTER_BOUND('',#388,.T.);
#217=FACE_OUTER_BOUND('',#389,.T.);
#218=FACE_OUTER_BOUND('',#390,.T.);
#219=FACE_OUTER_BOUND('',#391,.T.);
#220=FACE_OUTER_BOUND('',#392,.T.);
#221=FACE_OUTER_BOUND('',#393,.T.);
#222=FACE_OUTER_BOUND('',#394,.T.);
#223=FACE_OUTER_BOUND('',#395,.T.);
#224=FACE_OUTER_BOUND('',#396,.T.);
#225=FACE_OUTER_BOUND('',#397,.T.);
#226=FACE_OUTER_BOUND('',#398,.T.);
#227=FACE_OUTER_BOUND('',#399,.T.);
#228=FACE_OUTER_BOUND('',#400,.T.);
#229=FACE_OUTER_BOUND('',#401,.T.);
#230=FACE_OUTER_BOUND('',#402,.T.);
#231=FACE_OUTER_BOUND('',#403,.T.);
#232=FACE_OUTER_BOUND('',#404,.T.);
#233=FACE_OUTER_BOUND('',#405,.T.);
#234=FACE_OUTER_BOUND('',#406,.T.);
#235=FACE_OUTER_BOUND('',#407,.T.);
#236=FACE_OUTER_BOUND('',#408,.T.);
#237=FACE_OUTER_BOUND('',#409,.T.);
#238=FACE_OUTER_BOUND('',#410,.T.);
#239=FACE_OUTER_BOUND('',#411,.T.);
#240=FACE_OUTER_BOUND('',#412,.T.);
#241=FACE_OUTER_BOUND('',#413,.T.);
#242=FACE_OUTER_BOUND('',#414,.T.);
#243=FACE_OUTER_BOUND('',#415,.T.);
#244=FACE_OUTER_BOUND('',#416,.T.);
#245=FACE_OUTER_BOUND('',#417,.T.);
#246=FACE_OUTER_BOUND('',#418,.T.);
#247=FACE_OUTER_BOUND('',#419,.T.);
#248=FACE_OUTER_BOUND('',#420,.T.);
#249=FACE_OUTER_BOUND('',#421,.T.);
#250=FACE_OUTER_BOUND('',#422,.T.);
#251=FACE_OUTER_BOUND('',#423,.T.);
#252=FACE_OUTER_BOUND('',#424,.T.);
#253=FACE_OUTER_BOUND('',#425,.T.);
#254=FACE_OUTER_BOUND('',#426,.T.);
#255=FACE_OUTER_BOUND('',#427,.T.);
#256=FACE_OUTER_BOUND('',#428,.T.);
#257=FACE_OUTER_BOUND('',#429,.T.);
#258=FACE_OUTER_BOUND('',#430,.T.);
#259=FACE_OUTER_BOUND('',#431,.T.);
#260=FACE_OUTER_BOUND('',#432,.T.);
#261=FACE_OUTER_BOUND('',#433,.T.);
#262=FACE_OUTER_BOUND('',#434,.T.);
#263=FACE_OUTER_BOUND('',#435,.T.);
#264=FACE_OUTER_BOUND('',#441,.T.);
#265=FACE_OUTER_BOUND('',#442,.T.);
#266=FACE_OUTER_BOUND('',#443,.T.);
#267=FACE_OUTER_BOUND('',#444,.T.);
#268=FACE_OUTER_BOUND('',#445,.T.);
#269=FACE_OUTER_BOUND('',#446,.T.);
#270=FACE_OUTER_BOUND('',#447,.T.);
#271=FACE_OUTER_BOUND('',#448,.T.);
#272=FACE_OUTER_BOUND('',#449,.T.);
#273=FACE_OUTER_BOUND('',#450,.T.);
#274=FACE_OUTER_BOUND('',#451,.T.);
#275=FACE_OUTER_BOUND('',#452,.T.);
#276=FACE_OUTER_BOUND('',#453,.T.);
#277=FACE_OUTER_BOUND('',#454,.T.);
#278=FACE_OUTER_BOUND('',#455,.T.);
#279=FACE_OUTER_BOUND('',#456,.T.);
#280=FACE_OUTER_BOUND('',#457,.T.);
#281=FACE_OUTER_BOUND('',#458,.T.);
#282=FACE_OUTER_BOUND('',#459,.T.);
#283=FACE_OUTER_BOUND('',#460,.T.);
#284=FACE_OUTER_BOUND('',#461,.T.);
#285=FACE_OUTER_BOUND('',#462,.T.);
#286=FACE_OUTER_BOUND('',#463,.T.);
#287=FACE_OUTER_BOUND('',#464,.T.);
#288=FACE_OUTER_BOUND('',#465,.T.);
#289=FACE_OUTER_BOUND('',#466,.T.);
#290=FACE_OUTER_BOUND('',#467,.T.);
#291=FACE_OUTER_BOUND('',#468,.T.);
#292=FACE_OUTER_BOUND('',#469,.T.);
#293=FACE_OUTER_BOUND('',#470,.T.);
#294=FACE_OUTER_BOUND('',#471,.T.);
#295=FACE_OUTER_BOUND('',#472,.T.);
#296=FACE_OUTER_BOUND('',#473,.T.);
#297=FACE_OUTER_BOUND('',#474,.T.);
#298=FACE_OUTER_BOUND('',#475,.T.);
#299=FACE_OUTER_BOUND('',#476,.T.);
#300=FACE_OUTER_BOUND('',#477,.T.);
#301=FACE_OUTER_BOUND('',#478,.T.);
#302=FACE_OUTER_BOUND('',#479,.T.);
#303=FACE_OUTER_BOUND('',#480,.T.);
#304=FACE_OUTER_BOUND('',#481,.T.);
#305=FACE_OUTER_BOUND('',#482,.T.);
#306=FACE_OUTER_BOUND('',#483,.T.);
#307=FACE_OUTER_BOUND('',#484,.T.);
#308=FACE_OUTER_BOUND('',#485,.T.);
#309=FACE_OUTER_BOUND('',#486,.T.);
#310=FACE_OUTER_BOUND('',#487,.T.);
#311=FACE_OUTER_BOUND('',#488,.T.);
#312=FACE_OUTER_BOUND('',#489,.T.);
#313=FACE_OUTER_BOUND('',#490,.T.);
#314=FACE_OUTER_BOUND('',#491,.T.);
#315=FACE_OUTER_BOUND('',#492,.T.);
#316=FACE_OUTER_BOUND('',#493,.T.);
#317=FACE_OUTER_BOUND('',#494,.T.);
#318=FACE_OUTER_BOUND('',#495,.T.);
#319=FACE_OUTER_BOUND('',#496,.T.);
#320=FACE_OUTER_BOUND('',#497,.T.);
#321=FACE_OUTER_BOUND('',#498,.T.);
#322=FACE_OUTER_BOUND('',#499,.T.);
#323=FACE_OUTER_BOUND('',#500,.T.);
#324=FACE_OUTER_BOUND('',#501,.T.);
#325=FACE_OUTER_BOUND('',#502,.T.);
#326=FACE_OUTER_BOUND('',#503,.T.);
#327=FACE_OUTER_BOUND('',#504,.T.);
#328=FACE_OUTER_BOUND('',#505,.T.);
#329=FACE_OUTER_BOUND('',#506,.T.);
#330=FACE_OUTER_BOUND('',#507,.T.);
#331=FACE_OUTER_BOUND('',#508,.T.);
#332=FACE_OUTER_BOUND('',#509,.T.);
#333=FACE_OUTER_BOUND('',#510,.T.);
#334=FACE_OUTER_BOUND('',#511,.T.);
#335=FACE_OUTER_BOUND('',#512,.T.);
#336=FACE_OUTER_BOUND('',#513,.T.);
#337=FACE_OUTER_BOUND('',#514,.T.);
#338=FACE_OUTER_BOUND('',#515,.T.);
#339=FACE_OUTER_BOUND('',#516,.T.);
#340=FACE_OUTER_BOUND('',#517,.T.);
#341=FACE_OUTER_BOUND('',#518,.T.);
#342=FACE_OUTER_BOUND('',#519,.T.);
#343=FACE_OUTER_BOUND('',#520,.T.);
#344=FACE_OUTER_BOUND('',#521,.T.);
#345=FACE_OUTER_BOUND('',#522,.T.);
#346=FACE_OUTER_BOUND('',#523,.T.);
#347=FACE_OUTER_BOUND('',#524,.T.);
#348=FACE_OUTER_BOUND('',#525,.T.);
#349=FACE_OUTER_BOUND('',#526,.T.);
#350=FACE_OUTER_BOUND('',#527,.T.);
#351=FACE_OUTER_BOUND('',#528,.T.);
#352=FACE_OUTER_BOUND('',#529,.T.);
#353=FACE_OUTER_BOUND('',#530,.T.);
#354=FACE_OUTER_BOUND('',#531,.T.);
#355=FACE_OUTER_BOUND('',#532,.T.);
#356=FACE_OUTER_BOUND('',#533,.T.);
#357=FACE_OUTER_BOUND('',#534,.T.);
#358=FACE_OUTER_BOUND('',#535,.T.);
#359=FACE_OUTER_BOUND('',#536,.T.);
#360=FACE_OUTER_BOUND('',#537,.T.);
#361=FACE_OUTER_BOUND('',#538,.T.);
#362=FACE_OUTER_BOUND('',#539,.T.);
#363=FACE_OUTER_BOUND('',#540,.T.);
#364=FACE_OUTER_BOUND('',#541,.T.);
#365=FACE_OUTER_BOUND('',#542,.T.);
#366=FACE_OUTER_BOUND('',#543,.T.);
#367=FACE_OUTER_BOUND('',#544,.T.);
#368=FACE_OUTER_BOUND('',#545,.T.);
#369=FACE_OUTER_BOUND('',#546,.T.);
#370=FACE_OUTER_BOUND('',#547,.T.);
#371=FACE_OUTER_BOUND('',#548,.T.);
#372=FACE_OUTER_BOUND('',#549,.T.);
#373=FACE_OUTER_BOUND('',#550,.T.);
#374=FACE_OUTER_BOUND('',#551,.T.);
#375=FACE_OUTER_BOUND('',#552,.T.);
#376=EDGE_LOOP('',(#2119,#2120,#2121,#2122));
#377=EDGE_LOOP('',(#2123));
#378=EDGE_LOOP('',(#2124));
#379=EDGE_LOOP('',(#2125));
#380=EDGE_LOOP('',(#2126,#2127,#2128,#2129,#2130));
#381=EDGE_LOOP('',(#2131,#2132,#2133,#2134,#2135));
#382=EDGE_LOOP('',(#2136));
#383=EDGE_LOOP('',(#2137,#2138,#2139,#2140));
#384=EDGE_LOOP('',(#2141,#2142,#2143,#2144));
#385=EDGE_LOOP('',(#2145,#2146,#2147,#2148));
#386=EDGE_LOOP('',(#2149,#2150,#2151,#2152,#2153,#2154,#2155));
#387=EDGE_LOOP('',(#2156,#2157,#2158,#2159,#2160,#2161,#2162));
#388=EDGE_LOOP('',(#2163,#2164,#2165,#2166));
#389=EDGE_LOOP('',(#2167,#2168,#2169,#2170));
#390=EDGE_LOOP('',(#2171,#2172,#2173,#2174));
#391=EDGE_LOOP('',(#2175,#2176,#2177,#2178));
#392=EDGE_LOOP('',(#2179,#2180,#2181,#2182));
#393=EDGE_LOOP('',(#2183,#2184,#2185,#2186));
#394=EDGE_LOOP('',(#2187,#2188,#2189,#2190));
#395=EDGE_LOOP('',(#2191,#2192,#2193,#2194,#2195,#2196,#2197));
#396=EDGE_LOOP('',(#2198,#2199,#2200,#2201,#2202,#2203,#2204));
#397=EDGE_LOOP('',(#2205,#2206,#2207,#2208));
#398=EDGE_LOOP('',(#2209,#2210,#2211,#2212));
#399=EDGE_LOOP('',(#2213,#2214,#2215,#2216));
#400=EDGE_LOOP('',(#2217,#2218,#2219,#2220));
#401=EDGE_LOOP('',(#2221,#2222,#2223,#2224));
#402=EDGE_LOOP('',(#2225,#2226,#2227,#2228));
#403=EDGE_LOOP('',(#2229,#2230,#2231,#2232,#2233,#2234,#2235));
#404=EDGE_LOOP('',(#2236,#2237,#2238,#2239,#2240,#2241,#2242));
#405=EDGE_LOOP('',(#2243,#2244,#2245,#2246));
#406=EDGE_LOOP('',(#2247,#2248,#2249,#2250));
#407=EDGE_LOOP('',(#2251,#2252,#2253,#2254));
#408=EDGE_LOOP('',(#2255,#2256,#2257,#2258));
#409=EDGE_LOOP('',(#2259,#2260,#2261,#2262));
#410=EDGE_LOOP('',(#2263,#2264,#2265,#2266));
#411=EDGE_LOOP('',(#2267,#2268,#2269,#2270));
#412=EDGE_LOOP('',(#2271,#2272,#2273,#2274,#2275,#2276,#2277));
#413=EDGE_LOOP('',(#2278,#2279,#2280,#2281,#2282,#2283,#2284));
#414=EDGE_LOOP('',(#2285,#2286,#2287,#2288));
#415=EDGE_LOOP('',(#2289,#2290,#2291,#2292));
#416=EDGE_LOOP('',(#2293,#2294,#2295,#2296));
#417=EDGE_LOOP('',(#2297,#2298,#2299,#2300));
#418=EDGE_LOOP('',(#2301,#2302,#2303,#2304));
#419=EDGE_LOOP('',(#2305,#2306,#2307,#2308));
#420=EDGE_LOOP('',(#2309,#2310,#2311,#2312));
#421=EDGE_LOOP('',(#2313,#2314,#2315,#2316));
#422=EDGE_LOOP('',(#2317,#2318,#2319,#2320));
#423=EDGE_LOOP('',(#2321,#2322,#2323,#2324,#2325,#2326,#2327,#2328,#2329,
#2330,#2331,#2332,#2333,#2334,#2335,#2336,#2337,#2338,#2339,#2340,#2341,
#2342,#2343,#2344,#2345,#2346,#2347,#2348,#2349,#2350,#2351,#2352,#2353,
#2354));
#424=EDGE_LOOP('',(#2355,#2356,#2357,#2358));
#425=EDGE_LOOP('',(#2359,#2360,#2361,#2362,#2363,#2364));
#426=EDGE_LOOP('',(#2365,#2366,#2367,#2368,#2369,#2370,#2371,#2372,#2373,
#2374));
#427=EDGE_LOOP('',(#2375,#2376,#2377,#2378,#2379,#2380));
#428=EDGE_LOOP('',(#2381,#2382,#2383,#2384,#2385,#2386,#2387,#2388));
#429=EDGE_LOOP('',(#2389,#2390,#2391,#2392,#2393,#2394));
#430=EDGE_LOOP('',(#2395,#2396,#2397,#2398,#2399,#2400,#2401,#2402,#2403,
#2404));
#431=EDGE_LOOP('',(#2405,#2406,#2407,#2408,#2409,#2410));
#432=EDGE_LOOP('',(#2411,#2412,#2413,#2414,#2415,#2416,#2417,#2418));
#433=EDGE_LOOP('',(#2419,#2420,#2421,#2422,#2423,#2424,#2425,#2426,#2427,
#2428,#2429,#2430,#2431,#2432,#2433,#2434,#2435,#2436,#2437,#2438,#2439,
#2440,#2441,#2442,#2443,#2444,#2445,#2446,#2447,#2448,#2449,#2450,#2451,
#2452));
#434=EDGE_LOOP('',(#2453,#2454,#2455,#2456));
#435=EDGE_LOOP('',(#2457,#2458,#2459,#2460,#2461,#2462,#2463,#2464,#2465,
#2466,#2467,#2468,#2469,#2470,#2471,#2472));
#436=EDGE_LOOP('',(#2473,#2474,#2475,#2476));
#437=EDGE_LOOP('',(#2477,#2478,#2479,#2480));
#438=EDGE_LOOP('',(#2481,#2482,#2483,#2484));
#439=EDGE_LOOP('',(#2485,#2486,#2487,#2488));
#440=EDGE_LOOP('',(#2489,#2490,#2491,#2492));
#441=EDGE_LOOP('',(#2493,#2494,#2495,#2496));
#442=EDGE_LOOP('',(#2497,#2498,#2499,#2500));
#443=EDGE_LOOP('',(#2501,#2502,#2503,#2504,#2505,#2506,#2507,#2508));
#444=EDGE_LOOP('',(#2509,#2510,#2511,#2512,#2513));
#445=EDGE_LOOP('',(#2514,#2515,#2516,#2517));
#446=EDGE_LOOP('',(#2518,#2519,#2520,#2521,#2522,#2523,#2524,#2525));
#447=EDGE_LOOP('',(#2526,#2527,#2528,#2529));
#448=EDGE_LOOP('',(#2530,#2531,#2532,#2533,#2534));
#449=EDGE_LOOP('',(#2535,#2536,#2537,#2538,#2539,#2540,#2541,#2542));
#450=EDGE_LOOP('',(#2543,#2544,#2545,#2546));
#451=EDGE_LOOP('',(#2547,#2548,#2549,#2550));
#452=EDGE_LOOP('',(#2551,#2552,#2553,#2554));
#453=EDGE_LOOP('',(#2555,#2556,#2557,#2558,#2559));
#454=EDGE_LOOP('',(#2560,#2561,#2562,#2563));
#455=EDGE_LOOP('',(#2564,#2565,#2566,#2567,#2568));
#456=EDGE_LOOP('',(#2569,#2570,#2571,#2572,#2573,#2574,#2575,#2576,#2577,
#2578,#2579,#2580,#2581,#2582,#2583,#2584,#2585,#2586,#2587,#2588,#2589,
#2590));
#457=EDGE_LOOP('',(#2591,#2592,#2593,#2594));
#458=EDGE_LOOP('',(#2595,#2596,#2597,#2598));
#459=EDGE_LOOP('',(#2599,#2600,#2601,#2602));
#460=EDGE_LOOP('',(#2603,#2604,#2605,#2606));
#461=EDGE_LOOP('',(#2607,#2608,#2609,#2610));
#462=EDGE_LOOP('',(#2611,#2612,#2613,#2614));
#463=EDGE_LOOP('',(#2615,#2616,#2617,#2618));
#464=EDGE_LOOP('',(#2619,#2620,#2621,#2622));
#465=EDGE_LOOP('',(#2623,#2624,#2625,#2626));
#466=EDGE_LOOP('',(#2627,#2628,#2629,#2630));
#467=EDGE_LOOP('',(#2631,#2632,#2633,#2634));
#468=EDGE_LOOP('',(#2635,#2636,#2637,#2638));
#469=EDGE_LOOP('',(#2639,#2640,#2641,#2642));
#470=EDGE_LOOP('',(#2643,#2644,#2645,#2646));
#471=EDGE_LOOP('',(#2647,#2648,#2649,#2650));
#472=EDGE_LOOP('',(#2651,#2652,#2653,#2654));
#473=EDGE_LOOP('',(#2655,#2656,#2657,#2658));
#474=EDGE_LOOP('',(#2659,#2660,#2661,#2662));
#475=EDGE_LOOP('',(#2663,#2664,#2665,#2666));
#476=EDGE_LOOP('',(#2667,#2668,#2669,#2670));
#477=EDGE_LOOP('',(#2671,#2672,#2673,#2674));
#478=EDGE_LOOP('',(#2675,#2676,#2677,#2678,#2679,#2680,#2681,#2682));
#479=EDGE_LOOP('',(#2683,#2684,#2685,#2686,#2687,#2688,#2689,#2690,#2691,
#2692,#2693,#2694,#2695,#2696,#2697,#2698,#2699,#2700,#2701,#2702,#2703,
#2704));
#480=EDGE_LOOP('',(#2705,#2706,#2707,#2708));
#481=EDGE_LOOP('',(#2709,#2710,#2711,#2712));
#482=EDGE_LOOP('',(#2713,#2714,#2715,#2716));
#483=EDGE_LOOP('',(#2717,#2718,#2719,#2720));
#484=EDGE_LOOP('',(#2721,#2722,#2723,#2724));
#485=EDGE_LOOP('',(#2725,#2726,#2727,#2728));
#486=EDGE_LOOP('',(#2729,#2730,#2731,#2732));
#487=EDGE_LOOP('',(#2733,#2734,#2735,#2736));
#488=EDGE_LOOP('',(#2737,#2738,#2739,#2740));
#489=EDGE_LOOP('',(#2741,#2742,#2743,#2744));
#490=EDGE_LOOP('',(#2745,#2746,#2747,#2748));
#491=EDGE_LOOP('',(#2749,#2750,#2751,#2752));
#492=EDGE_LOOP('',(#2753,#2754,#2755,#2756));
#493=EDGE_LOOP('',(#2757,#2758,#2759,#2760));
#494=EDGE_LOOP('',(#2761,#2762,#2763,#2764));
#495=EDGE_LOOP('',(#2765,#2766,#2767,#2768));
#496=EDGE_LOOP('',(#2769,#2770,#2771,#2772));
#497=EDGE_LOOP('',(#2773,#2774,#2775,#2776));
#498=EDGE_LOOP('',(#2777,#2778,#2779,#2780));
#499=EDGE_LOOP('',(#2781,#2782,#2783,#2784));
#500=EDGE_LOOP('',(#2785,#2786,#2787,#2788,#2789,#2790,#2791,#2792));
#501=EDGE_LOOP('',(#2793,#2794,#2795,#2796));
#502=EDGE_LOOP('',(#2797,#2798,#2799,#2800));
#503=EDGE_LOOP('',(#2801,#2802,#2803,#2804));
#504=EDGE_LOOP('',(#2805,#2806,#2807,#2808));
#505=EDGE_LOOP('',(#2809,#2810,#2811,#2812));
#506=EDGE_LOOP('',(#2813,#2814,#2815,#2816));
#507=EDGE_LOOP('',(#2817,#2818,#2819,#2820));
#508=EDGE_LOOP('',(#2821,#2822,#2823,#2824));
#509=EDGE_LOOP('',(#2825,#2826,#2827,#2828));
#510=EDGE_LOOP('',(#2829,#2830,#2831,#2832));
#511=EDGE_LOOP('',(#2833,#2834,#2835,#2836));
#512=EDGE_LOOP('',(#2837,#2838,#2839,#2840));
#513=EDGE_LOOP('',(#2841,#2842,#2843,#2844));
#514=EDGE_LOOP('',(#2845,#2846,#2847,#2848));
#515=EDGE_LOOP('',(#2849,#2850,#2851,#2852));
#516=EDGE_LOOP('',(#2853,#2854,#2855,#2856));
#517=EDGE_LOOP('',(#2857,#2858,#2859,#2860));
#518=EDGE_LOOP('',(#2861,#2862,#2863,#2864));
#519=EDGE_LOOP('',(#2865,#2866,#2867,#2868,#2869));
#520=EDGE_LOOP('',(#2870,#2871,#2872,#2873));
#521=EDGE_LOOP('',(#2874,#2875,#2876,#2877,#2878));
#522=EDGE_LOOP('',(#2879,#2880,#2881,#2882));
#523=EDGE_LOOP('',(#2883,#2884,#2885,#2886,#2887));
#524=EDGE_LOOP('',(#2888,#2889,#2890,#2891));
#525=EDGE_LOOP('',(#2892,#2893,#2894,#2895,#2896));
#526=EDGE_LOOP('',(#2897,#2898,#2899,#2900));
#527=EDGE_LOOP('',(#2901,#2902,#2903,#2904));
#528=EDGE_LOOP('',(#2905,#2906,#2907,#2908));
#529=EDGE_LOOP('',(#2909,#2910,#2911,#2912,#2913));
#530=EDGE_LOOP('',(#2914,#2915,#2916,#2917));
#531=EDGE_LOOP('',(#2918,#2919,#2920,#2921,#2922));
#532=EDGE_LOOP('',(#2923,#2924,#2925,#2926));
#533=EDGE_LOOP('',(#2927,#2928,#2929,#2930,#2931));
#534=EDGE_LOOP('',(#2932,#2933,#2934,#2935));
#535=EDGE_LOOP('',(#2936,#2937,#2938,#2939,#2940));
#536=EDGE_LOOP('',(#2941,#2942,#2943,#2944));
#537=EDGE_LOOP('',(#2945,#2946,#2947,#2948));
#538=EDGE_LOOP('',(#2949,#2950,#2951,#2952));
#539=EDGE_LOOP('',(#2953,#2954,#2955,#2956));
#540=EDGE_LOOP('',(#2957,#2958,#2959,#2960));
#541=EDGE_LOOP('',(#2961,#2962,#2963,#2964));
#542=EDGE_LOOP('',(#2965,#2966,#2967,#2968));
#543=EDGE_LOOP('',(#2969,#2970,#2971,#2972));
#544=EDGE_LOOP('',(#2973,#2974,#2975,#2976));
#545=EDGE_LOOP('',(#2977,#2978,#2979,#2980));
#546=EDGE_LOOP('',(#2981,#2982,#2983,#2984));
#547=EDGE_LOOP('',(#2985,#2986,#2987,#2988));
#548=EDGE_LOOP('',(#2989,#2990,#2991,#2992));
#549=EDGE_LOOP('',(#2993,#2994,#2995,#2996));
#550=EDGE_LOOP('',(#2997,#2998,#2999,#3000));
#551=EDGE_LOOP('',(#3001,#3002,#3003,#3004));
#552=EDGE_LOOP('',(#3005,#3006,#3007,#3008));
#553=LINE('',#4349,#937);
#554=LINE('',#4366,#938);
#555=LINE('',#4376,#939);
#556=LINE('',#4379,#940);
#557=LINE('',#4383,#941);
#558=LINE('',#4385,#942);
#559=LINE('',#4387,#943);
#560=LINE('',#4388,#944);
#561=LINE('',#4390,#945);
#562=LINE('',#4391,#946);
#563=LINE('',#4397,#947);
#564=LINE('',#4398,#948);
#565=LINE('',#4399,#949);
#566=LINE('',#4402,#950);
#567=LINE('',#4404,#951);
#568=LINE('',#4407,#952);
#569=LINE('',#4409,#953);
#570=LINE('',#4411,#954);
#571=LINE('',#4413,#955);
#572=LINE('',#4420,#956);
#573=LINE('',#4423,#957);
#574=LINE('',#4427,#958);
#575=LINE('',#4429,#959);
#576=LINE('',#4431,#960);
#577=LINE('',#4432,#961);
#578=LINE('',#4434,#962);
#579=LINE('',#4435,#963);
#580=LINE('',#4441,#964);
#581=LINE('',#4442,#965);
#582=LINE('',#4443,#966);
#583=LINE('',#4446,#967);
#584=LINE('',#4448,#968);
#585=LINE('',#4451,#969);
#586=LINE('',#4453,#970);
#587=LINE('',#4455,#971);
#588=LINE('',#4457,#972);
#589=LINE('',#4464,#973);
#590=LINE('',#4467,#974);
#591=LINE('',#4471,#975);
#592=LINE('',#4473,#976);
#593=LINE('',#4475,#977);
#594=LINE('',#4476,#978);
#595=LINE('',#4480,#979);
#596=LINE('',#4483,#980);
#597=LINE('',#4484,#981);
#598=LINE('',#4485,#982);
#599=LINE('',#4488,#983);
#600=LINE('',#4492,#984);
#601=LINE('',#4493,#985);
#602=LINE('',#4494,#986);
#603=LINE('',#4496,#987);
#604=LINE('',#4497,#988);
#605=LINE('',#4500,#989);
#606=LINE('',#4508,#990);
#607=LINE('',#4511,#991);
#608=LINE('',#4515,#992);
#609=LINE('',#4517,#993);
#610=LINE('',#4519,#994);
#611=LINE('',#4520,#995);
#612=LINE('',#4524,#996);
#613=LINE('',#4527,#997);
#614=LINE('',#4528,#998);
#615=LINE('',#4529,#999);
#616=LINE('',#4532,#1000);
#617=LINE('',#4536,#1001);
#618=LINE('',#4537,#1002);
#619=LINE('',#4538,#1003);
#620=LINE('',#4540,#1004);
#621=LINE('',#4541,#1005);
#622=LINE('',#4544,#1006);
#623=LINE('',#4550,#1007);
#624=LINE('',#4552,#1008);
#625=LINE('',#4555,#1009);
#626=LINE('',#4559,#1010);
#627=LINE('',#4561,#1011);
#628=LINE('',#4564,#1012);
#629=LINE('',#4567,#1013);
#630=LINE('',#4569,#1014);
#631=LINE('',#4570,#1015);
#632=LINE('',#4574,#1016);
#633=LINE('',#4575,#1017);
#634=LINE('',#4576,#1018);
#635=LINE('',#4580,#1019);
#636=LINE('',#4582,#1020);
#637=LINE('',#4584,#1021);
#638=LINE('',#4586,#1022);
#639=LINE('',#4588,#1023);
#640=LINE('',#4590,#1024);
#641=LINE('',#4594,#1025);
#642=LINE('',#4598,#1026);
#643=LINE('',#4600,#1027);
#644=LINE('',#4602,#1028);
#645=LINE('',#4604,#1029);
#646=LINE('',#4606,#1030);
#647=LINE('',#4608,#1031);
#648=LINE('',#4610,#1032);
#649=LINE('',#4612,#1033);
#650=LINE('',#4614,#1034);
#651=LINE('',#4618,#1035);
#652=LINE('',#4620,#1036);
#653=LINE('',#4622,#1037);
#654=LINE('',#4624,#1038);
#655=LINE('',#4626,#1039);
#656=LINE('',#4628,#1040);
#657=LINE('',#4630,#1041);
#658=LINE('',#4632,#1042);
#659=LINE('',#4634,#1043);
#660=LINE('',#4638,#1044);
#661=LINE('',#4640,#1045);
#662=LINE('',#4642,#1046);
#663=LINE('',#4644,#1047);
#664=LINE('',#4645,#1048);
#665=LINE('',#4649,#1049);
#666=LINE('',#4651,#1050);
#667=LINE('',#4654,#1051);
#668=LINE('',#4658,#1052);
#669=LINE('',#4662,#1053);
#670=LINE('',#4666,#1054);
#671=LINE('',#4670,#1055);
#672=LINE('',#4674,#1056);
#673=LINE('',#4678,#1057);
#674=LINE('',#4679,#1058);
#675=LINE('',#4681,#1059);
#676=LINE('',#4682,#1060);
#677=LINE('',#4686,#1061);
#678=LINE('',#4687,#1062);
#679=LINE('',#4691,#1063);
#680=LINE('',#4692,#1064);
#681=LINE('',#4693,#1065);
#682=LINE('',#4694,#1066);
#683=LINE('',#4698,#1067);
#684=LINE('',#4702,#1068);
#685=LINE('',#4705,#1069);
#686=LINE('',#4707,#1070);
#687=LINE('',#4709,#1071);
#688=LINE('',#4711,#1072);
#689=LINE('',#4713,#1073);
#690=LINE('',#4718,#1074);
#691=LINE('',#4722,#1075);
#692=LINE('',#4724,#1076);
#693=LINE('',#4726,#1077);
#694=LINE('',#4727,#1078);
#695=LINE('',#4728,#1079);
#696=LINE('',#4731,#1080);
#697=LINE('',#4733,#1081);
#698=LINE('',#4735,#1082);
#699=LINE('',#4737,#1083);
#700=LINE('',#4739,#1084);
#701=LINE('',#4741,#1085);
#702=LINE('',#4743,#1086);
#703=LINE('',#4745,#1087);
#704=LINE('',#4749,#1088);
#705=LINE('',#4751,#1089);
#706=LINE('',#4753,#1090);
#707=LINE('',#4755,#1091);
#708=LINE('',#4757,#1092);
#709=LINE('',#4759,#1093);
#710=LINE('',#4761,#1094);
#711=LINE('',#4763,#1095);
#712=LINE('',#4765,#1096);
#713=LINE('',#4769,#1097);
#714=LINE('',#4771,#1098);
#715=LINE('',#4773,#1099);
#716=LINE('',#4775,#1100);
#717=LINE('',#4777,#1101);
#718=LINE('',#4779,#1102);
#719=LINE('',#4781,#1103);
#720=LINE('',#4783,#1104);
#721=LINE('',#4785,#1105);
#722=LINE('',#4786,#1106);
#723=LINE('',#4789,#1107);
#724=LINE('',#4790,#1108);
#725=LINE('',#4793,#1109);
#726=LINE('',#4794,#1110);
#727=LINE('',#4795,#1111);
#728=LINE('',#4796,#1112);
#729=LINE('',#4798,#1113);
#730=LINE('',#4799,#1114);
#731=LINE('',#4802,#1115);
#732=LINE('',#4804,#1116);
#733=LINE('',#4806,#1117);
#734=LINE('',#4807,#1118);
#735=LINE('',#4810,#1119);
#736=LINE('',#4812,#1120);
#737=LINE('',#4814,#1121);
#738=LINE('',#4815,#1122);
#739=LINE('',#4818,#1123);
#740=LINE('',#4820,#1124);
#741=LINE('',#4822,#1125);
#742=LINE('',#4823,#1126);
#743=LINE('',#4826,#1127);
#744=LINE('',#4828,#1128);
#745=LINE('',#4830,#1129);
#746=LINE('',#4831,#1130);
#747=LINE('',#4834,#1131);
#748=LINE('',#4836,#1132);
#749=LINE('',#4838,#1133);
#750=LINE('',#4839,#1134);
#751=LINE('',#4841,#1135);
#752=LINE('',#4843,#1136);
#753=LINE('',#4846,#1137);
#754=LINE('',#4849,#1138);
#755=LINE('',#4851,#1139);
#756=LINE('',#4852,#1140);
#757=LINE('',#4855,#1141);
#758=LINE('',#4858,#1142);
#759=LINE('',#4871,#1143);
#760=LINE('',#4874,#1144);
#761=LINE('',#4875,#1145);
#762=LINE('',#4877,#1146);
#763=LINE('',#4879,#1147);
#764=LINE('',#4880,#1148);
#765=LINE('',#4883,#1149);
#766=LINE('',#4898,#1150);
#767=LINE('',#4904,#1151);
#768=LINE('',#4906,#1152);
#769=LINE('',#4907,#1153);
#770=LINE('',#4908,#1154);
#771=LINE('',#4910,#1155);
#772=LINE('',#4912,#1156);
#773=LINE('',#4922,#1157);
#774=LINE('',#4924,#1158);
#775=LINE('',#4926,#1159);
#776=LINE('',#4928,#1160);
#777=LINE('',#4930,#1161);
#778=LINE('',#4932,#1162);
#779=LINE('',#4936,#1163);
#780=LINE('',#4938,#1164);
#781=LINE('',#4940,#1165);
#782=LINE('',#4942,#1166);
#783=LINE('',#4944,#1167);
#784=LINE('',#4946,#1168);
#785=LINE('',#4948,#1169);
#786=LINE('',#4950,#1170);
#787=LINE('',#4952,#1171);
#788=LINE('',#4956,#1172);
#789=LINE('',#4958,#1173);
#790=LINE('',#4960,#1174);
#791=LINE('',#4962,#1175);
#792=LINE('',#4963,#1176);
#793=LINE('',#4965,#1177);
#794=LINE('',#4966,#1178);
#795=LINE('',#4968,#1179);
#796=LINE('',#4970,#1180);
#797=LINE('',#4972,#1181);
#798=LINE('',#4974,#1182);
#799=LINE('',#4976,#1183);
#800=LINE('',#4978,#1184);
#801=LINE('',#4980,#1185);
#802=LINE('',#4982,#1186);
#803=LINE('',#4984,#1187);
#804=LINE('',#4986,#1188);
#805=LINE('',#4988,#1189);
#806=LINE('',#4990,#1190);
#807=LINE('',#4992,#1191);
#808=LINE('',#4994,#1192);
#809=LINE('',#4996,#1193);
#810=LINE('',#4998,#1194);
#811=LINE('',#5000,#1195);
#812=LINE('',#5002,#1196);
#813=LINE('',#5004,#1197);
#814=LINE('',#5006,#1198);
#815=LINE('',#5009,#1199);
#816=LINE('',#5012,#1200);
#817=LINE('',#5016,#1201);
#818=LINE('',#5018,#1202);
#819=LINE('',#5020,#1203);
#820=LINE('',#5022,#1204);
#821=LINE('',#5024,#1205);
#822=LINE('',#5028,#1206);
#823=LINE('',#5030,#1207);
#824=LINE('',#5032,#1208);
#825=LINE('',#5034,#1209);
#826=LINE('',#5036,#1210);
#827=LINE('',#5038,#1211);
#828=LINE('',#5040,#1212);
#829=LINE('',#5042,#1213);
#830=LINE('',#5044,#1214);
#831=LINE('',#5048,#1215);
#832=LINE('',#5050,#1216);
#833=LINE('',#5052,#1217);
#834=LINE('',#5054,#1218);
#835=LINE('',#5056,#1219);
#836=LINE('',#5057,#1220);
#837=LINE('',#5059,#1221);
#838=LINE('',#5060,#1222);
#839=LINE('',#5062,#1223);
#840=LINE('',#5064,#1224);
#841=LINE('',#5066,#1225);
#842=LINE('',#5068,#1226);
#843=LINE('',#5070,#1227);
#844=LINE('',#5072,#1228);
#845=LINE('',#5074,#1229);
#846=LINE('',#5076,#1230);
#847=LINE('',#5078,#1231);
#848=LINE('',#5080,#1232);
#849=LINE('',#5082,#1233);
#850=LINE('',#5084,#1234);
#851=LINE('',#5086,#1235);
#852=LINE('',#5088,#1236);
#853=LINE('',#5090,#1237);
#854=LINE('',#5092,#1238);
#855=LINE('',#5094,#1239);
#856=LINE('',#5096,#1240);
#857=LINE('',#5098,#1241);
#858=LINE('',#5103,#1242);
#859=LINE('',#5104,#1243);
#860=LINE('',#5105,#1244);
#861=LINE('',#5108,#1245);
#862=LINE('',#5110,#1246);
#863=LINE('',#5113,#1247);
#864=LINE('',#5115,#1248);
#865=LINE('',#5123,#1249);
#866=LINE('',#5125,#1250);
#867=LINE('',#5126,#1251);
#868=LINE('',#5129,#1252);
#869=LINE('',#5130,#1253);
#870=LINE('',#5133,#1254);
#871=LINE('',#5134,#1255);
#872=LINE('',#5136,#1256);
#873=LINE('',#5141,#1257);
#874=LINE('',#5143,#1258);
#875=LINE('',#5145,#1259);
#876=LINE('',#5146,#1260);
#877=LINE('',#5148,#1261);
#878=LINE('',#5149,#1262);
#879=LINE('',#5152,#1263);
#880=LINE('',#5153,#1264);
#881=LINE('',#5156,#1265);
#882=LINE('',#5157,#1266);
#883=LINE('',#5159,#1267);
#884=LINE('',#5163,#1268);
#885=LINE('',#5165,#1269);
#886=LINE('',#5167,#1270);
#887=LINE('',#5168,#1271);
#888=LINE('',#5171,#1272);
#889=LINE('',#5172,#1273);
#890=LINE('',#5173,#1274);
#891=LINE('',#5175,#1275);
#892=LINE('',#5178,#1276);
#893=LINE('',#5179,#1277);
#894=LINE('',#5181,#1278);
#895=LINE('',#5185,#1279);
#896=LINE('',#5187,#1280);
#897=LINE('',#5189,#1281);
#898=LINE('',#5190,#1282);
#899=LINE('',#5192,#1283);
#900=LINE('',#5193,#1284);
#901=LINE('',#5196,#1285);
#902=LINE('',#5197,#1286);
#903=LINE('',#5200,#1287);
#904=LINE('',#5201,#1288);
#905=LINE('',#5203,#1289);
#906=LINE('',#5207,#1290);
#907=LINE('',#5209,#1291);
#908=LINE('',#5211,#1292);
#909=LINE('',#5212,#1293);
#910=LINE('',#5215,#1294);
#911=LINE('',#5216,#1295);
#912=LINE('',#5217,#1296);
#913=LINE('',#5219,#1297);
#914=LINE('',#5222,#1298);
#915=LINE('',#5223,#1299);
#916=LINE('',#5225,#1300);
#917=LINE('',#5233,#1301);
#918=LINE('',#5235,#1302);
#919=LINE('',#5237,#1303);
#920=LINE('',#5238,#1304);
#921=LINE('',#5241,#1305);
#922=LINE('',#5243,#1306);
#923=LINE('',#5244,#1307);
#924=LINE('',#5249,#1308);
#925=LINE('',#5252,#1309);
#926=LINE('',#5253,#1310);
#927=LINE('',#5259,#1311);
#928=LINE('',#5261,#1312);
#929=LINE('',#5263,#1313);
#930=LINE('',#5264,#1314);
#931=LINE('',#5267,#1315);
#932=LINE('',#5269,#1316);
#933=LINE('',#5270,#1317);
#934=LINE('',#5276,#1318);
#935=LINE('',#5278,#1319);
#936=LINE('',#5279,#1320);
#937=VECTOR('',#3490,0.0984251968503937);
#938=VECTOR('',#3515,0.102362204724409);
#939=VECTOR('',#3528,39.3700787401575);
#940=VECTOR('',#3531,39.3700787401575);
#941=VECTOR('',#3534,39.3700787401575);
#942=VECTOR('',#3535,39.3700787401575);
#943=VECTOR('',#3536,39.3700787401575);
#944=VECTOR('',#3537,39.3700787401575);
#945=VECTOR('',#3540,39.3700787401575);
#946=VECTOR('',#3541,39.3700787401575);
#947=VECTOR('',#3546,39.3700787401575);
#948=VECTOR('',#3547,39.3700787401575);
#949=VECTOR('',#3548,39.3700787401575);
#950=VECTOR('',#3551,39.3700787401575);
#951=VECTOR('',#3552,39.3700787401575);
#952=VECTOR('',#3555,39.3700787401575);
#953=VECTOR('',#3558,39.3700787401575);
#954=VECTOR('',#3561,39.3700787401575);
#955=VECTOR('',#3564,39.3700787401575);
#956=VECTOR('',#3571,39.3700787401575);
#957=VECTOR('',#3574,39.3700787401575);
#958=VECTOR('',#3577,39.3700787401575);
#959=VECTOR('',#3578,39.3700787401575);
#960=VECTOR('',#3579,39.3700787401575);
#961=VECTOR('',#3580,39.3700787401575);
#962=VECTOR('',#3583,39.3700787401575);
#963=VECTOR('',#3584,39.3700787401575);
#964=VECTOR('',#3589,39.3700787401575);
#965=VECTOR('',#3590,39.3700787401575);
#966=VECTOR('',#3591,39.3700787401575);
#967=VECTOR('',#3594,39.3700787401575);
#968=VECTOR('',#3595,39.3700787401575);
#969=VECTOR('',#3598,39.3700787401575);
#970=VECTOR('',#3601,39.3700787401575);
#971=VECTOR('',#3604,39.3700787401575);
#972=VECTOR('',#3607,39.3700787401575);
#973=VECTOR('',#3614,39.3700787401575);
#974=VECTOR('',#3617,39.3700787401575);
#975=VECTOR('',#3620,39.3700787401575);
#976=VECTOR('',#3621,39.3700787401575);
#977=VECTOR('',#3622,39.3700787401575);
#978=VECTOR('',#3623,39.3700787401575);
#979=VECTOR('',#3626,39.3700787401575);
#980=VECTOR('',#3629,39.3700787401575);
#981=VECTOR('',#3630,39.3700787401575);
#982=VECTOR('',#3631,39.3700787401575);
#983=VECTOR('',#3634,39.3700787401575);
#984=VECTOR('',#3637,39.3700787401575);
#985=VECTOR('',#3638,39.3700787401575);
#986=VECTOR('',#3639,39.3700787401575);
#987=VECTOR('',#3642,39.3700787401575);
#988=VECTOR('',#3643,39.3700787401575);
#989=VECTOR('',#3648,39.3700787401575);
#990=VECTOR('',#3657,39.3700787401575);
#991=VECTOR('',#3660,39.3700787401575);
#992=VECTOR('',#3663,39.3700787401575);
#993=VECTOR('',#3664,39.3700787401575);
#994=VECTOR('',#3665,39.3700787401575);
#995=VECTOR('',#3666,39.3700787401575);
#996=VECTOR('',#3669,39.3700787401575);
#997=VECTOR('',#3672,39.3700787401575);
#998=VECTOR('',#3673,39.3700787401575);
#999=VECTOR('',#3674,39.3700787401575);
#1000=VECTOR('',#3677,39.3700787401575);
#1001=VECTOR('',#3680,39.3700787401575);
#1002=VECTOR('',#3681,39.3700787401575);
#1003=VECTOR('',#3682,39.3700787401575);
#1004=VECTOR('',#3685,39.3700787401575);
#1005=VECTOR('',#3686,39.3700787401575);
#1006=VECTOR('',#3691,39.3700787401575);
#1007=VECTOR('',#3698,39.3700787401575);
#1008=VECTOR('',#3699,39.3700787401575);
#1009=VECTOR('',#3702,39.3700787401575);
#1010=VECTOR('',#3705,39.3700787401575);
#1011=VECTOR('',#3706,39.3700787401575);
#1012=VECTOR('',#3709,39.3700787401575);
#1013=VECTOR('',#3712,39.3700787401575);
#1014=VECTOR('',#3713,39.3700787401575);
#1015=VECTOR('',#3714,39.3700787401575);
#1016=VECTOR('',#3717,39.3700787401575);
#1017=VECTOR('',#3718,39.3700787401575);
#1018=VECTOR('',#3719,39.3700787401575);
#1019=VECTOR('',#3722,39.3700787401575);
#1020=VECTOR('',#3723,39.3700787401575);
#1021=VECTOR('',#3724,39.3700787401575);
#1022=VECTOR('',#3725,39.3700787401575);
#1023=VECTOR('',#3726,39.3700787401575);
#1024=VECTOR('',#3727,39.3700787401575);
#1025=VECTOR('',#3730,39.3700787401575);
#1026=VECTOR('',#3733,39.3700787401575);
#1027=VECTOR('',#3734,39.3700787401575);
#1028=VECTOR('',#3735,39.3700787401575);
#1029=VECTOR('',#3736,39.3700787401575);
#1030=VECTOR('',#3737,39.3700787401575);
#1031=VECTOR('',#3738,39.3700787401575);
#1032=VECTOR('',#3739,39.3700787401575);
#1033=VECTOR('',#3740,39.3700787401575);
#1034=VECTOR('',#3741,39.3700787401575);
#1035=VECTOR('',#3744,39.3700787401575);
#1036=VECTOR('',#3745,39.3700787401575);
#1037=VECTOR('',#3746,39.3700787401575);
#1038=VECTOR('',#3747,39.3700787401575);
#1039=VECTOR('',#3748,39.3700787401575);
#1040=VECTOR('',#3749,39.3700787401575);
#1041=VECTOR('',#3750,39.3700787401575);
#1042=VECTOR('',#3751,39.3700787401575);
#1043=VECTOR('',#3752,39.3700787401575);
#1044=VECTOR('',#3755,39.3700787401575);
#1045=VECTOR('',#3756,39.3700787401575);
#1046=VECTOR('',#3757,39.3700787401575);
#1047=VECTOR('',#3758,39.3700787401575);
#1048=VECTOR('',#3759,39.3700787401575);
#1049=VECTOR('',#3762,39.3700787401575);
#1050=VECTOR('',#3763,39.3700787401575);
#1051=VECTOR('',#3766,39.3700787401575);
#1052=VECTOR('',#3769,39.3700787401575);
#1053=VECTOR('',#3772,39.3700787401575);
#1054=VECTOR('',#3775,39.3700787401575);
#1055=VECTOR('',#3780,39.3700787401575);
#1056=VECTOR('',#3783,39.3700787401575);
#1057=VECTOR('',#3786,39.3700787401575);
#1058=VECTOR('',#3787,39.3700787401575);
#1059=VECTOR('',#3788,39.3700787401575);
#1060=VECTOR('',#3789,39.3700787401575);
#1061=VECTOR('',#3794,39.3700787401575);
#1062=VECTOR('',#3795,39.3700787401575);
#1063=VECTOR('',#3798,39.3700787401575);
#1064=VECTOR('',#3799,39.3700787401575);
#1065=VECTOR('',#3800,39.3700787401575);
#1066=VECTOR('',#3801,39.3700787401575);
#1067=VECTOR('',#3806,39.3700787401575);
#1068=VECTOR('',#3809,39.3700787401575);
#1069=VECTOR('',#3812,39.3700787401575);
#1070=VECTOR('',#3813,39.3700787401575);
#1071=VECTOR('',#3814,39.3700787401575);
#1072=VECTOR('',#3815,39.3700787401575);
#1073=VECTOR('',#3816,39.3700787401575);
#1074=VECTOR('',#3823,39.3700787401575);
#1075=VECTOR('',#3828,39.3700787401575);
#1076=VECTOR('',#3829,39.3700787401575);
#1077=VECTOR('',#3830,39.3700787401575);
#1078=VECTOR('',#3831,39.3700787401575);
#1079=VECTOR('',#3832,39.3700787401575);
#1080=VECTOR('',#3835,39.3700787401575);
#1081=VECTOR('',#3836,39.3700787401575);
#1082=VECTOR('',#3837,39.3700787401575);
#1083=VECTOR('',#3838,39.3700787401575);
#1084=VECTOR('',#3839,39.3700787401575);
#1085=VECTOR('',#3840,39.3700787401575);
#1086=VECTOR('',#3841,39.3700787401575);
#1087=VECTOR('',#3842,39.3700787401575);
#1088=VECTOR('',#3845,39.3700787401575);
#1089=VECTOR('',#3846,39.3700787401575);
#1090=VECTOR('',#3847,39.3700787401575);
#1091=VECTOR('',#3848,39.3700787401575);
#1092=VECTOR('',#3849,39.3700787401575);
#1093=VECTOR('',#3850,39.3700787401575);
#1094=VECTOR('',#3851,39.3700787401575);
#1095=VECTOR('',#3852,39.3700787401575);
#1096=VECTOR('',#3853,39.3700787401575);
#1097=VECTOR('',#3856,39.3700787401575);
#1098=VECTOR('',#3857,39.3700787401575);
#1099=VECTOR('',#3858,39.3700787401575);
#1100=VECTOR('',#3859,39.3700787401575);
#1101=VECTOR('',#3860,39.3700787401575);
#1102=VECTOR('',#3861,39.3700787401575);
#1103=VECTOR('',#3862,39.3700787401575);
#1104=VECTOR('',#3863,39.3700787401575);
#1105=VECTOR('',#3864,39.3700787401575);
#1106=VECTOR('',#3865,39.3700787401575);
#1107=VECTOR('',#3868,39.3700787401575);
#1108=VECTOR('',#3869,39.3700787401575);
#1109=VECTOR('',#3872,39.3700787401575);
#1110=VECTOR('',#3873,39.3700787401575);
#1111=VECTOR('',#3874,39.3700787401575);
#1112=VECTOR('',#3875,39.3700787401575);
#1113=VECTOR('',#3876,39.3700787401575);
#1114=VECTOR('',#3877,39.3700787401575);
#1115=VECTOR('',#3878,39.3700787401575);
#1116=VECTOR('',#3879,39.3700787401575);
#1117=VECTOR('',#3880,39.3700787401575);
#1118=VECTOR('',#3881,39.3700787401575);
#1119=VECTOR('',#3882,39.3700787401575);
#1120=VECTOR('',#3883,39.3700787401575);
#1121=VECTOR('',#3884,39.3700787401575);
#1122=VECTOR('',#3885,39.3700787401575);
#1123=VECTOR('',#3886,39.3700787401575);
#1124=VECTOR('',#3887,39.3700787401575);
#1125=VECTOR('',#3888,39.3700787401575);
#1126=VECTOR('',#3889,39.3700787401575);
#1127=VECTOR('',#3890,39.3700787401575);
#1128=VECTOR('',#3891,39.3700787401575);
#1129=VECTOR('',#3892,39.3700787401575);
#1130=VECTOR('',#3893,39.3700787401575);
#1131=VECTOR('',#3894,39.3700787401575);
#1132=VECTOR('',#3895,39.3700787401575);
#1133=VECTOR('',#3896,39.3700787401575);
#1134=VECTOR('',#3897,39.3700787401575);
#1135=VECTOR('',#3900,39.3700787401575);
#1136=VECTOR('',#3903,39.3700787401575);
#1137=VECTOR('',#3906,39.3700787401575);
#1138=VECTOR('',#3909,39.3700787401575);
#1139=VECTOR('',#3910,39.3700787401575);
#1140=VECTOR('',#3911,39.3700787401575);
#1141=VECTOR('',#3914,39.3700787401575);
#1142=VECTOR('',#3917,39.3700787401575);
#1143=VECTOR('',#3920,39.3700787401575);
#1144=VECTOR('',#3923,39.3700787401575);
#1145=VECTOR('',#3924,39.3700787401575);
#1146=VECTOR('',#3925,39.3700787401575);
#1147=VECTOR('',#3926,39.3700787401575);
#1148=VECTOR('',#3927,39.3700787401575);
#1149=VECTOR('',#3930,39.3700787401575);
#1150=VECTOR('',#3933,39.3700787401575);
#1151=VECTOR('',#3940,39.3700787401575);
#1152=VECTOR('',#3941,39.3700787401575);
#1153=VECTOR('',#3942,39.3700787401575);
#1154=VECTOR('',#3943,39.3700787401575);
#1155=VECTOR('',#3946,39.3700787401575);
#1156=VECTOR('',#3949,39.3700787401575);
#1157=VECTOR('',#3964,39.3700787401575);
#1158=VECTOR('',#3965,39.3700787401575);
#1159=VECTOR('',#3966,39.3700787401575);
#1160=VECTOR('',#3967,39.3700787401575);
#1161=VECTOR('',#3968,39.3700787401575);
#1162=VECTOR('',#3969,39.3700787401575);
#1163=VECTOR('',#3972,39.3700787401575);
#1164=VECTOR('',#3973,39.3700787401575);
#1165=VECTOR('',#3974,39.3700787401575);
#1166=VECTOR('',#3975,39.3700787401575);
#1167=VECTOR('',#3976,39.3700787401575);
#1168=VECTOR('',#3977,39.3700787401575);
#1169=VECTOR('',#3978,39.3700787401575);
#1170=VECTOR('',#3979,39.3700787401575);
#1171=VECTOR('',#3980,39.3700787401575);
#1172=VECTOR('',#3983,39.3700787401575);
#1173=VECTOR('',#3984,39.3700787401575);
#1174=VECTOR('',#3985,39.3700787401575);
#1175=VECTOR('',#3986,39.3700787401575);
#1176=VECTOR('',#3987,39.3700787401575);
#1177=VECTOR('',#3990,39.3700787401575);
#1178=VECTOR('',#3991,39.3700787401575);
#1179=VECTOR('',#3994,39.3700787401575);
#1180=VECTOR('',#3997,39.3700787401575);
#1181=VECTOR('',#4000,39.3700787401575);
#1182=VECTOR('',#4003,39.3700787401575);
#1183=VECTOR('',#4006,39.3700787401575);
#1184=VECTOR('',#4009,39.3700787401575);
#1185=VECTOR('',#4012,39.3700787401575);
#1186=VECTOR('',#4015,39.3700787401575);
#1187=VECTOR('',#4018,39.3700787401575);
#1188=VECTOR('',#4021,39.3700787401575);
#1189=VECTOR('',#4024,39.3700787401575);
#1190=VECTOR('',#4027,39.3700787401575);
#1191=VECTOR('',#4030,39.3700787401575);
#1192=VECTOR('',#4033,39.3700787401575);
#1193=VECTOR('',#4036,39.3700787401575);
#1194=VECTOR('',#4039,39.3700787401575);
#1195=VECTOR('',#4042,39.3700787401575);
#1196=VECTOR('',#4045,39.3700787401575);
#1197=VECTOR('',#4048,39.3700787401575);
#1198=VECTOR('',#4051,39.3700787401575);
#1199=VECTOR('',#4054,39.3700787401575);
#1200=VECTOR('',#4057,39.3700787401575);
#1201=VECTOR('',#4060,39.3700787401575);
#1202=VECTOR('',#4061,39.3700787401575);
#1203=VECTOR('',#4062,39.3700787401575);
#1204=VECTOR('',#4063,39.3700787401575);
#1205=VECTOR('',#4064,39.3700787401575);
#1206=VECTOR('',#4067,39.3700787401575);
#1207=VECTOR('',#4068,39.3700787401575);
#1208=VECTOR('',#4069,39.3700787401575);
#1209=VECTOR('',#4070,39.3700787401575);
#1210=VECTOR('',#4071,39.3700787401575);
#1211=VECTOR('',#4072,39.3700787401575);
#1212=VECTOR('',#4073,39.3700787401575);
#1213=VECTOR('',#4074,39.3700787401575);
#1214=VECTOR('',#4075,39.3700787401575);
#1215=VECTOR('',#4078,39.3700787401575);
#1216=VECTOR('',#4079,39.3700787401575);
#1217=VECTOR('',#4080,39.3700787401575);
#1218=VECTOR('',#4081,39.3700787401575);
#1219=VECTOR('',#4082,39.3700787401575);
#1220=VECTOR('',#4083,39.3700787401575);
#1221=VECTOR('',#4086,39.3700787401575);
#1222=VECTOR('',#4087,39.3700787401575);
#1223=VECTOR('',#4090,39.3700787401575);
#1224=VECTOR('',#4093,39.3700787401575);
#1225=VECTOR('',#4096,39.3700787401575);
#1226=VECTOR('',#4099,39.3700787401575);
#1227=VECTOR('',#4102,39.3700787401575);
#1228=VECTOR('',#4105,39.3700787401575);
#1229=VECTOR('',#4108,39.3700787401575);
#1230=VECTOR('',#4111,39.3700787401575);
#1231=VECTOR('',#4114,39.3700787401575);
#1232=VECTOR('',#4117,39.3700787401575);
#1233=VECTOR('',#4120,39.3700787401575);
#1234=VECTOR('',#4123,39.3700787401575);
#1235=VECTOR('',#4126,39.3700787401575);
#1236=VECTOR('',#4129,39.3700787401575);
#1237=VECTOR('',#4132,39.3700787401575);
#1238=VECTOR('',#4135,39.3700787401575);
#1239=VECTOR('',#4138,39.3700787401575);
#1240=VECTOR('',#4141,39.3700787401575);
#1241=VECTOR('',#4144,39.3700787401575);
#1242=VECTOR('',#4149,39.3700787401575);
#1243=VECTOR('',#4150,39.3700787401575);
#1244=VECTOR('',#4151,39.3700787401575);
#1245=VECTOR('',#4156,39.3700787401575);
#1246=VECTOR('',#4159,39.3700787401575);
#1247=VECTOR('',#4164,39.3700787401575);
#1248=VECTOR('',#4167,39.3700787401575);
#1249=VECTOR('',#4180,39.3700787401575);
#1250=VECTOR('',#4181,39.3700787401575);
#1251=VECTOR('',#4182,39.3700787401575);
#1252=VECTOR('',#4185,39.3700787401575);
#1253=VECTOR('',#4186,39.3700787401575);
#1254=VECTOR('',#4189,39.3700787401575);
#1255=VECTOR('',#4190,39.3700787401575);
#1256=VECTOR('',#4193,39.3700787401575);
#1257=VECTOR('',#4198,39.3700787401575);
#1258=VECTOR('',#4199,39.3700787401575);
#1259=VECTOR('',#4200,39.3700787401575);
#1260=VECTOR('',#4201,39.3700787401575);
#1261=VECTOR('',#4204,39.3700787401575);
#1262=VECTOR('',#4205,39.3700787401575);
#1263=VECTOR('',#4208,39.3700787401575);
#1264=VECTOR('',#4209,39.3700787401575);
#1265=VECTOR('',#4212,39.3700787401575);
#1266=VECTOR('',#4213,39.3700787401575);
#1267=VECTOR('',#4216,39.3700787401575);
#1268=VECTOR('',#4219,39.3700787401575);
#1269=VECTOR('',#4220,39.3700787401575);
#1270=VECTOR('',#4221,39.3700787401575);
#1271=VECTOR('',#4222,39.3700787401575);
#1272=VECTOR('',#4225,39.3700787401575);
#1273=VECTOR('',#4226,39.3700787401575);
#1274=VECTOR('',#4227,39.3700787401575);
#1275=VECTOR('',#4230,39.3700787401575);
#1276=VECTOR('',#4233,39.3700787401575);
#1277=VECTOR('',#4234,39.3700787401575);
#1278=VECTOR('',#4237,39.3700787401575);
#1279=VECTOR('',#4240,39.3700787401575);
#1280=VECTOR('',#4241,39.3700787401575);
#1281=VECTOR('',#4242,39.3700787401575);
#1282=VECTOR('',#4243,39.3700787401575);
#1283=VECTOR('',#4246,39.3700787401575);
#1284=VECTOR('',#4247,39.3700787401575);
#1285=VECTOR('',#4250,39.3700787401575);
#1286=VECTOR('',#4251,39.3700787401575);
#1287=VECTOR('',#4254,39.3700787401575);
#1288=VECTOR('',#4255,39.3700787401575);
#1289=VECTOR('',#4258,39.3700787401575);
#1290=VECTOR('',#4261,39.3700787401575);
#1291=VECTOR('',#4262,39.3700787401575);
#1292=VECTOR('',#4263,39.3700787401575);
#1293=VECTOR('',#4264,39.3700787401575);
#1294=VECTOR('',#4267,39.3700787401575);
#1295=VECTOR('',#4268,39.3700787401575);
#1296=VECTOR('',#4269,39.3700787401575);
#1297=VECTOR('',#4272,39.3700787401575);
#1298=VECTOR('',#4275,39.3700787401575);
#1299=VECTOR('',#4276,39.3700787401575);
#1300=VECTOR('',#4279,39.3700787401575);
#1301=VECTOR('',#4290,39.3700787401575);
#1302=VECTOR('',#4291,39.3700787401575);
#1303=VECTOR('',#4292,39.3700787401575);
#1304=VECTOR('',#4293,39.3700787401575);
#1305=VECTOR('',#4296,39.3700787401575);
#1306=VECTOR('',#4297,39.3700787401575);
#1307=VECTOR('',#4298,39.3700787401575);
#1308=VECTOR('',#4303,39.3700787401575);
#1309=VECTOR('',#4308,39.3700787401575);
#1310=VECTOR('',#4309,39.3700787401575);
#1311=VECTOR('',#4316,39.3700787401575);
#1312=VECTOR('',#4317,39.3700787401575);
#1313=VECTOR('',#4318,39.3700787401575);
#1314=VECTOR('',#4319,39.3700787401575);
#1315=VECTOR('',#4322,39.3700787401575);
#1316=VECTOR('',#4323,39.3700787401575);
#1317=VECTOR('',#4324,39.3700787401575);
#1318=VECTOR('',#4331,39.3700787401575);
#1319=VECTOR('',#4334,39.3700787401575);
#1320=VECTOR('',#4335,39.3700787401575);
#1321=CIRCLE('',#3245,0.0984251968503937);
#1322=CIRCLE('',#3246,0.0984251968503937);
#1323=CIRCLE('',#3251,0.0826771653543307);
#1324=CIRCLE('',#3253,0.102362204724409);
#1325=CIRCLE('',#3254,0.0196850393700787);
#1326=CIRCLE('',#3255,0.102362204724409);
#1327=CIRCLE('',#3257,0.102362204724409);
#1328=CIRCLE('',#3263,0.0208220187232549);
#1329=CIRCLE('',#3264,0.0208220187232549);
#1330=CIRCLE('',#3268,0.0895);
#1331=CIRCLE('',#3270,0.0895);
#1332=CIRCLE('',#3276,0.0208220187232549);
#1333=CIRCLE('',#3277,0.0208220187232549);
#1334=CIRCLE('',#3281,0.0895);
#1335=CIRCLE('',#3283,0.0895);
#1336=CIRCLE('',#3289,0.0895);
#1337=CIRCLE('',#3290,0.0895);
#1338=CIRCLE('',#3293,0.0208220187232549);
#1339=CIRCLE('',#3295,0.0208220187232549);
#1340=CIRCLE('',#3302,0.0895);
#1341=CIRCLE('',#3303,0.0895);
#1342=CIRCLE('',#3306,0.0208220187232549);
#1343=CIRCLE('',#3308,0.0208220187232549);
#1344=CIRCLE('',#3315,0.045);
#1345=CIRCLE('',#3317,0.0450000000000001);
#1346=CIRCLE('',#3321,0.045);
#1347=CIRCLE('',#3322,0.045);
#1348=CIRCLE('',#3323,0.0275590551181103);
#1349=CIRCLE('',#3324,0.0275590551181103);
#1350=CIRCLE('',#3326,0.045);
#1351=CIRCLE('',#3328,0.045);
#1352=CIRCLE('',#3329,0.045);
#1353=CIRCLE('',#3330,0.045);
#1354=CIRCLE('',#3332,0.0196850393700788);
#1355=CIRCLE('',#3333,0.02);
#1356=CIRCLE('',#3335,0.045);
#1357=CIRCLE('',#3338,0.045);
#1358=CIRCLE('',#3340,0.02);
#1359=CIRCLE('',#3341,0.0196850393700788);
#1360=CIRCLE('',#3343,0.0450000000000001);
#1361=CIRCLE('',#3344,0.0450000000000001);
#1362=CIRCLE('',#3347,0.0275590551181103);
#1363=CIRCLE('',#3348,0.0275590551181103);
#1364=CIRCLE('',#3354,0.112204724409449);
#1365=CIRCLE('',#3356,0.02);
#1366=CIRCLE('',#3361,0.02);
#1367=CIRCLE('',#3363,0.112204724409449);
#1368=CIRCLE('',#3373,0.0275590551181103);
#1369=CIRCLE('',#3374,0.0275590551181103);
#1370=CIRCLE('',#3397,0.112204724409449);
#1371=CIRCLE('',#3399,0.0275590551181103);
#1372=CIRCLE('',#3400,0.0275590551181103);
#1373=CIRCLE('',#3422,0.112204724409449);
#1374=CIRCLE('',#3466,0.018);
#1375=CIRCLE('',#3467,0.018);
#1376=CIRCLE('',#3474,0.018);
#1377=CIRCLE('',#3475,0.018);
#1378=VERTEX_POINT('',#4346);
#1379=VERTEX_POINT('',#4348);
#1380=VERTEX_POINT('',#4355);
#1381=VERTEX_POINT('',#4358);
#1382=VERTEX_POINT('',#4359);
#1383=VERTEX_POINT('',#4364);
#1384=VERTEX_POINT('',#4372);
#1385=VERTEX_POINT('',#4373);
#1386=VERTEX_POINT('',#4375);
#1387=VERTEX_POINT('',#4377);
#1388=VERTEX_POINT('',#4381);
#1389=VERTEX_POINT('',#4382);
#1390=VERTEX_POINT('',#4384);
#1391=VERTEX_POINT('',#4386);
#1392=VERTEX_POINT('',#4393);
#1393=VERTEX_POINT('',#4394);
#1394=VERTEX_POINT('',#4396);
#1395=VERTEX_POINT('',#4401);
#1396=VERTEX_POINT('',#4403);
#1397=VERTEX_POINT('',#4405);
#1398=VERTEX_POINT('',#4416);
#1399=VERTEX_POINT('',#4417);
#1400=VERTEX_POINT('',#4419);
#1401=VERTEX_POINT('',#4421);
#1402=VERTEX_POINT('',#4425);
#1403=VERTEX_POINT('',#4426);
#1404=VERTEX_POINT('',#4428);
#1405=VERTEX_POINT('',#4430);
#1406=VERTEX_POINT('',#4437);
#1407=VERTEX_POINT('',#4438);
#1408=VERTEX_POINT('',#4440);
#1409=VERTEX_POINT('',#4445);
#1410=VERTEX_POINT('',#4447);
#1411=VERTEX_POINT('',#4449);
#1412=VERTEX_POINT('',#4460);
#1413=VERTEX_POINT('',#4461);
#1414=VERTEX_POINT('',#4463);
#1415=VERTEX_POINT('',#4465);
#1416=VERTEX_POINT('',#4469);
#1417=VERTEX_POINT('',#4470);
#1418=VERTEX_POINT('',#4472);
#1419=VERTEX_POINT('',#4474);
#1420=VERTEX_POINT('',#4478);
#1421=VERTEX_POINT('',#4479);
#1422=VERTEX_POINT('',#4481);
#1423=VERTEX_POINT('',#4487);
#1424=VERTEX_POINT('',#4489);
#1425=VERTEX_POINT('',#4491);
#1426=VERTEX_POINT('',#4504);
#1427=VERTEX_POINT('',#4505);
#1428=VERTEX_POINT('',#4507);
#1429=VERTEX_POINT('',#4509);
#1430=VERTEX_POINT('',#4513);
#1431=VERTEX_POINT('',#4514);
#1432=VERTEX_POINT('',#4516);
#1433=VERTEX_POINT('',#4518);
#1434=VERTEX_POINT('',#4522);
#1435=VERTEX_POINT('',#4523);
#1436=VERTEX_POINT('',#4525);
#1437=VERTEX_POINT('',#4531);
#1438=VERTEX_POINT('',#4533);
#1439=VERTEX_POINT('',#4535);
#1440=VERTEX_POINT('',#4548);
#1441=VERTEX_POINT('',#4549);
#1442=VERTEX_POINT('',#4551);
#1443=VERTEX_POINT('',#4553);
#1444=VERTEX_POINT('',#4557);
#1445=VERTEX_POINT('',#4558);
#1446=VERTEX_POINT('',#4560);
#1447=VERTEX_POINT('',#4562);
#1448=VERTEX_POINT('',#4566);
#1449=VERTEX_POINT('',#4568);
#1450=VERTEX_POINT('',#4572);
#1451=VERTEX_POINT('',#4573);
#1452=VERTEX_POINT('',#4578);
#1453=VERTEX_POINT('',#4579);
#1454=VERTEX_POINT('',#4581);
#1455=VERTEX_POINT('',#4583);
#1456=VERTEX_POINT('',#4585);
#1457=VERTEX_POINT('',#4587);
#1458=VERTEX_POINT('',#4589);
#1459=VERTEX_POINT('',#4591);
#1460=VERTEX_POINT('',#4593);
#1461=VERTEX_POINT('',#4595);
#1462=VERTEX_POINT('',#4597);
#1463=VERTEX_POINT('',#4599);
#1464=VERTEX_POINT('',#4601);
#1465=VERTEX_POINT('',#4603);
#1466=VERTEX_POINT('',#4605);
#1467=VERTEX_POINT('',#4607);
#1468=VERTEX_POINT('',#4609);
#1469=VERTEX_POINT('',#4611);
#1470=VERTEX_POINT('',#4613);
#1471=VERTEX_POINT('',#4615);
#1472=VERTEX_POINT('',#4617);
#1473=VERTEX_POINT('',#4619);
#1474=VERTEX_POINT('',#4621);
#1475=VERTEX_POINT('',#4623);
#1476=VERTEX_POINT('',#4625);
#1477=VERTEX_POINT('',#4627);
#1478=VERTEX_POINT('',#4629);
#1479=VERTEX_POINT('',#4631);
#1480=VERTEX_POINT('',#4633);
#1481=VERTEX_POINT('',#4635);
#1482=VERTEX_POINT('',#4637);
#1483=VERTEX_POINT('',#4639);
#1484=VERTEX_POINT('',#4641);
#1485=VERTEX_POINT('',#4643);
#1486=VERTEX_POINT('',#4647);
#1487=VERTEX_POINT('',#4648);
#1488=VERTEX_POINT('',#4650);
#1489=VERTEX_POINT('',#4652);
#1490=VERTEX_POINT('',#4656);
#1491=VERTEX_POINT('',#4657);
#1492=VERTEX_POINT('',#4659);
#1493=VERTEX_POINT('',#4661);
#1494=VERTEX_POINT('',#4663);
#1495=VERTEX_POINT('',#4665);
#1496=VERTEX_POINT('',#4669);
#1497=VERTEX_POINT('',#4671);
#1498=VERTEX_POINT('',#4673);
#1499=VERTEX_POINT('',#4675);
#1500=VERTEX_POINT('',#4677);
#1501=VERTEX_POINT('',#4680);
#1502=VERTEX_POINT('',#4684);
#1503=VERTEX_POINT('',#4689);
#1504=VERTEX_POINT('',#4690);
#1505=VERTEX_POINT('',#4696);
#1506=VERTEX_POINT('',#4700);
#1507=VERTEX_POINT('',#4701);
#1508=VERTEX_POINT('',#4703);
#1509=VERTEX_POINT('',#4706);
#1510=VERTEX_POINT('',#4708);
#1511=VERTEX_POINT('',#4710);
#1512=VERTEX_POINT('',#4712);
#1513=VERTEX_POINT('',#4717);
#1514=VERTEX_POINT('',#4721);
#1515=VERTEX_POINT('',#4723);
#1516=VERTEX_POINT('',#4725);
#1517=VERTEX_POINT('',#4730);
#1518=VERTEX_POINT('',#4732);
#1519=VERTEX_POINT('',#4734);
#1520=VERTEX_POINT('',#4736);
#1521=VERTEX_POINT('',#4738);
#1522=VERTEX_POINT('',#4740);
#1523=VERTEX_POINT('',#4742);
#1524=VERTEX_POINT('',#4744);
#1525=VERTEX_POINT('',#4746);
#1526=VERTEX_POINT('',#4748);
#1527=VERTEX_POINT('',#4750);
#1528=VERTEX_POINT('',#4752);
#1529=VERTEX_POINT('',#4754);
#1530=VERTEX_POINT('',#4756);
#1531=VERTEX_POINT('',#4758);
#1532=VERTEX_POINT('',#4760);
#1533=VERTEX_POINT('',#4762);
#1534=VERTEX_POINT('',#4764);
#1535=VERTEX_POINT('',#4766);
#1536=VERTEX_POINT('',#4768);
#1537=VERTEX_POINT('',#4770);
#1538=VERTEX_POINT('',#4772);
#1539=VERTEX_POINT('',#4774);
#1540=VERTEX_POINT('',#4776);
#1541=VERTEX_POINT('',#4778);
#1542=VERTEX_POINT('',#4780);
#1543=VERTEX_POINT('',#4782);
#1544=VERTEX_POINT('',#4784);
#1545=VERTEX_POINT('',#4788);
#1546=VERTEX_POINT('',#4792);
#1547=VERTEX_POINT('',#4797);
#1548=VERTEX_POINT('',#4800);
#1549=VERTEX_POINT('',#4801);
#1550=VERTEX_POINT('',#4803);
#1551=VERTEX_POINT('',#4805);
#1552=VERTEX_POINT('',#4808);
#1553=VERTEX_POINT('',#4809);
#1554=VERTEX_POINT('',#4811);
#1555=VERTEX_POINT('',#4813);
#1556=VERTEX_POINT('',#4816);
#1557=VERTEX_POINT('',#4817);
#1558=VERTEX_POINT('',#4819);
#1559=VERTEX_POINT('',#4821);
#1560=VERTEX_POINT('',#4824);
#1561=VERTEX_POINT('',#4825);
#1562=VERTEX_POINT('',#4827);
#1563=VERTEX_POINT('',#4829);
#1564=VERTEX_POINT('',#4832);
#1565=VERTEX_POINT('',#4833);
#1566=VERTEX_POINT('',#4835);
#1567=VERTEX_POINT('',#4837);
#1568=VERTEX_POINT('',#4845);
#1569=VERTEX_POINT('',#4847);
#1570=VERTEX_POINT('',#4850);
#1571=VERTEX_POINT('',#4854);
#1572=VERTEX_POINT('',#4856);
#1573=VERTEX_POINT('',#4860);
#1574=VERTEX_POINT('',#4873);
#1575=VERTEX_POINT('',#4876);
#1576=VERTEX_POINT('',#4878);
#1577=VERTEX_POINT('',#4882);
#1578=VERTEX_POINT('',#4897);
#1579=VERTEX_POINT('',#4901);
#1580=VERTEX_POINT('',#4902);
#1581=VERTEX_POINT('',#4905);
#1582=VERTEX_POINT('',#4920);
#1583=VERTEX_POINT('',#4921);
#1584=VERTEX_POINT('',#4923);
#1585=VERTEX_POINT('',#4925);
#1586=VERTEX_POINT('',#4927);
#1587=VERTEX_POINT('',#4929);
#1588=VERTEX_POINT('',#4931);
#1589=VERTEX_POINT('',#4933);
#1590=VERTEX_POINT('',#4935);
#1591=VERTEX_POINT('',#4937);
#1592=VERTEX_POINT('',#4939);
#1593=VERTEX_POINT('',#4941);
#1594=VERTEX_POINT('',#4943);
#1595=VERTEX_POINT('',#4945);
#1596=VERTEX_POINT('',#4947);
#1597=VERTEX_POINT('',#4949);
#1598=VERTEX_POINT('',#4951);
#1599=VERTEX_POINT('',#4953);
#1600=VERTEX_POINT('',#4955);
#1601=VERTEX_POINT('',#4957);
#1602=VERTEX_POINT('',#4959);
#1603=VERTEX_POINT('',#4961);
#1604=VERTEX_POINT('',#5008);
#1605=VERTEX_POINT('',#5010);
#1606=VERTEX_POINT('',#5014);
#1607=VERTEX_POINT('',#5015);
#1608=VERTEX_POINT('',#5017);
#1609=VERTEX_POINT('',#5019);
#1610=VERTEX_POINT('',#5021);
#1611=VERTEX_POINT('',#5023);
#1612=VERTEX_POINT('',#5025);
#1613=VERTEX_POINT('',#5027);
#1614=VERTEX_POINT('',#5029);
#1615=VERTEX_POINT('',#5031);
#1616=VERTEX_POINT('',#5033);
#1617=VERTEX_POINT('',#5035);
#1618=VERTEX_POINT('',#5037);
#1619=VERTEX_POINT('',#5039);
#1620=VERTEX_POINT('',#5041);
#1621=VERTEX_POINT('',#5043);
#1622=VERTEX_POINT('',#5045);
#1623=VERTEX_POINT('',#5047);
#1624=VERTEX_POINT('',#5049);
#1625=VERTEX_POINT('',#5051);
#1626=VERTEX_POINT('',#5053);
#1627=VERTEX_POINT('',#5055);
#1628=VERTEX_POINT('',#5100);
#1629=VERTEX_POINT('',#5101);
#1630=VERTEX_POINT('',#5122);
#1631=VERTEX_POINT('',#5124);
#1632=VERTEX_POINT('',#5128);
#1633=VERTEX_POINT('',#5132);
#1634=VERTEX_POINT('',#5139);
#1635=VERTEX_POINT('',#5140);
#1636=VERTEX_POINT('',#5142);
#1637=VERTEX_POINT('',#5144);
#1638=VERTEX_POINT('',#5151);
#1639=VERTEX_POINT('',#5155);
#1640=VERTEX_POINT('',#5161);
#1641=VERTEX_POINT('',#5162);
#1642=VERTEX_POINT('',#5164);
#1643=VERTEX_POINT('',#5166);
#1644=VERTEX_POINT('',#5170);
#1645=VERTEX_POINT('',#5177);
#1646=VERTEX_POINT('',#5183);
#1647=VERTEX_POINT('',#5184);
#1648=VERTEX_POINT('',#5186);
#1649=VERTEX_POINT('',#5188);
#1650=VERTEX_POINT('',#5195);
#1651=VERTEX_POINT('',#5199);
#1652=VERTEX_POINT('',#5205);
#1653=VERTEX_POINT('',#5206);
#1654=VERTEX_POINT('',#5208);
#1655=VERTEX_POINT('',#5210);
#1656=VERTEX_POINT('',#5214);
#1657=VERTEX_POINT('',#5221);
#1658=VERTEX_POINT('',#5231);
#1659=VERTEX_POINT('',#5232);
#1660=VERTEX_POINT('',#5234);
#1661=VERTEX_POINT('',#5236);
#1662=VERTEX_POINT('',#5240);
#1663=VERTEX_POINT('',#5242);
#1664=VERTEX_POINT('',#5246);
#1665=VERTEX_POINT('',#5248);
#1666=VERTEX_POINT('',#5257);
#1667=VERTEX_POINT('',#5258);
#1668=VERTEX_POINT('',#5260);
#1669=VERTEX_POINT('',#5262);
#1670=VERTEX_POINT('',#5266);
#1671=VERTEX_POINT('',#5268);
#1672=VERTEX_POINT('',#5272);
#1673=VERTEX_POINT('',#5274);
#1674=EDGE_CURVE('',#1378,#1378,#1321,.T.);
#1675=EDGE_CURVE('',#1378,#1379,#553,.T.);
#1676=EDGE_CURVE('',#1379,#1379,#1322,.T.);
#1677=EDGE_CURVE('',#1380,#1380,#1323,.T.);
#1678=EDGE_CURVE('',#1381,#1382,#1324,.T.);
#1679=EDGE_CURVE('',#1382,#1380,#1325,.T.);
#1680=EDGE_CURVE('',#1382,#1381,#1326,.T.);
#1681=EDGE_CURVE('',#1383,#1383,#1327,.T.);
#1682=EDGE_CURVE('',#1383,#1381,#554,.T.);
#1683=EDGE_CURVE('',#1384,#1385,#1328,.T.);
#1684=EDGE_CURVE('',#1386,#1384,#555,.T.);
#1685=EDGE_CURVE('',#1387,#1386,#1329,.T.);
#1686=EDGE_CURVE('',#1385,#1387,#556,.T.);
#1687=EDGE_CURVE('',#1388,#1389,#557,.T.);
#1688=EDGE_CURVE('',#1388,#1390,#558,.T.);
#1689=EDGE_CURVE('',#1390,#1391,#559,.T.);
#1690=EDGE_CURVE('',#1391,#1389,#560,.T.);
#1691=EDGE_CURVE('',#1386,#1388,#561,.T.);
#1692=EDGE_CURVE('',#1390,#1384,#562,.T.);
#1693=EDGE_CURVE('',#1392,#1393,#1330,.T.);
#1694=EDGE_CURVE('',#1393,#1394,#563,.T.);
#1695=EDGE_CURVE('',#1394,#1391,#564,.T.);
#1696=EDGE_CURVE('',#1385,#1392,#565,.T.);
#1697=EDGE_CURVE('',#1389,#1395,#566,.T.);
#1698=EDGE_CURVE('',#1395,#1396,#567,.T.);
#1699=EDGE_CURVE('',#1396,#1397,#1331,.T.);
#1700=EDGE_CURVE('',#1397,#1387,#568,.T.);
#1701=EDGE_CURVE('',#1394,#1395,#569,.T.);
#1702=EDGE_CURVE('',#1392,#1397,#570,.T.);
#1703=EDGE_CURVE('',#1393,#1396,#571,.T.);
#1704=EDGE_CURVE('',#1398,#1399,#1332,.T.);
#1705=EDGE_CURVE('',#1400,#1398,#572,.T.);
#1706=EDGE_CURVE('',#1401,#1400,#1333,.T.);
#1707=EDGE_CURVE('',#1399,#1401,#573,.T.);
#1708=EDGE_CURVE('',#1402,#1403,#574,.T.);
#1709=EDGE_CURVE('',#1402,#1404,#575,.T.);
#1710=EDGE_CURVE('',#1404,#1405,#576,.T.);
#1711=EDGE_CURVE('',#1405,#1403,#577,.T.);
#1712=EDGE_CURVE('',#1400,#1402,#578,.T.);
#1713=EDGE_CURVE('',#1404,#1398,#579,.T.);
#1714=EDGE_CURVE('',#1406,#1407,#1334,.T.);
#1715=EDGE_CURVE('',#1407,#1408,#580,.T.);
#1716=EDGE_CURVE('',#1408,#1405,#581,.T.);
#1717=EDGE_CURVE('',#1399,#1406,#582,.T.);
#1718=EDGE_CURVE('',#1403,#1409,#583,.T.);
#1719=EDGE_CURVE('',#1409,#1410,#584,.T.);
#1720=EDGE_CURVE('',#1410,#1411,#1335,.T.);
#1721=EDGE_CURVE('',#1411,#1401,#585,.T.);
#1722=EDGE_CURVE('',#1409,#1408,#586,.T.);
#1723=EDGE_CURVE('',#1406,#1411,#587,.T.);
#1724=EDGE_CURVE('',#1407,#1410,#588,.T.);
#1725=EDGE_CURVE('',#1412,#1413,#1336,.T.);
#1726=EDGE_CURVE('',#1412,#1414,#589,.T.);
#1727=EDGE_CURVE('',#1415,#1414,#1337,.T.);
#1728=EDGE_CURVE('',#1413,#1415,#590,.T.);
#1729=EDGE_CURVE('',#1416,#1417,#591,.T.);
#1730=EDGE_CURVE('',#1416,#1418,#592,.T.);
#1731=EDGE_CURVE('',#1419,#1418,#593,.T.);
#1732=EDGE_CURVE('',#1417,#1419,#594,.T.);
#1733=EDGE_CURVE('',#1420,#1421,#595,.T.);
#1734=EDGE_CURVE('',#1421,#1422,#1338,.T.);
#1735=EDGE_CURVE('',#1422,#1415,#596,.T.);
#1736=EDGE_CURVE('',#1414,#1416,#597,.T.);
#1737=EDGE_CURVE('',#1420,#1417,#598,.T.);
#1738=EDGE_CURVE('',#1413,#1423,#599,.T.);
#1739=EDGE_CURVE('',#1423,#1424,#1339,.T.);
#1740=EDGE_CURVE('',#1424,#1425,#600,.T.);
#1741=EDGE_CURVE('',#1425,#1419,#601,.T.);
#1742=EDGE_CURVE('',#1418,#1412,#602,.T.);
#1743=EDGE_CURVE('',#1421,#1424,#603,.T.);
#1744=EDGE_CURVE('',#1425,#1420,#604,.T.);
#1745=EDGE_CURVE('',#1423,#1422,#605,.T.);
#1746=EDGE_CURVE('',#1426,#1427,#1340,.T.);
#1747=EDGE_CURVE('',#1426,#1428,#606,.T.);
#1748=EDGE_CURVE('',#1429,#1428,#1341,.T.);
#1749=EDGE_CURVE('',#1427,#1429,#607,.T.);
#1750=EDGE_CURVE('',#1430,#1431,#608,.T.);
#1751=EDGE_CURVE('',#1432,#1430,#609,.T.);
#1752=EDGE_CURVE('',#1433,#1432,#610,.T.);
#1753=EDGE_CURVE('',#1431,#1433,#611,.T.);
#1754=EDGE_CURVE('',#1434,#1435,#612,.T.);
#1755=EDGE_CURVE('',#1435,#1436,#1342,.T.);
#1756=EDGE_CURVE('',#1436,#1429,#613,.T.);
#1757=EDGE_CURVE('',#1428,#1431,#614,.T.);
#1758=EDGE_CURVE('',#1434,#1433,#615,.T.);
#1759=EDGE_CURVE('',#1427,#1437,#616,.T.);
#1760=EDGE_CURVE('',#1437,#1438,#1343,.T.);
#1761=EDGE_CURVE('',#1438,#1439,#617,.T.);
#1762=EDGE_CURVE('',#1439,#1432,#618,.T.);
#1763=EDGE_CURVE('',#1430,#1426,#619,.T.);
#1764=EDGE_CURVE('',#1435,#1438,#620,.T.);
#1765=EDGE_CURVE('',#1439,#1434,#621,.T.);
#1766=EDGE_CURVE('',#1437,#1436,#622,.T.);
#1767=EDGE_CURVE('',#1440,#1441,#623,.T.);
#1768=EDGE_CURVE('',#1442,#1441,#624,.T.);
#1769=EDGE_CURVE('',#1443,#1442,#1344,.T.);
#1770=EDGE_CURVE('',#1440,#1443,#625,.T.);
#1771=EDGE_CURVE('',#1444,#1445,#626,.T.);
#1772=EDGE_CURVE('',#1446,#1445,#627,.T.);
#1773=EDGE_CURVE('',#1447,#1446,#1345,.T.);
#1774=EDGE_CURVE('',#1444,#1447,#628,.T.);
#1775=EDGE_CURVE('',#1441,#1448,#629,.T.);
#1776=EDGE_CURVE('',#1448,#1449,#630,.T.);
#1777=EDGE_CURVE('',#1442,#1449,#631,.T.);
#1778=EDGE_CURVE('',#1450,#1451,#632,.T.);
#1779=EDGE_CURVE('',#1450,#1444,#633,.T.);
#1780=EDGE_CURVE('',#1451,#1447,#634,.T.);
#1781=EDGE_CURVE('',#1452,#1453,#635,.T.);
#1782=EDGE_CURVE('',#1452,#1454,#636,.T.);
#1783=EDGE_CURVE('',#1455,#1454,#637,.T.);
#1784=EDGE_CURVE('',#1456,#1455,#638,.T.);
#1785=EDGE_CURVE('',#1456,#1457,#639,.T.);
#1786=EDGE_CURVE('',#1457,#1458,#640,.T.);
#1787=EDGE_CURVE('',#1458,#1459,#1346,.T.);
#1788=EDGE_CURVE('',#1459,#1460,#641,.T.);
#1789=EDGE_CURVE('',#1460,#1461,#1347,.T.);
#1790=EDGE_CURVE('',#1461,#1462,#642,.T.);
#1791=EDGE_CURVE('',#1463,#1462,#643,.T.);
#1792=EDGE_CURVE('',#1464,#1463,#644,.T.);
#1793=EDGE_CURVE('',#1465,#1464,#645,.T.);
#1794=EDGE_CURVE('',#1466,#1465,#646,.T.);
#1795=EDGE_CURVE('',#1467,#1466,#647,.T.);
#1796=EDGE_CURVE('',#1468,#1467,#648,.T.);
#1797=EDGE_CURVE('',#1469,#1468,#649,.T.);
#1798=EDGE_CURVE('',#1470,#1469,#650,.T.);
#1799=EDGE_CURVE('',#1471,#1470,#1348,.T.);
#1800=EDGE_CURVE('',#1472,#1471,#651,.T.);
#1801=EDGE_CURVE('',#1473,#1472,#652,.T.);
#1802=EDGE_CURVE('',#1474,#1473,#653,.T.);
#1803=EDGE_CURVE('',#1475,#1474,#654,.T.);
#1804=EDGE_CURVE('',#1476,#1475,#655,.T.);
#1805=EDGE_CURVE('',#1477,#1476,#656,.T.);
#1806=EDGE_CURVE('',#1478,#1477,#657,.T.);
#1807=EDGE_CURVE('',#1479,#1478,#658,.T.);
#1808=EDGE_CURVE('',#1480,#1479,#659,.T.);
#1809=EDGE_CURVE('',#1481,#1480,#1349,.T.);
#1810=EDGE_CURVE('',#1482,#1481,#660,.T.);
#1811=EDGE_CURVE('',#1483,#1482,#661,.T.);
#1812=EDGE_CURVE('',#1484,#1483,#662,.T.);
#1813=EDGE_CURVE('',#1485,#1484,#663,.T.);
#1814=EDGE_CURVE('',#1453,#1485,#664,.T.);
#1815=EDGE_CURVE('',#1486,#1487,#665,.T.);
#1816=EDGE_CURVE('',#1488,#1486,#666,.T.);
#1817=EDGE_CURVE('',#1489,#1488,#1350,.T.);
#1818=EDGE_CURVE('',#1487,#1489,#667,.T.);
#1819=EDGE_CURVE('',#1490,#1491,#668,.T.);
#1820=EDGE_CURVE('',#1491,#1492,#1351,.T.);
#1821=EDGE_CURVE('',#1493,#1492,#669,.T.);
#1822=EDGE_CURVE('',#1494,#1493,#1352,.T.);
#1823=EDGE_CURVE('',#1494,#1495,#670,.T.);
#1824=EDGE_CURVE('',#1495,#1490,#1353,.T.);
#1825=EDGE_CURVE('',#1496,#1457,#671,.T.);
#1826=EDGE_CURVE('',#1497,#1496,#1354,.T.);
#1827=EDGE_CURVE('',#1498,#1497,#672,.T.);
#1828=EDGE_CURVE('',#1498,#1499,#1355,.T.);
#1829=EDGE_CURVE('',#1500,#1499,#673,.T.);
#1830=EDGE_CURVE('',#1493,#1500,#674,.T.);
#1831=EDGE_CURVE('',#1492,#1501,#675,.T.);
#1832=EDGE_CURVE('',#1458,#1501,#676,.T.);
#1833=EDGE_CURVE('',#1501,#1502,#1356,.T.);
#1834=EDGE_CURVE('',#1502,#1489,#677,.T.);
#1835=EDGE_CURVE('',#1459,#1488,#678,.T.);
#1836=EDGE_CURVE('',#1503,#1504,#679,.T.);
#1837=EDGE_CURVE('',#1504,#1440,#680,.T.);
#1838=EDGE_CURVE('',#1460,#1443,#681,.T.);
#1839=EDGE_CURVE('',#1486,#1503,#682,.T.);
#1840=EDGE_CURVE('',#1449,#1505,#1357,.T.);
#1841=EDGE_CURVE('',#1461,#1505,#683,.T.);
#1842=EDGE_CURVE('',#1506,#1507,#684,.T.);
#1843=EDGE_CURVE('',#1506,#1508,#1358,.T.);
#1844=EDGE_CURVE('',#1462,#1508,#685,.T.);
#1845=EDGE_CURVE('',#1509,#1505,#686,.T.);
#1846=EDGE_CURVE('',#1510,#1509,#687,.T.);
#1847=EDGE_CURVE('',#1511,#1510,#688,.T.);
#1848=EDGE_CURVE('',#1512,#1511,#689,.T.);
#1849=EDGE_CURVE('',#1507,#1512,#1359,.T.);
#1850=EDGE_CURVE('',#1509,#1451,#1360,.T.);
#1851=EDGE_CURVE('',#1513,#1446,#690,.T.);
#1852=EDGE_CURVE('',#1510,#1513,#1361,.T.);
#1853=EDGE_CURVE('',#1445,#1514,#691,.T.);
#1854=EDGE_CURVE('',#1514,#1515,#692,.T.);
#1855=EDGE_CURVE('',#1515,#1516,#693,.T.);
#1856=EDGE_CURVE('',#1516,#1495,#694,.T.);
#1857=EDGE_CURVE('',#1513,#1494,#695,.T.);
#1858=EDGE_CURVE('',#1517,#1500,#696,.T.);
#1859=EDGE_CURVE('',#1517,#1518,#697,.T.);
#1860=EDGE_CURVE('',#1519,#1518,#698,.T.);
#1861=EDGE_CURVE('',#1520,#1519,#699,.T.);
#1862=EDGE_CURVE('',#1521,#1520,#700,.T.);
#1863=EDGE_CURVE('',#1522,#1521,#701,.T.);
#1864=EDGE_CURVE('',#1523,#1522,#702,.T.);
#1865=EDGE_CURVE('',#1524,#1523,#703,.T.);
#1866=EDGE_CURVE('',#1525,#1524,#1362,.T.);
#1867=EDGE_CURVE('',#1526,#1525,#704,.T.);
#1868=EDGE_CURVE('',#1527,#1526,#705,.T.);
#1869=EDGE_CURVE('',#1528,#1527,#706,.T.);
#1870=EDGE_CURVE('',#1529,#1528,#707,.T.);
#1871=EDGE_CURVE('',#1530,#1529,#708,.T.);
#1872=EDGE_CURVE('',#1531,#1530,#709,.T.);
#1873=EDGE_CURVE('',#1532,#1531,#710,.T.);
#1874=EDGE_CURVE('',#1533,#1532,#711,.T.);
#1875=EDGE_CURVE('',#1534,#1533,#712,.T.);
#1876=EDGE_CURVE('',#1535,#1534,#1363,.T.);
#1877=EDGE_CURVE('',#1536,#1535,#713,.T.);
#1878=EDGE_CURVE('',#1537,#1536,#714,.T.);
#1879=EDGE_CURVE('',#1538,#1537,#715,.T.);
#1880=EDGE_CURVE('',#1539,#1538,#716,.T.);
#1881=EDGE_CURVE('',#1540,#1539,#717,.T.);
#1882=EDGE_CURVE('',#1541,#1540,#718,.T.);
#1883=EDGE_CURVE('',#1542,#1541,#719,.T.);
#1884=EDGE_CURVE('',#1543,#1542,#720,.T.);
#1885=EDGE_CURVE('',#1544,#1543,#721,.T.);
#1886=EDGE_CURVE('',#1544,#1511,#722,.T.);
#1887=EDGE_CURVE('',#1545,#1516,#723,.T.);
#1888=EDGE_CURVE('',#1490,#1545,#724,.T.);
#1889=EDGE_CURVE('',#1491,#1546,#725,.T.);
#1890=EDGE_CURVE('',#1546,#1515,#726,.T.);
#1891=EDGE_CURVE('',#1450,#1514,#727,.T.);
#1892=EDGE_CURVE('',#1504,#1448,#728,.T.);
#1893=EDGE_CURVE('',#1503,#1547,#729,.T.);
#1894=EDGE_CURVE('',#1502,#1547,#730,.T.);
#1895=EDGE_CURVE('',#1548,#1549,#731,.T.);
#1896=EDGE_CURVE('',#1550,#1548,#732,.T.);
#1897=EDGE_CURVE('',#1551,#1550,#733,.T.);
#1898=EDGE_CURVE('',#1549,#1551,#734,.T.);
#1899=EDGE_CURVE('',#1552,#1553,#735,.T.);
#1900=EDGE_CURVE('',#1554,#1552,#736,.T.);
#1901=EDGE_CURVE('',#1555,#1554,#737,.T.);
#1902=EDGE_CURVE('',#1553,#1555,#738,.T.);
#1903=EDGE_CURVE('',#1556,#1557,#739,.T.);
#1904=EDGE_CURVE('',#1558,#1556,#740,.T.);
#1905=EDGE_CURVE('',#1559,#1558,#741,.T.);
#1906=EDGE_CURVE('',#1557,#1559,#742,.T.);
#1907=EDGE_CURVE('',#1560,#1561,#743,.T.);
#1908=EDGE_CURVE('',#1562,#1560,#744,.T.);
#1909=EDGE_CURVE('',#1563,#1562,#745,.T.);
#1910=EDGE_CURVE('',#1561,#1563,#746,.T.);
#1911=EDGE_CURVE('',#1564,#1565,#747,.T.);
#1912=EDGE_CURVE('',#1566,#1564,#748,.T.);
#1913=EDGE_CURVE('',#1566,#1567,#749,.T.);
#1914=EDGE_CURVE('',#1567,#1565,#750,.T.);
#1915=EDGE_CURVE('',#1547,#1487,#751,.T.);
#1916=EDGE_CURVE('',#1545,#1546,#752,.T.);
#1917=EDGE_CURVE('',#1454,#1568,#753,.T.);
#1918=EDGE_CURVE('',#1568,#1569,#1364,.T.);
#1919=EDGE_CURVE('',#1569,#1463,#754,.T.);
#1920=EDGE_CURVE('',#1508,#1570,#755,.T.);
#1921=EDGE_CURVE('',#1570,#1455,#756,.T.);
#1922=EDGE_CURVE('',#1544,#1571,#757,.T.);
#1923=EDGE_CURVE('',#1571,#1572,#1365,.T.);
#1924=EDGE_CURVE('',#1572,#1512,#758,.T.);
#1925=EDGE_CURVE('',#1572,#1573,#13,.T.);
#1926=EDGE_CURVE('',#1573,#1507,#759,.T.);
#1927=EDGE_CURVE('',#1573,#1574,#760,.T.);
#1928=EDGE_CURVE('',#1574,#1498,#761,.T.);
#1929=EDGE_CURVE('',#1575,#1497,#762,.T.);
#1930=EDGE_CURVE('',#1575,#1576,#763,.T.);
#1931=EDGE_CURVE('',#1576,#1506,#764,.T.);
#1932=EDGE_CURVE('',#1577,#1496,#765,.T.);
#1933=EDGE_CURVE('',#1577,#1575,#14,.T.);
#1934=EDGE_CURVE('',#1456,#1578,#766,.T.);
#1935=EDGE_CURVE('',#1578,#1577,#1366,.T.);
#1936=EDGE_CURVE('',#1579,#1580,#1367,.T.);
#1937=EDGE_CURVE('',#1580,#1517,#767,.T.);
#1938=EDGE_CURVE('',#1499,#1581,#768,.T.);
#1939=EDGE_CURVE('',#1581,#1543,#769,.T.);
#1940=EDGE_CURVE('',#1542,#1579,#770,.T.);
#1941=EDGE_CURVE('',#1581,#1571,#771,.T.);
#1942=EDGE_CURVE('',#1570,#1578,#772,.T.);
#1943=EDGE_CURVE('',#1581,#1574,#11,.T.);
#1944=EDGE_CURVE('',#1570,#1576,#12,.T.);
#1945=EDGE_CURVE('',#1582,#1583,#773,.T.);
#1946=EDGE_CURVE('',#1583,#1584,#774,.T.);
#1947=EDGE_CURVE('',#1584,#1585,#775,.T.);
#1948=EDGE_CURVE('',#1585,#1586,#776,.T.);
#1949=EDGE_CURVE('',#1586,#1587,#777,.T.);
#1950=EDGE_CURVE('',#1587,#1588,#778,.T.);
#1951=EDGE_CURVE('',#1588,#1589,#1368,.T.);
#1952=EDGE_CURVE('',#1589,#1590,#779,.T.);
#1953=EDGE_CURVE('',#1590,#1591,#780,.T.);
#1954=EDGE_CURVE('',#1591,#1592,#781,.T.);
#1955=EDGE_CURVE('',#1592,#1593,#782,.T.);
#1956=EDGE_CURVE('',#1593,#1594,#783,.T.);
#1957=EDGE_CURVE('',#1594,#1595,#784,.T.);
#1958=EDGE_CURVE('',#1595,#1596,#785,.T.);
#1959=EDGE_CURVE('',#1596,#1597,#786,.T.);
#1960=EDGE_CURVE('',#1597,#1598,#787,.T.);
#1961=EDGE_CURVE('',#1598,#1599,#1369,.T.);
#1962=EDGE_CURVE('',#1599,#1600,#788,.T.);
#1963=EDGE_CURVE('',#1600,#1601,#789,.T.);
#1964=EDGE_CURVE('',#1601,#1602,#790,.T.);
#1965=EDGE_CURVE('',#1602,#1603,#791,.T.);
#1966=EDGE_CURVE('',#1603,#1582,#792,.T.);
#1967=EDGE_CURVE('',#1583,#1540,#793,.T.);
#1968=EDGE_CURVE('',#1584,#1539,#794,.T.);
#1969=EDGE_CURVE('',#1585,#1538,#795,.T.);
#1970=EDGE_CURVE('',#1586,#1537,#796,.T.);
#1971=EDGE_CURVE('',#1587,#1536,#797,.T.);
#1972=EDGE_CURVE('',#1588,#1535,#798,.T.);
#1973=EDGE_CURVE('',#1589,#1534,#799,.T.);
#1974=EDGE_CURVE('',#1590,#1533,#800,.T.);
#1975=EDGE_CURVE('',#1591,#1532,#801,.T.);
#1976=EDGE_CURVE('',#1592,#1531,#802,.T.);
#1977=EDGE_CURVE('',#1593,#1530,#803,.T.);
#1978=EDGE_CURVE('',#1594,#1529,#804,.T.);
#1979=EDGE_CURVE('',#1595,#1528,#805,.T.);
#1980=EDGE_CURVE('',#1596,#1527,#806,.T.);
#1981=EDGE_CURVE('',#1597,#1526,#807,.T.);
#1982=EDGE_CURVE('',#1598,#1525,#808,.T.);
#1983=EDGE_CURVE('',#1599,#1524,#809,.T.);
#1984=EDGE_CURVE('',#1600,#1523,#810,.T.);
#1985=EDGE_CURVE('',#1601,#1522,#811,.T.);
#1986=EDGE_CURVE('',#1602,#1521,#812,.T.);
#1987=EDGE_CURVE('',#1603,#1520,#813,.T.);
#1988=EDGE_CURVE('',#1582,#1519,#814,.T.);
#1989=EDGE_CURVE('',#1518,#1604,#815,.T.);
#1990=EDGE_CURVE('',#1604,#1605,#1370,.T.);
#1991=EDGE_CURVE('',#1605,#1541,#816,.T.);
#1992=EDGE_CURVE('',#1606,#1607,#817,.T.);
#1993=EDGE_CURVE('',#1607,#1608,#818,.T.);
#1994=EDGE_CURVE('',#1608,#1609,#819,.T.);
#1995=EDGE_CURVE('',#1609,#1610,#820,.T.);
#1996=EDGE_CURVE('',#1610,#1611,#821,.T.);
#1997=EDGE_CURVE('',#1611,#1612,#1371,.T.);
#1998=EDGE_CURVE('',#1612,#1613,#822,.T.);
#1999=EDGE_CURVE('',#1613,#1614,#823,.T.);
#2000=EDGE_CURVE('',#1614,#1615,#824,.T.);
#2001=EDGE_CURVE('',#1615,#1616,#825,.T.);
#2002=EDGE_CURVE('',#1616,#1617,#826,.T.);
#2003=EDGE_CURVE('',#1617,#1618,#827,.T.);
#2004=EDGE_CURVE('',#1618,#1619,#828,.T.);
#2005=EDGE_CURVE('',#1619,#1620,#829,.T.);
#2006=EDGE_CURVE('',#1620,#1621,#830,.T.);
#2007=EDGE_CURVE('',#1621,#1622,#1372,.T.);
#2008=EDGE_CURVE('',#1622,#1623,#831,.T.);
#2009=EDGE_CURVE('',#1623,#1624,#832,.T.);
#2010=EDGE_CURVE('',#1624,#1625,#833,.T.);
#2011=EDGE_CURVE('',#1625,#1626,#834,.T.);
#2012=EDGE_CURVE('',#1626,#1627,#835,.T.);
#2013=EDGE_CURVE('',#1627,#1606,#836,.T.);
#2014=EDGE_CURVE('',#1607,#1485,#837,.T.);
#2015=EDGE_CURVE('',#1608,#1484,#838,.T.);
#2016=EDGE_CURVE('',#1609,#1483,#839,.T.);
#2017=EDGE_CURVE('',#1610,#1482,#840,.T.);
#2018=EDGE_CURVE('',#1611,#1481,#841,.T.);
#2019=EDGE_CURVE('',#1612,#1480,#842,.T.);
#2020=EDGE_CURVE('',#1613,#1479,#843,.T.);
#2021=EDGE_CURVE('',#1614,#1478,#844,.T.);
#2022=EDGE_CURVE('',#1615,#1477,#845,.T.);
#2023=EDGE_CURVE('',#1616,#1476,#846,.T.);
#2024=EDGE_CURVE('',#1617,#1475,#847,.T.);
#2025=EDGE_CURVE('',#1618,#1474,#848,.T.);
#2026=EDGE_CURVE('',#1619,#1473,#849,.T.);
#2027=EDGE_CURVE('',#1620,#1472,#850,.T.);
#2028=EDGE_CURVE('',#1621,#1471,#851,.T.);
#2029=EDGE_CURVE('',#1622,#1470,#852,.T.);
#2030=EDGE_CURVE('',#1623,#1469,#853,.T.);
#2031=EDGE_CURVE('',#1624,#1468,#854,.T.);
#2032=EDGE_CURVE('',#1625,#1467,#855,.T.);
#2033=EDGE_CURVE('',#1626,#1466,#856,.T.);
#2034=EDGE_CURVE('',#1627,#1465,#857,.T.);
#2035=EDGE_CURVE('',#1628,#1629,#1373,.T.);
#2036=EDGE_CURVE('',#1629,#1452,#858,.T.);
#2037=EDGE_CURVE('',#1606,#1453,#859,.T.);
#2038=EDGE_CURVE('',#1464,#1628,#860,.T.);
#2039=EDGE_CURVE('',#1628,#1569,#861,.T.);
#2040=EDGE_CURVE('',#1629,#1568,#862,.T.);
#2041=EDGE_CURVE('',#1580,#1604,#863,.T.);
#2042=EDGE_CURVE('',#1579,#1605,#864,.T.);
#2043=EDGE_CURVE('',#1630,#1566,#865,.T.);
#2044=EDGE_CURVE('',#1564,#1631,#866,.T.);
#2045=EDGE_CURVE('',#1631,#1630,#867,.T.);
#2046=EDGE_CURVE('',#1565,#1632,#868,.T.);
#2047=EDGE_CURVE('',#1631,#1632,#869,.T.);
#2048=EDGE_CURVE('',#1632,#1633,#870,.T.);
#2049=EDGE_CURVE('',#1630,#1633,#871,.T.);
#2050=EDGE_CURVE('',#1633,#1567,#872,.T.);
#2051=EDGE_CURVE('',#1634,#1635,#873,.T.);
#2052=EDGE_CURVE('',#1635,#1636,#874,.T.);
#2053=EDGE_CURVE('',#1636,#1637,#875,.T.);
#2054=EDGE_CURVE('',#1637,#1634,#876,.T.);
#2055=EDGE_CURVE('',#1637,#1562,#877,.T.);
#2056=EDGE_CURVE('',#1634,#1560,#878,.T.);
#2057=EDGE_CURVE('',#1638,#1561,#879,.T.);
#2058=EDGE_CURVE('',#1638,#1635,#880,.T.);
#2059=EDGE_CURVE('',#1639,#1563,#881,.T.);
#2060=EDGE_CURVE('',#1639,#1638,#882,.T.);
#2061=EDGE_CURVE('',#1636,#1639,#883,.T.);
#2062=EDGE_CURVE('',#1640,#1641,#884,.T.);
#2063=EDGE_CURVE('',#1641,#1642,#885,.T.);
#2064=EDGE_CURVE('',#1642,#1643,#886,.T.);
#2065=EDGE_CURVE('',#1643,#1640,#887,.T.);
#2066=EDGE_CURVE('',#1642,#1644,#888,.T.);
#2067=EDGE_CURVE('',#1644,#1558,#889,.T.);
#2068=EDGE_CURVE('',#1643,#1556,#890,.T.);
#2069=EDGE_CURVE('',#1640,#1557,#891,.T.);
#2070=EDGE_CURVE('',#1645,#1559,#892,.T.);
#2071=EDGE_CURVE('',#1645,#1641,#893,.T.);
#2072=EDGE_CURVE('',#1644,#1645,#894,.T.);
#2073=EDGE_CURVE('',#1646,#1647,#895,.T.);
#2074=EDGE_CURVE('',#1647,#1648,#896,.T.);
#2075=EDGE_CURVE('',#1648,#1649,#897,.T.);
#2076=EDGE_CURVE('',#1649,#1646,#898,.T.);
#2077=EDGE_CURVE('',#1649,#1554,#899,.T.);
#2078=EDGE_CURVE('',#1646,#1552,#900,.T.);
#2079=EDGE_CURVE('',#1650,#1553,#901,.T.);
#2080=EDGE_CURVE('',#1650,#1647,#902,.T.);
#2081=EDGE_CURVE('',#1651,#1555,#903,.T.);
#2082=EDGE_CURVE('',#1651,#1650,#904,.T.);
#2083=EDGE_CURVE('',#1648,#1651,#905,.T.);
#2084=EDGE_CURVE('',#1652,#1653,#906,.T.);
#2085=EDGE_CURVE('',#1653,#1654,#907,.T.);
#2086=EDGE_CURVE('',#1654,#1655,#908,.T.);
#2087=EDGE_CURVE('',#1655,#1652,#909,.T.);
#2088=EDGE_CURVE('',#1654,#1656,#910,.T.);
#2089=EDGE_CURVE('',#1656,#1550,#911,.T.);
#2090=EDGE_CURVE('',#1655,#1548,#912,.T.);
#2091=EDGE_CURVE('',#1652,#1549,#913,.T.);
#2092=EDGE_CURVE('',#1657,#1551,#914,.T.);
#2093=EDGE_CURVE('',#1657,#1653,#915,.T.);
#2094=EDGE_CURVE('',#1656,#1657,#916,.T.);
#2095=EDGE_CURVE('',#1658,#1659,#917,.T.);
#2096=EDGE_CURVE('',#1660,#1658,#918,.T.);
#2097=EDGE_CURVE('',#1660,#1661,#919,.T.);
#2098=EDGE_CURVE('',#1661,#1659,#920,.T.);
#2099=EDGE_CURVE('',#1658,#1662,#921,.T.);
#2100=EDGE_CURVE('',#1663,#1662,#922,.T.);
#2101=EDGE_CURVE('',#1660,#1663,#923,.T.);
#2102=EDGE_CURVE('',#1662,#1664,#1374,.T.);
#2103=EDGE_CURVE('',#1665,#1664,#924,.T.);
#2104=EDGE_CURVE('',#1663,#1665,#1375,.T.);
#2105=EDGE_CURVE('',#1659,#1664,#925,.T.);
#2106=EDGE_CURVE('',#1661,#1665,#926,.T.);
#2107=EDGE_CURVE('',#1666,#1667,#927,.T.);
#2108=EDGE_CURVE('',#1668,#1667,#928,.T.);
#2109=EDGE_CURVE('',#1669,#1668,#929,.T.);
#2110=EDGE_CURVE('',#1669,#1666,#930,.T.);
#2111=EDGE_CURVE('',#1666,#1670,#931,.T.);
#2112=EDGE_CURVE('',#1669,#1671,#932,.T.);
#2113=EDGE_CURVE('',#1671,#1670,#933,.T.);
#2114=EDGE_CURVE('',#1670,#1672,#1376,.T.);
#2115=EDGE_CURVE('',#1671,#1673,#1377,.T.);
#2116=EDGE_CURVE('',#1673,#1672,#934,.T.);
#2117=EDGE_CURVE('',#1667,#1672,#935,.T.);
#2118=EDGE_CURVE('',#1668,#1673,#936,.T.);
#2119=ORIENTED_EDGE('',*,*,#1674,.T.);
#2120=ORIENTED_EDGE('',*,*,#1675,.T.);
#2121=ORIENTED_EDGE('',*,*,#1676,.F.);
#2122=ORIENTED_EDGE('',*,*,#1675,.F.);
#2123=ORIENTED_EDGE('',*,*,#1674,.F.);
#2124=ORIENTED_EDGE('',*,*,#1676,.T.);
#2125=ORIENTED_EDGE('',*,*,#1677,.T.);
#2126=ORIENTED_EDGE('',*,*,#1678,.T.);
#2127=ORIENTED_EDGE('',*,*,#1679,.T.);
#2128=ORIENTED_EDGE('',*,*,#1677,.F.);
#2129=ORIENTED_EDGE('',*,*,#1679,.F.);
#2130=ORIENTED_EDGE('',*,*,#1680,.T.);
#2131=ORIENTED_EDGE('',*,*,#1681,.F.);
#2132=ORIENTED_EDGE('',*,*,#1682,.T.);
#2133=ORIENTED_EDGE('',*,*,#1680,.F.);
#2134=ORIENTED_EDGE('',*,*,#1678,.F.);
#2135=ORIENTED_EDGE('',*,*,#1682,.F.);
#2136=ORIENTED_EDGE('',*,*,#1681,.T.);
#2137=ORIENTED_EDGE('',*,*,#1683,.F.);
#2138=ORIENTED_EDGE('',*,*,#1684,.F.);
#2139=ORIENTED_EDGE('',*,*,#1685,.F.);
#2140=ORIENTED_EDGE('',*,*,#1686,.F.);
#2141=ORIENTED_EDGE('',*,*,#1687,.F.);
#2142=ORIENTED_EDGE('',*,*,#1688,.T.);
#2143=ORIENTED_EDGE('',*,*,#1689,.T.);
#2144=ORIENTED_EDGE('',*,*,#1690,.T.);
#2145=ORIENTED_EDGE('',*,*,#1691,.F.);
#2146=ORIENTED_EDGE('',*,*,#1684,.T.);
#2147=ORIENTED_EDGE('',*,*,#1692,.F.);
#2148=ORIENTED_EDGE('',*,*,#1688,.F.);
#2149=ORIENTED_EDGE('',*,*,#1693,.T.);
#2150=ORIENTED_EDGE('',*,*,#1694,.T.);
#2151=ORIENTED_EDGE('',*,*,#1695,.T.);
#2152=ORIENTED_EDGE('',*,*,#1689,.F.);
#2153=ORIENTED_EDGE('',*,*,#1692,.T.);
#2154=ORIENTED_EDGE('',*,*,#1683,.T.);
#2155=ORIENTED_EDGE('',*,*,#1696,.T.);
#2156=ORIENTED_EDGE('',*,*,#1697,.T.);
#2157=ORIENTED_EDGE('',*,*,#1698,.T.);
#2158=ORIENTED_EDGE('',*,*,#1699,.T.);
#2159=ORIENTED_EDGE('',*,*,#1700,.T.);
#2160=ORIENTED_EDGE('',*,*,#1685,.T.);
#2161=ORIENTED_EDGE('',*,*,#1691,.T.);
#2162=ORIENTED_EDGE('',*,*,#1687,.T.);
#2163=ORIENTED_EDGE('',*,*,#1695,.F.);
#2164=ORIENTED_EDGE('',*,*,#1701,.T.);
#2165=ORIENTED_EDGE('',*,*,#1697,.F.);
#2166=ORIENTED_EDGE('',*,*,#1690,.F.);
#2167=ORIENTED_EDGE('',*,*,#1702,.F.);
#2168=ORIENTED_EDGE('',*,*,#1696,.F.);
#2169=ORIENTED_EDGE('',*,*,#1686,.T.);
#2170=ORIENTED_EDGE('',*,*,#1700,.F.);
#2171=ORIENTED_EDGE('',*,*,#1703,.F.);
#2172=ORIENTED_EDGE('',*,*,#1693,.F.);
#2173=ORIENTED_EDGE('',*,*,#1702,.T.);
#2174=ORIENTED_EDGE('',*,*,#1699,.F.);
#2175=ORIENTED_EDGE('',*,*,#1701,.F.);
#2176=ORIENTED_EDGE('',*,*,#1694,.F.);
#2177=ORIENTED_EDGE('',*,*,#1703,.T.);
#2178=ORIENTED_EDGE('',*,*,#1698,.F.);
#2179=ORIENTED_EDGE('',*,*,#1704,.F.);
#2180=ORIENTED_EDGE('',*,*,#1705,.F.);
#2181=ORIENTED_EDGE('',*,*,#1706,.F.);
#2182=ORIENTED_EDGE('',*,*,#1707,.F.);
#2183=ORIENTED_EDGE('',*,*,#1708,.F.);
#2184=ORIENTED_EDGE('',*,*,#1709,.T.);
#2185=ORIENTED_EDGE('',*,*,#1710,.T.);
#2186=ORIENTED_EDGE('',*,*,#1711,.T.);
#2187=ORIENTED_EDGE('',*,*,#1712,.F.);
#2188=ORIENTED_EDGE('',*,*,#1705,.T.);
#2189=ORIENTED_EDGE('',*,*,#1713,.F.);
#2190=ORIENTED_EDGE('',*,*,#1709,.F.);
#2191=ORIENTED_EDGE('',*,*,#1714,.T.);
#2192=ORIENTED_EDGE('',*,*,#1715,.T.);
#2193=ORIENTED_EDGE('',*,*,#1716,.T.);
#2194=ORIENTED_EDGE('',*,*,#1710,.F.);
#2195=ORIENTED_EDGE('',*,*,#1713,.T.);
#2196=ORIENTED_EDGE('',*,*,#1704,.T.);
#2197=ORIENTED_EDGE('',*,*,#1717,.T.);
#2198=ORIENTED_EDGE('',*,*,#1718,.T.);
#2199=ORIENTED_EDGE('',*,*,#1719,.T.);
#2200=ORIENTED_EDGE('',*,*,#1720,.T.);
#2201=ORIENTED_EDGE('',*,*,#1721,.T.);
#2202=ORIENTED_EDGE('',*,*,#1706,.T.);
#2203=ORIENTED_EDGE('',*,*,#1712,.T.);
#2204=ORIENTED_EDGE('',*,*,#1708,.T.);
#2205=ORIENTED_EDGE('',*,*,#1722,.F.);
#2206=ORIENTED_EDGE('',*,*,#1718,.F.);
#2207=ORIENTED_EDGE('',*,*,#1711,.F.);
#2208=ORIENTED_EDGE('',*,*,#1716,.F.);
#2209=ORIENTED_EDGE('',*,*,#1723,.F.);
#2210=ORIENTED_EDGE('',*,*,#1717,.F.);
#2211=ORIENTED_EDGE('',*,*,#1707,.T.);
#2212=ORIENTED_EDGE('',*,*,#1721,.F.);
#2213=ORIENTED_EDGE('',*,*,#1724,.F.);
#2214=ORIENTED_EDGE('',*,*,#1714,.F.);
#2215=ORIENTED_EDGE('',*,*,#1723,.T.);
#2216=ORIENTED_EDGE('',*,*,#1720,.F.);
#2217=ORIENTED_EDGE('',*,*,#1722,.T.);
#2218=ORIENTED_EDGE('',*,*,#1715,.F.);
#2219=ORIENTED_EDGE('',*,*,#1724,.T.);
#2220=ORIENTED_EDGE('',*,*,#1719,.F.);
#2221=ORIENTED_EDGE('',*,*,#1725,.F.);
#2222=ORIENTED_EDGE('',*,*,#1726,.T.);
#2223=ORIENTED_EDGE('',*,*,#1727,.F.);
#2224=ORIENTED_EDGE('',*,*,#1728,.F.);
#2225=ORIENTED_EDGE('',*,*,#1729,.F.);
#2226=ORIENTED_EDGE('',*,*,#1730,.T.);
#2227=ORIENTED_EDGE('',*,*,#1731,.F.);
#2228=ORIENTED_EDGE('',*,*,#1732,.F.);
#2229=ORIENTED_EDGE('',*,*,#1733,.T.);
#2230=ORIENTED_EDGE('',*,*,#1734,.T.);
#2231=ORIENTED_EDGE('',*,*,#1735,.T.);
#2232=ORIENTED_EDGE('',*,*,#1727,.T.);
#2233=ORIENTED_EDGE('',*,*,#1736,.T.);
#2234=ORIENTED_EDGE('',*,*,#1729,.T.);
#2235=ORIENTED_EDGE('',*,*,#1737,.F.);
#2236=ORIENTED_EDGE('',*,*,#1738,.T.);
#2237=ORIENTED_EDGE('',*,*,#1739,.T.);
#2238=ORIENTED_EDGE('',*,*,#1740,.T.);
#2239=ORIENTED_EDGE('',*,*,#1741,.T.);
#2240=ORIENTED_EDGE('',*,*,#1731,.T.);
#2241=ORIENTED_EDGE('',*,*,#1742,.T.);
#2242=ORIENTED_EDGE('',*,*,#1725,.T.);
#2243=ORIENTED_EDGE('',*,*,#1743,.F.);
#2244=ORIENTED_EDGE('',*,*,#1733,.F.);
#2245=ORIENTED_EDGE('',*,*,#1744,.F.);
#2246=ORIENTED_EDGE('',*,*,#1740,.F.);
#2247=ORIENTED_EDGE('',*,*,#1741,.F.);
#2248=ORIENTED_EDGE('',*,*,#1744,.T.);
#2249=ORIENTED_EDGE('',*,*,#1737,.T.);
#2250=ORIENTED_EDGE('',*,*,#1732,.T.);
#2251=ORIENTED_EDGE('',*,*,#1745,.F.);
#2252=ORIENTED_EDGE('',*,*,#1738,.F.);
#2253=ORIENTED_EDGE('',*,*,#1728,.T.);
#2254=ORIENTED_EDGE('',*,*,#1735,.F.);
#2255=ORIENTED_EDGE('',*,*,#1726,.F.);
#2256=ORIENTED_EDGE('',*,*,#1742,.F.);
#2257=ORIENTED_EDGE('',*,*,#1730,.F.);
#2258=ORIENTED_EDGE('',*,*,#1736,.F.);
#2259=ORIENTED_EDGE('',*,*,#1743,.T.);
#2260=ORIENTED_EDGE('',*,*,#1739,.F.);
#2261=ORIENTED_EDGE('',*,*,#1745,.T.);
#2262=ORIENTED_EDGE('',*,*,#1734,.F.);
#2263=ORIENTED_EDGE('',*,*,#1746,.F.);
#2264=ORIENTED_EDGE('',*,*,#1747,.T.);
#2265=ORIENTED_EDGE('',*,*,#1748,.F.);
#2266=ORIENTED_EDGE('',*,*,#1749,.F.);
#2267=ORIENTED_EDGE('',*,*,#1750,.F.);
#2268=ORIENTED_EDGE('',*,*,#1751,.F.);
#2269=ORIENTED_EDGE('',*,*,#1752,.F.);
#2270=ORIENTED_EDGE('',*,*,#1753,.F.);
#2271=ORIENTED_EDGE('',*,*,#1754,.T.);
#2272=ORIENTED_EDGE('',*,*,#1755,.T.);
#2273=ORIENTED_EDGE('',*,*,#1756,.T.);
#2274=ORIENTED_EDGE('',*,*,#1748,.T.);
#2275=ORIENTED_EDGE('',*,*,#1757,.T.);
#2276=ORIENTED_EDGE('',*,*,#1753,.T.);
#2277=ORIENTED_EDGE('',*,*,#1758,.F.);
#2278=ORIENTED_EDGE('',*,*,#1759,.T.);
#2279=ORIENTED_EDGE('',*,*,#1760,.T.);
#2280=ORIENTED_EDGE('',*,*,#1761,.T.);
#2281=ORIENTED_EDGE('',*,*,#1762,.T.);
#2282=ORIENTED_EDGE('',*,*,#1751,.T.);
#2283=ORIENTED_EDGE('',*,*,#1763,.T.);
#2284=ORIENTED_EDGE('',*,*,#1746,.T.);
#2285=ORIENTED_EDGE('',*,*,#1764,.F.);
#2286=ORIENTED_EDGE('',*,*,#1754,.F.);
#2287=ORIENTED_EDGE('',*,*,#1765,.F.);
#2288=ORIENTED_EDGE('',*,*,#1761,.F.);
#2289=ORIENTED_EDGE('',*,*,#1762,.F.);
#2290=ORIENTED_EDGE('',*,*,#1765,.T.);
#2291=ORIENTED_EDGE('',*,*,#1758,.T.);
#2292=ORIENTED_EDGE('',*,*,#1752,.T.);
#2293=ORIENTED_EDGE('',*,*,#1766,.F.);
#2294=ORIENTED_EDGE('',*,*,#1759,.F.);
#2295=ORIENTED_EDGE('',*,*,#1749,.T.);
#2296=ORIENTED_EDGE('',*,*,#1756,.F.);
#2297=ORIENTED_EDGE('',*,*,#1747,.F.);
#2298=ORIENTED_EDGE('',*,*,#1763,.F.);
#2299=ORIENTED_EDGE('',*,*,#1750,.T.);
#2300=ORIENTED_EDGE('',*,*,#1757,.F.);
#2301=ORIENTED_EDGE('',*,*,#1764,.T.);
#2302=ORIENTED_EDGE('',*,*,#1760,.F.);
#2303=ORIENTED_EDGE('',*,*,#1766,.T.);
#2304=ORIENTED_EDGE('',*,*,#1755,.F.);
#2305=ORIENTED_EDGE('',*,*,#1767,.T.);
#2306=ORIENTED_EDGE('',*,*,#1768,.F.);
#2307=ORIENTED_EDGE('',*,*,#1769,.F.);
#2308=ORIENTED_EDGE('',*,*,#1770,.F.);
#2309=ORIENTED_EDGE('',*,*,#1771,.T.);
#2310=ORIENTED_EDGE('',*,*,#1772,.F.);
#2311=ORIENTED_EDGE('',*,*,#1773,.F.);
#2312=ORIENTED_EDGE('',*,*,#1774,.F.);
#2313=ORIENTED_EDGE('',*,*,#1768,.T.);
#2314=ORIENTED_EDGE('',*,*,#1775,.T.);
#2315=ORIENTED_EDGE('',*,*,#1776,.T.);
#2316=ORIENTED_EDGE('',*,*,#1777,.F.);
#2317=ORIENTED_EDGE('',*,*,#1778,.F.);
#2318=ORIENTED_EDGE('',*,*,#1779,.T.);
#2319=ORIENTED_EDGE('',*,*,#1774,.T.);
#2320=ORIENTED_EDGE('',*,*,#1780,.F.);
#2321=ORIENTED_EDGE('',*,*,#1781,.F.);
#2322=ORIENTED_EDGE('',*,*,#1782,.T.);
#2323=ORIENTED_EDGE('',*,*,#1783,.F.);
#2324=ORIENTED_EDGE('',*,*,#1784,.F.);
#2325=ORIENTED_EDGE('',*,*,#1785,.T.);
#2326=ORIENTED_EDGE('',*,*,#1786,.T.);
#2327=ORIENTED_EDGE('',*,*,#1787,.T.);
#2328=ORIENTED_EDGE('',*,*,#1788,.T.);
#2329=ORIENTED_EDGE('',*,*,#1789,.T.);
#2330=ORIENTED_EDGE('',*,*,#1790,.T.);
#2331=ORIENTED_EDGE('',*,*,#1791,.F.);
#2332=ORIENTED_EDGE('',*,*,#1792,.F.);
#2333=ORIENTED_EDGE('',*,*,#1793,.F.);
#2334=ORIENTED_EDGE('',*,*,#1794,.F.);
#2335=ORIENTED_EDGE('',*,*,#1795,.F.);
#2336=ORIENTED_EDGE('',*,*,#1796,.F.);
#2337=ORIENTED_EDGE('',*,*,#1797,.F.);
#2338=ORIENTED_EDGE('',*,*,#1798,.F.);
#2339=ORIENTED_EDGE('',*,*,#1799,.F.);
#2340=ORIENTED_EDGE('',*,*,#1800,.F.);
#2341=ORIENTED_EDGE('',*,*,#1801,.F.);
#2342=ORIENTED_EDGE('',*,*,#1802,.F.);
#2343=ORIENTED_EDGE('',*,*,#1803,.F.);
#2344=ORIENTED_EDGE('',*,*,#1804,.F.);
#2345=ORIENTED_EDGE('',*,*,#1805,.F.);
#2346=ORIENTED_EDGE('',*,*,#1806,.F.);
#2347=ORIENTED_EDGE('',*,*,#1807,.F.);
#2348=ORIENTED_EDGE('',*,*,#1808,.F.);
#2349=ORIENTED_EDGE('',*,*,#1809,.F.);
#2350=ORIENTED_EDGE('',*,*,#1810,.F.);
#2351=ORIENTED_EDGE('',*,*,#1811,.F.);
#2352=ORIENTED_EDGE('',*,*,#1812,.F.);
#2353=ORIENTED_EDGE('',*,*,#1813,.F.);
#2354=ORIENTED_EDGE('',*,*,#1814,.F.);
#2355=ORIENTED_EDGE('',*,*,#1815,.F.);
#2356=ORIENTED_EDGE('',*,*,#1816,.F.);
#2357=ORIENTED_EDGE('',*,*,#1817,.F.);
#2358=ORIENTED_EDGE('',*,*,#1818,.F.);
#2359=ORIENTED_EDGE('',*,*,#1819,.T.);
#2360=ORIENTED_EDGE('',*,*,#1820,.T.);
#2361=ORIENTED_EDGE('',*,*,#1821,.F.);
#2362=ORIENTED_EDGE('',*,*,#1822,.F.);
#2363=ORIENTED_EDGE('',*,*,#1823,.T.);
#2364=ORIENTED_EDGE('',*,*,#1824,.T.);
#2365=ORIENTED_EDGE('',*,*,#1786,.F.);
#2366=ORIENTED_EDGE('',*,*,#1825,.F.);
#2367=ORIENTED_EDGE('',*,*,#1826,.F.);
#2368=ORIENTED_EDGE('',*,*,#1827,.F.);
#2369=ORIENTED_EDGE('',*,*,#1828,.T.);
#2370=ORIENTED_EDGE('',*,*,#1829,.F.);
#2371=ORIENTED_EDGE('',*,*,#1830,.F.);
#2372=ORIENTED_EDGE('',*,*,#1821,.T.);
#2373=ORIENTED_EDGE('',*,*,#1831,.T.);
#2374=ORIENTED_EDGE('',*,*,#1832,.F.);
#2375=ORIENTED_EDGE('',*,*,#1833,.T.);
#2376=ORIENTED_EDGE('',*,*,#1834,.T.);
#2377=ORIENTED_EDGE('',*,*,#1817,.T.);
#2378=ORIENTED_EDGE('',*,*,#1835,.F.);
#2379=ORIENTED_EDGE('',*,*,#1787,.F.);
#2380=ORIENTED_EDGE('',*,*,#1832,.T.);
#2381=ORIENTED_EDGE('',*,*,#1836,.T.);
#2382=ORIENTED_EDGE('',*,*,#1837,.T.);
#2383=ORIENTED_EDGE('',*,*,#1770,.T.);
#2384=ORIENTED_EDGE('',*,*,#1838,.F.);
#2385=ORIENTED_EDGE('',*,*,#1788,.F.);
#2386=ORIENTED_EDGE('',*,*,#1835,.T.);
#2387=ORIENTED_EDGE('',*,*,#1816,.T.);
#2388=ORIENTED_EDGE('',*,*,#1839,.T.);
#2389=ORIENTED_EDGE('',*,*,#1769,.T.);
#2390=ORIENTED_EDGE('',*,*,#1777,.T.);
#2391=ORIENTED_EDGE('',*,*,#1840,.T.);
#2392=ORIENTED_EDGE('',*,*,#1841,.F.);
#2393=ORIENTED_EDGE('',*,*,#1789,.F.);
#2394=ORIENTED_EDGE('',*,*,#1838,.T.);
#2395=ORIENTED_EDGE('',*,*,#1842,.F.);
#2396=ORIENTED_EDGE('',*,*,#1843,.T.);
#2397=ORIENTED_EDGE('',*,*,#1844,.F.);
#2398=ORIENTED_EDGE('',*,*,#1790,.F.);
#2399=ORIENTED_EDGE('',*,*,#1841,.T.);
#2400=ORIENTED_EDGE('',*,*,#1845,.F.);
#2401=ORIENTED_EDGE('',*,*,#1846,.F.);
#2402=ORIENTED_EDGE('',*,*,#1847,.F.);
#2403=ORIENTED_EDGE('',*,*,#1848,.F.);
#2404=ORIENTED_EDGE('',*,*,#1849,.F.);
#2405=ORIENTED_EDGE('',*,*,#1846,.T.);
#2406=ORIENTED_EDGE('',*,*,#1850,.T.);
#2407=ORIENTED_EDGE('',*,*,#1780,.T.);
#2408=ORIENTED_EDGE('',*,*,#1773,.T.);
#2409=ORIENTED_EDGE('',*,*,#1851,.F.);
#2410=ORIENTED_EDGE('',*,*,#1852,.F.);
#2411=ORIENTED_EDGE('',*,*,#1772,.T.);
#2412=ORIENTED_EDGE('',*,*,#1853,.T.);
#2413=ORIENTED_EDGE('',*,*,#1854,.T.);
#2414=ORIENTED_EDGE('',*,*,#1855,.T.);
#2415=ORIENTED_EDGE('',*,*,#1856,.T.);
#2416=ORIENTED_EDGE('',*,*,#1823,.F.);
#2417=ORIENTED_EDGE('',*,*,#1857,.F.);
#2418=ORIENTED_EDGE('',*,*,#1851,.T.);
#2419=ORIENTED_EDGE('',*,*,#1858,.F.);
#2420=ORIENTED_EDGE('',*,*,#1859,.T.);
#2421=ORIENTED_EDGE('',*,*,#1860,.F.);
#2422=ORIENTED_EDGE('',*,*,#1861,.F.);
#2423=ORIENTED_EDGE('',*,*,#1862,.F.);
#2424=ORIENTED_EDGE('',*,*,#1863,.F.);
#2425=ORIENTED_EDGE('',*,*,#1864,.F.);
#2426=ORIENTED_EDGE('',*,*,#1865,.F.);
#2427=ORIENTED_EDGE('',*,*,#1866,.F.);
#2428=ORIENTED_EDGE('',*,*,#1867,.F.);
#2429=ORIENTED_EDGE('',*,*,#1868,.F.);
#2430=ORIENTED_EDGE('',*,*,#1869,.F.);
#2431=ORIENTED_EDGE('',*,*,#1870,.F.);
#2432=ORIENTED_EDGE('',*,*,#1871,.F.);
#2433=ORIENTED_EDGE('',*,*,#1872,.F.);
#2434=ORIENTED_EDGE('',*,*,#1873,.F.);
#2435=ORIENTED_EDGE('',*,*,#1874,.F.);
#2436=ORIENTED_EDGE('',*,*,#1875,.F.);
#2437=ORIENTED_EDGE('',*,*,#1876,.F.);
#2438=ORIENTED_EDGE('',*,*,#1877,.F.);
#2439=ORIENTED_EDGE('',*,*,#1878,.F.);
#2440=ORIENTED_EDGE('',*,*,#1879,.F.);
#2441=ORIENTED_EDGE('',*,*,#1880,.F.);
#2442=ORIENTED_EDGE('',*,*,#1881,.F.);
#2443=ORIENTED_EDGE('',*,*,#1882,.F.);
#2444=ORIENTED_EDGE('',*,*,#1883,.F.);
#2445=ORIENTED_EDGE('',*,*,#1884,.F.);
#2446=ORIENTED_EDGE('',*,*,#1885,.F.);
#2447=ORIENTED_EDGE('',*,*,#1886,.T.);
#2448=ORIENTED_EDGE('',*,*,#1847,.T.);
#2449=ORIENTED_EDGE('',*,*,#1852,.T.);
#2450=ORIENTED_EDGE('',*,*,#1857,.T.);
#2451=ORIENTED_EDGE('',*,*,#1822,.T.);
#2452=ORIENTED_EDGE('',*,*,#1830,.T.);
#2453=ORIENTED_EDGE('',*,*,#1887,.F.);
#2454=ORIENTED_EDGE('',*,*,#1888,.F.);
#2455=ORIENTED_EDGE('',*,*,#1824,.F.);
#2456=ORIENTED_EDGE('',*,*,#1856,.F.);
#2457=ORIENTED_EDGE('',*,*,#1889,.T.);
#2458=ORIENTED_EDGE('',*,*,#1890,.T.);
#2459=ORIENTED_EDGE('',*,*,#1854,.F.);
#2460=ORIENTED_EDGE('',*,*,#1891,.F.);
#2461=ORIENTED_EDGE('',*,*,#1778,.T.);
#2462=ORIENTED_EDGE('',*,*,#1850,.F.);
#2463=ORIENTED_EDGE('',*,*,#1845,.T.);
#2464=ORIENTED_EDGE('',*,*,#1840,.F.);
#2465=ORIENTED_EDGE('',*,*,#1776,.F.);
#2466=ORIENTED_EDGE('',*,*,#1892,.F.);
#2467=ORIENTED_EDGE('',*,*,#1836,.F.);
#2468=ORIENTED_EDGE('',*,*,#1893,.T.);
#2469=ORIENTED_EDGE('',*,*,#1894,.F.);
#2470=ORIENTED_EDGE('',*,*,#1833,.F.);
#2471=ORIENTED_EDGE('',*,*,#1831,.F.);
#2472=ORIENTED_EDGE('',*,*,#1820,.F.);
#2473=ORIENTED_EDGE('',*,*,#1895,.F.);
#2474=ORIENTED_EDGE('',*,*,#1896,.F.);
#2475=ORIENTED_EDGE('',*,*,#1897,.F.);
#2476=ORIENTED_EDGE('',*,*,#1898,.F.);
#2477=ORIENTED_EDGE('',*,*,#1899,.F.);
#2478=ORIENTED_EDGE('',*,*,#1900,.F.);
#2479=ORIENTED_EDGE('',*,*,#1901,.F.);
#2480=ORIENTED_EDGE('',*,*,#1902,.F.);
#2481=ORIENTED_EDGE('',*,*,#1903,.F.);
#2482=ORIENTED_EDGE('',*,*,#1904,.F.);
#2483=ORIENTED_EDGE('',*,*,#1905,.F.);
#2484=ORIENTED_EDGE('',*,*,#1906,.F.);
#2485=ORIENTED_EDGE('',*,*,#1907,.F.);
#2486=ORIENTED_EDGE('',*,*,#1908,.F.);
#2487=ORIENTED_EDGE('',*,*,#1909,.F.);
#2488=ORIENTED_EDGE('',*,*,#1910,.F.);
#2489=ORIENTED_EDGE('',*,*,#1911,.F.);
#2490=ORIENTED_EDGE('',*,*,#1912,.F.);
#2491=ORIENTED_EDGE('',*,*,#1913,.T.);
#2492=ORIENTED_EDGE('',*,*,#1914,.T.);
#2493=ORIENTED_EDGE('',*,*,#1894,.T.);
#2494=ORIENTED_EDGE('',*,*,#1915,.T.);
#2495=ORIENTED_EDGE('',*,*,#1818,.T.);
#2496=ORIENTED_EDGE('',*,*,#1834,.F.);
#2497=ORIENTED_EDGE('',*,*,#1888,.T.);
#2498=ORIENTED_EDGE('',*,*,#1916,.T.);
#2499=ORIENTED_EDGE('',*,*,#1889,.F.);
#2500=ORIENTED_EDGE('',*,*,#1819,.F.);
#2501=ORIENTED_EDGE('',*,*,#1783,.T.);
#2502=ORIENTED_EDGE('',*,*,#1917,.T.);
#2503=ORIENTED_EDGE('',*,*,#1918,.T.);
#2504=ORIENTED_EDGE('',*,*,#1919,.T.);
#2505=ORIENTED_EDGE('',*,*,#1791,.T.);
#2506=ORIENTED_EDGE('',*,*,#1844,.T.);
#2507=ORIENTED_EDGE('',*,*,#1920,.T.);
#2508=ORIENTED_EDGE('',*,*,#1921,.T.);
#2509=ORIENTED_EDGE('',*,*,#1886,.F.);
#2510=ORIENTED_EDGE('',*,*,#1922,.T.);
#2511=ORIENTED_EDGE('',*,*,#1923,.T.);
#2512=ORIENTED_EDGE('',*,*,#1924,.T.);
#2513=ORIENTED_EDGE('',*,*,#1848,.T.);
#2514=ORIENTED_EDGE('',*,*,#1924,.F.);
#2515=ORIENTED_EDGE('',*,*,#1925,.T.);
#2516=ORIENTED_EDGE('',*,*,#1926,.T.);
#2517=ORIENTED_EDGE('',*,*,#1849,.T.);
#2518=ORIENTED_EDGE('',*,*,#1926,.F.);
#2519=ORIENTED_EDGE('',*,*,#1927,.T.);
#2520=ORIENTED_EDGE('',*,*,#1928,.T.);
#2521=ORIENTED_EDGE('',*,*,#1827,.T.);
#2522=ORIENTED_EDGE('',*,*,#1929,.F.);
#2523=ORIENTED_EDGE('',*,*,#1930,.T.);
#2524=ORIENTED_EDGE('',*,*,#1931,.T.);
#2525=ORIENTED_EDGE('',*,*,#1842,.T.);
#2526=ORIENTED_EDGE('',*,*,#1932,.F.);
#2527=ORIENTED_EDGE('',*,*,#1933,.T.);
#2528=ORIENTED_EDGE('',*,*,#1929,.T.);
#2529=ORIENTED_EDGE('',*,*,#1826,.T.);
#2530=ORIENTED_EDGE('',*,*,#1785,.F.);
#2531=ORIENTED_EDGE('',*,*,#1934,.T.);
#2532=ORIENTED_EDGE('',*,*,#1935,.T.);
#2533=ORIENTED_EDGE('',*,*,#1932,.T.);
#2534=ORIENTED_EDGE('',*,*,#1825,.T.);
#2535=ORIENTED_EDGE('',*,*,#1936,.T.);
#2536=ORIENTED_EDGE('',*,*,#1937,.T.);
#2537=ORIENTED_EDGE('',*,*,#1858,.T.);
#2538=ORIENTED_EDGE('',*,*,#1829,.T.);
#2539=ORIENTED_EDGE('',*,*,#1938,.T.);
#2540=ORIENTED_EDGE('',*,*,#1939,.T.);
#2541=ORIENTED_EDGE('',*,*,#1884,.T.);
#2542=ORIENTED_EDGE('',*,*,#1940,.T.);
#2543=ORIENTED_EDGE('',*,*,#1939,.F.);
#2544=ORIENTED_EDGE('',*,*,#1941,.T.);
#2545=ORIENTED_EDGE('',*,*,#1922,.F.);
#2546=ORIENTED_EDGE('',*,*,#1885,.T.);
#2547=ORIENTED_EDGE('',*,*,#1921,.F.);
#2548=ORIENTED_EDGE('',*,*,#1942,.T.);
#2549=ORIENTED_EDGE('',*,*,#1934,.F.);
#2550=ORIENTED_EDGE('',*,*,#1784,.T.);
#2551=ORIENTED_EDGE('',*,*,#1828,.F.);
#2552=ORIENTED_EDGE('',*,*,#1928,.F.);
#2553=ORIENTED_EDGE('',*,*,#1943,.F.);
#2554=ORIENTED_EDGE('',*,*,#1938,.F.);
#2555=ORIENTED_EDGE('',*,*,#1923,.F.);
#2556=ORIENTED_EDGE('',*,*,#1941,.F.);
#2557=ORIENTED_EDGE('',*,*,#1943,.T.);
#2558=ORIENTED_EDGE('',*,*,#1927,.F.);
#2559=ORIENTED_EDGE('',*,*,#1925,.F.);
#2560=ORIENTED_EDGE('',*,*,#1843,.F.);
#2561=ORIENTED_EDGE('',*,*,#1931,.F.);
#2562=ORIENTED_EDGE('',*,*,#1944,.F.);
#2563=ORIENTED_EDGE('',*,*,#1920,.F.);
#2564=ORIENTED_EDGE('',*,*,#1935,.F.);
#2565=ORIENTED_EDGE('',*,*,#1942,.F.);
#2566=ORIENTED_EDGE('',*,*,#1944,.T.);
#2567=ORIENTED_EDGE('',*,*,#1930,.F.);
#2568=ORIENTED_EDGE('',*,*,#1933,.F.);
#2569=ORIENTED_EDGE('',*,*,#1945,.T.);
#2570=ORIENTED_EDGE('',*,*,#1946,.T.);
#2571=ORIENTED_EDGE('',*,*,#1947,.T.);
#2572=ORIENTED_EDGE('',*,*,#1948,.T.);
#2573=ORIENTED_EDGE('',*,*,#1949,.T.);
#2574=ORIENTED_EDGE('',*,*,#1950,.T.);
#2575=ORIENTED_EDGE('',*,*,#1951,.T.);
#2576=ORIENTED_EDGE('',*,*,#1952,.T.);
#2577=ORIENTED_EDGE('',*,*,#1953,.T.);
#2578=ORIENTED_EDGE('',*,*,#1954,.T.);
#2579=ORIENTED_EDGE('',*,*,#1955,.T.);
#2580=ORIENTED_EDGE('',*,*,#1956,.T.);
#2581=ORIENTED_EDGE('',*,*,#1957,.T.);
#2582=ORIENTED_EDGE('',*,*,#1958,.T.);
#2583=ORIENTED_EDGE('',*,*,#1959,.T.);
#2584=ORIENTED_EDGE('',*,*,#1960,.T.);
#2585=ORIENTED_EDGE('',*,*,#1961,.T.);
#2586=ORIENTED_EDGE('',*,*,#1962,.T.);
#2587=ORIENTED_EDGE('',*,*,#1963,.T.);
#2588=ORIENTED_EDGE('',*,*,#1964,.T.);
#2589=ORIENTED_EDGE('',*,*,#1965,.T.);
#2590=ORIENTED_EDGE('',*,*,#1966,.T.);
#2591=ORIENTED_EDGE('',*,*,#1967,.T.);
#2592=ORIENTED_EDGE('',*,*,#1881,.T.);
#2593=ORIENTED_EDGE('',*,*,#1968,.F.);
#2594=ORIENTED_EDGE('',*,*,#1946,.F.);
#2595=ORIENTED_EDGE('',*,*,#1968,.T.);
#2596=ORIENTED_EDGE('',*,*,#1880,.T.);
#2597=ORIENTED_EDGE('',*,*,#1969,.F.);
#2598=ORIENTED_EDGE('',*,*,#1947,.F.);
#2599=ORIENTED_EDGE('',*,*,#1969,.T.);
#2600=ORIENTED_EDGE('',*,*,#1879,.T.);
#2601=ORIENTED_EDGE('',*,*,#1970,.F.);
#2602=ORIENTED_EDGE('',*,*,#1948,.F.);
#2603=ORIENTED_EDGE('',*,*,#1970,.T.);
#2604=ORIENTED_EDGE('',*,*,#1878,.T.);
#2605=ORIENTED_EDGE('',*,*,#1971,.F.);
#2606=ORIENTED_EDGE('',*,*,#1949,.F.);
#2607=ORIENTED_EDGE('',*,*,#1971,.T.);
#2608=ORIENTED_EDGE('',*,*,#1877,.T.);
#2609=ORIENTED_EDGE('',*,*,#1972,.F.);
#2610=ORIENTED_EDGE('',*,*,#1950,.F.);
#2611=ORIENTED_EDGE('',*,*,#1972,.T.);
#2612=ORIENTED_EDGE('',*,*,#1876,.T.);
#2613=ORIENTED_EDGE('',*,*,#1973,.F.);
#2614=ORIENTED_EDGE('',*,*,#1951,.F.);
#2615=ORIENTED_EDGE('',*,*,#1973,.T.);
#2616=ORIENTED_EDGE('',*,*,#1875,.T.);
#2617=ORIENTED_EDGE('',*,*,#1974,.F.);
#2618=ORIENTED_EDGE('',*,*,#1952,.F.);
#2619=ORIENTED_EDGE('',*,*,#1974,.T.);
#2620=ORIENTED_EDGE('',*,*,#1874,.T.);
#2621=ORIENTED_EDGE('',*,*,#1975,.F.);
#2622=ORIENTED_EDGE('',*,*,#1953,.F.);
#2623=ORIENTED_EDGE('',*,*,#1975,.T.);
#2624=ORIENTED_EDGE('',*,*,#1873,.T.);
#2625=ORIENTED_EDGE('',*,*,#1976,.F.);
#2626=ORIENTED_EDGE('',*,*,#1954,.F.);
#2627=ORIENTED_EDGE('',*,*,#1976,.T.);
#2628=ORIENTED_EDGE('',*,*,#1872,.T.);
#2629=ORIENTED_EDGE('',*,*,#1977,.F.);
#2630=ORIENTED_EDGE('',*,*,#1955,.F.);
#2631=ORIENTED_EDGE('',*,*,#1977,.T.);
#2632=ORIENTED_EDGE('',*,*,#1871,.T.);
#2633=ORIENTED_EDGE('',*,*,#1978,.F.);
#2634=ORIENTED_EDGE('',*,*,#1956,.F.);
#2635=ORIENTED_EDGE('',*,*,#1978,.T.);
#2636=ORIENTED_EDGE('',*,*,#1870,.T.);
#2637=ORIENTED_EDGE('',*,*,#1979,.F.);
#2638=ORIENTED_EDGE('',*,*,#1957,.F.);
#2639=ORIENTED_EDGE('',*,*,#1979,.T.);
#2640=ORIENTED_EDGE('',*,*,#1869,.T.);
#2641=ORIENTED_EDGE('',*,*,#1980,.F.);
#2642=ORIENTED_EDGE('',*,*,#1958,.F.);
#2643=ORIENTED_EDGE('',*,*,#1980,.T.);
#2644=ORIENTED_EDGE('',*,*,#1868,.T.);
#2645=ORIENTED_EDGE('',*,*,#1981,.F.);
#2646=ORIENTED_EDGE('',*,*,#1959,.F.);
#2647=ORIENTED_EDGE('',*,*,#1981,.T.);
#2648=ORIENTED_EDGE('',*,*,#1867,.T.);
#2649=ORIENTED_EDGE('',*,*,#1982,.F.);
#2650=ORIENTED_EDGE('',*,*,#1960,.F.);
#2651=ORIENTED_EDGE('',*,*,#1982,.T.);
#2652=ORIENTED_EDGE('',*,*,#1866,.T.);
#2653=ORIENTED_EDGE('',*,*,#1983,.F.);
#2654=ORIENTED_EDGE('',*,*,#1961,.F.);
#2655=ORIENTED_EDGE('',*,*,#1983,.T.);
#2656=ORIENTED_EDGE('',*,*,#1865,.T.);
#2657=ORIENTED_EDGE('',*,*,#1984,.F.);
#2658=ORIENTED_EDGE('',*,*,#1962,.F.);
#2659=ORIENTED_EDGE('',*,*,#1984,.T.);
#2660=ORIENTED_EDGE('',*,*,#1864,.T.);
#2661=ORIENTED_EDGE('',*,*,#1985,.F.);
#2662=ORIENTED_EDGE('',*,*,#1963,.F.);
#2663=ORIENTED_EDGE('',*,*,#1985,.T.);
#2664=ORIENTED_EDGE('',*,*,#1863,.T.);
#2665=ORIENTED_EDGE('',*,*,#1986,.F.);
#2666=ORIENTED_EDGE('',*,*,#1964,.F.);
#2667=ORIENTED_EDGE('',*,*,#1986,.T.);
#2668=ORIENTED_EDGE('',*,*,#1862,.T.);
#2669=ORIENTED_EDGE('',*,*,#1987,.F.);
#2670=ORIENTED_EDGE('',*,*,#1965,.F.);
#2671=ORIENTED_EDGE('',*,*,#1987,.T.);
#2672=ORIENTED_EDGE('',*,*,#1861,.T.);
#2673=ORIENTED_EDGE('',*,*,#1988,.F.);
#2674=ORIENTED_EDGE('',*,*,#1966,.F.);
#2675=ORIENTED_EDGE('',*,*,#1860,.T.);
#2676=ORIENTED_EDGE('',*,*,#1989,.T.);
#2677=ORIENTED_EDGE('',*,*,#1990,.T.);
#2678=ORIENTED_EDGE('',*,*,#1991,.T.);
#2679=ORIENTED_EDGE('',*,*,#1882,.T.);
#2680=ORIENTED_EDGE('',*,*,#1967,.F.);
#2681=ORIENTED_EDGE('',*,*,#1945,.F.);
#2682=ORIENTED_EDGE('',*,*,#1988,.T.);
#2683=ORIENTED_EDGE('',*,*,#1992,.T.);
#2684=ORIENTED_EDGE('',*,*,#1993,.T.);
#2685=ORIENTED_EDGE('',*,*,#1994,.T.);
#2686=ORIENTED_EDGE('',*,*,#1995,.T.);
#2687=ORIENTED_EDGE('',*,*,#1996,.T.);
#2688=ORIENTED_EDGE('',*,*,#1997,.T.);
#2689=ORIENTED_EDGE('',*,*,#1998,.T.);
#2690=ORIENTED_EDGE('',*,*,#1999,.T.);
#2691=ORIENTED_EDGE('',*,*,#2000,.T.);
#2692=ORIENTED_EDGE('',*,*,#2001,.T.);
#2693=ORIENTED_EDGE('',*,*,#2002,.T.);
#2694=ORIENTED_EDGE('',*,*,#2003,.T.);
#2695=ORIENTED_EDGE('',*,*,#2004,.T.);
#2696=ORIENTED_EDGE('',*,*,#2005,.T.);
#2697=ORIENTED_EDGE('',*,*,#2006,.T.);
#2698=ORIENTED_EDGE('',*,*,#2007,.T.);
#2699=ORIENTED_EDGE('',*,*,#2008,.T.);
#2700=ORIENTED_EDGE('',*,*,#2009,.T.);
#2701=ORIENTED_EDGE('',*,*,#2010,.T.);
#2702=ORIENTED_EDGE('',*,*,#2011,.T.);
#2703=ORIENTED_EDGE('',*,*,#2012,.T.);
#2704=ORIENTED_EDGE('',*,*,#2013,.T.);
#2705=ORIENTED_EDGE('',*,*,#2014,.T.);
#2706=ORIENTED_EDGE('',*,*,#1813,.T.);
#2707=ORIENTED_EDGE('',*,*,#2015,.F.);
#2708=ORIENTED_EDGE('',*,*,#1993,.F.);
#2709=ORIENTED_EDGE('',*,*,#2015,.T.);
#2710=ORIENTED_EDGE('',*,*,#1812,.T.);
#2711=ORIENTED_EDGE('',*,*,#2016,.F.);
#2712=ORIENTED_EDGE('',*,*,#1994,.F.);
#2713=ORIENTED_EDGE('',*,*,#2016,.T.);
#2714=ORIENTED_EDGE('',*,*,#1811,.T.);
#2715=ORIENTED_EDGE('',*,*,#2017,.F.);
#2716=ORIENTED_EDGE('',*,*,#1995,.F.);
#2717=ORIENTED_EDGE('',*,*,#2017,.T.);
#2718=ORIENTED_EDGE('',*,*,#1810,.T.);
#2719=ORIENTED_EDGE('',*,*,#2018,.F.);
#2720=ORIENTED_EDGE('',*,*,#1996,.F.);
#2721=ORIENTED_EDGE('',*,*,#2018,.T.);
#2722=ORIENTED_EDGE('',*,*,#1809,.T.);
#2723=ORIENTED_EDGE('',*,*,#2019,.F.);
#2724=ORIENTED_EDGE('',*,*,#1997,.F.);
#2725=ORIENTED_EDGE('',*,*,#2019,.T.);
#2726=ORIENTED_EDGE('',*,*,#1808,.T.);
#2727=ORIENTED_EDGE('',*,*,#2020,.F.);
#2728=ORIENTED_EDGE('',*,*,#1998,.F.);
#2729=ORIENTED_EDGE('',*,*,#2020,.T.);
#2730=ORIENTED_EDGE('',*,*,#1807,.T.);
#2731=ORIENTED_EDGE('',*,*,#2021,.F.);
#2732=ORIENTED_EDGE('',*,*,#1999,.F.);
#2733=ORIENTED_EDGE('',*,*,#2021,.T.);
#2734=ORIENTED_EDGE('',*,*,#1806,.T.);
#2735=ORIENTED_EDGE('',*,*,#2022,.F.);
#2736=ORIENTED_EDGE('',*,*,#2000,.F.);
#2737=ORIENTED_EDGE('',*,*,#2022,.T.);
#2738=ORIENTED_EDGE('',*,*,#1805,.T.);
#2739=ORIENTED_EDGE('',*,*,#2023,.F.);
#2740=ORIENTED_EDGE('',*,*,#2001,.F.);
#2741=ORIENTED_EDGE('',*,*,#2023,.T.);
#2742=ORIENTED_EDGE('',*,*,#1804,.T.);
#2743=ORIENTED_EDGE('',*,*,#2024,.F.);
#2744=ORIENTED_EDGE('',*,*,#2002,.F.);
#2745=ORIENTED_EDGE('',*,*,#2024,.T.);
#2746=ORIENTED_EDGE('',*,*,#1803,.T.);
#2747=ORIENTED_EDGE('',*,*,#2025,.F.);
#2748=ORIENTED_EDGE('',*,*,#2003,.F.);
#2749=ORIENTED_EDGE('',*,*,#2025,.T.);
#2750=ORIENTED_EDGE('',*,*,#1802,.T.);
#2751=ORIENTED_EDGE('',*,*,#2026,.F.);
#2752=ORIENTED_EDGE('',*,*,#2004,.F.);
#2753=ORIENTED_EDGE('',*,*,#2026,.T.);
#2754=ORIENTED_EDGE('',*,*,#1801,.T.);
#2755=ORIENTED_EDGE('',*,*,#2027,.F.);
#2756=ORIENTED_EDGE('',*,*,#2005,.F.);
#2757=ORIENTED_EDGE('',*,*,#2027,.T.);
#2758=ORIENTED_EDGE('',*,*,#1800,.T.);
#2759=ORIENTED_EDGE('',*,*,#2028,.F.);
#2760=ORIENTED_EDGE('',*,*,#2006,.F.);
#2761=ORIENTED_EDGE('',*,*,#2028,.T.);
#2762=ORIENTED_EDGE('',*,*,#1799,.T.);
#2763=ORIENTED_EDGE('',*,*,#2029,.F.);
#2764=ORIENTED_EDGE('',*,*,#2007,.F.);
#2765=ORIENTED_EDGE('',*,*,#2029,.T.);
#2766=ORIENTED_EDGE('',*,*,#1798,.T.);
#2767=ORIENTED_EDGE('',*,*,#2030,.F.);
#2768=ORIENTED_EDGE('',*,*,#2008,.F.);
#2769=ORIENTED_EDGE('',*,*,#2030,.T.);
#2770=ORIENTED_EDGE('',*,*,#1797,.T.);
#2771=ORIENTED_EDGE('',*,*,#2031,.F.);
#2772=ORIENTED_EDGE('',*,*,#2009,.F.);
#2773=ORIENTED_EDGE('',*,*,#2031,.T.);
#2774=ORIENTED_EDGE('',*,*,#1796,.T.);
#2775=ORIENTED_EDGE('',*,*,#2032,.F.);
#2776=ORIENTED_EDGE('',*,*,#2010,.F.);
#2777=ORIENTED_EDGE('',*,*,#2032,.T.);
#2778=ORIENTED_EDGE('',*,*,#1795,.T.);
#2779=ORIENTED_EDGE('',*,*,#2033,.F.);
#2780=ORIENTED_EDGE('',*,*,#2011,.F.);
#2781=ORIENTED_EDGE('',*,*,#2033,.T.);
#2782=ORIENTED_EDGE('',*,*,#1794,.T.);
#2783=ORIENTED_EDGE('',*,*,#2034,.F.);
#2784=ORIENTED_EDGE('',*,*,#2012,.F.);
#2785=ORIENTED_EDGE('',*,*,#2035,.T.);
#2786=ORIENTED_EDGE('',*,*,#2036,.T.);
#2787=ORIENTED_EDGE('',*,*,#1781,.T.);
#2788=ORIENTED_EDGE('',*,*,#2037,.F.);
#2789=ORIENTED_EDGE('',*,*,#2013,.F.);
#2790=ORIENTED_EDGE('',*,*,#2034,.T.);
#2791=ORIENTED_EDGE('',*,*,#1793,.T.);
#2792=ORIENTED_EDGE('',*,*,#2038,.T.);
#2793=ORIENTED_EDGE('',*,*,#2037,.T.);
#2794=ORIENTED_EDGE('',*,*,#1814,.T.);
#2795=ORIENTED_EDGE('',*,*,#2014,.F.);
#2796=ORIENTED_EDGE('',*,*,#1992,.F.);
#2797=ORIENTED_EDGE('',*,*,#2039,.F.);
#2798=ORIENTED_EDGE('',*,*,#2038,.F.);
#2799=ORIENTED_EDGE('',*,*,#1792,.T.);
#2800=ORIENTED_EDGE('',*,*,#1919,.F.);
#2801=ORIENTED_EDGE('',*,*,#2040,.F.);
#2802=ORIENTED_EDGE('',*,*,#2035,.F.);
#2803=ORIENTED_EDGE('',*,*,#2039,.T.);
#2804=ORIENTED_EDGE('',*,*,#1918,.F.);
#2805=ORIENTED_EDGE('',*,*,#1782,.F.);
#2806=ORIENTED_EDGE('',*,*,#2036,.F.);
#2807=ORIENTED_EDGE('',*,*,#2040,.T.);
#2808=ORIENTED_EDGE('',*,*,#1917,.F.);
#2809=ORIENTED_EDGE('',*,*,#2041,.T.);
#2810=ORIENTED_EDGE('',*,*,#1989,.F.);
#2811=ORIENTED_EDGE('',*,*,#1859,.F.);
#2812=ORIENTED_EDGE('',*,*,#1937,.F.);
#2813=ORIENTED_EDGE('',*,*,#2042,.T.);
#2814=ORIENTED_EDGE('',*,*,#1990,.F.);
#2815=ORIENTED_EDGE('',*,*,#2041,.F.);
#2816=ORIENTED_EDGE('',*,*,#1936,.F.);
#2817=ORIENTED_EDGE('',*,*,#1883,.T.);
#2818=ORIENTED_EDGE('',*,*,#1991,.F.);
#2819=ORIENTED_EDGE('',*,*,#2042,.F.);
#2820=ORIENTED_EDGE('',*,*,#1940,.F.);
#2821=ORIENTED_EDGE('',*,*,#1890,.F.);
#2822=ORIENTED_EDGE('',*,*,#1916,.F.);
#2823=ORIENTED_EDGE('',*,*,#1887,.T.);
#2824=ORIENTED_EDGE('',*,*,#1855,.F.);
#2825=ORIENTED_EDGE('',*,*,#1771,.F.);
#2826=ORIENTED_EDGE('',*,*,#1779,.F.);
#2827=ORIENTED_EDGE('',*,*,#1891,.T.);
#2828=ORIENTED_EDGE('',*,*,#1853,.F.);
#2829=ORIENTED_EDGE('',*,*,#1892,.T.);
#2830=ORIENTED_EDGE('',*,*,#1775,.F.);
#2831=ORIENTED_EDGE('',*,*,#1767,.F.);
#2832=ORIENTED_EDGE('',*,*,#1837,.F.);
#2833=ORIENTED_EDGE('',*,*,#1815,.T.);
#2834=ORIENTED_EDGE('',*,*,#1915,.F.);
#2835=ORIENTED_EDGE('',*,*,#1893,.F.);
#2836=ORIENTED_EDGE('',*,*,#1839,.F.);
#2837=ORIENTED_EDGE('',*,*,#2043,.T.);
#2838=ORIENTED_EDGE('',*,*,#1912,.T.);
#2839=ORIENTED_EDGE('',*,*,#2044,.T.);
#2840=ORIENTED_EDGE('',*,*,#2045,.T.);
#2841=ORIENTED_EDGE('',*,*,#1911,.T.);
#2842=ORIENTED_EDGE('',*,*,#2046,.T.);
#2843=ORIENTED_EDGE('',*,*,#2047,.F.);
#2844=ORIENTED_EDGE('',*,*,#2044,.F.);
#2845=ORIENTED_EDGE('',*,*,#2047,.T.);
#2846=ORIENTED_EDGE('',*,*,#2048,.T.);
#2847=ORIENTED_EDGE('',*,*,#2049,.F.);
#2848=ORIENTED_EDGE('',*,*,#2045,.F.);
#2849=ORIENTED_EDGE('',*,*,#2049,.T.);
#2850=ORIENTED_EDGE('',*,*,#2050,.T.);
#2851=ORIENTED_EDGE('',*,*,#1913,.F.);
#2852=ORIENTED_EDGE('',*,*,#2043,.F.);
#2853=ORIENTED_EDGE('',*,*,#2048,.F.);
#2854=ORIENTED_EDGE('',*,*,#2046,.F.);
#2855=ORIENTED_EDGE('',*,*,#1914,.F.);
#2856=ORIENTED_EDGE('',*,*,#2050,.F.);
#2857=ORIENTED_EDGE('',*,*,#2051,.T.);
#2858=ORIENTED_EDGE('',*,*,#2052,.T.);
#2859=ORIENTED_EDGE('',*,*,#2053,.T.);
#2860=ORIENTED_EDGE('',*,*,#2054,.T.);
#2861=ORIENTED_EDGE('',*,*,#2055,.T.);
#2862=ORIENTED_EDGE('',*,*,#1908,.T.);
#2863=ORIENTED_EDGE('',*,*,#2056,.F.);
#2864=ORIENTED_EDGE('',*,*,#2054,.F.);
#2865=ORIENTED_EDGE('',*,*,#2057,.F.);
#2866=ORIENTED_EDGE('',*,*,#2058,.T.);
#2867=ORIENTED_EDGE('',*,*,#2051,.F.);
#2868=ORIENTED_EDGE('',*,*,#2056,.T.);
#2869=ORIENTED_EDGE('',*,*,#1907,.T.);
#2870=ORIENTED_EDGE('',*,*,#2059,.F.);
#2871=ORIENTED_EDGE('',*,*,#2060,.T.);
#2872=ORIENTED_EDGE('',*,*,#2057,.T.);
#2873=ORIENTED_EDGE('',*,*,#1910,.T.);
#2874=ORIENTED_EDGE('',*,*,#2053,.F.);
#2875=ORIENTED_EDGE('',*,*,#2061,.T.);
#2876=ORIENTED_EDGE('',*,*,#2059,.T.);
#2877=ORIENTED_EDGE('',*,*,#1909,.T.);
#2878=ORIENTED_EDGE('',*,*,#2055,.F.);
#2879=ORIENTED_EDGE('',*,*,#2062,.T.);
#2880=ORIENTED_EDGE('',*,*,#2063,.T.);
#2881=ORIENTED_EDGE('',*,*,#2064,.T.);
#2882=ORIENTED_EDGE('',*,*,#2065,.T.);
#2883=ORIENTED_EDGE('',*,*,#2064,.F.);
#2884=ORIENTED_EDGE('',*,*,#2066,.T.);
#2885=ORIENTED_EDGE('',*,*,#2067,.T.);
#2886=ORIENTED_EDGE('',*,*,#1904,.T.);
#2887=ORIENTED_EDGE('',*,*,#2068,.F.);
#2888=ORIENTED_EDGE('',*,*,#2068,.T.);
#2889=ORIENTED_EDGE('',*,*,#1903,.T.);
#2890=ORIENTED_EDGE('',*,*,#2069,.F.);
#2891=ORIENTED_EDGE('',*,*,#2065,.F.);
#2892=ORIENTED_EDGE('',*,*,#2070,.F.);
#2893=ORIENTED_EDGE('',*,*,#2071,.T.);
#2894=ORIENTED_EDGE('',*,*,#2062,.F.);
#2895=ORIENTED_EDGE('',*,*,#2069,.T.);
#2896=ORIENTED_EDGE('',*,*,#1906,.T.);
#2897=ORIENTED_EDGE('',*,*,#2067,.F.);
#2898=ORIENTED_EDGE('',*,*,#2072,.T.);
#2899=ORIENTED_EDGE('',*,*,#2070,.T.);
#2900=ORIENTED_EDGE('',*,*,#1905,.T.);
#2901=ORIENTED_EDGE('',*,*,#2073,.T.);
#2902=ORIENTED_EDGE('',*,*,#2074,.T.);
#2903=ORIENTED_EDGE('',*,*,#2075,.T.);
#2904=ORIENTED_EDGE('',*,*,#2076,.T.);
#2905=ORIENTED_EDGE('',*,*,#2077,.T.);
#2906=ORIENTED_EDGE('',*,*,#1900,.T.);
#2907=ORIENTED_EDGE('',*,*,#2078,.F.);
#2908=ORIENTED_EDGE('',*,*,#2076,.F.);
#2909=ORIENTED_EDGE('',*,*,#2079,.F.);
#2910=ORIENTED_EDGE('',*,*,#2080,.T.);
#2911=ORIENTED_EDGE('',*,*,#2073,.F.);
#2912=ORIENTED_EDGE('',*,*,#2078,.T.);
#2913=ORIENTED_EDGE('',*,*,#1899,.T.);
#2914=ORIENTED_EDGE('',*,*,#2081,.F.);
#2915=ORIENTED_EDGE('',*,*,#2082,.T.);
#2916=ORIENTED_EDGE('',*,*,#2079,.T.);
#2917=ORIENTED_EDGE('',*,*,#1902,.T.);
#2918=ORIENTED_EDGE('',*,*,#2075,.F.);
#2919=ORIENTED_EDGE('',*,*,#2083,.T.);
#2920=ORIENTED_EDGE('',*,*,#2081,.T.);
#2921=ORIENTED_EDGE('',*,*,#1901,.T.);
#2922=ORIENTED_EDGE('',*,*,#2077,.F.);
#2923=ORIENTED_EDGE('',*,*,#2084,.T.);
#2924=ORIENTED_EDGE('',*,*,#2085,.T.);
#2925=ORIENTED_EDGE('',*,*,#2086,.T.);
#2926=ORIENTED_EDGE('',*,*,#2087,.T.);
#2927=ORIENTED_EDGE('',*,*,#2086,.F.);
#2928=ORIENTED_EDGE('',*,*,#2088,.T.);
#2929=ORIENTED_EDGE('',*,*,#2089,.T.);
#2930=ORIENTED_EDGE('',*,*,#1896,.T.);
#2931=ORIENTED_EDGE('',*,*,#2090,.F.);
#2932=ORIENTED_EDGE('',*,*,#2090,.T.);
#2933=ORIENTED_EDGE('',*,*,#1895,.T.);
#2934=ORIENTED_EDGE('',*,*,#2091,.F.);
#2935=ORIENTED_EDGE('',*,*,#2087,.F.);
#2936=ORIENTED_EDGE('',*,*,#2092,.F.);
#2937=ORIENTED_EDGE('',*,*,#2093,.T.);
#2938=ORIENTED_EDGE('',*,*,#2084,.F.);
#2939=ORIENTED_EDGE('',*,*,#2091,.T.);
#2940=ORIENTED_EDGE('',*,*,#1898,.T.);
#2941=ORIENTED_EDGE('',*,*,#2089,.F.);
#2942=ORIENTED_EDGE('',*,*,#2094,.T.);
#2943=ORIENTED_EDGE('',*,*,#2092,.T.);
#2944=ORIENTED_EDGE('',*,*,#1897,.T.);
#2945=ORIENTED_EDGE('',*,*,#2080,.F.);
#2946=ORIENTED_EDGE('',*,*,#2082,.F.);
#2947=ORIENTED_EDGE('',*,*,#2083,.F.);
#2948=ORIENTED_EDGE('',*,*,#2074,.F.);
#2949=ORIENTED_EDGE('',*,*,#2071,.F.);
#2950=ORIENTED_EDGE('',*,*,#2072,.F.);
#2951=ORIENTED_EDGE('',*,*,#2066,.F.);
#2952=ORIENTED_EDGE('',*,*,#2063,.F.);
#2953=ORIENTED_EDGE('',*,*,#2093,.F.);
#2954=ORIENTED_EDGE('',*,*,#2094,.F.);
#2955=ORIENTED_EDGE('',*,*,#2088,.F.);
#2956=ORIENTED_EDGE('',*,*,#2085,.F.);
#2957=ORIENTED_EDGE('',*,*,#2058,.F.);
#2958=ORIENTED_EDGE('',*,*,#2060,.F.);
#2959=ORIENTED_EDGE('',*,*,#2061,.F.);
#2960=ORIENTED_EDGE('',*,*,#2052,.F.);
#2961=ORIENTED_EDGE('',*,*,#2095,.F.);
#2962=ORIENTED_EDGE('',*,*,#2096,.F.);
#2963=ORIENTED_EDGE('',*,*,#2097,.T.);
#2964=ORIENTED_EDGE('',*,*,#2098,.T.);
#2965=ORIENTED_EDGE('',*,*,#2099,.T.);
#2966=ORIENTED_EDGE('',*,*,#2100,.F.);
#2967=ORIENTED_EDGE('',*,*,#2101,.F.);
#2968=ORIENTED_EDGE('',*,*,#2096,.T.);
#2969=ORIENTED_EDGE('',*,*,#2102,.T.);
#2970=ORIENTED_EDGE('',*,*,#2103,.F.);
#2971=ORIENTED_EDGE('',*,*,#2104,.F.);
#2972=ORIENTED_EDGE('',*,*,#2100,.T.);
#2973=ORIENTED_EDGE('',*,*,#2105,.F.);
#2974=ORIENTED_EDGE('',*,*,#2098,.F.);
#2975=ORIENTED_EDGE('',*,*,#2106,.T.);
#2976=ORIENTED_EDGE('',*,*,#2103,.T.);
#2977=ORIENTED_EDGE('',*,*,#2097,.F.);
#2978=ORIENTED_EDGE('',*,*,#2101,.T.);
#2979=ORIENTED_EDGE('',*,*,#2104,.T.);
#2980=ORIENTED_EDGE('',*,*,#2106,.F.);
#2981=ORIENTED_EDGE('',*,*,#2095,.T.);
#2982=ORIENTED_EDGE('',*,*,#2105,.T.);
#2983=ORIENTED_EDGE('',*,*,#2102,.F.);
#2984=ORIENTED_EDGE('',*,*,#2099,.F.);
#2985=ORIENTED_EDGE('',*,*,#2107,.T.);
#2986=ORIENTED_EDGE('',*,*,#2108,.F.);
#2987=ORIENTED_EDGE('',*,*,#2109,.F.);
#2988=ORIENTED_EDGE('',*,*,#2110,.T.);
#2989=ORIENTED_EDGE('',*,*,#2111,.F.);
#2990=ORIENTED_EDGE('',*,*,#2110,.F.);
#2991=ORIENTED_EDGE('',*,*,#2112,.T.);
#2992=ORIENTED_EDGE('',*,*,#2113,.T.);
#2993=ORIENTED_EDGE('',*,*,#2114,.F.);
#2994=ORIENTED_EDGE('',*,*,#2113,.F.);
#2995=ORIENTED_EDGE('',*,*,#2115,.T.);
#2996=ORIENTED_EDGE('',*,*,#2116,.T.);
#2997=ORIENTED_EDGE('',*,*,#2117,.T.);
#2998=ORIENTED_EDGE('',*,*,#2116,.F.);
#2999=ORIENTED_EDGE('',*,*,#2118,.F.);
#3000=ORIENTED_EDGE('',*,*,#2108,.T.);
#3001=ORIENTED_EDGE('',*,*,#2109,.T.);
#3002=ORIENTED_EDGE('',*,*,#2118,.T.);
#3003=ORIENTED_EDGE('',*,*,#2115,.F.);
#3004=ORIENTED_EDGE('',*,*,#2112,.F.);
#3005=ORIENTED_EDGE('',*,*,#2107,.F.);
#3006=ORIENTED_EDGE('',*,*,#2111,.T.);
#3007=ORIENTED_EDGE('',*,*,#2114,.T.);
#3008=ORIENTED_EDGE('',*,*,#2117,.F.);
#3009=CYLINDRICAL_SURFACE('',#3244,0.0984251968503937);
#3010=CYLINDRICAL_SURFACE('',#3256,0.102362204724409);
#3011=CYLINDRICAL_SURFACE('',#3262,0.0208220187232549);
#3012=CYLINDRICAL_SURFACE('',#3273,0.0895);
#3013=CYLINDRICAL_SURFACE('',#3275,0.0208220187232549);
#3014=CYLINDRICAL_SURFACE('',#3286,0.0895);
#3015=CYLINDRICAL_SURFACE('',#3288,0.0895);
#3016=CYLINDRICAL_SURFACE('',#3300,0.0208220187232549);
#3017=CYLINDRICAL_SURFACE('',#3301,0.0895);
#3018=CYLINDRICAL_SURFACE('',#3313,0.0208220187232549);
#3019=CYLINDRICAL_SURFACE('',#3327,0.045);
#3020=CYLINDRICAL_SURFACE('',#3334,0.045);
#3021=CYLINDRICAL_SURFACE('',#3337,0.045);
#3022=CYLINDRICAL_SURFACE('',#3342,0.0450000000000001);
#3023=CYLINDRICAL_SURFACE('',#3357,0.0196850393700788);
#3024=CYLINDRICAL_SURFACE('',#3359,0.0196850393700788);
#3025=CYLINDRICAL_SURFACE('',#3366,0.02);
#3026=CYLINDRICAL_SURFACE('',#3368,0.02);
#3027=CYLINDRICAL_SURFACE('',#3369,0.02);
#3028=CYLINDRICAL_SURFACE('',#3371,0.02);
#3029=CYLINDRICAL_SURFACE('',#3380,0.0275590551181103);
#3030=CYLINDRICAL_SURFACE('',#3390,0.0275590551181103);
#3031=CYLINDRICAL_SURFACE('',#3405,0.0275590551181103);
#3032=CYLINDRICAL_SURFACE('',#3415,0.0275590551181103);
#3033=CYLINDRICAL_SURFACE('',#3425,0.112204724409449);
#3034=CYLINDRICAL_SURFACE('',#3428,0.112204724409449);
#3035=CYLINDRICAL_SURFACE('',#3465,0.018);
#3036=CYLINDRICAL_SURFACE('',#3473,0.018);
#3037=ADVANCED_FACE('',(#204),#3009,.T.);
#3038=ADVANCED_FACE('',(#205),#61,.F.);
#3039=ADVANCED_FACE('',(#206),#62,.T.);
#3040=ADVANCED_FACE('',(#207),#63,.F.);
#3041=ADVANCED_FACE('',(#208),#36,.T.);
#3042=ADVANCED_FACE('',(#209),#3010,.T.);
#3043=ADVANCED_FACE('',(#210),#64,.T.);
#3044=ADVANCED_FACE('',(#211),#3011,.T.);
#3045=ADVANCED_FACE('',(#212),#65,.F.);
#3046=ADVANCED_FACE('',(#213),#66,.F.);
#3047=ADVANCED_FACE('',(#214),#67,.F.);
#3048=ADVANCED_FACE('',(#215),#68,.F.);
#3049=ADVANCED_FACE('',(#216),#69,.F.);
#3050=ADVANCED_FACE('',(#217),#70,.F.);
#3051=ADVANCED_FACE('',(#218),#3012,.F.);
#3052=ADVANCED_FACE('',(#219),#71,.F.);
#3053=ADVANCED_FACE('',(#220),#3013,.T.);
#3054=ADVANCED_FACE('',(#221),#72,.F.);
#3055=ADVANCED_FACE('',(#222),#73,.F.);
#3056=ADVANCED_FACE('',(#223),#74,.F.);
#3057=ADVANCED_FACE('',(#224),#75,.F.);
#3058=ADVANCED_FACE('',(#225),#76,.T.);
#3059=ADVANCED_FACE('',(#226),#77,.F.);
#3060=ADVANCED_FACE('',(#227),#3014,.F.);
#3061=ADVANCED_FACE('',(#228),#78,.F.);
#3062=ADVANCED_FACE('',(#229),#3015,.F.);
#3063=ADVANCED_FACE('',(#230),#79,.F.);
#3064=ADVANCED_FACE('',(#231),#80,.F.);
#3065=ADVANCED_FACE('',(#232),#81,.F.);
#3066=ADVANCED_FACE('',(#233),#82,.F.);
#3067=ADVANCED_FACE('',(#234),#83,.F.);
#3068=ADVANCED_FACE('',(#235),#84,.F.);
#3069=ADVANCED_FACE('',(#236),#85,.F.);
#3070=ADVANCED_FACE('',(#237),#3016,.T.);
#3071=ADVANCED_FACE('',(#238),#3017,.F.);
#3072=ADVANCED_FACE('',(#239),#86,.T.);
#3073=ADVANCED_FACE('',(#240),#87,.F.);
#3074=ADVANCED_FACE('',(#241),#88,.F.);
#3075=ADVANCED_FACE('',(#242),#89,.F.);
#3076=ADVANCED_FACE('',(#243),#90,.F.);
#3077=ADVANCED_FACE('',(#244),#91,.F.);
#3078=ADVANCED_FACE('',(#245),#92,.F.);
#3079=ADVANCED_FACE('',(#246),#3018,.T.);
#3080=ADVANCED_FACE('',(#247),#93,.T.);
#3081=ADVANCED_FACE('',(#248),#94,.T.);
#3082=ADVANCED_FACE('',(#249),#95,.F.);
#3083=ADVANCED_FACE('',(#250),#96,.F.);
#3084=ADVANCED_FACE('',(#251),#97,.F.);
#3085=ADVANCED_FACE('',(#252),#98,.T.);
#3086=ADVANCED_FACE('',(#253),#3019,.T.);
#3087=ADVANCED_FACE('',(#254),#99,.F.);
#3088=ADVANCED_FACE('',(#255),#3020,.T.);
#3089=ADVANCED_FACE('',(#256),#100,.F.);
#3090=ADVANCED_FACE('',(#257),#3021,.T.);
#3091=ADVANCED_FACE('',(#258),#101,.F.);
#3092=ADVANCED_FACE('',(#259),#3022,.T.);
#3093=ADVANCED_FACE('',(#260),#102,.F.);
#3094=ADVANCED_FACE('',(#261),#103,.F.);
#3095=ADVANCED_FACE('',(#262),#104,.T.);
#3096=ADVANCED_FACE('',(#263,#15,#16,#17,#18,#19),#105,.F.);
#3097=ADVANCED_FACE('',(#264),#106,.F.);
#3098=ADVANCED_FACE('',(#265),#107,.F.);
#3099=ADVANCED_FACE('',(#266),#108,.F.);
#3100=ADVANCED_FACE('',(#267),#109,.F.);
#3101=ADVANCED_FACE('',(#268),#3023,.F.);
#3102=ADVANCED_FACE('',(#269),#110,.F.);
#3103=ADVANCED_FACE('',(#270),#3024,.F.);
#3104=ADVANCED_FACE('',(#271),#111,.F.);
#3105=ADVANCED_FACE('',(#272),#112,.F.);
#3106=ADVANCED_FACE('',(#273),#113,.F.);
#3107=ADVANCED_FACE('',(#274),#114,.F.);
#3108=ADVANCED_FACE('',(#275),#3025,.F.);
#3109=ADVANCED_FACE('',(#276),#3026,.F.);
#3110=ADVANCED_FACE('',(#277),#3027,.F.);
#3111=ADVANCED_FACE('',(#278),#3028,.F.);
#3112=ADVANCED_FACE('',(#279),#115,.F.);
#3113=ADVANCED_FACE('',(#280),#116,.F.);
#3114=ADVANCED_FACE('',(#281),#117,.F.);
#3115=ADVANCED_FACE('',(#282),#118,.F.);
#3116=ADVANCED_FACE('',(#283),#119,.F.);
#3117=ADVANCED_FACE('',(#284),#120,.F.);
#3118=ADVANCED_FACE('',(#285),#3029,.F.);
#3119=ADVANCED_FACE('',(#286),#121,.F.);
#3120=ADVANCED_FACE('',(#287),#122,.F.);
#3121=ADVANCED_FACE('',(#288),#123,.F.);
#3122=ADVANCED_FACE('',(#289),#124,.F.);
#3123=ADVANCED_FACE('',(#290),#125,.F.);
#3124=ADVANCED_FACE('',(#291),#126,.F.);
#3125=ADVANCED_FACE('',(#292),#127,.F.);
#3126=ADVANCED_FACE('',(#293),#128,.F.);
#3127=ADVANCED_FACE('',(#294),#129,.F.);
#3128=ADVANCED_FACE('',(#295),#3030,.F.);
#3129=ADVANCED_FACE('',(#296),#130,.F.);
#3130=ADVANCED_FACE('',(#297),#131,.F.);
#3131=ADVANCED_FACE('',(#298),#132,.F.);
#3132=ADVANCED_FACE('',(#299),#133,.F.);
#3133=ADVANCED_FACE('',(#300),#134,.F.);
#3134=ADVANCED_FACE('',(#301),#135,.F.);
#3135=ADVANCED_FACE('',(#302),#136,.F.);
#3136=ADVANCED_FACE('',(#303),#137,.F.);
#3137=ADVANCED_FACE('',(#304),#138,.F.);
#3138=ADVANCED_FACE('',(#305),#139,.F.);
#3139=ADVANCED_FACE('',(#306),#140,.F.);
#3140=ADVANCED_FACE('',(#307),#3031,.F.);
#3141=ADVANCED_FACE('',(#308),#141,.F.);
#3142=ADVANCED_FACE('',(#309),#142,.F.);
#3143=ADVANCED_FACE('',(#310),#143,.F.);
#3144=ADVANCED_FACE('',(#311),#144,.F.);
#3145=ADVANCED_FACE('',(#312),#145,.F.);
#3146=ADVANCED_FACE('',(#313),#146,.F.);
#3147=ADVANCED_FACE('',(#314),#147,.F.);
#3148=ADVANCED_FACE('',(#315),#148,.F.);
#3149=ADVANCED_FACE('',(#316),#149,.F.);
#3150=ADVANCED_FACE('',(#317),#3032,.F.);
#3151=ADVANCED_FACE('',(#318),#150,.F.);
#3152=ADVANCED_FACE('',(#319),#151,.F.);
#3153=ADVANCED_FACE('',(#320),#152,.F.);
#3154=ADVANCED_FACE('',(#321),#153,.F.);
#3155=ADVANCED_FACE('',(#322),#154,.F.);
#3156=ADVANCED_FACE('',(#323),#155,.F.);
#3157=ADVANCED_FACE('',(#324),#156,.F.);
#3158=ADVANCED_FACE('',(#325),#157,.F.);
#3159=ADVANCED_FACE('',(#326),#3033,.F.);
#3160=ADVANCED_FACE('',(#327),#158,.F.);
#3161=ADVANCED_FACE('',(#328),#159,.F.);
#3162=ADVANCED_FACE('',(#329),#3034,.F.);
#3163=ADVANCED_FACE('',(#330),#160,.F.);
#3164=ADVANCED_FACE('',(#331),#161,.F.);
#3165=ADVANCED_FACE('',(#332),#162,.F.);
#3166=ADVANCED_FACE('',(#333),#163,.F.);
#3167=ADVANCED_FACE('',(#334),#164,.F.);
#3168=ADVANCED_FACE('',(#335),#165,.F.);
#3169=ADVANCED_FACE('',(#336),#166,.F.);
#3170=ADVANCED_FACE('',(#337),#167,.F.);
#3171=ADVANCED_FACE('',(#338),#168,.F.);
#3172=ADVANCED_FACE('',(#339),#169,.F.);
#3173=ADVANCED_FACE('',(#340),#170,.F.);
#3174=ADVANCED_FACE('',(#341),#171,.F.);
#3175=ADVANCED_FACE('',(#342),#172,.F.);
#3176=ADVANCED_FACE('',(#343),#173,.F.);
#3177=ADVANCED_FACE('',(#344),#174,.F.);
#3178=ADVANCED_FACE('',(#345),#175,.F.);
#3179=ADVANCED_FACE('',(#346),#176,.F.);
#3180=ADVANCED_FACE('',(#347),#177,.F.);
#3181=ADVANCED_FACE('',(#348),#178,.F.);
#3182=ADVANCED_FACE('',(#349),#179,.F.);
#3183=ADVANCED_FACE('',(#350),#180,.F.);
#3184=ADVANCED_FACE('',(#351),#181,.F.);
#3185=ADVANCED_FACE('',(#352),#182,.F.);
#3186=ADVANCED_FACE('',(#353),#183,.F.);
#3187=ADVANCED_FACE('',(#354),#184,.F.);
#3188=ADVANCED_FACE('',(#355),#185,.F.);
#3189=ADVANCED_FACE('',(#356),#186,.F.);
#3190=ADVANCED_FACE('',(#357),#187,.F.);
#3191=ADVANCED_FACE('',(#358),#188,.F.);
#3192=ADVANCED_FACE('',(#359),#189,.F.);
#3193=ADVANCED_FACE('',(#360),#190,.T.);
#3194=ADVANCED_FACE('',(#361),#191,.T.);
#3195=ADVANCED_FACE('',(#362),#192,.T.);
#3196=ADVANCED_FACE('',(#363),#193,.T.);
#3197=ADVANCED_FACE('',(#364),#194,.T.);
#3198=ADVANCED_FACE('',(#365),#195,.F.);
#3199=ADVANCED_FACE('',(#366),#3035,.T.);
#3200=ADVANCED_FACE('',(#367),#196,.T.);
#3201=ADVANCED_FACE('',(#368),#197,.T.);
#3202=ADVANCED_FACE('',(#369),#198,.F.);
#3203=ADVANCED_FACE('',(#370),#199,.T.);
#3204=ADVANCED_FACE('',(#371),#200,.F.);
#3205=ADVANCED_FACE('',(#372),#3036,.T.);
#3206=ADVANCED_FACE('',(#373),#201,.T.);
#3207=ADVANCED_FACE('',(#374),#202,.T.);
#3208=ADVANCED_FACE('',(#375),#203,.F.);
#3209=CLOSED_SHELL('',(#3037,#3038,#3039));
#3210=CLOSED_SHELL('',(#3040,#3041,#3042,#3043));
#3211=CLOSED_SHELL('',(#3044,#3045,#3046,#3047,#3048,#3049,#3050,#3051,
#3052));
#3212=CLOSED_SHELL('',(#3053,#3054,#3055,#3056,#3057,#3058,#3059,#3060,
#3061));
#3213=CLOSED_SHELL('',(#3062,#3063,#3064,#3065,#3066,#3067,#3068,#3069,
#3070));
#3214=CLOSED_SHELL('',(#3071,#3072,#3073,#3074,#3075,#3076,#3077,#3078,
#3079));
#3215=CLOSED_SHELL('',(#3080,#3081,#3082,#3083,#3084,#3085,#3086,#3087,
#3088,#3089,#3090,#3091,#3092,#3093,#3094,#3095,#3096,#3097,#3098,#3099,
#3100,#3101,#3102,#3103,#3104,#3105,#3106,#3107,#3108,#3109,#3110,#3111,
#3112,#3113,#3114,#3115,#3116,#3117,#3118,#3119,#3120,#3121,#3122,#3123,
#3124,#3125,#3126,#3127,#3128,#3129,#3130,#3131,#3132,#3133,#3134,#3135,
#3136,#3137,#3138,#3139,#3140,#3141,#3142,#3143,#3144,#3145,#3146,#3147,
#3148,#3149,#3150,#3151,#3152,#3153,#3154,#3155,#3156,#3157,#3158,#3159,
#3160,#3161,#3162,#3163,#3164,#3165,#3166,#3167,#3168,#3169,#3170,#3171,
#3172,#3173,#3174,#3175,#3176,#3177,#3178,#3179,#3180,#3181,#3182,#3183,
#3184,#3185,#3186,#3187,#3188,#3189,#3190,#3191,#3192,#3193,#3194,#3195,
#3196));
#3216=CLOSED_SHELL('',(#3197,#3198,#3199,#3200,#3201,#3202));
#3217=CLOSED_SHELL('',(#3203,#3204,#3205,#3206,#3207,#3208));
#3218=DERIVED_UNIT_ELEMENT(#3222,1.);
#3219=DERIVED_UNIT_ELEMENT(#5296,-3.);
#3220=DERIVED_UNIT_ELEMENT(#3222,1.);
#3221=DERIVED_UNIT_ELEMENT(#5296,-3.);
#3222=(
MASS_UNIT()
NAMED_UNIT(*)
SI_UNIT(.KILO.,.GRAM.)
);
#3223=DERIVED_UNIT((#3218,#3219));
#3224=DERIVED_UNIT((#3220,#3221));
#3225=MEASURE_REPRESENTATION_ITEM('density measure',
POSITIVE_RATIO_MEASURE(7850.),#3223);
#3226=MEASURE_REPRESENTATION_ITEM('density measure',
POSITIVE_RATIO_MEASURE(7850.),#3224);
#3227=PROPERTY_DEFINITION_REPRESENTATION(#3237,#3231);
#3228=PROPERTY_DEFINITION_REPRESENTATION(#3238,#3232);
#3229=PROPERTY_DEFINITION_REPRESENTATION(#3239,#3233);
#3230=PROPERTY_DEFINITION_REPRESENTATION(#3240,#3234);
#3231=REPRESENTATION('material name',(#3235),#5290);
#3232=REPRESENTATION('density',(#3225),#5290);
#3233=REPRESENTATION('material name',(#3236),#5291);
#3234=REPRESENTATION('density',(#3226),#5291);
#3235=DESCRIPTIVE_REPRESENTATION_ITEM('A\X\E7o','A\X\E7o');
#3236=DESCRIPTIVE_REPRESENTATION_ITEM('A\X\E7o','A\X\E7o');
#3237=PROPERTY_DEFINITION('material property','material name',#5319);
#3238=PROPERTY_DEFINITION('material property','density of part',#5319);
#3239=PROPERTY_DEFINITION('material property','material name',#5320);
#3240=PROPERTY_DEFINITION('material property','density of part',#5320);
#3241=AXIS2_PLACEMENT_3D('',#4342,#3480,#3481);
#3242=AXIS2_PLACEMENT_3D('',#4343,#3482,#3483);
#3243=AXIS2_PLACEMENT_3D('',#4344,#3484,#3485);
#3244=AXIS2_PLACEMENT_3D('',#4345,#3486,#3487);
#3245=AXIS2_PLACEMENT_3D('',#4347,#3488,#3489);
#3246=AXIS2_PLACEMENT_3D('',#4350,#3491,#3492);
#3247=AXIS2_PLACEMENT_3D('',#4351,#3493,#3494);
#3248=AXIS2_PLACEMENT_3D('',#4352,#3495,#3496);
#3249=AXIS2_PLACEMENT_3D('',#4353,#3497,#3498);
#3250=AXIS2_PLACEMENT_3D('',#4354,#3499,#3500);
#3251=AXIS2_PLACEMENT_3D('',#4356,#3501,#3502);
#3252=AXIS2_PLACEMENT_3D('',#4357,#3503,#3504);
#3253=AXIS2_PLACEMENT_3D('',#4360,#3505,#3506);
#3254=AXIS2_PLACEMENT_3D('',#4361,#3507,#3508);
#3255=AXIS2_PLACEMENT_3D('',#4362,#3509,#3510);
#3256=AXIS2_PLACEMENT_3D('',#4363,#3511,#3512);
#3257=AXIS2_PLACEMENT_3D('',#4365,#3513,#3514);
#3258=AXIS2_PLACEMENT_3D('',#4367,#3516,#3517);
#3259=AXIS2_PLACEMENT_3D('',#4368,#3518,#3519);
#3260=AXIS2_PLACEMENT_3D('',#4369,#3520,#3521);
#3261=AXIS2_PLACEMENT_3D('',#4370,#3522,#3523);
#3262=AXIS2_PLACEMENT_3D('',#4371,#3524,#3525);
#3263=AXIS2_PLACEMENT_3D('',#4374,#3526,#3527);
#3264=AXIS2_PLACEMENT_3D('',#4378,#3529,#3530);
#3265=AXIS2_PLACEMENT_3D('',#4380,#3532,#3533);
#3266=AXIS2_PLACEMENT_3D('',#4389,#3538,#3539);
#3267=AXIS2_PLACEMENT_3D('',#4392,#3542,#3543);
#3268=AXIS2_PLACEMENT_3D('',#4395,#3544,#3545);
#3269=AXIS2_PLACEMENT_3D('',#4400,#3549,#3550);
#3270=AXIS2_PLACEMENT_3D('',#4406,#3553,#3554);
#3271=AXIS2_PLACEMENT_3D('',#4408,#3556,#3557);
#3272=AXIS2_PLACEMENT_3D('',#4410,#3559,#3560);
#3273=AXIS2_PLACEMENT_3D('',#4412,#3562,#3563);
#3274=AXIS2_PLACEMENT_3D('',#4414,#3565,#3566);
#3275=AXIS2_PLACEMENT_3D('',#4415,#3567,#3568);
#3276=AXIS2_PLACEMENT_3D('',#4418,#3569,#3570);
#3277=AXIS2_PLACEMENT_3D('',#4422,#3572,#3573);
#3278=AXIS2_PLACEMENT_3D('',#4424,#3575,#3576);
#3279=AXIS2_PLACEMENT_3D('',#4433,#3581,#3582);
#3280=AXIS2_PLACEMENT_3D('',#4436,#3585,#3586);
#3281=AXIS2_PLACEMENT_3D('',#4439,#3587,#3588);
#3282=AXIS2_PLACEMENT_3D('',#4444,#3592,#3593);
#3283=AXIS2_PLACEMENT_3D('',#4450,#3596,#3597);
#3284=AXIS2_PLACEMENT_3D('',#4452,#3599,#3600);
#3285=AXIS2_PLACEMENT_3D('',#4454,#3602,#3603);
#3286=AXIS2_PLACEMENT_3D('',#4456,#3605,#3606);
#3287=AXIS2_PLACEMENT_3D('',#4458,#3608,#3609);
#3288=AXIS2_PLACEMENT_3D('',#4459,#3610,#3611);
#3289=AXIS2_PLACEMENT_3D('',#4462,#3612,#3613);
#3290=AXIS2_PLACEMENT_3D('',#4466,#3615,#3616);
#3291=AXIS2_PLACEMENT_3D('',#4468,#3618,#3619);
#3292=AXIS2_PLACEMENT_3D('',#4477,#3624,#3625);
#3293=AXIS2_PLACEMENT_3D('',#4482,#3627,#3628);
#3294=AXIS2_PLACEMENT_3D('',#4486,#3632,#3633);
#3295=AXIS2_PLACEMENT_3D('',#4490,#3635,#3636);
#3296=AXIS2_PLACEMENT_3D('',#4495,#3640,#3641);
#3297=AXIS2_PLACEMENT_3D('',#4498,#3644,#3645);
#3298=AXIS2_PLACEMENT_3D('',#4499,#3646,#3647);
#3299=AXIS2_PLACEMENT_3D('',#4501,#3649,#3650);
#3300=AXIS2_PLACEMENT_3D('',#4502,#3651,#3652);
#3301=AXIS2_PLACEMENT_3D('',#4503,#3653,#3654);
#3302=AXIS2_PLACEMENT_3D('',#4506,#3655,#3656);
#3303=AXIS2_PLACEMENT_3D('',#4510,#3658,#3659);
#3304=AXIS2_PLACEMENT_3D('',#4512,#3661,#3662);
#3305=AXIS2_PLACEMENT_3D('',#4521,#3667,#3668);
#3306=AXIS2_PLACEMENT_3D('',#4526,#3670,#3671);
#3307=AXIS2_PLACEMENT_3D('',#4530,#3675,#3676);
#3308=AXIS2_PLACEMENT_3D('',#4534,#3678,#3679);
#3309=AXIS2_PLACEMENT_3D('',#4539,#3683,#3684);
#3310=AXIS2_PLACEMENT_3D('',#4542,#3687,#3688);
#3311=AXIS2_PLACEMENT_3D('',#4543,#3689,#3690);
#3312=AXIS2_PLACEMENT_3D('',#4545,#3692,#3693);
#3313=AXIS2_PLACEMENT_3D('',#4546,#3694,#3695);
#3314=AXIS2_PLACEMENT_3D('',#4547,#3696,#3697);
#3315=AXIS2_PLACEMENT_3D('',#4554,#3700,#3701);
#3316=AXIS2_PLACEMENT_3D('',#4556,#3703,#3704);
#3317=AXIS2_PLACEMENT_3D('',#4563,#3707,#3708);
#3318=AXIS2_PLACEMENT_3D('',#4565,#3710,#3711);
#3319=AXIS2_PLACEMENT_3D('',#4571,#3715,#3716);
#3320=AXIS2_PLACEMENT_3D('',#4577,#3720,#3721);
#3321=AXIS2_PLACEMENT_3D('',#4592,#3728,#3729);
#3322=AXIS2_PLACEMENT_3D('',#4596,#3731,#3732);
#3323=AXIS2_PLACEMENT_3D('',#4616,#3742,#3743);
#3324=AXIS2_PLACEMENT_3D('',#4636,#3753,#3754);
#3325=AXIS2_PLACEMENT_3D('',#4646,#3760,#3761);
#3326=AXIS2_PLACEMENT_3D('',#4653,#3764,#3765);
#3327=AXIS2_PLACEMENT_3D('',#4655,#3767,#3768);
#3328=AXIS2_PLACEMENT_3D('',#4660,#3770,#3771);
#3329=AXIS2_PLACEMENT_3D('',#4664,#3773,#3774);
#3330=AXIS2_PLACEMENT_3D('',#4667,#3776,#3777);
#3331=AXIS2_PLACEMENT_3D('',#4668,#3778,#3779);
#3332=AXIS2_PLACEMENT_3D('',#4672,#3781,#3782);
#3333=AXIS2_PLACEMENT_3D('',#4676,#3784,#3785);
#3334=AXIS2_PLACEMENT_3D('',#4683,#3790,#3791);
#3335=AXIS2_PLACEMENT_3D('',#4685,#3792,#3793);
#3336=AXIS2_PLACEMENT_3D('',#4688,#3796,#3797);
#3337=AXIS2_PLACEMENT_3D('',#4695,#3802,#3803);
#3338=AXIS2_PLACEMENT_3D('',#4697,#3804,#3805);
#3339=AXIS2_PLACEMENT_3D('',#4699,#3807,#3808);
#3340=AXIS2_PLACEMENT_3D('',#4704,#3810,#3811);
#3341=AXIS2_PLACEMENT_3D('',#4714,#3817,#3818);
#3342=AXIS2_PLACEMENT_3D('',#4715,#3819,#3820);
#3343=AXIS2_PLACEMENT_3D('',#4716,#3821,#3822);
#3344=AXIS2_PLACEMENT_3D('',#4719,#3824,#3825);
#3345=AXIS2_PLACEMENT_3D('',#4720,#3826,#3827);
#3346=AXIS2_PLACEMENT_3D('',#4729,#3833,#3834);
#3347=AXIS2_PLACEMENT_3D('',#4747,#3843,#3844);
#3348=AXIS2_PLACEMENT_3D('',#4767,#3854,#3855);
#3349=AXIS2_PLACEMENT_3D('',#4787,#3866,#3867);
#3350=AXIS2_PLACEMENT_3D('',#4791,#3870,#3871);
#3351=AXIS2_PLACEMENT_3D('',#4840,#3898,#3899);
#3352=AXIS2_PLACEMENT_3D('',#4842,#3901,#3902);
#3353=AXIS2_PLACEMENT_3D('',#4844,#3904,#3905);
#3354=AXIS2_PLACEMENT_3D('',#4848,#3907,#3908);
#3355=AXIS2_PLACEMENT_3D('',#4853,#3912,#3913);
#3356=AXIS2_PLACEMENT_3D('',#4857,#3915,#3916);
#3357=AXIS2_PLACEMENT_3D('',#4859,#3918,#3919);
#3358=AXIS2_PLACEMENT_3D('',#4872,#3921,#3922);
#3359=AXIS2_PLACEMENT_3D('',#4881,#3928,#3929);
#3360=AXIS2_PLACEMENT_3D('',#4896,#3931,#3932);
#3361=AXIS2_PLACEMENT_3D('',#4899,#3934,#3935);
#3362=AXIS2_PLACEMENT_3D('',#4900,#3936,#3937);
#3363=AXIS2_PLACEMENT_3D('',#4903,#3938,#3939);
#3364=AXIS2_PLACEMENT_3D('',#4909,#3944,#3945);
#3365=AXIS2_PLACEMENT_3D('',#4911,#3947,#3948);
#3366=AXIS2_PLACEMENT_3D('',#4913,#3950,#3951);
#3367=AXIS2_PLACEMENT_3D('',#4914,#3952,#3953);
#3368=AXIS2_PLACEMENT_3D('',#4915,#3954,#3955);
#3369=AXIS2_PLACEMENT_3D('',#4916,#3956,#3957);
#3370=AXIS2_PLACEMENT_3D('',#4917,#3958,#3959);
#3371=AXIS2_PLACEMENT_3D('',#4918,#3960,#3961);
#3372=AXIS2_PLACEMENT_3D('',#4919,#3962,#3963);
#3373=AXIS2_PLACEMENT_3D('',#4934,#3970,#3971);
#3374=AXIS2_PLACEMENT_3D('',#4954,#3981,#3982);
#3375=AXIS2_PLACEMENT_3D('',#4964,#3988,#3989);
#3376=AXIS2_PLACEMENT_3D('',#4967,#3992,#3993);
#3377=AXIS2_PLACEMENT_3D('',#4969,#3995,#3996);
#3378=AXIS2_PLACEMENT_3D('',#4971,#3998,#3999);
#3379=AXIS2_PLACEMENT_3D('',#4973,#4001,#4002);
#3380=AXIS2_PLACEMENT_3D('',#4975,#4004,#4005);
#3381=AXIS2_PLACEMENT_3D('',#4977,#4007,#4008);
#3382=AXIS2_PLACEMENT_3D('',#4979,#4010,#4011);
#3383=AXIS2_PLACEMENT_3D('',#4981,#4013,#4014);
#3384=AXIS2_PLACEMENT_3D('',#4983,#4016,#4017);
#3385=AXIS2_PLACEMENT_3D('',#4985,#4019,#4020);
#3386=AXIS2_PLACEMENT_3D('',#4987,#4022,#4023);
#3387=AXIS2_PLACEMENT_3D('',#4989,#4025,#4026);
#3388=AXIS2_PLACEMENT_3D('',#4991,#4028,#4029);
#3389=AXIS2_PLACEMENT_3D('',#4993,#4031,#4032);
#3390=AXIS2_PLACEMENT_3D('',#4995,#4034,#4035);
#3391=AXIS2_PLACEMENT_3D('',#4997,#4037,#4038);
#3392=AXIS2_PLACEMENT_3D('',#4999,#4040,#4041);
#3393=AXIS2_PLACEMENT_3D('',#5001,#4043,#4044);
#3394=AXIS2_PLACEMENT_3D('',#5003,#4046,#4047);
#3395=AXIS2_PLACEMENT_3D('',#5005,#4049,#4050);
#3396=AXIS2_PLACEMENT_3D('',#5007,#4052,#4053);
#3397=AXIS2_PLACEMENT_3D('',#5011,#4055,#4056);
#3398=AXIS2_PLACEMENT_3D('',#5013,#4058,#4059);
#3399=AXIS2_PLACEMENT_3D('',#5026,#4065,#4066);
#3400=AXIS2_PLACEMENT_3D('',#5046,#4076,#4077);
#3401=AXIS2_PLACEMENT_3D('',#5058,#4084,#4085);
#3402=AXIS2_PLACEMENT_3D('',#5061,#4088,#4089);
#3403=AXIS2_PLACEMENT_3D('',#5063,#4091,#4092);
#3404=AXIS2_PLACEMENT_3D('',#5065,#4094,#4095);
#3405=AXIS2_PLACEMENT_3D('',#5067,#4097,#4098);
#3406=AXIS2_PLACEMENT_3D('',#5069,#4100,#4101);
#3407=AXIS2_PLACEMENT_3D('',#5071,#4103,#4104);
#3408=AXIS2_PLACEMENT_3D('',#5073,#4106,#4107);
#3409=AXIS2_PLACEMENT_3D('',#5075,#4109,#4110);
#3410=AXIS2_PLACEMENT_3D('',#5077,#4112,#4113);
#3411=AXIS2_PLACEMENT_3D('',#5079,#4115,#4116);
#3412=AXIS2_PLACEMENT_3D('',#5081,#4118,#4119);
#3413=AXIS2_PLACEMENT_3D('',#5083,#4121,#4122);
#3414=AXIS2_PLACEMENT_3D('',#5085,#4124,#4125);
#3415=AXIS2_PLACEMENT_3D('',#5087,#4127,#4128);
#3416=AXIS2_PLACEMENT_3D('',#5089,#4130,#4131);
#3417=AXIS2_PLACEMENT_3D('',#5091,#4133,#4134);
#3418=AXIS2_PLACEMENT_3D('',#5093,#4136,#4137);
#3419=AXIS2_PLACEMENT_3D('',#5095,#4139,#4140);
#3420=AXIS2_PLACEMENT_3D('',#5097,#4142,#4143);
#3421=AXIS2_PLACEMENT_3D('',#5099,#4145,#4146);
#3422=AXIS2_PLACEMENT_3D('',#5102,#4147,#4148);
#3423=AXIS2_PLACEMENT_3D('',#5106,#4152,#4153);
#3424=AXIS2_PLACEMENT_3D('',#5107,#4154,#4155);
#3425=AXIS2_PLACEMENT_3D('',#5109,#4157,#4158);
#3426=AXIS2_PLACEMENT_3D('',#5111,#4160,#4161);
#3427=AXIS2_PLACEMENT_3D('',#5112,#4162,#4163);
#3428=AXIS2_PLACEMENT_3D('',#5114,#4165,#4166);
#3429=AXIS2_PLACEMENT_3D('',#5116,#4168,#4169);
#3430=AXIS2_PLACEMENT_3D('',#5117,#4170,#4171);
#3431=AXIS2_PLACEMENT_3D('',#5118,#4172,#4173);
#3432=AXIS2_PLACEMENT_3D('',#5119,#4174,#4175);
#3433=AXIS2_PLACEMENT_3D('',#5120,#4176,#4177);
#3434=AXIS2_PLACEMENT_3D('',#5121,#4178,#4179);
#3435=AXIS2_PLACEMENT_3D('',#5127,#4183,#4184);
#3436=AXIS2_PLACEMENT_3D('',#5131,#4187,#4188);
#3437=AXIS2_PLACEMENT_3D('',#5135,#4191,#4192);
#3438=AXIS2_PLACEMENT_3D('',#5137,#4194,#4195);
#3439=AXIS2_PLACEMENT_3D('',#5138,#4196,#4197);
#3440=AXIS2_PLACEMENT_3D('',#5147,#4202,#4203);
#3441=AXIS2_PLACEMENT_3D('',#5150,#4206,#4207);
#3442=AXIS2_PLACEMENT_3D('',#5154,#4210,#4211);
#3443=AXIS2_PLACEMENT_3D('',#5158,#4214,#4215);
#3444=AXIS2_PLACEMENT_3D('',#5160,#4217,#4218);
#3445=AXIS2_PLACEMENT_3D('',#5169,#4223,#4224);
#3446=AXIS2_PLACEMENT_3D('',#5174,#4228,#4229);
#3447=AXIS2_PLACEMENT_3D('',#5176,#4231,#4232);
#3448=AXIS2_PLACEMENT_3D('',#5180,#4235,#4236);
#3449=AXIS2_PLACEMENT_3D('',#5182,#4238,#4239);
#3450=AXIS2_PLACEMENT_3D('',#5191,#4244,#4245);
#3451=AXIS2_PLACEMENT_3D('',#5194,#4248,#4249);
#3452=AXIS2_PLACEMENT_3D('',#5198,#4252,#4253);
#3453=AXIS2_PLACEMENT_3D('',#5202,#4256,#4257);
#3454=AXIS2_PLACEMENT_3D('',#5204,#4259,#4260);
#3455=AXIS2_PLACEMENT_3D('',#5213,#4265,#4266);
#3456=AXIS2_PLACEMENT_3D('',#5218,#4270,#4271);
#3457=AXIS2_PLACEMENT_3D('',#5220,#4273,#4274);
#3458=AXIS2_PLACEMENT_3D('',#5224,#4277,#4278);
#3459=AXIS2_PLACEMENT_3D('',#5226,#4280,#4281);
#3460=AXIS2_PLACEMENT_3D('',#5227,#4282,#4283);
#3461=AXIS2_PLACEMENT_3D('',#5228,#4284,#4285);
#3462=AXIS2_PLACEMENT_3D('',#5229,#4286,#4287);
#3463=AXIS2_PLACEMENT_3D('',#5230,#4288,#4289);
#3464=AXIS2_PLACEMENT_3D('',#5239,#4294,#4295);
#3465=AXIS2_PLACEMENT_3D('',#5245,#4299,#4300);
#3466=AXIS2_PLACEMENT_3D('',#5247,#4301,#4302);
#3467=AXIS2_PLACEMENT_3D('',#5250,#4304,#4305);
#3468=AXIS2_PLACEMENT_3D('',#5251,#4306,#4307);
#3469=AXIS2_PLACEMENT_3D('',#5254,#4310,#4311);
#3470=AXIS2_PLACEMENT_3D('',#5255,#4312,#4313);
#3471=AXIS2_PLACEMENT_3D('',#5256,#4314,#4315);
#3472=AXIS2_PLACEMENT_3D('',#5265,#4320,#4321);
#3473=AXIS2_PLACEMENT_3D('',#5271,#4325,#4326);
#3474=AXIS2_PLACEMENT_3D('',#5273,#4327,#4328);
#3475=AXIS2_PLACEMENT_3D('',#5275,#4329,#4330);
#3476=AXIS2_PLACEMENT_3D('',#5277,#4332,#4333);
#3477=AXIS2_PLACEMENT_3D('',#5280,#4336,#4337);
#3478=AXIS2_PLACEMENT_3D('',#5281,#4338,#4339);
#3479=AXIS2_PLACEMENT_3D('',#5282,#4340,#4341);
#3480=DIRECTION('axis',(0.,0.,1.));
#3481=DIRECTION('refdir',(1.,0.,0.));
#3482=DIRECTION('axis',(0.,0.,1.));
#3483=DIRECTION('refdir',(1.,0.,0.));
#3484=DIRECTION('axis',(0.,0.,1.));
#3485=DIRECTION('refdir',(1.,0.,0.));
#3486=DIRECTION('center_axis',(0.,0.,-1.));
#3487=DIRECTION('ref_axis',(1.,0.,0.));
#3488=DIRECTION('center_axis',(0.,0.,1.));
#3489=DIRECTION('ref_axis',(1.,0.,0.));
#3490=DIRECTION('',(0.,0.,1.));
#3491=DIRECTION('center_axis',(0.,0.,1.));
#3492=DIRECTION('ref_axis',(1.,0.,0.));
#3493=DIRECTION('center_axis',(0.,0.,1.));
#3494=DIRECTION('ref_axis',(1.,0.,0.));
#3495=DIRECTION('center_axis',(0.,0.,1.));
#3496=DIRECTION('ref_axis',(1.,0.,0.));
#3497=DIRECTION('axis',(0.,0.,1.));
#3498=DIRECTION('refdir',(1.,0.,0.));
#3499=DIRECTION('center_axis',(0.,0.,1.));
#3500=DIRECTION('ref_axis',(0.,-1.,0.));
#3501=DIRECTION('center_axis',(0.,0.,-1.));
#3502=DIRECTION('ref_axis',(0.,-1.,0.));
#3503=DIRECTION('center_axis',(0.,0.,1.));
#3504=DIRECTION('ref_axis',(0.0839150481704301,-0.996472912171001,0.));
#3505=DIRECTION('center_axis',(0.,0.,-1.));
#3506=DIRECTION('ref_axis',(0.,-1.,0.));
#3507=DIRECTION('center_axis',(-0.996472912171,-0.0839150481704302,0.));
#3508=DIRECTION('ref_axis',(-0.0839150481704301,0.996472912171,0.));
#3509=DIRECTION('center_axis',(0.,0.,-1.));
#3510=DIRECTION('ref_axis',(0.,-1.,0.));
#3511=DIRECTION('center_axis',(0.,0.,1.));
#3512=DIRECTION('ref_axis',(0.,-1.,0.));
#3513=DIRECTION('center_axis',(0.,0.,1.));
#3514=DIRECTION('ref_axis',(0.,-1.,0.));
#3515=DIRECTION('',(0.,0.,-1.));
#3516=DIRECTION('center_axis',(0.,0.,1.));
#3517=DIRECTION('ref_axis',(0.,-1.,0.));
#3518=DIRECTION('',(0.,0.,1.));
#3519=DIRECTION('',(1.,0.,0.));
#3520=DIRECTION('',(0.,0.,1.));
#3521=DIRECTION('',(1.,0.,0.));
#3522=DIRECTION('',(0.,0.,-1.));
#3523=DIRECTION('',(-1.,0.,0.));
#3524=DIRECTION('center_axis',(1.,0.,0.));
#3525=DIRECTION('ref_axis',(0.,0.,-1.));
#3526=DIRECTION('center_axis',(-1.,1.46184562582315E-16,0.));
#3527=DIRECTION('ref_axis',(1.46184562582315E-16,1.,-4.91999844606786E-15));
#3528=DIRECTION('',(-1.,0.,0.));
#3529=DIRECTION('center_axis',(1.,-1.46184562582315E-16,0.));
#3530=DIRECTION('ref_axis',(-1.46184562582315E-16,-1.,-2.45999922303393E-15));
#3531=DIRECTION('',(1.,0.,0.));
#3532=DIRECTION('center_axis',(0.,0.,-1.));
#3533=DIRECTION('ref_axis',(-1.,0.,0.));
#3534=DIRECTION('',(-1.46184562582315E-16,-1.,0.));
#3535=DIRECTION('',(-1.,0.,0.));
#3536=DIRECTION('',(-1.46184562582315E-16,-1.,0.));
#3537=DIRECTION('',(1.,-8.53702498020081E-16,0.));
#3538=DIRECTION('center_axis',(0.,-1.,0.));
#3539=DIRECTION('ref_axis',(0.,0.,-1.));
#3540=DIRECTION('',(0.,0.,1.));
#3541=DIRECTION('',(0.,0.,-1.));
#3542=DIRECTION('center_axis',(1.,-1.46184562582315E-16,0.));
#3543=DIRECTION('ref_axis',(1.46184562582315E-16,1.,0.));
#3544=DIRECTION('center_axis',(1.,-1.46184562582315E-16,0.));
#3545=DIRECTION('ref_axis',(1.46184562582315E-16,1.,0.));
#3546=DIRECTION('',(-1.46184562582315E-16,-1.,-1.18523018082362E-16));
#3547=DIRECTION('',(0.,0.,1.));
#3548=DIRECTION('',(-1.44658251227205E-16,-0.98955901137474,0.144128286630512));
#3549=DIRECTION('center_axis',(-1.,1.46184562582315E-16,0.));
#3550=DIRECTION('ref_axis',(-1.46184562582315E-16,-1.,0.));
#3551=DIRECTION('',(0.,0.,-1.));
#3552=DIRECTION('',(1.46184562582315E-16,1.,1.18523018082362E-16));
#3553=DIRECTION('center_axis',(-1.,1.46184562582315E-16,0.));
#3554=DIRECTION('ref_axis',(-1.46184562582315E-16,-1.,0.));
#3555=DIRECTION('',(1.44658251227205E-16,0.98955901137474,-0.144128286630512));
#3556=DIRECTION('center_axis',(8.53702498020081E-16,1.,0.));
#3557=DIRECTION('ref_axis',(-1.,8.53702498020081E-16,0.));
#3558=DIRECTION('',(1.,-8.53702498020081E-16,-1.01183396609792E-31));
#3559=DIRECTION('center_axis',(0.,0.144128286630512,0.98955901137474));
#3560=DIRECTION('ref_axis',(0.,-0.98955901137474,0.144128286630512));
#3561=DIRECTION('',(1.,0.,0.));
#3562=DIRECTION('center_axis',(1.,0.,0.));
#3563=DIRECTION('ref_axis',(0.,-0.558530575318996,0.82948393380091));
#3564=DIRECTION('',(1.,0.,0.));
#3565=DIRECTION('center_axis',(0.,-1.18523018082362E-16,1.));
#3566=DIRECTION('ref_axis',(0.,-1.,-1.18523018082362E-16));
#3567=DIRECTION('center_axis',(1.,0.,0.));
#3568=DIRECTION('ref_axis',(0.,0.,-1.));
#3569=DIRECTION('center_axis',(-1.,1.46184562582315E-16,0.));
#3570=DIRECTION('ref_axis',(1.46184562582315E-16,1.,-4.91999844606786E-15));
#3571=DIRECTION('',(-1.,0.,0.));
#3572=DIRECTION('center_axis',(1.,-1.46184562582315E-16,0.));
#3573=DIRECTION('ref_axis',(-1.46184562582315E-16,-1.,-2.45999922303393E-15));
#3574=DIRECTION('',(1.,0.,0.));
#3575=DIRECTION('center_axis',(0.,0.,-1.));
#3576=DIRECTION('ref_axis',(-1.,0.,0.));
#3577=DIRECTION('',(-1.46184562582315E-16,-1.,0.));
#3578=DIRECTION('',(-1.,0.,0.));
#3579=DIRECTION('',(-1.46184562582315E-16,-1.,0.));
#3580=DIRECTION('',(1.,-8.53702498020084E-16,0.));
#3581=DIRECTION('center_axis',(0.,-1.,0.));
#3582=DIRECTION('ref_axis',(0.,0.,-1.));
#3583=DIRECTION('',(0.,0.,1.));
#3584=DIRECTION('',(0.,0.,-1.));
#3585=DIRECTION('center_axis',(1.,-1.46184562582315E-16,0.));
#3586=DIRECTION('ref_axis',(1.46184562582315E-16,1.,0.));
#3587=DIRECTION('center_axis',(1.,-1.46184562582315E-16,0.));
#3588=DIRECTION('ref_axis',(1.46184562582315E-16,1.,0.));
#3589=DIRECTION('',(-1.46184562582315E-16,-1.,-1.18523018082362E-16));
#3590=DIRECTION('',(0.,0.,1.));
#3591=DIRECTION('',(-1.44658251227205E-16,-0.98955901137474,0.144128286630512));
#3592=DIRECTION('center_axis',(-1.,1.46184562582315E-16,0.));
#3593=DIRECTION('ref_axis',(-1.46184562582315E-16,-1.,0.));
#3594=DIRECTION('',(0.,0.,-1.));
#3595=DIRECTION('',(1.46184562582315E-16,1.,1.18523018082362E-16));
#3596=DIRECTION('center_axis',(-1.,1.46184562582315E-16,0.));
#3597=DIRECTION('ref_axis',(-1.46184562582315E-16,-1.,0.));
#3598=DIRECTION('',(1.44658251227205E-16,0.98955901137474,-0.144128286630512));
#3599=DIRECTION('center_axis',(-8.53702498020084E-16,-1.,0.));
#3600=DIRECTION('ref_axis',(1.,-8.53702498020084E-16,0.));
#3601=DIRECTION('',(-1.,8.53702498020084E-16,1.01183396609792E-31));
#3602=DIRECTION('center_axis',(0.,0.144128286630512,0.98955901137474));
#3603=DIRECTION('ref_axis',(0.,-0.98955901137474,0.144128286630512));
#3604=DIRECTION('',(1.,0.,0.));
#3605=DIRECTION('center_axis',(1.,0.,0.));
#3606=DIRECTION('ref_axis',(0.,-0.558530575318996,0.82948393380091));
#3607=DIRECTION('',(1.,0.,0.));
#3608=DIRECTION('center_axis',(0.,-1.18523018082362E-16,1.));
#3609=DIRECTION('ref_axis',(0.,-1.,-1.18523018082362E-16));
#3610=DIRECTION('center_axis',(1.,0.,0.));
#3611=DIRECTION('ref_axis',(0.,0.,-1.));
#3612=DIRECTION('center_axis',(1.,-1.46184562582315E-16,0.));
#3613=DIRECTION('ref_axis',(1.46184562582315E-16,1.,0.));
#3614=DIRECTION('',(1.,0.,0.));
#3615=DIRECTION('center_axis',(-1.,1.46184562582315E-16,0.));
#3616=DIRECTION('ref_axis',(-1.46184562582315E-16,-1.,0.));
#3617=DIRECTION('',(1.,0.,0.));
#3618=DIRECTION('center_axis',(8.53702498020081E-16,1.,0.));
#3619=DIRECTION('ref_axis',(-1.,8.53702498020081E-16,0.));
#3620=DIRECTION('',(0.,0.,-1.));
#3621=DIRECTION('',(-1.,8.53702498020081E-16,-1.01183396609792E-31));
#3622=DIRECTION('',(0.,0.,1.));
#3623=DIRECTION('',(-1.,8.53702498020081E-16,-1.70740499604016E-15));
#3624=DIRECTION('center_axis',(-1.,1.46184562582315E-16,0.));
#3625=DIRECTION('ref_axis',(-1.46184562582315E-16,-1.,0.));
#3626=DIRECTION('',(0.,0.,1.));
#3627=DIRECTION('center_axis',(1.,-1.46184562582315E-16,0.));
#3628=DIRECTION('ref_axis',(-1.46184562582315E-16,-1.,0.));
#3629=DIRECTION('',(-1.44658251227205E-16,-0.98955901137474,-0.144128286630512));
#3630=DIRECTION('',(-1.46184562582315E-16,-1.,1.18523018082362E-16));
#3631=DIRECTION('',(-1.46184562582315E-16,-1.,0.));
#3632=DIRECTION('center_axis',(1.,-1.46184562582315E-16,0.));
#3633=DIRECTION('ref_axis',(1.46184562582315E-16,1.,0.));
#3634=DIRECTION('',(1.44658251227205E-16,0.98955901137474,0.144128286630512));
#3635=DIRECTION('center_axis',(-1.,1.46184562582315E-16,0.));
#3636=DIRECTION('ref_axis',(1.46184562582315E-16,1.,8.19999741011311E-16));
#3637=DIRECTION('',(0.,0.,-1.));
#3638=DIRECTION('',(-1.46184562582315E-16,-1.,0.));
#3639=DIRECTION('',(1.46184562582315E-16,1.,-1.18523018082362E-16));
#3640=DIRECTION('center_axis',(0.,-1.,0.));
#3641=DIRECTION('ref_axis',(0.,0.,-1.));
#3642=DIRECTION('',(-1.,0.,0.));
#3643=DIRECTION('',(1.,0.,1.70740499604016E-15));
#3644=DIRECTION('center_axis',(-1.70740499604016E-15,2.49596252496991E-31,
1.));
#3645=DIRECTION('ref_axis',(1.,0.,1.70740499604016E-15));
#3646=DIRECTION('center_axis',(0.,0.144128286630512,-0.98955901137474));
#3647=DIRECTION('ref_axis',(0.,0.98955901137474,0.144128286630512));
#3648=DIRECTION('',(1.,0.,0.));
#3649=DIRECTION('center_axis',(0.,-1.18523018082362E-16,-1.));
#3650=DIRECTION('ref_axis',(0.,1.,-1.18523018082362E-16));
#3651=DIRECTION('center_axis',(1.,0.,0.));
#3652=DIRECTION('ref_axis',(0.,0.654168064555849,0.756349220476398));
#3653=DIRECTION('center_axis',(1.,0.,0.));
#3654=DIRECTION('ref_axis',(0.,0.,-1.));
#3655=DIRECTION('center_axis',(1.,-1.46184562582315E-16,0.));
#3656=DIRECTION('ref_axis',(1.46184562582315E-16,1.,0.));
#3657=DIRECTION('',(1.,0.,0.));
#3658=DIRECTION('center_axis',(-1.,1.46184562582315E-16,0.));
#3659=DIRECTION('ref_axis',(-1.46184562582315E-16,-1.,0.));
#3660=DIRECTION('',(1.,0.,0.));
#3661=DIRECTION('center_axis',(-8.53702498020084E-16,-1.,0.));
#3662=DIRECTION('ref_axis',(1.,-8.53702498020084E-16,0.));
#3663=DIRECTION('',(1.,-8.53702498020084E-16,1.01183396609792E-31));
#3664=DIRECTION('',(0.,0.,1.));
#3665=DIRECTION('',(-1.,8.53702498020084E-16,1.70740499604017E-15));
#3666=DIRECTION('',(0.,0.,-1.));
#3667=DIRECTION('center_axis',(-1.,1.46184562582315E-16,0.));
#3668=DIRECTION('ref_axis',(-1.46184562582315E-16,-1.,0.));
#3669=DIRECTION('',(0.,0.,1.));
#3670=DIRECTION('center_axis',(1.,-1.46184562582315E-16,0.));
#3671=DIRECTION('ref_axis',(-1.46184562582315E-16,-1.,0.));
#3672=DIRECTION('',(-1.44658251227205E-16,-0.98955901137474,-0.144128286630512));
#3673=DIRECTION('',(-1.46184562582315E-16,-1.,1.18523018082362E-16));
#3674=DIRECTION('',(-1.46184562582315E-16,-1.,0.));
#3675=DIRECTION('center_axis',(1.,-1.46184562582315E-16,0.));
#3676=DIRECTION('ref_axis',(1.46184562582315E-16,1.,0.));
#3677=DIRECTION('',(1.44658251227205E-16,0.98955901137474,0.144128286630512));
#3678=DIRECTION('center_axis',(-1.,1.46184562582315E-16,0.));
#3679=DIRECTION('ref_axis',(1.46184562582315E-16,1.,8.19999741011311E-16));
#3680=DIRECTION('',(0.,0.,-1.));
#3681=DIRECTION('',(-1.46184562582315E-16,-1.,0.));
#3682=DIRECTION('',(1.46184562582315E-16,1.,-1.18523018082362E-16));
#3683=DIRECTION('center_axis',(0.,-1.,0.));
#3684=DIRECTION('ref_axis',(0.,0.,-1.));
#3685=DIRECTION('',(-1.,0.,0.));
#3686=DIRECTION('',(1.,0.,-1.70740499604017E-15));
#3687=DIRECTION('center_axis',(1.70740499604017E-15,-2.49596252496992E-31,
1.));
#3688=DIRECTION('ref_axis',(1.,0.,-1.70740499604017E-15));
#3689=DIRECTION('center_axis',(0.,0.144128286630512,-0.98955901137474));
#3690=DIRECTION('ref_axis',(0.,0.98955901137474,0.144128286630512));
#3691=DIRECTION('',(1.,0.,0.));
#3692=DIRECTION('center_axis',(0.,-1.18523018082362E-16,-1.));
#3693=DIRECTION('ref_axis',(0.,1.,-1.18523018082362E-16));
#3694=DIRECTION('center_axis',(1.,0.,0.));
#3695=DIRECTION('ref_axis',(0.,0.654168064555849,0.756349220476398));
#3696=DIRECTION('center_axis',(0.,-1.,0.));
#3697=DIRECTION('ref_axis',(0.,0.,-1.));
#3698=DIRECTION('',(1.,0.,0.));
#3699=DIRECTION('',(0.,0.,-1.));
#3700=DIRECTION('center_axis',(0.,1.,0.));
#3701=DIRECTION('ref_axis',(0.,0.,-1.));
#3702=DIRECTION('',(-2.33891095347968E-16,0.,1.));
#3703=DIRECTION('center_axis',(0.,-1.,0.));
#3704=DIRECTION('ref_axis',(0.,0.,-1.));
#3705=DIRECTION('',(1.,0.,0.));
#3706=DIRECTION('',(0.,0.,-1.));
#3707=DIRECTION('center_axis',(0.,1.,0.));
#3708=DIRECTION('ref_axis',(0.,0.,1.));
#3709=DIRECTION('',(0.,0.,1.));
#3710=DIRECTION('center_axis',(-1.,0.,0.));
#3711=DIRECTION('ref_axis',(0.,0.,1.));
#3712=DIRECTION('',(0.,1.,0.));
#3713=DIRECTION('',(0.,0.,1.));
#3714=DIRECTION('',(0.,1.,0.));
#3715=DIRECTION('center_axis',(1.,0.,0.));
#3716=DIRECTION('ref_axis',(0.,0.,-1.));
#3717=DIRECTION('',(0.,0.,1.));
#3718=DIRECTION('',(0.,-1.,0.));
#3719=DIRECTION('',(0.,-1.,0.));
#3720=DIRECTION('center_axis',(0.,-1.,0.));
#3721=DIRECTION('ref_axis',(0.,0.,-1.));
#3722=DIRECTION('',(4.06125269461256E-16,0.,-1.));
#3723=DIRECTION('',(1.,0.,0.));
#3724=DIRECTION('',(0.,0.,1.));
#3725=DIRECTION('',(-1.,0.,0.));
#3726=DIRECTION('',(-1.58643902071095E-16,0.,-1.));
#3727=DIRECTION('',(-1.,0.,1.58643902071095E-16));
#3728=DIRECTION('center_axis',(0.,1.,0.));
#3729=DIRECTION('ref_axis',(0.,0.,-1.));
#3730=DIRECTION('',(-2.33891095347968E-16,0.,1.));
#3731=DIRECTION('center_axis',(0.,1.,0.));
#3732=DIRECTION('ref_axis',(0.,0.,-1.));
#3733=DIRECTION('',(1.,0.,-3.96609755177739E-17));
#3734=DIRECTION('',(0.,0.,1.));
#3735=DIRECTION('',(1.,0.,0.));
#3736=DIRECTION('',(4.06125269461256E-16,0.,-1.));
#3737=DIRECTION('',(1.,0.,0.));
#3738=DIRECTION('',(0.,0.,1.));
#3739=DIRECTION('',(1.,0.,0.));
#3740=DIRECTION('',(1.73472347597681E-15,0.,-1.));
#3741=DIRECTION('',(1.,0.,2.71900231344329E-16));
#3742=DIRECTION('center_axis',(0.,1.,0.));
#3743=DIRECTION('ref_axis',(0.,0.,1.));
#3744=DIRECTION('',(-1.33440267382832E-15,0.,1.));
#3745=DIRECTION('',(-1.,0.,0.));
#3746=DIRECTION('',(0.,0.,1.));
#3747=DIRECTION('',(1.,0.,1.97127667724637E-16));
#3748=DIRECTION('',(-1.0842021724855E-15,0.,1.));
#3749=DIRECTION('',(-1.,0.,1.97127667724637E-16));
#3750=DIRECTION('',(0.,0.,1.));
#3751=DIRECTION('',(1.,0.,0.));
#3752=DIRECTION('',(1.33440267382832E-15,0.,1.));
#3753=DIRECTION('center_axis',(0.,1.,0.));
#3754=DIRECTION('ref_axis',(0.,0.,1.));
#3755=DIRECTION('',(-1.,0.,2.71900231344329E-16));
#3756=DIRECTION('',(-1.73472347597681E-15,0.,-1.));
#3757=DIRECTION('',(-1.,0.,0.));
#3758=DIRECTION('',(0.,0.,1.));
#3759=DIRECTION('',(-1.,0.,0.));
#3760=DIRECTION('center_axis',(0.,-1.,0.));
#3761=DIRECTION('ref_axis',(0.,0.,-1.));
#3762=DIRECTION('',(1.,0.,0.));
#3763=DIRECTION('',(-2.33891095347968E-16,0.,1.));
#3764=DIRECTION('center_axis',(0.,1.,0.));
#3765=DIRECTION('ref_axis',(0.,0.,-1.));
#3766=DIRECTION('',(0.,0.,-1.));
#3767=DIRECTION('center_axis',(0.,-1.,0.));
#3768=DIRECTION('ref_axis',(0.,0.,-1.));
#3769=DIRECTION('',(0.,1.,0.));
#3770=DIRECTION('center_axis',(0.,1.,0.));
#3771=DIRECTION('ref_axis',(0.,0.,1.));
#3772=DIRECTION('',(0.,-1.,0.));
#3773=DIRECTION('center_axis',(0.,1.,0.));
#3774=DIRECTION('ref_axis',(0.,0.,-1.));
#3775=DIRECTION('',(0.,-1.,0.));
#3776=DIRECTION('center_axis',(0.,1.,0.));
#3777=DIRECTION('ref_axis',(0.,0.,-1.));
#3778=DIRECTION('center_axis',(1.58643902071095E-16,0.,1.));
#3779=DIRECTION('ref_axis',(1.,0.,-1.58643902071095E-16));
#3780=DIRECTION('',(2.51409199416929E-16,1.,0.));
#3781=DIRECTION('center_axis',(-1.58643902071095E-16,0.,-1.));
#3782=DIRECTION('ref_axis',(1.,0.,-1.58643902071095E-16));
#3783=DIRECTION('',(-1.,-9.74563750548768E-17,1.94912750109754E-16));
#3784=DIRECTION('center_axis',(1.58643902071095E-16,0.,1.));
#3785=DIRECTION('ref_axis',(1.,0.,-1.58643902071095E-16));
#3786=DIRECTION('',(-2.51409199416929E-16,-1.,0.));
#3787=DIRECTION('',(-1.,0.,1.58643902071095E-16));
#3788=DIRECTION('',(-1.,0.,0.));
#3789=DIRECTION('',(0.,-1.,0.));
#3790=DIRECTION('center_axis',(0.,-1.,0.));
#3791=DIRECTION('ref_axis',(0.,0.,-1.));
#3792=DIRECTION('center_axis',(0.,1.,0.));
#3793=DIRECTION('ref_axis',(0.,0.,1.));
#3794=DIRECTION('',(0.,-1.,0.));
#3795=DIRECTION('',(0.,-1.,0.));
#3796=DIRECTION('center_axis',(1.,0.,2.33891095347968E-16));
#3797=DIRECTION('ref_axis',(2.33891095347968E-16,0.,-1.));
#3798=DIRECTION('',(-2.33891095347968E-16,0.,1.));
#3799=DIRECTION('',(0.,-1.,0.));
#3800=DIRECTION('',(0.,-1.,0.));
#3801=DIRECTION('',(4.43718694140474E-31,1.,-1.89711666226685E-15));
#3802=DIRECTION('center_axis',(0.,-1.,0.));
#3803=DIRECTION('ref_axis',(0.,0.,-1.));
#3804=DIRECTION('center_axis',(0.,1.,0.));
#3805=DIRECTION('ref_axis',(0.,0.,1.));
#3806=DIRECTION('',(0.,-1.,0.));
#3807=DIRECTION('center_axis',(-3.96609755177739E-17,0.,-1.));
#3808=DIRECTION('ref_axis',(-1.,0.,3.96609755177739E-17));
#3809=DIRECTION('',(1.,-1.46184562582315E-16,0.));
#3810=DIRECTION('center_axis',(-3.96609755177739E-17,0.,-1.));
#3811=DIRECTION('ref_axis',(-1.,0.,3.96609755177739E-17));
#3812=DIRECTION('',(2.51409199416929E-16,-1.,0.));
#3813=DIRECTION('',(-1.,0.,0.));
#3814=DIRECTION('',(0.,-1.,0.));
#3815=DIRECTION('',(1.,0.,-3.96609755177739E-17));
#3816=DIRECTION('',(-2.51409199416929E-16,1.,0.));
#3817=DIRECTION('center_axis',(0.,0.,1.));
#3818=DIRECTION('ref_axis',(1.,0.,0.));
#3819=DIRECTION('center_axis',(0.,-1.,0.));
#3820=DIRECTION('ref_axis',(0.,0.,-1.));
#3821=DIRECTION('center_axis',(0.,1.,0.));
#3822=DIRECTION('ref_axis',(0.,0.,1.));
#3823=DIRECTION('',(0.,-1.,0.));
#3824=DIRECTION('center_axis',(0.,1.,0.));
#3825=DIRECTION('ref_axis',(0.,0.,1.));
#3826=DIRECTION('center_axis',(-1.,0.,0.));
#3827=DIRECTION('ref_axis',(0.,0.,1.));
#3828=DIRECTION('',(0.,1.,0.));
#3829=DIRECTION('',(0.,0.,-1.));
#3830=DIRECTION('',(0.,-1.,1.89711666226685E-15));
#3831=DIRECTION('',(0.,0.,-1.));
#3832=DIRECTION('',(0.,0.,-1.));
#3833=DIRECTION('center_axis',(0.,-1.,0.));
#3834=DIRECTION('ref_axis',(0.,0.,-1.));
#3835=DIRECTION('',(-1.58643902071095E-16,0.,-1.));
#3836=DIRECTION('',(1.,0.,0.));
#3837=DIRECTION('',(4.06125269461256E-16,0.,1.));
#3838=DIRECTION('',(-1.,0.,0.));
#3839=DIRECTION('',(0.,0.,-1.));
#3840=DIRECTION('',(-1.,0.,0.));
#3841=DIRECTION('',(-1.73472347597681E-15,0.,1.));
#3842=DIRECTION('',(-1.,0.,-2.71900231344329E-16));
#3843=DIRECTION('center_axis',(0.,1.,0.));
#3844=DIRECTION('ref_axis',(0.,0.,1.));
#3845=DIRECTION('',(1.33440267382832E-15,0.,-1.));
#3846=DIRECTION('',(1.,0.,0.));
#3847=DIRECTION('',(0.,0.,-1.));
#3848=DIRECTION('',(-1.,0.,-1.97127667724637E-16));
#3849=DIRECTION('',(-1.0842021724855E-15,0.,-1.));
#3850=DIRECTION('',(1.,0.,-1.97127667724637E-16));
#3851=DIRECTION('',(0.,0.,-1.));
#3852=DIRECTION('',(-1.,0.,0.));
#3853=DIRECTION('',(-1.33440267382832E-15,0.,-1.));
#3854=DIRECTION('center_axis',(0.,1.,0.));
#3855=DIRECTION('ref_axis',(0.,0.,1.));
#3856=DIRECTION('',(1.,0.,-2.71900231344329E-16));
#3857=DIRECTION('',(1.73472347597681E-15,0.,1.));
#3858=DIRECTION('',(1.,0.,0.));
#3859=DIRECTION('',(0.,0.,-1.));
#3860=DIRECTION('',(1.,0.,0.));
#3861=DIRECTION('',(4.06125269461256E-16,0.,1.));
#3862=DIRECTION('',(1.,0.,0.));
#3863=DIRECTION('',(-1.58643902071095E-16,0.,-1.));
#3864=DIRECTION('',(1.,0.,-1.57393071421283E-16));
#3865=DIRECTION('',(0.,0.,1.));
#3866=DIRECTION('center_axis',(0.,-1.,0.));
#3867=DIRECTION('ref_axis',(0.,0.,-1.));
#3868=DIRECTION('',(1.,0.,0.));
#3869=DIRECTION('',(0.,0.,1.));
#3870=DIRECTION('center_axis',(0.,1.,0.));
#3871=DIRECTION('ref_axis',(0.,0.,1.));
#3872=DIRECTION('',(0.,0.,1.));
#3873=DIRECTION('',(1.,0.,0.));
#3874=DIRECTION('',(1.,0.,0.));
#3875=DIRECTION('',(1.,0.,0.));
#3876=DIRECTION('',(1.,0.,0.));
#3877=DIRECTION('',(0.,0.,1.));
#3878=DIRECTION('',(-1.,0.,0.));
#3879=DIRECTION('',(0.,0.,1.));
#3880=DIRECTION('',(1.,0.,0.));
#3881=DIRECTION('',(0.,0.,-1.));
#3882=DIRECTION('',(0.,0.,-1.));
#3883=DIRECTION('',(-1.,0.,0.));
#3884=DIRECTION('',(0.,0.,1.));
#3885=DIRECTION('',(1.,0.,0.));
#3886=DIRECTION('',(1.,0.,0.));
#3887=DIRECTION('',(0.,0.,-1.));
#3888=DIRECTION('',(-1.,0.,0.));
#3889=DIRECTION('',(0.,0.,1.));
#3890=DIRECTION('',(0.,0.,1.));
#3891=DIRECTION('',(1.,0.,0.));
#3892=DIRECTION('',(0.,0.,-1.));
#3893=DIRECTION('',(-1.,0.,0.));
#3894=DIRECTION('',(1.,0.,0.));
#3895=DIRECTION('',(0.,0.,-1.));
#3896=DIRECTION('',(1.,0.,0.));
#3897=DIRECTION('',(-1.58643902071095E-16,0.,-1.));
#3898=DIRECTION('center_axis',(-1.,0.,0.));
#3899=DIRECTION('ref_axis',(0.,0.,1.));
#3900=DIRECTION('',(0.,-1.,1.89711666226685E-15));
#3901=DIRECTION('center_axis',(1.,0.,0.));
#3902=DIRECTION('ref_axis',(0.,0.,-1.));
#3903=DIRECTION('',(0.,1.,-1.89711666226685E-15));
#3904=DIRECTION('center_axis',(-1.,-2.51409199416929E-16,0.));
#3905=DIRECTION('ref_axis',(2.51409199416929E-16,-1.,0.));
#3906=DIRECTION('',(2.51409199416929E-16,-1.,0.));
#3907=DIRECTION('center_axis',(-1.,-2.51409199416929E-16,0.));
#3908=DIRECTION('ref_axis',(2.51409199416929E-16,-1.,0.));
#3909=DIRECTION('',(-2.51409199416929E-16,1.,0.));
#3910=DIRECTION('',(0.,0.,-1.));
#3911=DIRECTION('',(0.,1.,0.));
#3912=DIRECTION('center_axis',(1.,2.51409199416929E-16,0.));
#3913=DIRECTION('ref_axis',(-2.51409199416929E-16,1.,0.));
#3914=DIRECTION('',(2.51409199416929E-16,-1.,-3.95700660797962E-32));
#3915=DIRECTION('center_axis',(1.,2.51409199416929E-16,0.));
#3916=DIRECTION('ref_axis',(-2.51409199416929E-16,1.,0.));
#3917=DIRECTION('',(0.,0.,1.));
#3918=DIRECTION('center_axis',(0.,0.,1.));
#3919=DIRECTION('ref_axis',(1.,0.,0.));
#3920=DIRECTION('',(0.,0.,1.));
#3921=DIRECTION('center_axis',(-1.46184562582315E-16,-1.,0.));
#3922=DIRECTION('ref_axis',(1.,-1.46184562582315E-16,0.));
#3923=DIRECTION('',(1.,-1.46184562582315E-16,-1.57393071421283E-16));
#3924=DIRECTION('',(-1.58643902071095E-16,2.31912894306147E-32,-1.));
#3925=DIRECTION('',(-1.58643902071095E-16,0.,-1.));
#3926=DIRECTION('',(-1.,1.46184562582315E-16,0.));
#3927=DIRECTION('',(0.,0.,1.));
#3928=DIRECTION('center_axis',(-1.58643902071095E-16,0.,-1.));
#3929=DIRECTION('ref_axis',(-1.,0.,1.58643902071095E-16));
#3930=DIRECTION('',(-1.58643902071095E-16,0.,-1.));
#3931=DIRECTION('center_axis',(-1.,2.51409199416929E-16,1.58643902071095E-16));
#3932=DIRECTION('ref_axis',(-2.51409199416929E-16,-1.,0.));
#3933=DIRECTION('',(-2.51409199416929E-16,-1.,0.));
#3934=DIRECTION('center_axis',(-1.,2.51409199416929E-16,1.58643902071095E-16));
#3935=DIRECTION('ref_axis',(-2.51409199416929E-16,-1.,3.98845364120717E-32));
#3936=DIRECTION('center_axis',(1.,-2.51409199416929E-16,-1.58643902071095E-16));
#3937=DIRECTION('ref_axis',(2.51409199416929E-16,1.,0.));
#3938=DIRECTION('center_axis',(1.,-2.51409199416929E-16,-1.58643902071095E-16));
#3939=DIRECTION('ref_axis',(2.51409199416929E-16,1.,8.39674450780456E-33));
#3940=DIRECTION('',(2.51409199416929E-16,1.,0.));
#3941=DIRECTION('',(1.58643902071095E-16,-2.31912894306147E-32,1.));
#3942=DIRECTION('',(0.,1.,0.));
#3943=DIRECTION('',(-2.51409199416929E-16,-1.,0.));
#3944=DIRECTION('center_axis',(1.57393071421283E-16,0.,1.));
#3945=DIRECTION('ref_axis',(1.,0.,-1.57393071421283E-16));
#3946=DIRECTION('',(-1.,1.46184562582315E-16,1.57393071421283E-16));
#3947=DIRECTION('center_axis',(0.,0.,-1.));
#3948=DIRECTION('ref_axis',(-1.,0.,0.));
#3949=DIRECTION('',(1.,-1.46184562582315E-16,0.));
#3950=DIRECTION('center_axis',(1.58643902071095E-16,-2.31912894306147E-32,
1.));
#3951=DIRECTION('ref_axis',(1.,3.67915664933287E-48,-1.58643902071095E-16));
#3952=DIRECTION('center_axis',(0.707106781186549,-9.18817484043933E-15,
-0.707106781186546));
#3953=DIRECTION('ref_axis',(0.707106781186546,1.90120026827222E-15,0.707106781186549));
#3954=DIRECTION('center_axis',(-1.,1.46184562582315E-16,1.57393071421283E-16));
#3955=DIRECTION('ref_axis',(1.57393071421283E-16,-2.30084372992073E-32,
1.));
#3956=DIRECTION('center_axis',(0.,0.,-1.));
#3957=DIRECTION('ref_axis',(-1.,0.,0.));
#3958=DIRECTION('center_axis',(-0.707106781186548,-3.93778921733113E-15,
0.707106781186547));
#3959=DIRECTION('ref_axis',(0.707106781186547,3.05681786096971E-14,0.707106781186548));
#3960=DIRECTION('center_axis',(1.,-1.46184562582315E-16,0.));
#3961=DIRECTION('ref_axis',(1.46184562582315E-16,1.,0.));
#3962=DIRECTION('center_axis',(-1.46184562582315E-16,-1.,0.));
#3963=DIRECTION('ref_axis',(1.,-1.46184562582315E-16,0.));
#3964=DIRECTION('',(4.06125269461256E-16,-5.93692448698186E-32,1.));
#3965=DIRECTION('',(1.,-1.46184562582315E-16,0.));
#3966=DIRECTION('',(0.,0.,-1.));
#3967=DIRECTION('',(1.,-1.46184562582315E-16,0.));
#3968=DIRECTION('',(1.73472347597681E-15,-2.53589792536943E-31,1.));
#3969=DIRECTION('',(1.,-1.46184562582315E-16,-2.71900231344329E-16));
#3970=DIRECTION('center_axis',(1.46184562582315E-16,1.,0.));
#3971=DIRECTION('ref_axis',(1.,-1.46184562582315E-16,1.85863229568943E-15));
#3972=DIRECTION('',(-1.33440267382832E-15,1.95069071182265E-31,-1.));
#3973=DIRECTION('',(-1.,1.46184562582315E-16,0.));
#3974=DIRECTION('',(0.,0.,-1.));
#3975=DIRECTION('',(1.,-1.46184562582315E-16,-1.97127667724637E-16));
#3976=DIRECTION('',(-1.0842021724855E-15,1.58493620335589E-31,-1.));
#3977=DIRECTION('',(-1.,1.46184562582315E-16,-1.97127667724637E-16));
#3978=DIRECTION('',(0.,0.,-1.));
#3979=DIRECTION('',(1.,-1.46184562582315E-16,0.));
#3980=DIRECTION('',(1.33440267382832E-15,-1.95069071182265E-31,-1.));
#3981=DIRECTION('center_axis',(1.46184562582315E-16,1.,0.));
#3982=DIRECTION('ref_axis',(1.,-1.46184562582315E-16,0.));
#3983=DIRECTION('',(-1.,1.46184562582315E-16,-2.71900231344329E-16));
#3984=DIRECTION('',(-1.73472347597681E-15,2.53589792536943E-31,1.));
#3985=DIRECTION('',(-1.,1.46184562582315E-16,0.));
#3986=DIRECTION('',(0.,0.,-1.));
#3987=DIRECTION('',(-1.,1.46184562582315E-16,0.));
#3988=DIRECTION('center_axis',(0.,0.,1.));
#3989=DIRECTION('ref_axis',(1.,0.,0.));
#3990=DIRECTION('',(0.,1.,0.));
#3991=DIRECTION('',(0.,1.,0.));
#3992=DIRECTION('center_axis',(1.,0.,0.));
#3993=DIRECTION('ref_axis',(0.,0.,-1.));
#3994=DIRECTION('',(0.,1.,0.));
#3995=DIRECTION('center_axis',(0.,0.,1.));
#3996=DIRECTION('ref_axis',(1.,0.,0.));
#3997=DIRECTION('',(0.,1.,0.));
#3998=DIRECTION('center_axis',(-1.,0.,1.73472347597681E-15));
#3999=DIRECTION('ref_axis',(1.73472347597681E-15,0.,1.));
#4000=DIRECTION('',(0.,1.,0.));
#4001=DIRECTION('center_axis',(2.71900231344329E-16,0.,1.));
#4002=DIRECTION('ref_axis',(1.,0.,-2.71900231344329E-16));
#4003=DIRECTION('',(0.,1.,0.));
#4004=DIRECTION('center_axis',(0.,1.,0.));
#4005=DIRECTION('ref_axis',(0.,0.,1.));
#4006=DIRECTION('',(0.,1.,0.));
#4007=DIRECTION('center_axis',(1.,0.,-1.33440267382832E-15));
#4008=DIRECTION('ref_axis',(-1.33440267382832E-15,0.,-1.));
#4009=DIRECTION('',(0.,1.,0.));
#4010=DIRECTION('center_axis',(0.,0.,-1.));
#4011=DIRECTION('ref_axis',(-1.,0.,0.));
#4012=DIRECTION('',(0.,1.,0.));
#4013=DIRECTION('center_axis',(1.,0.,0.));
#4014=DIRECTION('ref_axis',(0.,0.,-1.));
#4015=DIRECTION('',(0.,1.,0.));
#4016=DIRECTION('center_axis',(1.97127667724637E-16,0.,1.));
#4017=DIRECTION('ref_axis',(1.,0.,-1.97127667724637E-16));
#4018=DIRECTION('',(0.,1.,0.));
#4019=DIRECTION('center_axis',(1.,0.,-1.0842021724855E-15));
#4020=DIRECTION('ref_axis',(-1.0842021724855E-15,0.,-1.));
#4021=DIRECTION('',(0.,1.,0.));
#4022=DIRECTION('center_axis',(1.97127667724637E-16,0.,-1.));
#4023=DIRECTION('ref_axis',(-1.,0.,-1.97127667724637E-16));
#4024=DIRECTION('',(0.,1.,0.));
#4025=DIRECTION('center_axis',(1.,0.,0.));
#4026=DIRECTION('ref_axis',(0.,0.,-1.));
#4027=DIRECTION('',(0.,1.,0.));
#4028=DIRECTION('center_axis',(0.,0.,1.));
#4029=DIRECTION('ref_axis',(1.,0.,0.));
#4030=DIRECTION('',(0.,1.,0.));
#4031=DIRECTION('center_axis',(1.,0.,1.33440267382832E-15));
#4032=DIRECTION('ref_axis',(1.33440267382832E-15,0.,-1.));
#4033=DIRECTION('',(0.,1.,0.));
#4034=DIRECTION('center_axis',(0.,1.,0.));
#4035=DIRECTION('ref_axis',(0.,0.,1.));
#4036=DIRECTION('',(0.,1.,0.));
#4037=DIRECTION('center_axis',(2.71900231344329E-16,0.,-1.));
#4038=DIRECTION('ref_axis',(-1.,0.,-2.71900231344329E-16));
#4039=DIRECTION('',(0.,1.,0.));
#4040=DIRECTION('center_axis',(-1.,0.,-1.73472347597681E-15));
#4041=DIRECTION('ref_axis',(-1.73472347597681E-15,0.,1.));
#4042=DIRECTION('',(0.,1.,0.));
#4043=DIRECTION('center_axis',(0.,0.,-1.));
#4044=DIRECTION('ref_axis',(-1.,0.,0.));
#4045=DIRECTION('',(0.,1.,0.));
#4046=DIRECTION('center_axis',(1.,0.,0.));
#4047=DIRECTION('ref_axis',(0.,0.,-1.));
#4048=DIRECTION('',(0.,1.,0.));
#4049=DIRECTION('center_axis',(0.,0.,-1.));
#4050=DIRECTION('ref_axis',(-1.,0.,0.));
#4051=DIRECTION('',(0.,1.,0.));
#4052=DIRECTION('center_axis',(-1.,0.,4.06125269461256E-16));
#4053=DIRECTION('ref_axis',(4.06125269461256E-16,0.,1.));
#4054=DIRECTION('',(0.,-1.,0.));
#4055=DIRECTION('center_axis',(-1.,0.,4.06125269461256E-16));
#4056=DIRECTION('ref_axis',(4.06125269461256E-16,0.,1.));
#4057=DIRECTION('',(0.,1.,0.));
#4058=DIRECTION('center_axis',(-1.46184562582315E-16,-1.,0.));
#4059=DIRECTION('ref_axis',(1.,-1.46184562582315E-16,0.));
#4060=DIRECTION('',(-1.,1.46184562582315E-16,0.));
#4061=DIRECTION('',(0.,0.,1.));
#4062=DIRECTION('',(-1.,1.46184562582315E-16,0.));
#4063=DIRECTION('',(-1.73472347597681E-15,2.53589792536943E-31,-1.));
#4064=DIRECTION('',(-1.,1.46184562582315E-16,2.71900231344329E-16));
#4065=DIRECTION('center_axis',(1.46184562582315E-16,1.,0.));
#4066=DIRECTION('ref_axis',(1.,-1.46184562582315E-16,0.));
#4067=DIRECTION('',(1.33440267382832E-15,-1.95069071182265E-31,1.));
#4068=DIRECTION('',(1.,-1.46184562582315E-16,0.));
#4069=DIRECTION('',(0.,0.,1.));
#4070=DIRECTION('',(-1.,1.46184562582315E-16,1.97127667724637E-16));
#4071=DIRECTION('',(-1.0842021724855E-15,1.58493620335589E-31,1.));
#4072=DIRECTION('',(1.,-1.46184562582315E-16,1.97127667724637E-16));
#4073=DIRECTION('',(0.,0.,1.));
#4074=DIRECTION('',(-1.,1.46184562582315E-16,0.));
#4075=DIRECTION('',(-1.33440267382832E-15,1.95069071182265E-31,1.));
#4076=DIRECTION('center_axis',(1.46184562582315E-16,1.,0.));
#4077=DIRECTION('ref_axis',(1.,-1.46184562582315E-16,0.));
#4078=DIRECTION('',(1.,-1.46184562582315E-16,2.71900231344329E-16));
#4079=DIRECTION('',(1.73472347597681E-15,-2.53589792536943E-31,-1.));
#4080=DIRECTION('',(1.,-1.46184562582315E-16,0.));
#4081=DIRECTION('',(0.,0.,1.));
#4082=DIRECTION('',(1.,-1.46184562582315E-16,0.));
#4083=DIRECTION('',(4.06125269461256E-16,-5.93692448698186E-32,-1.));
#4084=DIRECTION('center_axis',(-1.,0.,0.));
#4085=DIRECTION('ref_axis',(0.,0.,1.));
#4086=DIRECTION('',(0.,1.,0.));
#4087=DIRECTION('',(0.,1.,0.));
#4088=DIRECTION('center_axis',(0.,0.,-1.));
#4089=DIRECTION('ref_axis',(-1.,0.,0.));
#4090=DIRECTION('',(0.,1.,0.));
#4091=DIRECTION('center_axis',(1.,0.,-1.73472347597681E-15));
#4092=DIRECTION('ref_axis',(-1.73472347597681E-15,0.,-1.));
#4093=DIRECTION('',(0.,1.,0.));
#4094=DIRECTION('center_axis',(-2.71900231344329E-16,0.,-1.));
#4095=DIRECTION('ref_axis',(-1.,0.,2.71900231344329E-16));
#4096=DIRECTION('',(0.,1.,0.));
#4097=DIRECTION('center_axis',(0.,1.,0.));
#4098=DIRECTION('ref_axis',(0.,0.,1.));
#4099=DIRECTION('',(0.,1.,0.));
#4100=DIRECTION('center_axis',(-1.,0.,1.33440267382832E-15));
#4101=DIRECTION('ref_axis',(1.33440267382832E-15,0.,1.));
#4102=DIRECTION('',(0.,1.,0.));
#4103=DIRECTION('center_axis',(0.,0.,1.));
#4104=DIRECTION('ref_axis',(1.,0.,0.));
#4105=DIRECTION('',(0.,1.,0.));
#4106=DIRECTION('center_axis',(-1.,0.,0.));
#4107=DIRECTION('ref_axis',(0.,0.,1.));
#4108=DIRECTION('',(0.,1.,0.));
#4109=DIRECTION('center_axis',(-1.97127667724637E-16,0.,-1.));
#4110=DIRECTION('ref_axis',(-1.,0.,1.97127667724637E-16));
#4111=DIRECTION('',(0.,1.,0.));
#4112=DIRECTION('center_axis',(-1.,0.,-1.0842021724855E-15));
#4113=DIRECTION('ref_axis',(-1.0842021724855E-15,0.,1.));
#4114=DIRECTION('',(0.,1.,0.));
#4115=DIRECTION('center_axis',(-1.97127667724637E-16,0.,1.));
#4116=DIRECTION('ref_axis',(1.,0.,1.97127667724637E-16));
#4117=DIRECTION('',(0.,1.,0.));
#4118=DIRECTION('center_axis',(-1.,0.,0.));
#4119=DIRECTION('ref_axis',(0.,0.,1.));
#4120=DIRECTION('',(0.,1.,0.));
#4121=DIRECTION('center_axis',(0.,0.,-1.));
#4122=DIRECTION('ref_axis',(-1.,0.,0.));
#4123=DIRECTION('',(0.,1.,0.));
#4124=DIRECTION('center_axis',(-1.,0.,-1.33440267382832E-15));
#4125=DIRECTION('ref_axis',(-1.33440267382832E-15,0.,1.));
#4126=DIRECTION('',(0.,1.,0.));
#4127=DIRECTION('center_axis',(0.,1.,0.));
#4128=DIRECTION('ref_axis',(0.,0.,1.));
#4129=DIRECTION('',(0.,1.,0.));
#4130=DIRECTION('center_axis',(-2.71900231344329E-16,0.,1.));
#4131=DIRECTION('ref_axis',(1.,0.,2.71900231344329E-16));
#4132=DIRECTION('',(0.,1.,0.));
#4133=DIRECTION('center_axis',(1.,0.,1.73472347597681E-15));
#4134=DIRECTION('ref_axis',(1.73472347597681E-15,0.,-1.));
#4135=DIRECTION('',(0.,1.,0.));
#4136=DIRECTION('center_axis',(0.,0.,1.));
#4137=DIRECTION('ref_axis',(1.,0.,0.));
#4138=DIRECTION('',(0.,1.,0.));
#4139=DIRECTION('center_axis',(-1.,0.,0.));
#4140=DIRECTION('ref_axis',(0.,0.,1.));
#4141=DIRECTION('',(0.,1.,0.));
#4142=DIRECTION('center_axis',(0.,0.,1.));
#4143=DIRECTION('ref_axis',(1.,0.,0.));
#4144=DIRECTION('',(0.,1.,0.));
#4145=DIRECTION('center_axis',(1.,0.,4.06125269461256E-16));
#4146=DIRECTION('ref_axis',(4.06125269461256E-16,0.,-1.));
#4147=DIRECTION('center_axis',(1.,0.,4.06125269461256E-16));
#4148=DIRECTION('ref_axis',(4.06125269461256E-16,0.,-1.));
#4149=DIRECTION('',(0.,1.,0.));
#4150=DIRECTION('',(0.,1.,0.));
#4151=DIRECTION('',(0.,-1.,0.));
#4152=DIRECTION('center_axis',(0.,0.,-1.));
#4153=DIRECTION('ref_axis',(-1.,0.,0.));
#4154=DIRECTION('center_axis',(0.,0.,1.));
#4155=DIRECTION('ref_axis',(1.,0.,0.));
#4156=DIRECTION('',(1.,0.,0.));
#4157=DIRECTION('center_axis',(1.,0.,0.));
#4158=DIRECTION('ref_axis',(0.,0.,-1.));
#4159=DIRECTION('',(1.,0.,0.));
#4160=DIRECTION('center_axis',(0.,0.,-1.));
#4161=DIRECTION('ref_axis',(-1.,0.,0.));
#4162=DIRECTION('center_axis',(0.,0.,-1.));
#4163=DIRECTION('ref_axis',(-1.,0.,0.));
#4164=DIRECTION('',(1.,0.,0.));
#4165=DIRECTION('center_axis',(1.,0.,0.));
#4166=DIRECTION('ref_axis',(0.,0.,-1.));
#4167=DIRECTION('',(1.,0.,0.));
#4168=DIRECTION('center_axis',(0.,0.,1.));
#4169=DIRECTION('ref_axis',(1.,0.,0.));
#4170=DIRECTION('center_axis',(0.,-1.89711666226685E-15,-1.));
#4171=DIRECTION('ref_axis',(0.,1.,-1.89711666226685E-15));
#4172=DIRECTION('center_axis',(0.,0.,1.));
#4173=DIRECTION('ref_axis',(1.,0.,0.));
#4174=DIRECTION('center_axis',(0.,0.,1.));
#4175=DIRECTION('ref_axis',(1.,0.,0.));
#4176=DIRECTION('center_axis',(0.,-1.89711666226685E-15,-1.));
#4177=DIRECTION('ref_axis',(0.,1.,-1.89711666226685E-15));
#4178=DIRECTION('center_axis',(-1.,-2.51409199416929E-16,0.));
#4179=DIRECTION('ref_axis',(2.51409199416929E-16,-1.,0.));
#4180=DIRECTION('',(2.51409199416929E-16,-1.,0.));
#4181=DIRECTION('',(-2.51409199416929E-16,1.,0.));
#4182=DIRECTION('',(0.,0.,1.));
#4183=DIRECTION('center_axis',(0.,0.,-1.));
#4184=DIRECTION('ref_axis',(-1.,0.,0.));
#4185=DIRECTION('',(2.51409199416929E-16,1.,0.));
#4186=DIRECTION('',(1.,0.,0.));
#4187=DIRECTION('center_axis',(0.,1.,0.));
#4188=DIRECTION('ref_axis',(0.,0.,1.));
#4189=DIRECTION('',(1.58643902071095E-16,0.,1.));
#4190=DIRECTION('',(1.,0.,0.));
#4191=DIRECTION('center_axis',(0.,0.,1.));
#4192=DIRECTION('ref_axis',(1.,0.,0.));
#4193=DIRECTION('',(-2.51409199416929E-16,-1.,0.));
#4194=DIRECTION('center_axis',(1.,-2.51409199416929E-16,-1.58643902071095E-16));
#4195=DIRECTION('ref_axis',(2.51409199416929E-16,1.,0.));
#4196=DIRECTION('center_axis',(0.,1.,0.));
#4197=DIRECTION('ref_axis',(0.,0.,1.));
#4198=DIRECTION('',(0.,0.,1.));
#4199=DIRECTION('',(-1.,0.,0.));
#4200=DIRECTION('',(0.,0.,-1.));
#4201=DIRECTION('',(1.,0.,0.));
#4202=DIRECTION('center_axis',(0.,0.,-1.));
#4203=DIRECTION('ref_axis',(-1.,0.,0.));
#4204=DIRECTION('',(0.,-1.,0.));
#4205=DIRECTION('',(0.,-1.,0.));
#4206=DIRECTION('center_axis',(1.,0.,0.));
#4207=DIRECTION('ref_axis',(0.,0.,-1.));
#4208=DIRECTION('',(0.,-1.,0.));
#4209=DIRECTION('',(0.,0.707106781186541,-0.707106781186554));
#4210=DIRECTION('center_axis',(0.,0.,1.));
#4211=DIRECTION('ref_axis',(1.,0.,0.));
#4212=DIRECTION('',(0.,-1.,0.));
#4213=DIRECTION('',(1.,0.,0.));
#4214=DIRECTION('center_axis',(-1.,0.,0.));
#4215=DIRECTION('ref_axis',(0.,0.,1.));
#4216=DIRECTION('',(0.,-0.707106781186541,0.707106781186554));
#4217=DIRECTION('center_axis',(0.,1.,0.));
#4218=DIRECTION('ref_axis',(0.,0.,1.));
#4219=DIRECTION('',(0.,0.,1.));
#4220=DIRECTION('',(-1.,0.,0.));
#4221=DIRECTION('',(0.,0.,-1.));
#4222=DIRECTION('',(1.,0.,0.));
#4223=DIRECTION('center_axis',(-1.,0.,0.));
#4224=DIRECTION('ref_axis',(0.,0.,1.));
#4225=DIRECTION('',(0.,-0.707106781186541,0.707106781186554));
#4226=DIRECTION('',(0.,-1.,0.));
#4227=DIRECTION('',(0.,-1.,0.));
#4228=DIRECTION('center_axis',(0.,0.,-1.));
#4229=DIRECTION('ref_axis',(-1.,0.,0.));
#4230=DIRECTION('',(0.,-1.,0.));
#4231=DIRECTION('center_axis',(1.,0.,0.));
#4232=DIRECTION('ref_axis',(0.,0.,-1.));
#4233=DIRECTION('',(0.,-1.,0.));
#4234=DIRECTION('',(0.,0.707106781186541,-0.707106781186554));
#4235=DIRECTION('center_axis',(0.,0.,1.));
#4236=DIRECTION('ref_axis',(1.,0.,0.));
#4237=DIRECTION('',(1.,0.,0.));
#4238=DIRECTION('center_axis',(0.,1.,0.));
#4239=DIRECTION('ref_axis',(0.,0.,1.));
#4240=DIRECTION('',(0.,0.,-1.));
#4241=DIRECTION('',(1.,0.,0.));
#4242=DIRECTION('',(0.,0.,1.));
#4243=DIRECTION('',(-1.,0.,0.));
#4244=DIRECTION('center_axis',(0.,0.,1.));
#4245=DIRECTION('ref_axis',(1.,0.,0.));
#4246=DIRECTION('',(0.,-1.,0.));
#4247=DIRECTION('',(0.,-1.,0.));
#4248=DIRECTION('center_axis',(-1.,0.,0.));
#4249=DIRECTION('ref_axis',(0.,0.,1.));
#4250=DIRECTION('',(0.,-1.,0.));
#4251=DIRECTION('',(0.,0.707106781186541,0.707106781186554));
#4252=DIRECTION('center_axis',(0.,0.,-1.));
#4253=DIRECTION('ref_axis',(-1.,0.,0.));
#4254=DIRECTION('',(0.,-1.,0.));
#4255=DIRECTION('',(-1.,0.,0.));
#4256=DIRECTION('center_axis',(1.,0.,0.));
#4257=DIRECTION('ref_axis',(0.,0.,-1.));
#4258=DIRECTION('',(0.,-0.707106781186541,-0.707106781186554));
#4259=DIRECTION('center_axis',(0.,1.,0.));
#4260=DIRECTION('ref_axis',(0.,0.,1.));
#4261=DIRECTION('',(0.,0.,-1.));
#4262=DIRECTION('',(1.,0.,0.));
#4263=DIRECTION('',(0.,0.,1.));
#4264=DIRECTION('',(-1.,0.,0.));
#4265=DIRECTION('center_axis',(1.,0.,0.));
#4266=DIRECTION('ref_axis',(0.,0.,-1.));
#4267=DIRECTION('',(0.,-0.707106781186541,-0.707106781186554));
#4268=DIRECTION('',(0.,-1.,0.));
#4269=DIRECTION('',(0.,-1.,0.));
#4270=DIRECTION('center_axis',(0.,0.,1.));
#4271=DIRECTION('ref_axis',(1.,0.,0.));
#4272=DIRECTION('',(0.,-1.,0.));
#4273=DIRECTION('center_axis',(-1.,0.,0.));
#4274=DIRECTION('ref_axis',(0.,0.,1.));
#4275=DIRECTION('',(0.,-1.,0.));
#4276=DIRECTION('',(0.,0.707106781186541,0.707106781186554));
#4277=DIRECTION('center_axis',(0.,0.,-1.));
#4278=DIRECTION('ref_axis',(-1.,0.,0.));
#4279=DIRECTION('',(-1.,0.,0.));
#4280=DIRECTION('center_axis',(0.,-0.707106781186554,0.707106781186541));
#4281=DIRECTION('ref_axis',(-1.,0.,0.));
#4282=DIRECTION('center_axis',(0.,-0.707106781186554,-0.707106781186541));
#4283=DIRECTION('ref_axis',(1.,0.,0.));
#4284=DIRECTION('center_axis',(0.,-0.707106781186554,0.707106781186541));
#4285=DIRECTION('ref_axis',(-1.,0.,0.));
#4286=DIRECTION('center_axis',(0.,-0.707106781186554,-0.707106781186541));
#4287=DIRECTION('ref_axis',(1.,0.,0.));
#4288=DIRECTION('center_axis',(0.,1.,0.));
#4289=DIRECTION('ref_axis',(0.,0.,1.));
#4290=DIRECTION('',(0.,0.,-1.));
#4291=DIRECTION('',(-1.,0.,0.));
#4292=DIRECTION('',(0.,0.,-1.));
#4293=DIRECTION('',(-1.,0.,0.));
#4294=DIRECTION('center_axis',(0.,0.0304228883320357,-0.999537116802341));
#4295=DIRECTION('ref_axis',(0.,0.999537116802341,0.0304228883320357));
#4296=DIRECTION('',(0.,-0.999537116802341,-0.0304228883320356));
#4297=DIRECTION('',(-1.,0.,0.));
#4298=DIRECTION('',(0.,-0.999537116802341,-0.0304228883320356));
#4299=DIRECTION('center_axis',(-1.,0.,0.));
#4300=DIRECTION('ref_axis',(0.,0.,1.));
#4301=DIRECTION('center_axis',(1.,0.,0.));
#4302=DIRECTION('ref_axis',(0.,0.,-1.));
#4303=DIRECTION('',(-1.,0.,0.));
#4304=DIRECTION('center_axis',(1.,0.,0.));
#4305=DIRECTION('ref_axis',(0.,0.,-1.));
#4306=DIRECTION('center_axis',(0.,-0.0304228883320357,-0.999537116802341));
#4307=DIRECTION('ref_axis',(0.,0.999537116802341,-0.0304228883320357));
#4308=DIRECTION('',(0.,-0.999537116802341,0.0304228883320356));
#4309=DIRECTION('',(0.,-0.999537116802341,0.0304228883320356));
#4310=DIRECTION('center_axis',(1.,0.,0.));
#4311=DIRECTION('ref_axis',(0.,0.,-1.));
#4312=DIRECTION('center_axis',(1.,0.,0.));
#4313=DIRECTION('ref_axis',(0.,0.,-1.));
#4314=DIRECTION('center_axis',(0.,1.,0.));
#4315=DIRECTION('ref_axis',(0.,0.,1.));
#4316=DIRECTION('',(0.,0.,-1.));
#4317=DIRECTION('',(1.,0.,0.));
#4318=DIRECTION('',(0.,0.,-1.));
#4319=DIRECTION('',(1.,0.,0.));
#4320=DIRECTION('center_axis',(0.,0.0304228883320357,-0.999537116802341));
#4321=DIRECTION('ref_axis',(0.,0.999537116802341,0.0304228883320357));
#4322=DIRECTION('',(0.,-0.999537116802341,-0.0304228883320356));
#4323=DIRECTION('',(0.,-0.999537116802341,-0.0304228883320356));
#4324=DIRECTION('',(1.,0.,0.));
#4325=DIRECTION('center_axis',(1.,0.,0.));
#4326=DIRECTION('ref_axis',(0.,0.,1.));
#4327=DIRECTION('center_axis',(1.,0.,0.));
#4328=DIRECTION('ref_axis',(0.,0.,-1.));
#4329=DIRECTION('center_axis',(1.,0.,0.));
#4330=DIRECTION('ref_axis',(0.,0.,-1.));
#4331=DIRECTION('',(1.,0.,0.));
#4332=DIRECTION('center_axis',(0.,-0.0304228883320357,-0.999537116802341));
#4333=DIRECTION('ref_axis',(0.,0.999537116802341,-0.0304228883320357));
#4334=DIRECTION('',(0.,-0.999537116802341,0.0304228883320356));
#4335=DIRECTION('',(0.,-0.999537116802341,0.0304228883320356));
#4336=DIRECTION('center_axis',(-1.,0.,0.));
#4337=DIRECTION('ref_axis',(0.,0.,-1.));
#4338=DIRECTION('center_axis',(-1.,0.,0.));
#4339=DIRECTION('ref_axis',(0.,0.,-1.));
#4340=DIRECTION('',(1.,-2.22044604925031E-16,-1.47104550762833E-15));
#4341=DIRECTION('',(-2.22044604925031E-16,-1.,-1.38777878078145E-16));
#4342=CARTESIAN_POINT('',(0.,0.,0.));
#4343=CARTESIAN_POINT('',(0.,0.,0.));
#4344=CARTESIAN_POINT('',(0.,0.,0.));
#4345=CARTESIAN_POINT('Origin',(0.,0.,0.));
#4346=CARTESIAN_POINT('',(-0.0984251968503937,1.20536102278283E-17,0.));
#4347=CARTESIAN_POINT('Origin',(0.,0.,0.));
#4348=CARTESIAN_POINT('',(-0.0984251968503937,1.20536102278283E-17,0.393700787401575));
#4349=CARTESIAN_POINT('',(-0.0984251968503937,1.20536102278283E-17,0.));
#4350=CARTESIAN_POINT('Origin',(0.,0.,0.393700787401575));
#4351=CARTESIAN_POINT('Origin',(0.,0.,0.));
#4352=CARTESIAN_POINT('Origin',(0.,0.,0.393700787401575));
#4353=CARTESIAN_POINT('',(0.,0.,0.));
#4354=CARTESIAN_POINT('Origin',(0.,0.,0.));
#4355=CARTESIAN_POINT('',(-0.00693785831330328,0.0823855557306733,0.));
#4356=CARTESIAN_POINT('Origin',(0.,0.,0.));
#4357=CARTESIAN_POINT('Origin',(0.,0.,0.0196850393700787));
#4358=CARTESIAN_POINT('',(0.,0.102362204724409,0.0196850393700787));
#4359=CARTESIAN_POINT('',(-0.00858972934028025,0.102001164237976,0.0196850393700787));
#4360=CARTESIAN_POINT('Origin',(0.,0.,0.0196850393700787));
#4361=CARTESIAN_POINT('Origin',(-0.00693785831330328,0.0823855557306733,
0.0196850393700787));
#4362=CARTESIAN_POINT('Origin',(0.,0.,0.0196850393700787));
#4363=CARTESIAN_POINT('Origin',(0.,0.,0.));
#4364=CARTESIAN_POINT('',(-1.25357546369414E-17,0.102362204724409,0.196850393700787));
#4365=CARTESIAN_POINT('Origin',(0.,0.,0.196850393700787));
#4366=CARTESIAN_POINT('',(-1.25357546369414E-17,0.102362204724409,0.));
#4367=CARTESIAN_POINT('Origin',(0.,0.,0.196850393700787));
#4368=CARTESIAN_POINT('',(0.,0.,0.));
#4369=CARTESIAN_POINT('',(-6.99353086377953E-17,9.0055647466811E-18,0.196850393700787));
#4370=CARTESIAN_POINT('',(0.,0.,0.78740157480315));
#4371=CARTESIAN_POINT('Origin',(-0.4755,0.404177981276745,0.0967495708053814));
#4372=CARTESIAN_POINT('',(-0.3085,0.425,0.0967495708053814));
#4373=CARTESIAN_POINT('',(-0.3085,0.401176939393974,0.076144954542771));
#4374=CARTESIAN_POINT('Origin',(-0.3085,0.404177981276745,0.0967495708053814));
#4375=CARTESIAN_POINT('',(-0.2885,0.425,0.0967495708053814));
#4376=CARTESIAN_POINT('',(-0.4755,0.425,0.0967495708053814));
#4377=CARTESIAN_POINT('',(-0.2885,0.401176939393974,0.076144954542771));
#4378=CARTESIAN_POINT('Origin',(-0.2885,0.404177981276745,0.0967495708053814));
#4379=CARTESIAN_POINT('',(-0.4755,0.401176939393974,0.076144954542771));
#4380=CARTESIAN_POINT('Origin',(-0.2885,0.733648667581767,0.154));
#4381=CARTESIAN_POINT('',(-0.2885,0.425,0.154));
#4382=CARTESIAN_POINT('',(-0.2885,0.133661417322835,0.154));
#4383=CARTESIAN_POINT('',(-0.2885,0.733648667581767,0.154));
#4384=CARTESIAN_POINT('',(-0.3085,0.425,0.154));
#4385=CARTESIAN_POINT('',(-0.2885,0.425,0.154));
#4386=CARTESIAN_POINT('',(-0.3085,0.133661417322835,0.154));
#4387=CARTESIAN_POINT('',(-0.3085,0.733648667581767,0.154));
#4388=CARTESIAN_POINT('',(-0.2885,0.133661417322835,0.154));
#4389=CARTESIAN_POINT('Origin',(0.4305,0.425,-0.146));
#4390=CARTESIAN_POINT('',(-0.2885,0.425,0.154));
#4391=CARTESIAN_POINT('',(-0.3085,0.425,0.154));
#4392=CARTESIAN_POINT('Origin',(-0.3085,0.733648667581767,0.154));
#4393=CARTESIAN_POINT('',(-0.3085,0.315899481653431,0.0885655315180392));
#4394=CARTESIAN_POINT('',(-0.3085,0.216085241120043,0.0213559052451301));
#4395=CARTESIAN_POINT('Origin',(-0.3085,0.303,0.));
#4396=CARTESIAN_POINT('',(-0.3085,0.133661417322835,0.0213559052451301));
#4397=CARTESIAN_POINT('',(-0.3085,0.733648667581767,0.0213559052451302));
#4398=CARTESIAN_POINT('',(-0.3085,0.133661417322835,0.154));
#4399=CARTESIAN_POINT('',(-0.3085,0.715638289890787,0.0303439713394974));
#4400=CARTESIAN_POINT('Origin',(-0.2885,0.733648667581767,0.154));
#4401=CARTESIAN_POINT('',(-0.2885,0.133661417322835,0.0213559052451301));
#4402=CARTESIAN_POINT('',(-0.2885,0.133661417322835,0.154));
#4403=CARTESIAN_POINT('',(-0.2885,0.216085241120043,0.0213559052451301));
#4404=CARTESIAN_POINT('',(-0.2885,0.733648667581767,0.0213559052451302));
#4405=CARTESIAN_POINT('',(-0.2885,0.315899481653431,0.0885655315180392));
#4406=CARTESIAN_POINT('Origin',(-0.2885,0.303,0.));
#4407=CARTESIAN_POINT('',(-0.2885,0.715638289890787,0.0303439713394974));
#4408=CARTESIAN_POINT('Origin',(1.14107085857408E-16,0.133661417322834,
0.));
#4409=CARTESIAN_POINT('',(1.14107085857408E-16,0.133661417322834,0.0213559052451301));
#4410=CARTESIAN_POINT('Origin',(-0.4755,0.315899481653431,0.0885655315180392));
#4411=CARTESIAN_POINT('',(-0.4755,0.315899481653431,0.0885655315180392));
#4412=CARTESIAN_POINT('Origin',(-0.4755,0.303,0.));
#4413=CARTESIAN_POINT('',(-0.4755,0.216085241120043,0.0213559052451301));
#4414=CARTESIAN_POINT('Origin',(-0.4755,0.216085241120043,0.0213559052451301));
#4415=CARTESIAN_POINT('Origin',(-0.4755,0.404177981276745,0.0967495708053814));
#4416=CARTESIAN_POINT('',(0.2885,0.425,0.0967495708053814));
#4417=CARTESIAN_POINT('',(0.2885,0.401176939393974,0.076144954542771));
#4418=CARTESIAN_POINT('Origin',(0.2885,0.404177981276745,0.0967495708053814));
#4419=CARTESIAN_POINT('',(0.3085,0.425,0.0967495708053814));
#4420=CARTESIAN_POINT('',(-0.4755,0.425,0.0967495708053814));
#4421=CARTESIAN_POINT('',(0.3085,0.401176939393974,0.076144954542771));
#4422=CARTESIAN_POINT('Origin',(0.3085,0.404177981276745,0.0967495708053814));
#4423=CARTESIAN_POINT('',(-0.4755,0.401176939393974,0.076144954542771));
#4424=CARTESIAN_POINT('Origin',(0.2885,0.733648667581767,0.154));
#4425=CARTESIAN_POINT('',(0.3085,0.425,0.154));
#4426=CARTESIAN_POINT('',(0.3085,0.133661417322835,0.154));
#4427=CARTESIAN_POINT('',(0.3085,0.733648667581767,0.154));
#4428=CARTESIAN_POINT('',(0.2885,0.425,0.154));
#4429=CARTESIAN_POINT('',(0.2885,0.425,0.154));
#4430=CARTESIAN_POINT('',(0.2885,0.133661417322835,0.154));
#4431=CARTESIAN_POINT('',(0.2885,0.733648667581767,0.154));
#4432=CARTESIAN_POINT('',(0.2885,0.133661417322835,0.154));
#4433=CARTESIAN_POINT('Origin',(0.4305,0.425,-0.146));
#4434=CARTESIAN_POINT('',(0.3085,0.425,0.154));
#4435=CARTESIAN_POINT('',(0.2885,0.425,0.154));
#4436=CARTESIAN_POINT('Origin',(0.2885,0.733648667581767,0.154));
#4437=CARTESIAN_POINT('',(0.2885,0.315899481653431,0.0885655315180392));
#4438=CARTESIAN_POINT('',(0.2885,0.216085241120043,0.0213559052451301));
#4439=CARTESIAN_POINT('Origin',(0.2885,0.303,0.));
#4440=CARTESIAN_POINT('',(0.2885,0.133661417322835,0.0213559052451301));
#4441=CARTESIAN_POINT('',(0.2885,0.733648667581767,0.0213559052451302));
#4442=CARTESIAN_POINT('',(0.2885,0.133661417322835,0.154));
#4443=CARTESIAN_POINT('',(0.2885,0.715638289890787,0.0303439713394974));
#4444=CARTESIAN_POINT('Origin',(0.3085,0.733648667581767,0.154));
#4445=CARTESIAN_POINT('',(0.3085,0.133661417322835,0.0213559052451301));
#4446=CARTESIAN_POINT('',(0.3085,0.133661417322835,0.154));
#4447=CARTESIAN_POINT('',(0.3085,0.216085241120043,0.0213559052451301));
#4448=CARTESIAN_POINT('',(0.3085,0.733648667581767,0.0213559052451302));
#4449=CARTESIAN_POINT('',(0.3085,0.315899481653431,0.0885655315180392));
#4450=CARTESIAN_POINT('Origin',(0.3085,0.303,0.));
#4451=CARTESIAN_POINT('',(0.3085,0.715638289890787,0.0303439713394974));
#4452=CARTESIAN_POINT('Origin',(1.14107085857409E-16,0.133661417322835,
0.));
#4453=CARTESIAN_POINT('',(1.14107085857409E-16,0.133661417322835,0.0213559052451301));
#4454=CARTESIAN_POINT('Origin',(-0.4755,0.315899481653431,0.0885655315180392));
#4455=CARTESIAN_POINT('',(-0.4755,0.315899481653431,0.0885655315180392));
#4456=CARTESIAN_POINT('Origin',(-0.4755,0.303,0.));
#4457=CARTESIAN_POINT('',(-0.4755,0.216085241120043,0.0213559052451301));
#4458=CARTESIAN_POINT('Origin',(-0.4755,0.216085241120043,0.0213559052451301));
#4459=CARTESIAN_POINT('Origin',(-0.4755,0.303,0.));
#4460=CARTESIAN_POINT('',(-0.3085,0.216085241120043,-0.0213559052451301));
#4461=CARTESIAN_POINT('',(-0.3085,0.315899481653431,-0.0885655315180392));
#4462=CARTESIAN_POINT('Origin',(-0.3085,0.303,0.));
#4463=CARTESIAN_POINT('',(-0.2885,0.216085241120043,-0.0213559052451301));
#4464=CARTESIAN_POINT('',(-0.4755,0.216085241120043,-0.0213559052451301));
#4465=CARTESIAN_POINT('',(-0.2885,0.315899481653431,-0.0885655315180392));
#4466=CARTESIAN_POINT('Origin',(-0.2885,0.303,0.));
#4467=CARTESIAN_POINT('',(-0.4755,0.315899481653431,-0.0885655315180392));
#4468=CARTESIAN_POINT('Origin',(1.14107085857408E-16,0.133661417322834,
0.));
#4469=CARTESIAN_POINT('',(-0.2885,0.133661417322835,-0.0213559052451301));
#4470=CARTESIAN_POINT('',(-0.2885,0.133661417322835,-0.154));
#4471=CARTESIAN_POINT('',(-0.2885,0.133661417322835,0.154));
#4472=CARTESIAN_POINT('',(-0.3085,0.133661417322835,-0.0213559052451301));
#4473=CARTESIAN_POINT('',(1.14107085857408E-16,0.133661417322834,-0.0213559052451301));
#4474=CARTESIAN_POINT('',(-0.3085,0.133661417322835,-0.154));
#4475=CARTESIAN_POINT('',(-0.3085,0.133661417322835,0.154));
#4476=CARTESIAN_POINT('',(-0.2885,0.133661417322835,-0.154));
#4477=CARTESIAN_POINT('Origin',(-0.2885,0.733648667581767,0.154));
#4478=CARTESIAN_POINT('',(-0.2885,0.425,-0.154));
#4479=CARTESIAN_POINT('',(-0.2885,0.425,-0.0967495708053814));
#4480=CARTESIAN_POINT('',(-0.2885,0.425,0.154));
#4481=CARTESIAN_POINT('',(-0.2885,0.401176939393974,-0.076144954542771));
#4482=CARTESIAN_POINT('Origin',(-0.2885,0.404177981276745,-0.0967495708053814));
#4483=CARTESIAN_POINT('',(-0.2885,0.759566310898188,-0.0239458987333269));
#4484=CARTESIAN_POINT('',(-0.2885,0.733648667581767,-0.0213559052451302));
#4485=CARTESIAN_POINT('',(-0.2885,0.733648667581767,-0.154));
#4486=CARTESIAN_POINT('Origin',(-0.3085,0.733648667581767,0.154));
#4487=CARTESIAN_POINT('',(-0.3085,0.401176939393974,-0.076144954542771));
#4488=CARTESIAN_POINT('',(-0.3085,0.759566310898188,-0.0239458987333269));
#4489=CARTESIAN_POINT('',(-0.3085,0.425,-0.0967495708053814));
#4490=CARTESIAN_POINT('Origin',(-0.3085,0.404177981276745,-0.0967495708053814));
#4491=CARTESIAN_POINT('',(-0.3085,0.425,-0.154));
#4492=CARTESIAN_POINT('',(-0.3085,0.425,0.154));
#4493=CARTESIAN_POINT('',(-0.3085,0.733648667581767,-0.154));
#4494=CARTESIAN_POINT('',(-0.3085,0.733648667581767,-0.0213559052451302));
#4495=CARTESIAN_POINT('Origin',(0.4305,0.425,-0.146));
#4496=CARTESIAN_POINT('',(-0.4755,0.425,-0.0967495708053814));
#4497=CARTESIAN_POINT('',(-0.2885,0.425,-0.154));
#4498=CARTESIAN_POINT('Origin',(-0.2885,0.733648667581767,-0.154));
#4499=CARTESIAN_POINT('Origin',(-0.4755,0.315899481653431,-0.0885655315180392));
#4500=CARTESIAN_POINT('',(-0.4755,0.401176939393974,-0.076144954542771));
#4501=CARTESIAN_POINT('Origin',(-0.4755,0.216085241120043,-0.0213559052451301));
#4502=CARTESIAN_POINT('Origin',(-0.4755,0.404177981276745,-0.0967495708053814));
#4503=CARTESIAN_POINT('Origin',(-0.4755,0.303,0.));
#4504=CARTESIAN_POINT('',(0.2885,0.216085241120043,-0.0213559052451301));
#4505=CARTESIAN_POINT('',(0.2885,0.315899481653431,-0.0885655315180392));
#4506=CARTESIAN_POINT('Origin',(0.2885,0.303,0.));
#4507=CARTESIAN_POINT('',(0.3085,0.216085241120043,-0.0213559052451301));
#4508=CARTESIAN_POINT('',(-0.4755,0.216085241120043,-0.0213559052451301));
#4509=CARTESIAN_POINT('',(0.3085,0.315899481653431,-0.0885655315180392));
#4510=CARTESIAN_POINT('Origin',(0.3085,0.303,0.));
#4511=CARTESIAN_POINT('',(-0.4755,0.315899481653431,-0.0885655315180392));
#4512=CARTESIAN_POINT('Origin',(1.14107085857409E-16,0.133661417322835,
0.));
#4513=CARTESIAN_POINT('',(0.2885,0.133661417322835,-0.0213559052451301));
#4514=CARTESIAN_POINT('',(0.3085,0.133661417322835,-0.0213559052451301));
#4515=CARTESIAN_POINT('',(1.14107085857409E-16,0.133661417322835,-0.0213559052451301));
#4516=CARTESIAN_POINT('',(0.2885,0.133661417322835,-0.154));
#4517=CARTESIAN_POINT('',(0.2885,0.133661417322835,0.154));
#4518=CARTESIAN_POINT('',(0.3085,0.133661417322835,-0.154));
#4519=CARTESIAN_POINT('',(0.2885,0.133661417322835,-0.154));
#4520=CARTESIAN_POINT('',(0.3085,0.133661417322835,0.154));
#4521=CARTESIAN_POINT('Origin',(0.3085,0.733648667581767,0.154));
#4522=CARTESIAN_POINT('',(0.3085,0.425,-0.154));
#4523=CARTESIAN_POINT('',(0.3085,0.425,-0.0967495708053814));
#4524=CARTESIAN_POINT('',(0.3085,0.425,0.154));
#4525=CARTESIAN_POINT('',(0.3085,0.401176939393974,-0.076144954542771));
#4526=CARTESIAN_POINT('Origin',(0.3085,0.404177981276745,-0.0967495708053814));
#4527=CARTESIAN_POINT('',(0.3085,0.759566310898188,-0.023945898733327));
#4528=CARTESIAN_POINT('',(0.3085,0.733648667581767,-0.0213559052451302));
#4529=CARTESIAN_POINT('',(0.3085,0.733648667581767,-0.154));
#4530=CARTESIAN_POINT('Origin',(0.2885,0.733648667581767,0.154));
#4531=CARTESIAN_POINT('',(0.2885,0.401176939393974,-0.076144954542771));
#4532=CARTESIAN_POINT('',(0.2885,0.759566310898188,-0.023945898733327));
#4533=CARTESIAN_POINT('',(0.2885,0.425,-0.0967495708053814));
#4534=CARTESIAN_POINT('Origin',(0.2885,0.404177981276745,-0.0967495708053814));
#4535=CARTESIAN_POINT('',(0.2885,0.425,-0.154));
#4536=CARTESIAN_POINT('',(0.2885,0.425,0.154));
#4537=CARTESIAN_POINT('',(0.2885,0.733648667581767,-0.154));
#4538=CARTESIAN_POINT('',(0.2885,0.733648667581767,-0.0213559052451302));
#4539=CARTESIAN_POINT('Origin',(0.4305,0.425,-0.146));
#4540=CARTESIAN_POINT('',(-0.4755,0.425,-0.0967495708053814));
#4541=CARTESIAN_POINT('',(0.2885,0.425,-0.154));
#4542=CARTESIAN_POINT('Origin',(0.2885,0.733648667581767,-0.154));
#4543=CARTESIAN_POINT('Origin',(-0.4755,0.315899481653431,-0.0885655315180392));
#4544=CARTESIAN_POINT('',(-0.4755,0.401176939393974,-0.076144954542771));
#4545=CARTESIAN_POINT('Origin',(-0.4755,0.216085241120043,-0.0213559052451301));
#4546=CARTESIAN_POINT('Origin',(-0.4755,0.404177981276745,-0.0967495708053814));
#4547=CARTESIAN_POINT('Origin',(0.4305,0.,-0.146));
#4548=CARTESIAN_POINT('',(-0.4755,0.,0.14586368241685));
#4549=CARTESIAN_POINT('',(-0.434,0.,0.14586368241685));
#4550=CARTESIAN_POINT('',(-0.645275590551181,0.,0.14586368241685));
#4551=CARTESIAN_POINT('',(-0.434,0.,0.19086368241685));
#4552=CARTESIAN_POINT('',(-0.434,0.,-0.146));
#4553=CARTESIAN_POINT('',(-0.4755,0.,0.146));
#4554=CARTESIAN_POINT('Origin',(-0.4305,0.,0.146));
#4555=CARTESIAN_POINT('',(-0.4755,0.,-0.146));
#4556=CARTESIAN_POINT('Origin',(0.4305,0.,-0.146));
#4557=CARTESIAN_POINT('',(0.434,0.,0.14586368241685));
#4558=CARTESIAN_POINT('',(0.4755,0.,0.14586368241685));
#4559=CARTESIAN_POINT('',(-0.645275590551181,0.,0.14586368241685));
#4560=CARTESIAN_POINT('',(0.4755,0.,0.146));
#4561=CARTESIAN_POINT('',(0.4755,0.,0.146));
#4562=CARTESIAN_POINT('',(0.434,0.,0.19086368241685));
#4563=CARTESIAN_POINT('Origin',(0.4305,0.,0.146));
#4564=CARTESIAN_POINT('',(0.434,0.,-0.146));
#4565=CARTESIAN_POINT('Origin',(-0.434,0.018,-0.191));
#4566=CARTESIAN_POINT('',(-0.434,0.018,0.14586368241685));
#4567=CARTESIAN_POINT('',(-0.434,0.018,0.14586368241685));
#4568=CARTESIAN_POINT('',(-0.434,0.018,0.19086368241685));
#4569=CARTESIAN_POINT('',(-0.434,0.018,-0.191));
#4570=CARTESIAN_POINT('',(-0.434,0.425,0.19086368241685));
#4571=CARTESIAN_POINT('Origin',(0.434,0.,-0.191));
#4572=CARTESIAN_POINT('',(0.434,0.018,0.14586368241685));
#4573=CARTESIAN_POINT('',(0.434,0.018,0.19086368241685));
#4574=CARTESIAN_POINT('',(0.434,0.018,-0.191));
#4575=CARTESIAN_POINT('',(0.434,0.,0.14586368241685));
#4576=CARTESIAN_POINT('',(0.434,0.425,0.19086368241685));
#4577=CARTESIAN_POINT('Origin',(0.4305,0.425,-0.146));
#4578=CARTESIAN_POINT('',(-0.276090551181102,0.425,-0.112204724409449));
#4579=CARTESIAN_POINT('',(-0.276090551181102,0.425,-0.168165354330709));
#4580=CARTESIAN_POINT('',(-0.276090551181102,0.425,0.168165354330709));
#4581=CARTESIAN_POINT('',(-0.239279527559055,0.425,-0.112204724409449));
#4582=CARTESIAN_POINT('',(-0.295275590551181,0.425,-0.112204724409449));
#4583=CARTESIAN_POINT('',(-0.239279527559055,0.425,-0.1485));
#4584=CARTESIAN_POINT('',(-0.239279527559055,0.425,-0.48661481028422));
#4585=CARTESIAN_POINT('',(-0.150484251968504,0.425,-0.1485));
#4586=CARTESIAN_POINT('',(-0.239279527559055,0.425,-0.1485));
#4587=CARTESIAN_POINT('',(-0.150484251968504,0.425,-0.191));
#4588=CARTESIAN_POINT('',(-0.150484251968504,0.425,0.48661481028422));
#4589=CARTESIAN_POINT('',(-0.4305,0.425,-0.191));
#4590=CARTESIAN_POINT('',(0.4305,0.425,-0.191));
#4591=CARTESIAN_POINT('',(-0.4755,0.425,-0.146));
#4592=CARTESIAN_POINT('Origin',(-0.4305,0.425,-0.146));
#4593=CARTESIAN_POINT('',(-0.4755,0.425,0.146));
#4594=CARTESIAN_POINT('',(-0.4755,0.425,-0.146));
#4595=CARTESIAN_POINT('',(-0.4305,0.425,0.191));
#4596=CARTESIAN_POINT('Origin',(-0.4305,0.425,0.146));
#4597=CARTESIAN_POINT('',(-0.239279527559055,0.425,0.191));
#4598=CARTESIAN_POINT('',(-0.4305,0.425,0.191));
#4599=CARTESIAN_POINT('',(-0.239279527559055,0.425,0.112204724409449));
#4600=CARTESIAN_POINT('',(-0.239279527559055,0.425,-0.48661481028422));
#4601=CARTESIAN_POINT('',(-0.276090551181102,0.425,0.112204724409449));
#4602=CARTESIAN_POINT('',(-0.295275590551181,0.425,0.112204724409449));
#4603=CARTESIAN_POINT('',(-0.276090551181102,0.425,0.168165354330709));
#4604=CARTESIAN_POINT('',(-0.276090551181102,0.425,0.168165354330709));
#4605=CARTESIAN_POINT('',(-0.321366141732284,0.425,0.168165354330709));
#4606=CARTESIAN_POINT('',(-0.276090551181102,0.425,0.168165354330709));
#4607=CARTESIAN_POINT('',(-0.321366141732284,0.425,0.11107874015748));
#4608=CARTESIAN_POINT('',(-0.321366141732284,0.425,0.168165354330709));
#4609=CARTESIAN_POINT('',(-0.360736220472441,0.425,0.11107874015748));
#4610=CARTESIAN_POINT('',(-0.321366141732284,0.425,0.11107874015748));
#4611=CARTESIAN_POINT('',(-0.360736220472441,0.425,0.150448818897638));
#4612=CARTESIAN_POINT('',(-0.360736220472441,0.425,0.11107874015748));
#4613=CARTESIAN_POINT('',(-0.423531496062992,0.425,0.150448818897638));
#4614=CARTESIAN_POINT('',(-0.360736220472441,0.425,0.150448818897638));
#4615=CARTESIAN_POINT('',(-0.451090551181102,0.425,0.122889763779527));
#4616=CARTESIAN_POINT('Origin',(-0.423531496062992,0.425,0.122889763779527));
#4617=CARTESIAN_POINT('',(-0.451090551181102,0.425,0.0717086614173228));
#4618=CARTESIAN_POINT('',(-0.451090551181102,0.425,0.122889763779527));
#4619=CARTESIAN_POINT('',(-0.407783464566929,0.425,0.0717086614173228));
#4620=CARTESIAN_POINT('',(-0.451090551181102,0.425,0.0717086614173228));
#4621=CARTESIAN_POINT('',(-0.407783464566929,0.425,0.031496062992126));
#4622=CARTESIAN_POINT('',(-0.407783464566929,0.425,0.0717086614173228));
#4623=CARTESIAN_POINT('',(-0.451090551181102,0.425,0.031496062992126));
#4624=CARTESIAN_POINT('',(-0.407783464566929,0.425,0.031496062992126));
#4625=CARTESIAN_POINT('',(-0.451090551181102,0.425,-0.031496062992126));
#4626=CARTESIAN_POINT('',(-0.451090551181102,0.425,-0.031496062992126));
#4627=CARTESIAN_POINT('',(-0.407783464566929,0.425,-0.031496062992126));
#4628=CARTESIAN_POINT('',(-0.407783464566929,0.425,-0.031496062992126));
#4629=CARTESIAN_POINT('',(-0.407783464566929,0.425,-0.0717086614173228));
#4630=CARTESIAN_POINT('',(-0.407783464566929,0.425,-0.0717086614173228));
#4631=CARTESIAN_POINT('',(-0.451090551181102,0.425,-0.0717086614173228));
#4632=CARTESIAN_POINT('',(-0.451090551181102,0.425,-0.0717086614173228));
#4633=CARTESIAN_POINT('',(-0.451090551181102,0.425,-0.122889763779527));
#4634=CARTESIAN_POINT('',(-0.451090551181102,0.425,-0.122889763779527));
#4635=CARTESIAN_POINT('',(-0.423531496062992,0.425,-0.150448818897638));
#4636=CARTESIAN_POINT('Origin',(-0.423531496062992,0.425,-0.122889763779527));
#4637=CARTESIAN_POINT('',(-0.360736220472441,0.425,-0.150448818897638));
#4638=CARTESIAN_POINT('',(-0.360736220472441,0.425,-0.150448818897638));
#4639=CARTESIAN_POINT('',(-0.360736220472441,0.425,-0.11107874015748));
#4640=CARTESIAN_POINT('',(-0.360736220472441,0.425,-0.11107874015748));
#4641=CARTESIAN_POINT('',(-0.321366141732283,0.425,-0.11107874015748));
#4642=CARTESIAN_POINT('',(-0.321366141732283,0.425,-0.11107874015748));
#4643=CARTESIAN_POINT('',(-0.321366141732283,0.425,-0.168165354330709));
#4644=CARTESIAN_POINT('',(-0.321366141732283,0.425,-0.168165354330709));
#4645=CARTESIAN_POINT('',(-0.276090551181102,0.425,-0.168165354330709));
#4646=CARTESIAN_POINT('Origin',(0.4305,0.,-0.146));
#4647=CARTESIAN_POINT('',(-0.4755,0.,-0.14586368241685));
#4648=CARTESIAN_POINT('',(-0.434,0.,-0.14586368241685));
#4649=CARTESIAN_POINT('',(-0.645275590551181,0.,-0.14586368241685));
#4650=CARTESIAN_POINT('',(-0.4755,0.,-0.146));
#4651=CARTESIAN_POINT('',(-0.4755,0.,-0.146));
#4652=CARTESIAN_POINT('',(-0.434,0.,-0.19086368241685));
#4653=CARTESIAN_POINT('Origin',(-0.4305,0.,-0.146));
#4654=CARTESIAN_POINT('',(-0.434,0.,-0.146));
#4655=CARTESIAN_POINT('Origin',(0.4305,0.425,-0.146));
#4656=CARTESIAN_POINT('',(0.434,0.,-0.19086368241685));
#4657=CARTESIAN_POINT('',(0.434,0.018,-0.19086368241685));
#4658=CARTESIAN_POINT('',(0.434,0.425,-0.19086368241685));
#4659=CARTESIAN_POINT('',(0.4305,0.018,-0.191));
#4660=CARTESIAN_POINT('Origin',(0.4305,0.018,-0.146));
#4661=CARTESIAN_POINT('',(0.4305,0.425,-0.191));
#4662=CARTESIAN_POINT('',(0.4305,0.425,-0.191));
#4663=CARTESIAN_POINT('',(0.4755,0.425,-0.146));
#4664=CARTESIAN_POINT('Origin',(0.4305,0.425,-0.146));
#4665=CARTESIAN_POINT('',(0.4755,0.,-0.146));
#4666=CARTESIAN_POINT('',(0.4755,0.425,-0.146));
#4667=CARTESIAN_POINT('Origin',(0.4305,0.,-0.146));
#4668=CARTESIAN_POINT('Origin',(0.4305,0.425,-0.191));
#4669=CARTESIAN_POINT('',(-0.150484251968504,0.153346456692913,-0.191));
#4670=CARTESIAN_POINT('',(-0.150484251968504,0.425,-0.191));
#4671=CARTESIAN_POINT('',(-0.130799212598425,0.133661417322835,-0.191));
#4672=CARTESIAN_POINT('Origin',(-0.130799212598425,0.153346456692913,-0.191));
#4673=CARTESIAN_POINT('',(0.219279527559055,0.133661417322835,-0.191));
#4674=CARTESIAN_POINT('',(-0.130799212598425,0.133661417322835,-0.191));
#4675=CARTESIAN_POINT('',(0.239279527559055,0.153661417322835,-0.191));
#4676=CARTESIAN_POINT('Origin',(0.219279527559055,0.153661417322835,-0.191));
#4677=CARTESIAN_POINT('',(0.239279527559055,0.425,-0.191));
#4678=CARTESIAN_POINT('',(0.239279527559055,0.153346456692913,-0.191));
#4679=CARTESIAN_POINT('',(0.4305,0.425,-0.191));
#4680=CARTESIAN_POINT('',(-0.4305,0.018,-0.191));
#4681=CARTESIAN_POINT('',(0.434,0.018,-0.191));
#4682=CARTESIAN_POINT('',(-0.4305,0.425,-0.191));
#4683=CARTESIAN_POINT('Origin',(-0.4305,0.425,-0.146));
#4684=CARTESIAN_POINT('',(-0.434,0.018,-0.19086368241685));
#4685=CARTESIAN_POINT('Origin',(-0.4305,0.018,-0.146));
#4686=CARTESIAN_POINT('',(-0.434,0.425,-0.19086368241685));
#4687=CARTESIAN_POINT('',(-0.4755,0.425,-0.146));
#4688=CARTESIAN_POINT('Origin',(-0.4755,0.425,-0.146));
#4689=CARTESIAN_POINT('',(-0.4755,0.018,-0.14586368241685));
#4690=CARTESIAN_POINT('',(-0.4755,0.018,0.14586368241685));
#4691=CARTESIAN_POINT('',(-0.4755,0.018,-0.146));
#4692=CARTESIAN_POINT('',(-0.4755,0.425,0.14586368241685));
#4693=CARTESIAN_POINT('',(-0.4755,0.425,0.146));
#4694=CARTESIAN_POINT('',(-0.4755,0.425,-0.145863682416851));
#4695=CARTESIAN_POINT('Origin',(-0.4305,0.425,0.146));
#4696=CARTESIAN_POINT('',(-0.4305,0.018,0.191));
#4697=CARTESIAN_POINT('Origin',(-0.4305,0.018,0.146));
#4698=CARTESIAN_POINT('',(-0.4305,0.425,0.191));
#4699=CARTESIAN_POINT('Origin',(-0.4305,0.425,0.191));
#4700=CARTESIAN_POINT('',(-0.219279527559055,0.133661417322835,0.191));
#4701=CARTESIAN_POINT('',(0.130799212598425,0.133661417322835,0.191));
#4702=CARTESIAN_POINT('',(-0.219594488188976,0.133661417322835,0.191));
#4703=CARTESIAN_POINT('',(-0.239279527559055,0.153661417322835,0.191));
#4704=CARTESIAN_POINT('Origin',(-0.219279527559055,0.153661417322835,0.191));
#4705=CARTESIAN_POINT('',(-0.239279527559055,0.425,0.191));
#4706=CARTESIAN_POINT('',(0.4305,0.018,0.191));
#4707=CARTESIAN_POINT('',(0.434,0.018,0.191));
#4708=CARTESIAN_POINT('',(0.4305,0.425,0.191));
#4709=CARTESIAN_POINT('',(0.4305,0.425,0.191));
#4710=CARTESIAN_POINT('',(0.150484251968504,0.425,0.191));
#4711=CARTESIAN_POINT('',(-0.4305,0.425,0.191));
#4712=CARTESIAN_POINT('',(0.150484251968504,0.153346456692913,0.191));
#4713=CARTESIAN_POINT('',(0.150484251968504,0.153346456692913,0.191));
#4714=CARTESIAN_POINT('Origin',(0.130799212598425,0.153346456692913,0.191));
#4715=CARTESIAN_POINT('Origin',(0.4305,0.425,0.146));
#4716=CARTESIAN_POINT('Origin',(0.4305,0.018,0.146));
#4717=CARTESIAN_POINT('',(0.4755,0.425,0.146));
#4718=CARTESIAN_POINT('',(0.4755,0.425,0.146));
#4719=CARTESIAN_POINT('Origin',(0.4305,0.425,0.146));
#4720=CARTESIAN_POINT('Origin',(0.4755,0.425,0.146));
#4721=CARTESIAN_POINT('',(0.4755,0.018,0.14586368241685));
#4722=CARTESIAN_POINT('',(0.4755,0.425,0.14586368241685));
#4723=CARTESIAN_POINT('',(0.4755,0.018,-0.14586368241685));
#4724=CARTESIAN_POINT('',(0.4755,0.018,0.146));
#4725=CARTESIAN_POINT('',(0.4755,0.,-0.14586368241685));
#4726=CARTESIAN_POINT('',(0.4755,0.424999999999999,-0.145863682416851));
#4727=CARTESIAN_POINT('',(0.4755,0.,0.146));
#4728=CARTESIAN_POINT('',(0.4755,0.425,0.146));
#4729=CARTESIAN_POINT('Origin',(0.4305,0.425,-0.146));
#4730=CARTESIAN_POINT('',(0.239279527559055,0.425,-0.112204724409449));
#4731=CARTESIAN_POINT('',(0.239279527559055,0.425,0.48661481028422));
#4732=CARTESIAN_POINT('',(0.276090551181102,0.425,-0.112204724409449));
#4733=CARTESIAN_POINT('',(-0.295275590551181,0.425,-0.112204724409449));
#4734=CARTESIAN_POINT('',(0.276090551181102,0.425,-0.168165354330709));
#4735=CARTESIAN_POINT('',(0.276090551181102,0.425,0.168165354330709));
#4736=CARTESIAN_POINT('',(0.321366141732283,0.425,-0.168165354330709));
#4737=CARTESIAN_POINT('',(0.276090551181102,0.425,-0.168165354330709));
#4738=CARTESIAN_POINT('',(0.321366141732283,0.425,-0.11107874015748));
#4739=CARTESIAN_POINT('',(0.321366141732283,0.425,-0.168165354330709));
#4740=CARTESIAN_POINT('',(0.360736220472441,0.425,-0.11107874015748));
#4741=CARTESIAN_POINT('',(0.321366141732283,0.425,-0.11107874015748));
#4742=CARTESIAN_POINT('',(0.360736220472441,0.425,-0.150448818897638));
#4743=CARTESIAN_POINT('',(0.360736220472441,0.425,-0.11107874015748));
#4744=CARTESIAN_POINT('',(0.423531496062992,0.425,-0.150448818897638));
#4745=CARTESIAN_POINT('',(0.360736220472441,0.425,-0.150448818897638));
#4746=CARTESIAN_POINT('',(0.451090551181102,0.425,-0.122889763779527));
#4747=CARTESIAN_POINT('Origin',(0.423531496062992,0.425,-0.122889763779527));
#4748=CARTESIAN_POINT('',(0.451090551181102,0.425,-0.0717086614173228));
#4749=CARTESIAN_POINT('',(0.451090551181102,0.425,-0.122889763779527));
#4750=CARTESIAN_POINT('',(0.407783464566929,0.425,-0.0717086614173228));
#4751=CARTESIAN_POINT('',(0.451090551181102,0.425,-0.0717086614173228));
#4752=CARTESIAN_POINT('',(0.407783464566929,0.425,-0.031496062992126));
#4753=CARTESIAN_POINT('',(0.407783464566929,0.425,-0.0717086614173228));
#4754=CARTESIAN_POINT('',(0.451090551181102,0.425,-0.031496062992126));
#4755=CARTESIAN_POINT('',(0.407783464566929,0.425,-0.031496062992126));
#4756=CARTESIAN_POINT('',(0.451090551181102,0.425,0.031496062992126));
#4757=CARTESIAN_POINT('',(0.451090551181102,0.425,-0.031496062992126));
#4758=CARTESIAN_POINT('',(0.407783464566929,0.425,0.031496062992126));
#4759=CARTESIAN_POINT('',(0.407783464566929,0.425,0.031496062992126));
#4760=CARTESIAN_POINT('',(0.407783464566929,0.425,0.0717086614173228));
#4761=CARTESIAN_POINT('',(0.407783464566929,0.425,0.0717086614173228));
#4762=CARTESIAN_POINT('',(0.451090551181102,0.425,0.0717086614173228));
#4763=CARTESIAN_POINT('',(0.451090551181102,0.425,0.0717086614173228));
#4764=CARTESIAN_POINT('',(0.451090551181102,0.425,0.122889763779527));
#4765=CARTESIAN_POINT('',(0.451090551181102,0.425,0.122889763779527));
#4766=CARTESIAN_POINT('',(0.423531496062992,0.425,0.150448818897638));
#4767=CARTESIAN_POINT('Origin',(0.423531496062992,0.425,0.122889763779527));
#4768=CARTESIAN_POINT('',(0.360736220472441,0.425,0.150448818897638));
#4769=CARTESIAN_POINT('',(0.360736220472441,0.425,0.150448818897638));
#4770=CARTESIAN_POINT('',(0.360736220472441,0.425,0.11107874015748));
#4771=CARTESIAN_POINT('',(0.360736220472441,0.425,0.11107874015748));
#4772=CARTESIAN_POINT('',(0.321366141732284,0.425,0.11107874015748));
#4773=CARTESIAN_POINT('',(0.321366141732284,0.425,0.11107874015748));
#4774=CARTESIAN_POINT('',(0.321366141732284,0.425,0.168165354330709));
#4775=CARTESIAN_POINT('',(0.321366141732284,0.425,0.168165354330709));
#4776=CARTESIAN_POINT('',(0.276090551181102,0.425,0.168165354330709));
#4777=CARTESIAN_POINT('',(0.276090551181102,0.425,0.168165354330709));
#4778=CARTESIAN_POINT('',(0.276090551181102,0.425,0.112204724409449));
#4779=CARTESIAN_POINT('',(0.276090551181102,0.425,0.168165354330709));
#4780=CARTESIAN_POINT('',(0.239279527559055,0.425,0.112204724409449));
#4781=CARTESIAN_POINT('',(-0.295275590551181,0.425,0.112204724409449));
#4782=CARTESIAN_POINT('',(0.239279527559055,0.425,0.1485));
#4783=CARTESIAN_POINT('',(0.239279527559055,0.425,0.48661481028422));
#4784=CARTESIAN_POINT('',(0.150484251968504,0.425,0.1485));
#4785=CARTESIAN_POINT('',(0.239279527559055,0.425,0.1485));
#4786=CARTESIAN_POINT('',(0.150484251968504,0.425,-0.48661481028422));
#4787=CARTESIAN_POINT('Origin',(0.4305,0.,-0.146));
#4788=CARTESIAN_POINT('',(0.434,0.,-0.14586368241685));
#4789=CARTESIAN_POINT('',(-0.645275590551181,0.,-0.14586368241685));
#4790=CARTESIAN_POINT('',(0.434,0.,-0.146));
#4791=CARTESIAN_POINT('Origin',(0.434,0.018,-0.191));
#4792=CARTESIAN_POINT('',(0.434,0.018,-0.14586368241685));
#4793=CARTESIAN_POINT('',(0.434,0.018,-0.191));
#4794=CARTESIAN_POINT('',(-0.645275590551181,0.018,-0.14586368241685));
#4795=CARTESIAN_POINT('',(-0.645275590551181,0.018,0.14586368241685));
#4796=CARTESIAN_POINT('',(-0.645275590551181,0.018,0.14586368241685));
#4797=CARTESIAN_POINT('',(-0.434,0.018,-0.14586368241685));
#4798=CARTESIAN_POINT('',(-0.645275590551181,0.018,-0.14586368241685));
#4799=CARTESIAN_POINT('',(-0.434,0.018,-0.191));
#4800=CARTESIAN_POINT('',(-0.3325,0.018,-0.0858636824168502));
#4801=CARTESIAN_POINT('',(-0.3925,0.018,-0.0858636824168502));
#4802=CARTESIAN_POINT('',(-0.3925,0.018,-0.0858636824168502));
#4803=CARTESIAN_POINT('',(-0.3325,0.018,-0.14586368241685));
#4804=CARTESIAN_POINT('',(-0.3325,0.018,-0.14586368241685));
#4805=CARTESIAN_POINT('',(-0.3925,0.018,-0.14586368241685));
#4806=CARTESIAN_POINT('',(-0.3925,0.018,-0.14586368241685));
#4807=CARTESIAN_POINT('',(-0.3925,0.018,-0.14586368241685));
#4808=CARTESIAN_POINT('',(0.3325,0.018,-0.0858636824168502));
#4809=CARTESIAN_POINT('',(0.3325,0.018,-0.14586368241685));
#4810=CARTESIAN_POINT('',(0.3325,0.018,-0.14586368241685));
#4811=CARTESIAN_POINT('',(0.3925,0.018,-0.0858636824168502));
#4812=CARTESIAN_POINT('',(0.3925,0.018,-0.0858636824168502));
#4813=CARTESIAN_POINT('',(0.3925,0.018,-0.14586368241685));
#4814=CARTESIAN_POINT('',(0.3925,0.018,-0.14586368241685));
#4815=CARTESIAN_POINT('',(0.3925,0.018,-0.14586368241685));
#4816=CARTESIAN_POINT('',(0.3325,0.018,0.0858636824168502));
#4817=CARTESIAN_POINT('',(0.3925,0.018,0.0858636824168502));
#4818=CARTESIAN_POINT('',(0.3925,0.018,0.0858636824168502));
#4819=CARTESIAN_POINT('',(0.3325,0.018,0.14586368241685));
#4820=CARTESIAN_POINT('',(0.3325,0.018,0.14586368241685));
#4821=CARTESIAN_POINT('',(0.3925,0.018,0.14586368241685));
#4822=CARTESIAN_POINT('',(0.3925,0.018,0.14586368241685));
#4823=CARTESIAN_POINT('',(0.3925,0.018,0.14586368241685));
#4824=CARTESIAN_POINT('',(-0.3325,0.018,0.0858636824168502));
#4825=CARTESIAN_POINT('',(-0.3325,0.018,0.14586368241685));
#4826=CARTESIAN_POINT('',(-0.3325,0.018,0.14586368241685));
#4827=CARTESIAN_POINT('',(-0.3925,0.018,0.0858636824168502));
#4828=CARTESIAN_POINT('',(-0.3925,0.018,0.0858636824168502));
#4829=CARTESIAN_POINT('',(-0.3925,0.018,0.14586368241685));
#4830=CARTESIAN_POINT('',(-0.3925,0.018,0.14586368241685));
#4831=CARTESIAN_POINT('',(-0.3925,0.018,0.14586368241685));
#4832=CARTESIAN_POINT('',(-0.239279527559055,0.018,-0.146));
#4833=CARTESIAN_POINT('',(0.239279527559055,0.018,-0.146));
#4834=CARTESIAN_POINT('',(-0.539420176445413,0.018,-0.146));
#4835=CARTESIAN_POINT('',(-0.239279527559055,0.018,0.14586368241685));
#4836=CARTESIAN_POINT('',(-0.239279527559055,0.018,0.14586368241685));
#4837=CARTESIAN_POINT('',(0.239279527559055,0.018,0.14586368241685));
#4838=CARTESIAN_POINT('',(-0.539420176445413,0.018,0.14586368241685));
#4839=CARTESIAN_POINT('',(0.239279527559055,0.018,0.14586368241685));
#4840=CARTESIAN_POINT('Origin',(-0.434,0.018,-0.191));
#4841=CARTESIAN_POINT('',(-0.434,0.0180000000000001,-0.14586368241685));
#4842=CARTESIAN_POINT('Origin',(0.434,0.,-0.191));
#4843=CARTESIAN_POINT('',(0.434,8.56288601603617E-17,-0.14586368241685));
#4844=CARTESIAN_POINT('Origin',(-0.239279527559055,0.425,-0.48661481028422));
#4845=CARTESIAN_POINT('',(-0.239279527559055,0.303,-0.112204724409449));
#4846=CARTESIAN_POINT('',(-0.239279527559055,0.425,-0.112204724409449));
#4847=CARTESIAN_POINT('',(-0.239279527559055,0.303,0.112204724409449));
#4848=CARTESIAN_POINT('Origin',(-0.239279527559055,0.303,0.));
#4849=CARTESIAN_POINT('',(-0.239279527559055,0.425,0.112204724409449));
#4850=CARTESIAN_POINT('',(-0.239279527559055,0.153661417322835,-0.1485));
#4851=CARTESIAN_POINT('',(-0.239279527559055,0.153661417322835,-0.1485));
#4852=CARTESIAN_POINT('',(-0.239279527559055,-0.0502413524604327,-0.1485));
#4853=CARTESIAN_POINT('Origin',(0.150484251968504,0.153346456692913,-0.48661481028422));
#4854=CARTESIAN_POINT('',(0.150484251968504,0.153661417322835,0.1485));
#4855=CARTESIAN_POINT('',(0.150484251968504,0.153346456692913,0.1485));
#4856=CARTESIAN_POINT('',(0.150484251968504,0.153346456692913,0.14849751984126));
#4857=CARTESIAN_POINT('Origin',(0.150484251968504,0.153661417322835,0.1285));
#4858=CARTESIAN_POINT('',(0.150484251968504,0.153346456692913,-0.48661481028422));
#4859=CARTESIAN_POINT('Origin',(0.130799212598425,0.153346456692913,-0.48661481028422));
#4860=CARTESIAN_POINT('',(0.130799212598425,0.133661417322835,0.1285));
#4861=CARTESIAN_POINT('Ctrl Pts',(0.150484251968504,0.153346456692913,0.14849751984126));
#4862=CARTESIAN_POINT('Ctrl Pts',(0.150484251968504,0.150897064817539,0.148458941956897));
#4863=CARTESIAN_POINT('Ctrl Pts',(0.149998811821473,0.14837927796127,0.147940826434959));
#4864=CARTESIAN_POINT('Ctrl Pts',(0.148235718331257,0.143898403422676,0.146121868601037));
#4865=CARTESIAN_POINT('Ctrl Pts',(0.146964629059219,0.141930175042736,0.144827342599485));
#4866=CARTESIAN_POINT('Ctrl Pts',(0.143662375735313,0.138150023883899,0.141476958087525));
#4867=CARTESIAN_POINT('Ctrl Pts',(0.141229457378015,0.136415688064273,0.139018865925582));
#4868=CARTESIAN_POINT('Ctrl Pts',(0.136060788440488,0.134169471783234,0.133803373183483));
#4869=CARTESIAN_POINT('Ctrl Pts',(0.133324224402129,0.133661417322835,0.131045131737766));
#4870=CARTESIAN_POINT('Ctrl Pts',(0.130799212598425,0.133661417322835,0.1285));
#4871=CARTESIAN_POINT('',(0.130799212598425,0.133661417322835,-0.48661481028422));
#4872=CARTESIAN_POINT('Origin',(-0.219594488188976,0.133661417322835,-0.48661481028422));
#4873=CARTESIAN_POINT('',(0.219279527559055,0.133661417322835,0.1285));
#4874=CARTESIAN_POINT('',(0.239279527559055,0.133661417322835,0.1285));
#4875=CARTESIAN_POINT('',(0.219279527559055,0.133661417322835,0.));
#4876=CARTESIAN_POINT('',(-0.130799212598425,0.133661417322835,-0.1285));
#4877=CARTESIAN_POINT('',(-0.130799212598425,0.133661417322835,0.48661481028422));
#4878=CARTESIAN_POINT('',(-0.219279527559055,0.133661417322835,-0.1285));
#4879=CARTESIAN_POINT('',(-0.239279527559055,0.133661417322835,-0.1285));
#4880=CARTESIAN_POINT('',(-0.219279527559055,0.133661417322835,0.));
#4881=CARTESIAN_POINT('Origin',(-0.130799212598425,0.153346456692913,0.48661481028422));
#4882=CARTESIAN_POINT('',(-0.150484251968504,0.153346456692913,-0.14849751984126));
#4883=CARTESIAN_POINT('',(-0.150484251968504,0.153346456692913,0.48661481028422));
#4884=CARTESIAN_POINT('Ctrl Pts',(-0.150484251968504,0.153346456692913,
-0.14849751984126));
#4885=CARTESIAN_POINT('Ctrl Pts',(-0.150484251968504,0.151984929853135,
-0.148476075814475));
#4886=CARTESIAN_POINT('Ctrl Pts',(-0.150340823569814,0.15061351288773,-0.148313216765434));
#4887=CARTESIAN_POINT('Ctrl Pts',(-0.149780199589823,0.147954589606411,
-0.147716959637351));
#4888=CARTESIAN_POINT('Ctrl Pts',(-0.149362922191631,0.146667115162001,
-0.147283496364318));
#4889=CARTESIAN_POINT('Ctrl Pts',(-0.147785543352381,0.143057538557033,
-0.145661516986071));
#4890=CARTESIAN_POINT('Ctrl Pts',(-0.146284082979635,0.140992477421109,
-0.144135351058055));
#4891=CARTESIAN_POINT('Ctrl Pts',(-0.142812255648396,0.13752065008987,-0.140617780890709));
#4892=CARTESIAN_POINT('Ctrl Pts',(-0.140510655845294,0.136026738065691,
-0.138293193668517));
#4893=CARTESIAN_POINT('Ctrl Pts',(-0.135672034170508,0.134097030953649,
-0.133411551025904));
#4894=CARTESIAN_POINT('Ctrl Pts',(-0.133135018267983,0.133661417322835,
-0.130854417961186));
#4895=CARTESIAN_POINT('Ctrl Pts',(-0.130799212598425,0.133661417322835,
-0.1285));
#4896=CARTESIAN_POINT('Origin',(-0.150484251968504,0.425,0.48661481028422));
#4897=CARTESIAN_POINT('',(-0.150484251968504,0.153661417322835,-0.1485));
#4898=CARTESIAN_POINT('',(-0.150484251968504,0.425,-0.1485));
#4899=CARTESIAN_POINT('Origin',(-0.150484251968504,0.153661417322835,-0.1285));
#4900=CARTESIAN_POINT('Origin',(0.239279527559055,0.153346456692913,0.48661481028422));
#4901=CARTESIAN_POINT('',(0.239279527559055,0.303,0.112204724409449));
#4902=CARTESIAN_POINT('',(0.239279527559055,0.303,-0.112204724409449));
#4903=CARTESIAN_POINT('Origin',(0.239279527559055,0.303,0.));
#4904=CARTESIAN_POINT('',(0.239279527559055,0.153346456692913,-0.112204724409449));
#4905=CARTESIAN_POINT('',(0.239279527559055,0.153661417322835,0.1485));
#4906=CARTESIAN_POINT('',(0.239279527559055,0.153661417322835,0.1485));
#4907=CARTESIAN_POINT('',(0.239279527559055,-0.0502413524604327,0.1485));
#4908=CARTESIAN_POINT('',(0.239279527559055,0.153346456692913,0.112204724409449));
#4909=CARTESIAN_POINT('Origin',(0.239279527559055,-0.0502413524604327,0.1485));
#4910=CARTESIAN_POINT('',(0.130799212598425,0.153661417322835,0.1485));
#4911=CARTESIAN_POINT('Origin',(-0.239279527559055,-0.0502413524604327,
-0.1485));
#4912=CARTESIAN_POINT('',(-0.130799212598425,0.153661417322835,-0.1485));
#4913=CARTESIAN_POINT('Origin',(0.219279527559055,0.153661417322835,-0.48661481028422));
#4914=CARTESIAN_POINT('Origin',(0.219279527559055,0.153661417322835,0.1285));
#4915=CARTESIAN_POINT('Origin',(-0.219594488188976,0.153661417322835,0.1285));
#4916=CARTESIAN_POINT('Origin',(-0.219279527559055,0.153661417322835,-0.48661481028422));
#4917=CARTESIAN_POINT('Origin',(-0.219279527559054,0.153661417322835,-0.128499999999999));
#4918=CARTESIAN_POINT('Origin',(-0.219594488188976,0.153661417322835,-0.1285));
#4919=CARTESIAN_POINT('Origin',(-0.219594488188976,0.133661417322835,-0.48661481028422));
#4920=CARTESIAN_POINT('',(0.276090551181102,0.133661417322835,-0.168165354330709));
#4921=CARTESIAN_POINT('',(0.276090551181102,0.133661417322835,0.168165354330709));
#4922=CARTESIAN_POINT('',(0.276090551181102,0.133661417322835,0.168165354330709));
#4923=CARTESIAN_POINT('',(0.321366141732284,0.133661417322835,0.168165354330709));
#4924=CARTESIAN_POINT('',(0.276090551181102,0.133661417322835,0.168165354330709));
#4925=CARTESIAN_POINT('',(0.321366141732284,0.133661417322835,0.11107874015748));
#4926=CARTESIAN_POINT('',(0.321366141732284,0.133661417322835,0.168165354330709));
#4927=CARTESIAN_POINT('',(0.360736220472441,0.133661417322835,0.11107874015748));
#4928=CARTESIAN_POINT('',(0.321366141732284,0.133661417322835,0.11107874015748));
#4929=CARTESIAN_POINT('',(0.360736220472441,0.133661417322835,0.150448818897638));
#4930=CARTESIAN_POINT('',(0.360736220472441,0.133661417322835,0.11107874015748));
#4931=CARTESIAN_POINT('',(0.423531496062992,0.133661417322835,0.150448818897638));
#4932=CARTESIAN_POINT('',(0.360736220472441,0.133661417322835,0.150448818897638));
#4933=CARTESIAN_POINT('',(0.451090551181102,0.133661417322835,0.122889763779527));
#4934=CARTESIAN_POINT('Origin',(0.423531496062992,0.133661417322835,0.122889763779527));
#4935=CARTESIAN_POINT('',(0.451090551181102,0.133661417322835,0.0717086614173228));
#4936=CARTESIAN_POINT('',(0.451090551181102,0.133661417322835,0.122889763779527));
#4937=CARTESIAN_POINT('',(0.407783464566929,0.133661417322835,0.0717086614173228));
#4938=CARTESIAN_POINT('',(0.451090551181102,0.133661417322835,0.0717086614173228));
#4939=CARTESIAN_POINT('',(0.407783464566929,0.133661417322835,0.031496062992126));
#4940=CARTESIAN_POINT('',(0.407783464566929,0.133661417322835,0.0717086614173228));
#4941=CARTESIAN_POINT('',(0.451090551181102,0.133661417322835,0.031496062992126));
#4942=CARTESIAN_POINT('',(0.407783464566929,0.133661417322835,0.031496062992126));
#4943=CARTESIAN_POINT('',(0.451090551181102,0.133661417322835,-0.031496062992126));
#4944=CARTESIAN_POINT('',(0.451090551181102,0.133661417322835,-0.031496062992126));
#4945=CARTESIAN_POINT('',(0.407783464566929,0.133661417322835,-0.031496062992126));
#4946=CARTESIAN_POINT('',(0.407783464566929,0.133661417322835,-0.031496062992126));
#4947=CARTESIAN_POINT('',(0.407783464566929,0.133661417322835,-0.0717086614173228));
#4948=CARTESIAN_POINT('',(0.407783464566929,0.133661417322835,-0.0717086614173228));
#4949=CARTESIAN_POINT('',(0.451090551181102,0.133661417322835,-0.0717086614173228));
#4950=CARTESIAN_POINT('',(0.451090551181102,0.133661417322835,-0.0717086614173228));
#4951=CARTESIAN_POINT('',(0.451090551181102,0.133661417322835,-0.122889763779527));
#4952=CARTESIAN_POINT('',(0.451090551181102,0.133661417322835,-0.122889763779527));
#4953=CARTESIAN_POINT('',(0.423531496062992,0.133661417322835,-0.150448818897638));
#4954=CARTESIAN_POINT('Origin',(0.423531496062992,0.133661417322835,-0.122889763779527));
#4955=CARTESIAN_POINT('',(0.360736220472441,0.133661417322835,-0.150448818897638));
#4956=CARTESIAN_POINT('',(0.360736220472441,0.133661417322835,-0.150448818897638));
#4957=CARTESIAN_POINT('',(0.360736220472441,0.133661417322835,-0.11107874015748));
#4958=CARTESIAN_POINT('',(0.360736220472441,0.133661417322835,-0.11107874015748));
#4959=CARTESIAN_POINT('',(0.321366141732283,0.133661417322835,-0.11107874015748));
#4960=CARTESIAN_POINT('',(0.321366141732283,0.133661417322835,-0.11107874015748));
#4961=CARTESIAN_POINT('',(0.321366141732283,0.133661417322835,-0.168165354330709));
#4962=CARTESIAN_POINT('',(0.321366141732283,0.133661417322835,-0.168165354330709));
#4963=CARTESIAN_POINT('',(0.276090551181102,0.133661417322835,-0.168165354330709));
#4964=CARTESIAN_POINT('Origin',(0.276090551181102,-0.245473579200424,0.168165354330709));
#4965=CARTESIAN_POINT('',(0.276090551181102,-0.245473579200424,0.168165354330709));
#4966=CARTESIAN_POINT('',(0.321366141732284,-0.245473579200424,0.168165354330709));
#4967=CARTESIAN_POINT('Origin',(0.321366141732284,-0.245473579200424,0.168165354330709));
#4968=CARTESIAN_POINT('',(0.321366141732284,-0.245473579200424,0.11107874015748));
#4969=CARTESIAN_POINT('Origin',(0.321366141732284,-0.245473579200424,0.11107874015748));
#4970=CARTESIAN_POINT('',(0.360736220472441,-0.245473579200424,0.11107874015748));
#4971=CARTESIAN_POINT('Origin',(0.360736220472441,-0.245473579200424,0.11107874015748));
#4972=CARTESIAN_POINT('',(0.360736220472441,-0.245473579200424,0.150448818897638));
#4973=CARTESIAN_POINT('Origin',(0.360736220472441,-0.245473579200424,0.150448818897638));
#4974=CARTESIAN_POINT('',(0.423531496062992,-0.245473579200424,0.150448818897638));
#4975=CARTESIAN_POINT('Origin',(0.423531496062992,-0.245473579200424,0.122889763779527));
#4976=CARTESIAN_POINT('',(0.451090551181102,-0.245473579200424,0.122889763779527));
#4977=CARTESIAN_POINT('Origin',(0.451090551181102,-0.245473579200424,0.122889763779527));
#4978=CARTESIAN_POINT('',(0.451090551181102,-0.245473579200424,0.0717086614173228));
#4979=CARTESIAN_POINT('Origin',(0.451090551181102,-0.245473579200424,0.0717086614173228));
#4980=CARTESIAN_POINT('',(0.407783464566929,-0.245473579200424,0.0717086614173228));
#4981=CARTESIAN_POINT('Origin',(0.407783464566929,-0.245473579200424,0.0717086614173228));
#4982=CARTESIAN_POINT('',(0.407783464566929,-0.245473579200424,0.031496062992126));
#4983=CARTESIAN_POINT('Origin',(0.407783464566929,-0.245473579200424,0.031496062992126));
#4984=CARTESIAN_POINT('',(0.451090551181102,-0.245473579200424,0.031496062992126));
#4985=CARTESIAN_POINT('Origin',(0.451090551181102,-0.245473579200424,-0.031496062992126));
#4986=CARTESIAN_POINT('',(0.451090551181102,-0.245473579200424,-0.031496062992126));
#4987=CARTESIAN_POINT('Origin',(0.407783464566929,-0.245473579200424,-0.031496062992126));
#4988=CARTESIAN_POINT('',(0.407783464566929,-0.245473579200424,-0.031496062992126));
#4989=CARTESIAN_POINT('Origin',(0.407783464566929,-0.245473579200424,-0.0717086614173228));
#4990=CARTESIAN_POINT('',(0.407783464566929,-0.245473579200424,-0.0717086614173228));
#4991=CARTESIAN_POINT('Origin',(0.451090551181102,-0.245473579200424,-0.0717086614173228));
#4992=CARTESIAN_POINT('',(0.451090551181102,-0.245473579200424,-0.0717086614173228));
#4993=CARTESIAN_POINT('Origin',(0.451090551181102,-0.245473579200424,-0.122889763779527));
#4994=CARTESIAN_POINT('',(0.451090551181102,-0.245473579200424,-0.122889763779527));
#4995=CARTESIAN_POINT('Origin',(0.423531496062992,-0.245473579200424,-0.122889763779527));
#4996=CARTESIAN_POINT('',(0.423531496062992,-0.245473579200424,-0.150448818897638));
#4997=CARTESIAN_POINT('Origin',(0.360736220472441,-0.245473579200424,-0.150448818897638));
#4998=CARTESIAN_POINT('',(0.360736220472441,-0.245473579200424,-0.150448818897638));
#4999=CARTESIAN_POINT('Origin',(0.360736220472441,-0.245473579200424,-0.11107874015748));
#5000=CARTESIAN_POINT('',(0.360736220472441,-0.245473579200424,-0.11107874015748));
#5001=CARTESIAN_POINT('Origin',(0.321366141732283,-0.245473579200424,-0.11107874015748));
#5002=CARTESIAN_POINT('',(0.321366141732283,-0.245473579200424,-0.11107874015748));
#5003=CARTESIAN_POINT('Origin',(0.321366141732283,-0.245473579200424,-0.168165354330709));
#5004=CARTESIAN_POINT('',(0.321366141732283,-0.245473579200424,-0.168165354330709));
#5005=CARTESIAN_POINT('Origin',(0.276090551181102,-0.245473579200424,-0.168165354330709));
#5006=CARTESIAN_POINT('',(0.276090551181102,-0.245473579200424,-0.168165354330709));
#5007=CARTESIAN_POINT('Origin',(0.276090551181102,-0.245473579200424,0.168165354330709));
#5008=CARTESIAN_POINT('',(0.276090551181102,0.303,-0.112204724409449));
#5009=CARTESIAN_POINT('',(0.276090551181102,-0.245473579200424,-0.112204724409449));
#5010=CARTESIAN_POINT('',(0.276090551181102,0.303,0.112204724409449));
#5011=CARTESIAN_POINT('Origin',(0.276090551181102,0.303,0.));
#5012=CARTESIAN_POINT('',(0.276090551181102,-0.245473579200424,0.112204724409449));
#5013=CARTESIAN_POINT('Origin',(-0.219594488188976,0.133661417322835,-0.48661481028422));
#5014=CARTESIAN_POINT('',(-0.276090551181102,0.133661417322835,-0.168165354330709));
#5015=CARTESIAN_POINT('',(-0.321366141732283,0.133661417322835,-0.168165354330709));
#5016=CARTESIAN_POINT('',(-0.276090551181102,0.133661417322835,-0.168165354330709));
#5017=CARTESIAN_POINT('',(-0.321366141732283,0.133661417322835,-0.11107874015748));
#5018=CARTESIAN_POINT('',(-0.321366141732283,0.133661417322835,-0.168165354330709));
#5019=CARTESIAN_POINT('',(-0.360736220472441,0.133661417322835,-0.11107874015748));
#5020=CARTESIAN_POINT('',(-0.321366141732283,0.133661417322835,-0.11107874015748));
#5021=CARTESIAN_POINT('',(-0.360736220472441,0.133661417322835,-0.150448818897638));
#5022=CARTESIAN_POINT('',(-0.360736220472441,0.133661417322835,-0.11107874015748));
#5023=CARTESIAN_POINT('',(-0.423531496062992,0.133661417322835,-0.150448818897638));
#5024=CARTESIAN_POINT('',(-0.360736220472441,0.133661417322835,-0.150448818897638));
#5025=CARTESIAN_POINT('',(-0.451090551181102,0.133661417322835,-0.122889763779527));
#5026=CARTESIAN_POINT('Origin',(-0.423531496062992,0.133661417322835,-0.122889763779527));
#5027=CARTESIAN_POINT('',(-0.451090551181102,0.133661417322835,-0.0717086614173228));
#5028=CARTESIAN_POINT('',(-0.451090551181102,0.133661417322835,-0.122889763779527));
#5029=CARTESIAN_POINT('',(-0.407783464566929,0.133661417322835,-0.0717086614173228));
#5030=CARTESIAN_POINT('',(-0.451090551181102,0.133661417322835,-0.0717086614173228));
#5031=CARTESIAN_POINT('',(-0.407783464566929,0.133661417322835,-0.031496062992126));
#5032=CARTESIAN_POINT('',(-0.407783464566929,0.133661417322835,-0.0717086614173228));
#5033=CARTESIAN_POINT('',(-0.451090551181102,0.133661417322835,-0.031496062992126));
#5034=CARTESIAN_POINT('',(-0.407783464566929,0.133661417322835,-0.031496062992126));
#5035=CARTESIAN_POINT('',(-0.451090551181102,0.133661417322835,0.031496062992126));
#5036=CARTESIAN_POINT('',(-0.451090551181102,0.133661417322835,-0.031496062992126));
#5037=CARTESIAN_POINT('',(-0.407783464566929,0.133661417322835,0.031496062992126));
#5038=CARTESIAN_POINT('',(-0.407783464566929,0.133661417322835,0.031496062992126));
#5039=CARTESIAN_POINT('',(-0.407783464566929,0.133661417322835,0.0717086614173228));
#5040=CARTESIAN_POINT('',(-0.407783464566929,0.133661417322835,0.0717086614173228));
#5041=CARTESIAN_POINT('',(-0.451090551181102,0.133661417322835,0.0717086614173228));
#5042=CARTESIAN_POINT('',(-0.451090551181102,0.133661417322835,0.0717086614173228));
#5043=CARTESIAN_POINT('',(-0.451090551181102,0.133661417322835,0.122889763779527));
#5044=CARTESIAN_POINT('',(-0.451090551181102,0.133661417322835,0.122889763779527));
#5045=CARTESIAN_POINT('',(-0.423531496062992,0.133661417322835,0.150448818897638));
#5046=CARTESIAN_POINT('Origin',(-0.423531496062992,0.133661417322835,0.122889763779527));
#5047=CARTESIAN_POINT('',(-0.360736220472441,0.133661417322835,0.150448818897638));
#5048=CARTESIAN_POINT('',(-0.360736220472441,0.133661417322835,0.150448818897638));
#5049=CARTESIAN_POINT('',(-0.360736220472441,0.133661417322835,0.11107874015748));
#5050=CARTESIAN_POINT('',(-0.360736220472441,0.133661417322835,0.11107874015748));
#5051=CARTESIAN_POINT('',(-0.321366141732284,0.133661417322835,0.11107874015748));
#5052=CARTESIAN_POINT('',(-0.321366141732283,0.133661417322835,0.11107874015748));
#5053=CARTESIAN_POINT('',(-0.321366141732284,0.133661417322835,0.168165354330709));
#5054=CARTESIAN_POINT('',(-0.321366141732284,0.133661417322835,0.168165354330709));
#5055=CARTESIAN_POINT('',(-0.276090551181102,0.133661417322835,0.168165354330709));
#5056=CARTESIAN_POINT('',(-0.276090551181102,0.133661417322835,0.168165354330709));
#5057=CARTESIAN_POINT('',(-0.276090551181102,0.133661417322835,0.168165354330709));
#5058=CARTESIAN_POINT('Origin',(-0.321366141732283,-0.245473579200424,-0.168165354330709));
#5059=CARTESIAN_POINT('',(-0.321366141732283,-0.245473579200424,-0.168165354330709));
#5060=CARTESIAN_POINT('',(-0.321366141732283,-0.245473579200424,-0.11107874015748));
#5061=CARTESIAN_POINT('Origin',(-0.321366141732283,-0.245473579200424,-0.11107874015748));
#5062=CARTESIAN_POINT('',(-0.360736220472441,-0.245473579200424,-0.11107874015748));
#5063=CARTESIAN_POINT('Origin',(-0.360736220472441,-0.245473579200424,-0.11107874015748));
#5064=CARTESIAN_POINT('',(-0.360736220472441,-0.245473579200424,-0.150448818897638));
#5065=CARTESIAN_POINT('Origin',(-0.360736220472441,-0.245473579200424,-0.150448818897638));
#5066=CARTESIAN_POINT('',(-0.423531496062992,-0.245473579200424,-0.150448818897638));
#5067=CARTESIAN_POINT('Origin',(-0.423531496062992,-0.245473579200424,-0.122889763779527));
#5068=CARTESIAN_POINT('',(-0.451090551181102,-0.245473579200424,-0.122889763779527));
#5069=CARTESIAN_POINT('Origin',(-0.451090551181102,-0.245473579200424,-0.122889763779527));
#5070=CARTESIAN_POINT('',(-0.451090551181102,-0.245473579200424,-0.0717086614173228));
#5071=CARTESIAN_POINT('Origin',(-0.451090551181102,-0.245473579200424,-0.0717086614173228));
#5072=CARTESIAN_POINT('',(-0.407783464566929,-0.245473579200424,-0.0717086614173228));
#5073=CARTESIAN_POINT('Origin',(-0.407783464566929,-0.245473579200424,-0.0717086614173228));
#5074=CARTESIAN_POINT('',(-0.407783464566929,-0.245473579200424,-0.031496062992126));
#5075=CARTESIAN_POINT('Origin',(-0.407783464566929,-0.245473579200424,-0.031496062992126));
#5076=CARTESIAN_POINT('',(-0.451090551181102,-0.245473579200424,-0.031496062992126));
#5077=CARTESIAN_POINT('Origin',(-0.451090551181102,-0.245473579200424,-0.031496062992126));
#5078=CARTESIAN_POINT('',(-0.451090551181102,-0.245473579200424,0.031496062992126));
#5079=CARTESIAN_POINT('Origin',(-0.407783464566929,-0.245473579200424,0.031496062992126));
#5080=CARTESIAN_POINT('',(-0.407783464566929,-0.245473579200424,0.031496062992126));
#5081=CARTESIAN_POINT('Origin',(-0.407783464566929,-0.245473579200424,0.0717086614173228));
#5082=CARTESIAN_POINT('',(-0.407783464566929,-0.245473579200424,0.0717086614173228));
#5083=CARTESIAN_POINT('Origin',(-0.451090551181102,-0.245473579200424,0.0717086614173228));
#5084=CARTESIAN_POINT('',(-0.451090551181102,-0.245473579200424,0.0717086614173228));
#5085=CARTESIAN_POINT('Origin',(-0.451090551181102,-0.245473579200424,0.122889763779527));
#5086=CARTESIAN_POINT('',(-0.451090551181102,-0.245473579200424,0.122889763779527));
#5087=CARTESIAN_POINT('Origin',(-0.423531496062992,-0.245473579200424,0.122889763779527));
#5088=CARTESIAN_POINT('',(-0.423531496062992,-0.245473579200424,0.150448818897638));
#5089=CARTESIAN_POINT('Origin',(-0.360736220472441,-0.245473579200424,0.150448818897638));
#5090=CARTESIAN_POINT('',(-0.360736220472441,-0.245473579200424,0.150448818897638));
#5091=CARTESIAN_POINT('Origin',(-0.360736220472441,-0.245473579200424,0.11107874015748));
#5092=CARTESIAN_POINT('',(-0.360736220472441,-0.245473579200424,0.11107874015748));
#5093=CARTESIAN_POINT('Origin',(-0.321366141732284,-0.245473579200424,0.11107874015748));
#5094=CARTESIAN_POINT('',(-0.321366141732284,-0.245473579200424,0.11107874015748));
#5095=CARTESIAN_POINT('Origin',(-0.321366141732284,-0.245473579200424,0.168165354330709));
#5096=CARTESIAN_POINT('',(-0.321366141732284,-0.245473579200424,0.168165354330709));
#5097=CARTESIAN_POINT('Origin',(-0.276090551181102,-0.245473579200424,0.168165354330709));
#5098=CARTESIAN_POINT('',(-0.276090551181102,-0.245473579200424,0.168165354330709));
#5099=CARTESIAN_POINT('Origin',(-0.276090551181102,-0.245473579200424,0.168165354330709));
#5100=CARTESIAN_POINT('',(-0.276090551181102,0.303,0.112204724409449));
#5101=CARTESIAN_POINT('',(-0.276090551181102,0.303,-0.112204724409449));
#5102=CARTESIAN_POINT('Origin',(-0.276090551181102,0.303,0.));
#5103=CARTESIAN_POINT('',(-0.276090551181102,-0.245473579200424,-0.112204724409449));
#5104=CARTESIAN_POINT('',(-0.276090551181102,-0.245473579200424,-0.168165354330709));
#5105=CARTESIAN_POINT('',(-0.276090551181102,-0.245473579200424,0.112204724409449));
#5106=CARTESIAN_POINT('Origin',(-0.276090551181102,-0.245473579200424,-0.168165354330709));
#5107=CARTESIAN_POINT('Origin',(-0.295275590551181,0.303,0.112204724409449));
#5108=CARTESIAN_POINT('',(-0.295275590551181,0.303,0.112204724409449));
#5109=CARTESIAN_POINT('Origin',(-0.295275590551181,0.303,0.));
#5110=CARTESIAN_POINT('',(-0.295275590551181,0.303,-0.112204724409449));
#5111=CARTESIAN_POINT('Origin',(-0.295275590551181,0.303,-0.112204724409449));
#5112=CARTESIAN_POINT('Origin',(-0.295275590551181,0.303,-0.112204724409449));
#5113=CARTESIAN_POINT('',(-0.295275590551181,0.303,-0.112204724409449));
#5114=CARTESIAN_POINT('Origin',(-0.295275590551181,0.303,0.));
#5115=CARTESIAN_POINT('',(-0.295275590551181,0.303,0.112204724409449));
#5116=CARTESIAN_POINT('Origin',(-0.295275590551181,0.303,0.112204724409449));
#5117=CARTESIAN_POINT('Origin',(-0.645275590551181,0.018,-0.14586368241685));
#5118=CARTESIAN_POINT('Origin',(-0.645275590551181,0.018,0.14586368241685));
#5119=CARTESIAN_POINT('Origin',(-0.645275590551181,0.018,0.14586368241685));
#5120=CARTESIAN_POINT('Origin',(-0.645275590551181,0.018,-0.14586368241685));
#5121=CARTESIAN_POINT('Origin',(-0.239279527559055,0.425,-0.48661481028422));
#5122=CARTESIAN_POINT('',(-0.239279527559055,0.088,0.14586368241685));
#5123=CARTESIAN_POINT('',(-0.239279527559055,0.0180000000000001,0.14586368241685));
#5124=CARTESIAN_POINT('',(-0.239279527559055,0.088,-0.146));
#5125=CARTESIAN_POINT('',(-0.239279527559055,0.0180000000000001,-0.146));
#5126=CARTESIAN_POINT('',(-0.239279527559055,0.088,0.14586368241685));
#5127=CARTESIAN_POINT('Origin',(-0.539420176445413,0.018,-0.146));
#5128=CARTESIAN_POINT('',(0.239279527559055,0.088,-0.146));
#5129=CARTESIAN_POINT('',(0.239279527559055,0.0180000000000001,-0.146));
#5130=CARTESIAN_POINT('',(-0.539420176445413,0.088,-0.146));
#5131=CARTESIAN_POINT('Origin',(-0.539420176445413,0.088,0.14586368241685));
#5132=CARTESIAN_POINT('',(0.239279527559055,0.088,0.14586368241685));
#5133=CARTESIAN_POINT('',(0.239279527559055,0.088,0.14586368241685));
#5134=CARTESIAN_POINT('',(-0.539420176445413,0.088,0.14586368241685));
#5135=CARTESIAN_POINT('Origin',(-0.539420176445413,0.018,0.14586368241685));
#5136=CARTESIAN_POINT('',(0.239279527559055,0.0180000000000001,0.14586368241685));
#5137=CARTESIAN_POINT('Origin',(0.239279527559055,0.153346456692913,0.48661481028422));
#5138=CARTESIAN_POINT('Origin',(-0.539420176445413,0.088,0.14586368241685));
#5139=CARTESIAN_POINT('',(-0.3325,0.088,0.0858636824168502));
#5140=CARTESIAN_POINT('',(-0.3325,0.088,0.13086368241685));
#5141=CARTESIAN_POINT('',(-0.3325,0.088,0.14586368241685));
#5142=CARTESIAN_POINT('',(-0.3925,0.088,0.13086368241685));
#5143=CARTESIAN_POINT('',(-0.3925,0.088,0.13086368241685));
#5144=CARTESIAN_POINT('',(-0.3925,0.088,0.0858636824168502));
#5145=CARTESIAN_POINT('',(-0.3925,0.088,0.14586368241685));
#5146=CARTESIAN_POINT('',(-0.3925,0.088,0.0858636824168502));
#5147=CARTESIAN_POINT('Origin',(-0.3925,0.172852813742386,0.0858636824168502));
#5148=CARTESIAN_POINT('',(-0.3925,0.172852813742386,0.0858636824168502));
#5149=CARTESIAN_POINT('',(-0.3325,0.172852813742386,0.0858636824168502));
#5150=CARTESIAN_POINT('Origin',(-0.3325,0.172852813742386,0.14586368241685));
#5151=CARTESIAN_POINT('',(-0.3325,0.0730000000000001,0.14586368241685));
#5152=CARTESIAN_POINT('',(-0.3325,0.172852813742386,0.14586368241685));
#5153=CARTESIAN_POINT('',(-0.3325,0.088,0.13086368241685));
#5154=CARTESIAN_POINT('Origin',(-0.3925,0.172852813742386,0.14586368241685));
#5155=CARTESIAN_POINT('',(-0.3925,0.0730000000000001,0.14586368241685));
#5156=CARTESIAN_POINT('',(-0.3925,0.172852813742386,0.14586368241685));
#5157=CARTESIAN_POINT('',(-0.3325,0.0730000000000001,0.14586368241685));
#5158=CARTESIAN_POINT('Origin',(-0.3925,0.172852813742386,0.14586368241685));
#5159=CARTESIAN_POINT('',(-0.3925,0.088,0.13086368241685));
#5160=CARTESIAN_POINT('Origin',(-0.539420176445413,0.088,0.14586368241685));
#5161=CARTESIAN_POINT('',(0.3925,0.088,0.0858636824168502));
#5162=CARTESIAN_POINT('',(0.3925,0.088,0.13086368241685));
#5163=CARTESIAN_POINT('',(0.3925,0.088,0.14586368241685));
#5164=CARTESIAN_POINT('',(0.3325,0.088,0.13086368241685));
#5165=CARTESIAN_POINT('',(0.3325,0.088,0.13086368241685));
#5166=CARTESIAN_POINT('',(0.3325,0.088,0.0858636824168502));
#5167=CARTESIAN_POINT('',(0.3325,0.088,0.14586368241685));
#5168=CARTESIAN_POINT('',(0.3925,0.088,0.0858636824168502));
#5169=CARTESIAN_POINT('Origin',(0.3325,0.172852813742386,0.14586368241685));
#5170=CARTESIAN_POINT('',(0.3325,0.0730000000000001,0.14586368241685));
#5171=CARTESIAN_POINT('',(0.3325,0.088,0.13086368241685));
#5172=CARTESIAN_POINT('',(0.3325,0.172852813742386,0.14586368241685));
#5173=CARTESIAN_POINT('',(0.3325,0.172852813742386,0.0858636824168502));
#5174=CARTESIAN_POINT('Origin',(0.3925,0.172852813742386,0.0858636824168502));
#5175=CARTESIAN_POINT('',(0.3925,0.172852813742386,0.0858636824168502));
#5176=CARTESIAN_POINT('Origin',(0.3925,0.172852813742386,0.14586368241685));
#5177=CARTESIAN_POINT('',(0.3925,0.0730000000000001,0.14586368241685));
#5178=CARTESIAN_POINT('',(0.3925,0.172852813742386,0.14586368241685));
#5179=CARTESIAN_POINT('',(0.3925,0.088,0.13086368241685));
#5180=CARTESIAN_POINT('Origin',(0.3925,0.172852813742386,0.14586368241685));
#5181=CARTESIAN_POINT('',(0.3925,0.0730000000000001,0.14586368241685));
#5182=CARTESIAN_POINT('Origin',(-0.539420176445413,0.088,0.14586368241685));
#5183=CARTESIAN_POINT('',(0.3325,0.088,-0.0858636824168502));
#5184=CARTESIAN_POINT('',(0.3325,0.088,-0.13086368241685));
#5185=CARTESIAN_POINT('',(0.3325,0.088,-0.14586368241685));
#5186=CARTESIAN_POINT('',(0.3925,0.088,-0.13086368241685));
#5187=CARTESIAN_POINT('',(0.3925,0.088,-0.13086368241685));
#5188=CARTESIAN_POINT('',(0.3925,0.088,-0.0858636824168502));
#5189=CARTESIAN_POINT('',(0.3925,0.088,-0.14586368241685));
#5190=CARTESIAN_POINT('',(0.3925,0.088,-0.0858636824168502));
#5191=CARTESIAN_POINT('Origin',(0.3925,0.172852813742386,-0.0858636824168502));
#5192=CARTESIAN_POINT('',(0.3925,0.172852813742386,-0.0858636824168502));
#5193=CARTESIAN_POINT('',(0.3325,0.172852813742386,-0.0858636824168502));
#5194=CARTESIAN_POINT('Origin',(0.3325,0.172852813742386,-0.14586368241685));
#5195=CARTESIAN_POINT('',(0.3325,0.0730000000000001,-0.14586368241685));
#5196=CARTESIAN_POINT('',(0.3325,0.172852813742386,-0.14586368241685));
#5197=CARTESIAN_POINT('',(0.3325,0.088,-0.13086368241685));
#5198=CARTESIAN_POINT('Origin',(0.3925,0.172852813742386,-0.14586368241685));
#5199=CARTESIAN_POINT('',(0.3925,0.0730000000000001,-0.14586368241685));
#5200=CARTESIAN_POINT('',(0.3925,0.172852813742386,-0.14586368241685));
#5201=CARTESIAN_POINT('',(0.3325,0.0730000000000001,-0.14586368241685));
#5202=CARTESIAN_POINT('Origin',(0.3925,0.172852813742386,-0.14586368241685));
#5203=CARTESIAN_POINT('',(0.3925,0.088,-0.13086368241685));
#5204=CARTESIAN_POINT('Origin',(-0.539420176445413,0.088,0.14586368241685));
#5205=CARTESIAN_POINT('',(-0.3925,0.088,-0.0858636824168502));
#5206=CARTESIAN_POINT('',(-0.3925,0.088,-0.13086368241685));
#5207=CARTESIAN_POINT('',(-0.3925,0.088,-0.14586368241685));
#5208=CARTESIAN_POINT('',(-0.3325,0.088,-0.13086368241685));
#5209=CARTESIAN_POINT('',(-0.3325,0.088,-0.13086368241685));
#5210=CARTESIAN_POINT('',(-0.3325,0.088,-0.0858636824168502));
#5211=CARTESIAN_POINT('',(-0.3325,0.088,-0.14586368241685));
#5212=CARTESIAN_POINT('',(-0.3925,0.088,-0.0858636824168502));
#5213=CARTESIAN_POINT('Origin',(-0.3325,0.172852813742386,-0.14586368241685));
#5214=CARTESIAN_POINT('',(-0.3325,0.0730000000000001,-0.14586368241685));
#5215=CARTESIAN_POINT('',(-0.3325,0.088,-0.13086368241685));
#5216=CARTESIAN_POINT('',(-0.3325,0.172852813742386,-0.14586368241685));
#5217=CARTESIAN_POINT('',(-0.3325,0.172852813742386,-0.0858636824168502));
#5218=CARTESIAN_POINT('Origin',(-0.3925,0.172852813742386,-0.0858636824168502));
#5219=CARTESIAN_POINT('',(-0.3925,0.172852813742386,-0.0858636824168502));
#5220=CARTESIAN_POINT('Origin',(-0.3925,0.172852813742386,-0.14586368241685));
#5221=CARTESIAN_POINT('',(-0.3925,0.0730000000000001,-0.14586368241685));
#5222=CARTESIAN_POINT('',(-0.3925,0.172852813742386,-0.14586368241685));
#5223=CARTESIAN_POINT('',(-0.3925,0.088,-0.13086368241685));
#5224=CARTESIAN_POINT('Origin',(-0.3925,0.172852813742386,-0.14586368241685));
#5225=CARTESIAN_POINT('',(-0.3925,0.0730000000000001,-0.14586368241685));
#5226=CARTESIAN_POINT('Origin',(-0.539420176445413,0.088,-0.13086368241685));
#5227=CARTESIAN_POINT('Origin',(-0.539420176445413,0.088,0.13086368241685));
#5228=CARTESIAN_POINT('Origin',(-0.539420176445413,0.088,-0.13086368241685));
#5229=CARTESIAN_POINT('Origin',(-0.539420176445413,0.088,0.13086368241685));
#5230=CARTESIAN_POINT('Origin',(0.44,0.018,0.));
#5231=CARTESIAN_POINT('',(0.42,0.018,0.023));
#5232=CARTESIAN_POINT('',(0.42,0.018,-0.023));
#5233=CARTESIAN_POINT('',(0.42,0.018,0.));
#5234=CARTESIAN_POINT('',(0.44,0.018,0.023));
#5235=CARTESIAN_POINT('',(0.44,0.018,0.023));
#5236=CARTESIAN_POINT('',(0.44,0.018,-0.023));
#5237=CARTESIAN_POINT('',(0.44,0.018,0.));
#5238=CARTESIAN_POINT('',(0.44,0.018,-0.023));
#5239=CARTESIAN_POINT('Origin',(0.44,-0.000682742601608314,0.0224313537913197));
#5240=CARTESIAN_POINT('',(0.42,-0.146547611989977,0.0179916681024421));
#5241=CARTESIAN_POINT('',(0.42,-0.000682742601608314,0.0224313537913197));
#5242=CARTESIAN_POINT('',(0.44,-0.146547611989977,0.0179916681024421));
#5243=CARTESIAN_POINT('',(0.44,-0.146547611989977,0.0179916681024421));
#5244=CARTESIAN_POINT('',(0.44,-0.000682742601608314,0.0224313537913197));
#5245=CARTESIAN_POINT('Origin',(0.44,-0.146,0.));
#5246=CARTESIAN_POINT('',(0.42,-0.146547611989977,-0.0179916681024421));
#5247=CARTESIAN_POINT('Origin',(0.42,-0.146,0.));
#5248=CARTESIAN_POINT('',(0.44,-0.146547611989977,-0.0179916681024421));
#5249=CARTESIAN_POINT('',(0.44,-0.146547611989977,-0.0179916681024421));
#5250=CARTESIAN_POINT('Origin',(0.44,-0.146,0.));
#5251=CARTESIAN_POINT('Origin',(0.44,-0.000682742601608314,-0.0224313537913197));
#5252=CARTESIAN_POINT('',(0.42,-0.000682742601608314,-0.0224313537913197));
#5253=CARTESIAN_POINT('',(0.44,-0.000682742601608314,-0.0224313537913197));
#5254=CARTESIAN_POINT('Origin',(0.44,0.,0.));
#5255=CARTESIAN_POINT('Origin',(0.42,0.,0.));
#5256=CARTESIAN_POINT('Origin',(-0.44,0.018,0.));
#5257=CARTESIAN_POINT('',(-0.42,0.018,0.023));
#5258=CARTESIAN_POINT('',(-0.42,0.018,-0.023));
#5259=CARTESIAN_POINT('',(-0.42,0.018,0.));
#5260=CARTESIAN_POINT('',(-0.44,0.018,-0.023));
#5261=CARTESIAN_POINT('',(-0.44,0.018,-0.023));
#5262=CARTESIAN_POINT('',(-0.44,0.018,0.023));
#5263=CARTESIAN_POINT('',(-0.44,0.018,0.));
#5264=CARTESIAN_POINT('',(-0.44,0.018,0.023));
#5265=CARTESIAN_POINT('Origin',(-0.44,-0.000682742601608314,0.0224313537913197));
#5266=CARTESIAN_POINT('',(-0.42,-0.146547611989977,0.0179916681024421));
#5267=CARTESIAN_POINT('',(-0.42,-0.000682742601608314,0.0224313537913197));
#5268=CARTESIAN_POINT('',(-0.44,-0.146547611989977,0.0179916681024421));
#5269=CARTESIAN_POINT('',(-0.44,-0.000682742601608314,0.0224313537913197));
#5270=CARTESIAN_POINT('',(-0.44,-0.146547611989977,0.0179916681024421));
#5271=CARTESIAN_POINT('Origin',(-0.44,-0.146,0.));
#5272=CARTESIAN_POINT('',(-0.42,-0.146547611989977,-0.0179916681024421));
#5273=CARTESIAN_POINT('Origin',(-0.42,-0.146,0.));
#5274=CARTESIAN_POINT('',(-0.44,-0.146547611989977,-0.0179916681024421));
#5275=CARTESIAN_POINT('Origin',(-0.44,-0.146,0.));
#5276=CARTESIAN_POINT('',(-0.44,-0.146547611989977,-0.0179916681024421));
#5277=CARTESIAN_POINT('Origin',(-0.44,-0.000682742601608314,-0.0224313537913197));
#5278=CARTESIAN_POINT('',(-0.42,-0.000682742601608314,-0.0224313537913197));
#5279=CARTESIAN_POINT('',(-0.44,-0.000682742601608314,-0.0224313537913197));
#5280=CARTESIAN_POINT('Origin',(-0.44,0.,0.));
#5281=CARTESIAN_POINT('Origin',(-0.42,0.,0.));
#5282=CARTESIAN_POINT('',(-0.4,0.32,-1.74838271594513E-16));
#5283=UNCERTAINTY_MEASURE_WITH_UNIT(LENGTH_MEASURE(0.000393700787401575),
#5294,'DISTANCE_ACCURACY_VALUE',
'Maximum model space distance between geometric entities at asserted c
onnectivities');
#5284=UNCERTAINTY_MEASURE_WITH_UNIT(LENGTH_MEASURE(0.000393700787401575),
#5294,'DISTANCE_ACCURACY_VALUE',
'Maximum model space distance between geometric entities at asserted c
onnectivities');
#5285=UNCERTAINTY_MEASURE_WITH_UNIT(LENGTH_MEASURE(0.000393700787401575),
#5294,'DISTANCE_ACCURACY_VALUE',
'Maximum model space distance between geometric entities at asserted c
onnectivities');
#5286=UNCERTAINTY_MEASURE_WITH_UNIT(LENGTH_MEASURE(0.000393700787401575),
#5294,'DISTANCE_ACCURACY_VALUE',
'Maximum model space distance between geometric entities at asserted c
onnectivities');
#5287=UNCERTAINTY_MEASURE_WITH_UNIT(LENGTH_MEASURE(0.000393700787401575),
#5294,'DISTANCE_ACCURACY_VALUE',
'Maximum model space distance between geometric entities at asserted c
onnectivities');
#5288=(
GEOMETRIC_REPRESENTATION_CONTEXT(3)
GLOBAL_UNCERTAINTY_ASSIGNED_CONTEXT((#5283))
GLOBAL_UNIT_ASSIGNED_CONTEXT((#5294,#5298,#5299))
REPRESENTATION_CONTEXT('','3D')
);
#5289=(
GEOMETRIC_REPRESENTATION_CONTEXT(3)
GLOBAL_UNCERTAINTY_ASSIGNED_CONTEXT((#5284))
GLOBAL_UNIT_ASSIGNED_CONTEXT((#5294,#5298,#5299))
REPRESENTATION_CONTEXT('','3D')
);
#5290=(
GEOMETRIC_REPRESENTATION_CONTEXT(3)
GLOBAL_UNCERTAINTY_ASSIGNED_CONTEXT((#5285))
GLOBAL_UNIT_ASSIGNED_CONTEXT((#5294,#5298,#5299))
REPRESENTATION_CONTEXT('','3D')
);
#5291=(
GEOMETRIC_REPRESENTATION_CONTEXT(3)
GLOBAL_UNCERTAINTY_ASSIGNED_CONTEXT((#5286))
GLOBAL_UNIT_ASSIGNED_CONTEXT((#5294,#5298,#5299))
REPRESENTATION_CONTEXT('','3D')
);
#5292=(
GEOMETRIC_REPRESENTATION_CONTEXT(3)
GLOBAL_UNCERTAINTY_ASSIGNED_CONTEXT((#5287))
GLOBAL_UNIT_ASSIGNED_CONTEXT((#5294,#5298,#5299))
REPRESENTATION_CONTEXT('','3D')
);
#5293=DIMENSIONAL_EXPONENTS(1.,0.,0.,0.,0.,0.,0.);
#5294=(
CONVERSION_BASED_UNIT('inch',#5297)
LENGTH_UNIT()
NAMED_UNIT(#5293)
);
#5295=(
LENGTH_UNIT()
NAMED_UNIT(*)
SI_UNIT(.MILLI.,.METRE.)
);
#5296=(
LENGTH_UNIT()
NAMED_UNIT(*)
SI_UNIT($,.METRE.)
);
#5297=LENGTH_MEASURE_WITH_UNIT(LENGTH_MEASURE(25.4),#5295);
#5298=(
NAMED_UNIT(*)
PLANE_ANGLE_UNIT()
SI_UNIT($,.RADIAN.)
);
#5299=(
NAMED_UNIT(*)
SI_UNIT($,.STERADIAN.)
SOLID_ANGLE_UNIT()
);
#5300=SHAPE_DEFINITION_REPRESENTATION(#5304,#5312);
#5301=SHAPE_DEFINITION_REPRESENTATION(#5305,#5313);
#5302=SHAPE_DEFINITION_REPRESENTATION(#5306,#5314);
#5303=SHAPE_DEFINITION_REPRESENTATION(#5307,#5315);
#5304=PRODUCT_DEFINITION_SHAPE('',$,#5317);
#5305=PRODUCT_DEFINITION_SHAPE('',$,#5318);
#5306=PRODUCT_DEFINITION_SHAPE('',$,#5319);
#5307=PRODUCT_DEFINITION_SHAPE('',$,#5320);
#5308=PRODUCT_DEFINITION_SHAPE($,$,#32);
#5309=PRODUCT_DEFINITION_SHAPE($,$,#33);
#5310=PRODUCT_DEFINITION_SHAPE($,$,#34);
#5311=PRODUCT_DEFINITION_SHAPE($,$,#35);
#5312=SHAPE_REPRESENTATION('',(#3241,#3479),#5288);
#5313=SHAPE_REPRESENTATION('',(#3242,#3259,#3260,#3261),#5289);
#5314=SHAPE_REPRESENTATION('',(#3243),#5290);
#5315=SHAPE_REPRESENTATION('',(#3249),#5291);
#5316=PRODUCT_DEFINITION_CONTEXT('part definition',#5330,'design');
#5317=PRODUCT_DEFINITION('4527','4527 v2',#5321,#5316);
#5318=PRODUCT_DEFINITION('FUSE_5_20','5x20_250V_v2 v1',#5322,#5316);
#5319=PRODUCT_DEFINITION('CYLINDER_5_10','CYLINDER_5_10',#5323,#5316);
#5320=PRODUCT_DEFINITION('FRONT','FRONT',#5324,#5316);
#5321=PRODUCT_DEFINITION_FORMATION('',$,#5332);
#5322=PRODUCT_DEFINITION_FORMATION('',$,#5333);
#5323=PRODUCT_DEFINITION_FORMATION('',$,#5334);
#5324=PRODUCT_DEFINITION_FORMATION('',$,#5335);
#5325=PRODUCT_RELATED_PRODUCT_CATEGORY('4527 v2','4527 v2',(#5332));
#5326=PRODUCT_RELATED_PRODUCT_CATEGORY('5x20_250V_v2 v1',
'5x20_250V_v2 v1',(#5333));
#5327=PRODUCT_RELATED_PRODUCT_CATEGORY('CYLINDER_5_10','CYLINDER_5_10',
(#5334));
#5328=PRODUCT_RELATED_PRODUCT_CATEGORY('FRONT','FRONT',(#5335));
#5329=APPLICATION_PROTOCOL_DEFINITION('international standard',
'automotive_design',2009,#5330);
#5330=APPLICATION_CONTEXT(
'Core Data for Automotive Mechanical Design Process');
#5331=PRODUCT_CONTEXT('part definition',#5330,'mechanical');
#5332=PRODUCT('4527','4527 v2','STEP AP214',(#5331));
#5333=PRODUCT('FUSE_5_20','5x20_250V_v2 v1','FreeCAD Model',(#5331));
#5334=PRODUCT('CYLINDER_5_10','CYLINDER_5_10',$,(#5331));
#5335=PRODUCT('FRONT','FRONT',$,(#5331));
#5336=PRESENTATION_STYLE_ASSIGNMENT((#5341));
#5337=PRESENTATION_STYLE_ASSIGNMENT((#5342));
#5338=PRESENTATION_STYLE_ASSIGNMENT((#5343));
#5339=PRESENTATION_STYLE_ASSIGNMENT((#5344));
#5340=PRESENTATION_STYLE_ASSIGNMENT((#5345));
#5341=SURFACE_STYLE_USAGE(.BOTH.,#5346);
#5342=SURFACE_STYLE_USAGE(.BOTH.,#5347);
#5343=SURFACE_STYLE_USAGE(.BOTH.,#5348);
#5344=SURFACE_STYLE_USAGE(.BOTH.,#5349);
#5345=SURFACE_STYLE_USAGE(.BOTH.,#5350);
#5346=SURFACE_SIDE_STYLE('',(#5351));
#5347=SURFACE_SIDE_STYLE('',(#5352));
#5348=SURFACE_SIDE_STYLE('',(#5353));
#5349=SURFACE_SIDE_STYLE('',(#5354));
#5350=SURFACE_SIDE_STYLE('',(#5355));
#5351=SURFACE_STYLE_FILL_AREA(#5356);
#5352=SURFACE_STYLE_FILL_AREA(#5357);
#5353=SURFACE_STYLE_FILL_AREA(#5358);
#5354=SURFACE_STYLE_FILL_AREA(#5359);
#5355=SURFACE_STYLE_FILL_AREA(#5360);
#5356=FILL_AREA_STYLE('A\X\E7o - Acetinado',(#5361));
#5357=FILL_AREA_STYLE('Opaque(255,255,255)',(#5362));
#5358=FILL_AREA_STYLE('Opaque(64,64,64)',(#5363));
#5359=FILL_AREA_STYLE('Opaque(204,204,204)',(#5364));
#5360=FILL_AREA_STYLE('Opaque(132,135,137)',(#5365));
#5361=FILL_AREA_STYLE_COLOUR('A\X\E7o - Acetinado',#5366);
#5362=FILL_AREA_STYLE_COLOUR('Opaque(255,255,255)',#5367);
#5363=FILL_AREA_STYLE_COLOUR('Opaque(64,64,64)',#5368);
#5364=FILL_AREA_STYLE_COLOUR('Opaque(204,204,204)',#5369);
#5365=FILL_AREA_STYLE_COLOUR('Opaque(132,135,137)',#5370);
#5366=COLOUR_RGB('A\X\E7o - Acetinado',0.627450980392157,0.627450980392157,
0.627450980392157);
#5367=COLOUR_RGB('Opaque(255,255,255)',1.,1.,1.);
#5368=COLOUR_RGB('Opaque(64,64,64)',0.250980392156863,0.250980392156863,
0.250980392156863);
#5369=COLOUR_RGB('Opaque(204,204,204)',0.8,0.8,0.8);
#5370=COLOUR_RGB('Opaque(132,135,137)',0.517647058823529,0.529411764705882,
0.537254901960784);
ENDSEC;
END-ISO-10303-21;
