ISO-10303-21;
HEADER;
/* Generated by software containing ST-Developer
 * from STEP Tools, Inc. (www.steptools.com) 
 */

FILE_DESCRIPTION(
/* description */ ('model of PinHeader_1x03_P2.54mm_Vertical'),
/* implementation_level */ '2;1');

FILE_NAME(
/* name */ 'PinHeader_1x03_P2.54mm_Vertical_Jumper.step',
/* time_stamp */ '2026-04-28T01:57:24-03:00',
/* author */ (''),
/* organization */ (''),
/* preprocessor_version */ 'ST-DEVELOPER v20.1',
/* originating_system */ 'Autodesk Translation Framework v14.24.0.0',
/* authorisation */ '');

FILE_SCHEMA (('AUTOMOTIVE_DESIGN { 1 0 10303 214 3 1 1 }'));
ENDSEC;

DATA;
#10=MECHANICAL_DESIGN_GEOMETRIC_PRESENTATION_REPRESENTATION('',(#19,#20,
#21,#22,#23,#24,#25,#26,#27,#28,#29,#30,#31,#32,#33,#34,#35,#36,#37,#38,
#39,#40,#41,#42,#43,#44,#45,#46,#47,#48,#49,#50,#51,#52,#53,#54,#55,#56,
#57,#58,#59,#60,#61,#62,#63,#64,#65,#66,#67,#68,#69,#70,#71,#72,#73,#74,
#75,#76,#77,#78,#79,#80,#81,#82,#83,#84,#85,#86,#87,#88,#89,#90,#91,#92,
#93,#94,#95,#96,#97,#98,#99,#100,#101,#102,#103,#104,#105,#106,#107,#108,
#109,#110,#111,#112,#113,#114,#115,#116,#117,#118,#119,#120,#121,#122,#123,
#124,#125,#126,#127,#128,#129,#130,#131,#132,#133,#134,#135,#136,#137,#138,
#139,#140,#141,#142,#143,#144,#145,#146,#147,#148,#149,#150,#151,#152,#153,
#154,#155,#156,#157,#158,#159,#160,#161,#162,#163,#164,#165,#166,#167,#168,
#169,#170,#171,#172,#173,#174,#175,#176,#177,#178,#179,#180,#181,#182,#183,
#184,#185,#186,#187,#188,#189,#190,#191,#192,#193,#194,#195,#196,#197,#198,
#199,#200,#201,#202,#203,#204,#205,#206,#207,#208,#209,#210,#211,#212,#213,
#214,#215,#216,#217,#218,#219,#220,#221,#222,#223,#224,#225,#226,#227,#228,
#229,#230,#231,#232,#233,#234,#235,#236,#237,#238,#239,#240,#241,#242,#243,
#244,#245,#246,#247,#248,#249,#250,#251,#252,#253,#254,#255,#256,#257,#258,
#259,#260,#261,#262,#263),#8135);
#11=ITEM_DEFINED_TRANSFORMATION($,$,#5095,#5463);
#12=(
REPRESENTATION_RELATIONSHIP($,$,#8146,#8145)
REPRESENTATION_RELATIONSHIP_WITH_TRANSFORMATION(#11)
SHAPE_REPRESENTATION_RELATIONSHIP()
);
#13=CONTEXT_DEPENDENT_SHAPE_REPRESENTATION(#12,#8144);
#14=NEXT_ASSEMBLY_USAGE_OCCURRENCE('Jumper v1:1','Jumper v1:1',
'Jumper v1:1',#8148,#8149,'Jumper v1:1');
#15=SHAPE_REPRESENTATION_RELATIONSHIP('SRR','None',#8146,#17);
#16=SHAPE_REPRESENTATION_RELATIONSHIP('SRR','None',#8145,#18);
#17=ADVANCED_BREP_SHAPE_REPRESENTATION('',(#264,#265),#8134);
#18=ADVANCED_BREP_SHAPE_REPRESENTATION('',(#266),#8133);
#19=STYLED_ITEM('',(#8162),#264);
#20=STYLED_ITEM('',(#8163),#4837);
#21=STYLED_ITEM('',(#8163),#4838);
#22=STYLED_ITEM('',(#8163),#4839);
#23=STYLED_ITEM('',(#8163),#4840);
#24=STYLED_ITEM('',(#8163),#4841);
#25=STYLED_ITEM('',(#8163),#4842);
#26=STYLED_ITEM('',(#8163),#4843);
#27=STYLED_ITEM('',(#8163),#4844);
#28=STYLED_ITEM('',(#8163),#4845);
#29=STYLED_ITEM('',(#8163),#4846);
#30=STYLED_ITEM('',(#8163),#4847);
#31=STYLED_ITEM('',(#8163),#4848);
#32=STYLED_ITEM('',(#8163),#4849);
#33=STYLED_ITEM('',(#8163),#4850);
#34=STYLED_ITEM('',(#8163),#4851);
#35=STYLED_ITEM('',(#8163),#4852);
#36=STYLED_ITEM('',(#8163),#4853);
#37=STYLED_ITEM('',(#8163),#4854);
#38=STYLED_ITEM('',(#8163),#4855);
#39=STYLED_ITEM('',(#8163),#4856);
#40=STYLED_ITEM('',(#8163),#4857);
#41=STYLED_ITEM('',(#8163),#4858);
#42=STYLED_ITEM('',(#8163),#4859);
#43=STYLED_ITEM('',(#8163),#4860);
#44=STYLED_ITEM('',(#8163),#4861);
#45=STYLED_ITEM('',(#8163),#4862);
#46=STYLED_ITEM('',(#8163),#4863);
#47=STYLED_ITEM('',(#8163),#4864);
#48=STYLED_ITEM('',(#8163),#4865);
#49=STYLED_ITEM('',(#8163),#4866);
#50=STYLED_ITEM('',(#8163),#4867);
#51=STYLED_ITEM('',(#8163),#4868);
#52=STYLED_ITEM('',(#8163),#4869);
#53=STYLED_ITEM('',(#8163),#4870);
#54=STYLED_ITEM('',(#8163),#4871);
#55=STYLED_ITEM('',(#8163),#4872);
#56=STYLED_ITEM('',(#8163),#4873);
#57=STYLED_ITEM('',(#8163),#4874);
#58=STYLED_ITEM('',(#8163),#4875);
#59=STYLED_ITEM('',(#8163),#4876);
#60=STYLED_ITEM('',(#8163),#4877);
#61=STYLED_ITEM('',(#8163),#4878);
#62=STYLED_ITEM('',(#8163),#4879);
#63=STYLED_ITEM('',(#8163),#4880);
#64=STYLED_ITEM('',(#8163),#4881);
#65=STYLED_ITEM('',(#8163),#4882);
#66=STYLED_ITEM('',(#8163),#4883);
#67=STYLED_ITEM('',(#8163),#4884);
#68=STYLED_ITEM('',(#8163),#4885);
#69=STYLED_ITEM('',(#8163),#4886);
#70=STYLED_ITEM('',(#8163),#4887);
#71=STYLED_ITEM('',(#8163),#4888);
#72=STYLED_ITEM('',(#8163),#4889);
#73=STYLED_ITEM('',(#8163),#4890);
#74=STYLED_ITEM('',(#8163),#4891);
#75=STYLED_ITEM('',(#8163),#4892);
#76=STYLED_ITEM('',(#8163),#4893);
#77=STYLED_ITEM('',(#8163),#4894);
#78=STYLED_ITEM('',(#8163),#4895);
#79=STYLED_ITEM('',(#8163),#4896);
#80=STYLED_ITEM('',(#8163),#4897);
#81=STYLED_ITEM('',(#8163),#4898);
#82=STYLED_ITEM('',(#8163),#4899);
#83=STYLED_ITEM('',(#8163),#4900);
#84=STYLED_ITEM('',(#8163),#4901);
#85=STYLED_ITEM('',(#8163),#4902);
#86=STYLED_ITEM('',(#8163),#4903);
#87=STYLED_ITEM('',(#8163),#4904);
#88=STYLED_ITEM('',(#8163),#4905);
#89=STYLED_ITEM('',(#8163),#4906);
#90=STYLED_ITEM('',(#8163),#4907);
#91=STYLED_ITEM('',(#8163),#4908);
#92=STYLED_ITEM('',(#8163),#4909);
#93=STYLED_ITEM('',(#8163),#4910);
#94=STYLED_ITEM('',(#8163),#4911);
#95=STYLED_ITEM('',(#8163),#4912);
#96=STYLED_ITEM('',(#8163),#4913);
#97=STYLED_ITEM('',(#8163),#4914);
#98=STYLED_ITEM('',(#8163),#4915);
#99=STYLED_ITEM('',(#8163),#4916);
#100=STYLED_ITEM('',(#8163),#4917);
#101=STYLED_ITEM('',(#8163),#4918);
#102=STYLED_ITEM('',(#8163),#4919);
#103=STYLED_ITEM('',(#8163),#4920);
#104=STYLED_ITEM('',(#8163),#4921);
#105=STYLED_ITEM('',(#8163),#4922);
#106=STYLED_ITEM('',(#8163),#4923);
#107=STYLED_ITEM('',(#8163),#4924);
#108=STYLED_ITEM('',(#8163),#4925);
#109=STYLED_ITEM('',(#8163),#4926);
#110=STYLED_ITEM('',(#8163),#4927);
#111=STYLED_ITEM('',(#8163),#4928);
#112=STYLED_ITEM('',(#8163),#4929);
#113=STYLED_ITEM('',(#8163),#4930);
#114=STYLED_ITEM('',(#8163),#4931);
#115=STYLED_ITEM('',(#8163),#4932);
#116=STYLED_ITEM('',(#8163),#4933);
#117=STYLED_ITEM('',(#8163),#4934);
#118=STYLED_ITEM('',(#8163),#4935);
#119=STYLED_ITEM('',(#8163),#4936);
#120=STYLED_ITEM('',(#8163),#4937);
#121=STYLED_ITEM('',(#8163),#4938);
#122=STYLED_ITEM('',(#8163),#4939);
#123=STYLED_ITEM('',(#8163),#4940);
#124=STYLED_ITEM('',(#8163),#4941);
#125=STYLED_ITEM('',(#8163),#4942);
#126=STYLED_ITEM('',(#8163),#4943);
#127=STYLED_ITEM('',(#8163),#4944);
#128=STYLED_ITEM('',(#8163),#4945);
#129=STYLED_ITEM('',(#8163),#4946);
#130=STYLED_ITEM('',(#8163),#4947);
#131=STYLED_ITEM('',(#8163),#4948);
#132=STYLED_ITEM('',(#8163),#4949);
#133=STYLED_ITEM('',(#8163),#4950);
#134=STYLED_ITEM('',(#8163),#4951);
#135=STYLED_ITEM('',(#8163),#4952);
#136=STYLED_ITEM('',(#8163),#4953);
#137=STYLED_ITEM('',(#8163),#4954);
#138=STYLED_ITEM('',(#8163),#4955);
#139=STYLED_ITEM('',(#8163),#4956);
#140=STYLED_ITEM('',(#8163),#4957);
#141=STYLED_ITEM('',(#8163),#4958);
#142=STYLED_ITEM('',(#8163),#4959);
#143=STYLED_ITEM('',(#8163),#4960);
#144=STYLED_ITEM('',(#8163),#4961);
#145=STYLED_ITEM('',(#8163),#4962);
#146=STYLED_ITEM('',(#8163),#4963);
#147=STYLED_ITEM('',(#8163),#4964);
#148=STYLED_ITEM('',(#8163),#4965);
#149=STYLED_ITEM('',(#8163),#4966);
#150=STYLED_ITEM('',(#8163),#4967);
#151=STYLED_ITEM('',(#8163),#4968);
#152=STYLED_ITEM('',(#8163),#4969);
#153=STYLED_ITEM('',(#8163),#4970);
#154=STYLED_ITEM('',(#8163),#4971);
#155=STYLED_ITEM('',(#8163),#4972);
#156=STYLED_ITEM('',(#8163),#4973);
#157=STYLED_ITEM('',(#8163),#4974);
#158=STYLED_ITEM('',(#8163),#4975);
#159=STYLED_ITEM('',(#8163),#4976);
#160=STYLED_ITEM('',(#8163),#4977);
#161=STYLED_ITEM('',(#8163),#4978);
#162=STYLED_ITEM('',(#8163),#4979);
#163=STYLED_ITEM('',(#8163),#4980);
#164=STYLED_ITEM('',(#8163),#4981);
#165=STYLED_ITEM('',(#8163),#4982);
#166=STYLED_ITEM('',(#8163),#4983);
#167=STYLED_ITEM('',(#8163),#4984);
#168=STYLED_ITEM('',(#8163),#4985);
#169=STYLED_ITEM('',(#8163),#4986);
#170=STYLED_ITEM('',(#8163),#4987);
#171=STYLED_ITEM('',(#8163),#4988);
#172=STYLED_ITEM('',(#8163),#4989);
#173=STYLED_ITEM('',(#8163),#4990);
#174=STYLED_ITEM('',(#8163),#4991);
#175=STYLED_ITEM('',(#8163),#4992);
#176=STYLED_ITEM('',(#8163),#4993);
#177=STYLED_ITEM('',(#8163),#4994);
#178=STYLED_ITEM('',(#8163),#4995);
#179=STYLED_ITEM('',(#8163),#4996);
#180=STYLED_ITEM('',(#8163),#4997);
#181=STYLED_ITEM('',(#8163),#4998);
#182=STYLED_ITEM('',(#8163),#4999);
#183=STYLED_ITEM('',(#8163),#5000);
#184=STYLED_ITEM('',(#8163),#5001);
#185=STYLED_ITEM('',(#8163),#5002);
#186=STYLED_ITEM('',(#8162),#265);
#187=STYLED_ITEM('',(#8160),#5003);
#188=STYLED_ITEM('',(#8160),#5004);
#189=STYLED_ITEM('',(#8160),#5005);
#190=STYLED_ITEM('',(#8160),#5006);
#191=STYLED_ITEM('',(#8160),#5007);
#192=STYLED_ITEM('',(#8160),#5008);
#193=STYLED_ITEM('',(#8160),#5009);
#194=STYLED_ITEM('',(#8160),#5010);
#195=STYLED_ITEM('',(#8160),#5011);
#196=STYLED_ITEM('',(#8160),#5012);
#197=STYLED_ITEM('',(#8160),#5013);
#198=STYLED_ITEM('',(#8160),#5014);
#199=STYLED_ITEM('',(#8160),#5015);
#200=STYLED_ITEM('',(#8160),#5016);
#201=STYLED_ITEM('',(#8160),#5017);
#202=STYLED_ITEM('',(#8160),#5018);
#203=STYLED_ITEM('',(#8160),#5019);
#204=STYLED_ITEM('',(#8160),#5020);
#205=STYLED_ITEM('',(#8160),#5021);
#206=STYLED_ITEM('',(#8160),#5022);
#207=STYLED_ITEM('',(#8160),#5023);
#208=STYLED_ITEM('',(#8160),#5024);
#209=STYLED_ITEM('',(#8161),#5025);
#210=STYLED_ITEM('',(#8161),#5026);
#211=STYLED_ITEM('',(#8161),#5027);
#212=STYLED_ITEM('',(#8161),#5028);
#213=STYLED_ITEM('',(#8161),#5029);
#214=STYLED_ITEM('',(#8161),#5030);
#215=STYLED_ITEM('',(#8161),#5031);
#216=STYLED_ITEM('',(#8161),#5032);
#217=STYLED_ITEM('',(#8161),#5033);
#218=STYLED_ITEM('',(#8161),#5034);
#219=STYLED_ITEM('',(#8161),#5035);
#220=STYLED_ITEM('',(#8161),#5036);
#221=STYLED_ITEM('',(#8161),#5037);
#222=STYLED_ITEM('',(#8161),#5038);
#223=STYLED_ITEM('',(#8161),#5039);
#224=STYLED_ITEM('',(#8161),#5040);
#225=STYLED_ITEM('',(#8161),#5041);
#226=STYLED_ITEM('',(#8161),#5042);
#227=STYLED_ITEM('',(#8161),#5043);
#228=STYLED_ITEM('',(#8161),#5044);
#229=STYLED_ITEM('',(#8161),#5045);
#230=STYLED_ITEM('',(#8161),#5046);
#231=STYLED_ITEM('',(#8161),#5047);
#232=STYLED_ITEM('',(#8161),#5048);
#233=STYLED_ITEM('',(#8161),#5049);
#234=STYLED_ITEM('',(#8161),#5050);
#235=STYLED_ITEM('',(#8161),#5051);
#236=STYLED_ITEM('',(#8161),#5052);
#237=STYLED_ITEM('',(#8161),#5053);
#238=STYLED_ITEM('',(#8161),#5054);
#239=STYLED_ITEM('',(#8161),#5055);
#240=STYLED_ITEM('',(#8161),#5056);
#241=STYLED_ITEM('',(#8161),#5057);
#242=STYLED_ITEM('',(#8161),#5058);
#243=STYLED_ITEM('',(#8161),#5059);
#244=STYLED_ITEM('',(#8161),#5060);
#245=STYLED_ITEM('',(#8161),#5061);
#246=STYLED_ITEM('',(#8161),#5062);
#247=STYLED_ITEM('',(#8161),#5063);
#248=STYLED_ITEM('',(#8161),#5064);
#249=STYLED_ITEM('',(#8161),#5065);
#250=STYLED_ITEM('',(#8161),#5066);
#251=STYLED_ITEM('',(#8161),#5067);
#252=STYLED_ITEM('',(#8161),#5068);
#253=STYLED_ITEM('',(#8161),#5069);
#254=STYLED_ITEM('',(#8161),#5070);
#255=STYLED_ITEM('',(#8161),#5071);
#256=STYLED_ITEM('',(#8161),#5072);
#257=STYLED_ITEM('',(#8161),#5073);
#258=STYLED_ITEM('',(#8161),#5074);
#259=STYLED_ITEM('',(#8161),#5075);
#260=STYLED_ITEM('',(#8161),#5076);
#261=STYLED_ITEM('',(#8161),#5077);
#262=STYLED_ITEM('',(#8161),#5078);
#263=STYLED_ITEM('',(#8159),#266);
#264=MANIFOLD_SOLID_BREP('Corpo1',#5079);
#265=MANIFOLD_SOLID_BREP('Corpo2',#5080);
#266=MANIFOLD_SOLID_BREP('Corpo1',#5081);
#267=FACE_BOUND('',#710,.T.);
#268=FACE_BOUND('',#801,.T.);
#269=FACE_BOUND('',#803,.T.);
#270=FACE_BOUND('',#889,.T.);
#271=FACE_BOUND('',#890,.T.);
#272=FACE_BOUND('',#891,.T.);
#273=FACE_BOUND('',#893,.T.);
#274=FACE_BOUND('',#894,.T.);
#275=FACE_BOUND('',#895,.T.);
#276=CYLINDRICAL_SURFACE('',#5132,0.7);
#277=CYLINDRICAL_SURFACE('',#5133,0.7);
#278=CYLINDRICAL_SURFACE('',#5223,0.3);
#279=CYLINDRICAL_SURFACE('',#5226,0.1);
#280=CYLINDRICAL_SURFACE('',#5229,0.3);
#281=CYLINDRICAL_SURFACE('',#5232,0.1);
#282=CYLINDRICAL_SURFACE('',#5246,0.3);
#283=CYLINDRICAL_SURFACE('',#5249,0.1);
#284=CYLINDRICAL_SURFACE('',#5253,0.3);
#285=CYLINDRICAL_SURFACE('',#5256,0.1);
#286=CYLINDRICAL_SURFACE('',#5287,0.3);
#287=CYLINDRICAL_SURFACE('',#5291,0.3);
#288=CYLINDRICAL_SURFACE('',#5295,0.2);
#289=CYLINDRICAL_SURFACE('',#5297,0.2);
#290=CYLINDRICAL_SURFACE('',#5299,0.1);
#291=CYLINDRICAL_SURFACE('',#5302,0.1);
#292=CYLINDRICAL_SURFACE('',#5312,0.3);
#293=CYLINDRICAL_SURFACE('',#5317,0.1);
#294=CYLINDRICAL_SURFACE('',#5328,0.3);
#295=CYLINDRICAL_SURFACE('',#5331,0.1);
#296=CYLINDRICAL_SURFACE('',#5338,0.3);
#297=CYLINDRICAL_SURFACE('',#5341,0.1);
#298=CYLINDRICAL_SURFACE('',#5344,0.3);
#299=CYLINDRICAL_SURFACE('',#5347,0.1);
#300=CYLINDRICAL_SURFACE('',#5362,0.3);
#301=CYLINDRICAL_SURFACE('',#5364,0.1);
#302=CYLINDRICAL_SURFACE('',#5369,0.3);
#303=CYLINDRICAL_SURFACE('',#5372,0.1);
#304=CYLINDRICAL_SURFACE('',#5383,0.3);
#305=CYLINDRICAL_SURFACE('',#5384,0.3);
#306=CYLINDRICAL_SURFACE('',#5385,0.3);
#307=CYLINDRICAL_SURFACE('',#5386,0.3);
#308=CIRCLE('',#5103,0.7);
#309=CIRCLE('',#5105,0.7);
#310=CIRCLE('',#5109,0.7);
#311=CIRCLE('',#5111,0.7);
#312=CIRCLE('',#5113,0.7);
#313=CIRCLE('',#5115,0.7);
#314=CIRCLE('',#5119,0.7);
#315=CIRCLE('',#5123,0.7);
#316=CIRCLE('',#5147,0.3);
#317=CIRCLE('',#5149,0.3);
#318=CIRCLE('',#5152,0.3);
#319=CIRCLE('',#5155,0.3);
#320=CIRCLE('',#5157,0.3);
#321=CIRCLE('',#5159,0.299999999999999);
#322=CIRCLE('',#5164,0.3);
#323=CIRCLE('',#5166,0.3);
#324=CIRCLE('',#5169,0.3);
#325=CIRCLE('',#5171,0.3);
#326=CIRCLE('',#5173,0.1);
#327=CIRCLE('',#5175,0.3);
#328=CIRCLE('',#5180,0.3);
#329=CIRCLE('',#5182,0.0999999999999998);
#330=CIRCLE('',#5185,0.3);
#331=CIRCLE('',#5186,0.1);
#332=CIRCLE('',#5188,0.3);
#333=CIRCLE('',#5191,0.3);
#334=CIRCLE('',#5193,0.0999999999999999);
#335=CIRCLE('',#5196,0.1);
#336=CIRCLE('',#5198,0.299999999999999);
#337=CIRCLE('',#5203,0.3);
#338=CIRCLE('',#5205,0.1);
#339=CIRCLE('',#5224,0.3);
#340=CIRCLE('',#5225,0.299999999999999);
#341=CIRCLE('',#5230,0.3);
#342=CIRCLE('',#5231,0.299999999999998);
#343=CIRCLE('',#5233,0.1);
#344=CIRCLE('',#5234,0.100000000000002);
#345=CIRCLE('',#5237,0.300000000000002);
#346=CIRCLE('',#5240,0.3);
#347=CIRCLE('',#5247,0.3);
#348=CIRCLE('',#5248,0.3);
#349=CIRCLE('',#5250,0.1);
#350=CIRCLE('',#5254,0.3);
#351=CIRCLE('',#5255,0.299999999999999);
#352=CIRCLE('',#5257,0.1);
#353=CIRCLE('',#5258,0.100000000000001);
#354=CIRCLE('',#5261,0.300000000000002);
#355=CIRCLE('',#5264,0.3);
#356=CIRCLE('',#5269,0.2);
#357=CIRCLE('',#5270,0.2);
#358=CIRCLE('',#5272,0.2);
#359=CIRCLE('',#5273,0.2);
#360=CIRCLE('',#5276,0.1);
#361=CIRCLE('',#5277,0.3);
#362=CIRCLE('',#5288,0.3);
#363=CIRCLE('',#5289,0.3);
#364=CIRCLE('',#5292,0.3);
#365=CIRCLE('',#5300,0.1);
#366=CIRCLE('',#5301,0.1);
#367=CIRCLE('',#5303,0.1);
#368=CIRCLE('',#5313,0.3);
#369=CIRCLE('',#5314,0.3);
#370=CIRCLE('',#5318,0.1);
#371=CIRCLE('',#5319,0.1);
#372=CIRCLE('',#5329,0.3);
#373=CIRCLE('',#5330,0.3);
#374=CIRCLE('',#5332,0.1);
#375=CIRCLE('',#5339,0.3);
#376=CIRCLE('',#5340,0.3);
#377=CIRCLE('',#5345,0.3);
#378=CIRCLE('',#5346,0.299999999999999);
#379=CIRCLE('',#5348,0.1);
#380=CIRCLE('',#5349,0.100000000000001);
#381=CIRCLE('',#5352,0.3);
#382=CIRCLE('',#5355,0.3);
#383=CIRCLE('',#5363,0.3);
#384=CIRCLE('',#5365,0.1);
#385=CIRCLE('',#5366,0.0999999999999999);
#386=CIRCLE('',#5370,0.3);
#387=CIRCLE('',#5371,0.3);
#388=CIRCLE('',#5373,0.0999999999999999);
#389=CIRCLE('',#5374,0.1);
#390=CIRCLE('',#5377,0.3);
#391=CIRCLE('',#5380,0.3);
#392=FACE_OUTER_BOUND('',#675,.T.);
#393=FACE_OUTER_BOUND('',#676,.T.);
#394=FACE_OUTER_BOUND('',#677,.T.);
#395=FACE_OUTER_BOUND('',#678,.T.);
#396=FACE_OUTER_BOUND('',#679,.T.);
#397=FACE_OUTER_BOUND('',#680,.T.);
#398=FACE_OUTER_BOUND('',#681,.T.);
#399=FACE_OUTER_BOUND('',#682,.T.);
#400=FACE_OUTER_BOUND('',#683,.T.);
#401=FACE_OUTER_BOUND('',#684,.T.);
#402=FACE_OUTER_BOUND('',#685,.T.);
#403=FACE_OUTER_BOUND('',#686,.T.);
#404=FACE_OUTER_BOUND('',#687,.T.);
#405=FACE_OUTER_BOUND('',#688,.T.);
#406=FACE_OUTER_BOUND('',#689,.T.);
#407=FACE_OUTER_BOUND('',#690,.T.);
#408=FACE_OUTER_BOUND('',#691,.T.);
#409=FACE_OUTER_BOUND('',#692,.T.);
#410=FACE_OUTER_BOUND('',#693,.T.);
#411=FACE_OUTER_BOUND('',#694,.T.);
#412=FACE_OUTER_BOUND('',#695,.T.);
#413=FACE_OUTER_BOUND('',#696,.T.);
#414=FACE_OUTER_BOUND('',#697,.T.);
#415=FACE_OUTER_BOUND('',#698,.T.);
#416=FACE_OUTER_BOUND('',#699,.T.);
#417=FACE_OUTER_BOUND('',#700,.T.);
#418=FACE_OUTER_BOUND('',#701,.T.);
#419=FACE_OUTER_BOUND('',#702,.T.);
#420=FACE_OUTER_BOUND('',#703,.T.);
#421=FACE_OUTER_BOUND('',#704,.T.);
#422=FACE_OUTER_BOUND('',#705,.T.);
#423=FACE_OUTER_BOUND('',#706,.T.);
#424=FACE_OUTER_BOUND('',#707,.T.);
#425=FACE_OUTER_BOUND('',#708,.T.);
#426=FACE_OUTER_BOUND('',#709,.T.);
#427=FACE_OUTER_BOUND('',#711,.T.);
#428=FACE_OUTER_BOUND('',#712,.T.);
#429=FACE_OUTER_BOUND('',#713,.T.);
#430=FACE_OUTER_BOUND('',#714,.T.);
#431=FACE_OUTER_BOUND('',#715,.T.);
#432=FACE_OUTER_BOUND('',#716,.T.);
#433=FACE_OUTER_BOUND('',#717,.T.);
#434=FACE_OUTER_BOUND('',#718,.T.);
#435=FACE_OUTER_BOUND('',#719,.T.);
#436=FACE_OUTER_BOUND('',#720,.T.);
#437=FACE_OUTER_BOUND('',#721,.T.);
#438=FACE_OUTER_BOUND('',#722,.T.);
#439=FACE_OUTER_BOUND('',#723,.T.);
#440=FACE_OUTER_BOUND('',#724,.T.);
#441=FACE_OUTER_BOUND('',#725,.T.);
#442=FACE_OUTER_BOUND('',#726,.T.);
#443=FACE_OUTER_BOUND('',#727,.T.);
#444=FACE_OUTER_BOUND('',#728,.T.);
#445=FACE_OUTER_BOUND('',#729,.T.);
#446=FACE_OUTER_BOUND('',#730,.T.);
#447=FACE_OUTER_BOUND('',#731,.T.);
#448=FACE_OUTER_BOUND('',#732,.T.);
#449=FACE_OUTER_BOUND('',#733,.T.);
#450=FACE_OUTER_BOUND('',#734,.T.);
#451=FACE_OUTER_BOUND('',#735,.T.);
#452=FACE_OUTER_BOUND('',#736,.T.);
#453=FACE_OUTER_BOUND('',#737,.T.);
#454=FACE_OUTER_BOUND('',#738,.T.);
#455=FACE_OUTER_BOUND('',#739,.T.);
#456=FACE_OUTER_BOUND('',#740,.T.);
#457=FACE_OUTER_BOUND('',#741,.T.);
#458=FACE_OUTER_BOUND('',#742,.T.);
#459=FACE_OUTER_BOUND('',#743,.T.);
#460=FACE_OUTER_BOUND('',#744,.T.);
#461=FACE_OUTER_BOUND('',#745,.T.);
#462=FACE_OUTER_BOUND('',#746,.T.);
#463=FACE_OUTER_BOUND('',#747,.T.);
#464=FACE_OUTER_BOUND('',#748,.T.);
#465=FACE_OUTER_BOUND('',#749,.T.);
#466=FACE_OUTER_BOUND('',#750,.T.);
#467=FACE_OUTER_BOUND('',#751,.T.);
#468=FACE_OUTER_BOUND('',#752,.T.);
#469=FACE_OUTER_BOUND('',#753,.T.);
#470=FACE_OUTER_BOUND('',#754,.T.);
#471=FACE_OUTER_BOUND('',#755,.T.);
#472=FACE_OUTER_BOUND('',#756,.T.);
#473=FACE_OUTER_BOUND('',#757,.T.);
#474=FACE_OUTER_BOUND('',#758,.T.);
#475=FACE_OUTER_BOUND('',#759,.T.);
#476=FACE_OUTER_BOUND('',#760,.T.);
#477=FACE_OUTER_BOUND('',#761,.T.);
#478=FACE_OUTER_BOUND('',#762,.T.);
#479=FACE_OUTER_BOUND('',#763,.T.);
#480=FACE_OUTER_BOUND('',#764,.T.);
#481=FACE_OUTER_BOUND('',#765,.T.);
#482=FACE_OUTER_BOUND('',#766,.T.);
#483=FACE_OUTER_BOUND('',#767,.T.);
#484=FACE_OUTER_BOUND('',#768,.T.);
#485=FACE_OUTER_BOUND('',#769,.T.);
#486=FACE_OUTER_BOUND('',#770,.T.);
#487=FACE_OUTER_BOUND('',#771,.T.);
#488=FACE_OUTER_BOUND('',#772,.T.);
#489=FACE_OUTER_BOUND('',#773,.T.);
#490=FACE_OUTER_BOUND('',#774,.T.);
#491=FACE_OUTER_BOUND('',#775,.T.);
#492=FACE_OUTER_BOUND('',#776,.T.);
#493=FACE_OUTER_BOUND('',#777,.T.);
#494=FACE_OUTER_BOUND('',#778,.T.);
#495=FACE_OUTER_BOUND('',#779,.T.);
#496=FACE_OUTER_BOUND('',#780,.T.);
#497=FACE_OUTER_BOUND('',#781,.T.);
#498=FACE_OUTER_BOUND('',#782,.T.);
#499=FACE_OUTER_BOUND('',#783,.T.);
#500=FACE_OUTER_BOUND('',#784,.T.);
#501=FACE_OUTER_BOUND('',#785,.T.);
#502=FACE_OUTER_BOUND('',#786,.T.);
#503=FACE_OUTER_BOUND('',#787,.T.);
#504=FACE_OUTER_BOUND('',#788,.T.);
#505=FACE_OUTER_BOUND('',#789,.T.);
#506=FACE_OUTER_BOUND('',#790,.T.);
#507=FACE_OUTER_BOUND('',#791,.T.);
#508=FACE_OUTER_BOUND('',#792,.T.);
#509=FACE_OUTER_BOUND('',#793,.T.);
#510=FACE_OUTER_BOUND('',#794,.T.);
#511=FACE_OUTER_BOUND('',#795,.T.);
#512=FACE_OUTER_BOUND('',#796,.T.);
#513=FACE_OUTER_BOUND('',#797,.T.);
#514=FACE_OUTER_BOUND('',#798,.T.);
#515=FACE_OUTER_BOUND('',#799,.T.);
#516=FACE_OUTER_BOUND('',#800,.T.);
#517=FACE_OUTER_BOUND('',#802,.T.);
#518=FACE_OUTER_BOUND('',#804,.T.);
#519=FACE_OUTER_BOUND('',#805,.T.);
#520=FACE_OUTER_BOUND('',#806,.T.);
#521=FACE_OUTER_BOUND('',#807,.T.);
#522=FACE_OUTER_BOUND('',#808,.T.);
#523=FACE_OUTER_BOUND('',#809,.T.);
#524=FACE_OUTER_BOUND('',#810,.T.);
#525=FACE_OUTER_BOUND('',#811,.T.);
#526=FACE_OUTER_BOUND('',#812,.T.);
#527=FACE_OUTER_BOUND('',#813,.T.);
#528=FACE_OUTER_BOUND('',#814,.T.);
#529=FACE_OUTER_BOUND('',#815,.T.);
#530=FACE_OUTER_BOUND('',#816,.T.);
#531=FACE_OUTER_BOUND('',#817,.T.);
#532=FACE_OUTER_BOUND('',#818,.T.);
#533=FACE_OUTER_BOUND('',#819,.T.);
#534=FACE_OUTER_BOUND('',#820,.T.);
#535=FACE_OUTER_BOUND('',#821,.T.);
#536=FACE_OUTER_BOUND('',#822,.T.);
#537=FACE_OUTER_BOUND('',#823,.T.);
#538=FACE_OUTER_BOUND('',#824,.T.);
#539=FACE_OUTER_BOUND('',#825,.T.);
#540=FACE_OUTER_BOUND('',#826,.T.);
#541=FACE_OUTER_BOUND('',#827,.T.);
#542=FACE_OUTER_BOUND('',#828,.T.);
#543=FACE_OUTER_BOUND('',#829,.T.);
#544=FACE_OUTER_BOUND('',#830,.T.);
#545=FACE_OUTER_BOUND('',#831,.T.);
#546=FACE_OUTER_BOUND('',#832,.T.);
#547=FACE_OUTER_BOUND('',#833,.T.);
#548=FACE_OUTER_BOUND('',#834,.T.);
#549=FACE_OUTER_BOUND('',#835,.T.);
#550=FACE_OUTER_BOUND('',#836,.T.);
#551=FACE_OUTER_BOUND('',#837,.T.);
#552=FACE_OUTER_BOUND('',#838,.T.);
#553=FACE_OUTER_BOUND('',#839,.T.);
#554=FACE_OUTER_BOUND('',#840,.T.);
#555=FACE_OUTER_BOUND('',#841,.T.);
#556=FACE_OUTER_BOUND('',#842,.T.);
#557=FACE_OUTER_BOUND('',#843,.T.);
#558=FACE_OUTER_BOUND('',#844,.T.);
#559=FACE_OUTER_BOUND('',#845,.T.);
#560=FACE_OUTER_BOUND('',#846,.T.);
#561=FACE_OUTER_BOUND('',#847,.T.);
#562=FACE_OUTER_BOUND('',#848,.T.);
#563=FACE_OUTER_BOUND('',#849,.T.);
#564=FACE_OUTER_BOUND('',#850,.T.);
#565=FACE_OUTER_BOUND('',#851,.T.);
#566=FACE_OUTER_BOUND('',#852,.T.);
#567=FACE_OUTER_BOUND('',#853,.T.);
#568=FACE_OUTER_BOUND('',#854,.T.);
#569=FACE_OUTER_BOUND('',#855,.T.);
#570=FACE_OUTER_BOUND('',#856,.T.);
#571=FACE_OUTER_BOUND('',#857,.T.);
#572=FACE_OUTER_BOUND('',#858,.T.);
#573=FACE_OUTER_BOUND('',#859,.T.);
#574=FACE_OUTER_BOUND('',#860,.T.);
#575=FACE_OUTER_BOUND('',#861,.T.);
#576=FACE_OUTER_BOUND('',#862,.T.);
#577=FACE_OUTER_BOUND('',#863,.T.);
#578=FACE_OUTER_BOUND('',#864,.T.);
#579=FACE_OUTER_BOUND('',#865,.T.);
#580=FACE_OUTER_BOUND('',#866,.T.);
#581=FACE_OUTER_BOUND('',#867,.T.);
#582=FACE_OUTER_BOUND('',#868,.T.);
#583=FACE_OUTER_BOUND('',#869,.T.);
#584=FACE_OUTER_BOUND('',#870,.T.);
#585=FACE_OUTER_BOUND('',#871,.T.);
#586=FACE_OUTER_BOUND('',#872,.T.);
#587=FACE_OUTER_BOUND('',#873,.T.);
#588=FACE_OUTER_BOUND('',#874,.T.);
#589=FACE_OUTER_BOUND('',#875,.T.);
#590=FACE_OUTER_BOUND('',#876,.T.);
#591=FACE_OUTER_BOUND('',#877,.T.);
#592=FACE_OUTER_BOUND('',#878,.T.);
#593=FACE_OUTER_BOUND('',#879,.T.);
#594=FACE_OUTER_BOUND('',#880,.T.);
#595=FACE_OUTER_BOUND('',#881,.T.);
#596=FACE_OUTER_BOUND('',#882,.T.);
#597=FACE_OUTER_BOUND('',#883,.T.);
#598=FACE_OUTER_BOUND('',#884,.T.);
#599=FACE_OUTER_BOUND('',#885,.T.);
#600=FACE_OUTER_BOUND('',#886,.T.);
#601=FACE_OUTER_BOUND('',#887,.T.);
#602=FACE_OUTER_BOUND('',#888,.T.);
#603=FACE_OUTER_BOUND('',#892,.T.);
#604=FACE_OUTER_BOUND('',#896,.T.);
#605=FACE_OUTER_BOUND('',#897,.T.);
#606=FACE_OUTER_BOUND('',#898,.T.);
#607=FACE_OUTER_BOUND('',#899,.T.);
#608=FACE_OUTER_BOUND('',#900,.T.);
#609=FACE_OUTER_BOUND('',#901,.T.);
#610=FACE_OUTER_BOUND('',#902,.T.);
#611=FACE_OUTER_BOUND('',#903,.T.);
#612=FACE_OUTER_BOUND('',#904,.T.);
#613=FACE_OUTER_BOUND('',#905,.T.);
#614=FACE_OUTER_BOUND('',#906,.T.);
#615=FACE_OUTER_BOUND('',#907,.T.);
#616=FACE_OUTER_BOUND('',#908,.T.);
#617=FACE_OUTER_BOUND('',#909,.T.);
#618=FACE_OUTER_BOUND('',#910,.T.);
#619=FACE_OUTER_BOUND('',#911,.T.);
#620=FACE_OUTER_BOUND('',#912,.T.);
#621=FACE_OUTER_BOUND('',#913,.T.);
#622=FACE_OUTER_BOUND('',#914,.T.);
#623=FACE_OUTER_BOUND('',#915,.T.);
#624=FACE_OUTER_BOUND('',#916,.T.);
#625=FACE_OUTER_BOUND('',#917,.T.);
#626=FACE_OUTER_BOUND('',#918,.T.);
#627=FACE_OUTER_BOUND('',#919,.T.);
#628=FACE_OUTER_BOUND('',#920,.T.);
#629=FACE_OUTER_BOUND('',#921,.T.);
#630=FACE_OUTER_BOUND('',#922,.T.);
#631=FACE_OUTER_BOUND('',#923,.T.);
#632=FACE_OUTER_BOUND('',#924,.T.);
#633=FACE_OUTER_BOUND('',#925,.T.);
#634=FACE_OUTER_BOUND('',#926,.T.);
#635=FACE_OUTER_BOUND('',#927,.T.);
#636=FACE_OUTER_BOUND('',#928,.T.);
#637=FACE_OUTER_BOUND('',#929,.T.);
#638=FACE_OUTER_BOUND('',#930,.T.);
#639=FACE_OUTER_BOUND('',#931,.T.);
#640=FACE_OUTER_BOUND('',#932,.T.);
#641=FACE_OUTER_BOUND('',#933,.T.);
#642=FACE_OUTER_BOUND('',#934,.T.);
#643=FACE_OUTER_BOUND('',#935,.T.);
#644=FACE_OUTER_BOUND('',#936,.T.);
#645=FACE_OUTER_BOUND('',#937,.T.);
#646=FACE_OUTER_BOUND('',#938,.T.);
#647=FACE_OUTER_BOUND('',#939,.T.);
#648=FACE_OUTER_BOUND('',#940,.T.);
#649=FACE_OUTER_BOUND('',#941,.T.);
#650=FACE_OUTER_BOUND('',#942,.T.);
#651=FACE_OUTER_BOUND('',#943,.T.);
#652=FACE_OUTER_BOUND('',#944,.T.);
#653=FACE_OUTER_BOUND('',#945,.T.);
#654=FACE_OUTER_BOUND('',#946,.T.);
#655=FACE_OUTER_BOUND('',#947,.T.);
#656=FACE_OUTER_BOUND('',#948,.T.);
#657=FACE_OUTER_BOUND('',#949,.T.);
#658=FACE_OUTER_BOUND('',#950,.T.);
#659=FACE_OUTER_BOUND('',#951,.T.);
#660=FACE_OUTER_BOUND('',#952,.T.);
#661=FACE_OUTER_BOUND('',#953,.T.);
#662=FACE_OUTER_BOUND('',#954,.T.);
#663=FACE_OUTER_BOUND('',#955,.T.);
#664=FACE_OUTER_BOUND('',#956,.T.);
#665=FACE_OUTER_BOUND('',#957,.T.);
#666=FACE_OUTER_BOUND('',#958,.T.);
#667=FACE_OUTER_BOUND('',#959,.T.);
#668=FACE_OUTER_BOUND('',#960,.T.);
#669=FACE_OUTER_BOUND('',#961,.T.);
#670=FACE_OUTER_BOUND('',#962,.T.);
#671=FACE_OUTER_BOUND('',#963,.T.);
#672=FACE_OUTER_BOUND('',#964,.T.);
#673=FACE_OUTER_BOUND('',#965,.T.);
#674=FACE_OUTER_BOUND('',#966,.T.);
#675=EDGE_LOOP('',(#3197,#3198,#3199,#3200,#3201,#3202,#3203,#3204));
#676=EDGE_LOOP('',(#3205,#3206,#3207,#3208,#3209,#3210,#3211,#3212));
#677=EDGE_LOOP('',(#3213,#3214,#3215,#3216));
#678=EDGE_LOOP('',(#3217,#3218,#3219,#3220));
#679=EDGE_LOOP('',(#3221,#3222,#3223,#3224));
#680=EDGE_LOOP('',(#3225,#3226,#3227,#3228));
#681=EDGE_LOOP('',(#3229,#3230,#3231,#3232,#3233,#3234,#3235,#3236));
#682=EDGE_LOOP('',(#3237,#3238,#3239,#3240,#3241,#3242,#3243,#3244));
#683=EDGE_LOOP('',(#3245,#3246,#3247,#3248,#3249,#3250,#3251,#3252));
#684=EDGE_LOOP('',(#3253,#3254,#3255,#3256,#3257,#3258,#3259,#3260));
#685=EDGE_LOOP('',(#3261,#3262,#3263,#3264,#3265));
#686=EDGE_LOOP('',(#3266,#3267,#3268,#3269,#3270));
#687=EDGE_LOOP('',(#3271,#3272,#3273,#3274,#3275));
#688=EDGE_LOOP('',(#3276,#3277,#3278,#3279,#3280));
#689=EDGE_LOOP('',(#3281,#3282,#3283,#3284));
#690=EDGE_LOOP('',(#3285,#3286,#3287,#3288));
#691=EDGE_LOOP('',(#3289,#3290,#3291,#3292,#3293,#3294));
#692=EDGE_LOOP('',(#3295,#3296,#3297,#3298));
#693=EDGE_LOOP('',(#3299,#3300,#3301,#3302));
#694=EDGE_LOOP('',(#3303,#3304,#3305,#3306,#3307,#3308));
#695=EDGE_LOOP('',(#3309,#3310,#3311,#3312,#3313,#3314,#3315,#3316));
#696=EDGE_LOOP('',(#3317,#3318,#3319,#3320,#3321,#3322,#3323,#3324));
#697=EDGE_LOOP('',(#3325,#3326,#3327,#3328,#3329,#3330,#3331,#3332));
#698=EDGE_LOOP('',(#3333,#3334,#3335,#3336,#3337,#3338,#3339,#3340));
#699=EDGE_LOOP('',(#3341,#3342,#3343,#3344,#3345,#3346,#3347,#3348));
#700=EDGE_LOOP('',(#3349,#3350,#3351,#3352,#3353,#3354,#3355,#3356));
#701=EDGE_LOOP('',(#3357,#3358,#3359,#3360,#3361,#3362,#3363,#3364));
#702=EDGE_LOOP('',(#3365,#3366,#3367,#3368,#3369,#3370,#3371,#3372));
#703=EDGE_LOOP('',(#3373,#3374,#3375,#3376,#3377,#3378,#3379,#3380));
#704=EDGE_LOOP('',(#3381,#3382,#3383,#3384,#3385,#3386,#3387,#3388));
#705=EDGE_LOOP('',(#3389,#3390,#3391,#3392));
#706=EDGE_LOOP('',(#3393,#3394,#3395,#3396));
#707=EDGE_LOOP('',(#3397,#3398,#3399,#3400));
#708=EDGE_LOOP('',(#3401,#3402,#3403,#3404));
#709=EDGE_LOOP('',(#3405,#3406,#3407,#3408));
#710=EDGE_LOOP('',(#3409,#3410,#3411,#3412));
#711=EDGE_LOOP('',(#3413,#3414,#3415,#3416));
#712=EDGE_LOOP('',(#3417,#3418,#3419,#3420));
#713=EDGE_LOOP('',(#3421,#3422,#3423,#3424));
#714=EDGE_LOOP('',(#3425,#3426,#3427,#3428));
#715=EDGE_LOOP('',(#3429,#3430,#3431,#3432));
#716=EDGE_LOOP('',(#3433,#3434,#3435,#3436));
#717=EDGE_LOOP('',(#3437,#3438,#3439));
#718=EDGE_LOOP('',(#3440,#3441,#3442,#3443,#3444));
#719=EDGE_LOOP('',(#3445,#3446,#3447,#3448,#3449));
#720=EDGE_LOOP('',(#3450,#3451,#3452));
#721=EDGE_LOOP('',(#3453,#3454,#3455));
#722=EDGE_LOOP('',(#3456,#3457,#3458));
#723=EDGE_LOOP('',(#3459,#3460,#3461,#3462,#3463));
#724=EDGE_LOOP('',(#3464,#3465,#3466,#3467,#3468));
#725=EDGE_LOOP('',(#3469,#3470,#3471,#3472,#3473));
#726=EDGE_LOOP('',(#3474,#3475,#3476));
#727=EDGE_LOOP('',(#3477,#3478,#3479));
#728=EDGE_LOOP('',(#3480,#3481,#3482));
#729=EDGE_LOOP('',(#3483,#3484,#3485));
#730=EDGE_LOOP('',(#3486,#3487,#3488,#3489,#3490));
#731=EDGE_LOOP('',(#3491,#3492,#3493,#3494,#3495,#3496,#3497));
#732=EDGE_LOOP('',(#3498,#3499,#3500));
#733=EDGE_LOOP('',(#3501,#3502,#3503,#3504,#3505));
#734=EDGE_LOOP('',(#3506,#3507,#3508));
#735=EDGE_LOOP('',(#3509,#3510,#3511));
#736=EDGE_LOOP('',(#3512,#3513,#3514));
#737=EDGE_LOOP('',(#3515,#3516,#3517,#3518,#3519,#3520,#3521));
#738=EDGE_LOOP('',(#3522,#3523,#3524,#3525,#3526,#3527,#3528));
#739=EDGE_LOOP('',(#3529,#3530,#3531));
#740=EDGE_LOOP('',(#3532,#3533,#3534));
#741=EDGE_LOOP('',(#3535,#3536,#3537));
#742=EDGE_LOOP('',(#3538,#3539,#3540,#3541));
#743=EDGE_LOOP('',(#3542,#3543,#3544));
#744=EDGE_LOOP('',(#3545,#3546,#3547,#3548,#3549,#3550,#3551));
#745=EDGE_LOOP('',(#3552,#3553,#3554));
#746=EDGE_LOOP('',(#3555,#3556,#3557));
#747=EDGE_LOOP('',(#3558,#3559,#3560));
#748=EDGE_LOOP('',(#3561,#3562,#3563));
#749=EDGE_LOOP('',(#3564,#3565,#3566));
#750=EDGE_LOOP('',(#3567,#3568,#3569));
#751=EDGE_LOOP('',(#3570,#3571,#3572,#3573,#3574,#3575,#3576));
#752=EDGE_LOOP('',(#3577,#3578,#3579,#3580,#3581,#3582,#3583));
#753=EDGE_LOOP('',(#3584,#3585,#3586));
#754=EDGE_LOOP('',(#3587,#3588,#3589));
#755=EDGE_LOOP('',(#3590,#3591,#3592));
#756=EDGE_LOOP('',(#3593,#3594,#3595,#3596,#3597,#3598,#3599,#3600));
#757=EDGE_LOOP('',(#3601,#3602,#3603,#3604,#3605,#3606,#3607,#3608,#3609,
#3610));
#758=EDGE_LOOP('',(#3611,#3612,#3613,#3614,#3615,#3616));
#759=EDGE_LOOP('',(#3617,#3618,#3619,#3620,#3621,#3622));
#760=EDGE_LOOP('',(#3623,#3624,#3625));
#761=EDGE_LOOP('',(#3626,#3627,#3628,#3629));
#762=EDGE_LOOP('',(#3630,#3631,#3632,#3633));
#763=EDGE_LOOP('',(#3634,#3635,#3636,#3637,#3638,#3639));
#764=EDGE_LOOP('',(#3640,#3641,#3642,#3643,#3644,#3645,#3646));
#765=EDGE_LOOP('',(#3647,#3648,#3649,#3650));
#766=EDGE_LOOP('',(#3651,#3652,#3653,#3654,#3655,#3656));
#767=EDGE_LOOP('',(#3657,#3658,#3659));
#768=EDGE_LOOP('',(#3660,#3661,#3662,#3663));
#769=EDGE_LOOP('',(#3664,#3665,#3666,#3667));
#770=EDGE_LOOP('',(#3668,#3669,#3670,#3671));
#771=EDGE_LOOP('',(#3672,#3673,#3674));
#772=EDGE_LOOP('',(#3675,#3676,#3677,#3678,#3679,#3680));
#773=EDGE_LOOP('',(#3681,#3682,#3683,#3684));
#774=EDGE_LOOP('',(#3685,#3686,#3687,#3688,#3689));
#775=EDGE_LOOP('',(#3690,#3691,#3692,#3693,#3694));
#776=EDGE_LOOP('',(#3695,#3696,#3697,#3698));
#777=EDGE_LOOP('',(#3699,#3700,#3701,#3702));
#778=EDGE_LOOP('',(#3703,#3704,#3705,#3706));
#779=EDGE_LOOP('',(#3707,#3708,#3709,#3710));
#780=EDGE_LOOP('',(#3711,#3712,#3713,#3714));
#781=EDGE_LOOP('',(#3715,#3716,#3717,#3718));
#782=EDGE_LOOP('',(#3719,#3720,#3721,#3722));
#783=EDGE_LOOP('',(#3723,#3724,#3725,#3726));
#784=EDGE_LOOP('',(#3727,#3728,#3729,#3730));
#785=EDGE_LOOP('',(#3731,#3732,#3733,#3734));
#786=EDGE_LOOP('',(#3735,#3736,#3737,#3738));
#787=EDGE_LOOP('',(#3739,#3740,#3741,#3742,#3743));
#788=EDGE_LOOP('',(#3744,#3745,#3746,#3747));
#789=EDGE_LOOP('',(#3748,#3749,#3750,#3751));
#790=EDGE_LOOP('',(#3752,#3753,#3754,#3755,#3756));
#791=EDGE_LOOP('',(#3757,#3758,#3759,#3760));
#792=EDGE_LOOP('',(#3761,#3762,#3763,#3764));
#793=EDGE_LOOP('',(#3765,#3766,#3767,#3768));
#794=EDGE_LOOP('',(#3769,#3770,#3771,#3772));
#795=EDGE_LOOP('',(#3773,#3774,#3775,#3776));
#796=EDGE_LOOP('',(#3777,#3778,#3779,#3780));
#797=EDGE_LOOP('',(#3781,#3782,#3783,#3784));
#798=EDGE_LOOP('',(#3785,#3786,#3787,#3788));
#799=EDGE_LOOP('',(#3789,#3790,#3791,#3792));
#800=EDGE_LOOP('',(#3793,#3794,#3795,#3796,#3797,#3798,#3799,#3800,#3801,
#3802,#3803,#3804));
#801=EDGE_LOOP('',(#3805,#3806,#3807,#3808,#3809,#3810,#3811,#3812,#3813,
#3814));
#802=EDGE_LOOP('',(#3815,#3816,#3817,#3818,#3819,#3820,#3821,#3822,#3823,
#3824,#3825,#3826));
#803=EDGE_LOOP('',(#3827,#3828,#3829,#3830,#3831,#3832,#3833,#3834,#3835,
#3836,#3837,#3838));
#804=EDGE_LOOP('',(#3839,#3840,#3841,#3842));
#805=EDGE_LOOP('',(#3843,#3844,#3845,#3846));
#806=EDGE_LOOP('',(#3847,#3848,#3849,#3850));
#807=EDGE_LOOP('',(#3851,#3852,#3853,#3854));
#808=EDGE_LOOP('',(#3855,#3856,#3857,#3858));
#809=EDGE_LOOP('',(#3859,#3860,#3861,#3862));
#810=EDGE_LOOP('',(#3863,#3864,#3865,#3866));
#811=EDGE_LOOP('',(#3867,#3868,#3869,#3870));
#812=EDGE_LOOP('',(#3871,#3872,#3873,#3874));
#813=EDGE_LOOP('',(#3875,#3876,#3877,#3878));
#814=EDGE_LOOP('',(#3879,#3880,#3881,#3882));
#815=EDGE_LOOP('',(#3883,#3884,#3885,#3886));
#816=EDGE_LOOP('',(#3887,#3888,#3889,#3890));
#817=EDGE_LOOP('',(#3891,#3892,#3893,#3894,#3895));
#818=EDGE_LOOP('',(#3896,#3897,#3898,#3899));
#819=EDGE_LOOP('',(#3900,#3901,#3902,#3903));
#820=EDGE_LOOP('',(#3904,#3905,#3906,#3907));
#821=EDGE_LOOP('',(#3908,#3909,#3910,#3911));
#822=EDGE_LOOP('',(#3912,#3913,#3914,#3915));
#823=EDGE_LOOP('',(#3916,#3917,#3918,#3919));
#824=EDGE_LOOP('',(#3920,#3921,#3922,#3923));
#825=EDGE_LOOP('',(#3924,#3925,#3926,#3927));
#826=EDGE_LOOP('',(#3928,#3929,#3930,#3931));
#827=EDGE_LOOP('',(#3932,#3933,#3934,#3935));
#828=EDGE_LOOP('',(#3936,#3937,#3938,#3939));
#829=EDGE_LOOP('',(#3940,#3941,#3942,#3943,#3944,#3945,#3946,#3947));
#830=EDGE_LOOP('',(#3948,#3949,#3950,#3951,#3952,#3953,#3954,#3955,#3956,
#3957));
#831=EDGE_LOOP('',(#3958,#3959,#3960,#3961,#3962,#3963));
#832=EDGE_LOOP('',(#3964,#3965,#3966,#3967,#3968,#3969));
#833=EDGE_LOOP('',(#3970,#3971,#3972));
#834=EDGE_LOOP('',(#3973,#3974,#3975,#3976));
#835=EDGE_LOOP('',(#3977,#3978,#3979,#3980));
#836=EDGE_LOOP('',(#3981,#3982,#3983,#3984));
#837=EDGE_LOOP('',(#3985,#3986,#3987,#3988));
#838=EDGE_LOOP('',(#3989,#3990,#3991,#3992));
#839=EDGE_LOOP('',(#3993,#3994,#3995,#3996));
#840=EDGE_LOOP('',(#3997,#3998,#3999,#4000,#4001,#4002));
#841=EDGE_LOOP('',(#4003,#4004,#4005,#4006,#4007,#4008,#4009));
#842=EDGE_LOOP('',(#4010,#4011,#4012,#4013,#4014,#4015));
#843=EDGE_LOOP('',(#4016,#4017,#4018,#4019));
#844=EDGE_LOOP('',(#4020,#4021,#4022));
#845=EDGE_LOOP('',(#4023,#4024,#4025,#4026));
#846=EDGE_LOOP('',(#4027,#4028,#4029,#4030,#4031));
#847=EDGE_LOOP('',(#4032,#4033,#4034,#4035));
#848=EDGE_LOOP('',(#4036,#4037,#4038,#4039));
#849=EDGE_LOOP('',(#4040,#4041,#4042));
#850=EDGE_LOOP('',(#4043,#4044,#4045,#4046));
#851=EDGE_LOOP('',(#4047,#4048,#4049,#4050));
#852=EDGE_LOOP('',(#4051,#4052,#4053));
#853=EDGE_LOOP('',(#4054,#4055,#4056,#4057,#4058,#4059));
#854=EDGE_LOOP('',(#4060,#4061,#4062,#4063));
#855=EDGE_LOOP('',(#4064,#4065,#4066,#4067,#4068));
#856=EDGE_LOOP('',(#4069,#4070,#4071,#4072,#4073));
#857=EDGE_LOOP('',(#4074,#4075,#4076,#4077));
#858=EDGE_LOOP('',(#4078,#4079,#4080,#4081));
#859=EDGE_LOOP('',(#4082,#4083,#4084,#4085));
#860=EDGE_LOOP('',(#4086,#4087,#4088,#4089));
#861=EDGE_LOOP('',(#4090,#4091,#4092,#4093));
#862=EDGE_LOOP('',(#4094,#4095,#4096,#4097));
#863=EDGE_LOOP('',(#4098,#4099,#4100,#4101));
#864=EDGE_LOOP('',(#4102,#4103,#4104,#4105));
#865=EDGE_LOOP('',(#4106,#4107,#4108,#4109));
#866=EDGE_LOOP('',(#4110,#4111,#4112,#4113));
#867=EDGE_LOOP('',(#4114,#4115,#4116));
#868=EDGE_LOOP('',(#4117,#4118,#4119,#4120));
#869=EDGE_LOOP('',(#4121,#4122,#4123,#4124,#4125));
#870=EDGE_LOOP('',(#4126,#4127,#4128,#4129));
#871=EDGE_LOOP('',(#4130,#4131,#4132));
#872=EDGE_LOOP('',(#4133,#4134,#4135,#4136));
#873=EDGE_LOOP('',(#4137,#4138,#4139,#4140));
#874=EDGE_LOOP('',(#4141,#4142,#4143,#4144));
#875=EDGE_LOOP('',(#4145,#4146,#4147,#4148));
#876=EDGE_LOOP('',(#4149,#4150,#4151,#4152));
#877=EDGE_LOOP('',(#4153,#4154,#4155,#4156));
#878=EDGE_LOOP('',(#4157,#4158,#4159,#4160));
#879=EDGE_LOOP('',(#4161,#4162,#4163,#4164));
#880=EDGE_LOOP('',(#4165,#4166,#4167,#4168));
#881=EDGE_LOOP('',(#4169,#4170,#4171,#4172));
#882=EDGE_LOOP('',(#4173,#4174,#4175,#4176));
#883=EDGE_LOOP('',(#4177,#4178,#4179,#4180));
#884=EDGE_LOOP('',(#4181,#4182,#4183,#4184));
#885=EDGE_LOOP('',(#4185,#4186,#4187,#4188));
#886=EDGE_LOOP('',(#4189,#4190,#4191,#4192));
#887=EDGE_LOOP('',(#4193,#4194,#4195,#4196));
#888=EDGE_LOOP('',(#4197,#4198,#4199,#4200,#4201,#4202,#4203,#4204,#4205,
#4206,#4207,#4208,#4209,#4210,#4211,#4212,#4213,#4214,#4215,#4216));
#889=EDGE_LOOP('',(#4217,#4218,#4219,#4220));
#890=EDGE_LOOP('',(#4221,#4222,#4223,#4224));
#891=EDGE_LOOP('',(#4225,#4226,#4227,#4228));
#892=EDGE_LOOP('',(#4229,#4230,#4231,#4232,#4233,#4234,#4235,#4236,#4237,
#4238,#4239,#4240,#4241,#4242,#4243,#4244,#4245,#4246,#4247,#4248));
#893=EDGE_LOOP('',(#4249,#4250,#4251,#4252));
#894=EDGE_LOOP('',(#4253,#4254,#4255,#4256));
#895=EDGE_LOOP('',(#4257,#4258,#4259,#4260));
#896=EDGE_LOOP('',(#4261,#4262,#4263,#4264));
#897=EDGE_LOOP('',(#4265,#4266,#4267,#4268));
#898=EDGE_LOOP('',(#4269,#4270,#4271,#4272));
#899=EDGE_LOOP('',(#4273,#4274,#4275,#4276));
#900=EDGE_LOOP('',(#4277,#4278,#4279,#4280));
#901=EDGE_LOOP('',(#4281,#4282,#4283,#4284));
#902=EDGE_LOOP('',(#4285,#4286,#4287,#4288));
#903=EDGE_LOOP('',(#4289,#4290,#4291,#4292));
#904=EDGE_LOOP('',(#4293,#4294,#4295,#4296));
#905=EDGE_LOOP('',(#4297,#4298,#4299,#4300));
#906=EDGE_LOOP('',(#4301,#4302,#4303,#4304));
#907=EDGE_LOOP('',(#4305,#4306,#4307,#4308));
#908=EDGE_LOOP('',(#4309,#4310,#4311,#4312));
#909=EDGE_LOOP('',(#4313,#4314,#4315,#4316));
#910=EDGE_LOOP('',(#4317,#4318,#4319,#4320));
#911=EDGE_LOOP('',(#4321,#4322,#4323,#4324));
#912=EDGE_LOOP('',(#4325,#4326,#4327,#4328));
#913=EDGE_LOOP('',(#4329,#4330,#4331,#4332));
#914=EDGE_LOOP('',(#4333,#4334,#4335,#4336));
#915=EDGE_LOOP('',(#4337,#4338,#4339,#4340));
#916=EDGE_LOOP('',(#4341,#4342,#4343,#4344));
#917=EDGE_LOOP('',(#4345,#4346,#4347,#4348));
#918=EDGE_LOOP('',(#4349,#4350,#4351,#4352));
#919=EDGE_LOOP('',(#4353,#4354,#4355,#4356));
#920=EDGE_LOOP('',(#4357,#4358,#4359,#4360));
#921=EDGE_LOOP('',(#4361,#4362,#4363,#4364));
#922=EDGE_LOOP('',(#4365,#4366,#4367,#4368));
#923=EDGE_LOOP('',(#4369,#4370,#4371,#4372));
#924=EDGE_LOOP('',(#4373,#4374,#4375,#4376));
#925=EDGE_LOOP('',(#4377,#4378,#4379,#4380));
#926=EDGE_LOOP('',(#4381,#4382,#4383,#4384));
#927=EDGE_LOOP('',(#4385,#4386,#4387,#4388));
#928=EDGE_LOOP('',(#4389,#4390,#4391,#4392));
#929=EDGE_LOOP('',(#4393,#4394,#4395,#4396));
#930=EDGE_LOOP('',(#4397,#4398,#4399,#4400));
#931=EDGE_LOOP('',(#4401,#4402,#4403,#4404));
#932=EDGE_LOOP('',(#4405,#4406,#4407,#4408));
#933=EDGE_LOOP('',(#4409,#4410,#4411,#4412));
#934=EDGE_LOOP('',(#4413,#4414,#4415,#4416));
#935=EDGE_LOOP('',(#4417,#4418,#4419,#4420));
#936=EDGE_LOOP('',(#4421,#4422,#4423,#4424));
#937=EDGE_LOOP('',(#4425,#4426,#4427,#4428));
#938=EDGE_LOOP('',(#4429,#4430,#4431,#4432));
#939=EDGE_LOOP('',(#4433,#4434,#4435,#4436));
#940=EDGE_LOOP('',(#4437,#4438,#4439,#4440));
#941=EDGE_LOOP('',(#4441,#4442,#4443,#4444));
#942=EDGE_LOOP('',(#4445,#4446,#4447,#4448));
#943=EDGE_LOOP('',(#4449,#4450,#4451,#4452));
#944=EDGE_LOOP('',(#4453,#4454,#4455,#4456));
#945=EDGE_LOOP('',(#4457,#4458,#4459,#4460));
#946=EDGE_LOOP('',(#4461,#4462,#4463,#4464));
#947=EDGE_LOOP('',(#4465,#4466,#4467,#4468));
#948=EDGE_LOOP('',(#4469,#4470,#4471,#4472));
#949=EDGE_LOOP('',(#4473,#4474,#4475,#4476));
#950=EDGE_LOOP('',(#4477,#4478,#4479,#4480));
#951=EDGE_LOOP('',(#4481,#4482,#4483,#4484));
#952=EDGE_LOOP('',(#4485,#4486,#4487,#4488));
#953=EDGE_LOOP('',(#4489,#4490,#4491,#4492));
#954=EDGE_LOOP('',(#4493,#4494,#4495,#4496));
#955=EDGE_LOOP('',(#4497,#4498,#4499,#4500));
#956=EDGE_LOOP('',(#4501,#4502,#4503,#4504));
#957=EDGE_LOOP('',(#4505,#4506,#4507,#4508));
#958=EDGE_LOOP('',(#4509,#4510,#4511,#4512));
#959=EDGE_LOOP('',(#4513,#4514,#4515,#4516));
#960=EDGE_LOOP('',(#4517,#4518,#4519,#4520));
#961=EDGE_LOOP('',(#4521,#4522,#4523,#4524));
#962=EDGE_LOOP('',(#4525,#4526,#4527,#4528));
#963=EDGE_LOOP('',(#4529,#4530,#4531,#4532));
#964=EDGE_LOOP('',(#4533,#4534,#4535,#4536));
#965=EDGE_LOOP('',(#4537,#4538,#4539,#4540));
#966=EDGE_LOOP('',(#4541,#4542,#4543,#4544));
#967=LINE('',#6799,#1557);
#968=LINE('',#6801,#1558);
#969=LINE('',#6803,#1559);
#970=LINE('',#6805,#1560);
#971=LINE('',#6807,#1561);
#972=LINE('',#6809,#1562);
#973=LINE('',#6811,#1563);
#974=LINE('',#6812,#1564);
#975=LINE('',#6816,#1565);
#976=LINE('',#6818,#1566);
#977=LINE('',#6820,#1567);
#978=LINE('',#6822,#1568);
#979=LINE('',#6824,#1569);
#980=LINE('',#6826,#1570);
#981=LINE('',#6828,#1571);
#982=LINE('',#6829,#1572);
#983=LINE('',#6832,#1573);
#984=LINE('',#6834,#1574);
#985=LINE('',#6835,#1575);
#986=LINE('',#6838,#1576);
#987=LINE('',#6840,#1577);
#988=LINE('',#6841,#1578);
#989=LINE('',#6844,#1579);
#990=LINE('',#6846,#1580);
#991=LINE('',#6847,#1581);
#992=LINE('',#6850,#1582);
#993=LINE('',#6852,#1583);
#994=LINE('',#6853,#1584);
#995=LINE('',#6858,#1585);
#996=LINE('',#6860,#1586);
#997=LINE('',#6862,#1587);
#998=LINE('',#6863,#1588);
#999=LINE('',#6864,#1589);
#1000=LINE('',#6869,#1590);
#1001=LINE('',#6871,#1591);
#1002=LINE('',#6873,#1592);
#1003=LINE('',#6874,#1593);
#1004=LINE('',#6875,#1594);
#1005=LINE('',#6878,#1595);
#1006=LINE('',#6880,#1596);
#1007=LINE('',#6882,#1597);
#1008=LINE('',#6884,#1598);
#1009=LINE('',#6885,#1599);
#1010=LINE('',#6886,#1600);
#1011=LINE('',#6889,#1601);
#1012=LINE('',#6891,#1602);
#1013=LINE('',#6893,#1603);
#1014=LINE('',#6895,#1604);
#1015=LINE('',#6896,#1605);
#1016=LINE('',#6897,#1606);
#1017=LINE('',#6903,#1607);
#1018=LINE('',#6905,#1608);
#1019=LINE('',#6907,#1609);
#1020=LINE('',#6908,#1610);
#1021=LINE('',#6914,#1611);
#1022=LINE('',#6916,#1612);
#1023=LINE('',#6918,#1613);
#1024=LINE('',#6919,#1614);
#1025=LINE('',#6925,#1615);
#1026=LINE('',#6927,#1616);
#1027=LINE('',#6929,#1617);
#1028=LINE('',#6930,#1618);
#1029=LINE('',#6936,#1619);
#1030=LINE('',#6938,#1620);
#1031=LINE('',#6940,#1621);
#1032=LINE('',#6941,#1622);
#1033=LINE('',#6944,#1623);
#1034=LINE('',#6946,#1624);
#1035=LINE('',#6947,#1625);
#1036=LINE('',#6950,#1626);
#1037=LINE('',#6952,#1627);
#1038=LINE('',#6953,#1628);
#1039=LINE('',#6959,#1629);
#1040=LINE('',#6961,#1630);
#1041=LINE('',#6963,#1631);
#1042=LINE('',#6965,#1632);
#1043=LINE('',#6966,#1633);
#1044=LINE('',#6969,#1634);
#1045=LINE('',#6971,#1635);
#1046=LINE('',#6972,#1636);
#1047=LINE('',#6975,#1637);
#1048=LINE('',#6977,#1638);
#1049=LINE('',#6978,#1639);
#1050=LINE('',#6984,#1640);
#1051=LINE('',#6986,#1641);
#1052=LINE('',#6988,#1642);
#1053=LINE('',#6990,#1643);
#1054=LINE('',#6991,#1644);
#1055=LINE('',#6993,#1645);
#1056=LINE('',#6994,#1646);
#1057=LINE('',#6995,#1647);
#1058=LINE('',#6996,#1648);
#1059=LINE('',#6998,#1649);
#1060=LINE('',#6999,#1650);
#1061=LINE('',#7000,#1651);
#1062=LINE('',#7001,#1652);
#1063=LINE('',#7003,#1653);
#1064=LINE('',#7004,#1654);
#1065=LINE('',#7005,#1655);
#1066=LINE('',#7006,#1656);
#1067=LINE('',#7008,#1657);
#1068=LINE('',#7009,#1658);
#1069=LINE('',#7010,#1659);
#1070=LINE('',#7011,#1660);
#1071=LINE('',#7013,#1661);
#1072=LINE('',#7015,#1662);
#1073=LINE('',#7017,#1663);
#1074=LINE('',#7019,#1664);
#1075=LINE('',#7023,#1665);
#1076=LINE('',#7026,#1666);
#1077=LINE('',#7029,#1667);
#1078=LINE('',#7030,#1668);
#1079=LINE('',#7040,#1669);
#1080=LINE('',#7042,#1670);
#1081=LINE('',#7043,#1671);
#1082=LINE('',#7047,#1672);
#1083=LINE('',#7049,#1673);
#1084=LINE('',#7051,#1674);
#1085=LINE('',#7054,#1675);
#1086=LINE('',#7058,#1676);
#1087=LINE('',#7060,#1677);
#1088=LINE('',#7062,#1678);
#1089=LINE('',#7064,#1679);
#1090=LINE('',#7068,#1680);
#1091=LINE('',#7069,#1681);
#1092=LINE('',#7073,#1682);
#1093=LINE('',#7076,#1683);
#1094=LINE('',#7078,#1684);
#1095=LINE('',#7080,#1685);
#1096=LINE('',#7081,#1686);
#1097=LINE('',#7085,#1687);
#1098=LINE('',#7087,#1688);
#1099=LINE('',#7089,#1689);
#1100=LINE('',#7092,#1690);
#1101=LINE('',#7096,#1691);
#1102=LINE('',#7098,#1692);
#1103=LINE('',#7100,#1693);
#1104=LINE('',#7103,#1694);
#1105=LINE('',#7107,#1695);
#1106=LINE('',#7109,#1696);
#1107=LINE('',#7111,#1697);
#1108=LINE('',#7113,#1698);
#1109=LINE('',#7117,#1699);
#1110=LINE('',#7118,#1700);
#1111=LINE('',#7120,#1701);
#1112=LINE('',#7122,#1702);
#1113=LINE('',#7123,#1703);
#1114=LINE('',#7125,#1704);
#1115=LINE('',#7127,#1705);
#1116=LINE('',#7128,#1706);
#1117=LINE('',#7134,#1707);
#1118=LINE('',#7135,#1708);
#1119=LINE('',#7141,#1709);
#1120=LINE('',#7142,#1710);
#1121=LINE('',#7143,#1711);
#1122=LINE('',#7144,#1712);
#1123=LINE('',#7146,#1713);
#1124=LINE('',#7147,#1714);
#1125=LINE('',#7149,#1715);
#1126=LINE('',#7151,#1716);
#1127=LINE('',#7153,#1717);
#1128=LINE('',#7155,#1718);
#1129=LINE('',#7156,#1719);
#1130=LINE('',#7161,#1720);
#1131=LINE('',#7162,#1721);
#1132=LINE('',#7164,#1722);
#1133=LINE('',#7167,#1723);
#1134=LINE('',#7169,#1724);
#1135=LINE('',#7171,#1725);
#1136=LINE('',#7175,#1726);
#1137=LINE('',#7176,#1727);
#1138=LINE('',#7178,#1728);
#1139=LINE('',#7179,#1729);
#1140=LINE('',#7181,#1730);
#1141=LINE('',#7183,#1731);
#1142=LINE('',#7184,#1732);
#1143=LINE('',#7187,#1733);
#1144=LINE('',#7189,#1734);
#1145=LINE('',#7191,#1735);
#1146=LINE('',#7193,#1736);
#1147=LINE('',#7194,#1737);
#1148=LINE('',#7196,#1738);
#1149=LINE('',#7199,#1739);
#1150=LINE('',#7203,#1740);
#1151=LINE('',#7204,#1741);
#1152=LINE('',#7206,#1742);
#1153=LINE('',#7210,#1743);
#1154=LINE('',#7214,#1744);
#1155=LINE('',#7217,#1745);
#1156=LINE('',#7219,#1746);
#1157=LINE('',#7221,#1747);
#1158=LINE('',#7223,#1748);
#1159=LINE('',#7224,#1749);
#1160=LINE('',#7226,#1750);
#1161=LINE('',#7229,#1751);
#1162=LINE('',#7233,#1752);
#1163=LINE('',#7234,#1753);
#1164=LINE('',#7236,#1754);
#1165=LINE('',#7239,#1755);
#1166=LINE('',#7241,#1756);
#1167=LINE('',#7243,#1757);
#1168=LINE('',#7247,#1758);
#1169=LINE('',#7248,#1759);
#1170=LINE('',#7250,#1760);
#1171=LINE('',#7251,#1761);
#1172=LINE('',#7253,#1762);
#1173=LINE('',#7255,#1763);
#1174=LINE('',#7256,#1764);
#1175=LINE('',#7259,#1765);
#1176=LINE('',#7261,#1766);
#1177=LINE('',#7263,#1767);
#1178=LINE('',#7265,#1768);
#1179=LINE('',#7266,#1769);
#1180=LINE('',#7268,#1770);
#1181=LINE('',#7271,#1771);
#1182=LINE('',#7275,#1772);
#1183=LINE('',#7276,#1773);
#1184=LINE('',#7278,#1774);
#1185=LINE('',#7280,#1775);
#1186=LINE('',#7282,#1776);
#1187=LINE('',#7284,#1777);
#1188=LINE('',#7286,#1778);
#1189=LINE('',#7287,#1779);
#1190=LINE('',#7290,#1780);
#1191=LINE('',#7292,#1781);
#1192=LINE('',#7294,#1782);
#1193=LINE('',#7296,#1783);
#1194=LINE('',#7297,#1784);
#1195=LINE('',#7298,#1785);
#1196=LINE('',#7299,#1786);
#1197=LINE('',#7301,#1787);
#1198=LINE('',#7303,#1788);
#1199=LINE('',#7304,#1789);
#1200=LINE('',#7307,#1790);
#1201=LINE('',#7309,#1791);
#1202=LINE('',#7312,#1792);
#1203=LINE('',#7314,#1793);
#1204=LINE('',#7316,#1794);
#1205=LINE('',#7318,#1795);
#1206=LINE('',#7319,#1796);
#1207=LINE('',#7322,#1797);
#1208=LINE('',#7324,#1798);
#1209=LINE('',#7326,#1799);
#1210=LINE('',#7328,#1800);
#1211=LINE('',#7329,#1801);
#1212=LINE('',#7330,#1802);
#1213=LINE('',#7332,#1803);
#1214=LINE('',#7333,#1804);
#1215=LINE('',#7335,#1805);
#1216=LINE('',#7336,#1806);
#1217=LINE('',#7339,#1807);
#1218=LINE('',#7341,#1808);
#1219=LINE('',#7342,#1809);
#1220=LINE('',#7344,#1810);
#1221=LINE('',#7345,#1811);
#1222=LINE('',#7347,#1812);
#1223=LINE('',#7357,#1813);
#1224=LINE('',#7363,#1814);
#1225=LINE('',#7369,#1815);
#1226=LINE('',#7370,#1816);
#1227=LINE('',#7371,#1817);
#1228=LINE('',#7372,#1818);
#1229=LINE('',#7376,#1819);
#1230=LINE('',#7379,#1820);
#1231=LINE('',#7380,#1821);
#1232=LINE('',#7381,#1822);
#1233=LINE('',#7388,#1823);
#1234=LINE('',#7390,#1824);
#1235=LINE('',#7391,#1825);
#1236=LINE('',#7394,#1826);
#1237=LINE('',#7396,#1827);
#1238=LINE('',#7397,#1828);
#1239=LINE('',#7399,#1829);
#1240=LINE('',#7400,#1830);
#1241=LINE('',#7411,#1831);
#1242=LINE('',#7417,#1832);
#1243=LINE('',#7423,#1833);
#1244=LINE('',#7424,#1834);
#1245=LINE('',#7425,#1835);
#1246=LINE('',#7426,#1836);
#1247=LINE('',#7430,#1837);
#1248=LINE('',#7433,#1838);
#1249=LINE('',#7434,#1839);
#1250=LINE('',#7435,#1840);
#1251=LINE('',#7441,#1841);
#1252=LINE('',#7442,#1842);
#1253=LINE('',#7446,#1843);
#1254=LINE('',#7448,#1844);
#1255=LINE('',#7450,#1845);
#1256=LINE('',#7452,#1846);
#1257=LINE('',#7454,#1847);
#1258=LINE('',#7456,#1848);
#1259=LINE('',#7458,#1849);
#1260=LINE('',#7460,#1850);
#1261=LINE('',#7462,#1851);
#1262=LINE('',#7464,#1852);
#1263=LINE('',#7466,#1853);
#1264=LINE('',#7467,#1854);
#1265=LINE('',#7469,#1855);
#1266=LINE('',#7471,#1856);
#1267=LINE('',#7473,#1857);
#1268=LINE('',#7475,#1858);
#1269=LINE('',#7479,#1859);
#1270=LINE('',#7483,#1860);
#1271=LINE('',#7484,#1861);
#1272=LINE('',#7488,#1862);
#1273=LINE('',#7490,#1863);
#1274=LINE('',#7492,#1864);
#1275=LINE('',#7494,#1865);
#1276=LINE('',#7496,#1866);
#1277=LINE('',#7498,#1867);
#1278=LINE('',#7500,#1868);
#1279=LINE('',#7502,#1869);
#1280=LINE('',#7504,#1870);
#1281=LINE('',#7506,#1871);
#1282=LINE('',#7508,#1872);
#1283=LINE('',#7509,#1873);
#1284=LINE('',#7511,#1874);
#1285=LINE('',#7513,#1875);
#1286=LINE('',#7515,#1876);
#1287=LINE('',#7519,#1877);
#1288=LINE('',#7523,#1878);
#1289=LINE('',#7525,#1879);
#1290=LINE('',#7526,#1880);
#1291=LINE('',#7528,#1881);
#1292=LINE('',#7529,#1882);
#1293=LINE('',#7534,#1883);
#1294=LINE('',#7535,#1884);
#1295=LINE('',#7537,#1885);
#1296=LINE('',#7539,#1886);
#1297=LINE('',#7541,#1887);
#1298=LINE('',#7543,#1888);
#1299=LINE('',#7545,#1889);
#1300=LINE('',#7547,#1890);
#1301=LINE('',#7549,#1891);
#1302=LINE('',#7551,#1892);
#1303=LINE('',#7556,#1893);
#1304=LINE('',#7557,#1894);
#1305=LINE('',#7561,#1895);
#1306=LINE('',#7562,#1896);
#1307=LINE('',#7564,#1897);
#1308=LINE('',#7566,#1898);
#1309=LINE('',#7568,#1899);
#1310=LINE('',#7570,#1900);
#1311=LINE('',#7581,#1901);
#1312=LINE('',#7583,#1902);
#1313=LINE('',#7585,#1903);
#1314=LINE('',#7587,#1904);
#1315=LINE('',#7589,#1905);
#1316=LINE('',#7590,#1906);
#1317=LINE('',#7593,#1907);
#1318=LINE('',#7595,#1908);
#1319=LINE('',#7597,#1909);
#1320=LINE('',#7599,#1910);
#1321=LINE('',#7600,#1911);
#1322=LINE('',#7601,#1912);
#1323=LINE('',#7602,#1913);
#1324=LINE('',#7604,#1914);
#1325=LINE('',#7606,#1915);
#1326=LINE('',#7607,#1916);
#1327=LINE('',#7613,#1917);
#1328=LINE('',#7614,#1918);
#1329=LINE('',#7623,#1919);
#1330=LINE('',#7625,#1920);
#1331=LINE('',#7627,#1921);
#1332=LINE('',#7628,#1922);
#1333=LINE('',#7630,#1923);
#1334=LINE('',#7631,#1924);
#1335=LINE('',#7634,#1925);
#1336=LINE('',#7635,#1926);
#1337=LINE('',#7637,#1927);
#1338=LINE('',#7639,#1928);
#1339=LINE('',#7640,#1929);
#1340=LINE('',#7642,#1930);
#1341=LINE('',#7643,#1931);
#1342=LINE('',#7645,#1932);
#1343=LINE('',#7646,#1933);
#1344=LINE('',#7657,#1934);
#1345=LINE('',#7658,#1935);
#1346=LINE('',#7660,#1936);
#1347=LINE('',#7661,#1937);
#1348=LINE('',#7663,#1938);
#1349=LINE('',#7673,#1939);
#1350=LINE('',#7679,#1940);
#1351=LINE('',#7685,#1941);
#1352=LINE('',#7686,#1942);
#1353=LINE('',#7687,#1943);
#1354=LINE('',#7688,#1944);
#1355=LINE('',#7692,#1945);
#1356=LINE('',#7695,#1946);
#1357=LINE('',#7696,#1947);
#1358=LINE('',#7697,#1948);
#1359=LINE('',#7704,#1949);
#1360=LINE('',#7706,#1950);
#1361=LINE('',#7707,#1951);
#1362=LINE('',#7710,#1952);
#1363=LINE('',#7712,#1953);
#1364=LINE('',#7713,#1954);
#1365=LINE('',#7716,#1955);
#1366=LINE('',#7717,#1956);
#1367=LINE('',#7728,#1957);
#1368=LINE('',#7734,#1958);
#1369=LINE('',#7740,#1959);
#1370=LINE('',#7741,#1960);
#1371=LINE('',#7742,#1961);
#1372=LINE('',#7743,#1962);
#1373=LINE('',#7747,#1963);
#1374=LINE('',#7750,#1964);
#1375=LINE('',#7751,#1965);
#1376=LINE('',#7752,#1966);
#1377=LINE('',#7764,#1967);
#1378=LINE('',#7766,#1968);
#1379=LINE('',#7768,#1969);
#1380=LINE('',#7769,#1970);
#1381=LINE('',#7773,#1971);
#1382=LINE('',#7774,#1972);
#1383=LINE('',#7775,#1973);
#1384=LINE('',#7778,#1974);
#1385=LINE('',#7780,#1975);
#1386=LINE('',#7781,#1976);
#1387=LINE('',#7784,#1977);
#1388=LINE('',#7786,#1978);
#1389=LINE('',#7788,#1979);
#1390=LINE('',#7790,#1980);
#1391=LINE('',#7792,#1981);
#1392=LINE('',#7794,#1982);
#1393=LINE('',#7796,#1983);
#1394=LINE('',#7798,#1984);
#1395=LINE('',#7800,#1985);
#1396=LINE('',#7802,#1986);
#1397=LINE('',#7804,#1987);
#1398=LINE('',#7806,#1988);
#1399=LINE('',#7808,#1989);
#1400=LINE('',#7810,#1990);
#1401=LINE('',#7812,#1991);
#1402=LINE('',#7814,#1992);
#1403=LINE('',#7815,#1993);
#1404=LINE('',#7818,#1994);
#1405=LINE('',#7820,#1995);
#1406=LINE('',#7822,#1996);
#1407=LINE('',#7823,#1997);
#1408=LINE('',#7826,#1998);
#1409=LINE('',#7828,#1999);
#1410=LINE('',#7830,#2000);
#1411=LINE('',#7831,#2001);
#1412=LINE('',#7834,#2002);
#1413=LINE('',#7836,#2003);
#1414=LINE('',#7838,#2004);
#1415=LINE('',#7839,#2005);
#1416=LINE('',#7842,#2006);
#1417=LINE('',#7844,#2007);
#1418=LINE('',#7846,#2008);
#1419=LINE('',#7848,#2009);
#1420=LINE('',#7850,#2010);
#1421=LINE('',#7852,#2011);
#1422=LINE('',#7854,#2012);
#1423=LINE('',#7856,#2013);
#1424=LINE('',#7858,#2014);
#1425=LINE('',#7860,#2015);
#1426=LINE('',#7862,#2016);
#1427=LINE('',#7864,#2017);
#1428=LINE('',#7866,#2018);
#1429=LINE('',#7868,#2019);
#1430=LINE('',#7870,#2020);
#1431=LINE('',#7872,#2021);
#1432=LINE('',#7873,#2022);
#1433=LINE('',#7876,#2023);
#1434=LINE('',#7878,#2024);
#1435=LINE('',#7880,#2025);
#1436=LINE('',#7881,#2026);
#1437=LINE('',#7884,#2027);
#1438=LINE('',#7886,#2028);
#1439=LINE('',#7888,#2029);
#1440=LINE('',#7889,#2030);
#1441=LINE('',#7892,#2031);
#1442=LINE('',#7894,#2032);
#1443=LINE('',#7896,#2033);
#1444=LINE('',#7897,#2034);
#1445=LINE('',#7899,#2035);
#1446=LINE('',#7901,#2036);
#1447=LINE('',#7903,#2037);
#1448=LINE('',#7905,#2038);
#1449=LINE('',#7907,#2039);
#1450=LINE('',#7909,#2040);
#1451=LINE('',#7911,#2041);
#1452=LINE('',#7913,#2042);
#1453=LINE('',#7915,#2043);
#1454=LINE('',#7917,#2044);
#1455=LINE('',#7919,#2045);
#1456=LINE('',#7921,#2046);
#1457=LINE('',#7923,#2047);
#1458=LINE('',#7925,#2048);
#1459=LINE('',#7927,#2049);
#1460=LINE('',#7929,#2050);
#1461=LINE('',#7933,#2051);
#1462=LINE('',#7935,#2052);
#1463=LINE('',#7936,#2053);
#1464=LINE('',#7939,#2054);
#1465=LINE('',#7940,#2055);
#1466=LINE('',#7943,#2056);
#1467=LINE('',#7944,#2057);
#1468=LINE('',#7946,#2058);
#1469=LINE('',#7949,#2059);
#1470=LINE('',#7951,#2060);
#1471=LINE('',#7952,#2061);
#1472=LINE('',#7955,#2062);
#1473=LINE('',#7956,#2063);
#1474=LINE('',#7959,#2064);
#1475=LINE('',#7960,#2065);
#1476=LINE('',#7962,#2066);
#1477=LINE('',#7965,#2067);
#1478=LINE('',#7967,#2068);
#1479=LINE('',#7968,#2069);
#1480=LINE('',#7971,#2070);
#1481=LINE('',#7972,#2071);
#1482=LINE('',#7975,#2072);
#1483=LINE('',#7976,#2073);
#1484=LINE('',#7978,#2074);
#1485=LINE('',#7981,#2075);
#1486=LINE('',#7983,#2076);
#1487=LINE('',#7984,#2077);
#1488=LINE('',#7987,#2078);
#1489=LINE('',#7988,#2079);
#1490=LINE('',#7991,#2080);
#1491=LINE('',#7992,#2081);
#1492=LINE('',#7994,#2082);
#1493=LINE('',#7997,#2083);
#1494=LINE('',#7999,#2084);
#1495=LINE('',#8000,#2085);
#1496=LINE('',#8003,#2086);
#1497=LINE('',#8004,#2087);
#1498=LINE('',#8007,#2088);
#1499=LINE('',#8008,#2089);
#1500=LINE('',#8010,#2090);
#1501=LINE('',#8013,#2091);
#1502=LINE('',#8015,#2092);
#1503=LINE('',#8016,#2093);
#1504=LINE('',#8019,#2094);
#1505=LINE('',#8020,#2095);
#1506=LINE('',#8023,#2096);
#1507=LINE('',#8024,#2097);
#1508=LINE('',#8026,#2098);
#1509=LINE('',#8029,#2099);
#1510=LINE('',#8031,#2100);
#1511=LINE('',#8032,#2101);
#1512=LINE('',#8035,#2102);
#1513=LINE('',#8036,#2103);
#1514=LINE('',#8039,#2104);
#1515=LINE('',#8040,#2105);
#1516=LINE('',#8042,#2106);
#1517=LINE('',#8045,#2107);
#1518=LINE('',#8047,#2108);
#1519=LINE('',#8048,#2109);
#1520=LINE('',#8051,#2110);
#1521=LINE('',#8052,#2111);
#1522=LINE('',#8055,#2112);
#1523=LINE('',#8056,#2113);
#1524=LINE('',#8058,#2114);
#1525=LINE('',#8061,#2115);
#1526=LINE('',#8063,#2116);
#1527=LINE('',#8064,#2117);
#1528=LINE('',#8067,#2118);
#1529=LINE('',#8068,#2119);
#1530=LINE('',#8071,#2120);
#1531=LINE('',#8072,#2121);
#1532=LINE('',#8074,#2122);
#1533=LINE('',#8077,#2123);
#1534=LINE('',#8079,#2124);
#1535=LINE('',#8080,#2125);
#1536=LINE('',#8083,#2126);
#1537=LINE('',#8084,#2127);
#1538=LINE('',#8087,#2128);
#1539=LINE('',#8088,#2129);
#1540=LINE('',#8090,#2130);
#1541=LINE('',#8093,#2131);
#1542=LINE('',#8095,#2132);
#1543=LINE('',#8096,#2133);
#1544=LINE('',#8099,#2134);
#1545=LINE('',#8100,#2135);
#1546=LINE('',#8103,#2136);
#1547=LINE('',#8104,#2137);
#1548=LINE('',#8106,#2138);
#1549=LINE('',#8109,#2139);
#1550=LINE('',#8111,#2140);
#1551=LINE('',#8112,#2141);
#1552=LINE('',#8115,#2142);
#1553=LINE('',#8116,#2143);
#1554=LINE('',#8119,#2144);
#1555=LINE('',#8120,#2145);
#1556=LINE('',#8122,#2146);
#1557=VECTOR('',#5470,1.);
#1558=VECTOR('',#5471,1.);
#1559=VECTOR('',#5472,1.);
#1560=VECTOR('',#5473,1.);
#1561=VECTOR('',#5474,1.);
#1562=VECTOR('',#5475,1.);
#1563=VECTOR('',#5476,1.);
#1564=VECTOR('',#5477,1.);
#1565=VECTOR('',#5480,1.);
#1566=VECTOR('',#5481,1.);
#1567=VECTOR('',#5482,1.);
#1568=VECTOR('',#5483,1.);
#1569=VECTOR('',#5484,1.);
#1570=VECTOR('',#5485,1.);
#1571=VECTOR('',#5486,1.);
#1572=VECTOR('',#5487,1.);
#1573=VECTOR('',#5490,1.);
#1574=VECTOR('',#5491,1.);
#1575=VECTOR('',#5492,1.);
#1576=VECTOR('',#5495,1.);
#1577=VECTOR('',#5496,1.);
#1578=VECTOR('',#5497,1.);
#1579=VECTOR('',#5500,1.);
#1580=VECTOR('',#5501,1.);
#1581=VECTOR('',#5502,1.);
#1582=VECTOR('',#5505,1.);
#1583=VECTOR('',#5506,1.);
#1584=VECTOR('',#5507,1.);
#1585=VECTOR('',#5512,1.);
#1586=VECTOR('',#5513,1.);
#1587=VECTOR('',#5514,1.);
#1588=VECTOR('',#5515,1.);
#1589=VECTOR('',#5516,1.);
#1590=VECTOR('',#5521,1.);
#1591=VECTOR('',#5522,1.);
#1592=VECTOR('',#5523,1.);
#1593=VECTOR('',#5524,1.);
#1594=VECTOR('',#5525,1.);
#1595=VECTOR('',#5528,1.);
#1596=VECTOR('',#5529,1.);
#1597=VECTOR('',#5530,1.);
#1598=VECTOR('',#5531,1.);
#1599=VECTOR('',#5532,1.);
#1600=VECTOR('',#5533,1.);
#1601=VECTOR('',#5536,1.);
#1602=VECTOR('',#5537,1.);
#1603=VECTOR('',#5538,1.);
#1604=VECTOR('',#5539,1.);
#1605=VECTOR('',#5540,1.);
#1606=VECTOR('',#5541,1.);
#1607=VECTOR('',#5546,1.);
#1608=VECTOR('',#5547,1.);
#1609=VECTOR('',#5548,1.);
#1610=VECTOR('',#5549,1.);
#1611=VECTOR('',#5554,1.);
#1612=VECTOR('',#5555,1.);
#1613=VECTOR('',#5556,1.);
#1614=VECTOR('',#5557,1.);
#1615=VECTOR('',#5562,1.);
#1616=VECTOR('',#5563,1.);
#1617=VECTOR('',#5564,1.);
#1618=VECTOR('',#5565,1.);
#1619=VECTOR('',#5570,1.);
#1620=VECTOR('',#5571,1.);
#1621=VECTOR('',#5572,1.);
#1622=VECTOR('',#5573,1.);
#1623=VECTOR('',#5576,1.);
#1624=VECTOR('',#5577,1.);
#1625=VECTOR('',#5578,1.);
#1626=VECTOR('',#5581,1.);
#1627=VECTOR('',#5582,1.);
#1628=VECTOR('',#5583,1.);
#1629=VECTOR('',#5588,1.);
#1630=VECTOR('',#5589,1.);
#1631=VECTOR('',#5590,1.);
#1632=VECTOR('',#5591,1.);
#1633=VECTOR('',#5592,1.);
#1634=VECTOR('',#5595,1.);
#1635=VECTOR('',#5596,1.);
#1636=VECTOR('',#5597,1.);
#1637=VECTOR('',#5600,1.);
#1638=VECTOR('',#5601,1.);
#1639=VECTOR('',#5602,1.);
#1640=VECTOR('',#5607,1.);
#1641=VECTOR('',#5608,1.);
#1642=VECTOR('',#5609,1.);
#1643=VECTOR('',#5610,1.);
#1644=VECTOR('',#5611,1.);
#1645=VECTOR('',#5614,1.);
#1646=VECTOR('',#5615,1.);
#1647=VECTOR('',#5616,1.);
#1648=VECTOR('',#5617,1.);
#1649=VECTOR('',#5620,1.);
#1650=VECTOR('',#5621,1.);
#1651=VECTOR('',#5622,1.);
#1652=VECTOR('',#5623,1.);
#1653=VECTOR('',#5626,1.);
#1654=VECTOR('',#5627,1.);
#1655=VECTOR('',#5628,1.);
#1656=VECTOR('',#5629,1.);
#1657=VECTOR('',#5632,1.);
#1658=VECTOR('',#5633,1.);
#1659=VECTOR('',#5634,1.);
#1660=VECTOR('',#5635,1.);
#1661=VECTOR('',#5638,1.);
#1662=VECTOR('',#5641,1.);
#1663=VECTOR('',#5644,1.);
#1664=VECTOR('',#5647,1.);
#1665=VECTOR('',#5654,1.);
#1666=VECTOR('',#5659,1.);
#1667=VECTOR('',#5664,1.);
#1668=VECTOR('',#5665,1.);
#1669=VECTOR('',#5680,1.);
#1670=VECTOR('',#5681,1.);
#1671=VECTOR('',#5682,1.);
#1672=VECTOR('',#5685,1.);
#1673=VECTOR('',#5686,1.);
#1674=VECTOR('',#5687,1.);
#1675=VECTOR('',#5690,1.);
#1676=VECTOR('',#5693,1.);
#1677=VECTOR('',#5694,1.);
#1678=VECTOR('',#5695,1.);
#1679=VECTOR('',#5696,1.);
#1680=VECTOR('',#5701,1.);
#1681=VECTOR('',#5702,1.);
#1682=VECTOR('',#5705,1.);
#1683=VECTOR('',#5708,1.);
#1684=VECTOR('',#5711,1.);
#1685=VECTOR('',#5712,1.);
#1686=VECTOR('',#5713,1.);
#1687=VECTOR('',#5716,1.);
#1688=VECTOR('',#5717,1.);
#1689=VECTOR('',#5718,1.);
#1690=VECTOR('',#5721,1.);
#1691=VECTOR('',#5724,1.);
#1692=VECTOR('',#5725,1.);
#1693=VECTOR('',#5726,1.);
#1694=VECTOR('',#5729,1.);
#1695=VECTOR('',#5732,1.);
#1696=VECTOR('',#5733,1.);
#1697=VECTOR('',#5734,1.);
#1698=VECTOR('',#5735,1.);
#1699=VECTOR('',#5740,1.);
#1700=VECTOR('',#5741,1.);
#1701=VECTOR('',#5744,1.);
#1702=VECTOR('',#5745,1.);
#1703=VECTOR('',#5746,1.);
#1704=VECTOR('',#5749,1.);
#1705=VECTOR('',#5750,1.);
#1706=VECTOR('',#5751,1.);
#1707=VECTOR('',#5756,1.);
#1708=VECTOR('',#5757,1.);
#1709=VECTOR('',#5762,1.);
#1710=VECTOR('',#5763,1.);
#1711=VECTOR('',#5764,1.);
#1712=VECTOR('',#5765,1.);
#1713=VECTOR('',#5768,1.);
#1714=VECTOR('',#5769,1.);
#1715=VECTOR('',#5770,1.);
#1716=VECTOR('',#5771,1.);
#1717=VECTOR('',#5772,1.);
#1718=VECTOR('',#5773,1.);
#1719=VECTOR('',#5774,1.);
#1720=VECTOR('',#5783,1.);
#1721=VECTOR('',#5784,1.);
#1722=VECTOR('',#5787,1.);
#1723=VECTOR('',#5790,1.);
#1724=VECTOR('',#5793,1.);
#1725=VECTOR('',#5794,1.);
#1726=VECTOR('',#5799,1.);
#1727=VECTOR('',#5800,1.);
#1728=VECTOR('',#5803,1.);
#1729=VECTOR('',#5804,1.);
#1730=VECTOR('',#5805,1.);
#1731=VECTOR('',#5806,1.);
#1732=VECTOR('',#5807,1.);
#1733=VECTOR('',#5810,1.);
#1734=VECTOR('',#5811,1.);
#1735=VECTOR('',#5812,1.);
#1736=VECTOR('',#5813,1.);
#1737=VECTOR('',#5814,1.);
#1738=VECTOR('',#5817,1.);
#1739=VECTOR('',#5822,1.);
#1740=VECTOR('',#5827,1.);
#1741=VECTOR('',#5828,1.);
#1742=VECTOR('',#5831,1.);
#1743=VECTOR('',#5834,1.);
#1744=VECTOR('',#5841,1.);
#1745=VECTOR('',#5844,1.);
#1746=VECTOR('',#5845,1.);
#1747=VECTOR('',#5846,1.);
#1748=VECTOR('',#5847,1.);
#1749=VECTOR('',#5848,1.);
#1750=VECTOR('',#5851,1.);
#1751=VECTOR('',#5856,1.);
#1752=VECTOR('',#5861,1.);
#1753=VECTOR('',#5862,1.);
#1754=VECTOR('',#5865,1.);
#1755=VECTOR('',#5868,1.);
#1756=VECTOR('',#5871,1.);
#1757=VECTOR('',#5872,1.);
#1758=VECTOR('',#5877,1.);
#1759=VECTOR('',#5878,1.);
#1760=VECTOR('',#5881,1.);
#1761=VECTOR('',#5882,1.);
#1762=VECTOR('',#5883,1.);
#1763=VECTOR('',#5884,1.);
#1764=VECTOR('',#5885,1.);
#1765=VECTOR('',#5888,1.);
#1766=VECTOR('',#5889,1.);
#1767=VECTOR('',#5890,1.);
#1768=VECTOR('',#5891,1.);
#1769=VECTOR('',#5892,1.);
#1770=VECTOR('',#5895,1.);
#1771=VECTOR('',#5900,1.);
#1772=VECTOR('',#5905,1.);
#1773=VECTOR('',#5906,1.);
#1774=VECTOR('',#5909,1.);
#1775=VECTOR('',#5910,1.);
#1776=VECTOR('',#5911,1.);
#1777=VECTOR('',#5912,1.);
#1778=VECTOR('',#5913,1.);
#1779=VECTOR('',#5914,1.);
#1780=VECTOR('',#5917,1.);
#1781=VECTOR('',#5918,1.);
#1782=VECTOR('',#5919,1.);
#1783=VECTOR('',#5920,1.);
#1784=VECTOR('',#5921,1.);
#1785=VECTOR('',#5922,1.);
#1786=VECTOR('',#5923,1.);
#1787=VECTOR('',#5926,1.);
#1788=VECTOR('',#5929,1.);
#1789=VECTOR('',#5930,1.);
#1790=VECTOR('',#5935,1.);
#1791=VECTOR('',#5938,1.);
#1792=VECTOR('',#5941,1.);
#1793=VECTOR('',#5942,1.);
#1794=VECTOR('',#5943,1.);
#1795=VECTOR('',#5944,1.);
#1796=VECTOR('',#5945,1.);
#1797=VECTOR('',#5948,1.);
#1798=VECTOR('',#5949,1.);
#1799=VECTOR('',#5950,1.);
#1800=VECTOR('',#5951,1.);
#1801=VECTOR('',#5952,1.);
#1802=VECTOR('',#5953,1.);
#1803=VECTOR('',#5956,1.);
#1804=VECTOR('',#5957,1.);
#1805=VECTOR('',#5960,1.);
#1806=VECTOR('',#5961,1.);
#1807=VECTOR('',#5966,1.);
#1808=VECTOR('',#5969,1.);
#1809=VECTOR('',#5970,1.);
#1810=VECTOR('',#5973,1.);
#1811=VECTOR('',#5974,1.);
#1812=VECTOR('',#5977,1.);
#1813=VECTOR('',#5992,1.);
#1814=VECTOR('',#5999,1.);
#1815=VECTOR('',#6006,1.);
#1816=VECTOR('',#6007,0.999999999999999);
#1817=VECTOR('',#6008,1.);
#1818=VECTOR('',#6009,1.);
#1819=VECTOR('',#6014,0.999999999999999);
#1820=VECTOR('',#6017,1.);
#1821=VECTOR('',#6018,1.);
#1822=VECTOR('',#6019,0.999999999999999);
#1823=VECTOR('',#6030,1.);
#1824=VECTOR('',#6031,1.);
#1825=VECTOR('',#6032,1.);
#1826=VECTOR('',#6035,1.);
#1827=VECTOR('',#6036,1.);
#1828=VECTOR('',#6037,1.);
#1829=VECTOR('',#6040,1.);
#1830=VECTOR('',#6041,1.);
#1831=VECTOR('',#6058,1.);
#1832=VECTOR('',#6065,1.);
#1833=VECTOR('',#6072,1.);
#1834=VECTOR('',#6073,1.);
#1835=VECTOR('',#6074,1.);
#1836=VECTOR('',#6075,1.);
#1837=VECTOR('',#6080,1.);
#1838=VECTOR('',#6083,1.);
#1839=VECTOR('',#6084,1.);
#1840=VECTOR('',#6085,1.);
#1841=VECTOR('',#6096,1.);
#1842=VECTOR('',#6097,1.);
#1843=VECTOR('',#6100,1.);
#1844=VECTOR('',#6101,1.);
#1845=VECTOR('',#6102,1.);
#1846=VECTOR('',#6103,1.);
#1847=VECTOR('',#6104,1.);
#1848=VECTOR('',#6105,1.);
#1849=VECTOR('',#6106,1.);
#1850=VECTOR('',#6107,1.);
#1851=VECTOR('',#6108,1.);
#1852=VECTOR('',#6109,1.);
#1853=VECTOR('',#6110,1.);
#1854=VECTOR('',#6111,1.);
#1855=VECTOR('',#6112,1.);
#1856=VECTOR('',#6113,1.);
#1857=VECTOR('',#6114,1.);
#1858=VECTOR('',#6115,1.);
#1859=VECTOR('',#6118,1.);
#1860=VECTOR('',#6121,1.);
#1861=VECTOR('',#6122,1.);
#1862=VECTOR('',#6125,1.);
#1863=VECTOR('',#6126,1.);
#1864=VECTOR('',#6127,1.);
#1865=VECTOR('',#6128,1.);
#1866=VECTOR('',#6129,1.);
#1867=VECTOR('',#6130,1.);
#1868=VECTOR('',#6131,1.);
#1869=VECTOR('',#6132,1.);
#1870=VECTOR('',#6133,1.);
#1871=VECTOR('',#6134,1.);
#1872=VECTOR('',#6135,1.);
#1873=VECTOR('',#6136,1.);
#1874=VECTOR('',#6137,1.);
#1875=VECTOR('',#6138,1.);
#1876=VECTOR('',#6139,1.);
#1877=VECTOR('',#6142,1.);
#1878=VECTOR('',#6145,1.);
#1879=VECTOR('',#6146,1.);
#1880=VECTOR('',#6147,1.);
#1881=VECTOR('',#6150,1.);
#1882=VECTOR('',#6151,1.);
#1883=VECTOR('',#6160,1.);
#1884=VECTOR('',#6161,1.);
#1885=VECTOR('',#6164,1.);
#1886=VECTOR('',#6167,1.);
#1887=VECTOR('',#6170,1.);
#1888=VECTOR('',#6173,1.);
#1889=VECTOR('',#6176,1.);
#1890=VECTOR('',#6179,1.);
#1891=VECTOR('',#6182,1.);
#1892=VECTOR('',#6185,1.);
#1893=VECTOR('',#6194,1.);
#1894=VECTOR('',#6195,1.);
#1895=VECTOR('',#6202,1.);
#1896=VECTOR('',#6203,1.);
#1897=VECTOR('',#6206,1.);
#1898=VECTOR('',#6209,1.);
#1899=VECTOR('',#6212,1.);
#1900=VECTOR('',#6215,1.);
#1901=VECTOR('',#6236,1.);
#1902=VECTOR('',#6237,1.);
#1903=VECTOR('',#6238,1.);
#1904=VECTOR('',#6239,1.);
#1905=VECTOR('',#6240,1.);
#1906=VECTOR('',#6241,1.);
#1907=VECTOR('',#6244,1.);
#1908=VECTOR('',#6245,1.);
#1909=VECTOR('',#6246,1.);
#1910=VECTOR('',#6247,1.);
#1911=VECTOR('',#6248,1.);
#1912=VECTOR('',#6249,1.);
#1913=VECTOR('',#6250,1.);
#1914=VECTOR('',#6253,1.);
#1915=VECTOR('',#6256,1.);
#1916=VECTOR('',#6257,1.);
#1917=VECTOR('',#6268,1.);
#1918=VECTOR('',#6269,1.);
#1919=VECTOR('',#6284,1.);
#1920=VECTOR('',#6285,1.);
#1921=VECTOR('',#6286,1.);
#1922=VECTOR('',#6287,1.);
#1923=VECTOR('',#6288,1.);
#1924=VECTOR('',#6289,1.);
#1925=VECTOR('',#6292,1.);
#1926=VECTOR('',#6293,1.);
#1927=VECTOR('',#6294,1.);
#1928=VECTOR('',#6295,1.);
#1929=VECTOR('',#6296,1.);
#1930=VECTOR('',#6299,1.);
#1931=VECTOR('',#6300,1.);
#1932=VECTOR('',#6303,1.);
#1933=VECTOR('',#6304,1.);
#1934=VECTOR('',#6325,1.);
#1935=VECTOR('',#6326,1.);
#1936=VECTOR('',#6329,1.);
#1937=VECTOR('',#6330,1.);
#1938=VECTOR('',#6333,1.);
#1939=VECTOR('',#6348,1.);
#1940=VECTOR('',#6355,1.);
#1941=VECTOR('',#6362,1.);
#1942=VECTOR('',#6363,1.);
#1943=VECTOR('',#6364,1.);
#1944=VECTOR('',#6365,1.);
#1945=VECTOR('',#6370,1.);
#1946=VECTOR('',#6373,1.);
#1947=VECTOR('',#6374,1.);
#1948=VECTOR('',#6375,1.);
#1949=VECTOR('',#6386,1.);
#1950=VECTOR('',#6387,1.);
#1951=VECTOR('',#6388,1.);
#1952=VECTOR('',#6391,1.);
#1953=VECTOR('',#6392,1.);
#1954=VECTOR('',#6393,1.);
#1955=VECTOR('',#6398,1.);
#1956=VECTOR('',#6399,1.);
#1957=VECTOR('',#6416,1.);
#1958=VECTOR('',#6423,1.);
#1959=VECTOR('',#6430,1.);
#1960=VECTOR('',#6431,1.);
#1961=VECTOR('',#6432,1.);
#1962=VECTOR('',#6433,1.);
#1963=VECTOR('',#6438,1.);
#1964=VECTOR('',#6441,1.);
#1965=VECTOR('',#6442,1.);
#1966=VECTOR('',#6443,1.);
#1967=VECTOR('',#6462,1.);
#1968=VECTOR('',#6463,1.00000000000064);
#1969=VECTOR('',#6464,1.);
#1970=VECTOR('',#6465,1.00000000000064);
#1971=VECTOR('',#6468,1.);
#1972=VECTOR('',#6469,1.);
#1973=VECTOR('',#6470,1.);
#1974=VECTOR('',#6473,1.);
#1975=VECTOR('',#6474,1.);
#1976=VECTOR('',#6475,1.);
#1977=VECTOR('',#6478,1.00000000000064);
#1978=VECTOR('',#6479,1.);
#1979=VECTOR('',#6480,1.00000000000064);
#1980=VECTOR('',#6481,1.00000000000064);
#1981=VECTOR('',#6482,1.);
#1982=VECTOR('',#6483,1.00000000000064);
#1983=VECTOR('',#6484,1.00000000000064);
#1984=VECTOR('',#6485,1.);
#1985=VECTOR('',#6486,1.00000000000064);
#1986=VECTOR('',#6487,1.);
#1987=VECTOR('',#6488,1.00000000000064);
#1988=VECTOR('',#6489,1.);
#1989=VECTOR('',#6490,1.00000000000064);
#1990=VECTOR('',#6491,1.00000000000064);
#1991=VECTOR('',#6492,1.);
#1992=VECTOR('',#6493,1.00000000000064);
#1993=VECTOR('',#6494,1.00000000000064);
#1994=VECTOR('',#6495,1.);
#1995=VECTOR('',#6496,1.);
#1996=VECTOR('',#6497,1.);
#1997=VECTOR('',#6498,1.);
#1998=VECTOR('',#6499,1.);
#1999=VECTOR('',#6500,1.);
#2000=VECTOR('',#6501,1.);
#2001=VECTOR('',#6502,1.);
#2002=VECTOR('',#6503,1.);
#2003=VECTOR('',#6504,1.);
#2004=VECTOR('',#6505,1.);
#2005=VECTOR('',#6506,1.);
#2006=VECTOR('',#6509,1.00000000000064);
#2007=VECTOR('',#6510,1.00000000000064);
#2008=VECTOR('',#6511,1.);
#2009=VECTOR('',#6512,1.00000000000064);
#2010=VECTOR('',#6513,1.00000000000064);
#2011=VECTOR('',#6514,1.);
#2012=VECTOR('',#6515,1.00000000000064);
#2013=VECTOR('',#6516,1.);
#2014=VECTOR('',#6517,1.00000000000064);
#2015=VECTOR('',#6518,1.);
#2016=VECTOR('',#6519,1.00000000000064);
#2017=VECTOR('',#6520,1.00000000000064);
#2018=VECTOR('',#6521,1.);
#2019=VECTOR('',#6522,1.00000000000064);
#2020=VECTOR('',#6523,1.00000000000064);
#2021=VECTOR('',#6524,1.);
#2022=VECTOR('',#6525,1.00000000000064);
#2023=VECTOR('',#6526,1.);
#2024=VECTOR('',#6527,1.);
#2025=VECTOR('',#6528,1.);
#2026=VECTOR('',#6529,1.);
#2027=VECTOR('',#6530,1.);
#2028=VECTOR('',#6531,1.);
#2029=VECTOR('',#6532,1.);
#2030=VECTOR('',#6533,1.);
#2031=VECTOR('',#6534,1.);
#2032=VECTOR('',#6535,1.);
#2033=VECTOR('',#6536,1.);
#2034=VECTOR('',#6537,1.);
#2035=VECTOR('',#6540,1.);
#2036=VECTOR('',#6543,1.);
#2037=VECTOR('',#6546,1.);
#2038=VECTOR('',#6549,1.);
#2039=VECTOR('',#6552,1.);
#2040=VECTOR('',#6555,1.);
#2041=VECTOR('',#6558,1.);
#2042=VECTOR('',#6561,1.);
#2043=VECTOR('',#6564,1.);
#2044=VECTOR('',#6567,1.);
#2045=VECTOR('',#6570,1.);
#2046=VECTOR('',#6573,1.);
#2047=VECTOR('',#6576,1.);
#2048=VECTOR('',#6579,1.);
#2049=VECTOR('',#6582,1.);
#2050=VECTOR('',#6585,1.);
#2051=VECTOR('',#6590,1.);
#2052=VECTOR('',#6591,1.);
#2053=VECTOR('',#6592,1.);
#2054=VECTOR('',#6595,1.);
#2055=VECTOR('',#6596,1.);
#2056=VECTOR('',#6599,1.);
#2057=VECTOR('',#6600,1.);
#2058=VECTOR('',#6603,1.);
#2059=VECTOR('',#6606,1.);
#2060=VECTOR('',#6607,1.);
#2061=VECTOR('',#6608,1.);
#2062=VECTOR('',#6611,1.);
#2063=VECTOR('',#6612,1.);
#2064=VECTOR('',#6615,1.);
#2065=VECTOR('',#6616,1.);
#2066=VECTOR('',#6619,1.);
#2067=VECTOR('',#6622,1.);
#2068=VECTOR('',#6623,1.);
#2069=VECTOR('',#6624,1.);
#2070=VECTOR('',#6627,1.);
#2071=VECTOR('',#6628,1.);
#2072=VECTOR('',#6631,1.);
#2073=VECTOR('',#6632,1.);
#2074=VECTOR('',#6635,1.);
#2075=VECTOR('',#6638,1.);
#2076=VECTOR('',#6639,1.);
#2077=VECTOR('',#6640,1.);
#2078=VECTOR('',#6643,1.);
#2079=VECTOR('',#6644,1.);
#2080=VECTOR('',#6647,1.);
#2081=VECTOR('',#6648,1.);
#2082=VECTOR('',#6651,1.);
#2083=VECTOR('',#6654,1.);
#2084=VECTOR('',#6655,1.);
#2085=VECTOR('',#6656,1.);
#2086=VECTOR('',#6659,1.);
#2087=VECTOR('',#6660,1.);
#2088=VECTOR('',#6663,1.);
#2089=VECTOR('',#6664,1.);
#2090=VECTOR('',#6667,1.);
#2091=VECTOR('',#6670,1.);
#2092=VECTOR('',#6671,1.);
#2093=VECTOR('',#6672,1.);
#2094=VECTOR('',#6675,1.);
#2095=VECTOR('',#6676,1.);
#2096=VECTOR('',#6679,1.);
#2097=VECTOR('',#6680,1.);
#2098=VECTOR('',#6683,1.);
#2099=VECTOR('',#6686,1.00000000000065);
#2100=VECTOR('',#6687,1.);
#2101=VECTOR('',#6688,1.00000000000065);
#2102=VECTOR('',#6691,1.00000000000065);
#2103=VECTOR('',#6692,1.);
#2104=VECTOR('',#6695,1.00000000000065);
#2105=VECTOR('',#6696,1.);
#2106=VECTOR('',#6699,1.);
#2107=VECTOR('',#6702,1.00000000000065);
#2108=VECTOR('',#6703,1.);
#2109=VECTOR('',#6704,1.00000000000065);
#2110=VECTOR('',#6707,1.);
#2111=VECTOR('',#6708,1.00000000000065);
#2112=VECTOR('',#6711,1.00000000000065);
#2113=VECTOR('',#6712,1.);
#2114=VECTOR('',#6715,1.);
#2115=VECTOR('',#6718,1.00000000000065);
#2116=VECTOR('',#6719,1.00000000000065);
#2117=VECTOR('',#6720,1.);
#2118=VECTOR('',#6723,1.00000000000065);
#2119=VECTOR('',#6724,1.);
#2120=VECTOR('',#6727,1.);
#2121=VECTOR('',#6728,1.00000000000065);
#2122=VECTOR('',#6731,1.);
#2123=VECTOR('',#6734,1.00000000000065);
#2124=VECTOR('',#6735,1.00000000000065);
#2125=VECTOR('',#6736,1.);
#2126=VECTOR('',#6739,1.00000000000065);
#2127=VECTOR('',#6740,1.);
#2128=VECTOR('',#6743,1.00000000000065);
#2129=VECTOR('',#6744,1.);
#2130=VECTOR('',#6747,1.);
#2131=VECTOR('',#6750,1.00000000000065);
#2132=VECTOR('',#6751,1.00000000000065);
#2133=VECTOR('',#6752,1.);
#2134=VECTOR('',#6755,1.00000000000065);
#2135=VECTOR('',#6756,1.);
#2136=VECTOR('',#6759,1.00000000000065);
#2137=VECTOR('',#6760,1.);
#2138=VECTOR('',#6763,1.);
#2139=VECTOR('',#6766,1.00000000000065);
#2140=VECTOR('',#6767,1.);
#2141=VECTOR('',#6768,1.00000000000065);
#2142=VECTOR('',#6771,1.00000000000065);
#2143=VECTOR('',#6772,1.);
#2144=VECTOR('',#6775,1.00000000000065);
#2145=VECTOR('',#6776,1.);
#2146=VECTOR('',#6779,1.);
#2147=VERTEX_POINT('',#6797);
#2148=VERTEX_POINT('',#6798);
#2149=VERTEX_POINT('',#6800);
#2150=VERTEX_POINT('',#6802);
#2151=VERTEX_POINT('',#6804);
#2152=VERTEX_POINT('',#6806);
#2153=VERTEX_POINT('',#6808);
#2154=VERTEX_POINT('',#6810);
#2155=VERTEX_POINT('',#6814);
#2156=VERTEX_POINT('',#6815);
#2157=VERTEX_POINT('',#6817);
#2158=VERTEX_POINT('',#6819);
#2159=VERTEX_POINT('',#6821);
#2160=VERTEX_POINT('',#6823);
#2161=VERTEX_POINT('',#6825);
#2162=VERTEX_POINT('',#6827);
#2163=VERTEX_POINT('',#6831);
#2164=VERTEX_POINT('',#6833);
#2165=VERTEX_POINT('',#6837);
#2166=VERTEX_POINT('',#6839);
#2167=VERTEX_POINT('',#6843);
#2168=VERTEX_POINT('',#6845);
#2169=VERTEX_POINT('',#6849);
#2170=VERTEX_POINT('',#6851);
#2171=VERTEX_POINT('',#6855);
#2172=VERTEX_POINT('',#6856);
#2173=VERTEX_POINT('',#6859);
#2174=VERTEX_POINT('',#6861);
#2175=VERTEX_POINT('',#6866);
#2176=VERTEX_POINT('',#6867);
#2177=VERTEX_POINT('',#6870);
#2178=VERTEX_POINT('',#6872);
#2179=VERTEX_POINT('',#6877);
#2180=VERTEX_POINT('',#6879);
#2181=VERTEX_POINT('',#6881);
#2182=VERTEX_POINT('',#6883);
#2183=VERTEX_POINT('',#6888);
#2184=VERTEX_POINT('',#6890);
#2185=VERTEX_POINT('',#6892);
#2186=VERTEX_POINT('',#6894);
#2187=VERTEX_POINT('',#6899);
#2188=VERTEX_POINT('',#6900);
#2189=VERTEX_POINT('',#6902);
#2190=VERTEX_POINT('',#6904);
#2191=VERTEX_POINT('',#6906);
#2192=VERTEX_POINT('',#6910);
#2193=VERTEX_POINT('',#6911);
#2194=VERTEX_POINT('',#6913);
#2195=VERTEX_POINT('',#6915);
#2196=VERTEX_POINT('',#6917);
#2197=VERTEX_POINT('',#6921);
#2198=VERTEX_POINT('',#6922);
#2199=VERTEX_POINT('',#6924);
#2200=VERTEX_POINT('',#6926);
#2201=VERTEX_POINT('',#6928);
#2202=VERTEX_POINT('',#6932);
#2203=VERTEX_POINT('',#6933);
#2204=VERTEX_POINT('',#6935);
#2205=VERTEX_POINT('',#6937);
#2206=VERTEX_POINT('',#6939);
#2207=VERTEX_POINT('',#6943);
#2208=VERTEX_POINT('',#6945);
#2209=VERTEX_POINT('',#6949);
#2210=VERTEX_POINT('',#6951);
#2211=VERTEX_POINT('',#6955);
#2212=VERTEX_POINT('',#6956);
#2213=VERTEX_POINT('',#6958);
#2214=VERTEX_POINT('',#6960);
#2215=VERTEX_POINT('',#6962);
#2216=VERTEX_POINT('',#6964);
#2217=VERTEX_POINT('',#6968);
#2218=VERTEX_POINT('',#6970);
#2219=VERTEX_POINT('',#6974);
#2220=VERTEX_POINT('',#6976);
#2221=VERTEX_POINT('',#6980);
#2222=VERTEX_POINT('',#6981);
#2223=VERTEX_POINT('',#6983);
#2224=VERTEX_POINT('',#6985);
#2225=VERTEX_POINT('',#6987);
#2226=VERTEX_POINT('',#6989);
#2227=VERTEX_POINT('',#7038);
#2228=VERTEX_POINT('',#7039);
#2229=VERTEX_POINT('',#7041);
#2230=VERTEX_POINT('',#7045);
#2231=VERTEX_POINT('',#7046);
#2232=VERTEX_POINT('',#7048);
#2233=VERTEX_POINT('',#7050);
#2234=VERTEX_POINT('',#7052);
#2235=VERTEX_POINT('',#7056);
#2236=VERTEX_POINT('',#7057);
#2237=VERTEX_POINT('',#7059);
#2238=VERTEX_POINT('',#7061);
#2239=VERTEX_POINT('',#7063);
#2240=VERTEX_POINT('',#7067);
#2241=VERTEX_POINT('',#7071);
#2242=VERTEX_POINT('',#7072);
#2243=VERTEX_POINT('',#7074);
#2244=VERTEX_POINT('',#7079);
#2245=VERTEX_POINT('',#7083);
#2246=VERTEX_POINT('',#7084);
#2247=VERTEX_POINT('',#7086);
#2248=VERTEX_POINT('',#7088);
#2249=VERTEX_POINT('',#7090);
#2250=VERTEX_POINT('',#7094);
#2251=VERTEX_POINT('',#7095);
#2252=VERTEX_POINT('',#7097);
#2253=VERTEX_POINT('',#7099);
#2254=VERTEX_POINT('',#7101);
#2255=VERTEX_POINT('',#7105);
#2256=VERTEX_POINT('',#7106);
#2257=VERTEX_POINT('',#7108);
#2258=VERTEX_POINT('',#7110);
#2259=VERTEX_POINT('',#7112);
#2260=VERTEX_POINT('',#7116);
#2261=VERTEX_POINT('',#7121);
#2262=VERTEX_POINT('',#7126);
#2263=VERTEX_POINT('',#7130);
#2264=VERTEX_POINT('',#7131);
#2265=VERTEX_POINT('',#7133);
#2266=VERTEX_POINT('',#7137);
#2267=VERTEX_POINT('',#7138);
#2268=VERTEX_POINT('',#7140);
#2269=VERTEX_POINT('',#7148);
#2270=VERTEX_POINT('',#7150);
#2271=VERTEX_POINT('',#7152);
#2272=VERTEX_POINT('',#7154);
#2273=VERTEX_POINT('',#7165);
#2274=VERTEX_POINT('',#7170);
#2275=VERTEX_POINT('',#7174);
#2276=VERTEX_POINT('',#7180);
#2277=VERTEX_POINT('',#7182);
#2278=VERTEX_POINT('',#7186);
#2279=VERTEX_POINT('',#7188);
#2280=VERTEX_POINT('',#7190);
#2281=VERTEX_POINT('',#7192);
#2282=VERTEX_POINT('',#7202);
#2283=VERTEX_POINT('',#7207);
#2284=VERTEX_POINT('',#7209);
#2285=VERTEX_POINT('',#7216);
#2286=VERTEX_POINT('',#7218);
#2287=VERTEX_POINT('',#7220);
#2288=VERTEX_POINT('',#7222);
#2289=VERTEX_POINT('',#7232);
#2290=VERTEX_POINT('',#7237);
#2291=VERTEX_POINT('',#7242);
#2292=VERTEX_POINT('',#7246);
#2293=VERTEX_POINT('',#7252);
#2294=VERTEX_POINT('',#7254);
#2295=VERTEX_POINT('',#7258);
#2296=VERTEX_POINT('',#7260);
#2297=VERTEX_POINT('',#7262);
#2298=VERTEX_POINT('',#7264);
#2299=VERTEX_POINT('',#7274);
#2300=VERTEX_POINT('',#7279);
#2301=VERTEX_POINT('',#7281);
#2302=VERTEX_POINT('',#7283);
#2303=VERTEX_POINT('',#7285);
#2304=VERTEX_POINT('',#7289);
#2305=VERTEX_POINT('',#7291);
#2306=VERTEX_POINT('',#7293);
#2307=VERTEX_POINT('',#7295);
#2308=VERTEX_POINT('',#7311);
#2309=VERTEX_POINT('',#7313);
#2310=VERTEX_POINT('',#7315);
#2311=VERTEX_POINT('',#7317);
#2312=VERTEX_POINT('',#7321);
#2313=VERTEX_POINT('',#7323);
#2314=VERTEX_POINT('',#7325);
#2315=VERTEX_POINT('',#7327);
#2316=VERTEX_POINT('',#7355);
#2317=VERTEX_POINT('',#7356);
#2318=VERTEX_POINT('',#7361);
#2319=VERTEX_POINT('',#7362);
#2320=VERTEX_POINT('',#7367);
#2321=VERTEX_POINT('',#7368);
#2322=VERTEX_POINT('',#7374);
#2323=VERTEX_POINT('',#7378);
#2324=VERTEX_POINT('',#7387);
#2325=VERTEX_POINT('',#7389);
#2326=VERTEX_POINT('',#7393);
#2327=VERTEX_POINT('',#7395);
#2328=VERTEX_POINT('',#7409);
#2329=VERTEX_POINT('',#7410);
#2330=VERTEX_POINT('',#7415);
#2331=VERTEX_POINT('',#7416);
#2332=VERTEX_POINT('',#7421);
#2333=VERTEX_POINT('',#7422);
#2334=VERTEX_POINT('',#7428);
#2335=VERTEX_POINT('',#7432);
#2336=VERTEX_POINT('',#7444);
#2337=VERTEX_POINT('',#7445);
#2338=VERTEX_POINT('',#7447);
#2339=VERTEX_POINT('',#7449);
#2340=VERTEX_POINT('',#7451);
#2341=VERTEX_POINT('',#7453);
#2342=VERTEX_POINT('',#7455);
#2343=VERTEX_POINT('',#7457);
#2344=VERTEX_POINT('',#7459);
#2345=VERTEX_POINT('',#7461);
#2346=VERTEX_POINT('',#7463);
#2347=VERTEX_POINT('',#7465);
#2348=VERTEX_POINT('',#7468);
#2349=VERTEX_POINT('',#7470);
#2350=VERTEX_POINT('',#7472);
#2351=VERTEX_POINT('',#7474);
#2352=VERTEX_POINT('',#7476);
#2353=VERTEX_POINT('',#7478);
#2354=VERTEX_POINT('',#7480);
#2355=VERTEX_POINT('',#7482);
#2356=VERTEX_POINT('',#7486);
#2357=VERTEX_POINT('',#7487);
#2358=VERTEX_POINT('',#7489);
#2359=VERTEX_POINT('',#7491);
#2360=VERTEX_POINT('',#7493);
#2361=VERTEX_POINT('',#7495);
#2362=VERTEX_POINT('',#7497);
#2363=VERTEX_POINT('',#7499);
#2364=VERTEX_POINT('',#7501);
#2365=VERTEX_POINT('',#7503);
#2366=VERTEX_POINT('',#7505);
#2367=VERTEX_POINT('',#7507);
#2368=VERTEX_POINT('',#7510);
#2369=VERTEX_POINT('',#7512);
#2370=VERTEX_POINT('',#7514);
#2371=VERTEX_POINT('',#7516);
#2372=VERTEX_POINT('',#7518);
#2373=VERTEX_POINT('',#7520);
#2374=VERTEX_POINT('',#7522);
#2375=VERTEX_POINT('',#7524);
#2376=VERTEX_POINT('',#7582);
#2377=VERTEX_POINT('',#7584);
#2378=VERTEX_POINT('',#7586);
#2379=VERTEX_POINT('',#7588);
#2380=VERTEX_POINT('',#7592);
#2381=VERTEX_POINT('',#7594);
#2382=VERTEX_POINT('',#7596);
#2383=VERTEX_POINT('',#7598);
#2384=VERTEX_POINT('',#7622);
#2385=VERTEX_POINT('',#7624);
#2386=VERTEX_POINT('',#7626);
#2387=VERTEX_POINT('',#7629);
#2388=VERTEX_POINT('',#7633);
#2389=VERTEX_POINT('',#7636);
#2390=VERTEX_POINT('',#7638);
#2391=VERTEX_POINT('',#7671);
#2392=VERTEX_POINT('',#7672);
#2393=VERTEX_POINT('',#7677);
#2394=VERTEX_POINT('',#7678);
#2395=VERTEX_POINT('',#7683);
#2396=VERTEX_POINT('',#7684);
#2397=VERTEX_POINT('',#7690);
#2398=VERTEX_POINT('',#7694);
#2399=VERTEX_POINT('',#7703);
#2400=VERTEX_POINT('',#7705);
#2401=VERTEX_POINT('',#7709);
#2402=VERTEX_POINT('',#7711);
#2403=VERTEX_POINT('',#7726);
#2404=VERTEX_POINT('',#7727);
#2405=VERTEX_POINT('',#7732);
#2406=VERTEX_POINT('',#7733);
#2407=VERTEX_POINT('',#7738);
#2408=VERTEX_POINT('',#7739);
#2409=VERTEX_POINT('',#7745);
#2410=VERTEX_POINT('',#7749);
#2411=VERTEX_POINT('',#7762);
#2412=VERTEX_POINT('',#7763);
#2413=VERTEX_POINT('',#7765);
#2414=VERTEX_POINT('',#7767);
#2415=VERTEX_POINT('',#7771);
#2416=VERTEX_POINT('',#7772);
#2417=VERTEX_POINT('',#7777);
#2418=VERTEX_POINT('',#7779);
#2419=VERTEX_POINT('',#7783);
#2420=VERTEX_POINT('',#7785);
#2421=VERTEX_POINT('',#7787);
#2422=VERTEX_POINT('',#7789);
#2423=VERTEX_POINT('',#7791);
#2424=VERTEX_POINT('',#7793);
#2425=VERTEX_POINT('',#7795);
#2426=VERTEX_POINT('',#7797);
#2427=VERTEX_POINT('',#7799);
#2428=VERTEX_POINT('',#7801);
#2429=VERTEX_POINT('',#7803);
#2430=VERTEX_POINT('',#7805);
#2431=VERTEX_POINT('',#7807);
#2432=VERTEX_POINT('',#7809);
#2433=VERTEX_POINT('',#7811);
#2434=VERTEX_POINT('',#7813);
#2435=VERTEX_POINT('',#7816);
#2436=VERTEX_POINT('',#7817);
#2437=VERTEX_POINT('',#7819);
#2438=VERTEX_POINT('',#7821);
#2439=VERTEX_POINT('',#7824);
#2440=VERTEX_POINT('',#7825);
#2441=VERTEX_POINT('',#7827);
#2442=VERTEX_POINT('',#7829);
#2443=VERTEX_POINT('',#7832);
#2444=VERTEX_POINT('',#7833);
#2445=VERTEX_POINT('',#7835);
#2446=VERTEX_POINT('',#7837);
#2447=VERTEX_POINT('',#7841);
#2448=VERTEX_POINT('',#7843);
#2449=VERTEX_POINT('',#7845);
#2450=VERTEX_POINT('',#7847);
#2451=VERTEX_POINT('',#7849);
#2452=VERTEX_POINT('',#7851);
#2453=VERTEX_POINT('',#7853);
#2454=VERTEX_POINT('',#7855);
#2455=VERTEX_POINT('',#7857);
#2456=VERTEX_POINT('',#7859);
#2457=VERTEX_POINT('',#7861);
#2458=VERTEX_POINT('',#7863);
#2459=VERTEX_POINT('',#7865);
#2460=VERTEX_POINT('',#7867);
#2461=VERTEX_POINT('',#7869);
#2462=VERTEX_POINT('',#7871);
#2463=VERTEX_POINT('',#7874);
#2464=VERTEX_POINT('',#7875);
#2465=VERTEX_POINT('',#7877);
#2466=VERTEX_POINT('',#7879);
#2467=VERTEX_POINT('',#7882);
#2468=VERTEX_POINT('',#7883);
#2469=VERTEX_POINT('',#7885);
#2470=VERTEX_POINT('',#7887);
#2471=VERTEX_POINT('',#7890);
#2472=VERTEX_POINT('',#7891);
#2473=VERTEX_POINT('',#7893);
#2474=VERTEX_POINT('',#7895);
#2475=VERTEX_POINT('',#7932);
#2476=VERTEX_POINT('',#7934);
#2477=VERTEX_POINT('',#7938);
#2478=VERTEX_POINT('',#7942);
#2479=VERTEX_POINT('',#7948);
#2480=VERTEX_POINT('',#7950);
#2481=VERTEX_POINT('',#7954);
#2482=VERTEX_POINT('',#7958);
#2483=VERTEX_POINT('',#7964);
#2484=VERTEX_POINT('',#7966);
#2485=VERTEX_POINT('',#7970);
#2486=VERTEX_POINT('',#7974);
#2487=VERTEX_POINT('',#7980);
#2488=VERTEX_POINT('',#7982);
#2489=VERTEX_POINT('',#7986);
#2490=VERTEX_POINT('',#7990);
#2491=VERTEX_POINT('',#7996);
#2492=VERTEX_POINT('',#7998);
#2493=VERTEX_POINT('',#8002);
#2494=VERTEX_POINT('',#8006);
#2495=VERTEX_POINT('',#8012);
#2496=VERTEX_POINT('',#8014);
#2497=VERTEX_POINT('',#8018);
#2498=VERTEX_POINT('',#8022);
#2499=VERTEX_POINT('',#8028);
#2500=VERTEX_POINT('',#8030);
#2501=VERTEX_POINT('',#8034);
#2502=VERTEX_POINT('',#8038);
#2503=VERTEX_POINT('',#8044);
#2504=VERTEX_POINT('',#8046);
#2505=VERTEX_POINT('',#8050);
#2506=VERTEX_POINT('',#8054);
#2507=VERTEX_POINT('',#8060);
#2508=VERTEX_POINT('',#8062);
#2509=VERTEX_POINT('',#8066);
#2510=VERTEX_POINT('',#8070);
#2511=VERTEX_POINT('',#8076);
#2512=VERTEX_POINT('',#8078);
#2513=VERTEX_POINT('',#8082);
#2514=VERTEX_POINT('',#8086);
#2515=VERTEX_POINT('',#8092);
#2516=VERTEX_POINT('',#8094);
#2517=VERTEX_POINT('',#8098);
#2518=VERTEX_POINT('',#8102);
#2519=VERTEX_POINT('',#8108);
#2520=VERTEX_POINT('',#8110);
#2521=VERTEX_POINT('',#8114);
#2522=VERTEX_POINT('',#8118);
#2523=EDGE_CURVE('',#2147,#2148,#967,.F.);
#2524=EDGE_CURVE('',#2148,#2149,#968,.T.);
#2525=EDGE_CURVE('',#2149,#2150,#969,.T.);
#2526=EDGE_CURVE('',#2150,#2151,#970,.T.);
#2527=EDGE_CURVE('',#2151,#2152,#971,.F.);
#2528=EDGE_CURVE('',#2153,#2152,#972,.F.);
#2529=EDGE_CURVE('',#2154,#2153,#973,.F.);
#2530=EDGE_CURVE('',#2147,#2154,#974,.F.);
#2531=EDGE_CURVE('',#2155,#2156,#975,.F.);
#2532=EDGE_CURVE('',#2156,#2157,#976,.T.);
#2533=EDGE_CURVE('',#2157,#2158,#977,.T.);
#2534=EDGE_CURVE('',#2158,#2159,#978,.T.);
#2535=EDGE_CURVE('',#2159,#2160,#979,.F.);
#2536=EDGE_CURVE('',#2161,#2160,#980,.F.);
#2537=EDGE_CURVE('',#2162,#2161,#981,.F.);
#2538=EDGE_CURVE('',#2155,#2162,#982,.F.);
#2539=EDGE_CURVE('',#2152,#2163,#983,.T.);
#2540=EDGE_CURVE('',#2164,#2163,#984,.F.);
#2541=EDGE_CURVE('',#2153,#2164,#985,.T.);
#2542=EDGE_CURVE('',#2165,#2155,#986,.T.);
#2543=EDGE_CURVE('',#2162,#2166,#987,.T.);
#2544=EDGE_CURVE('',#2165,#2166,#988,.F.);
#2545=EDGE_CURVE('',#2167,#2147,#989,.T.);
#2546=EDGE_CURVE('',#2154,#2168,#990,.T.);
#2547=EDGE_CURVE('',#2167,#2168,#991,.F.);
#2548=EDGE_CURVE('',#2160,#2169,#992,.T.);
#2549=EDGE_CURVE('',#2170,#2169,#993,.F.);
#2550=EDGE_CURVE('',#2161,#2170,#994,.T.);
#2551=EDGE_CURVE('',#2171,#2172,#308,.F.);
#2552=EDGE_CURVE('',#2172,#2159,#995,.T.);
#2553=EDGE_CURVE('',#2158,#2173,#996,.T.);
#2554=EDGE_CURVE('',#2174,#2173,#997,.T.);
#2555=EDGE_CURVE('',#2149,#2174,#998,.T.);
#2556=EDGE_CURVE('',#2148,#2171,#999,.T.);
#2557=EDGE_CURVE('',#2175,#2176,#309,.T.);
#2558=EDGE_CURVE('',#2176,#2151,#1000,.T.);
#2559=EDGE_CURVE('',#2150,#2177,#1001,.T.);
#2560=EDGE_CURVE('',#2178,#2177,#1002,.T.);
#2561=EDGE_CURVE('',#2157,#2178,#1003,.T.);
#2562=EDGE_CURVE('',#2156,#2175,#1004,.T.);
#2563=EDGE_CURVE('',#2163,#2179,#1005,.F.);
#2564=EDGE_CURVE('',#2179,#2180,#1006,.T.);
#2565=EDGE_CURVE('',#2180,#2181,#1007,.T.);
#2566=EDGE_CURVE('',#2181,#2182,#1008,.T.);
#2567=EDGE_CURVE('',#2182,#2167,#1009,.F.);
#2568=EDGE_CURVE('',#2168,#2164,#1010,.F.);
#2569=EDGE_CURVE('',#2169,#2183,#1011,.F.);
#2570=EDGE_CURVE('',#2183,#2184,#1012,.T.);
#2571=EDGE_CURVE('',#2184,#2185,#1013,.T.);
#2572=EDGE_CURVE('',#2185,#2186,#1014,.T.);
#2573=EDGE_CURVE('',#2186,#2165,#1015,.F.);
#2574=EDGE_CURVE('',#2166,#2170,#1016,.F.);
#2575=EDGE_CURVE('',#2187,#2188,#310,.T.);
#2576=EDGE_CURVE('',#2188,#2189,#1017,.T.);
#2577=EDGE_CURVE('',#2190,#2189,#1018,.T.);
#2578=EDGE_CURVE('',#2191,#2190,#1019,.T.);
#2579=EDGE_CURVE('',#2191,#2187,#1020,.T.);
#2580=EDGE_CURVE('',#2192,#2193,#311,.T.);
#2581=EDGE_CURVE('',#2193,#2194,#1021,.T.);
#2582=EDGE_CURVE('',#2195,#2194,#1022,.T.);
#2583=EDGE_CURVE('',#2196,#2195,#1023,.T.);
#2584=EDGE_CURVE('',#2196,#2192,#1024,.T.);
#2585=EDGE_CURVE('',#2197,#2198,#312,.F.);
#2586=EDGE_CURVE('',#2198,#2199,#1025,.T.);
#2587=EDGE_CURVE('',#2199,#2200,#1026,.T.);
#2588=EDGE_CURVE('',#2201,#2200,#1027,.T.);
#2589=EDGE_CURVE('',#2197,#2201,#1028,.T.);
#2590=EDGE_CURVE('',#2202,#2203,#313,.F.);
#2591=EDGE_CURVE('',#2204,#2203,#1029,.T.);
#2592=EDGE_CURVE('',#2205,#2204,#1030,.T.);
#2593=EDGE_CURVE('',#2205,#2206,#1031,.T.);
#2594=EDGE_CURVE('',#2206,#2202,#1032,.T.);
#2595=EDGE_CURVE('',#2179,#2207,#1033,.F.);
#2596=EDGE_CURVE('',#2207,#2208,#1034,.F.);
#2597=EDGE_CURVE('',#2208,#2180,#1035,.T.);
#2598=EDGE_CURVE('',#2209,#2186,#1036,.F.);
#2599=EDGE_CURVE('',#2210,#2185,#1037,.T.);
#2600=EDGE_CURVE('',#2210,#2209,#1038,.F.);
#2601=EDGE_CURVE('',#2211,#2212,#314,.F.);
#2602=EDGE_CURVE('',#2212,#2213,#1039,.F.);
#2603=EDGE_CURVE('',#2214,#2213,#1040,.T.);
#2604=EDGE_CURVE('',#2214,#2215,#1041,.T.);
#2605=EDGE_CURVE('',#2215,#2216,#1042,.T.);
#2606=EDGE_CURVE('',#2216,#2211,#1043,.F.);
#2607=EDGE_CURVE('',#2217,#2182,#1044,.F.);
#2608=EDGE_CURVE('',#2218,#2181,#1045,.T.);
#2609=EDGE_CURVE('',#2218,#2217,#1046,.F.);
#2610=EDGE_CURVE('',#2183,#2219,#1047,.F.);
#2611=EDGE_CURVE('',#2219,#2220,#1048,.F.);
#2612=EDGE_CURVE('',#2220,#2184,#1049,.T.);
#2613=EDGE_CURVE('',#2221,#2222,#315,.T.);
#2614=EDGE_CURVE('',#2222,#2223,#1050,.F.);
#2615=EDGE_CURVE('',#2224,#2223,#1051,.T.);
#2616=EDGE_CURVE('',#2224,#2225,#1052,.T.);
#2617=EDGE_CURVE('',#2225,#2226,#1053,.T.);
#2618=EDGE_CURVE('',#2226,#2221,#1054,.F.);
#2619=EDGE_CURVE('',#2188,#2221,#1055,.F.);
#2620=EDGE_CURVE('',#2213,#2226,#1056,.F.);
#2621=EDGE_CURVE('',#2212,#2197,#1057,.F.);
#2622=EDGE_CURVE('',#2189,#2201,#1058,.T.);
#2623=EDGE_CURVE('',#2222,#2192,#1059,.T.);
#2624=EDGE_CURVE('',#2196,#2204,#1060,.T.);
#2625=EDGE_CURVE('',#2203,#2211,#1061,.T.);
#2626=EDGE_CURVE('',#2223,#2216,#1062,.F.);
#2627=EDGE_CURVE('',#2207,#2206,#1063,.T.);
#2628=EDGE_CURVE('',#2195,#2205,#1064,.T.);
#2629=EDGE_CURVE('',#2194,#2217,#1065,.T.);
#2630=EDGE_CURVE('',#2208,#2218,#1066,.F.);
#2631=EDGE_CURVE('',#2219,#2191,#1067,.T.);
#2632=EDGE_CURVE('',#2190,#2200,#1068,.T.);
#2633=EDGE_CURVE('',#2199,#2209,#1069,.T.);
#2634=EDGE_CURVE('',#2220,#2210,#1070,.F.);
#2635=EDGE_CURVE('',#2187,#2172,#1071,.T.);
#2636=EDGE_CURVE('',#2175,#2198,#1072,.T.);
#2637=EDGE_CURVE('',#2176,#2202,#1073,.T.);
#2638=EDGE_CURVE('',#2193,#2171,#1074,.T.);
#2639=EDGE_CURVE('',#2177,#2174,#1075,.T.);
#2640=EDGE_CURVE('',#2173,#2178,#1076,.T.);
#2641=EDGE_CURVE('',#2215,#2224,#1077,.T.);
#2642=EDGE_CURVE('',#2225,#2214,#1078,.T.);
#2643=EDGE_CURVE('',#2227,#2228,#1079,.T.);
#2644=EDGE_CURVE('',#2229,#2227,#1080,.T.);
#2645=EDGE_CURVE('',#2228,#2229,#1081,.T.);
#2646=EDGE_CURVE('',#2230,#2231,#1082,.T.);
#2647=EDGE_CURVE('',#2232,#2230,#1083,.T.);
#2648=EDGE_CURVE('',#2233,#2232,#1084,.T.);
#2649=EDGE_CURVE('',#2234,#2233,#316,.T.);
#2650=EDGE_CURVE('',#2234,#2231,#1085,.T.);
#2651=EDGE_CURVE('',#2235,#2236,#1086,.F.);
#2652=EDGE_CURVE('',#2235,#2237,#1087,.T.);
#2653=EDGE_CURVE('',#2238,#2237,#1088,.F.);
#2654=EDGE_CURVE('',#2238,#2239,#1089,.T.);
#2655=EDGE_CURVE('',#2236,#2239,#317,.T.);
#2656=EDGE_CURVE('',#2240,#2235,#1090,.F.);
#2657=EDGE_CURVE('',#2237,#2240,#1091,.F.);
#2658=EDGE_CURVE('',#2241,#2242,#1092,.T.);
#2659=EDGE_CURVE('',#2243,#2241,#318,.T.);
#2660=EDGE_CURVE('',#2243,#2242,#1093,.T.);
#2661=EDGE_CURVE('',#2232,#2230,#1094,.T.);
#2662=EDGE_CURVE('',#2232,#2244,#1095,.T.);
#2663=EDGE_CURVE('',#2244,#2230,#1096,.T.);
#2664=EDGE_CURVE('',#2245,#2246,#1097,.T.);
#2665=EDGE_CURVE('',#2247,#2245,#1098,.T.);
#2666=EDGE_CURVE('',#2248,#2247,#1099,.T.);
#2667=EDGE_CURVE('',#2249,#2248,#319,.T.);
#2668=EDGE_CURVE('',#2249,#2246,#1100,.T.);
#2669=EDGE_CURVE('',#2250,#2251,#1101,.T.);
#2670=EDGE_CURVE('',#2252,#2250,#1102,.T.);
#2671=EDGE_CURVE('',#2253,#2252,#1103,.T.);
#2672=EDGE_CURVE('',#2254,#2253,#320,.T.);
#2673=EDGE_CURVE('',#2254,#2251,#1104,.T.);
#2674=EDGE_CURVE('',#2255,#2256,#1105,.F.);
#2675=EDGE_CURVE('',#2255,#2257,#1106,.T.);
#2676=EDGE_CURVE('',#2258,#2257,#1107,.F.);
#2677=EDGE_CURVE('',#2258,#2259,#1108,.T.);
#2678=EDGE_CURVE('',#2256,#2259,#321,.T.);
#2679=EDGE_CURVE('',#2260,#2255,#1109,.F.);
#2680=EDGE_CURVE('',#2257,#2260,#1110,.F.);
#2681=EDGE_CURVE('',#2247,#2245,#1111,.T.);
#2682=EDGE_CURVE('',#2247,#2261,#1112,.T.);
#2683=EDGE_CURVE('',#2261,#2245,#1113,.T.);
#2684=EDGE_CURVE('',#2252,#2250,#1114,.T.);
#2685=EDGE_CURVE('',#2252,#2262,#1115,.T.);
#2686=EDGE_CURVE('',#2262,#2250,#1116,.T.);
#2687=EDGE_CURVE('',#2263,#2264,#322,.T.);
#2688=EDGE_CURVE('',#2265,#2264,#1117,.T.);
#2689=EDGE_CURVE('',#2265,#2263,#1118,.T.);
#2690=EDGE_CURVE('',#2266,#2267,#323,.T.);
#2691=EDGE_CURVE('',#2268,#2267,#1119,.T.);
#2692=EDGE_CURVE('',#2268,#2229,#1120,.T.);
#2693=EDGE_CURVE('',#2228,#2229,#1121,.T.);
#2694=EDGE_CURVE('',#2228,#2266,#1122,.T.);
#2695=EDGE_CURVE('',#2227,#2228,#1123,.T.);
#2696=EDGE_CURVE('',#2229,#2227,#1124,.T.);
#2697=EDGE_CURVE('',#2229,#2269,#1125,.T.);
#2698=EDGE_CURVE('',#2270,#2269,#1126,.T.);
#2699=EDGE_CURVE('',#2270,#2271,#1127,.T.);
#2700=EDGE_CURVE('',#2271,#2272,#1128,.T.);
#2701=EDGE_CURVE('',#2272,#2228,#1129,.T.);
#2702=EDGE_CURVE('',#2272,#2266,#324,.T.);
#2703=EDGE_CURVE('',#2266,#2267,#325,.T.);
#2704=EDGE_CURVE('',#2228,#2266,#1130,.T.);
#2705=EDGE_CURVE('',#2268,#2229,#1131,.T.);
#2706=EDGE_CURVE('',#2238,#2237,#1132,.F.);
#2707=EDGE_CURVE('',#2273,#2238,#326,.T.);
#2708=EDGE_CURVE('',#2237,#2273,#1133,.T.);
#2709=EDGE_CURVE('',#2235,#2236,#1134,.F.);
#2710=EDGE_CURVE('',#2274,#2235,#1135,.T.);
#2711=EDGE_CURVE('',#2274,#2236,#327,.T.);
#2712=EDGE_CURVE('',#2275,#2239,#1136,.T.);
#2713=EDGE_CURVE('',#2236,#2275,#1137,.F.);
#2714=EDGE_CURVE('',#2240,#2235,#1138,.F.);
#2715=EDGE_CURVE('',#2237,#2240,#1139,.F.);
#2716=EDGE_CURVE('',#2276,#2273,#1140,.T.);
#2717=EDGE_CURVE('',#2276,#2277,#1141,.T.);
#2718=EDGE_CURVE('',#2277,#2274,#1142,.T.);
#2719=EDGE_CURVE('',#2278,#2232,#1143,.T.);
#2720=EDGE_CURVE('',#2278,#2279,#1144,.T.);
#2721=EDGE_CURVE('',#2279,#2280,#1145,.T.);
#2722=EDGE_CURVE('',#2281,#2280,#1146,.T.);
#2723=EDGE_CURVE('',#2230,#2281,#1147,.T.);
#2724=EDGE_CURVE('',#2233,#2232,#1148,.T.);
#2725=EDGE_CURVE('',#2233,#2278,#328,.T.);
#2726=EDGE_CURVE('',#2230,#2231,#1149,.T.);
#2727=EDGE_CURVE('',#2231,#2281,#329,.T.);
#2728=EDGE_CURVE('',#2282,#2233,#1150,.F.);
#2729=EDGE_CURVE('',#2234,#2282,#1151,.T.);
#2730=EDGE_CURVE('',#2241,#2242,#1152,.T.);
#2731=EDGE_CURVE('',#2241,#2283,#330,.T.);
#2732=EDGE_CURVE('',#2283,#2284,#1153,.T.);
#2733=EDGE_CURVE('',#2242,#2284,#331,.T.);
#2734=EDGE_CURVE('',#2263,#2264,#332,.T.);
#2735=EDGE_CURVE('',#2265,#2263,#1154,.T.);
#2736=EDGE_CURVE('',#2285,#2247,#1155,.T.);
#2737=EDGE_CURVE('',#2285,#2286,#1156,.T.);
#2738=EDGE_CURVE('',#2286,#2287,#1157,.T.);
#2739=EDGE_CURVE('',#2288,#2287,#1158,.T.);
#2740=EDGE_CURVE('',#2245,#2288,#1159,.T.);
#2741=EDGE_CURVE('',#2248,#2247,#1160,.T.);
#2742=EDGE_CURVE('',#2248,#2285,#333,.T.);
#2743=EDGE_CURVE('',#2245,#2246,#1161,.T.);
#2744=EDGE_CURVE('',#2246,#2288,#334,.T.);
#2745=EDGE_CURVE('',#2289,#2248,#1162,.F.);
#2746=EDGE_CURVE('',#2249,#2289,#1163,.T.);
#2747=EDGE_CURVE('',#2258,#2257,#1164,.F.);
#2748=EDGE_CURVE('',#2290,#2258,#335,.T.);
#2749=EDGE_CURVE('',#2257,#2290,#1165,.T.);
#2750=EDGE_CURVE('',#2255,#2256,#1166,.F.);
#2751=EDGE_CURVE('',#2291,#2255,#1167,.T.);
#2752=EDGE_CURVE('',#2291,#2256,#336,.T.);
#2753=EDGE_CURVE('',#2292,#2259,#1168,.T.);
#2754=EDGE_CURVE('',#2256,#2292,#1169,.F.);
#2755=EDGE_CURVE('',#2260,#2255,#1170,.F.);
#2756=EDGE_CURVE('',#2257,#2260,#1171,.F.);
#2757=EDGE_CURVE('',#2293,#2290,#1172,.T.);
#2758=EDGE_CURVE('',#2293,#2294,#1173,.T.);
#2759=EDGE_CURVE('',#2294,#2291,#1174,.T.);
#2760=EDGE_CURVE('',#2295,#2252,#1175,.T.);
#2761=EDGE_CURVE('',#2295,#2296,#1176,.T.);
#2762=EDGE_CURVE('',#2296,#2297,#1177,.T.);
#2763=EDGE_CURVE('',#2298,#2297,#1178,.T.);
#2764=EDGE_CURVE('',#2250,#2298,#1179,.T.);
#2765=EDGE_CURVE('',#2253,#2252,#1180,.T.);
#2766=EDGE_CURVE('',#2253,#2295,#337,.T.);
#2767=EDGE_CURVE('',#2250,#2251,#1181,.T.);
#2768=EDGE_CURVE('',#2251,#2298,#338,.T.);
#2769=EDGE_CURVE('',#2299,#2253,#1182,.F.);
#2770=EDGE_CURVE('',#2254,#2299,#1183,.T.);
#2771=EDGE_CURVE('',#2259,#2254,#1184,.T.);
#2772=EDGE_CURVE('',#2300,#2299,#1185,.T.);
#2773=EDGE_CURVE('',#2301,#2300,#1186,.T.);
#2774=EDGE_CURVE('',#2302,#2301,#1187,.T.);
#2775=EDGE_CURVE('',#2302,#2303,#1188,.T.);
#2776=EDGE_CURVE('',#2292,#2303,#1189,.T.);
#2777=EDGE_CURVE('',#2260,#2304,#1190,.T.);
#2778=EDGE_CURVE('',#2305,#2304,#1191,.T.);
#2779=EDGE_CURVE('',#2305,#2306,#1192,.T.);
#2780=EDGE_CURVE('',#2306,#2307,#1193,.T.);
#2781=EDGE_CURVE('',#2307,#2262,#1194,.T.);
#2782=EDGE_CURVE('',#2262,#2250,#1195,.T.);
#2783=EDGE_CURVE('',#2251,#2258,#1196,.T.);
#2784=EDGE_CURVE('',#2303,#2304,#1197,.T.);
#2785=EDGE_CURVE('',#2252,#2262,#1198,.T.);
#2786=EDGE_CURVE('',#2300,#2307,#1199,.T.);
#2787=EDGE_CURVE('',#2301,#2306,#1200,.T.);
#2788=EDGE_CURVE('',#2302,#2305,#1201,.T.);
#2789=EDGE_CURVE('',#2308,#2249,#1202,.T.);
#2790=EDGE_CURVE('',#2309,#2289,#1203,.T.);
#2791=EDGE_CURVE('',#2310,#2309,#1204,.T.);
#2792=EDGE_CURVE('',#2311,#2310,#1205,.T.);
#2793=EDGE_CURVE('',#2308,#2311,#1206,.T.);
#2794=EDGE_CURVE('',#2246,#2312,#1207,.T.);
#2795=EDGE_CURVE('',#2312,#2313,#1208,.T.);
#2796=EDGE_CURVE('',#2313,#2314,#1209,.T.);
#2797=EDGE_CURVE('',#2314,#2315,#1210,.T.);
#2798=EDGE_CURVE('',#2315,#2261,#1211,.T.);
#2799=EDGE_CURVE('',#2261,#2245,#1212,.T.);
#2800=EDGE_CURVE('',#2312,#2308,#1213,.T.);
#2801=EDGE_CURVE('',#2311,#2313,#1214,.T.);
#2802=EDGE_CURVE('',#2247,#2261,#1215,.T.);
#2803=EDGE_CURVE('',#2309,#2315,#1216,.T.);
#2804=EDGE_CURVE('',#2310,#2314,#1217,.T.);
#2805=EDGE_CURVE('',#2294,#2296,#1218,.T.);
#2806=EDGE_CURVE('',#2295,#2291,#1219,.T.);
#2807=EDGE_CURVE('',#2297,#2293,#1220,.T.);
#2808=EDGE_CURVE('',#2298,#2290,#1221,.T.);
#2809=EDGE_CURVE('',#2255,#2257,#1222,.T.);
#2810=EDGE_CURVE('',#2254,#2253,#339,.T.);
#2811=EDGE_CURVE('',#2256,#2259,#340,.T.);
#2812=EDGE_CURVE('',#2316,#2317,#1223,.T.);
#2813=EDGE_CURVE('',#2317,#2293,#341,.T.);
#2814=EDGE_CURVE('',#2297,#2316,#342,.T.);
#2815=EDGE_CURVE('',#2318,#2319,#1224,.T.);
#2816=EDGE_CURVE('',#2296,#2318,#343,.T.);
#2817=EDGE_CURVE('',#2319,#2294,#344,.T.);
#2818=EDGE_CURVE('',#2320,#2321,#1225,.T.);
#2819=EDGE_CURVE('',#2320,#2319,#1226,.T.);
#2820=EDGE_CURVE('',#2319,#2317,#1227,.T.);
#2821=EDGE_CURVE('',#2321,#2317,#1228,.T.);
#2822=EDGE_CURVE('',#2321,#2322,#345,.F.);
#2823=EDGE_CURVE('',#2316,#2322,#1229,.T.);
#2824=EDGE_CURVE('',#2323,#2322,#1230,.T.);
#2825=EDGE_CURVE('',#2318,#2316,#1231,.T.);
#2826=EDGE_CURVE('',#2318,#2323,#1232,.T.);
#2827=EDGE_CURVE('',#2323,#2320,#346,.F.);
#2828=EDGE_CURVE('',#2324,#2286,#1233,.T.);
#2829=EDGE_CURVE('',#2285,#2325,#1234,.T.);
#2830=EDGE_CURVE('',#2324,#2325,#1235,.T.);
#2831=EDGE_CURVE('',#2287,#2326,#1236,.T.);
#2832=EDGE_CURVE('',#2326,#2327,#1237,.T.);
#2833=EDGE_CURVE('',#2288,#2327,#1238,.T.);
#2834=EDGE_CURVE('',#2326,#2324,#1239,.T.);
#2835=EDGE_CURVE('',#2325,#2327,#1240,.T.);
#2836=EDGE_CURVE('',#2249,#2248,#347,.T.);
#2837=EDGE_CURVE('',#2325,#2308,#348,.T.);
#2838=EDGE_CURVE('',#2327,#2312,#349,.T.);
#2839=EDGE_CURVE('',#2328,#2329,#1241,.T.);
#2840=EDGE_CURVE('',#2329,#2326,#350,.T.);
#2841=EDGE_CURVE('',#2287,#2328,#351,.T.);
#2842=EDGE_CURVE('',#2330,#2331,#1242,.T.);
#2843=EDGE_CURVE('',#2286,#2330,#352,.T.);
#2844=EDGE_CURVE('',#2331,#2324,#353,.T.);
#2845=EDGE_CURVE('',#2332,#2333,#1243,.T.);
#2846=EDGE_CURVE('',#2332,#2331,#1244,.T.);
#2847=EDGE_CURVE('',#2331,#2329,#1245,.T.);
#2848=EDGE_CURVE('',#2333,#2329,#1246,.T.);
#2849=EDGE_CURVE('',#2333,#2334,#354,.F.);
#2850=EDGE_CURVE('',#2328,#2334,#1247,.T.);
#2851=EDGE_CURVE('',#2335,#2334,#1248,.T.);
#2852=EDGE_CURVE('',#2330,#2328,#1249,.T.);
#2853=EDGE_CURVE('',#2330,#2335,#1250,.T.);
#2854=EDGE_CURVE('',#2335,#2332,#355,.F.);
#2855=EDGE_CURVE('',#2263,#2241,#1251,.F.);
#2856=EDGE_CURVE('',#2243,#2264,#1252,.T.);
#2857=EDGE_CURVE('',#2336,#2337,#1253,.T.);
#2858=EDGE_CURVE('',#2338,#2337,#1254,.T.);
#2859=EDGE_CURVE('',#2339,#2338,#1255,.T.);
#2860=EDGE_CURVE('',#2340,#2339,#1256,.T.);
#2861=EDGE_CURVE('',#2341,#2340,#1257,.T.);
#2862=EDGE_CURVE('',#2342,#2341,#1258,.T.);
#2863=EDGE_CURVE('',#2343,#2342,#1259,.T.);
#2864=EDGE_CURVE('',#2344,#2343,#1260,.T.);
#2865=EDGE_CURVE('',#2345,#2344,#1261,.T.);
#2866=EDGE_CURVE('',#2346,#2345,#1262,.T.);
#2867=EDGE_CURVE('',#2346,#2347,#1263,.T.);
#2868=EDGE_CURVE('',#2336,#2347,#1264,.T.);
#2869=EDGE_CURVE('',#2348,#2243,#1265,.T.);
#2870=EDGE_CURVE('',#2264,#2349,#1266,.T.);
#2871=EDGE_CURVE('',#2349,#2350,#1267,.T.);
#2872=EDGE_CURVE('',#2350,#2351,#1268,.T.);
#2873=EDGE_CURVE('',#2351,#2352,#356,.T.);
#2874=EDGE_CURVE('',#2352,#2353,#1269,.T.);
#2875=EDGE_CURVE('',#2353,#2354,#357,.T.);
#2876=EDGE_CURVE('',#2354,#2355,#1270,.T.);
#2877=EDGE_CURVE('',#2355,#2348,#1271,.T.);
#2878=EDGE_CURVE('',#2356,#2357,#1272,.T.);
#2879=EDGE_CURVE('',#2357,#2358,#1273,.T.);
#2880=EDGE_CURVE('',#2358,#2359,#1274,.T.);
#2881=EDGE_CURVE('',#2359,#2360,#1275,.T.);
#2882=EDGE_CURVE('',#2360,#2361,#1276,.T.);
#2883=EDGE_CURVE('',#2361,#2362,#1277,.T.);
#2884=EDGE_CURVE('',#2362,#2363,#1278,.T.);
#2885=EDGE_CURVE('',#2363,#2364,#1279,.T.);
#2886=EDGE_CURVE('',#2364,#2365,#1280,.T.);
#2887=EDGE_CURVE('',#2365,#2366,#1281,.T.);
#2888=EDGE_CURVE('',#2366,#2367,#1282,.T.);
#2889=EDGE_CURVE('',#2367,#2356,#1283,.T.);
#2890=EDGE_CURVE('',#2242,#2368,#1284,.T.);
#2891=EDGE_CURVE('',#2368,#2369,#1285,.F.);
#2892=EDGE_CURVE('',#2369,#2370,#1286,.F.);
#2893=EDGE_CURVE('',#2370,#2371,#358,.F.);
#2894=EDGE_CURVE('',#2371,#2372,#1287,.F.);
#2895=EDGE_CURVE('',#2372,#2373,#359,.F.);
#2896=EDGE_CURVE('',#2373,#2374,#1288,.F.);
#2897=EDGE_CURVE('',#2374,#2375,#1289,.F.);
#2898=EDGE_CURVE('',#2375,#2265,#1290,.T.);
#2899=EDGE_CURVE('',#2368,#2348,#1291,.T.);
#2900=EDGE_CURVE('',#2355,#2369,#1292,.T.);
#2901=EDGE_CURVE('',#2314,#2265,#360,.T.);
#2902=EDGE_CURVE('',#2310,#2263,#361,.T.);
#2903=EDGE_CURVE('',#2337,#2356,#1293,.T.);
#2904=EDGE_CURVE('',#2338,#2367,#1294,.T.);
#2905=EDGE_CURVE('',#2339,#2366,#1295,.T.);
#2906=EDGE_CURVE('',#2340,#2365,#1296,.T.);
#2907=EDGE_CURVE('',#2341,#2364,#1297,.T.);
#2908=EDGE_CURVE('',#2342,#2363,#1298,.T.);
#2909=EDGE_CURVE('',#2343,#2362,#1299,.T.);
#2910=EDGE_CURVE('',#2344,#2361,#1300,.T.);
#2911=EDGE_CURVE('',#2345,#2360,#1301,.T.);
#2912=EDGE_CURVE('',#2359,#2346,#1302,.T.);
#2913=EDGE_CURVE('',#2347,#2302,#362,.T.);
#2914=EDGE_CURVE('',#2303,#2346,#363,.T.);
#2915=EDGE_CURVE('',#2357,#2336,#1303,.T.);
#2916=EDGE_CURVE('',#2347,#2358,#1304,.T.);
#2917=EDGE_CURVE('',#2349,#2309,#364,.T.);
#2918=EDGE_CURVE('',#2349,#2375,#1305,.T.);
#2919=EDGE_CURVE('',#2350,#2374,#1306,.T.);
#2920=EDGE_CURVE('',#2351,#2373,#1307,.T.);
#2921=EDGE_CURVE('',#2352,#2372,#1308,.T.);
#2922=EDGE_CURVE('',#2353,#2371,#1309,.T.);
#2923=EDGE_CURVE('',#2354,#2370,#1310,.T.);
#2924=EDGE_CURVE('',#2304,#2359,#365,.T.);
#2925=EDGE_CURVE('',#2358,#2305,#366,.T.);
#2926=EDGE_CURVE('',#2375,#2315,#367,.T.);
#2927=EDGE_CURVE('',#2239,#2234,#1311,.T.);
#2928=EDGE_CURVE('',#2376,#2282,#1312,.T.);
#2929=EDGE_CURVE('',#2377,#2376,#1313,.T.);
#2930=EDGE_CURVE('',#2378,#2377,#1314,.T.);
#2931=EDGE_CURVE('',#2379,#2378,#1315,.T.);
#2932=EDGE_CURVE('',#2275,#2379,#1316,.T.);
#2933=EDGE_CURVE('',#2240,#2380,#1317,.T.);
#2934=EDGE_CURVE('',#2380,#2381,#1318,.T.);
#2935=EDGE_CURVE('',#2381,#2382,#1319,.T.);
#2936=EDGE_CURVE('',#2382,#2383,#1320,.T.);
#2937=EDGE_CURVE('',#2383,#2244,#1321,.T.);
#2938=EDGE_CURVE('',#2244,#2230,#1322,.T.);
#2939=EDGE_CURVE('',#2231,#2238,#1323,.T.);
#2940=EDGE_CURVE('',#2379,#2380,#1324,.T.);
#2941=EDGE_CURVE('',#2232,#2244,#1325,.T.);
#2942=EDGE_CURVE('',#2376,#2383,#1326,.T.);
#2943=EDGE_CURVE('',#2337,#2376,#368,.T.);
#2944=EDGE_CURVE('',#2377,#2336,#369,.T.);
#2945=EDGE_CURVE('',#2377,#2382,#1327,.T.);
#2946=EDGE_CURVE('',#2378,#2381,#1328,.T.);
#2947=EDGE_CURVE('',#2382,#2357,#370,.T.);
#2948=EDGE_CURVE('',#2356,#2383,#371,.T.);
#2949=EDGE_CURVE('',#2384,#2267,#1329,.T.);
#2950=EDGE_CURVE('',#2267,#2385,#1330,.T.);
#2951=EDGE_CURVE('',#2386,#2385,#1331,.T.);
#2952=EDGE_CURVE('',#2283,#2386,#1332,.T.);
#2953=EDGE_CURVE('',#2387,#2283,#1333,.T.);
#2954=EDGE_CURVE('',#2384,#2387,#1334,.T.);
#2955=EDGE_CURVE('',#2227,#2388,#1335,.T.);
#2956=EDGE_CURVE('',#2388,#2284,#1336,.T.);
#2957=EDGE_CURVE('',#2284,#2389,#1337,.T.);
#2958=EDGE_CURVE('',#2389,#2390,#1338,.T.);
#2959=EDGE_CURVE('',#2390,#2268,#1339,.T.);
#2960=EDGE_CURVE('',#2266,#2384,#1340,.F.);
#2961=EDGE_CURVE('',#2387,#2388,#1341,.T.);
#2962=EDGE_CURVE('',#2385,#2390,#1342,.T.);
#2963=EDGE_CURVE('',#2386,#2389,#1343,.T.);
#2964=EDGE_CURVE('',#2243,#2241,#372,.T.);
#2965=EDGE_CURVE('',#2387,#2348,#373,.T.);
#2966=EDGE_CURVE('',#2388,#2368,#374,.T.);
#2967=EDGE_CURVE('',#2277,#2279,#1344,.T.);
#2968=EDGE_CURVE('',#2278,#2274,#1345,.T.);
#2969=EDGE_CURVE('',#2280,#2276,#1346,.T.);
#2970=EDGE_CURVE('',#2281,#2273,#1347,.T.);
#2971=EDGE_CURVE('',#2235,#2237,#1348,.T.);
#2972=EDGE_CURVE('',#2234,#2233,#375,.T.);
#2973=EDGE_CURVE('',#2236,#2239,#376,.T.);
#2974=EDGE_CURVE('',#2391,#2392,#1349,.T.);
#2975=EDGE_CURVE('',#2392,#2276,#377,.T.);
#2976=EDGE_CURVE('',#2280,#2391,#378,.T.);
#2977=EDGE_CURVE('',#2393,#2394,#1350,.T.);
#2978=EDGE_CURVE('',#2279,#2393,#379,.T.);
#2979=EDGE_CURVE('',#2394,#2277,#380,.T.);
#2980=EDGE_CURVE('',#2395,#2396,#1351,.T.);
#2981=EDGE_CURVE('',#2395,#2394,#1352,.T.);
#2982=EDGE_CURVE('',#2394,#2392,#1353,.T.);
#2983=EDGE_CURVE('',#2396,#2392,#1354,.T.);
#2984=EDGE_CURVE('',#2396,#2397,#381,.F.);
#2985=EDGE_CURVE('',#2391,#2397,#1355,.T.);
#2986=EDGE_CURVE('',#2398,#2397,#1356,.T.);
#2987=EDGE_CURVE('',#2393,#2391,#1357,.T.);
#2988=EDGE_CURVE('',#2393,#2398,#1358,.T.);
#2989=EDGE_CURVE('',#2398,#2395,#382,.F.);
#2990=EDGE_CURVE('',#2271,#2399,#1359,.T.);
#2991=EDGE_CURVE('',#2400,#2399,#1360,.T.);
#2992=EDGE_CURVE('',#2400,#2272,#1361,.T.);
#2993=EDGE_CURVE('',#2401,#2270,#1362,.T.);
#2994=EDGE_CURVE('',#2402,#2269,#1363,.T.);
#2995=EDGE_CURVE('',#2402,#2401,#1364,.T.);
#2996=EDGE_CURVE('',#2399,#2401,#1365,.T.);
#2997=EDGE_CURVE('',#2400,#2402,#1366,.T.);
#2998=EDGE_CURVE('',#2385,#2400,#383,.T.);
#2999=EDGE_CURVE('',#2269,#2268,#384,.T.);
#3000=EDGE_CURVE('',#2390,#2402,#385,.T.);
#3001=EDGE_CURVE('',#2403,#2404,#1367,.T.);
#3002=EDGE_CURVE('',#2404,#2270,#386,.T.);
#3003=EDGE_CURVE('',#2401,#2403,#387,.T.);
#3004=EDGE_CURVE('',#2405,#2406,#1368,.T.);
#3005=EDGE_CURVE('',#2399,#2405,#388,.T.);
#3006=EDGE_CURVE('',#2406,#2271,#389,.T.);
#3007=EDGE_CURVE('',#2407,#2408,#1369,.T.);
#3008=EDGE_CURVE('',#2407,#2406,#1370,.T.);
#3009=EDGE_CURVE('',#2406,#2404,#1371,.T.);
#3010=EDGE_CURVE('',#2408,#2404,#1372,.T.);
#3011=EDGE_CURVE('',#2408,#2409,#390,.F.);
#3012=EDGE_CURVE('',#2403,#2409,#1373,.T.);
#3013=EDGE_CURVE('',#2410,#2409,#1374,.T.);
#3014=EDGE_CURVE('',#2405,#2403,#1375,.T.);
#3015=EDGE_CURVE('',#2405,#2410,#1376,.T.);
#3016=EDGE_CURVE('',#2410,#2407,#391,.F.);
#3017=EDGE_CURVE('',#2411,#2412,#1377,.T.);
#3018=EDGE_CURVE('',#2411,#2413,#1378,.T.);
#3019=EDGE_CURVE('',#2413,#2414,#1379,.T.);
#3020=EDGE_CURVE('',#2412,#2414,#1380,.T.);
#3021=EDGE_CURVE('',#2415,#2416,#1381,.T.);
#3022=EDGE_CURVE('',#2415,#2411,#1382,.T.);
#3023=EDGE_CURVE('',#2416,#2412,#1383,.T.);
#3024=EDGE_CURVE('',#2413,#2417,#1384,.T.);
#3025=EDGE_CURVE('',#2417,#2418,#1385,.T.);
#3026=EDGE_CURVE('',#2414,#2418,#1386,.T.);
#3027=EDGE_CURVE('',#2419,#2415,#1387,.T.);
#3028=EDGE_CURVE('',#2420,#2419,#1388,.T.);
#3029=EDGE_CURVE('',#2421,#2420,#1389,.T.);
#3030=EDGE_CURVE('',#2422,#2421,#1390,.T.);
#3031=EDGE_CURVE('',#2423,#2422,#1391,.T.);
#3032=EDGE_CURVE('',#2424,#2423,#1392,.T.);
#3033=EDGE_CURVE('',#2425,#2424,#1393,.T.);
#3034=EDGE_CURVE('',#2426,#2425,#1394,.T.);
#3035=EDGE_CURVE('',#2427,#2426,#1395,.T.);
#3036=EDGE_CURVE('',#2428,#2427,#1396,.T.);
#3037=EDGE_CURVE('',#2429,#2428,#1397,.T.);
#3038=EDGE_CURVE('',#2430,#2429,#1398,.T.);
#3039=EDGE_CURVE('',#2431,#2430,#1399,.T.);
#3040=EDGE_CURVE('',#2432,#2431,#1400,.T.);
#3041=EDGE_CURVE('',#2433,#2432,#1401,.T.);
#3042=EDGE_CURVE('',#2434,#2433,#1402,.T.);
#3043=EDGE_CURVE('',#2417,#2434,#1403,.T.);
#3044=EDGE_CURVE('',#2435,#2436,#1404,.T.);
#3045=EDGE_CURVE('',#2436,#2437,#1405,.T.);
#3046=EDGE_CURVE('',#2438,#2437,#1406,.T.);
#3047=EDGE_CURVE('',#2435,#2438,#1407,.T.);
#3048=EDGE_CURVE('',#2439,#2440,#1408,.T.);
#3049=EDGE_CURVE('',#2439,#2441,#1409,.T.);
#3050=EDGE_CURVE('',#2441,#2442,#1410,.T.);
#3051=EDGE_CURVE('',#2440,#2442,#1411,.T.);
#3052=EDGE_CURVE('',#2443,#2444,#1412,.T.);
#3053=EDGE_CURVE('',#2445,#2444,#1413,.T.);
#3054=EDGE_CURVE('',#2446,#2445,#1414,.T.);
#3055=EDGE_CURVE('',#2446,#2443,#1415,.T.);
#3056=EDGE_CURVE('',#2418,#2447,#1416,.T.);
#3057=EDGE_CURVE('',#2447,#2448,#1417,.T.);
#3058=EDGE_CURVE('',#2448,#2449,#1418,.T.);
#3059=EDGE_CURVE('',#2449,#2450,#1419,.T.);
#3060=EDGE_CURVE('',#2450,#2451,#1420,.T.);
#3061=EDGE_CURVE('',#2451,#2452,#1421,.T.);
#3062=EDGE_CURVE('',#2452,#2453,#1422,.T.);
#3063=EDGE_CURVE('',#2453,#2454,#1423,.T.);
#3064=EDGE_CURVE('',#2454,#2455,#1424,.T.);
#3065=EDGE_CURVE('',#2455,#2456,#1425,.T.);
#3066=EDGE_CURVE('',#2456,#2457,#1426,.T.);
#3067=EDGE_CURVE('',#2457,#2458,#1427,.T.);
#3068=EDGE_CURVE('',#2458,#2459,#1428,.T.);
#3069=EDGE_CURVE('',#2459,#2460,#1429,.T.);
#3070=EDGE_CURVE('',#2460,#2461,#1430,.T.);
#3071=EDGE_CURVE('',#2461,#2462,#1431,.T.);
#3072=EDGE_CURVE('',#2462,#2416,#1432,.T.);
#3073=EDGE_CURVE('',#2463,#2464,#1433,.T.);
#3074=EDGE_CURVE('',#2463,#2465,#1434,.T.);
#3075=EDGE_CURVE('',#2465,#2466,#1435,.T.);
#3076=EDGE_CURVE('',#2464,#2466,#1436,.T.);
#3077=EDGE_CURVE('',#2467,#2468,#1437,.T.);
#3078=EDGE_CURVE('',#2468,#2469,#1438,.T.);
#3079=EDGE_CURVE('',#2470,#2469,#1439,.T.);
#3080=EDGE_CURVE('',#2467,#2470,#1440,.T.);
#3081=EDGE_CURVE('',#2471,#2472,#1441,.T.);
#3082=EDGE_CURVE('',#2473,#2471,#1442,.T.);
#3083=EDGE_CURVE('',#2473,#2474,#1443,.T.);
#3084=EDGE_CURVE('',#2474,#2472,#1444,.T.);
#3085=EDGE_CURVE('',#2419,#2462,#1445,.T.);
#3086=EDGE_CURVE('',#2434,#2447,#1446,.T.);
#3087=EDGE_CURVE('',#2420,#2461,#1447,.T.);
#3088=EDGE_CURVE('',#2433,#2448,#1448,.T.);
#3089=EDGE_CURVE('',#2421,#2460,#1449,.T.);
#3090=EDGE_CURVE('',#2432,#2449,#1450,.T.);
#3091=EDGE_CURVE('',#2422,#2459,#1451,.T.);
#3092=EDGE_CURVE('',#2431,#2450,#1452,.T.);
#3093=EDGE_CURVE('',#2423,#2458,#1453,.T.);
#3094=EDGE_CURVE('',#2430,#2451,#1454,.T.);
#3095=EDGE_CURVE('',#2424,#2457,#1455,.T.);
#3096=EDGE_CURVE('',#2429,#2452,#1456,.T.);
#3097=EDGE_CURVE('',#2425,#2456,#1457,.T.);
#3098=EDGE_CURVE('',#2428,#2453,#1458,.T.);
#3099=EDGE_CURVE('',#2426,#2455,#1459,.T.);
#3100=EDGE_CURVE('',#2427,#2454,#1460,.T.);
#3101=EDGE_CURVE('',#2475,#2435,#1461,.T.);
#3102=EDGE_CURVE('',#2475,#2476,#1462,.T.);
#3103=EDGE_CURVE('',#2476,#2436,#1463,.T.);
#3104=EDGE_CURVE('',#2477,#2476,#1464,.T.);
#3105=EDGE_CURVE('',#2477,#2437,#1465,.T.);
#3106=EDGE_CURVE('',#2478,#2438,#1466,.T.);
#3107=EDGE_CURVE('',#2478,#2477,#1467,.T.);
#3108=EDGE_CURVE('',#2478,#2475,#1468,.T.);
#3109=EDGE_CURVE('',#2479,#2439,#1469,.T.);
#3110=EDGE_CURVE('',#2480,#2440,#1470,.T.);
#3111=EDGE_CURVE('',#2480,#2479,#1471,.T.);
#3112=EDGE_CURVE('',#2479,#2481,#1472,.T.);
#3113=EDGE_CURVE('',#2481,#2441,#1473,.T.);
#3114=EDGE_CURVE('',#2482,#2481,#1474,.T.);
#3115=EDGE_CURVE('',#2482,#2442,#1475,.T.);
#3116=EDGE_CURVE('',#2480,#2482,#1476,.T.);
#3117=EDGE_CURVE('',#2483,#2443,#1477,.T.);
#3118=EDGE_CURVE('',#2484,#2483,#1478,.T.);
#3119=EDGE_CURVE('',#2484,#2444,#1479,.T.);
#3120=EDGE_CURVE('',#2485,#2445,#1480,.T.);
#3121=EDGE_CURVE('',#2485,#2484,#1481,.T.);
#3122=EDGE_CURVE('',#2486,#2446,#1482,.T.);
#3123=EDGE_CURVE('',#2485,#2486,#1483,.T.);
#3124=EDGE_CURVE('',#2486,#2483,#1484,.T.);
#3125=EDGE_CURVE('',#2463,#2487,#1485,.T.);
#3126=EDGE_CURVE('',#2464,#2488,#1486,.T.);
#3127=EDGE_CURVE('',#2487,#2488,#1487,.T.);
#3128=EDGE_CURVE('',#2466,#2489,#1488,.T.);
#3129=EDGE_CURVE('',#2489,#2488,#1489,.T.);
#3130=EDGE_CURVE('',#2465,#2490,#1490,.T.);
#3131=EDGE_CURVE('',#2490,#2489,#1491,.T.);
#3132=EDGE_CURVE('',#2490,#2487,#1492,.T.);
#3133=EDGE_CURVE('',#2467,#2491,#1493,.T.);
#3134=EDGE_CURVE('',#2492,#2491,#1494,.T.);
#3135=EDGE_CURVE('',#2468,#2492,#1495,.T.);
#3136=EDGE_CURVE('',#2470,#2493,#1496,.T.);
#3137=EDGE_CURVE('',#2491,#2493,#1497,.T.);
#3138=EDGE_CURVE('',#2469,#2494,#1498,.T.);
#3139=EDGE_CURVE('',#2494,#2493,#1499,.T.);
#3140=EDGE_CURVE('',#2492,#2494,#1500,.T.);
#3141=EDGE_CURVE('',#2471,#2495,#1501,.T.);
#3142=EDGE_CURVE('',#2472,#2496,#1502,.T.);
#3143=EDGE_CURVE('',#2496,#2495,#1503,.T.);
#3144=EDGE_CURVE('',#2474,#2497,#1504,.T.);
#3145=EDGE_CURVE('',#2497,#2496,#1505,.T.);
#3146=EDGE_CURVE('',#2473,#2498,#1506,.T.);
#3147=EDGE_CURVE('',#2497,#2498,#1507,.T.);
#3148=EDGE_CURVE('',#2498,#2495,#1508,.T.);
#3149=EDGE_CURVE('',#2475,#2499,#1509,.T.);
#3150=EDGE_CURVE('',#2499,#2500,#1510,.T.);
#3151=EDGE_CURVE('',#2476,#2500,#1511,.T.);
#3152=EDGE_CURVE('',#2477,#2501,#1512,.T.);
#3153=EDGE_CURVE('',#2501,#2500,#1513,.T.);
#3154=EDGE_CURVE('',#2478,#2502,#1514,.T.);
#3155=EDGE_CURVE('',#2502,#2501,#1515,.T.);
#3156=EDGE_CURVE('',#2502,#2499,#1516,.T.);
#3157=EDGE_CURVE('',#2480,#2503,#1517,.T.);
#3158=EDGE_CURVE('',#2503,#2504,#1518,.T.);
#3159=EDGE_CURVE('',#2479,#2504,#1519,.T.);
#3160=EDGE_CURVE('',#2504,#2505,#1520,.T.);
#3161=EDGE_CURVE('',#2481,#2505,#1521,.T.);
#3162=EDGE_CURVE('',#2482,#2506,#1522,.T.);
#3163=EDGE_CURVE('',#2506,#2505,#1523,.T.);
#3164=EDGE_CURVE('',#2503,#2506,#1524,.T.);
#3165=EDGE_CURVE('',#2484,#2507,#1525,.T.);
#3166=EDGE_CURVE('',#2483,#2508,#1526,.T.);
#3167=EDGE_CURVE('',#2507,#2508,#1527,.T.);
#3168=EDGE_CURVE('',#2485,#2509,#1528,.T.);
#3169=EDGE_CURVE('',#2509,#2507,#1529,.T.);
#3170=EDGE_CURVE('',#2509,#2510,#1530,.T.);
#3171=EDGE_CURVE('',#2486,#2510,#1531,.T.);
#3172=EDGE_CURVE('',#2510,#2508,#1532,.T.);
#3173=EDGE_CURVE('',#2487,#2511,#1533,.T.);
#3174=EDGE_CURVE('',#2488,#2512,#1534,.T.);
#3175=EDGE_CURVE('',#2511,#2512,#1535,.T.);
#3176=EDGE_CURVE('',#2489,#2513,#1536,.T.);
#3177=EDGE_CURVE('',#2513,#2512,#1537,.T.);
#3178=EDGE_CURVE('',#2490,#2514,#1538,.T.);
#3179=EDGE_CURVE('',#2514,#2513,#1539,.T.);
#3180=EDGE_CURVE('',#2514,#2511,#1540,.T.);
#3181=EDGE_CURVE('',#2492,#2515,#1541,.T.);
#3182=EDGE_CURVE('',#2491,#2516,#1542,.T.);
#3183=EDGE_CURVE('',#2515,#2516,#1543,.T.);
#3184=EDGE_CURVE('',#2493,#2517,#1544,.T.);
#3185=EDGE_CURVE('',#2516,#2517,#1545,.T.);
#3186=EDGE_CURVE('',#2494,#2518,#1546,.T.);
#3187=EDGE_CURVE('',#2518,#2517,#1547,.T.);
#3188=EDGE_CURVE('',#2515,#2518,#1548,.T.);
#3189=EDGE_CURVE('',#2496,#2519,#1549,.T.);
#3190=EDGE_CURVE('',#2519,#2520,#1550,.T.);
#3191=EDGE_CURVE('',#2495,#2520,#1551,.T.);
#3192=EDGE_CURVE('',#2497,#2521,#1552,.T.);
#3193=EDGE_CURVE('',#2521,#2519,#1553,.T.);
#3194=EDGE_CURVE('',#2498,#2522,#1554,.T.);
#3195=EDGE_CURVE('',#2521,#2522,#1555,.T.);
#3196=EDGE_CURVE('',#2522,#2520,#1556,.T.);
#3197=ORIENTED_EDGE('',*,*,#2523,.T.);
#3198=ORIENTED_EDGE('',*,*,#2524,.T.);
#3199=ORIENTED_EDGE('',*,*,#2525,.T.);
#3200=ORIENTED_EDGE('',*,*,#2526,.T.);
#3201=ORIENTED_EDGE('',*,*,#2527,.T.);
#3202=ORIENTED_EDGE('',*,*,#2528,.F.);
#3203=ORIENTED_EDGE('',*,*,#2529,.F.);
#3204=ORIENTED_EDGE('',*,*,#2530,.F.);
#3205=ORIENTED_EDGE('',*,*,#2531,.T.);
#3206=ORIENTED_EDGE('',*,*,#2532,.T.);
#3207=ORIENTED_EDGE('',*,*,#2533,.T.);
#3208=ORIENTED_EDGE('',*,*,#2534,.T.);
#3209=ORIENTED_EDGE('',*,*,#2535,.T.);
#3210=ORIENTED_EDGE('',*,*,#2536,.F.);
#3211=ORIENTED_EDGE('',*,*,#2537,.F.);
#3212=ORIENTED_EDGE('',*,*,#2538,.F.);
#3213=ORIENTED_EDGE('',*,*,#2539,.T.);
#3214=ORIENTED_EDGE('',*,*,#2540,.F.);
#3215=ORIENTED_EDGE('',*,*,#2541,.F.);
#3216=ORIENTED_EDGE('',*,*,#2528,.T.);
#3217=ORIENTED_EDGE('',*,*,#2542,.T.);
#3218=ORIENTED_EDGE('',*,*,#2538,.T.);
#3219=ORIENTED_EDGE('',*,*,#2543,.T.);
#3220=ORIENTED_EDGE('',*,*,#2544,.F.);
#3221=ORIENTED_EDGE('',*,*,#2545,.T.);
#3222=ORIENTED_EDGE('',*,*,#2530,.T.);
#3223=ORIENTED_EDGE('',*,*,#2546,.T.);
#3224=ORIENTED_EDGE('',*,*,#2547,.F.);
#3225=ORIENTED_EDGE('',*,*,#2548,.T.);
#3226=ORIENTED_EDGE('',*,*,#2549,.F.);
#3227=ORIENTED_EDGE('',*,*,#2550,.F.);
#3228=ORIENTED_EDGE('',*,*,#2536,.T.);
#3229=ORIENTED_EDGE('',*,*,#2551,.T.);
#3230=ORIENTED_EDGE('',*,*,#2552,.T.);
#3231=ORIENTED_EDGE('',*,*,#2534,.F.);
#3232=ORIENTED_EDGE('',*,*,#2553,.T.);
#3233=ORIENTED_EDGE('',*,*,#2554,.F.);
#3234=ORIENTED_EDGE('',*,*,#2555,.F.);
#3235=ORIENTED_EDGE('',*,*,#2524,.F.);
#3236=ORIENTED_EDGE('',*,*,#2556,.T.);
#3237=ORIENTED_EDGE('',*,*,#2557,.T.);
#3238=ORIENTED_EDGE('',*,*,#2558,.T.);
#3239=ORIENTED_EDGE('',*,*,#2526,.F.);
#3240=ORIENTED_EDGE('',*,*,#2559,.T.);
#3241=ORIENTED_EDGE('',*,*,#2560,.F.);
#3242=ORIENTED_EDGE('',*,*,#2561,.F.);
#3243=ORIENTED_EDGE('',*,*,#2532,.F.);
#3244=ORIENTED_EDGE('',*,*,#2562,.T.);
#3245=ORIENTED_EDGE('',*,*,#2563,.T.);
#3246=ORIENTED_EDGE('',*,*,#2564,.T.);
#3247=ORIENTED_EDGE('',*,*,#2565,.T.);
#3248=ORIENTED_EDGE('',*,*,#2566,.T.);
#3249=ORIENTED_EDGE('',*,*,#2567,.T.);
#3250=ORIENTED_EDGE('',*,*,#2547,.T.);
#3251=ORIENTED_EDGE('',*,*,#2568,.T.);
#3252=ORIENTED_EDGE('',*,*,#2540,.T.);
#3253=ORIENTED_EDGE('',*,*,#2569,.T.);
#3254=ORIENTED_EDGE('',*,*,#2570,.T.);
#3255=ORIENTED_EDGE('',*,*,#2571,.T.);
#3256=ORIENTED_EDGE('',*,*,#2572,.T.);
#3257=ORIENTED_EDGE('',*,*,#2573,.T.);
#3258=ORIENTED_EDGE('',*,*,#2544,.T.);
#3259=ORIENTED_EDGE('',*,*,#2574,.T.);
#3260=ORIENTED_EDGE('',*,*,#2549,.T.);
#3261=ORIENTED_EDGE('',*,*,#2575,.T.);
#3262=ORIENTED_EDGE('',*,*,#2576,.T.);
#3263=ORIENTED_EDGE('',*,*,#2577,.F.);
#3264=ORIENTED_EDGE('',*,*,#2578,.F.);
#3265=ORIENTED_EDGE('',*,*,#2579,.T.);
#3266=ORIENTED_EDGE('',*,*,#2580,.T.);
#3267=ORIENTED_EDGE('',*,*,#2581,.T.);
#3268=ORIENTED_EDGE('',*,*,#2582,.F.);
#3269=ORIENTED_EDGE('',*,*,#2583,.F.);
#3270=ORIENTED_EDGE('',*,*,#2584,.T.);
#3271=ORIENTED_EDGE('',*,*,#2585,.T.);
#3272=ORIENTED_EDGE('',*,*,#2586,.T.);
#3273=ORIENTED_EDGE('',*,*,#2587,.T.);
#3274=ORIENTED_EDGE('',*,*,#2588,.F.);
#3275=ORIENTED_EDGE('',*,*,#2589,.F.);
#3276=ORIENTED_EDGE('',*,*,#2590,.T.);
#3277=ORIENTED_EDGE('',*,*,#2591,.F.);
#3278=ORIENTED_EDGE('',*,*,#2592,.F.);
#3279=ORIENTED_EDGE('',*,*,#2593,.T.);
#3280=ORIENTED_EDGE('',*,*,#2594,.T.);
#3281=ORIENTED_EDGE('',*,*,#2595,.T.);
#3282=ORIENTED_EDGE('',*,*,#2596,.T.);
#3283=ORIENTED_EDGE('',*,*,#2597,.T.);
#3284=ORIENTED_EDGE('',*,*,#2564,.F.);
#3285=ORIENTED_EDGE('',*,*,#2598,.T.);
#3286=ORIENTED_EDGE('',*,*,#2572,.F.);
#3287=ORIENTED_EDGE('',*,*,#2599,.F.);
#3288=ORIENTED_EDGE('',*,*,#2600,.T.);
#3289=ORIENTED_EDGE('',*,*,#2601,.T.);
#3290=ORIENTED_EDGE('',*,*,#2602,.T.);
#3291=ORIENTED_EDGE('',*,*,#2603,.F.);
#3292=ORIENTED_EDGE('',*,*,#2604,.T.);
#3293=ORIENTED_EDGE('',*,*,#2605,.T.);
#3294=ORIENTED_EDGE('',*,*,#2606,.T.);
#3295=ORIENTED_EDGE('',*,*,#2607,.T.);
#3296=ORIENTED_EDGE('',*,*,#2566,.F.);
#3297=ORIENTED_EDGE('',*,*,#2608,.F.);
#3298=ORIENTED_EDGE('',*,*,#2609,.T.);
#3299=ORIENTED_EDGE('',*,*,#2610,.T.);
#3300=ORIENTED_EDGE('',*,*,#2611,.T.);
#3301=ORIENTED_EDGE('',*,*,#2612,.T.);
#3302=ORIENTED_EDGE('',*,*,#2570,.F.);
#3303=ORIENTED_EDGE('',*,*,#2613,.T.);
#3304=ORIENTED_EDGE('',*,*,#2614,.T.);
#3305=ORIENTED_EDGE('',*,*,#2615,.F.);
#3306=ORIENTED_EDGE('',*,*,#2616,.T.);
#3307=ORIENTED_EDGE('',*,*,#2617,.T.);
#3308=ORIENTED_EDGE('',*,*,#2618,.T.);
#3309=ORIENTED_EDGE('',*,*,#2619,.T.);
#3310=ORIENTED_EDGE('',*,*,#2618,.F.);
#3311=ORIENTED_EDGE('',*,*,#2620,.F.);
#3312=ORIENTED_EDGE('',*,*,#2602,.F.);
#3313=ORIENTED_EDGE('',*,*,#2621,.T.);
#3314=ORIENTED_EDGE('',*,*,#2589,.T.);
#3315=ORIENTED_EDGE('',*,*,#2622,.F.);
#3316=ORIENTED_EDGE('',*,*,#2576,.F.);
#3317=ORIENTED_EDGE('',*,*,#2623,.T.);
#3318=ORIENTED_EDGE('',*,*,#2584,.F.);
#3319=ORIENTED_EDGE('',*,*,#2624,.T.);
#3320=ORIENTED_EDGE('',*,*,#2591,.T.);
#3321=ORIENTED_EDGE('',*,*,#2625,.T.);
#3322=ORIENTED_EDGE('',*,*,#2606,.F.);
#3323=ORIENTED_EDGE('',*,*,#2626,.F.);
#3324=ORIENTED_EDGE('',*,*,#2614,.F.);
#3325=ORIENTED_EDGE('',*,*,#2627,.T.);
#3326=ORIENTED_EDGE('',*,*,#2593,.F.);
#3327=ORIENTED_EDGE('',*,*,#2628,.F.);
#3328=ORIENTED_EDGE('',*,*,#2582,.T.);
#3329=ORIENTED_EDGE('',*,*,#2629,.T.);
#3330=ORIENTED_EDGE('',*,*,#2609,.F.);
#3331=ORIENTED_EDGE('',*,*,#2630,.F.);
#3332=ORIENTED_EDGE('',*,*,#2596,.F.);
#3333=ORIENTED_EDGE('',*,*,#2631,.T.);
#3334=ORIENTED_EDGE('',*,*,#2578,.T.);
#3335=ORIENTED_EDGE('',*,*,#2632,.T.);
#3336=ORIENTED_EDGE('',*,*,#2587,.F.);
#3337=ORIENTED_EDGE('',*,*,#2633,.T.);
#3338=ORIENTED_EDGE('',*,*,#2600,.F.);
#3339=ORIENTED_EDGE('',*,*,#2634,.F.);
#3340=ORIENTED_EDGE('',*,*,#2611,.F.);
#3341=ORIENTED_EDGE('',*,*,#2631,.F.);
#3342=ORIENTED_EDGE('',*,*,#2610,.F.);
#3343=ORIENTED_EDGE('',*,*,#2569,.F.);
#3344=ORIENTED_EDGE('',*,*,#2548,.F.);
#3345=ORIENTED_EDGE('',*,*,#2535,.F.);
#3346=ORIENTED_EDGE('',*,*,#2552,.F.);
#3347=ORIENTED_EDGE('',*,*,#2635,.F.);
#3348=ORIENTED_EDGE('',*,*,#2579,.F.);
#3349=ORIENTED_EDGE('',*,*,#2633,.F.);
#3350=ORIENTED_EDGE('',*,*,#2586,.F.);
#3351=ORIENTED_EDGE('',*,*,#2636,.F.);
#3352=ORIENTED_EDGE('',*,*,#2562,.F.);
#3353=ORIENTED_EDGE('',*,*,#2531,.F.);
#3354=ORIENTED_EDGE('',*,*,#2542,.F.);
#3355=ORIENTED_EDGE('',*,*,#2573,.F.);
#3356=ORIENTED_EDGE('',*,*,#2598,.F.);
#3357=ORIENTED_EDGE('',*,*,#2627,.F.);
#3358=ORIENTED_EDGE('',*,*,#2595,.F.);
#3359=ORIENTED_EDGE('',*,*,#2563,.F.);
#3360=ORIENTED_EDGE('',*,*,#2539,.F.);
#3361=ORIENTED_EDGE('',*,*,#2527,.F.);
#3362=ORIENTED_EDGE('',*,*,#2558,.F.);
#3363=ORIENTED_EDGE('',*,*,#2637,.T.);
#3364=ORIENTED_EDGE('',*,*,#2594,.F.);
#3365=ORIENTED_EDGE('',*,*,#2629,.F.);
#3366=ORIENTED_EDGE('',*,*,#2581,.F.);
#3367=ORIENTED_EDGE('',*,*,#2638,.T.);
#3368=ORIENTED_EDGE('',*,*,#2556,.F.);
#3369=ORIENTED_EDGE('',*,*,#2523,.F.);
#3370=ORIENTED_EDGE('',*,*,#2545,.F.);
#3371=ORIENTED_EDGE('',*,*,#2567,.F.);
#3372=ORIENTED_EDGE('',*,*,#2607,.F.);
#3373=ORIENTED_EDGE('',*,*,#2619,.F.);
#3374=ORIENTED_EDGE('',*,*,#2575,.F.);
#3375=ORIENTED_EDGE('',*,*,#2635,.T.);
#3376=ORIENTED_EDGE('',*,*,#2551,.F.);
#3377=ORIENTED_EDGE('',*,*,#2638,.F.);
#3378=ORIENTED_EDGE('',*,*,#2580,.F.);
#3379=ORIENTED_EDGE('',*,*,#2623,.F.);
#3380=ORIENTED_EDGE('',*,*,#2613,.F.);
#3381=ORIENTED_EDGE('',*,*,#2621,.F.);
#3382=ORIENTED_EDGE('',*,*,#2601,.F.);
#3383=ORIENTED_EDGE('',*,*,#2625,.F.);
#3384=ORIENTED_EDGE('',*,*,#2590,.F.);
#3385=ORIENTED_EDGE('',*,*,#2637,.F.);
#3386=ORIENTED_EDGE('',*,*,#2557,.F.);
#3387=ORIENTED_EDGE('',*,*,#2636,.T.);
#3388=ORIENTED_EDGE('',*,*,#2585,.F.);
#3389=ORIENTED_EDGE('',*,*,#2639,.F.);
#3390=ORIENTED_EDGE('',*,*,#2559,.F.);
#3391=ORIENTED_EDGE('',*,*,#2525,.F.);
#3392=ORIENTED_EDGE('',*,*,#2555,.T.);
#3393=ORIENTED_EDGE('',*,*,#2529,.T.);
#3394=ORIENTED_EDGE('',*,*,#2541,.T.);
#3395=ORIENTED_EDGE('',*,*,#2568,.F.);
#3396=ORIENTED_EDGE('',*,*,#2546,.F.);
#3397=ORIENTED_EDGE('',*,*,#2640,.F.);
#3398=ORIENTED_EDGE('',*,*,#2553,.F.);
#3399=ORIENTED_EDGE('',*,*,#2533,.F.);
#3400=ORIENTED_EDGE('',*,*,#2561,.T.);
#3401=ORIENTED_EDGE('',*,*,#2537,.T.);
#3402=ORIENTED_EDGE('',*,*,#2550,.T.);
#3403=ORIENTED_EDGE('',*,*,#2574,.F.);
#3404=ORIENTED_EDGE('',*,*,#2543,.F.);
#3405=ORIENTED_EDGE('',*,*,#2616,.F.);
#3406=ORIENTED_EDGE('',*,*,#2641,.F.);
#3407=ORIENTED_EDGE('',*,*,#2604,.F.);
#3408=ORIENTED_EDGE('',*,*,#2642,.F.);
#3409=ORIENTED_EDGE('',*,*,#2640,.T.);
#3410=ORIENTED_EDGE('',*,*,#2560,.T.);
#3411=ORIENTED_EDGE('',*,*,#2639,.T.);
#3412=ORIENTED_EDGE('',*,*,#2554,.T.);
#3413=ORIENTED_EDGE('',*,*,#2630,.T.);
#3414=ORIENTED_EDGE('',*,*,#2608,.T.);
#3415=ORIENTED_EDGE('',*,*,#2565,.F.);
#3416=ORIENTED_EDGE('',*,*,#2597,.F.);
#3417=ORIENTED_EDGE('',*,*,#2634,.T.);
#3418=ORIENTED_EDGE('',*,*,#2599,.T.);
#3419=ORIENTED_EDGE('',*,*,#2571,.F.);
#3420=ORIENTED_EDGE('',*,*,#2612,.F.);
#3421=ORIENTED_EDGE('',*,*,#2577,.T.);
#3422=ORIENTED_EDGE('',*,*,#2622,.T.);
#3423=ORIENTED_EDGE('',*,*,#2588,.T.);
#3424=ORIENTED_EDGE('',*,*,#2632,.F.);
#3425=ORIENTED_EDGE('',*,*,#2583,.T.);
#3426=ORIENTED_EDGE('',*,*,#2628,.T.);
#3427=ORIENTED_EDGE('',*,*,#2592,.T.);
#3428=ORIENTED_EDGE('',*,*,#2624,.F.);
#3429=ORIENTED_EDGE('',*,*,#2620,.T.);
#3430=ORIENTED_EDGE('',*,*,#2617,.F.);
#3431=ORIENTED_EDGE('',*,*,#2642,.T.);
#3432=ORIENTED_EDGE('',*,*,#2603,.T.);
#3433=ORIENTED_EDGE('',*,*,#2626,.T.);
#3434=ORIENTED_EDGE('',*,*,#2605,.F.);
#3435=ORIENTED_EDGE('',*,*,#2641,.T.);
#3436=ORIENTED_EDGE('',*,*,#2615,.T.);
#3437=ORIENTED_EDGE('',*,*,#2643,.F.);
#3438=ORIENTED_EDGE('',*,*,#2644,.F.);
#3439=ORIENTED_EDGE('',*,*,#2645,.F.);
#3440=ORIENTED_EDGE('',*,*,#2646,.F.);
#3441=ORIENTED_EDGE('',*,*,#2647,.F.);
#3442=ORIENTED_EDGE('',*,*,#2648,.F.);
#3443=ORIENTED_EDGE('',*,*,#2649,.F.);
#3444=ORIENTED_EDGE('',*,*,#2650,.T.);
#3445=ORIENTED_EDGE('',*,*,#2651,.F.);
#3446=ORIENTED_EDGE('',*,*,#2652,.T.);
#3447=ORIENTED_EDGE('',*,*,#2653,.F.);
#3448=ORIENTED_EDGE('',*,*,#2654,.T.);
#3449=ORIENTED_EDGE('',*,*,#2655,.F.);
#3450=ORIENTED_EDGE('',*,*,#2656,.F.);
#3451=ORIENTED_EDGE('',*,*,#2657,.F.);
#3452=ORIENTED_EDGE('',*,*,#2652,.F.);
#3453=ORIENTED_EDGE('',*,*,#2658,.F.);
#3454=ORIENTED_EDGE('',*,*,#2659,.F.);
#3455=ORIENTED_EDGE('',*,*,#2660,.T.);
#3456=ORIENTED_EDGE('',*,*,#2661,.F.);
#3457=ORIENTED_EDGE('',*,*,#2662,.T.);
#3458=ORIENTED_EDGE('',*,*,#2663,.T.);
#3459=ORIENTED_EDGE('',*,*,#2664,.F.);
#3460=ORIENTED_EDGE('',*,*,#2665,.F.);
#3461=ORIENTED_EDGE('',*,*,#2666,.F.);
#3462=ORIENTED_EDGE('',*,*,#2667,.F.);
#3463=ORIENTED_EDGE('',*,*,#2668,.T.);
#3464=ORIENTED_EDGE('',*,*,#2669,.F.);
#3465=ORIENTED_EDGE('',*,*,#2670,.F.);
#3466=ORIENTED_EDGE('',*,*,#2671,.F.);
#3467=ORIENTED_EDGE('',*,*,#2672,.F.);
#3468=ORIENTED_EDGE('',*,*,#2673,.T.);
#3469=ORIENTED_EDGE('',*,*,#2674,.F.);
#3470=ORIENTED_EDGE('',*,*,#2675,.T.);
#3471=ORIENTED_EDGE('',*,*,#2676,.F.);
#3472=ORIENTED_EDGE('',*,*,#2677,.T.);
#3473=ORIENTED_EDGE('',*,*,#2678,.F.);
#3474=ORIENTED_EDGE('',*,*,#2679,.F.);
#3475=ORIENTED_EDGE('',*,*,#2680,.F.);
#3476=ORIENTED_EDGE('',*,*,#2675,.F.);
#3477=ORIENTED_EDGE('',*,*,#2681,.F.);
#3478=ORIENTED_EDGE('',*,*,#2682,.T.);
#3479=ORIENTED_EDGE('',*,*,#2683,.T.);
#3480=ORIENTED_EDGE('',*,*,#2684,.F.);
#3481=ORIENTED_EDGE('',*,*,#2685,.T.);
#3482=ORIENTED_EDGE('',*,*,#2686,.T.);
#3483=ORIENTED_EDGE('',*,*,#2687,.T.);
#3484=ORIENTED_EDGE('',*,*,#2688,.F.);
#3485=ORIENTED_EDGE('',*,*,#2689,.T.);
#3486=ORIENTED_EDGE('',*,*,#2690,.T.);
#3487=ORIENTED_EDGE('',*,*,#2691,.F.);
#3488=ORIENTED_EDGE('',*,*,#2692,.T.);
#3489=ORIENTED_EDGE('',*,*,#2693,.F.);
#3490=ORIENTED_EDGE('',*,*,#2694,.T.);
#3491=ORIENTED_EDGE('',*,*,#2695,.F.);
#3492=ORIENTED_EDGE('',*,*,#2696,.F.);
#3493=ORIENTED_EDGE('',*,*,#2697,.T.);
#3494=ORIENTED_EDGE('',*,*,#2698,.F.);
#3495=ORIENTED_EDGE('',*,*,#2699,.T.);
#3496=ORIENTED_EDGE('',*,*,#2700,.T.);
#3497=ORIENTED_EDGE('',*,*,#2701,.T.);
#3498=ORIENTED_EDGE('',*,*,#2694,.F.);
#3499=ORIENTED_EDGE('',*,*,#2701,.F.);
#3500=ORIENTED_EDGE('',*,*,#2702,.T.);
#3501=ORIENTED_EDGE('',*,*,#2703,.F.);
#3502=ORIENTED_EDGE('',*,*,#2704,.F.);
#3503=ORIENTED_EDGE('',*,*,#2645,.T.);
#3504=ORIENTED_EDGE('',*,*,#2705,.F.);
#3505=ORIENTED_EDGE('',*,*,#2691,.T.);
#3506=ORIENTED_EDGE('',*,*,#2706,.F.);
#3507=ORIENTED_EDGE('',*,*,#2707,.F.);
#3508=ORIENTED_EDGE('',*,*,#2708,.F.);
#3509=ORIENTED_EDGE('',*,*,#2709,.F.);
#3510=ORIENTED_EDGE('',*,*,#2710,.F.);
#3511=ORIENTED_EDGE('',*,*,#2711,.T.);
#3512=ORIENTED_EDGE('',*,*,#2655,.T.);
#3513=ORIENTED_EDGE('',*,*,#2712,.F.);
#3514=ORIENTED_EDGE('',*,*,#2713,.F.);
#3515=ORIENTED_EDGE('',*,*,#2714,.F.);
#3516=ORIENTED_EDGE('',*,*,#2715,.F.);
#3517=ORIENTED_EDGE('',*,*,#2708,.T.);
#3518=ORIENTED_EDGE('',*,*,#2716,.F.);
#3519=ORIENTED_EDGE('',*,*,#2717,.T.);
#3520=ORIENTED_EDGE('',*,*,#2718,.T.);
#3521=ORIENTED_EDGE('',*,*,#2710,.T.);
#3522=ORIENTED_EDGE('',*,*,#2663,.F.);
#3523=ORIENTED_EDGE('',*,*,#2662,.F.);
#3524=ORIENTED_EDGE('',*,*,#2719,.F.);
#3525=ORIENTED_EDGE('',*,*,#2720,.T.);
#3526=ORIENTED_EDGE('',*,*,#2721,.T.);
#3527=ORIENTED_EDGE('',*,*,#2722,.F.);
#3528=ORIENTED_EDGE('',*,*,#2723,.F.);
#3529=ORIENTED_EDGE('',*,*,#2724,.F.);
#3530=ORIENTED_EDGE('',*,*,#2725,.T.);
#3531=ORIENTED_EDGE('',*,*,#2719,.T.);
#3532=ORIENTED_EDGE('',*,*,#2726,.F.);
#3533=ORIENTED_EDGE('',*,*,#2723,.T.);
#3534=ORIENTED_EDGE('',*,*,#2727,.F.);
#3535=ORIENTED_EDGE('',*,*,#2649,.T.);
#3536=ORIENTED_EDGE('',*,*,#2728,.F.);
#3537=ORIENTED_EDGE('',*,*,#2729,.F.);
#3538=ORIENTED_EDGE('',*,*,#2730,.F.);
#3539=ORIENTED_EDGE('',*,*,#2731,.T.);
#3540=ORIENTED_EDGE('',*,*,#2732,.T.);
#3541=ORIENTED_EDGE('',*,*,#2733,.F.);
#3542=ORIENTED_EDGE('',*,*,#2734,.F.);
#3543=ORIENTED_EDGE('',*,*,#2735,.F.);
#3544=ORIENTED_EDGE('',*,*,#2688,.T.);
#3545=ORIENTED_EDGE('',*,*,#2683,.F.);
#3546=ORIENTED_EDGE('',*,*,#2682,.F.);
#3547=ORIENTED_EDGE('',*,*,#2736,.F.);
#3548=ORIENTED_EDGE('',*,*,#2737,.T.);
#3549=ORIENTED_EDGE('',*,*,#2738,.T.);
#3550=ORIENTED_EDGE('',*,*,#2739,.F.);
#3551=ORIENTED_EDGE('',*,*,#2740,.F.);
#3552=ORIENTED_EDGE('',*,*,#2741,.F.);
#3553=ORIENTED_EDGE('',*,*,#2742,.T.);
#3554=ORIENTED_EDGE('',*,*,#2736,.T.);
#3555=ORIENTED_EDGE('',*,*,#2743,.F.);
#3556=ORIENTED_EDGE('',*,*,#2740,.T.);
#3557=ORIENTED_EDGE('',*,*,#2744,.F.);
#3558=ORIENTED_EDGE('',*,*,#2667,.T.);
#3559=ORIENTED_EDGE('',*,*,#2745,.F.);
#3560=ORIENTED_EDGE('',*,*,#2746,.F.);
#3561=ORIENTED_EDGE('',*,*,#2747,.F.);
#3562=ORIENTED_EDGE('',*,*,#2748,.F.);
#3563=ORIENTED_EDGE('',*,*,#2749,.F.);
#3564=ORIENTED_EDGE('',*,*,#2750,.F.);
#3565=ORIENTED_EDGE('',*,*,#2751,.F.);
#3566=ORIENTED_EDGE('',*,*,#2752,.T.);
#3567=ORIENTED_EDGE('',*,*,#2678,.T.);
#3568=ORIENTED_EDGE('',*,*,#2753,.F.);
#3569=ORIENTED_EDGE('',*,*,#2754,.F.);
#3570=ORIENTED_EDGE('',*,*,#2755,.F.);
#3571=ORIENTED_EDGE('',*,*,#2756,.F.);
#3572=ORIENTED_EDGE('',*,*,#2749,.T.);
#3573=ORIENTED_EDGE('',*,*,#2757,.F.);
#3574=ORIENTED_EDGE('',*,*,#2758,.T.);
#3575=ORIENTED_EDGE('',*,*,#2759,.T.);
#3576=ORIENTED_EDGE('',*,*,#2751,.T.);
#3577=ORIENTED_EDGE('',*,*,#2686,.F.);
#3578=ORIENTED_EDGE('',*,*,#2685,.F.);
#3579=ORIENTED_EDGE('',*,*,#2760,.F.);
#3580=ORIENTED_EDGE('',*,*,#2761,.T.);
#3581=ORIENTED_EDGE('',*,*,#2762,.T.);
#3582=ORIENTED_EDGE('',*,*,#2763,.F.);
#3583=ORIENTED_EDGE('',*,*,#2764,.F.);
#3584=ORIENTED_EDGE('',*,*,#2765,.F.);
#3585=ORIENTED_EDGE('',*,*,#2766,.T.);
#3586=ORIENTED_EDGE('',*,*,#2760,.T.);
#3587=ORIENTED_EDGE('',*,*,#2767,.F.);
#3588=ORIENTED_EDGE('',*,*,#2764,.T.);
#3589=ORIENTED_EDGE('',*,*,#2768,.F.);
#3590=ORIENTED_EDGE('',*,*,#2672,.T.);
#3591=ORIENTED_EDGE('',*,*,#2769,.F.);
#3592=ORIENTED_EDGE('',*,*,#2770,.F.);
#3593=ORIENTED_EDGE('',*,*,#2753,.T.);
#3594=ORIENTED_EDGE('',*,*,#2771,.T.);
#3595=ORIENTED_EDGE('',*,*,#2770,.T.);
#3596=ORIENTED_EDGE('',*,*,#2772,.F.);
#3597=ORIENTED_EDGE('',*,*,#2773,.F.);
#3598=ORIENTED_EDGE('',*,*,#2774,.F.);
#3599=ORIENTED_EDGE('',*,*,#2775,.T.);
#3600=ORIENTED_EDGE('',*,*,#2776,.F.);
#3601=ORIENTED_EDGE('',*,*,#2676,.T.);
#3602=ORIENTED_EDGE('',*,*,#2680,.T.);
#3603=ORIENTED_EDGE('',*,*,#2777,.T.);
#3604=ORIENTED_EDGE('',*,*,#2778,.F.);
#3605=ORIENTED_EDGE('',*,*,#2779,.T.);
#3606=ORIENTED_EDGE('',*,*,#2780,.T.);
#3607=ORIENTED_EDGE('',*,*,#2781,.T.);
#3608=ORIENTED_EDGE('',*,*,#2782,.T.);
#3609=ORIENTED_EDGE('',*,*,#2669,.T.);
#3610=ORIENTED_EDGE('',*,*,#2783,.T.);
#3611=ORIENTED_EDGE('',*,*,#2679,.T.);
#3612=ORIENTED_EDGE('',*,*,#2674,.T.);
#3613=ORIENTED_EDGE('',*,*,#2754,.T.);
#3614=ORIENTED_EDGE('',*,*,#2776,.T.);
#3615=ORIENTED_EDGE('',*,*,#2784,.T.);
#3616=ORIENTED_EDGE('',*,*,#2777,.F.);
#3617=ORIENTED_EDGE('',*,*,#2769,.T.);
#3618=ORIENTED_EDGE('',*,*,#2671,.T.);
#3619=ORIENTED_EDGE('',*,*,#2785,.T.);
#3620=ORIENTED_EDGE('',*,*,#2781,.F.);
#3621=ORIENTED_EDGE('',*,*,#2786,.F.);
#3622=ORIENTED_EDGE('',*,*,#2772,.T.);
#3623=ORIENTED_EDGE('',*,*,#2670,.T.);
#3624=ORIENTED_EDGE('',*,*,#2782,.F.);
#3625=ORIENTED_EDGE('',*,*,#2785,.F.);
#3626=ORIENTED_EDGE('',*,*,#2773,.T.);
#3627=ORIENTED_EDGE('',*,*,#2786,.T.);
#3628=ORIENTED_EDGE('',*,*,#2780,.F.);
#3629=ORIENTED_EDGE('',*,*,#2787,.F.);
#3630=ORIENTED_EDGE('',*,*,#2774,.T.);
#3631=ORIENTED_EDGE('',*,*,#2787,.T.);
#3632=ORIENTED_EDGE('',*,*,#2779,.F.);
#3633=ORIENTED_EDGE('',*,*,#2788,.F.);
#3634=ORIENTED_EDGE('',*,*,#2789,.T.);
#3635=ORIENTED_EDGE('',*,*,#2746,.T.);
#3636=ORIENTED_EDGE('',*,*,#2790,.F.);
#3637=ORIENTED_EDGE('',*,*,#2791,.F.);
#3638=ORIENTED_EDGE('',*,*,#2792,.F.);
#3639=ORIENTED_EDGE('',*,*,#2793,.F.);
#3640=ORIENTED_EDGE('',*,*,#2794,.T.);
#3641=ORIENTED_EDGE('',*,*,#2795,.T.);
#3642=ORIENTED_EDGE('',*,*,#2796,.T.);
#3643=ORIENTED_EDGE('',*,*,#2797,.T.);
#3644=ORIENTED_EDGE('',*,*,#2798,.T.);
#3645=ORIENTED_EDGE('',*,*,#2799,.T.);
#3646=ORIENTED_EDGE('',*,*,#2664,.T.);
#3647=ORIENTED_EDGE('',*,*,#2800,.T.);
#3648=ORIENTED_EDGE('',*,*,#2793,.T.);
#3649=ORIENTED_EDGE('',*,*,#2801,.T.);
#3650=ORIENTED_EDGE('',*,*,#2795,.F.);
#3651=ORIENTED_EDGE('',*,*,#2745,.T.);
#3652=ORIENTED_EDGE('',*,*,#2666,.T.);
#3653=ORIENTED_EDGE('',*,*,#2802,.T.);
#3654=ORIENTED_EDGE('',*,*,#2798,.F.);
#3655=ORIENTED_EDGE('',*,*,#2803,.F.);
#3656=ORIENTED_EDGE('',*,*,#2790,.T.);
#3657=ORIENTED_EDGE('',*,*,#2665,.T.);
#3658=ORIENTED_EDGE('',*,*,#2799,.F.);
#3659=ORIENTED_EDGE('',*,*,#2802,.F.);
#3660=ORIENTED_EDGE('',*,*,#2792,.T.);
#3661=ORIENTED_EDGE('',*,*,#2804,.T.);
#3662=ORIENTED_EDGE('',*,*,#2796,.F.);
#3663=ORIENTED_EDGE('',*,*,#2801,.F.);
#3664=ORIENTED_EDGE('',*,*,#2805,.T.);
#3665=ORIENTED_EDGE('',*,*,#2761,.F.);
#3666=ORIENTED_EDGE('',*,*,#2806,.T.);
#3667=ORIENTED_EDGE('',*,*,#2759,.F.);
#3668=ORIENTED_EDGE('',*,*,#2807,.T.);
#3669=ORIENTED_EDGE('',*,*,#2757,.T.);
#3670=ORIENTED_EDGE('',*,*,#2808,.F.);
#3671=ORIENTED_EDGE('',*,*,#2763,.T.);
#3672=ORIENTED_EDGE('',*,*,#2755,.T.);
#3673=ORIENTED_EDGE('',*,*,#2809,.T.);
#3674=ORIENTED_EDGE('',*,*,#2756,.T.);
#3675=ORIENTED_EDGE('',*,*,#2806,.F.);
#3676=ORIENTED_EDGE('',*,*,#2766,.F.);
#3677=ORIENTED_EDGE('',*,*,#2810,.F.);
#3678=ORIENTED_EDGE('',*,*,#2771,.F.);
#3679=ORIENTED_EDGE('',*,*,#2811,.F.);
#3680=ORIENTED_EDGE('',*,*,#2752,.F.);
#3681=ORIENTED_EDGE('',*,*,#2808,.T.);
#3682=ORIENTED_EDGE('',*,*,#2748,.T.);
#3683=ORIENTED_EDGE('',*,*,#2783,.F.);
#3684=ORIENTED_EDGE('',*,*,#2768,.T.);
#3685=ORIENTED_EDGE('',*,*,#2750,.T.);
#3686=ORIENTED_EDGE('',*,*,#2811,.T.);
#3687=ORIENTED_EDGE('',*,*,#2677,.F.);
#3688=ORIENTED_EDGE('',*,*,#2747,.T.);
#3689=ORIENTED_EDGE('',*,*,#2809,.F.);
#3690=ORIENTED_EDGE('',*,*,#2767,.T.);
#3691=ORIENTED_EDGE('',*,*,#2673,.F.);
#3692=ORIENTED_EDGE('',*,*,#2810,.T.);
#3693=ORIENTED_EDGE('',*,*,#2765,.T.);
#3694=ORIENTED_EDGE('',*,*,#2684,.T.);
#3695=ORIENTED_EDGE('',*,*,#2812,.T.);
#3696=ORIENTED_EDGE('',*,*,#2813,.T.);
#3697=ORIENTED_EDGE('',*,*,#2807,.F.);
#3698=ORIENTED_EDGE('',*,*,#2814,.T.);
#3699=ORIENTED_EDGE('',*,*,#2815,.F.);
#3700=ORIENTED_EDGE('',*,*,#2816,.F.);
#3701=ORIENTED_EDGE('',*,*,#2805,.F.);
#3702=ORIENTED_EDGE('',*,*,#2817,.F.);
#3703=ORIENTED_EDGE('',*,*,#2818,.F.);
#3704=ORIENTED_EDGE('',*,*,#2819,.T.);
#3705=ORIENTED_EDGE('',*,*,#2820,.T.);
#3706=ORIENTED_EDGE('',*,*,#2821,.F.);
#3707=ORIENTED_EDGE('',*,*,#2822,.F.);
#3708=ORIENTED_EDGE('',*,*,#2821,.T.);
#3709=ORIENTED_EDGE('',*,*,#2812,.F.);
#3710=ORIENTED_EDGE('',*,*,#2823,.T.);
#3711=ORIENTED_EDGE('',*,*,#2824,.T.);
#3712=ORIENTED_EDGE('',*,*,#2823,.F.);
#3713=ORIENTED_EDGE('',*,*,#2825,.F.);
#3714=ORIENTED_EDGE('',*,*,#2826,.T.);
#3715=ORIENTED_EDGE('',*,*,#2826,.F.);
#3716=ORIENTED_EDGE('',*,*,#2815,.T.);
#3717=ORIENTED_EDGE('',*,*,#2819,.F.);
#3718=ORIENTED_EDGE('',*,*,#2827,.F.);
#3719=ORIENTED_EDGE('',*,*,#2814,.F.);
#3720=ORIENTED_EDGE('',*,*,#2762,.F.);
#3721=ORIENTED_EDGE('',*,*,#2816,.T.);
#3722=ORIENTED_EDGE('',*,*,#2825,.T.);
#3723=ORIENTED_EDGE('',*,*,#2813,.F.);
#3724=ORIENTED_EDGE('',*,*,#2820,.F.);
#3725=ORIENTED_EDGE('',*,*,#2817,.T.);
#3726=ORIENTED_EDGE('',*,*,#2758,.F.);
#3727=ORIENTED_EDGE('',*,*,#2828,.T.);
#3728=ORIENTED_EDGE('',*,*,#2737,.F.);
#3729=ORIENTED_EDGE('',*,*,#2829,.T.);
#3730=ORIENTED_EDGE('',*,*,#2830,.F.);
#3731=ORIENTED_EDGE('',*,*,#2831,.T.);
#3732=ORIENTED_EDGE('',*,*,#2832,.T.);
#3733=ORIENTED_EDGE('',*,*,#2833,.F.);
#3734=ORIENTED_EDGE('',*,*,#2739,.T.);
#3735=ORIENTED_EDGE('',*,*,#2834,.T.);
#3736=ORIENTED_EDGE('',*,*,#2830,.T.);
#3737=ORIENTED_EDGE('',*,*,#2835,.T.);
#3738=ORIENTED_EDGE('',*,*,#2832,.F.);
#3739=ORIENTED_EDGE('',*,*,#2829,.F.);
#3740=ORIENTED_EDGE('',*,*,#2742,.F.);
#3741=ORIENTED_EDGE('',*,*,#2836,.F.);
#3742=ORIENTED_EDGE('',*,*,#2789,.F.);
#3743=ORIENTED_EDGE('',*,*,#2837,.F.);
#3744=ORIENTED_EDGE('',*,*,#2833,.T.);
#3745=ORIENTED_EDGE('',*,*,#2838,.T.);
#3746=ORIENTED_EDGE('',*,*,#2794,.F.);
#3747=ORIENTED_EDGE('',*,*,#2744,.T.);
#3748=ORIENTED_EDGE('',*,*,#2838,.F.);
#3749=ORIENTED_EDGE('',*,*,#2835,.F.);
#3750=ORIENTED_EDGE('',*,*,#2837,.T.);
#3751=ORIENTED_EDGE('',*,*,#2800,.F.);
#3752=ORIENTED_EDGE('',*,*,#2743,.T.);
#3753=ORIENTED_EDGE('',*,*,#2668,.F.);
#3754=ORIENTED_EDGE('',*,*,#2836,.T.);
#3755=ORIENTED_EDGE('',*,*,#2741,.T.);
#3756=ORIENTED_EDGE('',*,*,#2681,.T.);
#3757=ORIENTED_EDGE('',*,*,#2839,.T.);
#3758=ORIENTED_EDGE('',*,*,#2840,.T.);
#3759=ORIENTED_EDGE('',*,*,#2831,.F.);
#3760=ORIENTED_EDGE('',*,*,#2841,.T.);
#3761=ORIENTED_EDGE('',*,*,#2842,.F.);
#3762=ORIENTED_EDGE('',*,*,#2843,.F.);
#3763=ORIENTED_EDGE('',*,*,#2828,.F.);
#3764=ORIENTED_EDGE('',*,*,#2844,.F.);
#3765=ORIENTED_EDGE('',*,*,#2845,.F.);
#3766=ORIENTED_EDGE('',*,*,#2846,.T.);
#3767=ORIENTED_EDGE('',*,*,#2847,.T.);
#3768=ORIENTED_EDGE('',*,*,#2848,.F.);
#3769=ORIENTED_EDGE('',*,*,#2849,.F.);
#3770=ORIENTED_EDGE('',*,*,#2848,.T.);
#3771=ORIENTED_EDGE('',*,*,#2839,.F.);
#3772=ORIENTED_EDGE('',*,*,#2850,.T.);
#3773=ORIENTED_EDGE('',*,*,#2851,.T.);
#3774=ORIENTED_EDGE('',*,*,#2850,.F.);
#3775=ORIENTED_EDGE('',*,*,#2852,.F.);
#3776=ORIENTED_EDGE('',*,*,#2853,.T.);
#3777=ORIENTED_EDGE('',*,*,#2853,.F.);
#3778=ORIENTED_EDGE('',*,*,#2842,.T.);
#3779=ORIENTED_EDGE('',*,*,#2846,.F.);
#3780=ORIENTED_EDGE('',*,*,#2854,.F.);
#3781=ORIENTED_EDGE('',*,*,#2841,.F.);
#3782=ORIENTED_EDGE('',*,*,#2738,.F.);
#3783=ORIENTED_EDGE('',*,*,#2843,.T.);
#3784=ORIENTED_EDGE('',*,*,#2852,.T.);
#3785=ORIENTED_EDGE('',*,*,#2840,.F.);
#3786=ORIENTED_EDGE('',*,*,#2847,.F.);
#3787=ORIENTED_EDGE('',*,*,#2844,.T.);
#3788=ORIENTED_EDGE('',*,*,#2834,.F.);
#3789=ORIENTED_EDGE('',*,*,#2659,.T.);
#3790=ORIENTED_EDGE('',*,*,#2855,.F.);
#3791=ORIENTED_EDGE('',*,*,#2734,.T.);
#3792=ORIENTED_EDGE('',*,*,#2856,.F.);
#3793=ORIENTED_EDGE('',*,*,#2857,.T.);
#3794=ORIENTED_EDGE('',*,*,#2858,.F.);
#3795=ORIENTED_EDGE('',*,*,#2859,.F.);
#3796=ORIENTED_EDGE('',*,*,#2860,.F.);
#3797=ORIENTED_EDGE('',*,*,#2861,.F.);
#3798=ORIENTED_EDGE('',*,*,#2862,.F.);
#3799=ORIENTED_EDGE('',*,*,#2863,.F.);
#3800=ORIENTED_EDGE('',*,*,#2864,.F.);
#3801=ORIENTED_EDGE('',*,*,#2865,.F.);
#3802=ORIENTED_EDGE('',*,*,#2866,.F.);
#3803=ORIENTED_EDGE('',*,*,#2867,.T.);
#3804=ORIENTED_EDGE('',*,*,#2868,.F.);
#3805=ORIENTED_EDGE('',*,*,#2869,.T.);
#3806=ORIENTED_EDGE('',*,*,#2856,.T.);
#3807=ORIENTED_EDGE('',*,*,#2870,.T.);
#3808=ORIENTED_EDGE('',*,*,#2871,.T.);
#3809=ORIENTED_EDGE('',*,*,#2872,.T.);
#3810=ORIENTED_EDGE('',*,*,#2873,.T.);
#3811=ORIENTED_EDGE('',*,*,#2874,.T.);
#3812=ORIENTED_EDGE('',*,*,#2875,.T.);
#3813=ORIENTED_EDGE('',*,*,#2876,.T.);
#3814=ORIENTED_EDGE('',*,*,#2877,.T.);
#3815=ORIENTED_EDGE('',*,*,#2878,.T.);
#3816=ORIENTED_EDGE('',*,*,#2879,.T.);
#3817=ORIENTED_EDGE('',*,*,#2880,.T.);
#3818=ORIENTED_EDGE('',*,*,#2881,.T.);
#3819=ORIENTED_EDGE('',*,*,#2882,.T.);
#3820=ORIENTED_EDGE('',*,*,#2883,.T.);
#3821=ORIENTED_EDGE('',*,*,#2884,.T.);
#3822=ORIENTED_EDGE('',*,*,#2885,.T.);
#3823=ORIENTED_EDGE('',*,*,#2886,.T.);
#3824=ORIENTED_EDGE('',*,*,#2887,.T.);
#3825=ORIENTED_EDGE('',*,*,#2888,.T.);
#3826=ORIENTED_EDGE('',*,*,#2889,.T.);
#3827=ORIENTED_EDGE('',*,*,#2890,.T.);
#3828=ORIENTED_EDGE('',*,*,#2891,.T.);
#3829=ORIENTED_EDGE('',*,*,#2892,.T.);
#3830=ORIENTED_EDGE('',*,*,#2893,.T.);
#3831=ORIENTED_EDGE('',*,*,#2894,.T.);
#3832=ORIENTED_EDGE('',*,*,#2895,.T.);
#3833=ORIENTED_EDGE('',*,*,#2896,.T.);
#3834=ORIENTED_EDGE('',*,*,#2897,.T.);
#3835=ORIENTED_EDGE('',*,*,#2898,.T.);
#3836=ORIENTED_EDGE('',*,*,#2735,.T.);
#3837=ORIENTED_EDGE('',*,*,#2855,.T.);
#3838=ORIENTED_EDGE('',*,*,#2658,.T.);
#3839=ORIENTED_EDGE('',*,*,#2899,.T.);
#3840=ORIENTED_EDGE('',*,*,#2877,.F.);
#3841=ORIENTED_EDGE('',*,*,#2900,.T.);
#3842=ORIENTED_EDGE('',*,*,#2891,.F.);
#3843=ORIENTED_EDGE('',*,*,#2689,.F.);
#3844=ORIENTED_EDGE('',*,*,#2901,.F.);
#3845=ORIENTED_EDGE('',*,*,#2804,.F.);
#3846=ORIENTED_EDGE('',*,*,#2902,.T.);
#3847=ORIENTED_EDGE('',*,*,#2903,.T.);
#3848=ORIENTED_EDGE('',*,*,#2889,.F.);
#3849=ORIENTED_EDGE('',*,*,#2904,.F.);
#3850=ORIENTED_EDGE('',*,*,#2858,.T.);
#3851=ORIENTED_EDGE('',*,*,#2859,.T.);
#3852=ORIENTED_EDGE('',*,*,#2904,.T.);
#3853=ORIENTED_EDGE('',*,*,#2888,.F.);
#3854=ORIENTED_EDGE('',*,*,#2905,.F.);
#3855=ORIENTED_EDGE('',*,*,#2860,.T.);
#3856=ORIENTED_EDGE('',*,*,#2905,.T.);
#3857=ORIENTED_EDGE('',*,*,#2887,.F.);
#3858=ORIENTED_EDGE('',*,*,#2906,.F.);
#3859=ORIENTED_EDGE('',*,*,#2861,.T.);
#3860=ORIENTED_EDGE('',*,*,#2906,.T.);
#3861=ORIENTED_EDGE('',*,*,#2886,.F.);
#3862=ORIENTED_EDGE('',*,*,#2907,.F.);
#3863=ORIENTED_EDGE('',*,*,#2862,.T.);
#3864=ORIENTED_EDGE('',*,*,#2907,.T.);
#3865=ORIENTED_EDGE('',*,*,#2885,.F.);
#3866=ORIENTED_EDGE('',*,*,#2908,.F.);
#3867=ORIENTED_EDGE('',*,*,#2863,.T.);
#3868=ORIENTED_EDGE('',*,*,#2908,.T.);
#3869=ORIENTED_EDGE('',*,*,#2884,.F.);
#3870=ORIENTED_EDGE('',*,*,#2909,.F.);
#3871=ORIENTED_EDGE('',*,*,#2864,.T.);
#3872=ORIENTED_EDGE('',*,*,#2909,.T.);
#3873=ORIENTED_EDGE('',*,*,#2883,.F.);
#3874=ORIENTED_EDGE('',*,*,#2910,.F.);
#3875=ORIENTED_EDGE('',*,*,#2865,.T.);
#3876=ORIENTED_EDGE('',*,*,#2910,.T.);
#3877=ORIENTED_EDGE('',*,*,#2882,.F.);
#3878=ORIENTED_EDGE('',*,*,#2911,.F.);
#3879=ORIENTED_EDGE('',*,*,#2912,.T.);
#3880=ORIENTED_EDGE('',*,*,#2866,.T.);
#3881=ORIENTED_EDGE('',*,*,#2911,.T.);
#3882=ORIENTED_EDGE('',*,*,#2881,.F.);
#3883=ORIENTED_EDGE('',*,*,#2775,.F.);
#3884=ORIENTED_EDGE('',*,*,#2913,.F.);
#3885=ORIENTED_EDGE('',*,*,#2867,.F.);
#3886=ORIENTED_EDGE('',*,*,#2914,.F.);
#3887=ORIENTED_EDGE('',*,*,#2915,.T.);
#3888=ORIENTED_EDGE('',*,*,#2868,.T.);
#3889=ORIENTED_EDGE('',*,*,#2916,.T.);
#3890=ORIENTED_EDGE('',*,*,#2879,.F.);
#3891=ORIENTED_EDGE('',*,*,#2791,.T.);
#3892=ORIENTED_EDGE('',*,*,#2917,.F.);
#3893=ORIENTED_EDGE('',*,*,#2870,.F.);
#3894=ORIENTED_EDGE('',*,*,#2687,.F.);
#3895=ORIENTED_EDGE('',*,*,#2902,.F.);
#3896=ORIENTED_EDGE('',*,*,#2918,.T.);
#3897=ORIENTED_EDGE('',*,*,#2897,.F.);
#3898=ORIENTED_EDGE('',*,*,#2919,.F.);
#3899=ORIENTED_EDGE('',*,*,#2871,.F.);
#3900=ORIENTED_EDGE('',*,*,#2896,.F.);
#3901=ORIENTED_EDGE('',*,*,#2920,.F.);
#3902=ORIENTED_EDGE('',*,*,#2872,.F.);
#3903=ORIENTED_EDGE('',*,*,#2919,.T.);
#3904=ORIENTED_EDGE('',*,*,#2895,.F.);
#3905=ORIENTED_EDGE('',*,*,#2921,.F.);
#3906=ORIENTED_EDGE('',*,*,#2873,.F.);
#3907=ORIENTED_EDGE('',*,*,#2920,.T.);
#3908=ORIENTED_EDGE('',*,*,#2894,.F.);
#3909=ORIENTED_EDGE('',*,*,#2922,.F.);
#3910=ORIENTED_EDGE('',*,*,#2874,.F.);
#3911=ORIENTED_EDGE('',*,*,#2921,.T.);
#3912=ORIENTED_EDGE('',*,*,#2893,.F.);
#3913=ORIENTED_EDGE('',*,*,#2923,.F.);
#3914=ORIENTED_EDGE('',*,*,#2875,.F.);
#3915=ORIENTED_EDGE('',*,*,#2922,.T.);
#3916=ORIENTED_EDGE('',*,*,#2892,.F.);
#3917=ORIENTED_EDGE('',*,*,#2900,.F.);
#3918=ORIENTED_EDGE('',*,*,#2876,.F.);
#3919=ORIENTED_EDGE('',*,*,#2923,.T.);
#3920=ORIENTED_EDGE('',*,*,#2778,.T.);
#3921=ORIENTED_EDGE('',*,*,#2924,.T.);
#3922=ORIENTED_EDGE('',*,*,#2880,.F.);
#3923=ORIENTED_EDGE('',*,*,#2925,.T.);
#3924=ORIENTED_EDGE('',*,*,#2797,.F.);
#3925=ORIENTED_EDGE('',*,*,#2901,.T.);
#3926=ORIENTED_EDGE('',*,*,#2898,.F.);
#3927=ORIENTED_EDGE('',*,*,#2926,.T.);
#3928=ORIENTED_EDGE('',*,*,#2924,.F.);
#3929=ORIENTED_EDGE('',*,*,#2784,.F.);
#3930=ORIENTED_EDGE('',*,*,#2914,.T.);
#3931=ORIENTED_EDGE('',*,*,#2912,.F.);
#3932=ORIENTED_EDGE('',*,*,#2925,.F.);
#3933=ORIENTED_EDGE('',*,*,#2916,.F.);
#3934=ORIENTED_EDGE('',*,*,#2913,.T.);
#3935=ORIENTED_EDGE('',*,*,#2788,.T.);
#3936=ORIENTED_EDGE('',*,*,#2926,.F.);
#3937=ORIENTED_EDGE('',*,*,#2918,.F.);
#3938=ORIENTED_EDGE('',*,*,#2917,.T.);
#3939=ORIENTED_EDGE('',*,*,#2803,.T.);
#3940=ORIENTED_EDGE('',*,*,#2712,.T.);
#3941=ORIENTED_EDGE('',*,*,#2927,.T.);
#3942=ORIENTED_EDGE('',*,*,#2729,.T.);
#3943=ORIENTED_EDGE('',*,*,#2928,.F.);
#3944=ORIENTED_EDGE('',*,*,#2929,.F.);
#3945=ORIENTED_EDGE('',*,*,#2930,.F.);
#3946=ORIENTED_EDGE('',*,*,#2931,.F.);
#3947=ORIENTED_EDGE('',*,*,#2932,.F.);
#3948=ORIENTED_EDGE('',*,*,#2653,.T.);
#3949=ORIENTED_EDGE('',*,*,#2657,.T.);
#3950=ORIENTED_EDGE('',*,*,#2933,.T.);
#3951=ORIENTED_EDGE('',*,*,#2934,.T.);
#3952=ORIENTED_EDGE('',*,*,#2935,.T.);
#3953=ORIENTED_EDGE('',*,*,#2936,.T.);
#3954=ORIENTED_EDGE('',*,*,#2937,.T.);
#3955=ORIENTED_EDGE('',*,*,#2938,.T.);
#3956=ORIENTED_EDGE('',*,*,#2646,.T.);
#3957=ORIENTED_EDGE('',*,*,#2939,.T.);
#3958=ORIENTED_EDGE('',*,*,#2656,.T.);
#3959=ORIENTED_EDGE('',*,*,#2651,.T.);
#3960=ORIENTED_EDGE('',*,*,#2713,.T.);
#3961=ORIENTED_EDGE('',*,*,#2932,.T.);
#3962=ORIENTED_EDGE('',*,*,#2940,.T.);
#3963=ORIENTED_EDGE('',*,*,#2933,.F.);
#3964=ORIENTED_EDGE('',*,*,#2728,.T.);
#3965=ORIENTED_EDGE('',*,*,#2648,.T.);
#3966=ORIENTED_EDGE('',*,*,#2941,.T.);
#3967=ORIENTED_EDGE('',*,*,#2937,.F.);
#3968=ORIENTED_EDGE('',*,*,#2942,.F.);
#3969=ORIENTED_EDGE('',*,*,#2928,.T.);
#3970=ORIENTED_EDGE('',*,*,#2647,.T.);
#3971=ORIENTED_EDGE('',*,*,#2938,.F.);
#3972=ORIENTED_EDGE('',*,*,#2941,.F.);
#3973=ORIENTED_EDGE('',*,*,#2929,.T.);
#3974=ORIENTED_EDGE('',*,*,#2943,.F.);
#3975=ORIENTED_EDGE('',*,*,#2857,.F.);
#3976=ORIENTED_EDGE('',*,*,#2944,.F.);
#3977=ORIENTED_EDGE('',*,*,#2930,.T.);
#3978=ORIENTED_EDGE('',*,*,#2945,.T.);
#3979=ORIENTED_EDGE('',*,*,#2935,.F.);
#3980=ORIENTED_EDGE('',*,*,#2946,.F.);
#3981=ORIENTED_EDGE('',*,*,#2931,.T.);
#3982=ORIENTED_EDGE('',*,*,#2946,.T.);
#3983=ORIENTED_EDGE('',*,*,#2934,.F.);
#3984=ORIENTED_EDGE('',*,*,#2940,.F.);
#3985=ORIENTED_EDGE('',*,*,#2936,.F.);
#3986=ORIENTED_EDGE('',*,*,#2947,.T.);
#3987=ORIENTED_EDGE('',*,*,#2878,.F.);
#3988=ORIENTED_EDGE('',*,*,#2948,.T.);
#3989=ORIENTED_EDGE('',*,*,#2948,.F.);
#3990=ORIENTED_EDGE('',*,*,#2903,.F.);
#3991=ORIENTED_EDGE('',*,*,#2943,.T.);
#3992=ORIENTED_EDGE('',*,*,#2942,.T.);
#3993=ORIENTED_EDGE('',*,*,#2947,.F.);
#3994=ORIENTED_EDGE('',*,*,#2945,.F.);
#3995=ORIENTED_EDGE('',*,*,#2944,.T.);
#3996=ORIENTED_EDGE('',*,*,#2915,.F.);
#3997=ORIENTED_EDGE('',*,*,#2949,.T.);
#3998=ORIENTED_EDGE('',*,*,#2950,.T.);
#3999=ORIENTED_EDGE('',*,*,#2951,.F.);
#4000=ORIENTED_EDGE('',*,*,#2952,.F.);
#4001=ORIENTED_EDGE('',*,*,#2953,.F.);
#4002=ORIENTED_EDGE('',*,*,#2954,.F.);
#4003=ORIENTED_EDGE('',*,*,#2705,.T.);
#4004=ORIENTED_EDGE('',*,*,#2644,.T.);
#4005=ORIENTED_EDGE('',*,*,#2955,.T.);
#4006=ORIENTED_EDGE('',*,*,#2956,.T.);
#4007=ORIENTED_EDGE('',*,*,#2957,.T.);
#4008=ORIENTED_EDGE('',*,*,#2958,.T.);
#4009=ORIENTED_EDGE('',*,*,#2959,.T.);
#4010=ORIENTED_EDGE('',*,*,#2643,.T.);
#4011=ORIENTED_EDGE('',*,*,#2704,.T.);
#4012=ORIENTED_EDGE('',*,*,#2960,.T.);
#4013=ORIENTED_EDGE('',*,*,#2954,.T.);
#4014=ORIENTED_EDGE('',*,*,#2961,.T.);
#4015=ORIENTED_EDGE('',*,*,#2955,.F.);
#4016=ORIENTED_EDGE('',*,*,#2962,.T.);
#4017=ORIENTED_EDGE('',*,*,#2958,.F.);
#4018=ORIENTED_EDGE('',*,*,#2963,.F.);
#4019=ORIENTED_EDGE('',*,*,#2951,.T.);
#4020=ORIENTED_EDGE('',*,*,#2703,.T.);
#4021=ORIENTED_EDGE('',*,*,#2949,.F.);
#4022=ORIENTED_EDGE('',*,*,#2960,.F.);
#4023=ORIENTED_EDGE('',*,*,#2952,.T.);
#4024=ORIENTED_EDGE('',*,*,#2963,.T.);
#4025=ORIENTED_EDGE('',*,*,#2957,.F.);
#4026=ORIENTED_EDGE('',*,*,#2732,.F.);
#4027=ORIENTED_EDGE('',*,*,#2953,.T.);
#4028=ORIENTED_EDGE('',*,*,#2731,.F.);
#4029=ORIENTED_EDGE('',*,*,#2964,.F.);
#4030=ORIENTED_EDGE('',*,*,#2869,.F.);
#4031=ORIENTED_EDGE('',*,*,#2965,.F.);
#4032=ORIENTED_EDGE('',*,*,#2956,.F.);
#4033=ORIENTED_EDGE('',*,*,#2966,.T.);
#4034=ORIENTED_EDGE('',*,*,#2890,.F.);
#4035=ORIENTED_EDGE('',*,*,#2733,.T.);
#4036=ORIENTED_EDGE('',*,*,#2966,.F.);
#4037=ORIENTED_EDGE('',*,*,#2961,.F.);
#4038=ORIENTED_EDGE('',*,*,#2965,.T.);
#4039=ORIENTED_EDGE('',*,*,#2899,.F.);
#4040=ORIENTED_EDGE('',*,*,#2730,.T.);
#4041=ORIENTED_EDGE('',*,*,#2660,.F.);
#4042=ORIENTED_EDGE('',*,*,#2964,.T.);
#4043=ORIENTED_EDGE('',*,*,#2967,.T.);
#4044=ORIENTED_EDGE('',*,*,#2720,.F.);
#4045=ORIENTED_EDGE('',*,*,#2968,.T.);
#4046=ORIENTED_EDGE('',*,*,#2718,.F.);
#4047=ORIENTED_EDGE('',*,*,#2969,.T.);
#4048=ORIENTED_EDGE('',*,*,#2716,.T.);
#4049=ORIENTED_EDGE('',*,*,#2970,.F.);
#4050=ORIENTED_EDGE('',*,*,#2722,.T.);
#4051=ORIENTED_EDGE('',*,*,#2714,.T.);
#4052=ORIENTED_EDGE('',*,*,#2971,.T.);
#4053=ORIENTED_EDGE('',*,*,#2715,.T.);
#4054=ORIENTED_EDGE('',*,*,#2968,.F.);
#4055=ORIENTED_EDGE('',*,*,#2725,.F.);
#4056=ORIENTED_EDGE('',*,*,#2972,.F.);
#4057=ORIENTED_EDGE('',*,*,#2927,.F.);
#4058=ORIENTED_EDGE('',*,*,#2973,.F.);
#4059=ORIENTED_EDGE('',*,*,#2711,.F.);
#4060=ORIENTED_EDGE('',*,*,#2970,.T.);
#4061=ORIENTED_EDGE('',*,*,#2707,.T.);
#4062=ORIENTED_EDGE('',*,*,#2939,.F.);
#4063=ORIENTED_EDGE('',*,*,#2727,.T.);
#4064=ORIENTED_EDGE('',*,*,#2709,.T.);
#4065=ORIENTED_EDGE('',*,*,#2973,.T.);
#4066=ORIENTED_EDGE('',*,*,#2654,.F.);
#4067=ORIENTED_EDGE('',*,*,#2706,.T.);
#4068=ORIENTED_EDGE('',*,*,#2971,.F.);
#4069=ORIENTED_EDGE('',*,*,#2726,.T.);
#4070=ORIENTED_EDGE('',*,*,#2650,.F.);
#4071=ORIENTED_EDGE('',*,*,#2972,.T.);
#4072=ORIENTED_EDGE('',*,*,#2724,.T.);
#4073=ORIENTED_EDGE('',*,*,#2661,.T.);
#4074=ORIENTED_EDGE('',*,*,#2974,.T.);
#4075=ORIENTED_EDGE('',*,*,#2975,.T.);
#4076=ORIENTED_EDGE('',*,*,#2969,.F.);
#4077=ORIENTED_EDGE('',*,*,#2976,.T.);
#4078=ORIENTED_EDGE('',*,*,#2977,.F.);
#4079=ORIENTED_EDGE('',*,*,#2978,.F.);
#4080=ORIENTED_EDGE('',*,*,#2967,.F.);
#4081=ORIENTED_EDGE('',*,*,#2979,.F.);
#4082=ORIENTED_EDGE('',*,*,#2980,.F.);
#4083=ORIENTED_EDGE('',*,*,#2981,.T.);
#4084=ORIENTED_EDGE('',*,*,#2982,.T.);
#4085=ORIENTED_EDGE('',*,*,#2983,.F.);
#4086=ORIENTED_EDGE('',*,*,#2984,.F.);
#4087=ORIENTED_EDGE('',*,*,#2983,.T.);
#4088=ORIENTED_EDGE('',*,*,#2974,.F.);
#4089=ORIENTED_EDGE('',*,*,#2985,.T.);
#4090=ORIENTED_EDGE('',*,*,#2986,.T.);
#4091=ORIENTED_EDGE('',*,*,#2985,.F.);
#4092=ORIENTED_EDGE('',*,*,#2987,.F.);
#4093=ORIENTED_EDGE('',*,*,#2988,.T.);
#4094=ORIENTED_EDGE('',*,*,#2988,.F.);
#4095=ORIENTED_EDGE('',*,*,#2977,.T.);
#4096=ORIENTED_EDGE('',*,*,#2981,.F.);
#4097=ORIENTED_EDGE('',*,*,#2989,.F.);
#4098=ORIENTED_EDGE('',*,*,#2976,.F.);
#4099=ORIENTED_EDGE('',*,*,#2721,.F.);
#4100=ORIENTED_EDGE('',*,*,#2978,.T.);
#4101=ORIENTED_EDGE('',*,*,#2987,.T.);
#4102=ORIENTED_EDGE('',*,*,#2975,.F.);
#4103=ORIENTED_EDGE('',*,*,#2982,.F.);
#4104=ORIENTED_EDGE('',*,*,#2979,.T.);
#4105=ORIENTED_EDGE('',*,*,#2717,.F.);
#4106=ORIENTED_EDGE('',*,*,#2990,.T.);
#4107=ORIENTED_EDGE('',*,*,#2991,.F.);
#4108=ORIENTED_EDGE('',*,*,#2992,.T.);
#4109=ORIENTED_EDGE('',*,*,#2700,.F.);
#4110=ORIENTED_EDGE('',*,*,#2993,.T.);
#4111=ORIENTED_EDGE('',*,*,#2698,.T.);
#4112=ORIENTED_EDGE('',*,*,#2994,.F.);
#4113=ORIENTED_EDGE('',*,*,#2995,.T.);
#4114=ORIENTED_EDGE('',*,*,#2695,.T.);
#4115=ORIENTED_EDGE('',*,*,#2693,.T.);
#4116=ORIENTED_EDGE('',*,*,#2696,.T.);
#4117=ORIENTED_EDGE('',*,*,#2996,.T.);
#4118=ORIENTED_EDGE('',*,*,#2995,.F.);
#4119=ORIENTED_EDGE('',*,*,#2997,.F.);
#4120=ORIENTED_EDGE('',*,*,#2991,.T.);
#4121=ORIENTED_EDGE('',*,*,#2992,.F.);
#4122=ORIENTED_EDGE('',*,*,#2998,.F.);
#4123=ORIENTED_EDGE('',*,*,#2950,.F.);
#4124=ORIENTED_EDGE('',*,*,#2690,.F.);
#4125=ORIENTED_EDGE('',*,*,#2702,.F.);
#4126=ORIENTED_EDGE('',*,*,#2994,.T.);
#4127=ORIENTED_EDGE('',*,*,#2999,.T.);
#4128=ORIENTED_EDGE('',*,*,#2959,.F.);
#4129=ORIENTED_EDGE('',*,*,#3000,.T.);
#4130=ORIENTED_EDGE('',*,*,#2692,.F.);
#4131=ORIENTED_EDGE('',*,*,#2999,.F.);
#4132=ORIENTED_EDGE('',*,*,#2697,.F.);
#4133=ORIENTED_EDGE('',*,*,#3000,.F.);
#4134=ORIENTED_EDGE('',*,*,#2962,.F.);
#4135=ORIENTED_EDGE('',*,*,#2998,.T.);
#4136=ORIENTED_EDGE('',*,*,#2997,.T.);
#4137=ORIENTED_EDGE('',*,*,#3001,.T.);
#4138=ORIENTED_EDGE('',*,*,#3002,.T.);
#4139=ORIENTED_EDGE('',*,*,#2993,.F.);
#4140=ORIENTED_EDGE('',*,*,#3003,.T.);
#4141=ORIENTED_EDGE('',*,*,#3004,.F.);
#4142=ORIENTED_EDGE('',*,*,#3005,.F.);
#4143=ORIENTED_EDGE('',*,*,#2990,.F.);
#4144=ORIENTED_EDGE('',*,*,#3006,.F.);
#4145=ORIENTED_EDGE('',*,*,#3007,.F.);
#4146=ORIENTED_EDGE('',*,*,#3008,.T.);
#4147=ORIENTED_EDGE('',*,*,#3009,.T.);
#4148=ORIENTED_EDGE('',*,*,#3010,.F.);
#4149=ORIENTED_EDGE('',*,*,#3011,.F.);
#4150=ORIENTED_EDGE('',*,*,#3010,.T.);
#4151=ORIENTED_EDGE('',*,*,#3001,.F.);
#4152=ORIENTED_EDGE('',*,*,#3012,.T.);
#4153=ORIENTED_EDGE('',*,*,#3013,.T.);
#4154=ORIENTED_EDGE('',*,*,#3012,.F.);
#4155=ORIENTED_EDGE('',*,*,#3014,.F.);
#4156=ORIENTED_EDGE('',*,*,#3015,.T.);
#4157=ORIENTED_EDGE('',*,*,#3015,.F.);
#4158=ORIENTED_EDGE('',*,*,#3004,.T.);
#4159=ORIENTED_EDGE('',*,*,#3008,.F.);
#4160=ORIENTED_EDGE('',*,*,#3016,.F.);
#4161=ORIENTED_EDGE('',*,*,#3003,.F.);
#4162=ORIENTED_EDGE('',*,*,#2996,.F.);
#4163=ORIENTED_EDGE('',*,*,#3005,.T.);
#4164=ORIENTED_EDGE('',*,*,#3014,.T.);
#4165=ORIENTED_EDGE('',*,*,#3002,.F.);
#4166=ORIENTED_EDGE('',*,*,#3009,.F.);
#4167=ORIENTED_EDGE('',*,*,#3006,.T.);
#4168=ORIENTED_EDGE('',*,*,#2699,.F.);
#4169=ORIENTED_EDGE('',*,*,#2824,.F.);
#4170=ORIENTED_EDGE('',*,*,#2827,.T.);
#4171=ORIENTED_EDGE('',*,*,#2818,.T.);
#4172=ORIENTED_EDGE('',*,*,#2822,.T.);
#4173=ORIENTED_EDGE('',*,*,#2851,.F.);
#4174=ORIENTED_EDGE('',*,*,#2854,.T.);
#4175=ORIENTED_EDGE('',*,*,#2845,.T.);
#4176=ORIENTED_EDGE('',*,*,#2849,.T.);
#4177=ORIENTED_EDGE('',*,*,#2986,.F.);
#4178=ORIENTED_EDGE('',*,*,#2989,.T.);
#4179=ORIENTED_EDGE('',*,*,#2980,.T.);
#4180=ORIENTED_EDGE('',*,*,#2984,.T.);
#4181=ORIENTED_EDGE('',*,*,#3013,.F.);
#4182=ORIENTED_EDGE('',*,*,#3016,.T.);
#4183=ORIENTED_EDGE('',*,*,#3007,.T.);
#4184=ORIENTED_EDGE('',*,*,#3011,.T.);
#4185=ORIENTED_EDGE('',*,*,#3017,.F.);
#4186=ORIENTED_EDGE('',*,*,#3018,.T.);
#4187=ORIENTED_EDGE('',*,*,#3019,.T.);
#4188=ORIENTED_EDGE('',*,*,#3020,.F.);
#4189=ORIENTED_EDGE('',*,*,#3021,.F.);
#4190=ORIENTED_EDGE('',*,*,#3022,.T.);
#4191=ORIENTED_EDGE('',*,*,#3017,.T.);
#4192=ORIENTED_EDGE('',*,*,#3023,.F.);
#4193=ORIENTED_EDGE('',*,*,#3019,.F.);
#4194=ORIENTED_EDGE('',*,*,#3024,.T.);
#4195=ORIENTED_EDGE('',*,*,#3025,.T.);
#4196=ORIENTED_EDGE('',*,*,#3026,.F.);
#4197=ORIENTED_EDGE('',*,*,#3018,.F.);
#4198=ORIENTED_EDGE('',*,*,#3022,.F.);
#4199=ORIENTED_EDGE('',*,*,#3027,.F.);
#4200=ORIENTED_EDGE('',*,*,#3028,.F.);
#4201=ORIENTED_EDGE('',*,*,#3029,.F.);
#4202=ORIENTED_EDGE('',*,*,#3030,.F.);
#4203=ORIENTED_EDGE('',*,*,#3031,.F.);
#4204=ORIENTED_EDGE('',*,*,#3032,.F.);
#4205=ORIENTED_EDGE('',*,*,#3033,.F.);
#4206=ORIENTED_EDGE('',*,*,#3034,.F.);
#4207=ORIENTED_EDGE('',*,*,#3035,.F.);
#4208=ORIENTED_EDGE('',*,*,#3036,.F.);
#4209=ORIENTED_EDGE('',*,*,#3037,.F.);
#4210=ORIENTED_EDGE('',*,*,#3038,.F.);
#4211=ORIENTED_EDGE('',*,*,#3039,.F.);
#4212=ORIENTED_EDGE('',*,*,#3040,.F.);
#4213=ORIENTED_EDGE('',*,*,#3041,.F.);
#4214=ORIENTED_EDGE('',*,*,#3042,.F.);
#4215=ORIENTED_EDGE('',*,*,#3043,.F.);
#4216=ORIENTED_EDGE('',*,*,#3024,.F.);
#4217=ORIENTED_EDGE('',*,*,#3044,.T.);
#4218=ORIENTED_EDGE('',*,*,#3045,.T.);
#4219=ORIENTED_EDGE('',*,*,#3046,.F.);
#4220=ORIENTED_EDGE('',*,*,#3047,.F.);
#4221=ORIENTED_EDGE('',*,*,#3048,.F.);
#4222=ORIENTED_EDGE('',*,*,#3049,.T.);
#4223=ORIENTED_EDGE('',*,*,#3050,.T.);
#4224=ORIENTED_EDGE('',*,*,#3051,.F.);
#4225=ORIENTED_EDGE('',*,*,#3052,.T.);
#4226=ORIENTED_EDGE('',*,*,#3053,.F.);
#4227=ORIENTED_EDGE('',*,*,#3054,.F.);
#4228=ORIENTED_EDGE('',*,*,#3055,.T.);
#4229=ORIENTED_EDGE('',*,*,#3020,.T.);
#4230=ORIENTED_EDGE('',*,*,#3026,.T.);
#4231=ORIENTED_EDGE('',*,*,#3056,.T.);
#4232=ORIENTED_EDGE('',*,*,#3057,.T.);
#4233=ORIENTED_EDGE('',*,*,#3058,.T.);
#4234=ORIENTED_EDGE('',*,*,#3059,.T.);
#4235=ORIENTED_EDGE('',*,*,#3060,.T.);
#4236=ORIENTED_EDGE('',*,*,#3061,.T.);
#4237=ORIENTED_EDGE('',*,*,#3062,.T.);
#4238=ORIENTED_EDGE('',*,*,#3063,.T.);
#4239=ORIENTED_EDGE('',*,*,#3064,.T.);
#4240=ORIENTED_EDGE('',*,*,#3065,.T.);
#4241=ORIENTED_EDGE('',*,*,#3066,.T.);
#4242=ORIENTED_EDGE('',*,*,#3067,.T.);
#4243=ORIENTED_EDGE('',*,*,#3068,.T.);
#4244=ORIENTED_EDGE('',*,*,#3069,.T.);
#4245=ORIENTED_EDGE('',*,*,#3070,.T.);
#4246=ORIENTED_EDGE('',*,*,#3071,.T.);
#4247=ORIENTED_EDGE('',*,*,#3072,.T.);
#4248=ORIENTED_EDGE('',*,*,#3023,.T.);
#4249=ORIENTED_EDGE('',*,*,#3073,.F.);
#4250=ORIENTED_EDGE('',*,*,#3074,.T.);
#4251=ORIENTED_EDGE('',*,*,#3075,.T.);
#4252=ORIENTED_EDGE('',*,*,#3076,.F.);
#4253=ORIENTED_EDGE('',*,*,#3077,.T.);
#4254=ORIENTED_EDGE('',*,*,#3078,.T.);
#4255=ORIENTED_EDGE('',*,*,#3079,.F.);
#4256=ORIENTED_EDGE('',*,*,#3080,.F.);
#4257=ORIENTED_EDGE('',*,*,#3081,.F.);
#4258=ORIENTED_EDGE('',*,*,#3082,.F.);
#4259=ORIENTED_EDGE('',*,*,#3083,.T.);
#4260=ORIENTED_EDGE('',*,*,#3084,.T.);
#4261=ORIENTED_EDGE('',*,*,#3085,.F.);
#4262=ORIENTED_EDGE('',*,*,#3027,.T.);
#4263=ORIENTED_EDGE('',*,*,#3021,.T.);
#4264=ORIENTED_EDGE('',*,*,#3072,.F.);
#4265=ORIENTED_EDGE('',*,*,#3025,.F.);
#4266=ORIENTED_EDGE('',*,*,#3043,.T.);
#4267=ORIENTED_EDGE('',*,*,#3086,.T.);
#4268=ORIENTED_EDGE('',*,*,#3056,.F.);
#4269=ORIENTED_EDGE('',*,*,#3087,.F.);
#4270=ORIENTED_EDGE('',*,*,#3028,.T.);
#4271=ORIENTED_EDGE('',*,*,#3085,.T.);
#4272=ORIENTED_EDGE('',*,*,#3071,.F.);
#4273=ORIENTED_EDGE('',*,*,#3086,.F.);
#4274=ORIENTED_EDGE('',*,*,#3042,.T.);
#4275=ORIENTED_EDGE('',*,*,#3088,.T.);
#4276=ORIENTED_EDGE('',*,*,#3057,.F.);
#4277=ORIENTED_EDGE('',*,*,#3089,.F.);
#4278=ORIENTED_EDGE('',*,*,#3029,.T.);
#4279=ORIENTED_EDGE('',*,*,#3087,.T.);
#4280=ORIENTED_EDGE('',*,*,#3070,.F.);
#4281=ORIENTED_EDGE('',*,*,#3088,.F.);
#4282=ORIENTED_EDGE('',*,*,#3041,.T.);
#4283=ORIENTED_EDGE('',*,*,#3090,.T.);
#4284=ORIENTED_EDGE('',*,*,#3058,.F.);
#4285=ORIENTED_EDGE('',*,*,#3091,.F.);
#4286=ORIENTED_EDGE('',*,*,#3030,.T.);
#4287=ORIENTED_EDGE('',*,*,#3089,.T.);
#4288=ORIENTED_EDGE('',*,*,#3069,.F.);
#4289=ORIENTED_EDGE('',*,*,#3090,.F.);
#4290=ORIENTED_EDGE('',*,*,#3040,.T.);
#4291=ORIENTED_EDGE('',*,*,#3092,.T.);
#4292=ORIENTED_EDGE('',*,*,#3059,.F.);
#4293=ORIENTED_EDGE('',*,*,#3093,.F.);
#4294=ORIENTED_EDGE('',*,*,#3031,.T.);
#4295=ORIENTED_EDGE('',*,*,#3091,.T.);
#4296=ORIENTED_EDGE('',*,*,#3068,.F.);
#4297=ORIENTED_EDGE('',*,*,#3092,.F.);
#4298=ORIENTED_EDGE('',*,*,#3039,.T.);
#4299=ORIENTED_EDGE('',*,*,#3094,.T.);
#4300=ORIENTED_EDGE('',*,*,#3060,.F.);
#4301=ORIENTED_EDGE('',*,*,#3095,.F.);
#4302=ORIENTED_EDGE('',*,*,#3032,.T.);
#4303=ORIENTED_EDGE('',*,*,#3093,.T.);
#4304=ORIENTED_EDGE('',*,*,#3067,.F.);
#4305=ORIENTED_EDGE('',*,*,#3094,.F.);
#4306=ORIENTED_EDGE('',*,*,#3038,.T.);
#4307=ORIENTED_EDGE('',*,*,#3096,.T.);
#4308=ORIENTED_EDGE('',*,*,#3061,.F.);
#4309=ORIENTED_EDGE('',*,*,#3097,.F.);
#4310=ORIENTED_EDGE('',*,*,#3033,.T.);
#4311=ORIENTED_EDGE('',*,*,#3095,.T.);
#4312=ORIENTED_EDGE('',*,*,#3066,.F.);
#4313=ORIENTED_EDGE('',*,*,#3096,.F.);
#4314=ORIENTED_EDGE('',*,*,#3037,.T.);
#4315=ORIENTED_EDGE('',*,*,#3098,.T.);
#4316=ORIENTED_EDGE('',*,*,#3062,.F.);
#4317=ORIENTED_EDGE('',*,*,#3099,.F.);
#4318=ORIENTED_EDGE('',*,*,#3034,.T.);
#4319=ORIENTED_EDGE('',*,*,#3097,.T.);
#4320=ORIENTED_EDGE('',*,*,#3065,.F.);
#4321=ORIENTED_EDGE('',*,*,#3098,.F.);
#4322=ORIENTED_EDGE('',*,*,#3036,.T.);
#4323=ORIENTED_EDGE('',*,*,#3100,.T.);
#4324=ORIENTED_EDGE('',*,*,#3063,.F.);
#4325=ORIENTED_EDGE('',*,*,#3100,.F.);
#4326=ORIENTED_EDGE('',*,*,#3035,.T.);
#4327=ORIENTED_EDGE('',*,*,#3099,.T.);
#4328=ORIENTED_EDGE('',*,*,#3064,.F.);
#4329=ORIENTED_EDGE('',*,*,#3101,.F.);
#4330=ORIENTED_EDGE('',*,*,#3102,.T.);
#4331=ORIENTED_EDGE('',*,*,#3103,.T.);
#4332=ORIENTED_EDGE('',*,*,#3044,.F.);
#4333=ORIENTED_EDGE('',*,*,#3103,.F.);
#4334=ORIENTED_EDGE('',*,*,#3104,.F.);
#4335=ORIENTED_EDGE('',*,*,#3105,.T.);
#4336=ORIENTED_EDGE('',*,*,#3045,.F.);
#4337=ORIENTED_EDGE('',*,*,#3106,.T.);
#4338=ORIENTED_EDGE('',*,*,#3046,.T.);
#4339=ORIENTED_EDGE('',*,*,#3105,.F.);
#4340=ORIENTED_EDGE('',*,*,#3107,.F.);
#4341=ORIENTED_EDGE('',*,*,#3101,.T.);
#4342=ORIENTED_EDGE('',*,*,#3047,.T.);
#4343=ORIENTED_EDGE('',*,*,#3106,.F.);
#4344=ORIENTED_EDGE('',*,*,#3108,.T.);
#4345=ORIENTED_EDGE('',*,*,#3109,.T.);
#4346=ORIENTED_EDGE('',*,*,#3048,.T.);
#4347=ORIENTED_EDGE('',*,*,#3110,.F.);
#4348=ORIENTED_EDGE('',*,*,#3111,.T.);
#4349=ORIENTED_EDGE('',*,*,#3109,.F.);
#4350=ORIENTED_EDGE('',*,*,#3112,.T.);
#4351=ORIENTED_EDGE('',*,*,#3113,.T.);
#4352=ORIENTED_EDGE('',*,*,#3049,.F.);
#4353=ORIENTED_EDGE('',*,*,#3113,.F.);
#4354=ORIENTED_EDGE('',*,*,#3114,.F.);
#4355=ORIENTED_EDGE('',*,*,#3115,.T.);
#4356=ORIENTED_EDGE('',*,*,#3050,.F.);
#4357=ORIENTED_EDGE('',*,*,#3110,.T.);
#4358=ORIENTED_EDGE('',*,*,#3051,.T.);
#4359=ORIENTED_EDGE('',*,*,#3115,.F.);
#4360=ORIENTED_EDGE('',*,*,#3116,.F.);
#4361=ORIENTED_EDGE('',*,*,#3117,.F.);
#4362=ORIENTED_EDGE('',*,*,#3118,.F.);
#4363=ORIENTED_EDGE('',*,*,#3119,.T.);
#4364=ORIENTED_EDGE('',*,*,#3052,.F.);
#4365=ORIENTED_EDGE('',*,*,#3120,.T.);
#4366=ORIENTED_EDGE('',*,*,#3053,.T.);
#4367=ORIENTED_EDGE('',*,*,#3119,.F.);
#4368=ORIENTED_EDGE('',*,*,#3121,.F.);
#4369=ORIENTED_EDGE('',*,*,#3122,.T.);
#4370=ORIENTED_EDGE('',*,*,#3054,.T.);
#4371=ORIENTED_EDGE('',*,*,#3120,.F.);
#4372=ORIENTED_EDGE('',*,*,#3123,.T.);
#4373=ORIENTED_EDGE('',*,*,#3122,.F.);
#4374=ORIENTED_EDGE('',*,*,#3124,.T.);
#4375=ORIENTED_EDGE('',*,*,#3117,.T.);
#4376=ORIENTED_EDGE('',*,*,#3055,.F.);
#4377=ORIENTED_EDGE('',*,*,#3125,.F.);
#4378=ORIENTED_EDGE('',*,*,#3073,.T.);
#4379=ORIENTED_EDGE('',*,*,#3126,.T.);
#4380=ORIENTED_EDGE('',*,*,#3127,.F.);
#4381=ORIENTED_EDGE('',*,*,#3126,.F.);
#4382=ORIENTED_EDGE('',*,*,#3076,.T.);
#4383=ORIENTED_EDGE('',*,*,#3128,.T.);
#4384=ORIENTED_EDGE('',*,*,#3129,.T.);
#4385=ORIENTED_EDGE('',*,*,#3130,.T.);
#4386=ORIENTED_EDGE('',*,*,#3131,.T.);
#4387=ORIENTED_EDGE('',*,*,#3128,.F.);
#4388=ORIENTED_EDGE('',*,*,#3075,.F.);
#4389=ORIENTED_EDGE('',*,*,#3125,.T.);
#4390=ORIENTED_EDGE('',*,*,#3132,.F.);
#4391=ORIENTED_EDGE('',*,*,#3130,.F.);
#4392=ORIENTED_EDGE('',*,*,#3074,.F.);
#4393=ORIENTED_EDGE('',*,*,#3133,.T.);
#4394=ORIENTED_EDGE('',*,*,#3134,.F.);
#4395=ORIENTED_EDGE('',*,*,#3135,.F.);
#4396=ORIENTED_EDGE('',*,*,#3077,.F.);
#4397=ORIENTED_EDGE('',*,*,#3133,.F.);
#4398=ORIENTED_EDGE('',*,*,#3080,.T.);
#4399=ORIENTED_EDGE('',*,*,#3136,.T.);
#4400=ORIENTED_EDGE('',*,*,#3137,.F.);
#4401=ORIENTED_EDGE('',*,*,#3136,.F.);
#4402=ORIENTED_EDGE('',*,*,#3079,.T.);
#4403=ORIENTED_EDGE('',*,*,#3138,.T.);
#4404=ORIENTED_EDGE('',*,*,#3139,.T.);
#4405=ORIENTED_EDGE('',*,*,#3135,.T.);
#4406=ORIENTED_EDGE('',*,*,#3140,.T.);
#4407=ORIENTED_EDGE('',*,*,#3138,.F.);
#4408=ORIENTED_EDGE('',*,*,#3078,.F.);
#4409=ORIENTED_EDGE('',*,*,#3141,.F.);
#4410=ORIENTED_EDGE('',*,*,#3081,.T.);
#4411=ORIENTED_EDGE('',*,*,#3142,.T.);
#4412=ORIENTED_EDGE('',*,*,#3143,.T.);
#4413=ORIENTED_EDGE('',*,*,#3144,.T.);
#4414=ORIENTED_EDGE('',*,*,#3145,.T.);
#4415=ORIENTED_EDGE('',*,*,#3142,.F.);
#4416=ORIENTED_EDGE('',*,*,#3084,.F.);
#4417=ORIENTED_EDGE('',*,*,#3146,.T.);
#4418=ORIENTED_EDGE('',*,*,#3147,.F.);
#4419=ORIENTED_EDGE('',*,*,#3144,.F.);
#4420=ORIENTED_EDGE('',*,*,#3083,.F.);
#4421=ORIENTED_EDGE('',*,*,#3146,.F.);
#4422=ORIENTED_EDGE('',*,*,#3082,.T.);
#4423=ORIENTED_EDGE('',*,*,#3141,.T.);
#4424=ORIENTED_EDGE('',*,*,#3148,.F.);
#4425=ORIENTED_EDGE('',*,*,#3149,.T.);
#4426=ORIENTED_EDGE('',*,*,#3150,.T.);
#4427=ORIENTED_EDGE('',*,*,#3151,.F.);
#4428=ORIENTED_EDGE('',*,*,#3102,.F.);
#4429=ORIENTED_EDGE('',*,*,#3152,.F.);
#4430=ORIENTED_EDGE('',*,*,#3104,.T.);
#4431=ORIENTED_EDGE('',*,*,#3151,.T.);
#4432=ORIENTED_EDGE('',*,*,#3153,.F.);
#4433=ORIENTED_EDGE('',*,*,#3154,.F.);
#4434=ORIENTED_EDGE('',*,*,#3107,.T.);
#4435=ORIENTED_EDGE('',*,*,#3152,.T.);
#4436=ORIENTED_EDGE('',*,*,#3155,.F.);
#4437=ORIENTED_EDGE('',*,*,#3154,.T.);
#4438=ORIENTED_EDGE('',*,*,#3156,.T.);
#4439=ORIENTED_EDGE('',*,*,#3149,.F.);
#4440=ORIENTED_EDGE('',*,*,#3108,.F.);
#4441=ORIENTED_EDGE('',*,*,#3157,.T.);
#4442=ORIENTED_EDGE('',*,*,#3158,.T.);
#4443=ORIENTED_EDGE('',*,*,#3159,.F.);
#4444=ORIENTED_EDGE('',*,*,#3111,.F.);
#4445=ORIENTED_EDGE('',*,*,#3159,.T.);
#4446=ORIENTED_EDGE('',*,*,#3160,.T.);
#4447=ORIENTED_EDGE('',*,*,#3161,.F.);
#4448=ORIENTED_EDGE('',*,*,#3112,.F.);
#4449=ORIENTED_EDGE('',*,*,#3162,.F.);
#4450=ORIENTED_EDGE('',*,*,#3114,.T.);
#4451=ORIENTED_EDGE('',*,*,#3161,.T.);
#4452=ORIENTED_EDGE('',*,*,#3163,.F.);
#4453=ORIENTED_EDGE('',*,*,#3157,.F.);
#4454=ORIENTED_EDGE('',*,*,#3116,.T.);
#4455=ORIENTED_EDGE('',*,*,#3162,.T.);
#4456=ORIENTED_EDGE('',*,*,#3164,.F.);
#4457=ORIENTED_EDGE('',*,*,#3165,.F.);
#4458=ORIENTED_EDGE('',*,*,#3118,.T.);
#4459=ORIENTED_EDGE('',*,*,#3166,.T.);
#4460=ORIENTED_EDGE('',*,*,#3167,.F.);
#4461=ORIENTED_EDGE('',*,*,#3168,.F.);
#4462=ORIENTED_EDGE('',*,*,#3121,.T.);
#4463=ORIENTED_EDGE('',*,*,#3165,.T.);
#4464=ORIENTED_EDGE('',*,*,#3169,.F.);
#4465=ORIENTED_EDGE('',*,*,#3168,.T.);
#4466=ORIENTED_EDGE('',*,*,#3170,.T.);
#4467=ORIENTED_EDGE('',*,*,#3171,.F.);
#4468=ORIENTED_EDGE('',*,*,#3123,.F.);
#4469=ORIENTED_EDGE('',*,*,#3171,.T.);
#4470=ORIENTED_EDGE('',*,*,#3172,.T.);
#4471=ORIENTED_EDGE('',*,*,#3166,.F.);
#4472=ORIENTED_EDGE('',*,*,#3124,.F.);
#4473=ORIENTED_EDGE('',*,*,#3173,.F.);
#4474=ORIENTED_EDGE('',*,*,#3127,.T.);
#4475=ORIENTED_EDGE('',*,*,#3174,.T.);
#4476=ORIENTED_EDGE('',*,*,#3175,.F.);
#4477=ORIENTED_EDGE('',*,*,#3176,.T.);
#4478=ORIENTED_EDGE('',*,*,#3177,.T.);
#4479=ORIENTED_EDGE('',*,*,#3174,.F.);
#4480=ORIENTED_EDGE('',*,*,#3129,.F.);
#4481=ORIENTED_EDGE('',*,*,#3178,.T.);
#4482=ORIENTED_EDGE('',*,*,#3179,.T.);
#4483=ORIENTED_EDGE('',*,*,#3176,.F.);
#4484=ORIENTED_EDGE('',*,*,#3131,.F.);
#4485=ORIENTED_EDGE('',*,*,#3178,.F.);
#4486=ORIENTED_EDGE('',*,*,#3132,.T.);
#4487=ORIENTED_EDGE('',*,*,#3173,.T.);
#4488=ORIENTED_EDGE('',*,*,#3180,.F.);
#4489=ORIENTED_EDGE('',*,*,#3181,.F.);
#4490=ORIENTED_EDGE('',*,*,#3134,.T.);
#4491=ORIENTED_EDGE('',*,*,#3182,.T.);
#4492=ORIENTED_EDGE('',*,*,#3183,.F.);
#4493=ORIENTED_EDGE('',*,*,#3182,.F.);
#4494=ORIENTED_EDGE('',*,*,#3137,.T.);
#4495=ORIENTED_EDGE('',*,*,#3184,.T.);
#4496=ORIENTED_EDGE('',*,*,#3185,.F.);
#4497=ORIENTED_EDGE('',*,*,#3186,.T.);
#4498=ORIENTED_EDGE('',*,*,#3187,.T.);
#4499=ORIENTED_EDGE('',*,*,#3184,.F.);
#4500=ORIENTED_EDGE('',*,*,#3139,.F.);
#4501=ORIENTED_EDGE('',*,*,#3181,.T.);
#4502=ORIENTED_EDGE('',*,*,#3188,.T.);
#4503=ORIENTED_EDGE('',*,*,#3186,.F.);
#4504=ORIENTED_EDGE('',*,*,#3140,.F.);
#4505=ORIENTED_EDGE('',*,*,#3189,.T.);
#4506=ORIENTED_EDGE('',*,*,#3190,.T.);
#4507=ORIENTED_EDGE('',*,*,#3191,.F.);
#4508=ORIENTED_EDGE('',*,*,#3143,.F.);
#4509=ORIENTED_EDGE('',*,*,#3192,.T.);
#4510=ORIENTED_EDGE('',*,*,#3193,.T.);
#4511=ORIENTED_EDGE('',*,*,#3189,.F.);
#4512=ORIENTED_EDGE('',*,*,#3145,.F.);
#4513=ORIENTED_EDGE('',*,*,#3192,.F.);
#4514=ORIENTED_EDGE('',*,*,#3147,.T.);
#4515=ORIENTED_EDGE('',*,*,#3194,.T.);
#4516=ORIENTED_EDGE('',*,*,#3195,.F.);
#4517=ORIENTED_EDGE('',*,*,#3194,.F.);
#4518=ORIENTED_EDGE('',*,*,#3148,.T.);
#4519=ORIENTED_EDGE('',*,*,#3191,.T.);
#4520=ORIENTED_EDGE('',*,*,#3196,.F.);
#4521=ORIENTED_EDGE('',*,*,#3153,.T.);
#4522=ORIENTED_EDGE('',*,*,#3150,.F.);
#4523=ORIENTED_EDGE('',*,*,#3156,.F.);
#4524=ORIENTED_EDGE('',*,*,#3155,.T.);
#4525=ORIENTED_EDGE('',*,*,#3163,.T.);
#4526=ORIENTED_EDGE('',*,*,#3160,.F.);
#4527=ORIENTED_EDGE('',*,*,#3158,.F.);
#4528=ORIENTED_EDGE('',*,*,#3164,.T.);
#4529=ORIENTED_EDGE('',*,*,#3167,.T.);
#4530=ORIENTED_EDGE('',*,*,#3172,.F.);
#4531=ORIENTED_EDGE('',*,*,#3170,.F.);
#4532=ORIENTED_EDGE('',*,*,#3169,.T.);
#4533=ORIENTED_EDGE('',*,*,#3180,.T.);
#4534=ORIENTED_EDGE('',*,*,#3175,.T.);
#4535=ORIENTED_EDGE('',*,*,#3177,.F.);
#4536=ORIENTED_EDGE('',*,*,#3179,.F.);
#4537=ORIENTED_EDGE('',*,*,#3183,.T.);
#4538=ORIENTED_EDGE('',*,*,#3185,.T.);
#4539=ORIENTED_EDGE('',*,*,#3187,.F.);
#4540=ORIENTED_EDGE('',*,*,#3188,.F.);
#4541=ORIENTED_EDGE('',*,*,#3195,.T.);
#4542=ORIENTED_EDGE('',*,*,#3196,.T.);
#4543=ORIENTED_EDGE('',*,*,#3190,.F.);
#4544=ORIENTED_EDGE('',*,*,#3193,.F.);
#4545=PLANE('',#5096);
#4546=PLANE('',#5097);
#4547=PLANE('',#5098);
#4548=PLANE('',#5099);
#4549=PLANE('',#5100);
#4550=PLANE('',#5101);
#4551=PLANE('',#5102);
#4552=PLANE('',#5104);
#4553=PLANE('',#5106);
#4554=PLANE('',#5107);
#4555=PLANE('',#5108);
#4556=PLANE('',#5110);
#4557=PLANE('',#5112);
#4558=PLANE('',#5114);
#4559=PLANE('',#5116);
#4560=PLANE('',#5117);
#4561=PLANE('',#5118);
#4562=PLANE('',#5120);
#4563=PLANE('',#5121);
#4564=PLANE('',#5122);
#4565=PLANE('',#5124);
#4566=PLANE('',#5125);
#4567=PLANE('',#5126);
#4568=PLANE('',#5127);
#4569=PLANE('',#5128);
#4570=PLANE('',#5129);
#4571=PLANE('',#5130);
#4572=PLANE('',#5131);
#4573=PLANE('',#5134);
#4574=PLANE('',#5135);
#4575=PLANE('',#5136);
#4576=PLANE('',#5137);
#4577=PLANE('',#5138);
#4578=PLANE('',#5139);
#4579=PLANE('',#5140);
#4580=PLANE('',#5141);
#4581=PLANE('',#5142);
#4582=PLANE('',#5143);
#4583=PLANE('',#5144);
#4584=PLANE('',#5145);
#4585=PLANE('',#5146);
#4586=PLANE('',#5148);
#4587=PLANE('',#5150);
#4588=PLANE('',#5151);
#4589=PLANE('',#5153);
#4590=PLANE('',#5154);
#4591=PLANE('',#5156);
#4592=PLANE('',#5158);
#4593=PLANE('',#5160);
#4594=PLANE('',#5161);
#4595=PLANE('',#5162);
#4596=PLANE('',#5163);
#4597=PLANE('',#5165);
#4598=PLANE('',#5167);
#4599=PLANE('',#5168);
#4600=PLANE('',#5170);
#4601=PLANE('',#5172);
#4602=PLANE('',#5174);
#4603=PLANE('',#5176);
#4604=PLANE('',#5177);
#4605=PLANE('',#5178);
#4606=PLANE('',#5179);
#4607=PLANE('',#5181);
#4608=PLANE('',#5183);
#4609=PLANE('',#5184);
#4610=PLANE('',#5187);
#4611=PLANE('',#5189);
#4612=PLANE('',#5190);
#4613=PLANE('',#5192);
#4614=PLANE('',#5194);
#4615=PLANE('',#5195);
#4616=PLANE('',#5197);
#4617=PLANE('',#5199);
#4618=PLANE('',#5200);
#4619=PLANE('',#5201);
#4620=PLANE('',#5202);
#4621=PLANE('',#5204);
#4622=PLANE('',#5206);
#4623=PLANE('',#5207);
#4624=PLANE('',#5208);
#4625=PLANE('',#5209);
#4626=PLANE('',#5210);
#4627=PLANE('',#5211);
#4628=PLANE('',#5212);
#4629=PLANE('',#5213);
#4630=PLANE('',#5214);
#4631=PLANE('',#5215);
#4632=PLANE('',#5216);
#4633=PLANE('',#5217);
#4634=PLANE('',#5218);
#4635=PLANE('',#5219);
#4636=PLANE('',#5220);
#4637=PLANE('',#5221);
#4638=PLANE('',#5222);
#4639=PLANE('',#5227);
#4640=PLANE('',#5228);
#4641=PLANE('',#5235);
#4642=PLANE('',#5236);
#4643=PLANE('',#5238);
#4644=PLANE('',#5239);
#4645=PLANE('',#5241);
#4646=PLANE('',#5242);
#4647=PLANE('',#5243);
#4648=PLANE('',#5244);
#4649=PLANE('',#5245);
#4650=PLANE('',#5251);
#4651=PLANE('',#5252);
#4652=PLANE('',#5259);
#4653=PLANE('',#5260);
#4654=PLANE('',#5262);
#4655=PLANE('',#5263);
#4656=PLANE('',#5265);
#4657=PLANE('',#5266);
#4658=PLANE('',#5267);
#4659=PLANE('',#5268);
#4660=PLANE('',#5271);
#4661=PLANE('',#5274);
#4662=PLANE('',#5275);
#4663=PLANE('',#5278);
#4664=PLANE('',#5279);
#4665=PLANE('',#5280);
#4666=PLANE('',#5281);
#4667=PLANE('',#5282);
#4668=PLANE('',#5283);
#4669=PLANE('',#5284);
#4670=PLANE('',#5285);
#4671=PLANE('',#5286);
#4672=PLANE('',#5290);
#4673=PLANE('',#5293);
#4674=PLANE('',#5294);
#4675=PLANE('',#5296);
#4676=PLANE('',#5298);
#4677=PLANE('',#5304);
#4678=PLANE('',#5305);
#4679=PLANE('',#5306);
#4680=PLANE('',#5307);
#4681=PLANE('',#5308);
#4682=PLANE('',#5309);
#4683=PLANE('',#5310);
#4684=PLANE('',#5311);
#4685=PLANE('',#5315);
#4686=PLANE('',#5316);
#4687=PLANE('',#5320);
#4688=PLANE('',#5321);
#4689=PLANE('',#5322);
#4690=PLANE('',#5323);
#4691=PLANE('',#5324);
#4692=PLANE('',#5325);
#4693=PLANE('',#5326);
#4694=PLANE('',#5327);
#4695=PLANE('',#5333);
#4696=PLANE('',#5334);
#4697=PLANE('',#5335);
#4698=PLANE('',#5336);
#4699=PLANE('',#5337);
#4700=PLANE('',#5342);
#4701=PLANE('',#5343);
#4702=PLANE('',#5350);
#4703=PLANE('',#5351);
#4704=PLANE('',#5353);
#4705=PLANE('',#5354);
#4706=PLANE('',#5356);
#4707=PLANE('',#5357);
#4708=PLANE('',#5358);
#4709=PLANE('',#5359);
#4710=PLANE('',#5360);
#4711=PLANE('',#5361);
#4712=PLANE('',#5367);
#4713=PLANE('',#5368);
#4714=PLANE('',#5375);
#4715=PLANE('',#5376);
#4716=PLANE('',#5378);
#4717=PLANE('',#5379);
#4718=PLANE('',#5381);
#4719=PLANE('',#5382);
#4720=PLANE('',#5387);
#4721=PLANE('',#5388);
#4722=PLANE('',#5389);
#4723=PLANE('',#5390);
#4724=PLANE('',#5391);
#4725=PLANE('',#5392);
#4726=PLANE('',#5393);
#4727=PLANE('',#5394);
#4728=PLANE('',#5395);
#4729=PLANE('',#5396);
#4730=PLANE('',#5397);
#4731=PLANE('',#5398);
#4732=PLANE('',#5399);
#4733=PLANE('',#5400);
#4734=PLANE('',#5401);
#4735=PLANE('',#5402);
#4736=PLANE('',#5403);
#4737=PLANE('',#5404);
#4738=PLANE('',#5405);
#4739=PLANE('',#5406);
#4740=PLANE('',#5407);
#4741=PLANE('',#5408);
#4742=PLANE('',#5409);
#4743=PLANE('',#5410);
#4744=PLANE('',#5411);
#4745=PLANE('',#5412);
#4746=PLANE('',#5413);
#4747=PLANE('',#5414);
#4748=PLANE('',#5415);
#4749=PLANE('',#5416);
#4750=PLANE('',#5417);
#4751=PLANE('',#5418);
#4752=PLANE('',#5419);
#4753=PLANE('',#5420);
#4754=PLANE('',#5421);
#4755=PLANE('',#5422);
#4756=PLANE('',#5423);
#4757=PLANE('',#5424);
#4758=PLANE('',#5425);
#4759=PLANE('',#5426);
#4760=PLANE('',#5427);
#4761=PLANE('',#5428);
#4762=PLANE('',#5429);
#4763=PLANE('',#5430);
#4764=PLANE('',#5431);
#4765=PLANE('',#5432);
#4766=PLANE('',#5433);
#4767=PLANE('',#5434);
#4768=PLANE('',#5435);
#4769=PLANE('',#5436);
#4770=PLANE('',#5437);
#4771=PLANE('',#5438);
#4772=PLANE('',#5439);
#4773=PLANE('',#5440);
#4774=PLANE('',#5441);
#4775=PLANE('',#5442);
#4776=PLANE('',#5443);
#4777=PLANE('',#5444);
#4778=PLANE('',#5445);
#4779=PLANE('',#5446);
#4780=PLANE('',#5447);
#4781=PLANE('',#5448);
#4782=PLANE('',#5449);
#4783=PLANE('',#5450);
#4784=PLANE('',#5451);
#4785=PLANE('',#5452);
#4786=PLANE('',#5453);
#4787=PLANE('',#5454);
#4788=PLANE('',#5455);
#4789=PLANE('',#5456);
#4790=PLANE('',#5457);
#4791=PLANE('',#5458);
#4792=PLANE('',#5459);
#4793=PLANE('',#5460);
#4794=PLANE('',#5461);
#4795=PLANE('',#5462);
#4796=ADVANCED_FACE('',(#392),#4545,.T.);
#4797=ADVANCED_FACE('',(#393),#4546,.T.);
#4798=ADVANCED_FACE('',(#394),#4547,.F.);
#4799=ADVANCED_FACE('',(#395),#4548,.F.);
#4800=ADVANCED_FACE('',(#396),#4549,.F.);
#4801=ADVANCED_FACE('',(#397),#4550,.F.);
#4802=ADVANCED_FACE('',(#398),#4551,.F.);
#4803=ADVANCED_FACE('',(#399),#4552,.F.);
#4804=ADVANCED_FACE('',(#400),#4553,.T.);
#4805=ADVANCED_FACE('',(#401),#4554,.T.);
#4806=ADVANCED_FACE('',(#402),#4555,.F.);
#4807=ADVANCED_FACE('',(#403),#4556,.F.);
#4808=ADVANCED_FACE('',(#404),#4557,.F.);
#4809=ADVANCED_FACE('',(#405),#4558,.F.);
#4810=ADVANCED_FACE('',(#406),#4559,.T.);
#4811=ADVANCED_FACE('',(#407),#4560,.T.);
#4812=ADVANCED_FACE('',(#408),#4561,.T.);
#4813=ADVANCED_FACE('',(#409),#4562,.T.);
#4814=ADVANCED_FACE('',(#410),#4563,.T.);
#4815=ADVANCED_FACE('',(#411),#4564,.T.);
#4816=ADVANCED_FACE('',(#412),#4565,.F.);
#4817=ADVANCED_FACE('',(#413),#4566,.F.);
#4818=ADVANCED_FACE('',(#414),#4567,.F.);
#4819=ADVANCED_FACE('',(#415),#4568,.F.);
#4820=ADVANCED_FACE('',(#416),#4569,.F.);
#4821=ADVANCED_FACE('',(#417),#4570,.F.);
#4822=ADVANCED_FACE('',(#418),#4571,.F.);
#4823=ADVANCED_FACE('',(#419),#4572,.F.);
#4824=ADVANCED_FACE('',(#420),#276,.F.);
#4825=ADVANCED_FACE('',(#421),#277,.F.);
#4826=ADVANCED_FACE('',(#422),#4573,.F.);
#4827=ADVANCED_FACE('',(#423),#4574,.F.);
#4828=ADVANCED_FACE('',(#424),#4575,.F.);
#4829=ADVANCED_FACE('',(#425),#4576,.F.);
#4830=ADVANCED_FACE('',(#426,#267),#4577,.F.);
#4831=ADVANCED_FACE('',(#427),#4578,.T.);
#4832=ADVANCED_FACE('',(#428),#4579,.T.);
#4833=ADVANCED_FACE('',(#429),#4580,.F.);
#4834=ADVANCED_FACE('',(#430),#4581,.F.);
#4835=ADVANCED_FACE('',(#431),#4582,.T.);
#4836=ADVANCED_FACE('',(#432),#4583,.T.);
#4837=ADVANCED_FACE('',(#433),#4584,.F.);
#4838=ADVANCED_FACE('',(#434),#4585,.F.);
#4839=ADVANCED_FACE('',(#435),#4586,.F.);
#4840=ADVANCED_FACE('',(#436),#4587,.F.);
#4841=ADVANCED_FACE('',(#437),#4588,.F.);
#4842=ADVANCED_FACE('',(#438),#4589,.T.);
#4843=ADVANCED_FACE('',(#439),#4590,.F.);
#4844=ADVANCED_FACE('',(#440),#4591,.F.);
#4845=ADVANCED_FACE('',(#441),#4592,.F.);
#4846=ADVANCED_FACE('',(#442),#4593,.F.);
#4847=ADVANCED_FACE('',(#443),#4594,.T.);
#4848=ADVANCED_FACE('',(#444),#4595,.T.);
#4849=ADVANCED_FACE('',(#445),#4596,.T.);
#4850=ADVANCED_FACE('',(#446),#4597,.T.);
#4851=ADVANCED_FACE('',(#447),#4598,.T.);
#4852=ADVANCED_FACE('',(#448),#4599,.T.);
#4853=ADVANCED_FACE('',(#449),#4600,.F.);
#4854=ADVANCED_FACE('',(#450),#4601,.T.);
#4855=ADVANCED_FACE('',(#451),#4602,.T.);
#4856=ADVANCED_FACE('',(#452),#4603,.F.);
#4857=ADVANCED_FACE('',(#453),#4604,.T.);
#4858=ADVANCED_FACE('',(#454),#4605,.T.);
#4859=ADVANCED_FACE('',(#455),#4606,.T.);
#4860=ADVANCED_FACE('',(#456),#4607,.T.);
#4861=ADVANCED_FACE('',(#457),#4608,.F.);
#4862=ADVANCED_FACE('',(#458),#4609,.T.);
#4863=ADVANCED_FACE('',(#459),#4610,.F.);
#4864=ADVANCED_FACE('',(#460),#4611,.T.);
#4865=ADVANCED_FACE('',(#461),#4612,.T.);
#4866=ADVANCED_FACE('',(#462),#4613,.T.);
#4867=ADVANCED_FACE('',(#463),#4614,.F.);
#4868=ADVANCED_FACE('',(#464),#4615,.T.);
#4869=ADVANCED_FACE('',(#465),#4616,.T.);
#4870=ADVANCED_FACE('',(#466),#4617,.F.);
#4871=ADVANCED_FACE('',(#467),#4618,.T.);
#4872=ADVANCED_FACE('',(#468),#4619,.T.);
#4873=ADVANCED_FACE('',(#469),#4620,.T.);
#4874=ADVANCED_FACE('',(#470),#4621,.T.);
#4875=ADVANCED_FACE('',(#471),#4622,.F.);
#4876=ADVANCED_FACE('',(#472),#4623,.F.);
#4877=ADVANCED_FACE('',(#473),#4624,.T.);
#4878=ADVANCED_FACE('',(#474),#4625,.T.);
#4879=ADVANCED_FACE('',(#475),#4626,.T.);
#4880=ADVANCED_FACE('',(#476),#4627,.F.);
#4881=ADVANCED_FACE('',(#477),#4628,.T.);
#4882=ADVANCED_FACE('',(#478),#4629,.T.);
#4883=ADVANCED_FACE('',(#479),#4630,.F.);
#4884=ADVANCED_FACE('',(#480),#4631,.T.);
#4885=ADVANCED_FACE('',(#481),#4632,.T.);
#4886=ADVANCED_FACE('',(#482),#4633,.T.);
#4887=ADVANCED_FACE('',(#483),#4634,.F.);
#4888=ADVANCED_FACE('',(#484),#4635,.T.);
#4889=ADVANCED_FACE('',(#485),#4636,.F.);
#4890=ADVANCED_FACE('',(#486),#4637,.T.);
#4891=ADVANCED_FACE('',(#487),#4638,.T.);
#4892=ADVANCED_FACE('',(#488),#278,.T.);
#4893=ADVANCED_FACE('',(#489),#279,.F.);
#4894=ADVANCED_FACE('',(#490),#4639,.T.);
#4895=ADVANCED_FACE('',(#491),#4640,.T.);
#4896=ADVANCED_FACE('',(#492),#280,.T.);
#4897=ADVANCED_FACE('',(#493),#281,.F.);
#4898=ADVANCED_FACE('',(#494),#4641,.T.);
#4899=ADVANCED_FACE('',(#495),#4642,.T.);
#4900=ADVANCED_FACE('',(#496),#4643,.T.);
#4901=ADVANCED_FACE('',(#497),#4644,.F.);
#4902=ADVANCED_FACE('',(#498),#4645,.T.);
#4903=ADVANCED_FACE('',(#499),#4646,.T.);
#4904=ADVANCED_FACE('',(#500),#4647,.F.);
#4905=ADVANCED_FACE('',(#501),#4648,.T.);
#4906=ADVANCED_FACE('',(#502),#4649,.T.);
#4907=ADVANCED_FACE('',(#503),#282,.T.);
#4908=ADVANCED_FACE('',(#504),#283,.F.);
#4909=ADVANCED_FACE('',(#505),#4650,.T.);
#4910=ADVANCED_FACE('',(#506),#4651,.T.);
#4911=ADVANCED_FACE('',(#507),#284,.T.);
#4912=ADVANCED_FACE('',(#508),#285,.F.);
#4913=ADVANCED_FACE('',(#509),#4652,.T.);
#4914=ADVANCED_FACE('',(#510),#4653,.T.);
#4915=ADVANCED_FACE('',(#511),#4654,.T.);
#4916=ADVANCED_FACE('',(#512),#4655,.F.);
#4917=ADVANCED_FACE('',(#513),#4656,.T.);
#4918=ADVANCED_FACE('',(#514),#4657,.T.);
#4919=ADVANCED_FACE('',(#515),#4658,.F.);
#4920=ADVANCED_FACE('',(#516,#268),#4659,.F.);
#4921=ADVANCED_FACE('',(#517,#269),#4660,.T.);
#4922=ADVANCED_FACE('',(#518),#4661,.F.);
#4923=ADVANCED_FACE('',(#519),#4662,.T.);
#4924=ADVANCED_FACE('',(#520),#4663,.T.);
#4925=ADVANCED_FACE('',(#521),#4664,.T.);
#4926=ADVANCED_FACE('',(#522),#4665,.T.);
#4927=ADVANCED_FACE('',(#523),#4666,.T.);
#4928=ADVANCED_FACE('',(#524),#4667,.T.);
#4929=ADVANCED_FACE('',(#525),#4668,.T.);
#4930=ADVANCED_FACE('',(#526),#4669,.T.);
#4931=ADVANCED_FACE('',(#527),#4670,.T.);
#4932=ADVANCED_FACE('',(#528),#4671,.T.);
#4933=ADVANCED_FACE('',(#529),#286,.T.);
#4934=ADVANCED_FACE('',(#530),#4672,.T.);
#4935=ADVANCED_FACE('',(#531),#287,.T.);
#4936=ADVANCED_FACE('',(#532),#4673,.F.);
#4937=ADVANCED_FACE('',(#533),#4674,.F.);
#4938=ADVANCED_FACE('',(#534),#288,.F.);
#4939=ADVANCED_FACE('',(#535),#4675,.F.);
#4940=ADVANCED_FACE('',(#536),#289,.F.);
#4941=ADVANCED_FACE('',(#537),#4676,.F.);
#4942=ADVANCED_FACE('',(#538),#290,.F.);
#4943=ADVANCED_FACE('',(#539),#291,.F.);
#4944=ADVANCED_FACE('',(#540),#4677,.T.);
#4945=ADVANCED_FACE('',(#541),#4678,.T.);
#4946=ADVANCED_FACE('',(#542),#4679,.T.);
#4947=ADVANCED_FACE('',(#543),#4680,.F.);
#4948=ADVANCED_FACE('',(#544),#4681,.T.);
#4949=ADVANCED_FACE('',(#545),#4682,.T.);
#4950=ADVANCED_FACE('',(#546),#4683,.T.);
#4951=ADVANCED_FACE('',(#547),#4684,.F.);
#4952=ADVANCED_FACE('',(#548),#292,.T.);
#4953=ADVANCED_FACE('',(#549),#4685,.T.);
#4954=ADVANCED_FACE('',(#550),#4686,.T.);
#4955=ADVANCED_FACE('',(#551),#293,.F.);
#4956=ADVANCED_FACE('',(#552),#4687,.T.);
#4957=ADVANCED_FACE('',(#553),#4688,.T.);
#4958=ADVANCED_FACE('',(#554),#4689,.F.);
#4959=ADVANCED_FACE('',(#555),#4690,.T.);
#4960=ADVANCED_FACE('',(#556),#4691,.T.);
#4961=ADVANCED_FACE('',(#557),#4692,.T.);
#4962=ADVANCED_FACE('',(#558),#4693,.F.);
#4963=ADVANCED_FACE('',(#559),#4694,.T.);
#4964=ADVANCED_FACE('',(#560),#294,.T.);
#4965=ADVANCED_FACE('',(#561),#295,.F.);
#4966=ADVANCED_FACE('',(#562),#4695,.T.);
#4967=ADVANCED_FACE('',(#563),#4696,.T.);
#4968=ADVANCED_FACE('',(#564),#4697,.F.);
#4969=ADVANCED_FACE('',(#565),#4698,.T.);
#4970=ADVANCED_FACE('',(#566),#4699,.T.);
#4971=ADVANCED_FACE('',(#567),#296,.T.);
#4972=ADVANCED_FACE('',(#568),#297,.F.);
#4973=ADVANCED_FACE('',(#569),#4700,.T.);
#4974=ADVANCED_FACE('',(#570),#4701,.T.);
#4975=ADVANCED_FACE('',(#571),#298,.T.);
#4976=ADVANCED_FACE('',(#572),#299,.F.);
#4977=ADVANCED_FACE('',(#573),#4702,.T.);
#4978=ADVANCED_FACE('',(#574),#4703,.T.);
#4979=ADVANCED_FACE('',(#575),#4704,.T.);
#4980=ADVANCED_FACE('',(#576),#4705,.F.);
#4981=ADVANCED_FACE('',(#577),#4706,.T.);
#4982=ADVANCED_FACE('',(#578),#4707,.T.);
#4983=ADVANCED_FACE('',(#579),#4708,.F.);
#4984=ADVANCED_FACE('',(#580),#4709,.T.);
#4985=ADVANCED_FACE('',(#581),#4710,.T.);
#4986=ADVANCED_FACE('',(#582),#4711,.T.);
#4987=ADVANCED_FACE('',(#583),#300,.T.);
#4988=ADVANCED_FACE('',(#584),#301,.F.);
#4989=ADVANCED_FACE('',(#585),#4712,.T.);
#4990=ADVANCED_FACE('',(#586),#4713,.T.);
#4991=ADVANCED_FACE('',(#587),#302,.T.);
#4992=ADVANCED_FACE('',(#588),#303,.F.);
#4993=ADVANCED_FACE('',(#589),#4714,.T.);
#4994=ADVANCED_FACE('',(#590),#4715,.T.);
#4995=ADVANCED_FACE('',(#591),#4716,.T.);
#4996=ADVANCED_FACE('',(#592),#4717,.F.);
#4997=ADVANCED_FACE('',(#593),#4718,.T.);
#4998=ADVANCED_FACE('',(#594),#4719,.T.);
#4999=ADVANCED_FACE('',(#595),#304,.T.);
#5000=ADVANCED_FACE('',(#596),#305,.T.);
#5001=ADVANCED_FACE('',(#597),#306,.T.);
#5002=ADVANCED_FACE('',(#598),#307,.T.);
#5003=ADVANCED_FACE('',(#599),#4720,.F.);
#5004=ADVANCED_FACE('',(#600),#4721,.F.);
#5005=ADVANCED_FACE('',(#601),#4722,.F.);
#5006=ADVANCED_FACE('',(#602,#270,#271,#272),#4723,.F.);
#5007=ADVANCED_FACE('',(#603,#273,#274,#275),#4724,.T.);
#5008=ADVANCED_FACE('',(#604),#4725,.F.);
#5009=ADVANCED_FACE('',(#605),#4726,.F.);
#5010=ADVANCED_FACE('',(#606),#4727,.F.);
#5011=ADVANCED_FACE('',(#607),#4728,.F.);
#5012=ADVANCED_FACE('',(#608),#4729,.F.);
#5013=ADVANCED_FACE('',(#609),#4730,.F.);
#5014=ADVANCED_FACE('',(#610),#4731,.F.);
#5015=ADVANCED_FACE('',(#611),#4732,.F.);
#5016=ADVANCED_FACE('',(#612),#4733,.F.);
#5017=ADVANCED_FACE('',(#613),#4734,.F.);
#5018=ADVANCED_FACE('',(#614),#4735,.F.);
#5019=ADVANCED_FACE('',(#615),#4736,.F.);
#5020=ADVANCED_FACE('',(#616),#4737,.F.);
#5021=ADVANCED_FACE('',(#617),#4738,.F.);
#5022=ADVANCED_FACE('',(#618),#4739,.F.);
#5023=ADVANCED_FACE('',(#619),#4740,.F.);
#5024=ADVANCED_FACE('',(#620),#4741,.F.);
#5025=ADVANCED_FACE('',(#621),#4742,.T.);
#5026=ADVANCED_FACE('',(#622),#4743,.T.);
#5027=ADVANCED_FACE('',(#623),#4744,.F.);
#5028=ADVANCED_FACE('',(#624),#4745,.F.);
#5029=ADVANCED_FACE('',(#625),#4746,.F.);
#5030=ADVANCED_FACE('',(#626),#4747,.T.);
#5031=ADVANCED_FACE('',(#627),#4748,.T.);
#5032=ADVANCED_FACE('',(#628),#4749,.F.);
#5033=ADVANCED_FACE('',(#629),#4750,.T.);
#5034=ADVANCED_FACE('',(#630),#4751,.F.);
#5035=ADVANCED_FACE('',(#631),#4752,.F.);
#5036=ADVANCED_FACE('',(#632),#4753,.T.);
#5037=ADVANCED_FACE('',(#633),#4754,.T.);
#5038=ADVANCED_FACE('',(#634),#4755,.T.);
#5039=ADVANCED_FACE('',(#635),#4756,.F.);
#5040=ADVANCED_FACE('',(#636),#4757,.F.);
#5041=ADVANCED_FACE('',(#637),#4758,.F.);
#5042=ADVANCED_FACE('',(#638),#4759,.T.);
#5043=ADVANCED_FACE('',(#639),#4760,.T.);
#5044=ADVANCED_FACE('',(#640),#4761,.F.);
#5045=ADVANCED_FACE('',(#641),#4762,.T.);
#5046=ADVANCED_FACE('',(#642),#4763,.F.);
#5047=ADVANCED_FACE('',(#643),#4764,.F.);
#5048=ADVANCED_FACE('',(#644),#4765,.T.);
#5049=ADVANCED_FACE('',(#645),#4766,.F.);
#5050=ADVANCED_FACE('',(#646),#4767,.F.);
#5051=ADVANCED_FACE('',(#647),#4768,.T.);
#5052=ADVANCED_FACE('',(#648),#4769,.T.);
#5053=ADVANCED_FACE('',(#649),#4770,.T.);
#5054=ADVANCED_FACE('',(#650),#4771,.F.);
#5055=ADVANCED_FACE('',(#651),#4772,.F.);
#5056=ADVANCED_FACE('',(#652),#4773,.T.);
#5057=ADVANCED_FACE('',(#653),#4774,.F.);
#5058=ADVANCED_FACE('',(#654),#4775,.T.);
#5059=ADVANCED_FACE('',(#655),#4776,.T.);
#5060=ADVANCED_FACE('',(#656),#4777,.F.);
#5061=ADVANCED_FACE('',(#657),#4778,.T.);
#5062=ADVANCED_FACE('',(#658),#4779,.T.);
#5063=ADVANCED_FACE('',(#659),#4780,.F.);
#5064=ADVANCED_FACE('',(#660),#4781,.F.);
#5065=ADVANCED_FACE('',(#661),#4782,.F.);
#5066=ADVANCED_FACE('',(#662),#4783,.T.);
#5067=ADVANCED_FACE('',(#663),#4784,.T.);
#5068=ADVANCED_FACE('',(#664),#4785,.F.);
#5069=ADVANCED_FACE('',(#665),#4786,.T.);
#5070=ADVANCED_FACE('',(#666),#4787,.F.);
#5071=ADVANCED_FACE('',(#667),#4788,.F.);
#5072=ADVANCED_FACE('',(#668),#4789,.T.);
#5073=ADVANCED_FACE('',(#669),#4790,.F.);
#5074=ADVANCED_FACE('',(#670),#4791,.F.);
#5075=ADVANCED_FACE('',(#671),#4792,.F.);
#5076=ADVANCED_FACE('',(#672),#4793,.T.);
#5077=ADVANCED_FACE('',(#673),#4794,.T.);
#5078=ADVANCED_FACE('',(#674),#4795,.T.);
#5079=CLOSED_SHELL('',(#4796,#4797,#4798,#4799,#4800,#4801,#4802,#4803,
#4804,#4805,#4806,#4807,#4808,#4809,#4810,#4811,#4812,#4813,#4814,#4815,
#4816,#4817,#4818,#4819,#4820,#4821,#4822,#4823,#4824,#4825,#4826,#4827,
#4828,#4829,#4830,#4831,#4832,#4833,#4834,#4835,#4836));
#5080=CLOSED_SHELL('',(#4837,#4838,#4839,#4840,#4841,#4842,#4843,#4844,
#4845,#4846,#4847,#4848,#4849,#4850,#4851,#4852,#4853,#4854,#4855,#4856,
#4857,#4858,#4859,#4860,#4861,#4862,#4863,#4864,#4865,#4866,#4867,#4868,
#4869,#4870,#4871,#4872,#4873,#4874,#4875,#4876,#4877,#4878,#4879,#4880,
#4881,#4882,#4883,#4884,#4885,#4886,#4887,#4888,#4889,#4890,#4891,#4892,
#4893,#4894,#4895,#4896,#4897,#4898,#4899,#4900,#4901,#4902,#4903,#4904,
#4905,#4906,#4907,#4908,#4909,#4910,#4911,#4912,#4913,#4914,#4915,#4916,
#4917,#4918,#4919,#4920,#4921,#4922,#4923,#4924,#4925,#4926,#4927,#4928,
#4929,#4930,#4931,#4932,#4933,#4934,#4935,#4936,#4937,#4938,#4939,#4940,
#4941,#4942,#4943,#4944,#4945,#4946,#4947,#4948,#4949,#4950,#4951,#4952,
#4953,#4954,#4955,#4956,#4957,#4958,#4959,#4960,#4961,#4962,#4963,#4964,
#4965,#4966,#4967,#4968,#4969,#4970,#4971,#4972,#4973,#4974,#4975,#4976,
#4977,#4978,#4979,#4980,#4981,#4982,#4983,#4984,#4985,#4986,#4987,#4988,
#4989,#4990,#4991,#4992,#4993,#4994,#4995,#4996,#4997,#4998,#4999,#5000,
#5001,#5002));
#5081=CLOSED_SHELL('',(#5003,#5004,#5005,#5006,#5007,#5008,#5009,#5010,
#5011,#5012,#5013,#5014,#5015,#5016,#5017,#5018,#5019,#5020,#5021,#5022,
#5023,#5024,#5025,#5026,#5027,#5028,#5029,#5030,#5031,#5032,#5033,#5034,
#5035,#5036,#5037,#5038,#5039,#5040,#5041,#5042,#5043,#5044,#5045,#5046,
#5047,#5048,#5049,#5050,#5051,#5052,#5053,#5054,#5055,#5056,#5057,#5058,
#5059,#5060,#5061,#5062,#5063,#5064,#5065,#5066,#5067,#5068,#5069,#5070,
#5071,#5072,#5073,#5074,#5075,#5076,#5077,#5078));
#5082=DERIVED_UNIT_ELEMENT(#5084,1.);
#5083=DERIVED_UNIT_ELEMENT(#8137,-3.);
#5084=(
MASS_UNIT()
NAMED_UNIT(*)
SI_UNIT(.KILO.,.GRAM.)
);
#5085=DERIVED_UNIT((#5082,#5083));
#5086=MEASURE_REPRESENTATION_ITEM('density measure',
POSITIVE_RATIO_MEASURE(7850.),#5085);
#5087=PROPERTY_DEFINITION_REPRESENTATION(#5092,#5089);
#5088=PROPERTY_DEFINITION_REPRESENTATION(#5093,#5090);
#5089=REPRESENTATION('material name',(#5091),#8134);
#5090=REPRESENTATION('density',(#5086),#8134);
#5091=DESCRIPTIVE_REPRESENTATION_ITEM('A\X\E7o','A\X\E7o');
#5092=PROPERTY_DEFINITION('material property','material name',#8149);
#5093=PROPERTY_DEFINITION('material property','density of part',#8149);
#5094=AXIS2_PLACEMENT_3D('',#6794,#5464,#5465);
#5095=AXIS2_PLACEMENT_3D('',#6795,#5466,#5467);
#5096=AXIS2_PLACEMENT_3D('',#6796,#5468,#5469);
#5097=AXIS2_PLACEMENT_3D('',#6813,#5478,#5479);
#5098=AXIS2_PLACEMENT_3D('',#6830,#5488,#5489);
#5099=AXIS2_PLACEMENT_3D('',#6836,#5493,#5494);
#5100=AXIS2_PLACEMENT_3D('',#6842,#5498,#5499);
#5101=AXIS2_PLACEMENT_3D('',#6848,#5503,#5504);
#5102=AXIS2_PLACEMENT_3D('',#6854,#5508,#5509);
#5103=AXIS2_PLACEMENT_3D('',#6857,#5510,#5511);
#5104=AXIS2_PLACEMENT_3D('',#6865,#5517,#5518);
#5105=AXIS2_PLACEMENT_3D('',#6868,#5519,#5520);
#5106=AXIS2_PLACEMENT_3D('',#6876,#5526,#5527);
#5107=AXIS2_PLACEMENT_3D('',#6887,#5534,#5535);
#5108=AXIS2_PLACEMENT_3D('',#6898,#5542,#5543);
#5109=AXIS2_PLACEMENT_3D('',#6901,#5544,#5545);
#5110=AXIS2_PLACEMENT_3D('',#6909,#5550,#5551);
#5111=AXIS2_PLACEMENT_3D('',#6912,#5552,#5553);
#5112=AXIS2_PLACEMENT_3D('',#6920,#5558,#5559);
#5113=AXIS2_PLACEMENT_3D('',#6923,#5560,#5561);
#5114=AXIS2_PLACEMENT_3D('',#6931,#5566,#5567);
#5115=AXIS2_PLACEMENT_3D('',#6934,#5568,#5569);
#5116=AXIS2_PLACEMENT_3D('',#6942,#5574,#5575);
#5117=AXIS2_PLACEMENT_3D('',#6948,#5579,#5580);
#5118=AXIS2_PLACEMENT_3D('',#6954,#5584,#5585);
#5119=AXIS2_PLACEMENT_3D('',#6957,#5586,#5587);
#5120=AXIS2_PLACEMENT_3D('',#6967,#5593,#5594);
#5121=AXIS2_PLACEMENT_3D('',#6973,#5598,#5599);
#5122=AXIS2_PLACEMENT_3D('',#6979,#5603,#5604);
#5123=AXIS2_PLACEMENT_3D('',#6982,#5605,#5606);
#5124=AXIS2_PLACEMENT_3D('',#6992,#5612,#5613);
#5125=AXIS2_PLACEMENT_3D('',#6997,#5618,#5619);
#5126=AXIS2_PLACEMENT_3D('',#7002,#5624,#5625);
#5127=AXIS2_PLACEMENT_3D('',#7007,#5630,#5631);
#5128=AXIS2_PLACEMENT_3D('',#7012,#5636,#5637);
#5129=AXIS2_PLACEMENT_3D('',#7014,#5639,#5640);
#5130=AXIS2_PLACEMENT_3D('',#7016,#5642,#5643);
#5131=AXIS2_PLACEMENT_3D('',#7018,#5645,#5646);
#5132=AXIS2_PLACEMENT_3D('',#7020,#5648,#5649);
#5133=AXIS2_PLACEMENT_3D('',#7021,#5650,#5651);
#5134=AXIS2_PLACEMENT_3D('',#7022,#5652,#5653);
#5135=AXIS2_PLACEMENT_3D('',#7024,#5655,#5656);
#5136=AXIS2_PLACEMENT_3D('',#7025,#5657,#5658);
#5137=AXIS2_PLACEMENT_3D('',#7027,#5660,#5661);
#5138=AXIS2_PLACEMENT_3D('',#7028,#5662,#5663);
#5139=AXIS2_PLACEMENT_3D('',#7031,#5666,#5667);
#5140=AXIS2_PLACEMENT_3D('',#7032,#5668,#5669);
#5141=AXIS2_PLACEMENT_3D('',#7033,#5670,#5671);
#5142=AXIS2_PLACEMENT_3D('',#7034,#5672,#5673);
#5143=AXIS2_PLACEMENT_3D('',#7035,#5674,#5675);
#5144=AXIS2_PLACEMENT_3D('',#7036,#5676,#5677);
#5145=AXIS2_PLACEMENT_3D('',#7037,#5678,#5679);
#5146=AXIS2_PLACEMENT_3D('',#7044,#5683,#5684);
#5147=AXIS2_PLACEMENT_3D('',#7053,#5688,#5689);
#5148=AXIS2_PLACEMENT_3D('',#7055,#5691,#5692);
#5149=AXIS2_PLACEMENT_3D('',#7065,#5697,#5698);
#5150=AXIS2_PLACEMENT_3D('',#7066,#5699,#5700);
#5151=AXIS2_PLACEMENT_3D('',#7070,#5703,#5704);
#5152=AXIS2_PLACEMENT_3D('',#7075,#5706,#5707);
#5153=AXIS2_PLACEMENT_3D('',#7077,#5709,#5710);
#5154=AXIS2_PLACEMENT_3D('',#7082,#5714,#5715);
#5155=AXIS2_PLACEMENT_3D('',#7091,#5719,#5720);
#5156=AXIS2_PLACEMENT_3D('',#7093,#5722,#5723);
#5157=AXIS2_PLACEMENT_3D('',#7102,#5727,#5728);
#5158=AXIS2_PLACEMENT_3D('',#7104,#5730,#5731);
#5159=AXIS2_PLACEMENT_3D('',#7114,#5736,#5737);
#5160=AXIS2_PLACEMENT_3D('',#7115,#5738,#5739);
#5161=AXIS2_PLACEMENT_3D('',#7119,#5742,#5743);
#5162=AXIS2_PLACEMENT_3D('',#7124,#5747,#5748);
#5163=AXIS2_PLACEMENT_3D('',#7129,#5752,#5753);
#5164=AXIS2_PLACEMENT_3D('',#7132,#5754,#5755);
#5165=AXIS2_PLACEMENT_3D('',#7136,#5758,#5759);
#5166=AXIS2_PLACEMENT_3D('',#7139,#5760,#5761);
#5167=AXIS2_PLACEMENT_3D('',#7145,#5766,#5767);
#5168=AXIS2_PLACEMENT_3D('',#7157,#5775,#5776);
#5169=AXIS2_PLACEMENT_3D('',#7158,#5777,#5778);
#5170=AXIS2_PLACEMENT_3D('',#7159,#5779,#5780);
#5171=AXIS2_PLACEMENT_3D('',#7160,#5781,#5782);
#5172=AXIS2_PLACEMENT_3D('',#7163,#5785,#5786);
#5173=AXIS2_PLACEMENT_3D('',#7166,#5788,#5789);
#5174=AXIS2_PLACEMENT_3D('',#7168,#5791,#5792);
#5175=AXIS2_PLACEMENT_3D('',#7172,#5795,#5796);
#5176=AXIS2_PLACEMENT_3D('',#7173,#5797,#5798);
#5177=AXIS2_PLACEMENT_3D('',#7177,#5801,#5802);
#5178=AXIS2_PLACEMENT_3D('',#7185,#5808,#5809);
#5179=AXIS2_PLACEMENT_3D('',#7195,#5815,#5816);
#5180=AXIS2_PLACEMENT_3D('',#7197,#5818,#5819);
#5181=AXIS2_PLACEMENT_3D('',#7198,#5820,#5821);
#5182=AXIS2_PLACEMENT_3D('',#7200,#5823,#5824);
#5183=AXIS2_PLACEMENT_3D('',#7201,#5825,#5826);
#5184=AXIS2_PLACEMENT_3D('',#7205,#5829,#5830);
#5185=AXIS2_PLACEMENT_3D('',#7208,#5832,#5833);
#5186=AXIS2_PLACEMENT_3D('',#7211,#5835,#5836);
#5187=AXIS2_PLACEMENT_3D('',#7212,#5837,#5838);
#5188=AXIS2_PLACEMENT_3D('',#7213,#5839,#5840);
#5189=AXIS2_PLACEMENT_3D('',#7215,#5842,#5843);
#5190=AXIS2_PLACEMENT_3D('',#7225,#5849,#5850);
#5191=AXIS2_PLACEMENT_3D('',#7227,#5852,#5853);
#5192=AXIS2_PLACEMENT_3D('',#7228,#5854,#5855);
#5193=AXIS2_PLACEMENT_3D('',#7230,#5857,#5858);
#5194=AXIS2_PLACEMENT_3D('',#7231,#5859,#5860);
#5195=AXIS2_PLACEMENT_3D('',#7235,#5863,#5864);
#5196=AXIS2_PLACEMENT_3D('',#7238,#5866,#5867);
#5197=AXIS2_PLACEMENT_3D('',#7240,#5869,#5870);
#5198=AXIS2_PLACEMENT_3D('',#7244,#5873,#5874);
#5199=AXIS2_PLACEMENT_3D('',#7245,#5875,#5876);
#5200=AXIS2_PLACEMENT_3D('',#7249,#5879,#5880);
#5201=AXIS2_PLACEMENT_3D('',#7257,#5886,#5887);
#5202=AXIS2_PLACEMENT_3D('',#7267,#5893,#5894);
#5203=AXIS2_PLACEMENT_3D('',#7269,#5896,#5897);
#5204=AXIS2_PLACEMENT_3D('',#7270,#5898,#5899);
#5205=AXIS2_PLACEMENT_3D('',#7272,#5901,#5902);
#5206=AXIS2_PLACEMENT_3D('',#7273,#5903,#5904);
#5207=AXIS2_PLACEMENT_3D('',#7277,#5907,#5908);
#5208=AXIS2_PLACEMENT_3D('',#7288,#5915,#5916);
#5209=AXIS2_PLACEMENT_3D('',#7300,#5924,#5925);
#5210=AXIS2_PLACEMENT_3D('',#7302,#5927,#5928);
#5211=AXIS2_PLACEMENT_3D('',#7305,#5931,#5932);
#5212=AXIS2_PLACEMENT_3D('',#7306,#5933,#5934);
#5213=AXIS2_PLACEMENT_3D('',#7308,#5936,#5937);
#5214=AXIS2_PLACEMENT_3D('',#7310,#5939,#5940);
#5215=AXIS2_PLACEMENT_3D('',#7320,#5946,#5947);
#5216=AXIS2_PLACEMENT_3D('',#7331,#5954,#5955);
#5217=AXIS2_PLACEMENT_3D('',#7334,#5958,#5959);
#5218=AXIS2_PLACEMENT_3D('',#7337,#5962,#5963);
#5219=AXIS2_PLACEMENT_3D('',#7338,#5964,#5965);
#5220=AXIS2_PLACEMENT_3D('',#7340,#5967,#5968);
#5221=AXIS2_PLACEMENT_3D('',#7343,#5971,#5972);
#5222=AXIS2_PLACEMENT_3D('',#7346,#5975,#5976);
#5223=AXIS2_PLACEMENT_3D('',#7348,#5978,#5979);
#5224=AXIS2_PLACEMENT_3D('',#7349,#5980,#5981);
#5225=AXIS2_PLACEMENT_3D('',#7350,#5982,#5983);
#5226=AXIS2_PLACEMENT_3D('',#7351,#5984,#5985);
#5227=AXIS2_PLACEMENT_3D('',#7352,#5986,#5987);
#5228=AXIS2_PLACEMENT_3D('',#7353,#5988,#5989);
#5229=AXIS2_PLACEMENT_3D('',#7354,#5990,#5991);
#5230=AXIS2_PLACEMENT_3D('',#7358,#5993,#5994);
#5231=AXIS2_PLACEMENT_3D('',#7359,#5995,#5996);
#5232=AXIS2_PLACEMENT_3D('',#7360,#5997,#5998);
#5233=AXIS2_PLACEMENT_3D('',#7364,#6000,#6001);
#5234=AXIS2_PLACEMENT_3D('',#7365,#6002,#6003);
#5235=AXIS2_PLACEMENT_3D('',#7366,#6004,#6005);
#5236=AXIS2_PLACEMENT_3D('',#7373,#6010,#6011);
#5237=AXIS2_PLACEMENT_3D('',#7375,#6012,#6013);
#5238=AXIS2_PLACEMENT_3D('',#7377,#6015,#6016);
#5239=AXIS2_PLACEMENT_3D('',#7382,#6020,#6021);
#5240=AXIS2_PLACEMENT_3D('',#7383,#6022,#6023);
#5241=AXIS2_PLACEMENT_3D('',#7384,#6024,#6025);
#5242=AXIS2_PLACEMENT_3D('',#7385,#6026,#6027);
#5243=AXIS2_PLACEMENT_3D('',#7386,#6028,#6029);
#5244=AXIS2_PLACEMENT_3D('',#7392,#6033,#6034);
#5245=AXIS2_PLACEMENT_3D('',#7398,#6038,#6039);
#5246=AXIS2_PLACEMENT_3D('',#7401,#6042,#6043);
#5247=AXIS2_PLACEMENT_3D('',#7402,#6044,#6045);
#5248=AXIS2_PLACEMENT_3D('',#7403,#6046,#6047);
#5249=AXIS2_PLACEMENT_3D('',#7404,#6048,#6049);
#5250=AXIS2_PLACEMENT_3D('',#7405,#6050,#6051);
#5251=AXIS2_PLACEMENT_3D('',#7406,#6052,#6053);
#5252=AXIS2_PLACEMENT_3D('',#7407,#6054,#6055);
#5253=AXIS2_PLACEMENT_3D('',#7408,#6056,#6057);
#5254=AXIS2_PLACEMENT_3D('',#7412,#6059,#6060);
#5255=AXIS2_PLACEMENT_3D('',#7413,#6061,#6062);
#5256=AXIS2_PLACEMENT_3D('',#7414,#6063,#6064);
#5257=AXIS2_PLACEMENT_3D('',#7418,#6066,#6067);
#5258=AXIS2_PLACEMENT_3D('',#7419,#6068,#6069);
#5259=AXIS2_PLACEMENT_3D('',#7420,#6070,#6071);
#5260=AXIS2_PLACEMENT_3D('',#7427,#6076,#6077);
#5261=AXIS2_PLACEMENT_3D('',#7429,#6078,#6079);
#5262=AXIS2_PLACEMENT_3D('',#7431,#6081,#6082);
#5263=AXIS2_PLACEMENT_3D('',#7436,#6086,#6087);
#5264=AXIS2_PLACEMENT_3D('',#7437,#6088,#6089);
#5265=AXIS2_PLACEMENT_3D('',#7438,#6090,#6091);
#5266=AXIS2_PLACEMENT_3D('',#7439,#6092,#6093);
#5267=AXIS2_PLACEMENT_3D('',#7440,#6094,#6095);
#5268=AXIS2_PLACEMENT_3D('',#7443,#6098,#6099);
#5269=AXIS2_PLACEMENT_3D('',#7477,#6116,#6117);
#5270=AXIS2_PLACEMENT_3D('',#7481,#6119,#6120);
#5271=AXIS2_PLACEMENT_3D('',#7485,#6123,#6124);
#5272=AXIS2_PLACEMENT_3D('',#7517,#6140,#6141);
#5273=AXIS2_PLACEMENT_3D('',#7521,#6143,#6144);
#5274=AXIS2_PLACEMENT_3D('',#7527,#6148,#6149);
#5275=AXIS2_PLACEMENT_3D('',#7530,#6152,#6153);
#5276=AXIS2_PLACEMENT_3D('',#7531,#6154,#6155);
#5277=AXIS2_PLACEMENT_3D('',#7532,#6156,#6157);
#5278=AXIS2_PLACEMENT_3D('',#7533,#6158,#6159);
#5279=AXIS2_PLACEMENT_3D('',#7536,#6162,#6163);
#5280=AXIS2_PLACEMENT_3D('',#7538,#6165,#6166);
#5281=AXIS2_PLACEMENT_3D('',#7540,#6168,#6169);
#5282=AXIS2_PLACEMENT_3D('',#7542,#6171,#6172);
#5283=AXIS2_PLACEMENT_3D('',#7544,#6174,#6175);
#5284=AXIS2_PLACEMENT_3D('',#7546,#6177,#6178);
#5285=AXIS2_PLACEMENT_3D('',#7548,#6180,#6181);
#5286=AXIS2_PLACEMENT_3D('',#7550,#6183,#6184);
#5287=AXIS2_PLACEMENT_3D('',#7552,#6186,#6187);
#5288=AXIS2_PLACEMENT_3D('',#7553,#6188,#6189);
#5289=AXIS2_PLACEMENT_3D('',#7554,#6190,#6191);
#5290=AXIS2_PLACEMENT_3D('',#7555,#6192,#6193);
#5291=AXIS2_PLACEMENT_3D('',#7558,#6196,#6197);
#5292=AXIS2_PLACEMENT_3D('',#7559,#6198,#6199);
#5293=AXIS2_PLACEMENT_3D('',#7560,#6200,#6201);
#5294=AXIS2_PLACEMENT_3D('',#7563,#6204,#6205);
#5295=AXIS2_PLACEMENT_3D('',#7565,#6207,#6208);
#5296=AXIS2_PLACEMENT_3D('',#7567,#6210,#6211);
#5297=AXIS2_PLACEMENT_3D('',#7569,#6213,#6214);
#5298=AXIS2_PLACEMENT_3D('',#7571,#6216,#6217);
#5299=AXIS2_PLACEMENT_3D('',#7572,#6218,#6219);
#5300=AXIS2_PLACEMENT_3D('',#7573,#6220,#6221);
#5301=AXIS2_PLACEMENT_3D('',#7574,#6222,#6223);
#5302=AXIS2_PLACEMENT_3D('',#7575,#6224,#6225);
#5303=AXIS2_PLACEMENT_3D('',#7576,#6226,#6227);
#5304=AXIS2_PLACEMENT_3D('',#7577,#6228,#6229);
#5305=AXIS2_PLACEMENT_3D('',#7578,#6230,#6231);
#5306=AXIS2_PLACEMENT_3D('',#7579,#6232,#6233);
#5307=AXIS2_PLACEMENT_3D('',#7580,#6234,#6235);
#5308=AXIS2_PLACEMENT_3D('',#7591,#6242,#6243);
#5309=AXIS2_PLACEMENT_3D('',#7603,#6251,#6252);
#5310=AXIS2_PLACEMENT_3D('',#7605,#6254,#6255);
#5311=AXIS2_PLACEMENT_3D('',#7608,#6258,#6259);
#5312=AXIS2_PLACEMENT_3D('',#7609,#6260,#6261);
#5313=AXIS2_PLACEMENT_3D('',#7610,#6262,#6263);
#5314=AXIS2_PLACEMENT_3D('',#7611,#6264,#6265);
#5315=AXIS2_PLACEMENT_3D('',#7612,#6266,#6267);
#5316=AXIS2_PLACEMENT_3D('',#7615,#6270,#6271);
#5317=AXIS2_PLACEMENT_3D('',#7616,#6272,#6273);
#5318=AXIS2_PLACEMENT_3D('',#7617,#6274,#6275);
#5319=AXIS2_PLACEMENT_3D('',#7618,#6276,#6277);
#5320=AXIS2_PLACEMENT_3D('',#7619,#6278,#6279);
#5321=AXIS2_PLACEMENT_3D('',#7620,#6280,#6281);
#5322=AXIS2_PLACEMENT_3D('',#7621,#6282,#6283);
#5323=AXIS2_PLACEMENT_3D('',#7632,#6290,#6291);
#5324=AXIS2_PLACEMENT_3D('',#7641,#6297,#6298);
#5325=AXIS2_PLACEMENT_3D('',#7644,#6301,#6302);
#5326=AXIS2_PLACEMENT_3D('',#7647,#6305,#6306);
#5327=AXIS2_PLACEMENT_3D('',#7648,#6307,#6308);
#5328=AXIS2_PLACEMENT_3D('',#7649,#6309,#6310);
#5329=AXIS2_PLACEMENT_3D('',#7650,#6311,#6312);
#5330=AXIS2_PLACEMENT_3D('',#7651,#6313,#6314);
#5331=AXIS2_PLACEMENT_3D('',#7652,#6315,#6316);
#5332=AXIS2_PLACEMENT_3D('',#7653,#6317,#6318);
#5333=AXIS2_PLACEMENT_3D('',#7654,#6319,#6320);
#5334=AXIS2_PLACEMENT_3D('',#7655,#6321,#6322);
#5335=AXIS2_PLACEMENT_3D('',#7656,#6323,#6324);
#5336=AXIS2_PLACEMENT_3D('',#7659,#6327,#6328);
#5337=AXIS2_PLACEMENT_3D('',#7662,#6331,#6332);
#5338=AXIS2_PLACEMENT_3D('',#7664,#6334,#6335);
#5339=AXIS2_PLACEMENT_3D('',#7665,#6336,#6337);
#5340=AXIS2_PLACEMENT_3D('',#7666,#6338,#6339);
#5341=AXIS2_PLACEMENT_3D('',#7667,#6340,#6341);
#5342=AXIS2_PLACEMENT_3D('',#7668,#6342,#6343);
#5343=AXIS2_PLACEMENT_3D('',#7669,#6344,#6345);
#5344=AXIS2_PLACEMENT_3D('',#7670,#6346,#6347);
#5345=AXIS2_PLACEMENT_3D('',#7674,#6349,#6350);
#5346=AXIS2_PLACEMENT_3D('',#7675,#6351,#6352);
#5347=AXIS2_PLACEMENT_3D('',#7676,#6353,#6354);
#5348=AXIS2_PLACEMENT_3D('',#7680,#6356,#6357);
#5349=AXIS2_PLACEMENT_3D('',#7681,#6358,#6359);
#5350=AXIS2_PLACEMENT_3D('',#7682,#6360,#6361);
#5351=AXIS2_PLACEMENT_3D('',#7689,#6366,#6367);
#5352=AXIS2_PLACEMENT_3D('',#7691,#6368,#6369);
#5353=AXIS2_PLACEMENT_3D('',#7693,#6371,#6372);
#5354=AXIS2_PLACEMENT_3D('',#7698,#6376,#6377);
#5355=AXIS2_PLACEMENT_3D('',#7699,#6378,#6379);
#5356=AXIS2_PLACEMENT_3D('',#7700,#6380,#6381);
#5357=AXIS2_PLACEMENT_3D('',#7701,#6382,#6383);
#5358=AXIS2_PLACEMENT_3D('',#7702,#6384,#6385);
#5359=AXIS2_PLACEMENT_3D('',#7708,#6389,#6390);
#5360=AXIS2_PLACEMENT_3D('',#7714,#6394,#6395);
#5361=AXIS2_PLACEMENT_3D('',#7715,#6396,#6397);
#5362=AXIS2_PLACEMENT_3D('',#7718,#6400,#6401);
#5363=AXIS2_PLACEMENT_3D('',#7719,#6402,#6403);
#5364=AXIS2_PLACEMENT_3D('',#7720,#6404,#6405);
#5365=AXIS2_PLACEMENT_3D('',#7721,#6406,#6407);
#5366=AXIS2_PLACEMENT_3D('',#7722,#6408,#6409);
#5367=AXIS2_PLACEMENT_3D('',#7723,#6410,#6411);
#5368=AXIS2_PLACEMENT_3D('',#7724,#6412,#6413);
#5369=AXIS2_PLACEMENT_3D('',#7725,#6414,#6415);
#5370=AXIS2_PLACEMENT_3D('',#7729,#6417,#6418);
#5371=AXIS2_PLACEMENT_3D('',#7730,#6419,#6420);
#5372=AXIS2_PLACEMENT_3D('',#7731,#6421,#6422);
#5373=AXIS2_PLACEMENT_3D('',#7735,#6424,#6425);
#5374=AXIS2_PLACEMENT_3D('',#7736,#6426,#6427);
#5375=AXIS2_PLACEMENT_3D('',#7737,#6428,#6429);
#5376=AXIS2_PLACEMENT_3D('',#7744,#6434,#6435);
#5377=AXIS2_PLACEMENT_3D('',#7746,#6436,#6437);
#5378=AXIS2_PLACEMENT_3D('',#7748,#6439,#6440);
#5379=AXIS2_PLACEMENT_3D('',#7753,#6444,#6445);
#5380=AXIS2_PLACEMENT_3D('',#7754,#6446,#6447);
#5381=AXIS2_PLACEMENT_3D('',#7755,#6448,#6449);
#5382=AXIS2_PLACEMENT_3D('',#7756,#6450,#6451);
#5383=AXIS2_PLACEMENT_3D('',#7757,#6452,#6453);
#5384=AXIS2_PLACEMENT_3D('',#7758,#6454,#6455);
#5385=AXIS2_PLACEMENT_3D('',#7759,#6456,#6457);
#5386=AXIS2_PLACEMENT_3D('',#7760,#6458,#6459);
#5387=AXIS2_PLACEMENT_3D('',#7761,#6460,#6461);
#5388=AXIS2_PLACEMENT_3D('',#7770,#6466,#6467);
#5389=AXIS2_PLACEMENT_3D('',#7776,#6471,#6472);
#5390=AXIS2_PLACEMENT_3D('',#7782,#6476,#6477);
#5391=AXIS2_PLACEMENT_3D('',#7840,#6507,#6508);
#5392=AXIS2_PLACEMENT_3D('',#7898,#6538,#6539);
#5393=AXIS2_PLACEMENT_3D('',#7900,#6541,#6542);
#5394=AXIS2_PLACEMENT_3D('',#7902,#6544,#6545);
#5395=AXIS2_PLACEMENT_3D('',#7904,#6547,#6548);
#5396=AXIS2_PLACEMENT_3D('',#7906,#6550,#6551);
#5397=AXIS2_PLACEMENT_3D('',#7908,#6553,#6554);
#5398=AXIS2_PLACEMENT_3D('',#7910,#6556,#6557);
#5399=AXIS2_PLACEMENT_3D('',#7912,#6559,#6560);
#5400=AXIS2_PLACEMENT_3D('',#7914,#6562,#6563);
#5401=AXIS2_PLACEMENT_3D('',#7916,#6565,#6566);
#5402=AXIS2_PLACEMENT_3D('',#7918,#6568,#6569);
#5403=AXIS2_PLACEMENT_3D('',#7920,#6571,#6572);
#5404=AXIS2_PLACEMENT_3D('',#7922,#6574,#6575);
#5405=AXIS2_PLACEMENT_3D('',#7924,#6577,#6578);
#5406=AXIS2_PLACEMENT_3D('',#7926,#6580,#6581);
#5407=AXIS2_PLACEMENT_3D('',#7928,#6583,#6584);
#5408=AXIS2_PLACEMENT_3D('',#7930,#6586,#6587);
#5409=AXIS2_PLACEMENT_3D('',#7931,#6588,#6589);
#5410=AXIS2_PLACEMENT_3D('',#7937,#6593,#6594);
#5411=AXIS2_PLACEMENT_3D('',#7941,#6597,#6598);
#5412=AXIS2_PLACEMENT_3D('',#7945,#6601,#6602);
#5413=AXIS2_PLACEMENT_3D('',#7947,#6604,#6605);
#5414=AXIS2_PLACEMENT_3D('',#7953,#6609,#6610);
#5415=AXIS2_PLACEMENT_3D('',#7957,#6613,#6614);
#5416=AXIS2_PLACEMENT_3D('',#7961,#6617,#6618);
#5417=AXIS2_PLACEMENT_3D('',#7963,#6620,#6621);
#5418=AXIS2_PLACEMENT_3D('',#7969,#6625,#6626);
#5419=AXIS2_PLACEMENT_3D('',#7973,#6629,#6630);
#5420=AXIS2_PLACEMENT_3D('',#7977,#6633,#6634);
#5421=AXIS2_PLACEMENT_3D('',#7979,#6636,#6637);
#5422=AXIS2_PLACEMENT_3D('',#7985,#6641,#6642);
#5423=AXIS2_PLACEMENT_3D('',#7989,#6645,#6646);
#5424=AXIS2_PLACEMENT_3D('',#7993,#6649,#6650);
#5425=AXIS2_PLACEMENT_3D('',#7995,#6652,#6653);
#5426=AXIS2_PLACEMENT_3D('',#8001,#6657,#6658);
#5427=AXIS2_PLACEMENT_3D('',#8005,#6661,#6662);
#5428=AXIS2_PLACEMENT_3D('',#8009,#6665,#6666);
#5429=AXIS2_PLACEMENT_3D('',#8011,#6668,#6669);
#5430=AXIS2_PLACEMENT_3D('',#8017,#6673,#6674);
#5431=AXIS2_PLACEMENT_3D('',#8021,#6677,#6678);
#5432=AXIS2_PLACEMENT_3D('',#8025,#6681,#6682);
#5433=AXIS2_PLACEMENT_3D('',#8027,#6684,#6685);
#5434=AXIS2_PLACEMENT_3D('',#8033,#6689,#6690);
#5435=AXIS2_PLACEMENT_3D('',#8037,#6693,#6694);
#5436=AXIS2_PLACEMENT_3D('',#8041,#6697,#6698);
#5437=AXIS2_PLACEMENT_3D('',#8043,#6700,#6701);
#5438=AXIS2_PLACEMENT_3D('',#8049,#6705,#6706);
#5439=AXIS2_PLACEMENT_3D('',#8053,#6709,#6710);
#5440=AXIS2_PLACEMENT_3D('',#8057,#6713,#6714);
#5441=AXIS2_PLACEMENT_3D('',#8059,#6716,#6717);
#5442=AXIS2_PLACEMENT_3D('',#8065,#6721,#6722);
#5443=AXIS2_PLACEMENT_3D('',#8069,#6725,#6726);
#5444=AXIS2_PLACEMENT_3D('',#8073,#6729,#6730);
#5445=AXIS2_PLACEMENT_3D('',#8075,#6732,#6733);
#5446=AXIS2_PLACEMENT_3D('',#8081,#6737,#6738);
#5447=AXIS2_PLACEMENT_3D('',#8085,#6741,#6742);
#5448=AXIS2_PLACEMENT_3D('',#8089,#6745,#6746);
#5449=AXIS2_PLACEMENT_3D('',#8091,#6748,#6749);
#5450=AXIS2_PLACEMENT_3D('',#8097,#6753,#6754);
#5451=AXIS2_PLACEMENT_3D('',#8101,#6757,#6758);
#5452=AXIS2_PLACEMENT_3D('',#8105,#6761,#6762);
#5453=AXIS2_PLACEMENT_3D('',#8107,#6764,#6765);
#5454=AXIS2_PLACEMENT_3D('',#8113,#6769,#6770);
#5455=AXIS2_PLACEMENT_3D('',#8117,#6773,#6774);
#5456=AXIS2_PLACEMENT_3D('',#8121,#6777,#6778);
#5457=AXIS2_PLACEMENT_3D('',#8123,#6780,#6781);
#5458=AXIS2_PLACEMENT_3D('',#8124,#6782,#6783);
#5459=AXIS2_PLACEMENT_3D('',#8125,#6784,#6785);
#5460=AXIS2_PLACEMENT_3D('',#8126,#6786,#6787);
#5461=AXIS2_PLACEMENT_3D('',#8127,#6788,#6789);
#5462=AXIS2_PLACEMENT_3D('',#8128,#6790,#6791);
#5463=AXIS2_PLACEMENT_3D('',#8129,#6792,#6793);
#5464=DIRECTION('axis',(0.,0.,1.));
#5465=DIRECTION('refdir',(1.,0.,0.));
#5466=DIRECTION('axis',(0.,0.,1.));
#5467=DIRECTION('refdir',(1.,0.,0.));
#5468=DIRECTION('center_axis',(0.,0.,-1.));
#5469=DIRECTION('ref_axis',(1.,1.22464679914735E-16,0.));
#5470=DIRECTION('',(0.,-1.,0.));
#5471=DIRECTION('',(1.,8.5401771125012E-17,0.));
#5472=DIRECTION('',(0.,-1.,0.));
#5473=DIRECTION('',(-1.,-8.5401771125012E-17,0.));
#5474=DIRECTION('',(0.,-1.,0.));
#5475=DIRECTION('',(1.,-1.38777878078144E-16,0.));
#5476=DIRECTION('',(0.,1.,0.));
#5477=DIRECTION('',(-1.,6.93889390390723E-17,1.11022302462516E-15));
#5478=DIRECTION('center_axis',(0.,0.,-1.));
#5479=DIRECTION('ref_axis',(1.,1.22464679914735E-16,0.));
#5480=DIRECTION('',(0.,1.,0.));
#5481=DIRECTION('',(-1.,-8.5401771125012E-17,0.));
#5482=DIRECTION('',(0.,1.,0.));
#5483=DIRECTION('',(1.,8.5401771125012E-17,0.));
#5484=DIRECTION('',(0.,1.,0.));
#5485=DIRECTION('',(-1.,1.38777878078144E-16,-1.11022302462516E-15));
#5486=DIRECTION('',(0.,-1.,0.));
#5487=DIRECTION('',(1.,-6.93889390390723E-17,1.11022302462516E-15));
#5488=DIRECTION('center_axis',(-7.40148683083438E-17,-1.,0.));
#5489=DIRECTION('ref_axis',(1.,-7.40148683083438E-17,0.));
#5490=DIRECTION('',(5.55111512312578E-16,0.,1.));
#5491=DIRECTION('',(1.,-1.38777878078145E-16,0.));
#5492=DIRECTION('',(0.,0.,1.));
#5493=DIRECTION('center_axis',(-7.40148683083438E-17,-1.,0.));
#5494=DIRECTION('ref_axis',(1.,-7.40148683083438E-17,0.));
#5495=DIRECTION('',(-1.38777878078145E-16,0.,-1.));
#5496=DIRECTION('',(0.,0.,1.));
#5497=DIRECTION('',(1.,-1.38777878078145E-16,0.));
#5498=DIRECTION('center_axis',(7.40148683083438E-17,1.,0.));
#5499=DIRECTION('ref_axis',(-1.,7.40148683083438E-17,0.));
#5500=DIRECTION('',(0.,0.,-1.));
#5501=DIRECTION('',(0.,0.,1.));
#5502=DIRECTION('',(-1.,1.38777878078145E-16,0.));
#5503=DIRECTION('center_axis',(7.40148683083438E-17,1.,0.));
#5504=DIRECTION('ref_axis',(-1.,7.40148683083438E-17,0.));
#5505=DIRECTION('',(0.,0.,1.));
#5506=DIRECTION('',(-1.,1.38777878078145E-16,0.));
#5507=DIRECTION('',(0.,0.,1.));
#5508=DIRECTION('center_axis',(-1.11022302462516E-16,1.,0.));
#5509=DIRECTION('ref_axis',(1.,1.11022302462516E-16,0.));
#5510=DIRECTION('center_axis',(1.11022302462516E-16,-1.,0.));
#5511=DIRECTION('ref_axis',(-1.,-1.11022302462516E-16,0.));
#5512=DIRECTION('',(2.46716227694479E-16,0.,1.));
#5513=DIRECTION('',(0.,0.,-1.));
#5514=DIRECTION('',(-1.,-1.11022302462516E-16,0.));
#5515=DIRECTION('',(0.,0.,-1.));
#5516=DIRECTION('',(0.,0.,-1.));
#5517=DIRECTION('center_axis',(1.11022302462516E-16,-1.,0.));
#5518=DIRECTION('ref_axis',(-1.,-1.11022302462516E-16,0.));
#5519=DIRECTION('center_axis',(1.11022302462516E-16,-1.,0.));
#5520=DIRECTION('ref_axis',(-1.,-1.11022302462516E-16,0.));
#5521=DIRECTION('',(0.,0.,1.));
#5522=DIRECTION('',(0.,0.,-1.));
#5523=DIRECTION('',(1.,1.11022302462516E-16,0.));
#5524=DIRECTION('',(0.,0.,-1.));
#5525=DIRECTION('',(0.,0.,-1.));
#5526=DIRECTION('center_axis',(0.,0.,1.));
#5527=DIRECTION('ref_axis',(1.,0.,0.));
#5528=DIRECTION('',(0.,1.,0.));
#5529=DIRECTION('',(1.,0.,0.));
#5530=DIRECTION('',(0.,1.,0.));
#5531=DIRECTION('',(-1.,0.,0.));
#5532=DIRECTION('',(0.,1.,0.));
#5533=DIRECTION('',(0.,1.,0.));
#5534=DIRECTION('center_axis',(0.,0.,1.));
#5535=DIRECTION('ref_axis',(1.,0.,0.));
#5536=DIRECTION('',(0.,-1.,0.));
#5537=DIRECTION('',(-1.,0.,0.));
#5538=DIRECTION('',(0.,-1.,0.));
#5539=DIRECTION('',(1.,0.,0.));
#5540=DIRECTION('',(0.,-1.,0.));
#5541=DIRECTION('',(0.,-1.,0.));
#5542=DIRECTION('center_axis',(0.,-1.,0.));
#5543=DIRECTION('ref_axis',(0.,0.,1.));
#5544=DIRECTION('center_axis',(0.,-1.,0.));
#5545=DIRECTION('ref_axis',(-1.,0.,0.));
#5546=DIRECTION('',(-1.,0.,0.));
#5547=DIRECTION('',(0.,0.,-1.));
#5548=DIRECTION('',(-1.,0.,0.));
#5549=DIRECTION('',(0.,0.,-1.));
#5550=DIRECTION('center_axis',(0.,-1.,0.));
#5551=DIRECTION('ref_axis',(0.,0.,1.));
#5552=DIRECTION('center_axis',(0.,-1.,0.));
#5553=DIRECTION('ref_axis',(0.989743318610787,0.,-0.142857142857144));
#5554=DIRECTION('',(0.,0.,1.));
#5555=DIRECTION('',(-1.,0.,0.));
#5556=DIRECTION('',(0.,0.,1.));
#5557=DIRECTION('',(-1.,0.,0.));
#5558=DIRECTION('center_axis',(0.,1.,0.));
#5559=DIRECTION('ref_axis',(0.,0.,-1.));
#5560=DIRECTION('center_axis',(0.,-1.,0.));
#5561=DIRECTION('ref_axis',(-1.,0.,0.));
#5562=DIRECTION('',(0.,0.,1.));
#5563=DIRECTION('',(-1.,0.,0.));
#5564=DIRECTION('',(0.,0.,1.));
#5565=DIRECTION('',(-1.,0.,0.));
#5566=DIRECTION('center_axis',(0.,1.,0.));
#5567=DIRECTION('ref_axis',(0.,0.,-1.));
#5568=DIRECTION('center_axis',(0.,-1.,0.));
#5569=DIRECTION('ref_axis',(0.989743318610787,0.,-0.142857142857144));
#5570=DIRECTION('',(-1.,0.,0.));
#5571=DIRECTION('',(0.,0.,-1.));
#5572=DIRECTION('',(-1.,0.,0.));
#5573=DIRECTION('',(0.,0.,-1.));
#5574=DIRECTION('center_axis',(0.,-1.,0.));
#5575=DIRECTION('ref_axis',(1.,0.,0.));
#5576=DIRECTION('',(5.55111512312578E-16,0.,1.));
#5577=DIRECTION('',(-1.,0.,0.));
#5578=DIRECTION('',(0.,0.,1.));
#5579=DIRECTION('center_axis',(0.,-1.,0.));
#5580=DIRECTION('ref_axis',(1.,0.,0.));
#5581=DIRECTION('',(-2.77555756156289E-16,0.,-1.));
#5582=DIRECTION('',(0.,0.,1.));
#5583=DIRECTION('',(-1.,0.,0.));
#5584=DIRECTION('center_axis',(0.,-1.,0.));
#5585=DIRECTION('ref_axis',(1.,0.,0.));
#5586=DIRECTION('center_axis',(0.,-1.,0.));
#5587=DIRECTION('ref_axis',(-0.989743318610787,0.,-0.142857142857142));
#5588=DIRECTION('',(1.,0.,0.));
#5589=DIRECTION('',(0.,0.,1.));
#5590=DIRECTION('',(1.,0.,0.));
#5591=DIRECTION('',(0.,0.,1.));
#5592=DIRECTION('',(1.,0.,0.));
#5593=DIRECTION('center_axis',(0.,1.,0.));
#5594=DIRECTION('ref_axis',(-1.,0.,0.));
#5595=DIRECTION('',(0.,0.,-1.));
#5596=DIRECTION('',(0.,0.,1.));
#5597=DIRECTION('',(1.,0.,0.));
#5598=DIRECTION('center_axis',(0.,1.,0.));
#5599=DIRECTION('ref_axis',(-1.,0.,0.));
#5600=DIRECTION('',(0.,0.,1.));
#5601=DIRECTION('',(1.,0.,0.));
#5602=DIRECTION('',(0.,0.,1.));
#5603=DIRECTION('center_axis',(0.,1.,0.));
#5604=DIRECTION('ref_axis',(-1.,0.,0.));
#5605=DIRECTION('center_axis',(0.,-1.,0.));
#5606=DIRECTION('ref_axis',(-0.989743318610787,0.,-0.142857142857142));
#5607=DIRECTION('',(-1.,0.,0.));
#5608=DIRECTION('',(0.,0.,1.));
#5609=DIRECTION('',(-1.,0.,0.));
#5610=DIRECTION('',(2.11471052309554E-16,0.,1.));
#5611=DIRECTION('',(-1.,0.,0.));
#5612=DIRECTION('center_axis',(0.,0.,-1.));
#5613=DIRECTION('ref_axis',(1.,0.,0.));
#5614=DIRECTION('',(0.,-1.,0.));
#5615=DIRECTION('',(0.,-1.,0.));
#5616=DIRECTION('',(0.,-1.,0.));
#5617=DIRECTION('',(0.,-1.,0.));
#5618=DIRECTION('center_axis',(0.,0.,-1.));
#5619=DIRECTION('ref_axis',(1.,0.,0.));
#5620=DIRECTION('',(0.,-1.,0.));
#5621=DIRECTION('',(0.,-1.,0.));
#5622=DIRECTION('',(0.,-1.,0.));
#5623=DIRECTION('',(0.,1.,0.));
#5624=DIRECTION('center_axis',(0.,0.,1.));
#5625=DIRECTION('ref_axis',(-1.,0.,0.));
#5626=DIRECTION('',(0.,1.,0.));
#5627=DIRECTION('',(0.,-1.,0.));
#5628=DIRECTION('',(0.,1.,0.));
#5629=DIRECTION('',(0.,-1.,0.));
#5630=DIRECTION('center_axis',(0.,0.,1.));
#5631=DIRECTION('ref_axis',(-1.,0.,0.));
#5632=DIRECTION('',(0.,-1.,0.));
#5633=DIRECTION('',(0.,-1.,0.));
#5634=DIRECTION('',(0.,-1.,0.));
#5635=DIRECTION('',(0.,1.,0.));
#5636=DIRECTION('center_axis',(-1.,0.,1.30614473485313E-16));
#5637=DIRECTION('ref_axis',(-1.30614473485313E-16,0.,-1.));
#5638=DIRECTION('',(0.,-1.,0.));
#5639=DIRECTION('center_axis',(-1.,0.,1.30614473485313E-16));
#5640=DIRECTION('ref_axis',(-1.30614473485313E-16,0.,-1.));
#5641=DIRECTION('',(0.,-1.,0.));
#5642=DIRECTION('center_axis',(1.,0.,-6.53072367426563E-17));
#5643=DIRECTION('ref_axis',(6.53072367426563E-17,0.,1.));
#5644=DIRECTION('',(0.,-1.,0.));
#5645=DIRECTION('center_axis',(1.,0.,-6.53072367426563E-17));
#5646=DIRECTION('ref_axis',(6.53072367426563E-17,0.,1.));
#5647=DIRECTION('',(0.,-1.,0.));
#5648=DIRECTION('center_axis',(0.,-1.,0.));
#5649=DIRECTION('ref_axis',(-1.,0.,0.));
#5650=DIRECTION('center_axis',(0.,-1.,0.));
#5651=DIRECTION('ref_axis',(-1.,0.,0.));
#5652=DIRECTION('center_axis',(1.,0.,0.));
#5653=DIRECTION('ref_axis',(0.,-1.,0.));
#5654=DIRECTION('',(0.,1.,0.));
#5655=DIRECTION('center_axis',(1.,0.,0.));
#5656=DIRECTION('ref_axis',(0.,1.,0.));
#5657=DIRECTION('center_axis',(-1.,0.,0.));
#5658=DIRECTION('ref_axis',(0.,1.,0.));
#5659=DIRECTION('',(0.,-1.,0.));
#5660=DIRECTION('center_axis',(-1.,0.,0.));
#5661=DIRECTION('ref_axis',(0.,-1.,0.));
#5662=DIRECTION('center_axis',(0.,0.,1.));
#5663=DIRECTION('ref_axis',(1.,0.,0.));
#5664=DIRECTION('',(0.,1.,0.));
#5665=DIRECTION('',(0.,-1.,0.));
#5666=DIRECTION('center_axis',(1.,0.,0.));
#5667=DIRECTION('ref_axis',(0.,1.,0.));
#5668=DIRECTION('center_axis',(-1.,0.,0.));
#5669=DIRECTION('ref_axis',(0.,-1.,0.));
#5670=DIRECTION('center_axis',(1.,0.,0.));
#5671=DIRECTION('ref_axis',(0.,0.,1.));
#5672=DIRECTION('center_axis',(-1.,0.,0.));
#5673=DIRECTION('ref_axis',(0.,0.,-1.));
#5674=DIRECTION('center_axis',(-1.,0.,0.));
#5675=DIRECTION('ref_axis',(0.,-1.,0.));
#5676=DIRECTION('center_axis',(1.,0.,0.));
#5677=DIRECTION('ref_axis',(0.,1.,0.));
#5678=DIRECTION('center_axis',(-8.73188942339951E-16,1.,2.15845777597626E-17));
#5679=DIRECTION('ref_axis',(0.104528463267652,1.12739433469464E-16,-0.994521895368274));
#5680=DIRECTION('',(1.,8.32667268468868E-16,0.));
#5681=DIRECTION('',(0.,0.,1.));
#5682=DIRECTION('',(-0.994521895368274,-8.32667268468868E-16,-0.10452846326765));
#5683=DIRECTION('center_axis',(2.80887484044653E-16,1.,1.71531925848161E-17));
#5684=DIRECTION('ref_axis',(-0.104528463267652,4.6419962659373E-17,-0.994521895368274));
#5685=DIRECTION('',(0.,0.,-1.));
#5686=DIRECTION('',(0.994521895368273,-2.77555756156288E-16,-0.104528463267654));
#5687=DIRECTION('',(1.,0.,0.));
#5688=DIRECTION('center_axis',(2.80887484044653E-16,1.,1.71531925848161E-17));
#5689=DIRECTION('ref_axis',(-1.,2.80887484044653E-16,1.64413888290033E-33));
#5690=DIRECTION('',(1.,0.,0.));
#5691=DIRECTION('center_axis',(0.,-1.,-2.08171627766656E-31));
#5692=DIRECTION('ref_axis',(4.68760832619511E-16,-2.08171627766656E-31,
1.));
#5693=DIRECTION('',(1.,2.7755575615629E-16,0.));
#5694=DIRECTION('',(0.994521895368274,2.77555756156289E-16,-0.10452846326765));
#5695=DIRECTION('',(0.,0.,-1.));
#5696=DIRECTION('',(-1.,0.,0.));
#5697=DIRECTION('center_axis',(0.,-1.,-2.08171627766656E-31));
#5698=DIRECTION('ref_axis',(-0.994521895368273,-2.17598603463744E-32,0.104528463267653));
#5699=DIRECTION('center_axis',(3.82401905219316E-16,-1.,-2.43933780506599E-17));
#5700=DIRECTION('ref_axis',(-0.104528463267652,-1.57121349298203E-17,-0.994521895368274));
#5701=DIRECTION('',(1.,2.7755575615629E-16,0.));
#5702=DIRECTION('',(0.,0.,-1.));
#5703=DIRECTION('center_axis',(-3.08148791101957E-32,5.55111512312577E-17,
-1.));
#5704=DIRECTION('ref_axis',(-1.07187543957223E-15,1.,5.55111512312577E-17));
#5705=DIRECTION('',(-1.,-9.91270557701033E-17,0.));
#5706=DIRECTION('center_axis',(-3.08148791101957E-32,5.55111512312577E-17,
-1.));
#5707=DIRECTION('ref_axis',(-1.11022302462516E-15,1.,5.55111512312577E-17));
#5708=DIRECTION('',(0.,-1.,0.));
#5709=DIRECTION('center_axis',(0.,1.,0.));
#5710=DIRECTION('ref_axis',(0.,0.,1.));
#5711=DIRECTION('',(0.994521895368273,-2.77555756156288E-16,-0.104528463267654));
#5712=DIRECTION('',(1.,0.,0.));
#5713=DIRECTION('',(0.,0.,-1.));
#5714=DIRECTION('center_axis',(2.42610368086307E-18,1.,2.30828346234619E-17));
#5715=DIRECTION('ref_axis',(-0.104528463267652,2.32099813296863E-17,-0.994521895368274));
#5716=DIRECTION('',(0.,0.,-1.));
#5717=DIRECTION('',(0.994521895368273,0.,-0.104528463267655));
#5718=DIRECTION('',(1.,0.,0.));
#5719=DIRECTION('center_axis',(2.42610368086307E-18,1.,2.30828346234619E-17));
#5720=DIRECTION('ref_axis',(-1.,2.42610368086307E-18,5.60013500447345E-35));
#5721=DIRECTION('',(1.,0.,0.));
#5722=DIRECTION('center_axis',(-2.68756965640338E-16,-1.,-9.82609805324944E-17));
#5723=DIRECTION('ref_axis',(0.104528463267652,6.96299439890597E-17,-0.994521895368274));
#5724=DIRECTION('',(0.,0.,-1.));
#5725=DIRECTION('',(-0.994521895368273,2.77555756156289E-16,-0.104528463267655));
#5726=DIRECTION('',(-1.,0.,0.));
#5727=DIRECTION('center_axis',(-2.68756965640338E-16,-1.,-9.82609805324944E-17));
#5728=DIRECTION('ref_axis',(1.,-2.68756965640338E-16,-8.22638913385422E-33));
#5729=DIRECTION('',(-1.,0.,0.));
#5730=DIRECTION('center_axis',(0.,1.,3.12257441649984E-31));
#5731=DIRECTION('ref_axis',(-4.68760832619511E-16,-3.12257441649984E-31,
1.));
#5732=DIRECTION('',(-1.,5.55111512312578E-16,0.));
#5733=DIRECTION('',(-0.994521895368275,2.77555756156289E-16,-0.104528463267641));
#5734=DIRECTION('',(0.,0.,-1.));
#5735=DIRECTION('',(1.,0.,0.));
#5736=DIRECTION('center_axis',(0.,1.,3.12257441649984E-31));
#5737=DIRECTION('ref_axis',(0.994521895368273,-3.26397905195617E-32,0.104528463267653));
#5738=DIRECTION('center_axis',(1.80727188453291E-16,1.,6.11569406503916E-17));
#5739=DIRECTION('ref_axis',(0.104528463267642,4.19307812508485E-17,-0.994521895368275));
#5740=DIRECTION('',(-1.,5.55111512312578E-16,0.));
#5741=DIRECTION('',(0.,0.,-1.));
#5742=DIRECTION('center_axis',(0.,1.,0.));
#5743=DIRECTION('ref_axis',(0.,0.,1.));
#5744=DIRECTION('',(0.994521895368273,0.,-0.104528463267655));
#5745=DIRECTION('',(1.,0.,0.));
#5746=DIRECTION('',(0.,0.,-1.));
#5747=DIRECTION('center_axis',(0.,-1.,0.));
#5748=DIRECTION('ref_axis',(0.,0.,1.));
#5749=DIRECTION('',(-0.994521895368273,2.77555756156289E-16,-0.104528463267655));
#5750=DIRECTION('',(-1.,0.,0.));
#5751=DIRECTION('',(0.,0.,-1.));
#5752=DIRECTION('center_axis',(0.,0.,-1.));
#5753=DIRECTION('ref_axis',(1.,2.05596856412066E-16,0.));
#5754=DIRECTION('center_axis',(1.11022302462516E-16,6.16297582203915E-32,
-1.));
#5755=DIRECTION('ref_axis',(-1.,6.84227765783602E-48,-1.11022302462516E-16));
#5756=DIRECTION('',(0.,1.,0.));
#5757=DIRECTION('',(-1.,-9.91270557701033E-17,0.));
#5758=DIRECTION('center_axis',(-8.32667268468868E-16,1.,0.));
#5759=DIRECTION('ref_axis',(0.,0.,-1.));
#5760=DIRECTION('center_axis',(-8.32667268468868E-16,1.,1.3010726735416E-32));
#5761=DIRECTION('ref_axis',(0.994521895368273,8.28105830048782E-16,0.104528463267653));
#5762=DIRECTION('',(1.,8.32667268468868E-16,0.));
#5763=DIRECTION('',(0.,0.,1.));
#5764=DIRECTION('',(-0.994521895368274,-8.32667268468868E-16,-0.10452846326765));
#5765=DIRECTION('',(1.,8.32667268468868E-16,0.));
#5766=DIRECTION('center_axis',(-8.73188942339951E-16,1.,2.15845777597626E-17));
#5767=DIRECTION('ref_axis',(0.104528463267652,1.12739433469464E-16,-0.994521895368274));
#5768=DIRECTION('',(1.,8.32667268468868E-16,0.));
#5769=DIRECTION('',(0.,0.,1.));
#5770=DIRECTION('',(-0.994521895368274,-8.32667268468868E-16,-0.10452846326765));
#5771=DIRECTION('',(0.104528463267652,1.10806622442125E-16,-0.994521895368274));
#5772=DIRECTION('',(0.994521895368274,8.32667268468868E-16,0.10452846326765));
#5773=DIRECTION('',(0.104528463267652,1.10806622442125E-16,-0.994521895368274));
#5774=DIRECTION('',(-0.994521895368274,-8.32667268468868E-16,-0.10452846326765));
#5775=DIRECTION('center_axis',(-8.32667268468868E-16,1.,1.3010726735416E-32));
#5776=DIRECTION('ref_axis',(-2.34380416309755E-16,-2.08171627766656E-31,
1.));
#5777=DIRECTION('center_axis',(-8.32667268468868E-16,1.,1.3010726735416E-32));
#5778=DIRECTION('ref_axis',(0.994521895368273,8.28105830048782E-16,0.104528463267653));
#5779=DIRECTION('center_axis',(-8.32667268468868E-16,1.,0.));
#5780=DIRECTION('ref_axis',(0.,0.,-1.));
#5781=DIRECTION('center_axis',(-8.32667268468868E-16,1.,1.3010726735416E-32));
#5782=DIRECTION('ref_axis',(0.994521895368273,8.28105830048782E-16,0.104528463267653));
#5783=DIRECTION('',(1.,8.32667268468868E-16,0.));
#5784=DIRECTION('',(0.,0.,1.));
#5785=DIRECTION('center_axis',(0.,-1.,-2.08171627766656E-31));
#5786=DIRECTION('ref_axis',(4.68760832619511E-16,-2.08171627766656E-31,
1.));
#5787=DIRECTION('',(0.,0.,-1.));
#5788=DIRECTION('center_axis',(0.,-1.,-2.08171627766656E-31));
#5789=DIRECTION('ref_axis',(-0.994521895368274,-2.17598603463738E-32,0.10452846326765));
#5790=DIRECTION('',(0.994521895368274,2.77555756156289E-16,-0.10452846326765));
#5791=DIRECTION('center_axis',(0.,-1.,-2.08171627766656E-31));
#5792=DIRECTION('ref_axis',(4.68760832619511E-16,-2.08171627766656E-31,
1.));
#5793=DIRECTION('',(1.,2.7755575615629E-16,0.));
#5794=DIRECTION('',(0.994521895368274,2.77555756156289E-16,-0.10452846326765));
#5795=DIRECTION('center_axis',(0.,-1.,-2.08171627766656E-31));
#5796=DIRECTION('ref_axis',(-0.994521895368273,-2.17598603463744E-32,0.104528463267653));
#5797=DIRECTION('center_axis',(0.,-1.,0.));
#5798=DIRECTION('ref_axis',(0.,0.,-1.));
#5799=DIRECTION('',(0.,0.,-1.));
#5800=DIRECTION('',(1.,2.7755575615629E-16,0.));
#5801=DIRECTION('center_axis',(3.82401905219316E-16,-1.,-2.43933780506599E-17));
#5802=DIRECTION('ref_axis',(-0.104528463267652,-1.57121349298203E-17,-0.994521895368274));
#5803=DIRECTION('',(1.,2.7755575615629E-16,0.));
#5804=DIRECTION('',(0.,0.,-1.));
#5805=DIRECTION('',(-0.104528463267652,-2.77016556105311E-17,-0.994521895368274));
#5806=DIRECTION('',(-0.994521895368274,-2.77555756156289E-16,0.10452846326765));
#5807=DIRECTION('',(-0.104528463267652,-2.77016556105311E-17,-0.994521895368274));
#5808=DIRECTION('center_axis',(-3.82401905219316E-16,1.,2.43933780506599E-17));
#5809=DIRECTION('ref_axis',(0.104528463267652,1.57121349298203E-17,0.994521895368274));
#5810=DIRECTION('',(0.994521895368273,-2.77555756156288E-16,-0.104528463267654));
#5811=DIRECTION('',(0.104528463267652,2.77016556105311E-17,0.994521895368274));
#5812=DIRECTION('',(0.994521895368274,2.7755575615629E-16,-0.10452846326765));
#5813=DIRECTION('',(0.104528463267652,2.77016556105311E-17,0.994521895368274));
#5814=DIRECTION('',(0.994521895368273,-2.77555756156288E-16,-0.104528463267654));
#5815=DIRECTION('center_axis',(2.80887484044653E-16,1.,1.71531925848161E-17));
#5816=DIRECTION('ref_axis',(-0.104528463267652,4.6419962659373E-17,-0.994521895368274));
#5817=DIRECTION('',(1.,0.,0.));
#5818=DIRECTION('center_axis',(2.80887484044653E-16,1.,1.71531925848161E-17));
#5819=DIRECTION('ref_axis',(-1.,2.80887484044653E-16,1.64413888290033E-33));
#5820=DIRECTION('center_axis',(2.80887484044653E-16,1.,1.71531925848161E-17));
#5821=DIRECTION('ref_axis',(-0.104528463267652,4.6419962659373E-17,-0.994521895368274));
#5822=DIRECTION('',(0.,0.,-1.));
#5823=DIRECTION('center_axis',(2.80887484044653E-16,1.,1.71531925848161E-17));
#5824=DIRECTION('ref_axis',(-1.,2.80887484044653E-16,4.81811710848237E-33));
#5825=DIRECTION('center_axis',(0.,1.,0.));
#5826=DIRECTION('ref_axis',(0.,0.,1.));
#5827=DIRECTION('',(-1.,0.,0.));
#5828=DIRECTION('',(0.,0.,1.));
#5829=DIRECTION('center_axis',(-3.08148791101957E-32,5.55111512312577E-17,
-1.));
#5830=DIRECTION('ref_axis',(-1.07187543957223E-15,1.,5.55111512312577E-17));
#5831=DIRECTION('',(-1.,-9.91270557701033E-17,0.));
#5832=DIRECTION('center_axis',(-3.08148791101957E-32,5.55111512312577E-17,
-1.));
#5833=DIRECTION('ref_axis',(-1.11022302462516E-15,1.,5.55111512312577E-17));
#5834=DIRECTION('',(-1.,-5.55111512312578E-16,0.));
#5835=DIRECTION('center_axis',(-3.08148791101957E-32,5.55111512312577E-17,
-1.));
#5836=DIRECTION('ref_axis',(-1.11022302462516E-15,1.,5.55111512312577E-17));
#5837=DIRECTION('center_axis',(0.,0.,-1.));
#5838=DIRECTION('ref_axis',(1.,2.05596856412066E-16,0.));
#5839=DIRECTION('center_axis',(1.11022302462516E-16,6.16297582203915E-32,
-1.));
#5840=DIRECTION('ref_axis',(-1.,6.84227765783602E-48,-1.11022302462516E-16));
#5841=DIRECTION('',(-1.,-9.91270557701033E-17,0.));
#5842=DIRECTION('center_axis',(6.00332213641487E-17,1.,-2.98103763128878E-18));
#5843=DIRECTION('ref_axis',(0.104528463267652,-3.31047317896777E-18,0.994521895368274));
#5844=DIRECTION('',(0.994521895368273,0.,-0.104528463267655));
#5845=DIRECTION('',(0.104528463267652,0.,0.994521895368274));
#5846=DIRECTION('',(0.994521895368274,0.,-0.10452846326765));
#5847=DIRECTION('',(0.104528463267652,0.,0.994521895368274));
#5848=DIRECTION('',(0.994521895368273,0.,-0.104528463267655));
#5849=DIRECTION('center_axis',(2.42610368086307E-18,1.,2.30828346234619E-17));
#5850=DIRECTION('ref_axis',(-0.104528463267652,2.32099813296863E-17,-0.994521895368274));
#5851=DIRECTION('',(1.,0.,0.));
#5852=DIRECTION('center_axis',(2.42610368086307E-18,1.,2.30828346234619E-17));
#5853=DIRECTION('ref_axis',(-1.,2.42610368086307E-18,5.60013500447345E-35));
#5854=DIRECTION('center_axis',(2.42610368086307E-18,1.,2.30828346234619E-17));
#5855=DIRECTION('ref_axis',(-0.104528463267652,2.32099813296863E-17,-0.994521895368274));
#5856=DIRECTION('',(0.,0.,-1.));
#5857=DIRECTION('center_axis',(2.42610368086307E-18,1.,2.30828346234619E-17));
#5858=DIRECTION('ref_axis',(-1.,2.42610368086307E-18,5.60013500447345E-35));
#5859=DIRECTION('center_axis',(0.,1.,0.));
#5860=DIRECTION('ref_axis',(0.,0.,1.));
#5861=DIRECTION('',(-1.,0.,0.));
#5862=DIRECTION('',(0.,0.,1.));
#5863=DIRECTION('center_axis',(0.,1.,3.12257441649984E-31));
#5864=DIRECTION('ref_axis',(-4.68760832619511E-16,-3.12257441649984E-31,
1.));
#5865=DIRECTION('',(0.,0.,-1.));
#5866=DIRECTION('center_axis',(0.,1.,3.12257441649984E-31));
#5867=DIRECTION('ref_axis',(0.994521895368274,-3.26397905195607E-32,0.10452846326765));
#5868=DIRECTION('',(-0.994521895368275,2.77555756156289E-16,-0.104528463267641));
#5869=DIRECTION('center_axis',(0.,1.,3.12257441649984E-31));
#5870=DIRECTION('ref_axis',(-4.68760832619511E-16,-3.12257441649984E-31,
1.));
#5871=DIRECTION('',(-1.,5.55111512312578E-16,0.));
#5872=DIRECTION('',(-0.994521895368275,2.77555756156289E-16,-0.104528463267641));
#5873=DIRECTION('center_axis',(0.,1.,3.12257441649984E-31));
#5874=DIRECTION('ref_axis',(0.994521895368273,-3.26397905195617E-32,0.104528463267653));
#5875=DIRECTION('center_axis',(0.,1.,0.));
#5876=DIRECTION('ref_axis',(0.,0.,-1.));
#5877=DIRECTION('',(0.,0.,-1.));
#5878=DIRECTION('',(-1.,5.55111512312578E-16,0.));
#5879=DIRECTION('center_axis',(1.80727188453291E-16,1.,6.11569406503916E-17));
#5880=DIRECTION('ref_axis',(0.104528463267642,4.19307812508485E-17,-0.994521895368275));
#5881=DIRECTION('',(-1.,5.55111512312578E-16,0.));
#5882=DIRECTION('',(0.,0.,-1.));
#5883=DIRECTION('',(0.104528463267642,5.54033112210622E-17,-0.994521895368275));
#5884=DIRECTION('',(0.994521895368275,-2.7755575615629E-16,0.104528463267642));
#5885=DIRECTION('',(0.104528463267642,5.54033112210622E-17,-0.994521895368275));
#5886=DIRECTION('center_axis',(-1.80727188453291E-16,-1.,-6.11569406503916E-17));
#5887=DIRECTION('ref_axis',(-0.104528463267642,-4.19307812508485E-17,0.994521895368275));
#5888=DIRECTION('',(-0.994521895368273,2.77555756156289E-16,-0.104528463267655));
#5889=DIRECTION('',(-0.104528463267642,-5.54033112210622E-17,0.994521895368275));
#5890=DIRECTION('',(-0.994521895368275,2.7755575615629E-16,-0.104528463267641));
#5891=DIRECTION('',(-0.104528463267642,-5.54033112210622E-17,0.994521895368275));
#5892=DIRECTION('',(-0.994521895368273,2.77555756156289E-16,-0.104528463267655));
#5893=DIRECTION('center_axis',(-2.68756965640338E-16,-1.,-9.82609805324944E-17));
#5894=DIRECTION('ref_axis',(0.104528463267652,6.96299439890597E-17,-0.994521895368274));
#5895=DIRECTION('',(-1.,0.,0.));
#5896=DIRECTION('center_axis',(-2.68756965640338E-16,-1.,-9.82609805324944E-17));
#5897=DIRECTION('ref_axis',(1.,-2.68756965640338E-16,-8.22638913385422E-33));
#5898=DIRECTION('center_axis',(-2.68756965640338E-16,-1.,-9.82609805324944E-17));
#5899=DIRECTION('ref_axis',(0.104528463267652,6.96299439890597E-17,-0.994521895368274));
#5900=DIRECTION('',(0.,0.,-1.));
#5901=DIRECTION('center_axis',(-2.68756965640338E-16,-1.,-9.82609805324944E-17));
#5902=DIRECTION('ref_axis',(1.,-2.68756965640338E-16,-2.64083229687575E-32));
#5903=DIRECTION('center_axis',(0.,-1.,0.));
#5904=DIRECTION('ref_axis',(0.,0.,1.));
#5905=DIRECTION('',(1.,0.,0.));
#5906=DIRECTION('',(0.,0.,1.));
#5907=DIRECTION('center_axis',(-1.,-6.27786229722166E-16,-2.22044604925031E-16));
#5908=DIRECTION('ref_axis',(6.27786229722166E-16,-1.,-1.11022302462516E-16));
#5909=DIRECTION('',(3.70074341541719E-16,-1.,0.));
#5910=DIRECTION('',(-5.55111512312578E-16,1.,0.));
#5911=DIRECTION('',(-2.77555756156289E-16,-2.08166817117217E-16,1.));
#5912=DIRECTION('',(6.05576195250086E-16,-1.,-4.03717463500057E-16));
#5913=DIRECTION('',(-1.38777878078145E-16,-1.04083408558608E-16,1.));
#5914=DIRECTION('',(0.,1.,0.));
#5915=DIRECTION('center_axis',(-1.,-6.27786229722166E-16,-2.22044604925031E-16));
#5916=DIRECTION('ref_axis',(6.27786229722166E-16,-1.,-1.11022302462516E-16));
#5917=DIRECTION('',(0.,1.,0.));
#5918=DIRECTION('',(-2.77555756156289E-16,-1.04083408558608E-16,1.));
#5919=DIRECTION('',(6.05576195250086E-16,-1.,-4.03717463500057E-16));
#5920=DIRECTION('',(-2.77555756156289E-16,-2.08166817117217E-16,1.));
#5921=DIRECTION('',(-5.55111512312578E-16,1.,0.));
#5922=DIRECTION('',(0.,0.,-1.));
#5923=DIRECTION('',(-7.40148683083438E-16,1.,0.));
#5924=DIRECTION('center_axis',(-1.60812264967664E-16,-2.33486982377251E-16,
1.));
#5925=DIRECTION('ref_axis',(-6.06250915682444E-16,1.,2.33486982377251E-16));
#5926=DIRECTION('',(-1.,-5.55111512312578E-16,0.));
#5927=DIRECTION('center_axis',(-1.60812264967664E-16,-2.33486982377251E-16,
1.));
#5928=DIRECTION('ref_axis',(-6.06250915682444E-16,1.,2.33486982377251E-16));
#5929=DIRECTION('',(-1.,0.,0.));
#5930=DIRECTION('',(-1.,-5.55111512312578E-16,0.));
#5931=DIRECTION('center_axis',(0.,-1.,0.));
#5932=DIRECTION('ref_axis',(0.,0.,1.));
#5933=DIRECTION('center_axis',(5.0532154980743E-16,-1.,-2.33486982377251E-16));
#5934=DIRECTION('ref_axis',(-2.30201204006736E-16,-2.33486982377251E-16,
1.));
#5935=DIRECTION('',(-1.,-5.55111512312578E-16,0.));
#5936=DIRECTION('center_axis',(1.60812264967664E-16,2.33486982377251E-16,
-1.));
#5937=DIRECTION('ref_axis',(6.06250915682445E-16,-1.,-2.33486982377251E-16));
#5938=DIRECTION('',(-1.,-8.32667268468868E-16,-2.22044604925031E-15));
#5939=DIRECTION('center_axis',(1.,-1.60812264967664E-16,1.11022302462516E-16));
#5940=DIRECTION('ref_axis',(1.60812264967664E-16,1.,-1.66533453693774E-16));
#5941=DIRECTION('',(1.85037170770859E-16,1.,0.));
#5942=DIRECTION('',(0.,-1.,0.));
#5943=DIRECTION('',(-1.38777878078145E-16,1.38777878078145E-16,1.));
#5944=DIRECTION('',(1.58603289232165E-16,1.,0.));
#5945=DIRECTION('',(1.41559943939635E-16,-2.12339915909453E-16,-1.));
#5946=DIRECTION('center_axis',(1.,-1.60812264967664E-16,1.11022302462516E-16));
#5947=DIRECTION('ref_axis',(1.60812264967664E-16,1.,-1.66533453693774E-16));
#5948=DIRECTION('',(-1.85037170770859E-16,-1.,0.));
#5949=DIRECTION('',(1.41559943939635E-16,-2.12339915909453E-16,-1.));
#5950=DIRECTION('',(1.58603289232165E-16,1.,0.));
#5951=DIRECTION('',(-1.38777878078145E-16,1.38777878078145E-16,1.));
#5952=DIRECTION('',(0.,-1.,0.));
#5953=DIRECTION('',(0.,0.,-1.));
#5954=DIRECTION('center_axis',(-1.44499066804254E-16,-1.,1.849147250499E-16));
#5955=DIRECTION('ref_axis',(1.72254642419883E-16,-1.849147250499E-16,-1.));
#5956=DIRECTION('',(-1.,2.77555756156289E-16,0.));
#5957=DIRECTION('',(1.,-2.77555756156289E-16,0.));
#5958=DIRECTION('center_axis',(-1.72254642419883E-16,2.88998133608509E-16,
1.));
#5959=DIRECTION('ref_axis',(-1.24673655650234E-16,-1.,2.88998133608509E-16));
#5960=DIRECTION('',(1.,0.,0.));
#5961=DIRECTION('',(1.,2.77555756156289E-16,0.));
#5962=DIRECTION('center_axis',(0.,1.,0.));
#5963=DIRECTION('ref_axis',(0.,0.,1.));
#5964=DIRECTION('center_axis',(1.72254642419883E-16,-2.88998133608509E-16,
-1.));
#5965=DIRECTION('ref_axis',(1.24673655650234E-16,1.,-2.88998133608509E-16));
#5966=DIRECTION('',(1.,0.,0.));
#5967=DIRECTION('center_axis',(-0.994521895368275,-4.41656442692684E-16,
-0.104528463267642));
#5968=DIRECTION('ref_axis',(4.44089209850063E-16,-1.,-1.23259516440783E-32));
#5969=DIRECTION('',(7.40148683083438E-16,-1.,0.));
#5970=DIRECTION('',(-7.40148683083438E-16,1.,0.));
#5971=DIRECTION('center_axis',(-0.994521895368275,-4.41656442692684E-16,
-0.104528463267642));
#5972=DIRECTION('ref_axis',(4.44089209850063E-16,-1.,-1.23259516440783E-32));
#5973=DIRECTION('',(-7.40148683083438E-16,1.,0.));
#5974=DIRECTION('',(-7.40148683083438E-16,1.,0.));
#5975=DIRECTION('center_axis',(1.80727188453291E-16,1.,6.11569406503916E-17));
#5976=DIRECTION('ref_axis',(0.104528463267642,4.19307812508485E-17,-0.994521895368275));
#5977=DIRECTION('',(-0.994521895368275,2.77555756156289E-16,-0.104528463267641));
#5978=DIRECTION('center_axis',(4.44089209850063E-16,-1.,0.));
#5979=DIRECTION('ref_axis',(1.,4.44089209850063E-16,2.22044604925031E-16));
#5980=DIRECTION('center_axis',(-2.68756965640338E-16,-1.,-9.82609805324944E-17));
#5981=DIRECTION('ref_axis',(1.,-2.68756965640338E-16,-8.22638913385422E-33));
#5982=DIRECTION('center_axis',(0.,1.,3.12257441649984E-31));
#5983=DIRECTION('ref_axis',(0.994521895368273,-3.26397905195617E-32,0.104528463267653));
#5984=DIRECTION('center_axis',(-6.66133814775094E-16,1.,0.));
#5985=DIRECTION('ref_axis',(1.,6.66133814775094E-16,2.22044604925031E-16));
#5986=DIRECTION('center_axis',(0.,1.,3.12257441649984E-31));
#5987=DIRECTION('ref_axis',(-4.68760832619511E-16,-3.12257441649984E-31,
1.));
#5988=DIRECTION('center_axis',(-2.68756965640338E-16,-1.,-9.82609805324944E-17));
#5989=DIRECTION('ref_axis',(0.104528463267652,6.96299439890597E-17,-0.994521895368274));
#5990=DIRECTION('center_axis',(6.66133814775094E-16,-1.,0.));
#5991=DIRECTION('ref_axis',(-0.994521895368275,-6.62484664039026E-16,-0.104528463267642));
#5992=DIRECTION('',(-7.40148683083438E-16,1.,0.));
#5993=DIRECTION('center_axis',(-2.47703917910376E-15,-1.,-3.30360793829328E-16));
#5994=DIRECTION('ref_axis',(-0.913545457642595,2.12851805018698E-15,0.406736643075813));
#5995=DIRECTION('center_axis',(1.91827675654382E-15,1.,-1.15065372096584E-15));
#5996=DIRECTION('ref_axis',(-0.994521895368274,1.78749217055311E-15,-0.104528463267645));
#5997=DIRECTION('center_axis',(-6.66133814775094E-16,1.,0.));
#5998=DIRECTION('ref_axis',(-0.994521895368275,-6.62484664039026E-16,-0.104528463267642));
#5999=DIRECTION('',(-7.40148683083438E-16,1.,0.));
#6000=DIRECTION('center_axis',(1.91827675654382E-15,1.,-1.15065372096584E-15));
#6001=DIRECTION('ref_axis',(-0.994521895368275,1.78749217055311E-15,-0.104528463267641));
#6002=DIRECTION('center_axis',(-2.47703917910376E-15,-1.,-3.30360793829328E-16));
#6003=DIRECTION('ref_axis',(-0.913545457642598,2.12851805018699E-15,0.406736643075807));
#6004=DIRECTION('center_axis',(-2.81541277498381E-16,1.,-2.22044604925032E-16));
#6005=DIRECTION('ref_axis',(-0.406736643075812,-3.17360994320275E-16,-0.913545457642596));
#6006=DIRECTION('',(-0.913545457642595,-2.7755575615629E-16,0.406736643075814));
#6007=DIRECTION('',(-0.406736643075817,0.,-0.913545457642593));
#6008=DIRECTION('',(-0.913545457642595,-2.77555756156289E-16,0.406736643075814));
#6009=DIRECTION('',(-0.406736643075807,0.,-0.913545457642598));
#6010=DIRECTION('center_axis',(-0.913545457642596,-6.08543520669921E-16,
0.406736643075812));
#6011=DIRECTION('ref_axis',(6.66133814775094E-16,-1.,1.4791141972894E-31));
#6012=DIRECTION('center_axis',(-0.913545457642596,-6.08543520669921E-16,
0.406736643075812));
#6013=DIRECTION('ref_axis',(6.78378442073899E-16,-1.,2.75018831958675E-17));
#6014=DIRECTION('',(0.406736643075817,0.,0.913545457642593));
#6015=DIRECTION('center_axis',(2.81541277498381E-16,-1.,2.22044604925032E-16));
#6016=DIRECTION('ref_axis',(0.406736643075812,3.17360994320275E-16,0.913545457642596));
#6017=DIRECTION('',(-0.913545457642595,-2.77555756156289E-16,0.406736643075814));
#6018=DIRECTION('',(-0.913545457642595,2.22044604925031E-15,0.406736643075813));
#6019=DIRECTION('',(0.406736643075817,0.,0.913545457642593));
#6020=DIRECTION('center_axis',(-0.913545457642596,-6.08543520669921E-16,
0.406736643075812));
#6021=DIRECTION('ref_axis',(6.66133814775094E-16,-1.,1.4791141972894E-31));
#6022=DIRECTION('center_axis',(0.913545457642596,6.08543520669921E-16,-0.406736643075812));
#6023=DIRECTION('ref_axis',(1.88911103255979E-15,1.,5.73917389344321E-15));
#6024=DIRECTION('center_axis',(-1.91827675654382E-15,-1.,1.15065372096584E-15));
#6025=DIRECTION('ref_axis',(-0.406736643075812,-2.70941031660904E-16,-0.913545457642596));
#6026=DIRECTION('center_axis',(2.47703917910376E-15,1.,3.30360793829328E-16));
#6027=DIRECTION('ref_axis',(-0.104528463267642,-6.96299439890537E-17,0.994521895368275));
#6028=DIRECTION('center_axis',(0.994521895368274,-2.20828221346342E-16,
-0.104528463267652));
#6029=DIRECTION('ref_axis',(2.22044604925032E-16,1.,-6.16297582203915E-32));
#6030=DIRECTION('',(1.85037170770859E-16,1.,0.));
#6031=DIRECTION('',(-1.85037170770859E-16,-1.,0.));
#6032=DIRECTION('',(-0.104528463267652,0.,-0.994521895368274));
#6033=DIRECTION('center_axis',(0.994521895368274,-2.20828221346342E-16,
-0.104528463267652));
#6034=DIRECTION('ref_axis',(2.22044604925032E-16,1.,-6.16297582203915E-32));
#6035=DIRECTION('',(-1.85037170770859E-16,-1.,0.));
#6036=DIRECTION('',(-0.104528463267652,0.,-0.994521895368274));
#6037=DIRECTION('',(-3.70074341541719E-16,-1.,0.));
#6038=DIRECTION('center_axis',(-6.00332213641487E-17,-1.,2.98103763128878E-18));
#6039=DIRECTION('ref_axis',(-0.104528463267652,3.31047317896777E-18,-0.994521895368274));
#6040=DIRECTION('',(-0.994521895368274,0.,0.10452846326765));
#6041=DIRECTION('',(0.994521895368274,0.,-0.10452846326765));
#6042=DIRECTION('center_axis',(2.22044604925031E-16,1.,0.));
#6043=DIRECTION('ref_axis',(-1.,2.22044604925031E-16,-1.11022302462516E-16));
#6044=DIRECTION('center_axis',(2.42610368086307E-18,1.,2.30828346234619E-17));
#6045=DIRECTION('ref_axis',(-1.,2.42610368086307E-18,5.60013500447345E-35));
#6046=DIRECTION('center_axis',(0.,-1.,5.2042906941664E-32));
#6047=DIRECTION('ref_axis',(-0.994521895368273,5.43996508659361E-33,0.104528463267653));
#6048=DIRECTION('center_axis',(-2.22044604925031E-16,-1.,0.));
#6049=DIRECTION('ref_axis',(-1.,2.22044604925031E-16,-1.11022302462516E-16));
#6050=DIRECTION('center_axis',(0.,-1.,5.2042906941664E-32));
#6051=DIRECTION('ref_axis',(-0.994521895368274,5.43996508659345E-33,0.10452846326765));
#6052=DIRECTION('center_axis',(0.,-1.,5.2042906941664E-32));
#6053=DIRECTION('ref_axis',(-2.34380416309755E-16,5.2042906941664E-32,1.));
#6054=DIRECTION('center_axis',(2.42610368086307E-18,1.,2.30828346234619E-17));
#6055=DIRECTION('ref_axis',(-0.104528463267652,2.32099813296863E-17,-0.994521895368274));
#6056=DIRECTION('center_axis',(3.33066907387547E-16,1.,0.));
#6057=DIRECTION('ref_axis',(0.994521895368274,-3.31242332019512E-16,-0.104528463267652));
#6058=DIRECTION('',(0.,-1.,0.));
#6059=DIRECTION('center_axis',(1.38381553893593E-15,1.,-1.10438131375347E-16));
#6060=DIRECTION('ref_axis',(0.913545457642599,-1.21925916498699E-15,0.406736643075805));
#6061=DIRECTION('center_axis',(-1.3228998242403E-15,-1.,-4.40702008245469E-16));
#6062=DIRECTION('ref_axis',(0.994521895368273,-1.26958693690495E-15,-0.104528463267653));
#6063=DIRECTION('center_axis',(-2.22044604925031E-16,-1.,0.));
#6064=DIRECTION('ref_axis',(0.994521895368274,-2.20828221346341E-16,-0.104528463267652));
#6065=DIRECTION('',(0.,-1.,0.));
#6066=DIRECTION('center_axis',(-1.3228998242403E-15,-1.,-4.40702008245469E-16));
#6067=DIRECTION('ref_axis',(0.994521895368274,-1.26958693690495E-15,-0.10452846326765));
#6068=DIRECTION('center_axis',(1.38381553893593E-15,1.,-1.10438131375347E-16));
#6069=DIRECTION('ref_axis',(0.9135454576426,-1.21925916498699E-15,0.406736643075802));
#6070=DIRECTION('center_axis',(-3.94330439028326E-16,-1.,-1.86979406285901E-18));
#6071=DIRECTION('ref_axis',(0.406736643075799,-1.58680497160135E-16,-0.913545457642602));
#6072=DIRECTION('',(0.913545457642601,-2.77555756156289E-16,0.406736643075799));
#6073=DIRECTION('',(0.406736643075791,0.,-0.913545457642605));
#6074=DIRECTION('',(0.913545457642599,-2.77555756156289E-16,0.406736643075804));
#6075=DIRECTION('',(0.406736643075799,0.,-0.913545457642602));
#6076=DIRECTION('center_axis',(0.913545457642601,-3.04271760334962E-16,
0.406736643075799));
#6077=DIRECTION('ref_axis',(3.33066907387547E-16,1.,-1.4791141972894E-31));
#6078=DIRECTION('center_axis',(0.913545457642601,-3.04271760334962E-16,
0.406736643075799));
#6079=DIRECTION('ref_axis',(3.39189221036949E-16,1.,-1.37509415979334E-17));
#6080=DIRECTION('',(-0.406736643075791,0.,0.913545457642605));
#6081=DIRECTION('center_axis',(3.94330439028326E-16,1.,1.86979406285901E-18));
#6082=DIRECTION('ref_axis',(-0.406736643075799,1.58680497160135E-16,0.913545457642602));
#6083=DIRECTION('',(0.913545457642601,-2.77555756156289E-16,0.4067366430758));
#6084=DIRECTION('',(0.913545457642597,-1.38777878078144E-15,0.406736643075809));
#6085=DIRECTION('',(-0.406736643075801,0.,0.913545457642601));
#6086=DIRECTION('center_axis',(0.913545457642601,-3.04271760334962E-16,
0.406736643075799));
#6087=DIRECTION('ref_axis',(3.33066907387547E-16,1.,-1.4791141972894E-31));
#6088=DIRECTION('center_axis',(-0.913545457642601,3.04271760334962E-16,
-0.406736643075799));
#6089=DIRECTION('ref_axis',(-3.39189221036949E-16,-1.,1.37509415979344E-17));
#6090=DIRECTION('center_axis',(1.3228998242403E-15,1.,4.40702008245469E-16));
#6091=DIRECTION('ref_axis',(0.406736643075804,-1.35470515830451E-16,-0.913545457642599));
#6092=DIRECTION('center_axis',(-1.38381553893593E-15,-1.,1.10438131375347E-16));
#6093=DIRECTION('ref_axis',(0.104528463267652,-3.48149719945299E-17,0.994521895368274));
#6094=DIRECTION('center_axis',(0.,0.,-1.));
#6095=DIRECTION('ref_axis',(1.,2.05596856412066E-16,0.));
#6096=DIRECTION('',(1.,9.91270557701033E-17,0.));
#6097=DIRECTION('',(1.,1.32169407693471E-16,0.));
#6098=DIRECTION('center_axis',(1.22464679914735E-16,-1.,-6.12323399573677E-17));
#6099=DIRECTION('ref_axis',(1.,1.22464679914735E-16,1.22464679914735E-16));
#6100=DIRECTION('',(1.38777878078145E-16,-6.93889390390723E-17,1.));
#6101=DIRECTION('',(-1.,0.,0.));
#6102=DIRECTION('',(7.93016446160826E-17,7.93016446160826E-17,-1.));
#6103=DIRECTION('',(1.,0.,0.));
#6104=DIRECTION('',(-0.707106781186548,-9.81307786677359E-17,-0.707106781186547));
#6105=DIRECTION('',(-1.,-9.25185853854297E-17,0.));
#6106=DIRECTION('',(-0.707106781186547,-9.8130778667736E-17,0.707106781186548));
#6107=DIRECTION('',(1.,0.,0.));
#6108=DIRECTION('',(-7.93016446160826E-17,-7.93016446160826E-17,1.));
#6109=DIRECTION('',(-1.,0.,0.));
#6110=DIRECTION('',(1.38777878078145E-16,6.93889390390723E-17,-1.));
#6111=DIRECTION('',(1.,1.30614473485313E-16,1.30614473485313E-16));
#6112=DIRECTION('',(1.38777878078145E-16,0.,-1.));
#6113=DIRECTION('',(-1.38777878078145E-16,0.,1.));
#6114=DIRECTION('',(1.,0.,0.));
#6115=DIRECTION('',(4.2700885562506E-17,-8.54017711250121E-17,1.));
#6116=DIRECTION('center_axis',(1.22464679914735E-16,-1.,-6.12323399573677E-17));
#6117=DIRECTION('ref_axis',(1.,1.22464679914735E-16,7.49879891330929E-33));
#6118=DIRECTION('',(-1.,-1.48029736616688E-16,0.));
#6119=DIRECTION('center_axis',(1.22464679914735E-16,-1.,-6.12323399573677E-17));
#6120=DIRECTION('ref_axis',(7.49879891330929E-33,-6.12323399573677E-17,
1.));
#6121=DIRECTION('',(-4.2700885562506E-17,8.54017711250121E-17,-1.));
#6122=DIRECTION('',(1.,0.,0.));
#6123=DIRECTION('center_axis',(1.22464679914735E-16,-1.,-6.12323399573677E-17));
#6124=DIRECTION('ref_axis',(1.,1.22464679914735E-16,1.22464679914735E-16));
#6125=DIRECTION('',(-1.38777878078145E-16,6.93889390390723E-17,-1.));
#6126=DIRECTION('',(1.,1.63268091856641E-16,1.30614473485313E-16));
#6127=DIRECTION('',(-1.38777878078145E-16,-6.93889390390723E-17,1.));
#6128=DIRECTION('',(-1.,-5.04646829375072E-16,0.));
#6129=DIRECTION('',(-7.93016446160826E-17,-5.94762334620619E-17,1.));
#6130=DIRECTION('',(1.,2.70786103567111E-16,0.));
#6131=DIRECTION('',(-0.707106781186547,-9.8130778667736E-17,0.707106781186548));
#6132=DIRECTION('',(-1.,-1.38777878078145E-16,0.));
#6133=DIRECTION('',(-0.707106781186548,-4.9065389333868E-17,-0.707106781186547));
#6134=DIRECTION('',(1.,0.,0.));
#6135=DIRECTION('',(7.93016446160826E-17,5.94762334620619E-17,-1.));
#6136=DIRECTION('',(-1.,0.,0.));
#6137=DIRECTION('',(-1.38777878078145E-16,-6.93889390390723E-17,1.));
#6138=DIRECTION('',(1.,0.,0.));
#6139=DIRECTION('',(-4.2700885562506E-17,4.2700885562506E-17,-1.));
#6140=DIRECTION('center_axis',(1.22464679914735E-16,-1.,-6.12323399573677E-17));
#6141=DIRECTION('ref_axis',(7.49879891330929E-33,-6.12323399573677E-17,
1.));
#6142=DIRECTION('',(-1.,-1.11022302462516E-16,0.));
#6143=DIRECTION('center_axis',(1.22464679914735E-16,-1.,-6.12323399573677E-17));
#6144=DIRECTION('ref_axis',(1.,1.22464679914735E-16,7.49879891330929E-33));
#6145=DIRECTION('',(4.2700885562506E-17,-4.2700885562506E-17,1.));
#6146=DIRECTION('',(1.,1.00929365875014E-15,0.));
#6147=DIRECTION('',(1.38777878078145E-16,6.93889390390723E-17,-1.));
#6148=DIRECTION('center_axis',(0.,0.,-1.));
#6149=DIRECTION('ref_axis',(1.,0.,0.));
#6150=DIRECTION('',(0.,1.,0.));
#6151=DIRECTION('',(0.,-1.,0.));
#6152=DIRECTION('center_axis',(1.11022302462516E-16,6.16297582203915E-32,
-1.));
#6153=DIRECTION('ref_axis',(-1.,4.98587381314355E-17,-1.11022302462516E-16));
#6154=DIRECTION('center_axis',(1.11022302462516E-16,6.16297582203915E-32,
-1.));
#6155=DIRECTION('ref_axis',(-1.,6.84227765783602E-48,-1.11022302462516E-16));
#6156=DIRECTION('center_axis',(1.11022302462516E-16,6.16297582203915E-32,
-1.));
#6157=DIRECTION('ref_axis',(-1.,6.84227765783602E-48,-1.11022302462516E-16));
#6158=DIRECTION('center_axis',(0.,0.,1.));
#6159=DIRECTION('ref_axis',(-1.,0.,0.));
#6160=DIRECTION('',(0.,-1.,0.));
#6161=DIRECTION('',(0.,-1.,0.));
#6162=DIRECTION('center_axis',(-1.,0.,-7.93016446160826E-17));
#6163=DIRECTION('ref_axis',(7.93016446160826E-17,7.93016446160826E-17,-1.));
#6164=DIRECTION('',(0.,-1.,0.));
#6165=DIRECTION('center_axis',(0.,0.,-1.));
#6166=DIRECTION('ref_axis',(1.,0.,0.));
#6167=DIRECTION('',(0.,-1.,0.));
#6168=DIRECTION('center_axis',(-0.707106781186547,6.16297582203915E-33,
0.707106781186548));
#6169=DIRECTION('ref_axis',(-0.707106781186548,-9.81307786677359E-17,-0.707106781186547));
#6170=DIRECTION('',(0.,-1.,0.));
#6171=DIRECTION('center_axis',(0.,0.,1.));
#6172=DIRECTION('ref_axis',(-1.,-9.25185853854297E-17,0.));
#6173=DIRECTION('',(0.,-1.,0.));
#6174=DIRECTION('center_axis',(0.707106781186548,-6.16297582203915E-33,
0.707106781186547));
#6175=DIRECTION('ref_axis',(-0.707106781186547,-9.8130778667736E-17,0.707106781186548));
#6176=DIRECTION('',(0.,-1.,0.));
#6177=DIRECTION('center_axis',(0.,0.,-1.));
#6178=DIRECTION('ref_axis',(1.,0.,0.));
#6179=DIRECTION('',(0.,-1.,0.));
#6180=DIRECTION('center_axis',(1.,0.,7.93016446160826E-17));
#6181=DIRECTION('ref_axis',(-7.93016446160826E-17,-7.93016446160826E-17,
1.));
#6182=DIRECTION('',(0.,-1.,0.));
#6183=DIRECTION('center_axis',(0.,0.,1.));
#6184=DIRECTION('ref_axis',(-1.,0.,0.));
#6185=DIRECTION('',(0.,1.,0.));
#6186=DIRECTION('center_axis',(2.22044604925031E-16,1.11022302462516E-16,
-1.));
#6187=DIRECTION('ref_axis',(-1.22464679914735E-16,1.,1.11022302462516E-16));
#6188=DIRECTION('center_axis',(2.22044604925031E-15,5.55111512312582E-17,
-1.));
#6189=DIRECTION('ref_axis',(-1.23259516440784E-31,1.,5.55111512312582E-17));
#6190=DIRECTION('center_axis',(-2.22044604925033E-16,-4.44089209850062E-15,
1.));
#6191=DIRECTION('ref_axis',(1.,-3.7007434154172E-16,2.22044604925031E-16));
#6192=DIRECTION('center_axis',(1.11022302462516E-16,0.,-1.));
#6193=DIRECTION('ref_axis',(1.,1.11022302462516E-16,1.11022302462516E-16));
#6194=DIRECTION('',(0.,1.,0.));
#6195=DIRECTION('',(0.,-1.,0.));
#6196=DIRECTION('center_axis',(-1.11022302462516E-16,0.,1.));
#6197=DIRECTION('ref_axis',(-1.22464679914735E-16,1.,-1.35963107344689E-32));
#6198=DIRECTION('center_axis',(1.54074395550979E-32,-5.55111512312579E-17,
1.));
#6199=DIRECTION('ref_axis',(7.40148683083437E-16,1.,5.55111512312579E-17));
#6200=DIRECTION('center_axis',(0.,0.,-1.));
#6201=DIRECTION('ref_axis',(1.,0.,0.));
#6202=DIRECTION('',(0.,-1.,0.));
#6203=DIRECTION('',(0.,-1.,0.));
#6204=DIRECTION('center_axis',(1.,0.,0.));
#6205=DIRECTION('ref_axis',(0.,-8.54017711250121E-17,1.));
#6206=DIRECTION('',(0.,-1.,0.));
#6207=DIRECTION('center_axis',(1.22464679914735E-16,-1.,-6.12323399573677E-17));
#6208=DIRECTION('ref_axis',(1.,1.22464679914735E-16,1.22464679914735E-16));
#6209=DIRECTION('',(0.,-1.,0.));
#6210=DIRECTION('center_axis',(0.,0.,1.));
#6211=DIRECTION('ref_axis',(-1.,-1.48029736616688E-16,0.));
#6212=DIRECTION('',(0.,-1.,0.));
#6213=DIRECTION('center_axis',(1.22464679914735E-16,-1.,-6.12323399573677E-17));
#6214=DIRECTION('ref_axis',(-1.22464679914735E-16,-6.12323399573677E-17,
1.));
#6215=DIRECTION('',(0.,-1.,0.));
#6216=DIRECTION('center_axis',(-1.,0.,0.));
#6217=DIRECTION('ref_axis',(0.,8.54017711250121E-17,-1.));
#6218=DIRECTION('center_axis',(-2.22044604925031E-16,-5.55111512312578E-17,
1.));
#6219=DIRECTION('ref_axis',(-1.22464679914735E-16,1.,5.55111512312578E-17));
#6220=DIRECTION('center_axis',(-2.22044604925033E-16,-4.44089209850062E-15,
1.));
#6221=DIRECTION('ref_axis',(1.,-5.55111512312579E-16,2.22044604925031E-16));
#6222=DIRECTION('center_axis',(2.22044604925031E-15,5.55111512312582E-17,
-1.));
#6223=DIRECTION('ref_axis',(-1.23259516440784E-31,1.,5.55111512312582E-17));
#6224=DIRECTION('center_axis',(1.11022302462516E-16,5.55111512312578E-17,
-1.));
#6225=DIRECTION('ref_axis',(-1.22464679914735E-16,1.,5.55111512312578E-17));
#6226=DIRECTION('center_axis',(1.54074395550979E-32,-5.55111512312579E-17,
1.));
#6227=DIRECTION('ref_axis',(1.11022302462516E-15,1.,5.55111512312579E-17));
#6228=DIRECTION('center_axis',(-2.22044604925033E-16,-4.44089209850062E-15,
1.));
#6229=DIRECTION('ref_axis',(1.,-3.58254022749534E-16,2.22044604925031E-16));
#6230=DIRECTION('center_axis',(2.22044604925031E-15,5.55111512312582E-17,
-1.));
#6231=DIRECTION('ref_axis',(-1.83697019872103E-16,1.,5.55111512312578E-17));
#6232=DIRECTION('center_axis',(1.54074395550979E-32,-5.55111512312579E-17,
1.));
#6233=DIRECTION('ref_axis',(6.04901474817726E-16,1.,5.55111512312579E-17));
#6234=DIRECTION('center_axis',(1.,-3.82856869892695E-16,-2.22044604925031E-16));
#6235=DIRECTION('ref_axis',(3.82856869892695E-16,1.,3.88578058618805E-16));
#6236=DIRECTION('',(0.,1.,-1.48029736616688E-15));
#6237=DIRECTION('',(0.,-1.,0.));
#6238=DIRECTION('',(2.77555756156289E-16,-1.04083408558608E-16,1.));
#6239=DIRECTION('',(4.03717463500057E-16,1.,4.03717463500057E-16));
#6240=DIRECTION('',(-2.77555756156289E-16,2.77555756156289E-16,-1.));
#6241=DIRECTION('',(0.,-1.,0.));
#6242=DIRECTION('center_axis',(1.,-3.82856869892695E-16,-2.22044604925031E-16));
#6243=DIRECTION('ref_axis',(3.82856869892695E-16,1.,3.88578058618805E-16));
#6244=DIRECTION('',(0.,-1.,0.));
#6245=DIRECTION('',(-2.77555756156289E-16,2.77555756156289E-16,-1.));
#6246=DIRECTION('',(4.03717463500057E-16,1.,4.03717463500057E-16));
#6247=DIRECTION('',(2.77555756156289E-16,-1.04083408558608E-16,1.));
#6248=DIRECTION('',(0.,-1.,0.));
#6249=DIRECTION('',(0.,0.,-1.));
#6250=DIRECTION('',(-3.70074341541719E-16,-1.,1.48029736616688E-15));
#6251=DIRECTION('center_axis',(1.60812264967664E-16,-2.66113378704069E-16,
1.));
#6252=DIRECTION('ref_axis',(-4.04392183932416E-16,-1.,-2.66113378704069E-16));
#6253=DIRECTION('',(1.,-5.55111512312578E-16,0.));
#6254=DIRECTION('center_axis',(1.60812264967664E-16,-2.66113378704069E-16,
1.));
#6255=DIRECTION('ref_axis',(-4.04392183932416E-16,-1.,-2.66113378704069E-16));
#6256=DIRECTION('',(1.,0.,0.));
#6257=DIRECTION('',(1.,0.,4.44089209850062E-15));
#6258=DIRECTION('center_axis',(0.,1.,0.));
#6259=DIRECTION('ref_axis',(0.,0.,1.));
#6260=DIRECTION('center_axis',(2.22044604925031E-16,-1.11022302462516E-16,
1.));
#6261=DIRECTION('ref_axis',(-1.22464679914735E-16,1.,1.11022302462516E-16));
#6262=DIRECTION('center_axis',(-4.44089209850062E-15,-5.5511151231254E-17,
1.));
#6263=DIRECTION('ref_axis',(7.40148683083437E-16,1.,5.55111512312573E-17));
#6264=DIRECTION('center_axis',(-2.22044604925032E-16,-2.22044604925031E-15,
-1.));
#6265=DIRECTION('ref_axis',(-1.,3.70074341541719E-16,2.22044604925031E-16));
#6266=DIRECTION('center_axis',(-1.60812264967664E-16,2.66113378704069E-16,
-1.));
#6267=DIRECTION('ref_axis',(4.04392183932416E-16,1.,2.66113378704069E-16));
#6268=DIRECTION('',(1.,-2.77555756156289E-16,0.));
#6269=DIRECTION('',(1.,-5.55111512312578E-16,0.));
#6270=DIRECTION('center_axis',(-5.0532154980743E-16,-1.,-2.66113378704069E-16));
#6271=DIRECTION('ref_axis',(-2.30201204006736E-16,2.66113378704069E-16,
-1.));
#6272=DIRECTION('center_axis',(-2.22044604925031E-16,5.55111512312578E-17,
-1.));
#6273=DIRECTION('ref_axis',(-1.22464679914735E-16,1.,5.55111512312578E-17));
#6274=DIRECTION('center_axis',(-2.22044604925032E-16,-2.22044604925031E-15,
-1.));
#6275=DIRECTION('ref_axis',(-1.,5.55111512312578E-16,2.22044604925031E-16));
#6276=DIRECTION('center_axis',(-4.44089209850062E-15,-5.5511151231254E-17,
1.));
#6277=DIRECTION('ref_axis',(-2.46519032881549E-31,1.,5.5511151231254E-17));
#6278=DIRECTION('center_axis',(-4.44089209850062E-15,-5.5511151231254E-17,
1.));
#6279=DIRECTION('ref_axis',(8.26946079742757E-16,1.,5.55111512312577E-17));
#6280=DIRECTION('center_axis',(-2.22044604925032E-16,-2.22044604925031E-15,
-1.));
#6281=DIRECTION('ref_axis',(-1.,3.58254022749534E-16,2.22044604925031E-16));
#6282=DIRECTION('center_axis',(-1.,-8.49830834647197E-16,-1.11022302462516E-16));
#6283=DIRECTION('ref_axis',(8.49830834647197E-16,-1.,-1.66533453693773E-16));
#6284=DIRECTION('',(0.,0.,-1.));
#6285=DIRECTION('',(9.25185853854297E-16,-1.,0.));
#6286=DIRECTION('',(0.,-2.12339915909453E-16,1.));
#6287=DIRECTION('',(9.51619735392991E-16,-1.,0.));
#6288=DIRECTION('',(1.38777878078145E-16,1.38777878078145E-16,-1.));
#6289=DIRECTION('',(-1.11022302462516E-15,1.,0.));
#6290=DIRECTION('center_axis',(-1.,-8.49830834647197E-16,-1.11022302462516E-16));
#6291=DIRECTION('ref_axis',(8.49830834647197E-16,-1.,-1.66533453693773E-16));
#6292=DIRECTION('',(-2.22044604925031E-15,1.,0.));
#6293=DIRECTION('',(1.38777878078145E-16,1.38777878078145E-16,-1.));
#6294=DIRECTION('',(9.51619735392991E-16,-1.,0.));
#6295=DIRECTION('',(-1.41559943939635E-16,-2.12339915909453E-16,1.));
#6296=DIRECTION('',(-9.25185853854297E-16,1.,0.));
#6297=DIRECTION('center_axis',(-4.97899625051477E-17,-2.88998133608509E-16,
1.));
#6298=DIRECTION('ref_axis',(-8.85969443964627E-16,1.,2.88998133608509E-16));
#6299=DIRECTION('',(-1.,-8.32667268468868E-16,0.));
#6300=DIRECTION('',(-1.,-8.32667268468867E-16,0.));
#6301=DIRECTION('center_axis',(8.66144032810606E-16,-1.,-1.849147250499E-16));
#6302=DIRECTION('ref_axis',(-4.97899625051478E-17,-1.849147250499E-16,1.));
#6303=DIRECTION('',(-1.,-8.32667268468868E-16,0.));
#6304=DIRECTION('',(-1.,-8.32667268468868E-16,0.));
#6305=DIRECTION('center_axis',(-8.32667268468868E-16,1.,0.));
#6306=DIRECTION('ref_axis',(0.,0.,-1.));
#6307=DIRECTION('center_axis',(4.97899625051477E-17,2.88998133608509E-16,
-1.));
#6308=DIRECTION('ref_axis',(8.85969443964627E-16,-1.,-2.88998133608509E-16));
#6309=DIRECTION('center_axis',(1.11022302462516E-16,0.,-1.));
#6310=DIRECTION('ref_axis',(-1.22464679914735E-16,1.,-1.35963107344689E-32));
#6311=DIRECTION('center_axis',(-3.08148791101957E-32,5.55111512312577E-17,
-1.));
#6312=DIRECTION('ref_axis',(-1.11022302462516E-15,1.,5.55111512312577E-17));
#6313=DIRECTION('center_axis',(-1.11022302462516E-16,0.,1.));
#6314=DIRECTION('ref_axis',(1.,0.,1.11022302462516E-16));
#6315=DIRECTION('center_axis',(-1.11022302462516E-16,-5.55111512312578E-17,
1.));
#6316=DIRECTION('ref_axis',(-1.22464679914735E-16,1.,5.55111512312578E-17));
#6317=DIRECTION('center_axis',(-1.11022302462516E-16,0.,1.));
#6318=DIRECTION('ref_axis',(1.,0.,1.11022302462516E-16));
#6319=DIRECTION('center_axis',(-1.11022302462516E-16,0.,1.));
#6320=DIRECTION('ref_axis',(1.,-4.98587381314356E-17,1.11022302462516E-16));
#6321=DIRECTION('center_axis',(-3.08148791101957E-32,5.55111512312577E-17,
-1.));
#6322=DIRECTION('ref_axis',(-1.07187543957223E-15,1.,5.55111512312577E-17));
#6323=DIRECTION('center_axis',(0.994521895368274,1.23259516440783E-32,-0.104528463267652));
#6324=DIRECTION('ref_axis',(-1.74511855899684E-32,1.,-4.81173679211365E-32));
#6325=DIRECTION('',(0.,1.,0.));
#6326=DIRECTION('',(0.,-1.,0.));
#6327=DIRECTION('center_axis',(0.994521895368274,1.23259516440783E-32,-0.104528463267652));
#6328=DIRECTION('ref_axis',(-1.74511855899684E-32,1.,-4.81173679211365E-32));
#6329=DIRECTION('',(0.,-1.,0.));
#6330=DIRECTION('',(0.,-1.,0.));
#6331=DIRECTION('center_axis',(3.82401905219316E-16,-1.,-2.43933780506599E-17));
#6332=DIRECTION('ref_axis',(-0.104528463267652,-1.57121349298203E-17,-0.994521895368274));
#6333=DIRECTION('',(0.994521895368274,2.77555756156289E-16,-0.10452846326765));
#6334=DIRECTION('center_axis',(0.,1.,0.));
#6335=DIRECTION('ref_axis',(-1.,0.,2.22044604925031E-16));
#6336=DIRECTION('center_axis',(2.80887484044653E-16,1.,1.71531925848161E-17));
#6337=DIRECTION('ref_axis',(-1.,2.80887484044653E-16,1.64413888290033E-33));
#6338=DIRECTION('center_axis',(0.,-1.,-2.08171627766656E-31));
#6339=DIRECTION('ref_axis',(-0.994521895368273,-2.17598603463744E-32,0.104528463267653));
#6340=DIRECTION('center_axis',(-4.44089209850063E-16,-1.,0.));
#6341=DIRECTION('ref_axis',(-1.,4.44089209850063E-16,2.22044604925031E-16));
#6342=DIRECTION('center_axis',(0.,-1.,-2.08171627766656E-31));
#6343=DIRECTION('ref_axis',(4.68760832619511E-16,-2.08171627766656E-31,
1.));
#6344=DIRECTION('center_axis',(2.80887484044653E-16,1.,1.71531925848161E-17));
#6345=DIRECTION('ref_axis',(-0.104528463267652,4.6419962659373E-17,-0.994521895368274));
#6346=DIRECTION('center_axis',(0.,1.,0.));
#6347=DIRECTION('ref_axis',(0.994521895368274,0.,-0.104528463267652));
#6348=DIRECTION('',(0.,-1.,0.));
#6349=DIRECTION('center_axis',(2.20828221346342E-15,1.,-2.32099813296865E-16));
#6350=DIRECTION('ref_axis',(0.913545457642599,-1.92296268638356E-15,0.406736643075804));
#6351=DIRECTION('center_axis',(-1.52135880167481E-15,-1.,-6.77352579152251E-16));
#6352=DIRECTION('ref_axis',(0.994521895368273,-1.44222201478767E-15,-0.104528463267653));
#6353=DIRECTION('center_axis',(0.,-1.,0.));
#6354=DIRECTION('ref_axis',(0.994521895368274,0.,-0.104528463267652));
#6355=DIRECTION('',(0.,-1.,0.));
#6356=DIRECTION('center_axis',(-1.52135880167481E-15,-1.,-6.77352579152251E-16));
#6357=DIRECTION('ref_axis',(0.994521895368274,-1.44222201478767E-15,-0.10452846326765));
#6358=DIRECTION('center_axis',(2.20828221346342E-15,1.,-2.32099813296865E-16));
#6359=DIRECTION('ref_axis',(0.913545457642602,-1.92296268638357E-15,0.406736643075799));
#6360=DIRECTION('center_axis',(1.93146096633615E-32,-1.,-4.57798369093811E-32));
#6361=DIRECTION('ref_axis',(0.406736643075803,4.96779215569792E-32,-0.9135454576426));
#6362=DIRECTION('',(0.913545457642599,0.,0.406736643075805));
#6363=DIRECTION('',(0.406736643075807,0.,-0.913545457642598));
#6364=DIRECTION('',(0.913545457642597,0.,0.406736643075808));
#6365=DIRECTION('',(0.406736643075815,0.,-0.913545457642594));
#6366=DIRECTION('center_axis',(0.9135454576426,1.3684555315672E-48,0.406736643075803));
#6367=DIRECTION('ref_axis',(-1.2501463348491E-48,1.,-5.56601009108156E-49));
#6368=DIRECTION('center_axis',(0.9135454576426,0.,0.406736643075803));
#6369=DIRECTION('ref_axis',(0.,1.,0.));
#6370=DIRECTION('',(-0.406736643075798,0.,0.913545457642602));
#6371=DIRECTION('center_axis',(-1.93146096633615E-32,1.,4.57798369093811E-32));
#6372=DIRECTION('ref_axis',(-0.406736643075803,-4.96779215569792E-32,0.9135454576426));
#6373=DIRECTION('',(0.9135454576426,0.,0.406736643075802));
#6374=DIRECTION('',(0.913545457642597,-1.66533453693773E-15,0.406736643075809));
#6375=DIRECTION('',(-0.406736643075807,0.,0.913545457642598));
#6376=DIRECTION('center_axis',(0.9135454576426,1.3684555315672E-48,0.406736643075803));
#6377=DIRECTION('ref_axis',(-1.2501463348491E-48,1.,-5.56601009108156E-49));
#6378=DIRECTION('center_axis',(-0.9135454576426,0.,-0.406736643075803));
#6379=DIRECTION('ref_axis',(-1.34496787381085E-15,-1.,3.0208473042989E-15));
#6380=DIRECTION('center_axis',(1.52135880167481E-15,1.,6.77352579152251E-16));
#6381=DIRECTION('ref_axis',(0.406736643075803,9.86076131526264E-32,-0.9135454576426));
#6382=DIRECTION('center_axis',(-2.20828221346342E-15,-1.,2.32099813296865E-16));
#6383=DIRECTION('ref_axis',(0.104528463267652,9.86076131526265E-32,0.994521895368274));
#6384=DIRECTION('center_axis',(-0.994521895368274,-8.83312885385367E-16,
-0.104528463267652));
#6385=DIRECTION('ref_axis',(8.88178419700126E-16,-1.,6.16297582203915E-32));
#6386=DIRECTION('',(9.25185853854297E-16,-1.,0.));
#6387=DIRECTION('',(-0.104528463267652,-1.10806622442124E-16,0.994521895368274));
#6388=DIRECTION('',(-9.25185853854297E-16,1.,0.));
#6389=DIRECTION('center_axis',(-0.994521895368274,-8.83312885385367E-16,
-0.104528463267652));
#6390=DIRECTION('ref_axis',(8.88178419700126E-16,-1.,6.16297582203915E-32));
#6391=DIRECTION('',(-7.40148683083438E-16,1.,0.));
#6392=DIRECTION('',(-7.40148683083438E-16,1.,0.));
#6393=DIRECTION('',(-0.104528463267652,-1.10806622442124E-16,0.994521895368274));
#6394=DIRECTION('center_axis',(-8.73188942339951E-16,1.,2.15845777597626E-17));
#6395=DIRECTION('ref_axis',(0.104528463267652,1.12739433469464E-16,-0.994521895368274));
#6396=DIRECTION('center_axis',(8.73188942339951E-16,-1.,-2.15845777597626E-17));
#6397=DIRECTION('ref_axis',(-0.104528463267652,-1.12739433469464E-16,0.994521895368274));
#6398=DIRECTION('',(-0.994521895368274,-8.32667268468868E-16,-0.104528463267646));
#6399=DIRECTION('',(-0.994521895368273,-1.11022302462516E-15,-0.104528463267655));
#6400=DIRECTION('center_axis',(8.88178419700125E-16,-1.,0.));
#6401=DIRECTION('ref_axis',(1.,8.88178419700125E-16,1.11022302462516E-16));
#6402=DIRECTION('center_axis',(1.11384552145516E-15,-1.,2.37185681545842E-17));
#6403=DIRECTION('ref_axis',(1.,1.11384552145516E-15,-8.59204379522106E-35));
#6404=DIRECTION('center_axis',(-8.88178419700125E-16,1.,0.));
#6405=DIRECTION('ref_axis',(1.,8.88178419700125E-16,1.11022302462516E-16));
#6406=DIRECTION('center_axis',(-8.32667268468868E-16,1.,1.3010726735416E-32));
#6407=DIRECTION('ref_axis',(0.994521895368274,8.28105830048782E-16,0.10452846326765));
#6408=DIRECTION('center_axis',(1.11384552145516E-15,-1.,2.37185681545842E-17));
#6409=DIRECTION('ref_axis',(1.,1.11384552145516E-15,-8.59204379521777E-35));
#6410=DIRECTION('center_axis',(-8.32667268468868E-16,1.,1.3010726735416E-32));
#6411=DIRECTION('ref_axis',(-2.34380416309755E-16,-2.08171627766656E-31,
1.));
#6412=DIRECTION('center_axis',(1.11384552145516E-15,-1.,2.37185681545842E-17));
#6413=DIRECTION('ref_axis',(0.104528463267652,9.28399253187457E-17,-0.994521895368274));
#6414=DIRECTION('center_axis',(7.7715611723761E-16,-1.,0.));
#6415=DIRECTION('ref_axis',(-0.994521895368274,-7.72898774712196E-16,-0.104528463267652));
#6416=DIRECTION('',(-7.40148683083438E-16,1.,0.));
#6417=DIRECTION('center_axis',(1.11263246961473E-15,-1.,3.52599854663154E-17));
#6418=DIRECTION('ref_axis',(-0.913545457642599,-1.00209881051873E-15,0.406736643075804));
#6419=DIRECTION('center_axis',(-1.39636758803313E-15,1.,2.75690709070258E-16));
#6420=DIRECTION('ref_axis',(-0.994521895368273,-1.35990061412525E-15,-0.104528463267653));
#6421=DIRECTION('center_axis',(-8.88178419700125E-16,1.,0.));
#6422=DIRECTION('ref_axis',(-0.994521895368274,-8.83312885385366E-16,-0.104528463267652));
#6423=DIRECTION('',(-7.40148683083438E-16,1.,0.));
#6424=DIRECTION('center_axis',(-1.39636758803313E-15,1.,2.75690709070258E-16));
#6425=DIRECTION('ref_axis',(-0.994521895368274,-1.35990061412525E-15,-0.10452846326765));
#6426=DIRECTION('center_axis',(1.11263246961473E-15,-1.,3.52599854663154E-17));
#6427=DIRECTION('ref_axis',(-0.913545457642599,-1.00209881051873E-15,0.406736643075804));
#6428=DIRECTION('center_axis',(-4.44448144641106E-16,1.,-5.96393671402066E-17));
#6429=DIRECTION('ref_axis',(-0.406736643075799,-2.35256619320206E-16,-0.913545457642602));
#6430=DIRECTION('',(-0.913545457642601,-2.7755575615629E-16,0.406736643075801));
#6431=DIRECTION('',(-0.406736643075788,0.,-0.913545457642606));
#6432=DIRECTION('',(-0.913545457642599,-2.77555756156289E-16,0.406736643075804));
#6433=DIRECTION('',(-0.406736643075801,0.,-0.913545457642601));
#6434=DIRECTION('center_axis',(-0.913545457642602,-7.09967440781579E-16,
0.406736643075799));
#6435=DIRECTION('ref_axis',(7.77156117237609E-16,-1.,4.43734259186819E-31));
#6436=DIRECTION('center_axis',(-0.913545457642602,-7.09967440781579E-16,
0.406736643075799));
#6437=DIRECTION('ref_axis',(7.71033803588206E-16,-1.,-1.37509415979337E-17));
#6438=DIRECTION('',(0.406736643075791,0.,0.913545457642605));
#6439=DIRECTION('center_axis',(4.44448144641105E-16,-1.,5.96393671402068E-17));
#6440=DIRECTION('ref_axis',(0.406736643075799,2.35256619320205E-16,0.913545457642602));
#6441=DIRECTION('',(-0.913545457642602,-2.7755575615629E-16,0.406736643075797));
#6442=DIRECTION('',(-0.913545457642597,-1.38777878078144E-15,0.406736643075809));
#6443=DIRECTION('',(0.406736643075801,0.,0.913545457642601));
#6444=DIRECTION('center_axis',(-0.913545457642602,-7.09967440781579E-16,
0.406736643075799));
#6445=DIRECTION('ref_axis',(7.77156117237609E-16,-1.,4.43734259186819E-31));
#6446=DIRECTION('center_axis',(0.913545457642602,7.09967440781579E-16,-0.406736643075799));
#6447=DIRECTION('ref_axis',(-2.05477854090501E-15,1.,-2.86958694672163E-15));
#6448=DIRECTION('center_axis',(1.39636758803313E-15,-1.,-2.75690709070258E-16));
#6449=DIRECTION('ref_axis',(-0.406736643075804,-3.16097870271051E-16,-0.913545457642599));
#6450=DIRECTION('center_axis',(-1.11263246961473E-15,1.,-3.52599854663153E-17));
#6451=DIRECTION('ref_axis',(-0.104528463267652,-8.12349346539025E-17,0.994521895368274));
#6452=DIRECTION('center_axis',(0.913545457642595,1.28102656687518E-16,-0.406736643075813));
#6453=DIRECTION('ref_axis',(0.406736643075813,-8.88188188903385E-17,0.913545457642595));
#6454=DIRECTION('center_axis',(-0.913545457642601,2.98906198937542E-16,
-0.406736643075799));
#6455=DIRECTION('ref_axis',(-0.406736643075799,-5.02947724443352E-16,0.913545457642601));
#6456=DIRECTION('center_axis',(-0.913545457642599,0.,-0.406736643075805));
#6457=DIRECTION('ref_axis',(-0.406736643075805,2.77555756156289E-16,0.913545457642599));
#6458=DIRECTION('center_axis',(0.913545457642601,4.05658412843806E-16,-0.406736643075799));
#6459=DIRECTION('ref_axis',(0.406736643075799,1.19012430408902E-16,0.913545457642601));
#6460=DIRECTION('center_axis',(0.707106781186548,-0.707106781186548,0.));
#6461=DIRECTION('ref_axis',(-0.707106781186548,-0.707106781186548,0.));
#6462=DIRECTION('',(0.,0.,1.));
#6463=DIRECTION('',(-0.707106781186548,-0.707106781186548,0.));
#6464=DIRECTION('',(0.,0.,1.));
#6465=DIRECTION('',(-0.707106781186548,-0.707106781186548,0.));
#6466=DIRECTION('center_axis',(0.,-1.,0.));
#6467=DIRECTION('ref_axis',(-1.,0.,0.));
#6468=DIRECTION('',(0.,0.,1.));
#6469=DIRECTION('',(-1.,0.,0.));
#6470=DIRECTION('',(-1.,0.,0.));
#6471=DIRECTION('center_axis',(1.,0.,0.));
#6472=DIRECTION('ref_axis',(0.,-1.,0.));
#6473=DIRECTION('',(0.,-1.,0.));
#6474=DIRECTION('',(0.,0.,1.));
#6475=DIRECTION('',(0.,-1.,0.));
#6476=DIRECTION('center_axis',(0.,0.,1.));
#6477=DIRECTION('ref_axis',(1.,0.,0.));
#6478=DIRECTION('',(-0.707106781186548,0.707106781186548,0.));
#6479=DIRECTION('',(0.,1.,0.));
#6480=DIRECTION('',(0.707106781186548,0.707106781186548,0.));
#6481=DIRECTION('',(-0.707106781186548,0.707106781186548,0.));
#6482=DIRECTION('',(0.,1.,0.));
#6483=DIRECTION('',(0.707106781186548,0.707106781186548,0.));
#6484=DIRECTION('',(-0.707106781186548,0.707106781186548,0.));
#6485=DIRECTION('',(0.,1.,0.));
#6486=DIRECTION('',(0.707106781186548,0.707106781186548,0.));
#6487=DIRECTION('',(1.,0.,0.));
#6488=DIRECTION('',(0.707106781186548,-0.707106781186548,0.));
#6489=DIRECTION('',(0.,-1.,0.));
#6490=DIRECTION('',(-0.707106781186548,-0.707106781186548,0.));
#6491=DIRECTION('',(0.707106781186548,-0.707106781186548,0.));
#6492=DIRECTION('',(0.,-1.,0.));
#6493=DIRECTION('',(-0.707106781186548,-0.707106781186548,0.));
#6494=DIRECTION('',(0.707106781186548,-0.707106781186548,0.));
#6495=DIRECTION('',(0.,1.,0.));
#6496=DIRECTION('',(-1.,0.,0.));
#6497=DIRECTION('',(0.,1.,0.));
#6498=DIRECTION('',(-1.,0.,0.));
#6499=DIRECTION('',(-1.,0.,0.));
#6500=DIRECTION('',(0.,1.,0.));
#6501=DIRECTION('',(-1.,0.,0.));
#6502=DIRECTION('',(0.,1.,0.));
#6503=DIRECTION('',(-1.,0.,0.));
#6504=DIRECTION('',(0.,1.,0.));
#6505=DIRECTION('',(-1.,0.,0.));
#6506=DIRECTION('',(0.,1.,0.));
#6507=DIRECTION('center_axis',(0.,0.,1.));
#6508=DIRECTION('ref_axis',(1.,0.,0.));
#6509=DIRECTION('',(0.707106781186548,-0.707106781186548,0.));
#6510=DIRECTION('',(-0.707106781186548,-0.707106781186548,0.));
#6511=DIRECTION('',(0.,-1.,0.));
#6512=DIRECTION('',(0.707106781186548,-0.707106781186548,0.));
#6513=DIRECTION('',(-0.707106781186548,-0.707106781186548,0.));
#6514=DIRECTION('',(0.,-1.,0.));
#6515=DIRECTION('',(0.707106781186548,-0.707106781186548,0.));
#6516=DIRECTION('',(1.,0.,0.));
#6517=DIRECTION('',(0.707106781186548,0.707106781186548,0.));
#6518=DIRECTION('',(0.,1.,0.));
#6519=DIRECTION('',(-0.707106781186548,0.707106781186548,0.));
#6520=DIRECTION('',(0.707106781186548,0.707106781186548,0.));
#6521=DIRECTION('',(0.,1.,0.));
#6522=DIRECTION('',(-0.707106781186548,0.707106781186548,0.));
#6523=DIRECTION('',(0.707106781186548,0.707106781186548,0.));
#6524=DIRECTION('',(0.,1.,0.));
#6525=DIRECTION('',(-0.707106781186548,0.707106781186548,0.));
#6526=DIRECTION('',(0.,1.,0.));
#6527=DIRECTION('',(-1.,0.,0.));
#6528=DIRECTION('',(0.,1.,0.));
#6529=DIRECTION('',(-1.,0.,0.));
#6530=DIRECTION('',(-1.,0.,0.));
#6531=DIRECTION('',(0.,1.,0.));
#6532=DIRECTION('',(-1.,0.,0.));
#6533=DIRECTION('',(0.,1.,0.));
#6534=DIRECTION('',(-1.,0.,0.));
#6535=DIRECTION('',(0.,1.,0.));
#6536=DIRECTION('',(-1.,0.,0.));
#6537=DIRECTION('',(0.,1.,0.));
#6538=DIRECTION('center_axis',(-0.707106781186548,-0.707106781186548,0.));
#6539=DIRECTION('ref_axis',(-0.707106781186548,0.707106781186548,0.));
#6540=DIRECTION('',(0.,0.,1.));
#6541=DIRECTION('center_axis',(0.707106781186548,0.707106781186548,0.));
#6542=DIRECTION('ref_axis',(0.707106781186548,-0.707106781186548,0.));
#6543=DIRECTION('',(0.,0.,1.));
#6544=DIRECTION('center_axis',(-1.,0.,0.));
#6545=DIRECTION('ref_axis',(0.,1.,0.));
#6546=DIRECTION('',(0.,0.,1.));
#6547=DIRECTION('center_axis',(0.707106781186548,-0.707106781186548,0.));
#6548=DIRECTION('ref_axis',(-0.707106781186548,-0.707106781186548,0.));
#6549=DIRECTION('',(0.,0.,1.));
#6550=DIRECTION('center_axis',(-0.707106781186548,0.707106781186548,0.));
#6551=DIRECTION('ref_axis',(0.707106781186548,0.707106781186548,0.));
#6552=DIRECTION('',(0.,0.,1.));
#6553=DIRECTION('center_axis',(1.,0.,0.));
#6554=DIRECTION('ref_axis',(0.,-1.,0.));
#6555=DIRECTION('',(0.,0.,1.));
#6556=DIRECTION('center_axis',(-0.707106781186548,-0.707106781186548,0.));
#6557=DIRECTION('ref_axis',(-0.707106781186548,0.707106781186548,0.));
#6558=DIRECTION('',(0.,0.,1.));
#6559=DIRECTION('center_axis',(0.707106781186548,0.707106781186548,0.));
#6560=DIRECTION('ref_axis',(0.707106781186548,-0.707106781186548,0.));
#6561=DIRECTION('',(0.,0.,1.));
#6562=DIRECTION('center_axis',(-1.,0.,0.));
#6563=DIRECTION('ref_axis',(0.,1.,0.));
#6564=DIRECTION('',(0.,0.,1.));
#6565=DIRECTION('center_axis',(0.707106781186548,-0.707106781186548,0.));
#6566=DIRECTION('ref_axis',(-0.707106781186548,-0.707106781186548,0.));
#6567=DIRECTION('',(0.,0.,1.));
#6568=DIRECTION('center_axis',(-0.707106781186548,0.707106781186548,0.));
#6569=DIRECTION('ref_axis',(0.707106781186548,0.707106781186548,0.));
#6570=DIRECTION('',(0.,0.,1.));
#6571=DIRECTION('center_axis',(1.,0.,0.));
#6572=DIRECTION('ref_axis',(0.,-1.,0.));
#6573=DIRECTION('',(0.,0.,1.));
#6574=DIRECTION('center_axis',(-0.707106781186548,-0.707106781186548,0.));
#6575=DIRECTION('ref_axis',(-0.707106781186548,0.707106781186548,0.));
#6576=DIRECTION('',(0.,0.,1.));
#6577=DIRECTION('center_axis',(0.707106781186548,0.707106781186548,0.));
#6578=DIRECTION('ref_axis',(0.707106781186548,-0.707106781186548,0.));
#6579=DIRECTION('',(0.,0.,1.));
#6580=DIRECTION('center_axis',(-1.,0.,0.));
#6581=DIRECTION('ref_axis',(0.,1.,0.));
#6582=DIRECTION('',(0.,0.,1.));
#6583=DIRECTION('center_axis',(0.,1.,0.));
#6584=DIRECTION('ref_axis',(1.,0.,0.));
#6585=DIRECTION('',(0.,0.,1.));
#6586=DIRECTION('center_axis',(-0.707106781186548,0.707106781186548,0.));
#6587=DIRECTION('ref_axis',(0.707106781186548,0.707106781186548,0.));
#6588=DIRECTION('center_axis',(1.,0.,0.));
#6589=DIRECTION('ref_axis',(0.,0.,1.));
#6590=DIRECTION('',(0.,0.,1.));
#6591=DIRECTION('',(0.,1.,0.));
#6592=DIRECTION('',(0.,0.,1.));
#6593=DIRECTION('center_axis',(0.,1.,0.));
#6594=DIRECTION('ref_axis',(0.,0.,1.));
#6595=DIRECTION('',(1.,0.,0.));
#6596=DIRECTION('',(0.,0.,1.));
#6597=DIRECTION('center_axis',(1.,0.,0.));
#6598=DIRECTION('ref_axis',(0.,0.,1.));
#6599=DIRECTION('',(0.,0.,1.));
#6600=DIRECTION('',(0.,1.,0.));
#6601=DIRECTION('center_axis',(0.,1.,0.));
#6602=DIRECTION('ref_axis',(0.,0.,1.));
#6603=DIRECTION('',(1.,0.,0.));
#6604=DIRECTION('center_axis',(0.,1.,0.));
#6605=DIRECTION('ref_axis',(0.,0.,1.));
#6606=DIRECTION('',(0.,0.,1.));
#6607=DIRECTION('',(0.,0.,1.));
#6608=DIRECTION('',(1.,0.,0.));
#6609=DIRECTION('center_axis',(1.,0.,0.));
#6610=DIRECTION('ref_axis',(0.,0.,1.));
#6611=DIRECTION('',(0.,1.,0.));
#6612=DIRECTION('',(0.,0.,1.));
#6613=DIRECTION('center_axis',(0.,1.,0.));
#6614=DIRECTION('ref_axis',(0.,0.,1.));
#6615=DIRECTION('',(1.,0.,0.));
#6616=DIRECTION('',(0.,0.,1.));
#6617=DIRECTION('center_axis',(1.,0.,0.));
#6618=DIRECTION('ref_axis',(0.,0.,1.));
#6619=DIRECTION('',(0.,1.,0.));
#6620=DIRECTION('center_axis',(0.,1.,0.));
#6621=DIRECTION('ref_axis',(0.,0.,1.));
#6622=DIRECTION('',(0.,0.,1.));
#6623=DIRECTION('',(1.,0.,0.));
#6624=DIRECTION('',(0.,0.,1.));
#6625=DIRECTION('center_axis',(1.,0.,0.));
#6626=DIRECTION('ref_axis',(0.,0.,1.));
#6627=DIRECTION('',(0.,0.,1.));
#6628=DIRECTION('',(0.,1.,0.));
#6629=DIRECTION('center_axis',(0.,1.,0.));
#6630=DIRECTION('ref_axis',(0.,0.,1.));
#6631=DIRECTION('',(0.,0.,1.));
#6632=DIRECTION('',(1.,0.,0.));
#6633=DIRECTION('center_axis',(1.,0.,0.));
#6634=DIRECTION('ref_axis',(0.,0.,1.));
#6635=DIRECTION('',(0.,1.,0.));
#6636=DIRECTION('center_axis',(1.,0.,0.));
#6637=DIRECTION('ref_axis',(0.,0.,1.));
#6638=DIRECTION('',(0.,0.,1.));
#6639=DIRECTION('',(0.,0.,1.));
#6640=DIRECTION('',(0.,1.,0.));
#6641=DIRECTION('center_axis',(0.,1.,0.));
#6642=DIRECTION('ref_axis',(0.,0.,1.));
#6643=DIRECTION('',(0.,0.,1.));
#6644=DIRECTION('',(1.,0.,0.));
#6645=DIRECTION('center_axis',(1.,0.,0.));
#6646=DIRECTION('ref_axis',(0.,0.,1.));
#6647=DIRECTION('',(0.,0.,1.));
#6648=DIRECTION('',(0.,1.,0.));
#6649=DIRECTION('center_axis',(0.,1.,0.));
#6650=DIRECTION('ref_axis',(0.,0.,1.));
#6651=DIRECTION('',(1.,0.,0.));
#6652=DIRECTION('center_axis',(0.,1.,0.));
#6653=DIRECTION('ref_axis',(0.,0.,1.));
#6654=DIRECTION('',(0.,0.,1.));
#6655=DIRECTION('',(1.,0.,0.));
#6656=DIRECTION('',(0.,0.,1.));
#6657=DIRECTION('center_axis',(1.,0.,0.));
#6658=DIRECTION('ref_axis',(0.,0.,1.));
#6659=DIRECTION('',(0.,0.,1.));
#6660=DIRECTION('',(0.,1.,0.));
#6661=DIRECTION('center_axis',(0.,1.,0.));
#6662=DIRECTION('ref_axis',(0.,0.,1.));
#6663=DIRECTION('',(0.,0.,1.));
#6664=DIRECTION('',(1.,0.,0.));
#6665=DIRECTION('center_axis',(1.,0.,0.));
#6666=DIRECTION('ref_axis',(0.,0.,1.));
#6667=DIRECTION('',(0.,1.,0.));
#6668=DIRECTION('center_axis',(0.,1.,0.));
#6669=DIRECTION('ref_axis',(0.,0.,1.));
#6670=DIRECTION('',(0.,0.,1.));
#6671=DIRECTION('',(0.,0.,1.));
#6672=DIRECTION('',(1.,0.,0.));
#6673=DIRECTION('center_axis',(1.,0.,0.));
#6674=DIRECTION('ref_axis',(0.,0.,1.));
#6675=DIRECTION('',(0.,0.,1.));
#6676=DIRECTION('',(0.,1.,0.));
#6677=DIRECTION('center_axis',(0.,1.,0.));
#6678=DIRECTION('ref_axis',(0.,0.,1.));
#6679=DIRECTION('',(0.,0.,1.));
#6680=DIRECTION('',(1.,0.,0.));
#6681=DIRECTION('center_axis',(1.,0.,0.));
#6682=DIRECTION('ref_axis',(0.,0.,1.));
#6683=DIRECTION('',(0.,1.,0.));
#6684=DIRECTION('center_axis',(-0.707106781186548,1.73516750835689E-18,
0.707106781186548));
#6685=DIRECTION('ref_axis',(1.22694871165372E-18,1.,-1.22694871165372E-18));
#6686=DIRECTION('',(-0.577350269189626,0.577350269189626,-0.577350269189626));
#6687=DIRECTION('',(0.,1.,0.));
#6688=DIRECTION('',(-0.577350269189626,-0.577350269189626,-0.577350269189626));
#6689=DIRECTION('center_axis',(-1.73516750835689E-18,-0.707106781186548,
0.707106781186548));
#6690=DIRECTION('ref_axis',(-1.,1.22694871165372E-18,-1.22694871165372E-18));
#6691=DIRECTION('',(0.577350269189626,-0.577350269189626,-0.577350269189626));
#6692=DIRECTION('',(1.,0.,0.));
#6693=DIRECTION('center_axis',(-0.707106781186548,-1.73516750835689E-18,
-0.707106781186548));
#6694=DIRECTION('ref_axis',(-1.22694871165372E-18,1.,-1.22694871165372E-18));
#6695=DIRECTION('',(0.577350269189626,0.577350269189626,-0.577350269189626));
#6696=DIRECTION('',(0.,1.,0.));
#6697=DIRECTION('center_axis',(1.73516750835689E-18,-0.707106781186548,
-0.707106781186548));
#6698=DIRECTION('ref_axis',(-1.,-1.22694871165372E-18,-1.22694871165372E-18));
#6699=DIRECTION('',(1.,0.,0.));
#6700=DIRECTION('center_axis',(1.73516750835689E-18,-0.707106781186548,
-0.707106781186548));
#6701=DIRECTION('ref_axis',(-1.,-1.22694871165372E-18,-1.22694871165372E-18));
#6702=DIRECTION('',(0.577350269189626,0.577350269189626,-0.577350269189626));
#6703=DIRECTION('',(1.,0.,0.));
#6704=DIRECTION('',(-0.577350269189626,0.577350269189626,-0.577350269189626));
#6705=DIRECTION('center_axis',(-0.707106781186548,1.73516750835689E-18,
0.707106781186548));
#6706=DIRECTION('ref_axis',(1.22694871165372E-18,1.,-1.22694871165372E-18));
#6707=DIRECTION('',(0.,1.,0.));
#6708=DIRECTION('',(-0.577350269189626,-0.577350269189626,-0.577350269189626));
#6709=DIRECTION('center_axis',(-1.73516750835689E-18,-0.707106781186548,
0.707106781186548));
#6710=DIRECTION('ref_axis',(-1.,1.22694871165372E-18,-1.22694871165372E-18));
#6711=DIRECTION('',(0.577350269189626,-0.577350269189626,-0.577350269189626));
#6712=DIRECTION('',(1.,0.,0.));
#6713=DIRECTION('center_axis',(-0.707106781186548,-1.73516750835689E-18,
-0.707106781186548));
#6714=DIRECTION('ref_axis',(-1.22694871165372E-18,1.,-1.22694871165372E-18));
#6715=DIRECTION('',(0.,1.,0.));
#6716=DIRECTION('center_axis',(-1.73516750835689E-18,-0.707106781186548,
0.707106781186548));
#6717=DIRECTION('ref_axis',(-1.,1.22694871165372E-18,-1.22694871165372E-18));
#6718=DIRECTION('',(0.577350269189626,-0.577350269189626,-0.577350269189626));
#6719=DIRECTION('',(-0.577350269189626,-0.577350269189626,-0.577350269189626));
#6720=DIRECTION('',(1.,0.,0.));
#6721=DIRECTION('center_axis',(-0.707106781186548,-1.73516750835689E-18,
-0.707106781186548));
#6722=DIRECTION('ref_axis',(-1.22694871165372E-18,1.,-1.22694871165372E-18));
#6723=DIRECTION('',(0.577350269189626,0.577350269189626,-0.577350269189626));
#6724=DIRECTION('',(0.,1.,0.));
#6725=DIRECTION('center_axis',(1.73516750835689E-18,-0.707106781186548,
-0.707106781186548));
#6726=DIRECTION('ref_axis',(-1.,-1.22694871165372E-18,-1.22694871165372E-18));
#6727=DIRECTION('',(1.,0.,0.));
#6728=DIRECTION('',(-0.577350269189626,0.577350269189626,-0.577350269189626));
#6729=DIRECTION('center_axis',(-0.707106781186548,1.73516750835689E-18,
0.707106781186548));
#6730=DIRECTION('ref_axis',(1.22694871165372E-18,1.,-1.22694871165372E-18));
#6731=DIRECTION('',(0.,1.,0.));
#6732=DIRECTION('center_axis',(0.707106781186548,-1.73516750835689E-18,
0.707106781186548));
#6733=DIRECTION('ref_axis',(1.22694871165372E-18,1.,1.22694871165372E-18));
#6734=DIRECTION('',(-0.577350269189626,0.577350269189626,0.577350269189626));
#6735=DIRECTION('',(-0.577350269189626,-0.577350269189626,0.577350269189626));
#6736=DIRECTION('',(0.,1.,0.));
#6737=DIRECTION('center_axis',(1.73516750835689E-18,0.707106781186548,0.707106781186548));
#6738=DIRECTION('ref_axis',(-1.,1.22694871165372E-18,1.22694871165372E-18));
#6739=DIRECTION('',(0.577350269189626,-0.577350269189626,0.577350269189626));
#6740=DIRECTION('',(1.,0.,0.));
#6741=DIRECTION('center_axis',(0.707106781186548,1.73516750835689E-18,-0.707106781186548));
#6742=DIRECTION('ref_axis',(-1.22694871165372E-18,1.,1.22694871165372E-18));
#6743=DIRECTION('',(0.577350269189626,0.577350269189626,0.577350269189626));
#6744=DIRECTION('',(0.,1.,0.));
#6745=DIRECTION('center_axis',(-1.73516750835689E-18,0.707106781186548,
-0.707106781186548));
#6746=DIRECTION('ref_axis',(-1.,-1.22694871165372E-18,1.22694871165372E-18));
#6747=DIRECTION('',(1.,0.,0.));
#6748=DIRECTION('center_axis',(-1.73516750835689E-18,0.707106781186548,
-0.707106781186548));
#6749=DIRECTION('ref_axis',(-1.,-1.22694871165372E-18,1.22694871165372E-18));
#6750=DIRECTION('',(0.577350269189626,0.577350269189626,0.577350269189626));
#6751=DIRECTION('',(-0.577350269189626,0.577350269189626,0.577350269189626));
#6752=DIRECTION('',(1.,0.,0.));
#6753=DIRECTION('center_axis',(0.707106781186548,-1.73516750835689E-18,
0.707106781186548));
#6754=DIRECTION('ref_axis',(1.22694871165372E-18,1.,1.22694871165372E-18));
#6755=DIRECTION('',(-0.577350269189626,-0.577350269189626,0.577350269189626));
#6756=DIRECTION('',(0.,1.,0.));
#6757=DIRECTION('center_axis',(1.73516750835689E-18,0.707106781186548,0.707106781186548));
#6758=DIRECTION('ref_axis',(-1.,1.22694871165372E-18,1.22694871165372E-18));
#6759=DIRECTION('',(0.577350269189626,-0.577350269189626,0.577350269189626));
#6760=DIRECTION('',(1.,0.,0.));
#6761=DIRECTION('center_axis',(0.707106781186548,1.73516750835689E-18,-0.707106781186548));
#6762=DIRECTION('ref_axis',(-1.22694871165372E-18,1.,1.22694871165372E-18));
#6763=DIRECTION('',(0.,1.,0.));
#6764=DIRECTION('center_axis',(1.73516750835689E-18,0.707106781186548,0.707106781186548));
#6765=DIRECTION('ref_axis',(-1.,1.22694871165372E-18,1.22694871165372E-18));
#6766=DIRECTION('',(0.577350269189626,-0.577350269189626,0.577350269189626));
#6767=DIRECTION('',(1.,0.,0.));
#6768=DIRECTION('',(-0.577350269189626,-0.577350269189626,0.577350269189626));
#6769=DIRECTION('center_axis',(0.707106781186548,1.73516750835689E-18,-0.707106781186548));
#6770=DIRECTION('ref_axis',(-1.22694871165372E-18,1.,1.22694871165372E-18));
#6771=DIRECTION('',(0.577350269189626,0.577350269189626,0.577350269189626));
#6772=DIRECTION('',(0.,1.,0.));
#6773=DIRECTION('center_axis',(-1.73516750835689E-18,0.707106781186548,
-0.707106781186548));
#6774=DIRECTION('ref_axis',(-1.,-1.22694871165372E-18,1.22694871165372E-18));
#6775=DIRECTION('',(-0.577350269189626,0.577350269189626,0.577350269189626));
#6776=DIRECTION('',(1.,0.,0.));
#6777=DIRECTION('center_axis',(0.707106781186548,-1.73516750835689E-18,
0.707106781186548));
#6778=DIRECTION('ref_axis',(1.22694871165372E-18,1.,1.22694871165372E-18));
#6779=DIRECTION('',(0.,1.,0.));
#6780=DIRECTION('center_axis',(0.,0.,1.));
#6781=DIRECTION('ref_axis',(1.,0.,0.));
#6782=DIRECTION('center_axis',(0.,0.,1.));
#6783=DIRECTION('ref_axis',(1.,0.,0.));
#6784=DIRECTION('center_axis',(0.,0.,1.));
#6785=DIRECTION('ref_axis',(1.,0.,0.));
#6786=DIRECTION('center_axis',(0.,0.,1.));
#6787=DIRECTION('ref_axis',(1.,0.,0.));
#6788=DIRECTION('center_axis',(0.,0.,1.));
#6789=DIRECTION('ref_axis',(1.,0.,0.));
#6790=DIRECTION('center_axis',(0.,0.,1.));
#6791=DIRECTION('ref_axis',(1.,0.,0.));
#6792=DIRECTION('',(0.,0.,1.));
#6793=DIRECTION('',(2.22044604925031E-16,-1.,0.));
#6794=CARTESIAN_POINT('',(0.,0.,0.));
#6795=CARTESIAN_POINT('',(0.,0.,0.));
#6796=CARTESIAN_POINT('Origin',(0.,0.,7.7));
#6797=CARTESIAN_POINT('',(0.7,0.5,7.7));
#6798=CARTESIAN_POINT('',(0.7,0.7,7.7));
#6799=CARTESIAN_POINT('',(0.7,0.7,7.7));
#6800=CARTESIAN_POINT('',(2.,0.7,7.7));
#6801=CARTESIAN_POINT('',(0.7,0.7,7.7));
#6802=CARTESIAN_POINT('',(2.,-0.7,7.7));
#6803=CARTESIAN_POINT('',(2.,0.7,7.7));
#6804=CARTESIAN_POINT('',(0.7,-0.7,7.7));
#6805=CARTESIAN_POINT('',(2.,-0.7,7.7));
#6806=CARTESIAN_POINT('',(0.699999999999999,-0.5,7.7));
#6807=CARTESIAN_POINT('',(0.7,-0.5,7.7));
#6808=CARTESIAN_POINT('',(1.5,-0.5,7.7));
#6809=CARTESIAN_POINT('',(0.699999999999999,-0.5,7.7));
#6810=CARTESIAN_POINT('',(1.5,0.5,7.7));
#6811=CARTESIAN_POINT('',(1.5,-0.5,7.7));
#6812=CARTESIAN_POINT('',(1.5,0.5,7.7));
#6813=CARTESIAN_POINT('Origin',(0.,0.,7.7));
#6814=CARTESIAN_POINT('',(-0.7,-0.5,7.7));
#6815=CARTESIAN_POINT('',(-0.699999999999999,-0.7,7.7));
#6816=CARTESIAN_POINT('',(-0.7,-0.7,7.7));
#6817=CARTESIAN_POINT('',(-2.,-0.7,7.7));
#6818=CARTESIAN_POINT('',(-0.699999999999999,-0.7,7.7));
#6819=CARTESIAN_POINT('',(-2.,0.7,7.7));
#6820=CARTESIAN_POINT('',(-2.,-0.7,7.7));
#6821=CARTESIAN_POINT('',(-0.7,0.7,7.7));
#6822=CARTESIAN_POINT('',(-2.,0.7,7.7));
#6823=CARTESIAN_POINT('',(-0.699999999999999,0.5,7.7));
#6824=CARTESIAN_POINT('',(-0.7,0.5,7.7));
#6825=CARTESIAN_POINT('',(-1.5,0.5,7.7));
#6826=CARTESIAN_POINT('',(-0.699999999999999,0.5,7.7));
#6827=CARTESIAN_POINT('',(-1.5,-0.5,7.7));
#6828=CARTESIAN_POINT('',(-1.5,0.5,7.7));
#6829=CARTESIAN_POINT('',(-1.5,-0.5,7.7));
#6830=CARTESIAN_POINT('Origin',(-1.5,-0.5,2.5));
#6831=CARTESIAN_POINT('',(0.700000000000001,-0.5,8.5));
#6832=CARTESIAN_POINT('',(0.699999999999999,-0.5,7.7));
#6833=CARTESIAN_POINT('',(1.5,-0.5,8.5));
#6834=CARTESIAN_POINT('',(0.700000000000001,-0.5,8.5));
#6835=CARTESIAN_POINT('',(1.5,-0.5,7.7));
#6836=CARTESIAN_POINT('Origin',(-1.5,-0.5,2.5));
#6837=CARTESIAN_POINT('',(-0.7,-0.5,8.5));
#6838=CARTESIAN_POINT('',(-0.7,-0.5,8.5));
#6839=CARTESIAN_POINT('',(-1.5,-0.5,8.5));
#6840=CARTESIAN_POINT('',(-1.5,-0.5,7.7));
#6841=CARTESIAN_POINT('',(-1.5,-0.5,8.5));
#6842=CARTESIAN_POINT('Origin',(1.5,0.5,2.5));
#6843=CARTESIAN_POINT('',(0.7,0.5,8.5));
#6844=CARTESIAN_POINT('',(0.7,0.5,8.5));
#6845=CARTESIAN_POINT('',(1.5,0.5,8.5));
#6846=CARTESIAN_POINT('',(1.5,0.5,7.7));
#6847=CARTESIAN_POINT('',(1.5,0.5,8.5));
#6848=CARTESIAN_POINT('Origin',(1.5,0.5,2.5));
#6849=CARTESIAN_POINT('',(-0.7,0.5,8.5));
#6850=CARTESIAN_POINT('',(-0.7,0.5,7.7));
#6851=CARTESIAN_POINT('',(-1.5,0.5,8.5));
#6852=CARTESIAN_POINT('',(-0.7,0.5,8.5));
#6853=CARTESIAN_POINT('',(-1.5,0.5,7.7));
#6854=CARTESIAN_POINT('Origin',(-2.,0.7,7.7));
#6855=CARTESIAN_POINT('',(0.7,0.7,6.8));
#6856=CARTESIAN_POINT('',(-0.7,0.7,6.8));
#6857=CARTESIAN_POINT('Origin',(-2.22044604925031E-16,0.7,6.8));
#6858=CARTESIAN_POINT('',(-0.7,0.7,6.8));
#6859=CARTESIAN_POINT('',(-2.,0.7,2.5));
#6860=CARTESIAN_POINT('',(-2.,0.7,7.7));
#6861=CARTESIAN_POINT('',(2.,0.7,2.5));
#6862=CARTESIAN_POINT('',(2.,0.7,2.5));
#6863=CARTESIAN_POINT('',(2.,0.7,7.7));
#6864=CARTESIAN_POINT('',(0.7,0.7,7.7));
#6865=CARTESIAN_POINT('Origin',(2.,-0.7,7.7));
#6866=CARTESIAN_POINT('',(-0.7,-0.7,6.8));
#6867=CARTESIAN_POINT('',(0.7,-0.7,6.8));
#6868=CARTESIAN_POINT('Origin',(0.,-0.7,6.8));
#6869=CARTESIAN_POINT('',(0.7,-0.7,6.8));
#6870=CARTESIAN_POINT('',(2.,-0.7,2.5));
#6871=CARTESIAN_POINT('',(2.,-0.7,7.7));
#6872=CARTESIAN_POINT('',(-2.,-0.7,2.5));
#6873=CARTESIAN_POINT('',(-2.,-0.7,2.5));
#6874=CARTESIAN_POINT('',(-2.,-0.7,7.7));
#6875=CARTESIAN_POINT('',(-0.7,-0.7,7.7));
#6876=CARTESIAN_POINT('Origin',(0.,0.,8.5));
#6877=CARTESIAN_POINT('',(0.700000000000001,-1.2,8.5));
#6878=CARTESIAN_POINT('',(0.7,-1.2,8.5));
#6879=CARTESIAN_POINT('',(2.6,-1.2,8.5));
#6880=CARTESIAN_POINT('',(0.700000000000001,-1.2,8.5));
#6881=CARTESIAN_POINT('',(2.6,1.2,8.5));
#6882=CARTESIAN_POINT('',(2.6,-1.2,8.5));
#6883=CARTESIAN_POINT('',(0.7,1.2,8.5));
#6884=CARTESIAN_POINT('',(2.6,1.2,8.5));
#6885=CARTESIAN_POINT('',(0.7,0.5,8.5));
#6886=CARTESIAN_POINT('',(1.5,-0.5,8.5));
#6887=CARTESIAN_POINT('Origin',(0.,0.,8.5));
#6888=CARTESIAN_POINT('',(-0.7,1.2,8.5));
#6889=CARTESIAN_POINT('',(-0.7,1.2,8.5));
#6890=CARTESIAN_POINT('',(-2.6,1.2,8.5));
#6891=CARTESIAN_POINT('',(-0.7,1.2,8.5));
#6892=CARTESIAN_POINT('',(-2.6,-1.2,8.5));
#6893=CARTESIAN_POINT('',(-2.6,1.2,8.5));
#6894=CARTESIAN_POINT('',(-0.7,-1.2,8.5));
#6895=CARTESIAN_POINT('',(-2.6,-1.2,8.5));
#6896=CARTESIAN_POINT('',(-0.7,-0.5,8.5));
#6897=CARTESIAN_POINT('',(-1.5,0.5,8.5));
#6898=CARTESIAN_POINT('Origin',(2.6,1.,6.7));
#6899=CARTESIAN_POINT('',(-0.7,1.,6.8));
#6900=CARTESIAN_POINT('',(-0.692820323027551,1.,6.7));
#6901=CARTESIAN_POINT('Origin',(-4.44089209850063E-16,1.,6.8));
#6902=CARTESIAN_POINT('',(-2.4,1.,6.7));
#6903=CARTESIAN_POINT('',(-0.692820323027551,1.,6.7));
#6904=CARTESIAN_POINT('',(-2.4,1.,7.7));
#6905=CARTESIAN_POINT('',(-2.4,1.,7.7));
#6906=CARTESIAN_POINT('',(-0.7,1.,7.7));
#6907=CARTESIAN_POINT('',(-0.7,1.,7.7));
#6908=CARTESIAN_POINT('',(-0.7,1.,7.7));
#6909=CARTESIAN_POINT('Origin',(2.6,1.,6.7));
#6910=CARTESIAN_POINT('',(0.692820323027551,1.,6.7));
#6911=CARTESIAN_POINT('',(0.7,1.,6.8));
#6912=CARTESIAN_POINT('Origin',(-4.44089209850063E-16,1.,6.8));
#6913=CARTESIAN_POINT('',(0.7,1.,7.7));
#6914=CARTESIAN_POINT('',(0.7,1.,6.8));
#6915=CARTESIAN_POINT('',(2.4,1.,7.7));
#6916=CARTESIAN_POINT('',(2.4,1.,7.7));
#6917=CARTESIAN_POINT('',(2.4,1.,6.7));
#6918=CARTESIAN_POINT('',(2.4,1.,6.7));
#6919=CARTESIAN_POINT('',(2.4,1.,6.7));
#6920=CARTESIAN_POINT('Origin',(2.6,-1.,7.7));
#6921=CARTESIAN_POINT('',(-0.692820323027551,-1.,6.7));
#6922=CARTESIAN_POINT('',(-0.7,-1.,6.8));
#6923=CARTESIAN_POINT('Origin',(-4.44089209850063E-16,-1.,6.8));
#6924=CARTESIAN_POINT('',(-0.7,-1.,7.7));
#6925=CARTESIAN_POINT('',(-0.7,-1.,6.8));
#6926=CARTESIAN_POINT('',(-2.4,-1.,7.7));
#6927=CARTESIAN_POINT('',(-0.7,-1.,7.7));
#6928=CARTESIAN_POINT('',(-2.4,-1.,6.7));
#6929=CARTESIAN_POINT('',(-2.4,-1.,6.7));
#6930=CARTESIAN_POINT('',(-0.692820323027551,-1.,6.7));
#6931=CARTESIAN_POINT('Origin',(2.6,-1.,7.7));
#6932=CARTESIAN_POINT('',(0.7,-1.,6.8));
#6933=CARTESIAN_POINT('',(0.692820323027551,-1.,6.7));
#6934=CARTESIAN_POINT('Origin',(-4.44089209850063E-16,-1.,6.8));
#6935=CARTESIAN_POINT('',(2.4,-1.,6.7));
#6936=CARTESIAN_POINT('',(2.4,-1.,6.7));
#6937=CARTESIAN_POINT('',(2.4,-1.,7.7));
#6938=CARTESIAN_POINT('',(2.4,-1.,7.7));
#6939=CARTESIAN_POINT('',(0.7,-1.,7.7));
#6940=CARTESIAN_POINT('',(2.4,-1.,7.7));
#6941=CARTESIAN_POINT('',(0.7,-1.,7.7));
#6942=CARTESIAN_POINT('Origin',(-2.6,-1.2,2.5));
#6943=CARTESIAN_POINT('',(0.7,-1.2,7.7));
#6944=CARTESIAN_POINT('',(0.7,-1.2,7.7));
#6945=CARTESIAN_POINT('',(2.6,-1.2,7.7));
#6946=CARTESIAN_POINT('',(2.6,-1.2,7.7));
#6947=CARTESIAN_POINT('',(2.6,-1.2,7.7));
#6948=CARTESIAN_POINT('Origin',(-2.6,-1.2,2.5));
#6949=CARTESIAN_POINT('',(-0.7,-1.2,7.7));
#6950=CARTESIAN_POINT('',(-0.7,-1.2,8.5));
#6951=CARTESIAN_POINT('',(-2.6,-1.2,7.7));
#6952=CARTESIAN_POINT('',(-2.6,-1.2,7.7));
#6953=CARTESIAN_POINT('',(-0.7,-1.2,7.7));
#6954=CARTESIAN_POINT('Origin',(-2.6,-1.2,2.5));
#6955=CARTESIAN_POINT('',(0.692820323027551,-1.2,6.7));
#6956=CARTESIAN_POINT('',(-0.692820323027551,-1.2,6.7));
#6957=CARTESIAN_POINT('Origin',(-4.44089209850063E-16,-1.2,6.8));
#6958=CARTESIAN_POINT('',(-2.6,-1.2,6.7));
#6959=CARTESIAN_POINT('',(-2.6,-1.2,6.7));
#6960=CARTESIAN_POINT('',(-2.6,-1.2,2.5));
#6961=CARTESIAN_POINT('',(-2.6,-1.2,2.5));
#6962=CARTESIAN_POINT('',(2.6,-1.2,2.5));
#6963=CARTESIAN_POINT('',(-2.6,-1.2,2.5));
#6964=CARTESIAN_POINT('',(2.6,-1.2,6.7));
#6965=CARTESIAN_POINT('',(2.6,-1.2,2.5));
#6966=CARTESIAN_POINT('',(0.692820323027551,-1.2,6.7));
#6967=CARTESIAN_POINT('Origin',(2.6,1.2,2.5));
#6968=CARTESIAN_POINT('',(0.699999999999999,1.2,7.7));
#6969=CARTESIAN_POINT('',(0.7,1.2,8.5));
#6970=CARTESIAN_POINT('',(2.6,1.2,7.7));
#6971=CARTESIAN_POINT('',(2.6,1.2,7.7));
#6972=CARTESIAN_POINT('',(0.699999999999999,1.2,7.7));
#6973=CARTESIAN_POINT('Origin',(2.6,1.2,2.5));
#6974=CARTESIAN_POINT('',(-0.7,1.2,7.7));
#6975=CARTESIAN_POINT('',(-0.7,1.2,7.7));
#6976=CARTESIAN_POINT('',(-2.6,1.2,7.7));
#6977=CARTESIAN_POINT('',(-2.6,1.2,7.7));
#6978=CARTESIAN_POINT('',(-2.6,1.2,7.7));
#6979=CARTESIAN_POINT('Origin',(2.6,1.2,2.5));
#6980=CARTESIAN_POINT('',(-0.692820323027551,1.2,6.7));
#6981=CARTESIAN_POINT('',(0.692820323027551,1.2,6.7));
#6982=CARTESIAN_POINT('Origin',(-4.44089209850063E-16,1.2,6.8));
#6983=CARTESIAN_POINT('',(2.6,1.2,6.7));
#6984=CARTESIAN_POINT('',(2.6,1.2,6.7));
#6985=CARTESIAN_POINT('',(2.6,1.2,2.5));
#6986=CARTESIAN_POINT('',(2.6,1.2,2.5));
#6987=CARTESIAN_POINT('',(-2.6,1.2,2.5));
#6988=CARTESIAN_POINT('',(2.6,1.2,2.5));
#6989=CARTESIAN_POINT('',(-2.6,1.2,6.7));
#6990=CARTESIAN_POINT('',(-2.6,1.2,2.5));
#6991=CARTESIAN_POINT('',(-0.692820323027551,1.2,6.7));
#6992=CARTESIAN_POINT('Origin',(2.4,1.2,6.7));
#6993=CARTESIAN_POINT('',(-0.692820323027551,1.2,6.7));
#6994=CARTESIAN_POINT('',(-2.6,1.2,6.7));
#6995=CARTESIAN_POINT('',(-0.692820323027551,-1.,6.7));
#6996=CARTESIAN_POINT('',(-2.4,1.,6.7));
#6997=CARTESIAN_POINT('Origin',(2.4,1.2,6.7));
#6998=CARTESIAN_POINT('',(0.692820323027551,1.2,6.7));
#6999=CARTESIAN_POINT('',(2.4,1.,6.7));
#7000=CARTESIAN_POINT('',(0.692820323027551,-1.,6.7));
#7001=CARTESIAN_POINT('',(2.6,-1.2,6.7));
#7002=CARTESIAN_POINT('Origin',(2.6,1.2,7.7));
#7003=CARTESIAN_POINT('',(0.7,-1.2,7.7));
#7004=CARTESIAN_POINT('',(2.4,1.,7.7));
#7005=CARTESIAN_POINT('',(0.7,0.999999999999999,7.7));
#7006=CARTESIAN_POINT('',(2.6,1.2,7.7));
#7007=CARTESIAN_POINT('Origin',(2.6,1.2,7.7));
#7008=CARTESIAN_POINT('',(-0.7,1.2,7.7));
#7009=CARTESIAN_POINT('',(-2.4,1.,7.7));
#7010=CARTESIAN_POINT('',(-0.7,-1.,7.7));
#7011=CARTESIAN_POINT('',(-2.6,-1.2,7.7));
#7012=CARTESIAN_POINT('Origin',(-0.7,1.2,8.5));
#7013=CARTESIAN_POINT('',(-0.7,1.,6.8));
#7014=CARTESIAN_POINT('Origin',(-0.7,1.2,8.5));
#7015=CARTESIAN_POINT('',(-0.7,-0.7,6.8));
#7016=CARTESIAN_POINT('Origin',(0.7,1.2,6.8));
#7017=CARTESIAN_POINT('',(0.7,-0.7,6.8));
#7018=CARTESIAN_POINT('Origin',(0.7,1.2,6.8));
#7019=CARTESIAN_POINT('',(0.7,1.,6.8));
#7020=CARTESIAN_POINT('Origin',(-2.22044604925031E-16,1.2,6.8));
#7021=CARTESIAN_POINT('Origin',(-2.22044604925031E-16,1.2,6.8));
#7022=CARTESIAN_POINT('Origin',(2.,0.7,7.7));
#7023=CARTESIAN_POINT('',(2.,-0.7,2.5));
#7024=CARTESIAN_POINT('Origin',(1.5,-0.5,2.5));
#7025=CARTESIAN_POINT('Origin',(-2.,-0.7,7.7));
#7026=CARTESIAN_POINT('',(-2.,0.7,2.5));
#7027=CARTESIAN_POINT('Origin',(-1.5,0.5,2.5));
#7028=CARTESIAN_POINT('Origin',(0.,0.,2.5));
#7029=CARTESIAN_POINT('',(2.6,-1.2,2.5));
#7030=CARTESIAN_POINT('',(-2.6,1.2,2.5));
#7031=CARTESIAN_POINT('Origin',(2.6,-1.2,2.5));
#7032=CARTESIAN_POINT('Origin',(-2.6,1.2,2.5));
#7033=CARTESIAN_POINT('Origin',(-2.4,1.2,6.7));
#7034=CARTESIAN_POINT('Origin',(2.4,1.2,7.7));
#7035=CARTESIAN_POINT('Origin',(-2.6,1.2,2.5));
#7036=CARTESIAN_POINT('Origin',(2.6,-1.2,2.5));
#7037=CARTESIAN_POINT('Origin',(-0.75950977286207,0.3,6.18849598027337));
#7038=CARTESIAN_POINT('',(-0.740000000000001,0.3,4.1));
#7039=CARTESIAN_POINT('',(-0.690411986299384,0.3,4.1));
#7040=CARTESIAN_POINT('',(-0.540000000000001,0.3,4.1));
#7041=CARTESIAN_POINT('',(-0.740000000000001,0.3,4.09478808974165));
#7042=CARTESIAN_POINT('',(-0.740000000000001,0.3,4.1));
#7043=CARTESIAN_POINT('',(-0.541643431389519,0.3,4.11563620519538));
#7044=CARTESIAN_POINT('Origin',(-1.79945218953683,0.299999999999999,4.09473051254185));
#7045=CARTESIAN_POINT('',(-1.8,0.3,4.09478808974165));
#7046=CARTESIAN_POINT('',(-1.8,0.3,4.08427766621509));
#7047=CARTESIAN_POINT('',(-1.8,0.3,4.08427766621509));
#7048=CARTESIAN_POINT('',(-1.84958801370062,0.3,4.1));
#7049=CARTESIAN_POINT('',(-1.99835656861048,0.3,4.11563620519538));
#7050=CARTESIAN_POINT('',(-1.99958773042359,0.3,4.1));
#7051=CARTESIAN_POINT('',(-1.8,0.3,4.1));
#7052=CARTESIAN_POINT('',(-2.,0.3,4.08427766621509));
#7053=CARTESIAN_POINT('Origin',(-1.7,0.299999999999999,4.08427766621509));
#7054=CARTESIAN_POINT('',(-2.,0.3,4.08427766621509));
#7055=CARTESIAN_POINT('Origin',(-1.8,-0.300000000000001,4.08427766621509));
#7056=CARTESIAN_POINT('',(-1.84958801370061,-0.300000000000001,4.1));
#7057=CARTESIAN_POINT('',(-1.99958773042359,-0.300000000000001,4.1));
#7058=CARTESIAN_POINT('',(-2.,-0.3,4.1));
#7059=CARTESIAN_POINT('',(-1.8,-0.300000000000001,4.09478808974165));
#7060=CARTESIAN_POINT('',(-1.99835656861048,-0.300000000000001,4.11563620519538));
#7061=CARTESIAN_POINT('',(-1.8,-0.300000000000001,4.08427766621509));
#7062=CARTESIAN_POINT('',(-1.8,-0.300000000000001,4.1));
#7063=CARTESIAN_POINT('',(-2.,-0.300000000000001,4.08427766621509));
#7064=CARTESIAN_POINT('',(-1.8,-0.300000000000001,4.08427766621509));
#7065=CARTESIAN_POINT('Origin',(-1.7,-0.300000000000001,4.08427766621509));
#7066=CARTESIAN_POINT('Origin',(-1.78049022713793,-0.300000000000001,6.18849598027337));
#7067=CARTESIAN_POINT('',(-1.8,-0.3,4.1));
#7068=CARTESIAN_POINT('',(-2.,-0.3,4.1));
#7069=CARTESIAN_POINT('',(-1.8,-0.300000000000001,4.1));
#7070=CARTESIAN_POINT('Origin',(-0.740000000000001,0.4,3.3));
#7071=CARTESIAN_POINT('',(-0.557157287525382,0.5,3.3));
#7072=CARTESIAN_POINT('',(-0.840000000000001,0.5,3.3));
#7073=CARTESIAN_POINT('',(-0.840000000000001,0.5,3.3));
#7074=CARTESIAN_POINT('',(-0.840000000000001,0.7,3.3));
#7075=CARTESIAN_POINT('Origin',(-0.840000000000001,0.4,3.3));
#7076=CARTESIAN_POINT('',(-0.840000000000001,0.7,3.3));
#7077=CARTESIAN_POINT('Origin',(-2.,0.3,4.08427766621509));
#7078=CARTESIAN_POINT('',(-1.99835656861048,0.3,4.11563620519538));
#7079=CARTESIAN_POINT('',(-1.8,0.3,4.1));
#7080=CARTESIAN_POINT('',(-1.8,0.3,4.1));
#7081=CARTESIAN_POINT('',(-1.8,0.3,4.08427766621509));
#7082=CARTESIAN_POINT('Origin',(0.740547810463172,0.3,4.09473051254185));
#7083=CARTESIAN_POINT('',(0.739999999999999,0.3,4.09478808974165));
#7084=CARTESIAN_POINT('',(0.739999999999999,0.3,4.08427766621509));
#7085=CARTESIAN_POINT('',(0.739999999999999,0.3,4.08427766621509));
#7086=CARTESIAN_POINT('',(0.690411986299375,0.3,4.1));
#7087=CARTESIAN_POINT('',(0.541643431389517,0.3,4.11563620519538));
#7088=CARTESIAN_POINT('',(0.540412269576412,0.3,4.1));
#7089=CARTESIAN_POINT('',(0.739999999999999,0.3,4.1));
#7090=CARTESIAN_POINT('',(0.539999999999999,0.3,4.08427766621509));
#7091=CARTESIAN_POINT('Origin',(0.839999999999999,0.3,4.08427766621509));
#7092=CARTESIAN_POINT('',(0.539999999999999,0.3,4.08427766621509));
#7093=CARTESIAN_POINT('Origin',(1.79945218953683,-0.3,4.09473051254185));
#7094=CARTESIAN_POINT('',(1.8,-0.299999999999999,4.09478808974165));
#7095=CARTESIAN_POINT('',(1.8,-0.3,4.08427766621509));
#7096=CARTESIAN_POINT('',(1.8,-0.299999999999999,4.08427766621509));
#7097=CARTESIAN_POINT('',(1.84958801370062,-0.3,4.1));
#7098=CARTESIAN_POINT('',(1.99835656861048,-0.3,4.11563620519538));
#7099=CARTESIAN_POINT('',(1.99958773042359,-0.3,4.1));
#7100=CARTESIAN_POINT('',(1.8,-0.3,4.1));
#7101=CARTESIAN_POINT('',(2.,-0.3,4.08427766621509));
#7102=CARTESIAN_POINT('Origin',(1.7,-0.3,4.08427766621509));
#7103=CARTESIAN_POINT('',(2.,-0.3,4.08427766621509));
#7104=CARTESIAN_POINT('Origin',(1.8,0.3,4.08427766621509));
#7105=CARTESIAN_POINT('',(1.8495880137006,0.3,4.1));
#7106=CARTESIAN_POINT('',(1.99958773042359,0.3,4.1));
#7107=CARTESIAN_POINT('',(2.,0.3,4.1));
#7108=CARTESIAN_POINT('',(1.8,0.3,4.09478808974166));
#7109=CARTESIAN_POINT('',(1.99835656861048,0.3,4.11563620519538));
#7110=CARTESIAN_POINT('',(1.8,0.3,4.08427766621509));
#7111=CARTESIAN_POINT('',(1.8,0.300000000000001,4.1));
#7112=CARTESIAN_POINT('',(2.,0.3,4.08427766621509));
#7113=CARTESIAN_POINT('',(1.8,0.3,4.08427766621509));
#7114=CARTESIAN_POINT('Origin',(1.7,0.3,4.08427766621509));
#7115=CARTESIAN_POINT('Origin',(1.78049022713795,0.3,6.18849598027338));
#7116=CARTESIAN_POINT('',(1.8,0.300000000000001,4.1));
#7117=CARTESIAN_POINT('',(2.,0.3,4.1));
#7118=CARTESIAN_POINT('',(1.8,0.300000000000001,4.1));
#7119=CARTESIAN_POINT('Origin',(0.539999999999999,0.3,4.08427766621509));
#7120=CARTESIAN_POINT('',(0.541643431389517,0.3,4.11563620519538));
#7121=CARTESIAN_POINT('',(0.739999999999999,0.3,4.1));
#7122=CARTESIAN_POINT('',(0.739999999999999,0.3,4.1));
#7123=CARTESIAN_POINT('',(0.739999999999999,0.3,4.08427766621509));
#7124=CARTESIAN_POINT('Origin',(2.,-0.3,4.08427766621509));
#7125=CARTESIAN_POINT('',(1.99835656861048,-0.3,4.11563620519538));
#7126=CARTESIAN_POINT('',(1.8,-0.3,4.1));
#7127=CARTESIAN_POINT('',(1.8,-0.3,4.1));
#7128=CARTESIAN_POINT('',(1.8,-0.299999999999999,4.08427766621509));
#7129=CARTESIAN_POINT('Origin',(-0.540000000000001,0.7,3.3));
#7130=CARTESIAN_POINT('',(0.55715728752538,0.5,3.3));
#7131=CARTESIAN_POINT('',(0.839999999999999,0.7,3.3));
#7132=CARTESIAN_POINT('Origin',(0.839999999999999,0.4,3.3));
#7133=CARTESIAN_POINT('',(0.839999999999999,0.5,3.3));
#7134=CARTESIAN_POINT('',(0.839999999999999,0.5,3.3));
#7135=CARTESIAN_POINT('',(-0.840000000000001,0.5,3.3));
#7136=CARTESIAN_POINT('Origin',(-0.540000000000001,0.3,4.1));
#7137=CARTESIAN_POINT('',(-0.540412269576414,0.3,4.1));
#7138=CARTESIAN_POINT('',(-0.540000000000001,0.3,4.08427766621509));
#7139=CARTESIAN_POINT('Origin',(-0.840000000000001,0.3,4.08427766621509));
#7140=CARTESIAN_POINT('',(-0.740000000000001,0.3,4.08427766621509));
#7141=CARTESIAN_POINT('',(-0.740000000000001,0.3,4.08427766621509));
#7142=CARTESIAN_POINT('',(-0.740000000000001,0.3,4.1));
#7143=CARTESIAN_POINT('',(-0.541643431389519,0.3,4.11563620519538));
#7144=CARTESIAN_POINT('',(-0.540000000000001,0.3,4.1));
#7145=CARTESIAN_POINT('Origin',(-0.75950977286207,0.3,6.18849598027337));
#7146=CARTESIAN_POINT('',(-0.540000000000001,0.3,4.1));
#7147=CARTESIAN_POINT('',(-0.740000000000001,0.3,4.1));
#7148=CARTESIAN_POINT('',(-0.740547810463174,0.3,4.09473051254185));
#7149=CARTESIAN_POINT('',(-0.541643431389519,0.3,4.11563620519538));
#7150=CARTESIAN_POINT('',(-0.950011656740135,0.299999999999999,6.08764588600414));
#7151=CARTESIAN_POINT('',(-0.950011656740135,0.299999999999999,6.08764588600414));
#7152=CARTESIAN_POINT('',(-0.75110727766648,0.3,6.10855157865767));
#7153=CARTESIAN_POINT('',(-0.950011656740135,0.299999999999999,6.08764588600414));
#7154=CARTESIAN_POINT('',(-0.541643431389519,0.3,4.11563620519538));
#7155=CARTESIAN_POINT('',(-0.75110727766648,0.3,6.10855157865767));
#7156=CARTESIAN_POINT('',(-0.541643431389519,0.3,4.11563620519538));
#7157=CARTESIAN_POINT('Origin',(-0.740000000000001,0.3,4.08427766621509));
#7158=CARTESIAN_POINT('Origin',(-0.840000000000001,0.3,4.08427766621509));
#7159=CARTESIAN_POINT('Origin',(-0.540000000000001,0.3,4.1));
#7160=CARTESIAN_POINT('Origin',(-0.840000000000001,0.3,4.08427766621509));
#7161=CARTESIAN_POINT('',(-0.540000000000001,0.3,4.1));
#7162=CARTESIAN_POINT('',(-0.740000000000001,0.3,4.1));
#7163=CARTESIAN_POINT('Origin',(-1.8,-0.300000000000001,4.08427766621509));
#7164=CARTESIAN_POINT('',(-1.8,-0.300000000000001,4.1));
#7165=CARTESIAN_POINT('',(-1.79945218953683,-0.3,4.09473051254185));
#7166=CARTESIAN_POINT('Origin',(-1.7,-0.300000000000001,4.08427766621509));
#7167=CARTESIAN_POINT('',(-1.99835656861048,-0.300000000000001,4.11563620519538));
#7168=CARTESIAN_POINT('Origin',(-1.8,-0.300000000000001,4.08427766621509));
#7169=CARTESIAN_POINT('',(-2.,-0.3,4.1));
#7170=CARTESIAN_POINT('',(-1.99835656861048,-0.300000000000001,4.11563620519538));
#7171=CARTESIAN_POINT('',(-1.99835656861048,-0.300000000000001,4.11563620519538));
#7172=CARTESIAN_POINT('Origin',(-1.7,-0.300000000000001,4.08427766621509));
#7173=CARTESIAN_POINT('Origin',(-2.,-0.300000000000001,4.1));
#7174=CARTESIAN_POINT('',(-2.,-0.3,4.1));
#7175=CARTESIAN_POINT('',(-2.,-0.300000000000001,4.1));
#7176=CARTESIAN_POINT('',(-2.,-0.3,4.1));
#7177=CARTESIAN_POINT('Origin',(-1.78049022713793,-0.300000000000001,6.18849598027337));
#7178=CARTESIAN_POINT('',(-2.,-0.3,4.1));
#7179=CARTESIAN_POINT('',(-1.8,-0.300000000000001,4.1));
#7180=CARTESIAN_POINT('',(-1.58998834325987,-0.300000000000001,6.08764588600414));
#7181=CARTESIAN_POINT('',(-1.58998834325987,-0.3,6.08764588600414));
#7182=CARTESIAN_POINT('',(-1.78889272233352,-0.300000000000001,6.10855157865767));
#7183=CARTESIAN_POINT('',(-1.58998834325987,-0.3,6.08764588600414));
#7184=CARTESIAN_POINT('',(-1.78889272233352,-0.300000000000001,6.10855157865767));
#7185=CARTESIAN_POINT('Origin',(-1.99835656861048,0.3,4.11563620519538));
#7186=CARTESIAN_POINT('',(-1.99835656861048,0.3,4.11563620519538));
#7187=CARTESIAN_POINT('',(-1.99835656861048,0.3,4.11563620519538));
#7188=CARTESIAN_POINT('',(-1.78889272233352,0.299999999999999,6.10855157865767));
#7189=CARTESIAN_POINT('',(-1.99835656861048,0.3,4.11563620519538));
#7190=CARTESIAN_POINT('',(-1.58998834325987,0.299999999999999,6.08764588600414));
#7191=CARTESIAN_POINT('',(-1.78889272233352,0.3,6.10855157865767));
#7192=CARTESIAN_POINT('',(-1.79945218953683,0.3,4.09473051254185));
#7193=CARTESIAN_POINT('',(-1.79945218953683,0.3,4.09473051254185));
#7194=CARTESIAN_POINT('',(-1.99835656861048,0.3,4.11563620519538));
#7195=CARTESIAN_POINT('Origin',(-1.79945218953683,0.299999999999999,4.09473051254185));
#7196=CARTESIAN_POINT('',(-1.8,0.3,4.1));
#7197=CARTESIAN_POINT('Origin',(-1.7,0.299999999999999,4.08427766621509));
#7198=CARTESIAN_POINT('Origin',(-1.79945218953683,0.299999999999999,4.09473051254185));
#7199=CARTESIAN_POINT('',(-1.8,0.3,4.08427766621509));
#7200=CARTESIAN_POINT('Origin',(-1.7,0.299999999999999,4.08427766621509));
#7201=CARTESIAN_POINT('Origin',(-2.,0.3,4.08427766621509));
#7202=CARTESIAN_POINT('',(-2.,0.3,4.1));
#7203=CARTESIAN_POINT('',(-1.8,0.3,4.1));
#7204=CARTESIAN_POINT('',(-2.,0.3,4.08427766621509));
#7205=CARTESIAN_POINT('Origin',(-0.740000000000001,0.4,3.3));
#7206=CARTESIAN_POINT('',(-0.840000000000001,0.5,3.3));
#7207=CARTESIAN_POINT('',(-0.540000000000001,0.4,3.3));
#7208=CARTESIAN_POINT('Origin',(-0.840000000000001,0.4,3.3));
#7209=CARTESIAN_POINT('',(-0.740000000000001,0.4,3.3));
#7210=CARTESIAN_POINT('',(-0.540000000000001,0.4,3.3));
#7211=CARTESIAN_POINT('Origin',(-0.840000000000001,0.4,3.3));
#7212=CARTESIAN_POINT('Origin',(-0.540000000000001,0.7,3.3));
#7213=CARTESIAN_POINT('Origin',(0.839999999999999,0.4,3.3));
#7214=CARTESIAN_POINT('',(-0.840000000000001,0.5,3.3));
#7215=CARTESIAN_POINT('Origin',(0.541643431389517,0.3,4.11563620519538));
#7216=CARTESIAN_POINT('',(0.541643431389517,0.3,4.11563620519538));
#7217=CARTESIAN_POINT('',(0.541643431389517,0.3,4.11563620519538));
#7218=CARTESIAN_POINT('',(0.751107277666478,0.3,6.10855157865767));
#7219=CARTESIAN_POINT('',(0.541643431389517,0.3,4.11563620519538));
#7220=CARTESIAN_POINT('',(0.950011656740132,0.3,6.08764588600414));
#7221=CARTESIAN_POINT('',(0.751107277666478,0.3,6.10855157865767));
#7222=CARTESIAN_POINT('',(0.740547810463171,0.3,4.09473051254185));
#7223=CARTESIAN_POINT('',(0.740547810463172,0.3,4.09473051254185));
#7224=CARTESIAN_POINT('',(0.541643431389517,0.3,4.11563620519538));
#7225=CARTESIAN_POINT('Origin',(0.740547810463172,0.3,4.09473051254185));
#7226=CARTESIAN_POINT('',(0.739999999999999,0.3,4.1));
#7227=CARTESIAN_POINT('Origin',(0.839999999999999,0.3,4.08427766621509));
#7228=CARTESIAN_POINT('Origin',(0.740547810463172,0.3,4.09473051254185));
#7229=CARTESIAN_POINT('',(0.739999999999999,0.3,4.08427766621509));
#7230=CARTESIAN_POINT('Origin',(0.839999999999999,0.3,4.08427766621509));
#7231=CARTESIAN_POINT('Origin',(0.539999999999999,0.3,4.08427766621509));
#7232=CARTESIAN_POINT('',(0.539999999999999,0.3,4.1));
#7233=CARTESIAN_POINT('',(0.739999999999999,0.3,4.1));
#7234=CARTESIAN_POINT('',(0.539999999999999,0.3,4.08427766621509));
#7235=CARTESIAN_POINT('Origin',(1.8,0.3,4.08427766621509));
#7236=CARTESIAN_POINT('',(1.8,0.300000000000001,4.1));
#7237=CARTESIAN_POINT('',(1.79945218953683,0.3,4.09473051254185));
#7238=CARTESIAN_POINT('Origin',(1.7,0.3,4.08427766621509));
#7239=CARTESIAN_POINT('',(1.99835656861048,0.3,4.11563620519538));
#7240=CARTESIAN_POINT('Origin',(1.8,0.3,4.08427766621509));
#7241=CARTESIAN_POINT('',(2.,0.3,4.1));
#7242=CARTESIAN_POINT('',(1.99835656861048,0.3,4.11563620519538));
#7243=CARTESIAN_POINT('',(1.99835656861048,0.3,4.11563620519538));
#7244=CARTESIAN_POINT('Origin',(1.7,0.3,4.08427766621509));
#7245=CARTESIAN_POINT('Origin',(2.,0.3,4.1));
#7246=CARTESIAN_POINT('',(2.,0.3,4.1));
#7247=CARTESIAN_POINT('',(2.,0.300000000000001,4.1));
#7248=CARTESIAN_POINT('',(2.,0.3,4.1));
#7249=CARTESIAN_POINT('Origin',(1.78049022713795,0.3,6.18849598027338));
#7250=CARTESIAN_POINT('',(2.,0.3,4.1));
#7251=CARTESIAN_POINT('',(1.8,0.300000000000001,4.1));
#7252=CARTESIAN_POINT('',(1.58998834325988,0.3,6.08764588600415));
#7253=CARTESIAN_POINT('',(1.58998834325988,0.3,6.08764588600415));
#7254=CARTESIAN_POINT('',(1.78889272233354,0.3,6.10855157865767));
#7255=CARTESIAN_POINT('',(1.58998834325988,0.3,6.08764588600415));
#7256=CARTESIAN_POINT('',(1.78889272233354,0.3,6.10855157865768));
#7257=CARTESIAN_POINT('Origin',(1.99835656861048,-0.3,4.11563620519538));
#7258=CARTESIAN_POINT('',(1.99835656861048,-0.3,4.11563620519538));
#7259=CARTESIAN_POINT('',(1.99835656861048,-0.3,4.11563620519538));
#7260=CARTESIAN_POINT('',(1.78889272233354,-0.3,6.10855157865767));
#7261=CARTESIAN_POINT('',(1.99835656861048,-0.3,4.11563620519538));
#7262=CARTESIAN_POINT('',(1.58998834325988,-0.3,6.08764588600415));
#7263=CARTESIAN_POINT('',(1.78889272233354,-0.3,6.10855157865768));
#7264=CARTESIAN_POINT('',(1.79945218953683,-0.3,4.09473051254185));
#7265=CARTESIAN_POINT('',(1.79945218953683,-0.3,4.09473051254185));
#7266=CARTESIAN_POINT('',(1.99835656861048,-0.3,4.11563620519538));
#7267=CARTESIAN_POINT('Origin',(1.79945218953683,-0.3,4.09473051254185));
#7268=CARTESIAN_POINT('',(1.8,-0.3,4.1));
#7269=CARTESIAN_POINT('Origin',(1.7,-0.3,4.08427766621509));
#7270=CARTESIAN_POINT('Origin',(1.79945218953683,-0.3,4.09473051254185));
#7271=CARTESIAN_POINT('',(1.8,-0.299999999999999,4.08427766621509));
#7272=CARTESIAN_POINT('Origin',(1.7,-0.3,4.08427766621509));
#7273=CARTESIAN_POINT('Origin',(2.,-0.3,4.08427766621509));
#7274=CARTESIAN_POINT('',(2.,-0.3,4.1));
#7275=CARTESIAN_POINT('',(1.8,-0.3,4.1));
#7276=CARTESIAN_POINT('',(2.,-0.299999999999999,4.08427766621509));
#7277=CARTESIAN_POINT('Origin',(2.,2.38274333882308,5.99520433297585E-16));
#7278=CARTESIAN_POINT('',(2.,0.3,4.08427766621509));
#7279=CARTESIAN_POINT('',(2.,-0.7,4.1));
#7280=CARTESIAN_POINT('',(2.,-0.7,4.1));
#7281=CARTESIAN_POINT('',(2.,-0.699999999999999,2.5));
#7282=CARTESIAN_POINT('',(2.,-0.699999999999999,2.5));
#7283=CARTESIAN_POINT('',(2.,0.4,2.5));
#7284=CARTESIAN_POINT('',(2.,0.4,2.5));
#7285=CARTESIAN_POINT('',(2.,0.4,4.1));
#7286=CARTESIAN_POINT('',(2.,0.4,2.5));
#7287=CARTESIAN_POINT('',(2.,0.3,4.1));
#7288=CARTESIAN_POINT('Origin',(1.8,2.38274333882308,5.55111512312578E-16));
#7289=CARTESIAN_POINT('',(1.8,0.4,4.1));
#7290=CARTESIAN_POINT('',(1.8,0.3,4.1));
#7291=CARTESIAN_POINT('',(1.8,0.4,2.5));
#7292=CARTESIAN_POINT('',(1.8,0.4,2.5));
#7293=CARTESIAN_POINT('',(1.8,-0.699999999999999,2.5));
#7294=CARTESIAN_POINT('',(1.8,0.4,2.5));
#7295=CARTESIAN_POINT('',(1.8,-0.7,4.1));
#7296=CARTESIAN_POINT('',(1.8,-0.699999999999999,2.5));
#7297=CARTESIAN_POINT('',(1.8,-0.7,4.1));
#7298=CARTESIAN_POINT('',(1.8,-0.299999999999999,4.08427766621509));
#7299=CARTESIAN_POINT('',(1.8,-0.3,4.08427766621509));
#7300=CARTESIAN_POINT('Origin',(2.,-0.7,4.1));
#7301=CARTESIAN_POINT('',(2.,0.4,4.1));
#7302=CARTESIAN_POINT('Origin',(2.,-0.7,4.1));
#7303=CARTESIAN_POINT('',(1.8,-0.3,4.1));
#7304=CARTESIAN_POINT('',(2.,-0.7,4.1));
#7305=CARTESIAN_POINT('Origin',(2.,-0.3,4.08427766621509));
#7306=CARTESIAN_POINT('Origin',(2.,-0.699999999999999,2.5));
#7307=CARTESIAN_POINT('',(2.,-0.7,2.5));
#7308=CARTESIAN_POINT('Origin',(2.,0.4,2.5));
#7309=CARTESIAN_POINT('',(2.,0.4,2.5));
#7310=CARTESIAN_POINT('Origin',(0.539999999999999,-0.157256661176919,-7.7715611723761E-17));
#7311=CARTESIAN_POINT('',(0.539999999999999,-0.3,4.08427766621509));
#7312=CARTESIAN_POINT('',(0.539999999999999,-0.3,4.08427766621509));
#7313=CARTESIAN_POINT('',(0.539999999999999,0.4,4.1));
#7314=CARTESIAN_POINT('',(0.539999999999999,0.4,4.1));
#7315=CARTESIAN_POINT('',(0.539999999999999,0.4,3.3));
#7316=CARTESIAN_POINT('',(0.539999999999999,0.4,3.3));
#7317=CARTESIAN_POINT('',(0.539999999999999,-0.3,3.3));
#7318=CARTESIAN_POINT('',(0.539999999999999,-0.3,3.3));
#7319=CARTESIAN_POINT('',(0.539999999999999,-0.3,4.08427766621509));
#7320=CARTESIAN_POINT('Origin',(0.739999999999999,-0.157256661176919,-5.55111512312579E-17));
#7321=CARTESIAN_POINT('',(0.739999999999999,-0.3,4.08427766621509));
#7322=CARTESIAN_POINT('',(0.739999999999999,0.3,4.08427766621509));
#7323=CARTESIAN_POINT('',(0.739999999999999,-0.3,3.3));
#7324=CARTESIAN_POINT('',(0.739999999999999,-0.3,4.08427766621509));
#7325=CARTESIAN_POINT('',(0.739999999999999,0.4,3.3));
#7326=CARTESIAN_POINT('',(0.739999999999999,-0.3,3.3));
#7327=CARTESIAN_POINT('',(0.739999999999999,0.4,4.1));
#7328=CARTESIAN_POINT('',(0.739999999999999,0.4,3.3));
#7329=CARTESIAN_POINT('',(0.739999999999999,0.4,4.1));
#7330=CARTESIAN_POINT('',(0.739999999999999,0.3,4.08427766621509));
#7331=CARTESIAN_POINT('Origin',(0.539999999999999,-0.3,4.1));
#7332=CARTESIAN_POINT('',(0.739999999999999,-0.3,4.08427766621509));
#7333=CARTESIAN_POINT('',(0.539999999999999,-0.3,3.3));
#7334=CARTESIAN_POINT('Origin',(0.539999999999999,0.4,4.1));
#7335=CARTESIAN_POINT('',(0.739999999999999,0.3,4.1));
#7336=CARTESIAN_POINT('',(0.539999999999999,0.4,4.1));
#7337=CARTESIAN_POINT('Origin',(0.539999999999999,0.3,4.08427766621509));
#7338=CARTESIAN_POINT('Origin',(0.539999999999999,-0.3,3.3));
#7339=CARTESIAN_POINT('',(0.539999999999999,0.4,3.3));
#7340=CARTESIAN_POINT('Origin',(2.42725015173205,2.38274333882308,0.0349863432989023));
#7341=CARTESIAN_POINT('',(1.78889272233354,0.3,6.10855157865768));
#7342=CARTESIAN_POINT('',(1.99835656861048,-0.3,4.11563620519538));
#7343=CARTESIAN_POINT('Origin',(2.2283457726584,2.38274333882308,0.0140806506453739));
#7344=CARTESIAN_POINT('',(1.58998834325988,-0.3,6.08764588600415));
#7345=CARTESIAN_POINT('',(1.79945218953683,-0.3,4.09473051254185));
#7346=CARTESIAN_POINT('Origin',(1.78049022713795,0.3,6.18849598027338));
#7347=CARTESIAN_POINT('',(1.99835656861048,0.3,4.11563620519538));
#7348=CARTESIAN_POINT('Origin',(1.7,-0.3,4.08427766621509));
#7349=CARTESIAN_POINT('Origin',(1.7,-0.3,4.08427766621509));
#7350=CARTESIAN_POINT('Origin',(1.7,0.3,4.08427766621509));
#7351=CARTESIAN_POINT('Origin',(1.7,0.3,4.08427766621509));
#7352=CARTESIAN_POINT('Origin',(1.8,0.3,4.08427766621509));
#7353=CARTESIAN_POINT('Origin',(1.79945218953683,-0.3,4.09473051254185));
#7354=CARTESIAN_POINT('Origin',(1.88834491187037,0.3,6.11900442498444));
#7355=CARTESIAN_POINT('',(1.61428127457759,-0.3,6.24102541790718));
#7356=CARTESIAN_POINT('',(1.61428127457759,0.3,6.24102541790718));
#7357=CARTESIAN_POINT('',(1.61428127457759,-0.3,6.24102541790718));
#7358=CARTESIAN_POINT('Origin',(1.88834491187037,0.299999999999999,6.11900442498444));
#7359=CARTESIAN_POINT('Origin',(1.88834491187037,-0.300000000000001,6.11900442498444));
#7360=CARTESIAN_POINT('Origin',(1.88834491187037,-0.3,6.11900442498444));
#7361=CARTESIAN_POINT('',(1.79699036610611,-0.3,6.15967808929202));
#7362=CARTESIAN_POINT('',(1.79699036610611,0.3,6.15967808929202));
#7363=CARTESIAN_POINT('',(1.79699036610611,-0.3,6.15967808929202));
#7364=CARTESIAN_POINT('Origin',(1.88834491187037,-0.300000000000001,6.11900442498444));
#7365=CARTESIAN_POINT('Origin',(1.88834491187037,0.299999999999999,6.11900442498444));
#7366=CARTESIAN_POINT('Origin',(1.92698959682314,0.3,6.45166114206172));
#7367=CARTESIAN_POINT('',(1.80496860390039,0.3,6.17759750476894));
#7368=CARTESIAN_POINT('',(1.62225951237188,0.3,6.25894483338411));
#7369=CARTESIAN_POINT('',(1.80496860390039,0.3,6.17759750476895));
#7370=CARTESIAN_POINT('',(1.8049686039004,0.3,6.17759750476895));
#7371=CARTESIAN_POINT('',(1.79699036610611,0.3,6.15967808929202));
#7372=CARTESIAN_POINT('',(1.62225951237188,0.3,6.25894483338411));
#7373=CARTESIAN_POINT('Origin',(-0.90800161804315,2.38274333882308,0.575885286891712));
#7374=CARTESIAN_POINT('',(1.62225951237188,-0.3,6.25894483338411));
#7375=CARTESIAN_POINT('Origin',(1.62225951237188,-4.44089209850063E-16,
6.25894483338411));
#7376=CARTESIAN_POINT('',(1.61428127457759,-0.3,6.24102541790718));
#7377=CARTESIAN_POINT('Origin',(1.79699036610611,-0.3,6.15967808929202));
#7378=CARTESIAN_POINT('',(1.8049686039004,-0.3,6.17759750476894));
#7379=CARTESIAN_POINT('',(1.8049686039004,-0.3,6.17759750476895));
#7380=CARTESIAN_POINT('',(1.79699036610611,-0.300000000000001,6.15967808929202));
#7381=CARTESIAN_POINT('',(1.79699036610611,-0.3,6.15967808929202));
#7382=CARTESIAN_POINT('Origin',(-0.725292526514631,2.38274333882308,0.494537958276549));
#7383=CARTESIAN_POINT('Origin',(1.80496860390039,0.,6.17759750476894));
#7384=CARTESIAN_POINT('Origin',(1.61428127457759,-0.3,6.24102541790718));
#7385=CARTESIAN_POINT('Origin',(1.58998834325988,0.3,6.08764588600415));
#7386=CARTESIAN_POINT('Origin',(0.112749848267906,-0.157256661176918,0.0349863432989074));
#7387=CARTESIAN_POINT('',(0.751107277666477,-0.3,6.10855157865767));
#7388=CARTESIAN_POINT('',(0.751107277666477,-0.3,6.10855157865767));
#7389=CARTESIAN_POINT('',(0.541643431389517,-0.3,4.11563620519538));
#7390=CARTESIAN_POINT('',(0.541643431389517,0.3,4.11563620519538));
#7391=CARTESIAN_POINT('',(0.751107277666477,-0.3,6.10855157865767));
#7392=CARTESIAN_POINT('Origin',(0.311654227341561,-0.157256661176919,0.0140806506453771));
#7393=CARTESIAN_POINT('',(0.950011656740132,-0.3,6.08764588600414));
#7394=CARTESIAN_POINT('',(0.950011656740132,0.3,6.08764588600414));
#7395=CARTESIAN_POINT('',(0.740547810463171,-0.3,4.09473051254185));
#7396=CARTESIAN_POINT('',(0.950011656740132,-0.3,6.08764588600414));
#7397=CARTESIAN_POINT('',(0.740547810463172,0.3,4.09473051254185));
#7398=CARTESIAN_POINT('Origin',(0.759509772862068,-0.3,6.18849598027337));
#7399=CARTESIAN_POINT('',(0.950011656740132,-0.3,6.08764588600414));
#7400=CARTESIAN_POINT('',(0.541643431389517,-0.3,4.11563620519538));
#7401=CARTESIAN_POINT('Origin',(0.839999999999999,0.3,4.08427766621509));
#7402=CARTESIAN_POINT('Origin',(0.839999999999999,0.3,4.08427766621509));
#7403=CARTESIAN_POINT('Origin',(0.839999999999999,-0.3,4.08427766621509));
#7404=CARTESIAN_POINT('Origin',(0.839999999999999,-0.3,4.08427766621509));
#7405=CARTESIAN_POINT('Origin',(0.839999999999999,-0.3,4.08427766621509));
#7406=CARTESIAN_POINT('Origin',(0.739999999999999,-0.3,4.08427766621509));
#7407=CARTESIAN_POINT('Origin',(0.740547810463172,0.3,4.09473051254185));
#7408=CARTESIAN_POINT('Origin',(0.65165508812965,-0.3,6.11900442498444));
#7409=CARTESIAN_POINT('',(0.92571872542243,0.3,6.24102541790718));
#7410=CARTESIAN_POINT('',(0.92571872542243,-0.3,6.24102541790718));
#7411=CARTESIAN_POINT('',(0.925718725422431,0.3,6.24102541790718));
#7412=CARTESIAN_POINT('Origin',(0.65165508812965,-0.3,6.11900442498444));
#7413=CARTESIAN_POINT('Origin',(0.651655088129651,0.3,6.11900442498444));
#7414=CARTESIAN_POINT('Origin',(0.65165508812965,0.3,6.11900442498444));
#7415=CARTESIAN_POINT('',(0.74300963389391,0.3,6.15967808929202));
#7416=CARTESIAN_POINT('',(0.74300963389391,-0.3,6.15967808929202));
#7417=CARTESIAN_POINT('',(0.743009633893911,0.3,6.15967808929202));
#7418=CARTESIAN_POINT('Origin',(0.65165508812965,0.3,6.11900442498444));
#7419=CARTESIAN_POINT('Origin',(0.65165508812965,-0.3,6.11900442498444));
#7420=CARTESIAN_POINT('Origin',(0.613010403176883,-0.3,6.45166114206173));
#7421=CARTESIAN_POINT('',(0.735031396099623,-0.3,6.17759750476894));
#7422=CARTESIAN_POINT('',(0.917740487628143,-0.300000000000001,6.2589448333841));
#7423=CARTESIAN_POINT('',(0.735031396099623,-0.3,6.17759750476895));
#7424=CARTESIAN_POINT('',(0.735031396099623,-0.3,6.17759750476895));
#7425=CARTESIAN_POINT('',(0.74300963389391,-0.3,6.15967808929202));
#7426=CARTESIAN_POINT('',(0.917740487628143,-0.3,6.25894483338411));
#7427=CARTESIAN_POINT('Origin',(3.44800161804309,-0.15725666117692,0.575885286891673));
#7428=CARTESIAN_POINT('',(0.917740487628143,0.3,6.2589448333841));
#7429=CARTESIAN_POINT('Origin',(0.917740487628143,-3.05311331771918E-16,
6.2589448333841));
#7430=CARTESIAN_POINT('',(0.92571872542243,0.3,6.24102541790718));
#7431=CARTESIAN_POINT('Origin',(0.74300963389391,0.3,6.15967808929202));
#7432=CARTESIAN_POINT('',(0.735031396099622,0.3,6.17759750476894));
#7433=CARTESIAN_POINT('',(0.735031396099623,0.3,6.17759750476895));
#7434=CARTESIAN_POINT('',(0.743009633893911,0.3,6.15967808929202));
#7435=CARTESIAN_POINT('',(0.74300963389391,0.3,6.15967808929202));
#7436=CARTESIAN_POINT('Origin',(3.26529252651457,-0.157256661176919,0.494537958276514));
#7437=CARTESIAN_POINT('Origin',(0.735031396099623,-2.4980018054066E-16,
6.17759750476894));
#7438=CARTESIAN_POINT('Origin',(0.92571872542243,0.299999999999999,6.24102541790718));
#7439=CARTESIAN_POINT('Origin',(0.950011656740132,-0.3,6.08764588600415));
#7440=CARTESIAN_POINT('Origin',(-0.540000000000001,0.7,3.3));
#7441=CARTESIAN_POINT('',(-0.840000000000001,0.5,3.3));
#7442=CARTESIAN_POINT('',(-0.840000000000001,0.7,3.3));
#7443=CARTESIAN_POINT('Origin',(0.,0.7,4.28626379701574E-17));
#7444=CARTESIAN_POINT('',(-1.7,0.7,2.5));
#7445=CARTESIAN_POINT('',(-1.7,0.7,4.1));
#7446=CARTESIAN_POINT('',(-1.7,0.7,2.5));
#7447=CARTESIAN_POINT('',(-1.59,0.7,4.1));
#7448=CARTESIAN_POINT('',(-1.59,0.7,4.1));
#7449=CARTESIAN_POINT('',(-1.59,0.699999999999999,6.9));
#7450=CARTESIAN_POINT('',(-1.59,0.699999999999999,6.9));
#7451=CARTESIAN_POINT('',(-2.,0.699999999999999,6.9));
#7452=CARTESIAN_POINT('',(-2.,0.699999999999999,6.9));
#7453=CARTESIAN_POINT('',(-1.2,0.699999999999999,7.7));
#7454=CARTESIAN_POINT('',(-1.2,0.699999999999999,7.7));
#7455=CARTESIAN_POINT('',(1.2,0.7,7.7));
#7456=CARTESIAN_POINT('',(1.2,0.7,7.7));
#7457=CARTESIAN_POINT('',(2.,0.7,6.9));
#7458=CARTESIAN_POINT('',(2.,0.7,6.9));
#7459=CARTESIAN_POINT('',(1.59,0.7,6.9));
#7460=CARTESIAN_POINT('',(1.59,0.7,6.9));
#7461=CARTESIAN_POINT('',(1.59,0.7,4.1));
#7462=CARTESIAN_POINT('',(1.59,0.7,4.1));
#7463=CARTESIAN_POINT('',(1.7,0.7,4.1));
#7464=CARTESIAN_POINT('',(1.7,0.7,4.1));
#7465=CARTESIAN_POINT('',(1.7,0.7,2.5));
#7466=CARTESIAN_POINT('',(1.7,0.7,4.1));
#7467=CARTESIAN_POINT('',(-1.7,0.7,2.5));
#7468=CARTESIAN_POINT('',(-0.840000000000001,0.7,4.1));
#7469=CARTESIAN_POINT('',(-0.840000000000001,0.7,4.1));
#7470=CARTESIAN_POINT('',(0.839999999999999,0.7,4.1));
#7471=CARTESIAN_POINT('',(0.839999999999999,0.7,3.3));
#7472=CARTESIAN_POINT('',(0.949999999999999,0.7,4.1));
#7473=CARTESIAN_POINT('',(0.839999999999999,0.7,4.1));
#7474=CARTESIAN_POINT('',(0.949999999999999,0.7,6.7));
#7475=CARTESIAN_POINT('',(0.949999999999999,0.7,4.1));
#7476=CARTESIAN_POINT('',(0.749999999999999,0.7,6.9));
#7477=CARTESIAN_POINT('Origin',(0.749999999999999,0.7,6.7));
#7478=CARTESIAN_POINT('',(-0.750000000000001,0.699999999999999,6.9));
#7479=CARTESIAN_POINT('',(0.749999999999999,0.7,6.9));
#7480=CARTESIAN_POINT('',(-0.950000000000001,0.699999999999999,6.7));
#7481=CARTESIAN_POINT('Origin',(-0.750000000000001,0.699999999999999,6.7));
#7482=CARTESIAN_POINT('',(-0.950000000000001,0.7,4.1));
#7483=CARTESIAN_POINT('',(-0.950000000000001,0.699999999999999,6.7));
#7484=CARTESIAN_POINT('',(-0.950000000000001,0.7,4.1));
#7485=CARTESIAN_POINT('Origin',(2.44929359829471E-17,0.5,3.06161699786838E-17));
#7486=CARTESIAN_POINT('',(-1.7,0.499999999999999,4.1));
#7487=CARTESIAN_POINT('',(-1.7,0.5,2.5));
#7488=CARTESIAN_POINT('',(-1.7,0.499999999999999,4.1));
#7489=CARTESIAN_POINT('',(1.7,0.5,2.5));
#7490=CARTESIAN_POINT('',(-1.7,0.5,2.5));
#7491=CARTESIAN_POINT('',(1.7,0.5,4.1));
#7492=CARTESIAN_POINT('',(1.7,0.5,2.5));
#7493=CARTESIAN_POINT('',(1.59,0.5,4.1));
#7494=CARTESIAN_POINT('',(1.7,0.5,4.1));
#7495=CARTESIAN_POINT('',(1.59,0.5,6.9));
#7496=CARTESIAN_POINT('',(1.59,0.5,4.1));
#7497=CARTESIAN_POINT('',(2.,0.5,6.9));
#7498=CARTESIAN_POINT('',(1.59,0.5,6.9));
#7499=CARTESIAN_POINT('',(1.2,0.5,7.7));
#7500=CARTESIAN_POINT('',(2.,0.5,6.9));
#7501=CARTESIAN_POINT('',(-1.2,0.499999999999999,7.7));
#7502=CARTESIAN_POINT('',(1.2,0.5,7.7));
#7503=CARTESIAN_POINT('',(-2.,0.499999999999999,6.9));
#7504=CARTESIAN_POINT('',(-1.2,0.499999999999999,7.7));
#7505=CARTESIAN_POINT('',(-1.59,0.499999999999999,6.9));
#7506=CARTESIAN_POINT('',(-2.,0.499999999999999,6.9));
#7507=CARTESIAN_POINT('',(-1.59,0.499999999999999,4.1));
#7508=CARTESIAN_POINT('',(-1.59,0.499999999999999,6.9));
#7509=CARTESIAN_POINT('',(-1.59,0.499999999999999,4.1));
#7510=CARTESIAN_POINT('',(-0.840000000000001,0.5,4.1));
#7511=CARTESIAN_POINT('',(-0.840000000000001,0.5,3.3));
#7512=CARTESIAN_POINT('',(-0.950000000000001,0.5,4.1));
#7513=CARTESIAN_POINT('',(-0.950000000000001,0.5,4.1));
#7514=CARTESIAN_POINT('',(-0.950000000000001,0.499999999999999,6.7));
#7515=CARTESIAN_POINT('',(-0.950000000000001,0.499999999999999,6.7));
#7516=CARTESIAN_POINT('',(-0.750000000000001,0.499999999999999,6.9));
#7517=CARTESIAN_POINT('Origin',(-0.750000000000001,0.499999999999999,6.7));
#7518=CARTESIAN_POINT('',(0.749999999999999,0.5,6.9));
#7519=CARTESIAN_POINT('',(0.749999999999999,0.5,6.9));
#7520=CARTESIAN_POINT('',(0.949999999999999,0.5,6.7));
#7521=CARTESIAN_POINT('Origin',(0.749999999999999,0.5,6.7));
#7522=CARTESIAN_POINT('',(0.949999999999999,0.5,4.1));
#7523=CARTESIAN_POINT('',(0.949999999999999,0.5,4.1));
#7524=CARTESIAN_POINT('',(0.839999999999999,0.5,4.1));
#7525=CARTESIAN_POINT('',(0.839999999999999,0.5,4.1));
#7526=CARTESIAN_POINT('',(0.839999999999999,0.5,4.1));
#7527=CARTESIAN_POINT('Origin',(-0.950000000000001,0.7,4.1));
#7528=CARTESIAN_POINT('',(-0.840000000000001,0.5,4.1));
#7529=CARTESIAN_POINT('',(-0.950000000000001,0.7,4.1));
#7530=CARTESIAN_POINT('Origin',(0.839999999999999,0.5,3.3));
#7531=CARTESIAN_POINT('Origin',(0.839999999999999,0.4,3.3));
#7532=CARTESIAN_POINT('Origin',(0.839999999999999,0.4,3.3));
#7533=CARTESIAN_POINT('Origin',(-1.59,0.7,4.1));
#7534=CARTESIAN_POINT('',(-1.7,0.7,4.1));
#7535=CARTESIAN_POINT('',(-1.59,0.7,4.1));
#7536=CARTESIAN_POINT('Origin',(-1.59,0.699999999999999,6.9));
#7537=CARTESIAN_POINT('',(-1.59,0.699999999999999,6.9));
#7538=CARTESIAN_POINT('Origin',(-2.,0.699999999999999,6.9));
#7539=CARTESIAN_POINT('',(-2.,0.699999999999999,6.9));
#7540=CARTESIAN_POINT('Origin',(-1.2,0.699999999999999,7.7));
#7541=CARTESIAN_POINT('',(-1.2,0.699999999999999,7.7));
#7542=CARTESIAN_POINT('Origin',(1.2,0.7,7.7));
#7543=CARTESIAN_POINT('',(1.2,0.7,7.7));
#7544=CARTESIAN_POINT('Origin',(2.,0.7,6.9));
#7545=CARTESIAN_POINT('',(2.,0.7,6.9));
#7546=CARTESIAN_POINT('Origin',(1.59,0.7,6.9));
#7547=CARTESIAN_POINT('',(1.59,0.7,6.9));
#7548=CARTESIAN_POINT('Origin',(1.59,0.7,4.1));
#7549=CARTESIAN_POINT('',(1.59,0.7,4.1));
#7550=CARTESIAN_POINT('Origin',(2.,0.7,4.1));
#7551=CARTESIAN_POINT('',(1.7,0.5,4.1));
#7552=CARTESIAN_POINT('Origin',(1.7,0.4,2.5));
#7553=CARTESIAN_POINT('Origin',(1.7,0.4,2.5));
#7554=CARTESIAN_POINT('Origin',(1.7,0.4,4.1));
#7555=CARTESIAN_POINT('Origin',(-2.,0.7,2.5));
#7556=CARTESIAN_POINT('',(-1.7,0.5,2.5));
#7557=CARTESIAN_POINT('',(1.7,0.7,2.5));
#7558=CARTESIAN_POINT('Origin',(0.839999999999999,0.4,4.1));
#7559=CARTESIAN_POINT('Origin',(0.839999999999999,0.4,4.1));
#7560=CARTESIAN_POINT('Origin',(0.539999999999999,0.7,4.1));
#7561=CARTESIAN_POINT('',(0.839999999999999,0.7,4.1));
#7562=CARTESIAN_POINT('',(0.949999999999999,0.7,4.1));
#7563=CARTESIAN_POINT('Origin',(0.949999999999999,0.7,4.1));
#7564=CARTESIAN_POINT('',(0.949999999999999,0.7,6.7));
#7565=CARTESIAN_POINT('Origin',(0.749999999999999,0.7,6.7));
#7566=CARTESIAN_POINT('',(0.749999999999999,0.7,6.9));
#7567=CARTESIAN_POINT('Origin',(0.749999999999999,0.7,6.9));
#7568=CARTESIAN_POINT('',(-0.750000000000001,0.699999999999999,6.9));
#7569=CARTESIAN_POINT('Origin',(-0.750000000000001,0.699999999999999,6.7));
#7570=CARTESIAN_POINT('',(-0.950000000000001,0.699999999999999,6.7));
#7571=CARTESIAN_POINT('Origin',(-0.950000000000001,0.699999999999999,6.7));
#7572=CARTESIAN_POINT('Origin',(1.7,0.4,4.1));
#7573=CARTESIAN_POINT('Origin',(1.7,0.4,4.1));
#7574=CARTESIAN_POINT('Origin',(1.7,0.4,2.5));
#7575=CARTESIAN_POINT('Origin',(0.839999999999999,0.4,3.3));
#7576=CARTESIAN_POINT('Origin',(0.839999999999999,0.4,4.1));
#7577=CARTESIAN_POINT('Origin',(1.7,0.5,4.1));
#7578=CARTESIAN_POINT('Origin',(1.8,0.4,2.5));
#7579=CARTESIAN_POINT('Origin',(0.739999999999999,0.4,4.1));
#7580=CARTESIAN_POINT('Origin',(-2.,2.38274333882308,-7.32747196252603E-16));
#7581=CARTESIAN_POINT('',(-2.,-0.300000000000001,4.08427766621509));
#7582=CARTESIAN_POINT('',(-2.,0.4,4.1));
#7583=CARTESIAN_POINT('',(-2.,0.4,4.1));
#7584=CARTESIAN_POINT('',(-2.,0.4,2.5));
#7585=CARTESIAN_POINT('',(-2.,0.4,2.5));
#7586=CARTESIAN_POINT('',(-2.,-0.7,2.5));
#7587=CARTESIAN_POINT('',(-2.,-0.7,2.5));
#7588=CARTESIAN_POINT('',(-2.,-0.7,4.1));
#7589=CARTESIAN_POINT('',(-2.,-0.7,4.1));
#7590=CARTESIAN_POINT('',(-2.,-0.3,4.1));
#7591=CARTESIAN_POINT('Origin',(-1.8,2.38274333882308,-7.7715611723761E-16));
#7592=CARTESIAN_POINT('',(-1.8,-0.7,4.1));
#7593=CARTESIAN_POINT('',(-1.8,-0.3,4.1));
#7594=CARTESIAN_POINT('',(-1.8,-0.7,2.5));
#7595=CARTESIAN_POINT('',(-1.8,-0.7,4.1));
#7596=CARTESIAN_POINT('',(-1.8,0.4,2.5));
#7597=CARTESIAN_POINT('',(-1.8,-0.7,2.5));
#7598=CARTESIAN_POINT('',(-1.8,0.399999999999999,4.1));
#7599=CARTESIAN_POINT('',(-1.8,0.4,2.5));
#7600=CARTESIAN_POINT('',(-1.8,0.4,4.1));
#7601=CARTESIAN_POINT('',(-1.8,0.3,4.08427766621509));
#7602=CARTESIAN_POINT('',(-1.8,0.3,4.08427766621509));
#7603=CARTESIAN_POINT('Origin',(-2.,0.4,4.1));
#7604=CARTESIAN_POINT('',(-2.,-0.7,4.1));
#7605=CARTESIAN_POINT('Origin',(-2.,0.4,4.1));
#7606=CARTESIAN_POINT('',(-1.8,0.3,4.1));
#7607=CARTESIAN_POINT('',(-2.,0.4,4.1));
#7608=CARTESIAN_POINT('Origin',(-2.,0.3,4.08427766621509));
#7609=CARTESIAN_POINT('Origin',(-1.7,0.399999999999999,4.1));
#7610=CARTESIAN_POINT('Origin',(-1.7,0.399999999999999,4.1));
#7611=CARTESIAN_POINT('Origin',(-1.7,0.399999999999996,2.5));
#7612=CARTESIAN_POINT('Origin',(-2.,-0.7,2.5));
#7613=CARTESIAN_POINT('',(-2.,0.4,2.5));
#7614=CARTESIAN_POINT('',(-2.,-0.7,2.5));
#7615=CARTESIAN_POINT('Origin',(-2.,-0.7,4.1));
#7616=CARTESIAN_POINT('Origin',(-1.7,0.4,2.5));
#7617=CARTESIAN_POINT('Origin',(-1.7,0.4,2.5));
#7618=CARTESIAN_POINT('Origin',(-1.70000000000001,0.399999999999999,4.1));
#7619=CARTESIAN_POINT('Origin',(-1.8,0.4,4.1));
#7620=CARTESIAN_POINT('Origin',(-1.7,0.5,2.5));
#7621=CARTESIAN_POINT('Origin',(-0.54,-0.157256661176919,7.77156117237609E-17));
#7622=CARTESIAN_POINT('',(-0.540000000000001,0.3,4.1));
#7623=CARTESIAN_POINT('',(-0.540000000000001,0.3,4.1));
#7624=CARTESIAN_POINT('',(-0.54,-0.3,4.08427766621509));
#7625=CARTESIAN_POINT('',(-0.540000000000001,0.3,4.08427766621509));
#7626=CARTESIAN_POINT('',(-0.54,-0.3,3.3));
#7627=CARTESIAN_POINT('',(-0.54,-0.3,3.3));
#7628=CARTESIAN_POINT('',(-0.540000000000001,0.4,3.3));
#7629=CARTESIAN_POINT('',(-0.540000000000001,0.4,4.1));
#7630=CARTESIAN_POINT('',(-0.540000000000001,0.4,4.1));
#7631=CARTESIAN_POINT('',(-0.540000000000001,0.3,4.1));
#7632=CARTESIAN_POINT('Origin',(-0.74,-0.157256661176919,5.55111512312578E-17));
#7633=CARTESIAN_POINT('',(-0.740000000000001,0.4,4.1));
#7634=CARTESIAN_POINT('',(-0.740000000000001,0.3,4.1));
#7635=CARTESIAN_POINT('',(-0.740000000000001,0.4,4.1));
#7636=CARTESIAN_POINT('',(-0.74,-0.3,3.3));
#7637=CARTESIAN_POINT('',(-0.740000000000001,0.4,3.3));
#7638=CARTESIAN_POINT('',(-0.74,-0.3,4.08427766621509));
#7639=CARTESIAN_POINT('',(-0.74,-0.3,3.3));
#7640=CARTESIAN_POINT('',(-0.74,-0.3,4.08427766621509));
#7641=CARTESIAN_POINT('Origin',(-0.54,-0.3,4.1));
#7642=CARTESIAN_POINT('',(-0.540000000000001,0.3,4.1));
#7643=CARTESIAN_POINT('',(-0.540000000000001,0.4,4.1));
#7644=CARTESIAN_POINT('Origin',(-0.54,-0.3,3.3));
#7645=CARTESIAN_POINT('',(-0.54,-0.3,4.08427766621509));
#7646=CARTESIAN_POINT('',(-0.54,-0.3,3.3));
#7647=CARTESIAN_POINT('Origin',(-0.540000000000001,0.3,4.1));
#7648=CARTESIAN_POINT('Origin',(-0.540000000000001,0.4,3.3));
#7649=CARTESIAN_POINT('Origin',(-0.840000000000001,0.4,3.3));
#7650=CARTESIAN_POINT('Origin',(-0.840000000000001,0.4,3.3));
#7651=CARTESIAN_POINT('Origin',(-0.840000000000001,0.4,4.1));
#7652=CARTESIAN_POINT('Origin',(-0.840000000000001,0.4,4.1));
#7653=CARTESIAN_POINT('Origin',(-0.840000000000001,0.4,4.1));
#7654=CARTESIAN_POINT('Origin',(-0.840000000000001,0.5,4.1));
#7655=CARTESIAN_POINT('Origin',(-0.740000000000001,0.4,3.3));
#7656=CARTESIAN_POINT('Origin',(-2.42725015173209,2.38274333882308,0.0349863432989067));
#7657=CARTESIAN_POINT('',(-1.78889272233352,-0.300000000000001,6.10855157865767));
#7658=CARTESIAN_POINT('',(-1.99835656861048,0.299999999999999,4.11563620519538));
#7659=CARTESIAN_POINT('Origin',(-2.22834577265844,2.38274333882308,0.0140806506453763));
#7660=CARTESIAN_POINT('',(-1.58998834325987,0.299999999999999,6.08764588600414));
#7661=CARTESIAN_POINT('',(-1.79945218953683,0.299999999999999,4.09473051254185));
#7662=CARTESIAN_POINT('Origin',(-1.78049022713793,-0.300000000000001,6.18849598027337));
#7663=CARTESIAN_POINT('',(-1.99835656861048,-0.300000000000001,4.11563620519538));
#7664=CARTESIAN_POINT('Origin',(-1.7,0.3,4.08427766621509));
#7665=CARTESIAN_POINT('Origin',(-1.7,0.299999999999999,4.08427766621509));
#7666=CARTESIAN_POINT('Origin',(-1.7,-0.300000000000001,4.08427766621509));
#7667=CARTESIAN_POINT('Origin',(-1.7,-0.300000000000001,4.08427766621509));
#7668=CARTESIAN_POINT('Origin',(-1.8,-0.300000000000001,4.08427766621509));
#7669=CARTESIAN_POINT('Origin',(-1.79945218953683,0.299999999999999,4.09473051254185));
#7670=CARTESIAN_POINT('Origin',(-1.88834491187035,-0.300000000000001,6.11900442498444));
#7671=CARTESIAN_POINT('',(-1.61428127457757,0.299999999999999,6.24102541790718));
#7672=CARTESIAN_POINT('',(-1.61428127457757,-0.300000000000001,6.24102541790718));
#7673=CARTESIAN_POINT('',(-1.61428127457757,0.299999999999999,6.24102541790718));
#7674=CARTESIAN_POINT('Origin',(-1.88834491187035,-0.3,6.11900442498444));
#7675=CARTESIAN_POINT('Origin',(-1.88834491187035,0.3,6.11900442498444));
#7676=CARTESIAN_POINT('Origin',(-1.88834491187035,0.299999999999999,6.11900442498444));
#7677=CARTESIAN_POINT('',(-1.79699036610609,0.299999999999999,6.15967808929202));
#7678=CARTESIAN_POINT('',(-1.79699036610609,-0.300000000000001,6.15967808929202));
#7679=CARTESIAN_POINT('',(-1.79699036610609,0.299999999999999,6.15967808929202));
#7680=CARTESIAN_POINT('Origin',(-1.88834491187035,0.3,6.11900442498444));
#7681=CARTESIAN_POINT('Origin',(-1.88834491187035,-0.3,6.11900442498444));
#7682=CARTESIAN_POINT('Origin',(-1.92698959682312,-0.300000000000001,6.45166114206172));
#7683=CARTESIAN_POINT('',(-1.80496860390038,-0.300000000000001,6.17759750476894));
#7684=CARTESIAN_POINT('',(-1.62225951237186,-0.300000000000001,6.2589448333841));
#7685=CARTESIAN_POINT('',(-1.80496860390038,-0.300000000000001,6.17759750476894));
#7686=CARTESIAN_POINT('',(-1.80496860390038,-0.300000000000001,6.17759750476894));
#7687=CARTESIAN_POINT('',(-1.79699036610609,-0.300000000000001,6.15967808929202));
#7688=CARTESIAN_POINT('',(-1.62225951237186,-0.300000000000001,6.25894483338411));
#7689=CARTESIAN_POINT('Origin',(0.908001618043112,2.38274333882308,0.575885286891683));
#7690=CARTESIAN_POINT('',(-1.62225951237186,0.299999999999999,6.2589448333841));
#7691=CARTESIAN_POINT('Origin',(-1.62225951237186,-1.33226762955019E-15,
6.2589448333841));
#7692=CARTESIAN_POINT('',(-1.61428127457757,0.299999999999999,6.24102541790718));
#7693=CARTESIAN_POINT('Origin',(-1.79699036610609,0.299999999999999,6.15967808929202));
#7694=CARTESIAN_POINT('',(-1.80496860390038,0.299999999999999,6.17759750476894));
#7695=CARTESIAN_POINT('',(-1.80496860390038,0.299999999999999,6.17759750476894));
#7696=CARTESIAN_POINT('',(-1.79699036610609,0.299999999999999,6.15967808929202));
#7697=CARTESIAN_POINT('',(-1.79699036610609,0.299999999999999,6.15967808929202));
#7698=CARTESIAN_POINT('Origin',(0.725292526514592,2.38274333882308,0.494537958276523));
#7699=CARTESIAN_POINT('Origin',(-1.80496860390038,-1.33226762955019E-15,
6.17759750476894));
#7700=CARTESIAN_POINT('Origin',(-1.61428127457757,0.299999999999999,6.24102541790718));
#7701=CARTESIAN_POINT('Origin',(-1.58998834325987,-0.300000000000001,6.08764588600414));
#7702=CARTESIAN_POINT('Origin',(-0.112749848267907,-0.157256661176919,0.0349863432989075));
#7703=CARTESIAN_POINT('',(-0.75110727766648,-0.3,6.10855157865767));
#7704=CARTESIAN_POINT('',(-0.75110727766648,0.3,6.10855157865767));
#7705=CARTESIAN_POINT('',(-0.541643431389518,-0.3,4.11563620519538));
#7706=CARTESIAN_POINT('',(-0.541643431389518,-0.3,4.11563620519538));
#7707=CARTESIAN_POINT('',(-0.541643431389518,-0.3,4.11563620519538));
#7708=CARTESIAN_POINT('Origin',(-0.311654227341562,-0.157256661176919,0.0140806506453772));
#7709=CARTESIAN_POINT('',(-0.950011656740134,-0.3,6.08764588600415));
#7710=CARTESIAN_POINT('',(-0.950011656740134,-0.3,6.08764588600414));
#7711=CARTESIAN_POINT('',(-0.740547810463173,-0.3,4.09473051254185));
#7712=CARTESIAN_POINT('',(-0.740547810463173,-0.3,4.09473051254185));
#7713=CARTESIAN_POINT('',(-0.740547810463173,-0.3,4.09473051254185));
#7714=CARTESIAN_POINT('Origin',(-0.75950977286207,0.3,6.18849598027337));
#7715=CARTESIAN_POINT('Origin',(-0.541643431389518,-0.3,4.11563620519538));
#7716=CARTESIAN_POINT('',(-0.75110727766648,-0.3,6.10855157865767));
#7717=CARTESIAN_POINT('',(-0.541643431389518,-0.3,4.11563620519538));
#7718=CARTESIAN_POINT('Origin',(-0.84,-0.3,4.08427766621509));
#7719=CARTESIAN_POINT('Origin',(-0.84,-0.300000000000001,4.08427766621509));
#7720=CARTESIAN_POINT('Origin',(-0.840000000000001,0.3,4.08427766621509));
#7721=CARTESIAN_POINT('Origin',(-0.840000000000001,0.299999999999999,4.08427766621509));
#7722=CARTESIAN_POINT('Origin',(-0.84,-0.300000000000001,4.08427766621509));
#7723=CARTESIAN_POINT('Origin',(-0.740000000000001,0.3,4.08427766621509));
#7724=CARTESIAN_POINT('Origin',(-0.740547810463173,-0.3,4.09473051254185));
#7725=CARTESIAN_POINT('Origin',(-0.651655088129653,0.3,6.11900442498444));
#7726=CARTESIAN_POINT('',(-0.925718725422432,-0.300000000000001,6.24102541790718));
#7727=CARTESIAN_POINT('',(-0.925718725422432,0.299999999999999,6.24102541790718));
#7728=CARTESIAN_POINT('',(-0.925718725422433,-0.300000000000001,6.24102541790718));
#7729=CARTESIAN_POINT('Origin',(-0.651655088129653,0.3,6.11900442498444));
#7730=CARTESIAN_POINT('Origin',(-0.651655088129652,-0.3,6.11900442498444));
#7731=CARTESIAN_POINT('Origin',(-0.651655088129652,-0.3,6.11900442498444));
#7732=CARTESIAN_POINT('',(-0.743009633893911,-0.300000000000001,6.15967808929202));
#7733=CARTESIAN_POINT('',(-0.743009633893912,0.299999999999999,6.15967808929202));
#7734=CARTESIAN_POINT('',(-0.743009633893912,-0.300000000000001,6.15967808929202));
#7735=CARTESIAN_POINT('Origin',(-0.651655088129652,-0.3,6.11900442498444));
#7736=CARTESIAN_POINT('Origin',(-0.651655088129653,0.3,6.11900442498444));
#7737=CARTESIAN_POINT('Origin',(-0.613010403176885,0.3,6.45166114206173));
#7738=CARTESIAN_POINT('',(-0.735031396099625,0.299999999999999,6.17759750476894));
#7739=CARTESIAN_POINT('',(-0.917740487628145,0.299999999999999,6.2589448333841));
#7740=CARTESIAN_POINT('',(-0.735031396099625,0.299999999999999,6.17759750476895));
#7741=CARTESIAN_POINT('',(-0.735031396099625,0.299999999999999,6.17759750476895));
#7742=CARTESIAN_POINT('',(-0.743009633893912,0.299999999999999,6.15967808929202));
#7743=CARTESIAN_POINT('',(-0.917740487628145,0.299999999999999,6.25894483338411));
#7744=CARTESIAN_POINT('Origin',(-3.44800161804309,-0.157256661176922,0.575885286891672));
#7745=CARTESIAN_POINT('',(-0.917740487628144,-0.300000000000001,6.2589448333841));
#7746=CARTESIAN_POINT('Origin',(-0.917740487628144,-9.43689570931383E-16,
6.25894483338411));
#7747=CARTESIAN_POINT('',(-0.925718725422431,-0.300000000000001,6.24102541790718));
#7748=CARTESIAN_POINT('Origin',(-0.743009633893911,-0.300000000000001,6.15967808929202));
#7749=CARTESIAN_POINT('',(-0.735031396099624,-0.3,6.17759750476894));
#7750=CARTESIAN_POINT('',(-0.735031396099623,-0.300000000000001,6.17759750476895));
#7751=CARTESIAN_POINT('',(-0.743009633893912,-0.3,6.15967808929202));
#7752=CARTESIAN_POINT('',(-0.743009633893911,-0.300000000000001,6.15967808929202));
#7753=CARTESIAN_POINT('Origin',(-3.26529252651457,-0.157256661176922,0.494537958276512));
#7754=CARTESIAN_POINT('Origin',(-0.735031396099624,-8.04911692853238E-16,
6.17759750476895));
#7755=CARTESIAN_POINT('Origin',(-0.925718725422432,-0.300000000000001,6.24102541790718));
#7756=CARTESIAN_POINT('Origin',(-0.950011656740135,0.299999999999999,6.08764588600415));
#7757=CARTESIAN_POINT('Origin',(2.90122315307151,1.66533453693773E-16,5.68951353307797));
#7758=CARTESIAN_POINT('Origin',(-0.361223153071501,8.32667268468867E-17,
5.68951353307799));
#7759=CARTESIAN_POINT('Origin',(-2.9012231530715,-9.71445146547012E-16,
5.68951353307798));
#7760=CARTESIAN_POINT('Origin',(0.361223153071501,-1.94289029309402E-16,
5.68951353307799));
#7761=CARTESIAN_POINT('Origin',(-1.016,1.27,0.));
#7762=CARTESIAN_POINT('',(-1.016,1.27,0.));
#7763=CARTESIAN_POINT('',(-1.016,1.27,2.54));
#7764=CARTESIAN_POINT('',(-1.016,1.27,0.));
#7765=CARTESIAN_POINT('',(-1.27,1.016,0.));
#7766=CARTESIAN_POINT('',(-1.016,1.27,0.));
#7767=CARTESIAN_POINT('',(-1.27,1.016,2.54));
#7768=CARTESIAN_POINT('',(-1.27,1.016,0.));
#7769=CARTESIAN_POINT('',(-1.016,1.27,2.54));
#7770=CARTESIAN_POINT('Origin',(1.016,1.27,0.));
#7771=CARTESIAN_POINT('',(1.016,1.27,0.));
#7772=CARTESIAN_POINT('',(1.016,1.27,2.54));
#7773=CARTESIAN_POINT('',(1.016,1.27,0.));
#7774=CARTESIAN_POINT('',(1.016,1.27,0.));
#7775=CARTESIAN_POINT('',(1.016,1.27,2.54));
#7776=CARTESIAN_POINT('Origin',(-1.27,1.016,0.));
#7777=CARTESIAN_POINT('',(-1.27,-1.016,0.));
#7778=CARTESIAN_POINT('',(-1.27,1.016,0.));
#7779=CARTESIAN_POINT('',(-1.27,-1.016,2.54));
#7780=CARTESIAN_POINT('',(-1.27,-1.016,0.));
#7781=CARTESIAN_POINT('',(-1.27,1.016,2.54));
#7782=CARTESIAN_POINT('Origin',(5.398204781459E-17,-2.54,0.));
#7783=CARTESIAN_POINT('',(1.27,1.016,0.));
#7784=CARTESIAN_POINT('',(1.27,1.016,0.));
#7785=CARTESIAN_POINT('',(1.27,-1.016,0.));
#7786=CARTESIAN_POINT('',(1.27,-1.016,0.));
#7787=CARTESIAN_POINT('',(1.016,-1.27,0.));
#7788=CARTESIAN_POINT('',(1.016,-1.27,0.));
#7789=CARTESIAN_POINT('',(1.27,-1.524,0.));
#7790=CARTESIAN_POINT('',(1.27,-1.524,0.));
#7791=CARTESIAN_POINT('',(1.27,-3.556,0.));
#7792=CARTESIAN_POINT('',(1.27,-3.556,0.));
#7793=CARTESIAN_POINT('',(1.016,-3.81,0.));
#7794=CARTESIAN_POINT('',(1.016,-3.81,0.));
#7795=CARTESIAN_POINT('',(1.27,-4.064,0.));
#7796=CARTESIAN_POINT('',(1.27,-4.064,0.));
#7797=CARTESIAN_POINT('',(1.27,-6.096,0.));
#7798=CARTESIAN_POINT('',(1.27,-6.096,0.));
#7799=CARTESIAN_POINT('',(1.016,-6.35,0.));
#7800=CARTESIAN_POINT('',(1.016,-6.35,0.));
#7801=CARTESIAN_POINT('',(-1.016,-6.35,0.));
#7802=CARTESIAN_POINT('',(-1.016,-6.35,0.));
#7803=CARTESIAN_POINT('',(-1.27,-6.096,0.));
#7804=CARTESIAN_POINT('',(-1.27,-6.096,0.));
#7805=CARTESIAN_POINT('',(-1.27,-4.064,0.));
#7806=CARTESIAN_POINT('',(-1.27,-4.064,0.));
#7807=CARTESIAN_POINT('',(-1.016,-3.81,0.));
#7808=CARTESIAN_POINT('',(-1.016,-3.81,0.));
#7809=CARTESIAN_POINT('',(-1.27,-3.556,0.));
#7810=CARTESIAN_POINT('',(-1.27,-3.556,0.));
#7811=CARTESIAN_POINT('',(-1.27,-1.524,0.));
#7812=CARTESIAN_POINT('',(-1.27,-1.524,0.));
#7813=CARTESIAN_POINT('',(-1.016,-1.27,0.));
#7814=CARTESIAN_POINT('',(-1.016,-1.27,0.));
#7815=CARTESIAN_POINT('',(-1.27,-1.016,0.));
#7816=CARTESIAN_POINT('',(0.32,-0.32,0.));
#7817=CARTESIAN_POINT('',(0.32,0.32,0.));
#7818=CARTESIAN_POINT('',(0.32,-1.43,0.));
#7819=CARTESIAN_POINT('',(-0.32,0.32,0.));
#7820=CARTESIAN_POINT('',(-0.16,0.32,0.));
#7821=CARTESIAN_POINT('',(-0.32,-0.32,0.));
#7822=CARTESIAN_POINT('',(-0.32,-1.43,0.));
#7823=CARTESIAN_POINT('',(-0.16,-0.32,0.));
#7824=CARTESIAN_POINT('',(0.32,-2.86,0.));
#7825=CARTESIAN_POINT('',(-0.32,-2.86,0.));
#7826=CARTESIAN_POINT('',(-0.16,-2.86,0.));
#7827=CARTESIAN_POINT('',(0.32,-2.22,0.));
#7828=CARTESIAN_POINT('',(0.32,-2.7,0.));
#7829=CARTESIAN_POINT('',(-0.32,-2.22,0.));
#7830=CARTESIAN_POINT('',(-0.16,-2.22,0.));
#7831=CARTESIAN_POINT('',(-0.32,-2.7,0.));
#7832=CARTESIAN_POINT('',(0.32,-4.76,0.));
#7833=CARTESIAN_POINT('',(-0.32,-4.76,0.));
#7834=CARTESIAN_POINT('',(-0.16,-4.76,0.));
#7835=CARTESIAN_POINT('',(-0.32,-5.4,0.));
#7836=CARTESIAN_POINT('',(-0.32,-3.97,0.));
#7837=CARTESIAN_POINT('',(0.32,-5.4,0.));
#7838=CARTESIAN_POINT('',(-0.16,-5.4,0.));
#7839=CARTESIAN_POINT('',(0.32,-3.97,0.));
#7840=CARTESIAN_POINT('Origin',(5.398204781459E-17,-2.54,2.54));
#7841=CARTESIAN_POINT('',(-1.016,-1.27,2.54));
#7842=CARTESIAN_POINT('',(-1.27,-1.016,2.54));
#7843=CARTESIAN_POINT('',(-1.27,-1.524,2.54));
#7844=CARTESIAN_POINT('',(-1.016,-1.27,2.54));
#7845=CARTESIAN_POINT('',(-1.27,-3.556,2.54));
#7846=CARTESIAN_POINT('',(-1.27,-1.524,2.54));
#7847=CARTESIAN_POINT('',(-1.016,-3.81,2.54));
#7848=CARTESIAN_POINT('',(-1.27,-3.556,2.54));
#7849=CARTESIAN_POINT('',(-1.27,-4.064,2.54));
#7850=CARTESIAN_POINT('',(-1.016,-3.81,2.54));
#7851=CARTESIAN_POINT('',(-1.27,-6.096,2.54));
#7852=CARTESIAN_POINT('',(-1.27,-4.064,2.54));
#7853=CARTESIAN_POINT('',(-1.016,-6.35,2.54));
#7854=CARTESIAN_POINT('',(-1.27,-6.096,2.54));
#7855=CARTESIAN_POINT('',(1.016,-6.35,2.54));
#7856=CARTESIAN_POINT('',(-1.016,-6.35,2.54));
#7857=CARTESIAN_POINT('',(1.27,-6.096,2.54));
#7858=CARTESIAN_POINT('',(1.016,-6.35,2.54));
#7859=CARTESIAN_POINT('',(1.27,-4.064,2.54));
#7860=CARTESIAN_POINT('',(1.27,-6.096,2.54));
#7861=CARTESIAN_POINT('',(1.016,-3.81,2.54));
#7862=CARTESIAN_POINT('',(1.27,-4.064,2.54));
#7863=CARTESIAN_POINT('',(1.27,-3.556,2.54));
#7864=CARTESIAN_POINT('',(1.016,-3.81,2.54));
#7865=CARTESIAN_POINT('',(1.27,-1.524,2.54));
#7866=CARTESIAN_POINT('',(1.27,-3.556,2.54));
#7867=CARTESIAN_POINT('',(1.016,-1.27,2.54));
#7868=CARTESIAN_POINT('',(1.27,-1.524,2.54));
#7869=CARTESIAN_POINT('',(1.27,-1.016,2.54));
#7870=CARTESIAN_POINT('',(1.016,-1.27,2.54));
#7871=CARTESIAN_POINT('',(1.27,1.016,2.54));
#7872=CARTESIAN_POINT('',(1.27,-1.016,2.54));
#7873=CARTESIAN_POINT('',(1.27,1.016,2.54));
#7874=CARTESIAN_POINT('',(0.32,-0.32,2.54));
#7875=CARTESIAN_POINT('',(0.32,0.32,2.54));
#7876=CARTESIAN_POINT('',(0.32,-1.43,2.54));
#7877=CARTESIAN_POINT('',(-0.32,-0.32,2.54));
#7878=CARTESIAN_POINT('',(-0.16,-0.32,2.54));
#7879=CARTESIAN_POINT('',(-0.32,0.32,2.54));
#7880=CARTESIAN_POINT('',(-0.32,-1.43,2.54));
#7881=CARTESIAN_POINT('',(-0.16,0.32,2.54));
#7882=CARTESIAN_POINT('',(0.32,-2.86,2.54));
#7883=CARTESIAN_POINT('',(-0.32,-2.86,2.54));
#7884=CARTESIAN_POINT('',(-0.16,-2.86,2.54));
#7885=CARTESIAN_POINT('',(-0.32,-2.22,2.54));
#7886=CARTESIAN_POINT('',(-0.32,-2.7,2.54));
#7887=CARTESIAN_POINT('',(0.32,-2.22,2.54));
#7888=CARTESIAN_POINT('',(-0.16,-2.22,2.54));
#7889=CARTESIAN_POINT('',(0.32,-2.7,2.54));
#7890=CARTESIAN_POINT('',(0.32,-4.76,2.54));
#7891=CARTESIAN_POINT('',(-0.32,-4.76,2.54));
#7892=CARTESIAN_POINT('',(-0.16,-4.76,2.54));
#7893=CARTESIAN_POINT('',(0.32,-5.4,2.54));
#7894=CARTESIAN_POINT('',(0.32,-3.97,2.54));
#7895=CARTESIAN_POINT('',(-0.32,-5.4,2.54));
#7896=CARTESIAN_POINT('',(-0.16,-5.4,2.54));
#7897=CARTESIAN_POINT('',(-0.32,-3.97,2.54));
#7898=CARTESIAN_POINT('Origin',(1.27,1.016,0.));
#7899=CARTESIAN_POINT('',(1.27,1.016,0.));
#7900=CARTESIAN_POINT('Origin',(-1.27,-1.016,0.));
#7901=CARTESIAN_POINT('',(-1.016,-1.27,0.));
#7902=CARTESIAN_POINT('Origin',(1.27,-1.016,0.));
#7903=CARTESIAN_POINT('',(1.27,-1.016,0.));
#7904=CARTESIAN_POINT('Origin',(-1.016,-1.27,0.));
#7905=CARTESIAN_POINT('',(-1.27,-1.524,0.));
#7906=CARTESIAN_POINT('Origin',(1.016,-1.27,0.));
#7907=CARTESIAN_POINT('',(1.016,-1.27,0.));
#7908=CARTESIAN_POINT('Origin',(-1.27,-1.524,0.));
#7909=CARTESIAN_POINT('',(-1.27,-3.556,0.));
#7910=CARTESIAN_POINT('Origin',(1.27,-1.524,0.));
#7911=CARTESIAN_POINT('',(1.27,-1.524,0.));
#7912=CARTESIAN_POINT('Origin',(-1.27,-3.556,0.));
#7913=CARTESIAN_POINT('',(-1.016,-3.81,0.));
#7914=CARTESIAN_POINT('Origin',(1.27,-3.556,0.));
#7915=CARTESIAN_POINT('',(1.27,-3.556,0.));
#7916=CARTESIAN_POINT('Origin',(-1.016,-3.81,0.));
#7917=CARTESIAN_POINT('',(-1.27,-4.064,0.));
#7918=CARTESIAN_POINT('Origin',(1.016,-3.81,0.));
#7919=CARTESIAN_POINT('',(1.016,-3.81,0.));
#7920=CARTESIAN_POINT('Origin',(-1.27,-4.064,0.));
#7921=CARTESIAN_POINT('',(-1.27,-6.096,0.));
#7922=CARTESIAN_POINT('Origin',(1.27,-4.064,0.));
#7923=CARTESIAN_POINT('',(1.27,-4.064,0.));
#7924=CARTESIAN_POINT('Origin',(-1.27,-6.096,0.));
#7925=CARTESIAN_POINT('',(-1.016,-6.35,0.));
#7926=CARTESIAN_POINT('Origin',(1.27,-6.096,0.));
#7927=CARTESIAN_POINT('',(1.27,-6.096,0.));
#7928=CARTESIAN_POINT('Origin',(-1.016,-6.35,0.));
#7929=CARTESIAN_POINT('',(1.016,-6.35,0.));
#7930=CARTESIAN_POINT('Origin',(1.016,-6.35,0.));
#7931=CARTESIAN_POINT('Origin',(0.32,-0.32,-3.));
#7932=CARTESIAN_POINT('',(0.32,-0.32,-2.84));
#7933=CARTESIAN_POINT('',(0.32,-0.32,-3.));
#7934=CARTESIAN_POINT('',(0.32,0.32,-2.84));
#7935=CARTESIAN_POINT('',(0.32,-0.32,-2.84));
#7936=CARTESIAN_POINT('',(0.32,0.32,-3.));
#7937=CARTESIAN_POINT('Origin',(-0.32,0.32,-3.));
#7938=CARTESIAN_POINT('',(-0.32,0.32,-2.84));
#7939=CARTESIAN_POINT('',(-0.32,0.32,-2.84));
#7940=CARTESIAN_POINT('',(-0.32,0.32,-3.));
#7941=CARTESIAN_POINT('Origin',(-0.32,-0.32,-3.));
#7942=CARTESIAN_POINT('',(-0.32,-0.32,-2.84));
#7943=CARTESIAN_POINT('',(-0.32,-0.32,-3.));
#7944=CARTESIAN_POINT('',(-0.32,-0.32,-2.84));
#7945=CARTESIAN_POINT('Origin',(-0.32,-0.32,-3.));
#7946=CARTESIAN_POINT('',(-0.32,-0.32,-2.84));
#7947=CARTESIAN_POINT('Origin',(-0.32,-2.86,-3.));
#7948=CARTESIAN_POINT('',(0.32,-2.86,-2.84));
#7949=CARTESIAN_POINT('',(0.32,-2.86,-3.));
#7950=CARTESIAN_POINT('',(-0.32,-2.86,-2.84));
#7951=CARTESIAN_POINT('',(-0.32,-2.86,-3.));
#7952=CARTESIAN_POINT('',(-0.32,-2.86,-2.84));
#7953=CARTESIAN_POINT('Origin',(0.32,-2.86,-3.));
#7954=CARTESIAN_POINT('',(0.32,-2.22,-2.84));
#7955=CARTESIAN_POINT('',(0.32,-2.86,-2.84));
#7956=CARTESIAN_POINT('',(0.32,-2.22,-3.));
#7957=CARTESIAN_POINT('Origin',(-0.32,-2.22,-3.));
#7958=CARTESIAN_POINT('',(-0.32,-2.22,-2.84));
#7959=CARTESIAN_POINT('',(-0.32,-2.22,-2.84));
#7960=CARTESIAN_POINT('',(-0.32,-2.22,-3.));
#7961=CARTESIAN_POINT('Origin',(-0.32,-2.86,-3.));
#7962=CARTESIAN_POINT('',(-0.32,-2.86,-2.84));
#7963=CARTESIAN_POINT('Origin',(-0.32,-4.76,-3.));
#7964=CARTESIAN_POINT('',(0.32,-4.76,-2.84));
#7965=CARTESIAN_POINT('',(0.32,-4.76,-3.));
#7966=CARTESIAN_POINT('',(-0.32,-4.76,-2.84));
#7967=CARTESIAN_POINT('',(-0.32,-4.76,-2.84));
#7968=CARTESIAN_POINT('',(-0.32,-4.76,-3.));
#7969=CARTESIAN_POINT('Origin',(-0.32,-5.4,-3.));
#7970=CARTESIAN_POINT('',(-0.32,-5.4,-2.84));
#7971=CARTESIAN_POINT('',(-0.32,-5.4,-3.));
#7972=CARTESIAN_POINT('',(-0.32,-5.4,-2.84));
#7973=CARTESIAN_POINT('Origin',(-0.32,-5.4,-3.));
#7974=CARTESIAN_POINT('',(0.32,-5.4,-2.84));
#7975=CARTESIAN_POINT('',(0.32,-5.4,-3.));
#7976=CARTESIAN_POINT('',(-0.32,-5.4,-2.84));
#7977=CARTESIAN_POINT('Origin',(0.32,-5.4,-3.));
#7978=CARTESIAN_POINT('',(0.32,-5.4,-2.84));
#7979=CARTESIAN_POINT('Origin',(0.32,-0.32,-3.));
#7980=CARTESIAN_POINT('',(0.32,-0.32,8.38));
#7981=CARTESIAN_POINT('',(0.32,-0.32,-3.));
#7982=CARTESIAN_POINT('',(0.32,0.32,8.38));
#7983=CARTESIAN_POINT('',(0.32,0.32,-3.));
#7984=CARTESIAN_POINT('',(0.32,-0.32,8.38));
#7985=CARTESIAN_POINT('Origin',(-0.32,0.32,-3.));
#7986=CARTESIAN_POINT('',(-0.32,0.32,8.38));
#7987=CARTESIAN_POINT('',(-0.32,0.32,-3.));
#7988=CARTESIAN_POINT('',(-0.32,0.32,8.38));
#7989=CARTESIAN_POINT('Origin',(-0.32,-0.32,-3.));
#7990=CARTESIAN_POINT('',(-0.32,-0.32,8.38));
#7991=CARTESIAN_POINT('',(-0.32,-0.32,-3.));
#7992=CARTESIAN_POINT('',(-0.32,-0.32,8.38));
#7993=CARTESIAN_POINT('Origin',(-0.32,-0.32,-3.));
#7994=CARTESIAN_POINT('',(-0.32,-0.32,8.38));
#7995=CARTESIAN_POINT('Origin',(-0.32,-2.86,-3.));
#7996=CARTESIAN_POINT('',(0.32,-2.86,8.38));
#7997=CARTESIAN_POINT('',(0.32,-2.86,-3.));
#7998=CARTESIAN_POINT('',(-0.32,-2.86,8.38));
#7999=CARTESIAN_POINT('',(-0.32,-2.86,8.38));
#8000=CARTESIAN_POINT('',(-0.32,-2.86,-3.));
#8001=CARTESIAN_POINT('Origin',(0.32,-2.86,-3.));
#8002=CARTESIAN_POINT('',(0.32,-2.22,8.38));
#8003=CARTESIAN_POINT('',(0.32,-2.22,-3.));
#8004=CARTESIAN_POINT('',(0.32,-2.86,8.38));
#8005=CARTESIAN_POINT('Origin',(-0.32,-2.22,-3.));
#8006=CARTESIAN_POINT('',(-0.32,-2.22,8.38));
#8007=CARTESIAN_POINT('',(-0.32,-2.22,-3.));
#8008=CARTESIAN_POINT('',(-0.32,-2.22,8.38));
#8009=CARTESIAN_POINT('Origin',(-0.32,-2.86,-3.));
#8010=CARTESIAN_POINT('',(-0.32,-2.86,8.38));
#8011=CARTESIAN_POINT('Origin',(-0.32,-4.76,-3.));
#8012=CARTESIAN_POINT('',(0.32,-4.76,8.38));
#8013=CARTESIAN_POINT('',(0.32,-4.76,-3.));
#8014=CARTESIAN_POINT('',(-0.32,-4.76,8.38));
#8015=CARTESIAN_POINT('',(-0.32,-4.76,-3.));
#8016=CARTESIAN_POINT('',(-0.32,-4.76,8.38));
#8017=CARTESIAN_POINT('Origin',(-0.32,-5.4,-3.));
#8018=CARTESIAN_POINT('',(-0.32,-5.4,8.38));
#8019=CARTESIAN_POINT('',(-0.32,-5.4,-3.));
#8020=CARTESIAN_POINT('',(-0.32,-5.4,8.38));
#8021=CARTESIAN_POINT('Origin',(-0.32,-5.4,-3.));
#8022=CARTESIAN_POINT('',(0.32,-5.4,8.38));
#8023=CARTESIAN_POINT('',(0.32,-5.4,-3.));
#8024=CARTESIAN_POINT('',(-0.32,-5.4,8.38));
#8025=CARTESIAN_POINT('Origin',(0.32,-5.4,-3.));
#8026=CARTESIAN_POINT('',(0.32,-5.4,8.38));
#8027=CARTESIAN_POINT('Origin',(0.24,-0.32,-2.92));
#8028=CARTESIAN_POINT('',(0.16,-0.16,-3.));
#8029=CARTESIAN_POINT('',(0.16,-0.16,-3.));
#8030=CARTESIAN_POINT('',(0.16,0.16,-3.));
#8031=CARTESIAN_POINT('',(0.16,-0.32,-3.));
#8032=CARTESIAN_POINT('',(0.05333333333333,0.05333333333333,-3.106666666667));
#8033=CARTESIAN_POINT('Origin',(-0.32,0.24,-2.92));
#8034=CARTESIAN_POINT('',(-0.16,0.16,-3.));
#8035=CARTESIAN_POINT('',(-0.16,0.16,-3.));
#8036=CARTESIAN_POINT('',(-0.32,0.16,-3.));
#8037=CARTESIAN_POINT('Origin',(-0.24,-0.32,-2.92));
#8038=CARTESIAN_POINT('',(-0.16,-0.16,-3.));
#8039=CARTESIAN_POINT('',(-0.266666666667,-0.266666666667,-2.893333333333));
#8040=CARTESIAN_POINT('',(-0.16,-0.32,-3.));
#8041=CARTESIAN_POINT('Origin',(-0.32,-0.24,-2.92));
#8042=CARTESIAN_POINT('',(-0.32,-0.16,-3.));
#8043=CARTESIAN_POINT('Origin',(-0.32,-2.78,-2.92));
#8044=CARTESIAN_POINT('',(-0.16,-2.7,-3.));
#8045=CARTESIAN_POINT('',(-0.266666666667,-2.806666666667,-2.893333333333));
#8046=CARTESIAN_POINT('',(0.16,-2.7,-3.));
#8047=CARTESIAN_POINT('',(-0.32,-2.7,-3.));
#8048=CARTESIAN_POINT('',(0.16,-2.7,-3.));
#8049=CARTESIAN_POINT('Origin',(0.24,-2.86,-2.92));
#8050=CARTESIAN_POINT('',(0.16,-2.38,-3.));
#8051=CARTESIAN_POINT('',(0.16,-2.86,-3.));
#8052=CARTESIAN_POINT('',(0.05333333333333,-2.486666666667,-3.106666666667));
#8053=CARTESIAN_POINT('Origin',(-0.32,-2.3,-2.92));
#8054=CARTESIAN_POINT('',(-0.16,-2.38,-3.));
#8055=CARTESIAN_POINT('',(-0.16,-2.38,-3.));
#8056=CARTESIAN_POINT('',(-0.32,-2.38,-3.));
#8057=CARTESIAN_POINT('Origin',(-0.24,-2.86,-2.92));
#8058=CARTESIAN_POINT('',(-0.16,-2.86,-3.));
#8059=CARTESIAN_POINT('Origin',(-0.32,-4.84,-2.92));
#8060=CARTESIAN_POINT('',(-0.16,-4.92,-3.));
#8061=CARTESIAN_POINT('',(-0.16,-4.92,-3.));
#8062=CARTESIAN_POINT('',(0.16,-4.92,-3.));
#8063=CARTESIAN_POINT('',(0.05333333333333,-5.026666666667,-3.106666666667));
#8064=CARTESIAN_POINT('',(-0.32,-4.92,-3.));
#8065=CARTESIAN_POINT('Origin',(-0.24,-5.4,-2.92));
#8066=CARTESIAN_POINT('',(-0.16,-5.24,-3.));
#8067=CARTESIAN_POINT('',(-0.266666666667,-5.346666666667,-2.893333333333));
#8068=CARTESIAN_POINT('',(-0.16,-5.4,-3.));
#8069=CARTESIAN_POINT('Origin',(-0.32,-5.32,-2.92));
#8070=CARTESIAN_POINT('',(0.16,-5.24,-3.));
#8071=CARTESIAN_POINT('',(-0.32,-5.24,-3.));
#8072=CARTESIAN_POINT('',(0.16,-5.24,-3.));
#8073=CARTESIAN_POINT('Origin',(0.24,-5.4,-2.92));
#8074=CARTESIAN_POINT('',(0.16,-5.4,-3.));
#8075=CARTESIAN_POINT('Origin',(0.24,-0.32,8.46));
#8076=CARTESIAN_POINT('',(0.16,-0.16,8.54));
#8077=CARTESIAN_POINT('',(0.16,-0.16,8.54));
#8078=CARTESIAN_POINT('',(0.16,0.16,8.54));
#8079=CARTESIAN_POINT('',(0.05333333333333,0.05333333333333,8.646666666667));
#8080=CARTESIAN_POINT('',(0.16,-0.32,8.54));
#8081=CARTESIAN_POINT('Origin',(-0.32,0.24,8.46));
#8082=CARTESIAN_POINT('',(-0.16,0.16,8.54));
#8083=CARTESIAN_POINT('',(-0.16,0.16,8.54));
#8084=CARTESIAN_POINT('',(-0.32,0.16,8.54));
#8085=CARTESIAN_POINT('Origin',(-0.24,-0.32,8.46));
#8086=CARTESIAN_POINT('',(-0.16,-0.16,8.54));
#8087=CARTESIAN_POINT('',(-0.266666666667,-0.266666666667,8.433333333333));
#8088=CARTESIAN_POINT('',(-0.16,-0.32,8.54));
#8089=CARTESIAN_POINT('Origin',(-0.32,-0.24,8.46));
#8090=CARTESIAN_POINT('',(-0.32,-0.16,8.54));
#8091=CARTESIAN_POINT('Origin',(-0.32,-2.78,8.46));
#8092=CARTESIAN_POINT('',(-0.16,-2.7,8.54));
#8093=CARTESIAN_POINT('',(-0.266666666667,-2.806666666667,8.433333333333));
#8094=CARTESIAN_POINT('',(0.16,-2.7,8.54));
#8095=CARTESIAN_POINT('',(0.16,-2.7,8.54));
#8096=CARTESIAN_POINT('',(-0.32,-2.7,8.54));
#8097=CARTESIAN_POINT('Origin',(0.24,-2.86,8.46));
#8098=CARTESIAN_POINT('',(0.16,-2.38,8.54));
#8099=CARTESIAN_POINT('',(0.05333333333333,-2.486666666667,8.646666666667));
#8100=CARTESIAN_POINT('',(0.16,-2.86,8.54));
#8101=CARTESIAN_POINT('Origin',(-0.32,-2.3,8.46));
#8102=CARTESIAN_POINT('',(-0.16,-2.38,8.54));
#8103=CARTESIAN_POINT('',(-0.16,-2.38,8.54));
#8104=CARTESIAN_POINT('',(-0.32,-2.38,8.54));
#8105=CARTESIAN_POINT('Origin',(-0.24,-2.86,8.46));
#8106=CARTESIAN_POINT('',(-0.16,-2.86,8.54));
#8107=CARTESIAN_POINT('Origin',(-0.32,-4.84,8.46));
#8108=CARTESIAN_POINT('',(-0.16,-4.92,8.54));
#8109=CARTESIAN_POINT('',(-0.16,-4.92,8.54));
#8110=CARTESIAN_POINT('',(0.16,-4.92,8.54));
#8111=CARTESIAN_POINT('',(-0.32,-4.92,8.54));
#8112=CARTESIAN_POINT('',(0.05333333333333,-5.026666666667,8.646666666667));
#8113=CARTESIAN_POINT('Origin',(-0.24,-5.4,8.46));
#8114=CARTESIAN_POINT('',(-0.16,-5.24,8.54));
#8115=CARTESIAN_POINT('',(-0.266666666667,-5.346666666667,8.433333333333));
#8116=CARTESIAN_POINT('',(-0.16,-5.4,8.54));
#8117=CARTESIAN_POINT('Origin',(-0.32,-5.32,8.46));
#8118=CARTESIAN_POINT('',(0.16,-5.24,8.54));
#8119=CARTESIAN_POINT('',(0.16,-5.24,8.54));
#8120=CARTESIAN_POINT('',(-0.32,-5.24,8.54));
#8121=CARTESIAN_POINT('Origin',(0.24,-5.4,8.46));
#8122=CARTESIAN_POINT('',(0.16,-5.4,8.54));
#8123=CARTESIAN_POINT('Origin',(-0.32,-0.32,-3.));
#8124=CARTESIAN_POINT('Origin',(-0.32,-2.86,-3.));
#8125=CARTESIAN_POINT('Origin',(-0.32,-5.4,-3.));
#8126=CARTESIAN_POINT('Origin',(-0.32,-0.32,8.54));
#8127=CARTESIAN_POINT('Origin',(-0.32,-2.86,8.54));
#8128=CARTESIAN_POINT('Origin',(-0.32,-5.4,8.54));
#8129=CARTESIAN_POINT('',(-3.36983685419015E-16,-1.5,0.));
#8130=UNCERTAINTY_MEASURE_WITH_UNIT(LENGTH_MEASURE(0.01),#8136,
'DISTANCE_ACCURACY_VALUE',
'Maximum model space distance between geometric entities at asserted c
onnectivities');
#8131=UNCERTAINTY_MEASURE_WITH_UNIT(LENGTH_MEASURE(0.01),#8136,
'DISTANCE_ACCURACY_VALUE',
'Maximum model space distance between geometric entities at asserted c
onnectivities');
#8132=UNCERTAINTY_MEASURE_WITH_UNIT(LENGTH_MEASURE(0.01),#8136,
'DISTANCE_ACCURACY_VALUE',
'Maximum model space distance between geometric entities at asserted c
onnectivities');
#8133=(
GEOMETRIC_REPRESENTATION_CONTEXT(3)
GLOBAL_UNCERTAINTY_ASSIGNED_CONTEXT((#8130))
GLOBAL_UNIT_ASSIGNED_CONTEXT((#8136,#8138,#8139))
REPRESENTATION_CONTEXT('','3D')
);
#8134=(
GEOMETRIC_REPRESENTATION_CONTEXT(3)
GLOBAL_UNCERTAINTY_ASSIGNED_CONTEXT((#8131))
GLOBAL_UNIT_ASSIGNED_CONTEXT((#8136,#8138,#8139))
REPRESENTATION_CONTEXT('','3D')
);
#8135=(
GEOMETRIC_REPRESENTATION_CONTEXT(3)
GLOBAL_UNCERTAINTY_ASSIGNED_CONTEXT((#8132))
GLOBAL_UNIT_ASSIGNED_CONTEXT((#8136,#8138,#8139))
REPRESENTATION_CONTEXT('','3D')
);
#8136=(
LENGTH_UNIT()
NAMED_UNIT(*)
SI_UNIT(.MILLI.,.METRE.)
);
#8137=(
LENGTH_UNIT()
NAMED_UNIT(*)
SI_UNIT($,.METRE.)
);
#8138=(
NAMED_UNIT(*)
PLANE_ANGLE_UNIT()
SI_UNIT($,.RADIAN.)
);
#8139=(
NAMED_UNIT(*)
SI_UNIT($,.STERADIAN.)
SOLID_ANGLE_UNIT()
);
#8140=SHAPE_DEFINITION_REPRESENTATION(#8142,#8145);
#8141=SHAPE_DEFINITION_REPRESENTATION(#8143,#8146);
#8142=PRODUCT_DEFINITION_SHAPE('',$,#8148);
#8143=PRODUCT_DEFINITION_SHAPE('',$,#8149);
#8144=PRODUCT_DEFINITION_SHAPE($,$,#14);
#8145=SHAPE_REPRESENTATION('',(#5094,#5463),#8133);
#8146=SHAPE_REPRESENTATION('',(#5095),#8134);
#8147=PRODUCT_DEFINITION_CONTEXT('part definition',#8155,'design');
#8148=PRODUCT_DEFINITION('PinHeader_1x03_P254mm_Vertical',
'PinHeader_1x03_P2.54mm_Vertical v1',#8150,#8147);
#8149=PRODUCT_DEFINITION('Jumper v1','Jumper v1',#8151,#8147);
#8150=PRODUCT_DEFINITION_FORMATION('',$,#8157);
#8151=PRODUCT_DEFINITION_FORMATION('',$,#8158);
#8152=PRODUCT_RELATED_PRODUCT_CATEGORY(
'PinHeader_1x03_P2.54mm_Vertical v1',
'PinHeader_1x03_P2.54mm_Vertical v1',(#8157));
#8153=PRODUCT_RELATED_PRODUCT_CATEGORY('Jumper v1','Jumper v1',(#8158));
#8154=APPLICATION_PROTOCOL_DEFINITION('international standard',
'automotive_design',2009,#8155);
#8155=APPLICATION_CONTEXT(
'Core Data for Automotive Mechanical Design Process');
#8156=PRODUCT_CONTEXT('part definition',#8155,'mechanical');
#8157=PRODUCT('PinHeader_1x03_P254mm_Vertical',
'PinHeader_1x03_P2.54mm_Vertical v1',
'model of PinHeader_1x03_P2.54mm_Vertical',(#8156));
#8158=PRODUCT('Jumper v1','Jumper v1','STEP AP214',(#8156));
#8159=PRESENTATION_STYLE_ASSIGNMENT((#8164));
#8160=PRESENTATION_STYLE_ASSIGNMENT((#8165));
#8161=PRESENTATION_STYLE_ASSIGNMENT((#8166));
#8162=PRESENTATION_STYLE_ASSIGNMENT((#8167));
#8163=PRESENTATION_STYLE_ASSIGNMENT((#8168));
#8164=SURFACE_STYLE_USAGE(.BOTH.,#8169);
#8165=SURFACE_STYLE_USAGE(.BOTH.,#8170);
#8166=SURFACE_STYLE_USAGE(.BOTH.,#8171);
#8167=SURFACE_STYLE_USAGE(.BOTH.,#8172);
#8168=SURFACE_STYLE_USAGE(.BOTH.,#8173);
#8169=SURFACE_SIDE_STYLE('',(#8174));
#8170=SURFACE_SIDE_STYLE('',(#8175));
#8171=SURFACE_SIDE_STYLE('',(#8176));
#8172=SURFACE_SIDE_STYLE('',(#8177));
#8173=SURFACE_SIDE_STYLE('',(#8178));
#8174=SURFACE_STYLE_FILL_AREA(#8179);
#8175=SURFACE_STYLE_FILL_AREA(#8180);
#8176=SURFACE_STYLE_FILL_AREA(#8181);
#8177=SURFACE_STYLE_FILL_AREA(#8182);
#8178=SURFACE_STYLE_FILL_AREA(#8183);
#8179=FILL_AREA_STYLE('A\X\E7o - Acetinado',(#8184));
#8180=FILL_AREA_STYLE('Opaque(38,37,37)',(#8185));
#8181=FILL_AREA_STYLE('Opaque(219,188,126)',(#8186));
#8182=FILL_AREA_STYLE('Opaque(40,40,40)',(#8187));
#8183=FILL_AREA_STYLE('Opaque(255,215,0)',(#8188));
#8184=FILL_AREA_STYLE_COLOUR('A\X\E7o - Acetinado',#8189);
#8185=FILL_AREA_STYLE_COLOUR('Opaque(38,37,37)',#8190);
#8186=FILL_AREA_STYLE_COLOUR('Opaque(219,188,126)',#8191);
#8187=FILL_AREA_STYLE_COLOUR('Opaque(40,40,40)',#8192);
#8188=FILL_AREA_STYLE_COLOUR('Opaque(255,215,0)',#8193);
#8189=COLOUR_RGB('A\X\E7o - Acetinado',0.627450980392157,0.627450980392157,
0.627450980392157);
#8190=COLOUR_RGB('Opaque(38,37,37)',0.149019607843137,0.145098039215686,
0.145098039215686);
#8191=COLOUR_RGB('Opaque(219,188,126)',0.858823529411765,0.737254901960784,
0.494117647058824);
#8192=COLOUR_RGB('Opaque(40,40,40)',0.156862745098039,0.156862745098039,
0.156862745098039);
#8193=COLOUR_RGB('Opaque(255,215,0)',1.,0.843137254901961,0.);
ENDSEC;
END-ISO-10303-21;
