ISO-10303-21;
HEADER;
/* Generated by software containing ST-Developer
 * from STEP Tools, Inc. (www.steptools.com) 
 */

FILE_DESCRIPTION(
/* description */ (''),
/* implementation_level */ '2;1');

FILE_NAME(
/* name */ 'E220_Antenna v5.step',
/* time_stamp */ '2025-11-16T21:52:59-03:00',
/* author */ (''),
/* organization */ (''),
/* preprocessor_version */ 'ST-DEVELOPER v20.1',
/* originating_system */ 'Autodesk Translation Framework v14.21.0.0',
/* authorisation */ '');

FILE_SCHEMA (('AUTOMOTIVE_DESIGN { 1 0 10303 214 3 1 1 }'));
ENDSEC;

DATA;
#10=MECHANICAL_DESIGN_GEOMETRIC_PRESENTATION_REPRESENTATION('',(#4983,#4984,
#4985,#4986,#4987,#4988,#4989,#4990,#4991,#4992,#4993,#4994,#4995,#4996,
#4997,#4998,#4999,#5000,#5001,#5002,#5003,#5004,#5005,#5006,#5007,#5008,
#5009,#5010,#5011,#5012,#5013,#5014,#5015,#5016,#5017,#5018,#5019,#5020,
#5021,#5022,#5023,#5024,#5025,#5026,#5027,#5028,#5029,#5030,#5031,#5032,
#5033,#5034,#5035,#5036,#5037,#5038,#5039,#5040,#5041,#5042,#5043,#5044,
#5045,#5046,#5047,#5048,#5049,#5050,#5051,#5052,#5053,#5054,#5055,#5056,
#5057,#5058,#5059,#5060,#5061,#5062,#5063,#5064,#5065,#5066,#5067,#5068,
#5069,#5070,#5071,#5072,#5073,#5074,#5075,#5076,#5077,#5078,#5079,#5080,
#5081,#5082,#5083,#5084,#5085,#5086,#5087,#5088,#5089,#5090,#5091,#5092,
#5093,#5094,#5095,#5096,#5097,#5098,#5099,#5100,#5101,#5102,#5103,#5104,
#5105,#5106,#5107,#5108,#5109,#5110,#5111,#5112,#5113,#5114,#5115,#5116,
#5117,#5118,#5119,#5120,#5121,#5122,#5123,#5124,#5125,#5126,#5127,#5128,
#5129,#5130,#5131,#5132,#5133,#5134,#5135,#5136,#5137,#5138,#5139,#5140,
#5141,#5142,#5143,#5144,#5145,#5146,#5147,#5148,#5149,#5150,#5151,#5152,
#5153,#5154,#5155,#5156,#5157,#5158,#5159,#5160,#5161,#5162,#5163,#5164,
#5165,#5166,#5167,#5168,#5169,#5170,#5171,#5172,#5173,#5174,#5175,#5176,
#5177,#5178,#5179,#5180,#5181,#5182,#5183,#5184,#5185,#5186,#5187,#5188,
#5189,#5190,#5191,#5192,#5193,#5194,#5195,#5196,#5197,#5198,#5199,#5200,
#5201,#5202,#5203,#5204,#5205,#5206,#5207,#5208,#5209,#5210,#5211,#5212,
#5213,#5214,#5215,#5216,#5217,#5218,#5219,#5220,#5221,#5222,#5223,#5224,
#5225,#5226,#5227,#5228,#5229,#5230,#5231,#5232,#5233,#5234,#5235,#5236,
#5237,#5238),#14008);
#11=(
BOUNDED_SURFACE()
B_SPLINE_SURFACE(2,2,((#13364,#13365,#13366,#13367,#13368,#13369,#13370,
#13371,#13372),(#13373,#13374,#13375,#13376,#13377,#13378,#13379,#13380,
#13381),(#13382,#13383,#13384,#13385,#13386,#13387,#13388,#13389,#13390)),
 .UNSPECIFIED.,.F.,.T.,.F.)
B_SPLINE_SURFACE_WITH_KNOTS((3,3),(3,2,2,2,3),(-0.0522280371883353,-0.00895060961493433),
(-3.14159265358979,-1.5707963267949,0.,1.5707963267949,3.14159265358979),
 .UNSPECIFIED.)
GEOMETRIC_REPRESENTATION_ITEM()
RATIONAL_B_SPLINE_SURFACE(((1.,0.707106781186548,1.,0.707106781186548,1.,
0.707106781186548,1.,0.707106781186548,1.),(0.999765892167812,0.706941241950878,
0.999765892167812,0.706941241950878,0.999765892167812,0.706941241950878,
0.999765892167812,0.706941241950878,0.999765892167812),(1.,0.707106781186548,
1.,0.707106781186548,1.,0.707106781186548,1.,0.707106781186548,1.)))
REPRESENTATION_ITEM('')
SURFACE()
);
#12=(
BOUNDED_SURFACE()
B_SPLINE_SURFACE(1,2,((#13421,#13422,#13423,#13424,#13425,#13426,#13427,
#13428,#13429,#13430,#13431,#13432,#13433,#13434,#13435,#13436,#13437,#13438,
#13439,#13440,#13441,#13442,#13443,#13444,#13445,#13446,#13447,#13448,#13449,
#13450,#13451,#13452,#13453,#13454,#13455,#13456,#13457,#13458,#13459,#13460,
#13461,#13462,#13463,#13464,#13465,#13466,#13467,#13468,#13469,#13470,#13471,
#13472,#13473,#13474,#13475,#13476,#13477,#13478,#13479,#13480,#13481,#13482,
#13483,#13484,#13485,#13486,#13487,#13488,#13489,#13490,#13491,#13492,#13493,
#13494,#13495,#13496,#13497,#13498,#13499,#13500,#13501,#13502,#13503,#13504,
#13505,#13506,#13507,#13508,#13509,#13510,#13511,#13512,#13513,#13514,#13515,
#13516,#13517),(#13518,#13519,#13520,#13521,#13522,#13523,#13524,#13525,
#13526,#13527,#13528,#13529,#13530,#13531,#13532,#13533,#13534,#13535,#13536,
#13537,#13538,#13539,#13540,#13541,#13542,#13543,#13544,#13545,#13546,#13547,
#13548,#13549,#13550,#13551,#13552,#13553,#13554,#13555,#13556,#13557,#13558,
#13559,#13560,#13561,#13562,#13563,#13564,#13565,#13566,#13567,#13568,#13569,
#13570,#13571,#13572,#13573,#13574,#13575,#13576,#13577,#13578,#13579,#13580,
#13581,#13582,#13583,#13584,#13585,#13586,#13587,#13588,#13589,#13590,#13591,
#13592,#13593,#13594,#13595,#13596,#13597,#13598,#13599,#13600,#13601,#13602,
#13603,#13604,#13605,#13606,#13607,#13608,#13609,#13610,#13611,#13612,#13613,
#13614)),.UNSPECIFIED.,.F.,.F.,.F.)
B_SPLINE_SURFACE_WITH_KNOTS((2,2),(3,2,2,2,2,2,2,2,2,2,2,2,2,2,2,2,2,2,
2,2,2,2,2,2,2,2,2,2,2,2,2,2,2,2,2,2,2,2,2,2,2,2,2,2,2,2,2,2,3),(-8.40713291055258E-5,
1.00008407132911),(0.,0.0208333333333333,0.0416666666666667,0.0625,0.0833333333333333,
0.104166666666667,0.125,0.145833333333333,0.166666666666667,0.1875,0.208333333333333,
0.229166666666667,0.25,0.270833333333333,0.291666666666667,0.3125,0.333333333333333,
0.354166666666667,0.375,0.395833333333333,0.416666666666667,0.4375,0.458333333333333,
0.479166666666667,0.5,0.520833333333333,0.541666666666667,0.5625,0.583333333333333,
0.604166666666667,0.625,0.645833333333333,0.666666666666667,0.6875,0.708333333333333,
0.729166666666667,0.75,0.770833333333333,0.791666666666667,0.8125,0.833333333333333,
0.854166666666667,0.875,0.895833333333333,0.916666666666667,0.9375,0.958333333333333,
0.979166666666667,1.),.UNSPECIFIED.)
GEOMETRIC_REPRESENTATION_ITEM()
RATIONAL_B_SPLINE_SURFACE(((1.,0.866025403784439,1.,0.866025403784439,1.,
0.866025403784439,1.,0.866025403784439,1.,0.866025403784439,1.,0.866025403784439,
1.,0.866025403784439,1.,0.866025403784439,1.,0.866025403784439,1.,0.866025403784439,
1.,0.866025403784439,1.,0.866025403784439,1.,0.866025403784439,1.,0.866025403784439,
1.,0.866025403784439,1.,0.866025403784439,1.,0.866025403784439,1.,0.866025403784439,
1.,0.866025403784439,1.,0.866025403784439,1.,0.866025403784439,1.,0.866025403784439,
1.,0.866025403784439,1.,0.866025403784439,1.,0.866025403784439,1.,0.866025403784439,
1.,0.866025403784439,1.,0.866025403784439,1.,0.866025403784439,1.,0.866025403784439,
1.,0.866025403784439,1.,0.866025403784439,1.,0.866025403784439,1.,0.866025403784439,
1.,0.866025403784439,1.,0.866025403784439,1.,0.866025403784439,1.,0.866025403784439,
1.,0.866025403784439,1.,0.866025403784439,1.,0.866025403784439,1.,0.866025403784439,
1.,0.866025403784439,1.,0.866025403784439,1.,0.866025403784439,1.,0.866025403784439,
1.,0.866025403784439,1.,0.866025403784439,1.),(1.,0.866025403784439,1.,
0.866025403784439,1.,0.866025403784439,1.,0.866025403784439,1.,0.866025403784439,
1.,0.866025403784439,1.,0.866025403784439,1.,0.866025403784439,1.,0.866025403784439,
1.,0.866025403784439,1.,0.866025403784439,1.,0.866025403784439,1.,0.866025403784439,
1.,0.866025403784439,1.,0.866025403784439,1.,0.866025403784439,1.,0.866025403784439,
1.,0.866025403784439,1.,0.866025403784439,1.,0.866025403784439,1.,0.866025403784439,
1.,0.866025403784439,1.,0.866025403784439,1.,0.866025403784439,1.,0.866025403784439,
1.,0.866025403784439,1.,0.866025403784439,1.,0.866025403784439,1.,0.866025403784439,
1.,0.866025403784439,1.,0.866025403784439,1.,0.866025403784439,1.,0.866025403784439,
1.,0.866025403784439,1.,0.866025403784439,1.,0.866025403784439,1.,0.866025403784439,
1.,0.866025403784439,1.,0.866025403784439,1.,0.866025403784439,1.,0.866025403784439,
1.,0.866025403784439,1.,0.866025403784439,1.,0.866025403784439,1.,0.866025403784439,
1.,0.866025403784439,1.,0.866025403784439,1.,0.866025403784439,1.)))
REPRESENTATION_ITEM('')
SURFACE()
);
#13=(
BOUNDED_SURFACE()
B_SPLINE_SURFACE(1,2,((#13649,#13650,#13651,#13652,#13653,#13654,#13655,
#13656,#13657,#13658,#13659,#13660,#13661,#13662,#13663,#13664,#13665,#13666,
#13667,#13668,#13669,#13670,#13671,#13672,#13673,#13674,#13675,#13676,#13677,
#13678,#13679,#13680,#13681,#13682,#13683,#13684,#13685,#13686,#13687,#13688,
#13689,#13690,#13691,#13692,#13693,#13694,#13695,#13696,#13697,#13698,#13699,
#13700,#13701,#13702,#13703,#13704,#13705,#13706,#13707,#13708,#13709,#13710,
#13711,#13712,#13713,#13714,#13715,#13716,#13717,#13718,#13719,#13720,#13721,
#13722,#13723,#13724,#13725,#13726,#13727,#13728,#13729,#13730,#13731,#13732,
#13733,#13734,#13735,#13736,#13737,#13738,#13739,#13740,#13741,#13742,#13743,
#13744,#13745),(#13746,#13747,#13748,#13749,#13750,#13751,#13752,#13753,
#13754,#13755,#13756,#13757,#13758,#13759,#13760,#13761,#13762,#13763,#13764,
#13765,#13766,#13767,#13768,#13769,#13770,#13771,#13772,#13773,#13774,#13775,
#13776,#13777,#13778,#13779,#13780,#13781,#13782,#13783,#13784,#13785,#13786,
#13787,#13788,#13789,#13790,#13791,#13792,#13793,#13794,#13795,#13796,#13797,
#13798,#13799,#13800,#13801,#13802,#13803,#13804,#13805,#13806,#13807,#13808,
#13809,#13810,#13811,#13812,#13813,#13814,#13815,#13816,#13817,#13818,#13819,
#13820,#13821,#13822,#13823,#13824,#13825,#13826,#13827,#13828,#13829,#13830,
#13831,#13832,#13833,#13834,#13835,#13836,#13837,#13838,#13839,#13840,#13841,
#13842)),.UNSPECIFIED.,.F.,.F.,.F.)
B_SPLINE_SURFACE_WITH_KNOTS((2,2),(3,2,2,2,2,2,2,2,2,2,2,2,2,2,2,2,2,2,
2,2,2,2,2,2,2,2,2,2,2,2,2,2,2,2,2,2,2,2,2,2,2,2,2,2,2,2,2,2,3),(0.,1.),
(0.,0.0208333333333333,0.0416666666666667,0.0625,0.0833333333333333,0.104166666666667,
0.125,0.145833333333333,0.166666666666667,0.1875,0.208333333333333,0.229166666666667,
0.25,0.270833333333333,0.291666666666667,0.3125,0.333333333333333,0.354166666666667,
0.375,0.395833333333333,0.416666666666667,0.4375,0.458333333333333,0.479166666666667,
0.5,0.520833333333333,0.541666666666667,0.5625,0.583333333333333,0.604166666666667,
0.625,0.645833333333333,0.666666666666667,0.6875,0.708333333333333,0.729166666666667,
0.75,0.770833333333333,0.791666666666667,0.8125,0.833333333333333,0.854166666666667,
0.875,0.895833333333333,0.916666666666667,0.9375,0.958333333333333,0.979166666666667,
1.),.UNSPECIFIED.)
GEOMETRIC_REPRESENTATION_ITEM()
RATIONAL_B_SPLINE_SURFACE(((1.,0.866025403784439,1.,0.866025403784439,1.,
0.866025403784439,1.,0.866025403784439,1.,0.866025403784439,1.,0.866025403784439,
1.,0.866025403784439,1.,0.866025403784439,1.,0.866025403784439,1.,0.866025403784439,
1.,0.866025403784439,1.,0.866025403784439,1.,0.866025403784439,1.,0.866025403784439,
1.,0.866025403784439,1.,0.866025403784439,1.,0.866025403784439,1.,0.866025403784439,
1.,0.866025403784439,1.,0.866025403784439,1.,0.866025403784439,1.,0.866025403784439,
1.,0.866025403784439,1.,0.866025403784439,1.,0.866025403784439,1.,0.866025403784439,
1.,0.866025403784439,1.,0.866025403784439,1.,0.866025403784439,1.,0.866025403784439,
1.,0.866025403784439,1.,0.866025403784439,1.,0.866025403784439,1.,0.866025403784439,
1.,0.866025403784439,1.,0.866025403784439,1.,0.866025403784439,1.,0.866025403784439,
1.,0.866025403784439,1.,0.866025403784439,1.,0.866025403784439,1.,0.866025403784439,
1.,0.866025403784439,1.,0.866025403784439,1.,0.866025403784439,1.,0.866025403784439,
1.,0.866025403784439,1.,0.866025403784439,1.),(1.,0.866025403784439,1.,
0.866025403784439,1.,0.866025403784439,1.,0.866025403784439,1.,0.866025403784439,
1.,0.866025403784439,1.,0.866025403784439,1.,0.866025403784439,1.,0.866025403784439,
1.,0.866025403784439,1.,0.866025403784439,1.,0.866025403784439,1.,0.866025403784439,
1.,0.866025403784439,1.,0.866025403784439,1.,0.866025403784439,1.,0.866025403784439,
1.,0.866025403784439,1.,0.866025403784439,1.,0.866025403784439,1.,0.866025403784439,
1.,0.866025403784439,1.,0.866025403784439,1.,0.866025403784439,1.,0.866025403784439,
1.,0.866025403784439,1.,0.866025403784439,1.,0.866025403784439,1.,0.866025403784439,
1.,0.866025403784439,1.,0.866025403784439,1.,0.866025403784439,1.,0.866025403784439,
1.,0.866025403784439,1.,0.866025403784439,1.,0.866025403784439,1.,0.866025403784439,
1.,0.866025403784439,1.,0.866025403784439,1.,0.866025403784439,1.,0.866025403784439,
1.,0.866025403784439,1.,0.866025403784439,1.,0.866025403784439,1.,0.866025403784439,
1.,0.866025403784439,1.,0.866025403784439,1.,0.866025403784439,1.)))
REPRESENTATION_ITEM('')
SURFACE()
);
#14=SPHERICAL_SURFACE('',#5900,0.44);
#15=SPHERICAL_SURFACE('',#5933,4.05000000000016);
#16=(
BOUNDED_CURVE()
B_SPLINE_CURVE(2,(#12660,#12661,#12662,#12663,#12664,#12665,#12666,#12667,
#12668),.UNSPECIFIED.,.F.,.F.)
B_SPLINE_CURVE_WITH_KNOTS((3,2,2,2,3),(0.247416126825483,0.25,0.270833333333333,
0.291666666666667,0.3125),.UNSPECIFIED.)
CURVE()
GEOMETRIC_REPRESENTATION_ITEM()
RATIONAL_B_SPLINE_CURVE((0.97088906581454,0.983383678469047,1.,0.866025403784439,
1.,0.866025403784439,1.,0.866025403784439,1.))
REPRESENTATION_ITEM('')
);
#17=(
BOUNDED_CURVE()
B_SPLINE_CURVE(2,(#12671,#12672,#12673,#12674,#12675,#12676,#12677,#12678,
#12679),.UNSPECIFIED.,.F.,.F.)
B_SPLINE_CURVE_WITH_KNOTS((3,2,2,2,3),(0.23228362166524,0.25,0.270833333333333,
0.291666666666667,0.3125),.UNSPECIFIED.)
CURVE()
GEOMETRIC_REPRESENTATION_ITEM()
RATIONAL_B_SPLINE_CURVE((0.965908947816456,0.886069857577524,1.,0.866025403784439,
1.,0.866025403784439,1.,0.866025403784439,1.))
REPRESENTATION_ITEM('')
);
#18=(
BOUNDED_CURVE()
B_SPLINE_CURVE(2,(#12684,#12685,#12686,#12687,#12688,#12689,#12690,#12691,
#12692,#12693,#12694,#12695,#12696),.UNSPECIFIED.,.F.,.F.)
B_SPLINE_CURVE_WITH_KNOTS((3,2,2,2,2,2,3),(0.3125,0.333333333333333,0.354166666666667,
0.375,0.395833333333333,0.416666666666667,0.4375),.UNSPECIFIED.)
CURVE()
GEOMETRIC_REPRESENTATION_ITEM()
RATIONAL_B_SPLINE_CURVE((1.,0.866025403784439,1.,0.866025403784439,1.,0.866025403784439,
1.,0.866025403784439,1.,0.866025403784439,1.,0.866025403784439,1.))
REPRESENTATION_ITEM('')
);
#19=(
BOUNDED_CURVE()
B_SPLINE_CURVE(2,(#12697,#12698,#12699,#12700,#12701,#12702,#12703,#12704,
#12705,#12706,#12707,#12708,#12709),.UNSPECIFIED.,.F.,.F.)
B_SPLINE_CURVE_WITH_KNOTS((3,2,2,2,2,2,3),(0.3125,0.333333333333333,0.354166666666667,
0.375,0.395833333333333,0.416666666666667,0.4375),.UNSPECIFIED.)
CURVE()
GEOMETRIC_REPRESENTATION_ITEM()
RATIONAL_B_SPLINE_CURVE((1.,0.866025403784439,1.,0.866025403784439,1.,0.866025403784439,
1.,0.866025403784439,1.,0.866025403784439,1.,0.866025403784439,1.))
REPRESENTATION_ITEM('')
);
#20=(
BOUNDED_CURVE()
B_SPLINE_CURVE(2,(#12714,#12715,#12716,#12717,#12718,#12719,#12720,#12721,
#12722,#12723,#12724,#12725,#12726),.UNSPECIFIED.,.F.,.F.)
B_SPLINE_CURVE_WITH_KNOTS((3,2,2,2,2,2,3),(0.4375,0.458333333333333,0.479166666666667,
0.5,0.520833333333333,0.541666666666667,0.5625),.UNSPECIFIED.)
CURVE()
GEOMETRIC_REPRESENTATION_ITEM()
RATIONAL_B_SPLINE_CURVE((1.,0.866025403784439,1.,0.866025403784439,1.,0.866025403784439,
1.,0.866025403784439,1.,0.866025403784439,1.,0.866025403784439,1.))
REPRESENTATION_ITEM('')
);
#21=(
BOUNDED_CURVE()
B_SPLINE_CURVE(2,(#12727,#12728,#12729,#12730,#12731,#12732,#12733,#12734,
#12735,#12736,#12737,#12738,#12739),.UNSPECIFIED.,.F.,.F.)
B_SPLINE_CURVE_WITH_KNOTS((3,2,2,2,2,2,3),(0.4375,0.458333333333333,0.479166666666667,
0.5,0.520833333333333,0.541666666666667,0.5625),.UNSPECIFIED.)
CURVE()
GEOMETRIC_REPRESENTATION_ITEM()
RATIONAL_B_SPLINE_CURVE((1.,0.866025403784439,1.,0.866025403784439,1.,0.866025403784439,
1.,0.866025403784439,1.,0.866025403784439,1.,0.866025403784439,1.))
REPRESENTATION_ITEM('')
);
#22=(
BOUNDED_CURVE()
B_SPLINE_CURVE(2,(#12745,#12746,#12747,#12748,#12749,#12750,#12751,#12752,
#12753,#12754,#12755),.UNSPECIFIED.,.F.,.F.)
B_SPLINE_CURVE_WITH_KNOTS((3,2,2,2,2,3),(0.6875,0.708333333333333,0.729166666666667,
0.75,0.770833333333333,0.77917922274928),.UNSPECIFIED.)
CURVE()
GEOMETRIC_REPRESENTATION_ITEM()
RATIONAL_B_SPLINE_CURVE((1.,0.866025403784439,1.,0.866025403784439,1.,0.866025403784439,
1.,0.866025403784439,1.,0.946329416101062,0.935659992980668))
REPRESENTATION_ITEM('')
);
#23=(
BOUNDED_CURVE()
B_SPLINE_CURVE(2,(#12758,#12759,#12760,#12761,#12762,#12763,#12764,#12765,
#12766,#12767,#12768,#12769,#12770),.UNSPECIFIED.,.F.,.F.)
B_SPLINE_CURVE_WITH_KNOTS((3,2,2,2,2,2,3),(0.6875,0.708333333333333,0.729166666666667,
0.75,0.770833333333333,0.791666666666667,0.794924143193981),
 .UNSPECIFIED.)
CURVE()
GEOMETRIC_REPRESENTATION_ITEM()
RATIONAL_B_SPLINE_CURVE((1.,0.866025403784439,1.,0.866025403784439,1.,0.866025403784439,
1.,0.866025403784439,1.,0.866025403784439,1.,0.979051883083429,0.964654614084985))
REPRESENTATION_ITEM('')
);
#24=(
BOUNDED_CURVE()
B_SPLINE_CURVE(2,(#13254,#13255,#13256),.UNSPECIFIED.,.F.,.F.)
B_SPLINE_CURVE_WITH_KNOTS((3,3),(-2.2302573959473,-1.08136847123727),
 .UNSPECIFIED.)
CURVE()
GEOMETRIC_REPRESENTATION_ITEM()
RATIONAL_B_SPLINE_CURVE((2.30054345165187,2.65643876218727,2.30054345165187))
REPRESENTATION_ITEM('')
);
#25=(
BOUNDED_CURVE()
B_SPLINE_CURVE(2,(#13258,#13259,#13260),.UNSPECIFIED.,.F.,.F.)
B_SPLINE_CURVE_WITH_KNOTS((3,3),(-2.23032070579438,-1.08140543206887),
 .UNSPECIFIED.)
CURVE()
GEOMETRIC_REPRESENTATION_ITEM()
RATIONAL_B_SPLINE_CURVE((2.30059341081422,2.65649645005894,2.30059341081422))
REPRESENTATION_ITEM('')
);
#26=(
BOUNDED_CURVE()
B_SPLINE_CURVE(2,(#13262,#13263,#13264),.UNSPECIFIED.,.F.,.F.)
B_SPLINE_CURVE_WITH_KNOTS((3,3),(-2.23032070579438,-1.08140543206887),
 .UNSPECIFIED.)
CURVE()
GEOMETRIC_REPRESENTATION_ITEM()
RATIONAL_B_SPLINE_CURVE((2.30059341081423,2.65649645005894,2.30059341081423))
REPRESENTATION_ITEM('')
);
#27=(
BOUNDED_CURVE()
B_SPLINE_CURVE(2,(#13266,#13267,#13268),.UNSPECIFIED.,.F.,.F.)
B_SPLINE_CURVE_WITH_KNOTS((3,3),(1.08136847123727,1.65581293359228),
 .UNSPECIFIED.)
CURVE()
GEOMETRIC_REPRESENTATION_ITEM()
RATIONAL_B_SPLINE_CURVE((2.30054345165187,2.47849110691957,2.47849110691957))
REPRESENTATION_ITEM('')
);
#28=(
BOUNDED_CURVE()
B_SPLINE_CURVE(2,(#13273,#13274,#13275),.UNSPECIFIED.,.F.,.F.)
B_SPLINE_CURVE_WITH_KNOTS((3,3),(1.65581293359228,2.23025739594729),
 .UNSPECIFIED.)
CURVE()
GEOMETRIC_REPRESENTATION_ITEM()
RATIONAL_B_SPLINE_CURVE((2.47849110691957,2.47849110691957,2.30054345165186))
REPRESENTATION_ITEM('')
);
#29=(
BOUNDED_CURVE()
B_SPLINE_CURVE(2,(#13277,#13278,#13279),.UNSPECIFIED.,.F.,.F.)
B_SPLINE_CURVE_WITH_KNOTS((3,3),(1.08140543206887,2.23032070579438),
 .UNSPECIFIED.)
CURVE()
GEOMETRIC_REPRESENTATION_ITEM()
RATIONAL_B_SPLINE_CURVE((2.30059341081423,2.65649645005895,2.30059341081423))
REPRESENTATION_ITEM('')
);
#30=(
BOUNDED_CURVE()
B_SPLINE_CURVE(2,(#13280,#13281,#13282),.UNSPECIFIED.,.F.,.F.)
B_SPLINE_CURVE_WITH_KNOTS((3,3),(1.08140543206887,2.23032070579439),
 .UNSPECIFIED.)
CURVE()
GEOMETRIC_REPRESENTATION_ITEM()
RATIONAL_B_SPLINE_CURVE((2.30059341081423,2.65649645005895,2.30059341081423))
REPRESENTATION_ITEM('')
);
#31=(
BOUNDED_CURVE()
B_SPLINE_CURVE(2,(#13286,#13287,#13288),.UNSPECIFIED.,.F.,.F.)
B_SPLINE_CURVE_WITH_KNOTS((3,3),(1.12732322783378,2.30900414425906),
 .UNSPECIFIED.)
CURVE()
GEOMETRIC_REPRESENTATION_ITEM()
RATIONAL_B_SPLINE_CURVE((2.36272127814294,2.72823553191176,2.36272127814294))
REPRESENTATION_ITEM('')
);
#32=(
BOUNDED_CURVE()
B_SPLINE_CURVE(2,(#13290,#13291,#13292),.UNSPECIFIED.,.F.,.F.)
B_SPLINE_CURVE_WITH_KNOTS((3,3),(1.12732322783379,2.30900414425906),
 .UNSPECIFIED.)
CURVE()
GEOMETRIC_REPRESENTATION_ITEM()
RATIONAL_B_SPLINE_CURVE((2.36272127814294,2.72823553191176,2.36272127814293))
REPRESENTATION_ITEM('')
);
#33=(
BOUNDED_CURVE()
B_SPLINE_CURVE(2,(#13294,#13295,#13296),.UNSPECIFIED.,.F.,.F.)
B_SPLINE_CURVE_WITH_KNOTS((3,3),(1.12732322783378,2.30900414425906),
 .UNSPECIFIED.)
CURVE()
GEOMETRIC_REPRESENTATION_ITEM()
RATIONAL_B_SPLINE_CURVE((2.36272127814293,2.72823553191176,2.36272127814293))
REPRESENTATION_ITEM('')
);
#34=(
BOUNDED_CURVE()
B_SPLINE_CURVE(2,(#13298,#13299,#13300),.UNSPECIFIED.,.F.,.F.)
B_SPLINE_CURVE_WITH_KNOTS((3,3),(-2.30900414425906,-1.71816368604642),
 .UNSPECIFIED.)
CURVE()
GEOMETRIC_REPRESENTATION_ITEM()
RATIONAL_B_SPLINE_CURVE((2.36272127814294,2.54547840502735,2.54547840502735))
REPRESENTATION_ITEM('')
);
#35=(
BOUNDED_CURVE()
B_SPLINE_CURVE(2,(#13305,#13306,#13307),.UNSPECIFIED.,.F.,.F.)
B_SPLINE_CURVE_WITH_KNOTS((3,3),(-1.71816368604642,-1.12732322783378),
 .UNSPECIFIED.)
CURVE()
GEOMETRIC_REPRESENTATION_ITEM()
RATIONAL_B_SPLINE_CURVE((2.54547840502735,2.54547840502735,2.36272127814294))
REPRESENTATION_ITEM('')
);
#36=(
BOUNDED_CURVE()
B_SPLINE_CURVE(2,(#13309,#13310,#13311),.UNSPECIFIED.,.F.,.F.)
B_SPLINE_CURVE_WITH_KNOTS((3,3),(1.12732322783379,2.30900414425906),
 .UNSPECIFIED.)
CURVE()
GEOMETRIC_REPRESENTATION_ITEM()
RATIONAL_B_SPLINE_CURVE((2.36272127814293,2.72823553191175,2.36272127814293))
REPRESENTATION_ITEM('')
);
#37=(
BOUNDED_CURVE()
B_SPLINE_CURVE(2,(#13312,#13313,#13314),.UNSPECIFIED.,.F.,.F.)
B_SPLINE_CURVE_WITH_KNOTS((3,3),(1.12732322783378,2.30900414425906),
 .UNSPECIFIED.)
CURVE()
GEOMETRIC_REPRESENTATION_ITEM()
RATIONAL_B_SPLINE_CURVE((2.36272127814294,2.72823553191176,2.36272127814294))
REPRESENTATION_ITEM('')
);
#38=(
BOUNDED_CURVE()
B_SPLINE_CURVE(2,(#13395,#13396,#13397,#13398,#13399,#13400,#13401,#13402,
#13403,#13404,#13405,#13406,#13407),.UNSPECIFIED.,.F.,.F.)
B_SPLINE_CURVE_WITH_KNOTS((3,2,2,2,2,2,3),(0.5625,0.583333333333333,0.604166666666667,
0.625,0.645833333333333,0.666666666666667,0.6875),.UNSPECIFIED.)
CURVE()
GEOMETRIC_REPRESENTATION_ITEM()
RATIONAL_B_SPLINE_CURVE((1.,0.866025403784439,1.,0.866025403784439,1.,0.866025403784439,
1.,0.866025403784439,1.,0.866025403784439,1.,0.866025403784439,1.))
REPRESENTATION_ITEM('')
);
#39=(
BOUNDED_CURVE()
B_SPLINE_CURVE(2,(#13408,#13409,#13410,#13411,#13412,#13413,#13414,#13415,
#13416,#13417,#13418,#13419,#13420),.UNSPECIFIED.,.F.,.F.)
B_SPLINE_CURVE_WITH_KNOTS((3,2,2,2,2,2,3),(0.5625,0.583333333333333,0.604166666666667,
0.625,0.645833333333333,0.666666666666667,0.6875),.UNSPECIFIED.)
CURVE()
GEOMETRIC_REPRESENTATION_ITEM()
RATIONAL_B_SPLINE_CURVE((1.,0.866025403784439,1.,0.866025403784439,1.,0.866025403784439,
1.,0.866025403784439,1.,0.866025403784439,1.,0.866025403784439,1.))
REPRESENTATION_ITEM('')
);
#40=ORIENTED_CLOSED_SHELL('',*,#5547,.F.);
#41=TOROIDAL_SURFACE('',#5866,3.3,2.96666666666667);
#42=TOROIDAL_SURFACE('',#5939,3.3,2.96666666666667);
#43=TOROIDAL_SURFACE('',#5941,3.3,2.96666666666667);
#44=TOROIDAL_SURFACE('',#5961,3.3,2.96666666666667);
#45=TOROIDAL_SURFACE('',#5962,3.3,2.96666666666667);
#46=BREP_WITH_VOIDS('Corpo1',#5548,(#40));
#47=ELLIPSE('',#5793,2.48035639630776,2.14277690410666);
#48=CYLINDRICAL_SURFACE('',#5770,2.625);
#49=CYLINDRICAL_SURFACE('',#5775,0.4);
#50=CYLINDRICAL_SURFACE('',#5779,2.625);
#51=CYLINDRICAL_SURFACE('',#5783,2.30079569215155);
#52=CYLINDRICAL_SURFACE('',#5787,2.11488228583908);
#53=CYLINDRICAL_SURFACE('',#5791,0.5);
#54=CYLINDRICAL_SURFACE('',#5796,1.85);
#55=CYLINDRICAL_SURFACE('',#5816,0.55);
#56=CYLINDRICAL_SURFACE('',#5829,0.2);
#57=CYLINDRICAL_SURFACE('',#5830,0.2);
#58=CYLINDRICAL_SURFACE('',#5831,0.5);
#59=CYLINDRICAL_SURFACE('',#5832,0.2);
#60=CYLINDRICAL_SURFACE('',#5855,0.5);
#61=CYLINDRICAL_SURFACE('',#5856,0.2);
#62=CYLINDRICAL_SURFACE('',#5857,0.5);
#63=CYLINDRICAL_SURFACE('',#5858,0.5);
#64=CYLINDRICAL_SURFACE('',#5868,4.6);
#65=CYLINDRICAL_SURFACE('',#5872,2.7);
#66=CYLINDRICAL_SURFACE('',#5874,2.7);
#67=CYLINDRICAL_SURFACE('',#5875,2.7);
#68=CYLINDRICAL_SURFACE('',#5876,2.7);
#69=CYLINDRICAL_SURFACE('',#5878,3.175);
#70=CYLINDRICAL_SURFACE('',#5882,3.175);
#71=CYLINDRICAL_SURFACE('',#5883,3.175);
#72=CYLINDRICAL_SURFACE('',#5884,3.175);
#73=CYLINDRICAL_SURFACE('',#5885,3.175);
#74=CYLINDRICAL_SURFACE('',#5890,2.295);
#75=CYLINDRICAL_SURFACE('',#5893,2.);
#76=CYLINDRICAL_SURFACE('',#5896,0.44);
#77=CYLINDRICAL_SURFACE('',#5902,3.175);
#78=CYLINDRICAL_SURFACE('',#5903,3.9);
#79=CYLINDRICAL_SURFACE('',#5910,3.15);
#80=CYLINDRICAL_SURFACE('',#5913,2.5);
#81=CYLINDRICAL_SURFACE('',#5916,4.05);
#82=CYLINDRICAL_SURFACE('',#5919,3.55);
#83=CYLINDRICAL_SURFACE('',#5922,4.05);
#84=CYLINDRICAL_SURFACE('',#5937,2.7);
#85=CONICAL_SURFACE('',#5761,3.15,0.761012754224728);
#86=CONICAL_SURFACE('',#5765,2.625,0.809783572570167);
#87=CONICAL_SURFACE('',#5889,2.575,1.0471975511966);
#88=CONICAL_SURFACE('',#5906,4.56106712659804,1.0471975511966);
#89=CONICAL_SURFACE('',#5908,3.90106712659805,1.0471975511966);
#90=CONICAL_SURFACE('',#5975,3.175,1.0471975511966);
#91=B_SPLINE_SURFACE_WITH_KNOTS('',1,3,((#7931,#7932,#7933,#7934,#7935,
#7936,#7937,#7938,#7939,#7940,#7941,#7942,#7943,#7944,#7945,#7946,#7947,
#7948),(#7949,#7950,#7951,#7952,#7953,#7954,#7955,#7956,#7957,#7958,#7959,
#7960,#7961,#7962,#7963,#7964,#7965,#7966)),.UNSPECIFIED.,.F.,.F.,.F.,(2,
2),(4,2,2,2,2,2,2,2,4),(-0.000301696670597382,1.),(-0.000301696670597382,
0.125,0.25,0.375,0.5,0.625,0.75,0.875,1.),.UNSPECIFIED.);
#92=B_SPLINE_SURFACE_WITH_KNOTS('',1,3,((#8100,#8101,#8102,#8103,#8104,
#8105,#8106,#8107,#8108,#8109,#8110,#8111,#8112,#8113,#8114,#8115,#8116,
#8117),(#8118,#8119,#8120,#8121,#8122,#8123,#8124,#8125,#8126,#8127,#8128,
#8129,#8130,#8131,#8132,#8133,#8134,#8135)),.UNSPECIFIED.,.F.,.F.,.F.,(2,
2),(4,2,2,2,2,2,2,2,4),(0.,1.),(0.,0.125,0.25,0.375,0.5,0.625,0.75,0.875,
1.),.UNSPECIFIED.);
#93=B_SPLINE_SURFACE_WITH_KNOTS('',1,3,((#8244,#8245,#8246,#8247,#8248,
#8249,#8250,#8251,#8252,#8253,#8254,#8255,#8256,#8257,#8258,#8259,#8260,
#8261),(#8262,#8263,#8264,#8265,#8266,#8267,#8268,#8269,#8270,#8271,#8272,
#8273,#8274,#8275,#8276,#8277,#8278,#8279)),.UNSPECIFIED.,.F.,.F.,.F.,(2,
2),(4,2,2,2,2,2,2,2,4),(-0.000830293300090858,1.),(-0.000300734943926795,
0.125,0.25,0.375,0.5,0.625,0.75,0.875,1.00082721026894),.UNSPECIFIED.);
#94=B_SPLINE_SURFACE_WITH_KNOTS('',1,3,((#8383,#8384,#8385,#8386,#8387,
#8388,#8389,#8390,#8391,#8392,#8393,#8394,#8395,#8396,#8397,#8398,#8399,
#8400),(#8401,#8402,#8403,#8404,#8405,#8406,#8407,#8408,#8409,#8410,#8411,
#8412,#8413,#8414,#8415,#8416,#8417,#8418)),.UNSPECIFIED.,.F.,.F.,.F.,(2,
2),(4,2,2,2,2,2,2,2,4),(-0.0008302925171394,1.),(-0.000299927703103276,
0.125,0.25,0.375,0.5,0.625,0.75,0.875,1.00082720867625),.UNSPECIFIED.);
#95=B_SPLINE_SURFACE_WITH_KNOTS('',1,3,((#8542,#8543,#8544,#8545,#8546,
#8547,#8548,#8549,#8550,#8551,#8552,#8553,#8554,#8555,#8556,#8557,#8558,
#8559),(#8560,#8561,#8562,#8563,#8564,#8565,#8566,#8567,#8568,#8569,#8570,
#8571,#8572,#8573,#8574,#8575,#8576,#8577)),.UNSPECIFIED.,.F.,.F.,.F.,(2,
2),(4,2,2,2,2,2,2,2,4),(0.,1.),(0.,0.125,0.25,0.375,0.5,0.625,0.75,0.875,
1.),.UNSPECIFIED.);
#96=B_SPLINE_SURFACE_WITH_KNOTS('',1,3,((#8613,#8614,#8615,#8616,#8617,
#8618,#8619,#8620,#8621,#8622,#8623,#8624,#8625,#8626,#8627,#8628,#8629,
#8630),(#8631,#8632,#8633,#8634,#8635,#8636,#8637,#8638,#8639,#8640,#8641,
#8642,#8643,#8644,#8645,#8646,#8647,#8648)),.UNSPECIFIED.,.F.,.F.,.F.,(2,
2),(4,2,2,2,2,2,2,2,4),(-0.000829913433039746,1.),(-0.000299279073858099,
0.125,0.25,0.375,0.5,0.625,0.75,0.875,1.00082682796195),.UNSPECIFIED.);
#97=B_SPLINE_SURFACE_WITH_KNOTS('',1,3,((#8771,#8772,#8773,#8774,#8775,
#8776,#8777,#8778,#8779,#8780,#8781,#8782,#8783,#8784,#8785,#8786,#8787,
#8788),(#8789,#8790,#8791,#8792,#8793,#8794,#8795,#8796,#8797,#8798,#8799,
#8800,#8801,#8802,#8803,#8804,#8805,#8806)),.UNSPECIFIED.,.F.,.F.,.F.,(2,
2),(4,2,2,2,2,2,2,2,4),(0.,1.),(0.,0.125,0.25,0.375,0.5,0.625,0.75,0.875,
1.),.UNSPECIFIED.);
#98=B_SPLINE_SURFACE_WITH_KNOTS('',1,3,((#8842,#8843,#8844,#8845,#8846,
#8847,#8848,#8849,#8850,#8851,#8852,#8853,#8854,#8855,#8856,#8857,#8858,
#8859),(#8860,#8861,#8862,#8863,#8864,#8865,#8866,#8867,#8868,#8869,#8870,
#8871,#8872,#8873,#8874,#8875,#8876,#8877)),.UNSPECIFIED.,.F.,.F.,.F.,(2,
2),(4,2,2,2,2,2,2,2,4),(-0.000829863988266211,1.),(-0.000298788053972809,
0.125,0.25,0.375,0.5,0.625,0.75,0.875,1.00082677659773),.UNSPECIFIED.);
#99=B_SPLINE_SURFACE_WITH_KNOTS('',1,3,((#9000,#9001,#9002,#9003,#9004,
#9005,#9006,#9007,#9008,#9009,#9010,#9011,#9012,#9013,#9014,#9015,#9016,
#9017),(#9018,#9019,#9020,#9021,#9022,#9023,#9024,#9025,#9026,#9027,#9028,
#9029,#9030,#9031,#9032,#9033,#9034,#9035)),.UNSPECIFIED.,.F.,.F.,.F.,(2,
2),(4,2,2,2,2,2,2,2,4),(0.,1.),(0.,0.125,0.25,0.375,0.5,0.625,0.75,0.875,
1.),.UNSPECIFIED.);
#100=B_SPLINE_SURFACE_WITH_KNOTS('',1,3,((#9071,#9072,#9073,#9074,#9075,
#9076,#9077,#9078,#9079,#9080,#9081,#9082,#9083,#9084,#9085,#9086,#9087,
#9088),(#9089,#9090,#9091,#9092,#9093,#9094,#9095,#9096,#9097,#9098,#9099,
#9100,#9101,#9102,#9103,#9104,#9105,#9106)),.UNSPECIFIED.,.F.,.F.,.F.,(2,
2),(4,2,2,2,2,2,2,2,4),(-0.000830342135899886,1.),(-0.00029846286503973,
0.125,0.25,0.375,0.5,0.625,0.75,0.875,1.00082725210817),.UNSPECIFIED.);
#101=B_SPLINE_SURFACE_WITH_KNOTS('',1,3,((#9229,#9230,#9231,#9232,#9233,
#9234,#9235,#9236,#9237,#9238,#9239,#9240,#9241,#9242,#9243,#9244,#9245,
#9246),(#9247,#9248,#9249,#9250,#9251,#9252,#9253,#9254,#9255,#9256,#9257,
#9258,#9259,#9260,#9261,#9262,#9263,#9264)),.UNSPECIFIED.,.F.,.F.,.F.,(2,
2),(4,2,2,2,2,2,2,2,4),(0.,1.),(0.,0.125,0.25,0.375,0.5,0.625,0.75,0.875,
1.),.UNSPECIFIED.);
#102=B_SPLINE_SURFACE_WITH_KNOTS('',1,3,((#9300,#9301,#9302,#9303,#9304,
#9305,#9306,#9307,#9308,#9309,#9310,#9311,#9312,#9313,#9314,#9315,#9316,
#9317),(#9318,#9319,#9320,#9321,#9322,#9323,#9324,#9325,#9326,#9327,#9328,
#9329,#9330,#9331,#9332,#9333,#9334,#9335)),.UNSPECIFIED.,.F.,.F.,.F.,(2,
2),(4,2,2,2,2,2,2,2,4),(-0.000830293300151492,1.),(-0.00029830472675354,
0.125,0.25,0.375,0.5,0.625,0.75,0.875,1.0008271998751),.UNSPECIFIED.);
#103=B_SPLINE_SURFACE_WITH_KNOTS('',1,3,((#9458,#9459,#9460,#9461,#9462,
#9463,#9464,#9465,#9466,#9467,#9468,#9469,#9470,#9471,#9472,#9473,#9474,
#9475),(#9476,#9477,#9478,#9479,#9480,#9481,#9482,#9483,#9484,#9485,#9486,
#9487,#9488,#9489,#9490,#9491,#9492,#9493)),.UNSPECIFIED.,.F.,.F.,.F.,(2,
2),(4,2,2,2,2,2,2,2,4),(0.,1.),(0.,0.125,0.25,0.375,0.5,0.625,0.75,0.875,
1.),.UNSPECIFIED.);
#104=B_SPLINE_SURFACE_WITH_KNOTS('',1,3,((#9529,#9530,#9531,#9532,#9533,
#9534,#9535,#9536,#9537,#9538,#9539,#9540,#9541,#9542,#9543,#9544,#9545,
#9546),(#9547,#9548,#9549,#9550,#9551,#9552,#9553,#9554,#9555,#9556,#9557,
#9558,#9559,#9560,#9561,#9562,#9563,#9564)),.UNSPECIFIED.,.F.,.F.,.F.,(2,
2),(4,2,2,2,2,2,2,2,4),(-0.000828231152414668,1.),(-0.000298319448035033,
0.125,0.25,0.375,0.5,0.625,0.75,0.875,1.00082513354175),.UNSPECIFIED.);
#105=B_SPLINE_SURFACE_WITH_KNOTS('',1,3,((#9687,#9688,#9689,#9690,#9691,
#9692,#9693,#9694,#9695,#9696,#9697,#9698,#9699,#9700,#9701,#9702,#9703,
#9704),(#9705,#9706,#9707,#9708,#9709,#9710,#9711,#9712,#9713,#9714,#9715,
#9716,#9717,#9718,#9719,#9720,#9721,#9722)),.UNSPECIFIED.,.F.,.F.,.F.,(2,
2),(4,2,2,2,2,2,2,2,4),(0.,1.),(0.,0.125,0.25,0.375,0.5,0.625,0.75,0.875,
1.),.UNSPECIFIED.);
#106=B_SPLINE_SURFACE_WITH_KNOTS('',1,3,((#9758,#9759,#9760,#9761,#9762,
#9763,#9764,#9765,#9766,#9767,#9768,#9769,#9770,#9771,#9772,#9773,#9774,
#9775),(#9776,#9777,#9778,#9779,#9780,#9781,#9782,#9783,#9784,#9785,#9786,
#9787,#9788,#9789,#9790,#9791,#9792,#9793)),.UNSPECIFIED.,.F.,.F.,.F.,(2,
2),(4,2,2,2,2,2,2,2,4),(-0.000829863988152558,1.),(-0.000298514219413967,
0.125,0.25,0.375,0.5,0.625,0.75,0.875,1.00082677062006),.UNSPECIFIED.);
#107=B_SPLINE_SURFACE_WITH_KNOTS('',1,3,((#9916,#9917,#9918,#9919,#9920,
#9921,#9922,#9923,#9924,#9925,#9926,#9927,#9928,#9929,#9930,#9931,#9932,
#9933),(#9934,#9935,#9936,#9937,#9938,#9939,#9940,#9941,#9942,#9943,#9944,
#9945,#9946,#9947,#9948,#9949,#9950,#9951)),.UNSPECIFIED.,.F.,.F.,.F.,(2,
2),(4,2,2,2,2,2,2,2,4),(0.,1.),(0.,0.125,0.25,0.375,0.5,0.625,0.75,0.875,
1.),.UNSPECIFIED.);
#108=B_SPLINE_SURFACE_WITH_KNOTS('',1,3,((#9987,#9988,#9989,#9990,#9991,
#9992,#9993,#9994,#9995,#9996,#9997,#9998,#9999,#10000,#10001,#10002,#10003,
#10004),(#10005,#10006,#10007,#10008,#10009,#10010,#10011,#10012,#10013,
#10014,#10015,#10016,#10017,#10018,#10019,#10020,#10021,#10022)),
 .UNSPECIFIED.,.F.,.F.,.F.,(2,2),(4,2,2,2,2,2,2,2,4),(-0.000829804097713436,
1.),(0.,0.125,0.25,0.375,0.5,0.625,0.75,0.875,1.00082671428838),
 .UNSPECIFIED.);
#109=B_SPLINE_SURFACE_WITH_KNOTS('',1,3,((#10138,#10139,#10140,#10141,#10142,
#10143,#10144,#10145,#10146,#10147,#10148,#10149,#10150,#10151,#10152,#10153,
#10154,#10155),(#10156,#10157,#10158,#10159,#10160,#10161,#10162,#10163,
#10164,#10165,#10166,#10167,#10168,#10169,#10170,#10171,#10172,#10173)),
 .UNSPECIFIED.,.F.,.F.,.F.,(2,2),(4,2,2,2,2,2,2,2,4),(0.,1.),(0.,0.125,
0.25,0.375,0.5,0.625,0.75,0.875,1.),.UNSPECIFIED.);
#110=B_SPLINE_SURFACE_WITH_KNOTS('',1,3,((#10535,#10536,#10537,#10538,#10539,
#10540,#10541,#10542,#10543,#10544,#10545,#10546,#10547,#10548,#10549,#10550,
#10551,#10552),(#10553,#10554,#10555,#10556,#10557,#10558,#10559,#10560,
#10561,#10562,#10563,#10564,#10565,#10566,#10567,#10568,#10569,#10570)),
 .UNSPECIFIED.,.F.,.F.,.F.,(2,2),(4,2,2,2,2,2,2,2,4),(0.,1.),(0.,0.125,
0.25,0.375,0.5,0.625,0.75,0.875,1.),.UNSPECIFIED.);
#111=B_SPLINE_SURFACE_WITH_KNOTS('',1,3,((#10716,#10717,#10718,#10719,#10720,
#10721,#10722,#10723,#10724,#10725,#10726,#10727,#10728,#10729,#10730,#10731,
#10732,#10733),(#10734,#10735,#10736,#10737,#10738,#10739,#10740,#10741,
#10742,#10743,#10744,#10745,#10746,#10747,#10748,#10749,#10750,#10751)),
 .UNSPECIFIED.,.F.,.F.,.F.,(2,2),(4,2,2,2,2,2,2,2,4),(0.,1.),(0.,0.125,
0.25,0.375,0.5,0.625,0.75,0.875,1.),.UNSPECIFIED.);
#112=B_SPLINE_SURFACE_WITH_KNOTS('',1,3,((#10837,#10838,#10839,#10840,#10841,
#10842,#10843,#10844,#10845,#10846,#10847,#10848,#10849,#10850,#10851,#10852,
#10853,#10854),(#10855,#10856,#10857,#10858,#10859,#10860,#10861,#10862,
#10863,#10864,#10865,#10866,#10867,#10868,#10869,#10870,#10871,#10872)),
 .UNSPECIFIED.,.F.,.F.,.F.,(2,2),(4,2,2,2,2,2,2,2,4),(-0.000830292517472321,
1.),(-0.000299927703117258,0.125,0.25,0.375,0.5,0.625,0.75,0.875,1.00082720867658),
 .UNSPECIFIED.);
#113=B_SPLINE_SURFACE_WITH_KNOTS('',1,3,((#10873,#10874,#10875,#10876,#10877,
#10878,#10879,#10880,#10881,#10882,#10883,#10884,#10885,#10886,#10887,#10888,
#10889,#10890),(#10891,#10892,#10893,#10894,#10895,#10896,#10897,#10898,
#10899,#10900,#10901,#10902,#10903,#10904,#10905,#10906,#10907,#10908)),
 .UNSPECIFIED.,.F.,.F.,.F.,(2,2),(4,2,2,2,2,2,2,2,4),(0.,1.),(0.,0.125,
0.25,0.375,0.5,0.625,0.75,0.875,1.),.UNSPECIFIED.);
#114=B_SPLINE_SURFACE_WITH_KNOTS('',1,3,((#10994,#10995,#10996,#10997,#10998,
#10999,#11000,#11001,#11002,#11003,#11004,#11005,#11006,#11007,#11008,#11009,
#11010,#11011),(#11012,#11013,#11014,#11015,#11016,#11017,#11018,#11019,
#11020,#11021,#11022,#11023,#11024,#11025,#11026,#11027,#11028,#11029)),
 .UNSPECIFIED.,.F.,.F.,.F.,(2,2),(4,2,2,2,2,2,2,2,4),(-0.000830293300076941,
1.),(-0.000300734943889537,0.125,0.25,0.375,0.5,0.625,0.75,0.875,1.00082721026892),
 .UNSPECIFIED.);
#115=B_SPLINE_SURFACE_WITH_KNOTS('',1,3,((#11030,#11031,#11032,#11033,#11034,
#11035,#11036,#11037,#11038,#11039,#11040,#11041,#11042,#11043,#11044,#11045,
#11046,#11047),(#11048,#11049,#11050,#11051,#11052,#11053,#11054,#11055,
#11056,#11057,#11058,#11059,#11060,#11061,#11062,#11063,#11064,#11065)),
 .UNSPECIFIED.,.F.,.F.,.F.,(2,2),(4,2,2,2,2,2,2,2,4),(0.,1.),(0.,0.125,
0.25,0.375,0.5,0.625,0.75,0.875,1.),.UNSPECIFIED.);
#116=B_SPLINE_SURFACE_WITH_KNOTS('',1,3,((#11151,#11152,#11153,#11154,#11155,
#11156,#11157,#11158,#11159,#11160,#11161,#11162,#11163,#11164,#11165,#11166,
#11167,#11168),(#11169,#11170,#11171,#11172,#11173,#11174,#11175,#11176,
#11177,#11178,#11179,#11180,#11181,#11182,#11183,#11184,#11185,#11186)),
 .UNSPECIFIED.,.F.,.F.,.F.,(2,2),(4,2,2,2,2,2,2,2,4),(-0.00082986318711473,
1.),(-0.000301696670636739,0.125,0.25,0.375,0.5,0.625,0.75,0.875,1.00082678033109),
 .UNSPECIFIED.);
#117=B_SPLINE_SURFACE_WITH_KNOTS('',1,3,((#11187,#11188,#11189,#11190,#11191,
#11192,#11193,#11194,#11195,#11196,#11197,#11198,#11199,#11200,#11201,#11202,
#11203,#11204),(#11205,#11206,#11207,#11208,#11209,#11210,#11211,#11212,
#11213,#11214,#11215,#11216,#11217,#11218,#11219,#11220,#11221,#11222)),
 .UNSPECIFIED.,.F.,.F.,.F.,(2,2),(4,2,2,2,2,2,2,2,4),(0.,1.),(0.,0.125,
0.25,0.375,0.5,0.625,0.75,0.875,1.),.UNSPECIFIED.);
#118=B_SPLINE_SURFACE_WITH_KNOTS('',1,3,((#11308,#11309,#11310,#11311,#11312,
#11313,#11314,#11315,#11316,#11317,#11318,#11319,#11320,#11321,#11322,#11323,
#11324,#11325),(#11326,#11327,#11328,#11329,#11330,#11331,#11332,#11333,
#11334,#11335,#11336,#11337,#11338,#11339,#11340,#11341,#11342,#11343)),
 .UNSPECIFIED.,.F.,.F.,.F.,(2,2),(4,2,2,2,2,2,2,2,4),(-0.000829863988004559,
1.),(-0.000300734475007531,0.125,0.25,0.375,0.5,0.625,0.75,0.875,1.00082678052543),
 .UNSPECIFIED.);
#119=B_SPLINE_SURFACE_WITH_KNOTS('',1,3,((#11344,#11345,#11346,#11347,#11348,
#11349,#11350,#11351,#11352,#11353,#11354,#11355,#11356,#11357,#11358,#11359,
#11360,#11361),(#11362,#11363,#11364,#11365,#11366,#11367,#11368,#11369,
#11370,#11371,#11372,#11373,#11374,#11375,#11376,#11377,#11378,#11379)),
 .UNSPECIFIED.,.F.,.F.,.F.,(2,2),(4,2,2,2,2,2,2,2,4),(0.,1.),(0.,0.125,
0.25,0.375,0.5,0.625,0.75,0.875,1.),.UNSPECIFIED.);
#120=B_SPLINE_SURFACE_WITH_KNOTS('',1,3,((#11465,#11466,#11467,#11468,#11469,
#11470,#11471,#11472,#11473,#11474,#11475,#11476,#11477,#11478,#11479,#11480,
#11481,#11482),(#11483,#11484,#11485,#11486,#11487,#11488,#11489,#11490,
#11491,#11492,#11493,#11494,#11495,#11496,#11497,#11498,#11499,#11500)),
 .UNSPECIFIED.,.F.,.F.,.F.,(2,2),(4,2,2,2,2,2,2,2,4),(-0.000828231152274386,
1.),(-0.000299951229870813,0.125,0.25,0.375,0.5,0.625,0.75,0.875,1.00082514632651),
 .UNSPECIFIED.);
#121=B_SPLINE_SURFACE_WITH_KNOTS('',1,3,((#11501,#11502,#11503,#11504,#11505,
#11506,#11507,#11508,#11509,#11510,#11511,#11512,#11513,#11514,#11515,#11516,
#11517,#11518),(#11519,#11520,#11521,#11522,#11523,#11524,#11525,#11526,
#11527,#11528,#11529,#11530,#11531,#11532,#11533,#11534,#11535,#11536)),
 .UNSPECIFIED.,.F.,.F.,.F.,(2,2),(4,2,2,2,2,2,2,2,4),(0.,1.),(0.,0.125,
0.25,0.375,0.5,0.625,0.75,0.875,1.),.UNSPECIFIED.);
#122=B_SPLINE_SURFACE_WITH_KNOTS('',1,3,((#11622,#11623,#11624,#11625,#11626,
#11627,#11628,#11629,#11630,#11631,#11632,#11633,#11634,#11635,#11636,#11637,
#11638,#11639),(#11640,#11641,#11642,#11643,#11644,#11645,#11646,#11647,
#11648,#11649,#11650,#11651,#11652,#11653,#11654,#11655,#11656,#11657)),
 .UNSPECIFIED.,.F.,.F.,.F.,(2,2),(4,2,2,2,2,2,2,2,4),(-0.00083029330011973,
1.),(-0.000299338908903694,0.125,0.25,0.375,0.5,0.625,0.75,0.875,1.00082720635851),
 .UNSPECIFIED.);
#123=B_SPLINE_SURFACE_WITH_KNOTS('',1,3,((#11658,#11659,#11660,#11661,#11662,
#11663,#11664,#11665,#11666,#11667,#11668,#11669,#11670,#11671,#11672,#11673,
#11674,#11675),(#11676,#11677,#11678,#11679,#11680,#11681,#11682,#11683,
#11684,#11685,#11686,#11687,#11688,#11689,#11690,#11691,#11692,#11693)),
 .UNSPECIFIED.,.F.,.F.,.F.,(2,2),(4,2,2,2,2,2,2,2,4),(0.,1.),(0.,0.125,
0.25,0.375,0.5,0.625,0.75,0.875,1.),.UNSPECIFIED.);
#124=B_SPLINE_SURFACE_WITH_KNOTS('',1,3,((#11779,#11780,#11781,#11782,#11783,
#11784,#11785,#11786,#11787,#11788,#11789,#11790,#11791,#11792,#11793,#11794,
#11795,#11796),(#11797,#11798,#11799,#11800,#11801,#11802,#11803,#11804,
#11805,#11806,#11807,#11808,#11809,#11810,#11811,#11812,#11813,#11814)),
 .UNSPECIFIED.,.F.,.F.,.F.,(2,2),(4,2,2,2,2,2,2,2,4),(-0.000829804097525678,
1.),(-0.000298891583107605,0.125,0.25,0.375,0.5,0.625,0.75,0.875,1.00082671428819),
 .UNSPECIFIED.);
#125=B_SPLINE_SURFACE_WITH_KNOTS('',1,3,((#11815,#11816,#11817,#11818,#11819,
#11820,#11821,#11822,#11823,#11824,#11825,#11826,#11827,#11828,#11829,#11830,
#11831,#11832),(#11833,#11834,#11835,#11836,#11837,#11838,#11839,#11840,
#11841,#11842,#11843,#11844,#11845,#11846,#11847,#11848,#11849,#11850)),
 .UNSPECIFIED.,.F.,.F.,.F.,(2,2),(4,2,2,2,2,2,2,2,4),(0.,1.),(0.,0.125,
0.25,0.375,0.5,0.625,0.75,0.875,1.),.UNSPECIFIED.);
#126=B_SPLINE_SURFACE_WITH_KNOTS('',1,3,((#11937,#11938,#11939,#11940,#11941,
#11942,#11943,#11944,#11945,#11946,#11947,#11948,#11949,#11950,#11951,#11952,
#11953,#11954),(#11955,#11956,#11957,#11958,#11959,#11960,#11961,#11962,
#11963,#11964,#11965,#11966,#11967,#11968,#11969,#11970,#11971,#11972)),
 .UNSPECIFIED.,.F.,.F.,.F.,(2,2),(4,2,2,2,2,2,2,2,4),(-0.000829863988014873,
1.),(-0.000298514219323883,0.125,0.25,0.375,0.5,0.625,0.75,0.875,1.00082677061992),
 .UNSPECIFIED.);
#127=B_SPLINE_SURFACE_WITH_KNOTS('',1,3,((#11991,#11992,#11993,#11994,#11995,
#11996,#11997,#11998,#11999,#12000,#12001,#12002,#12003,#12004,#12005,#12006,
#12007,#12008),(#12009,#12010,#12011,#12012,#12013,#12014,#12015,#12016,
#12017,#12018,#12019,#12020,#12021,#12022,#12023,#12024,#12025,#12026)),
 .UNSPECIFIED.,.F.,.F.,.F.,(2,2),(4,2,2,2,2,2,2,2,4),(0.,1.),(0.,0.125,
0.25,0.375,0.5,0.625,0.75,0.875,1.),.UNSPECIFIED.);
#128=B_SPLINE_SURFACE_WITH_KNOTS('',1,3,((#12040,#12041,#12042,#12043,#12044,
#12045,#12046,#12047,#12048,#12049,#12050,#12051,#12052,#12053,#12054,#12055,
#12056,#12057),(#12058,#12059,#12060,#12061,#12062,#12063,#12064,#12065,
#12066,#12067,#12068,#12069,#12070,#12071,#12072,#12073,#12074,#12075)),
 .UNSPECIFIED.,.F.,.F.,.F.,(2,2),(4,2,2,2,2,2,2,2,4),(-0.000828231152389199,
1.),(-0.000298319448068084,0.125,0.25,0.375,0.5,0.625,0.75,0.875,1.00082513354172),
 .UNSPECIFIED.);
#129=B_SPLINE_SURFACE_WITH_KNOTS('',1,3,((#12094,#12095,#12096,#12097,#12098,
#12099,#12100,#12101,#12102,#12103,#12104,#12105,#12106,#12107,#12108,#12109,
#12110,#12111),(#12112,#12113,#12114,#12115,#12116,#12117,#12118,#12119,
#12120,#12121,#12122,#12123,#12124,#12125,#12126,#12127,#12128,#12129)),
 .UNSPECIFIED.,.F.,.F.,.F.,(2,2),(4,2,2,2,2,2,2,2,4),(0.,1.00417470242402),
(-0.00417346950573857,0.125,0.25,0.375,0.5,0.625,0.75,0.875,1.),
 .UNSPECIFIED.);
#130=B_SPLINE_SURFACE_WITH_KNOTS('',3,1,((#12251,#12252,#12253),(#12254,
#12255,#12256),(#12257,#12258,#12259),(#12260,#12261,#12262)),
 .UNSPECIFIED.,.F.,.F.,.F.,(4,4),(2,1,2),(0.,1.),(-0.0216669504980972,0.,
1.),.UNSPECIFIED.);
#131=B_SPLINE_SURFACE_WITH_KNOTS('',3,1,((#12304,#12305,#12306),(#12307,
#12308,#12309),(#12310,#12311,#12312),(#12313,#12314,#12315)),
 .UNSPECIFIED.,.F.,.F.,.F.,(4,4),(2,1,2),(0.,1.),(-0.0216669504980934,0.,
1.),.UNSPECIFIED.);
#132=B_SPLINE_SURFACE_WITH_KNOTS('',3,1,((#12357,#12358,#12359),(#12360,
#12361,#12362),(#12363,#12364,#12365),(#12366,#12367,#12368)),
 .UNSPECIFIED.,.F.,.F.,.F.,(4,4),(2,1,2),(0.,1.),(-0.0216669504980959,0.,
1.),.UNSPECIFIED.);
#133=B_SPLINE_SURFACE_WITH_KNOTS('',3,1,((#12503,#12504,#12505),(#12506,
#12507,#12508),(#12509,#12510,#12511),(#12512,#12513,#12514)),
 .UNSPECIFIED.,.F.,.F.,.F.,(4,4),(2,1,2),(0.,1.),(-0.0216669504980934,0.,
1.),.UNSPECIFIED.);
#134=B_SPLINE_SURFACE_WITH_KNOTS('',3,1,((#12536,#12537,#12538),(#12539,
#12540,#12541),(#12542,#12543,#12544),(#12545,#12546,#12547)),
 .UNSPECIFIED.,.F.,.F.,.F.,(4,4),(2,1,2),(0.,1.),(-0.021666950498096,0.,
1.),.UNSPECIFIED.);
#135=B_SPLINE_SURFACE_WITH_KNOTS('',3,1,((#12570,#12571,#12572),(#12573,
#12574,#12575),(#12576,#12577,#12578),(#12579,#12580,#12581)),
 .UNSPECIFIED.,.F.,.F.,.F.,(4,4),(2,1,2),(0.,1.),(-0.0216669504980934,0.,
1.),.UNSPECIFIED.);
#136=B_SPLINE_SURFACE_WITH_KNOTS('',3,1,((#12583,#12584,#12585),(#12586,
#12587,#12588),(#12589,#12590,#12591),(#12592,#12593,#12594)),
 .UNSPECIFIED.,.F.,.F.,.F.,(4,4),(2,1,2),(0.,1.),(-0.021666950498096,0.,
1.),.UNSPECIFIED.);
#137=B_SPLINE_SURFACE_WITH_KNOTS('',3,1,((#12606,#12607,#12608),(#12609,
#12610,#12611),(#12612,#12613,#12614),(#12615,#12616,#12617)),
 .UNSPECIFIED.,.F.,.F.,.F.,(4,4),(2,1,2),(0.,1.),(-0.0216669504980965,0.,
1.),.UNSPECIFIED.);
#138=CIRCLE('',#5760,3.15);
#139=CIRCLE('',#5762,3.15);
#140=CIRCLE('',#5763,3.15);
#141=CIRCLE('',#5764,2.625);
#142=CIRCLE('',#5766,3.15);
#143=CIRCLE('',#5767,2.625);
#144=CIRCLE('',#5768,2.625);
#145=CIRCLE('',#5769,3.15);
#146=CIRCLE('',#5771,2.625);
#147=CIRCLE('',#5774,0.4);
#148=CIRCLE('',#5776,0.4);
#149=CIRCLE('',#5778,0.5);
#150=CIRCLE('',#5780,2.625);
#151=CIRCLE('',#5782,2.30079569215155);
#152=CIRCLE('',#5784,2.30079569215155);
#153=CIRCLE('',#5786,2.11488228583908);
#154=CIRCLE('',#5788,2.11488228583908);
#155=CIRCLE('',#5790,0.5);
#156=CIRCLE('',#5797,1.85);
#157=CIRCLE('',#5798,1.85);
#158=CIRCLE('',#5815,0.55);
#159=CIRCLE('',#5817,0.55);
#160=CIRCLE('',#5867,4.6);
#161=CIRCLE('',#5869,4.6);
#162=CIRCLE('',#5873,2.70000000000001);
#163=CIRCLE('',#5877,2.69999999999998);
#164=CIRCLE('',#5879,3.175);
#165=CIRCLE('',#5880,3.175);
#166=CIRCLE('',#5881,3.175);
#167=CIRCLE('',#5886,3.175);
#168=CIRCLE('',#5887,3.175);
#169=CIRCLE('',#5888,3.175);
#170=CIRCLE('',#5891,2.295);
#171=CIRCLE('',#5892,2.295);
#172=CIRCLE('',#5894,2.);
#173=CIRCLE('',#5895,2.);
#174=CIRCLE('',#5897,0.44);
#175=CIRCLE('',#5898,0.44);
#176=CIRCLE('',#5899,0.44);
#177=CIRCLE('',#5901,0.44);
#178=CIRCLE('',#5904,3.9);
#179=CIRCLE('',#5905,3.9);
#180=CIRCLE('',#5907,3.90106712659805);
#181=CIRCLE('',#5909,3.90106712659805);
#182=CIRCLE('',#5911,3.15);
#183=CIRCLE('',#5912,3.15);
#184=CIRCLE('',#5914,2.5);
#185=CIRCLE('',#5915,2.5);
#186=CIRCLE('',#5917,4.05);
#187=CIRCLE('',#5918,4.05);
#188=CIRCLE('',#5920,3.55);
#189=CIRCLE('',#5921,3.55);
#190=CIRCLE('',#5923,4.05);
#191=CIRCLE('',#5924,4.05);
#192=CIRCLE('',#5925,4.05);
#193=CIRCLE('',#5926,4.05);
#194=CIRCLE('',#5927,4.05);
#195=CIRCLE('',#5928,4.05);
#196=CIRCLE('',#5929,4.05);
#197=CIRCLE('',#5930,4.05);
#198=CIRCLE('',#5931,4.05);
#199=CIRCLE('',#5932,4.05);
#200=CIRCLE('',#5934,4.04447752557328);
#201=CIRCLE('',#5935,5.05);
#202=CIRCLE('',#5936,759.7349329931);
#203=CIRCLE('',#5940,3.3);
#204=CIRCLE('',#5942,3.3);
#205=CIRCLE('',#5944,3.3);
#206=CIRCLE('',#5945,3.3);
#207=B_SPLINE_CURVE_WITH_KNOTS('',3,(#7896,#7897,#7898,#7899,#7900,#7901,
#7902,#7903,#7904,#7905,#7906,#7907,#7908,#7909,#7910,#7911,#7912,#7913,
#7914,#7915,#7916,#7917,#7918,#7919,#7920,#7921,#7922,#7923,#7924,#7925,
#7926,#7927,#7928,#7929),.UNSPECIFIED.,.F.,.F.,(4,3,3,3,3,3,3,3,3,3,3,4),
(2.31024375447142E-5,0.000242973013996893,0.000466495963387174,0.000625301365297114,
0.000835112922897055,0.00104625924143671,0.00122750029304951,0.00153981567610067,
0.00185369783083493,0.00216530644764317,0.00224716432280077,0.00242935232872416),
 .UNSPECIFIED.);
#208=B_SPLINE_CURVE_WITH_KNOTS('',3,(#7968,#7969,#7970,#7971,#7972,#7973,
#7974,#7975,#7976,#7977,#7978,#7979,#7980,#7981,#7982,#7983,#7984,#7985,
#7986,#7987,#7988,#7989,#7990,#7991,#7992,#7993,#7994,#7995,#7996,#7997,
#7998,#7999,#8000,#8001,#8002,#8003,#8004,#8005,#8006,#8007,#8008,#8009,
#8010,#8011,#8012,#8013,#8014,#8015,#8016,#8017,#8018,#8019,#8020,#8021,
#8022,#8023,#8024,#8025,#8026,#8027,#8028,#8029,#8030,#8031,#8032,#8033,
#8034,#8035,#8036,#8037,#8038,#8039,#8040,#8041,#8042,#8043,#8044,#8045,
#8046,#8047,#8048,#8049,#8050,#8051,#8052,#8053,#8054,#8055,#8056,#8057,
#8058,#8059,#8060,#8061,#8062,#8063,#8064,#8065,#8066,#8067,#8068,#8069,
#8070,#8071,#8072,#8073),.UNSPECIFIED.,.F.,.F.,(4,3,3,3,3,3,3,3,3,3,3,3,
3,3,3,3,3,3,3,3,3,3,3,3,3,3,3,3,3,3,3,3,3,3,3,4),(0.00243189814855431,0.00264796997887121,
0.00286601485062832,0.00308626425082644,0.00320720486503012,0.00351915319753448,
0.00382032492343351,0.00398251158150593,0.00421068719378125,0.00442615406093895,
0.00443886280605657,0.00465672433700102,0.00475781829798174,0.00491939802007201,
0.00508239795741774,0.00514547165621964,0.00535619600841451,0.00553312501445754,
0.00575308401398022,0.0059729648100094,0.0061911284361531,0.00630843173093335,
0.00652582652734913,0.00656965409280194,0.00669608508917125,0.0068553810120647,
0.00701632751043156,0.00708373844740916,0.00728830912639839,0.00749366301385161,
0.00769724446515739,0.00785904516388496,0.00807242572851428,0.00828403642034179,
0.00849050526280456,0.00863435188036077),.UNSPECIFIED.);
#209=B_SPLINE_CURVE_WITH_KNOTS('',3,(#8077,#8078,#8079,#8080,#8081,#8082,
#8083,#8084,#8085,#8086,#8087,#8088,#8089),.UNSPECIFIED.,.F.,.F.,(4,3,3,
3,4),(0.916693546284942,0.938712954335807,0.960986330745606,0.983301126037744,
0.999998781264842),.UNSPECIFIED.);
#210=B_SPLINE_CURVE_WITH_KNOTS('',3,(#8090,#8091,#8092,#8093,#8094,#8095,
#8096,#8097,#8098,#8099),.UNSPECIFIED.,.F.,.F.,(4,2,2,2,4),(0.500641816062271,
0.625000000000047,0.750000000000027,0.875000000000007,0.916693546284942),
 .UNSPECIFIED.);
#211=B_SPLINE_CURVE_WITH_KNOTS('',3,(#8137,#8138,#8139,#8140,#8141,#8142,
#8143,#8144,#8145,#8146,#8147,#8148,#8149,#8150,#8151,#8152,#8153,#8154,
#8155,#8156,#8157,#8158,#8159,#8160,#8161,#8162,#8163,#8164,#8165,#8166,
#8167,#8168,#8169,#8170,#8171,#8172,#8173,#8174,#8175,#8176,#8177,#8178,
#8179,#8180,#8181,#8182,#8183,#8184,#8185,#8186,#8187,#8188,#8189,#8190,
#8191,#8192,#8193,#8194,#8195,#8196,#8197,#8198,#8199,#8200,#8201,#8202,
#8203,#8204,#8205,#8206,#8207,#8208,#8209,#8210,#8211,#8212,#8213,#8214,
#8215,#8216,#8217,#8218,#8219,#8220,#8221),.UNSPECIFIED.,.F.,.F.,(4,3,3,
3,3,3,3,3,3,3,3,3,3,3,3,3,3,3,3,3,3,3,3,3,3,3,3,3,4),(7.95361455101709E-7,
0.0312825380348281,0.0416401309148233,0.0726014698627014,0.104453480038793,
0.125,0.166675257045816,0.211518648219778,0.25,0.291677127555667,0.336339455009282,
0.375,0.416678551707781,0.460811733808645,0.5,0.541675711382899,0.586988742509647,
0.625,0.666675944679631,0.710994786302181,0.75,0.786851731691599,0.791669972078411,
0.828310495978986,0.864836357478612,0.875,0.894359375791632,0.913573153833615,
0.916692050364073),.UNSPECIFIED.);
#212=B_SPLINE_CURVE_WITH_KNOTS('',3,(#8225,#8226,#8227,#8228,#8229,#8230,
#8231,#8232,#8233,#8234,#8235,#8236,#8237,#8238,#8239,#8240,#8241,#8242),
 .UNSPECIFIED.,.F.,.F.,(4,2,2,2,2,2,2,2,4),(0.,0.125,0.25,0.375,0.5,0.625,
0.75,0.875,1.),.UNSPECIFIED.);
#213=B_SPLINE_CURVE_WITH_KNOTS('',3,(#8285,#8286,#8287,#8288,#8289,#8290,
#8291,#8292,#8293,#8294,#8295,#8296,#8297),.UNSPECIFIED.,.F.,.F.,(4,3,3,
3,4),(0.916692999615759,0.938716460717559,0.960992065499263,0.98330858772697,
0.999998788068489),.UNSPECIFIED.);
#214=B_SPLINE_CURVE_WITH_KNOTS('',3,(#8298,#8299,#8300,#8301,#8302,#8303,
#8304,#8305,#8306,#8307,#8308,#8309,#8310,#8311,#8312,#8313,#8314,#8315,
#8316,#8317,#8318,#8319,#8320,#8321,#8322,#8323,#8324,#8325,#8326,#8327,
#8328,#8329,#8330,#8331,#8332,#8333,#8334,#8335,#8336,#8337,#8338,#8339,
#8340,#8341,#8342,#8343,#8344,#8345,#8346,#8347,#8348,#8349,#8350,#8351,
#8352,#8353,#8354,#8355,#8356,#8357,#8358,#8359,#8360,#8361,#8362,#8363,
#8364,#8365,#8366,#8367,#8368,#8369,#8370,#8371,#8372,#8373,#8374,#8375,
#8376,#8377,#8378,#8379,#8380,#8381,#8382),.UNSPECIFIED.,.F.,.F.,(4,3,3,
3,3,3,3,3,3,3,3,3,3,3,3,3,3,3,3,3,3,3,3,3,3,3,3,3,4),(8.11833013573829E-7,
0.0316922439335609,0.0416390830277138,0.0729909183530935,0.105315227806332,
0.125,0.166679593471158,0.210118231929571,0.25,0.291677199488414,0.336447722906613,
0.375,0.416674989248748,0.461062820193828,0.5,0.541678486644868,0.586222609560201,
0.625,0.666678231185117,0.710542957137647,0.75,0.787316741237913,0.791666371838212,
0.828787074800125,0.865685892002112,0.875,0.894338605913754,0.913530617765732,
0.916692999615759),.UNSPECIFIED.);
#215=B_SPLINE_CURVE_WITH_KNOTS('',3,(#8423,#8424,#8425,#8426,#8427,#8428,
#8429,#8430,#8431,#8432,#8433,#8434,#8435,#8436,#8437,#8438,#8439,#8440),
 .UNSPECIFIED.,.F.,.F.,(4,2,2,2,2,2,2,2,4),(0.,0.125,0.25,0.375,0.5,0.625,
0.75,0.875,1.),.UNSPECIFIED.);
#216=B_SPLINE_CURVE_WITH_KNOTS('',3,(#8444,#8445,#8446,#8447,#8448,#8449,
#8450,#8451,#8452,#8453,#8454,#8455,#8456),.UNSPECIFIED.,.F.,.F.,(4,3,3,
3,4),(0.916692562609278,0.938718280356329,0.960994705411968,0.983311766212584,
0.999998793793278),.UNSPECIFIED.);
#217=B_SPLINE_CURVE_WITH_KNOTS('',3,(#8457,#8458,#8459,#8460,#8461,#8462,
#8463,#8464,#8465,#8466,#8467,#8468,#8469,#8470,#8471,#8472,#8473,#8474,
#8475,#8476,#8477,#8478,#8479,#8480,#8481,#8482,#8483,#8484,#8485,#8486,
#8487,#8488,#8489,#8490,#8491,#8492,#8493,#8494,#8495,#8496,#8497,#8498,
#8499,#8500,#8501,#8502,#8503,#8504,#8505,#8506,#8507,#8508,#8509,#8510,
#8511,#8512,#8513,#8514,#8515,#8516,#8517,#8518,#8519,#8520,#8521,#8522,
#8523,#8524,#8525,#8526,#8527,#8528,#8529,#8530,#8531,#8532,#8533,#8534,
#8535,#8536,#8537,#8538,#8539,#8540,#8541),.UNSPECIFIED.,.F.,.F.,(4,3,3,
3,3,3,3,3,3,3,3,3,3,3,3,3,3,3,3,3,3,3,3,3,3,3,3,3,4),(8.11329107940351E-7,
0.0314701388694971,0.0416389664100656,0.0727782946940795,0.104846611592965,
0.125,0.16667849561914,0.211207746705117,0.25,0.291678224409572,0.335532011723506,
0.375,0.41667524796892,0.461533621310298,0.5,0.541677127555662,0.586339455013658,
0.625,0.666678558403359,0.71082287031482,0.75,0.787550843773319,0.791666934136079,
0.829019483142069,0.866151266934569,0.875,0.894344914701067,0.913543546351024,
0.916692562609278),.UNSPECIFIED.);
#218=B_SPLINE_CURVE_WITH_KNOTS('',3,(#8580,#8581,#8582,#8583,#8584,#8585,
#8586,#8587,#8588,#8589,#8590,#8591,#8592,#8593,#8594,#8595,#8596,#8597),
 .UNSPECIFIED.,.F.,.F.,(4,2,2,2,2,2,2,2,4),(0.,0.125,0.25,0.375,0.5,0.625,
0.75,0.875,1.),.UNSPECIFIED.);
#219=B_SPLINE_CURVE_WITH_KNOTS('',3,(#8600,#8601,#8602,#8603,#8604,#8605,
#8606,#8607,#8608,#8609,#8610,#8611,#8612),.UNSPECIFIED.,.F.,.F.,(4,3,3,
3,4),(0.916692291446242,0.938711176394466,0.960979185701672,0.983289959764055,
0.999998805256443),.UNSPECIFIED.);
#220=B_SPLINE_CURVE_WITH_KNOTS('',3,(#8652,#8653,#8654,#8655,#8656,#8657,
#8658,#8659,#8660,#8661,#8662,#8663,#8664,#8665,#8666,#8667,#8668,#8669),
 .UNSPECIFIED.,.F.,.F.,(4,2,2,2,2,2,2,2,4),(0.,0.125,0.25,0.375,0.5,0.625,
0.75,0.875,1.),.UNSPECIFIED.);
#221=B_SPLINE_CURVE_WITH_KNOTS('',3,(#8673,#8674,#8675,#8676,#8677,#8678,
#8679,#8680,#8681,#8682,#8683,#8684,#8685),.UNSPECIFIED.,.F.,.F.,(4,3,3,
3,4),(0.916692238651457,0.938718479914809,0.960994363777007,0.983310789636592,
0.999998798411845),.UNSPECIFIED.);
#222=B_SPLINE_CURVE_WITH_KNOTS('',3,(#8686,#8687,#8688,#8689,#8690,#8691,
#8692,#8693,#8694,#8695,#8696,#8697,#8698,#8699,#8700,#8701,#8702,#8703,
#8704,#8705,#8706,#8707,#8708,#8709,#8710,#8711,#8712,#8713,#8714,#8715,
#8716,#8717,#8718,#8719,#8720,#8721,#8722,#8723,#8724,#8725,#8726,#8727,
#8728,#8729,#8730,#8731,#8732,#8733,#8734,#8735,#8736,#8737,#8738,#8739,
#8740,#8741,#8742,#8743,#8744,#8745,#8746,#8747,#8748,#8749,#8750,#8751,
#8752,#8753,#8754,#8755,#8756,#8757,#8758,#8759,#8760,#8761,#8762,#8763,
#8764,#8765,#8766,#8767,#8768,#8769,#8770),.UNSPECIFIED.,.F.,.F.,(4,3,3,
3,3,3,3,3,3,3,3,3,3,3,3,3,3,3,3,3,3,3,3,3,3,3,3,3,4),(8.10026413451497E-7,
0.0313117649897756,0.0416389582557435,0.0726267090118155,0.104513331285085,
0.125,0.166677136624665,0.211324340988178,0.25,0.291678551707775,0.335811733806154,
0.375,0.416675711382902,0.461988742521741,0.5,0.541675937812851,0.585983112527552,
0.625,0.666679011739078,0.710682039632856,0.75,0.787583230972149,0.791667666864852,
0.829051108776564,0.866220784346213,0.875,0.894352459674398,0.913558549948612,
0.916692238651457),.UNSPECIFIED.);
#223=B_SPLINE_CURVE_WITH_KNOTS('',3,(#8809,#8810,#8811,#8812,#8813,#8814,
#8815,#8816,#8817,#8818,#8819,#8820,#8821,#8822,#8823,#8824,#8825,#8826),
 .UNSPECIFIED.,.F.,.F.,(4,2,2,2,2,2,2,2,4),(0.,0.125,0.25,0.375,0.5,0.625,
0.75,0.875,1.),.UNSPECIFIED.);
#224=B_SPLINE_CURVE_WITH_KNOTS('',3,(#8829,#8830,#8831,#8832,#8833,#8834,
#8835,#8836,#8837,#8838,#8839,#8840,#8841),.UNSPECIFIED.,.F.,.F.,(4,3,3,
3,4),(0.916692652588618,0.938706488392708,0.960970535554638,0.98327822967938,
0.999998802923119),.UNSPECIFIED.);
#225=B_SPLINE_CURVE_WITH_KNOTS('',3,(#8881,#8882,#8883,#8884,#8885,#8886,
#8887,#8888,#8889,#8890,#8891,#8892,#8893,#8894,#8895,#8896,#8897,#8898),
 .UNSPECIFIED.,.F.,.F.,(4,2,2,2,2,2,2,2,4),(0.,0.125,0.25,0.375,0.5,0.625,
0.75,0.875,1.),.UNSPECIFIED.);
#226=B_SPLINE_CURVE_WITH_KNOTS('',3,(#8902,#8903,#8904,#8905,#8906,#8907,
#8908,#8909,#8910,#8911,#8912,#8913,#8914),.UNSPECIFIED.,.F.,.F.,(4,3,3,
3,4),(0.916692024763708,0.938719246241698,0.960995468526824,0.983312325945638,
0.999998801879373),.UNSPECIFIED.);
#227=B_SPLINE_CURVE_WITH_KNOTS('',3,(#8915,#8916,#8917,#8918,#8919,#8920,
#8921,#8922,#8923,#8924,#8925,#8926,#8927,#8928,#8929,#8930,#8931,#8932,
#8933,#8934,#8935,#8936,#8937,#8938,#8939,#8940,#8941,#8942,#8943,#8944,
#8945,#8946,#8947,#8948,#8949,#8950,#8951,#8952,#8953,#8954,#8955,#8956,
#8957,#8958,#8959,#8960,#8961,#8962,#8963,#8964,#8965,#8966,#8967,#8968,
#8969,#8970,#8971,#8972,#8973,#8974,#8975,#8976,#8977,#8978,#8979,#8980,
#8981,#8982,#8983,#8984,#8985,#8986,#8987,#8988,#8989,#8990,#8991,#8992,
#8993,#8994,#8995,#8996,#8997,#8998,#8999),.UNSPECIFIED.,.F.,.F.,(4,3,3,
3,3,3,3,3,3,3,3,3,3,3,3,3,3,3,3,3,3,3,3,3,3,3,3,3,4),(8.07495115979196E-7,
0.0312142694232033,0.041639064006845,0.0725335739949617,0.104308673175026,
0.125,0.166675946858088,0.210968881058366,0.25,0.291679005106814,0.335671206362219,
0.375,0.416676361947902,0.461958529283143,0.5,0.541674917343713,0.585205484701849,
0.625,0.666679591161023,0.710141380870895,0.75,0.787410879476973,0.791668569230077,
0.828879063060737,0.865888086357937,0.875,0.894361854360699,0.913576817706127,
0.916692024763708),.UNSPECIFIED.);
#228=B_SPLINE_CURVE_WITH_KNOTS('',3,(#9038,#9039,#9040,#9041,#9042,#9043,
#9044,#9045,#9046,#9047,#9048,#9049,#9050,#9051,#9052,#9053,#9054,#9055),
 .UNSPECIFIED.,.F.,.F.,(4,2,2,2,2,2,2,2,4),(0.,0.125,0.25,0.375,0.5,0.625,
0.75,0.875,1.),.UNSPECIFIED.);
#229=B_SPLINE_CURVE_WITH_KNOTS('',3,(#9058,#9059,#9060,#9061,#9062,#9063,
#9064,#9065,#9066,#9067,#9068,#9069,#9070),.UNSPECIFIED.,.F.,.F.,(4,3,3,
3,4),(0.916693106467594,0.938704479782557,0.960967488248752,0.983274994003157,
0.999998799303576),.UNSPECIFIED.);
#230=B_SPLINE_CURVE_WITH_KNOTS('',3,(#9110,#9111,#9112,#9113,#9114,#9115,
#9116,#9117,#9118,#9119,#9120,#9121,#9122,#9123,#9124,#9125,#9126,#9127),
 .UNSPECIFIED.,.F.,.F.,(4,2,2,2,2,2,2,2,4),(0.,0.125,0.25,0.375,0.5,0.625,
0.75,0.875,1.),.UNSPECIFIED.);
#231=B_SPLINE_CURVE_WITH_KNOTS('',3,(#9131,#9132,#9133,#9134,#9135,#9136,
#9137,#9138,#9139,#9140,#9141,#9142,#9143),.UNSPECIFIED.,.F.,.F.,(4,3,3,
3,4),(0.916691920682888,0.938719030174874,0.960994511558382,0.983310884325573,
0.999998804563268),.UNSPECIFIED.);
#232=B_SPLINE_CURVE_WITH_KNOTS('',3,(#9144,#9145,#9146,#9147,#9148,#9149,
#9150,#9151,#9152,#9153,#9154,#9155,#9156,#9157,#9158,#9159,#9160,#9161,
#9162,#9163,#9164,#9165,#9166,#9167,#9168,#9169,#9170,#9171,#9172,#9173,
#9174,#9175,#9176,#9177,#9178,#9179,#9180,#9181,#9182,#9183,#9184,#9185,
#9186,#9187,#9188,#9189,#9190,#9191,#9192,#9193,#9194,#9195,#9196,#9197,
#9198,#9199,#9200,#9201,#9202,#9203,#9204,#9205,#9206,#9207,#9208,#9209,
#9210,#9211,#9212,#9213,#9214,#9215,#9216,#9217,#9218,#9219,#9220,#9221,
#9222,#9223,#9224,#9225,#9226,#9227,#9228),.UNSPECIFIED.,.F.,.F.,(4,3,3,
3,3,3,3,3,3,3,3,3,3,3,3,3,3,3,3,3,3,3,3,3,3,3,3,3,4),(8.04215036015119E-7,
0.0311754978935305,0.0416392874043317,0.0724969133773473,0.104227720814568,
0.125,0.166674926383881,0.210192702320665,0.25,0.291679584574916,0.33513128104666,
0.375,0.416677199488424,0.461447722905084,0.5,0.541674989248738,0.586062820193026,
0.625,0.666678493202397,0.711234000164209,0.75,0.787046607519591,0.791669640256545,
0.82851621502036,0.865177778017573,0.875,0.894372172276557,0.913596518810949,
0.916691920682888),.UNSPECIFIED.);
#233=B_SPLINE_CURVE_WITH_KNOTS('',3,(#9267,#9268,#9269,#9270,#9271,#9272,
#9273,#9274,#9275,#9276,#9277,#9278,#9279,#9280,#9281,#9282,#9283,#9284),
 .UNSPECIFIED.,.F.,.F.,(4,2,2,2,2,2,2,2,4),(0.,0.125,0.25,0.375,0.5,0.625,
0.75,0.875,1.),.UNSPECIFIED.);
#234=B_SPLINE_CURVE_WITH_KNOTS('',3,(#9287,#9288,#9289,#9290,#9291,#9292,
#9293,#9294,#9295,#9296,#9297,#9298,#9299),.UNSPECIFIED.,.F.,.F.,(4,3,3,
3,4),(0.916693621254665,0.938701014459639,0.960961801081828,0.98326804728562,
0.999998794499102),.UNSPECIFIED.);
#235=B_SPLINE_CURVE_WITH_KNOTS('',3,(#9339,#9340,#9341,#9342,#9343,#9344,
#9345,#9346,#9347,#9348,#9349,#9350,#9351,#9352,#9353,#9354,#9355,#9356),
 .UNSPECIFIED.,.F.,.F.,(4,2,2,2,2,2,2,2,4),(0.,0.125,0.25,0.375,0.5,0.625,
0.75,0.875,1.),.UNSPECIFIED.);
#236=B_SPLINE_CURVE_WITH_KNOTS('',3,(#9360,#9361,#9362,#9363,#9364,#9365,
#9366,#9367,#9368,#9369,#9370,#9371,#9372),.UNSPECIFIED.,.F.,.F.,(4,3,3,
3,4),(0.91669192786449,0.938717536633288,0.960991340496335,0.983306503739289,
0.999998806046149),.UNSPECIFIED.);
#237=B_SPLINE_CURVE_WITH_KNOTS('',3,(#9373,#9374,#9375,#9376,#9377,#9378,
#9379,#9380,#9381,#9382,#9383,#9384,#9385,#9386,#9387,#9388,#9389,#9390,
#9391,#9392,#9393,#9394,#9395,#9396,#9397,#9398,#9399,#9400,#9401,#9402,
#9403,#9404,#9405,#9406,#9407,#9408,#9409,#9410,#9411,#9412,#9413,#9414,
#9415,#9416,#9417,#9418,#9419,#9420,#9421,#9422,#9423,#9424,#9425,#9426,
#9427,#9428,#9429,#9430,#9431,#9432,#9433,#9434,#9435,#9436,#9437,#9438,
#9439,#9440,#9441,#9442,#9443,#9444,#9445,#9446,#9447,#9448,#9449,#9450,
#9451,#9452,#9453,#9454,#9455,#9456,#9457),.UNSPECIFIED.,.F.,.F.,(4,3,3,
3,3,3,3,3,3,3,3,3,3,3,3,3,3,3,3,3,3,3,3,3,3,3,3,3,4),(8.00177775627411E-7,
0.0311977582339615,0.0416396420719471,0.0725190604609224,0.104274941879608,
0.125,0.166674998299951,0.211048682141696,0.25,0.291678486644882,0.336222609551765,
0.375,0.416678224409566,0.460532011754834,0.5,0.541675247968926,0.5865336213318,
0.625,0.666677134260595,0.711351286250127,0.75,0.787041103907203,0.79166975075297,
0.828504533799206,0.865188819697266,0.875,0.894365102354352,0.913583715852499,
0.91669192786449),.UNSPECIFIED.);
#238=B_SPLINE_CURVE_WITH_KNOTS('',3,(#9496,#9497,#9498,#9499,#9500,#9501,
#9502,#9503,#9504,#9505,#9506,#9507,#9508,#9509,#9510,#9511,#9512,#9513),
 .UNSPECIFIED.,.F.,.F.,(4,2,2,2,2,2,2,2,4),(0.,0.125,0.25,0.375,0.5,0.625,
0.75,0.875,1.),.UNSPECIFIED.);
#239=B_SPLINE_CURVE_WITH_KNOTS('',3,(#9516,#9517,#9518,#9519,#9520,#9521,
#9522,#9523,#9524,#9525,#9526,#9527,#9528),.UNSPECIFIED.,.F.,.F.,(4,3,3,
3,4),(0.916694199224265,0.938696205419756,0.960953692652344,0.983257687977139,
0.999998788476437),.UNSPECIFIED.);
#240=B_SPLINE_CURVE_WITH_KNOTS('',3,(#9568,#9569,#9570,#9571,#9572,#9573,
#9574,#9575,#9576,#9577,#9578,#9579,#9580,#9581,#9582,#9583,#9584,#9585),
 .UNSPECIFIED.,.F.,.F.,(4,2,2,2,2,2,2,2,4),(0.,0.125,0.25,0.375,0.5,0.625,
0.75,0.875,1.),.UNSPECIFIED.);
#241=B_SPLINE_CURVE_WITH_KNOTS('',3,(#9589,#9590,#9591,#9592,#9593,#9594,
#9595,#9596,#9597,#9598,#9599,#9600,#9601),.UNSPECIFIED.,.F.,.F.,(4,3,3,
3,4),(0.916692050364066,0.938714874815908,0.960986149610444,0.983299421411123,
0.999998806292477),.UNSPECIFIED.);
#242=B_SPLINE_CURVE_WITH_KNOTS('',3,(#9602,#9603,#9604,#9605,#9606,#9607,
#9608,#9609,#9610,#9611,#9612,#9613,#9614,#9615,#9616,#9617,#9618,#9619,
#9620,#9621,#9622,#9623,#9624,#9625,#9626,#9627,#9628,#9629,#9630,#9631,
#9632,#9633,#9634,#9635,#9636,#9637,#9638,#9639,#9640,#9641,#9642,#9643,
#9644,#9645,#9646,#9647,#9648,#9649,#9650,#9651,#9652,#9653,#9654,#9655,
#9656,#9657,#9658,#9659,#9660,#9661,#9662,#9663,#9664,#9665,#9666,#9667,
#9668,#9669,#9670,#9671,#9672,#9673,#9674,#9675,#9676,#9677,#9678,#9679,
#9680,#9681,#9682,#9683,#9684,#9685,#9686),.UNSPECIFIED.,.F.,.F.,(4,3,3,
3,3,3,3,3,3,3,3,3,3,3,3,3,3,3,3,3,3,3,3,3,3,3,3,3,4),(7.95361455505192E-7,
0.0312825380354967,0.0416401309148239,0.0726014698630289,0.104453480039615,
0.125,0.166675257045813,0.21151864822047,0.25,0.291677127555666,0.33633945503026,
0.375,0.416678551707777,0.460811733815774,0.5,0.541675711382888,0.586988742520317,
0.625,0.666675944679628,0.71099478629563,0.75,0.786851731695496,0.791669972078409,
0.828310495982785,0.8648363574865,0.875,0.894359375795046,0.913573153840494,
0.916692050364066),.UNSPECIFIED.);
#243=B_SPLINE_CURVE_WITH_KNOTS('',3,(#9725,#9726,#9727,#9728,#9729,#9730,
#9731,#9732,#9733,#9734,#9735,#9736,#9737,#9738,#9739,#9740,#9741,#9742),
 .UNSPECIFIED.,.F.,.F.,(4,2,2,2,2,2,2,2,4),(0.,0.125,0.25,0.375,0.5,0.625,
0.75,0.875,1.),.UNSPECIFIED.);
#244=B_SPLINE_CURVE_WITH_KNOTS('',3,(#9745,#9746,#9747,#9748,#9749,#9750,
#9751,#9752,#9753,#9754,#9755,#9756,#9757),.UNSPECIFIED.,.F.,.F.,(4,3,3,
3,4),(0.916693546284949,0.9387129543373,0.960986330748057,0.983301126040697,
0.999998781264842),.UNSPECIFIED.);
#245=B_SPLINE_CURVE_WITH_KNOTS('',3,(#9797,#9798,#9799,#9800,#9801,#9802,
#9803,#9804,#9805,#9806,#9807,#9808,#9809,#9810,#9811,#9812,#9813,#9814),
 .UNSPECIFIED.,.F.,.F.,(4,2,2,2,2,2,2,2,4),(0.,0.125,0.25,0.375,0.5,0.625,
0.75,0.875,1.),.UNSPECIFIED.);
#246=B_SPLINE_CURVE_WITH_KNOTS('',3,(#9818,#9819,#9820,#9821,#9822,#9823,
#9824,#9825,#9826,#9827,#9828,#9829,#9830),.UNSPECIFIED.,.F.,.F.,(4,3,3,
3,4),(0.916692291446255,0.938711176390569,0.960979185694372,0.983289959752838,
0.999998805256443),.UNSPECIFIED.);
#247=B_SPLINE_CURVE_WITH_KNOTS('',3,(#9831,#9832,#9833,#9834,#9835,#9836,
#9837,#9838,#9839,#9840,#9841,#9842,#9843,#9844,#9845,#9846,#9847,#9848,
#9849,#9850,#9851,#9852,#9853,#9854,#9855,#9856,#9857,#9858,#9859,#9860,
#9861,#9862,#9863,#9864,#9865,#9866,#9867,#9868,#9869,#9870,#9871,#9872,
#9873,#9874,#9875,#9876,#9877,#9878,#9879,#9880,#9881,#9882,#9883,#9884,
#9885,#9886,#9887,#9888,#9889,#9890,#9891,#9892,#9893,#9894,#9895,#9896,
#9897,#9898,#9899,#9900,#9901,#9902,#9903,#9904,#9905,#9906,#9907,#9908,
#9909,#9910,#9911,#9912,#9913,#9914,#9915),.UNSPECIFIED.,.F.,.F.,(4,3,3,
3,3,3,3,3,3,3,3,3,3,3,3,3,3,3,3,3,3,3,3,3,3,3,3,3,4),(7.99716238515541E-7,
0.0311114169805728,0.0416398834914223,0.0724353674760711,0.104093907402169,
0.125,0.166675720567536,0.211972793963005,0.25,0.291675937812839,0.335983112535235,
0.375,0.416679005106819,0.460671206360153,0.5,0.541676361947906,0.58695852928653,
0.625,0.666674924388297,0.710216473336851,0.75,0.786491457448011,0.791670302419681,
0.827947334154421,0.8641442394207,0.875,0.89435495707629,0.913564786531285,
0.916692291446255),.UNSPECIFIED.);
#248=B_SPLINE_CURVE_WITH_KNOTS('',3,(#9954,#9955,#9956,#9957,#9958,#9959,
#9960,#9961,#9962,#9963,#9964,#9965,#9966,#9967,#9968,#9969,#9970,#9971),
 .UNSPECIFIED.,.F.,.F.,(4,2,2,2,2,2,2,2,4),(0.,0.125,0.25,0.375,0.5,0.625,
0.75,0.875,1.),.UNSPECIFIED.);
#249=B_SPLINE_CURVE_WITH_KNOTS('',3,(#9974,#9975,#9976,#9977,#9978,#9979,
#9980,#9981,#9982,#9983,#9984,#9985,#9986),.UNSPECIFIED.,.F.,.F.,(4,3,3,
3,4),(0.916692999615745,0.938716460719428,0.960992065503065,0.983308587732205,
0.999998788068489),.UNSPECIFIED.);
#250=B_SPLINE_CURVE_WITH_KNOTS('',3,(#10026,#10027,#10028,#10029,#10030,
#10031,#10032,#10033,#10034,#10035,#10036,#10037,#10038,#10039,#10040,#10041,
#10042,#10043),.UNSPECIFIED.,.F.,.F.,(4,2,2,2,2,2,2,2,4),(0.,0.125,0.25,
0.375,0.5,0.625,0.75,0.875,1.),.UNSPECIFIED.);
#251=B_SPLINE_CURVE_WITH_KNOTS('',3,(#10047,#10048,#10049,#10050,#10051,
#10052),.UNSPECIFIED.,.F.,.F.,(4,2,4),(0.,0.0694851064144655,0.144542965028283),
 .UNSPECIFIED.);
#252=B_SPLINE_CURVE_WITH_KNOTS('',3,(#10053,#10054,#10055,#10056,#10057,
#10058,#10059,#10060,#10061,#10062,#10063,#10064,#10065,#10066,#10067,#10068,
#10069,#10070,#10071,#10072,#10073,#10074,#10075,#10076,#10077,#10078,#10079,
#10080,#10081,#10082,#10083,#10084,#10085,#10086,#10087,#10088,#10089,#10090,
#10091,#10092,#10093,#10094,#10095,#10096,#10097,#10098,#10099,#10100,#10101,
#10102,#10103,#10104,#10105,#10106,#10107,#10108,#10109,#10110,#10111,#10112,
#10113,#10114,#10115,#10116,#10117,#10118,#10119,#10120,#10121,#10122,#10123,
#10124,#10125,#10126,#10127,#10128,#10129,#10130,#10131,#10132,#10133,#10134,
#10135,#10136,#10137),.UNSPECIFIED.,.F.,.F.,(4,3,3,3,3,3,3,3,3,3,3,3,3,
3,3,3,3,3,3,3,3,3,3,3,3,3,3,3,4),(8.03408387181969E-7,0.0310051717123687,
0.0416397258617802,0.0723316738540749,0.103870924231138,0.125,0.166676371253628,
0.211942429034783,0.25,0.29167491734371,0.335205484696912,0.375,0.416679584574924,
0.460131281040906,0.5,0.54167719948843,0.586447722906036,0.625,0.66667499649389,
0.711075256188589,0.75,0.786810652374857,0.791668937237999,0.828271601745001,
0.864744768385122,0.875,0.894352483220953,0.913559934572592,0.916690924890409),
 .UNSPECIFIED.);
#253=B_SPLINE_CURVE_WITH_KNOTS('',3,(#10175,#10176,#10177,#10178,#10179,
#10180,#10181,#10182,#10183,#10184,#10185,#10186,#10187,#10188,#10189,#10190,
#10191,#10192,#10193,#10194,#10195,#10196,#10197,#10198,#10199,#10200,#10201,
#10202,#10203,#10204,#10205,#10206,#10207,#10208,#10209,#10210,#10211,#10212,
#10213,#10214,#10215,#10216,#10217,#10218,#10219,#10220,#10221,#10222,#10223,
#10224,#10225,#10226,#10227,#10228,#10229,#10230,#10231,#10232,#10233,#10234,
#10235,#10236,#10237,#10238,#10239,#10240,#10241,#10242,#10243,#10244,#10245,
#10246,#10247,#10248,#10249,#10250,#10251,#10252,#10253,#10254,#10255,#10256,
#10257,#10258,#10259,#10260,#10261,#10262,#10263,#10264,#10265,#10266,#10267,
#10268,#10269,#10270,#10271,#10272,#10273,#10274,#10275,#10276,#10277,#10278,
#10279,#10280,#10281,#10282,#10283,#10284,#10285,#10286,#10287,#10288,#10289,
#10290,#10291,#10292,#10293,#10294,#10295,#10296,#10297,#10298,#10299,#10300,
#10301,#10302,#10303,#10304,#10305,#10306,#10307,#10308,#10309,#10310,#10311,
#10312,#10313,#10314,#10315,#10316,#10317,#10318,#10319),.UNSPECIFIED.,
 .F.,.F.,(4,3,3,3,3,3,3,3,3,3,3,3,3,3,3,3,3,3,3,3,3,3,3,3,3,3,3,3,3,3,3,
3,3,3,3,3,3,3,3,3,3,3,3,3,3,3,3,3,4),(0.,0.000221306246535737,0.000446267090788256,
0.000581808197146255,0.000787798679814701,0.000995194343784964,0.00116361639429251,
0.00138349415941069,0.00160109311410067,0.00174542459143877,0.00210963932796447,
0.00224698021542158,0.00232723278858502,0.00260223444223999,0.00288521802391396,
0.00317181066296844,0.00346059078971674,0.00349084918287753,0.00369529308567348,
0.00389883249920215,0.00407265738002379,0.00429015754190871,0.00443889744350902,
0.00465446557717004,0.00484108469040677,0.00503867923236154,0.0052362737743163,
0.0054455109905398,0.00565329843340477,0.00581808197146255,0.00609109323957682,
0.00636097053889964,0.00639989016860881,0.00656947805746742,0.00689185895265517,
0.00698169836575507,0.00718390666725835,0.00738888991786026,0.00756350656290132,
0.00775631447969015,0.00795081461986886,0.00814531476004758,0.00835438481274058,
0.00855897681899001,0.00863834009692905,0.00872712295719383,0.00897888190050534,
0.00923729937114583,0.00930893115434009),.UNSPECIFIED.);
#254=B_SPLINE_CURVE_WITH_KNOTS('',3,(#10320,#10321,#10322,#10323,#10324,
#10325,#10326,#10327,#10328,#10329),.UNSPECIFIED.,.F.,.F.,(4,2,2,2,4),(0.541667923405386,
0.625,0.75,0.875,1.),.UNSPECIFIED.);
#255=B_SPLINE_CURVE_WITH_KNOTS('',3,(#10332,#10333,#10334,#10335,#10336,
#10337,#10338,#10339,#10340,#10341,#10342,#10343,#10344),.UNSPECIFIED.,
 .F.,.F.,(4,3,3,3,4),(0.916692562609273,0.938718280354262,0.960994705407706,
0.983311766205812,0.999998793793278),.UNSPECIFIED.);
#256=B_SPLINE_CURVE_WITH_KNOTS('',3,(#10401,#10402,#10403,#10404,#10405,
#10406,#10407,#10408,#10409,#10410,#10411,#10412,#10413,#10414,#10415,#10416,
#10417,#10418,#10419,#10420,#10421,#10422,#10423,#10424,#10425,#10426,#10427,
#10428,#10429,#10430,#10431,#10432,#10433,#10434,#10435,#10436,#10437,#10438,
#10439,#10440,#10441,#10442,#10443,#10444,#10445,#10446,#10447,#10448,#10449,
#10450,#10451,#10452,#10453,#10454,#10455,#10456,#10457,#10458,#10459,#10460,
#10461,#10462,#10463,#10464,#10465,#10466,#10467,#10468,#10469,#10470,#10471,
#10472,#10473,#10474,#10475,#10476,#10477,#10478,#10479,#10480,#10481,#10482,
#10483,#10484,#10485,#10486,#10487,#10488,#10489,#10490,#10491,#10492,#10493,
#10494,#10495,#10496,#10497,#10498,#10499,#10500,#10501,#10502,#10503,#10504,
#10505,#10506,#10507,#10508,#10509,#10510,#10511,#10512,#10513,#10514,#10515,
#10516,#10517,#10518,#10519,#10520,#10521,#10522,#10523,#10524,#10525,#10526,
#10527,#10528,#10529,#10530,#10531,#10532,#10533),.UNSPECIFIED.,.F.,.F.,
(4,3,3,3,3,3,3,3,3,3,3,3,3,3,3,3,3,3,3,3,3,3,3,3,3,3,3,3,3,3,3,3,3,3,3,
3,3,3,3,3,3,3,3,3,4),(0.,0.000197076790027429,0.000396940105019729,0.000580940226735029,
0.000773397827196507,0.000967639140333284,0.00116188045347006,0.00135672254592203,
0.0015725231422296,0.00174282068020509,0.00207661539826037,0.00232376090694012,
0.00254350878690961,0.00276187198989465,0.00290470113367514,0.00311760571452735,
0.00332845748624789,0.00344274430759343,0.00348564136041017,0.0036734606394865,
0.00387002111331585,0.0040665815871452,0.00427648762595134,0.00448680134007035,
0.00464752181388023,0.00496674261811786,0.00522846204061526,0.00547568454321274,
0.00558795714022117,0.00580940226735029,0.00601839332473777,0.00623139973772394,
0.00639034249408532,0.00658727790891096,0.00678395757472327,0.00697128272082035,
0.00719125596194695,0.00740926316184641,0.00755222294755537,0.00775527075627747,
0.00779380924087143,0.00799889895837366,0.0081331631742904,0.00873809972903743,
0.00929504362776046),.UNSPECIFIED.);
#257=B_SPLINE_CURVE_WITH_KNOTS('',3,(#10571,#10572,#10573,#10574,#10575,
#10576,#10577,#10578,#10579,#10580,#10581,#10582,#10583,#10584,#10585,#10586,
#10587,#10588,#10589,#10590,#10591,#10592,#10593,#10594,#10595,#10596,#10597,
#10598,#10599,#10600,#10601,#10602,#10603,#10604,#10605,#10606,#10607,#10608,
#10609,#10610,#10611,#10612,#10613,#10614,#10615,#10616,#10617,#10618,#10619,
#10620,#10621,#10622,#10623,#10624,#10625,#10626,#10627,#10628,#10629,#10630,
#10631,#10632,#10633,#10634,#10635,#10636,#10637,#10638,#10639,#10640,#10641,
#10642,#10643,#10644,#10645,#10646,#10647,#10648,#10649,#10650,#10651,#10652,
#10653,#10654,#10655,#10656,#10657,#10658,#10659,#10660,#10661,#10662,#10663,
#10664,#10665,#10666,#10667,#10668,#10669,#10670,#10671,#10672,#10673,#10674,
#10675,#10676,#10677,#10678,#10679,#10680,#10681,#10682,#10683,#10684,#10685,
#10686,#10687,#10688,#10689,#10690,#10691,#10692,#10693,#10694,#10695,#10696,
#10697,#10698,#10699,#10700,#10701,#10702,#10703,#10704,#10705,#10706,#10707,
#10708,#10709,#10710,#10711,#10712,#10713,#10714,#10715),.UNSPECIFIED.,
 .F.,.F.,(4,3,3,3,3,3,3,3,3,3,3,3,3,3,3,3,3,3,3,3,3,3,3,3,3,3,3,3,3,3,3,
3,3,3,3,3,3,3,3,3,3,3,3,3,3,3,3,3,4),(0.,0.000214417475671813,0.000433453059451677,
0.000652891738299931,0.00086959798609,0.000974461549443233,0.00119362508695281,
0.00135674168660685,0.00146169232416485,0.0016590994578772,0.0018588052245301,
0.00194892309888647,0.00215055383055116,0.00235470406245584,0.00243615387360808,
0.00262251742435514,0.00280764218847041,0.0029233846483297,0.0031336224157717,
0.00334187414261137,0.00341061542305132,0.00344295780360806,0.00362361467460061,
0.0038064572809128,0.00389784619777293,0.00410403565065159,0.00431310977475064,
0.00438507697249455,0.00457373928485707,0.00476176539937333,0.00487230774721617,
0.00508700302122847,0.00530061579396033,0.00535953852193778,0.00554882855554516,
0.00558851051896564,0.00577719210484401,0.0058467692966594,0.00605765545709037,
0.00627195445102506,0.00633400007138101,0.00653960528054505,0.0067452055981389,
0.00682123084610263,0.00704145575829123,0.0072622623528779,0.00748159775172288,
0.00769669149668549,0.00779569239554586),.UNSPECIFIED.);
#258=B_SPLINE_CURVE_WITH_KNOTS('',3,(#10752,#10753,#10754,#10755,#10756,
#10757,#10758,#10759,#10760,#10761,#10762,#10763,#10764,#10765,#10766,#10767,
#10768,#10769,#10770,#10771,#10772,#10773,#10774,#10775,#10776,#10777,#10778,
#10779,#10780,#10781,#10782,#10783,#10784,#10785,#10786,#10787,#10788,#10789,
#10790,#10791,#10792,#10793,#10794,#10795,#10796,#10797,#10798,#10799,#10800,
#10801,#10802,#10803,#10804,#10805,#10806,#10807,#10808,#10809,#10810,#10811,
#10812,#10813,#10814,#10815,#10816,#10817,#10818,#10819,#10820,#10821,#10822,
#10823,#10824,#10825,#10826,#10827,#10828,#10829,#10830,#10831,#10832,#10833,
#10834,#10835,#10836),.UNSPECIFIED.,.F.,.F.,(4,3,3,3,3,3,3,3,3,3,3,3,3,
3,3,3,3,3,3,3,3,3,3,3,3,3,3,3,4),(8.11329108141344E-7,0.0314701388666166,
0.0416389664100565,0.0727782946913882,0.10484661158718,0.125,0.166678495619148,
0.21120774671224,0.25,0.291678224409566,0.335532011747857,0.375,0.416675247968919,
0.461533621313224,0.5,0.541677127555659,0.58633945502699,0.625,0.666678558403347,
0.710822870319887,0.75,0.787550843772019,0.791666934136089,0.829019483140713,
0.866151266932678,0.875,0.894344914696301,0.913543546341423,0.916692562609273),
 .UNSPECIFIED.);
#259=B_SPLINE_CURVE_WITH_KNOTS('',3,(#10909,#10910,#10911,#10912,#10913,
#10914,#10915,#10916,#10917,#10918,#10919,#10920,#10921,#10922,#10923,#10924,
#10925,#10926,#10927,#10928,#10929,#10930,#10931,#10932,#10933,#10934,#10935,
#10936,#10937,#10938,#10939,#10940,#10941,#10942,#10943,#10944,#10945,#10946,
#10947,#10948,#10949,#10950,#10951,#10952,#10953,#10954,#10955,#10956,#10957,
#10958,#10959,#10960,#10961,#10962,#10963,#10964,#10965,#10966,#10967,#10968,
#10969,#10970,#10971,#10972,#10973,#10974,#10975,#10976,#10977,#10978,#10979,
#10980,#10981,#10982,#10983,#10984,#10985,#10986,#10987,#10988,#10989,#10990,
#10991,#10992,#10993),.UNSPECIFIED.,.F.,.F.,(4,3,3,3,3,3,3,3,3,3,3,3,3,
3,3,3,3,3,3,3,3,3,3,3,3,3,3,3,4),(8.11833013328231E-7,0.0316922439352514,
0.0416390830277123,0.0729909183551428,0.105315227810821,0.125,0.166679593471157,
0.210118231941244,0.25,0.291677199488429,0.336447722909253,0.375,0.416674989248742,
0.461062820192571,0.5,0.541678486644885,0.586222609558435,0.625,0.666678231185115,
0.710542957152162,0.75,0.787316741243475,0.791666371838215,0.828787074805628,
0.865685892013339,0.875,0.894338605918757,0.91353061777585,0.916692999615745),
 .UNSPECIFIED.);
#260=B_SPLINE_CURVE_WITH_KNOTS('',3,(#11066,#11067,#11068,#11069,#11070,
#11071,#11072,#11073,#11074,#11075,#11076,#11077,#11078,#11079,#11080,#11081,
#11082,#11083,#11084,#11085,#11086,#11087,#11088,#11089,#11090,#11091,#11092,
#11093,#11094,#11095,#11096,#11097,#11098,#11099,#11100,#11101,#11102,#11103,
#11104,#11105,#11106,#11107,#11108,#11109,#11110,#11111,#11112,#11113,#11114,
#11115,#11116,#11117,#11118,#11119,#11120,#11121,#11122,#11123,#11124,#11125,
#11126,#11127,#11128,#11129,#11130,#11131,#11132,#11133,#11134,#11135,#11136,
#11137,#11138,#11139,#11140,#11141,#11142,#11143,#11144,#11145,#11146,#11147,
#11148,#11149,#11150),.UNSPECIFIED.,.F.,.F.,(4,3,3,3,3,3,3,3,3,3,3,3,3,
3,3,3,3,3,3,3,3,3,3,3,3,3,3,3,4),(8.11499337201523E-7,0.0313815510709279,
0.0416391842392489,0.0726918428353257,0.104660629181115,0.125,0.166679014116728,
0.210657291426366,0.25,0.291676361947912,0.336958529270398,0.375,0.416674917343716,
0.460205484700554,0.5,0.541679584574917,0.585131281046076,0.625,0.666677206334233,
0.711459971277913,0.75,0.78707446987759,0.791666001039439,0.828552137326669,
0.865190264761256,0.875,0.894333326790978,0.913519685312513,0.916693546284949),
 .UNSPECIFIED.);
#261=B_SPLINE_CURVE_WITH_KNOTS('',3,(#11223,#11224,#11225,#11226,#11227,
#11228,#11229,#11230,#11231,#11232,#11233,#11234,#11235,#11236,#11237,#11238,
#11239,#11240,#11241,#11242,#11243,#11244,#11245,#11246,#11247,#11248,#11249,
#11250,#11251,#11252,#11253,#11254,#11255,#11256,#11257,#11258,#11259,#11260,
#11261,#11262,#11263,#11264,#11265,#11266,#11267,#11268,#11269,#11270,#11271,
#11272,#11273,#11274,#11275,#11276,#11277,#11278,#11279,#11280,#11281,#11282,
#11283,#11284,#11285,#11286,#11287,#11288,#11289,#11290,#11291,#11292,#11293,
#11294,#11295,#11296,#11297,#11298,#11299,#11300,#11301,#11302,#11303,#11304,
#11305,#11306,#11307),.UNSPECIFIED.,.F.,.F.,(4,3,3,3,3,3,3,3,3,3,3,3,3,
3,3,3,3,3,3,3,3,3,3,3,3,3,3,3,4),(8.10404614484019E-7,0.0311464936817025,
0.0416393909269748,0.0724652872608374,0.104166860915254,0.125,0.166678560846587,
0.21079756894834,0.25,0.291675711382893,0.33698874254365,0.375,0.416675937812838,
0.460983112537847,0.5,0.541679005106816,0.585671206379156,0.625,0.666676368877034,
0.711971641249876,0.75,0.786660796169834,0.791665803997102,0.828146092293831,
0.864360327189636,0.875,0.894329303572139,0.913510867443727,0.916694199224265),
 .UNSPECIFIED.);
#262=B_SPLINE_CURVE_WITH_KNOTS('',3,(#11380,#11381,#11382,#11383,#11384,
#11385,#11386,#11387,#11388,#11389,#11390,#11391,#11392,#11393,#11394,#11395,
#11396,#11397,#11398,#11399,#11400,#11401,#11402,#11403,#11404,#11405,#11406,
#11407,#11408,#11409,#11410,#11411,#11412,#11413,#11414,#11415,#11416,#11417,
#11418,#11419,#11420,#11421,#11422,#11423,#11424,#11425,#11426,#11427,#11428,
#11429,#11430,#11431,#11432,#11433,#11434,#11435,#11436,#11437,#11438,#11439,
#11440,#11441,#11442,#11443,#11444,#11445,#11446,#11447,#11448,#11449,#11450,
#11451,#11452,#11453,#11454,#11455,#11456,#11457,#11458,#11459,#11460,#11461,
#11462,#11463,#11464),.UNSPECIFIED.,.F.,.F.,(4,3,3,3,3,3,3,3,3,3,3,3,3,
3,3,3,3,3,3,3,3,3,3,3,3,3,3,3,4),(8.08570742949597E-7,0.030977967867885,
0.0416396955896332,0.0723025925342408,0.103813832644933,0.125,0.166678233694279,
0.210518267031626,0.25,0.291675247968917,0.336533621324787,0.375,0.416677127555654,
0.461339455040903,0.5,0.54167855170778,0.585811733814737,0.625,0.666675718407183,
0.712002077385312,0.75,0.786898119025354,0.791666687676032,0.828374412634224,
0.864855642597321,0.875,0.894335251794737,0.913524060115298,0.916693621254665),
 .UNSPECIFIED.);
#263=B_SPLINE_CURVE_WITH_KNOTS('',3,(#11537,#11538,#11539,#11540,#11541,
#11542,#11543,#11544,#11545,#11546,#11547,#11548,#11549,#11550,#11551,#11552,
#11553,#11554,#11555,#11556,#11557,#11558,#11559,#11560,#11561,#11562,#11563,
#11564,#11565,#11566,#11567,#11568,#11569,#11570,#11571,#11572,#11573,#11574,
#11575,#11576,#11577,#11578,#11579,#11580,#11581,#11582,#11583,#11584,#11585,
#11586,#11587,#11588,#11589,#11590,#11591,#11592,#11593,#11594,#11595,#11596,
#11597,#11598,#11599,#11600,#11601,#11602,#11603,#11604,#11605,#11606,#11607,
#11608,#11609,#11610,#11611,#11612,#11613,#11614,#11615,#11616,#11617,#11618,
#11619,#11620,#11621),.UNSPECIFIED.,.F.,.F.,(4,3,3,3,3,3,3,3,3,3,3,3,3,
3,3,3,3,3,3,3,3,3,3,3,3,3,3,3,4),(8.06413675763344E-7,0.0309616343166298,
0.0416396612426307,0.0722883513181762,0.103779463705559,0.125,0.166677208927682,
0.211432316507891,0.25,0.291674989248751,0.336062820181863,0.375,0.416678486644883,
0.461222609558962,0.5,0.54167822440956,0.585532011750633,0.625,0.666675255098712,
0.711546495378106,0.75,0.786949201597989,0.791667731804551,0.828417155736897,
0.864986859028935,0.875,0.894342736024949,0.913539926548971,0.916693106467594),
 .UNSPECIFIED.);
#264=B_SPLINE_CURVE_WITH_KNOTS('',3,(#11694,#11695,#11696,#11697,#11698,
#11699,#11700,#11701,#11702,#11703,#11704,#11705,#11706,#11707,#11708,#11709,
#11710,#11711,#11712,#11713,#11714,#11715,#11716,#11717,#11718,#11719,#11720,
#11721,#11722,#11723,#11724,#11725,#11726,#11727,#11728,#11729,#11730,#11731,
#11732,#11733,#11734,#11735,#11736,#11737,#11738,#11739,#11740,#11741,#11742,
#11743,#11744,#11745,#11746,#11747,#11748,#11749,#11750,#11751,#11752,#11753,
#11754,#11755,#11756,#11757,#11758,#11759,#11760,#11761,#11762,#11763,#11764,
#11765,#11766,#11767,#11768,#11769,#11770,#11771,#11772,#11773,#11774,#11775,
#11776,#11777,#11778),.UNSPECIFIED.,.F.,.F.,(4,3,3,3,3,3,3,3,3,3,3,3,3,
3,3,3,3,3,3,3,3,3,3,3,3,3,3,3,4),(8.03408387319932E-7,0.0310051717151679,
0.0416397258617838,0.0723316738566662,0.103870924236647,0.125,0.16667637125364,
0.21194242903189,0.25,0.291674917343704,0.335205484700041,0.375,0.416679584574926,
0.460131281044413,0.5,0.541677199488421,0.586447722917113,0.625,0.666674996493886,
0.711075256187152,0.75,0.786810652377646,0.791668937237991,0.828271601747799,
0.864744768390647,0.875,0.894351747385152,0.913558436751553,0.916692652588618),
 .UNSPECIFIED.);
#265=B_SPLINE_CURVE_WITH_KNOTS('',3,(#11851,#11852,#11853,#11854,#11855,
#11856,#11857,#11858,#11859,#11860,#11861,#11862,#11863,#11864,#11865,#11866,
#11867,#11868,#11869,#11870,#11871,#11872,#11873,#11874,#11875,#11876,#11877,
#11878,#11879,#11880,#11881,#11882,#11883,#11884,#11885,#11886,#11887,#11888,
#11889,#11890,#11891,#11892,#11893,#11894,#11895,#11896,#11897,#11898,#11899,
#11900,#11901,#11902,#11903,#11904,#11905,#11906,#11907,#11908,#11909,#11910,
#11911,#11912,#11913,#11914,#11915,#11916,#11917,#11918,#11919,#11920,#11921,
#11922,#11923,#11924,#11925,#11926,#11927,#11928,#11929,#11930,#11931,#11932,
#11933,#11934,#11935),.UNSPECIFIED.,.F.,.F.,(4,3,3,3,3,3,3,3,3,3,3,3,3,
3,3,3,3,3,3,3,3,3,3,3,3,3,3,3,4),(7.99716238677003E-7,0.0311114169788289,
0.0416398834914278,0.0724353674744803,0.104093907398642,0.125,0.166675720567534,
0.211972793946703,0.25,0.291675937812859,0.33598311253346,0.375,0.416679005106809,
0.460671206381447,0.5,0.541676361947903,0.586958529306112,0.625,0.666674924388293,
0.710216473364722,0.75,0.786491457452309,0.791670302419679,0.827947334158785,
0.864144239429136,0.875,0.894354957077388,0.913564786533472,0.916692291446242),
 .UNSPECIFIED.);
#266=B_SPLINE_CURVE_WITH_KNOTS('',3,(#11973,#11974,#11975,#11976,#11977,
#11978,#11979,#11980,#11981,#11982,#11983,#11984,#11985,#11986,#11987,#11988,
#11989,#11990),.UNSPECIFIED.,.F.,.F.,(4,2,2,2,2,2,2,2,4),(0.,0.125,0.25,
0.375,0.5,0.625,0.75,0.875,1.),.UNSPECIFIED.);
#267=B_SPLINE_CURVE_WITH_KNOTS('',3,(#12027,#12028,#12029,#12030,#12031,
#12032,#12033,#12034,#12035,#12036,#12037,#12038,#12039),.UNSPECIFIED.,
 .F.,.F.,(4,3,3,3,4),(0.916692050364073,0.938714874814346,0.960986149607522,
0.983299421406549,0.999998806292477),.UNSPECIFIED.);
#268=B_SPLINE_CURVE_WITH_KNOTS('',3,(#12076,#12077,#12078,#12079,#12080,
#12081,#12082,#12083,#12084,#12085,#12086,#12087,#12088,#12089,#12090,#12091,
#12092,#12093),.UNSPECIFIED.,.F.,.F.,(4,2,2,2,2,2,2,2,4),(0.,0.125,0.25,
0.375,0.5,0.625,0.75,0.875,0.958378008857389),.UNSPECIFIED.);
#269=B_SPLINE_CURVE_WITH_KNOTS('',3,(#12267,#12268,#12269,#12270,#12271,
#12272,#12273,#12274,#12275,#12276),.UNSPECIFIED.,.F.,.F.,(4,2,2,2,4),(0.,
0.0209441498941526,0.0406426649717655,0.0603521745379947,0.0813080963833639),
 .UNSPECIFIED.);
#270=B_SPLINE_CURVE_WITH_KNOTS('',3,(#12279,#12280,#12281,#12282,#12283,
#12284,#12285,#12286,#12287,#12288),.UNSPECIFIED.,.F.,.F.,(4,2,2,2,4),(-0.0373641389282792,
-0.0277755102667948,-0.0187081841587178,-0.00961553925026353,0.),
 .UNSPECIFIED.);
#271=B_SPLINE_CURVE_WITH_KNOTS('',3,(#12292,#12293,#12294,#12295,#12296,
#12297,#12298,#12299,#12300,#12301),.UNSPECIFIED.,.F.,.F.,(4,2,2,2,4),(-0.0373641389283294,
-0.0277755102668303,-0.0187081841587253,-0.00961553925026531,0.),
 .UNSPECIFIED.);
#272=B_SPLINE_CURVE_WITH_KNOTS('',3,(#12320,#12321,#12322,#12323,#12324,
#12325,#12326,#12327,#12328,#12329),.UNSPECIFIED.,.F.,.F.,(4,2,2,2,4),(0.,
0.0209441498941517,0.0406426649717665,0.0603521745379987,0.0813080963833598),
 .UNSPECIFIED.);
#273=B_SPLINE_CURVE_WITH_KNOTS('',3,(#12332,#12333,#12334,#12335,#12336,
#12337,#12338,#12339,#12340,#12341),.UNSPECIFIED.,.F.,.F.,(4,2,2,2,4),(-0.0373641389282995,
-0.0277755102668001,-0.0187081841587102,-0.0096155392502608,0.),
 .UNSPECIFIED.);
#274=B_SPLINE_CURVE_WITH_KNOTS('',3,(#12345,#12346,#12347,#12348,#12349,
#12350,#12351,#12352,#12353,#12354),.UNSPECIFIED.,.F.,.F.,(4,2,2,2,4),(-0.0373641389282943,
-0.0277755102667966,-0.0187081841587094,-0.00961553925026055,0.),
 .UNSPECIFIED.);
#275=B_SPLINE_CURVE_WITH_KNOTS('',3,(#12369,#12370,#12371,#12372,#12373,
#12374,#12375,#12376,#12377,#12378),.UNSPECIFIED.,.F.,.F.,(4,2,2,2,4),(-0.0373641389282799,
-0.0277755102667943,-0.0187081841587151,-0.00961553925026346,0.),
 .UNSPECIFIED.);
#276=B_SPLINE_CURVE_WITH_KNOTS('',3,(#12381,#12382,#12383,#12384,#12385,
#12386,#12387,#12388,#12389,#12390),.UNSPECIFIED.,.F.,.F.,(4,2,2,2,4),(0.,
0.0209441498941533,0.0406426649717681,0.0603521745379952,0.0813080963833555),
 .UNSPECIFIED.);
#277=B_SPLINE_CURVE_WITH_KNOTS('',3,(#12395,#12396,#12397,#12398,#12399,
#12400,#12401,#12402,#12403,#12404),.UNSPECIFIED.,.F.,.F.,(4,2,2,2,4),(0.,
0.020944149894153,0.0406426649717696,0.0603521745379983,0.081308096383359),
 .UNSPECIFIED.);
#278=B_SPLINE_CURVE_WITH_KNOTS('',3,(#12408,#12409,#12410,#12411,#12412,
#12413,#12414,#12415,#12416,#12417),.UNSPECIFIED.,.F.,.F.,(4,2,2,2,4),(-0.0373641389283026,
-0.0277755102668041,-0.0187081841587145,-0.00961553925026175,0.),
 .UNSPECIFIED.);
#279=B_SPLINE_CURVE_WITH_KNOTS('',3,(#12516,#12517,#12518,#12519,#12520,
#12521,#12522,#12523,#12524,#12525),.UNSPECIFIED.,.F.,.F.,(4,2,2,2,4),(0.,
0.0209441498941557,0.0406426649717819,0.0603521745380248,0.0813080963833949),
 .UNSPECIFIED.);
#280=B_SPLINE_CURVE_WITH_KNOTS('',3,(#12526,#12527,#12528,#12529,#12530,
#12531,#12532,#12533,#12534,#12535),.UNSPECIFIED.,.F.,.F.,(4,2,2,2,4),(-0.0373641389283315,
-0.027775510266818,-0.0187081841587122,-0.00961553925026342,0.),
 .UNSPECIFIED.);
#281=B_SPLINE_CURVE_WITH_KNOTS('',3,(#12548,#12549,#12550,#12551,#12552,
#12553,#12554,#12555,#12556,#12557),.UNSPECIFIED.,.F.,.F.,(4,2,2,2,4),(-0.0373641389282721,
-0.0277755102667945,-0.0187081841587202,-0.00961553925026649,0.),
 .UNSPECIFIED.);
#282=B_SPLINE_CURVE_WITH_KNOTS('',3,(#12558,#12559,#12560,#12561,#12562,
#12563,#12564,#12565,#12566,#12567),.UNSPECIFIED.,.F.,.F.,(4,2,2,2,4),(0.,
0.0209441498941537,0.0406426649717704,0.0603521745380102,0.0813080963833841),
 .UNSPECIFIED.);
#283=B_SPLINE_CURVE_WITH_KNOTS('',3,(#12595,#12596,#12597,#12598,#12599,
#12600,#12601,#12602,#12603,#12604),.UNSPECIFIED.,.F.,.F.,(4,2,2,2,4),(0.,
0.0209441498941548,0.0406426649717735,0.0603521745380004,0.0813080963833618),
 .UNSPECIFIED.);
#284=B_SPLINE_CURVE_WITH_KNOTS('',3,(#12618,#12619,#12620,#12621,#12622,
#12623,#12624,#12625,#12626,#12627),.UNSPECIFIED.,.F.,.F.,(4,2,2,2,4),(0.,
0.0209441498941523,0.0406426649717702,0.0603521745380091,0.0813080963833726),
 .UNSPECIFIED.);
#285=B_SPLINE_CURVE_WITH_KNOTS('',3,(#12640,#12641,#12642,#12643,#12644,
#12645),.UNSPECIFIED.,.F.,.F.,(4,2,4),(-1.13297765124396,-1.06762309535556,
-1.00226853946716),.UNSPECIFIED.);
#286=B_SPLINE_CURVE_WITH_KNOTS('',3,(#12776,#12777,#12778,#12779,#12780,
#12781,#12782,#12783,#12784,#12785,#12786,#12787,#12788,#12789,#12790,#12791,
#12792,#12793,#12794,#12795,#12796,#12797,#12798,#12799,#12800,#12801,#12802,
#12803,#12804,#12805,#12806,#12807),.UNSPECIFIED.,.F.,.F.,(4,2,2,2,2,2,
2,2,2,2,2,2,2,2,2,4),(8.5467644697563,8.62273478182817,8.74329897879055,
8.86951551759909,8.99251620291993,9.11470200700523,9.24107836030188,9.36268076549789,
9.48888872926809,9.61365177549919,9.73415536443902,9.86034872638185,9.98371142704949,
10.1052444862928,10.2091059110262,10.3132590347995),.UNSPECIFIED.);
#287=B_SPLINE_CURVE_WITH_KNOTS('',3,(#12815,#12816,#12817,#12818,#12819,
#12820,#12821,#12822,#12823,#12824,#12825,#12826,#12827,#12828,#12829,#12830,
#12831,#12832,#12833,#12834,#12835,#12836,#12837,#12838,#12839,#12840,#12841,
#12842,#12843,#12844,#12845,#12846,#12847,#12848,#12849,#12850),
 .UNSPECIFIED.,.F.,.F.,(4,2,2,2,2,2,2,2,2,2,2,2,2,2,2,2,2,4),(1.00000006669765E-6,
0.101736145256974,0.200571628794977,0.324115482680561,0.450342976710084,
0.570907495893934,0.695857279127115,0.821610904261315,0.943374837393048,
1.06993138819227,1.19189183306659,1.31505579224924,1.44129674290148,1.56185146843256,
1.68640888988445,1.81351793721672,1.9349557283522,1.96792233139664),
 .UNSPECIFIED.);
#288=B_SPLINE_CURVE_WITH_KNOTS('',3,(#12855,#12856,#12857,#12858,#12859,
#12860,#12861,#12862,#12863,#12864,#12865,#12866,#12867,#12868,#12869,#12870,
#12871,#12872,#12873,#12874,#12875,#12876,#12877,#12878,#12879,#12880,#12881,
#12882,#12883,#12884,#12885,#12886,#12887,#12888,#12889,#12890),
 .UNSPECIFIED.,.F.,.F.,(4,2,2,2,2,2,2,2,2,2,2,2,2,2,2,2,2,4),(6.5449905755235,
6.63974866053386,6.76085235535222,6.88795280822158,7.01018913065852,7.13419194997772,
7.25970037126632,7.38055957366176,7.50674558228513,7.63082363149021,7.75161960558321,
7.8791863234217,8.00183269719411,8.12493072328828,8.25090267085483,8.37214888413035,
8.49834435462442,8.5467644697563),.UNSPECIFIED.);
#289=B_SPLINE_CURVE_WITH_KNOTS('',3,(#12891,#12892,#12893,#12894,#12895,
#12896,#12897,#12898,#12899,#12900,#12901,#12902,#12903,#12904,#12905,#12906,
#12907,#12908,#12909,#12910,#12911,#12912,#12913,#12914,#12915,#12916,#12917,
#12918,#12919,#12920,#12921,#12922,#12923,#12924,#12925,#12926),
 .UNSPECIFIED.,.F.,.F.,(4,2,2,2,2,2,2,2,2,2,2,2,2,2,2,2,2,4),(1.96792233139664,
2.06114167914194,2.18384302850928,2.30667951006338,2.43295966690371,2.55368368563071,
2.6779061749491,2.80413943048527,2.92522709885059,3.05101580541127,3.17478114995819,
3.29727475660122,3.42465684929927,3.54573801218903,3.66965250658551,3.79593332107703,
3.91669020686548,3.97088145729669),.UNSPECIFIED.);
#290=B_SPLINE_CURVE_WITH_KNOTS('',3,(#12931,#12932,#12933,#12934,#12935,
#12936,#12937,#12938,#12939,#12940,#12941,#12942,#12943,#12944,#12945,#12946,
#12947,#12948,#12949,#12950,#12951,#12952,#12953,#12954,#12955,#12956,#12957,
#12958,#12959,#12960,#12961,#12962,#12963,#12964,#12965,#12966),
 .UNSPECIFIED.,.F.,.F.,(4,2,2,2,2,2,2,2,2,2,2,2,2,2,2,2,2,4),(4.54403963170712,
4.66304925755148,4.78409737798857,4.90779212361692,5.03394533816262,5.15452682621708,
5.27917667524132,5.39964303738699,5.52580300135328,5.64905539299105,5.77066938178481,
5.89733087148067,6.01918118483194,6.1443160068213,6.26937809088402,6.38994026067638,
6.51609853374107,6.5449905755235),.UNSPECIFIED.);
#291=B_SPLINE_CURVE_WITH_KNOTS('',3,(#12967,#12968,#12969,#12970,#12971,
#12972,#12973,#12974,#12975,#12976,#12977,#12978,#12979,#12980,#12981,#12982,
#12983,#12984,#12985,#12986,#12987,#12988,#12989,#12990,#12991,#12992,#12993,
#12994,#12995,#12996,#12997,#12998,#12999,#13000,#13001,#13002),
 .UNSPECIFIED.,.F.,.F.,(4,2,2,2,2,2,2,2,2,2,2,2,2,2,2,2,2,4),(3.97088145729669,
4.04202417099825,4.16684581500623,4.2889427771516,4.41587376222997,4.53739519988483,
4.66089892561372,4.78717129629592,4.90775964359615,5.03266677288553,5.15874051102994,
5.28501425079058,5.40846724167529,5.53006125246953,5.65693604234786,5.77898361548266,
5.90395972884005,5.97368977214161),.UNSPECIFIED.);
#292=B_SPLINE_CURVE_WITH_KNOTS('',3,(#13007,#13008,#13009,#13010,#13011,
#13012,#13013,#13014,#13015,#13016,#13017,#13018,#13019,#13020,#13021,#13022,
#13023,#13024,#13025,#13026,#13027,#13028,#13029,#13030,#13031,#13032,#13033,
#13034,#13035,#13036,#13037,#13038,#13039,#13040,#13041,#13042,#13043,#13044),
 .UNSPECIFIED.,.F.,.F.,(4,2,2,2,2,2,2,2,2,2,2,2,2,2,2,2,2,2,4),(2.54224941893919,
2.55424210308137,2.6804661614238,2.80102460469925,2.92546850312115,3.05290321032123,
3.1742447457475,3.30032350647092,3.42320219085552,3.54594279485851,3.67221216557704,
3.79297809149179,3.91710334337461,4.04328815989067,4.16419042734572,4.28974843566296,
4.41362036919704,4.53589948665534,4.54403963170712),.UNSPECIFIED.);
#293=B_SPLINE_CURVE_WITH_KNOTS('',3,(#13045,#13046,#13047,#13048,#13049,
#13050,#13051,#13052,#13053,#13054,#13055,#13056,#13057,#13058,#13059,#13060,
#13061,#13062,#13063,#13064,#13065,#13066,#13067,#13068,#13069,#13070,#13071,
#13072,#13073,#13074,#13075,#13076,#13077,#13078,#13079,#13080),
 .UNSPECIFIED.,.F.,.F.,(4,2,2,2,2,2,2,2,2,2,2,2,2,2,2,2,2,4),(5.97368977214161,
6.02923623783593,6.14995985051387,6.27623827566809,6.40009763989519,6.52122517818843,
6.64854703608804,6.77098771244005,6.89487869236293,7.02060726663375,7.14164064469867,
7.26786005261137,7.39202556873891,7.51276901558299,7.63904020454017,7.76182053060809,
7.88461637195712,7.97652783649547),.UNSPECIFIED.);
#294=B_SPLINE_CURVE_WITH_KNOTS('',3,(#13089,#13090,#13091,#13092,#13093,
#13094,#13095,#13096,#13097,#13098,#13099,#13100),.UNSPECIFIED.,.F.,.F.,
(4,2,2,2,2,4),(1.00000006290856E-6,0.0982544930869174,0.200532895258498,
0.327827189835011,0.44885587664781,0.540545154415559),.UNSPECIFIED.);
#295=B_SPLINE_CURVE_WITH_KNOTS('',3,(#13104,#13105,#13106,#13107,#13108,
#13109,#13110,#13111,#13112,#13113),.UNSPECIFIED.,.F.,.F.,(4,2,2,2,4),(9.97835851849221,
9.99334642017547,10.1154122615805,10.215318676101,10.3194255113321),
 .UNSPECIFIED.);
#296=B_SPLINE_CURVE_WITH_KNOTS('',3,(#13116,#13117,#13118,#13119,#13120,
#13121,#13122,#13123,#13124,#13125,#13126,#13127,#13128,#13129,#13130,#13131,
#13132,#13133,#13134,#13135,#13136,#13137,#13138,#13139,#13140,#13141,#13142,
#13143,#13144,#13145,#13146,#13147),.UNSPECIFIED.,.F.,.F.,(4,2,2,2,2,2,
2,2,2,2,2,2,2,2,2,4),(-1.91784999570547,-1.73758228928521,-1.55934942801709,
-1.3604815112646,-1.18590392110448,-1.02379936047075,-0.940374819383009,
-0.787724811996537,-0.624145360870821,-0.489420570195196,-0.382144892749522,
-0.268082900081529,-0.211792413084629,-0.111124358955464,-0.0562545173965889,
0.),.UNSPECIFIED.);
#297=B_SPLINE_CURVE_WITH_KNOTS('',3,(#13173,#13174,#13175,#13176,#13177,
#13178,#13179,#13180,#13181,#13182,#13183,#13184,#13185,#13186,#13187,#13188,
#13189,#13190,#13191,#13192,#13193,#13194,#13195,#13196,#13197,#13198,#13199,
#13200,#13201,#13202,#13203,#13204,#13205,#13206,#13207,#13208),
 .UNSPECIFIED.,.F.,.F.,(4,2,2,2,2,2,2,2,2,2,2,2,2,2,2,2,2,4),(0.540545154415559,
0.572686062734904,0.698897380330666,0.819578134663192,0.944826478664144,
1.06962652723856,1.19164205822095,1.31848691561532,1.43996381936899,1.56338492874714,
1.6895889488856,1.81010930836458,1.93493251324549,2.06099037004356,2.18264467060612,
2.30907890474033,2.43118906383395,2.54224941893919),.UNSPECIFIED.);
#298=B_SPLINE_CURVE_WITH_KNOTS('',3,(#13209,#13210,#13211,#13212,#13213,
#13214,#13215,#13216,#13217,#13218,#13219,#13220,#13221,#13222,#13223,#13224,
#13225,#13226,#13227,#13228,#13229,#13230,#13231,#13232,#13233,#13234,#13235,
#13236,#13237,#13238,#13239,#13240,#13241,#13242,#13243,#13244),
 .UNSPECIFIED.,.F.,.F.,(4,2,2,2,2,2,2,2,2,2,2,2,2,2,2,2,2,4),(7.97652783649547,
8.01073984815042,8.13212138268242,8.25940696852835,8.38389853281174,8.50445127908462,
8.6306799135246,8.75377952199403,8.87581876204106,9.00230460461992,9.12400498497212,
9.2499226717014,9.37479950581994,9.49533542287686,9.62154695282613,9.7450200396468,
9.86644475443227,9.97835851849221),.UNSPECIFIED.);
#299=B_SPLINE_CURVE_WITH_KNOTS('',3,(#13615,#13616,#13617,#13618,#13619,
#13620,#13621,#13622,#13623,#13624,#13625,#13626,#13627,#13628,#13629,#13630,
#13631,#13632,#13633,#13634,#13635,#13636,#13637,#13638,#13639,#13640,#13641,
#13642,#13643,#13644,#13645,#13646,#13647,#13648),.UNSPECIFIED.,.F.,.F.,
(4,2,2,2,2,2,2,2,2,2,2,2,2,2,2,2,4),(-4.47584772753412,-4.19312045972952,
-3.89997892896001,-3.69324357532674,-3.19423385537034,-2.71559971518872,
-2.29085977780518,-2.11382796627598,-1.75598721190063,-1.57900494098465,
-1.22014634754582,-0.881094697467242,-0.710631745909091,-0.455221959848408,
-0.263868274326523,-0.111768656736185,0.),.UNSPECIFIED.);
#300=B_SPLINE_CURVE_WITH_KNOTS('',3,(#13849,#13850,#13851,#13852,#13853,
#13854),.UNSPECIFIED.,.F.,.F.,(4,2,4),(-1.25129584206696,-1.11345772780116,
-1.06306915761367),.UNSPECIFIED.);
#301=B_SPLINE_CURVE_WITH_KNOTS('',3,(#13856,#13857,#13858,#13859),
 .UNSPECIFIED.,.F.,.F.,(4,4),(0.996323551149499,1.06306915761367),
 .UNSPECIFIED.);
#302=B_SPLINE_CURVE_WITH_KNOTS('',3,(#13860,#13861,#13862,#13863,#13864,
#13865),.UNSPECIFIED.,.F.,.F.,(4,2,4),(0.996323551149498,1.11345772780116,
1.25129584206696),.UNSPECIFIED.);
#303=B_SPLINE_CURVE_WITH_KNOTS('',3,(#13868,#13869,#13870,#13871),
 .UNSPECIFIED.,.F.,.F.,(4,4),(1.54682434905069,1.61356995551486),
 .UNSPECIFIED.);
#304=B_SPLINE_CURVE_WITH_KNOTS('',3,(#13873,#13874,#13875,#13876,#13877,
#13878),.UNSPECIFIED.,.F.,.F.,(4,2,4),(-1.54682434905069,-1.4964357788632,
-1.3585976645974),.UNSPECIFIED.);
#305=B_SPLINE_CURVE_WITH_KNOTS('',3,(#13881,#13882,#13883,#13884,#13885,
#13886),.UNSPECIFIED.,.F.,.F.,(4,2,4),(0.996323551149498,1.11345772780116,
1.25129584206696),.UNSPECIFIED.);
#306=B_SPLINE_CURVE_WITH_KNOTS('',3,(#13922,#13923,#13924,#13925,#13926,
#13927),.UNSPECIFIED.,.F.,.F.,(4,2,4),(-1.25129584206696,-1.11345772780116,
-0.996323551149498),.UNSPECIFIED.);
#307=B_SPLINE_CURVE_WITH_KNOTS('',3,(#13934,#13935,#13936,#13937,#13938,
#13939),.UNSPECIFIED.,.F.,.F.,(4,2,4),(-1.61356995551486,-1.4964357788632,
-1.3585976645974),.UNSPECIFIED.);
#308=B_SPLINE_CURVE_WITH_KNOTS('',3,(#13944,#13945,#13946,#13947,#13948,
#13949),.UNSPECIFIED.,.F.,.F.,(4,2,4),(-1.25129584206696,-1.11345772780116,
-0.996323551149499),.UNSPECIFIED.);
#309=B_SPLINE_CURVE_WITH_KNOTS('',3,(#13951,#13952,#13953,#13954,#13955,
#13956),.UNSPECIFIED.,.F.,.F.,(4,2,4),(-1.25129584206696,-1.11345772780116,
-0.996323551149499),.UNSPECIFIED.);
#310=ITEM_DEFINED_TRANSFORMATION($,$,#5631,#5749);
#311=ITEM_DEFINED_TRANSFORMATION($,$,#5734,#5750);
#312=ITEM_DEFINED_TRANSFORMATION($,$,#5734,#5751);
#313=ITEM_DEFINED_TRANSFORMATION($,$,#5734,#5752);
#314=ITEM_DEFINED_TRANSFORMATION($,$,#5734,#5753);
#315=ITEM_DEFINED_TRANSFORMATION($,$,#5734,#5754);
#316=ITEM_DEFINED_TRANSFORMATION($,$,#5734,#5755);
#317=ITEM_DEFINED_TRANSFORMATION($,$,#5734,#5756);
#318=ITEM_DEFINED_TRANSFORMATION($,$,#5758,#5819);
#319=ITEM_DEFINED_TRANSFORMATION($,$,#5795,#5820);
#320=ITEM_DEFINED_TRANSFORMATION($,$,#5630,#5859);
#321=ITEM_DEFINED_TRANSFORMATION($,$,#5757,#5860);
#322=ITEM_DEFINED_TRANSFORMATION($,$,#5821,#5861);
#323=ITEM_DEFINED_TRANSFORMATION($,$,#5828,#5862);
#324=ITEM_DEFINED_TRANSFORMATION($,$,#5629,#5863);
#325=ITEM_DEFINED_TRANSFORMATION($,$,#5865,#5976);
#326=ITEM_DEFINED_TRANSFORMATION($,$,#5628,#5977);
#327=ITEM_DEFINED_TRANSFORMATION($,$,#5864,#5978);
#328=(
REPRESENTATION_RELATIONSHIP($,$,#14061,#14060)
REPRESENTATION_RELATIONSHIP_WITH_TRANSFORMATION(#310)
SHAPE_REPRESENTATION_RELATIONSHIP()
);
#329=(
REPRESENTATION_RELATIONSHIP($,$,#14062,#14060)
REPRESENTATION_RELATIONSHIP_WITH_TRANSFORMATION(#311)
SHAPE_REPRESENTATION_RELATIONSHIP()
);
#330=(
REPRESENTATION_RELATIONSHIP($,$,#14062,#14060)
REPRESENTATION_RELATIONSHIP_WITH_TRANSFORMATION(#312)
SHAPE_REPRESENTATION_RELATIONSHIP()
);
#331=(
REPRESENTATION_RELATIONSHIP($,$,#14062,#14060)
REPRESENTATION_RELATIONSHIP_WITH_TRANSFORMATION(#313)
SHAPE_REPRESENTATION_RELATIONSHIP()
);
#332=(
REPRESENTATION_RELATIONSHIP($,$,#14062,#14060)
REPRESENTATION_RELATIONSHIP_WITH_TRANSFORMATION(#314)
SHAPE_REPRESENTATION_RELATIONSHIP()
);
#333=(
REPRESENTATION_RELATIONSHIP($,$,#14062,#14060)
REPRESENTATION_RELATIONSHIP_WITH_TRANSFORMATION(#315)
SHAPE_REPRESENTATION_RELATIONSHIP()
);
#334=(
REPRESENTATION_RELATIONSHIP($,$,#14062,#14060)
REPRESENTATION_RELATIONSHIP_WITH_TRANSFORMATION(#316)
SHAPE_REPRESENTATION_RELATIONSHIP()
);
#335=(
REPRESENTATION_RELATIONSHIP($,$,#14062,#14060)
REPRESENTATION_RELATIONSHIP_WITH_TRANSFORMATION(#317)
SHAPE_REPRESENTATION_RELATIONSHIP()
);
#336=(
REPRESENTATION_RELATIONSHIP($,$,#14064,#14063)
REPRESENTATION_RELATIONSHIP_WITH_TRANSFORMATION(#318)
SHAPE_REPRESENTATION_RELATIONSHIP()
);
#337=(
REPRESENTATION_RELATIONSHIP($,$,#14065,#14063)
REPRESENTATION_RELATIONSHIP_WITH_TRANSFORMATION(#319)
SHAPE_REPRESENTATION_RELATIONSHIP()
);
#338=(
REPRESENTATION_RELATIONSHIP($,$,#14060,#14059)
REPRESENTATION_RELATIONSHIP_WITH_TRANSFORMATION(#320)
SHAPE_REPRESENTATION_RELATIONSHIP()
);
#339=(
REPRESENTATION_RELATIONSHIP($,$,#14063,#14059)
REPRESENTATION_RELATIONSHIP_WITH_TRANSFORMATION(#321)
SHAPE_REPRESENTATION_RELATIONSHIP()
);
#340=(
REPRESENTATION_RELATIONSHIP($,$,#14066,#14059)
REPRESENTATION_RELATIONSHIP_WITH_TRANSFORMATION(#322)
SHAPE_REPRESENTATION_RELATIONSHIP()
);
#341=(
REPRESENTATION_RELATIONSHIP($,$,#14067,#14059)
REPRESENTATION_RELATIONSHIP_WITH_TRANSFORMATION(#323)
SHAPE_REPRESENTATION_RELATIONSHIP()
);
#342=(
REPRESENTATION_RELATIONSHIP($,$,#14059,#14058)
REPRESENTATION_RELATIONSHIP_WITH_TRANSFORMATION(#324)
SHAPE_REPRESENTATION_RELATIONSHIP()
);
#343=(
REPRESENTATION_RELATIONSHIP($,$,#14069,#14068)
REPRESENTATION_RELATIONSHIP_WITH_TRANSFORMATION(#325)
SHAPE_REPRESENTATION_RELATIONSHIP()
);
#344=(
REPRESENTATION_RELATIONSHIP($,$,#14058,#14057)
REPRESENTATION_RELATIONSHIP_WITH_TRANSFORMATION(#326)
SHAPE_REPRESENTATION_RELATIONSHIP()
);
#345=(
REPRESENTATION_RELATIONSHIP($,$,#14068,#14057)
REPRESENTATION_RELATIONSHIP_WITH_TRANSFORMATION(#327)
SHAPE_REPRESENTATION_RELATIONSHIP()
);
#346=CONTEXT_DEPENDENT_SHAPE_REPRESENTATION(#328,#14032);
#347=CONTEXT_DEPENDENT_SHAPE_REPRESENTATION(#329,#14033);
#348=CONTEXT_DEPENDENT_SHAPE_REPRESENTATION(#330,#14034);
#349=CONTEXT_DEPENDENT_SHAPE_REPRESENTATION(#331,#14035);
#350=CONTEXT_DEPENDENT_SHAPE_REPRESENTATION(#332,#14036);
#351=CONTEXT_DEPENDENT_SHAPE_REPRESENTATION(#333,#14037);
#352=CONTEXT_DEPENDENT_SHAPE_REPRESENTATION(#334,#14038);
#353=CONTEXT_DEPENDENT_SHAPE_REPRESENTATION(#335,#14039);
#354=CONTEXT_DEPENDENT_SHAPE_REPRESENTATION(#336,#14043);
#355=CONTEXT_DEPENDENT_SHAPE_REPRESENTATION(#337,#14044);
#356=CONTEXT_DEPENDENT_SHAPE_REPRESENTATION(#338,#14047);
#357=CONTEXT_DEPENDENT_SHAPE_REPRESENTATION(#339,#14048);
#358=CONTEXT_DEPENDENT_SHAPE_REPRESENTATION(#340,#14049);
#359=CONTEXT_DEPENDENT_SHAPE_REPRESENTATION(#341,#14050);
#360=CONTEXT_DEPENDENT_SHAPE_REPRESENTATION(#342,#14051);
#361=CONTEXT_DEPENDENT_SHAPE_REPRESENTATION(#343,#14054);
#362=CONTEXT_DEPENDENT_SHAPE_REPRESENTATION(#344,#14055);
#363=CONTEXT_DEPENDENT_SHAPE_REPRESENTATION(#345,#14056);
#364=NEXT_ASSEMBLY_USAGE_OCCURRENCE('Body:1','Body:1','Body:1',#14074,#14075,
'Body:1');
#365=NEXT_ASSEMBLY_USAGE_OCCURRENCE('Pin:1','Pin:1','Pin:1',#14074,#14076,
'Pin:1');
#366=NEXT_ASSEMBLY_USAGE_OCCURRENCE('Pin:2','Pin:2','Pin:2',#14074,#14076,
'Pin:2');
#367=NEXT_ASSEMBLY_USAGE_OCCURRENCE('Pin:3','Pin:3','Pin:3',#14074,#14076,
'Pin:3');
#368=NEXT_ASSEMBLY_USAGE_OCCURRENCE('Pin:4','Pin:4','Pin:4',#14074,#14076,
'Pin:4');
#369=NEXT_ASSEMBLY_USAGE_OCCURRENCE('Pin:5','Pin:5','Pin:5',#14074,#14076,
'Pin:5');
#370=NEXT_ASSEMBLY_USAGE_OCCURRENCE('Pin:6','Pin:6','Pin:6',#14074,#14076,
'Pin:6');
#371=NEXT_ASSEMBLY_USAGE_OCCURRENCE('Pin:7','Pin:7','Pin:7',#14074,#14076,
'Pin:7');
#372=NEXT_ASSEMBLY_USAGE_OCCURRENCE('Spin:1','Spin:1','Spin:1',#14077,#14078,
'Spin:1');
#373=NEXT_ASSEMBLY_USAGE_OCCURRENCE('Base:1','Base:1','Base:1',#14077,#14079,
'Base:1');
#374=NEXT_ASSEMBLY_USAGE_OCCURRENCE('Pinheader:1','Pinheader:1',
'Pinheader:1',#14073,#14074,'Pinheader:1');
#375=NEXT_ASSEMBLY_USAGE_OCCURRENCE('SMA:1','SMA:1','SMA:1',#14073,#14077,
'SMA:1');
#376=NEXT_ASSEMBLY_USAGE_OCCURRENCE('PCB:1','PCB:1','PCB:1',#14073,#14080,
'PCB:1');
#377=NEXT_ASSEMBLY_USAGE_OCCURRENCE('RFbox:1','RFbox:1','RFbox:1',#14073,
#14081,'RFbox:1');
#378=NEXT_ASSEMBLY_USAGE_OCCURRENCE('E32-433T20DT (1) v1:1',
'E32-433T20DT (1) v1:1','E32-433T20DT (1) v1:1',#14072,#14073,
'E32-433T20DT (1) v1:1');
#379=NEXT_ASSEMBLY_USAGE_OCCURRENCE(
'Antenna - Lambdoid - LWC-GSM-RD-RA-SMA-PLUG-02 v1:2',
'Antenna - Lambdoid - LWC-GSM-RD-RA-SMA-PLUG-02 v1:2',
'Antenna - Lambdoid - LWC-GSM-RD-RA-SMA-PLUG-02 v1:2',#14082,#14083,
'Antenna - Lambdoid - LWC-GSM-RD-RA-SMA-PLUG-02 v1:2');
#380=NEXT_ASSEMBLY_USAGE_OCCURRENCE('E220_Module:1','E220_Module:1',
'E220_Module:1',#14071,#14072,'E220_Module:1');
#381=NEXT_ASSEMBLY_USAGE_OCCURRENCE('Antenna:1','Antenna:1','Antenna:1',
#14071,#14082,'Antenna:1');
#382=SHAPE_REPRESENTATION_RELATIONSHIP('SRR','None',#14061,#389);
#383=SHAPE_REPRESENTATION_RELATIONSHIP('SRR','None',#14062,#390);
#384=SHAPE_REPRESENTATION_RELATIONSHIP('SRR','None',#14064,#391);
#385=SHAPE_REPRESENTATION_RELATIONSHIP('SRR','None',#14065,#392);
#386=SHAPE_REPRESENTATION_RELATIONSHIP('SRR','None',#14066,#393);
#387=SHAPE_REPRESENTATION_RELATIONSHIP('SRR','None',#14067,#394);
#388=SHAPE_REPRESENTATION_RELATIONSHIP('SRR','None',#14069,#395);
#389=ADVANCED_BREP_SHAPE_REPRESENTATION('',(#396),#13999);
#390=ADVANCED_BREP_SHAPE_REPRESENTATION('',(#397),#14000);
#391=ADVANCED_BREP_SHAPE_REPRESENTATION('',(#398),#14002);
#392=ADVANCED_BREP_SHAPE_REPRESENTATION('',(#399,#400),#14003);
#393=ADVANCED_BREP_SHAPE_REPRESENTATION('',(#401),#14004);
#394=ADVANCED_BREP_SHAPE_REPRESENTATION('',(#402),#14005);
#395=ADVANCED_BREP_SHAPE_REPRESENTATION('',(#46),#14007);
#396=MANIFOLD_SOLID_BREP('Corpo1',#5540);
#397=MANIFOLD_SOLID_BREP('Corpo1',#5541);
#398=MANIFOLD_SOLID_BREP('Corpo1',#5542);
#399=MANIFOLD_SOLID_BREP('Corpo1',#5543);
#400=MANIFOLD_SOLID_BREP('Corpo2',#5544);
#401=MANIFOLD_SOLID_BREP('Corpo1',#5545);
#402=MANIFOLD_SOLID_BREP('Corpo1',#5546);
#403=FACE_BOUND('',#748,.T.);
#404=FACE_BOUND('',#749,.T.);
#405=FACE_BOUND('',#750,.T.);
#406=FACE_BOUND('',#751,.T.);
#407=FACE_BOUND('',#752,.T.);
#408=FACE_BOUND('',#753,.T.);
#409=FACE_BOUND('',#754,.T.);
#410=FACE_BOUND('',#816,.T.);
#411=FACE_BOUND('',#817,.T.);
#412=FACE_BOUND('',#818,.T.);
#413=FACE_BOUND('',#819,.T.);
#414=FACE_BOUND('',#820,.T.);
#415=FACE_BOUND('',#821,.T.);
#416=FACE_BOUND('',#822,.T.);
#417=FACE_BOUND('',#891,.T.);
#418=FACE_BOUND('',#894,.T.);
#419=FACE_BOUND('',#897,.T.);
#420=FACE_BOUND('',#900,.T.);
#421=FACE_BOUND('',#927,.T.);
#422=FACE_BOUND('',#1021,.T.);
#423=FACE_BOUND('',#1025,.T.);
#424=FACE_BOUND('',#1031,.T.);
#425=FACE_BOUND('',#1033,.T.);
#426=FACE_BOUND('',#1035,.T.);
#427=FACE_BOUND('',#1042,.T.);
#428=FACE_BOUND('',#1049,.T.);
#429=FACE_BOUND('',#1057,.T.);
#430=FACE_BOUND('',#1059,.T.);
#431=FACE_BOUND('',#1061,.T.);
#432=FACE_BOUND('',#1063,.T.);
#433=FACE_OUTER_BOUND('',#734,.T.);
#434=FACE_OUTER_BOUND('',#735,.T.);
#435=FACE_OUTER_BOUND('',#736,.T.);
#436=FACE_OUTER_BOUND('',#737,.T.);
#437=FACE_OUTER_BOUND('',#738,.T.);
#438=FACE_OUTER_BOUND('',#739,.T.);
#439=FACE_OUTER_BOUND('',#740,.T.);
#440=FACE_OUTER_BOUND('',#741,.T.);
#441=FACE_OUTER_BOUND('',#742,.T.);
#442=FACE_OUTER_BOUND('',#743,.T.);
#443=FACE_OUTER_BOUND('',#744,.T.);
#444=FACE_OUTER_BOUND('',#745,.T.);
#445=FACE_OUTER_BOUND('',#746,.T.);
#446=FACE_OUTER_BOUND('',#747,.T.);
#447=FACE_OUTER_BOUND('',#755,.T.);
#448=FACE_OUTER_BOUND('',#756,.T.);
#449=FACE_OUTER_BOUND('',#757,.T.);
#450=FACE_OUTER_BOUND('',#758,.T.);
#451=FACE_OUTER_BOUND('',#759,.T.);
#452=FACE_OUTER_BOUND('',#760,.T.);
#453=FACE_OUTER_BOUND('',#761,.T.);
#454=FACE_OUTER_BOUND('',#762,.T.);
#455=FACE_OUTER_BOUND('',#763,.T.);
#456=FACE_OUTER_BOUND('',#764,.T.);
#457=FACE_OUTER_BOUND('',#765,.T.);
#458=FACE_OUTER_BOUND('',#766,.T.);
#459=FACE_OUTER_BOUND('',#767,.T.);
#460=FACE_OUTER_BOUND('',#768,.T.);
#461=FACE_OUTER_BOUND('',#769,.T.);
#462=FACE_OUTER_BOUND('',#770,.T.);
#463=FACE_OUTER_BOUND('',#771,.T.);
#464=FACE_OUTER_BOUND('',#772,.T.);
#465=FACE_OUTER_BOUND('',#773,.T.);
#466=FACE_OUTER_BOUND('',#774,.T.);
#467=FACE_OUTER_BOUND('',#775,.T.);
#468=FACE_OUTER_BOUND('',#776,.T.);
#469=FACE_OUTER_BOUND('',#777,.T.);
#470=FACE_OUTER_BOUND('',#778,.T.);
#471=FACE_OUTER_BOUND('',#779,.T.);
#472=FACE_OUTER_BOUND('',#780,.T.);
#473=FACE_OUTER_BOUND('',#781,.T.);
#474=FACE_OUTER_BOUND('',#782,.T.);
#475=FACE_OUTER_BOUND('',#783,.T.);
#476=FACE_OUTER_BOUND('',#784,.T.);
#477=FACE_OUTER_BOUND('',#785,.T.);
#478=FACE_OUTER_BOUND('',#786,.T.);
#479=FACE_OUTER_BOUND('',#787,.T.);
#480=FACE_OUTER_BOUND('',#788,.T.);
#481=FACE_OUTER_BOUND('',#789,.T.);
#482=FACE_OUTER_BOUND('',#790,.T.);
#483=FACE_OUTER_BOUND('',#791,.T.);
#484=FACE_OUTER_BOUND('',#792,.T.);
#485=FACE_OUTER_BOUND('',#793,.T.);
#486=FACE_OUTER_BOUND('',#794,.T.);
#487=FACE_OUTER_BOUND('',#795,.T.);
#488=FACE_OUTER_BOUND('',#796,.T.);
#489=FACE_OUTER_BOUND('',#797,.T.);
#490=FACE_OUTER_BOUND('',#798,.T.);
#491=FACE_OUTER_BOUND('',#799,.T.);
#492=FACE_OUTER_BOUND('',#800,.T.);
#493=FACE_OUTER_BOUND('',#801,.T.);
#494=FACE_OUTER_BOUND('',#802,.T.);
#495=FACE_OUTER_BOUND('',#803,.T.);
#496=FACE_OUTER_BOUND('',#804,.T.);
#497=FACE_OUTER_BOUND('',#805,.T.);
#498=FACE_OUTER_BOUND('',#806,.T.);
#499=FACE_OUTER_BOUND('',#807,.T.);
#500=FACE_OUTER_BOUND('',#808,.T.);
#501=FACE_OUTER_BOUND('',#809,.T.);
#502=FACE_OUTER_BOUND('',#810,.T.);
#503=FACE_OUTER_BOUND('',#811,.T.);
#504=FACE_OUTER_BOUND('',#812,.T.);
#505=FACE_OUTER_BOUND('',#813,.T.);
#506=FACE_OUTER_BOUND('',#814,.T.);
#507=FACE_OUTER_BOUND('',#815,.T.);
#508=FACE_OUTER_BOUND('',#823,.T.);
#509=FACE_OUTER_BOUND('',#824,.T.);
#510=FACE_OUTER_BOUND('',#825,.T.);
#511=FACE_OUTER_BOUND('',#826,.T.);
#512=FACE_OUTER_BOUND('',#827,.T.);
#513=FACE_OUTER_BOUND('',#828,.T.);
#514=FACE_OUTER_BOUND('',#829,.T.);
#515=FACE_OUTER_BOUND('',#830,.T.);
#516=FACE_OUTER_BOUND('',#831,.T.);
#517=FACE_OUTER_BOUND('',#832,.T.);
#518=FACE_OUTER_BOUND('',#833,.T.);
#519=FACE_OUTER_BOUND('',#834,.T.);
#520=FACE_OUTER_BOUND('',#835,.T.);
#521=FACE_OUTER_BOUND('',#836,.T.);
#522=FACE_OUTER_BOUND('',#837,.T.);
#523=FACE_OUTER_BOUND('',#838,.T.);
#524=FACE_OUTER_BOUND('',#839,.T.);
#525=FACE_OUTER_BOUND('',#840,.T.);
#526=FACE_OUTER_BOUND('',#841,.T.);
#527=FACE_OUTER_BOUND('',#842,.T.);
#528=FACE_OUTER_BOUND('',#843,.T.);
#529=FACE_OUTER_BOUND('',#844,.T.);
#530=FACE_OUTER_BOUND('',#845,.T.);
#531=FACE_OUTER_BOUND('',#846,.T.);
#532=FACE_OUTER_BOUND('',#847,.T.);
#533=FACE_OUTER_BOUND('',#848,.T.);
#534=FACE_OUTER_BOUND('',#849,.T.);
#535=FACE_OUTER_BOUND('',#850,.T.);
#536=FACE_OUTER_BOUND('',#851,.T.);
#537=FACE_OUTER_BOUND('',#852,.T.);
#538=FACE_OUTER_BOUND('',#853,.T.);
#539=FACE_OUTER_BOUND('',#854,.T.);
#540=FACE_OUTER_BOUND('',#855,.T.);
#541=FACE_OUTER_BOUND('',#856,.T.);
#542=FACE_OUTER_BOUND('',#857,.T.);
#543=FACE_OUTER_BOUND('',#858,.T.);
#544=FACE_OUTER_BOUND('',#859,.T.);
#545=FACE_OUTER_BOUND('',#860,.T.);
#546=FACE_OUTER_BOUND('',#861,.T.);
#547=FACE_OUTER_BOUND('',#862,.T.);
#548=FACE_OUTER_BOUND('',#863,.T.);
#549=FACE_OUTER_BOUND('',#864,.T.);
#550=FACE_OUTER_BOUND('',#865,.T.);
#551=FACE_OUTER_BOUND('',#866,.T.);
#552=FACE_OUTER_BOUND('',#867,.T.);
#553=FACE_OUTER_BOUND('',#868,.T.);
#554=FACE_OUTER_BOUND('',#869,.T.);
#555=FACE_OUTER_BOUND('',#870,.T.);
#556=FACE_OUTER_BOUND('',#871,.T.);
#557=FACE_OUTER_BOUND('',#872,.T.);
#558=FACE_OUTER_BOUND('',#873,.T.);
#559=FACE_OUTER_BOUND('',#874,.T.);
#560=FACE_OUTER_BOUND('',#875,.T.);
#561=FACE_OUTER_BOUND('',#876,.T.);
#562=FACE_OUTER_BOUND('',#877,.T.);
#563=FACE_OUTER_BOUND('',#878,.T.);
#564=FACE_OUTER_BOUND('',#879,.T.);
#565=FACE_OUTER_BOUND('',#880,.T.);
#566=FACE_OUTER_BOUND('',#881,.T.);
#567=FACE_OUTER_BOUND('',#882,.T.);
#568=FACE_OUTER_BOUND('',#883,.T.);
#569=FACE_OUTER_BOUND('',#884,.T.);
#570=FACE_OUTER_BOUND('',#885,.T.);
#571=FACE_OUTER_BOUND('',#886,.T.);
#572=FACE_OUTER_BOUND('',#887,.T.);
#573=FACE_OUTER_BOUND('',#888,.T.);
#574=FACE_OUTER_BOUND('',#889,.T.);
#575=FACE_OUTER_BOUND('',#890,.T.);
#576=FACE_OUTER_BOUND('',#892,.T.);
#577=FACE_OUTER_BOUND('',#893,.T.);
#578=FACE_OUTER_BOUND('',#895,.T.);
#579=FACE_OUTER_BOUND('',#896,.T.);
#580=FACE_OUTER_BOUND('',#898,.T.);
#581=FACE_OUTER_BOUND('',#899,.T.);
#582=FACE_OUTER_BOUND('',#901,.T.);
#583=FACE_OUTER_BOUND('',#902,.T.);
#584=FACE_OUTER_BOUND('',#903,.T.);
#585=FACE_OUTER_BOUND('',#904,.T.);
#586=FACE_OUTER_BOUND('',#905,.T.);
#587=FACE_OUTER_BOUND('',#906,.T.);
#588=FACE_OUTER_BOUND('',#907,.T.);
#589=FACE_OUTER_BOUND('',#908,.T.);
#590=FACE_OUTER_BOUND('',#909,.T.);
#591=FACE_OUTER_BOUND('',#910,.T.);
#592=FACE_OUTER_BOUND('',#911,.T.);
#593=FACE_OUTER_BOUND('',#912,.T.);
#594=FACE_OUTER_BOUND('',#913,.T.);
#595=FACE_OUTER_BOUND('',#914,.T.);
#596=FACE_OUTER_BOUND('',#915,.T.);
#597=FACE_OUTER_BOUND('',#916,.T.);
#598=FACE_OUTER_BOUND('',#917,.T.);
#599=FACE_OUTER_BOUND('',#918,.T.);
#600=FACE_OUTER_BOUND('',#919,.T.);
#601=FACE_OUTER_BOUND('',#920,.T.);
#602=FACE_OUTER_BOUND('',#921,.T.);
#603=FACE_OUTER_BOUND('',#922,.T.);
#604=FACE_OUTER_BOUND('',#923,.T.);
#605=FACE_OUTER_BOUND('',#924,.T.);
#606=FACE_OUTER_BOUND('',#925,.T.);
#607=FACE_OUTER_BOUND('',#926,.T.);
#608=FACE_OUTER_BOUND('',#928,.T.);
#609=FACE_OUTER_BOUND('',#929,.T.);
#610=FACE_OUTER_BOUND('',#930,.T.);
#611=FACE_OUTER_BOUND('',#931,.T.);
#612=FACE_OUTER_BOUND('',#932,.T.);
#613=FACE_OUTER_BOUND('',#933,.T.);
#614=FACE_OUTER_BOUND('',#934,.T.);
#615=FACE_OUTER_BOUND('',#935,.T.);
#616=FACE_OUTER_BOUND('',#936,.T.);
#617=FACE_OUTER_BOUND('',#937,.T.);
#618=FACE_OUTER_BOUND('',#938,.T.);
#619=FACE_OUTER_BOUND('',#939,.T.);
#620=FACE_OUTER_BOUND('',#940,.T.);
#621=FACE_OUTER_BOUND('',#941,.T.);
#622=FACE_OUTER_BOUND('',#942,.T.);
#623=FACE_OUTER_BOUND('',#943,.T.);
#624=FACE_OUTER_BOUND('',#944,.T.);
#625=FACE_OUTER_BOUND('',#945,.T.);
#626=FACE_OUTER_BOUND('',#946,.T.);
#627=FACE_OUTER_BOUND('',#947,.T.);
#628=FACE_OUTER_BOUND('',#948,.T.);
#629=FACE_OUTER_BOUND('',#949,.T.);
#630=FACE_OUTER_BOUND('',#950,.T.);
#631=FACE_OUTER_BOUND('',#951,.T.);
#632=FACE_OUTER_BOUND('',#952,.T.);
#633=FACE_OUTER_BOUND('',#953,.T.);
#634=FACE_OUTER_BOUND('',#954,.T.);
#635=FACE_OUTER_BOUND('',#955,.T.);
#636=FACE_OUTER_BOUND('',#956,.T.);
#637=FACE_OUTER_BOUND('',#957,.T.);
#638=FACE_OUTER_BOUND('',#958,.T.);
#639=FACE_OUTER_BOUND('',#959,.T.);
#640=FACE_OUTER_BOUND('',#960,.T.);
#641=FACE_OUTER_BOUND('',#961,.T.);
#642=FACE_OUTER_BOUND('',#962,.T.);
#643=FACE_OUTER_BOUND('',#963,.T.);
#644=FACE_OUTER_BOUND('',#964,.T.);
#645=FACE_OUTER_BOUND('',#965,.T.);
#646=FACE_OUTER_BOUND('',#966,.T.);
#647=FACE_OUTER_BOUND('',#967,.T.);
#648=FACE_OUTER_BOUND('',#968,.T.);
#649=FACE_OUTER_BOUND('',#969,.T.);
#650=FACE_OUTER_BOUND('',#970,.T.);
#651=FACE_OUTER_BOUND('',#971,.T.);
#652=FACE_OUTER_BOUND('',#972,.T.);
#653=FACE_OUTER_BOUND('',#973,.T.);
#654=FACE_OUTER_BOUND('',#974,.T.);
#655=FACE_OUTER_BOUND('',#975,.T.);
#656=FACE_OUTER_BOUND('',#976,.T.);
#657=FACE_OUTER_BOUND('',#977,.T.);
#658=FACE_OUTER_BOUND('',#978,.T.);
#659=FACE_OUTER_BOUND('',#979,.T.);
#660=FACE_OUTER_BOUND('',#980,.T.);
#661=FACE_OUTER_BOUND('',#981,.T.);
#662=FACE_OUTER_BOUND('',#982,.T.);
#663=FACE_OUTER_BOUND('',#983,.T.);
#664=FACE_OUTER_BOUND('',#984,.T.);
#665=FACE_OUTER_BOUND('',#985,.T.);
#666=FACE_OUTER_BOUND('',#986,.T.);
#667=FACE_OUTER_BOUND('',#987,.T.);
#668=FACE_OUTER_BOUND('',#988,.T.);
#669=FACE_OUTER_BOUND('',#989,.T.);
#670=FACE_OUTER_BOUND('',#990,.T.);
#671=FACE_OUTER_BOUND('',#991,.T.);
#672=FACE_OUTER_BOUND('',#992,.T.);
#673=FACE_OUTER_BOUND('',#993,.T.);
#674=FACE_OUTER_BOUND('',#994,.T.);
#675=FACE_OUTER_BOUND('',#995,.T.);
#676=FACE_OUTER_BOUND('',#996,.T.);
#677=FACE_OUTER_BOUND('',#997,.T.);
#678=FACE_OUTER_BOUND('',#998,.T.);
#679=FACE_OUTER_BOUND('',#999,.T.);
#680=FACE_OUTER_BOUND('',#1000,.T.);
#681=FACE_OUTER_BOUND('',#1001,.T.);
#682=FACE_OUTER_BOUND('',#1002,.T.);
#683=FACE_OUTER_BOUND('',#1003,.T.);
#684=FACE_OUTER_BOUND('',#1004,.T.);
#685=FACE_OUTER_BOUND('',#1005,.T.);
#686=FACE_OUTER_BOUND('',#1006,.T.);
#687=FACE_OUTER_BOUND('',#1007,.T.);
#688=FACE_OUTER_BOUND('',#1008,.T.);
#689=FACE_OUTER_BOUND('',#1009,.T.);
#690=FACE_OUTER_BOUND('',#1010,.T.);
#691=FACE_OUTER_BOUND('',#1011,.T.);
#692=FACE_OUTER_BOUND('',#1012,.T.);
#693=FACE_OUTER_BOUND('',#1013,.T.);
#694=FACE_OUTER_BOUND('',#1014,.T.);
#695=FACE_OUTER_BOUND('',#1015,.T.);
#696=FACE_OUTER_BOUND('',#1016,.T.);
#697=FACE_OUTER_BOUND('',#1017,.T.);
#698=FACE_OUTER_BOUND('',#1018,.T.);
#699=FACE_OUTER_BOUND('',#1019,.T.);
#700=FACE_OUTER_BOUND('',#1020,.T.);
#701=FACE_OUTER_BOUND('',#1022,.T.);
#702=FACE_OUTER_BOUND('',#1023,.T.);
#703=FACE_OUTER_BOUND('',#1024,.T.);
#704=FACE_OUTER_BOUND('',#1026,.T.);
#705=FACE_OUTER_BOUND('',#1027,.T.);
#706=FACE_OUTER_BOUND('',#1028,.T.);
#707=FACE_OUTER_BOUND('',#1029,.T.);
#708=FACE_OUTER_BOUND('',#1030,.T.);
#709=FACE_OUTER_BOUND('',#1032,.T.);
#710=FACE_OUTER_BOUND('',#1034,.T.);
#711=FACE_OUTER_BOUND('',#1036,.T.);
#712=FACE_OUTER_BOUND('',#1037,.T.);
#713=FACE_OUTER_BOUND('',#1038,.T.);
#714=FACE_OUTER_BOUND('',#1039,.T.);
#715=FACE_OUTER_BOUND('',#1040,.T.);
#716=FACE_OUTER_BOUND('',#1041,.T.);
#717=FACE_OUTER_BOUND('',#1043,.T.);
#718=FACE_OUTER_BOUND('',#1044,.T.);
#719=FACE_OUTER_BOUND('',#1045,.T.);
#720=FACE_OUTER_BOUND('',#1046,.T.);
#721=FACE_OUTER_BOUND('',#1047,.T.);
#722=FACE_OUTER_BOUND('',#1048,.T.);
#723=FACE_OUTER_BOUND('',#1050,.T.);
#724=FACE_OUTER_BOUND('',#1051,.T.);
#725=FACE_OUTER_BOUND('',#1052,.T.);
#726=FACE_OUTER_BOUND('',#1053,.T.);
#727=FACE_OUTER_BOUND('',#1054,.T.);
#728=FACE_OUTER_BOUND('',#1055,.T.);
#729=FACE_OUTER_BOUND('',#1056,.T.);
#730=FACE_OUTER_BOUND('',#1058,.T.);
#731=FACE_OUTER_BOUND('',#1060,.T.);
#732=FACE_OUTER_BOUND('',#1062,.T.);
#733=FACE_OUTER_BOUND('',#1064,.T.);
#734=EDGE_LOOP('',(#3320,#3321,#3322,#3323));
#735=EDGE_LOOP('',(#3324,#3325,#3326,#3327,#3328,#3329));
#736=EDGE_LOOP('',(#3330,#3331,#3332,#3333,#3334,#3335));
#737=EDGE_LOOP('',(#3336,#3337,#3338,#3339));
#738=EDGE_LOOP('',(#3340,#3341,#3342,#3343));
#739=EDGE_LOOP('',(#3344,#3345,#3346,#3347));
#740=EDGE_LOOP('',(#3348,#3349,#3350,#3351));
#741=EDGE_LOOP('',(#3352,#3353,#3354,#3355));
#742=EDGE_LOOP('',(#3356,#3357,#3358,#3359));
#743=EDGE_LOOP('',(#3360,#3361,#3362,#3363));
#744=EDGE_LOOP('',(#3364,#3365,#3366,#3367));
#745=EDGE_LOOP('',(#3368,#3369,#3370,#3371,#3372,#3373));
#746=EDGE_LOOP('',(#3374,#3375,#3376,#3377));
#747=EDGE_LOOP('',(#3378,#3379,#3380,#3381,#3382,#3383,#3384,#3385,#3386,
#3387,#3388,#3389,#3390,#3391,#3392,#3393,#3394,#3395,#3396,#3397,#3398,
#3399,#3400,#3401,#3402,#3403,#3404,#3405,#3406,#3407,#3408,#3409,#3410,
#3411,#3412,#3413,#3414,#3415,#3416,#3417,#3418,#3419,#3420,#3421));
#748=EDGE_LOOP('',(#3422,#3423,#3424,#3425));
#749=EDGE_LOOP('',(#3426,#3427,#3428,#3429));
#750=EDGE_LOOP('',(#3430,#3431,#3432,#3433));
#751=EDGE_LOOP('',(#3434,#3435,#3436,#3437));
#752=EDGE_LOOP('',(#3438,#3439,#3440,#3441));
#753=EDGE_LOOP('',(#3442,#3443,#3444,#3445));
#754=EDGE_LOOP('',(#3446,#3447,#3448,#3449));
#755=EDGE_LOOP('',(#3450,#3451,#3452,#3453,#3454,#3455));
#756=EDGE_LOOP('',(#3456,#3457,#3458,#3459));
#757=EDGE_LOOP('',(#3460,#3461,#3462,#3463,#3464,#3465));
#758=EDGE_LOOP('',(#3466,#3467,#3468,#3469,#3470,#3471));
#759=EDGE_LOOP('',(#3472,#3473,#3474,#3475));
#760=EDGE_LOOP('',(#3476,#3477,#3478,#3479,#3480,#3481));
#761=EDGE_LOOP('',(#3482,#3483,#3484,#3485));
#762=EDGE_LOOP('',(#3486,#3487,#3488,#3489,#3490,#3491));
#763=EDGE_LOOP('',(#3492,#3493,#3494,#3495,#3496,#3497));
#764=EDGE_LOOP('',(#3498,#3499,#3500,#3501,#3502,#3503));
#765=EDGE_LOOP('',(#3504,#3505,#3506,#3507));
#766=EDGE_LOOP('',(#3508,#3509,#3510,#3511));
#767=EDGE_LOOP('',(#3512,#3513,#3514,#3515));
#768=EDGE_LOOP('',(#3516,#3517,#3518,#3519));
#769=EDGE_LOOP('',(#3520,#3521,#3522,#3523));
#770=EDGE_LOOP('',(#3524,#3525,#3526,#3527));
#771=EDGE_LOOP('',(#3528,#3529,#3530,#3531));
#772=EDGE_LOOP('',(#3532,#3533,#3534,#3535));
#773=EDGE_LOOP('',(#3536,#3537,#3538,#3539));
#774=EDGE_LOOP('',(#3540,#3541,#3542,#3543));
#775=EDGE_LOOP('',(#3544,#3545,#3546,#3547,#3548,#3549));
#776=EDGE_LOOP('',(#3550,#3551,#3552,#3553));
#777=EDGE_LOOP('',(#3554,#3555,#3556,#3557));
#778=EDGE_LOOP('',(#3558,#3559,#3560,#3561));
#779=EDGE_LOOP('',(#3562,#3563,#3564,#3565,#3566,#3567));
#780=EDGE_LOOP('',(#3568,#3569,#3570,#3571));
#781=EDGE_LOOP('',(#3572,#3573,#3574,#3575,#3576,#3577));
#782=EDGE_LOOP('',(#3578,#3579,#3580,#3581));
#783=EDGE_LOOP('',(#3582,#3583,#3584,#3585));
#784=EDGE_LOOP('',(#3586,#3587,#3588,#3589));
#785=EDGE_LOOP('',(#3590,#3591,#3592,#3593));
#786=EDGE_LOOP('',(#3594,#3595,#3596,#3597));
#787=EDGE_LOOP('',(#3598,#3599,#3600,#3601));
#788=EDGE_LOOP('',(#3602,#3603,#3604,#3605));
#789=EDGE_LOOP('',(#3606,#3607,#3608,#3609,#3610,#3611));
#790=EDGE_LOOP('',(#3612,#3613,#3614,#3615));
#791=EDGE_LOOP('',(#3616,#3617,#3618,#3619,#3620,#3621));
#792=EDGE_LOOP('',(#3622,#3623,#3624,#3625));
#793=EDGE_LOOP('',(#3626,#3627,#3628,#3629));
#794=EDGE_LOOP('',(#3630,#3631,#3632,#3633));
#795=EDGE_LOOP('',(#3634,#3635,#3636,#3637));
#796=EDGE_LOOP('',(#3638,#3639,#3640,#3641,#3642,#3643));
#797=EDGE_LOOP('',(#3644,#3645,#3646,#3647));
#798=EDGE_LOOP('',(#3648,#3649,#3650,#3651));
#799=EDGE_LOOP('',(#3652,#3653,#3654,#3655));
#800=EDGE_LOOP('',(#3656,#3657,#3658,#3659));
#801=EDGE_LOOP('',(#3660,#3661,#3662,#3663));
#802=EDGE_LOOP('',(#3664,#3665,#3666,#3667));
#803=EDGE_LOOP('',(#3668,#3669,#3670,#3671));
#804=EDGE_LOOP('',(#3672,#3673,#3674,#3675));
#805=EDGE_LOOP('',(#3676,#3677,#3678,#3679));
#806=EDGE_LOOP('',(#3680,#3681,#3682,#3683));
#807=EDGE_LOOP('',(#3684,#3685,#3686,#3687,#3688,#3689));
#808=EDGE_LOOP('',(#3690,#3691,#3692,#3693));
#809=EDGE_LOOP('',(#3694,#3695,#3696,#3697));
#810=EDGE_LOOP('',(#3698,#3699,#3700,#3701,#3702,#3703));
#811=EDGE_LOOP('',(#3704,#3705,#3706,#3707));
#812=EDGE_LOOP('',(#3708,#3709,#3710,#3711,#3712,#3713));
#813=EDGE_LOOP('',(#3714,#3715,#3716,#3717,#3718,#3719));
#814=EDGE_LOOP('',(#3720,#3721,#3722,#3723));
#815=EDGE_LOOP('',(#3724,#3725,#3726,#3727,#3728,#3729,#3730,#3731,#3732,
#3733,#3734,#3735,#3736,#3737,#3738,#3739,#3740,#3741,#3742,#3743,#3744,
#3745,#3746,#3747,#3748,#3749,#3750,#3751,#3752,#3753,#3754,#3755,#3756,
#3757,#3758,#3759,#3760,#3761,#3762,#3763,#3764,#3765,#3766,#3767));
#816=EDGE_LOOP('',(#3768,#3769,#3770,#3771));
#817=EDGE_LOOP('',(#3772,#3773,#3774,#3775));
#818=EDGE_LOOP('',(#3776,#3777,#3778,#3779));
#819=EDGE_LOOP('',(#3780,#3781,#3782,#3783));
#820=EDGE_LOOP('',(#3784,#3785,#3786,#3787));
#821=EDGE_LOOP('',(#3788,#3789,#3790,#3791));
#822=EDGE_LOOP('',(#3792,#3793,#3794,#3795));
#823=EDGE_LOOP('',(#3796,#3797,#3798,#3799));
#824=EDGE_LOOP('',(#3800,#3801,#3802,#3803));
#825=EDGE_LOOP('',(#3804,#3805,#3806,#3807,#3808,#3809));
#826=EDGE_LOOP('',(#3810,#3811,#3812,#3813));
#827=EDGE_LOOP('',(#3814,#3815,#3816,#3817));
#828=EDGE_LOOP('',(#3818,#3819,#3820,#3821));
#829=EDGE_LOOP('',(#3822,#3823,#3824,#3825,#3826,#3827));
#830=EDGE_LOOP('',(#3828,#3829,#3830,#3831,#3832,#3833));
#831=EDGE_LOOP('',(#3834,#3835,#3836,#3837));
#832=EDGE_LOOP('',(#3838,#3839,#3840,#3841));
#833=EDGE_LOOP('',(#3842,#3843,#3844,#3845));
#834=EDGE_LOOP('',(#3846,#3847,#3848,#3849));
#835=EDGE_LOOP('',(#3850,#3851,#3852,#3853,#3854,#3855));
#836=EDGE_LOOP('',(#3856,#3857,#3858,#3859,#3860,#3861));
#837=EDGE_LOOP('',(#3862,#3863,#3864,#3865));
#838=EDGE_LOOP('',(#3866,#3867,#3868,#3869));
#839=EDGE_LOOP('',(#3870,#3871,#3872,#3873));
#840=EDGE_LOOP('',(#3874,#3875,#3876,#3877));
#841=EDGE_LOOP('',(#3878,#3879,#3880,#3881));
#842=EDGE_LOOP('',(#3882,#3883,#3884,#3885));
#843=EDGE_LOOP('',(#3886,#3887,#3888,#3889));
#844=EDGE_LOOP('',(#3890,#3891,#3892,#3893));
#845=EDGE_LOOP('',(#3894,#3895,#3896,#3897,#3898,#3899));
#846=EDGE_LOOP('',(#3900,#3901,#3902,#3903));
#847=EDGE_LOOP('',(#3904,#3905,#3906,#3907));
#848=EDGE_LOOP('',(#3908,#3909,#3910,#3911,#3912,#3913));
#849=EDGE_LOOP('',(#3914,#3915,#3916,#3917,#3918,#3919));
#850=EDGE_LOOP('',(#3920,#3921,#3922,#3923));
#851=EDGE_LOOP('',(#3924,#3925,#3926,#3927));
#852=EDGE_LOOP('',(#3928,#3929,#3930,#3931));
#853=EDGE_LOOP('',(#3932,#3933,#3934,#3935));
#854=EDGE_LOOP('',(#3936,#3937,#3938,#3939));
#855=EDGE_LOOP('',(#3940,#3941,#3942,#3943));
#856=EDGE_LOOP('',(#3944,#3945,#3946,#3947));
#857=EDGE_LOOP('',(#3948,#3949,#3950,#3951));
#858=EDGE_LOOP('',(#3952,#3953,#3954,#3955));
#859=EDGE_LOOP('',(#3956,#3957,#3958,#3959));
#860=EDGE_LOOP('',(#3960,#3961,#3962,#3963));
#861=EDGE_LOOP('',(#3964,#3965,#3966,#3967));
#862=EDGE_LOOP('',(#3968,#3969,#3970,#3971));
#863=EDGE_LOOP('',(#3972,#3973,#3974,#3975));
#864=EDGE_LOOP('',(#3976,#3977));
#865=EDGE_LOOP('',(#3978,#3979,#3980,#3981,#3982));
#866=EDGE_LOOP('',(#3983,#3984,#3985,#3986,#3987));
#867=EDGE_LOOP('',(#3988,#3989,#3990,#3991,#3992));
#868=EDGE_LOOP('',(#3993,#3994,#3995,#3996,#3997));
#869=EDGE_LOOP('',(#3998,#3999,#4000,#4001,#4002));
#870=EDGE_LOOP('',(#4003,#4004,#4005,#4006,#4007));
#871=EDGE_LOOP('',(#4008,#4009,#4010,#4011,#4012));
#872=EDGE_LOOP('',(#4013,#4014,#4015,#4016,#4017));
#873=EDGE_LOOP('',(#4018,#4019,#4020,#4021,#4022));
#874=EDGE_LOOP('',(#4023,#4024,#4025,#4026,#4027));
#875=EDGE_LOOP('',(#4028,#4029,#4030,#4031,#4032));
#876=EDGE_LOOP('',(#4033,#4034,#4035,#4036,#4037));
#877=EDGE_LOOP('',(#4038,#4039,#4040,#4041,#4042));
#878=EDGE_LOOP('',(#4043,#4044,#4045,#4046,#4047));
#879=EDGE_LOOP('',(#4048,#4049,#4050,#4051,#4052));
#880=EDGE_LOOP('',(#4053,#4054,#4055,#4056,#4057));
#881=EDGE_LOOP('',(#4058,#4059,#4060,#4061,#4062));
#882=EDGE_LOOP('',(#4063,#4064,#4065,#4066,#4067));
#883=EDGE_LOOP('',(#4068,#4069,#4070,#4071,#4072));
#884=EDGE_LOOP('',(#4073,#4074,#4075,#4076,#4077,#4078));
#885=EDGE_LOOP('',(#4079,#4080,#4081,#4082,#4083,#4084,#4085));
#886=EDGE_LOOP('',(#4086,#4087,#4088,#4089,#4090));
#887=EDGE_LOOP('',(#4091));
#888=EDGE_LOOP('',(#4092));
#889=EDGE_LOOP('',(#4093,#4094,#4095,#4096));
#890=EDGE_LOOP('',(#4097));
#891=EDGE_LOOP('',(#4098));
#892=EDGE_LOOP('',(#4099,#4100,#4101,#4102));
#893=EDGE_LOOP('',(#4103));
#894=EDGE_LOOP('',(#4104));
#895=EDGE_LOOP('',(#4105,#4106,#4107,#4108));
#896=EDGE_LOOP('',(#4109));
#897=EDGE_LOOP('',(#4110));
#898=EDGE_LOOP('',(#4111,#4112,#4113,#4114));
#899=EDGE_LOOP('',(#4115));
#900=EDGE_LOOP('',(#4116));
#901=EDGE_LOOP('',(#4117,#4118,#4119,#4120));
#902=EDGE_LOOP('',(#4121,#4122,#4123,#4124,#4125));
#903=EDGE_LOOP('',(#4126,#4127,#4128));
#904=EDGE_LOOP('',(#4129,#4130,#4131,#4132,#4133));
#905=EDGE_LOOP('',(#4134,#4135,#4136,#4137,#4138));
#906=EDGE_LOOP('',(#4139,#4140,#4141,#4142,#4143));
#907=EDGE_LOOP('',(#4144,#4145,#4146,#4147,#4148));
#908=EDGE_LOOP('',(#4149,#4150,#4151,#4152,#4153));
#909=EDGE_LOOP('',(#4154,#4155,#4156,#4157,#4158));
#910=EDGE_LOOP('',(#4159,#4160,#4161,#4162,#4163));
#911=EDGE_LOOP('',(#4164,#4165,#4166,#4167,#4168));
#912=EDGE_LOOP('',(#4169,#4170,#4171,#4172,#4173));
#913=EDGE_LOOP('',(#4174,#4175,#4176,#4177,#4178));
#914=EDGE_LOOP('',(#4179,#4180,#4181,#4182,#4183));
#915=EDGE_LOOP('',(#4184,#4185,#4186,#4187,#4188));
#916=EDGE_LOOP('',(#4189,#4190,#4191,#4192,#4193));
#917=EDGE_LOOP('',(#4194,#4195,#4196,#4197,#4198));
#918=EDGE_LOOP('',(#4199,#4200,#4201,#4202,#4203));
#919=EDGE_LOOP('',(#4204,#4205,#4206,#4207,#4208));
#920=EDGE_LOOP('',(#4209,#4210,#4211,#4212,#4213));
#921=EDGE_LOOP('',(#4214,#4215,#4216,#4217,#4218,#4219));
#922=EDGE_LOOP('',(#4220,#4221,#4222,#4223));
#923=EDGE_LOOP('',(#4224,#4225,#4226,#4227));
#924=EDGE_LOOP('',(#4228,#4229,#4230,#4231));
#925=EDGE_LOOP('',(#4232));
#926=EDGE_LOOP('',(#4233,#4234,#4235,#4236,#4237,#4238,#4239,#4240,#4241,
#4242,#4243,#4244));
#927=EDGE_LOOP('',(#4245));
#928=EDGE_LOOP('',(#4246,#4247,#4248,#4249));
#929=EDGE_LOOP('',(#4250,#4251,#4252,#4253,#4254,#4255,#4256,#4257));
#930=EDGE_LOOP('',(#4258,#4259,#4260,#4261));
#931=EDGE_LOOP('',(#4262,#4263,#4264,#4265,#4266,#4267,#4268,#4269));
#932=EDGE_LOOP('',(#4270,#4271,#4272,#4273));
#933=EDGE_LOOP('',(#4274,#4275,#4276,#4277));
#934=EDGE_LOOP('',(#4278,#4279,#4280,#4281));
#935=EDGE_LOOP('',(#4282,#4283,#4284,#4285));
#936=EDGE_LOOP('',(#4286,#4287,#4288,#4289));
#937=EDGE_LOOP('',(#4290,#4291,#4292,#4293));
#938=EDGE_LOOP('',(#4294,#4295,#4296,#4297));
#939=EDGE_LOOP('',(#4298,#4299,#4300,#4301));
#940=EDGE_LOOP('',(#4302,#4303,#4304,#4305));
#941=EDGE_LOOP('',(#4306));
#942=EDGE_LOOP('',(#4307,#4308,#4309,#4310));
#943=EDGE_LOOP('',(#4311));
#944=EDGE_LOOP('',(#4312,#4313,#4314,#4315));
#945=EDGE_LOOP('',(#4316,#4317,#4318,#4319));
#946=EDGE_LOOP('',(#4320,#4321,#4322,#4323));
#947=EDGE_LOOP('',(#4324,#4325,#4326,#4327));
#948=EDGE_LOOP('',(#4328,#4329,#4330,#4331));
#949=EDGE_LOOP('',(#4332,#4333,#4334,#4335));
#950=EDGE_LOOP('',(#4336,#4337,#4338,#4339));
#951=EDGE_LOOP('',(#4340,#4341,#4342,#4343));
#952=EDGE_LOOP('',(#4344,#4345,#4346,#4347));
#953=EDGE_LOOP('',(#4348,#4349,#4350,#4351));
#954=EDGE_LOOP('',(#4352,#4353,#4354,#4355));
#955=EDGE_LOOP('',(#4356,#4357,#4358,#4359));
#956=EDGE_LOOP('',(#4360,#4361,#4362,#4363));
#957=EDGE_LOOP('',(#4364,#4365,#4366,#4367));
#958=EDGE_LOOP('',(#4368,#4369,#4370,#4371));
#959=EDGE_LOOP('',(#4372,#4373,#4374,#4375));
#960=EDGE_LOOP('',(#4376,#4377,#4378,#4379));
#961=EDGE_LOOP('',(#4380,#4381,#4382,#4383));
#962=EDGE_LOOP('',(#4384,#4385,#4386,#4387));
#963=EDGE_LOOP('',(#4388,#4389,#4390,#4391));
#964=EDGE_LOOP('',(#4392,#4393,#4394,#4395));
#965=EDGE_LOOP('',(#4396,#4397,#4398,#4399));
#966=EDGE_LOOP('',(#4400,#4401,#4402,#4403));
#967=EDGE_LOOP('',(#4404,#4405,#4406,#4407));
#968=EDGE_LOOP('',(#4408,#4409,#4410,#4411));
#969=EDGE_LOOP('',(#4412,#4413,#4414,#4415));
#970=EDGE_LOOP('',(#4416,#4417,#4418,#4419));
#971=EDGE_LOOP('',(#4420,#4421,#4422,#4423));
#972=EDGE_LOOP('',(#4424,#4425,#4426,#4427));
#973=EDGE_LOOP('',(#4428,#4429,#4430,#4431));
#974=EDGE_LOOP('',(#4432,#4433,#4434,#4435));
#975=EDGE_LOOP('',(#4436,#4437,#4438,#4439));
#976=EDGE_LOOP('',(#4440,#4441,#4442,#4443));
#977=EDGE_LOOP('',(#4444,#4445,#4446,#4447));
#978=EDGE_LOOP('',(#4448,#4449,#4450,#4451));
#979=EDGE_LOOP('',(#4452,#4453,#4454,#4455));
#980=EDGE_LOOP('',(#4456,#4457,#4458,#4459));
#981=EDGE_LOOP('',(#4460,#4461,#4462,#4463));
#982=EDGE_LOOP('',(#4464,#4465,#4466,#4467));
#983=EDGE_LOOP('',(#4468,#4469,#4470,#4471));
#984=EDGE_LOOP('',(#4472,#4473,#4474,#4475));
#985=EDGE_LOOP('',(#4476,#4477,#4478,#4479));
#986=EDGE_LOOP('',(#4480,#4481,#4482,#4483));
#987=EDGE_LOOP('',(#4484,#4485,#4486,#4487));
#988=EDGE_LOOP('',(#4488,#4489));
#989=EDGE_LOOP('',(#4490,#4491,#4492,#4493));
#990=EDGE_LOOP('',(#4494,#4495));
#991=EDGE_LOOP('',(#4496,#4497,#4498,#4499));
#992=EDGE_LOOP('',(#4500,#4501,#4502,#4503));
#993=EDGE_LOOP('',(#4504,#4505,#4506,#4507));
#994=EDGE_LOOP('',(#4508,#4509,#4510,#4511));
#995=EDGE_LOOP('',(#4512,#4513,#4514,#4515));
#996=EDGE_LOOP('',(#4516,#4517,#4518,#4519,#4520,#4521,#4522,#4523));
#997=EDGE_LOOP('',(#4524,#4525,#4526,#4527));
#998=EDGE_LOOP('',(#4528,#4529,#4530,#4531));
#999=EDGE_LOOP('',(#4532,#4533,#4534,#4535));
#1000=EDGE_LOOP('',(#4536,#4537,#4538,#4539,#4540,#4541,#4542,#4543));
#1001=EDGE_LOOP('',(#4544,#4545,#4546,#4547,#4548));
#1002=EDGE_LOOP('',(#4549,#4550,#4551,#4552));
#1003=EDGE_LOOP('',(#4553,#4554,#4555,#4556));
#1004=EDGE_LOOP('',(#4557,#4558,#4559,#4560,#4561));
#1005=EDGE_LOOP('',(#4562,#4563,#4564,#4565));
#1006=EDGE_LOOP('',(#4566,#4567,#4568,#4569));
#1007=EDGE_LOOP('',(#4570,#4571,#4572,#4573));
#1008=EDGE_LOOP('',(#4574,#4575,#4576,#4577,#4578,#4579,#4580,#4581,#4582,
#4583));
#1009=EDGE_LOOP('',(#4584,#4585,#4586,#4587,#4588,#4589,#4590,#4591,#4592,
#4593));
#1010=EDGE_LOOP('',(#4594,#4595,#4596,#4597));
#1011=EDGE_LOOP('',(#4598,#4599,#4600,#4601));
#1012=EDGE_LOOP('',(#4602,#4603,#4604,#4605));
#1013=EDGE_LOOP('',(#4606,#4607,#4608,#4609));
#1014=EDGE_LOOP('',(#4610,#4611,#4612,#4613,#4614,#4615,#4616,#4617,#4618,
#4619,#4620,#4621));
#1015=EDGE_LOOP('',(#4622));
#1016=EDGE_LOOP('',(#4623,#4624,#4625,#4626));
#1017=EDGE_LOOP('',(#4627,#4628,#4629,#4630));
#1018=EDGE_LOOP('',(#4631,#4632,#4633,#4634,#4635,#4636,#4637,#4638,#4639,
#4640,#4641,#4642,#4643));
#1019=EDGE_LOOP('',(#4644,#4645,#4646,#4647,#4648,#4649,#4650,#4651,#4652,
#4653,#4654,#4655,#4656));
#1020=EDGE_LOOP('',(#4657));
#1021=EDGE_LOOP('',(#4658));
#1022=EDGE_LOOP('',(#4659,#4660,#4661,#4662));
#1023=EDGE_LOOP('',(#4663,#4664,#4665,#4666));
#1024=EDGE_LOOP('',(#4667,#4668,#4669,#4670,#4671,#4672,#4673,#4674));
#1025=EDGE_LOOP('',(#4675));
#1026=EDGE_LOOP('',(#4676,#4677));
#1027=EDGE_LOOP('',(#4678,#4679,#4680,#4681));
#1028=EDGE_LOOP('',(#4682,#4683));
#1029=EDGE_LOOP('',(#4684,#4685,#4686));
#1030=EDGE_LOOP('',(#4687));
#1031=EDGE_LOOP('',(#4688));
#1032=EDGE_LOOP('',(#4689));
#1033=EDGE_LOOP('',(#4690));
#1034=EDGE_LOOP('',(#4691));
#1035=EDGE_LOOP('',(#4692));
#1036=EDGE_LOOP('',(#4693,#4694,#4695));
#1037=EDGE_LOOP('',(#4696,#4697,#4698));
#1038=EDGE_LOOP('',(#4699,#4700,#4701));
#1039=EDGE_LOOP('',(#4702,#4703,#4704));
#1040=EDGE_LOOP('',(#4705,#4706,#4707,#4708,#4709,#4710));
#1041=EDGE_LOOP('',(#4711,#4712,#4713,#4714,#4715,#4716));
#1042=EDGE_LOOP('',(#4717));
#1043=EDGE_LOOP('',(#4718,#4719,#4720,#4721,#4722,#4723,#4724,#4725));
#1044=EDGE_LOOP('',(#4726,#4727,#4728,#4729,#4730,#4731,#4732,#4733));
#1045=EDGE_LOOP('',(#4734,#4735,#4736));
#1046=EDGE_LOOP('',(#4737,#4738,#4739));
#1047=EDGE_LOOP('',(#4740));
#1048=EDGE_LOOP('',(#4741));
#1049=EDGE_LOOP('',(#4742));
#1050=EDGE_LOOP('',(#4743,#4744,#4745,#4746,#4747));
#1051=EDGE_LOOP('',(#4748,#4749,#4750,#4751));
#1052=EDGE_LOOP('',(#4752,#4753,#4754,#4755));
#1053=EDGE_LOOP('',(#4756,#4757,#4758,#4759,#4760));
#1054=EDGE_LOOP('',(#4761,#4762,#4763,#4764));
#1055=EDGE_LOOP('',(#4765,#4766,#4767,#4768));
#1056=EDGE_LOOP('',(#4769));
#1057=EDGE_LOOP('',(#4770));
#1058=EDGE_LOOP('',(#4771));
#1059=EDGE_LOOP('',(#4772));
#1060=EDGE_LOOP('',(#4773));
#1061=EDGE_LOOP('',(#4774));
#1062=EDGE_LOOP('',(#4775));
#1063=EDGE_LOOP('',(#4776));
#1064=EDGE_LOOP('',(#4777,#4778,#4779,#4780,#4781));
#1065=LINE('',#7225,#1599);
#1066=LINE('',#7227,#1600);
#1067=LINE('',#7229,#1601);
#1068=LINE('',#7230,#1602);
#1069=LINE('',#7234,#1603);
#1070=LINE('',#7235,#1604);
#1071=LINE('',#7237,#1605);
#1072=LINE('',#7239,#1606);
#1073=LINE('',#7240,#1607);
#1074=LINE('',#7244,#1608);
#1075=LINE('',#7246,#1609);
#1076=LINE('',#7247,#1610);
#1077=LINE('',#7249,#1611);
#1078=LINE('',#7250,#1612);
#1079=LINE('',#7254,#1613);
#1080=LINE('',#7256,#1614);
#1081=LINE('',#7258,#1615);
#1082=LINE('',#7259,#1616);
#1083=LINE('',#7263,#1617);
#1084=LINE('',#7265,#1618);
#1085=LINE('',#7267,#1619);
#1086=LINE('',#7268,#1620);
#1087=LINE('',#7272,#1621);
#1088=LINE('',#7274,#1622);
#1089=LINE('',#7276,#1623);
#1090=LINE('',#7277,#1624);
#1091=LINE('',#7281,#1625);
#1092=LINE('',#7283,#1626);
#1093=LINE('',#7285,#1627);
#1094=LINE('',#7286,#1628);
#1095=LINE('',#7290,#1629);
#1096=LINE('',#7292,#1630);
#1097=LINE('',#7294,#1631);
#1098=LINE('',#7295,#1632);
#1099=LINE('',#7299,#1633);
#1100=LINE('',#7301,#1634);
#1101=LINE('',#7303,#1635);
#1102=LINE('',#7304,#1636);
#1103=LINE('',#7308,#1637);
#1104=LINE('',#7310,#1638);
#1105=LINE('',#7312,#1639);
#1106=LINE('',#7313,#1640);
#1107=LINE('',#7317,#1641);
#1108=LINE('',#7319,#1642);
#1109=LINE('',#7321,#1643);
#1110=LINE('',#7322,#1644);
#1111=LINE('',#7326,#1645);
#1112=LINE('',#7328,#1646);
#1113=LINE('',#7330,#1647);
#1114=LINE('',#7332,#1648);
#1115=LINE('',#7334,#1649);
#1116=LINE('',#7335,#1650);
#1117=LINE('',#7339,#1651);
#1118=LINE('',#7341,#1652);
#1119=LINE('',#7343,#1653);
#1120=LINE('',#7344,#1654);
#1121=LINE('',#7347,#1655);
#1122=LINE('',#7349,#1656);
#1123=LINE('',#7351,#1657);
#1124=LINE('',#7353,#1658);
#1125=LINE('',#7355,#1659);
#1126=LINE('',#7357,#1660);
#1127=LINE('',#7359,#1661);
#1128=LINE('',#7360,#1662);
#1129=LINE('',#7362,#1663);
#1130=LINE('',#7364,#1664);
#1131=LINE('',#7365,#1665);
#1132=LINE('',#7367,#1666);
#1133=LINE('',#7369,#1667);
#1134=LINE('',#7371,#1668);
#1135=LINE('',#7373,#1669);
#1136=LINE('',#7375,#1670);
#1137=LINE('',#7377,#1671);
#1138=LINE('',#7379,#1672);
#1139=LINE('',#7381,#1673);
#1140=LINE('',#7383,#1674);
#1141=LINE('',#7384,#1675);
#1142=LINE('',#7386,#1676);
#1143=LINE('',#7388,#1677);
#1144=LINE('',#7390,#1678);
#1145=LINE('',#7392,#1679);
#1146=LINE('',#7394,#1680);
#1147=LINE('',#7396,#1681);
#1148=LINE('',#7398,#1682);
#1149=LINE('',#7400,#1683);
#1150=LINE('',#7402,#1684);
#1151=LINE('',#7404,#1685);
#1152=LINE('',#7406,#1686);
#1153=LINE('',#7408,#1687);
#1154=LINE('',#7410,#1688);
#1155=LINE('',#7412,#1689);
#1156=LINE('',#7414,#1690);
#1157=LINE('',#7416,#1691);
#1158=LINE('',#7417,#1692);
#1159=LINE('',#7420,#1693);
#1160=LINE('',#7422,#1694);
#1161=LINE('',#7424,#1695);
#1162=LINE('',#7425,#1696);
#1163=LINE('',#7428,#1697);
#1164=LINE('',#7430,#1698);
#1165=LINE('',#7432,#1699);
#1166=LINE('',#7433,#1700);
#1167=LINE('',#7436,#1701);
#1168=LINE('',#7438,#1702);
#1169=LINE('',#7440,#1703);
#1170=LINE('',#7441,#1704);
#1171=LINE('',#7444,#1705);
#1172=LINE('',#7446,#1706);
#1173=LINE('',#7448,#1707);
#1174=LINE('',#7449,#1708);
#1175=LINE('',#7451,#1709);
#1176=LINE('',#7453,#1710);
#1177=LINE('',#7454,#1711);
#1178=LINE('',#7457,#1712);
#1179=LINE('',#7459,#1713);
#1180=LINE('',#7461,#1714);
#1181=LINE('',#7462,#1715);
#1182=LINE('',#7464,#1716);
#1183=LINE('',#7466,#1717);
#1184=LINE('',#7467,#1718);
#1185=LINE('',#7471,#1719);
#1186=LINE('',#7472,#1720);
#1187=LINE('',#7474,#1721);
#1188=LINE('',#7475,#1722);
#1189=LINE('',#7479,#1723);
#1190=LINE('',#7480,#1724);
#1191=LINE('',#7481,#1725);
#1192=LINE('',#7485,#1726);
#1193=LINE('',#7486,#1727);
#1194=LINE('',#7488,#1728);
#1195=LINE('',#7489,#1729);
#1196=LINE('',#7493,#1730);
#1197=LINE('',#7495,#1731);
#1198=LINE('',#7496,#1732);
#1199=LINE('',#7497,#1733);
#1200=LINE('',#7500,#1734);
#1201=LINE('',#7501,#1735);
#1202=LINE('',#7504,#1736);
#1203=LINE('',#7506,#1737);
#1204=LINE('',#7507,#1738);
#1205=LINE('',#7510,#1739);
#1206=LINE('',#7511,#1740);
#1207=LINE('',#7514,#1741);
#1208=LINE('',#7516,#1742);
#1209=LINE('',#7517,#1743);
#1210=LINE('',#7521,#1744);
#1211=LINE('',#7523,#1745);
#1212=LINE('',#7524,#1746);
#1213=LINE('',#7525,#1747);
#1214=LINE('',#7529,#1748);
#1215=LINE('',#7530,#1749);
#1216=LINE('',#7531,#1750);
#1217=LINE('',#7532,#1751);
#1218=LINE('',#7536,#1752);
#1219=LINE('',#7537,#1753);
#1220=LINE('',#7538,#1754);
#1221=LINE('',#7542,#1755);
#1222=LINE('',#7543,#1756);
#1223=LINE('',#7544,#1757);
#1224=LINE('',#7548,#1758);
#1225=LINE('',#7549,#1759);
#1226=LINE('',#7550,#1760);
#1227=LINE('',#7553,#1761);
#1228=LINE('',#7555,#1762);
#1229=LINE('',#7556,#1763);
#1230=LINE('',#7560,#1764);
#1231=LINE('',#7561,#1765);
#1232=LINE('',#7562,#1766);
#1233=LINE('',#7565,#1767);
#1234=LINE('',#7566,#1768);
#1235=LINE('',#7570,#1769);
#1236=LINE('',#7571,#1770);
#1237=LINE('',#7572,#1771);
#1238=LINE('',#7576,#1772);
#1239=LINE('',#7577,#1773);
#1240=LINE('',#7578,#1774);
#1241=LINE('',#7582,#1775);
#1242=LINE('',#7583,#1776);
#1243=LINE('',#7584,#1777);
#1244=LINE('',#7588,#1778);
#1245=LINE('',#7589,#1779);
#1246=LINE('',#7590,#1780);
#1247=LINE('',#7594,#1781);
#1248=LINE('',#7595,#1782);
#1249=LINE('',#7597,#1783);
#1250=LINE('',#7598,#1784);
#1251=LINE('',#7600,#1785);
#1252=LINE('',#7601,#1786);
#1253=LINE('',#7605,#1787);
#1254=LINE('',#7606,#1788);
#1255=LINE('',#7607,#1789);
#1256=LINE('',#7611,#1790);
#1257=LINE('',#7612,#1791);
#1258=LINE('',#7613,#1792);
#1259=LINE('',#7617,#1793);
#1260=LINE('',#7618,#1794);
#1261=LINE('',#7620,#1795);
#1262=LINE('',#7621,#1796);
#1263=LINE('',#7624,#1797);
#1264=LINE('',#7625,#1798);
#1265=LINE('',#7628,#1799);
#1266=LINE('',#7630,#1800);
#1267=LINE('',#7631,#1801);
#1268=LINE('',#7633,#1802);
#1269=LINE('',#7634,#1803);
#1270=LINE('',#7638,#1804);
#1271=LINE('',#7639,#1805);
#1272=LINE('',#7640,#1806);
#1273=LINE('',#7644,#1807);
#1274=LINE('',#7645,#1808);
#1275=LINE('',#7646,#1809);
#1276=LINE('',#7650,#1810);
#1277=LINE('',#7652,#1811);
#1278=LINE('',#7654,#1812);
#1279=LINE('',#7655,#1813);
#1280=LINE('',#7659,#1814);
#1281=LINE('',#7660,#1815);
#1282=LINE('',#7661,#1816);
#1283=LINE('',#7664,#1817);
#1284=LINE('',#7666,#1818);
#1285=LINE('',#7667,#1819);
#1286=LINE('',#7670,#1820);
#1287=LINE('',#7671,#1821);
#1288=LINE('',#7674,#1822);
#1289=LINE('',#7675,#1823);
#1290=LINE('',#7676,#1824);
#1291=LINE('',#7678,#1825);
#1292=LINE('',#7679,#1826);
#1293=LINE('',#7682,#1827);
#1294=LINE('',#7683,#1828);
#1295=LINE('',#7685,#1829);
#1296=LINE('',#7687,#1830);
#1297=LINE('',#7689,#1831);
#1298=LINE('',#7693,#1832);
#1299=LINE('',#7694,#1833);
#1300=LINE('',#7695,#1834);
#1301=LINE('',#7698,#1835);
#1302=LINE('',#7699,#1836);
#1303=LINE('',#7700,#1837);
#1304=LINE('',#7704,#1838);
#1305=LINE('',#7705,#1839);
#1306=LINE('',#7706,#1840);
#1307=LINE('',#7708,#1841);
#1308=LINE('',#7710,#1842);
#1309=LINE('',#7712,#1843);
#1310=LINE('',#7713,#1844);
#1311=LINE('',#7716,#1845);
#1312=LINE('',#7718,#1846);
#1313=LINE('',#7719,#1847);
#1314=LINE('',#7722,#1848);
#1315=LINE('',#7723,#1849);
#1316=LINE('',#7725,#1850);
#1317=LINE('',#7729,#1851);
#1318=LINE('',#7730,#1852);
#1319=LINE('',#7731,#1853);
#1320=LINE('',#7734,#1854);
#1321=LINE('',#7735,#1855);
#1322=LINE('',#7738,#1856);
#1323=LINE('',#7739,#1857);
#1324=LINE('',#7742,#1858);
#1325=LINE('',#7743,#1859);
#1326=LINE('',#7746,#1860);
#1327=LINE('',#7747,#1861);
#1328=LINE('',#7749,#1862);
#1329=LINE('',#7750,#1863);
#1330=LINE('',#7752,#1864);
#1331=LINE('',#7754,#1865);
#1332=LINE('',#7758,#1866);
#1333=LINE('',#7759,#1867);
#1334=LINE('',#7760,#1868);
#1335=LINE('',#7762,#1869);
#1336=LINE('',#7763,#1870);
#1337=LINE('',#7764,#1871);
#1338=LINE('',#7765,#1872);
#1339=LINE('',#7766,#1873);
#1340=LINE('',#7767,#1874);
#1341=LINE('',#7768,#1875);
#1342=LINE('',#7769,#1876);
#1343=LINE('',#7770,#1877);
#1344=LINE('',#7771,#1878);
#1345=LINE('',#7772,#1879);
#1346=LINE('',#7773,#1880);
#1347=LINE('',#7774,#1881);
#1348=LINE('',#7775,#1882);
#1349=LINE('',#7777,#1883);
#1350=LINE('',#7778,#1884);
#1351=LINE('',#7780,#1885);
#1352=LINE('',#7782,#1886);
#1353=LINE('',#7783,#1887);
#1354=LINE('',#7785,#1888);
#1355=LINE('',#7789,#1889);
#1356=LINE('',#7790,#1890);
#1357=LINE('',#7791,#1891);
#1358=LINE('',#7797,#1892);
#1359=LINE('',#7801,#1893);
#1360=LINE('',#7806,#1894);
#1361=LINE('',#7809,#1895);
#1362=LINE('',#7811,#1896);
#1363=LINE('',#7816,#1897);
#1364=LINE('',#7820,#1898);
#1365=LINE('',#7828,#1899);
#1366=LINE('',#7830,#1900);
#1367=LINE('',#7832,#1901);
#1368=LINE('',#7833,#1902);
#1369=LINE('',#7837,#1903);
#1370=LINE('',#7838,#1904);
#1371=LINE('',#7839,#1905);
#1372=LINE('',#7843,#1906);
#1373=LINE('',#7844,#1907);
#1374=LINE('',#7845,#1908);
#1375=LINE('',#7847,#1909);
#1376=LINE('',#7848,#1910);
#1377=LINE('',#7852,#1911);
#1378=LINE('',#7854,#1912);
#1379=LINE('',#7855,#1913);
#1380=LINE('',#7858,#1914);
#1381=LINE('',#7859,#1915);
#1382=LINE('',#7862,#1916);
#1383=LINE('',#7864,#1917);
#1384=LINE('',#7865,#1918);
#1385=LINE('',#7868,#1919);
#1386=LINE('',#7869,#1920);
#1387=LINE('',#7873,#1921);
#1388=LINE('',#7874,#1922);
#1389=LINE('',#7875,#1923);
#1390=LINE('',#7877,#1924);
#1391=LINE('',#7879,#1925);
#1392=LINE('',#7881,#1926);
#1393=LINE('',#8075,#1927);
#1394=LINE('',#8223,#1928);
#1395=LINE('',#8243,#1929);
#1396=LINE('',#8281,#1930);
#1397=LINE('',#8283,#1931);
#1398=LINE('',#8421,#1932);
#1399=LINE('',#8442,#1933);
#1400=LINE('',#8579,#1934);
#1401=LINE('',#8599,#1935);
#1402=LINE('',#8650,#1936);
#1403=LINE('',#8671,#1937);
#1404=LINE('',#8808,#1938);
#1405=LINE('',#8828,#1939);
#1406=LINE('',#8879,#1940);
#1407=LINE('',#8900,#1941);
#1408=LINE('',#9037,#1942);
#1409=LINE('',#9057,#1943);
#1410=LINE('',#9108,#1944);
#1411=LINE('',#9129,#1945);
#1412=LINE('',#9266,#1946);
#1413=LINE('',#9286,#1947);
#1414=LINE('',#9337,#1948);
#1415=LINE('',#9358,#1949);
#1416=LINE('',#9495,#1950);
#1417=LINE('',#9515,#1951);
#1418=LINE('',#9566,#1952);
#1419=LINE('',#9587,#1953);
#1420=LINE('',#9724,#1954);
#1421=LINE('',#9744,#1955);
#1422=LINE('',#9795,#1956);
#1423=LINE('',#9816,#1957);
#1424=LINE('',#9953,#1958);
#1425=LINE('',#9973,#1959);
#1426=LINE('',#10024,#1960);
#1427=LINE('',#10045,#1961);
#1428=LINE('',#10331,#1962);
#1429=LINE('',#10350,#1963);
#1430=LINE('',#10356,#1964);
#1431=LINE('',#10364,#1965);
#1432=LINE('',#10372,#1966);
#1433=LINE('',#10378,#1967);
#1434=LINE('',#10385,#1968);
#1435=LINE('',#10392,#1969);
#1436=LINE('',#10398,#1970);
#1437=LINE('',#11936,#1971);
#1438=LINE('',#12136,#1972);
#1439=LINE('',#12142,#1973);
#1440=LINE('',#12144,#1974);
#1441=LINE('',#12146,#1975);
#1442=LINE('',#12148,#1976);
#1443=LINE('',#12150,#1977);
#1444=LINE('',#12152,#1978);
#1445=LINE('',#12154,#1979);
#1446=LINE('',#12156,#1980);
#1447=LINE('',#12158,#1981);
#1448=LINE('',#12160,#1982);
#1449=LINE('',#12162,#1983);
#1450=LINE('',#12163,#1984);
#1451=LINE('',#12166,#1985);
#1452=LINE('',#12168,#1986);
#1453=LINE('',#12169,#1987);
#1454=LINE('',#12172,#1988);
#1455=LINE('',#12174,#1989);
#1456=LINE('',#12175,#1990);
#1457=LINE('',#12177,#1991);
#1458=LINE('',#12178,#1992);
#1459=LINE('',#12181,#1993);
#1460=LINE('',#12182,#1994);
#1461=LINE('',#12185,#1995);
#1462=LINE('',#12187,#1996);
#1463=LINE('',#12188,#1997);
#1464=LINE('',#12189,#1998);
#1465=LINE('',#12192,#1999);
#1466=LINE('',#12194,#2000);
#1467=LINE('',#12195,#2001);
#1468=LINE('',#12197,#2002);
#1469=LINE('',#12199,#2003);
#1470=LINE('',#12203,#2004);
#1471=LINE('',#12204,#2005);
#1472=LINE('',#12207,#2006);
#1473=LINE('',#12208,#2007);
#1474=LINE('',#12210,#2008);
#1475=LINE('',#12218,#2009);
#1476=LINE('',#12227,#2010);
#1477=LINE('',#12229,#2011);
#1478=LINE('',#12231,#2012);
#1479=LINE('',#12232,#2013);
#1480=LINE('',#12235,#2014);
#1481=LINE('',#12237,#2015);
#1482=LINE('',#12238,#2016);
#1483=LINE('',#12241,#2017);
#1484=LINE('',#12243,#2018);
#1485=LINE('',#12244,#2019);
#1486=LINE('',#12246,#2020);
#1487=LINE('',#12247,#2021);
#1488=LINE('',#12265,#2022);
#1489=LINE('',#12278,#2023);
#1490=LINE('',#12302,#2024);
#1491=LINE('',#12303,#2025);
#1492=LINE('',#12318,#2026);
#1493=LINE('',#12331,#2027);
#1494=LINE('',#12355,#2028);
#1495=LINE('',#12356,#2029);
#1496=LINE('',#12380,#2030);
#1497=LINE('',#12393,#2031);
#1498=LINE('',#12405,#2032);
#1499=LINE('',#12407,#2033);
#1500=LINE('',#12418,#2034);
#1501=LINE('',#12422,#2035);
#1502=LINE('',#12424,#2036);
#1503=LINE('',#12426,#2037);
#1504=LINE('',#12427,#2038);
#1505=LINE('',#12429,#2039);
#1506=LINE('',#12431,#2040);
#1507=LINE('',#12433,#2041);
#1508=LINE('',#12434,#2042);
#1509=LINE('',#12437,#2043);
#1510=LINE('',#12439,#2044);
#1511=LINE('',#12440,#2045);
#1512=LINE('',#12443,#2046);
#1513=LINE('',#12445,#2047);
#1514=LINE('',#12447,#2048);
#1515=LINE('',#12448,#2049);
#1516=LINE('',#12450,#2050);
#1517=LINE('',#12451,#2051);
#1518=LINE('',#12453,#2052);
#1519=LINE('',#12457,#2053);
#1520=LINE('',#12459,#2054);
#1521=LINE('',#12460,#2055);
#1522=LINE('',#12463,#2056);
#1523=LINE('',#12465,#2057);
#1524=LINE('',#12467,#2058);
#1525=LINE('',#12468,#2059);
#1526=LINE('',#12470,#2060);
#1527=LINE('',#12471,#2061);
#1528=LINE('',#12473,#2062);
#1529=LINE('',#12476,#2063);
#1530=LINE('',#12477,#2064);
#1531=LINE('',#12478,#2065);
#1532=LINE('',#12479,#2066);
#1533=LINE('',#12481,#2067);
#1534=LINE('',#12482,#2068);
#1535=LINE('',#12484,#2069);
#1536=LINE('',#12486,#2070);
#1537=LINE('',#12488,#2071);
#1538=LINE('',#12489,#2072);
#1539=LINE('',#12490,#2073);
#1540=LINE('',#12493,#2074);
#1541=LINE('',#12495,#2075);
#1542=LINE('',#12496,#2076);
#1543=LINE('',#12498,#2077);
#1544=LINE('',#12499,#2078);
#1545=LINE('',#12502,#2079);
#1546=LINE('',#12515,#2080);
#1547=LINE('',#12582,#2081);
#1548=LINE('',#12650,#2082);
#1549=LINE('',#12651,#2083);
#1550=LINE('',#12653,#2084);
#1551=LINE('',#12658,#2085);
#1552=LINE('',#12683,#2086);
#1553=LINE('',#12713,#2087);
#1554=LINE('',#12743,#2088);
#1555=LINE('',#12774,#2089);
#1556=LINE('',#12811,#2090);
#1557=LINE('',#12854,#2091);
#1558=LINE('',#12930,#2092);
#1559=LINE('',#13006,#2093);
#1560=LINE('',#13085,#2094);
#1561=LINE('',#13102,#2095);
#1562=LINE('',#13148,#2096);
#1563=LINE('',#13153,#2097);
#1564=LINE('',#13159,#2098);
#1565=LINE('',#13165,#2099);
#1566=LINE('',#13249,#2100);
#1567=LINE('',#13270,#2101);
#1568=LINE('',#13302,#2102);
#1569=LINE('',#13319,#2103);
#1570=LINE('',#13325,#2104);
#1571=LINE('',#13331,#2105);
#1572=LINE('',#13337,#2106);
#1573=LINE('',#13352,#2107);
#1574=LINE('',#13843,#2108);
#1575=LINE('',#13891,#2109);
#1576=LINE('',#13892,#2110);
#1577=LINE('',#13894,#2111);
#1578=LINE('',#13897,#2112);
#1579=LINE('',#13899,#2113);
#1580=LINE('',#13902,#2114);
#1581=LINE('',#13904,#2115);
#1582=LINE('',#13910,#2116);
#1583=LINE('',#13911,#2117);
#1584=LINE('',#13914,#2118);
#1585=LINE('',#13915,#2119);
#1586=LINE('',#13917,#2120);
#1587=LINE('',#13919,#2121);
#1588=LINE('',#13929,#2122);
#1589=LINE('',#13931,#2123);
#1590=LINE('',#13933,#2124);
#1591=LINE('',#13941,#2125);
#1592=LINE('',#13942,#2126);
#1593=LINE('',#13962,#2127);
#1594=LINE('',#13963,#2128);
#1595=LINE('',#13965,#2129);
#1596=LINE('',#13967,#2130);
#1597=LINE('',#13969,#2131);
#1598=LINE('',#13971,#2132);
#1599=VECTOR('',#5991,1.);
#1600=VECTOR('',#5992,1.);
#1601=VECTOR('',#5993,1.);
#1602=VECTOR('',#5994,1.);
#1603=VECTOR('',#5997,1.);
#1604=VECTOR('',#5998,1.);
#1605=VECTOR('',#5999,1.);
#1606=VECTOR('',#6000,1.);
#1607=VECTOR('',#6001,1.);
#1608=VECTOR('',#6004,1.);
#1609=VECTOR('',#6005,1.);
#1610=VECTOR('',#6006,1.);
#1611=VECTOR('',#6007,1.);
#1612=VECTOR('',#6008,1.);
#1613=VECTOR('',#6011,1.);
#1614=VECTOR('',#6012,1.);
#1615=VECTOR('',#6013,1.);
#1616=VECTOR('',#6014,1.);
#1617=VECTOR('',#6017,1.);
#1618=VECTOR('',#6018,1.);
#1619=VECTOR('',#6019,1.);
#1620=VECTOR('',#6020,1.);
#1621=VECTOR('',#6023,1.);
#1622=VECTOR('',#6024,1.);
#1623=VECTOR('',#6025,1.);
#1624=VECTOR('',#6026,1.);
#1625=VECTOR('',#6029,1.);
#1626=VECTOR('',#6030,1.);
#1627=VECTOR('',#6031,1.);
#1628=VECTOR('',#6032,1.);
#1629=VECTOR('',#6035,1.);
#1630=VECTOR('',#6036,1.);
#1631=VECTOR('',#6037,1.);
#1632=VECTOR('',#6038,1.);
#1633=VECTOR('',#6041,1.);
#1634=VECTOR('',#6042,1.);
#1635=VECTOR('',#6043,1.);
#1636=VECTOR('',#6044,1.);
#1637=VECTOR('',#6047,1.);
#1638=VECTOR('',#6048,1.);
#1639=VECTOR('',#6049,1.);
#1640=VECTOR('',#6050,1.);
#1641=VECTOR('',#6053,1.);
#1642=VECTOR('',#6054,1.);
#1643=VECTOR('',#6055,1.);
#1644=VECTOR('',#6056,1.);
#1645=VECTOR('',#6059,1.);
#1646=VECTOR('',#6060,1.);
#1647=VECTOR('',#6061,1.);
#1648=VECTOR('',#6062,1.);
#1649=VECTOR('',#6063,1.);
#1650=VECTOR('',#6064,1.);
#1651=VECTOR('',#6067,1.);
#1652=VECTOR('',#6068,1.);
#1653=VECTOR('',#6069,1.);
#1654=VECTOR('',#6070,1.);
#1655=VECTOR('',#6073,1.);
#1656=VECTOR('',#6074,1.);
#1657=VECTOR('',#6075,1.);
#1658=VECTOR('',#6076,1.);
#1659=VECTOR('',#6077,1.);
#1660=VECTOR('',#6078,1.);
#1661=VECTOR('',#6079,1.);
#1662=VECTOR('',#6080,1.);
#1663=VECTOR('',#6081,1.);
#1664=VECTOR('',#6082,1.);
#1665=VECTOR('',#6083,1.);
#1666=VECTOR('',#6084,1.);
#1667=VECTOR('',#6085,1.);
#1668=VECTOR('',#6086,1.);
#1669=VECTOR('',#6087,1.);
#1670=VECTOR('',#6088,1.);
#1671=VECTOR('',#6089,1.);
#1672=VECTOR('',#6090,1.);
#1673=VECTOR('',#6091,1.);
#1674=VECTOR('',#6092,1.);
#1675=VECTOR('',#6093,1.);
#1676=VECTOR('',#6094,1.);
#1677=VECTOR('',#6095,1.);
#1678=VECTOR('',#6096,1.);
#1679=VECTOR('',#6097,1.);
#1680=VECTOR('',#6098,1.);
#1681=VECTOR('',#6099,1.);
#1682=VECTOR('',#6100,1.);
#1683=VECTOR('',#6101,1.);
#1684=VECTOR('',#6102,1.);
#1685=VECTOR('',#6103,1.);
#1686=VECTOR('',#6104,1.);
#1687=VECTOR('',#6105,1.);
#1688=VECTOR('',#6106,1.);
#1689=VECTOR('',#6107,1.);
#1690=VECTOR('',#6108,1.);
#1691=VECTOR('',#6109,1.);
#1692=VECTOR('',#6110,1.);
#1693=VECTOR('',#6111,1.);
#1694=VECTOR('',#6112,1.);
#1695=VECTOR('',#6113,1.);
#1696=VECTOR('',#6114,1.);
#1697=VECTOR('',#6115,1.);
#1698=VECTOR('',#6116,1.);
#1699=VECTOR('',#6117,1.);
#1700=VECTOR('',#6118,1.);
#1701=VECTOR('',#6119,1.);
#1702=VECTOR('',#6120,1.);
#1703=VECTOR('',#6121,1.);
#1704=VECTOR('',#6122,1.);
#1705=VECTOR('',#6123,1.);
#1706=VECTOR('',#6124,1.);
#1707=VECTOR('',#6125,1.);
#1708=VECTOR('',#6126,1.);
#1709=VECTOR('',#6127,1.);
#1710=VECTOR('',#6128,1.);
#1711=VECTOR('',#6129,1.);
#1712=VECTOR('',#6130,1.);
#1713=VECTOR('',#6131,1.);
#1714=VECTOR('',#6132,1.);
#1715=VECTOR('',#6133,1.);
#1716=VECTOR('',#6134,1.);
#1717=VECTOR('',#6135,1.);
#1718=VECTOR('',#6136,1.);
#1719=VECTOR('',#6139,1.);
#1720=VECTOR('',#6140,1.);
#1721=VECTOR('',#6141,1.);
#1722=VECTOR('',#6142,1.);
#1723=VECTOR('',#6145,1.);
#1724=VECTOR('',#6146,1.);
#1725=VECTOR('',#6147,1.);
#1726=VECTOR('',#6150,1.);
#1727=VECTOR('',#6151,1.);
#1728=VECTOR('',#6152,1.);
#1729=VECTOR('',#6153,1.);
#1730=VECTOR('',#6156,1.);
#1731=VECTOR('',#6157,1.);
#1732=VECTOR('',#6158,1.);
#1733=VECTOR('',#6159,1.);
#1734=VECTOR('',#6162,1.);
#1735=VECTOR('',#6163,1.);
#1736=VECTOR('',#6166,1.);
#1737=VECTOR('',#6167,1.);
#1738=VECTOR('',#6168,1.);
#1739=VECTOR('',#6171,1.);
#1740=VECTOR('',#6172,1.);
#1741=VECTOR('',#6175,1.);
#1742=VECTOR('',#6176,1.);
#1743=VECTOR('',#6177,1.);
#1744=VECTOR('',#6180,1.);
#1745=VECTOR('',#6181,1.);
#1746=VECTOR('',#6182,1.);
#1747=VECTOR('',#6183,1.);
#1748=VECTOR('',#6186,1.);
#1749=VECTOR('',#6187,1.);
#1750=VECTOR('',#6188,1.);
#1751=VECTOR('',#6189,1.);
#1752=VECTOR('',#6192,1.);
#1753=VECTOR('',#6193,1.);
#1754=VECTOR('',#6194,1.);
#1755=VECTOR('',#6197,1.);
#1756=VECTOR('',#6198,1.);
#1757=VECTOR('',#6199,1.);
#1758=VECTOR('',#6202,1.);
#1759=VECTOR('',#6203,1.);
#1760=VECTOR('',#6204,1.);
#1761=VECTOR('',#6207,1.);
#1762=VECTOR('',#6208,1.);
#1763=VECTOR('',#6209,1.);
#1764=VECTOR('',#6212,1.);
#1765=VECTOR('',#6213,1.);
#1766=VECTOR('',#6214,1.);
#1767=VECTOR('',#6217,1.);
#1768=VECTOR('',#6218,1.);
#1769=VECTOR('',#6221,1.);
#1770=VECTOR('',#6222,1.);
#1771=VECTOR('',#6223,1.);
#1772=VECTOR('',#6226,1.);
#1773=VECTOR('',#6227,1.);
#1774=VECTOR('',#6228,1.);
#1775=VECTOR('',#6231,1.);
#1776=VECTOR('',#6232,1.);
#1777=VECTOR('',#6233,1.);
#1778=VECTOR('',#6236,1.);
#1779=VECTOR('',#6237,1.);
#1780=VECTOR('',#6238,1.);
#1781=VECTOR('',#6241,1.);
#1782=VECTOR('',#6242,1.);
#1783=VECTOR('',#6243,1.);
#1784=VECTOR('',#6244,1.);
#1785=VECTOR('',#6247,1.);
#1786=VECTOR('',#6248,1.);
#1787=VECTOR('',#6251,1.);
#1788=VECTOR('',#6252,1.);
#1789=VECTOR('',#6253,1.);
#1790=VECTOR('',#6256,1.);
#1791=VECTOR('',#6257,1.);
#1792=VECTOR('',#6258,1.);
#1793=VECTOR('',#6261,1.);
#1794=VECTOR('',#6262,1.);
#1795=VECTOR('',#6263,1.);
#1796=VECTOR('',#6264,1.);
#1797=VECTOR('',#6267,1.);
#1798=VECTOR('',#6268,1.);
#1799=VECTOR('',#6271,1.);
#1800=VECTOR('',#6272,1.);
#1801=VECTOR('',#6273,1.);
#1802=VECTOR('',#6276,1.);
#1803=VECTOR('',#6277,1.);
#1804=VECTOR('',#6280,1.);
#1805=VECTOR('',#6281,1.);
#1806=VECTOR('',#6282,1.);
#1807=VECTOR('',#6285,1.);
#1808=VECTOR('',#6286,1.);
#1809=VECTOR('',#6287,1.);
#1810=VECTOR('',#6290,1.);
#1811=VECTOR('',#6291,1.);
#1812=VECTOR('',#6292,1.);
#1813=VECTOR('',#6293,1.);
#1814=VECTOR('',#6296,1.);
#1815=VECTOR('',#6297,1.);
#1816=VECTOR('',#6298,1.);
#1817=VECTOR('',#6301,1.);
#1818=VECTOR('',#6302,1.);
#1819=VECTOR('',#6303,1.);
#1820=VECTOR('',#6306,1.);
#1821=VECTOR('',#6307,1.);
#1822=VECTOR('',#6310,1.);
#1823=VECTOR('',#6311,1.);
#1824=VECTOR('',#6312,1.);
#1825=VECTOR('',#6315,1.);
#1826=VECTOR('',#6316,1.);
#1827=VECTOR('',#6319,1.);
#1828=VECTOR('',#6320,1.);
#1829=VECTOR('',#6323,1.);
#1830=VECTOR('',#6326,1.);
#1831=VECTOR('',#6329,1.);
#1832=VECTOR('',#6332,1.);
#1833=VECTOR('',#6333,1.);
#1834=VECTOR('',#6334,1.);
#1835=VECTOR('',#6337,1.);
#1836=VECTOR('',#6338,1.);
#1837=VECTOR('',#6339,1.);
#1838=VECTOR('',#6342,1.);
#1839=VECTOR('',#6343,1.);
#1840=VECTOR('',#6344,1.);
#1841=VECTOR('',#6347,1.);
#1842=VECTOR('',#6350,1.);
#1843=VECTOR('',#6353,1.);
#1844=VECTOR('',#6354,1.);
#1845=VECTOR('',#6357,1.);
#1846=VECTOR('',#6358,1.);
#1847=VECTOR('',#6359,1.);
#1848=VECTOR('',#6364,1.);
#1849=VECTOR('',#6365,1.);
#1850=VECTOR('',#6368,1.);
#1851=VECTOR('',#6371,1.);
#1852=VECTOR('',#6372,1.);
#1853=VECTOR('',#6373,1.);
#1854=VECTOR('',#6378,1.);
#1855=VECTOR('',#6379,1.);
#1856=VECTOR('',#6382,1.);
#1857=VECTOR('',#6383,1.);
#1858=VECTOR('',#6386,1.);
#1859=VECTOR('',#6387,1.);
#1860=VECTOR('',#6390,1.);
#1861=VECTOR('',#6391,1.);
#1862=VECTOR('',#6394,1.);
#1863=VECTOR('',#6395,1.);
#1864=VECTOR('',#6398,1.);
#1865=VECTOR('',#6401,1.);
#1866=VECTOR('',#6404,1.);
#1867=VECTOR('',#6405,1.);
#1868=VECTOR('',#6406,1.);
#1869=VECTOR('',#6409,1.);
#1870=VECTOR('',#6410,1.);
#1871=VECTOR('',#6411,1.);
#1872=VECTOR('',#6412,1.);
#1873=VECTOR('',#6413,1.);
#1874=VECTOR('',#6414,1.);
#1875=VECTOR('',#6415,1.);
#1876=VECTOR('',#6416,1.);
#1877=VECTOR('',#6417,1.);
#1878=VECTOR('',#6418,1.);
#1879=VECTOR('',#6419,1.);
#1880=VECTOR('',#6420,1.);
#1881=VECTOR('',#6421,1.);
#1882=VECTOR('',#6422,1.);
#1883=VECTOR('',#6423,1.);
#1884=VECTOR('',#6424,1.);
#1885=VECTOR('',#6425,1.);
#1886=VECTOR('',#6426,1.);
#1887=VECTOR('',#6427,1.);
#1888=VECTOR('',#6430,1.);
#1889=VECTOR('',#6433,1.);
#1890=VECTOR('',#6434,1.);
#1891=VECTOR('',#6435,1.);
#1892=VECTOR('',#6446,1.);
#1893=VECTOR('',#6453,1.);
#1894=VECTOR('',#6462,1.);
#1895=VECTOR('',#6467,1.);
#1896=VECTOR('',#6470,1.);
#1897=VECTOR('',#6479,1.);
#1898=VECTOR('',#6486,1.);
#1899=VECTOR('',#6497,1.);
#1900=VECTOR('',#6498,1.);
#1901=VECTOR('',#6499,1.);
#1902=VECTOR('',#6500,1.);
#1903=VECTOR('',#6503,1.);
#1904=VECTOR('',#6504,1.);
#1905=VECTOR('',#6505,1.);
#1906=VECTOR('',#6508,1.);
#1907=VECTOR('',#6509,1.);
#1908=VECTOR('',#6510,1.);
#1909=VECTOR('',#6513,1.);
#1910=VECTOR('',#6514,1.);
#1911=VECTOR('',#6519,1.);
#1912=VECTOR('',#6520,1.);
#1913=VECTOR('',#6521,1.);
#1914=VECTOR('',#6524,1.);
#1915=VECTOR('',#6525,1.);
#1916=VECTOR('',#6528,1.);
#1917=VECTOR('',#6529,1.);
#1918=VECTOR('',#6530,1.);
#1919=VECTOR('',#6533,1.);
#1920=VECTOR('',#6534,1.);
#1921=VECTOR('',#6537,1.);
#1922=VECTOR('',#6538,1.);
#1923=VECTOR('',#6539,1.);
#1924=VECTOR('',#6542,1.);
#1925=VECTOR('',#6545,1.);
#1926=VECTOR('',#6548,1.);
#1927=VECTOR('',#6575,1.);
#1928=VECTOR('',#6576,1.);
#1929=VECTOR('',#6577,1.);
#1930=VECTOR('',#6578,1.);
#1931=VECTOR('',#6579,1.);
#1932=VECTOR('',#6580,1.);
#1933=VECTOR('',#6581,1.);
#1934=VECTOR('',#6582,1.);
#1935=VECTOR('',#6583,1.);
#1936=VECTOR('',#6584,1.);
#1937=VECTOR('',#6585,0.999999999999999);
#1938=VECTOR('',#6586,1.);
#1939=VECTOR('',#6587,0.999999999999999);
#1940=VECTOR('',#6588,1.);
#1941=VECTOR('',#6589,1.);
#1942=VECTOR('',#6590,1.);
#1943=VECTOR('',#6591,1.);
#1944=VECTOR('',#6592,1.);
#1945=VECTOR('',#6593,1.);
#1946=VECTOR('',#6594,0.999999999999999);
#1947=VECTOR('',#6595,1.);
#1948=VECTOR('',#6596,0.999999999999999);
#1949=VECTOR('',#6597,1.);
#1950=VECTOR('',#6598,1.);
#1951=VECTOR('',#6599,1.);
#1952=VECTOR('',#6600,1.);
#1953=VECTOR('',#6601,1.);
#1954=VECTOR('',#6602,1.);
#1955=VECTOR('',#6603,1.);
#1956=VECTOR('',#6604,1.);
#1957=VECTOR('',#6605,0.999999999999999);
#1958=VECTOR('',#6606,0.999999999999999);
#1959=VECTOR('',#6607,0.999999999999999);
#1960=VECTOR('',#6608,0.999999999999999);
#1961=VECTOR('',#6609,1.);
#1962=VECTOR('',#6610,1.);
#1963=VECTOR('',#6617,3.15);
#1964=VECTOR('',#6624,2.625);
#1965=VECTOR('',#6635,2.625);
#1966=VECTOR('',#6646,0.4);
#1967=VECTOR('',#6653,2.625);
#1968=VECTOR('',#6662,2.30079569215155);
#1969=VECTOR('',#6671,2.11488228583908);
#1970=VECTOR('',#6680,0.5);
#1971=VECTOR('',#6685,1.);
#1972=VECTOR('',#6694,1.85);
#1973=VECTOR('',#6701,1.);
#1974=VECTOR('',#6702,1.);
#1975=VECTOR('',#6703,1.);
#1976=VECTOR('',#6704,1.);
#1977=VECTOR('',#6705,1.);
#1978=VECTOR('',#6706,1.);
#1979=VECTOR('',#6707,1.);
#1980=VECTOR('',#6708,1.);
#1981=VECTOR('',#6709,1.);
#1982=VECTOR('',#6710,1.);
#1983=VECTOR('',#6711,1.);
#1984=VECTOR('',#6712,1.);
#1985=VECTOR('',#6715,1.);
#1986=VECTOR('',#6716,1.);
#1987=VECTOR('',#6717,1.);
#1988=VECTOR('',#6720,1.);
#1989=VECTOR('',#6721,1.);
#1990=VECTOR('',#6722,1.);
#1991=VECTOR('',#6723,1.);
#1992=VECTOR('',#6724,1.);
#1993=VECTOR('',#6727,1.);
#1994=VECTOR('',#6728,1.);
#1995=VECTOR('',#6731,1.);
#1996=VECTOR('',#6732,1.);
#1997=VECTOR('',#6733,1.);
#1998=VECTOR('',#6734,1.);
#1999=VECTOR('',#6737,1.);
#2000=VECTOR('',#6738,1.);
#2001=VECTOR('',#6739,1.);
#2002=VECTOR('',#6742,1.);
#2003=VECTOR('',#6745,1.);
#2004=VECTOR('',#6750,1.);
#2005=VECTOR('',#6751,1.);
#2006=VECTOR('',#6754,1.);
#2007=VECTOR('',#6755,1.);
#2008=VECTOR('',#6758,1.);
#2009=VECTOR('',#6769,0.55);
#2010=VECTOR('',#6782,1.);
#2011=VECTOR('',#6783,1.);
#2012=VECTOR('',#6784,1.);
#2013=VECTOR('',#6785,1.);
#2014=VECTOR('',#6788,1.);
#2015=VECTOR('',#6789,1.);
#2016=VECTOR('',#6790,1.);
#2017=VECTOR('',#6793,1.);
#2018=VECTOR('',#6794,1.);
#2019=VECTOR('',#6795,1.);
#2020=VECTOR('',#6798,1.);
#2021=VECTOR('',#6799,1.);
#2022=VECTOR('',#6806,10.);
#2023=VECTOR('',#6807,1.);
#2024=VECTOR('',#6810,1.);
#2025=VECTOR('',#6811,1.);
#2026=VECTOR('',#6812,10.);
#2027=VECTOR('',#6813,1.);
#2028=VECTOR('',#6816,1.);
#2029=VECTOR('',#6817,1.);
#2030=VECTOR('',#6818,1.);
#2031=VECTOR('',#6821,1.);
#2032=VECTOR('',#6822,1.);
#2033=VECTOR('',#6825,1.);
#2034=VECTOR('',#6826,1.);
#2035=VECTOR('',#6829,1.);
#2036=VECTOR('',#6830,1.);
#2037=VECTOR('',#6831,1.);
#2038=VECTOR('',#6832,1.);
#2039=VECTOR('',#6835,1.);
#2040=VECTOR('',#6838,1.);
#2041=VECTOR('',#6839,1.);
#2042=VECTOR('',#6840,1.);
#2043=VECTOR('',#6843,1.);
#2044=VECTOR('',#6844,1.);
#2045=VECTOR('',#6845,1.);
#2046=VECTOR('',#6848,1.);
#2047=VECTOR('',#6849,1.);
#2048=VECTOR('',#6850,1.);
#2049=VECTOR('',#6851,1.);
#2050=VECTOR('',#6854,1.);
#2051=VECTOR('',#6855,1.);
#2052=VECTOR('',#6858,1.);
#2053=VECTOR('',#6863,1.);
#2054=VECTOR('',#6864,1.);
#2055=VECTOR('',#6865,1.);
#2056=VECTOR('',#6868,1.);
#2057=VECTOR('',#6869,1.);
#2058=VECTOR('',#6870,1.);
#2059=VECTOR('',#6871,1.);
#2060=VECTOR('',#6874,1.);
#2061=VECTOR('',#6875,1.);
#2062=VECTOR('',#6878,1.);
#2063=VECTOR('',#6883,1.);
#2064=VECTOR('',#6884,1.);
#2065=VECTOR('',#6885,1.);
#2066=VECTOR('',#6886,1.);
#2067=VECTOR('',#6889,1.);
#2068=VECTOR('',#6890,1.);
#2069=VECTOR('',#6893,1.);
#2070=VECTOR('',#6896,1.);
#2071=VECTOR('',#6899,1.);
#2072=VECTOR('',#6900,1.);
#2073=VECTOR('',#6901,1.);
#2074=VECTOR('',#6904,1.);
#2075=VECTOR('',#6905,1.);
#2076=VECTOR('',#6906,1.);
#2077=VECTOR('',#6909,1.);
#2078=VECTOR('',#6910,1.);
#2079=VECTOR('',#6915,1.);
#2080=VECTOR('',#6916,1.);
#2081=VECTOR('',#6921,1.);
#2082=VECTOR('',#6948,1000.);
#2083=VECTOR('',#6949,1000.);
#2084=VECTOR('',#6952,1000.);
#2085=VECTOR('',#6957,2.7);
#2086=VECTOR('',#6962,2.7);
#2087=VECTOR('',#6965,2.7);
#2088=VECTOR('',#6968,2.7);
#2089=VECTOR('',#6973,3.175);
#2090=VECTOR('',#6976,3.175);
#2091=VECTOR('',#6983,3.175);
#2092=VECTOR('',#6986,3.175);
#2093=VECTOR('',#6989,3.175);
#2094=VECTOR('',#6994,3.175);
#2095=VECTOR('',#6997,3.175);
#2096=VECTOR('',#7002,10.);
#2097=VECTOR('',#7007,2.295);
#2098=VECTOR('',#7014,2.);
#2099=VECTOR('',#7021,0.44);
#2100=VECTOR('',#7036,3.9);
#2101=VECTOR('',#7041,4.56106712659805);
#2102=VECTOR('',#7046,3.90106712659805);
#2103=VECTOR('',#7053,3.15);
#2104=VECTOR('',#7060,2.5);
#2105=VECTOR('',#7067,4.05);
#2106=VECTOR('',#7074,3.55);
#2107=VECTOR('',#7089,4.05);
#2108=VECTOR('',#7110,10.);
#2109=VECTOR('',#7125,1000.);
#2110=VECTOR('',#7126,1000.);
#2111=VECTOR('',#7127,1000.);
#2112=VECTOR('',#7130,1000.);
#2113=VECTOR('',#7133,1000.);
#2114=VECTOR('',#7138,1000.);
#2115=VECTOR('',#7141,1000.);
#2116=VECTOR('',#7150,1000.);
#2117=VECTOR('',#7151,1000.);
#2118=VECTOR('',#7154,1000.);
#2119=VECTOR('',#7155,1000.);
#2120=VECTOR('',#7158,1000.);
#2121=VECTOR('',#7161,1000.);
#2122=VECTOR('',#7164,1000.);
#2123=VECTOR('',#7165,1000.);
#2124=VECTOR('',#7166,1000.);
#2125=VECTOR('',#7169,1000.);
#2126=VECTOR('',#7170,1000.);
#2127=VECTOR('',#7185,1000.);
#2128=VECTOR('',#7186,1000.);
#2129=VECTOR('',#7189,1000.);
#2130=VECTOR('',#7192,1000.);
#2131=VECTOR('',#7195,1000.);
#2132=VECTOR('',#7198,1000.);
#2133=VERTEX_POINT('',#7223);
#2134=VERTEX_POINT('',#7224);
#2135=VERTEX_POINT('',#7226);
#2136=VERTEX_POINT('',#7228);
#2137=VERTEX_POINT('',#7232);
#2138=VERTEX_POINT('',#7233);
#2139=VERTEX_POINT('',#7236);
#2140=VERTEX_POINT('',#7238);
#2141=VERTEX_POINT('',#7242);
#2142=VERTEX_POINT('',#7243);
#2143=VERTEX_POINT('',#7245);
#2144=VERTEX_POINT('',#7248);
#2145=VERTEX_POINT('',#7252);
#2146=VERTEX_POINT('',#7253);
#2147=VERTEX_POINT('',#7255);
#2148=VERTEX_POINT('',#7257);
#2149=VERTEX_POINT('',#7261);
#2150=VERTEX_POINT('',#7262);
#2151=VERTEX_POINT('',#7264);
#2152=VERTEX_POINT('',#7266);
#2153=VERTEX_POINT('',#7270);
#2154=VERTEX_POINT('',#7271);
#2155=VERTEX_POINT('',#7273);
#2156=VERTEX_POINT('',#7275);
#2157=VERTEX_POINT('',#7279);
#2158=VERTEX_POINT('',#7280);
#2159=VERTEX_POINT('',#7282);
#2160=VERTEX_POINT('',#7284);
#2161=VERTEX_POINT('',#7288);
#2162=VERTEX_POINT('',#7289);
#2163=VERTEX_POINT('',#7291);
#2164=VERTEX_POINT('',#7293);
#2165=VERTEX_POINT('',#7297);
#2166=VERTEX_POINT('',#7298);
#2167=VERTEX_POINT('',#7300);
#2168=VERTEX_POINT('',#7302);
#2169=VERTEX_POINT('',#7306);
#2170=VERTEX_POINT('',#7307);
#2171=VERTEX_POINT('',#7309);
#2172=VERTEX_POINT('',#7311);
#2173=VERTEX_POINT('',#7315);
#2174=VERTEX_POINT('',#7316);
#2175=VERTEX_POINT('',#7318);
#2176=VERTEX_POINT('',#7320);
#2177=VERTEX_POINT('',#7324);
#2178=VERTEX_POINT('',#7325);
#2179=VERTEX_POINT('',#7327);
#2180=VERTEX_POINT('',#7329);
#2181=VERTEX_POINT('',#7331);
#2182=VERTEX_POINT('',#7333);
#2183=VERTEX_POINT('',#7337);
#2184=VERTEX_POINT('',#7338);
#2185=VERTEX_POINT('',#7340);
#2186=VERTEX_POINT('',#7342);
#2187=VERTEX_POINT('',#7346);
#2188=VERTEX_POINT('',#7348);
#2189=VERTEX_POINT('',#7350);
#2190=VERTEX_POINT('',#7352);
#2191=VERTEX_POINT('',#7354);
#2192=VERTEX_POINT('',#7356);
#2193=VERTEX_POINT('',#7358);
#2194=VERTEX_POINT('',#7361);
#2195=VERTEX_POINT('',#7363);
#2196=VERTEX_POINT('',#7366);
#2197=VERTEX_POINT('',#7368);
#2198=VERTEX_POINT('',#7370);
#2199=VERTEX_POINT('',#7372);
#2200=VERTEX_POINT('',#7374);
#2201=VERTEX_POINT('',#7376);
#2202=VERTEX_POINT('',#7378);
#2203=VERTEX_POINT('',#7380);
#2204=VERTEX_POINT('',#7382);
#2205=VERTEX_POINT('',#7385);
#2206=VERTEX_POINT('',#7387);
#2207=VERTEX_POINT('',#7389);
#2208=VERTEX_POINT('',#7391);
#2209=VERTEX_POINT('',#7393);
#2210=VERTEX_POINT('',#7395);
#2211=VERTEX_POINT('',#7397);
#2212=VERTEX_POINT('',#7399);
#2213=VERTEX_POINT('',#7401);
#2214=VERTEX_POINT('',#7403);
#2215=VERTEX_POINT('',#7405);
#2216=VERTEX_POINT('',#7407);
#2217=VERTEX_POINT('',#7409);
#2218=VERTEX_POINT('',#7411);
#2219=VERTEX_POINT('',#7413);
#2220=VERTEX_POINT('',#7415);
#2221=VERTEX_POINT('',#7418);
#2222=VERTEX_POINT('',#7419);
#2223=VERTEX_POINT('',#7421);
#2224=VERTEX_POINT('',#7423);
#2225=VERTEX_POINT('',#7426);
#2226=VERTEX_POINT('',#7427);
#2227=VERTEX_POINT('',#7429);
#2228=VERTEX_POINT('',#7431);
#2229=VERTEX_POINT('',#7434);
#2230=VERTEX_POINT('',#7435);
#2231=VERTEX_POINT('',#7437);
#2232=VERTEX_POINT('',#7439);
#2233=VERTEX_POINT('',#7442);
#2234=VERTEX_POINT('',#7443);
#2235=VERTEX_POINT('',#7445);
#2236=VERTEX_POINT('',#7447);
#2237=VERTEX_POINT('',#7450);
#2238=VERTEX_POINT('',#7452);
#2239=VERTEX_POINT('',#7455);
#2240=VERTEX_POINT('',#7456);
#2241=VERTEX_POINT('',#7458);
#2242=VERTEX_POINT('',#7460);
#2243=VERTEX_POINT('',#7463);
#2244=VERTEX_POINT('',#7465);
#2245=VERTEX_POINT('',#7469);
#2246=VERTEX_POINT('',#7470);
#2247=VERTEX_POINT('',#7473);
#2248=VERTEX_POINT('',#7477);
#2249=VERTEX_POINT('',#7478);
#2250=VERTEX_POINT('',#7483);
#2251=VERTEX_POINT('',#7484);
#2252=VERTEX_POINT('',#7487);
#2253=VERTEX_POINT('',#7491);
#2254=VERTEX_POINT('',#7492);
#2255=VERTEX_POINT('',#7494);
#2256=VERTEX_POINT('',#7499);
#2257=VERTEX_POINT('',#7503);
#2258=VERTEX_POINT('',#7505);
#2259=VERTEX_POINT('',#7509);
#2260=VERTEX_POINT('',#7513);
#2261=VERTEX_POINT('',#7515);
#2262=VERTEX_POINT('',#7519);
#2263=VERTEX_POINT('',#7520);
#2264=VERTEX_POINT('',#7522);
#2265=VERTEX_POINT('',#7527);
#2266=VERTEX_POINT('',#7528);
#2267=VERTEX_POINT('',#7534);
#2268=VERTEX_POINT('',#7535);
#2269=VERTEX_POINT('',#7540);
#2270=VERTEX_POINT('',#7541);
#2271=VERTEX_POINT('',#7546);
#2272=VERTEX_POINT('',#7547);
#2273=VERTEX_POINT('',#7552);
#2274=VERTEX_POINT('',#7554);
#2275=VERTEX_POINT('',#7558);
#2276=VERTEX_POINT('',#7559);
#2277=VERTEX_POINT('',#7564);
#2278=VERTEX_POINT('',#7568);
#2279=VERTEX_POINT('',#7569);
#2280=VERTEX_POINT('',#7574);
#2281=VERTEX_POINT('',#7575);
#2282=VERTEX_POINT('',#7580);
#2283=VERTEX_POINT('',#7581);
#2284=VERTEX_POINT('',#7586);
#2285=VERTEX_POINT('',#7587);
#2286=VERTEX_POINT('',#7592);
#2287=VERTEX_POINT('',#7593);
#2288=VERTEX_POINT('',#7596);
#2289=VERTEX_POINT('',#7603);
#2290=VERTEX_POINT('',#7604);
#2291=VERTEX_POINT('',#7609);
#2292=VERTEX_POINT('',#7610);
#2293=VERTEX_POINT('',#7615);
#2294=VERTEX_POINT('',#7616);
#2295=VERTEX_POINT('',#7619);
#2296=VERTEX_POINT('',#7623);
#2297=VERTEX_POINT('',#7627);
#2298=VERTEX_POINT('',#7629);
#2299=VERTEX_POINT('',#7636);
#2300=VERTEX_POINT('',#7637);
#2301=VERTEX_POINT('',#7642);
#2302=VERTEX_POINT('',#7643);
#2303=VERTEX_POINT('',#7648);
#2304=VERTEX_POINT('',#7649);
#2305=VERTEX_POINT('',#7651);
#2306=VERTEX_POINT('',#7653);
#2307=VERTEX_POINT('',#7657);
#2308=VERTEX_POINT('',#7658);
#2309=VERTEX_POINT('',#7663);
#2310=VERTEX_POINT('',#7665);
#2311=VERTEX_POINT('',#7669);
#2312=VERTEX_POINT('',#7673);
#2313=VERTEX_POINT('',#7681);
#2314=VERTEX_POINT('',#7691);
#2315=VERTEX_POINT('',#7692);
#2316=VERTEX_POINT('',#7697);
#2317=VERTEX_POINT('',#7702);
#2318=VERTEX_POINT('',#7703);
#2319=VERTEX_POINT('',#7715);
#2320=VERTEX_POINT('',#7717);
#2321=VERTEX_POINT('',#7727);
#2322=VERTEX_POINT('',#7728);
#2323=VERTEX_POINT('',#7737);
#2324=VERTEX_POINT('',#7741);
#2325=VERTEX_POINT('',#7745);
#2326=VERTEX_POINT('',#7756);
#2327=VERTEX_POINT('',#7757);
#2328=VERTEX_POINT('',#7776);
#2329=VERTEX_POINT('',#7779);
#2330=VERTEX_POINT('',#7781);
#2331=VERTEX_POINT('',#7787);
#2332=VERTEX_POINT('',#7788);
#2333=VERTEX_POINT('',#7826);
#2334=VERTEX_POINT('',#7827);
#2335=VERTEX_POINT('',#7829);
#2336=VERTEX_POINT('',#7831);
#2337=VERTEX_POINT('',#7835);
#2338=VERTEX_POINT('',#7836);
#2339=VERTEX_POINT('',#7841);
#2340=VERTEX_POINT('',#7842);
#2341=VERTEX_POINT('',#7851);
#2342=VERTEX_POINT('',#7853);
#2343=VERTEX_POINT('',#7857);
#2344=VERTEX_POINT('',#7861);
#2345=VERTEX_POINT('',#7863);
#2346=VERTEX_POINT('',#7867);
#2347=VERTEX_POINT('',#7871);
#2348=VERTEX_POINT('',#7872);
#2349=VERTEX_POINT('',#7894);
#2350=VERTEX_POINT('',#7895);
#2351=VERTEX_POINT('',#7967);
#2352=VERTEX_POINT('',#8074);
#2353=VERTEX_POINT('',#8076);
#2354=VERTEX_POINT('',#8136);
#2355=VERTEX_POINT('',#8222);
#2356=VERTEX_POINT('',#8224);
#2357=VERTEX_POINT('',#8280);
#2358=VERTEX_POINT('',#8282);
#2359=VERTEX_POINT('',#8284);
#2360=VERTEX_POINT('',#8419);
#2361=VERTEX_POINT('',#8420);
#2362=VERTEX_POINT('',#8422);
#2363=VERTEX_POINT('',#8441);
#2364=VERTEX_POINT('',#8443);
#2365=VERTEX_POINT('',#8578);
#2366=VERTEX_POINT('',#8598);
#2367=VERTEX_POINT('',#8649);
#2368=VERTEX_POINT('',#8651);
#2369=VERTEX_POINT('',#8670);
#2370=VERTEX_POINT('',#8672);
#2371=VERTEX_POINT('',#8807);
#2372=VERTEX_POINT('',#8827);
#2373=VERTEX_POINT('',#8878);
#2374=VERTEX_POINT('',#8880);
#2375=VERTEX_POINT('',#8899);
#2376=VERTEX_POINT('',#8901);
#2377=VERTEX_POINT('',#9036);
#2378=VERTEX_POINT('',#9056);
#2379=VERTEX_POINT('',#9107);
#2380=VERTEX_POINT('',#9109);
#2381=VERTEX_POINT('',#9128);
#2382=VERTEX_POINT('',#9130);
#2383=VERTEX_POINT('',#9265);
#2384=VERTEX_POINT('',#9285);
#2385=VERTEX_POINT('',#9336);
#2386=VERTEX_POINT('',#9338);
#2387=VERTEX_POINT('',#9357);
#2388=VERTEX_POINT('',#9359);
#2389=VERTEX_POINT('',#9494);
#2390=VERTEX_POINT('',#9514);
#2391=VERTEX_POINT('',#9565);
#2392=VERTEX_POINT('',#9567);
#2393=VERTEX_POINT('',#9586);
#2394=VERTEX_POINT('',#9588);
#2395=VERTEX_POINT('',#9723);
#2396=VERTEX_POINT('',#9743);
#2397=VERTEX_POINT('',#9794);
#2398=VERTEX_POINT('',#9796);
#2399=VERTEX_POINT('',#9815);
#2400=VERTEX_POINT('',#9817);
#2401=VERTEX_POINT('',#9952);
#2402=VERTEX_POINT('',#9972);
#2403=VERTEX_POINT('',#10023);
#2404=VERTEX_POINT('',#10025);
#2405=VERTEX_POINT('',#10044);
#2406=VERTEX_POINT('',#10046);
#2407=VERTEX_POINT('',#10174);
#2408=VERTEX_POINT('',#10330);
#2409=VERTEX_POINT('',#10346);
#2410=VERTEX_POINT('',#10349);
#2411=VERTEX_POINT('',#10353);
#2412=VERTEX_POINT('',#10355);
#2413=VERTEX_POINT('',#10357);
#2414=VERTEX_POINT('',#10362);
#2415=VERTEX_POINT('',#10367);
#2416=VERTEX_POINT('',#10370);
#2417=VERTEX_POINT('',#10374);
#2418=VERTEX_POINT('',#10377);
#2419=VERTEX_POINT('',#10381);
#2420=VERTEX_POINT('',#10384);
#2421=VERTEX_POINT('',#10388);
#2422=VERTEX_POINT('',#10391);
#2423=VERTEX_POINT('',#10395);
#2424=VERTEX_POINT('',#10400);
#2425=VERTEX_POINT('',#12133);
#2426=VERTEX_POINT('',#12135);
#2427=VERTEX_POINT('',#12140);
#2428=VERTEX_POINT('',#12141);
#2429=VERTEX_POINT('',#12143);
#2430=VERTEX_POINT('',#12145);
#2431=VERTEX_POINT('',#12147);
#2432=VERTEX_POINT('',#12149);
#2433=VERTEX_POINT('',#12151);
#2434=VERTEX_POINT('',#12153);
#2435=VERTEX_POINT('',#12155);
#2436=VERTEX_POINT('',#12157);
#2437=VERTEX_POINT('',#12159);
#2438=VERTEX_POINT('',#12161);
#2439=VERTEX_POINT('',#12165);
#2440=VERTEX_POINT('',#12167);
#2441=VERTEX_POINT('',#12171);
#2442=VERTEX_POINT('',#12173);
#2443=VERTEX_POINT('',#12176);
#2444=VERTEX_POINT('',#12180);
#2445=VERTEX_POINT('',#12184);
#2446=VERTEX_POINT('',#12186);
#2447=VERTEX_POINT('',#12191);
#2448=VERTEX_POINT('',#12193);
#2449=VERTEX_POINT('',#12202);
#2450=VERTEX_POINT('',#12206);
#2451=VERTEX_POINT('',#12214);
#2452=VERTEX_POINT('',#12217);
#2453=VERTEX_POINT('',#12225);
#2454=VERTEX_POINT('',#12226);
#2455=VERTEX_POINT('',#12228);
#2456=VERTEX_POINT('',#12230);
#2457=VERTEX_POINT('',#12234);
#2458=VERTEX_POINT('',#12236);
#2459=VERTEX_POINT('',#12240);
#2460=VERTEX_POINT('',#12242);
#2461=VERTEX_POINT('',#12263);
#2462=VERTEX_POINT('',#12264);
#2463=VERTEX_POINT('',#12266);
#2464=VERTEX_POINT('',#12277);
#2465=VERTEX_POINT('',#12290);
#2466=VERTEX_POINT('',#12291);
#2467=VERTEX_POINT('',#12316);
#2468=VERTEX_POINT('',#12317);
#2469=VERTEX_POINT('',#12319);
#2470=VERTEX_POINT('',#12330);
#2471=VERTEX_POINT('',#12343);
#2472=VERTEX_POINT('',#12344);
#2473=VERTEX_POINT('',#12379);
#2474=VERTEX_POINT('',#12392);
#2475=VERTEX_POINT('',#12394);
#2476=VERTEX_POINT('',#12420);
#2477=VERTEX_POINT('',#12421);
#2478=VERTEX_POINT('',#12423);
#2479=VERTEX_POINT('',#12425);
#2480=VERTEX_POINT('',#12432);
#2481=VERTEX_POINT('',#12436);
#2482=VERTEX_POINT('',#12438);
#2483=VERTEX_POINT('',#12442);
#2484=VERTEX_POINT('',#12444);
#2485=VERTEX_POINT('',#12446);
#2486=VERTEX_POINT('',#12456);
#2487=VERTEX_POINT('',#12458);
#2488=VERTEX_POINT('',#12462);
#2489=VERTEX_POINT('',#12464);
#2490=VERTEX_POINT('',#12466);
#2491=VERTEX_POINT('',#12492);
#2492=VERTEX_POINT('',#12494);
#2493=VERTEX_POINT('',#12637);
#2494=VERTEX_POINT('',#12638);
#2495=VERTEX_POINT('',#12647);
#2496=VERTEX_POINT('',#12648);
#2497=VERTEX_POINT('',#12656);
#2498=VERTEX_POINT('',#12657);
#2499=VERTEX_POINT('',#12659);
#2500=VERTEX_POINT('',#12669);
#2501=VERTEX_POINT('',#12681);
#2502=VERTEX_POINT('',#12682);
#2503=VERTEX_POINT('',#12711);
#2504=VERTEX_POINT('',#12712);
#2505=VERTEX_POINT('',#12741);
#2506=VERTEX_POINT('',#12742);
#2507=VERTEX_POINT('',#12744);
#2508=VERTEX_POINT('',#12756);
#2509=VERTEX_POINT('',#12772);
#2510=VERTEX_POINT('',#12773);
#2511=VERTEX_POINT('',#12775);
#2512=VERTEX_POINT('',#12808);
#2513=VERTEX_POINT('',#12810);
#2514=VERTEX_POINT('',#12813);
#2515=VERTEX_POINT('',#12852);
#2516=VERTEX_POINT('',#12853);
#2517=VERTEX_POINT('',#12928);
#2518=VERTEX_POINT('',#12929);
#2519=VERTEX_POINT('',#13004);
#2520=VERTEX_POINT('',#13005);
#2521=VERTEX_POINT('',#13082);
#2522=VERTEX_POINT('',#13084);
#2523=VERTEX_POINT('',#13086);
#2524=VERTEX_POINT('',#13088);
#2525=VERTEX_POINT('',#13101);
#2526=VERTEX_POINT('',#13103);
#2527=VERTEX_POINT('',#13150);
#2528=VERTEX_POINT('',#13152);
#2529=VERTEX_POINT('',#13156);
#2530=VERTEX_POINT('',#13158);
#2531=VERTEX_POINT('',#13162);
#2532=VERTEX_POINT('',#13164);
#2533=VERTEX_POINT('',#13166);
#2534=VERTEX_POINT('',#13170);
#2535=VERTEX_POINT('',#13246);
#2536=VERTEX_POINT('',#13248);
#2537=VERTEX_POINT('',#13252);
#2538=VERTEX_POINT('',#13253);
#2539=VERTEX_POINT('',#13257);
#2540=VERTEX_POINT('',#13261);
#2541=VERTEX_POINT('',#13265);
#2542=VERTEX_POINT('',#13269);
#2543=VERTEX_POINT('',#13272);
#2544=VERTEX_POINT('',#13276);
#2545=VERTEX_POINT('',#13284);
#2546=VERTEX_POINT('',#13285);
#2547=VERTEX_POINT('',#13289);
#2548=VERTEX_POINT('',#13293);
#2549=VERTEX_POINT('',#13297);
#2550=VERTEX_POINT('',#13301);
#2551=VERTEX_POINT('',#13304);
#2552=VERTEX_POINT('',#13308);
#2553=VERTEX_POINT('',#13316);
#2554=VERTEX_POINT('',#13318);
#2555=VERTEX_POINT('',#13322);
#2556=VERTEX_POINT('',#13324);
#2557=VERTEX_POINT('',#13328);
#2558=VERTEX_POINT('',#13330);
#2559=VERTEX_POINT('',#13334);
#2560=VERTEX_POINT('',#13336);
#2561=VERTEX_POINT('',#13340);
#2562=VERTEX_POINT('',#13341);
#2563=VERTEX_POINT('',#13343);
#2564=VERTEX_POINT('',#13345);
#2565=VERTEX_POINT('',#13347);
#2566=VERTEX_POINT('',#13349);
#2567=VERTEX_POINT('',#13351);
#2568=VERTEX_POINT('',#13354);
#2569=VERTEX_POINT('',#13356);
#2570=VERTEX_POINT('',#13358);
#2571=VERTEX_POINT('',#13362);
#2572=VERTEX_POINT('',#13391);
#2573=VERTEX_POINT('',#13846);
#2574=VERTEX_POINT('',#13847);
#2575=VERTEX_POINT('',#13855);
#2576=VERTEX_POINT('',#13867);
#2577=VERTEX_POINT('',#13872);
#2578=VERTEX_POINT('',#13879);
#2579=VERTEX_POINT('',#13888);
#2580=VERTEX_POINT('',#13889);
#2581=VERTEX_POINT('',#13893);
#2582=VERTEX_POINT('',#13895);
#2583=VERTEX_POINT('',#13909);
#2584=VERTEX_POINT('',#13913);
#2585=VERTEX_POINT('',#13921);
#2586=VERTEX_POINT('',#13928);
#2587=VERTEX_POINT('',#13930);
#2588=VERTEX_POINT('',#13932);
#2589=EDGE_CURVE('',#2133,#2134,#1065,.T.);
#2590=EDGE_CURVE('',#2135,#2133,#1066,.T.);
#2591=EDGE_CURVE('',#2136,#2135,#1067,.T.);
#2592=EDGE_CURVE('',#2136,#2134,#1068,.T.);
#2593=EDGE_CURVE('',#2137,#2138,#1069,.T.);
#2594=EDGE_CURVE('',#2134,#2138,#1070,.T.);
#2595=EDGE_CURVE('',#2139,#2136,#1071,.T.);
#2596=EDGE_CURVE('',#2139,#2140,#1072,.T.);
#2597=EDGE_CURVE('',#2140,#2137,#1073,.T.);
#2598=EDGE_CURVE('',#2141,#2142,#1074,.T.);
#2599=EDGE_CURVE('',#2143,#2142,#1075,.T.);
#2600=EDGE_CURVE('',#2135,#2143,#1076,.T.);
#2601=EDGE_CURVE('',#2144,#2133,#1077,.T.);
#2602=EDGE_CURVE('',#2144,#2141,#1078,.T.);
#2603=EDGE_CURVE('',#2145,#2146,#1079,.T.);
#2604=EDGE_CURVE('',#2147,#2145,#1080,.T.);
#2605=EDGE_CURVE('',#2148,#2147,#1081,.T.);
#2606=EDGE_CURVE('',#2146,#2148,#1082,.T.);
#2607=EDGE_CURVE('',#2149,#2150,#1083,.T.);
#2608=EDGE_CURVE('',#2151,#2149,#1084,.T.);
#2609=EDGE_CURVE('',#2152,#2151,#1085,.T.);
#2610=EDGE_CURVE('',#2150,#2152,#1086,.T.);
#2611=EDGE_CURVE('',#2153,#2154,#1087,.T.);
#2612=EDGE_CURVE('',#2154,#2155,#1088,.T.);
#2613=EDGE_CURVE('',#2155,#2156,#1089,.T.);
#2614=EDGE_CURVE('',#2156,#2153,#1090,.T.);
#2615=EDGE_CURVE('',#2157,#2158,#1091,.T.);
#2616=EDGE_CURVE('',#2158,#2159,#1092,.T.);
#2617=EDGE_CURVE('',#2159,#2160,#1093,.T.);
#2618=EDGE_CURVE('',#2160,#2157,#1094,.T.);
#2619=EDGE_CURVE('',#2161,#2162,#1095,.T.);
#2620=EDGE_CURVE('',#2163,#2162,#1096,.T.);
#2621=EDGE_CURVE('',#2164,#2163,#1097,.T.);
#2622=EDGE_CURVE('',#2164,#2161,#1098,.T.);
#2623=EDGE_CURVE('',#2165,#2166,#1099,.T.);
#2624=EDGE_CURVE('',#2167,#2166,#1100,.T.);
#2625=EDGE_CURVE('',#2168,#2167,#1101,.T.);
#2626=EDGE_CURVE('',#2168,#2165,#1102,.T.);
#2627=EDGE_CURVE('',#2169,#2170,#1103,.T.);
#2628=EDGE_CURVE('',#2171,#2169,#1104,.T.);
#2629=EDGE_CURVE('',#2172,#2171,#1105,.T.);
#2630=EDGE_CURVE('',#2172,#2170,#1106,.T.);
#2631=EDGE_CURVE('',#2173,#2174,#1107,.T.);
#2632=EDGE_CURVE('',#2175,#2173,#1108,.T.);
#2633=EDGE_CURVE('',#2176,#2175,#1109,.T.);
#2634=EDGE_CURVE('',#2176,#2174,#1110,.T.);
#2635=EDGE_CURVE('',#2177,#2178,#1111,.T.);
#2636=EDGE_CURVE('',#2179,#2178,#1112,.T.);
#2637=EDGE_CURVE('',#2180,#2179,#1113,.T.);
#2638=EDGE_CURVE('',#2181,#2180,#1114,.T.);
#2639=EDGE_CURVE('',#2181,#2182,#1115,.T.);
#2640=EDGE_CURVE('',#2182,#2177,#1116,.T.);
#2641=EDGE_CURVE('',#2183,#2184,#1117,.T.);
#2642=EDGE_CURVE('',#2185,#2183,#1118,.T.);
#2643=EDGE_CURVE('',#2186,#2185,#1119,.T.);
#2644=EDGE_CURVE('',#2184,#2186,#1120,.T.);
#2645=EDGE_CURVE('',#2187,#2176,#1121,.T.);
#2646=EDGE_CURVE('',#2175,#2188,#1122,.T.);
#2647=EDGE_CURVE('',#2188,#2189,#1123,.T.);
#2648=EDGE_CURVE('',#2189,#2190,#1124,.T.);
#2649=EDGE_CURVE('',#2190,#2191,#1125,.T.);
#2650=EDGE_CURVE('',#2191,#2192,#1126,.T.);
#2651=EDGE_CURVE('',#2192,#2193,#1127,.T.);
#2652=EDGE_CURVE('',#2193,#2139,#1128,.T.);
#2653=EDGE_CURVE('',#2143,#2194,#1129,.T.);
#2654=EDGE_CURVE('',#2194,#2195,#1130,.T.);
#2655=EDGE_CURVE('',#2195,#2181,#1131,.T.);
#2656=EDGE_CURVE('',#2180,#2196,#1132,.T.);
#2657=EDGE_CURVE('',#2196,#2197,#1133,.T.);
#2658=EDGE_CURVE('',#2197,#2198,#1134,.T.);
#2659=EDGE_CURVE('',#2198,#2199,#1135,.T.);
#2660=EDGE_CURVE('',#2199,#2200,#1136,.T.);
#2661=EDGE_CURVE('',#2200,#2201,#1137,.T.);
#2662=EDGE_CURVE('',#2201,#2202,#1138,.T.);
#2663=EDGE_CURVE('',#2202,#2203,#1139,.T.);
#2664=EDGE_CURVE('',#2203,#2204,#1140,.T.);
#2665=EDGE_CURVE('',#2204,#2172,#1141,.T.);
#2666=EDGE_CURVE('',#2171,#2205,#1142,.T.);
#2667=EDGE_CURVE('',#2205,#2206,#1143,.T.);
#2668=EDGE_CURVE('',#2206,#2207,#1144,.T.);
#2669=EDGE_CURVE('',#2207,#2208,#1145,.T.);
#2670=EDGE_CURVE('',#2208,#2209,#1146,.T.);
#2671=EDGE_CURVE('',#2209,#2210,#1147,.T.);
#2672=EDGE_CURVE('',#2210,#2211,#1148,.T.);
#2673=EDGE_CURVE('',#2211,#2212,#1149,.T.);
#2674=EDGE_CURVE('',#2212,#2213,#1150,.T.);
#2675=EDGE_CURVE('',#2213,#2214,#1151,.T.);
#2676=EDGE_CURVE('',#2214,#2215,#1152,.T.);
#2677=EDGE_CURVE('',#2215,#2216,#1153,.T.);
#2678=EDGE_CURVE('',#2216,#2217,#1154,.T.);
#2679=EDGE_CURVE('',#2217,#2218,#1155,.T.);
#2680=EDGE_CURVE('',#2218,#2219,#1156,.T.);
#2681=EDGE_CURVE('',#2219,#2220,#1157,.T.);
#2682=EDGE_CURVE('',#2220,#2187,#1158,.T.);
#2683=EDGE_CURVE('',#2221,#2222,#1159,.T.);
#2684=EDGE_CURVE('',#2222,#2223,#1160,.T.);
#2685=EDGE_CURVE('',#2223,#2224,#1161,.T.);
#2686=EDGE_CURVE('',#2224,#2221,#1162,.T.);
#2687=EDGE_CURVE('',#2225,#2226,#1163,.T.);
#2688=EDGE_CURVE('',#2226,#2227,#1164,.T.);
#2689=EDGE_CURVE('',#2227,#2228,#1165,.T.);
#2690=EDGE_CURVE('',#2228,#2225,#1166,.T.);
#2691=EDGE_CURVE('',#2229,#2230,#1167,.T.);
#2692=EDGE_CURVE('',#2230,#2231,#1168,.T.);
#2693=EDGE_CURVE('',#2231,#2232,#1169,.T.);
#2694=EDGE_CURVE('',#2232,#2229,#1170,.T.);
#2695=EDGE_CURVE('',#2233,#2234,#1171,.T.);
#2696=EDGE_CURVE('',#2234,#2235,#1172,.T.);
#2697=EDGE_CURVE('',#2235,#2236,#1173,.T.);
#2698=EDGE_CURVE('',#2236,#2233,#1174,.T.);
#2699=EDGE_CURVE('',#2167,#2237,#1175,.T.);
#2700=EDGE_CURVE('',#2237,#2238,#1176,.T.);
#2701=EDGE_CURVE('',#2238,#2168,#1177,.T.);
#2702=EDGE_CURVE('',#2239,#2240,#1178,.T.);
#2703=EDGE_CURVE('',#2240,#2241,#1179,.T.);
#2704=EDGE_CURVE('',#2241,#2242,#1180,.T.);
#2705=EDGE_CURVE('',#2242,#2239,#1181,.T.);
#2706=EDGE_CURVE('',#2163,#2243,#1182,.T.);
#2707=EDGE_CURVE('',#2243,#2244,#1183,.T.);
#2708=EDGE_CURVE('',#2244,#2164,#1184,.T.);
#2709=EDGE_CURVE('',#2245,#2246,#1185,.T.);
#2710=EDGE_CURVE('',#2188,#2246,#1186,.T.);
#2711=EDGE_CURVE('',#2247,#2173,#1187,.T.);
#2712=EDGE_CURVE('',#2247,#2245,#1188,.T.);
#2713=EDGE_CURVE('',#2248,#2249,#1189,.T.);
#2714=EDGE_CURVE('',#2190,#2248,#1190,.T.);
#2715=EDGE_CURVE('',#2189,#2249,#1191,.T.);
#2716=EDGE_CURVE('',#2250,#2251,#1192,.T.);
#2717=EDGE_CURVE('',#2191,#2251,#1193,.T.);
#2718=EDGE_CURVE('',#2252,#2248,#1194,.T.);
#2719=EDGE_CURVE('',#2252,#2250,#1195,.T.);
#2720=EDGE_CURVE('',#2253,#2254,#1196,.T.);
#2721=EDGE_CURVE('',#2255,#2254,#1197,.T.);
#2722=EDGE_CURVE('',#2192,#2255,#1198,.T.);
#2723=EDGE_CURVE('',#2251,#2253,#1199,.T.);
#2724=EDGE_CURVE('',#2256,#2255,#1200,.T.);
#2725=EDGE_CURVE('',#2193,#2256,#1201,.T.);
#2726=EDGE_CURVE('',#2257,#2140,#1202,.T.);
#2727=EDGE_CURVE('',#2258,#2256,#1203,.T.);
#2728=EDGE_CURVE('',#2258,#2257,#1204,.T.);
#2729=EDGE_CURVE('',#2166,#2259,#1205,.T.);
#2730=EDGE_CURVE('',#2237,#2259,#1206,.T.);
#2731=EDGE_CURVE('',#2246,#2260,#1207,.T.);
#2732=EDGE_CURVE('',#2260,#2261,#1208,.T.);
#2733=EDGE_CURVE('',#2249,#2261,#1209,.T.);
#2734=EDGE_CURVE('',#2262,#2263,#1210,.T.);
#2735=EDGE_CURVE('',#2264,#2263,#1211,.T.);
#2736=EDGE_CURVE('',#2194,#2264,#1212,.T.);
#2737=EDGE_CURVE('',#2142,#2262,#1213,.T.);
#2738=EDGE_CURVE('',#2265,#2266,#1214,.T.);
#2739=EDGE_CURVE('',#2211,#2266,#1215,.T.);
#2740=EDGE_CURVE('',#2210,#2159,#1216,.T.);
#2741=EDGE_CURVE('',#2158,#2265,#1217,.T.);
#2742=EDGE_CURVE('',#2267,#2268,#1218,.T.);
#2743=EDGE_CURVE('',#2222,#2268,#1219,.T.);
#2744=EDGE_CURVE('',#2221,#2267,#1220,.T.);
#2745=EDGE_CURVE('',#2269,#2270,#1221,.T.);
#2746=EDGE_CURVE('',#2224,#2270,#1222,.T.);
#2747=EDGE_CURVE('',#2223,#2269,#1223,.T.);
#2748=EDGE_CURVE('',#2271,#2272,#1224,.T.);
#2749=EDGE_CURVE('',#2198,#2272,#1225,.T.);
#2750=EDGE_CURVE('',#2197,#2271,#1226,.T.);
#2751=EDGE_CURVE('',#2152,#2273,#1227,.T.);
#2752=EDGE_CURVE('',#2273,#2274,#1228,.T.);
#2753=EDGE_CURVE('',#2274,#2150,#1229,.T.);
#2754=EDGE_CURVE('',#2275,#2276,#1230,.T.);
#2755=EDGE_CURVE('',#2239,#2276,#1231,.T.);
#2756=EDGE_CURVE('',#2242,#2275,#1232,.T.);
#2757=EDGE_CURVE('',#2277,#2275,#1233,.T.);
#2758=EDGE_CURVE('',#2241,#2277,#1234,.T.);
#2759=EDGE_CURVE('',#2278,#2279,#1235,.T.);
#2760=EDGE_CURVE('',#2230,#2279,#1236,.T.);
#2761=EDGE_CURVE('',#2229,#2278,#1237,.T.);
#2762=EDGE_CURVE('',#2280,#2281,#1238,.T.);
#2763=EDGE_CURVE('',#2233,#2281,#1239,.T.);
#2764=EDGE_CURVE('',#2236,#2280,#1240,.T.);
#2765=EDGE_CURVE('',#2282,#2283,#1241,.T.);
#2766=EDGE_CURVE('',#2203,#2282,#1242,.T.);
#2767=EDGE_CURVE('',#2202,#2283,#1243,.T.);
#2768=EDGE_CURVE('',#2284,#2285,#1244,.T.);
#2769=EDGE_CURVE('',#2220,#2284,#1245,.T.);
#2770=EDGE_CURVE('',#2219,#2285,#1246,.T.);
#2771=EDGE_CURVE('',#2286,#2287,#1247,.T.);
#2772=EDGE_CURVE('',#2187,#2287,#1248,.T.);
#2773=EDGE_CURVE('',#2288,#2284,#1249,.T.);
#2774=EDGE_CURVE('',#2288,#2286,#1250,.T.);
#2775=EDGE_CURVE('',#2138,#2144,#1251,.T.);
#2776=EDGE_CURVE('',#2137,#2141,#1252,.T.);
#2777=EDGE_CURVE('',#2289,#2290,#1253,.T.);
#2778=EDGE_CURVE('',#2235,#2290,#1254,.T.);
#2779=EDGE_CURVE('',#2234,#2289,#1255,.T.);
#2780=EDGE_CURVE('',#2291,#2292,#1256,.T.);
#2781=EDGE_CURVE('',#2226,#2292,#1257,.T.);
#2782=EDGE_CURVE('',#2225,#2291,#1258,.T.);
#2783=EDGE_CURVE('',#2293,#2294,#1259,.T.);
#2784=EDGE_CURVE('',#2283,#2294,#1260,.T.);
#2785=EDGE_CURVE('',#2201,#2295,#1261,.T.);
#2786=EDGE_CURVE('',#2295,#2293,#1262,.T.);
#2787=EDGE_CURVE('',#2296,#2179,#1263,.T.);
#2788=EDGE_CURVE('',#2196,#2296,#1264,.T.);
#2789=EDGE_CURVE('',#2297,#2271,#1265,.T.);
#2790=EDGE_CURVE('',#2298,#2296,#1266,.T.);
#2791=EDGE_CURVE('',#2298,#2297,#1267,.T.);
#2792=EDGE_CURVE('',#2261,#2252,#1268,.T.);
#2793=EDGE_CURVE('',#2260,#2250,#1269,.T.);
#2794=EDGE_CURVE('',#2299,#2300,#1270,.T.);
#2795=EDGE_CURVE('',#2299,#2245,#1271,.T.);
#2796=EDGE_CURVE('',#2300,#2247,#1272,.T.);
#2797=EDGE_CURVE('',#2301,#2302,#1273,.T.);
#2798=EDGE_CURVE('',#2301,#2286,#1274,.T.);
#2799=EDGE_CURVE('',#2302,#2288,#1275,.T.);
#2800=EDGE_CURVE('',#2303,#2304,#1276,.T.);
#2801=EDGE_CURVE('',#2305,#2303,#1277,.T.);
#2802=EDGE_CURVE('',#2306,#2305,#1278,.T.);
#2803=EDGE_CURVE('',#2304,#2306,#1279,.T.);
#2804=EDGE_CURVE('',#2307,#2308,#1280,.T.);
#2805=EDGE_CURVE('',#2294,#2307,#1281,.T.);
#2806=EDGE_CURVE('',#2308,#2293,#1282,.T.);
#2807=EDGE_CURVE('',#2309,#2153,#1283,.T.);
#2808=EDGE_CURVE('',#2310,#2309,#1284,.T.);
#2809=EDGE_CURVE('',#2154,#2310,#1285,.T.);
#2810=EDGE_CURVE('',#2311,#2157,#1286,.T.);
#2811=EDGE_CURVE('',#2265,#2311,#1287,.T.);
#2812=EDGE_CURVE('',#2305,#2312,#1288,.T.);
#2813=EDGE_CURVE('',#2205,#2312,#1289,.T.);
#2814=EDGE_CURVE('',#2306,#2169,#1290,.T.);
#2815=EDGE_CURVE('',#2207,#2155,#1291,.T.);
#2816=EDGE_CURVE('',#2206,#2156,#1292,.T.);
#2817=EDGE_CURVE('',#2310,#2313,#1293,.T.);
#2818=EDGE_CURVE('',#2208,#2313,#1294,.T.);
#2819=EDGE_CURVE('',#2209,#2160,#1295,.T.);
#2820=EDGE_CURVE('',#2270,#2267,#1296,.T.);
#2821=EDGE_CURVE('',#2307,#2282,#1297,.T.);
#2822=EDGE_CURVE('',#2314,#2315,#1298,.T.);
#2823=EDGE_CURVE('',#2218,#2315,#1299,.T.);
#2824=EDGE_CURVE('',#2217,#2314,#1300,.T.);
#2825=EDGE_CURVE('',#2316,#2303,#1301,.T.);
#2826=EDGE_CURVE('',#2170,#2304,#1302,.T.);
#2827=EDGE_CURVE('',#2204,#2316,#1303,.T.);
#2828=EDGE_CURVE('',#2317,#2318,#1304,.T.);
#2829=EDGE_CURVE('',#2232,#2318,#1305,.T.);
#2830=EDGE_CURVE('',#2231,#2317,#1306,.T.);
#2831=EDGE_CURVE('',#2279,#2317,#1307,.T.);
#2832=EDGE_CURVE('',#2290,#2280,#1308,.T.);
#2833=EDGE_CURVE('',#2254,#2258,#1309,.T.);
#2834=EDGE_CURVE('',#2253,#2257,#1310,.T.);
#2835=EDGE_CURVE('',#2148,#2319,#1311,.T.);
#2836=EDGE_CURVE('',#2319,#2320,#1312,.T.);
#2837=EDGE_CURVE('',#2320,#2146,#1313,.T.);
#2838=EDGE_CURVE('',#2213,#2273,#1314,.T.);
#2839=EDGE_CURVE('',#2212,#2274,#1315,.T.);
#2840=EDGE_CURVE('',#2268,#2269,#1316,.T.);
#2841=EDGE_CURVE('',#2321,#2322,#1317,.T.);
#2842=EDGE_CURVE('',#2228,#2322,#1318,.T.);
#2843=EDGE_CURVE('',#2227,#2321,#1319,.T.);
#2844=EDGE_CURVE('',#2287,#2299,#1320,.T.);
#2845=EDGE_CURVE('',#2174,#2300,#1321,.T.);
#2846=EDGE_CURVE('',#2323,#2165,#1322,.T.);
#2847=EDGE_CURVE('',#2238,#2323,#1323,.T.);
#2848=EDGE_CURVE('',#2324,#2264,#1324,.T.);
#2849=EDGE_CURVE('',#2195,#2324,#1325,.T.);
#2850=EDGE_CURVE('',#2151,#2325,#1326,.T.);
#2851=EDGE_CURVE('',#2214,#2325,#1327,.T.);
#2852=EDGE_CURVE('',#2216,#2319,#1328,.T.);
#2853=EDGE_CURVE('',#2215,#2320,#1329,.T.);
#2854=EDGE_CURVE('',#2313,#2311,#1330,.T.);
#2855=EDGE_CURVE('',#2325,#2145,#1331,.T.);
#2856=EDGE_CURVE('',#2326,#2327,#1332,.T.);
#2857=EDGE_CURVE('',#2263,#2326,#1333,.T.);
#2858=EDGE_CURVE('',#2262,#2327,#1334,.T.);
#2859=EDGE_CURVE('',#2308,#2316,#1335,.T.);
#2860=EDGE_CURVE('',#2184,#2295,#1336,.T.);
#2861=EDGE_CURVE('',#2272,#2186,#1337,.T.);
#2862=EDGE_CURVE('',#2177,#2297,#1338,.T.);
#2863=EDGE_CURVE('',#2327,#2182,#1339,.T.);
#2864=EDGE_CURVE('',#2315,#2301,#1340,.T.);
#2865=EDGE_CURVE('',#2147,#2314,#1341,.T.);
#2866=EDGE_CURVE('',#2266,#2149,#1342,.T.);
#2867=EDGE_CURVE('',#2312,#2309,#1343,.T.);
#2868=EDGE_CURVE('',#2322,#2291,#1344,.T.);
#2869=EDGE_CURVE('',#2292,#2321,#1345,.T.);
#2870=EDGE_CURVE('',#2318,#2278,#1346,.T.);
#2871=EDGE_CURVE('',#2281,#2289,#1347,.T.);
#2872=EDGE_CURVE('',#2259,#2323,#1348,.T.);
#2873=EDGE_CURVE('',#2328,#2277,#1349,.T.);
#2874=EDGE_CURVE('',#2276,#2328,#1350,.T.);
#2875=EDGE_CURVE('',#2329,#2161,#1351,.T.);
#2876=EDGE_CURVE('',#2330,#2329,#1352,.T.);
#2877=EDGE_CURVE('',#2162,#2330,#1353,.T.);
#2878=EDGE_CURVE('',#2178,#2298,#1354,.T.);
#2879=EDGE_CURVE('',#2331,#2332,#1355,.T.);
#2880=EDGE_CURVE('',#2200,#2331,#1356,.T.);
#2881=EDGE_CURVE('',#2199,#2332,#1357,.T.);
#2882=EDGE_CURVE('',#2332,#2185,#1358,.T.);
#2883=EDGE_CURVE('',#2243,#2330,#1359,.T.);
#2884=EDGE_CURVE('',#2285,#2302,#1360,.T.);
#2885=EDGE_CURVE('',#2183,#2331,#1361,.T.);
#2886=EDGE_CURVE('',#2244,#2329,#1362,.T.);
#2887=EDGE_CURVE('',#2240,#2328,#1363,.T.);
#2888=EDGE_CURVE('',#2326,#2324,#1364,.T.);
#2889=EDGE_CURVE('',#2333,#2334,#1365,.T.);
#2890=EDGE_CURVE('',#2335,#2334,#1366,.T.);
#2891=EDGE_CURVE('',#2336,#2335,#1367,.T.);
#2892=EDGE_CURVE('',#2333,#2336,#1368,.T.);
#2893=EDGE_CURVE('',#2337,#2338,#1369,.T.);
#2894=EDGE_CURVE('',#2336,#2338,#1370,.T.);
#2895=EDGE_CURVE('',#2337,#2335,#1371,.T.);
#2896=EDGE_CURVE('',#2339,#2340,#1372,.T.);
#2897=EDGE_CURVE('',#2338,#2340,#1373,.T.);
#2898=EDGE_CURVE('',#2339,#2337,#1374,.T.);
#2899=EDGE_CURVE('',#2340,#2333,#1375,.T.);
#2900=EDGE_CURVE('',#2334,#2339,#1376,.T.);
#2901=EDGE_CURVE('',#2335,#2341,#1377,.T.);
#2902=EDGE_CURVE('',#2334,#2342,#1378,.T.);
#2903=EDGE_CURVE('',#2342,#2341,#1379,.T.);
#2904=EDGE_CURVE('',#2343,#2339,#1380,.T.);
#2905=EDGE_CURVE('',#2343,#2342,#1381,.T.);
#2906=EDGE_CURVE('',#2344,#2341,#1382,.T.);
#2907=EDGE_CURVE('',#2345,#2342,#1383,.T.);
#2908=EDGE_CURVE('',#2344,#2345,#1384,.T.);
#2909=EDGE_CURVE('',#2343,#2346,#1385,.T.);
#2910=EDGE_CURVE('',#2345,#2346,#1386,.T.);
#2911=EDGE_CURVE('',#2347,#2348,#1387,.T.);
#2912=EDGE_CURVE('',#2346,#2348,#1388,.T.);
#2913=EDGE_CURVE('',#2347,#2343,#1389,.T.);
#2914=EDGE_CURVE('',#2347,#2337,#1390,.T.);
#2915=EDGE_CURVE('',#2341,#2347,#1391,.T.);
#2916=EDGE_CURVE('',#2348,#2344,#1392,.T.);
#2917=EDGE_CURVE('',#2349,#2350,#207,.T.);
#2918=EDGE_CURVE('',#2350,#2349,#138,.T.);
#2919=EDGE_CURVE('',#2350,#2351,#208,.T.);
#2920=EDGE_CURVE('',#2352,#2351,#1393,.T.);
#2921=EDGE_CURVE('',#2352,#2353,#209,.F.);
#2922=EDGE_CURVE('',#2353,#2349,#210,.F.);
#2923=EDGE_CURVE('',#2354,#2352,#211,.F.);
#2924=EDGE_CURVE('',#2355,#2354,#1394,.T.);
#2925=EDGE_CURVE('',#2355,#2356,#212,.T.);
#2926=EDGE_CURVE('',#2356,#2353,#1395,.T.);
#2927=EDGE_CURVE('',#2357,#2356,#1396,.T.);
#2928=EDGE_CURVE('',#2358,#2355,#1397,.T.);
#2929=EDGE_CURVE('',#2358,#2359,#213,.F.);
#2930=EDGE_CURVE('',#2359,#2357,#214,.F.);
#2931=EDGE_CURVE('',#2360,#2361,#1398,.T.);
#2932=EDGE_CURVE('',#2362,#2361,#215,.T.);
#2933=EDGE_CURVE('',#2363,#2362,#1399,.T.);
#2934=EDGE_CURVE('',#2363,#2364,#216,.F.);
#2935=EDGE_CURVE('',#2364,#2360,#217,.F.);
#2936=EDGE_CURVE('',#2365,#2364,#1400,.T.);
#2937=EDGE_CURVE('',#2365,#2362,#218,.T.);
#2938=EDGE_CURVE('',#2362,#2366,#1401,.T.);
#2939=EDGE_CURVE('',#2360,#2366,#219,.F.);
#2940=EDGE_CURVE('',#2367,#2365,#1402,.T.);
#2941=EDGE_CURVE('',#2368,#2365,#220,.T.);
#2942=EDGE_CURVE('',#2369,#2368,#1403,.T.);
#2943=EDGE_CURVE('',#2369,#2370,#221,.F.);
#2944=EDGE_CURVE('',#2370,#2367,#222,.F.);
#2945=EDGE_CURVE('',#2371,#2370,#1404,.T.);
#2946=EDGE_CURVE('',#2371,#2368,#223,.T.);
#2947=EDGE_CURVE('',#2368,#2372,#1405,.T.);
#2948=EDGE_CURVE('',#2367,#2372,#224,.F.);
#2949=EDGE_CURVE('',#2373,#2371,#1406,.T.);
#2950=EDGE_CURVE('',#2374,#2371,#225,.T.);
#2951=EDGE_CURVE('',#2375,#2374,#1407,.T.);
#2952=EDGE_CURVE('',#2375,#2376,#226,.F.);
#2953=EDGE_CURVE('',#2376,#2373,#227,.F.);
#2954=EDGE_CURVE('',#2377,#2376,#1408,.T.);
#2955=EDGE_CURVE('',#2377,#2374,#228,.T.);
#2956=EDGE_CURVE('',#2374,#2378,#1409,.T.);
#2957=EDGE_CURVE('',#2373,#2378,#229,.F.);
#2958=EDGE_CURVE('',#2379,#2377,#1410,.T.);
#2959=EDGE_CURVE('',#2380,#2377,#230,.T.);
#2960=EDGE_CURVE('',#2381,#2380,#1411,.T.);
#2961=EDGE_CURVE('',#2381,#2382,#231,.F.);
#2962=EDGE_CURVE('',#2382,#2379,#232,.F.);
#2963=EDGE_CURVE('',#2383,#2382,#1412,.T.);
#2964=EDGE_CURVE('',#2383,#2380,#233,.T.);
#2965=EDGE_CURVE('',#2380,#2384,#1413,.T.);
#2966=EDGE_CURVE('',#2379,#2384,#234,.F.);
#2967=EDGE_CURVE('',#2385,#2383,#1414,.T.);
#2968=EDGE_CURVE('',#2386,#2383,#235,.T.);
#2969=EDGE_CURVE('',#2387,#2386,#1415,.T.);
#2970=EDGE_CURVE('',#2387,#2388,#236,.F.);
#2971=EDGE_CURVE('',#2388,#2385,#237,.F.);
#2972=EDGE_CURVE('',#2389,#2388,#1416,.T.);
#2973=EDGE_CURVE('',#2389,#2386,#238,.T.);
#2974=EDGE_CURVE('',#2386,#2390,#1417,.T.);
#2975=EDGE_CURVE('',#2385,#2390,#239,.F.);
#2976=EDGE_CURVE('',#2391,#2389,#1418,.T.);
#2977=EDGE_CURVE('',#2392,#2389,#240,.T.);
#2978=EDGE_CURVE('',#2393,#2392,#1419,.T.);
#2979=EDGE_CURVE('',#2393,#2394,#241,.F.);
#2980=EDGE_CURVE('',#2394,#2391,#242,.F.);
#2981=EDGE_CURVE('',#2395,#2394,#1420,.T.);
#2982=EDGE_CURVE('',#2395,#2392,#243,.T.);
#2983=EDGE_CURVE('',#2392,#2396,#1421,.T.);
#2984=EDGE_CURVE('',#2391,#2396,#244,.F.);
#2985=EDGE_CURVE('',#2397,#2395,#1422,.T.);
#2986=EDGE_CURVE('',#2398,#2395,#245,.T.);
#2987=EDGE_CURVE('',#2399,#2398,#1423,.T.);
#2988=EDGE_CURVE('',#2399,#2400,#246,.F.);
#2989=EDGE_CURVE('',#2400,#2397,#247,.F.);
#2990=EDGE_CURVE('',#2401,#2400,#1424,.T.);
#2991=EDGE_CURVE('',#2401,#2398,#248,.T.);
#2992=EDGE_CURVE('',#2398,#2402,#1425,.T.);
#2993=EDGE_CURVE('',#2397,#2402,#249,.F.);
#2994=EDGE_CURVE('',#2403,#2401,#1426,.T.);
#2995=EDGE_CURVE('',#2404,#2401,#250,.T.);
#2996=EDGE_CURVE('',#2405,#2404,#1427,.T.);
#2997=EDGE_CURVE('',#2405,#2406,#251,.F.);
#2998=EDGE_CURVE('',#2406,#2403,#252,.F.);
#2999=EDGE_CURVE('',#2406,#2407,#253,.T.);
#3000=EDGE_CURVE('',#2407,#2404,#254,.T.);
#3001=EDGE_CURVE('',#2404,#2408,#1428,.T.);
#3002=EDGE_CURVE('',#2403,#2408,#255,.F.);
#3003=EDGE_CURVE('',#2406,#2409,#139,.T.);
#3004=EDGE_CURVE('',#2409,#2405,#140,.T.);
#3005=EDGE_CURVE('',#2409,#2410,#1429,.T.);
#3006=EDGE_CURVE('',#2410,#2410,#141,.T.);
#3007=EDGE_CURVE('',#2349,#2411,#142,.T.);
#3008=EDGE_CURVE('',#2411,#2412,#1430,.T.);
#3009=EDGE_CURVE('',#2413,#2412,#143,.T.);
#3010=EDGE_CURVE('',#2412,#2413,#144,.T.);
#3011=EDGE_CURVE('',#2411,#2350,#145,.T.);
#3012=EDGE_CURVE('',#2414,#2414,#146,.T.);
#3013=EDGE_CURVE('',#2414,#2413,#1431,.T.);
#3014=EDGE_CURVE('',#2415,#2415,#147,.T.);
#3015=EDGE_CURVE('',#2416,#2416,#148,.T.);
#3016=EDGE_CURVE('',#2416,#2415,#1432,.T.);
#3017=EDGE_CURVE('',#2417,#2417,#149,.T.);
#3018=EDGE_CURVE('',#2410,#2418,#1433,.T.);
#3019=EDGE_CURVE('',#2418,#2418,#150,.T.);
#3020=EDGE_CURVE('',#2419,#2419,#151,.T.);
#3021=EDGE_CURVE('',#2419,#2420,#1434,.T.);
#3022=EDGE_CURVE('',#2420,#2420,#152,.T.);
#3023=EDGE_CURVE('',#2421,#2421,#153,.T.);
#3024=EDGE_CURVE('',#2421,#2422,#1435,.T.);
#3025=EDGE_CURVE('',#2422,#2422,#154,.T.);
#3026=EDGE_CURVE('',#2423,#2423,#155,.T.);
#3027=EDGE_CURVE('',#2423,#2417,#1436,.T.);
#3028=EDGE_CURVE('',#2424,#2349,#256,.T.);
#3029=EDGE_CURVE('',#2351,#2424,#47,.T.);
#3030=EDGE_CURVE('',#2407,#2405,#257,.T.);
#3031=EDGE_CURVE('',#2408,#2399,#258,.F.);
#3032=EDGE_CURVE('',#2402,#2393,#259,.F.);
#3033=EDGE_CURVE('',#2396,#2387,#260,.F.);
#3034=EDGE_CURVE('',#2390,#2381,#261,.F.);
#3035=EDGE_CURVE('',#2384,#2375,#262,.F.);
#3036=EDGE_CURVE('',#2378,#2369,#263,.F.);
#3037=EDGE_CURVE('',#2372,#2363,#264,.F.);
#3038=EDGE_CURVE('',#2366,#2358,#265,.F.);
#3039=EDGE_CURVE('',#2361,#2359,#1437,.T.);
#3040=EDGE_CURVE('',#2361,#2355,#266,.T.);
#3041=EDGE_CURVE('',#2357,#2354,#267,.F.);
#3042=EDGE_CURVE('',#2356,#2424,#268,.T.);
#3043=EDGE_CURVE('',#2425,#2425,#156,.T.);
#3044=EDGE_CURVE('',#2425,#2426,#1438,.T.);
#3045=EDGE_CURVE('',#2426,#2426,#157,.T.);
#3046=EDGE_CURVE('',#2427,#2428,#1439,.T.);
#3047=EDGE_CURVE('',#2427,#2429,#1440,.T.);
#3048=EDGE_CURVE('',#2429,#2430,#1441,.T.);
#3049=EDGE_CURVE('',#2430,#2431,#1442,.T.);
#3050=EDGE_CURVE('',#2432,#2431,#1443,.T.);
#3051=EDGE_CURVE('',#2433,#2432,#1444,.T.);
#3052=EDGE_CURVE('',#2434,#2433,#1445,.T.);
#3053=EDGE_CURVE('',#2435,#2434,#1446,.T.);
#3054=EDGE_CURVE('',#2436,#2435,#1447,.T.);
#3055=EDGE_CURVE('',#2437,#2436,#1448,.T.);
#3056=EDGE_CURVE('',#2438,#2437,#1449,.T.);
#3057=EDGE_CURVE('',#2428,#2438,#1450,.T.);
#3058=EDGE_CURVE('',#2439,#2438,#1451,.T.);
#3059=EDGE_CURVE('',#2440,#2439,#1452,.T.);
#3060=EDGE_CURVE('',#2440,#2428,#1453,.T.);
#3061=EDGE_CURVE('',#2441,#2431,#1454,.T.);
#3062=EDGE_CURVE('',#2441,#2442,#1455,.T.);
#3063=EDGE_CURVE('',#2442,#2427,#1456,.T.);
#3064=EDGE_CURVE('',#2443,#2440,#1457,.T.);
#3065=EDGE_CURVE('',#2443,#2432,#1458,.T.);
#3066=EDGE_CURVE('',#2444,#2443,#1459,.T.);
#3067=EDGE_CURVE('',#2444,#2433,#1460,.T.);
#3068=EDGE_CURVE('',#2445,#2437,#1461,.T.);
#3069=EDGE_CURVE('',#2446,#2445,#1462,.T.);
#3070=EDGE_CURVE('',#2446,#2434,#1463,.T.);
#3071=EDGE_CURVE('',#2439,#2444,#1464,.T.);
#3072=EDGE_CURVE('',#2447,#2435,#1465,.T.);
#3073=EDGE_CURVE('',#2448,#2447,#1466,.T.);
#3074=EDGE_CURVE('',#2448,#2436,#1467,.T.);
#3075=EDGE_CURVE('',#2447,#2446,#1468,.T.);
#3076=EDGE_CURVE('',#2445,#2448,#1469,.T.);
#3077=EDGE_CURVE('',#2442,#2449,#1470,.T.);
#3078=EDGE_CURVE('',#2449,#2429,#1471,.T.);
#3079=EDGE_CURVE('',#2449,#2450,#1472,.T.);
#3080=EDGE_CURVE('',#2450,#2430,#1473,.T.);
#3081=EDGE_CURVE('',#2450,#2441,#1474,.T.);
#3082=EDGE_CURVE('',#2451,#2451,#158,.T.);
#3083=EDGE_CURVE('',#2451,#2452,#1475,.T.);
#3084=EDGE_CURVE('',#2452,#2452,#159,.T.);
#3085=EDGE_CURVE('',#2453,#2454,#1476,.T.);
#3086=EDGE_CURVE('',#2455,#2454,#1477,.T.);
#3087=EDGE_CURVE('',#2456,#2455,#1478,.T.);
#3088=EDGE_CURVE('',#2456,#2453,#1479,.T.);
#3089=EDGE_CURVE('',#2454,#2457,#1480,.T.);
#3090=EDGE_CURVE('',#2458,#2457,#1481,.T.);
#3091=EDGE_CURVE('',#2455,#2458,#1482,.T.);
#3092=EDGE_CURVE('',#2457,#2459,#1483,.T.);
#3093=EDGE_CURVE('',#2460,#2459,#1484,.T.);
#3094=EDGE_CURVE('',#2458,#2460,#1485,.T.);
#3095=EDGE_CURVE('',#2459,#2453,#1486,.T.);
#3096=EDGE_CURVE('',#2460,#2456,#1487,.T.);
#3097=EDGE_CURVE('',#2461,#2462,#1488,.T.);
#3098=EDGE_CURVE('',#2462,#2463,#269,.T.);
#3099=EDGE_CURVE('',#2464,#2463,#1489,.T.);
#3100=EDGE_CURVE('',#2464,#2461,#270,.T.);
#3101=EDGE_CURVE('',#2465,#2466,#271,.T.);
#3102=EDGE_CURVE('',#2461,#2466,#1490,.T.);
#3103=EDGE_CURVE('',#2464,#2465,#1491,.T.);
#3104=EDGE_CURVE('',#2467,#2468,#1492,.T.);
#3105=EDGE_CURVE('',#2468,#2469,#272,.T.);
#3106=EDGE_CURVE('',#2470,#2469,#1493,.T.);
#3107=EDGE_CURVE('',#2470,#2467,#273,.T.);
#3108=EDGE_CURVE('',#2471,#2472,#274,.T.);
#3109=EDGE_CURVE('',#2467,#2472,#1494,.T.);
#3110=EDGE_CURVE('',#2470,#2471,#1495,.T.);
#3111=EDGE_CURVE('',#2470,#2467,#275,.T.);
#3112=EDGE_CURVE('',#2470,#2473,#1496,.T.);
#3113=EDGE_CURVE('',#2468,#2473,#276,.T.);
#3114=EDGE_CURVE('',#2474,#2473,#1497,.T.);
#3115=EDGE_CURVE('',#2475,#2474,#277,.T.);
#3116=EDGE_CURVE('',#2475,#2468,#1498,.T.);
#3117=EDGE_CURVE('',#2466,#2467,#1499,.T.);
#3118=EDGE_CURVE('',#2465,#2466,#278,.T.);
#3119=EDGE_CURVE('',#2465,#2470,#1500,.T.);
#3120=EDGE_CURVE('',#2476,#2477,#1501,.T.);
#3121=EDGE_CURVE('',#2477,#2478,#1502,.T.);
#3122=EDGE_CURVE('',#2478,#2479,#1503,.T.);
#3123=EDGE_CURVE('',#2479,#2476,#1504,.T.);
#3124=EDGE_CURVE('',#2472,#2461,#1505,.T.);
#3125=EDGE_CURVE('',#2462,#2475,#1506,.T.);
#3126=EDGE_CURVE('',#2480,#2462,#1507,.T.);
#3127=EDGE_CURVE('',#2468,#2480,#1508,.T.);
#3128=EDGE_CURVE('',#2481,#2470,#1509,.T.);
#3129=EDGE_CURVE('',#2482,#2481,#1510,.T.);
#3130=EDGE_CURVE('',#2471,#2482,#1511,.T.);
#3131=EDGE_CURVE('',#2483,#2469,#1512,.T.);
#3132=EDGE_CURVE('',#2469,#2484,#1513,.T.);
#3133=EDGE_CURVE('',#2484,#2485,#1514,.T.);
#3134=EDGE_CURVE('',#2485,#2483,#1515,.T.);
#3135=EDGE_CURVE('',#2482,#2485,#1516,.T.);
#3136=EDGE_CURVE('',#2481,#2483,#1517,.T.);
#3137=EDGE_CURVE('',#2471,#2484,#1518,.T.);
#3138=EDGE_CURVE('',#2486,#2464,#1519,.T.);
#3139=EDGE_CURVE('',#2487,#2486,#1520,.T.);
#3140=EDGE_CURVE('',#2465,#2487,#1521,.T.);
#3141=EDGE_CURVE('',#2488,#2463,#1522,.T.);
#3142=EDGE_CURVE('',#2463,#2489,#1523,.T.);
#3143=EDGE_CURVE('',#2489,#2490,#1524,.T.);
#3144=EDGE_CURVE('',#2490,#2488,#1525,.T.);
#3145=EDGE_CURVE('',#2487,#2490,#1526,.T.);
#3146=EDGE_CURVE('',#2486,#2488,#1527,.T.);
#3147=EDGE_CURVE('',#2465,#2489,#1528,.T.);
#3148=EDGE_CURVE('',#2471,#2482,#1529,.T.);
#3149=EDGE_CURVE('',#2486,#2482,#1530,.T.);
#3150=EDGE_CURVE('',#2486,#2464,#1531,.T.);
#3151=EDGE_CURVE('',#2471,#2464,#1532,.T.);
#3152=EDGE_CURVE('',#2486,#2479,#1533,.T.);
#3153=EDGE_CURVE('',#2482,#2476,#1534,.T.);
#3154=EDGE_CURVE('',#2464,#2478,#1535,.T.);
#3155=EDGE_CURVE('',#2471,#2477,#1536,.T.);
#3156=EDGE_CURVE('',#2465,#2487,#1537,.T.);
#3157=EDGE_CURVE('',#2481,#2487,#1538,.T.);
#3158=EDGE_CURVE('',#2481,#2470,#1539,.T.);
#3159=EDGE_CURVE('',#2491,#2474,#1540,.T.);
#3160=EDGE_CURVE('',#2473,#2492,#1541,.T.);
#3161=EDGE_CURVE('',#2492,#2491,#1542,.T.);
#3162=EDGE_CURVE('',#2481,#2492,#1543,.T.);
#3163=EDGE_CURVE('',#2487,#2491,#1544,.T.);
#3164=EDGE_CURVE('',#2465,#2474,#1545,.T.);
#3165=EDGE_CURVE('',#2472,#2480,#1546,.F.);
#3166=EDGE_CURVE('',#2480,#2477,#279,.T.);
#3167=EDGE_CURVE('',#2471,#2472,#280,.T.);
#3168=EDGE_CURVE('',#2464,#2461,#281,.T.);
#3169=EDGE_CURVE('',#2462,#2478,#282,.T.);
#3170=EDGE_CURVE('',#2466,#2475,#1547,.F.);
#3171=EDGE_CURVE('',#2475,#2489,#283,.T.);
#3172=EDGE_CURVE('',#2480,#2484,#284,.T.);
#3173=EDGE_CURVE('',#2493,#2494,#160,.T.);
#3174=EDGE_CURVE('',#2494,#2493,#285,.T.);
#3175=EDGE_CURVE('',#2495,#2496,#161,.T.);
#3176=EDGE_CURVE('',#2496,#2494,#1548,.T.);
#3177=EDGE_CURVE('',#2493,#2495,#1549,.T.);
#3178=EDGE_CURVE('',#2495,#2496,#1550,.T.);
#3179=EDGE_CURVE('',#2497,#2498,#1551,.T.);
#3180=EDGE_CURVE('',#2499,#2498,#16,.T.);
#3181=EDGE_CURVE('',#2500,#2499,#162,.T.);
#3182=EDGE_CURVE('',#2500,#2497,#17,.T.);
#3183=EDGE_CURVE('',#2501,#2502,#1552,.T.);
#3184=EDGE_CURVE('',#2498,#2502,#18,.T.);
#3185=EDGE_CURVE('',#2497,#2501,#19,.T.);
#3186=EDGE_CURVE('',#2503,#2504,#1553,.T.);
#3187=EDGE_CURVE('',#2502,#2504,#20,.T.);
#3188=EDGE_CURVE('',#2501,#2503,#21,.T.);
#3189=EDGE_CURVE('',#2505,#2506,#1554,.T.);
#3190=EDGE_CURVE('',#2505,#2507,#22,.T.);
#3191=EDGE_CURVE('',#2508,#2507,#163,.T.);
#3192=EDGE_CURVE('',#2506,#2508,#23,.T.);
#3193=EDGE_CURVE('',#2509,#2510,#1555,.T.);
#3194=EDGE_CURVE('',#2510,#2511,#286,.T.);
#3195=EDGE_CURVE('',#2512,#2511,#164,.T.);
#3196=EDGE_CURVE('',#2512,#2513,#1556,.T.);
#3197=EDGE_CURVE('',#2513,#2513,#165,.T.);
#3198=EDGE_CURVE('',#2514,#2512,#166,.T.);
#3199=EDGE_CURVE('',#2509,#2514,#287,.F.);
#3200=EDGE_CURVE('',#2515,#2516,#1557,.T.);
#3201=EDGE_CURVE('',#2516,#2510,#288,.T.);
#3202=EDGE_CURVE('',#2515,#2509,#289,.F.);
#3203=EDGE_CURVE('',#2517,#2518,#1558,.T.);
#3204=EDGE_CURVE('',#2518,#2516,#290,.T.);
#3205=EDGE_CURVE('',#2517,#2515,#291,.F.);
#3206=EDGE_CURVE('',#2519,#2520,#1559,.T.);
#3207=EDGE_CURVE('',#2520,#2518,#292,.T.);
#3208=EDGE_CURVE('',#2519,#2517,#293,.F.);
#3209=EDGE_CURVE('',#2521,#2521,#167,.T.);
#3210=EDGE_CURVE('',#2521,#2522,#1560,.T.);
#3211=EDGE_CURVE('',#2522,#2523,#168,.T.);
#3212=EDGE_CURVE('',#2523,#2524,#294,.T.);
#3213=EDGE_CURVE('',#2525,#2524,#1561,.T.);
#3214=EDGE_CURVE('',#2526,#2525,#295,.F.);
#3215=EDGE_CURVE('',#2526,#2522,#169,.T.);
#3216=EDGE_CURVE('',#2511,#2508,#296,.T.);
#3217=EDGE_CURVE('',#2507,#2514,#1562,.T.);
#3218=EDGE_CURVE('',#2527,#2527,#170,.T.);
#3219=EDGE_CURVE('',#2527,#2528,#1563,.T.);
#3220=EDGE_CURVE('',#2528,#2528,#171,.T.);
#3221=EDGE_CURVE('',#2529,#2529,#172,.T.);
#3222=EDGE_CURVE('',#2529,#2530,#1564,.T.);
#3223=EDGE_CURVE('',#2530,#2530,#173,.T.);
#3224=EDGE_CURVE('',#2531,#2531,#174,.T.);
#3225=EDGE_CURVE('',#2531,#2532,#1565,.T.);
#3226=EDGE_CURVE('',#2532,#2533,#175,.T.);
#3227=EDGE_CURVE('',#2533,#2532,#176,.T.);
#3228=EDGE_CURVE('',#2534,#2533,#177,.T.);
#3229=EDGE_CURVE('',#2524,#2520,#297,.T.);
#3230=EDGE_CURVE('',#2525,#2519,#298,.F.);
#3231=EDGE_CURVE('',#2535,#2535,#178,.T.);
#3232=EDGE_CURVE('',#2535,#2536,#1566,.T.);
#3233=EDGE_CURVE('',#2536,#2536,#179,.T.);
#3234=EDGE_CURVE('',#2537,#2538,#24,.T.);
#3235=EDGE_CURVE('',#2539,#2537,#25,.T.);
#3236=EDGE_CURVE('',#2540,#2539,#26,.T.);
#3237=EDGE_CURVE('',#2541,#2540,#27,.F.);
#3238=EDGE_CURVE('',#2541,#2542,#1567,.T.);
#3239=EDGE_CURVE('',#2542,#2542,#180,.T.);
#3240=EDGE_CURVE('',#2543,#2541,#28,.F.);
#3241=EDGE_CURVE('',#2544,#2543,#29,.T.);
#3242=EDGE_CURVE('',#2538,#2544,#30,.T.);
#3243=EDGE_CURVE('',#2545,#2546,#31,.T.);
#3244=EDGE_CURVE('',#2547,#2545,#32,.T.);
#3245=EDGE_CURVE('',#2548,#2547,#33,.T.);
#3246=EDGE_CURVE('',#2549,#2548,#34,.F.);
#3247=EDGE_CURVE('',#2549,#2550,#1568,.T.);
#3248=EDGE_CURVE('',#2550,#2550,#181,.T.);
#3249=EDGE_CURVE('',#2551,#2549,#35,.F.);
#3250=EDGE_CURVE('',#2552,#2551,#36,.T.);
#3251=EDGE_CURVE('',#2546,#2552,#37,.T.);
#3252=EDGE_CURVE('',#2553,#2553,#182,.T.);
#3253=EDGE_CURVE('',#2553,#2554,#1569,.T.);
#3254=EDGE_CURVE('',#2554,#2554,#183,.T.);
#3255=EDGE_CURVE('',#2555,#2555,#184,.T.);
#3256=EDGE_CURVE('',#2555,#2556,#1570,.T.);
#3257=EDGE_CURVE('',#2556,#2556,#185,.T.);
#3258=EDGE_CURVE('',#2557,#2557,#186,.T.);
#3259=EDGE_CURVE('',#2557,#2558,#1571,.T.);
#3260=EDGE_CURVE('',#2558,#2558,#187,.T.);
#3261=EDGE_CURVE('',#2559,#2559,#188,.T.);
#3262=EDGE_CURVE('',#2559,#2560,#1572,.T.);
#3263=EDGE_CURVE('',#2560,#2560,#189,.T.);
#3264=EDGE_CURVE('',#2561,#2562,#190,.T.);
#3265=EDGE_CURVE('',#2563,#2561,#191,.T.);
#3266=EDGE_CURVE('',#2564,#2563,#192,.T.);
#3267=EDGE_CURVE('',#2565,#2564,#193,.T.);
#3268=EDGE_CURVE('',#2566,#2565,#194,.T.);
#3269=EDGE_CURVE('',#2566,#2567,#1573,.T.);
#3270=EDGE_CURVE('',#2567,#2567,#195,.T.);
#3271=EDGE_CURVE('',#2568,#2566,#196,.T.);
#3272=EDGE_CURVE('',#2569,#2568,#197,.T.);
#3273=EDGE_CURVE('',#2570,#2569,#198,.T.);
#3274=EDGE_CURVE('',#2562,#2570,#199,.T.);
#3275=EDGE_CURVE('',#2571,#2571,#200,.T.);
#3276=EDGE_CURVE('',#2572,#2572,#201,.T.);
#3277=EDGE_CURVE('',#2572,#2571,#202,.T.);
#3278=EDGE_CURVE('',#2504,#2506,#38,.T.);
#3279=EDGE_CURVE('',#2503,#2505,#39,.T.);
#3280=EDGE_CURVE('',#2526,#2500,#299,.T.);
#3281=EDGE_CURVE('',#2499,#2523,#1574,.T.);
#3282=EDGE_CURVE('',#2573,#2574,#203,.T.);
#3283=EDGE_CURVE('',#2573,#2563,#300,.T.);
#3284=EDGE_CURVE('',#2575,#2563,#301,.T.);
#3285=EDGE_CURVE('',#2575,#2574,#302,.T.);
#3286=EDGE_CURVE('',#2564,#2576,#303,.T.);
#3287=EDGE_CURVE('',#2564,#2577,#304,.T.);
#3288=EDGE_CURVE('',#2578,#2577,#204,.T.);
#3289=EDGE_CURVE('',#2576,#2578,#305,.T.);
#3290=EDGE_CURVE('',#2579,#2580,#205,.T.);
#3291=EDGE_CURVE('',#2578,#2580,#1575,.T.);
#3292=EDGE_CURVE('',#2577,#2573,#1576,.T.);
#3293=EDGE_CURVE('',#2574,#2581,#1577,.T.);
#3294=EDGE_CURVE('',#2581,#2582,#206,.T.);
#3295=EDGE_CURVE('',#2579,#2582,#1578,.T.);
#3296=EDGE_CURVE('',#2562,#2561,#1579,.T.);
#3297=EDGE_CURVE('',#2569,#2570,#1580,.T.);
#3298=EDGE_CURVE('',#2568,#2565,#1581,.T.);
#3299=EDGE_CURVE('',#2583,#2562,#1582,.T.);
#3300=EDGE_CURVE('',#2570,#2583,#1583,.T.);
#3301=EDGE_CURVE('',#2584,#2569,#1584,.T.);
#3302=EDGE_CURVE('',#2584,#2568,#1585,.T.);
#3303=EDGE_CURVE('',#2565,#2576,#1586,.T.);
#3304=EDGE_CURVE('',#2561,#2575,#1587,.T.);
#3305=EDGE_CURVE('',#2582,#2585,#306,.T.);
#3306=EDGE_CURVE('',#2585,#2586,#1588,.T.);
#3307=EDGE_CURVE('',#2587,#2586,#1589,.T.);
#3308=EDGE_CURVE('',#2588,#2587,#1590,.T.);
#3309=EDGE_CURVE('',#2588,#2579,#307,.T.);
#3310=EDGE_CURVE('',#2586,#2583,#1591,.T.);
#3311=EDGE_CURVE('',#2587,#2584,#1592,.T.);
#3312=EDGE_CURVE('',#2580,#2588,#308,.T.);
#3313=EDGE_CURVE('',#2581,#2585,#309,.T.);
#3314=EDGE_CURVE('',#2543,#2546,#1593,.T.);
#3315=EDGE_CURVE('',#2540,#2545,#1594,.T.);
#3316=EDGE_CURVE('',#2539,#2547,#1595,.T.);
#3317=EDGE_CURVE('',#2537,#2548,#1596,.T.);
#3318=EDGE_CURVE('',#2538,#2551,#1597,.T.);
#3319=EDGE_CURVE('',#2544,#2552,#1598,.T.);
#3320=ORIENTED_EDGE('',*,*,#2589,.F.);
#3321=ORIENTED_EDGE('',*,*,#2590,.F.);
#3322=ORIENTED_EDGE('',*,*,#2591,.F.);
#3323=ORIENTED_EDGE('',*,*,#2592,.T.);
#3324=ORIENTED_EDGE('',*,*,#2593,.T.);
#3325=ORIENTED_EDGE('',*,*,#2594,.F.);
#3326=ORIENTED_EDGE('',*,*,#2592,.F.);
#3327=ORIENTED_EDGE('',*,*,#2595,.F.);
#3328=ORIENTED_EDGE('',*,*,#2596,.T.);
#3329=ORIENTED_EDGE('',*,*,#2597,.T.);
#3330=ORIENTED_EDGE('',*,*,#2598,.T.);
#3331=ORIENTED_EDGE('',*,*,#2599,.F.);
#3332=ORIENTED_EDGE('',*,*,#2600,.F.);
#3333=ORIENTED_EDGE('',*,*,#2590,.T.);
#3334=ORIENTED_EDGE('',*,*,#2601,.F.);
#3335=ORIENTED_EDGE('',*,*,#2602,.T.);
#3336=ORIENTED_EDGE('',*,*,#2603,.F.);
#3337=ORIENTED_EDGE('',*,*,#2604,.F.);
#3338=ORIENTED_EDGE('',*,*,#2605,.F.);
#3339=ORIENTED_EDGE('',*,*,#2606,.F.);
#3340=ORIENTED_EDGE('',*,*,#2607,.F.);
#3341=ORIENTED_EDGE('',*,*,#2608,.F.);
#3342=ORIENTED_EDGE('',*,*,#2609,.F.);
#3343=ORIENTED_EDGE('',*,*,#2610,.F.);
#3344=ORIENTED_EDGE('',*,*,#2611,.T.);
#3345=ORIENTED_EDGE('',*,*,#2612,.T.);
#3346=ORIENTED_EDGE('',*,*,#2613,.T.);
#3347=ORIENTED_EDGE('',*,*,#2614,.T.);
#3348=ORIENTED_EDGE('',*,*,#2615,.T.);
#3349=ORIENTED_EDGE('',*,*,#2616,.T.);
#3350=ORIENTED_EDGE('',*,*,#2617,.T.);
#3351=ORIENTED_EDGE('',*,*,#2618,.T.);
#3352=ORIENTED_EDGE('',*,*,#2619,.T.);
#3353=ORIENTED_EDGE('',*,*,#2620,.F.);
#3354=ORIENTED_EDGE('',*,*,#2621,.F.);
#3355=ORIENTED_EDGE('',*,*,#2622,.T.);
#3356=ORIENTED_EDGE('',*,*,#2623,.T.);
#3357=ORIENTED_EDGE('',*,*,#2624,.F.);
#3358=ORIENTED_EDGE('',*,*,#2625,.F.);
#3359=ORIENTED_EDGE('',*,*,#2626,.T.);
#3360=ORIENTED_EDGE('',*,*,#2627,.F.);
#3361=ORIENTED_EDGE('',*,*,#2628,.F.);
#3362=ORIENTED_EDGE('',*,*,#2629,.F.);
#3363=ORIENTED_EDGE('',*,*,#2630,.T.);
#3364=ORIENTED_EDGE('',*,*,#2631,.F.);
#3365=ORIENTED_EDGE('',*,*,#2632,.F.);
#3366=ORIENTED_EDGE('',*,*,#2633,.F.);
#3367=ORIENTED_EDGE('',*,*,#2634,.T.);
#3368=ORIENTED_EDGE('',*,*,#2635,.T.);
#3369=ORIENTED_EDGE('',*,*,#2636,.F.);
#3370=ORIENTED_EDGE('',*,*,#2637,.F.);
#3371=ORIENTED_EDGE('',*,*,#2638,.F.);
#3372=ORIENTED_EDGE('',*,*,#2639,.T.);
#3373=ORIENTED_EDGE('',*,*,#2640,.T.);
#3374=ORIENTED_EDGE('',*,*,#2641,.F.);
#3375=ORIENTED_EDGE('',*,*,#2642,.F.);
#3376=ORIENTED_EDGE('',*,*,#2643,.F.);
#3377=ORIENTED_EDGE('',*,*,#2644,.F.);
#3378=ORIENTED_EDGE('',*,*,#2645,.T.);
#3379=ORIENTED_EDGE('',*,*,#2633,.T.);
#3380=ORIENTED_EDGE('',*,*,#2646,.T.);
#3381=ORIENTED_EDGE('',*,*,#2647,.T.);
#3382=ORIENTED_EDGE('',*,*,#2648,.T.);
#3383=ORIENTED_EDGE('',*,*,#2649,.T.);
#3384=ORIENTED_EDGE('',*,*,#2650,.T.);
#3385=ORIENTED_EDGE('',*,*,#2651,.T.);
#3386=ORIENTED_EDGE('',*,*,#2652,.T.);
#3387=ORIENTED_EDGE('',*,*,#2595,.T.);
#3388=ORIENTED_EDGE('',*,*,#2591,.T.);
#3389=ORIENTED_EDGE('',*,*,#2600,.T.);
#3390=ORIENTED_EDGE('',*,*,#2653,.T.);
#3391=ORIENTED_EDGE('',*,*,#2654,.T.);
#3392=ORIENTED_EDGE('',*,*,#2655,.T.);
#3393=ORIENTED_EDGE('',*,*,#2638,.T.);
#3394=ORIENTED_EDGE('',*,*,#2656,.T.);
#3395=ORIENTED_EDGE('',*,*,#2657,.T.);
#3396=ORIENTED_EDGE('',*,*,#2658,.T.);
#3397=ORIENTED_EDGE('',*,*,#2659,.T.);
#3398=ORIENTED_EDGE('',*,*,#2660,.T.);
#3399=ORIENTED_EDGE('',*,*,#2661,.T.);
#3400=ORIENTED_EDGE('',*,*,#2662,.T.);
#3401=ORIENTED_EDGE('',*,*,#2663,.T.);
#3402=ORIENTED_EDGE('',*,*,#2664,.T.);
#3403=ORIENTED_EDGE('',*,*,#2665,.T.);
#3404=ORIENTED_EDGE('',*,*,#2629,.T.);
#3405=ORIENTED_EDGE('',*,*,#2666,.T.);
#3406=ORIENTED_EDGE('',*,*,#2667,.T.);
#3407=ORIENTED_EDGE('',*,*,#2668,.T.);
#3408=ORIENTED_EDGE('',*,*,#2669,.T.);
#3409=ORIENTED_EDGE('',*,*,#2670,.T.);
#3410=ORIENTED_EDGE('',*,*,#2671,.T.);
#3411=ORIENTED_EDGE('',*,*,#2672,.T.);
#3412=ORIENTED_EDGE('',*,*,#2673,.T.);
#3413=ORIENTED_EDGE('',*,*,#2674,.T.);
#3414=ORIENTED_EDGE('',*,*,#2675,.T.);
#3415=ORIENTED_EDGE('',*,*,#2676,.T.);
#3416=ORIENTED_EDGE('',*,*,#2677,.T.);
#3417=ORIENTED_EDGE('',*,*,#2678,.T.);
#3418=ORIENTED_EDGE('',*,*,#2679,.T.);
#3419=ORIENTED_EDGE('',*,*,#2680,.T.);
#3420=ORIENTED_EDGE('',*,*,#2681,.T.);
#3421=ORIENTED_EDGE('',*,*,#2682,.T.);
#3422=ORIENTED_EDGE('',*,*,#2683,.T.);
#3423=ORIENTED_EDGE('',*,*,#2684,.T.);
#3424=ORIENTED_EDGE('',*,*,#2685,.T.);
#3425=ORIENTED_EDGE('',*,*,#2686,.T.);
#3426=ORIENTED_EDGE('',*,*,#2687,.T.);
#3427=ORIENTED_EDGE('',*,*,#2688,.T.);
#3428=ORIENTED_EDGE('',*,*,#2689,.T.);
#3429=ORIENTED_EDGE('',*,*,#2690,.T.);
#3430=ORIENTED_EDGE('',*,*,#2691,.T.);
#3431=ORIENTED_EDGE('',*,*,#2692,.T.);
#3432=ORIENTED_EDGE('',*,*,#2693,.T.);
#3433=ORIENTED_EDGE('',*,*,#2694,.T.);
#3434=ORIENTED_EDGE('',*,*,#2695,.T.);
#3435=ORIENTED_EDGE('',*,*,#2696,.T.);
#3436=ORIENTED_EDGE('',*,*,#2697,.T.);
#3437=ORIENTED_EDGE('',*,*,#2698,.T.);
#3438=ORIENTED_EDGE('',*,*,#2699,.T.);
#3439=ORIENTED_EDGE('',*,*,#2700,.T.);
#3440=ORIENTED_EDGE('',*,*,#2701,.T.);
#3441=ORIENTED_EDGE('',*,*,#2625,.T.);
#3442=ORIENTED_EDGE('',*,*,#2702,.T.);
#3443=ORIENTED_EDGE('',*,*,#2703,.T.);
#3444=ORIENTED_EDGE('',*,*,#2704,.T.);
#3445=ORIENTED_EDGE('',*,*,#2705,.T.);
#3446=ORIENTED_EDGE('',*,*,#2706,.T.);
#3447=ORIENTED_EDGE('',*,*,#2707,.T.);
#3448=ORIENTED_EDGE('',*,*,#2708,.T.);
#3449=ORIENTED_EDGE('',*,*,#2621,.T.);
#3450=ORIENTED_EDGE('',*,*,#2709,.T.);
#3451=ORIENTED_EDGE('',*,*,#2710,.F.);
#3452=ORIENTED_EDGE('',*,*,#2646,.F.);
#3453=ORIENTED_EDGE('',*,*,#2632,.T.);
#3454=ORIENTED_EDGE('',*,*,#2711,.F.);
#3455=ORIENTED_EDGE('',*,*,#2712,.T.);
#3456=ORIENTED_EDGE('',*,*,#2713,.F.);
#3457=ORIENTED_EDGE('',*,*,#2714,.F.);
#3458=ORIENTED_EDGE('',*,*,#2648,.F.);
#3459=ORIENTED_EDGE('',*,*,#2715,.T.);
#3460=ORIENTED_EDGE('',*,*,#2716,.T.);
#3461=ORIENTED_EDGE('',*,*,#2717,.F.);
#3462=ORIENTED_EDGE('',*,*,#2649,.F.);
#3463=ORIENTED_EDGE('',*,*,#2714,.T.);
#3464=ORIENTED_EDGE('',*,*,#2718,.F.);
#3465=ORIENTED_EDGE('',*,*,#2719,.T.);
#3466=ORIENTED_EDGE('',*,*,#2720,.T.);
#3467=ORIENTED_EDGE('',*,*,#2721,.F.);
#3468=ORIENTED_EDGE('',*,*,#2722,.F.);
#3469=ORIENTED_EDGE('',*,*,#2650,.F.);
#3470=ORIENTED_EDGE('',*,*,#2717,.T.);
#3471=ORIENTED_EDGE('',*,*,#2723,.T.);
#3472=ORIENTED_EDGE('',*,*,#2724,.F.);
#3473=ORIENTED_EDGE('',*,*,#2725,.F.);
#3474=ORIENTED_EDGE('',*,*,#2651,.F.);
#3475=ORIENTED_EDGE('',*,*,#2722,.T.);
#3476=ORIENTED_EDGE('',*,*,#2726,.T.);
#3477=ORIENTED_EDGE('',*,*,#2596,.F.);
#3478=ORIENTED_EDGE('',*,*,#2652,.F.);
#3479=ORIENTED_EDGE('',*,*,#2725,.T.);
#3480=ORIENTED_EDGE('',*,*,#2727,.F.);
#3481=ORIENTED_EDGE('',*,*,#2728,.T.);
#3482=ORIENTED_EDGE('',*,*,#2729,.T.);
#3483=ORIENTED_EDGE('',*,*,#2730,.F.);
#3484=ORIENTED_EDGE('',*,*,#2699,.F.);
#3485=ORIENTED_EDGE('',*,*,#2624,.T.);
#3486=ORIENTED_EDGE('',*,*,#2731,.T.);
#3487=ORIENTED_EDGE('',*,*,#2732,.T.);
#3488=ORIENTED_EDGE('',*,*,#2733,.F.);
#3489=ORIENTED_EDGE('',*,*,#2715,.F.);
#3490=ORIENTED_EDGE('',*,*,#2647,.F.);
#3491=ORIENTED_EDGE('',*,*,#2710,.T.);
#3492=ORIENTED_EDGE('',*,*,#2734,.T.);
#3493=ORIENTED_EDGE('',*,*,#2735,.F.);
#3494=ORIENTED_EDGE('',*,*,#2736,.F.);
#3495=ORIENTED_EDGE('',*,*,#2653,.F.);
#3496=ORIENTED_EDGE('',*,*,#2599,.T.);
#3497=ORIENTED_EDGE('',*,*,#2737,.T.);
#3498=ORIENTED_EDGE('',*,*,#2738,.T.);
#3499=ORIENTED_EDGE('',*,*,#2739,.F.);
#3500=ORIENTED_EDGE('',*,*,#2672,.F.);
#3501=ORIENTED_EDGE('',*,*,#2740,.T.);
#3502=ORIENTED_EDGE('',*,*,#2616,.F.);
#3503=ORIENTED_EDGE('',*,*,#2741,.T.);
#3504=ORIENTED_EDGE('',*,*,#2742,.T.);
#3505=ORIENTED_EDGE('',*,*,#2743,.F.);
#3506=ORIENTED_EDGE('',*,*,#2683,.F.);
#3507=ORIENTED_EDGE('',*,*,#2744,.T.);
#3508=ORIENTED_EDGE('',*,*,#2745,.T.);
#3509=ORIENTED_EDGE('',*,*,#2746,.F.);
#3510=ORIENTED_EDGE('',*,*,#2685,.F.);
#3511=ORIENTED_EDGE('',*,*,#2747,.T.);
#3512=ORIENTED_EDGE('',*,*,#2748,.T.);
#3513=ORIENTED_EDGE('',*,*,#2749,.F.);
#3514=ORIENTED_EDGE('',*,*,#2658,.F.);
#3515=ORIENTED_EDGE('',*,*,#2750,.T.);
#3516=ORIENTED_EDGE('',*,*,#2610,.T.);
#3517=ORIENTED_EDGE('',*,*,#2751,.T.);
#3518=ORIENTED_EDGE('',*,*,#2752,.T.);
#3519=ORIENTED_EDGE('',*,*,#2753,.T.);
#3520=ORIENTED_EDGE('',*,*,#2754,.T.);
#3521=ORIENTED_EDGE('',*,*,#2755,.F.);
#3522=ORIENTED_EDGE('',*,*,#2705,.F.);
#3523=ORIENTED_EDGE('',*,*,#2756,.T.);
#3524=ORIENTED_EDGE('',*,*,#2757,.T.);
#3525=ORIENTED_EDGE('',*,*,#2756,.F.);
#3526=ORIENTED_EDGE('',*,*,#2704,.F.);
#3527=ORIENTED_EDGE('',*,*,#2758,.T.);
#3528=ORIENTED_EDGE('',*,*,#2759,.T.);
#3529=ORIENTED_EDGE('',*,*,#2760,.F.);
#3530=ORIENTED_EDGE('',*,*,#2691,.F.);
#3531=ORIENTED_EDGE('',*,*,#2761,.T.);
#3532=ORIENTED_EDGE('',*,*,#2762,.T.);
#3533=ORIENTED_EDGE('',*,*,#2763,.F.);
#3534=ORIENTED_EDGE('',*,*,#2698,.F.);
#3535=ORIENTED_EDGE('',*,*,#2764,.T.);
#3536=ORIENTED_EDGE('',*,*,#2765,.F.);
#3537=ORIENTED_EDGE('',*,*,#2766,.F.);
#3538=ORIENTED_EDGE('',*,*,#2663,.F.);
#3539=ORIENTED_EDGE('',*,*,#2767,.T.);
#3540=ORIENTED_EDGE('',*,*,#2768,.F.);
#3541=ORIENTED_EDGE('',*,*,#2769,.F.);
#3542=ORIENTED_EDGE('',*,*,#2681,.F.);
#3543=ORIENTED_EDGE('',*,*,#2770,.T.);
#3544=ORIENTED_EDGE('',*,*,#2771,.T.);
#3545=ORIENTED_EDGE('',*,*,#2772,.F.);
#3546=ORIENTED_EDGE('',*,*,#2682,.F.);
#3547=ORIENTED_EDGE('',*,*,#2769,.T.);
#3548=ORIENTED_EDGE('',*,*,#2773,.F.);
#3549=ORIENTED_EDGE('',*,*,#2774,.T.);
#3550=ORIENTED_EDGE('',*,*,#2602,.F.);
#3551=ORIENTED_EDGE('',*,*,#2775,.F.);
#3552=ORIENTED_EDGE('',*,*,#2593,.F.);
#3553=ORIENTED_EDGE('',*,*,#2776,.T.);
#3554=ORIENTED_EDGE('',*,*,#2777,.T.);
#3555=ORIENTED_EDGE('',*,*,#2778,.F.);
#3556=ORIENTED_EDGE('',*,*,#2696,.F.);
#3557=ORIENTED_EDGE('',*,*,#2779,.T.);
#3558=ORIENTED_EDGE('',*,*,#2780,.T.);
#3559=ORIENTED_EDGE('',*,*,#2781,.F.);
#3560=ORIENTED_EDGE('',*,*,#2687,.F.);
#3561=ORIENTED_EDGE('',*,*,#2782,.T.);
#3562=ORIENTED_EDGE('',*,*,#2783,.T.);
#3563=ORIENTED_EDGE('',*,*,#2784,.F.);
#3564=ORIENTED_EDGE('',*,*,#2767,.F.);
#3565=ORIENTED_EDGE('',*,*,#2662,.F.);
#3566=ORIENTED_EDGE('',*,*,#2785,.T.);
#3567=ORIENTED_EDGE('',*,*,#2786,.T.);
#3568=ORIENTED_EDGE('',*,*,#2787,.F.);
#3569=ORIENTED_EDGE('',*,*,#2788,.F.);
#3570=ORIENTED_EDGE('',*,*,#2656,.F.);
#3571=ORIENTED_EDGE('',*,*,#2637,.T.);
#3572=ORIENTED_EDGE('',*,*,#2789,.T.);
#3573=ORIENTED_EDGE('',*,*,#2750,.F.);
#3574=ORIENTED_EDGE('',*,*,#2657,.F.);
#3575=ORIENTED_EDGE('',*,*,#2788,.T.);
#3576=ORIENTED_EDGE('',*,*,#2790,.F.);
#3577=ORIENTED_EDGE('',*,*,#2791,.T.);
#3578=ORIENTED_EDGE('',*,*,#2719,.F.);
#3579=ORIENTED_EDGE('',*,*,#2792,.F.);
#3580=ORIENTED_EDGE('',*,*,#2732,.F.);
#3581=ORIENTED_EDGE('',*,*,#2793,.T.);
#3582=ORIENTED_EDGE('',*,*,#2794,.F.);
#3583=ORIENTED_EDGE('',*,*,#2795,.T.);
#3584=ORIENTED_EDGE('',*,*,#2712,.F.);
#3585=ORIENTED_EDGE('',*,*,#2796,.F.);
#3586=ORIENTED_EDGE('',*,*,#2797,.F.);
#3587=ORIENTED_EDGE('',*,*,#2798,.T.);
#3588=ORIENTED_EDGE('',*,*,#2774,.F.);
#3589=ORIENTED_EDGE('',*,*,#2799,.F.);
#3590=ORIENTED_EDGE('',*,*,#2800,.F.);
#3591=ORIENTED_EDGE('',*,*,#2801,.F.);
#3592=ORIENTED_EDGE('',*,*,#2802,.F.);
#3593=ORIENTED_EDGE('',*,*,#2803,.F.);
#3594=ORIENTED_EDGE('',*,*,#2804,.F.);
#3595=ORIENTED_EDGE('',*,*,#2805,.F.);
#3596=ORIENTED_EDGE('',*,*,#2783,.F.);
#3597=ORIENTED_EDGE('',*,*,#2806,.F.);
#3598=ORIENTED_EDGE('',*,*,#2807,.F.);
#3599=ORIENTED_EDGE('',*,*,#2808,.F.);
#3600=ORIENTED_EDGE('',*,*,#2809,.F.);
#3601=ORIENTED_EDGE('',*,*,#2611,.F.);
#3602=ORIENTED_EDGE('',*,*,#2810,.F.);
#3603=ORIENTED_EDGE('',*,*,#2811,.F.);
#3604=ORIENTED_EDGE('',*,*,#2741,.F.);
#3605=ORIENTED_EDGE('',*,*,#2615,.F.);
#3606=ORIENTED_EDGE('',*,*,#2812,.T.);
#3607=ORIENTED_EDGE('',*,*,#2813,.F.);
#3608=ORIENTED_EDGE('',*,*,#2666,.F.);
#3609=ORIENTED_EDGE('',*,*,#2628,.T.);
#3610=ORIENTED_EDGE('',*,*,#2814,.F.);
#3611=ORIENTED_EDGE('',*,*,#2802,.T.);
#3612=ORIENTED_EDGE('',*,*,#2613,.F.);
#3613=ORIENTED_EDGE('',*,*,#2815,.F.);
#3614=ORIENTED_EDGE('',*,*,#2668,.F.);
#3615=ORIENTED_EDGE('',*,*,#2816,.T.);
#3616=ORIENTED_EDGE('',*,*,#2817,.T.);
#3617=ORIENTED_EDGE('',*,*,#2818,.F.);
#3618=ORIENTED_EDGE('',*,*,#2669,.F.);
#3619=ORIENTED_EDGE('',*,*,#2815,.T.);
#3620=ORIENTED_EDGE('',*,*,#2612,.F.);
#3621=ORIENTED_EDGE('',*,*,#2809,.T.);
#3622=ORIENTED_EDGE('',*,*,#2617,.F.);
#3623=ORIENTED_EDGE('',*,*,#2740,.F.);
#3624=ORIENTED_EDGE('',*,*,#2671,.F.);
#3625=ORIENTED_EDGE('',*,*,#2819,.T.);
#3626=ORIENTED_EDGE('',*,*,#2820,.T.);
#3627=ORIENTED_EDGE('',*,*,#2744,.F.);
#3628=ORIENTED_EDGE('',*,*,#2686,.F.);
#3629=ORIENTED_EDGE('',*,*,#2746,.T.);
#3630=ORIENTED_EDGE('',*,*,#2805,.T.);
#3631=ORIENTED_EDGE('',*,*,#2821,.T.);
#3632=ORIENTED_EDGE('',*,*,#2765,.T.);
#3633=ORIENTED_EDGE('',*,*,#2784,.T.);
#3634=ORIENTED_EDGE('',*,*,#2822,.T.);
#3635=ORIENTED_EDGE('',*,*,#2823,.F.);
#3636=ORIENTED_EDGE('',*,*,#2679,.F.);
#3637=ORIENTED_EDGE('',*,*,#2824,.T.);
#3638=ORIENTED_EDGE('',*,*,#2825,.T.);
#3639=ORIENTED_EDGE('',*,*,#2800,.T.);
#3640=ORIENTED_EDGE('',*,*,#2826,.F.);
#3641=ORIENTED_EDGE('',*,*,#2630,.F.);
#3642=ORIENTED_EDGE('',*,*,#2665,.F.);
#3643=ORIENTED_EDGE('',*,*,#2827,.T.);
#3644=ORIENTED_EDGE('',*,*,#2828,.T.);
#3645=ORIENTED_EDGE('',*,*,#2829,.F.);
#3646=ORIENTED_EDGE('',*,*,#2693,.F.);
#3647=ORIENTED_EDGE('',*,*,#2830,.T.);
#3648=ORIENTED_EDGE('',*,*,#2831,.T.);
#3649=ORIENTED_EDGE('',*,*,#2830,.F.);
#3650=ORIENTED_EDGE('',*,*,#2692,.F.);
#3651=ORIENTED_EDGE('',*,*,#2760,.T.);
#3652=ORIENTED_EDGE('',*,*,#2832,.T.);
#3653=ORIENTED_EDGE('',*,*,#2764,.F.);
#3654=ORIENTED_EDGE('',*,*,#2697,.F.);
#3655=ORIENTED_EDGE('',*,*,#2778,.T.);
#3656=ORIENTED_EDGE('',*,*,#2728,.F.);
#3657=ORIENTED_EDGE('',*,*,#2833,.F.);
#3658=ORIENTED_EDGE('',*,*,#2720,.F.);
#3659=ORIENTED_EDGE('',*,*,#2834,.T.);
#3660=ORIENTED_EDGE('',*,*,#2606,.T.);
#3661=ORIENTED_EDGE('',*,*,#2835,.T.);
#3662=ORIENTED_EDGE('',*,*,#2836,.T.);
#3663=ORIENTED_EDGE('',*,*,#2837,.T.);
#3664=ORIENTED_EDGE('',*,*,#2803,.T.);
#3665=ORIENTED_EDGE('',*,*,#2814,.T.);
#3666=ORIENTED_EDGE('',*,*,#2627,.T.);
#3667=ORIENTED_EDGE('',*,*,#2826,.T.);
#3668=ORIENTED_EDGE('',*,*,#2752,.F.);
#3669=ORIENTED_EDGE('',*,*,#2838,.F.);
#3670=ORIENTED_EDGE('',*,*,#2674,.F.);
#3671=ORIENTED_EDGE('',*,*,#2839,.T.);
#3672=ORIENTED_EDGE('',*,*,#2840,.T.);
#3673=ORIENTED_EDGE('',*,*,#2747,.F.);
#3674=ORIENTED_EDGE('',*,*,#2684,.F.);
#3675=ORIENTED_EDGE('',*,*,#2743,.T.);
#3676=ORIENTED_EDGE('',*,*,#2841,.T.);
#3677=ORIENTED_EDGE('',*,*,#2842,.F.);
#3678=ORIENTED_EDGE('',*,*,#2689,.F.);
#3679=ORIENTED_EDGE('',*,*,#2843,.T.);
#3680=ORIENTED_EDGE('',*,*,#2792,.T.);
#3681=ORIENTED_EDGE('',*,*,#2718,.T.);
#3682=ORIENTED_EDGE('',*,*,#2713,.T.);
#3683=ORIENTED_EDGE('',*,*,#2733,.T.);
#3684=ORIENTED_EDGE('',*,*,#2844,.T.);
#3685=ORIENTED_EDGE('',*,*,#2794,.T.);
#3686=ORIENTED_EDGE('',*,*,#2845,.F.);
#3687=ORIENTED_EDGE('',*,*,#2634,.F.);
#3688=ORIENTED_EDGE('',*,*,#2645,.F.);
#3689=ORIENTED_EDGE('',*,*,#2772,.T.);
#3690=ORIENTED_EDGE('',*,*,#2846,.T.);
#3691=ORIENTED_EDGE('',*,*,#2626,.F.);
#3692=ORIENTED_EDGE('',*,*,#2701,.F.);
#3693=ORIENTED_EDGE('',*,*,#2847,.T.);
#3694=ORIENTED_EDGE('',*,*,#2848,.F.);
#3695=ORIENTED_EDGE('',*,*,#2849,.F.);
#3696=ORIENTED_EDGE('',*,*,#2654,.F.);
#3697=ORIENTED_EDGE('',*,*,#2736,.T.);
#3698=ORIENTED_EDGE('',*,*,#2850,.T.);
#3699=ORIENTED_EDGE('',*,*,#2851,.F.);
#3700=ORIENTED_EDGE('',*,*,#2675,.F.);
#3701=ORIENTED_EDGE('',*,*,#2838,.T.);
#3702=ORIENTED_EDGE('',*,*,#2751,.F.);
#3703=ORIENTED_EDGE('',*,*,#2609,.T.);
#3704=ORIENTED_EDGE('',*,*,#2836,.F.);
#3705=ORIENTED_EDGE('',*,*,#2852,.F.);
#3706=ORIENTED_EDGE('',*,*,#2677,.F.);
#3707=ORIENTED_EDGE('',*,*,#2853,.T.);
#3708=ORIENTED_EDGE('',*,*,#2854,.T.);
#3709=ORIENTED_EDGE('',*,*,#2810,.T.);
#3710=ORIENTED_EDGE('',*,*,#2618,.F.);
#3711=ORIENTED_EDGE('',*,*,#2819,.F.);
#3712=ORIENTED_EDGE('',*,*,#2670,.F.);
#3713=ORIENTED_EDGE('',*,*,#2818,.T.);
#3714=ORIENTED_EDGE('',*,*,#2855,.T.);
#3715=ORIENTED_EDGE('',*,*,#2603,.T.);
#3716=ORIENTED_EDGE('',*,*,#2837,.F.);
#3717=ORIENTED_EDGE('',*,*,#2853,.F.);
#3718=ORIENTED_EDGE('',*,*,#2676,.F.);
#3719=ORIENTED_EDGE('',*,*,#2851,.T.);
#3720=ORIENTED_EDGE('',*,*,#2856,.F.);
#3721=ORIENTED_EDGE('',*,*,#2857,.F.);
#3722=ORIENTED_EDGE('',*,*,#2734,.F.);
#3723=ORIENTED_EDGE('',*,*,#2858,.T.);
#3724=ORIENTED_EDGE('',*,*,#2825,.F.);
#3725=ORIENTED_EDGE('',*,*,#2859,.F.);
#3726=ORIENTED_EDGE('',*,*,#2806,.T.);
#3727=ORIENTED_EDGE('',*,*,#2786,.F.);
#3728=ORIENTED_EDGE('',*,*,#2860,.F.);
#3729=ORIENTED_EDGE('',*,*,#2644,.T.);
#3730=ORIENTED_EDGE('',*,*,#2861,.F.);
#3731=ORIENTED_EDGE('',*,*,#2748,.F.);
#3732=ORIENTED_EDGE('',*,*,#2789,.F.);
#3733=ORIENTED_EDGE('',*,*,#2862,.F.);
#3734=ORIENTED_EDGE('',*,*,#2640,.F.);
#3735=ORIENTED_EDGE('',*,*,#2863,.F.);
#3736=ORIENTED_EDGE('',*,*,#2858,.F.);
#3737=ORIENTED_EDGE('',*,*,#2737,.F.);
#3738=ORIENTED_EDGE('',*,*,#2598,.F.);
#3739=ORIENTED_EDGE('',*,*,#2776,.F.);
#3740=ORIENTED_EDGE('',*,*,#2597,.F.);
#3741=ORIENTED_EDGE('',*,*,#2726,.F.);
#3742=ORIENTED_EDGE('',*,*,#2834,.F.);
#3743=ORIENTED_EDGE('',*,*,#2723,.F.);
#3744=ORIENTED_EDGE('',*,*,#2716,.F.);
#3745=ORIENTED_EDGE('',*,*,#2793,.F.);
#3746=ORIENTED_EDGE('',*,*,#2731,.F.);
#3747=ORIENTED_EDGE('',*,*,#2709,.F.);
#3748=ORIENTED_EDGE('',*,*,#2795,.F.);
#3749=ORIENTED_EDGE('',*,*,#2844,.F.);
#3750=ORIENTED_EDGE('',*,*,#2771,.F.);
#3751=ORIENTED_EDGE('',*,*,#2798,.F.);
#3752=ORIENTED_EDGE('',*,*,#2864,.F.);
#3753=ORIENTED_EDGE('',*,*,#2822,.F.);
#3754=ORIENTED_EDGE('',*,*,#2865,.F.);
#3755=ORIENTED_EDGE('',*,*,#2604,.T.);
#3756=ORIENTED_EDGE('',*,*,#2855,.F.);
#3757=ORIENTED_EDGE('',*,*,#2850,.F.);
#3758=ORIENTED_EDGE('',*,*,#2608,.T.);
#3759=ORIENTED_EDGE('',*,*,#2866,.F.);
#3760=ORIENTED_EDGE('',*,*,#2738,.F.);
#3761=ORIENTED_EDGE('',*,*,#2811,.T.);
#3762=ORIENTED_EDGE('',*,*,#2854,.F.);
#3763=ORIENTED_EDGE('',*,*,#2817,.F.);
#3764=ORIENTED_EDGE('',*,*,#2808,.T.);
#3765=ORIENTED_EDGE('',*,*,#2867,.F.);
#3766=ORIENTED_EDGE('',*,*,#2812,.F.);
#3767=ORIENTED_EDGE('',*,*,#2801,.T.);
#3768=ORIENTED_EDGE('',*,*,#2820,.F.);
#3769=ORIENTED_EDGE('',*,*,#2745,.F.);
#3770=ORIENTED_EDGE('',*,*,#2840,.F.);
#3771=ORIENTED_EDGE('',*,*,#2742,.F.);
#3772=ORIENTED_EDGE('',*,*,#2868,.F.);
#3773=ORIENTED_EDGE('',*,*,#2841,.F.);
#3774=ORIENTED_EDGE('',*,*,#2869,.F.);
#3775=ORIENTED_EDGE('',*,*,#2780,.F.);
#3776=ORIENTED_EDGE('',*,*,#2870,.F.);
#3777=ORIENTED_EDGE('',*,*,#2828,.F.);
#3778=ORIENTED_EDGE('',*,*,#2831,.F.);
#3779=ORIENTED_EDGE('',*,*,#2759,.F.);
#3780=ORIENTED_EDGE('',*,*,#2762,.F.);
#3781=ORIENTED_EDGE('',*,*,#2832,.F.);
#3782=ORIENTED_EDGE('',*,*,#2777,.F.);
#3783=ORIENTED_EDGE('',*,*,#2871,.F.);
#3784=ORIENTED_EDGE('',*,*,#2623,.F.);
#3785=ORIENTED_EDGE('',*,*,#2846,.F.);
#3786=ORIENTED_EDGE('',*,*,#2872,.F.);
#3787=ORIENTED_EDGE('',*,*,#2729,.F.);
#3788=ORIENTED_EDGE('',*,*,#2754,.F.);
#3789=ORIENTED_EDGE('',*,*,#2757,.F.);
#3790=ORIENTED_EDGE('',*,*,#2873,.F.);
#3791=ORIENTED_EDGE('',*,*,#2874,.F.);
#3792=ORIENTED_EDGE('',*,*,#2619,.F.);
#3793=ORIENTED_EDGE('',*,*,#2875,.F.);
#3794=ORIENTED_EDGE('',*,*,#2876,.F.);
#3795=ORIENTED_EDGE('',*,*,#2877,.F.);
#3796=ORIENTED_EDGE('',*,*,#2791,.F.);
#3797=ORIENTED_EDGE('',*,*,#2878,.F.);
#3798=ORIENTED_EDGE('',*,*,#2635,.F.);
#3799=ORIENTED_EDGE('',*,*,#2862,.T.);
#3800=ORIENTED_EDGE('',*,*,#2879,.F.);
#3801=ORIENTED_EDGE('',*,*,#2880,.F.);
#3802=ORIENTED_EDGE('',*,*,#2660,.F.);
#3803=ORIENTED_EDGE('',*,*,#2881,.T.);
#3804=ORIENTED_EDGE('',*,*,#2859,.T.);
#3805=ORIENTED_EDGE('',*,*,#2827,.F.);
#3806=ORIENTED_EDGE('',*,*,#2664,.F.);
#3807=ORIENTED_EDGE('',*,*,#2766,.T.);
#3808=ORIENTED_EDGE('',*,*,#2821,.F.);
#3809=ORIENTED_EDGE('',*,*,#2804,.T.);
#3810=ORIENTED_EDGE('',*,*,#2871,.T.);
#3811=ORIENTED_EDGE('',*,*,#2779,.F.);
#3812=ORIENTED_EDGE('',*,*,#2695,.F.);
#3813=ORIENTED_EDGE('',*,*,#2763,.T.);
#3814=ORIENTED_EDGE('',*,*,#2833,.T.);
#3815=ORIENTED_EDGE('',*,*,#2727,.T.);
#3816=ORIENTED_EDGE('',*,*,#2724,.T.);
#3817=ORIENTED_EDGE('',*,*,#2721,.T.);
#3818=ORIENTED_EDGE('',*,*,#2878,.T.);
#3819=ORIENTED_EDGE('',*,*,#2790,.T.);
#3820=ORIENTED_EDGE('',*,*,#2787,.T.);
#3821=ORIENTED_EDGE('',*,*,#2636,.T.);
#3822=ORIENTED_EDGE('',*,*,#2643,.T.);
#3823=ORIENTED_EDGE('',*,*,#2882,.F.);
#3824=ORIENTED_EDGE('',*,*,#2881,.F.);
#3825=ORIENTED_EDGE('',*,*,#2659,.F.);
#3826=ORIENTED_EDGE('',*,*,#2749,.T.);
#3827=ORIENTED_EDGE('',*,*,#2861,.T.);
#3828=ORIENTED_EDGE('',*,*,#2867,.T.);
#3829=ORIENTED_EDGE('',*,*,#2807,.T.);
#3830=ORIENTED_EDGE('',*,*,#2614,.F.);
#3831=ORIENTED_EDGE('',*,*,#2816,.F.);
#3832=ORIENTED_EDGE('',*,*,#2667,.F.);
#3833=ORIENTED_EDGE('',*,*,#2813,.T.);
#3834=ORIENTED_EDGE('',*,*,#2868,.T.);
#3835=ORIENTED_EDGE('',*,*,#2782,.F.);
#3836=ORIENTED_EDGE('',*,*,#2690,.F.);
#3837=ORIENTED_EDGE('',*,*,#2842,.T.);
#3838=ORIENTED_EDGE('',*,*,#2877,.T.);
#3839=ORIENTED_EDGE('',*,*,#2883,.F.);
#3840=ORIENTED_EDGE('',*,*,#2706,.F.);
#3841=ORIENTED_EDGE('',*,*,#2620,.T.);
#3842=ORIENTED_EDGE('',*,*,#2775,.T.);
#3843=ORIENTED_EDGE('',*,*,#2601,.T.);
#3844=ORIENTED_EDGE('',*,*,#2589,.T.);
#3845=ORIENTED_EDGE('',*,*,#2594,.T.);
#3846=ORIENTED_EDGE('',*,*,#2870,.T.);
#3847=ORIENTED_EDGE('',*,*,#2761,.F.);
#3848=ORIENTED_EDGE('',*,*,#2694,.F.);
#3849=ORIENTED_EDGE('',*,*,#2829,.T.);
#3850=ORIENTED_EDGE('',*,*,#2865,.T.);
#3851=ORIENTED_EDGE('',*,*,#2824,.F.);
#3852=ORIENTED_EDGE('',*,*,#2678,.F.);
#3853=ORIENTED_EDGE('',*,*,#2852,.T.);
#3854=ORIENTED_EDGE('',*,*,#2835,.F.);
#3855=ORIENTED_EDGE('',*,*,#2605,.T.);
#3856=ORIENTED_EDGE('',*,*,#2864,.T.);
#3857=ORIENTED_EDGE('',*,*,#2797,.T.);
#3858=ORIENTED_EDGE('',*,*,#2884,.F.);
#3859=ORIENTED_EDGE('',*,*,#2770,.F.);
#3860=ORIENTED_EDGE('',*,*,#2680,.F.);
#3861=ORIENTED_EDGE('',*,*,#2823,.T.);
#3862=ORIENTED_EDGE('',*,*,#2796,.T.);
#3863=ORIENTED_EDGE('',*,*,#2711,.T.);
#3864=ORIENTED_EDGE('',*,*,#2631,.T.);
#3865=ORIENTED_EDGE('',*,*,#2845,.T.);
#3866=ORIENTED_EDGE('',*,*,#2642,.T.);
#3867=ORIENTED_EDGE('',*,*,#2885,.T.);
#3868=ORIENTED_EDGE('',*,*,#2879,.T.);
#3869=ORIENTED_EDGE('',*,*,#2882,.T.);
#3870=ORIENTED_EDGE('',*,*,#2876,.T.);
#3871=ORIENTED_EDGE('',*,*,#2886,.F.);
#3872=ORIENTED_EDGE('',*,*,#2707,.F.);
#3873=ORIENTED_EDGE('',*,*,#2883,.T.);
#3874=ORIENTED_EDGE('',*,*,#2872,.T.);
#3875=ORIENTED_EDGE('',*,*,#2847,.F.);
#3876=ORIENTED_EDGE('',*,*,#2700,.F.);
#3877=ORIENTED_EDGE('',*,*,#2730,.T.);
#3878=ORIENTED_EDGE('',*,*,#2869,.T.);
#3879=ORIENTED_EDGE('',*,*,#2843,.F.);
#3880=ORIENTED_EDGE('',*,*,#2688,.F.);
#3881=ORIENTED_EDGE('',*,*,#2781,.T.);
#3882=ORIENTED_EDGE('',*,*,#2875,.T.);
#3883=ORIENTED_EDGE('',*,*,#2622,.F.);
#3884=ORIENTED_EDGE('',*,*,#2708,.F.);
#3885=ORIENTED_EDGE('',*,*,#2886,.T.);
#3886=ORIENTED_EDGE('',*,*,#2873,.T.);
#3887=ORIENTED_EDGE('',*,*,#2758,.F.);
#3888=ORIENTED_EDGE('',*,*,#2703,.F.);
#3889=ORIENTED_EDGE('',*,*,#2887,.T.);
#3890=ORIENTED_EDGE('',*,*,#2874,.T.);
#3891=ORIENTED_EDGE('',*,*,#2887,.F.);
#3892=ORIENTED_EDGE('',*,*,#2702,.F.);
#3893=ORIENTED_EDGE('',*,*,#2755,.T.);
#3894=ORIENTED_EDGE('',*,*,#2866,.T.);
#3895=ORIENTED_EDGE('',*,*,#2607,.T.);
#3896=ORIENTED_EDGE('',*,*,#2753,.F.);
#3897=ORIENTED_EDGE('',*,*,#2839,.F.);
#3898=ORIENTED_EDGE('',*,*,#2673,.F.);
#3899=ORIENTED_EDGE('',*,*,#2739,.T.);
#3900=ORIENTED_EDGE('',*,*,#2857,.T.);
#3901=ORIENTED_EDGE('',*,*,#2888,.T.);
#3902=ORIENTED_EDGE('',*,*,#2848,.T.);
#3903=ORIENTED_EDGE('',*,*,#2735,.T.);
#3904=ORIENTED_EDGE('',*,*,#2799,.T.);
#3905=ORIENTED_EDGE('',*,*,#2773,.T.);
#3906=ORIENTED_EDGE('',*,*,#2768,.T.);
#3907=ORIENTED_EDGE('',*,*,#2884,.T.);
#3908=ORIENTED_EDGE('',*,*,#2860,.T.);
#3909=ORIENTED_EDGE('',*,*,#2785,.F.);
#3910=ORIENTED_EDGE('',*,*,#2661,.F.);
#3911=ORIENTED_EDGE('',*,*,#2880,.T.);
#3912=ORIENTED_EDGE('',*,*,#2885,.F.);
#3913=ORIENTED_EDGE('',*,*,#2641,.T.);
#3914=ORIENTED_EDGE('',*,*,#2863,.T.);
#3915=ORIENTED_EDGE('',*,*,#2639,.F.);
#3916=ORIENTED_EDGE('',*,*,#2655,.F.);
#3917=ORIENTED_EDGE('',*,*,#2849,.T.);
#3918=ORIENTED_EDGE('',*,*,#2888,.F.);
#3919=ORIENTED_EDGE('',*,*,#2856,.T.);
#3920=ORIENTED_EDGE('',*,*,#2889,.T.);
#3921=ORIENTED_EDGE('',*,*,#2890,.F.);
#3922=ORIENTED_EDGE('',*,*,#2891,.F.);
#3923=ORIENTED_EDGE('',*,*,#2892,.F.);
#3924=ORIENTED_EDGE('',*,*,#2893,.T.);
#3925=ORIENTED_EDGE('',*,*,#2894,.F.);
#3926=ORIENTED_EDGE('',*,*,#2891,.T.);
#3927=ORIENTED_EDGE('',*,*,#2895,.F.);
#3928=ORIENTED_EDGE('',*,*,#2896,.T.);
#3929=ORIENTED_EDGE('',*,*,#2897,.F.);
#3930=ORIENTED_EDGE('',*,*,#2893,.F.);
#3931=ORIENTED_EDGE('',*,*,#2898,.F.);
#3932=ORIENTED_EDGE('',*,*,#2889,.F.);
#3933=ORIENTED_EDGE('',*,*,#2899,.F.);
#3934=ORIENTED_EDGE('',*,*,#2896,.F.);
#3935=ORIENTED_EDGE('',*,*,#2900,.F.);
#3936=ORIENTED_EDGE('',*,*,#2892,.T.);
#3937=ORIENTED_EDGE('',*,*,#2894,.T.);
#3938=ORIENTED_EDGE('',*,*,#2897,.T.);
#3939=ORIENTED_EDGE('',*,*,#2899,.T.);
#3940=ORIENTED_EDGE('',*,*,#2901,.F.);
#3941=ORIENTED_EDGE('',*,*,#2890,.T.);
#3942=ORIENTED_EDGE('',*,*,#2902,.T.);
#3943=ORIENTED_EDGE('',*,*,#2903,.T.);
#3944=ORIENTED_EDGE('',*,*,#2902,.F.);
#3945=ORIENTED_EDGE('',*,*,#2900,.T.);
#3946=ORIENTED_EDGE('',*,*,#2904,.F.);
#3947=ORIENTED_EDGE('',*,*,#2905,.T.);
#3948=ORIENTED_EDGE('',*,*,#2906,.T.);
#3949=ORIENTED_EDGE('',*,*,#2903,.F.);
#3950=ORIENTED_EDGE('',*,*,#2907,.F.);
#3951=ORIENTED_EDGE('',*,*,#2908,.F.);
#3952=ORIENTED_EDGE('',*,*,#2907,.T.);
#3953=ORIENTED_EDGE('',*,*,#2905,.F.);
#3954=ORIENTED_EDGE('',*,*,#2909,.T.);
#3955=ORIENTED_EDGE('',*,*,#2910,.F.);
#3956=ORIENTED_EDGE('',*,*,#2911,.T.);
#3957=ORIENTED_EDGE('',*,*,#2912,.F.);
#3958=ORIENTED_EDGE('',*,*,#2909,.F.);
#3959=ORIENTED_EDGE('',*,*,#2913,.F.);
#3960=ORIENTED_EDGE('',*,*,#2904,.T.);
#3961=ORIENTED_EDGE('',*,*,#2898,.T.);
#3962=ORIENTED_EDGE('',*,*,#2914,.F.);
#3963=ORIENTED_EDGE('',*,*,#2913,.T.);
#3964=ORIENTED_EDGE('',*,*,#2914,.T.);
#3965=ORIENTED_EDGE('',*,*,#2895,.T.);
#3966=ORIENTED_EDGE('',*,*,#2901,.T.);
#3967=ORIENTED_EDGE('',*,*,#2915,.T.);
#3968=ORIENTED_EDGE('',*,*,#2911,.F.);
#3969=ORIENTED_EDGE('',*,*,#2915,.F.);
#3970=ORIENTED_EDGE('',*,*,#2906,.F.);
#3971=ORIENTED_EDGE('',*,*,#2916,.F.);
#3972=ORIENTED_EDGE('',*,*,#2908,.T.);
#3973=ORIENTED_EDGE('',*,*,#2910,.T.);
#3974=ORIENTED_EDGE('',*,*,#2912,.T.);
#3975=ORIENTED_EDGE('',*,*,#2916,.T.);
#3976=ORIENTED_EDGE('',*,*,#2917,.F.);
#3977=ORIENTED_EDGE('',*,*,#2918,.F.);
#3978=ORIENTED_EDGE('',*,*,#2917,.T.);
#3979=ORIENTED_EDGE('',*,*,#2919,.T.);
#3980=ORIENTED_EDGE('',*,*,#2920,.F.);
#3981=ORIENTED_EDGE('',*,*,#2921,.T.);
#3982=ORIENTED_EDGE('',*,*,#2922,.T.);
#3983=ORIENTED_EDGE('',*,*,#2923,.F.);
#3984=ORIENTED_EDGE('',*,*,#2924,.F.);
#3985=ORIENTED_EDGE('',*,*,#2925,.T.);
#3986=ORIENTED_EDGE('',*,*,#2926,.T.);
#3987=ORIENTED_EDGE('',*,*,#2921,.F.);
#3988=ORIENTED_EDGE('',*,*,#2927,.T.);
#3989=ORIENTED_EDGE('',*,*,#2925,.F.);
#3990=ORIENTED_EDGE('',*,*,#2928,.F.);
#3991=ORIENTED_EDGE('',*,*,#2929,.T.);
#3992=ORIENTED_EDGE('',*,*,#2930,.T.);
#3993=ORIENTED_EDGE('',*,*,#2931,.T.);
#3994=ORIENTED_EDGE('',*,*,#2932,.F.);
#3995=ORIENTED_EDGE('',*,*,#2933,.F.);
#3996=ORIENTED_EDGE('',*,*,#2934,.T.);
#3997=ORIENTED_EDGE('',*,*,#2935,.T.);
#3998=ORIENTED_EDGE('',*,*,#2935,.F.);
#3999=ORIENTED_EDGE('',*,*,#2936,.F.);
#4000=ORIENTED_EDGE('',*,*,#2937,.T.);
#4001=ORIENTED_EDGE('',*,*,#2938,.T.);
#4002=ORIENTED_EDGE('',*,*,#2939,.F.);
#4003=ORIENTED_EDGE('',*,*,#2940,.T.);
#4004=ORIENTED_EDGE('',*,*,#2941,.F.);
#4005=ORIENTED_EDGE('',*,*,#2942,.F.);
#4006=ORIENTED_EDGE('',*,*,#2943,.T.);
#4007=ORIENTED_EDGE('',*,*,#2944,.T.);
#4008=ORIENTED_EDGE('',*,*,#2944,.F.);
#4009=ORIENTED_EDGE('',*,*,#2945,.F.);
#4010=ORIENTED_EDGE('',*,*,#2946,.T.);
#4011=ORIENTED_EDGE('',*,*,#2947,.T.);
#4012=ORIENTED_EDGE('',*,*,#2948,.F.);
#4013=ORIENTED_EDGE('',*,*,#2949,.T.);
#4014=ORIENTED_EDGE('',*,*,#2950,.F.);
#4015=ORIENTED_EDGE('',*,*,#2951,.F.);
#4016=ORIENTED_EDGE('',*,*,#2952,.T.);
#4017=ORIENTED_EDGE('',*,*,#2953,.T.);
#4018=ORIENTED_EDGE('',*,*,#2953,.F.);
#4019=ORIENTED_EDGE('',*,*,#2954,.F.);
#4020=ORIENTED_EDGE('',*,*,#2955,.T.);
#4021=ORIENTED_EDGE('',*,*,#2956,.T.);
#4022=ORIENTED_EDGE('',*,*,#2957,.F.);
#4023=ORIENTED_EDGE('',*,*,#2958,.T.);
#4024=ORIENTED_EDGE('',*,*,#2959,.F.);
#4025=ORIENTED_EDGE('',*,*,#2960,.F.);
#4026=ORIENTED_EDGE('',*,*,#2961,.T.);
#4027=ORIENTED_EDGE('',*,*,#2962,.T.);
#4028=ORIENTED_EDGE('',*,*,#2962,.F.);
#4029=ORIENTED_EDGE('',*,*,#2963,.F.);
#4030=ORIENTED_EDGE('',*,*,#2964,.T.);
#4031=ORIENTED_EDGE('',*,*,#2965,.T.);
#4032=ORIENTED_EDGE('',*,*,#2966,.F.);
#4033=ORIENTED_EDGE('',*,*,#2967,.T.);
#4034=ORIENTED_EDGE('',*,*,#2968,.F.);
#4035=ORIENTED_EDGE('',*,*,#2969,.F.);
#4036=ORIENTED_EDGE('',*,*,#2970,.T.);
#4037=ORIENTED_EDGE('',*,*,#2971,.T.);
#4038=ORIENTED_EDGE('',*,*,#2971,.F.);
#4039=ORIENTED_EDGE('',*,*,#2972,.F.);
#4040=ORIENTED_EDGE('',*,*,#2973,.T.);
#4041=ORIENTED_EDGE('',*,*,#2974,.T.);
#4042=ORIENTED_EDGE('',*,*,#2975,.F.);
#4043=ORIENTED_EDGE('',*,*,#2976,.T.);
#4044=ORIENTED_EDGE('',*,*,#2977,.F.);
#4045=ORIENTED_EDGE('',*,*,#2978,.F.);
#4046=ORIENTED_EDGE('',*,*,#2979,.T.);
#4047=ORIENTED_EDGE('',*,*,#2980,.T.);
#4048=ORIENTED_EDGE('',*,*,#2980,.F.);
#4049=ORIENTED_EDGE('',*,*,#2981,.F.);
#4050=ORIENTED_EDGE('',*,*,#2982,.T.);
#4051=ORIENTED_EDGE('',*,*,#2983,.T.);
#4052=ORIENTED_EDGE('',*,*,#2984,.F.);
#4053=ORIENTED_EDGE('',*,*,#2985,.T.);
#4054=ORIENTED_EDGE('',*,*,#2986,.F.);
#4055=ORIENTED_EDGE('',*,*,#2987,.F.);
#4056=ORIENTED_EDGE('',*,*,#2988,.T.);
#4057=ORIENTED_EDGE('',*,*,#2989,.T.);
#4058=ORIENTED_EDGE('',*,*,#2989,.F.);
#4059=ORIENTED_EDGE('',*,*,#2990,.F.);
#4060=ORIENTED_EDGE('',*,*,#2991,.T.);
#4061=ORIENTED_EDGE('',*,*,#2992,.T.);
#4062=ORIENTED_EDGE('',*,*,#2993,.F.);
#4063=ORIENTED_EDGE('',*,*,#2994,.T.);
#4064=ORIENTED_EDGE('',*,*,#2995,.F.);
#4065=ORIENTED_EDGE('',*,*,#2996,.F.);
#4066=ORIENTED_EDGE('',*,*,#2997,.T.);
#4067=ORIENTED_EDGE('',*,*,#2998,.T.);
#4068=ORIENTED_EDGE('',*,*,#2999,.T.);
#4069=ORIENTED_EDGE('',*,*,#3000,.T.);
#4070=ORIENTED_EDGE('',*,*,#3001,.T.);
#4071=ORIENTED_EDGE('',*,*,#3002,.F.);
#4072=ORIENTED_EDGE('',*,*,#2998,.F.);
#4073=ORIENTED_EDGE('',*,*,#3003,.F.);
#4074=ORIENTED_EDGE('',*,*,#2997,.F.);
#4075=ORIENTED_EDGE('',*,*,#3004,.F.);
#4076=ORIENTED_EDGE('',*,*,#3005,.T.);
#4077=ORIENTED_EDGE('',*,*,#3006,.T.);
#4078=ORIENTED_EDGE('',*,*,#3005,.F.);
#4079=ORIENTED_EDGE('',*,*,#2918,.T.);
#4080=ORIENTED_EDGE('',*,*,#3007,.T.);
#4081=ORIENTED_EDGE('',*,*,#3008,.T.);
#4082=ORIENTED_EDGE('',*,*,#3009,.F.);
#4083=ORIENTED_EDGE('',*,*,#3010,.F.);
#4084=ORIENTED_EDGE('',*,*,#3008,.F.);
#4085=ORIENTED_EDGE('',*,*,#3011,.T.);
#4086=ORIENTED_EDGE('',*,*,#3012,.F.);
#4087=ORIENTED_EDGE('',*,*,#3013,.T.);
#4088=ORIENTED_EDGE('',*,*,#3009,.T.);
#4089=ORIENTED_EDGE('',*,*,#3010,.T.);
#4090=ORIENTED_EDGE('',*,*,#3013,.F.);
#4091=ORIENTED_EDGE('',*,*,#3012,.T.);
#4092=ORIENTED_EDGE('',*,*,#3014,.F.);
#4093=ORIENTED_EDGE('',*,*,#3015,.F.);
#4094=ORIENTED_EDGE('',*,*,#3016,.T.);
#4095=ORIENTED_EDGE('',*,*,#3014,.T.);
#4096=ORIENTED_EDGE('',*,*,#3016,.F.);
#4097=ORIENTED_EDGE('',*,*,#3017,.F.);
#4098=ORIENTED_EDGE('',*,*,#3015,.T.);
#4099=ORIENTED_EDGE('',*,*,#3006,.F.);
#4100=ORIENTED_EDGE('',*,*,#3018,.T.);
#4101=ORIENTED_EDGE('',*,*,#3019,.T.);
#4102=ORIENTED_EDGE('',*,*,#3018,.F.);
#4103=ORIENTED_EDGE('',*,*,#3019,.F.);
#4104=ORIENTED_EDGE('',*,*,#3020,.T.);
#4105=ORIENTED_EDGE('',*,*,#3020,.F.);
#4106=ORIENTED_EDGE('',*,*,#3021,.T.);
#4107=ORIENTED_EDGE('',*,*,#3022,.T.);
#4108=ORIENTED_EDGE('',*,*,#3021,.F.);
#4109=ORIENTED_EDGE('',*,*,#3022,.F.);
#4110=ORIENTED_EDGE('',*,*,#3023,.T.);
#4111=ORIENTED_EDGE('',*,*,#3023,.F.);
#4112=ORIENTED_EDGE('',*,*,#3024,.T.);
#4113=ORIENTED_EDGE('',*,*,#3025,.T.);
#4114=ORIENTED_EDGE('',*,*,#3024,.F.);
#4115=ORIENTED_EDGE('',*,*,#3025,.F.);
#4116=ORIENTED_EDGE('',*,*,#3026,.T.);
#4117=ORIENTED_EDGE('',*,*,#3026,.F.);
#4118=ORIENTED_EDGE('',*,*,#3027,.T.);
#4119=ORIENTED_EDGE('',*,*,#3017,.T.);
#4120=ORIENTED_EDGE('',*,*,#3027,.F.);
#4121=ORIENTED_EDGE('',*,*,#3028,.F.);
#4122=ORIENTED_EDGE('',*,*,#3029,.F.);
#4123=ORIENTED_EDGE('',*,*,#2919,.F.);
#4124=ORIENTED_EDGE('',*,*,#3011,.F.);
#4125=ORIENTED_EDGE('',*,*,#3007,.F.);
#4126=ORIENTED_EDGE('',*,*,#3030,.T.);
#4127=ORIENTED_EDGE('',*,*,#2996,.T.);
#4128=ORIENTED_EDGE('',*,*,#3000,.F.);
#4129=ORIENTED_EDGE('',*,*,#3031,.F.);
#4130=ORIENTED_EDGE('',*,*,#3001,.F.);
#4131=ORIENTED_EDGE('',*,*,#2995,.T.);
#4132=ORIENTED_EDGE('',*,*,#2990,.T.);
#4133=ORIENTED_EDGE('',*,*,#2988,.F.);
#4134=ORIENTED_EDGE('',*,*,#2987,.T.);
#4135=ORIENTED_EDGE('',*,*,#2991,.F.);
#4136=ORIENTED_EDGE('',*,*,#2994,.F.);
#4137=ORIENTED_EDGE('',*,*,#3002,.T.);
#4138=ORIENTED_EDGE('',*,*,#3031,.T.);
#4139=ORIENTED_EDGE('',*,*,#3032,.F.);
#4140=ORIENTED_EDGE('',*,*,#2992,.F.);
#4141=ORIENTED_EDGE('',*,*,#2986,.T.);
#4142=ORIENTED_EDGE('',*,*,#2981,.T.);
#4143=ORIENTED_EDGE('',*,*,#2979,.F.);
#4144=ORIENTED_EDGE('',*,*,#2978,.T.);
#4145=ORIENTED_EDGE('',*,*,#2982,.F.);
#4146=ORIENTED_EDGE('',*,*,#2985,.F.);
#4147=ORIENTED_EDGE('',*,*,#2993,.T.);
#4148=ORIENTED_EDGE('',*,*,#3032,.T.);
#4149=ORIENTED_EDGE('',*,*,#3033,.F.);
#4150=ORIENTED_EDGE('',*,*,#2983,.F.);
#4151=ORIENTED_EDGE('',*,*,#2977,.T.);
#4152=ORIENTED_EDGE('',*,*,#2972,.T.);
#4153=ORIENTED_EDGE('',*,*,#2970,.F.);
#4154=ORIENTED_EDGE('',*,*,#2969,.T.);
#4155=ORIENTED_EDGE('',*,*,#2973,.F.);
#4156=ORIENTED_EDGE('',*,*,#2976,.F.);
#4157=ORIENTED_EDGE('',*,*,#2984,.T.);
#4158=ORIENTED_EDGE('',*,*,#3033,.T.);
#4159=ORIENTED_EDGE('',*,*,#3034,.F.);
#4160=ORIENTED_EDGE('',*,*,#2974,.F.);
#4161=ORIENTED_EDGE('',*,*,#2968,.T.);
#4162=ORIENTED_EDGE('',*,*,#2963,.T.);
#4163=ORIENTED_EDGE('',*,*,#2961,.F.);
#4164=ORIENTED_EDGE('',*,*,#2960,.T.);
#4165=ORIENTED_EDGE('',*,*,#2964,.F.);
#4166=ORIENTED_EDGE('',*,*,#2967,.F.);
#4167=ORIENTED_EDGE('',*,*,#2975,.T.);
#4168=ORIENTED_EDGE('',*,*,#3034,.T.);
#4169=ORIENTED_EDGE('',*,*,#3035,.F.);
#4170=ORIENTED_EDGE('',*,*,#2965,.F.);
#4171=ORIENTED_EDGE('',*,*,#2959,.T.);
#4172=ORIENTED_EDGE('',*,*,#2954,.T.);
#4173=ORIENTED_EDGE('',*,*,#2952,.F.);
#4174=ORIENTED_EDGE('',*,*,#2951,.T.);
#4175=ORIENTED_EDGE('',*,*,#2955,.F.);
#4176=ORIENTED_EDGE('',*,*,#2958,.F.);
#4177=ORIENTED_EDGE('',*,*,#2966,.T.);
#4178=ORIENTED_EDGE('',*,*,#3035,.T.);
#4179=ORIENTED_EDGE('',*,*,#3036,.F.);
#4180=ORIENTED_EDGE('',*,*,#2956,.F.);
#4181=ORIENTED_EDGE('',*,*,#2950,.T.);
#4182=ORIENTED_EDGE('',*,*,#2945,.T.);
#4183=ORIENTED_EDGE('',*,*,#2943,.F.);
#4184=ORIENTED_EDGE('',*,*,#2942,.T.);
#4185=ORIENTED_EDGE('',*,*,#2946,.F.);
#4186=ORIENTED_EDGE('',*,*,#2949,.F.);
#4187=ORIENTED_EDGE('',*,*,#2957,.T.);
#4188=ORIENTED_EDGE('',*,*,#3036,.T.);
#4189=ORIENTED_EDGE('',*,*,#3037,.F.);
#4190=ORIENTED_EDGE('',*,*,#2947,.F.);
#4191=ORIENTED_EDGE('',*,*,#2941,.T.);
#4192=ORIENTED_EDGE('',*,*,#2936,.T.);
#4193=ORIENTED_EDGE('',*,*,#2934,.F.);
#4194=ORIENTED_EDGE('',*,*,#2933,.T.);
#4195=ORIENTED_EDGE('',*,*,#2937,.F.);
#4196=ORIENTED_EDGE('',*,*,#2940,.F.);
#4197=ORIENTED_EDGE('',*,*,#2948,.T.);
#4198=ORIENTED_EDGE('',*,*,#3037,.T.);
#4199=ORIENTED_EDGE('',*,*,#3038,.F.);
#4200=ORIENTED_EDGE('',*,*,#2938,.F.);
#4201=ORIENTED_EDGE('',*,*,#2932,.T.);
#4202=ORIENTED_EDGE('',*,*,#3039,.T.);
#4203=ORIENTED_EDGE('',*,*,#2929,.F.);
#4204=ORIENTED_EDGE('',*,*,#2928,.T.);
#4205=ORIENTED_EDGE('',*,*,#3040,.F.);
#4206=ORIENTED_EDGE('',*,*,#2931,.F.);
#4207=ORIENTED_EDGE('',*,*,#2939,.T.);
#4208=ORIENTED_EDGE('',*,*,#3038,.T.);
#4209=ORIENTED_EDGE('',*,*,#2930,.F.);
#4210=ORIENTED_EDGE('',*,*,#3039,.F.);
#4211=ORIENTED_EDGE('',*,*,#3040,.T.);
#4212=ORIENTED_EDGE('',*,*,#2924,.T.);
#4213=ORIENTED_EDGE('',*,*,#3041,.F.);
#4214=ORIENTED_EDGE('',*,*,#3029,.T.);
#4215=ORIENTED_EDGE('',*,*,#3042,.F.);
#4216=ORIENTED_EDGE('',*,*,#2927,.F.);
#4217=ORIENTED_EDGE('',*,*,#3041,.T.);
#4218=ORIENTED_EDGE('',*,*,#2923,.T.);
#4219=ORIENTED_EDGE('',*,*,#2920,.T.);
#4220=ORIENTED_EDGE('',*,*,#3028,.T.);
#4221=ORIENTED_EDGE('',*,*,#2922,.F.);
#4222=ORIENTED_EDGE('',*,*,#2926,.F.);
#4223=ORIENTED_EDGE('',*,*,#3042,.T.);
#4224=ORIENTED_EDGE('',*,*,#3030,.F.);
#4225=ORIENTED_EDGE('',*,*,#2999,.F.);
#4226=ORIENTED_EDGE('',*,*,#3003,.T.);
#4227=ORIENTED_EDGE('',*,*,#3004,.T.);
#4228=ORIENTED_EDGE('',*,*,#3043,.T.);
#4229=ORIENTED_EDGE('',*,*,#3044,.T.);
#4230=ORIENTED_EDGE('',*,*,#3045,.F.);
#4231=ORIENTED_EDGE('',*,*,#3044,.F.);
#4232=ORIENTED_EDGE('',*,*,#3043,.F.);
#4233=ORIENTED_EDGE('',*,*,#3046,.F.);
#4234=ORIENTED_EDGE('',*,*,#3047,.T.);
#4235=ORIENTED_EDGE('',*,*,#3048,.T.);
#4236=ORIENTED_EDGE('',*,*,#3049,.T.);
#4237=ORIENTED_EDGE('',*,*,#3050,.F.);
#4238=ORIENTED_EDGE('',*,*,#3051,.F.);
#4239=ORIENTED_EDGE('',*,*,#3052,.F.);
#4240=ORIENTED_EDGE('',*,*,#3053,.F.);
#4241=ORIENTED_EDGE('',*,*,#3054,.F.);
#4242=ORIENTED_EDGE('',*,*,#3055,.F.);
#4243=ORIENTED_EDGE('',*,*,#3056,.F.);
#4244=ORIENTED_EDGE('',*,*,#3057,.F.);
#4245=ORIENTED_EDGE('',*,*,#3045,.T.);
#4246=ORIENTED_EDGE('',*,*,#3057,.T.);
#4247=ORIENTED_EDGE('',*,*,#3058,.F.);
#4248=ORIENTED_EDGE('',*,*,#3059,.F.);
#4249=ORIENTED_EDGE('',*,*,#3060,.T.);
#4250=ORIENTED_EDGE('',*,*,#3050,.T.);
#4251=ORIENTED_EDGE('',*,*,#3061,.F.);
#4252=ORIENTED_EDGE('',*,*,#3062,.T.);
#4253=ORIENTED_EDGE('',*,*,#3063,.T.);
#4254=ORIENTED_EDGE('',*,*,#3046,.T.);
#4255=ORIENTED_EDGE('',*,*,#3060,.F.);
#4256=ORIENTED_EDGE('',*,*,#3064,.F.);
#4257=ORIENTED_EDGE('',*,*,#3065,.T.);
#4258=ORIENTED_EDGE('',*,*,#3051,.T.);
#4259=ORIENTED_EDGE('',*,*,#3065,.F.);
#4260=ORIENTED_EDGE('',*,*,#3066,.F.);
#4261=ORIENTED_EDGE('',*,*,#3067,.T.);
#4262=ORIENTED_EDGE('',*,*,#3056,.T.);
#4263=ORIENTED_EDGE('',*,*,#3068,.F.);
#4264=ORIENTED_EDGE('',*,*,#3069,.F.);
#4265=ORIENTED_EDGE('',*,*,#3070,.T.);
#4266=ORIENTED_EDGE('',*,*,#3052,.T.);
#4267=ORIENTED_EDGE('',*,*,#3067,.F.);
#4268=ORIENTED_EDGE('',*,*,#3071,.F.);
#4269=ORIENTED_EDGE('',*,*,#3058,.T.);
#4270=ORIENTED_EDGE('',*,*,#3054,.T.);
#4271=ORIENTED_EDGE('',*,*,#3072,.F.);
#4272=ORIENTED_EDGE('',*,*,#3073,.F.);
#4273=ORIENTED_EDGE('',*,*,#3074,.T.);
#4274=ORIENTED_EDGE('',*,*,#3053,.T.);
#4275=ORIENTED_EDGE('',*,*,#3070,.F.);
#4276=ORIENTED_EDGE('',*,*,#3075,.F.);
#4277=ORIENTED_EDGE('',*,*,#3072,.T.);
#4278=ORIENTED_EDGE('',*,*,#3055,.T.);
#4279=ORIENTED_EDGE('',*,*,#3074,.F.);
#4280=ORIENTED_EDGE('',*,*,#3076,.F.);
#4281=ORIENTED_EDGE('',*,*,#3068,.T.);
#4282=ORIENTED_EDGE('',*,*,#3076,.T.);
#4283=ORIENTED_EDGE('',*,*,#3073,.T.);
#4284=ORIENTED_EDGE('',*,*,#3075,.T.);
#4285=ORIENTED_EDGE('',*,*,#3069,.T.);
#4286=ORIENTED_EDGE('',*,*,#3047,.F.);
#4287=ORIENTED_EDGE('',*,*,#3063,.F.);
#4288=ORIENTED_EDGE('',*,*,#3077,.T.);
#4289=ORIENTED_EDGE('',*,*,#3078,.T.);
#4290=ORIENTED_EDGE('',*,*,#3048,.F.);
#4291=ORIENTED_EDGE('',*,*,#3078,.F.);
#4292=ORIENTED_EDGE('',*,*,#3079,.T.);
#4293=ORIENTED_EDGE('',*,*,#3080,.T.);
#4294=ORIENTED_EDGE('',*,*,#3049,.F.);
#4295=ORIENTED_EDGE('',*,*,#3080,.F.);
#4296=ORIENTED_EDGE('',*,*,#3081,.T.);
#4297=ORIENTED_EDGE('',*,*,#3061,.T.);
#4298=ORIENTED_EDGE('',*,*,#3077,.F.);
#4299=ORIENTED_EDGE('',*,*,#3062,.F.);
#4300=ORIENTED_EDGE('',*,*,#3081,.F.);
#4301=ORIENTED_EDGE('',*,*,#3079,.F.);
#4302=ORIENTED_EDGE('',*,*,#3059,.T.);
#4303=ORIENTED_EDGE('',*,*,#3071,.T.);
#4304=ORIENTED_EDGE('',*,*,#3066,.T.);
#4305=ORIENTED_EDGE('',*,*,#3064,.T.);
#4306=ORIENTED_EDGE('',*,*,#3082,.T.);
#4307=ORIENTED_EDGE('',*,*,#3082,.F.);
#4308=ORIENTED_EDGE('',*,*,#3083,.T.);
#4309=ORIENTED_EDGE('',*,*,#3084,.F.);
#4310=ORIENTED_EDGE('',*,*,#3083,.F.);
#4311=ORIENTED_EDGE('',*,*,#3084,.T.);
#4312=ORIENTED_EDGE('',*,*,#3085,.T.);
#4313=ORIENTED_EDGE('',*,*,#3086,.F.);
#4314=ORIENTED_EDGE('',*,*,#3087,.F.);
#4315=ORIENTED_EDGE('',*,*,#3088,.T.);
#4316=ORIENTED_EDGE('',*,*,#3089,.T.);
#4317=ORIENTED_EDGE('',*,*,#3090,.F.);
#4318=ORIENTED_EDGE('',*,*,#3091,.F.);
#4319=ORIENTED_EDGE('',*,*,#3086,.T.);
#4320=ORIENTED_EDGE('',*,*,#3092,.T.);
#4321=ORIENTED_EDGE('',*,*,#3093,.F.);
#4322=ORIENTED_EDGE('',*,*,#3094,.F.);
#4323=ORIENTED_EDGE('',*,*,#3090,.T.);
#4324=ORIENTED_EDGE('',*,*,#3095,.T.);
#4325=ORIENTED_EDGE('',*,*,#3088,.F.);
#4326=ORIENTED_EDGE('',*,*,#3096,.F.);
#4327=ORIENTED_EDGE('',*,*,#3093,.T.);
#4328=ORIENTED_EDGE('',*,*,#3085,.F.);
#4329=ORIENTED_EDGE('',*,*,#3095,.F.);
#4330=ORIENTED_EDGE('',*,*,#3092,.F.);
#4331=ORIENTED_EDGE('',*,*,#3089,.F.);
#4332=ORIENTED_EDGE('',*,*,#3087,.T.);
#4333=ORIENTED_EDGE('',*,*,#3091,.T.);
#4334=ORIENTED_EDGE('',*,*,#3094,.T.);
#4335=ORIENTED_EDGE('',*,*,#3096,.T.);
#4336=ORIENTED_EDGE('',*,*,#3097,.T.);
#4337=ORIENTED_EDGE('',*,*,#3098,.T.);
#4338=ORIENTED_EDGE('',*,*,#3099,.F.);
#4339=ORIENTED_EDGE('',*,*,#3100,.T.);
#4340=ORIENTED_EDGE('',*,*,#3101,.T.);
#4341=ORIENTED_EDGE('',*,*,#3102,.F.);
#4342=ORIENTED_EDGE('',*,*,#3100,.F.);
#4343=ORIENTED_EDGE('',*,*,#3103,.T.);
#4344=ORIENTED_EDGE('',*,*,#3104,.T.);
#4345=ORIENTED_EDGE('',*,*,#3105,.T.);
#4346=ORIENTED_EDGE('',*,*,#3106,.F.);
#4347=ORIENTED_EDGE('',*,*,#3107,.T.);
#4348=ORIENTED_EDGE('',*,*,#3108,.T.);
#4349=ORIENTED_EDGE('',*,*,#3109,.F.);
#4350=ORIENTED_EDGE('',*,*,#3107,.F.);
#4351=ORIENTED_EDGE('',*,*,#3110,.T.);
#4352=ORIENTED_EDGE('',*,*,#3104,.F.);
#4353=ORIENTED_EDGE('',*,*,#3111,.F.);
#4354=ORIENTED_EDGE('',*,*,#3112,.T.);
#4355=ORIENTED_EDGE('',*,*,#3113,.F.);
#4356=ORIENTED_EDGE('',*,*,#3113,.T.);
#4357=ORIENTED_EDGE('',*,*,#3114,.F.);
#4358=ORIENTED_EDGE('',*,*,#3115,.F.);
#4359=ORIENTED_EDGE('',*,*,#3116,.T.);
#4360=ORIENTED_EDGE('',*,*,#3111,.T.);
#4361=ORIENTED_EDGE('',*,*,#3117,.F.);
#4362=ORIENTED_EDGE('',*,*,#3118,.F.);
#4363=ORIENTED_EDGE('',*,*,#3119,.T.);
#4364=ORIENTED_EDGE('',*,*,#3120,.T.);
#4365=ORIENTED_EDGE('',*,*,#3121,.T.);
#4366=ORIENTED_EDGE('',*,*,#3122,.T.);
#4367=ORIENTED_EDGE('',*,*,#3123,.T.);
#4368=ORIENTED_EDGE('',*,*,#3102,.T.);
#4369=ORIENTED_EDGE('',*,*,#3117,.T.);
#4370=ORIENTED_EDGE('',*,*,#3109,.T.);
#4371=ORIENTED_EDGE('',*,*,#3124,.T.);
#4372=ORIENTED_EDGE('',*,*,#3116,.F.);
#4373=ORIENTED_EDGE('',*,*,#3125,.F.);
#4374=ORIENTED_EDGE('',*,*,#3126,.F.);
#4375=ORIENTED_EDGE('',*,*,#3127,.F.);
#4376=ORIENTED_EDGE('',*,*,#3128,.F.);
#4377=ORIENTED_EDGE('',*,*,#3129,.F.);
#4378=ORIENTED_EDGE('',*,*,#3130,.F.);
#4379=ORIENTED_EDGE('',*,*,#3110,.F.);
#4380=ORIENTED_EDGE('',*,*,#3131,.T.);
#4381=ORIENTED_EDGE('',*,*,#3132,.T.);
#4382=ORIENTED_EDGE('',*,*,#3133,.T.);
#4383=ORIENTED_EDGE('',*,*,#3134,.T.);
#4384=ORIENTED_EDGE('',*,*,#3134,.F.);
#4385=ORIENTED_EDGE('',*,*,#3135,.F.);
#4386=ORIENTED_EDGE('',*,*,#3129,.T.);
#4387=ORIENTED_EDGE('',*,*,#3136,.T.);
#4388=ORIENTED_EDGE('',*,*,#3133,.F.);
#4389=ORIENTED_EDGE('',*,*,#3137,.F.);
#4390=ORIENTED_EDGE('',*,*,#3130,.T.);
#4391=ORIENTED_EDGE('',*,*,#3135,.T.);
#4392=ORIENTED_EDGE('',*,*,#3131,.F.);
#4393=ORIENTED_EDGE('',*,*,#3136,.F.);
#4394=ORIENTED_EDGE('',*,*,#3128,.T.);
#4395=ORIENTED_EDGE('',*,*,#3106,.T.);
#4396=ORIENTED_EDGE('',*,*,#3138,.F.);
#4397=ORIENTED_EDGE('',*,*,#3139,.F.);
#4398=ORIENTED_EDGE('',*,*,#3140,.F.);
#4399=ORIENTED_EDGE('',*,*,#3103,.F.);
#4400=ORIENTED_EDGE('',*,*,#3141,.T.);
#4401=ORIENTED_EDGE('',*,*,#3142,.T.);
#4402=ORIENTED_EDGE('',*,*,#3143,.T.);
#4403=ORIENTED_EDGE('',*,*,#3144,.T.);
#4404=ORIENTED_EDGE('',*,*,#3144,.F.);
#4405=ORIENTED_EDGE('',*,*,#3145,.F.);
#4406=ORIENTED_EDGE('',*,*,#3139,.T.);
#4407=ORIENTED_EDGE('',*,*,#3146,.T.);
#4408=ORIENTED_EDGE('',*,*,#3143,.F.);
#4409=ORIENTED_EDGE('',*,*,#3147,.F.);
#4410=ORIENTED_EDGE('',*,*,#3140,.T.);
#4411=ORIENTED_EDGE('',*,*,#3145,.T.);
#4412=ORIENTED_EDGE('',*,*,#3141,.F.);
#4413=ORIENTED_EDGE('',*,*,#3146,.F.);
#4414=ORIENTED_EDGE('',*,*,#3138,.T.);
#4415=ORIENTED_EDGE('',*,*,#3099,.T.);
#4416=ORIENTED_EDGE('',*,*,#3148,.T.);
#4417=ORIENTED_EDGE('',*,*,#3149,.F.);
#4418=ORIENTED_EDGE('',*,*,#3150,.T.);
#4419=ORIENTED_EDGE('',*,*,#3151,.F.);
#4420=ORIENTED_EDGE('',*,*,#3123,.F.);
#4421=ORIENTED_EDGE('',*,*,#3152,.F.);
#4422=ORIENTED_EDGE('',*,*,#3149,.T.);
#4423=ORIENTED_EDGE('',*,*,#3153,.T.);
#4424=ORIENTED_EDGE('',*,*,#3122,.F.);
#4425=ORIENTED_EDGE('',*,*,#3154,.F.);
#4426=ORIENTED_EDGE('',*,*,#3150,.F.);
#4427=ORIENTED_EDGE('',*,*,#3152,.T.);
#4428=ORIENTED_EDGE('',*,*,#3120,.F.);
#4429=ORIENTED_EDGE('',*,*,#3153,.F.);
#4430=ORIENTED_EDGE('',*,*,#3148,.F.);
#4431=ORIENTED_EDGE('',*,*,#3155,.T.);
#4432=ORIENTED_EDGE('',*,*,#3156,.T.);
#4433=ORIENTED_EDGE('',*,*,#3157,.F.);
#4434=ORIENTED_EDGE('',*,*,#3158,.T.);
#4435=ORIENTED_EDGE('',*,*,#3119,.F.);
#4436=ORIENTED_EDGE('',*,*,#3159,.T.);
#4437=ORIENTED_EDGE('',*,*,#3114,.T.);
#4438=ORIENTED_EDGE('',*,*,#3160,.T.);
#4439=ORIENTED_EDGE('',*,*,#3161,.T.);
#4440=ORIENTED_EDGE('',*,*,#3161,.F.);
#4441=ORIENTED_EDGE('',*,*,#3162,.F.);
#4442=ORIENTED_EDGE('',*,*,#3157,.T.);
#4443=ORIENTED_EDGE('',*,*,#3163,.T.);
#4444=ORIENTED_EDGE('',*,*,#3160,.F.);
#4445=ORIENTED_EDGE('',*,*,#3112,.F.);
#4446=ORIENTED_EDGE('',*,*,#3158,.F.);
#4447=ORIENTED_EDGE('',*,*,#3162,.T.);
#4448=ORIENTED_EDGE('',*,*,#3159,.F.);
#4449=ORIENTED_EDGE('',*,*,#3163,.F.);
#4450=ORIENTED_EDGE('',*,*,#3156,.F.);
#4451=ORIENTED_EDGE('',*,*,#3164,.T.);
#4452=ORIENTED_EDGE('',*,*,#3165,.T.);
#4453=ORIENTED_EDGE('',*,*,#3166,.T.);
#4454=ORIENTED_EDGE('',*,*,#3155,.F.);
#4455=ORIENTED_EDGE('',*,*,#3167,.T.);
#4456=ORIENTED_EDGE('',*,*,#3097,.F.);
#4457=ORIENTED_EDGE('',*,*,#3168,.F.);
#4458=ORIENTED_EDGE('',*,*,#3154,.T.);
#4459=ORIENTED_EDGE('',*,*,#3169,.F.);
#4460=ORIENTED_EDGE('',*,*,#3169,.T.);
#4461=ORIENTED_EDGE('',*,*,#3121,.F.);
#4462=ORIENTED_EDGE('',*,*,#3166,.F.);
#4463=ORIENTED_EDGE('',*,*,#3126,.T.);
#4464=ORIENTED_EDGE('',*,*,#3168,.T.);
#4465=ORIENTED_EDGE('',*,*,#3124,.F.);
#4466=ORIENTED_EDGE('',*,*,#3167,.F.);
#4467=ORIENTED_EDGE('',*,*,#3151,.T.);
#4468=ORIENTED_EDGE('',*,*,#3170,.T.);
#4469=ORIENTED_EDGE('',*,*,#3115,.T.);
#4470=ORIENTED_EDGE('',*,*,#3164,.F.);
#4471=ORIENTED_EDGE('',*,*,#3118,.T.);
#4472=ORIENTED_EDGE('',*,*,#3170,.F.);
#4473=ORIENTED_EDGE('',*,*,#3101,.F.);
#4474=ORIENTED_EDGE('',*,*,#3147,.T.);
#4475=ORIENTED_EDGE('',*,*,#3171,.F.);
#4476=ORIENTED_EDGE('',*,*,#3171,.T.);
#4477=ORIENTED_EDGE('',*,*,#3142,.F.);
#4478=ORIENTED_EDGE('',*,*,#3098,.F.);
#4479=ORIENTED_EDGE('',*,*,#3125,.T.);
#4480=ORIENTED_EDGE('',*,*,#3165,.F.);
#4481=ORIENTED_EDGE('',*,*,#3108,.F.);
#4482=ORIENTED_EDGE('',*,*,#3137,.T.);
#4483=ORIENTED_EDGE('',*,*,#3172,.F.);
#4484=ORIENTED_EDGE('',*,*,#3172,.T.);
#4485=ORIENTED_EDGE('',*,*,#3132,.F.);
#4486=ORIENTED_EDGE('',*,*,#3105,.F.);
#4487=ORIENTED_EDGE('',*,*,#3127,.T.);
#4488=ORIENTED_EDGE('',*,*,#3173,.T.);
#4489=ORIENTED_EDGE('',*,*,#3174,.T.);
#4490=ORIENTED_EDGE('',*,*,#3175,.T.);
#4491=ORIENTED_EDGE('',*,*,#3176,.T.);
#4492=ORIENTED_EDGE('',*,*,#3173,.F.);
#4493=ORIENTED_EDGE('',*,*,#3177,.T.);
#4494=ORIENTED_EDGE('',*,*,#3175,.F.);
#4495=ORIENTED_EDGE('',*,*,#3178,.T.);
#4496=ORIENTED_EDGE('',*,*,#3178,.F.);
#4497=ORIENTED_EDGE('',*,*,#3177,.F.);
#4498=ORIENTED_EDGE('',*,*,#3174,.F.);
#4499=ORIENTED_EDGE('',*,*,#3176,.F.);
#4500=ORIENTED_EDGE('',*,*,#3179,.T.);
#4501=ORIENTED_EDGE('',*,*,#3180,.F.);
#4502=ORIENTED_EDGE('',*,*,#3181,.F.);
#4503=ORIENTED_EDGE('',*,*,#3182,.T.);
#4504=ORIENTED_EDGE('',*,*,#3183,.T.);
#4505=ORIENTED_EDGE('',*,*,#3184,.F.);
#4506=ORIENTED_EDGE('',*,*,#3179,.F.);
#4507=ORIENTED_EDGE('',*,*,#3185,.T.);
#4508=ORIENTED_EDGE('',*,*,#3186,.T.);
#4509=ORIENTED_EDGE('',*,*,#3187,.F.);
#4510=ORIENTED_EDGE('',*,*,#3183,.F.);
#4511=ORIENTED_EDGE('',*,*,#3188,.T.);
#4512=ORIENTED_EDGE('',*,*,#3189,.F.);
#4513=ORIENTED_EDGE('',*,*,#3190,.T.);
#4514=ORIENTED_EDGE('',*,*,#3191,.F.);
#4515=ORIENTED_EDGE('',*,*,#3192,.F.);
#4516=ORIENTED_EDGE('',*,*,#3193,.T.);
#4517=ORIENTED_EDGE('',*,*,#3194,.T.);
#4518=ORIENTED_EDGE('',*,*,#3195,.F.);
#4519=ORIENTED_EDGE('',*,*,#3196,.T.);
#4520=ORIENTED_EDGE('',*,*,#3197,.T.);
#4521=ORIENTED_EDGE('',*,*,#3196,.F.);
#4522=ORIENTED_EDGE('',*,*,#3198,.F.);
#4523=ORIENTED_EDGE('',*,*,#3199,.F.);
#4524=ORIENTED_EDGE('',*,*,#3200,.T.);
#4525=ORIENTED_EDGE('',*,*,#3201,.T.);
#4526=ORIENTED_EDGE('',*,*,#3193,.F.);
#4527=ORIENTED_EDGE('',*,*,#3202,.F.);
#4528=ORIENTED_EDGE('',*,*,#3203,.T.);
#4529=ORIENTED_EDGE('',*,*,#3204,.T.);
#4530=ORIENTED_EDGE('',*,*,#3200,.F.);
#4531=ORIENTED_EDGE('',*,*,#3205,.F.);
#4532=ORIENTED_EDGE('',*,*,#3206,.T.);
#4533=ORIENTED_EDGE('',*,*,#3207,.T.);
#4534=ORIENTED_EDGE('',*,*,#3203,.F.);
#4535=ORIENTED_EDGE('',*,*,#3208,.F.);
#4536=ORIENTED_EDGE('',*,*,#3209,.F.);
#4537=ORIENTED_EDGE('',*,*,#3210,.T.);
#4538=ORIENTED_EDGE('',*,*,#3211,.T.);
#4539=ORIENTED_EDGE('',*,*,#3212,.T.);
#4540=ORIENTED_EDGE('',*,*,#3213,.F.);
#4541=ORIENTED_EDGE('',*,*,#3214,.F.);
#4542=ORIENTED_EDGE('',*,*,#3215,.T.);
#4543=ORIENTED_EDGE('',*,*,#3210,.F.);
#4544=ORIENTED_EDGE('',*,*,#3216,.T.);
#4545=ORIENTED_EDGE('',*,*,#3191,.T.);
#4546=ORIENTED_EDGE('',*,*,#3217,.T.);
#4547=ORIENTED_EDGE('',*,*,#3198,.T.);
#4548=ORIENTED_EDGE('',*,*,#3195,.T.);
#4549=ORIENTED_EDGE('',*,*,#3218,.F.);
#4550=ORIENTED_EDGE('',*,*,#3219,.T.);
#4551=ORIENTED_EDGE('',*,*,#3220,.T.);
#4552=ORIENTED_EDGE('',*,*,#3219,.F.);
#4553=ORIENTED_EDGE('',*,*,#3221,.F.);
#4554=ORIENTED_EDGE('',*,*,#3222,.T.);
#4555=ORIENTED_EDGE('',*,*,#3223,.T.);
#4556=ORIENTED_EDGE('',*,*,#3222,.F.);
#4557=ORIENTED_EDGE('',*,*,#3224,.F.);
#4558=ORIENTED_EDGE('',*,*,#3225,.T.);
#4559=ORIENTED_EDGE('',*,*,#3226,.T.);
#4560=ORIENTED_EDGE('',*,*,#3227,.T.);
#4561=ORIENTED_EDGE('',*,*,#3225,.F.);
#4562=ORIENTED_EDGE('',*,*,#3226,.F.);
#4563=ORIENTED_EDGE('',*,*,#3227,.F.);
#4564=ORIENTED_EDGE('',*,*,#3228,.F.);
#4565=ORIENTED_EDGE('',*,*,#3228,.T.);
#4566=ORIENTED_EDGE('',*,*,#3213,.T.);
#4567=ORIENTED_EDGE('',*,*,#3229,.T.);
#4568=ORIENTED_EDGE('',*,*,#3206,.F.);
#4569=ORIENTED_EDGE('',*,*,#3230,.F.);
#4570=ORIENTED_EDGE('',*,*,#3231,.T.);
#4571=ORIENTED_EDGE('',*,*,#3232,.T.);
#4572=ORIENTED_EDGE('',*,*,#3233,.F.);
#4573=ORIENTED_EDGE('',*,*,#3232,.F.);
#4574=ORIENTED_EDGE('',*,*,#3234,.F.);
#4575=ORIENTED_EDGE('',*,*,#3235,.F.);
#4576=ORIENTED_EDGE('',*,*,#3236,.F.);
#4577=ORIENTED_EDGE('',*,*,#3237,.F.);
#4578=ORIENTED_EDGE('',*,*,#3238,.T.);
#4579=ORIENTED_EDGE('',*,*,#3239,.F.);
#4580=ORIENTED_EDGE('',*,*,#3238,.F.);
#4581=ORIENTED_EDGE('',*,*,#3240,.F.);
#4582=ORIENTED_EDGE('',*,*,#3241,.F.);
#4583=ORIENTED_EDGE('',*,*,#3242,.F.);
#4584=ORIENTED_EDGE('',*,*,#3243,.F.);
#4585=ORIENTED_EDGE('',*,*,#3244,.F.);
#4586=ORIENTED_EDGE('',*,*,#3245,.F.);
#4587=ORIENTED_EDGE('',*,*,#3246,.F.);
#4588=ORIENTED_EDGE('',*,*,#3247,.T.);
#4589=ORIENTED_EDGE('',*,*,#3248,.T.);
#4590=ORIENTED_EDGE('',*,*,#3247,.F.);
#4591=ORIENTED_EDGE('',*,*,#3249,.F.);
#4592=ORIENTED_EDGE('',*,*,#3250,.F.);
#4593=ORIENTED_EDGE('',*,*,#3251,.F.);
#4594=ORIENTED_EDGE('',*,*,#3252,.F.);
#4595=ORIENTED_EDGE('',*,*,#3253,.T.);
#4596=ORIENTED_EDGE('',*,*,#3254,.T.);
#4597=ORIENTED_EDGE('',*,*,#3253,.F.);
#4598=ORIENTED_EDGE('',*,*,#3255,.F.);
#4599=ORIENTED_EDGE('',*,*,#3256,.T.);
#4600=ORIENTED_EDGE('',*,*,#3257,.T.);
#4601=ORIENTED_EDGE('',*,*,#3256,.F.);
#4602=ORIENTED_EDGE('',*,*,#3258,.F.);
#4603=ORIENTED_EDGE('',*,*,#3259,.T.);
#4604=ORIENTED_EDGE('',*,*,#3260,.T.);
#4605=ORIENTED_EDGE('',*,*,#3259,.F.);
#4606=ORIENTED_EDGE('',*,*,#3261,.F.);
#4607=ORIENTED_EDGE('',*,*,#3262,.T.);
#4608=ORIENTED_EDGE('',*,*,#3263,.T.);
#4609=ORIENTED_EDGE('',*,*,#3262,.F.);
#4610=ORIENTED_EDGE('',*,*,#3264,.F.);
#4611=ORIENTED_EDGE('',*,*,#3265,.F.);
#4612=ORIENTED_EDGE('',*,*,#3266,.F.);
#4613=ORIENTED_EDGE('',*,*,#3267,.F.);
#4614=ORIENTED_EDGE('',*,*,#3268,.F.);
#4615=ORIENTED_EDGE('',*,*,#3269,.T.);
#4616=ORIENTED_EDGE('',*,*,#3270,.T.);
#4617=ORIENTED_EDGE('',*,*,#3269,.F.);
#4618=ORIENTED_EDGE('',*,*,#3271,.F.);
#4619=ORIENTED_EDGE('',*,*,#3272,.F.);
#4620=ORIENTED_EDGE('',*,*,#3273,.F.);
#4621=ORIENTED_EDGE('',*,*,#3274,.F.);
#4622=ORIENTED_EDGE('',*,*,#3275,.F.);
#4623=ORIENTED_EDGE('',*,*,#3276,.F.);
#4624=ORIENTED_EDGE('',*,*,#3277,.T.);
#4625=ORIENTED_EDGE('',*,*,#3275,.T.);
#4626=ORIENTED_EDGE('',*,*,#3277,.F.);
#4627=ORIENTED_EDGE('',*,*,#3189,.T.);
#4628=ORIENTED_EDGE('',*,*,#3278,.F.);
#4629=ORIENTED_EDGE('',*,*,#3186,.F.);
#4630=ORIENTED_EDGE('',*,*,#3279,.T.);
#4631=ORIENTED_EDGE('',*,*,#3280,.F.);
#4632=ORIENTED_EDGE('',*,*,#3214,.T.);
#4633=ORIENTED_EDGE('',*,*,#3230,.T.);
#4634=ORIENTED_EDGE('',*,*,#3208,.T.);
#4635=ORIENTED_EDGE('',*,*,#3205,.T.);
#4636=ORIENTED_EDGE('',*,*,#3202,.T.);
#4637=ORIENTED_EDGE('',*,*,#3199,.T.);
#4638=ORIENTED_EDGE('',*,*,#3217,.F.);
#4639=ORIENTED_EDGE('',*,*,#3190,.F.);
#4640=ORIENTED_EDGE('',*,*,#3279,.F.);
#4641=ORIENTED_EDGE('',*,*,#3188,.F.);
#4642=ORIENTED_EDGE('',*,*,#3185,.F.);
#4643=ORIENTED_EDGE('',*,*,#3182,.F.);
#4644=ORIENTED_EDGE('',*,*,#3281,.F.);
#4645=ORIENTED_EDGE('',*,*,#3180,.T.);
#4646=ORIENTED_EDGE('',*,*,#3184,.T.);
#4647=ORIENTED_EDGE('',*,*,#3187,.T.);
#4648=ORIENTED_EDGE('',*,*,#3278,.T.);
#4649=ORIENTED_EDGE('',*,*,#3192,.T.);
#4650=ORIENTED_EDGE('',*,*,#3216,.F.);
#4651=ORIENTED_EDGE('',*,*,#3194,.F.);
#4652=ORIENTED_EDGE('',*,*,#3201,.F.);
#4653=ORIENTED_EDGE('',*,*,#3204,.F.);
#4654=ORIENTED_EDGE('',*,*,#3207,.F.);
#4655=ORIENTED_EDGE('',*,*,#3229,.F.);
#4656=ORIENTED_EDGE('',*,*,#3212,.F.);
#4657=ORIENTED_EDGE('',*,*,#3233,.T.);
#4658=ORIENTED_EDGE('',*,*,#3209,.T.);
#4659=ORIENTED_EDGE('',*,*,#3282,.F.);
#4660=ORIENTED_EDGE('',*,*,#3283,.T.);
#4661=ORIENTED_EDGE('',*,*,#3284,.F.);
#4662=ORIENTED_EDGE('',*,*,#3285,.T.);
#4663=ORIENTED_EDGE('',*,*,#3286,.F.);
#4664=ORIENTED_EDGE('',*,*,#3287,.T.);
#4665=ORIENTED_EDGE('',*,*,#3288,.F.);
#4666=ORIENTED_EDGE('',*,*,#3289,.F.);
#4667=ORIENTED_EDGE('',*,*,#3290,.T.);
#4668=ORIENTED_EDGE('',*,*,#3291,.F.);
#4669=ORIENTED_EDGE('',*,*,#3288,.T.);
#4670=ORIENTED_EDGE('',*,*,#3292,.T.);
#4671=ORIENTED_EDGE('',*,*,#3282,.T.);
#4672=ORIENTED_EDGE('',*,*,#3293,.T.);
#4673=ORIENTED_EDGE('',*,*,#3294,.T.);
#4674=ORIENTED_EDGE('',*,*,#3295,.F.);
#4675=ORIENTED_EDGE('',*,*,#3257,.F.);
#4676=ORIENTED_EDGE('',*,*,#3264,.T.);
#4677=ORIENTED_EDGE('',*,*,#3296,.T.);
#4678=ORIENTED_EDGE('',*,*,#3292,.F.);
#4679=ORIENTED_EDGE('',*,*,#3287,.F.);
#4680=ORIENTED_EDGE('',*,*,#3266,.T.);
#4681=ORIENTED_EDGE('',*,*,#3283,.F.);
#4682=ORIENTED_EDGE('',*,*,#3273,.T.);
#4683=ORIENTED_EDGE('',*,*,#3297,.T.);
#4684=ORIENTED_EDGE('',*,*,#3298,.F.);
#4685=ORIENTED_EDGE('',*,*,#3271,.T.);
#4686=ORIENTED_EDGE('',*,*,#3268,.T.);
#4687=ORIENTED_EDGE('',*,*,#3270,.F.);
#4688=ORIENTED_EDGE('',*,*,#3261,.T.);
#4689=ORIENTED_EDGE('',*,*,#3258,.T.);
#4690=ORIENTED_EDGE('',*,*,#3263,.F.);
#4691=ORIENTED_EDGE('',*,*,#3276,.T.);
#4692=ORIENTED_EDGE('',*,*,#3260,.F.);
#4693=ORIENTED_EDGE('',*,*,#3299,.T.);
#4694=ORIENTED_EDGE('',*,*,#3274,.T.);
#4695=ORIENTED_EDGE('',*,*,#3300,.T.);
#4696=ORIENTED_EDGE('',*,*,#3301,.T.);
#4697=ORIENTED_EDGE('',*,*,#3272,.T.);
#4698=ORIENTED_EDGE('',*,*,#3302,.F.);
#4699=ORIENTED_EDGE('',*,*,#3267,.T.);
#4700=ORIENTED_EDGE('',*,*,#3286,.T.);
#4701=ORIENTED_EDGE('',*,*,#3303,.F.);
#4702=ORIENTED_EDGE('',*,*,#3304,.T.);
#4703=ORIENTED_EDGE('',*,*,#3284,.T.);
#4704=ORIENTED_EDGE('',*,*,#3265,.T.);
#4705=ORIENTED_EDGE('',*,*,#3295,.T.);
#4706=ORIENTED_EDGE('',*,*,#3305,.T.);
#4707=ORIENTED_EDGE('',*,*,#3306,.T.);
#4708=ORIENTED_EDGE('',*,*,#3307,.F.);
#4709=ORIENTED_EDGE('',*,*,#3308,.F.);
#4710=ORIENTED_EDGE('',*,*,#3309,.T.);
#4711=ORIENTED_EDGE('',*,*,#3310,.T.);
#4712=ORIENTED_EDGE('',*,*,#3300,.F.);
#4713=ORIENTED_EDGE('',*,*,#3297,.F.);
#4714=ORIENTED_EDGE('',*,*,#3301,.F.);
#4715=ORIENTED_EDGE('',*,*,#3311,.F.);
#4716=ORIENTED_EDGE('',*,*,#3307,.T.);
#4717=ORIENTED_EDGE('',*,*,#3252,.T.);
#4718=ORIENTED_EDGE('',*,*,#3291,.T.);
#4719=ORIENTED_EDGE('',*,*,#3312,.T.);
#4720=ORIENTED_EDGE('',*,*,#3308,.T.);
#4721=ORIENTED_EDGE('',*,*,#3311,.T.);
#4722=ORIENTED_EDGE('',*,*,#3302,.T.);
#4723=ORIENTED_EDGE('',*,*,#3298,.T.);
#4724=ORIENTED_EDGE('',*,*,#3303,.T.);
#4725=ORIENTED_EDGE('',*,*,#3289,.T.);
#4726=ORIENTED_EDGE('',*,*,#3313,.F.);
#4727=ORIENTED_EDGE('',*,*,#3293,.F.);
#4728=ORIENTED_EDGE('',*,*,#3285,.F.);
#4729=ORIENTED_EDGE('',*,*,#3304,.F.);
#4730=ORIENTED_EDGE('',*,*,#3296,.F.);
#4731=ORIENTED_EDGE('',*,*,#3299,.F.);
#4732=ORIENTED_EDGE('',*,*,#3310,.F.);
#4733=ORIENTED_EDGE('',*,*,#3306,.F.);
#4734=ORIENTED_EDGE('',*,*,#3294,.F.);
#4735=ORIENTED_EDGE('',*,*,#3313,.T.);
#4736=ORIENTED_EDGE('',*,*,#3305,.F.);
#4737=ORIENTED_EDGE('',*,*,#3312,.F.);
#4738=ORIENTED_EDGE('',*,*,#3290,.F.);
#4739=ORIENTED_EDGE('',*,*,#3309,.F.);
#4740=ORIENTED_EDGE('',*,*,#3255,.T.);
#4741=ORIENTED_EDGE('',*,*,#3248,.F.);
#4742=ORIENTED_EDGE('',*,*,#3254,.F.);
#4743=ORIENTED_EDGE('',*,*,#3314,.F.);
#4744=ORIENTED_EDGE('',*,*,#3240,.T.);
#4745=ORIENTED_EDGE('',*,*,#3237,.T.);
#4746=ORIENTED_EDGE('',*,*,#3315,.T.);
#4747=ORIENTED_EDGE('',*,*,#3243,.T.);
#4748=ORIENTED_EDGE('',*,*,#3315,.F.);
#4749=ORIENTED_EDGE('',*,*,#3236,.T.);
#4750=ORIENTED_EDGE('',*,*,#3316,.T.);
#4751=ORIENTED_EDGE('',*,*,#3244,.T.);
#4752=ORIENTED_EDGE('',*,*,#3316,.F.);
#4753=ORIENTED_EDGE('',*,*,#3235,.T.);
#4754=ORIENTED_EDGE('',*,*,#3317,.T.);
#4755=ORIENTED_EDGE('',*,*,#3245,.T.);
#4756=ORIENTED_EDGE('',*,*,#3317,.F.);
#4757=ORIENTED_EDGE('',*,*,#3234,.T.);
#4758=ORIENTED_EDGE('',*,*,#3318,.T.);
#4759=ORIENTED_EDGE('',*,*,#3249,.T.);
#4760=ORIENTED_EDGE('',*,*,#3246,.T.);
#4761=ORIENTED_EDGE('',*,*,#3318,.F.);
#4762=ORIENTED_EDGE('',*,*,#3242,.T.);
#4763=ORIENTED_EDGE('',*,*,#3319,.T.);
#4764=ORIENTED_EDGE('',*,*,#3250,.T.);
#4765=ORIENTED_EDGE('',*,*,#3319,.F.);
#4766=ORIENTED_EDGE('',*,*,#3241,.T.);
#4767=ORIENTED_EDGE('',*,*,#3314,.T.);
#4768=ORIENTED_EDGE('',*,*,#3251,.T.);
#4769=ORIENTED_EDGE('',*,*,#3239,.T.);
#4770=ORIENTED_EDGE('',*,*,#3231,.F.);
#4771=ORIENTED_EDGE('',*,*,#3197,.F.);
#4772=ORIENTED_EDGE('',*,*,#3218,.T.);
#4773=ORIENTED_EDGE('',*,*,#3223,.F.);
#4774=ORIENTED_EDGE('',*,*,#3224,.T.);
#4775=ORIENTED_EDGE('',*,*,#3220,.F.);
#4776=ORIENTED_EDGE('',*,*,#3221,.T.);
#4777=ORIENTED_EDGE('',*,*,#3280,.T.);
#4778=ORIENTED_EDGE('',*,*,#3181,.T.);
#4779=ORIENTED_EDGE('',*,*,#3281,.T.);
#4780=ORIENTED_EDGE('',*,*,#3211,.F.);
#4781=ORIENTED_EDGE('',*,*,#3215,.F.);
#4782=PLANE('',#5632);
#4783=PLANE('',#5633);
#4784=PLANE('',#5634);
#4785=PLANE('',#5635);
#4786=PLANE('',#5636);
#4787=PLANE('',#5637);
#4788=PLANE('',#5638);
#4789=PLANE('',#5639);
#4790=PLANE('',#5640);
#4791=PLANE('',#5641);
#4792=PLANE('',#5642);
#4793=PLANE('',#5643);
#4794=PLANE('',#5644);
#4795=PLANE('',#5645);
#4796=PLANE('',#5646);
#4797=PLANE('',#5647);
#4798=PLANE('',#5648);
#4799=PLANE('',#5649);
#4800=PLANE('',#5650);
#4801=PLANE('',#5651);
#4802=PLANE('',#5652);
#4803=PLANE('',#5653);
#4804=PLANE('',#5654);
#4805=PLANE('',#5655);
#4806=PLANE('',#5656);
#4807=PLANE('',#5657);
#4808=PLANE('',#5658);
#4809=PLANE('',#5659);
#4810=PLANE('',#5660);
#4811=PLANE('',#5661);
#4812=PLANE('',#5662);
#4813=PLANE('',#5663);
#4814=PLANE('',#5664);
#4815=PLANE('',#5665);
#4816=PLANE('',#5666);
#4817=PLANE('',#5667);
#4818=PLANE('',#5668);
#4819=PLANE('',#5669);
#4820=PLANE('',#5670);
#4821=PLANE('',#5671);
#4822=PLANE('',#5672);
#4823=PLANE('',#5673);
#4824=PLANE('',#5674);
#4825=PLANE('',#5675);
#4826=PLANE('',#5676);
#4827=PLANE('',#5677);
#4828=PLANE('',#5678);
#4829=PLANE('',#5679);
#4830=PLANE('',#5680);
#4831=PLANE('',#5681);
#4832=PLANE('',#5682);
#4833=PLANE('',#5683);
#4834=PLANE('',#5684);
#4835=PLANE('',#5685);
#4836=PLANE('',#5686);
#4837=PLANE('',#5687);
#4838=PLANE('',#5688);
#4839=PLANE('',#5689);
#4840=PLANE('',#5690);
#4841=PLANE('',#5691);
#4842=PLANE('',#5692);
#4843=PLANE('',#5693);
#4844=PLANE('',#5694);
#4845=PLANE('',#5695);
#4846=PLANE('',#5696);
#4847=PLANE('',#5697);
#4848=PLANE('',#5698);
#4849=PLANE('',#5699);
#4850=PLANE('',#5700);
#4851=PLANE('',#5701);
#4852=PLANE('',#5702);
#4853=PLANE('',#5703);
#4854=PLANE('',#5704);
#4855=PLANE('',#5705);
#4856=PLANE('',#5706);
#4857=PLANE('',#5707);
#4858=PLANE('',#5708);
#4859=PLANE('',#5709);
#4860=PLANE('',#5710);
#4861=PLANE('',#5711);
#4862=PLANE('',#5712);
#4863=PLANE('',#5713);
#4864=PLANE('',#5714);
#4865=PLANE('',#5715);
#4866=PLANE('',#5716);
#4867=PLANE('',#5717);
#4868=PLANE('',#5718);
#4869=PLANE('',#5719);
#4870=PLANE('',#5720);
#4871=PLANE('',#5721);
#4872=PLANE('',#5722);
#4873=PLANE('',#5723);
#4874=PLANE('',#5724);
#4875=PLANE('',#5725);
#4876=PLANE('',#5726);
#4877=PLANE('',#5727);
#4878=PLANE('',#5728);
#4879=PLANE('',#5729);
#4880=PLANE('',#5730);
#4881=PLANE('',#5731);
#4882=PLANE('',#5732);
#4883=PLANE('',#5733);
#4884=PLANE('',#5735);
#4885=PLANE('',#5736);
#4886=PLANE('',#5737);
#4887=PLANE('',#5738);
#4888=PLANE('',#5739);
#4889=PLANE('',#5740);
#4890=PLANE('',#5741);
#4891=PLANE('',#5742);
#4892=PLANE('',#5743);
#4893=PLANE('',#5744);
#4894=PLANE('',#5745);
#4895=PLANE('',#5746);
#4896=PLANE('',#5747);
#4897=PLANE('',#5748);
#4898=PLANE('',#5759);
#4899=PLANE('',#5772);
#4900=PLANE('',#5773);
#4901=PLANE('',#5777);
#4902=PLANE('',#5781);
#4903=PLANE('',#5785);
#4904=PLANE('',#5789);
#4905=PLANE('',#5792);
#4906=PLANE('',#5794);
#4907=PLANE('',#5799);
#4908=PLANE('',#5800);
#4909=PLANE('',#5801);
#4910=PLANE('',#5802);
#4911=PLANE('',#5803);
#4912=PLANE('',#5804);
#4913=PLANE('',#5805);
#4914=PLANE('',#5806);
#4915=PLANE('',#5807);
#4916=PLANE('',#5808);
#4917=PLANE('',#5809);
#4918=PLANE('',#5810);
#4919=PLANE('',#5811);
#4920=PLANE('',#5812);
#4921=PLANE('',#5813);
#4922=PLANE('',#5814);
#4923=PLANE('',#5818);
#4924=PLANE('',#5822);
#4925=PLANE('',#5823);
#4926=PLANE('',#5824);
#4927=PLANE('',#5825);
#4928=PLANE('',#5826);
#4929=PLANE('',#5827);
#4930=PLANE('',#5833);
#4931=PLANE('',#5834);
#4932=PLANE('',#5835);
#4933=PLANE('',#5836);
#4934=PLANE('',#5837);
#4935=PLANE('',#5838);
#4936=PLANE('',#5839);
#4937=PLANE('',#5840);
#4938=PLANE('',#5841);
#4939=PLANE('',#5842);
#4940=PLANE('',#5843);
#4941=PLANE('',#5844);
#4942=PLANE('',#5845);
#4943=PLANE('',#5846);
#4944=PLANE('',#5847);
#4945=PLANE('',#5848);
#4946=PLANE('',#5849);
#4947=PLANE('',#5850);
#4948=PLANE('',#5851);
#4949=PLANE('',#5852);
#4950=PLANE('',#5853);
#4951=PLANE('',#5854);
#4952=PLANE('',#5870);
#4953=PLANE('',#5871);
#4954=PLANE('',#5938);
#4955=PLANE('',#5943);
#4956=PLANE('',#5946);
#4957=PLANE('',#5947);
#4958=PLANE('',#5948);
#4959=PLANE('',#5949);
#4960=PLANE('',#5950);
#4961=PLANE('',#5951);
#4962=PLANE('',#5952);
#4963=PLANE('',#5953);
#4964=PLANE('',#5954);
#4965=PLANE('',#5955);
#4966=PLANE('',#5956);
#4967=PLANE('',#5957);
#4968=PLANE('',#5958);
#4969=PLANE('',#5959);
#4970=PLANE('',#5960);
#4971=PLANE('',#5963);
#4972=PLANE('',#5964);
#4973=PLANE('',#5965);
#4974=PLANE('',#5966);
#4975=PLANE('',#5967);
#4976=PLANE('',#5968);
#4977=PLANE('',#5969);
#4978=PLANE('',#5970);
#4979=PLANE('',#5971);
#4980=PLANE('',#5972);
#4981=PLANE('',#5973);
#4982=PLANE('',#5974);
#4983=STYLED_ITEM('',(#14127),#5239);
#4984=STYLED_ITEM('',(#14127),#5240);
#4985=STYLED_ITEM('',(#14127),#5241);
#4986=STYLED_ITEM('',(#14127),#5242);
#4987=STYLED_ITEM('',(#14127),#5243);
#4988=STYLED_ITEM('',(#14127),#5244);
#4989=STYLED_ITEM('',(#14127),#5245);
#4990=STYLED_ITEM('',(#14127),#5246);
#4991=STYLED_ITEM('',(#14127),#5247);
#4992=STYLED_ITEM('',(#14127),#5248);
#4993=STYLED_ITEM('',(#14127),#5249);
#4994=STYLED_ITEM('',(#14127),#5250);
#4995=STYLED_ITEM('',(#14127),#5251);
#4996=STYLED_ITEM('',(#14127),#5252);
#4997=STYLED_ITEM('',(#14127),#5253);
#4998=STYLED_ITEM('',(#14127),#5254);
#4999=STYLED_ITEM('',(#14127),#5255);
#5000=STYLED_ITEM('',(#14127),#5256);
#5001=STYLED_ITEM('',(#14127),#5257);
#5002=STYLED_ITEM('',(#14127),#5258);
#5003=STYLED_ITEM('',(#14127),#5259);
#5004=STYLED_ITEM('',(#14127),#5260);
#5005=STYLED_ITEM('',(#14127),#5261);
#5006=STYLED_ITEM('',(#14127),#5262);
#5007=STYLED_ITEM('',(#14127),#5263);
#5008=STYLED_ITEM('',(#14127),#5264);
#5009=STYLED_ITEM('',(#14127),#5265);
#5010=STYLED_ITEM('',(#14127),#5266);
#5011=STYLED_ITEM('',(#14127),#5267);
#5012=STYLED_ITEM('',(#14127),#5268);
#5013=STYLED_ITEM('',(#14127),#5269);
#5014=STYLED_ITEM('',(#14127),#5270);
#5015=STYLED_ITEM('',(#14127),#5271);
#5016=STYLED_ITEM('',(#14127),#5272);
#5017=STYLED_ITEM('',(#14127),#5273);
#5018=STYLED_ITEM('',(#14127),#5274);
#5019=STYLED_ITEM('',(#14127),#5275);
#5020=STYLED_ITEM('',(#14127),#5276);
#5021=STYLED_ITEM('',(#14127),#5277);
#5022=STYLED_ITEM('',(#14127),#5278);
#5023=STYLED_ITEM('',(#14127),#5279);
#5024=STYLED_ITEM('',(#14127),#5280);
#5025=STYLED_ITEM('',(#14127),#5281);
#5026=STYLED_ITEM('',(#14127),#5282);
#5027=STYLED_ITEM('',(#14127),#5283);
#5028=STYLED_ITEM('',(#14127),#5284);
#5029=STYLED_ITEM('',(#14127),#5285);
#5030=STYLED_ITEM('',(#14127),#5286);
#5031=STYLED_ITEM('',(#14127),#5287);
#5032=STYLED_ITEM('',(#14127),#5288);
#5033=STYLED_ITEM('',(#14127),#5289);
#5034=STYLED_ITEM('',(#14127),#5290);
#5035=STYLED_ITEM('',(#14127),#5291);
#5036=STYLED_ITEM('',(#14127),#5292);
#5037=STYLED_ITEM('',(#14127),#5293);
#5038=STYLED_ITEM('',(#14127),#5294);
#5039=STYLED_ITEM('',(#14127),#5295);
#5040=STYLED_ITEM('',(#14127),#5296);
#5041=STYLED_ITEM('',(#14127),#5297);
#5042=STYLED_ITEM('',(#14127),#5298);
#5043=STYLED_ITEM('',(#14127),#5299);
#5044=STYLED_ITEM('',(#14127),#5300);
#5045=STYLED_ITEM('',(#14127),#5301);
#5046=STYLED_ITEM('',(#14127),#5302);
#5047=STYLED_ITEM('',(#14127),#5303);
#5048=STYLED_ITEM('',(#14127),#5304);
#5049=STYLED_ITEM('',(#14127),#5305);
#5050=STYLED_ITEM('',(#14127),#5306);
#5051=STYLED_ITEM('',(#14127),#5307);
#5052=STYLED_ITEM('',(#14127),#5308);
#5053=STYLED_ITEM('',(#14127),#5309);
#5054=STYLED_ITEM('',(#14127),#5310);
#5055=STYLED_ITEM('',(#14127),#5311);
#5056=STYLED_ITEM('',(#14127),#5312);
#5057=STYLED_ITEM('',(#14127),#5313);
#5058=STYLED_ITEM('',(#14127),#5314);
#5059=STYLED_ITEM('',(#14127),#5315);
#5060=STYLED_ITEM('',(#14127),#5316);
#5061=STYLED_ITEM('',(#14127),#5317);
#5062=STYLED_ITEM('',(#14127),#5318);
#5063=STYLED_ITEM('',(#14127),#5319);
#5064=STYLED_ITEM('',(#14127),#5320);
#5065=STYLED_ITEM('',(#14127),#5321);
#5066=STYLED_ITEM('',(#14127),#5322);
#5067=STYLED_ITEM('',(#14127),#5323);
#5068=STYLED_ITEM('',(#14127),#5324);
#5069=STYLED_ITEM('',(#14127),#5325);
#5070=STYLED_ITEM('',(#14127),#5326);
#5071=STYLED_ITEM('',(#14127),#5327);
#5072=STYLED_ITEM('',(#14127),#5328);
#5073=STYLED_ITEM('',(#14127),#5329);
#5074=STYLED_ITEM('',(#14127),#5330);
#5075=STYLED_ITEM('',(#14127),#5331);
#5076=STYLED_ITEM('',(#14127),#5332);
#5077=STYLED_ITEM('',(#14127),#5333);
#5078=STYLED_ITEM('',(#14127),#5334);
#5079=STYLED_ITEM('',(#14127),#5335);
#5080=STYLED_ITEM('',(#14127),#5336);
#5081=STYLED_ITEM('',(#14127),#5337);
#5082=STYLED_ITEM('',(#14127),#5338);
#5083=STYLED_ITEM('',(#14127),#5339);
#5084=STYLED_ITEM('',(#14127),#5340);
#5085=STYLED_ITEM('',(#14126),#396);
#5086=STYLED_ITEM('',(#14128),#5341);
#5087=STYLED_ITEM('',(#14128),#5342);
#5088=STYLED_ITEM('',(#14128),#5343);
#5089=STYLED_ITEM('',(#14128),#5344);
#5090=STYLED_ITEM('',(#14128),#5345);
#5091=STYLED_ITEM('',(#14128),#5346);
#5092=STYLED_ITEM('',(#14128),#5347);
#5093=STYLED_ITEM('',(#14128),#5348);
#5094=STYLED_ITEM('',(#14128),#5349);
#5095=STYLED_ITEM('',(#14128),#5350);
#5096=STYLED_ITEM('',(#14128),#5351);
#5097=STYLED_ITEM('',(#14128),#5352);
#5098=STYLED_ITEM('',(#14128),#5353);
#5099=STYLED_ITEM('',(#14128),#5354);
#5100=STYLED_ITEM('',(#14126),#397);
#5101=STYLED_ITEM('',(#14129),#5355);
#5102=STYLED_ITEM('',(#14129),#5356);
#5103=STYLED_ITEM('',(#14129),#5357);
#5104=STYLED_ITEM('',(#14129),#5358);
#5105=STYLED_ITEM('',(#14129),#5359);
#5106=STYLED_ITEM('',(#14129),#5360);
#5107=STYLED_ITEM('',(#14129),#5361);
#5108=STYLED_ITEM('',(#14129),#5362);
#5109=STYLED_ITEM('',(#14129),#5363);
#5110=STYLED_ITEM('',(#14129),#5364);
#5111=STYLED_ITEM('',(#14129),#5365);
#5112=STYLED_ITEM('',(#14129),#5366);
#5113=STYLED_ITEM('',(#14129),#5367);
#5114=STYLED_ITEM('',(#14129),#5368);
#5115=STYLED_ITEM('',(#14129),#5369);
#5116=STYLED_ITEM('',(#14129),#5370);
#5117=STYLED_ITEM('',(#14129),#5371);
#5118=STYLED_ITEM('',(#14129),#5372);
#5119=STYLED_ITEM('',(#14129),#5373);
#5120=STYLED_ITEM('',(#14129),#5374);
#5121=STYLED_ITEM('',(#14129),#5375);
#5122=STYLED_ITEM('',(#14129),#5376);
#5123=STYLED_ITEM('',(#14129),#5377);
#5124=STYLED_ITEM('',(#14129),#5378);
#5125=STYLED_ITEM('',(#14129),#5379);
#5126=STYLED_ITEM('',(#14129),#5380);
#5127=STYLED_ITEM('',(#14129),#5381);
#5128=STYLED_ITEM('',(#14129),#5382);
#5129=STYLED_ITEM('',(#14129),#5383);
#5130=STYLED_ITEM('',(#14129),#5384);
#5131=STYLED_ITEM('',(#14129),#5385);
#5132=STYLED_ITEM('',(#14129),#5386);
#5133=STYLED_ITEM('',(#14130),#5387);
#5134=STYLED_ITEM('',(#14129),#5388);
#5135=STYLED_ITEM('',(#14129),#5389);
#5136=STYLED_ITEM('',(#14129),#5390);
#5137=STYLED_ITEM('',(#14129),#5391);
#5138=STYLED_ITEM('',(#14129),#5392);
#5139=STYLED_ITEM('',(#14129),#5393);
#5140=STYLED_ITEM('',(#14129),#5394);
#5141=STYLED_ITEM('',(#14129),#5395);
#5142=STYLED_ITEM('',(#14129),#5396);
#5143=STYLED_ITEM('',(#14129),#5397);
#5144=STYLED_ITEM('',(#14129),#5398);
#5145=STYLED_ITEM('',(#14129),#5399);
#5146=STYLED_ITEM('',(#14129),#5400);
#5147=STYLED_ITEM('',(#14129),#5401);
#5148=STYLED_ITEM('',(#14129),#5402);
#5149=STYLED_ITEM('',(#14129),#5403);
#5150=STYLED_ITEM('',(#14129),#5404);
#5151=STYLED_ITEM('',(#14129),#5405);
#5152=STYLED_ITEM('',(#14129),#5406);
#5153=STYLED_ITEM('',(#14129),#5407);
#5154=STYLED_ITEM('',(#14129),#5408);
#5155=STYLED_ITEM('',(#14129),#5409);
#5156=STYLED_ITEM('',(#14129),#5410);
#5157=STYLED_ITEM('',(#14126),#398);
#5158=STYLED_ITEM('',(#14129),#5411);
#5159=STYLED_ITEM('',(#14130),#5412);
#5160=STYLED_ITEM('',(#14129),#5413);
#5161=STYLED_ITEM('',(#14129),#5414);
#5162=STYLED_ITEM('',(#14129),#5415);
#5163=STYLED_ITEM('',(#14129),#5416);
#5164=STYLED_ITEM('',(#14129),#5417);
#5165=STYLED_ITEM('',(#14129),#5418);
#5166=STYLED_ITEM('',(#14129),#5419);
#5167=STYLED_ITEM('',(#14129),#5420);
#5168=STYLED_ITEM('',(#14129),#5421);
#5169=STYLED_ITEM('',(#14129),#5422);
#5170=STYLED_ITEM('',(#14129),#5423);
#5171=STYLED_ITEM('',(#14129),#5424);
#5172=STYLED_ITEM('',(#14129),#5425);
#5173=STYLED_ITEM('',(#14129),#5426);
#5174=STYLED_ITEM('',(#14126),#399);
#5175=STYLED_ITEM('',(#14129),#5427);
#5176=STYLED_ITEM('',(#14129),#5428);
#5177=STYLED_ITEM('',(#14129),#5429);
#5178=STYLED_ITEM('',(#14126),#400);
#5179=STYLED_ITEM('',(#14131),#5430);
#5180=STYLED_ITEM('',(#14131),#5431);
#5181=STYLED_ITEM('',(#14131),#5432);
#5182=STYLED_ITEM('',(#14131),#5433);
#5183=STYLED_ITEM('',(#14131),#5434);
#5184=STYLED_ITEM('',(#14131),#5435);
#5185=STYLED_ITEM('',(#14126),#401);
#5186=STYLED_ITEM('',(#14132),#5436);
#5187=STYLED_ITEM('',(#14132),#5437);
#5188=STYLED_ITEM('',(#14132),#5438);
#5189=STYLED_ITEM('',(#14132),#5439);
#5190=STYLED_ITEM('',(#14132),#5440);
#5191=STYLED_ITEM('',(#14132),#5441);
#5192=STYLED_ITEM('',(#14132),#5442);
#5193=STYLED_ITEM('',(#14132),#5443);
#5194=STYLED_ITEM('',(#14132),#5444);
#5195=STYLED_ITEM('',(#14132),#5445);
#5196=STYLED_ITEM('',(#14132),#5446);
#5197=STYLED_ITEM('',(#14132),#5447);
#5198=STYLED_ITEM('',(#14132),#5448);
#5199=STYLED_ITEM('',(#14132),#5449);
#5200=STYLED_ITEM('',(#14132),#5450);
#5201=STYLED_ITEM('',(#14132),#5451);
#5202=STYLED_ITEM('',(#14132),#5452);
#5203=STYLED_ITEM('',(#14132),#5453);
#5204=STYLED_ITEM('',(#14132),#5454);
#5205=STYLED_ITEM('',(#14132),#5455);
#5206=STYLED_ITEM('',(#14132),#5456);
#5207=STYLED_ITEM('',(#14132),#5457);
#5208=STYLED_ITEM('',(#14132),#5458);
#5209=STYLED_ITEM('',(#14132),#5459);
#5210=STYLED_ITEM('',(#14132),#5460);
#5211=STYLED_ITEM('',(#14132),#5461);
#5212=STYLED_ITEM('',(#14132),#5462);
#5213=STYLED_ITEM('',(#14132),#5463);
#5214=STYLED_ITEM('',(#14132),#5464);
#5215=STYLED_ITEM('',(#14132),#5465);
#5216=STYLED_ITEM('',(#14132),#5466);
#5217=STYLED_ITEM('',(#14132),#5467);
#5218=STYLED_ITEM('',(#14132),#5468);
#5219=STYLED_ITEM('',(#14132),#5469);
#5220=STYLED_ITEM('',(#14132),#5470);
#5221=STYLED_ITEM('',(#14132),#5471);
#5222=STYLED_ITEM('',(#14132),#5472);
#5223=STYLED_ITEM('',(#14132),#5473);
#5224=STYLED_ITEM('',(#14126),#402);
#5225=STYLED_ITEM('',(#14134),#5498);
#5226=STYLED_ITEM('',(#14134),#5499);
#5227=STYLED_ITEM('',(#14134),#5500);
#5228=STYLED_ITEM('',(#14134),#5501);
#5229=STYLED_ITEM('',(#14134),#5502);
#5230=STYLED_ITEM('',(#14134),#5510);
#5231=STYLED_ITEM('',(#14134),#5511);
#5232=STYLED_ITEM('',(#14134),#5512);
#5233=STYLED_ITEM('',(#14134),#5513);
#5234=STYLED_ITEM('',(#14134),#5514);
#5235=STYLED_ITEM('',(#14134),#5515);
#5236=STYLED_ITEM('',(#14134),#5516);
#5237=STYLED_ITEM('',(#14130),#5537);
#5238=STYLED_ITEM('',(#14133),#46);
#5239=ADVANCED_FACE('',(#433),#4782,.F.);
#5240=ADVANCED_FACE('',(#434),#4783,.F.);
#5241=ADVANCED_FACE('',(#435),#4784,.F.);
#5242=ADVANCED_FACE('',(#436),#4785,.F.);
#5243=ADVANCED_FACE('',(#437),#4786,.F.);
#5244=ADVANCED_FACE('',(#438),#4787,.F.);
#5245=ADVANCED_FACE('',(#439),#4788,.F.);
#5246=ADVANCED_FACE('',(#440),#4789,.F.);
#5247=ADVANCED_FACE('',(#441),#4790,.F.);
#5248=ADVANCED_FACE('',(#442),#4791,.F.);
#5249=ADVANCED_FACE('',(#443),#4792,.F.);
#5250=ADVANCED_FACE('',(#444),#4793,.F.);
#5251=ADVANCED_FACE('',(#445),#4794,.F.);
#5252=ADVANCED_FACE('',(#446,#403,#404,#405,#406,#407,#408,#409),#4795,
 .T.);
#5253=ADVANCED_FACE('',(#447),#4796,.F.);
#5254=ADVANCED_FACE('',(#448),#4797,.F.);
#5255=ADVANCED_FACE('',(#449),#4798,.F.);
#5256=ADVANCED_FACE('',(#450),#4799,.F.);
#5257=ADVANCED_FACE('',(#451),#4800,.F.);
#5258=ADVANCED_FACE('',(#452),#4801,.F.);
#5259=ADVANCED_FACE('',(#453),#4802,.F.);
#5260=ADVANCED_FACE('',(#454),#4803,.F.);
#5261=ADVANCED_FACE('',(#455),#4804,.F.);
#5262=ADVANCED_FACE('',(#456),#4805,.F.);
#5263=ADVANCED_FACE('',(#457),#4806,.F.);
#5264=ADVANCED_FACE('',(#458),#4807,.F.);
#5265=ADVANCED_FACE('',(#459),#4808,.F.);
#5266=ADVANCED_FACE('',(#460),#4809,.F.);
#5267=ADVANCED_FACE('',(#461),#4810,.F.);
#5268=ADVANCED_FACE('',(#462),#4811,.F.);
#5269=ADVANCED_FACE('',(#463),#4812,.F.);
#5270=ADVANCED_FACE('',(#464),#4813,.F.);
#5271=ADVANCED_FACE('',(#465),#4814,.F.);
#5272=ADVANCED_FACE('',(#466),#4815,.F.);
#5273=ADVANCED_FACE('',(#467),#4816,.F.);
#5274=ADVANCED_FACE('',(#468),#4817,.F.);
#5275=ADVANCED_FACE('',(#469),#4818,.F.);
#5276=ADVANCED_FACE('',(#470),#4819,.F.);
#5277=ADVANCED_FACE('',(#471),#4820,.F.);
#5278=ADVANCED_FACE('',(#472),#4821,.F.);
#5279=ADVANCED_FACE('',(#473),#4822,.F.);
#5280=ADVANCED_FACE('',(#474),#4823,.F.);
#5281=ADVANCED_FACE('',(#475),#4824,.F.);
#5282=ADVANCED_FACE('',(#476),#4825,.F.);
#5283=ADVANCED_FACE('',(#477),#4826,.F.);
#5284=ADVANCED_FACE('',(#478),#4827,.F.);
#5285=ADVANCED_FACE('',(#479),#4828,.F.);
#5286=ADVANCED_FACE('',(#480),#4829,.F.);
#5287=ADVANCED_FACE('',(#481),#4830,.F.);
#5288=ADVANCED_FACE('',(#482),#4831,.F.);
#5289=ADVANCED_FACE('',(#483),#4832,.F.);
#5290=ADVANCED_FACE('',(#484),#4833,.F.);
#5291=ADVANCED_FACE('',(#485),#4834,.F.);
#5292=ADVANCED_FACE('',(#486),#4835,.F.);
#5293=ADVANCED_FACE('',(#487),#4836,.F.);
#5294=ADVANCED_FACE('',(#488),#4837,.F.);
#5295=ADVANCED_FACE('',(#489),#4838,.F.);
#5296=ADVANCED_FACE('',(#490),#4839,.F.);
#5297=ADVANCED_FACE('',(#491),#4840,.F.);
#5298=ADVANCED_FACE('',(#492),#4841,.F.);
#5299=ADVANCED_FACE('',(#493),#4842,.F.);
#5300=ADVANCED_FACE('',(#494),#4843,.F.);
#5301=ADVANCED_FACE('',(#495),#4844,.F.);
#5302=ADVANCED_FACE('',(#496),#4845,.F.);
#5303=ADVANCED_FACE('',(#497),#4846,.F.);
#5304=ADVANCED_FACE('',(#498),#4847,.F.);
#5305=ADVANCED_FACE('',(#499),#4848,.F.);
#5306=ADVANCED_FACE('',(#500),#4849,.F.);
#5307=ADVANCED_FACE('',(#501),#4850,.F.);
#5308=ADVANCED_FACE('',(#502),#4851,.F.);
#5309=ADVANCED_FACE('',(#503),#4852,.F.);
#5310=ADVANCED_FACE('',(#504),#4853,.F.);
#5311=ADVANCED_FACE('',(#505),#4854,.F.);
#5312=ADVANCED_FACE('',(#506),#4855,.F.);
#5313=ADVANCED_FACE('',(#507,#410,#411,#412,#413,#414,#415,#416),#4856,
 .F.);
#5314=ADVANCED_FACE('',(#508),#4857,.F.);
#5315=ADVANCED_FACE('',(#509),#4858,.F.);
#5316=ADVANCED_FACE('',(#510),#4859,.F.);
#5317=ADVANCED_FACE('',(#511),#4860,.F.);
#5318=ADVANCED_FACE('',(#512),#4861,.F.);
#5319=ADVANCED_FACE('',(#513),#4862,.F.);
#5320=ADVANCED_FACE('',(#514),#4863,.F.);
#5321=ADVANCED_FACE('',(#515),#4864,.F.);
#5322=ADVANCED_FACE('',(#516),#4865,.F.);
#5323=ADVANCED_FACE('',(#517),#4866,.F.);
#5324=ADVANCED_FACE('',(#518),#4867,.F.);
#5325=ADVANCED_FACE('',(#519),#4868,.F.);
#5326=ADVANCED_FACE('',(#520),#4869,.F.);
#5327=ADVANCED_FACE('',(#521),#4870,.F.);
#5328=ADVANCED_FACE('',(#522),#4871,.F.);
#5329=ADVANCED_FACE('',(#523),#4872,.F.);
#5330=ADVANCED_FACE('',(#524),#4873,.F.);
#5331=ADVANCED_FACE('',(#525),#4874,.F.);
#5332=ADVANCED_FACE('',(#526),#4875,.F.);
#5333=ADVANCED_FACE('',(#527),#4876,.F.);
#5334=ADVANCED_FACE('',(#528),#4877,.F.);
#5335=ADVANCED_FACE('',(#529),#4878,.F.);
#5336=ADVANCED_FACE('',(#530),#4879,.F.);
#5337=ADVANCED_FACE('',(#531),#4880,.F.);
#5338=ADVANCED_FACE('',(#532),#4881,.F.);
#5339=ADVANCED_FACE('',(#533),#4882,.F.);
#5340=ADVANCED_FACE('',(#534),#4883,.F.);
#5341=ADVANCED_FACE('',(#535),#4884,.F.);
#5342=ADVANCED_FACE('',(#536),#4885,.T.);
#5343=ADVANCED_FACE('',(#537),#4886,.F.);
#5344=ADVANCED_FACE('',(#538),#4887,.F.);
#5345=ADVANCED_FACE('',(#539),#4888,.F.);
#5346=ADVANCED_FACE('',(#540),#4889,.F.);
#5347=ADVANCED_FACE('',(#541),#4890,.F.);
#5348=ADVANCED_FACE('',(#542),#4891,.F.);
#5349=ADVANCED_FACE('',(#543),#4892,.F.);
#5350=ADVANCED_FACE('',(#544),#4893,.F.);
#5351=ADVANCED_FACE('',(#545),#4894,.F.);
#5352=ADVANCED_FACE('',(#546),#4895,.T.);
#5353=ADVANCED_FACE('',(#547),#4896,.T.);
#5354=ADVANCED_FACE('',(#548),#4897,.F.);
#5355=ADVANCED_FACE('',(#549),#4898,.T.);
#5356=ADVANCED_FACE('',(#550),#91,.F.);
#5357=ADVANCED_FACE('',(#551),#92,.F.);
#5358=ADVANCED_FACE('',(#552),#93,.F.);
#5359=ADVANCED_FACE('',(#553),#94,.F.);
#5360=ADVANCED_FACE('',(#554),#95,.F.);
#5361=ADVANCED_FACE('',(#555),#96,.F.);
#5362=ADVANCED_FACE('',(#556),#97,.F.);
#5363=ADVANCED_FACE('',(#557),#98,.F.);
#5364=ADVANCED_FACE('',(#558),#99,.F.);
#5365=ADVANCED_FACE('',(#559),#100,.F.);
#5366=ADVANCED_FACE('',(#560),#101,.F.);
#5367=ADVANCED_FACE('',(#561),#102,.F.);
#5368=ADVANCED_FACE('',(#562),#103,.F.);
#5369=ADVANCED_FACE('',(#563),#104,.F.);
#5370=ADVANCED_FACE('',(#564),#105,.F.);
#5371=ADVANCED_FACE('',(#565),#106,.F.);
#5372=ADVANCED_FACE('',(#566),#107,.F.);
#5373=ADVANCED_FACE('',(#567),#108,.F.);
#5374=ADVANCED_FACE('',(#568),#109,.F.);
#5375=ADVANCED_FACE('',(#569),#85,.T.);
#5376=ADVANCED_FACE('',(#570),#86,.T.);
#5377=ADVANCED_FACE('',(#571),#48,.T.);
#5378=ADVANCED_FACE('',(#572),#4899,.T.);
#5379=ADVANCED_FACE('',(#573),#4900,.T.);
#5380=ADVANCED_FACE('',(#574),#49,.F.);
#5381=ADVANCED_FACE('',(#575,#417),#4901,.T.);
#5382=ADVANCED_FACE('',(#576),#50,.T.);
#5383=ADVANCED_FACE('',(#577,#418),#4902,.T.);
#5384=ADVANCED_FACE('',(#578),#51,.F.);
#5385=ADVANCED_FACE('',(#579,#419),#4903,.T.);
#5386=ADVANCED_FACE('',(#580),#52,.F.);
#5387=ADVANCED_FACE('',(#581,#420),#4904,.T.);
#5388=ADVANCED_FACE('',(#582),#53,.T.);
#5389=ADVANCED_FACE('',(#583),#4905,.T.);
#5390=ADVANCED_FACE('',(#584),#110,.F.);
#5391=ADVANCED_FACE('',(#585),#111,.F.);
#5392=ADVANCED_FACE('',(#586),#112,.F.);
#5393=ADVANCED_FACE('',(#587),#113,.F.);
#5394=ADVANCED_FACE('',(#588),#114,.F.);
#5395=ADVANCED_FACE('',(#589),#115,.F.);
#5396=ADVANCED_FACE('',(#590),#116,.F.);
#5397=ADVANCED_FACE('',(#591),#117,.F.);
#5398=ADVANCED_FACE('',(#592),#118,.F.);
#5399=ADVANCED_FACE('',(#593),#119,.F.);
#5400=ADVANCED_FACE('',(#594),#120,.F.);
#5401=ADVANCED_FACE('',(#595),#121,.F.);
#5402=ADVANCED_FACE('',(#596),#122,.F.);
#5403=ADVANCED_FACE('',(#597),#123,.F.);
#5404=ADVANCED_FACE('',(#598),#124,.F.);
#5405=ADVANCED_FACE('',(#599),#125,.F.);
#5406=ADVANCED_FACE('',(#600),#126,.F.);
#5407=ADVANCED_FACE('',(#601),#127,.F.);
#5408=ADVANCED_FACE('',(#602),#128,.F.);
#5409=ADVANCED_FACE('',(#603),#129,.F.);
#5410=ADVANCED_FACE('',(#604),#4906,.T.);
#5411=ADVANCED_FACE('',(#605),#54,.F.);
#5412=ADVANCED_FACE('',(#606),#4907,.F.);
#5413=ADVANCED_FACE('',(#607,#421),#4908,.F.);
#5414=ADVANCED_FACE('',(#608),#4909,.F.);
#5415=ADVANCED_FACE('',(#609),#4910,.F.);
#5416=ADVANCED_FACE('',(#610),#4911,.F.);
#5417=ADVANCED_FACE('',(#611),#4912,.F.);
#5418=ADVANCED_FACE('',(#612),#4913,.F.);
#5419=ADVANCED_FACE('',(#613),#4914,.F.);
#5420=ADVANCED_FACE('',(#614),#4915,.F.);
#5421=ADVANCED_FACE('',(#615),#4916,.T.);
#5422=ADVANCED_FACE('',(#616),#4917,.F.);
#5423=ADVANCED_FACE('',(#617),#4918,.F.);
#5424=ADVANCED_FACE('',(#618),#4919,.F.);
#5425=ADVANCED_FACE('',(#619),#4920,.T.);
#5426=ADVANCED_FACE('',(#620),#4921,.T.);
#5427=ADVANCED_FACE('',(#621),#4922,.T.);
#5428=ADVANCED_FACE('',(#622),#55,.T.);
#5429=ADVANCED_FACE('',(#623),#4923,.T.);
#5430=ADVANCED_FACE('',(#624),#4924,.F.);
#5431=ADVANCED_FACE('',(#625),#4925,.F.);
#5432=ADVANCED_FACE('',(#626),#4926,.F.);
#5433=ADVANCED_FACE('',(#627),#4927,.F.);
#5434=ADVANCED_FACE('',(#628),#4928,.F.);
#5435=ADVANCED_FACE('',(#629),#4929,.T.);
#5436=ADVANCED_FACE('',(#630),#130,.T.);
#5437=ADVANCED_FACE('',(#631),#56,.F.);
#5438=ADVANCED_FACE('',(#632),#131,.T.);
#5439=ADVANCED_FACE('',(#633),#57,.F.);
#5440=ADVANCED_FACE('',(#634),#132,.F.);
#5441=ADVANCED_FACE('',(#635),#58,.T.);
#5442=ADVANCED_FACE('',(#636),#59,.F.);
#5443=ADVANCED_FACE('',(#637),#4930,.F.);
#5444=ADVANCED_FACE('',(#638),#4931,.F.);
#5445=ADVANCED_FACE('',(#639),#4932,.T.);
#5446=ADVANCED_FACE('',(#640),#4933,.T.);
#5447=ADVANCED_FACE('',(#641),#4934,.F.);
#5448=ADVANCED_FACE('',(#642),#4935,.F.);
#5449=ADVANCED_FACE('',(#643),#4936,.F.);
#5450=ADVANCED_FACE('',(#644),#4937,.F.);
#5451=ADVANCED_FACE('',(#645),#4938,.T.);
#5452=ADVANCED_FACE('',(#646),#4939,.F.);
#5453=ADVANCED_FACE('',(#647),#4940,.F.);
#5454=ADVANCED_FACE('',(#648),#4941,.F.);
#5455=ADVANCED_FACE('',(#649),#4942,.F.);
#5456=ADVANCED_FACE('',(#650),#4943,.T.);
#5457=ADVANCED_FACE('',(#651),#4944,.F.);
#5458=ADVANCED_FACE('',(#652),#4945,.F.);
#5459=ADVANCED_FACE('',(#653),#4946,.F.);
#5460=ADVANCED_FACE('',(#654),#4947,.T.);
#5461=ADVANCED_FACE('',(#655),#4948,.F.);
#5462=ADVANCED_FACE('',(#656),#4949,.F.);
#5463=ADVANCED_FACE('',(#657),#4950,.F.);
#5464=ADVANCED_FACE('',(#658),#4951,.F.);
#5465=ADVANCED_FACE('',(#659),#133,.T.);
#5466=ADVANCED_FACE('',(#660),#134,.F.);
#5467=ADVANCED_FACE('',(#661),#60,.T.);
#5468=ADVANCED_FACE('',(#662),#61,.F.);
#5469=ADVANCED_FACE('',(#663),#135,.T.);
#5470=ADVANCED_FACE('',(#664),#136,.F.);
#5471=ADVANCED_FACE('',(#665),#62,.T.);
#5472=ADVANCED_FACE('',(#666),#137,.F.);
#5473=ADVANCED_FACE('',(#667),#63,.T.);
#5474=ADVANCED_FACE('',(#668),#41,.T.);
#5475=ADVANCED_FACE('',(#669),#64,.F.);
#5476=ADVANCED_FACE('',(#670),#4952,.F.);
#5477=ADVANCED_FACE('',(#671),#4953,.T.);
#5478=ADVANCED_FACE('',(#672),#65,.F.);
#5479=ADVANCED_FACE('',(#673),#66,.F.);
#5480=ADVANCED_FACE('',(#674),#67,.F.);
#5481=ADVANCED_FACE('',(#675),#68,.F.);
#5482=ADVANCED_FACE('',(#676),#69,.F.);
#5483=ADVANCED_FACE('',(#677),#70,.F.);
#5484=ADVANCED_FACE('',(#678),#71,.F.);
#5485=ADVANCED_FACE('',(#679),#72,.F.);
#5486=ADVANCED_FACE('',(#680),#73,.F.);
#5487=ADVANCED_FACE('',(#681),#87,.F.);
#5488=ADVANCED_FACE('',(#682),#74,.T.);
#5489=ADVANCED_FACE('',(#683),#75,.F.);
#5490=ADVANCED_FACE('',(#684),#76,.T.);
#5491=ADVANCED_FACE('',(#685),#14,.T.);
#5492=ADVANCED_FACE('',(#686),#77,.F.);
#5493=ADVANCED_FACE('',(#687),#78,.T.);
#5494=ADVANCED_FACE('',(#688),#88,.T.);
#5495=ADVANCED_FACE('',(#689),#89,.T.);
#5496=ADVANCED_FACE('',(#690),#79,.T.);
#5497=ADVANCED_FACE('',(#691),#80,.F.);
#5498=ADVANCED_FACE('',(#692),#81,.T.);
#5499=ADVANCED_FACE('',(#693),#82,.T.);
#5500=ADVANCED_FACE('',(#694),#83,.T.);
#5501=ADVANCED_FACE('',(#695),#15,.T.);
#5502=ADVANCED_FACE('',(#696),#11,.F.);
#5503=ADVANCED_FACE('',(#697),#84,.F.);
#5504=ADVANCED_FACE('',(#698),#12,.F.);
#5505=ADVANCED_FACE('',(#699),#13,.F.);
#5506=ADVANCED_FACE('',(#700,#422),#4954,.T.);
#5507=ADVANCED_FACE('',(#701),#42,.T.);
#5508=ADVANCED_FACE('',(#702),#43,.T.);
#5509=ADVANCED_FACE('',(#703,#423),#4955,.F.);
#5510=ADVANCED_FACE('',(#704),#4956,.T.);
#5511=ADVANCED_FACE('',(#705),#4957,.T.);
#5512=ADVANCED_FACE('',(#706),#4958,.T.);
#5513=ADVANCED_FACE('',(#707),#4959,.T.);
#5514=ADVANCED_FACE('',(#708,#424),#4960,.T.);
#5515=ADVANCED_FACE('',(#709,#425),#4961,.T.);
#5516=ADVANCED_FACE('',(#710,#426),#4962,.T.);
#5517=ADVANCED_FACE('',(#711),#4963,.F.);
#5518=ADVANCED_FACE('',(#712),#4964,.F.);
#5519=ADVANCED_FACE('',(#713),#4965,.F.);
#5520=ADVANCED_FACE('',(#714),#4966,.F.);
#5521=ADVANCED_FACE('',(#715),#4967,.F.);
#5522=ADVANCED_FACE('',(#716,#427),#4968,.F.);
#5523=ADVANCED_FACE('',(#717),#4969,.F.);
#5524=ADVANCED_FACE('',(#718),#4970,.T.);
#5525=ADVANCED_FACE('',(#719),#44,.T.);
#5526=ADVANCED_FACE('',(#720),#45,.T.);
#5527=ADVANCED_FACE('',(#721),#4971,.T.);
#5528=ADVANCED_FACE('',(#722,#428),#4972,.F.);
#5529=ADVANCED_FACE('',(#723),#4973,.F.);
#5530=ADVANCED_FACE('',(#724),#4974,.F.);
#5531=ADVANCED_FACE('',(#725),#4975,.F.);
#5532=ADVANCED_FACE('',(#726),#4976,.F.);
#5533=ADVANCED_FACE('',(#727),#4977,.F.);
#5534=ADVANCED_FACE('',(#728),#4978,.F.);
#5535=ADVANCED_FACE('',(#729,#429),#4979,.T.);
#5536=ADVANCED_FACE('',(#730,#430),#4980,.T.);
#5537=ADVANCED_FACE('',(#731,#431),#4981,.T.);
#5538=ADVANCED_FACE('',(#732,#432),#4982,.T.);
#5539=ADVANCED_FACE('',(#733),#90,.F.);
#5540=CLOSED_SHELL('',(#5239,#5240,#5241,#5242,#5243,#5244,#5245,#5246,
#5247,#5248,#5249,#5250,#5251,#5252,#5253,#5254,#5255,#5256,#5257,#5258,
#5259,#5260,#5261,#5262,#5263,#5264,#5265,#5266,#5267,#5268,#5269,#5270,
#5271,#5272,#5273,#5274,#5275,#5276,#5277,#5278,#5279,#5280,#5281,#5282,
#5283,#5284,#5285,#5286,#5287,#5288,#5289,#5290,#5291,#5292,#5293,#5294,
#5295,#5296,#5297,#5298,#5299,#5300,#5301,#5302,#5303,#5304,#5305,#5306,
#5307,#5308,#5309,#5310,#5311,#5312,#5313,#5314,#5315,#5316,#5317,#5318,
#5319,#5320,#5321,#5322,#5323,#5324,#5325,#5326,#5327,#5328,#5329,#5330,
#5331,#5332,#5333,#5334,#5335,#5336,#5337,#5338,#5339,#5340));
#5541=CLOSED_SHELL('',(#5341,#5342,#5343,#5344,#5345,#5346,#5347,#5348,
#5349,#5350,#5351,#5352,#5353,#5354));
#5542=CLOSED_SHELL('',(#5355,#5356,#5357,#5358,#5359,#5360,#5361,#5362,
#5363,#5364,#5365,#5366,#5367,#5368,#5369,#5370,#5371,#5372,#5373,#5374,
#5375,#5376,#5377,#5378,#5379,#5380,#5381,#5382,#5383,#5384,#5385,#5386,
#5387,#5388,#5389,#5390,#5391,#5392,#5393,#5394,#5395,#5396,#5397,#5398,
#5399,#5400,#5401,#5402,#5403,#5404,#5405,#5406,#5407,#5408,#5409,#5410));
#5543=CLOSED_SHELL('',(#5411,#5412,#5413,#5414,#5415,#5416,#5417,#5418,
#5419,#5420,#5421,#5422,#5423,#5424,#5425,#5426));
#5544=CLOSED_SHELL('',(#5427,#5428,#5429));
#5545=CLOSED_SHELL('',(#5430,#5431,#5432,#5433,#5434,#5435));
#5546=CLOSED_SHELL('',(#5436,#5437,#5438,#5439,#5440,#5441,#5442,#5443,
#5444,#5445,#5446,#5447,#5448,#5449,#5450,#5451,#5452,#5453,#5454,#5455,
#5456,#5457,#5458,#5459,#5460,#5461,#5462,#5463,#5464,#5465,#5466,#5467,
#5468,#5469,#5470,#5471,#5472,#5473));
#5547=CLOSED_SHELL('',(#5474,#5475,#5476,#5477));
#5548=CLOSED_SHELL('',(#5478,#5479,#5480,#5481,#5482,#5483,#5484,#5485,
#5486,#5487,#5488,#5489,#5490,#5491,#5492,#5493,#5494,#5495,#5496,#5497,
#5498,#5499,#5500,#5501,#5502,#5503,#5504,#5505,#5506,#5507,#5508,#5509,
#5510,#5511,#5512,#5513,#5514,#5515,#5516,#5517,#5518,#5519,#5520,#5521,
#5522,#5523,#5524,#5525,#5526,#5527,#5528,#5529,#5530,#5531,#5532,#5533,
#5534,#5535,#5536,#5537,#5538,#5539));
#5549=DERIVED_UNIT_ELEMENT(#5563,1.);
#5550=DERIVED_UNIT_ELEMENT(#14010,-3.);
#5551=DERIVED_UNIT_ELEMENT(#5563,1.);
#5552=DERIVED_UNIT_ELEMENT(#14010,-3.);
#5553=DERIVED_UNIT_ELEMENT(#5563,1.);
#5554=DERIVED_UNIT_ELEMENT(#14010,-3.);
#5555=DERIVED_UNIT_ELEMENT(#5563,1.);
#5556=DERIVED_UNIT_ELEMENT(#14010,-3.);
#5557=DERIVED_UNIT_ELEMENT(#5563,1.);
#5558=DERIVED_UNIT_ELEMENT(#14010,-3.);
#5559=DERIVED_UNIT_ELEMENT(#5563,1.);
#5560=DERIVED_UNIT_ELEMENT(#14010,-3.);
#5561=DERIVED_UNIT_ELEMENT(#5563,1.);
#5562=DERIVED_UNIT_ELEMENT(#14010,-3.);
#5563=(
MASS_UNIT()
NAMED_UNIT(*)
SI_UNIT(.KILO.,.GRAM.)
);
#5564=DERIVED_UNIT((#5549,#5550));
#5565=DERIVED_UNIT((#5551,#5552));
#5566=DERIVED_UNIT((#5553,#5554));
#5567=DERIVED_UNIT((#5555,#5556));
#5568=DERIVED_UNIT((#5557,#5558));
#5569=DERIVED_UNIT((#5559,#5560));
#5570=DERIVED_UNIT((#5561,#5562));
#5571=MEASURE_REPRESENTATION_ITEM('density measure',
POSITIVE_RATIO_MEASURE(7850.),#5564);
#5572=MEASURE_REPRESENTATION_ITEM('density measure',
POSITIVE_RATIO_MEASURE(7850.),#5565);
#5573=MEASURE_REPRESENTATION_ITEM('density measure',
POSITIVE_RATIO_MEASURE(7850.),#5566);
#5574=MEASURE_REPRESENTATION_ITEM('density measure',
POSITIVE_RATIO_MEASURE(7850.),#5567);
#5575=MEASURE_REPRESENTATION_ITEM('density measure',
POSITIVE_RATIO_MEASURE(7850.),#5568);
#5576=MEASURE_REPRESENTATION_ITEM('density measure',
POSITIVE_RATIO_MEASURE(7850.),#5569);
#5577=MEASURE_REPRESENTATION_ITEM('density measure',
POSITIVE_RATIO_MEASURE(7850.),#5570);
#5578=PROPERTY_DEFINITION_REPRESENTATION(#5613,#5592);
#5579=PROPERTY_DEFINITION_REPRESENTATION(#5614,#5593);
#5580=PROPERTY_DEFINITION_REPRESENTATION(#5615,#5594);
#5581=PROPERTY_DEFINITION_REPRESENTATION(#5616,#5595);
#5582=PROPERTY_DEFINITION_REPRESENTATION(#5617,#5596);
#5583=PROPERTY_DEFINITION_REPRESENTATION(#5618,#5597);
#5584=PROPERTY_DEFINITION_REPRESENTATION(#5619,#5598);
#5585=PROPERTY_DEFINITION_REPRESENTATION(#5620,#5599);
#5586=PROPERTY_DEFINITION_REPRESENTATION(#5621,#5600);
#5587=PROPERTY_DEFINITION_REPRESENTATION(#5622,#5601);
#5588=PROPERTY_DEFINITION_REPRESENTATION(#5623,#5602);
#5589=PROPERTY_DEFINITION_REPRESENTATION(#5624,#5603);
#5590=PROPERTY_DEFINITION_REPRESENTATION(#5625,#5604);
#5591=PROPERTY_DEFINITION_REPRESENTATION(#5626,#5605);
#5592=REPRESENTATION('material name',(#5606),#13999);
#5593=REPRESENTATION('density',(#5571),#13999);
#5594=REPRESENTATION('material name',(#5607),#14000);
#5595=REPRESENTATION('density',(#5572),#14000);
#5596=REPRESENTATION('material name',(#5608),#14002);
#5597=REPRESENTATION('density',(#5573),#14002);
#5598=REPRESENTATION('material name',(#5609),#14003);
#5599=REPRESENTATION('density',(#5574),#14003);
#5600=REPRESENTATION('material name',(#5610),#14004);
#5601=REPRESENTATION('density',(#5575),#14004);
#5602=REPRESENTATION('material name',(#5611),#14005);
#5603=REPRESENTATION('density',(#5576),#14005);
#5604=REPRESENTATION('material name',(#5612),#14007);
#5605=REPRESENTATION('density',(#5577),#14007);
#5606=DESCRIPTIVE_REPRESENTATION_ITEM('A\X\E7o','A\X\E7o');
#5607=DESCRIPTIVE_REPRESENTATION_ITEM('A\X\E7o','A\X\E7o');
#5608=DESCRIPTIVE_REPRESENTATION_ITEM('A\X\E7o','A\X\E7o');
#5609=DESCRIPTIVE_REPRESENTATION_ITEM('A\X\E7o','A\X\E7o');
#5610=DESCRIPTIVE_REPRESENTATION_ITEM('A\X\E7o','A\X\E7o');
#5611=DESCRIPTIVE_REPRESENTATION_ITEM('A\X\E7o','A\X\E7o');
#5612=DESCRIPTIVE_REPRESENTATION_ITEM('A\X\E7o','A\X\E7o');
#5613=PROPERTY_DEFINITION('material property','material name',#14075);
#5614=PROPERTY_DEFINITION('material property','density of part',#14075);
#5615=PROPERTY_DEFINITION('material property','material name',#14076);
#5616=PROPERTY_DEFINITION('material property','density of part',#14076);
#5617=PROPERTY_DEFINITION('material property','material name',#14078);
#5618=PROPERTY_DEFINITION('material property','density of part',#14078);
#5619=PROPERTY_DEFINITION('material property','material name',#14079);
#5620=PROPERTY_DEFINITION('material property','density of part',#14079);
#5621=PROPERTY_DEFINITION('material property','material name',#14080);
#5622=PROPERTY_DEFINITION('material property','density of part',#14080);
#5623=PROPERTY_DEFINITION('material property','material name',#14081);
#5624=PROPERTY_DEFINITION('material property','density of part',#14081);
#5625=PROPERTY_DEFINITION('material property','material name',#14083);
#5626=PROPERTY_DEFINITION('material property','density of part',#14083);
#5627=AXIS2_PLACEMENT_3D('',#7217,#5979,#5980);
#5628=AXIS2_PLACEMENT_3D('',#7218,#5981,#5982);
#5629=AXIS2_PLACEMENT_3D('',#7219,#5983,#5984);
#5630=AXIS2_PLACEMENT_3D('',#7220,#5985,#5986);
#5631=AXIS2_PLACEMENT_3D('',#7221,#5987,#5988);
#5632=AXIS2_PLACEMENT_3D('',#7222,#5989,#5990);
#5633=AXIS2_PLACEMENT_3D('',#7231,#5995,#5996);
#5634=AXIS2_PLACEMENT_3D('',#7241,#6002,#6003);
#5635=AXIS2_PLACEMENT_3D('',#7251,#6009,#6010);
#5636=AXIS2_PLACEMENT_3D('',#7260,#6015,#6016);
#5637=AXIS2_PLACEMENT_3D('',#7269,#6021,#6022);
#5638=AXIS2_PLACEMENT_3D('',#7278,#6027,#6028);
#5639=AXIS2_PLACEMENT_3D('',#7287,#6033,#6034);
#5640=AXIS2_PLACEMENT_3D('',#7296,#6039,#6040);
#5641=AXIS2_PLACEMENT_3D('',#7305,#6045,#6046);
#5642=AXIS2_PLACEMENT_3D('',#7314,#6051,#6052);
#5643=AXIS2_PLACEMENT_3D('',#7323,#6057,#6058);
#5644=AXIS2_PLACEMENT_3D('',#7336,#6065,#6066);
#5645=AXIS2_PLACEMENT_3D('',#7345,#6071,#6072);
#5646=AXIS2_PLACEMENT_3D('',#7468,#6137,#6138);
#5647=AXIS2_PLACEMENT_3D('',#7476,#6143,#6144);
#5648=AXIS2_PLACEMENT_3D('',#7482,#6148,#6149);
#5649=AXIS2_PLACEMENT_3D('',#7490,#6154,#6155);
#5650=AXIS2_PLACEMENT_3D('',#7498,#6160,#6161);
#5651=AXIS2_PLACEMENT_3D('',#7502,#6164,#6165);
#5652=AXIS2_PLACEMENT_3D('',#7508,#6169,#6170);
#5653=AXIS2_PLACEMENT_3D('',#7512,#6173,#6174);
#5654=AXIS2_PLACEMENT_3D('',#7518,#6178,#6179);
#5655=AXIS2_PLACEMENT_3D('',#7526,#6184,#6185);
#5656=AXIS2_PLACEMENT_3D('',#7533,#6190,#6191);
#5657=AXIS2_PLACEMENT_3D('',#7539,#6195,#6196);
#5658=AXIS2_PLACEMENT_3D('',#7545,#6200,#6201);
#5659=AXIS2_PLACEMENT_3D('',#7551,#6205,#6206);
#5660=AXIS2_PLACEMENT_3D('',#7557,#6210,#6211);
#5661=AXIS2_PLACEMENT_3D('',#7563,#6215,#6216);
#5662=AXIS2_PLACEMENT_3D('',#7567,#6219,#6220);
#5663=AXIS2_PLACEMENT_3D('',#7573,#6224,#6225);
#5664=AXIS2_PLACEMENT_3D('',#7579,#6229,#6230);
#5665=AXIS2_PLACEMENT_3D('',#7585,#6234,#6235);
#5666=AXIS2_PLACEMENT_3D('',#7591,#6239,#6240);
#5667=AXIS2_PLACEMENT_3D('',#7599,#6245,#6246);
#5668=AXIS2_PLACEMENT_3D('',#7602,#6249,#6250);
#5669=AXIS2_PLACEMENT_3D('',#7608,#6254,#6255);
#5670=AXIS2_PLACEMENT_3D('',#7614,#6259,#6260);
#5671=AXIS2_PLACEMENT_3D('',#7622,#6265,#6266);
#5672=AXIS2_PLACEMENT_3D('',#7626,#6269,#6270);
#5673=AXIS2_PLACEMENT_3D('',#7632,#6274,#6275);
#5674=AXIS2_PLACEMENT_3D('',#7635,#6278,#6279);
#5675=AXIS2_PLACEMENT_3D('',#7641,#6283,#6284);
#5676=AXIS2_PLACEMENT_3D('',#7647,#6288,#6289);
#5677=AXIS2_PLACEMENT_3D('',#7656,#6294,#6295);
#5678=AXIS2_PLACEMENT_3D('',#7662,#6299,#6300);
#5679=AXIS2_PLACEMENT_3D('',#7668,#6304,#6305);
#5680=AXIS2_PLACEMENT_3D('',#7672,#6308,#6309);
#5681=AXIS2_PLACEMENT_3D('',#7677,#6313,#6314);
#5682=AXIS2_PLACEMENT_3D('',#7680,#6317,#6318);
#5683=AXIS2_PLACEMENT_3D('',#7684,#6321,#6322);
#5684=AXIS2_PLACEMENT_3D('',#7686,#6324,#6325);
#5685=AXIS2_PLACEMENT_3D('',#7688,#6327,#6328);
#5686=AXIS2_PLACEMENT_3D('',#7690,#6330,#6331);
#5687=AXIS2_PLACEMENT_3D('',#7696,#6335,#6336);
#5688=AXIS2_PLACEMENT_3D('',#7701,#6340,#6341);
#5689=AXIS2_PLACEMENT_3D('',#7707,#6345,#6346);
#5690=AXIS2_PLACEMENT_3D('',#7709,#6348,#6349);
#5691=AXIS2_PLACEMENT_3D('',#7711,#6351,#6352);
#5692=AXIS2_PLACEMENT_3D('',#7714,#6355,#6356);
#5693=AXIS2_PLACEMENT_3D('',#7720,#6360,#6361);
#5694=AXIS2_PLACEMENT_3D('',#7721,#6362,#6363);
#5695=AXIS2_PLACEMENT_3D('',#7724,#6366,#6367);
#5696=AXIS2_PLACEMENT_3D('',#7726,#6369,#6370);
#5697=AXIS2_PLACEMENT_3D('',#7732,#6374,#6375);
#5698=AXIS2_PLACEMENT_3D('',#7733,#6376,#6377);
#5699=AXIS2_PLACEMENT_3D('',#7736,#6380,#6381);
#5700=AXIS2_PLACEMENT_3D('',#7740,#6384,#6385);
#5701=AXIS2_PLACEMENT_3D('',#7744,#6388,#6389);
#5702=AXIS2_PLACEMENT_3D('',#7748,#6392,#6393);
#5703=AXIS2_PLACEMENT_3D('',#7751,#6396,#6397);
#5704=AXIS2_PLACEMENT_3D('',#7753,#6399,#6400);
#5705=AXIS2_PLACEMENT_3D('',#7755,#6402,#6403);
#5706=AXIS2_PLACEMENT_3D('',#7761,#6407,#6408);
#5707=AXIS2_PLACEMENT_3D('',#7784,#6428,#6429);
#5708=AXIS2_PLACEMENT_3D('',#7786,#6431,#6432);
#5709=AXIS2_PLACEMENT_3D('',#7792,#6436,#6437);
#5710=AXIS2_PLACEMENT_3D('',#7793,#6438,#6439);
#5711=AXIS2_PLACEMENT_3D('',#7794,#6440,#6441);
#5712=AXIS2_PLACEMENT_3D('',#7795,#6442,#6443);
#5713=AXIS2_PLACEMENT_3D('',#7796,#6444,#6445);
#5714=AXIS2_PLACEMENT_3D('',#7798,#6447,#6448);
#5715=AXIS2_PLACEMENT_3D('',#7799,#6449,#6450);
#5716=AXIS2_PLACEMENT_3D('',#7800,#6451,#6452);
#5717=AXIS2_PLACEMENT_3D('',#7802,#6454,#6455);
#5718=AXIS2_PLACEMENT_3D('',#7803,#6456,#6457);
#5719=AXIS2_PLACEMENT_3D('',#7804,#6458,#6459);
#5720=AXIS2_PLACEMENT_3D('',#7805,#6460,#6461);
#5721=AXIS2_PLACEMENT_3D('',#7807,#6463,#6464);
#5722=AXIS2_PLACEMENT_3D('',#7808,#6465,#6466);
#5723=AXIS2_PLACEMENT_3D('',#7810,#6468,#6469);
#5724=AXIS2_PLACEMENT_3D('',#7812,#6471,#6472);
#5725=AXIS2_PLACEMENT_3D('',#7813,#6473,#6474);
#5726=AXIS2_PLACEMENT_3D('',#7814,#6475,#6476);
#5727=AXIS2_PLACEMENT_3D('',#7815,#6477,#6478);
#5728=AXIS2_PLACEMENT_3D('',#7817,#6480,#6481);
#5729=AXIS2_PLACEMENT_3D('',#7818,#6482,#6483);
#5730=AXIS2_PLACEMENT_3D('',#7819,#6484,#6485);
#5731=AXIS2_PLACEMENT_3D('',#7821,#6487,#6488);
#5732=AXIS2_PLACEMENT_3D('',#7822,#6489,#6490);
#5733=AXIS2_PLACEMENT_3D('',#7823,#6491,#6492);
#5734=AXIS2_PLACEMENT_3D('',#7824,#6493,#6494);
#5735=AXIS2_PLACEMENT_3D('',#7825,#6495,#6496);
#5736=AXIS2_PLACEMENT_3D('',#7834,#6501,#6502);
#5737=AXIS2_PLACEMENT_3D('',#7840,#6506,#6507);
#5738=AXIS2_PLACEMENT_3D('',#7846,#6511,#6512);
#5739=AXIS2_PLACEMENT_3D('',#7849,#6515,#6516);
#5740=AXIS2_PLACEMENT_3D('',#7850,#6517,#6518);
#5741=AXIS2_PLACEMENT_3D('',#7856,#6522,#6523);
#5742=AXIS2_PLACEMENT_3D('',#7860,#6526,#6527);
#5743=AXIS2_PLACEMENT_3D('',#7866,#6531,#6532);
#5744=AXIS2_PLACEMENT_3D('',#7870,#6535,#6536);
#5745=AXIS2_PLACEMENT_3D('',#7876,#6540,#6541);
#5746=AXIS2_PLACEMENT_3D('',#7878,#6543,#6544);
#5747=AXIS2_PLACEMENT_3D('',#7880,#6546,#6547);
#5748=AXIS2_PLACEMENT_3D('',#7882,#6549,#6550);
#5749=AXIS2_PLACEMENT_3D('',#7883,#6551,#6552);
#5750=AXIS2_PLACEMENT_3D('',#7884,#6553,#6554);
#5751=AXIS2_PLACEMENT_3D('',#7885,#6555,#6556);
#5752=AXIS2_PLACEMENT_3D('',#7886,#6557,#6558);
#5753=AXIS2_PLACEMENT_3D('',#7887,#6559,#6560);
#5754=AXIS2_PLACEMENT_3D('',#7888,#6561,#6562);
#5755=AXIS2_PLACEMENT_3D('',#7889,#6563,#6564);
#5756=AXIS2_PLACEMENT_3D('',#7890,#6565,#6566);
#5757=AXIS2_PLACEMENT_3D('',#7891,#6567,#6568);
#5758=AXIS2_PLACEMENT_3D('',#7892,#6569,#6570);
#5759=AXIS2_PLACEMENT_3D('',#7893,#6571,#6572);
#5760=AXIS2_PLACEMENT_3D('',#7930,#6573,#6574);
#5761=AXIS2_PLACEMENT_3D('',#10345,#6611,#6612);
#5762=AXIS2_PLACEMENT_3D('',#10347,#6613,#6614);
#5763=AXIS2_PLACEMENT_3D('',#10348,#6615,#6616);
#5764=AXIS2_PLACEMENT_3D('',#10351,#6618,#6619);
#5765=AXIS2_PLACEMENT_3D('',#10352,#6620,#6621);
#5766=AXIS2_PLACEMENT_3D('',#10354,#6622,#6623);
#5767=AXIS2_PLACEMENT_3D('',#10358,#6625,#6626);
#5768=AXIS2_PLACEMENT_3D('',#10359,#6627,#6628);
#5769=AXIS2_PLACEMENT_3D('',#10360,#6629,#6630);
#5770=AXIS2_PLACEMENT_3D('',#10361,#6631,#6632);
#5771=AXIS2_PLACEMENT_3D('',#10363,#6633,#6634);
#5772=AXIS2_PLACEMENT_3D('',#10365,#6636,#6637);
#5773=AXIS2_PLACEMENT_3D('',#10366,#6638,#6639);
#5774=AXIS2_PLACEMENT_3D('',#10368,#6640,#6641);
#5775=AXIS2_PLACEMENT_3D('',#10369,#6642,#6643);
#5776=AXIS2_PLACEMENT_3D('',#10371,#6644,#6645);
#5777=AXIS2_PLACEMENT_3D('',#10373,#6647,#6648);
#5778=AXIS2_PLACEMENT_3D('',#10375,#6649,#6650);
#5779=AXIS2_PLACEMENT_3D('',#10376,#6651,#6652);
#5780=AXIS2_PLACEMENT_3D('',#10379,#6654,#6655);
#5781=AXIS2_PLACEMENT_3D('',#10380,#6656,#6657);
#5782=AXIS2_PLACEMENT_3D('',#10382,#6658,#6659);
#5783=AXIS2_PLACEMENT_3D('',#10383,#6660,#6661);
#5784=AXIS2_PLACEMENT_3D('',#10386,#6663,#6664);
#5785=AXIS2_PLACEMENT_3D('',#10387,#6665,#6666);
#5786=AXIS2_PLACEMENT_3D('',#10389,#6667,#6668);
#5787=AXIS2_PLACEMENT_3D('',#10390,#6669,#6670);
#5788=AXIS2_PLACEMENT_3D('',#10393,#6672,#6673);
#5789=AXIS2_PLACEMENT_3D('',#10394,#6674,#6675);
#5790=AXIS2_PLACEMENT_3D('',#10396,#6676,#6677);
#5791=AXIS2_PLACEMENT_3D('',#10397,#6678,#6679);
#5792=AXIS2_PLACEMENT_3D('',#10399,#6681,#6682);
#5793=AXIS2_PLACEMENT_3D('',#10534,#6683,#6684);
#5794=AXIS2_PLACEMENT_3D('',#12130,#6686,#6687);
#5795=AXIS2_PLACEMENT_3D('',#12131,#6688,#6689);
#5796=AXIS2_PLACEMENT_3D('',#12132,#6690,#6691);
#5797=AXIS2_PLACEMENT_3D('',#12134,#6692,#6693);
#5798=AXIS2_PLACEMENT_3D('',#12137,#6695,#6696);
#5799=AXIS2_PLACEMENT_3D('',#12138,#6697,#6698);
#5800=AXIS2_PLACEMENT_3D('',#12139,#6699,#6700);
#5801=AXIS2_PLACEMENT_3D('',#12164,#6713,#6714);
#5802=AXIS2_PLACEMENT_3D('',#12170,#6718,#6719);
#5803=AXIS2_PLACEMENT_3D('',#12179,#6725,#6726);
#5804=AXIS2_PLACEMENT_3D('',#12183,#6729,#6730);
#5805=AXIS2_PLACEMENT_3D('',#12190,#6735,#6736);
#5806=AXIS2_PLACEMENT_3D('',#12196,#6740,#6741);
#5807=AXIS2_PLACEMENT_3D('',#12198,#6743,#6744);
#5808=AXIS2_PLACEMENT_3D('',#12200,#6746,#6747);
#5809=AXIS2_PLACEMENT_3D('',#12201,#6748,#6749);
#5810=AXIS2_PLACEMENT_3D('',#12205,#6752,#6753);
#5811=AXIS2_PLACEMENT_3D('',#12209,#6756,#6757);
#5812=AXIS2_PLACEMENT_3D('',#12211,#6759,#6760);
#5813=AXIS2_PLACEMENT_3D('',#12212,#6761,#6762);
#5814=AXIS2_PLACEMENT_3D('',#12213,#6763,#6764);
#5815=AXIS2_PLACEMENT_3D('',#12215,#6765,#6766);
#5816=AXIS2_PLACEMENT_3D('',#12216,#6767,#6768);
#5817=AXIS2_PLACEMENT_3D('',#12219,#6770,#6771);
#5818=AXIS2_PLACEMENT_3D('',#12220,#6772,#6773);
#5819=AXIS2_PLACEMENT_3D('',#12221,#6774,#6775);
#5820=AXIS2_PLACEMENT_3D('',#12222,#6776,#6777);
#5821=AXIS2_PLACEMENT_3D('',#12223,#6778,#6779);
#5822=AXIS2_PLACEMENT_3D('',#12224,#6780,#6781);
#5823=AXIS2_PLACEMENT_3D('',#12233,#6786,#6787);
#5824=AXIS2_PLACEMENT_3D('',#12239,#6791,#6792);
#5825=AXIS2_PLACEMENT_3D('',#12245,#6796,#6797);
#5826=AXIS2_PLACEMENT_3D('',#12248,#6800,#6801);
#5827=AXIS2_PLACEMENT_3D('',#12249,#6802,#6803);
#5828=AXIS2_PLACEMENT_3D('',#12250,#6804,#6805);
#5829=AXIS2_PLACEMENT_3D('',#12289,#6808,#6809);
#5830=AXIS2_PLACEMENT_3D('',#12342,#6814,#6815);
#5831=AXIS2_PLACEMENT_3D('',#12391,#6819,#6820);
#5832=AXIS2_PLACEMENT_3D('',#12406,#6823,#6824);
#5833=AXIS2_PLACEMENT_3D('',#12419,#6827,#6828);
#5834=AXIS2_PLACEMENT_3D('',#12428,#6833,#6834);
#5835=AXIS2_PLACEMENT_3D('',#12430,#6836,#6837);
#5836=AXIS2_PLACEMENT_3D('',#12435,#6841,#6842);
#5837=AXIS2_PLACEMENT_3D('',#12441,#6846,#6847);
#5838=AXIS2_PLACEMENT_3D('',#12449,#6852,#6853);
#5839=AXIS2_PLACEMENT_3D('',#12452,#6856,#6857);
#5840=AXIS2_PLACEMENT_3D('',#12454,#6859,#6860);
#5841=AXIS2_PLACEMENT_3D('',#12455,#6861,#6862);
#5842=AXIS2_PLACEMENT_3D('',#12461,#6866,#6867);
#5843=AXIS2_PLACEMENT_3D('',#12469,#6872,#6873);
#5844=AXIS2_PLACEMENT_3D('',#12472,#6876,#6877);
#5845=AXIS2_PLACEMENT_3D('',#12474,#6879,#6880);
#5846=AXIS2_PLACEMENT_3D('',#12475,#6881,#6882);
#5847=AXIS2_PLACEMENT_3D('',#12480,#6887,#6888);
#5848=AXIS2_PLACEMENT_3D('',#12483,#6891,#6892);
#5849=AXIS2_PLACEMENT_3D('',#12485,#6894,#6895);
#5850=AXIS2_PLACEMENT_3D('',#12487,#6897,#6898);
#5851=AXIS2_PLACEMENT_3D('',#12491,#6902,#6903);
#5852=AXIS2_PLACEMENT_3D('',#12497,#6907,#6908);
#5853=AXIS2_PLACEMENT_3D('',#12500,#6911,#6912);
#5854=AXIS2_PLACEMENT_3D('',#12501,#6913,#6914);
#5855=AXIS2_PLACEMENT_3D('',#12568,#6917,#6918);
#5856=AXIS2_PLACEMENT_3D('',#12569,#6919,#6920);
#5857=AXIS2_PLACEMENT_3D('',#12605,#6922,#6923);
#5858=AXIS2_PLACEMENT_3D('',#12628,#6924,#6925);
#5859=AXIS2_PLACEMENT_3D('',#12629,#6926,#6927);
#5860=AXIS2_PLACEMENT_3D('',#12630,#6928,#6929);
#5861=AXIS2_PLACEMENT_3D('',#12631,#6930,#6931);
#5862=AXIS2_PLACEMENT_3D('',#12632,#6932,#6933);
#5863=AXIS2_PLACEMENT_3D('',#12633,#6934,#6935);
#5864=AXIS2_PLACEMENT_3D('',#12634,#6936,#6937);
#5865=AXIS2_PLACEMENT_3D('',#12635,#6938,#6939);
#5866=AXIS2_PLACEMENT_3D('',#12636,#6940,#6941);
#5867=AXIS2_PLACEMENT_3D('',#12639,#6942,#6943);
#5868=AXIS2_PLACEMENT_3D('',#12646,#6944,#6945);
#5869=AXIS2_PLACEMENT_3D('',#12649,#6946,#6947);
#5870=AXIS2_PLACEMENT_3D('',#12652,#6950,#6951);
#5871=AXIS2_PLACEMENT_3D('',#12654,#6953,#6954);
#5872=AXIS2_PLACEMENT_3D('',#12655,#6955,#6956);
#5873=AXIS2_PLACEMENT_3D('',#12670,#6958,#6959);
#5874=AXIS2_PLACEMENT_3D('',#12680,#6960,#6961);
#5875=AXIS2_PLACEMENT_3D('',#12710,#6963,#6964);
#5876=AXIS2_PLACEMENT_3D('',#12740,#6966,#6967);
#5877=AXIS2_PLACEMENT_3D('',#12757,#6969,#6970);
#5878=AXIS2_PLACEMENT_3D('',#12771,#6971,#6972);
#5879=AXIS2_PLACEMENT_3D('',#12809,#6974,#6975);
#5880=AXIS2_PLACEMENT_3D('',#12812,#6977,#6978);
#5881=AXIS2_PLACEMENT_3D('',#12814,#6979,#6980);
#5882=AXIS2_PLACEMENT_3D('',#12851,#6981,#6982);
#5883=AXIS2_PLACEMENT_3D('',#12927,#6984,#6985);
#5884=AXIS2_PLACEMENT_3D('',#13003,#6987,#6988);
#5885=AXIS2_PLACEMENT_3D('',#13081,#6990,#6991);
#5886=AXIS2_PLACEMENT_3D('',#13083,#6992,#6993);
#5887=AXIS2_PLACEMENT_3D('',#13087,#6995,#6996);
#5888=AXIS2_PLACEMENT_3D('',#13114,#6998,#6999);
#5889=AXIS2_PLACEMENT_3D('',#13115,#7000,#7001);
#5890=AXIS2_PLACEMENT_3D('',#13149,#7003,#7004);
#5891=AXIS2_PLACEMENT_3D('',#13151,#7005,#7006);
#5892=AXIS2_PLACEMENT_3D('',#13154,#7008,#7009);
#5893=AXIS2_PLACEMENT_3D('',#13155,#7010,#7011);
#5894=AXIS2_PLACEMENT_3D('',#13157,#7012,#7013);
#5895=AXIS2_PLACEMENT_3D('',#13160,#7015,#7016);
#5896=AXIS2_PLACEMENT_3D('',#13161,#7017,#7018);
#5897=AXIS2_PLACEMENT_3D('',#13163,#7019,#7020);
#5898=AXIS2_PLACEMENT_3D('',#13167,#7022,#7023);
#5899=AXIS2_PLACEMENT_3D('',#13168,#7024,#7025);
#5900=AXIS2_PLACEMENT_3D('',#13169,#7026,#7027);
#5901=AXIS2_PLACEMENT_3D('',#13171,#7028,#7029);
#5902=AXIS2_PLACEMENT_3D('',#13172,#7030,#7031);
#5903=AXIS2_PLACEMENT_3D('',#13245,#7032,#7033);
#5904=AXIS2_PLACEMENT_3D('',#13247,#7034,#7035);
#5905=AXIS2_PLACEMENT_3D('',#13250,#7037,#7038);
#5906=AXIS2_PLACEMENT_3D('',#13251,#7039,#7040);
#5907=AXIS2_PLACEMENT_3D('',#13271,#7042,#7043);
#5908=AXIS2_PLACEMENT_3D('',#13283,#7044,#7045);
#5909=AXIS2_PLACEMENT_3D('',#13303,#7047,#7048);
#5910=AXIS2_PLACEMENT_3D('',#13315,#7049,#7050);
#5911=AXIS2_PLACEMENT_3D('',#13317,#7051,#7052);
#5912=AXIS2_PLACEMENT_3D('',#13320,#7054,#7055);
#5913=AXIS2_PLACEMENT_3D('',#13321,#7056,#7057);
#5914=AXIS2_PLACEMENT_3D('',#13323,#7058,#7059);
#5915=AXIS2_PLACEMENT_3D('',#13326,#7061,#7062);
#5916=AXIS2_PLACEMENT_3D('',#13327,#7063,#7064);
#5917=AXIS2_PLACEMENT_3D('',#13329,#7065,#7066);
#5918=AXIS2_PLACEMENT_3D('',#13332,#7068,#7069);
#5919=AXIS2_PLACEMENT_3D('',#13333,#7070,#7071);
#5920=AXIS2_PLACEMENT_3D('',#13335,#7072,#7073);
#5921=AXIS2_PLACEMENT_3D('',#13338,#7075,#7076);
#5922=AXIS2_PLACEMENT_3D('',#13339,#7077,#7078);
#5923=AXIS2_PLACEMENT_3D('',#13342,#7079,#7080);
#5924=AXIS2_PLACEMENT_3D('',#13344,#7081,#7082);
#5925=AXIS2_PLACEMENT_3D('',#13346,#7083,#7084);
#5926=AXIS2_PLACEMENT_3D('',#13348,#7085,#7086);
#5927=AXIS2_PLACEMENT_3D('',#13350,#7087,#7088);
#5928=AXIS2_PLACEMENT_3D('',#13353,#7090,#7091);
#5929=AXIS2_PLACEMENT_3D('',#13355,#7092,#7093);
#5930=AXIS2_PLACEMENT_3D('',#13357,#7094,#7095);
#5931=AXIS2_PLACEMENT_3D('',#13359,#7096,#7097);
#5932=AXIS2_PLACEMENT_3D('',#13360,#7098,#7099);
#5933=AXIS2_PLACEMENT_3D('',#13361,#7100,#7101);
#5934=AXIS2_PLACEMENT_3D('',#13363,#7102,#7103);
#5935=AXIS2_PLACEMENT_3D('',#13392,#7104,#7105);
#5936=AXIS2_PLACEMENT_3D('',#13393,#7106,#7107);
#5937=AXIS2_PLACEMENT_3D('',#13394,#7108,#7109);
#5938=AXIS2_PLACEMENT_3D('',#13844,#7111,#7112);
#5939=AXIS2_PLACEMENT_3D('',#13845,#7113,#7114);
#5940=AXIS2_PLACEMENT_3D('',#13848,#7115,#7116);
#5941=AXIS2_PLACEMENT_3D('',#13866,#7117,#7118);
#5942=AXIS2_PLACEMENT_3D('',#13880,#7119,#7120);
#5943=AXIS2_PLACEMENT_3D('',#13887,#7121,#7122);
#5944=AXIS2_PLACEMENT_3D('',#13890,#7123,#7124);
#5945=AXIS2_PLACEMENT_3D('',#13896,#7128,#7129);
#5946=AXIS2_PLACEMENT_3D('',#13898,#7131,#7132);
#5947=AXIS2_PLACEMENT_3D('',#13900,#7134,#7135);
#5948=AXIS2_PLACEMENT_3D('',#13901,#7136,#7137);
#5949=AXIS2_PLACEMENT_3D('',#13903,#7139,#7140);
#5950=AXIS2_PLACEMENT_3D('',#13905,#7142,#7143);
#5951=AXIS2_PLACEMENT_3D('',#13906,#7144,#7145);
#5952=AXIS2_PLACEMENT_3D('',#13907,#7146,#7147);
#5953=AXIS2_PLACEMENT_3D('',#13908,#7148,#7149);
#5954=AXIS2_PLACEMENT_3D('',#13912,#7152,#7153);
#5955=AXIS2_PLACEMENT_3D('',#13916,#7156,#7157);
#5956=AXIS2_PLACEMENT_3D('',#13918,#7159,#7160);
#5957=AXIS2_PLACEMENT_3D('',#13920,#7162,#7163);
#5958=AXIS2_PLACEMENT_3D('',#13940,#7167,#7168);
#5959=AXIS2_PLACEMENT_3D('',#13943,#7171,#7172);
#5960=AXIS2_PLACEMENT_3D('',#13950,#7173,#7174);
#5961=AXIS2_PLACEMENT_3D('',#13957,#7175,#7176);
#5962=AXIS2_PLACEMENT_3D('',#13958,#7177,#7178);
#5963=AXIS2_PLACEMENT_3D('',#13959,#7179,#7180);
#5964=AXIS2_PLACEMENT_3D('',#13960,#7181,#7182);
#5965=AXIS2_PLACEMENT_3D('',#13961,#7183,#7184);
#5966=AXIS2_PLACEMENT_3D('',#13964,#7187,#7188);
#5967=AXIS2_PLACEMENT_3D('',#13966,#7190,#7191);
#5968=AXIS2_PLACEMENT_3D('',#13968,#7193,#7194);
#5969=AXIS2_PLACEMENT_3D('',#13970,#7196,#7197);
#5970=AXIS2_PLACEMENT_3D('',#13972,#7199,#7200);
#5971=AXIS2_PLACEMENT_3D('',#13973,#7201,#7202);
#5972=AXIS2_PLACEMENT_3D('',#13974,#7203,#7204);
#5973=AXIS2_PLACEMENT_3D('',#13975,#7205,#7206);
#5974=AXIS2_PLACEMENT_3D('',#13976,#7207,#7208);
#5975=AXIS2_PLACEMENT_3D('',#13977,#7209,#7210);
#5976=AXIS2_PLACEMENT_3D('',#13978,#7211,#7212);
#5977=AXIS2_PLACEMENT_3D('',#13979,#7213,#7214);
#5978=AXIS2_PLACEMENT_3D('',#13980,#7215,#7216);
#5979=DIRECTION('axis',(0.,0.,1.));
#5980=DIRECTION('refdir',(1.,0.,0.));
#5981=DIRECTION('axis',(0.,0.,1.));
#5982=DIRECTION('refdir',(1.,0.,0.));
#5983=DIRECTION('axis',(0.,0.,1.));
#5984=DIRECTION('refdir',(1.,0.,0.));
#5985=DIRECTION('axis',(0.,0.,1.));
#5986=DIRECTION('refdir',(1.,0.,0.));
#5987=DIRECTION('axis',(0.,0.,1.));
#5988=DIRECTION('refdir',(1.,0.,0.));
#5989=DIRECTION('center_axis',(1.47827945580951E-16,2.22044604925032E-16,
-1.));
#5990=DIRECTION('ref_axis',(1.,2.53632656661477E-17,1.47827945580951E-16));
#5991=DIRECTION('',(-1.,-2.53632656661477E-17,-1.47827945580951E-16));
#5992=DIRECTION('',(2.53632656661477E-17,-1.,-2.22044604925032E-16));
#5993=DIRECTION('',(1.,2.53632656661477E-17,1.47827945580951E-16));
#5994=DIRECTION('',(2.53632656661477E-17,-1.,-2.22044604925032E-16));
#5995=DIRECTION('center_axis',(0.894427190999915,1.21986960594248E-16,-0.44721359549996));
#5996=DIRECTION('ref_axis',(0.44721359549996,-1.87259935027603E-16,0.894427190999915));
#5997=DIRECTION('',(-3.91778425757345E-17,-1.,-3.51126821408795E-16));
#5998=DIRECTION('',(-0.44721359549996,1.87259935027603E-16,-0.894427190999915));
#5999=DIRECTION('',(0.44721359549996,-1.87259935027603E-16,0.894427190999915));
#6000=DIRECTION('',(2.53632656661477E-17,-1.,-2.22044604925032E-16));
#6001=DIRECTION('',(0.44721359549996,1.41496957389908E-15,0.894427190999915));
#6002=DIRECTION('center_axis',(-0.894427190999917,7.66157716655335E-17,
-0.447213595499956));
#6003=DIRECTION('ref_axis',(0.447213595499956,2.0994552949196E-16,-0.894427190999917));
#6004=DIRECTION('',(0.447213595499956,1.56036935277133E-15,-0.894427190999917));
#6005=DIRECTION('',(2.53632656661477E-17,-1.,-2.22044604925032E-16));
#6006=DIRECTION('',(0.447213595499956,2.0994552949196E-16,-0.894427190999917));
#6007=DIRECTION('',(-0.447213595499956,-2.0994552949196E-16,0.894427190999917));
#6008=DIRECTION('',(-8.99043739080294E-17,1.,3.51126821408795E-16));
#6009=DIRECTION('center_axis',(2.22044604925027E-16,1.461349846034E-15,
-1.));
#6010=DIRECTION('ref_axis',(-3.32653004806815E-15,1.,1.461349846034E-15));
#6011=DIRECTION('',(-5.94289354888262E-16,-1.,-1.461349846034E-15));
#6012=DIRECTION('',(1.,3.32653004806815E-15,2.22044604925032E-16));
#6013=DIRECTION('',(-6.45015886220629E-16,1.,1.461349846034E-15));
#6014=DIRECTION('',(-1.,-2.53632656661476E-17,-2.22044604925027E-16));
#6015=DIRECTION('center_axis',(2.22044604925027E-16,1.461349846034E-15,
-1.));
#6016=DIRECTION('ref_axis',(-3.32653004806815E-15,1.,1.461349846034E-15));
#6017=DIRECTION('',(-5.94289354888337E-16,-1.,-1.461349846034E-15));
#6018=DIRECTION('',(1.,3.32653004806815E-15,2.22044604925032E-16));
#6019=DIRECTION('',(-6.45015886220628E-16,1.,1.461349846034E-15));
#6020=DIRECTION('',(-1.,-2.53632656661476E-17,-2.22044604925027E-16));
#6021=DIRECTION('center_axis',(-2.53632656661477E-17,1.,2.22044604925032E-16));
#6022=DIRECTION('ref_axis',(1.,2.53632656661477E-17,1.47827945580951E-16));
#6023=DIRECTION('',(-1.,-2.53632656661476E-17,-2.22044604925027E-16));
#6024=DIRECTION('',(0.447213595499962,2.0994552949196E-16,-0.894427190999914));
#6025=DIRECTION('',(1.,2.53632656661477E-17,1.47827945580951E-16));
#6026=DIRECTION('',(0.447213595499956,-1.87259935027603E-16,0.894427190999917));
#6027=DIRECTION('center_axis',(-2.53632656661477E-17,1.,2.22044604925032E-16));
#6028=DIRECTION('ref_axis',(1.,2.53632656661477E-17,1.47827945580951E-16));
#6029=DIRECTION('',(-1.,-2.53632656661476E-17,-2.22044604925027E-16));
#6030=DIRECTION('',(0.447213595499958,2.0994552949196E-16,-0.894427190999916));
#6031=DIRECTION('',(1.,2.53632656661477E-17,1.47827945580951E-16));
#6032=DIRECTION('',(0.447213595499958,-1.87259935027603E-16,0.894427190999916));
#6033=DIRECTION('center_axis',(-1.,-2.53632656661477E-17,-1.47827945580951E-16));
#6034=DIRECTION('ref_axis',(1.47827945580951E-16,2.22044604925032E-16,-1.));
#6035=DIRECTION('',(1.47827945580951E-16,8.12809473679583E-17,-1.));
#6036=DIRECTION('',(2.53632656661477E-17,-1.,-2.22044604925032E-16));
#6037=DIRECTION('',(1.47827945580951E-16,2.22044604925032E-16,-1.));
#6038=DIRECTION('',(2.53632656661477E-17,-1.,-2.22044604925032E-16));
#6039=DIRECTION('center_axis',(-1.,-2.53632656661477E-17,-1.47827945580951E-16));
#6040=DIRECTION('ref_axis',(1.47827945580951E-16,2.22044604925032E-16,-1.));
#6041=DIRECTION('',(1.47827945580951E-16,8.12809473679583E-17,-1.));
#6042=DIRECTION('',(2.53632656661477E-17,-1.,-2.22044604925032E-16));
#6043=DIRECTION('',(1.47827945580951E-16,2.22044604925032E-16,-1.));
#6044=DIRECTION('',(2.53632656661477E-17,-1.,-2.22044604925032E-16));
#6045=DIRECTION('center_axis',(-1.47827945580951E-16,-2.22044604925032E-16,
1.));
#6046=DIRECTION('ref_axis',(-1.,-2.53632656661477E-17,-1.47827945580951E-16));
#6047=DIRECTION('',(1.,2.53632656661477E-17,1.47827945580951E-16));
#6048=DIRECTION('',(2.53632656661477E-17,-1.,-2.22044604925032E-16));
#6049=DIRECTION('',(-1.,-2.53632656661477E-17,-1.47827945580951E-16));
#6050=DIRECTION('',(2.53632656661477E-17,-1.,-2.22044604925032E-16));
#6051=DIRECTION('center_axis',(1.47827945580951E-16,2.22044604925032E-16,
-1.));
#6052=DIRECTION('ref_axis',(1.,2.53632656661477E-17,1.47827945580951E-16));
#6053=DIRECTION('',(-1.,-2.53632656661477E-17,-1.47827945580951E-16));
#6054=DIRECTION('',(2.53632656661477E-17,-1.,-2.22044604925032E-16));
#6055=DIRECTION('',(1.,2.53632656661477E-17,1.47827945580951E-16));
#6056=DIRECTION('',(2.53632656661477E-17,-1.,-2.22044604925032E-16));
#6057=DIRECTION('center_axis',(0.894427190999914,1.21986960594249E-16,-0.447213595499962));
#6058=DIRECTION('ref_axis',(0.447213595499962,-1.87259935027602E-16,0.894427190999914));
#6059=DIRECTION('',(-3.91778425757351E-17,-1.,-3.51126821408795E-16));
#6060=DIRECTION('',(-0.447213595499962,1.87259935027602E-16,-0.894427190999914));
#6061=DIRECTION('',(2.53632656661477E-17,-1.,-2.22044604925032E-16));
#6062=DIRECTION('',(0.447213595499962,-1.87259935027602E-16,0.894427190999914));
#6063=DIRECTION('',(2.53632656661477E-17,-1.,-2.22044604925032E-16));
#6064=DIRECTION('',(0.447213595499962,1.41496957389909E-15,0.894427190999914));
#6065=DIRECTION('center_axis',(2.22044604925027E-16,1.461349846034E-15,
-1.));
#6066=DIRECTION('ref_axis',(-3.32653004806815E-15,1.,1.461349846034E-15));
#6067=DIRECTION('',(-6.45015886220642E-16,1.,1.461349846034E-15));
#6068=DIRECTION('',(-1.,-2.53632656661476E-17,-2.22044604925027E-16));
#6069=DIRECTION('',(-5.94289354888331E-16,-1.,-1.461349846034E-15));
#6070=DIRECTION('',(1.,3.32653004806815E-15,2.22044604925032E-16));
#6071=DIRECTION('center_axis',(-2.53632656661477E-17,1.,2.22044604925032E-16));
#6072=DIRECTION('ref_axis',(1.,2.53632656661477E-17,1.47827945580951E-16));
#6073=DIRECTION('',(0.447213595499954,-1.87259935027603E-16,0.894427190999918));
#6074=DIRECTION('',(0.447213595499958,2.0994552949196E-16,-0.894427190999916));
#6075=DIRECTION('',(0.447213595499958,-1.87259935027603E-16,0.894427190999916));
#6076=DIRECTION('',(1.,2.53632656661477E-17,1.47827945580951E-16));
#6077=DIRECTION('',(0.447213595499958,2.0994552949196E-16,-0.894427190999916));
#6078=DIRECTION('',(0.447213595499958,-1.87259935027603E-16,0.894427190999916));
#6079=DIRECTION('',(1.,2.53632656661477E-17,1.47827945580951E-16));
#6080=DIRECTION('',(0.447213595499956,2.0994552949196E-16,-0.894427190999917));
#6081=DIRECTION('',(0.447213595499956,-1.87259935027603E-16,0.894427190999917));
#6082=DIRECTION('',(1.,2.53632656661477E-17,1.47827945580951E-16));
#6083=DIRECTION('',(0.447213595499954,2.09945529491961E-16,-0.894427190999918));
#6084=DIRECTION('',(1.,2.53632656661477E-17,1.47827945580951E-16));
#6085=DIRECTION('',(0.447213595499954,2.09945529491961E-16,-0.894427190999918));
#6086=DIRECTION('',(1.47827945580951E-16,2.22044604925032E-16,-1.));
#6087=DIRECTION('',(-0.447213595499954,1.87259935027604E-16,-0.894427190999918));
#6088=DIRECTION('',(-1.,-2.53632656661477E-17,-1.47827945580951E-16));
#6089=DIRECTION('',(-0.447213595499963,-2.0994552949196E-16,0.894427190999913));
#6090=DIRECTION('',(-0.447213595499954,1.87259935027604E-16,-0.894427190999918));
#6091=DIRECTION('',(-1.,-2.53632656661477E-17,-1.47827945580951E-16));
#6092=DIRECTION('',(-0.447213595499957,-2.09945529491961E-16,0.894427190999916));
#6093=DIRECTION('',(-0.447213595499956,1.87259935027603E-16,-0.894427190999917));
#6094=DIRECTION('',(-0.44721359549996,-2.0994552949196E-16,0.894427190999915));
#6095=DIRECTION('',(-0.447213595499956,1.87259935027603E-16,-0.894427190999917));
#6096=DIRECTION('',(-1.,-2.53632656661477E-17,-1.47827945580951E-16));
#6097=DIRECTION('',(-0.447213595499962,-2.0994552949196E-16,0.894427190999914));
#6098=DIRECTION('',(-0.447213595499958,1.87259935027603E-16,-0.894427190999916));
#6099=DIRECTION('',(-1.,-2.53632656661477E-17,-1.47827945580951E-16));
#6100=DIRECTION('',(-0.447213595499958,-2.0994552949196E-16,0.894427190999916));
#6101=DIRECTION('',(-0.447213595499958,1.87259935027603E-16,-0.894427190999916));
#6102=DIRECTION('',(-1.,-2.53632656661477E-17,-1.47827945580951E-16));
#6103=DIRECTION('',(-0.447213595499956,-2.0994552949196E-16,0.894427190999917));
#6104=DIRECTION('',(-0.447213595499914,1.87259935027609E-16,-0.894427190999938));
#6105=DIRECTION('',(-1.,-2.53632656661476E-17,-4.19941432008686E-16));
#6106=DIRECTION('',(-0.447213595499956,-2.0994552949196E-16,0.894427190999917));
#6107=DIRECTION('',(-1.47827945580951E-16,-2.22044604925032E-16,1.));
#6108=DIRECTION('',(0.447213595499955,-1.87259935027604E-16,0.894427190999917));
#6109=DIRECTION('',(1.,2.53632656661477E-17,1.47827945580951E-16));
#6110=DIRECTION('',(0.447213595499916,2.09945529491964E-16,-0.894427190999937));
#6111=DIRECTION('',(1.,2.53632656661477E-17,1.47827945580951E-16));
#6112=DIRECTION('',(-1.47827945580951E-16,-2.22044604925032E-16,1.));
#6113=DIRECTION('',(-1.,-2.53632656661477E-17,6.9012488916149E-17));
#6114=DIRECTION('',(1.47827945580951E-16,2.22044604925032E-16,-1.));
#6115=DIRECTION('',(1.,2.53632656661477E-17,1.47827945580951E-16));
#6116=DIRECTION('',(-1.47827945580951E-16,-2.22044604925032E-16,1.));
#6117=DIRECTION('',(-1.,-2.53632656661477E-17,6.90124889161497E-17));
#6118=DIRECTION('',(1.47827945580951E-16,2.22044604925032E-16,-1.));
#6119=DIRECTION('',(1.,2.53632656661477E-17,1.47827945580951E-16));
#6120=DIRECTION('',(-1.47827945580951E-16,-2.22044604925032E-16,1.));
#6121=DIRECTION('',(-1.,-2.53632656661477E-17,6.90124889161494E-17));
#6122=DIRECTION('',(1.47827945580951E-16,2.22044604925032E-16,-1.));
#6123=DIRECTION('',(-1.47827945580951E-16,-2.22044604925032E-16,1.));
#6124=DIRECTION('',(-1.,-2.53632656661476E-17,-5.81508814575153E-16));
#6125=DIRECTION('',(1.47827945580951E-16,2.22044604925032E-16,-1.));
#6126=DIRECTION('',(1.,2.53632656661476E-17,5.81508814575153E-16));
#6127=DIRECTION('',(1.,2.53632656661477E-17,1.47827945580951E-16));
#6128=DIRECTION('',(-1.47827945580951E-16,-2.22044604925032E-16,1.));
#6129=DIRECTION('',(-1.,-2.53632656661477E-17,6.90124889161497E-17));
#6130=DIRECTION('',(1.,2.53632656661477E-17,1.47827945580951E-16));
#6131=DIRECTION('',(-1.47827945580951E-16,-2.22044604925032E-16,1.));
#6132=DIRECTION('',(-1.,-2.53632656661477E-17,6.90124889161501E-17));
#6133=DIRECTION('',(1.47827945580951E-16,2.22044604925032E-16,-1.));
#6134=DIRECTION('',(1.,2.53632656661477E-17,1.47827945580951E-16));
#6135=DIRECTION('',(-1.47827945580951E-16,-2.22044604925032E-16,1.));
#6136=DIRECTION('',(-1.,-2.53632656661477E-17,6.90124889161505E-17));
#6137=DIRECTION('center_axis',(-0.894427190999916,7.66157716655337E-17,
-0.447213595499958));
#6138=DIRECTION('ref_axis',(0.447213595499958,2.0994552949196E-16,-0.894427190999916));
#6139=DIRECTION('',(0.447213595499958,1.56036935277134E-15,-0.894427190999916));
#6140=DIRECTION('',(2.53632656661477E-17,-1.,-2.22044604925032E-16));
#6141=DIRECTION('',(-0.447213595499958,-2.0994552949196E-16,0.894427190999916));
#6142=DIRECTION('',(-8.99043739080295E-17,1.,3.51126821408795E-16));
#6143=DIRECTION('center_axis',(1.47827945580951E-16,2.22044604925032E-16,
-1.));
#6144=DIRECTION('ref_axis',(1.,2.53632656661477E-17,1.47827945580951E-16));
#6145=DIRECTION('',(-1.,-2.53632656661477E-17,-1.47827945580951E-16));
#6146=DIRECTION('',(2.53632656661477E-17,-1.,-2.22044604925032E-16));
#6147=DIRECTION('',(2.53632656661477E-17,-1.,-2.22044604925032E-16));
#6148=DIRECTION('center_axis',(-0.894427190999916,7.66157716655339E-17,
-0.447213595499958));
#6149=DIRECTION('ref_axis',(0.447213595499958,2.0994552949196E-16,-0.894427190999916));
#6150=DIRECTION('',(0.447213595499958,1.56036935277134E-15,-0.894427190999916));
#6151=DIRECTION('',(2.53632656661477E-17,-1.,-2.22044604925032E-16));
#6152=DIRECTION('',(-0.447213595499958,-2.0994552949196E-16,0.894427190999916));
#6153=DIRECTION('',(-8.99043739080296E-17,1.,3.51126821408795E-16));
#6154=DIRECTION('center_axis',(0.894427190999916,1.21986960594248E-16,-0.447213595499958));
#6155=DIRECTION('ref_axis',(0.447213595499958,-1.87259935027603E-16,0.894427190999916));
#6156=DIRECTION('',(-3.91778425757342E-17,-1.,-3.51126821408795E-16));
#6157=DIRECTION('',(-0.447213595499958,1.87259935027603E-16,-0.894427190999916));
#6158=DIRECTION('',(2.53632656661477E-17,-1.,-2.22044604925032E-16));
#6159=DIRECTION('',(0.447213595499958,1.41496957389907E-15,0.894427190999916));
#6160=DIRECTION('center_axis',(1.47827945580951E-16,2.22044604925032E-16,
-1.));
#6161=DIRECTION('ref_axis',(1.,2.53632656661477E-17,1.47827945580951E-16));
#6162=DIRECTION('',(-1.,-2.53632656661477E-17,-1.47827945580951E-16));
#6163=DIRECTION('',(2.53632656661477E-17,-1.,-2.22044604925032E-16));
#6164=DIRECTION('center_axis',(-0.894427190999917,7.66157716655335E-17,
-0.447213595499956));
#6165=DIRECTION('ref_axis',(0.447213595499956,2.0994552949196E-16,-0.894427190999917));
#6166=DIRECTION('',(0.447213595499956,1.56036935277133E-15,-0.894427190999917));
#6167=DIRECTION('',(-0.447213595499956,-2.0994552949196E-16,0.894427190999917));
#6168=DIRECTION('',(-8.99043739080294E-17,1.,3.51126821408795E-16));
#6169=DIRECTION('center_axis',(1.47827945580951E-16,2.22044604925032E-16,
-1.));
#6170=DIRECTION('ref_axis',(1.,2.53632656661477E-17,1.47827945580951E-16));
#6171=DIRECTION('',(1.,3.32653004806815E-15,1.47827945580952E-16));
#6172=DIRECTION('',(2.53632656661477E-17,-1.,-2.22044604925032E-16));
#6173=DIRECTION('center_axis',(0.894427190999916,1.21986960594248E-16,-0.447213595499958));
#6174=DIRECTION('ref_axis',(0.447213595499958,-1.87259935027603E-16,0.894427190999916));
#6175=DIRECTION('',(0.447213595499958,1.41496957389907E-15,0.894427190999916));
#6176=DIRECTION('',(-3.91778425757342E-17,-1.,-3.51126821408795E-16));
#6177=DIRECTION('',(-0.447213595499958,1.87259935027603E-16,-0.894427190999916));
#6178=DIRECTION('center_axis',(0.894427190999917,1.21986960594248E-16,-0.447213595499956));
#6179=DIRECTION('ref_axis',(0.447213595499956,-1.87259935027603E-16,0.894427190999917));
#6180=DIRECTION('',(-3.91778425757339E-17,-1.,-3.51126821408795E-16));
#6181=DIRECTION('',(-0.447213595499956,1.87259935027603E-16,-0.894427190999917));
#6182=DIRECTION('',(2.53632656661477E-17,-1.,-2.22044604925032E-16));
#6183=DIRECTION('',(0.447213595499956,1.41496957389906E-15,0.894427190999917));
#6184=DIRECTION('center_axis',(0.894427190999916,-7.66157716655339E-17,
0.447213595499958));
#6185=DIRECTION('ref_axis',(-0.447213595499958,-2.0994552949196E-16,0.894427190999916));
#6186=DIRECTION('',(-0.447213595499958,-1.56036935277134E-15,0.894427190999916));
#6187=DIRECTION('',(2.53632656661477E-17,-1.,-2.22044604925032E-16));
#6188=DIRECTION('',(2.53632656661477E-17,-1.,-2.22044604925032E-16));
#6189=DIRECTION('',(-6.45015886220634E-16,1.,1.461349846034E-15));
#6190=DIRECTION('center_axis',(1.47827945580951E-16,2.22044604925032E-16,
-1.));
#6191=DIRECTION('ref_axis',(1.,2.53632656661477E-17,1.47827945580951E-16));
#6192=DIRECTION('',(1.,3.32653004806815E-15,1.47827945580952E-16));
#6193=DIRECTION('',(2.53632656661477E-17,-1.,-2.22044604925032E-16));
#6194=DIRECTION('',(2.53632656661477E-17,-1.,-2.22044604925032E-16));
#6195=DIRECTION('center_axis',(6.9012488916149E-17,-2.22044604925032E-16,
1.));
#6196=DIRECTION('ref_axis',(-1.,-2.53632656661477E-17,6.9012488916149E-17));
#6197=DIRECTION('',(-1.,-3.32653004806815E-15,6.90124889161483E-17));
#6198=DIRECTION('',(2.53632656661477E-17,-1.,-2.22044604925032E-16));
#6199=DIRECTION('',(2.53632656661477E-17,-1.,-2.22044604925032E-16));
#6200=DIRECTION('center_axis',(-1.,-2.53632656661477E-17,-1.47827945580951E-16));
#6201=DIRECTION('ref_axis',(1.47827945580951E-16,2.22044604925032E-16,-1.));
#6202=DIRECTION('',(1.47827945580951E-16,8.12809473679583E-17,-1.));
#6203=DIRECTION('',(2.53632656661477E-17,-1.,-2.22044604925032E-16));
#6204=DIRECTION('',(2.53632656661477E-17,-1.,-2.22044604925032E-16));
#6205=DIRECTION('center_axis',(-2.53632656661477E-17,1.,2.22044604925032E-16));
#6206=DIRECTION('ref_axis',(1.,2.53632656661477E-17,1.47827945580951E-16));
#6207=DIRECTION('',(0.447213595499956,2.0994552949196E-16,-0.894427190999917));
#6208=DIRECTION('',(1.,2.53632656661477E-17,1.47827945580951E-16));
#6209=DIRECTION('',(0.447213595499958,-1.87259935027603E-16,0.894427190999916));
#6210=DIRECTION('center_axis',(-1.,-2.53632656661477E-17,-1.47827945580951E-16));
#6211=DIRECTION('ref_axis',(1.47827945580951E-16,2.22044604925032E-16,-1.));
#6212=DIRECTION('',(1.47827945580951E-16,8.12809473679583E-17,-1.));
#6213=DIRECTION('',(2.53632656661477E-17,-1.,-2.22044604925032E-16));
#6214=DIRECTION('',(2.53632656661477E-17,-1.,-2.22044604925032E-16));
#6215=DIRECTION('center_axis',(6.90124889161501E-17,-2.22044604925032E-16,
1.));
#6216=DIRECTION('ref_axis',(-1.,-2.53632656661477E-17,6.90124889161501E-17));
#6217=DIRECTION('',(-1.,-3.32653004806815E-15,6.90124889161494E-17));
#6218=DIRECTION('',(2.53632656661477E-17,-1.,-2.22044604925032E-16));
#6219=DIRECTION('center_axis',(1.47827945580951E-16,2.22044604925032E-16,
-1.));
#6220=DIRECTION('ref_axis',(1.,2.53632656661477E-17,1.47827945580951E-16));
#6221=DIRECTION('',(1.,3.32653004806815E-15,1.47827945580952E-16));
#6222=DIRECTION('',(2.53632656661477E-17,-1.,-2.22044604925032E-16));
#6223=DIRECTION('',(2.53632656661477E-17,-1.,-2.22044604925032E-16));
#6224=DIRECTION('center_axis',(5.81508814575153E-16,2.22044604925032E-16,
-1.));
#6225=DIRECTION('ref_axis',(1.,2.53632656661476E-17,5.81508814575153E-16));
#6226=DIRECTION('',(1.,3.32653004806815E-15,5.81508814575154E-16));
#6227=DIRECTION('',(2.53632656661477E-17,-1.,-2.22044604925032E-16));
#6228=DIRECTION('',(2.53632656661477E-17,-1.,-2.22044604925032E-16));
#6229=DIRECTION('center_axis',(-1.47827945580951E-16,-2.22044604925032E-16,
1.));
#6230=DIRECTION('ref_axis',(-1.,-2.53632656661477E-17,-1.47827945580951E-16));
#6231=DIRECTION('',(1.,2.53632656661477E-17,1.47827945580951E-16));
#6232=DIRECTION('',(2.53632656661477E-17,-1.,-2.22044604925032E-16));
#6233=DIRECTION('',(2.53632656661477E-17,-1.,-2.22044604925032E-16));
#6234=DIRECTION('center_axis',(1.47827945580951E-16,2.22044604925032E-16,
-1.));
#6235=DIRECTION('ref_axis',(1.,2.53632656661477E-17,1.47827945580951E-16));
#6236=DIRECTION('',(-1.,-2.53632656661477E-17,-1.47827945580951E-16));
#6237=DIRECTION('',(2.53632656661477E-17,-1.,-2.22044604925032E-16));
#6238=DIRECTION('',(2.53632656661477E-17,-1.,-2.22044604925032E-16));
#6239=DIRECTION('center_axis',(-0.894427190999937,7.66157716655238E-17,
-0.447213595499916));
#6240=DIRECTION('ref_axis',(0.447213595499916,2.09945529491964E-16,-0.894427190999937));
#6241=DIRECTION('',(0.447213595499916,1.5603693527712E-15,-0.894427190999937));
#6242=DIRECTION('',(2.53632656661477E-17,-1.,-2.22044604925032E-16));
#6243=DIRECTION('',(-0.447213595499916,-2.09945529491964E-16,0.894427190999937));
#6244=DIRECTION('',(-8.9904373908022E-17,1.,3.51126821408795E-16));
#6245=DIRECTION('center_axis',(-2.22044604925032E-16,-3.51126821408795E-16,
1.));
#6246=DIRECTION('ref_axis',(3.32653004806815E-15,-1.,-3.51126821408794E-16));
#6247=DIRECTION('',(1.,2.53632656661476E-17,2.22044604925032E-16));
#6248=DIRECTION('',(1.,3.32653004806815E-15,2.22044604925032E-16));
#6249=DIRECTION('center_axis',(-5.81508814575153E-16,-2.22044604925032E-16,
1.));
#6250=DIRECTION('ref_axis',(-1.,-2.53632656661476E-17,-5.81508814575153E-16));
#6251=DIRECTION('',(-1.,-3.32653004806815E-15,-5.81508814575154E-16));
#6252=DIRECTION('',(2.53632656661477E-17,-1.,-2.22044604925032E-16));
#6253=DIRECTION('',(2.53632656661477E-17,-1.,-2.22044604925032E-16));
#6254=DIRECTION('center_axis',(1.47827945580951E-16,2.22044604925032E-16,
-1.));
#6255=DIRECTION('ref_axis',(1.,2.53632656661477E-17,1.47827945580951E-16));
#6256=DIRECTION('',(1.,3.32653004806815E-15,1.47827945580952E-16));
#6257=DIRECTION('',(2.53632656661477E-17,-1.,-2.22044604925032E-16));
#6258=DIRECTION('',(2.53632656661477E-17,-1.,-2.22044604925032E-16));
#6259=DIRECTION('center_axis',(-0.894427190999918,-1.21986960594247E-16,
0.447213595499954));
#6260=DIRECTION('ref_axis',(-0.447213595499954,1.87259935027604E-16,-0.894427190999918));
#6261=DIRECTION('',(-5.9428935488833E-16,-1.,-1.461349846034E-15));
#6262=DIRECTION('',(0.447213595499954,-1.87259935027604E-16,0.894427190999918));
#6263=DIRECTION('',(2.53632656661477E-17,-1.,-2.22044604925032E-16));
#6264=DIRECTION('',(-0.447213595499954,-1.41496957389905E-15,-0.894427190999918));
#6265=DIRECTION('center_axis',(1.47827945580951E-16,2.22044604925032E-16,
-1.));
#6266=DIRECTION('ref_axis',(1.,2.53632656661477E-17,1.47827945580951E-16));
#6267=DIRECTION('',(-1.,-2.53632656661477E-17,-1.47827945580951E-16));
#6268=DIRECTION('',(2.53632656661477E-17,-1.,-2.22044604925032E-16));
#6269=DIRECTION('center_axis',(-0.894427190999918,7.66157716655327E-17,
-0.447213595499954));
#6270=DIRECTION('ref_axis',(0.447213595499954,2.09945529491961E-16,-0.894427190999918));
#6271=DIRECTION('',(0.447213595499954,1.56036935277133E-15,-0.894427190999918));
#6272=DIRECTION('',(-0.447213595499954,-2.09945529491961E-16,0.894427190999918));
#6273=DIRECTION('',(-8.99043739080288E-17,1.,3.51126821408795E-16));
#6274=DIRECTION('center_axis',(-2.22044604925032E-16,-3.51126821408795E-16,
1.));
#6275=DIRECTION('ref_axis',(3.32653004806815E-15,-1.,-3.51126821408794E-16));
#6276=DIRECTION('',(1.,2.53632656661476E-17,2.22044604925032E-16));
#6277=DIRECTION('',(1.,3.32653004806815E-15,2.22044604925032E-16));
#6278=DIRECTION('center_axis',(-2.22044604925032E-16,-3.51126821408795E-16,
1.));
#6279=DIRECTION('ref_axis',(3.32653004806815E-15,-1.,-3.51126821408794E-16));
#6280=DIRECTION('',(-3.91778425757336E-17,-1.,-3.51126821408795E-16));
#6281=DIRECTION('',(1.,3.32653004806815E-15,2.22044604925032E-16));
#6282=DIRECTION('',(1.,2.53632656661476E-17,2.22044604925032E-16));
#6283=DIRECTION('center_axis',(-2.22044604925032E-16,-3.51126821408795E-16,
1.));
#6284=DIRECTION('ref_axis',(3.32653004806815E-15,-1.,-3.51126821408794E-16));
#6285=DIRECTION('',(-3.91778425757337E-17,-1.,-3.51126821408795E-16));
#6286=DIRECTION('',(1.,3.32653004806815E-15,2.22044604925032E-16));
#6287=DIRECTION('',(1.,2.53632656661476E-17,2.22044604925032E-16));
#6288=DIRECTION('center_axis',(2.22044604925027E-16,1.461349846034E-15,
-1.));
#6289=DIRECTION('ref_axis',(-3.32653004806815E-15,1.,1.461349846034E-15));
#6290=DIRECTION('',(-5.94289354888336E-16,-1.,-1.461349846034E-15));
#6291=DIRECTION('',(1.,3.32653004806815E-15,2.22044604925032E-16));
#6292=DIRECTION('',(-6.45015886220637E-16,1.,1.461349846034E-15));
#6293=DIRECTION('',(-1.,-2.53632656661476E-17,-2.22044604925027E-16));
#6294=DIRECTION('center_axis',(2.22044604925027E-16,1.461349846034E-15,
-1.));
#6295=DIRECTION('ref_axis',(-3.32653004806815E-15,1.,1.461349846034E-15));
#6296=DIRECTION('',(-6.45015886220631E-16,1.,1.461349846034E-15));
#6297=DIRECTION('',(-1.,-2.53632656661476E-17,-2.22044604925027E-16));
#6298=DIRECTION('',(1.,3.32653004806815E-15,2.22044604925032E-16));
#6299=DIRECTION('center_axis',(2.22044604925027E-16,1.461349846034E-15,
-1.));
#6300=DIRECTION('ref_axis',(-3.32653004806815E-15,1.,1.461349846034E-15));
#6301=DIRECTION('',(-5.94289354888336E-16,-1.,-1.461349846034E-15));
#6302=DIRECTION('',(1.,3.32653004806815E-15,2.22044604925032E-16));
#6303=DIRECTION('',(-6.4501588622064E-16,1.,1.461349846034E-15));
#6304=DIRECTION('center_axis',(2.22044604925027E-16,1.461349846034E-15,
-1.));
#6305=DIRECTION('ref_axis',(-3.32653004806815E-15,1.,1.461349846034E-15));
#6306=DIRECTION('',(-5.94289354888338E-16,-1.,-1.461349846034E-15));
#6307=DIRECTION('',(1.,3.32653004806815E-15,2.22044604925032E-16));
#6308=DIRECTION('center_axis',(0.894427190999915,-7.66157716655343E-17,
0.44721359549996));
#6309=DIRECTION('ref_axis',(-0.44721359549996,-2.0994552949196E-16,0.894427190999915));
#6310=DIRECTION('',(-0.44721359549996,-1.56036935277134E-15,0.894427190999915));
#6311=DIRECTION('',(2.53632656661477E-17,-1.,-2.22044604925032E-16));
#6312=DIRECTION('',(0.44721359549996,2.0994552949196E-16,-0.894427190999915));
#6313=DIRECTION('center_axis',(-1.47827945580951E-16,-2.22044604925032E-16,
1.));
#6314=DIRECTION('ref_axis',(-1.,-2.53632656661477E-17,-1.47827945580951E-16));
#6315=DIRECTION('',(2.53632656661477E-17,-1.,-2.22044604925032E-16));
#6316=DIRECTION('',(2.53632656661477E-17,-1.,-2.22044604925032E-16));
#6317=DIRECTION('center_axis',(0.894427190999914,-7.66157716655347E-17,
0.447213595499962));
#6318=DIRECTION('ref_axis',(-0.447213595499962,-2.0994552949196E-16,0.894427190999914));
#6319=DIRECTION('',(-0.447213595499962,-1.56036935277135E-15,0.894427190999914));
#6320=DIRECTION('',(2.53632656661477E-17,-1.,-2.22044604925032E-16));
#6321=DIRECTION('center_axis',(-1.47827945580951E-16,-2.22044604925032E-16,
1.));
#6322=DIRECTION('ref_axis',(-1.,-2.53632656661477E-17,-1.47827945580951E-16));
#6323=DIRECTION('',(2.53632656661477E-17,-1.,-2.22044604925032E-16));
#6324=DIRECTION('center_axis',(-1.,-2.53632656661477E-17,-1.47827945580951E-16));
#6325=DIRECTION('ref_axis',(1.47827945580951E-16,2.22044604925032E-16,-1.));
#6326=DIRECTION('',(1.47827945580951E-16,8.12809473679583E-17,-1.));
#6327=DIRECTION('center_axis',(-2.53632656661477E-17,1.,2.22044604925032E-16));
#6328=DIRECTION('ref_axis',(1.,2.53632656661477E-17,1.47827945580951E-16));
#6329=DIRECTION('',(0.447213595499957,2.09945529491961E-16,-0.894427190999916));
#6330=DIRECTION('center_axis',(1.,2.53632656661477E-17,1.47827945580951E-16));
#6331=DIRECTION('ref_axis',(-1.47827945580951E-16,-2.22044604925032E-16,
1.));
#6332=DIRECTION('',(-1.47827945580951E-16,-8.12809473679583E-17,1.));
#6333=DIRECTION('',(2.53632656661477E-17,-1.,-2.22044604925032E-16));
#6334=DIRECTION('',(2.53632656661477E-17,-1.,-2.22044604925032E-16));
#6335=DIRECTION('center_axis',(-0.894427190999917,-1.21986960594248E-16,
0.447213595499956));
#6336=DIRECTION('ref_axis',(-0.447213595499956,1.87259935027603E-16,-0.894427190999917));
#6337=DIRECTION('',(-0.447213595499956,-1.41496957389907E-15,-0.894427190999917));
#6338=DIRECTION('',(0.447213595499956,-1.87259935027603E-16,0.894427190999917));
#6339=DIRECTION('',(2.53632656661477E-17,-1.,-2.22044604925032E-16));
#6340=DIRECTION('center_axis',(6.90124889161494E-17,-2.22044604925032E-16,
1.));
#6341=DIRECTION('ref_axis',(-1.,-2.53632656661477E-17,6.90124889161494E-17));
#6342=DIRECTION('',(-1.,-3.32653004806815E-15,6.90124889161486E-17));
#6343=DIRECTION('',(2.53632656661477E-17,-1.,-2.22044604925032E-16));
#6344=DIRECTION('',(2.53632656661477E-17,-1.,-2.22044604925032E-16));
#6345=DIRECTION('center_axis',(1.,2.53632656661477E-17,1.47827945580951E-16));
#6346=DIRECTION('ref_axis',(-1.47827945580951E-16,-2.22044604925032E-16,
1.));
#6347=DIRECTION('',(-1.47827945580951E-16,-8.12809473679583E-17,1.));
#6348=DIRECTION('center_axis',(-1.,-2.53632656661477E-17,-1.47827945580951E-16));
#6349=DIRECTION('ref_axis',(1.47827945580951E-16,2.22044604925032E-16,-1.));
#6350=DIRECTION('',(1.47827945580951E-16,8.12809473679583E-17,-1.));
#6351=DIRECTION('center_axis',(-2.22044604925032E-16,-3.51126821408795E-16,
1.));
#6352=DIRECTION('ref_axis',(3.32653004806815E-15,-1.,-3.51126821408794E-16));
#6353=DIRECTION('',(1.,2.53632656661476E-17,2.22044604925032E-16));
#6354=DIRECTION('',(1.,3.32653004806815E-15,2.22044604925032E-16));
#6355=DIRECTION('center_axis',(-2.53632656661477E-17,1.,2.22044604925032E-16));
#6356=DIRECTION('ref_axis',(1.,2.53632656661477E-17,1.47827945580951E-16));
#6357=DIRECTION('',(0.447213595499956,2.0994552949196E-16,-0.894427190999917));
#6358=DIRECTION('',(1.,2.53632656661476E-17,4.19941432008686E-16));
#6359=DIRECTION('',(0.447213595499914,-1.87259935027609E-16,0.894427190999938));
#6360=DIRECTION('center_axis',(-2.53632656661477E-17,1.,2.22044604925032E-16));
#6361=DIRECTION('ref_axis',(1.,2.53632656661477E-17,1.47827945580951E-16));
#6362=DIRECTION('center_axis',(-1.47827945580951E-16,-2.22044604925032E-16,
1.));
#6363=DIRECTION('ref_axis',(-1.,-2.53632656661477E-17,-1.47827945580951E-16));
#6364=DIRECTION('',(2.53632656661477E-17,-1.,-2.22044604925032E-16));
#6365=DIRECTION('',(2.53632656661477E-17,-1.,-2.22044604925032E-16));
#6366=DIRECTION('center_axis',(1.,2.53632656661477E-17,1.47827945580951E-16));
#6367=DIRECTION('ref_axis',(-1.47827945580951E-16,-2.22044604925032E-16,
1.));
#6368=DIRECTION('',(-1.47827945580951E-16,-8.12809473679583E-17,1.));
#6369=DIRECTION('center_axis',(6.90124889161498E-17,-2.22044604925032E-16,
1.));
#6370=DIRECTION('ref_axis',(-1.,-2.53632656661477E-17,6.90124889161498E-17));
#6371=DIRECTION('',(-1.,-3.32653004806815E-15,6.9012488916149E-17));
#6372=DIRECTION('',(2.53632656661477E-17,-1.,-2.22044604925032E-16));
#6373=DIRECTION('',(2.53632656661477E-17,-1.,-2.22044604925032E-16));
#6374=DIRECTION('center_axis',(-2.53632656661477E-17,1.,2.22044604925032E-16));
#6375=DIRECTION('ref_axis',(1.,2.53632656661477E-17,1.47827945580951E-16));
#6376=DIRECTION('center_axis',(0.894427190999918,1.21986960594247E-16,-0.447213595499954));
#6377=DIRECTION('ref_axis',(0.447213595499954,-1.87259935027603E-16,0.894427190999918));
#6378=DIRECTION('',(0.447213595499954,1.41496957389906E-15,0.894427190999918));
#6379=DIRECTION('',(-0.447213595499954,1.87259935027603E-16,-0.894427190999918));
#6380=DIRECTION('center_axis',(6.90124889161498E-17,-2.22044604925032E-16,
1.));
#6381=DIRECTION('ref_axis',(-1.,-2.53632656661477E-17,6.90124889161498E-17));
#6382=DIRECTION('',(-1.,-3.32653004806815E-15,6.9012488916149E-17));
#6383=DIRECTION('',(2.53632656661477E-17,-1.,-2.22044604925032E-16));
#6384=DIRECTION('center_axis',(1.47827945580951E-16,2.22044604925032E-16,
-1.));
#6385=DIRECTION('ref_axis',(1.,2.53632656661477E-17,1.47827945580951E-16));
#6386=DIRECTION('',(-1.,-2.53632656661477E-17,-1.47827945580951E-16));
#6387=DIRECTION('',(2.53632656661477E-17,-1.,-2.22044604925032E-16));
#6388=DIRECTION('center_axis',(0.894427190999917,-7.66157716655332E-17,
0.447213595499956));
#6389=DIRECTION('ref_axis',(-0.447213595499956,-2.0994552949196E-16,0.894427190999917));
#6390=DIRECTION('',(-0.447213595499956,-1.56036935277133E-15,0.894427190999917));
#6391=DIRECTION('',(2.53632656661477E-17,-1.,-2.22044604925032E-16));
#6392=DIRECTION('center_axis',(-4.19941432008686E-16,-2.22044604925032E-16,
1.));
#6393=DIRECTION('ref_axis',(-1.,-2.53632656661476E-17,-4.19941432008686E-16));
#6394=DIRECTION('',(2.53632656661477E-17,-1.,-2.22044604925032E-16));
#6395=DIRECTION('',(2.53632656661477E-17,-1.,-2.22044604925032E-16));
#6396=DIRECTION('center_axis',(-0.894427190999916,-1.21986960594248E-16,
0.447213595499958));
#6397=DIRECTION('ref_axis',(-0.447213595499958,1.87259935027603E-16,-0.894427190999916));
#6398=DIRECTION('',(-0.447213595499958,-1.41496957389907E-15,-0.894427190999916));
#6399=DIRECTION('center_axis',(-0.894427190999938,-1.21986960594239E-16,
0.447213595499914));
#6400=DIRECTION('ref_axis',(-0.447213595499914,1.87259935027609E-16,-0.894427190999938));
#6401=DIRECTION('',(-0.447213595499914,-1.41496957389892E-15,-0.894427190999938));
#6402=DIRECTION('center_axis',(-2.22044604925032E-16,-3.51126821408795E-16,
1.));
#6403=DIRECTION('ref_axis',(3.32653004806815E-15,-1.,-3.51126821408794E-16));
#6404=DIRECTION('',(-8.99043739080288E-17,1.,3.51126821408795E-16));
#6405=DIRECTION('',(1.,2.53632656661476E-17,2.22044604925032E-16));
#6406=DIRECTION('',(1.,3.32653004806815E-15,2.22044604925032E-16));
#6407=DIRECTION('center_axis',(-3.32653004806815E-15,1.,8.12809473679578E-17));
#6408=DIRECTION('ref_axis',(-2.22044604925032E-16,-8.12809473679586E-17,
1.));
#6409=DIRECTION('',(-0.447213595499957,-1.56036935277134E-15,0.894427190999916));
#6410=DIRECTION('',(-0.447213595499964,-1.56036935277136E-15,0.894427190999913));
#6411=DIRECTION('',(-0.447213595499954,-1.41496957389906E-15,-0.894427190999918));
#6412=DIRECTION('',(1.,3.32653004806815E-15,2.22044604925032E-16));
#6413=DIRECTION('',(0.447213595499954,1.56036935277133E-15,-0.894427190999918));
#6414=DIRECTION('',(0.447213595499955,1.41496957389906E-15,0.894427190999917));
#6415=DIRECTION('',(-0.447213595499956,-1.56036935277133E-15,0.894427190999917));
#6416=DIRECTION('',(-0.447213595499958,-1.41496957389907E-15,-0.894427190999916));
#6417=DIRECTION('',(-0.447213595499956,-1.41496957389907E-15,-0.894427190999917));
#6418=DIRECTION('',(1.47827945580951E-16,8.12809473679583E-17,-1.));
#6419=DIRECTION('',(-1.47827945580951E-16,-8.12809473679583E-17,1.));
#6420=DIRECTION('',(1.47827945580951E-16,8.12809473679583E-17,-1.));
#6421=DIRECTION('',(-1.47827945580951E-16,-8.12809473679583E-17,1.));
#6422=DIRECTION('',(-1.47827945580951E-16,-8.12809473679583E-17,1.));
#6423=DIRECTION('',(-1.47827945580951E-16,-8.12809473679583E-17,1.));
#6424=DIRECTION('',(1.,3.32653004806815E-15,1.47827945580952E-16));
#6425=DIRECTION('',(-1.,-3.32653004806815E-15,6.90124889161498E-17));
#6426=DIRECTION('',(-1.47827945580951E-16,-8.12809473679583E-17,1.));
#6427=DIRECTION('',(1.,3.32653004806815E-15,1.47827945580952E-16));
#6428=DIRECTION('center_axis',(-2.22044604925032E-16,-3.51126821408795E-16,
1.));
#6429=DIRECTION('ref_axis',(3.32653004806815E-15,-1.,-3.51126821408794E-16));
#6430=DIRECTION('',(1.,2.53632656661476E-17,2.22044604925032E-16));
#6431=DIRECTION('center_axis',(-1.47827945580951E-16,-2.22044604925032E-16,
1.));
#6432=DIRECTION('ref_axis',(-1.,-2.53632656661477E-17,-1.47827945580951E-16));
#6433=DIRECTION('',(1.,2.53632656661477E-17,1.47827945580951E-16));
#6434=DIRECTION('',(2.53632656661477E-17,-1.,-2.22044604925032E-16));
#6435=DIRECTION('',(2.53632656661477E-17,-1.,-2.22044604925032E-16));
#6436=DIRECTION('center_axis',(0.894427190999916,-7.66157716655336E-17,
0.447213595499957));
#6437=DIRECTION('ref_axis',(-0.447213595499957,-2.09945529491961E-16,0.894427190999916));
#6438=DIRECTION('center_axis',(1.,2.53632656661477E-17,1.47827945580951E-16));
#6439=DIRECTION('ref_axis',(-1.47827945580951E-16,-2.22044604925032E-16,
1.));
#6440=DIRECTION('center_axis',(-2.53632656661477E-17,1.,2.22044604925032E-16));
#6441=DIRECTION('ref_axis',(1.,2.53632656661477E-17,1.47827945580951E-16));
#6442=DIRECTION('center_axis',(-2.53632656661477E-17,1.,2.22044604925032E-16));
#6443=DIRECTION('ref_axis',(1.,2.53632656661477E-17,1.47827945580951E-16));
#6444=DIRECTION('center_axis',(-0.894427190999918,-1.21986960594247E-16,
0.447213595499954));
#6445=DIRECTION('ref_axis',(-0.447213595499954,1.87259935027604E-16,-0.894427190999918));
#6446=DIRECTION('',(0.447213595499954,-1.87259935027604E-16,0.894427190999918));
#6447=DIRECTION('center_axis',(-0.894427190999917,-1.21986960594248E-16,
0.447213595499956));
#6448=DIRECTION('ref_axis',(-0.447213595499956,1.87259935027603E-16,-0.894427190999917));
#6449=DIRECTION('center_axis',(-1.,-2.53632656661477E-17,-1.47827945580951E-16));
#6450=DIRECTION('ref_axis',(1.47827945580951E-16,2.22044604925032E-16,-1.));
#6451=DIRECTION('center_axis',(1.47827945580951E-16,2.22044604925032E-16,
-1.));
#6452=DIRECTION('ref_axis',(1.,2.53632656661477E-17,1.47827945580951E-16));
#6453=DIRECTION('',(2.53632656661477E-17,-1.,-2.22044604925032E-16));
#6454=DIRECTION('center_axis',(-2.53632656661477E-17,1.,2.22044604925032E-16));
#6455=DIRECTION('ref_axis',(1.,2.53632656661477E-17,1.47827945580951E-16));
#6456=DIRECTION('center_axis',(-1.,-2.53632656661477E-17,-1.47827945580951E-16));
#6457=DIRECTION('ref_axis',(1.47827945580951E-16,2.22044604925032E-16,-1.));
#6458=DIRECTION('center_axis',(0.894427190999917,-7.66157716655333E-17,
0.447213595499956));
#6459=DIRECTION('ref_axis',(-0.447213595499956,-2.0994552949196E-16,0.894427190999917));
#6460=DIRECTION('center_axis',(0.894427190999917,1.21986960594247E-16,-0.447213595499955));
#6461=DIRECTION('ref_axis',(0.447213595499955,-1.87259935027604E-16,0.894427190999917));
#6462=DIRECTION('',(-0.447213595499955,1.87259935027604E-16,-0.894427190999917));
#6463=DIRECTION('center_axis',(-2.53632656661477E-17,1.,2.22044604925032E-16));
#6464=DIRECTION('ref_axis',(1.,2.53632656661477E-17,1.47827945580951E-16));
#6465=DIRECTION('center_axis',(-2.53632656661477E-17,1.,2.22044604925032E-16));
#6466=DIRECTION('ref_axis',(1.,2.53632656661477E-17,1.47827945580951E-16));
#6467=DIRECTION('',(0.447213595499963,2.0994552949196E-16,-0.894427190999913));
#6468=DIRECTION('center_axis',(1.,2.53632656661477E-17,1.47827945580951E-16));
#6469=DIRECTION('ref_axis',(-1.47827945580951E-16,-2.22044604925032E-16,
1.));
#6470=DIRECTION('',(2.53632656661477E-17,-1.,-2.22044604925032E-16));
#6471=DIRECTION('center_axis',(1.,2.53632656661477E-17,1.47827945580951E-16));
#6472=DIRECTION('ref_axis',(-1.47827945580951E-16,-2.22044604925032E-16,
1.));
#6473=DIRECTION('center_axis',(1.,2.53632656661477E-17,1.47827945580951E-16));
#6474=DIRECTION('ref_axis',(-1.47827945580951E-16,-2.22044604925032E-16,
1.));
#6475=DIRECTION('center_axis',(6.90124889161505E-17,-2.22044604925032E-16,
1.));
#6476=DIRECTION('ref_axis',(-1.,-2.53632656661477E-17,6.90124889161505E-17));
#6477=DIRECTION('center_axis',(1.,2.53632656661477E-17,1.47827945580951E-16));
#6478=DIRECTION('ref_axis',(-1.47827945580951E-16,-2.22044604925032E-16,
1.));
#6479=DIRECTION('',(2.53632656661477E-17,-1.,-2.22044604925032E-16));
#6480=DIRECTION('center_axis',(1.47827945580951E-16,2.22044604925032E-16,
-1.));
#6481=DIRECTION('ref_axis',(1.,2.53632656661477E-17,1.47827945580951E-16));
#6482=DIRECTION('center_axis',(-0.894427190999916,-1.21986960594248E-16,
0.447213595499958));
#6483=DIRECTION('ref_axis',(-0.447213595499958,1.87259935027603E-16,-0.894427190999916));
#6484=DIRECTION('center_axis',(-2.53632656661477E-17,1.,2.22044604925032E-16));
#6485=DIRECTION('ref_axis',(1.,2.53632656661477E-17,1.47827945580951E-16));
#6486=DIRECTION('',(-0.447213595499954,-2.09945529491961E-16,0.894427190999918));
#6487=DIRECTION('center_axis',(-2.53632656661477E-17,1.,2.22044604925032E-16));
#6488=DIRECTION('ref_axis',(1.,2.53632656661477E-17,1.47827945580951E-16));
#6489=DIRECTION('center_axis',(0.894427190999913,-7.66157716655351E-17,
0.447213595499964));
#6490=DIRECTION('ref_axis',(-0.447213595499964,-2.0994552949196E-16,0.894427190999913));
#6491=DIRECTION('center_axis',(-0.894427190999918,7.66157716655327E-17,
-0.447213595499954));
#6492=DIRECTION('ref_axis',(0.447213595499954,2.09945529491961E-16,-0.894427190999918));
#6493=DIRECTION('axis',(0.,0.,1.));
#6494=DIRECTION('refdir',(1.,0.,0.));
#6495=DIRECTION('center_axis',(-0.707106781186549,-0.707106781186546,-4.72623357434322E-16));
#6496=DIRECTION('ref_axis',(-0.707106781186546,0.707106781186549,1.5047841058915E-16));
#6497=DIRECTION('',(0.577350269189625,-0.577350269189627,0.577350269189625));
#6498=DIRECTION('',(-4.55581752878409E-16,-2.12808609099515E-16,1.));
#6499=DIRECTION('',(0.577350269189625,-0.577350269189627,-0.577350269189625));
#6500=DIRECTION('',(5.11092904109667E-16,2.12808609099498E-16,-1.));
#6501=DIRECTION('center_axis',(5.43831716476048E-15,0.707106781186548,-0.707106781186547));
#6502=DIRECTION('ref_axis',(-1.,2.53314987640014E-16,-7.43762690325066E-15));
#6503=DIRECTION('',(0.577350269189625,0.577350269189623,0.577350269189629));
#6504=DIRECTION('',(-1.,7.17984898678098E-15,-3.44559450415887E-16));
#6505=DIRECTION('',(1.,-7.23536013801225E-15,4.55581752878407E-16));
#6506=DIRECTION('center_axis',(0.707106781186547,-0.707106781186548,1.46572903876491E-17));
#6507=DIRECTION('ref_axis',(-8.3266726846899E-17,-1.03995265700753E-16,
-1.));
#6508=DIRECTION('',(0.577350269189625,0.577350269189624,-0.577350269189629));
#6509=DIRECTION('',(-5.11092904109667E-16,-2.12808609099498E-16,1.));
#6510=DIRECTION('',(4.5558175287841E-16,4.34853214024556E-16,-1.));
#6511=DIRECTION('center_axis',(-4.71552264813594E-15,-0.707106781186548,
-0.707106781186547));
#6512=DIRECTION('ref_axis',(1.59494589802895E-16,0.707106781186547,-0.707106781186548));
#6513=DIRECTION('',(1.,-7.17984898678098E-15,3.44559450415887E-16));
#6514=DIRECTION('',(-1.,7.12433783554974E-15,-4.55581752878407E-16));
#6515=DIRECTION('center_axis',(9.51667306860371E-16,-1.,-3.23830911561968E-16));
#6516=DIRECTION('ref_axis',(5.55111512312583E-17,3.23830911561968E-16,-1.));
#6517=DIRECTION('center_axis',(-1.,-1.1217155676535E-15,-4.55581752878409E-16));
#6518=DIRECTION('ref_axis',(-1.1217155676535E-15,1.,0.));
#6519=DIRECTION('',(1.1217155676535E-15,-1.,-2.22044604925031E-16));
#6520=DIRECTION('',(1.1217155676535E-15,-1.,-2.22044604925031E-16));
#6521=DIRECTION('',(4.55581752878408E-16,4.9960036108131E-16,-1.));
#6522=DIRECTION('center_axis',(4.55581752878409E-16,2.22044604925032E-16,
-1.));
#6523=DIRECTION('ref_axis',(0.,-1.,-2.22044604925032E-16));
#6524=DIRECTION('',(-1.19687689676861E-15,1.,2.22044604925031E-16));
#6525=DIRECTION('',(1.,1.28252783262116E-15,4.55581752878409E-16));
#6526=DIRECTION('center_axis',(-0.707106781186553,0.707106781186542,3.11258563586599E-17));
#6527=DIRECTION('ref_axis',(-4.49693073700949E-17,-8.89879155729896E-17,
1.));
#6528=DIRECTION('',(0.57735026918962,0.577350269189629,-0.577350269189629));
#6529=DIRECTION('',(0.57735026918962,0.577350269189628,0.577350269189629));
#6530=DIRECTION('',(-3.50280639142007E-16,-2.27765793651139E-16,1.));
#6531=DIRECTION('center_axis',(-5.84739180661735E-16,0.707106781186548,
-0.707106781186547));
#6532=DIRECTION('ref_axis',(-1.,-2.77555756156545E-17,7.99190504127103E-16));
#6533=DIRECTION('',(0.577350269189627,-0.577350269189624,-0.577350269189626));
#6534=DIRECTION('',(-1.,-1.17722671888477E-15,-2.94769487910777E-16));
#6535=DIRECTION('center_axis',(0.707106781186546,0.707106781186549,4.47992863935857E-16));
#6536=DIRECTION('ref_axis',(6.00080819682693E-16,3.34767643417615E-17,-1.));
#6537=DIRECTION('',(0.577350269189627,-0.577350269189625,0.577350269189626));
#6538=DIRECTION('',(3.50280639142007E-16,2.27765793651139E-16,-1.));
#6539=DIRECTION('',(-4.5558175287841E-16,-1.77975831146043E-16,1.));
#6540=DIRECTION('center_axis',(1.,5.45275274609516E-31,4.5558175287841E-16));
#6541=DIRECTION('ref_axis',(-7.8823038618271E-46,1.,-1.19687689676861E-15));
#6542=DIRECTION('',(-1.19687689676861E-15,1.,2.22044604925031E-16));
#6543=DIRECTION('center_axis',(4.55581752878409E-16,2.22044604925032E-16,
-1.));
#6544=DIRECTION('ref_axis',(0.,-1.,-2.22044604925032E-16));
#6545=DIRECTION('',(-1.,-1.07192560514835E-15,-4.55581752878409E-16));
#6546=DIRECTION('center_axis',(1.08011081117307E-15,-0.707106781186548,
-0.707106781186547));
#6547=DIRECTION('ref_axis',(-1.13711443056604E-16,0.707106781186547,-0.707106781186548));
#6548=DIRECTION('',(1.,1.17722671888477E-15,2.94769487910777E-16));
#6549=DIRECTION('center_axis',(-5.55111512312628E-17,1.,3.38788096113676E-16));
#6550=DIRECTION('ref_axis',(1.,5.55111512312625E-17,9.60903302685868E-16));
#6551=DIRECTION('',(0.,0.,1.));
#6552=DIRECTION('',(1.,0.,0.));
#6553=DIRECTION('',(0.,0.,1.));
#6554=DIRECTION('',(1.,0.,0.));
#6555=DIRECTION('',(0.,0.,1.));
#6556=DIRECTION('',(1.,0.,0.));
#6557=DIRECTION('',(0.,0.,1.));
#6558=DIRECTION('',(1.,0.,0.));
#6559=DIRECTION('',(0.,0.,1.));
#6560=DIRECTION('',(1.,0.,0.));
#6561=DIRECTION('',(0.,0.,1.));
#6562=DIRECTION('',(1.,0.,0.));
#6563=DIRECTION('',(0.,0.,1.));
#6564=DIRECTION('',(1.,0.,0.));
#6565=DIRECTION('',(0.,0.,1.));
#6566=DIRECTION('',(1.,0.,0.));
#6567=DIRECTION('axis',(0.,0.,1.));
#6568=DIRECTION('refdir',(1.,0.,0.));
#6569=DIRECTION('axis',(0.,0.,1.));
#6570=DIRECTION('refdir',(1.,0.,0.));
#6571=DIRECTION('center_axis',(0.,6.12323399573677E-17,1.));
#6572=DIRECTION('ref_axis',(0.,-1.,6.12323399573677E-17));
#6573=DIRECTION('center_axis',(0.,-6.12323399573677E-17,-1.));
#6574=DIRECTION('ref_axis',(0.,1.,-6.12323399573677E-17));
#6575=DIRECTION('',(0.425724674592714,-0.704235453304671,-0.568164525249238));
#6576=DIRECTION('',(0.337735214184242,0.750415882926416,-0.568164525249238));
#6577=DIRECTION('',(-0.0496867351189635,0.821413598987457,-0.568164525249238));
#6578=DIRECTION('',(0.0496867351189635,-0.821413598987457,-0.568164525249238));
#6579=DIRECTION('',(-0.337735214184242,-0.750415882926416,-0.568164525249238));
#6580=DIRECTION('',(-0.64778493172579,-0.507507393519859,-0.568164525249239));
#6581=DIRECTION('',(-0.809435609109367,-0.148334308081632,-0.568164525249238));
#6582=DIRECTION('',(0.785654132746383,-0.244819639626475,-0.568164525249238));
#6583=DIRECTION('',(0.809435609109367,0.148334308081632,-0.568164525249238));
#6584=DIRECTION('',(-0.785654132746383,0.244819639626475,-0.568164525249238));
#6585=DIRECTION('',(-0.581888766109254,0.58188876610926,-0.568164525249238));
#6586=DIRECTION('',(0.244819639626459,-0.785654132746387,-0.568164525249239));
#6587=DIRECTION('',(0.581888766109254,-0.58188876610926,-0.568164525249238));
#6588=DIRECTION('',(-0.244819639626459,0.785654132746387,-0.568164525249239));
#6589=DIRECTION('',(0.148334308081639,0.809435609109365,-0.568164525249239));
#6590=DIRECTION('',(-0.507507393519857,-0.647784931725792,-0.568164525249238));
#6591=DIRECTION('',(-0.148334308081639,-0.809435609109365,-0.568164525249239));
#6592=DIRECTION('',(0.507507393519857,0.647784931725792,-0.568164525249238));
#6593=DIRECTION('',(0.750415882926411,0.337735214184252,-0.568164525249238));
#6594=DIRECTION('',(-0.821413598987456,0.0496867351189606,-0.568164525249238));
#6595=DIRECTION('',(-0.750415882926411,-0.337735214184252,-0.568164525249238));
#6596=DIRECTION('',(0.821413598987456,-0.0496867351189606,-0.568164525249238));
#6597=DIRECTION('',(0.704235453304657,-0.425724674592737,-0.568164525249239));
#6598=DIRECTION('',(-0.425724674592721,0.704235453304667,-0.568164525249238));
#6599=DIRECTION('',(-0.704235453304657,0.425724674592737,-0.568164525249239));
#6600=DIRECTION('',(0.425724674592721,-0.704235453304667,-0.568164525249238));
#6601=DIRECTION('',(0.0496867351189808,-0.821413598987455,-0.568164525249239));
#6602=DIRECTION('',(0.337735214184263,0.750415882926406,-0.568164525249238));
#6603=DIRECTION('',(-0.0496867351189808,0.821413598987455,-0.568164525249239));
#6604=DIRECTION('',(-0.337735214184263,-0.750415882926406,-0.568164525249238));
#6605=DIRECTION('',(-0.647784931725785,-0.507507393519865,-0.568164525249238));
#6606=DIRECTION('',(0.809435609109368,0.148334308081622,-0.568164525249238));
#6607=DIRECTION('',(0.647784931725785,0.507507393519865,-0.568164525249238));
#6608=DIRECTION('',(-0.809435609109368,-0.148334308081622,-0.568164525249238));
#6609=DIRECTION('',(-0.785654132746388,0.244819639626457,-0.568164525249238));
#6610=DIRECTION('',(0.785654132746388,-0.244819639626457,-0.568164525249238));
#6611=DIRECTION('center_axis',(0.,-6.12323399573677E-17,-1.));
#6612=DIRECTION('ref_axis',(0.,1.,-6.12323399573677E-17));
#6613=DIRECTION('center_axis',(0.,-6.12323399573677E-17,-1.));
#6614=DIRECTION('ref_axis',(0.,1.,-6.12323399573677E-17));
#6615=DIRECTION('center_axis',(0.,-6.12323399573677E-17,-1.));
#6616=DIRECTION('ref_axis',(0.,1.,-6.12323399573677E-17));
#6617=DIRECTION('',(8.44583999411966E-17,0.689655172413792,0.724137931034484));
#6618=DIRECTION('center_axis',(0.,-6.12323399573677E-17,-1.));
#6619=DIRECTION('ref_axis',(0.,1.,-6.12323399573677E-17));
#6620=DIRECTION('center_axis',(0.,6.12323399573677E-17,1.));
#6621=DIRECTION('ref_axis',(0.,-1.,6.12323399573677E-17));
#6622=DIRECTION('center_axis',(0.,-6.12323399573677E-17,-1.));
#6623=DIRECTION('ref_axis',(0.,1.,-6.12323399573677E-17));
#6624=DIRECTION('',(8.86813199382566E-17,-0.724137931034483,-0.689655172413793));
#6625=DIRECTION('center_axis',(0.,-6.12323399573677E-17,-1.));
#6626=DIRECTION('ref_axis',(0.,1.,-6.12323399573677E-17));
#6627=DIRECTION('center_axis',(0.,-6.12323399573677E-17,-1.));
#6628=DIRECTION('ref_axis',(0.,1.,-6.12323399573677E-17));
#6629=DIRECTION('center_axis',(0.,-6.12323399573677E-17,-1.));
#6630=DIRECTION('ref_axis',(0.,1.,-6.12323399573677E-17));
#6631=DIRECTION('center_axis',(0.,-6.12323399573677E-17,-1.));
#6632=DIRECTION('ref_axis',(0.,1.,-6.12323399573677E-17));
#6633=DIRECTION('center_axis',(0.,-6.12323399573677E-17,-1.));
#6634=DIRECTION('ref_axis',(0.,1.,-6.12323399573677E-17));
#6635=DIRECTION('',(0.,6.12323399573677E-17,1.));
#6636=DIRECTION('center_axis',(0.,-6.12323399573677E-17,-1.));
#6637=DIRECTION('ref_axis',(0.,1.,-6.12323399573677E-17));
#6638=DIRECTION('center_axis',(0.,6.12323399573677E-17,1.));
#6639=DIRECTION('ref_axis',(0.,-1.,6.12323399573677E-17));
#6640=DIRECTION('center_axis',(0.,-6.12323399573677E-17,-1.));
#6641=DIRECTION('ref_axis',(0.,1.,-6.12323399573677E-17));
#6642=DIRECTION('center_axis',(0.,-6.12323399573677E-17,-1.));
#6643=DIRECTION('ref_axis',(0.,1.,-6.12323399573677E-17));
#6644=DIRECTION('center_axis',(0.,-6.12323399573677E-17,-1.));
#6645=DIRECTION('ref_axis',(0.,1.,-6.12323399573677E-17));
#6646=DIRECTION('',(0.,-6.12323399573677E-17,-1.));
#6647=DIRECTION('center_axis',(0.,6.12323399573677E-17,1.));
#6648=DIRECTION('ref_axis',(0.,-1.,6.12323399573677E-17));
#6649=DIRECTION('center_axis',(0.,-6.12323399573677E-17,-1.));
#6650=DIRECTION('ref_axis',(0.,1.,-6.12323399573677E-17));
#6651=DIRECTION('center_axis',(0.,-6.12323399573677E-17,-1.));
#6652=DIRECTION('ref_axis',(0.,1.,-6.12323399573677E-17));
#6653=DIRECTION('',(0.,6.12323399573677E-17,1.));
#6654=DIRECTION('center_axis',(0.,-6.12323399573677E-17,-1.));
#6655=DIRECTION('ref_axis',(0.,1.,-6.12323399573677E-17));
#6656=DIRECTION('center_axis',(0.,6.12323399573677E-17,1.));
#6657=DIRECTION('ref_axis',(0.,-1.,6.12323399573677E-17));
#6658=DIRECTION('center_axis',(0.,-6.12323399573677E-17,-1.));
#6659=DIRECTION('ref_axis',(0.,1.,-6.12323399573677E-17));
#6660=DIRECTION('center_axis',(0.,-6.12323399573677E-17,-1.));
#6661=DIRECTION('ref_axis',(0.,1.,-6.12323399573677E-17));
#6662=DIRECTION('',(0.,-6.12323399573677E-17,-1.));
#6663=DIRECTION('center_axis',(0.,-6.12323399573677E-17,-1.));
#6664=DIRECTION('ref_axis',(0.,1.,-6.12323399573677E-17));
#6665=DIRECTION('center_axis',(0.,6.12323399573677E-17,1.));
#6666=DIRECTION('ref_axis',(0.,-1.,6.12323399573677E-17));
#6667=DIRECTION('center_axis',(0.,-6.12323399573677E-17,-1.));
#6668=DIRECTION('ref_axis',(0.,1.,-6.12323399573677E-17));
#6669=DIRECTION('center_axis',(0.,-6.12323399573677E-17,-1.));
#6670=DIRECTION('ref_axis',(0.,1.,-6.12323399573677E-17));
#6671=DIRECTION('',(0.,-6.12323399573677E-17,-1.));
#6672=DIRECTION('center_axis',(0.,-6.12323399573677E-17,-1.));
#6673=DIRECTION('ref_axis',(0.,1.,-6.12323399573677E-17));
#6674=DIRECTION('center_axis',(0.,6.12323399573677E-17,1.));
#6675=DIRECTION('ref_axis',(0.,-1.,6.12323399573677E-17));
#6676=DIRECTION('center_axis',(0.,-6.12323399573677E-17,-1.));
#6677=DIRECTION('ref_axis',(0.,1.,-6.12323399573677E-17));
#6678=DIRECTION('center_axis',(0.,-6.12323399573677E-17,-1.));
#6679=DIRECTION('ref_axis',(0.,1.,-6.12323399573677E-17));
#6680=DIRECTION('',(0.,6.12323399573677E-17,1.));
#6681=DIRECTION('center_axis',(0.,6.12323399573677E-17,1.));
#6682=DIRECTION('ref_axis',(0.,-1.,6.12323399573677E-17));
#6683=DIRECTION('center_axis',(-7.12670382924161E-7,8.31780893729163E-7,
0.9999999999994));
#6684=DIRECTION('ref_axis',(-0.559305451529637,-0.828961646814341,2.90914029141408E-7));
#6685=DIRECTION('',(0.64778493172579,0.507507393519859,-0.568164525249239));
#6686=DIRECTION('center_axis',(0.,-6.12323399573677E-17,-1.));
#6687=DIRECTION('ref_axis',(0.,1.,-6.12323399573677E-17));
#6688=DIRECTION('axis',(0.,0.,1.));
#6689=DIRECTION('refdir',(1.,0.,0.));
#6690=DIRECTION('center_axis',(0.,0.,-1.));
#6691=DIRECTION('ref_axis',(-1.,0.,0.));
#6692=DIRECTION('center_axis',(0.,0.,1.));
#6693=DIRECTION('ref_axis',(1.,0.,0.));
#6694=DIRECTION('',(0.,0.,-1.));
#6695=DIRECTION('center_axis',(0.,0.,1.));
#6696=DIRECTION('ref_axis',(1.,0.,0.));
#6697=DIRECTION('center_axis',(0.,0.,1.));
#6698=DIRECTION('ref_axis',(1.,0.,0.));
#6699=DIRECTION('center_axis',(0.,0.,1.));
#6700=DIRECTION('ref_axis',(1.,0.,0.));
#6701=DIRECTION('',(-1.,0.,0.));
#6702=DIRECTION('',(0.,-1.,0.));
#6703=DIRECTION('',(1.,0.,0.));
#6704=DIRECTION('',(0.,1.,0.));
#6705=DIRECTION('',(-1.,0.,0.));
#6706=DIRECTION('',(0.,1.,0.));
#6707=DIRECTION('',(1.,0.,0.));
#6708=DIRECTION('',(0.,-1.,0.));
#6709=DIRECTION('',(1.,0.,0.));
#6710=DIRECTION('',(0.,1.,0.));
#6711=DIRECTION('',(1.,0.,0.));
#6712=DIRECTION('',(0.,-1.,0.));
#6713=DIRECTION('center_axis',(1.,0.,0.));
#6714=DIRECTION('ref_axis',(0.,0.,-1.));
#6715=DIRECTION('',(0.,0.,-1.));
#6716=DIRECTION('',(0.,-1.,0.));
#6717=DIRECTION('',(0.,0.,-1.));
#6718=DIRECTION('center_axis',(0.,-1.,0.));
#6719=DIRECTION('ref_axis',(0.,0.,-1.));
#6720=DIRECTION('',(0.,0.,1.));
#6721=DIRECTION('',(-1.,0.,0.));
#6722=DIRECTION('',(0.,0.,1.));
#6723=DIRECTION('',(-1.,0.,0.));
#6724=DIRECTION('',(0.,0.,-1.));
#6725=DIRECTION('center_axis',(-1.,0.,0.));
#6726=DIRECTION('ref_axis',(0.,0.,1.));
#6727=DIRECTION('',(0.,1.,0.));
#6728=DIRECTION('',(0.,0.,-1.));
#6729=DIRECTION('center_axis',(0.,1.,0.));
#6730=DIRECTION('ref_axis',(0.,0.,1.));
#6731=DIRECTION('',(0.,0.,1.));
#6732=DIRECTION('',(-1.,0.,0.));
#6733=DIRECTION('',(0.,0.,1.));
#6734=DIRECTION('',(1.,0.,0.));
#6735=DIRECTION('center_axis',(0.,-1.,0.));
#6736=DIRECTION('ref_axis',(0.,0.,-1.));
#6737=DIRECTION('',(0.,0.,1.));
#6738=DIRECTION('',(1.,0.,0.));
#6739=DIRECTION('',(0.,0.,1.));
#6740=DIRECTION('center_axis',(-1.,0.,0.));
#6741=DIRECTION('ref_axis',(0.,0.,-1.));
#6742=DIRECTION('',(0.,-1.,0.));
#6743=DIRECTION('center_axis',(1.,0.,0.));
#6744=DIRECTION('ref_axis',(0.,0.,1.));
#6745=DIRECTION('',(0.,1.,0.));
#6746=DIRECTION('center_axis',(0.,0.,-1.));
#6747=DIRECTION('ref_axis',(1.,0.,0.));
#6748=DIRECTION('center_axis',(1.,0.,0.));
#6749=DIRECTION('ref_axis',(0.,0.,1.));
#6750=DIRECTION('',(0.,-1.,0.));
#6751=DIRECTION('',(0.,0.,1.));
#6752=DIRECTION('center_axis',(0.,1.,0.));
#6753=DIRECTION('ref_axis',(0.,0.,-1.));
#6754=DIRECTION('',(1.,0.,0.));
#6755=DIRECTION('',(0.,0.,1.));
#6756=DIRECTION('center_axis',(-1.,0.,0.));
#6757=DIRECTION('ref_axis',(0.,0.,-1.));
#6758=DIRECTION('',(0.,1.,0.));
#6759=DIRECTION('center_axis',(0.,0.,-1.));
#6760=DIRECTION('ref_axis',(1.,0.,0.));
#6761=DIRECTION('center_axis',(0.,0.,1.));
#6762=DIRECTION('ref_axis',(1.,0.,0.));
#6763=DIRECTION('center_axis',(0.,0.,1.));
#6764=DIRECTION('ref_axis',(1.,0.,0.));
#6765=DIRECTION('center_axis',(0.,0.,1.));
#6766=DIRECTION('ref_axis',(1.,0.,0.));
#6767=DIRECTION('center_axis',(0.,0.,1.));
#6768=DIRECTION('ref_axis',(-1.,0.,0.));
#6769=DIRECTION('',(0.,0.,-1.));
#6770=DIRECTION('center_axis',(0.,0.,-1.));
#6771=DIRECTION('ref_axis',(1.,0.,0.));
#6772=DIRECTION('center_axis',(0.,0.,-1.));
#6773=DIRECTION('ref_axis',(1.,0.,0.));
#6774=DIRECTION('',(-0.999999999999987,1.10211323335401E-15,7.07767178198483E-16));
#6775=DIRECTION('',(2.78249645546677E-15,1.13682067641848E-14,-1.));
#6776=DIRECTION('',(-1.,1.11022302462516E-16,3.88578058618805E-16));
#6777=DIRECTION('',(1.11022302462516E-16,1.,1.11022302462516E-16));
#6778=DIRECTION('axis',(0.,0.,1.));
#6779=DIRECTION('refdir',(1.,0.,0.));
#6780=DIRECTION('center_axis',(1.,0.,0.));
#6781=DIRECTION('ref_axis',(0.,0.,-1.));
#6782=DIRECTION('',(0.,-1.,0.));
#6783=DIRECTION('',(0.,0.,-1.));
#6784=DIRECTION('',(0.,-1.,0.));
#6785=DIRECTION('',(0.,0.,-1.));
#6786=DIRECTION('center_axis',(0.,1.,0.));
#6787=DIRECTION('ref_axis',(0.,0.,1.));
#6788=DIRECTION('',(1.,0.,0.));
#6789=DIRECTION('',(0.,0.,-1.));
#6790=DIRECTION('',(1.,0.,0.));
#6791=DIRECTION('center_axis',(-1.,0.,0.));
#6792=DIRECTION('ref_axis',(0.,0.,1.));
#6793=DIRECTION('',(0.,1.,0.));
#6794=DIRECTION('',(0.,0.,-1.));
#6795=DIRECTION('',(0.,1.,0.));
#6796=DIRECTION('center_axis',(0.,-1.,0.));
#6797=DIRECTION('ref_axis',(0.,0.,-1.));
#6798=DIRECTION('',(-1.,0.,0.));
#6799=DIRECTION('',(-1.,0.,0.));
#6800=DIRECTION('center_axis',(0.,0.,1.));
#6801=DIRECTION('ref_axis',(1.,0.,0.));
#6802=DIRECTION('center_axis',(0.,0.,1.));
#6803=DIRECTION('ref_axis',(1.,0.,0.));
#6804=DIRECTION('axis',(0.,0.,1.));
#6805=DIRECTION('refdir',(1.,0.,0.));
#6806=DIRECTION('',(0.,0.,1.));
#6807=DIRECTION('',(-1.,0.,0.));
#6808=DIRECTION('center_axis',(0.,1.,0.));
#6809=DIRECTION('ref_axis',(1.,0.,0.));
#6810=DIRECTION('',(0.,1.,0.));
#6811=DIRECTION('',(0.,1.,0.));
#6812=DIRECTION('',(0.,0.,1.));
#6813=DIRECTION('',(1.,0.,0.));
#6814=DIRECTION('center_axis',(0.,-1.,0.));
#6815=DIRECTION('ref_axis',(-1.,0.,0.));
#6816=DIRECTION('',(0.,-1.,0.));
#6817=DIRECTION('',(0.,-1.,8.37221754815062E-18));
#6818=DIRECTION('',(0.,1.,0.));
#6819=DIRECTION('center_axis',(1.,0.,0.));
#6820=DIRECTION('ref_axis',(0.,-1.,0.));
#6821=DIRECTION('',(1.,0.,1.15957451602728E-17));
#6822=DIRECTION('',(1.,0.,0.));
#6823=DIRECTION('center_axis',(1.,0.,0.));
#6824=DIRECTION('ref_axis',(0.,-1.,0.));
#6825=DIRECTION('',(1.,0.,0.));
#6826=DIRECTION('',(1.,0.,1.15957451602728E-17));
#6827=DIRECTION('center_axis',(0.,1.,0.));
#6828=DIRECTION('ref_axis',(-1.,0.,0.));
#6829=DIRECTION('',(0.,0.,1.));
#6830=DIRECTION('',(-1.,0.,1.15957451602728E-17));
#6831=DIRECTION('',(0.,0.,-1.));
#6832=DIRECTION('',(1.,0.,9.27659612821823E-17));
#6833=DIRECTION('center_axis',(0.,0.,1.));
#6834=DIRECTION('ref_axis',(1.,0.,0.));
#6835=DIRECTION('',(-1.,0.,0.));
#6836=DIRECTION('center_axis',(0.,0.,1.));
#6837=DIRECTION('ref_axis',(1.,0.,0.));
#6838=DIRECTION('',(0.,1.,0.));
#6839=DIRECTION('',(-1.,0.,0.));
#6840=DIRECTION('',(0.,-1.,0.));
#6841=DIRECTION('center_axis',(-1.,0.,0.));
#6842=DIRECTION('ref_axis',(0.,-1.,0.));
#6843=DIRECTION('',(0.,0.,1.));
#6844=DIRECTION('',(0.,1.,-3.85122007214929E-16));
#6845=DIRECTION('',(0.,0.,-1.));
#6846=DIRECTION('center_axis',(-1.,0.,0.));
#6847=DIRECTION('ref_axis',(0.,-1.,0.));
#6848=DIRECTION('',(0.,0.,1.));
#6849=DIRECTION('',(0.,-1.,8.37221754815062E-18));
#6850=DIRECTION('',(0.,0.,-1.));
#6851=DIRECTION('',(0.,1.,-3.85122007214929E-16));
#6852=DIRECTION('center_axis',(0.,3.85122007214929E-16,1.));
#6853=DIRECTION('ref_axis',(0.,-1.,3.85122007214929E-16));
#6854=DIRECTION('',(1.,0.,0.));
#6855=DIRECTION('',(1.,0.,0.));
#6856=DIRECTION('center_axis',(0.,1.,0.));
#6857=DIRECTION('ref_axis',(-1.,0.,0.));
#6858=DIRECTION('',(1.,0.,0.));
#6859=DIRECTION('center_axis',(0.,-1.,0.));
#6860=DIRECTION('ref_axis',(1.,0.,0.));
#6861=DIRECTION('center_axis',(1.,0.,0.));
#6862=DIRECTION('ref_axis',(0.,1.,0.));
#6863=DIRECTION('',(0.,0.,1.));
#6864=DIRECTION('',(0.,-1.,-5.69310793274242E-16));
#6865=DIRECTION('',(0.,0.,-1.));
#6866=DIRECTION('center_axis',(1.,0.,0.));
#6867=DIRECTION('ref_axis',(0.,1.,0.));
#6868=DIRECTION('',(0.,0.,1.));
#6869=DIRECTION('',(0.,1.,0.));
#6870=DIRECTION('',(0.,0.,-1.));
#6871=DIRECTION('',(0.,-1.,-5.69310793274242E-16));
#6872=DIRECTION('center_axis',(0.,-5.69310793274242E-16,1.));
#6873=DIRECTION('ref_axis',(0.,1.,5.69310793274242E-16));
#6874=DIRECTION('',(-1.,0.,0.));
#6875=DIRECTION('',(-1.,0.,0.));
#6876=DIRECTION('center_axis',(0.,-1.,0.));
#6877=DIRECTION('ref_axis',(1.,0.,0.));
#6878=DIRECTION('',(-1.,0.,0.));
#6879=DIRECTION('center_axis',(0.,1.,0.));
#6880=DIRECTION('ref_axis',(-1.,0.,0.));
#6881=DIRECTION('center_axis',(0.,1.,0.));
#6882=DIRECTION('ref_axis',(-1.,0.,0.));
#6883=DIRECTION('',(0.,0.,-1.));
#6884=DIRECTION('',(1.,0.,9.27659612821823E-17));
#6885=DIRECTION('',(0.,0.,1.));
#6886=DIRECTION('',(-1.,0.,1.15957451602728E-17));
#6887=DIRECTION('center_axis',(-9.27659612821823E-17,0.,1.));
#6888=DIRECTION('ref_axis',(-1.,0.,-9.27659612821823E-17));
#6889=DIRECTION('',(0.,-1.,0.));
#6890=DIRECTION('',(0.,-1.,0.));
#6891=DIRECTION('center_axis',(1.,0.,0.));
#6892=DIRECTION('ref_axis',(0.,1.,0.));
#6893=DIRECTION('',(0.,-1.,0.));
#6894=DIRECTION('center_axis',(-1.,0.,0.));
#6895=DIRECTION('ref_axis',(0.,-1.,0.));
#6896=DIRECTION('',(0.,-1.,0.));
#6897=DIRECTION('center_axis',(0.,-1.,0.));
#6898=DIRECTION('ref_axis',(1.,0.,0.));
#6899=DIRECTION('',(0.,0.,-1.));
#6900=DIRECTION('',(-1.,0.,0.));
#6901=DIRECTION('',(0.,0.,1.));
#6902=DIRECTION('center_axis',(0.,-1.,0.));
#6903=DIRECTION('ref_axis',(1.,0.,0.));
#6904=DIRECTION('',(0.,0.,1.));
#6905=DIRECTION('',(0.,0.,-1.));
#6906=DIRECTION('',(-1.,0.,0.));
#6907=DIRECTION('center_axis',(0.,0.,1.));
#6908=DIRECTION('ref_axis',(0.,1.,0.));
#6909=DIRECTION('',(0.,1.,0.));
#6910=DIRECTION('',(0.,1.,0.));
#6911=DIRECTION('center_axis',(-1.,0.,0.));
#6912=DIRECTION('ref_axis',(0.,-1.,0.));
#6913=DIRECTION('center_axis',(1.,0.,0.));
#6914=DIRECTION('ref_axis',(0.,1.,0.));
#6915=DIRECTION('',(0.,1.,0.));
#6916=DIRECTION('',(0.,0.,-1.));
#6917=DIRECTION('center_axis',(-1.,0.,0.));
#6918=DIRECTION('ref_axis',(0.,1.,0.));
#6919=DIRECTION('center_axis',(-1.,0.,0.));
#6920=DIRECTION('ref_axis',(0.,1.,0.));
#6921=DIRECTION('',(0.,0.,-1.));
#6922=DIRECTION('center_axis',(0.,1.,0.));
#6923=DIRECTION('ref_axis',(1.,0.,0.));
#6924=DIRECTION('center_axis',(0.,-1.,0.));
#6925=DIRECTION('ref_axis',(-1.,0.,0.));
#6926=DIRECTION('',(1.,-2.94209101525667E-15,4.05231403988182E-15));
#6927=DIRECTION('',(-2.94209101525664E-15,-1.,-7.04991620636974E-15));
#6928=DIRECTION('',(3.01650353919905E-15,1.,6.00666020773926E-15));
#6929=DIRECTION('',(-1.,3.01650353919908E-15,-4.502124438458E-15));
#6930=DIRECTION('',(1.38777878078144E-15,-9.2148511043888E-15,1.));
#6931=DIRECTION('',(-1.,7.77156117237559E-16,1.38777878078145E-15));
#6932=DIRECTION('',(1.55431223447524E-15,-9.38138455808261E-15,1.));
#6933=DIRECTION('',(-3.00332335521404E-15,-1.,-9.38138455808261E-15));
#6934=DIRECTION('',(0.,0.,1.));
#6935=DIRECTION('',(1.,0.,0.));
#6936=DIRECTION('axis',(0.,0.,1.));
#6937=DIRECTION('refdir',(1.,0.,0.));
#6938=DIRECTION('axis',(0.,0.,1.));
#6939=DIRECTION('refdir',(1.,0.,0.));
#6940=DIRECTION('center_axis',(-1.,0.,0.));
#6941=DIRECTION('ref_axis',(0.,0.,1.));
#6942=DIRECTION('center_axis',(-1.,0.,0.));
#6943=DIRECTION('ref_axis',(0.,0.,1.));
#6944=DIRECTION('center_axis',(-1.,0.,0.));
#6945=DIRECTION('ref_axis',(0.,0.,1.));
#6946=DIRECTION('center_axis',(-1.,0.,0.));
#6947=DIRECTION('ref_axis',(0.,0.,1.));
#6948=DIRECTION('',(1.,0.,0.));
#6949=DIRECTION('',(-1.,0.,0.));
#6950=DIRECTION('center_axis',(-1.,0.,0.));
#6951=DIRECTION('ref_axis',(0.,0.,1.));
#6952=DIRECTION('',(0.,0.,-1.));
#6953=DIRECTION('center_axis',(0.,1.,0.));
#6954=DIRECTION('ref_axis',(0.,0.,1.));
#6955=DIRECTION('center_axis',(1.,0.,0.));
#6956=DIRECTION('ref_axis',(0.,1.,-1.28498035257541E-17));
#6957=DIRECTION('',(1.,0.,0.));
#6958=DIRECTION('center_axis',(-1.,0.,0.));
#6959=DIRECTION('ref_axis',(0.,0.992078174797446,0.125622032663734));
#6960=DIRECTION('center_axis',(1.,0.,0.));
#6961=DIRECTION('ref_axis',(0.,1.,-1.28498035257541E-17));
#6962=DIRECTION('',(1.,0.,0.));
#6963=DIRECTION('center_axis',(1.,0.,0.));
#6964=DIRECTION('ref_axis',(0.,1.,-1.28498035257541E-17));
#6965=DIRECTION('',(1.,0.,0.));
#6966=DIRECTION('center_axis',(1.,0.,0.));
#6967=DIRECTION('ref_axis',(0.,1.,-1.28498035257541E-17));
#6968=DIRECTION('',(1.,0.,0.));
#6969=DIRECTION('center_axis',(1.,-2.47140147386477E-16,-2.71417317846028E-15));
#6970=DIRECTION('ref_axis',(-2.46716227694481E-15,0.106232294617553,-0.994341339571221));
#6971=DIRECTION('center_axis',(-1.,0.,0.));
#6972=DIRECTION('ref_axis',(0.,0.,1.));
#6973=DIRECTION('',(-1.,0.,0.));
#6974=DIRECTION('center_axis',(-1.,-3.61400724161835E-16,0.));
#6975=DIRECTION('ref_axis',(3.61400724161835E-16,-1.,0.));
#6976=DIRECTION('',(-1.,0.,0.));
#6977=DIRECTION('center_axis',(-1.,0.,0.));
#6978=DIRECTION('ref_axis',(0.,0.,1.));
#6979=DIRECTION('center_axis',(-1.,-3.61400724161835E-16,0.));
#6980=DIRECTION('ref_axis',(3.61400724161835E-16,-1.,0.));
#6981=DIRECTION('center_axis',(-1.,0.,0.));
#6982=DIRECTION('ref_axis',(0.,0.,1.));
#6983=DIRECTION('',(-1.,0.,0.));
#6984=DIRECTION('center_axis',(-1.,0.,0.));
#6985=DIRECTION('ref_axis',(0.,0.,1.));
#6986=DIRECTION('',(-1.,0.,0.));
#6987=DIRECTION('center_axis',(-1.,0.,0.));
#6988=DIRECTION('ref_axis',(0.,0.,1.));
#6989=DIRECTION('',(-1.,0.,0.));
#6990=DIRECTION('center_axis',(-1.,0.,0.));
#6991=DIRECTION('ref_axis',(0.,0.,1.));
#6992=DIRECTION('center_axis',(-1.,0.,0.));
#6993=DIRECTION('ref_axis',(0.,0.,1.));
#6994=DIRECTION('',(-1.,0.,0.));
#6995=DIRECTION('center_axis',(-1.,-3.61400724161835E-16,0.));
#6996=DIRECTION('ref_axis',(3.61400724161835E-16,-1.,0.));
#6997=DIRECTION('',(-1.,0.,0.));
#6998=DIRECTION('center_axis',(-1.,-3.61400724161835E-16,0.));
#6999=DIRECTION('ref_axis',(3.61400724161835E-16,-1.,0.));
#7000=DIRECTION('center_axis',(-1.,-3.61400724161835E-16,0.));
#7001=DIRECTION('ref_axis',(1.4795756166769E-16,-0.409400291078095,0.912354866082914));
#7002=DIRECTION('',(-0.499999999999997,0.0919998658412101,-0.861124860101718));
#7003=DIRECTION('center_axis',(-1.,0.,0.));
#7004=DIRECTION('ref_axis',(0.,0.,1.));
#7005=DIRECTION('center_axis',(-1.,0.,0.));
#7006=DIRECTION('ref_axis',(0.,0.,1.));
#7007=DIRECTION('',(1.,0.,0.));
#7008=DIRECTION('center_axis',(-1.,0.,0.));
#7009=DIRECTION('ref_axis',(0.,0.,1.));
#7010=DIRECTION('center_axis',(-1.,0.,0.));
#7011=DIRECTION('ref_axis',(0.,0.,1.));
#7012=DIRECTION('center_axis',(-1.,0.,0.));
#7013=DIRECTION('ref_axis',(0.,0.,1.));
#7014=DIRECTION('',(-1.,0.,0.));
#7015=DIRECTION('center_axis',(-1.,0.,0.));
#7016=DIRECTION('ref_axis',(0.,0.,1.));
#7017=DIRECTION('center_axis',(-1.,0.,0.));
#7018=DIRECTION('ref_axis',(0.,0.,1.));
#7019=DIRECTION('center_axis',(-1.,0.,0.));
#7020=DIRECTION('ref_axis',(0.,0.,1.));
#7021=DIRECTION('',(1.,0.,0.));
#7022=DIRECTION('center_axis',(-1.,0.,0.));
#7023=DIRECTION('ref_axis',(0.,0.,1.));
#7024=DIRECTION('center_axis',(-1.,0.,0.));
#7025=DIRECTION('ref_axis',(0.,0.,1.));
#7026=DIRECTION('center_axis',(1.,0.,0.));
#7027=DIRECTION('ref_axis',(0.,-1.,0.));
#7028=DIRECTION('center_axis',(0.,-1.22464679914735E-16,1.));
#7029=DIRECTION('ref_axis',(0.,1.,1.22464679914735E-16));
#7030=DIRECTION('center_axis',(-1.,0.,0.));
#7031=DIRECTION('ref_axis',(0.,0.,1.));
#7032=DIRECTION('center_axis',(-1.,0.,0.));
#7033=DIRECTION('ref_axis',(0.,0.,1.));
#7034=DIRECTION('center_axis',(1.,0.,0.));
#7035=DIRECTION('ref_axis',(0.,0.,-1.));
#7036=DIRECTION('',(1.,0.,0.));
#7037=DIRECTION('center_axis',(1.,0.,0.));
#7038=DIRECTION('ref_axis',(0.,0.,-1.));
#7039=DIRECTION('center_axis',(-1.,0.,0.));
#7040=DIRECTION('ref_axis',(0.,0.,1.));
#7041=DIRECTION('',(0.499999999999996,1.06057523872491E-16,0.866025403784441));
#7042=DIRECTION('center_axis',(1.,0.,0.));
#7043=DIRECTION('ref_axis',(0.,0.,-1.));
#7044=DIRECTION('center_axis',(1.,0.,0.));
#7045=DIRECTION('ref_axis',(0.,0.,-1.));
#7046=DIRECTION('',(-0.499999999999996,1.06057523872491E-16,-0.866025403784441));
#7047=DIRECTION('center_axis',(1.,0.,0.));
#7048=DIRECTION('ref_axis',(0.,0.,-1.));
#7049=DIRECTION('center_axis',(-1.,0.,0.));
#7050=DIRECTION('ref_axis',(0.,0.,1.));
#7051=DIRECTION('center_axis',(-1.,0.,0.));
#7052=DIRECTION('ref_axis',(0.,0.,1.));
#7053=DIRECTION('',(1.,0.,0.));
#7054=DIRECTION('center_axis',(-1.,0.,0.));
#7055=DIRECTION('ref_axis',(0.,0.,-1.));
#7056=DIRECTION('center_axis',(-1.,0.,0.));
#7057=DIRECTION('ref_axis',(0.,0.,1.));
#7058=DIRECTION('center_axis',(-1.,0.,0.));
#7059=DIRECTION('ref_axis',(0.,0.,1.));
#7060=DIRECTION('',(-1.,0.,0.));
#7061=DIRECTION('center_axis',(-1.,0.,0.));
#7062=DIRECTION('ref_axis',(0.,0.,1.));
#7063=DIRECTION('center_axis',(0.,-1.,0.));
#7064=DIRECTION('ref_axis',(0.,0.,-1.));
#7065=DIRECTION('center_axis',(0.,-1.,0.));
#7066=DIRECTION('ref_axis',(0.,0.,-1.));
#7067=DIRECTION('',(0.,1.,0.));
#7068=DIRECTION('center_axis',(0.,-1.,0.));
#7069=DIRECTION('ref_axis',(0.,0.,-1.));
#7070=DIRECTION('center_axis',(0.,-1.,0.));
#7071=DIRECTION('ref_axis',(0.,0.,-1.));
#7072=DIRECTION('center_axis',(0.,-1.,0.));
#7073=DIRECTION('ref_axis',(0.,0.,-1.));
#7074=DIRECTION('',(0.,1.,0.));
#7075=DIRECTION('center_axis',(0.,-1.,0.));
#7076=DIRECTION('ref_axis',(0.,0.,-1.));
#7077=DIRECTION('center_axis',(0.,-1.,0.));
#7078=DIRECTION('ref_axis',(0.,0.,-1.));
#7079=DIRECTION('center_axis',(0.,-1.,0.));
#7080=DIRECTION('ref_axis',(0.,0.,-1.));
#7081=DIRECTION('center_axis',(0.,-1.,0.));
#7082=DIRECTION('ref_axis',(0.,0.,-1.));
#7083=DIRECTION('center_axis',(0.,-1.,0.));
#7084=DIRECTION('ref_axis',(0.,0.,-1.));
#7085=DIRECTION('center_axis',(0.,-1.,0.));
#7086=DIRECTION('ref_axis',(0.,0.,-1.));
#7087=DIRECTION('center_axis',(0.,-1.,0.));
#7088=DIRECTION('ref_axis',(0.,0.,-1.));
#7089=DIRECTION('',(0.,1.,0.));
#7090=DIRECTION('center_axis',(0.,-1.,0.));
#7091=DIRECTION('ref_axis',(0.,0.,-1.));
#7092=DIRECTION('center_axis',(0.,-1.,0.));
#7093=DIRECTION('ref_axis',(0.,0.,-1.));
#7094=DIRECTION('center_axis',(0.,-1.,0.));
#7095=DIRECTION('ref_axis',(0.,0.,-1.));
#7096=DIRECTION('center_axis',(0.,-1.,0.));
#7097=DIRECTION('ref_axis',(0.,0.,-1.));
#7098=DIRECTION('center_axis',(0.,-1.,0.));
#7099=DIRECTION('ref_axis',(0.,0.,-1.));
#7100=DIRECTION('center_axis',(6.12323399573677E-17,0.,1.));
#7101=DIRECTION('ref_axis',(1.,0.,0.));
#7102=DIRECTION('center_axis',(0.,-1.,0.));
#7103=DIRECTION('ref_axis',(0.,0.,-1.));
#7104=DIRECTION('center_axis',(0.,-1.,0.));
#7105=DIRECTION('ref_axis',(0.,0.,-1.));
#7106=DIRECTION('center_axis',(-1.,0.,-1.22464679914735E-16));
#7107=DIRECTION('ref_axis',(-1.22464679914735E-16,0.,1.));
#7108=DIRECTION('center_axis',(1.,0.,0.));
#7109=DIRECTION('ref_axis',(0.,1.,-1.28498035257541E-17));
#7110=DIRECTION('',(0.499999999999991,0.859164901914691,0.108791871561847));
#7111=DIRECTION('center_axis',(1.,0.,0.));
#7112=DIRECTION('ref_axis',(0.,0.,-1.));
#7113=DIRECTION('center_axis',(-1.,0.,0.));
#7114=DIRECTION('ref_axis',(0.,0.,1.));
#7115=DIRECTION('center_axis',(-1.,0.,0.));
#7116=DIRECTION('ref_axis',(0.,0.,1.));
#7117=DIRECTION('center_axis',(-1.,0.,0.));
#7118=DIRECTION('ref_axis',(0.,0.,1.));
#7119=DIRECTION('center_axis',(-1.,0.,0.));
#7120=DIRECTION('ref_axis',(0.,0.,1.));
#7121=DIRECTION('center_axis',(1.,0.,0.));
#7122=DIRECTION('ref_axis',(0.,0.,-1.));
#7123=DIRECTION('center_axis',(-1.,0.,0.));
#7124=DIRECTION('ref_axis',(0.,0.,1.));
#7125=DIRECTION('',(0.,-1.,0.));
#7126=DIRECTION('',(0.,0.,-1.));
#7127=DIRECTION('',(0.,-1.,0.));
#7128=DIRECTION('center_axis',(-1.,0.,0.));
#7129=DIRECTION('ref_axis',(0.,0.,1.));
#7130=DIRECTION('',(0.,0.,-1.));
#7131=DIRECTION('center_axis',(0.,-1.,0.));
#7132=DIRECTION('ref_axis',(0.,0.,-1.));
#7133=DIRECTION('',(-1.,-1.83697019872103E-16,0.));
#7134=DIRECTION('center_axis',(0.,-1.,0.));
#7135=DIRECTION('ref_axis',(0.,0.,-1.));
#7136=DIRECTION('center_axis',(0.,-1.,0.));
#7137=DIRECTION('ref_axis',(0.,0.,-1.));
#7138=DIRECTION('',(0.,0.,-1.));
#7139=DIRECTION('center_axis',(0.,-1.,0.));
#7140=DIRECTION('ref_axis',(0.,0.,-1.));
#7141=DIRECTION('',(-1.,-1.83697019872103E-16,0.));
#7142=DIRECTION('center_axis',(0.,1.,0.));
#7143=DIRECTION('ref_axis',(0.,0.,1.));
#7144=DIRECTION('center_axis',(0.,-1.,0.));
#7145=DIRECTION('ref_axis',(0.,0.,-1.));
#7146=DIRECTION('center_axis',(0.,-1.,0.));
#7147=DIRECTION('ref_axis',(0.,0.,-1.));
#7148=DIRECTION('center_axis',(1.83697019872103E-16,-1.,0.));
#7149=DIRECTION('ref_axis',(1.,1.83697019872103E-16,0.));
#7150=DIRECTION('',(-1.,-1.83697019872103E-16,0.));
#7151=DIRECTION('',(0.,0.,-1.));
#7152=DIRECTION('center_axis',(1.83697019872103E-16,-1.,0.));
#7153=DIRECTION('ref_axis',(1.,1.83697019872103E-16,0.));
#7154=DIRECTION('',(0.,0.,-1.));
#7155=DIRECTION('',(-1.,-1.83697019872103E-16,0.));
#7156=DIRECTION('center_axis',(1.83697019872103E-16,-1.,0.));
#7157=DIRECTION('ref_axis',(1.,1.83697019872103E-16,0.));
#7158=DIRECTION('',(-1.,-1.83697019872103E-16,0.));
#7159=DIRECTION('center_axis',(1.83697019872103E-16,-1.,0.));
#7160=DIRECTION('ref_axis',(1.,1.83697019872103E-16,0.));
#7161=DIRECTION('',(-1.,-1.83697019872103E-16,0.));
#7162=DIRECTION('center_axis',(0.,1.,0.));
#7163=DIRECTION('ref_axis',(0.,0.,1.));
#7164=DIRECTION('',(1.,0.,0.));
#7165=DIRECTION('',(0.,0.,-1.));
#7166=DIRECTION('',(1.,0.,0.));
#7167=DIRECTION('center_axis',(-1.,0.,0.));
#7168=DIRECTION('ref_axis',(0.,0.,1.));
#7169=DIRECTION('',(0.,1.,0.));
#7170=DIRECTION('',(0.,1.,0.));
#7171=DIRECTION('center_axis',(0.,0.,-1.));
#7172=DIRECTION('ref_axis',(-1.,0.,0.));
#7173=DIRECTION('center_axis',(0.,0.,-1.));
#7174=DIRECTION('ref_axis',(-1.,0.,0.));
#7175=DIRECTION('center_axis',(-1.,0.,0.));
#7176=DIRECTION('ref_axis',(0.,0.,1.));
#7177=DIRECTION('center_axis',(-1.,0.,0.));
#7178=DIRECTION('ref_axis',(0.,0.,1.));
#7179=DIRECTION('center_axis',(-1.,0.,0.));
#7180=DIRECTION('ref_axis',(0.,0.,1.));
#7181=DIRECTION('center_axis',(1.,0.,0.));
#7182=DIRECTION('ref_axis',(0.,0.,-1.));
#7183=DIRECTION('center_axis',(0.,0.,1.));
#7184=DIRECTION('ref_axis',(1.,0.,0.));
#7185=DIRECTION('',(-1.,0.,0.));
#7186=DIRECTION('',(-1.,0.,0.));
#7187=DIRECTION('center_axis',(0.,0.866025403784439,0.5));
#7188=DIRECTION('ref_axis',(0.,-0.5,0.866025403784439));
#7189=DIRECTION('',(-1.,0.,0.));
#7190=DIRECTION('center_axis',(0.,0.866025403784438,-0.5));
#7191=DIRECTION('ref_axis',(0.,0.5,0.866025403784438));
#7192=DIRECTION('',(-1.,0.,0.));
#7193=DIRECTION('center_axis',(0.,1.90166404903438E-16,-1.));
#7194=DIRECTION('ref_axis',(0.,1.,1.90166404903438E-16));
#7195=DIRECTION('',(-1.,0.,0.));
#7196=DIRECTION('center_axis',(0.,-0.866025403784439,-0.5));
#7197=DIRECTION('ref_axis',(0.,0.5,-0.866025403784439));
#7198=DIRECTION('',(-1.,0.,0.));
#7199=DIRECTION('center_axis',(0.,-0.866025403784439,0.5));
#7200=DIRECTION('ref_axis',(0.,-0.5,-0.866025403784439));
#7201=DIRECTION('center_axis',(1.,0.,0.));
#7202=DIRECTION('ref_axis',(0.,0.,-1.));
#7203=DIRECTION('center_axis',(1.,0.,0.));
#7204=DIRECTION('ref_axis',(0.,0.,-1.));
#7205=DIRECTION('center_axis',(1.,0.,0.));
#7206=DIRECTION('ref_axis',(0.,0.,-1.));
#7207=DIRECTION('center_axis',(1.,0.,0.));
#7208=DIRECTION('ref_axis',(0.,0.,-1.));
#7209=DIRECTION('center_axis',(1.,3.61400724161835E-16,0.));
#7210=DIRECTION('ref_axis',(3.55114900597882E-16,-0.98260705321349,0.185697008524915));
#7211=DIRECTION('',(1.13379382264561E-13,1.74500868872742E-14,-1.00000000000001));
#7212=DIRECTION('',(-0.999999999999998,2.53745267567596E-13,-1.17691872421203E-13));
#7213=DIRECTION('',(0.,0.,1.));
#7214=DIRECTION('',(1.,0.,0.));
#7215=DIRECTION('',(-4.71844785465689E-16,1.20961701794518E-16,0.999999999999993));
#7216=DIRECTION('',(0.999999999999998,-1.90646110009851E-15,-4.05231403988185E-15));
#7217=CARTESIAN_POINT('',(0.,0.,0.));
#7218=CARTESIAN_POINT('',(0.,0.,0.));
#7219=CARTESIAN_POINT('',(0.,0.,0.));
#7220=CARTESIAN_POINT('',(0.,0.,0.));
#7221=CARTESIAN_POINT('',(0.,0.,0.));
#7222=CARTESIAN_POINT('Origin',(1.27,1.27,1.27));
#7223=CARTESIAN_POINT('',(2.29,-1.27,1.27));
#7224=CARTESIAN_POINT('',(0.25,-1.27,1.27));
#7225=CARTESIAN_POINT('',(0.25,-1.27,1.27));
#7226=CARTESIAN_POINT('',(2.29,1.27,1.27));
#7227=CARTESIAN_POINT('',(2.29,1.27,1.27));
#7228=CARTESIAN_POINT('',(0.25,1.27,1.27));
#7229=CARTESIAN_POINT('',(0.25,1.27,1.27));
#7230=CARTESIAN_POINT('',(0.25,1.27,1.27));
#7231=CARTESIAN_POINT('Origin',(0.125000000000002,1.27,1.02));
#7232=CARTESIAN_POINT('',(0.065,-0.769999999999988,0.9));
#7233=CARTESIAN_POINT('',(0.065,-1.26999999999997,0.9));
#7234=CARTESIAN_POINT('',(0.065,0.124999999999994,0.9));
#7235=CARTESIAN_POINT('',(0.,-1.27,0.77));
#7236=CARTESIAN_POINT('',(0.,1.27,0.77));
#7237=CARTESIAN_POINT('',(0.,1.27,0.77));
#7238=CARTESIAN_POINT('',(5.1741061958941E-17,-0.769999999999988,0.77));
#7239=CARTESIAN_POINT('',(0.,1.27,0.77));
#7240=CARTESIAN_POINT('',(-1.1075,-0.77,-1.445));
#7241=CARTESIAN_POINT('Origin',(2.415,1.27,1.02));
#7242=CARTESIAN_POINT('',(2.475,-0.76999999999998,0.9));
#7243=CARTESIAN_POINT('',(2.54,-0.76999999999998,0.77));
#7244=CARTESIAN_POINT('',(1.36150000000001,-0.769999999999984,3.127));
#7245=CARTESIAN_POINT('',(2.54,1.27,0.77));
#7246=CARTESIAN_POINT('',(2.54,1.27,0.77));
#7247=CARTESIAN_POINT('',(2.29,1.27,1.27));
#7248=CARTESIAN_POINT('',(2.475,-1.26999999999996,0.9));
#7249=CARTESIAN_POINT('',(2.29,-1.27,1.27));
#7250=CARTESIAN_POINT('',(2.475,0.124999999999995,0.9));
#7251=CARTESIAN_POINT('Origin',(-10.16,-1.02,-0.9));
#7252=CARTESIAN_POINT('',(-7.685,-0.770000000000014,-0.9));
#7253=CARTESIAN_POINT('',(-7.685,-1.27,-0.9));
#7254=CARTESIAN_POINT('',(-7.685,0.124999999999994,-0.9));
#7255=CARTESIAN_POINT('',(-10.095,-0.770000000000022,-0.9));
#7256=CARTESIAN_POINT('',(-10.16,-0.770000000000022,-0.9));
#7257=CARTESIAN_POINT('',(-10.095,-1.27,-0.9));
#7258=CARTESIAN_POINT('',(-10.095,0.124999999999995,-0.9));
#7259=CARTESIAN_POINT('',(-5.715,-1.26999999999998,-0.9));
#7260=CARTESIAN_POINT('Origin',(-10.16,-1.02,-0.9));
#7261=CARTESIAN_POINT('',(-5.145,-0.77,-0.9));
#7262=CARTESIAN_POINT('',(-5.145,-1.26999999999998,-0.9));
#7263=CARTESIAN_POINT('',(-5.145,0.124999999999993,-0.9));
#7264=CARTESIAN_POINT('',(-7.555,-0.770000000000013,-0.9));
#7265=CARTESIAN_POINT('',(-10.16,-0.770000000000022,-0.9));
#7266=CARTESIAN_POINT('',(-7.555,-1.27,-0.9));
#7267=CARTESIAN_POINT('',(-7.555,0.124999999999996,-0.9));
#7268=CARTESIAN_POINT('',(-5.715,-1.26999999999998,-0.9));
#7269=CARTESIAN_POINT('Origin',(-1.27,-1.27,-2.77555756156289E-16));
#7270=CARTESIAN_POINT('',(-0.0650000000000017,-1.26999999999997,-0.9));
#7271=CARTESIAN_POINT('',(-2.475,-1.26999999999997,-0.9));
#7272=CARTESIAN_POINT('',(-5.715,-1.26999999999998,-0.9));
#7273=CARTESIAN_POINT('',(-2.29,-1.27,-1.27));
#7274=CARTESIAN_POINT('',(-2.29,-1.27,-1.27));
#7275=CARTESIAN_POINT('',(-0.25,-1.27,-1.27));
#7276=CARTESIAN_POINT('',(-0.25,-1.27,-1.27));
#7277=CARTESIAN_POINT('',(0.,-1.27,-0.77));
#7278=CARTESIAN_POINT('Origin',(-1.27,-1.27,-2.77555756156289E-16));
#7279=CARTESIAN_POINT('',(-2.605,-1.26999999999997,-0.9));
#7280=CARTESIAN_POINT('',(-5.015,-1.26999999999998,-0.9));
#7281=CARTESIAN_POINT('',(-5.715,-1.26999999999998,-0.9));
#7282=CARTESIAN_POINT('',(-4.83,-1.27,-1.27));
#7283=CARTESIAN_POINT('',(-4.83,-1.27,-1.27));
#7284=CARTESIAN_POINT('',(-2.79,-1.27,-1.27));
#7285=CARTESIAN_POINT('',(-2.79,-1.27,-1.27));
#7286=CARTESIAN_POINT('',(-2.54,-1.27,-0.77));
#7287=CARTESIAN_POINT('Origin',(-6.67,1.27,-8.32667268468867E-16));
#7288=CARTESIAN_POINT('',(-6.67,-0.77000000000001,0.32));
#7289=CARTESIAN_POINT('',(-6.67,-0.77000000000001,-0.32));
#7290=CARTESIAN_POINT('',(-6.67,-0.77000000000001,-3.43317163130832E-15));
#7291=CARTESIAN_POINT('',(-6.67,1.27,-0.32));
#7292=CARTESIAN_POINT('',(-6.67,1.27,-0.32));
#7293=CARTESIAN_POINT('',(-6.67,1.27,0.32));
#7294=CARTESIAN_POINT('',(-6.67,1.27,0.32));
#7295=CARTESIAN_POINT('',(-6.67,1.27,0.32));
#7296=CARTESIAN_POINT('Origin',(6.03,1.27,1.11022302462516E-15));
#7297=CARTESIAN_POINT('',(6.03,-0.769999999999968,0.32));
#7298=CARTESIAN_POINT('',(6.03,-0.769999999999968,-0.32));
#7299=CARTESIAN_POINT('',(6.03,-0.769999999999968,-1.52301903032227E-15));
#7300=CARTESIAN_POINT('',(6.03,1.27,-0.32));
#7301=CARTESIAN_POINT('',(6.03,1.27,-0.32));
#7302=CARTESIAN_POINT('',(6.03,1.27,0.32));
#7303=CARTESIAN_POINT('',(6.03,1.27,0.32));
#7304=CARTESIAN_POINT('',(6.03,1.27,0.32));
#7305=CARTESIAN_POINT('Origin',(1.27,1.27,-1.27));
#7306=CARTESIAN_POINT('',(0.25,-1.27,-1.27));
#7307=CARTESIAN_POINT('',(2.29,-1.27,-1.27));
#7308=CARTESIAN_POINT('',(2.29,-1.27,-1.27));
#7309=CARTESIAN_POINT('',(0.25,1.27,-1.27));
#7310=CARTESIAN_POINT('',(0.25,1.27,-1.27));
#7311=CARTESIAN_POINT('',(2.29,1.27,-1.27));
#7312=CARTESIAN_POINT('',(2.29,1.27,-1.27));
#7313=CARTESIAN_POINT('',(2.29,1.27,-1.27));
#7314=CARTESIAN_POINT('Origin',(-6.35,1.27,1.27));
#7315=CARTESIAN_POINT('',(-5.33,-1.27,1.27));
#7316=CARTESIAN_POINT('',(-7.37,-1.27,1.27));
#7317=CARTESIAN_POINT('',(-7.37,-1.27,1.27));
#7318=CARTESIAN_POINT('',(-5.33,1.27,1.27));
#7319=CARTESIAN_POINT('',(-5.33,1.27,1.27));
#7320=CARTESIAN_POINT('',(-7.37,1.27,1.27));
#7321=CARTESIAN_POINT('',(-7.37,1.27,1.27));
#7322=CARTESIAN_POINT('',(-7.37,1.27,1.27));
#7323=CARTESIAN_POINT('Origin',(5.205,1.27,1.02));
#7324=CARTESIAN_POINT('',(5.145,-0.769999999999971,0.9));
#7325=CARTESIAN_POINT('',(5.145,-1.26999999999995,0.9));
#7326=CARTESIAN_POINT('',(5.145,0.124999999999995,0.9));
#7327=CARTESIAN_POINT('',(5.33,-1.27,1.27));
#7328=CARTESIAN_POINT('',(5.08,-1.27,0.77));
#7329=CARTESIAN_POINT('',(5.33,1.27,1.27));
#7330=CARTESIAN_POINT('',(5.33,1.27,1.27));
#7331=CARTESIAN_POINT('',(5.08,1.27,0.77));
#7332=CARTESIAN_POINT('',(5.08,1.27,0.77));
#7333=CARTESIAN_POINT('',(5.08,-0.769999999999971,0.77));
#7334=CARTESIAN_POINT('',(5.08,1.27,0.77));
#7335=CARTESIAN_POINT('',(3.4645,-0.769999999999976,-2.461));
#7336=CARTESIAN_POINT('Origin',(-10.16,-1.02,-0.9));
#7337=CARTESIAN_POINT('',(5.145,-1.26999999999995,-0.9));
#7338=CARTESIAN_POINT('',(5.145,-0.769999999999971,-0.9));
#7339=CARTESIAN_POINT('',(5.145,0.125,-0.9));
#7340=CARTESIAN_POINT('',(7.555,-1.26999999999994,-0.9));
#7341=CARTESIAN_POINT('',(-5.715,-1.26999999999998,-0.9));
#7342=CARTESIAN_POINT('',(7.555,-0.769999999999963,-0.9));
#7343=CARTESIAN_POINT('',(7.555,0.12499999999999,-0.9));
#7344=CARTESIAN_POINT('',(-10.16,-0.770000000000022,-0.9));
#7345=CARTESIAN_POINT('Origin',(-1.27,1.27,2.77555756156289E-16));
#7346=CARTESIAN_POINT('',(-7.62,1.27,0.77));
#7347=CARTESIAN_POINT('',(-7.62,1.27,0.77));
#7348=CARTESIAN_POINT('',(-5.08,1.27,0.77));
#7349=CARTESIAN_POINT('',(-5.33,1.27,1.27));
#7350=CARTESIAN_POINT('',(-4.83,1.27,1.27));
#7351=CARTESIAN_POINT('',(-5.08,1.27,0.77));
#7352=CARTESIAN_POINT('',(-2.79,1.27,1.27));
#7353=CARTESIAN_POINT('',(-4.83,1.27,1.27));
#7354=CARTESIAN_POINT('',(-2.54,1.27,0.77));
#7355=CARTESIAN_POINT('',(-2.79,1.27,1.27));
#7356=CARTESIAN_POINT('',(-2.29,1.27,1.27));
#7357=CARTESIAN_POINT('',(-2.54,1.27,0.77));
#7358=CARTESIAN_POINT('',(-0.25,1.27,1.27));
#7359=CARTESIAN_POINT('',(-2.29,1.27,1.27));
#7360=CARTESIAN_POINT('',(-0.25,1.27,1.27));
#7361=CARTESIAN_POINT('',(2.79,1.27,1.27));
#7362=CARTESIAN_POINT('',(2.54,1.27,0.77));
#7363=CARTESIAN_POINT('',(4.83,1.27,1.27));
#7364=CARTESIAN_POINT('',(2.79,1.27,1.27));
#7365=CARTESIAN_POINT('',(4.83,1.27,1.27));
#7366=CARTESIAN_POINT('',(7.37,1.27,1.27));
#7367=CARTESIAN_POINT('',(5.33,1.27,1.27));
#7368=CARTESIAN_POINT('',(7.62,1.27,0.77));
#7369=CARTESIAN_POINT('',(7.37,1.27,1.27));
#7370=CARTESIAN_POINT('',(7.62,1.27,-0.77));
#7371=CARTESIAN_POINT('',(7.62,1.27,0.77));
#7372=CARTESIAN_POINT('',(7.37,1.27,-1.27));
#7373=CARTESIAN_POINT('',(7.62,1.27,-0.77));
#7374=CARTESIAN_POINT('',(5.33,1.27,-1.27));
#7375=CARTESIAN_POINT('',(7.37,1.27,-1.27));
#7376=CARTESIAN_POINT('',(5.08,1.27,-0.77));
#7377=CARTESIAN_POINT('',(5.33,1.27,-1.27));
#7378=CARTESIAN_POINT('',(4.83,1.27,-1.27));
#7379=CARTESIAN_POINT('',(5.08,1.27,-0.77));
#7380=CARTESIAN_POINT('',(2.79,1.27,-1.27));
#7381=CARTESIAN_POINT('',(4.83,1.27,-1.27));
#7382=CARTESIAN_POINT('',(2.54,1.27,-0.77));
#7383=CARTESIAN_POINT('',(2.79,1.27,-1.27));
#7384=CARTESIAN_POINT('',(2.54,1.27,-0.77));
#7385=CARTESIAN_POINT('',(0.,1.27,-0.77));
#7386=CARTESIAN_POINT('',(0.25,1.27,-1.27));
#7387=CARTESIAN_POINT('',(-0.25,1.27,-1.27));
#7388=CARTESIAN_POINT('',(0.,1.27,-0.77));
#7389=CARTESIAN_POINT('',(-2.29,1.27,-1.27));
#7390=CARTESIAN_POINT('',(-0.25,1.27,-1.27));
#7391=CARTESIAN_POINT('',(-2.54,1.27,-0.77));
#7392=CARTESIAN_POINT('',(-2.29,1.27,-1.27));
#7393=CARTESIAN_POINT('',(-2.79,1.27,-1.27));
#7394=CARTESIAN_POINT('',(-2.54,1.27,-0.77));
#7395=CARTESIAN_POINT('',(-4.83,1.27,-1.27));
#7396=CARTESIAN_POINT('',(-2.79,1.27,-1.27));
#7397=CARTESIAN_POINT('',(-5.08,1.27,-0.77));
#7398=CARTESIAN_POINT('',(-4.83,1.27,-1.27));
#7399=CARTESIAN_POINT('',(-5.33,1.27,-1.27));
#7400=CARTESIAN_POINT('',(-5.08,1.27,-0.77));
#7401=CARTESIAN_POINT('',(-7.37,1.27,-1.27));
#7402=CARTESIAN_POINT('',(-5.33,1.27,-1.27));
#7403=CARTESIAN_POINT('',(-7.62,1.27,-0.77));
#7404=CARTESIAN_POINT('',(-7.37,1.27,-1.27));
#7405=CARTESIAN_POINT('',(-7.87,1.27,-1.27));
#7406=CARTESIAN_POINT('',(-7.62,1.27,-0.77));
#7407=CARTESIAN_POINT('',(-9.91,1.27,-1.27));
#7408=CARTESIAN_POINT('',(-7.87,1.27,-1.27));
#7409=CARTESIAN_POINT('',(-10.16,1.27,-0.77));
#7410=CARTESIAN_POINT('',(-9.91,1.27,-1.27));
#7411=CARTESIAN_POINT('',(-10.16,1.27,0.77));
#7412=CARTESIAN_POINT('',(-10.16,1.27,-0.77));
#7413=CARTESIAN_POINT('',(-9.91,1.27,1.27));
#7414=CARTESIAN_POINT('',(-10.16,1.27,0.77));
#7415=CARTESIAN_POINT('',(-7.87,1.27,1.27));
#7416=CARTESIAN_POINT('',(-9.91,1.27,1.27));
#7417=CARTESIAN_POINT('',(-7.87,1.27,1.27));
#7418=CARTESIAN_POINT('',(3.49,1.27,-0.32));
#7419=CARTESIAN_POINT('',(4.13,1.27,-0.32));
#7420=CARTESIAN_POINT('',(3.49,1.27,-0.32));
#7421=CARTESIAN_POINT('',(4.13,1.27,0.32));
#7422=CARTESIAN_POINT('',(4.13,1.27,-0.32));
#7423=CARTESIAN_POINT('',(3.49,1.27,0.32));
#7424=CARTESIAN_POINT('',(4.13,1.27,0.32));
#7425=CARTESIAN_POINT('',(3.49,1.27,0.32));
#7426=CARTESIAN_POINT('',(0.95,1.27,-0.32));
#7427=CARTESIAN_POINT('',(1.59,1.27,-0.32));
#7428=CARTESIAN_POINT('',(0.95,1.27,-0.32));
#7429=CARTESIAN_POINT('',(1.59,1.27,0.32));
#7430=CARTESIAN_POINT('',(1.59,1.27,-0.32));
#7431=CARTESIAN_POINT('',(0.95,1.27,0.32));
#7432=CARTESIAN_POINT('',(1.59,1.27,0.32));
#7433=CARTESIAN_POINT('',(0.95,1.27,0.32));
#7434=CARTESIAN_POINT('',(-1.59,1.27,-0.32));
#7435=CARTESIAN_POINT('',(-0.95,1.27,-0.32));
#7436=CARTESIAN_POINT('',(-1.59,1.27,-0.32));
#7437=CARTESIAN_POINT('',(-0.95,1.27,0.32));
#7438=CARTESIAN_POINT('',(-0.95,1.27,-0.32));
#7439=CARTESIAN_POINT('',(-1.59,1.27,0.32));
#7440=CARTESIAN_POINT('',(-0.95,1.27,0.32));
#7441=CARTESIAN_POINT('',(-1.59,1.27,0.32));
#7442=CARTESIAN_POINT('',(-8.57,1.27,-0.32));
#7443=CARTESIAN_POINT('',(-8.57,1.27,0.32));
#7444=CARTESIAN_POINT('',(-8.57,1.27,-0.32));
#7445=CARTESIAN_POINT('',(-9.21,1.27,0.32));
#7446=CARTESIAN_POINT('',(-8.57,1.27,0.32));
#7447=CARTESIAN_POINT('',(-9.21,1.27,-0.32));
#7448=CARTESIAN_POINT('',(-9.21,1.27,0.32));
#7449=CARTESIAN_POINT('',(-9.21,1.27,-0.32));
#7450=CARTESIAN_POINT('',(6.67,1.27,-0.32));
#7451=CARTESIAN_POINT('',(6.03,1.27,-0.32));
#7452=CARTESIAN_POINT('',(6.67,1.27,0.32));
#7453=CARTESIAN_POINT('',(6.67,1.27,-0.32));
#7454=CARTESIAN_POINT('',(6.67,1.27,0.32));
#7455=CARTESIAN_POINT('',(-4.13,1.27,-0.32));
#7456=CARTESIAN_POINT('',(-3.49,1.27,-0.32));
#7457=CARTESIAN_POINT('',(-4.13,1.27,-0.32));
#7458=CARTESIAN_POINT('',(-3.49,1.27,0.32));
#7459=CARTESIAN_POINT('',(-3.49,1.27,-0.32));
#7460=CARTESIAN_POINT('',(-4.13,1.27,0.32));
#7461=CARTESIAN_POINT('',(-3.49,1.27,0.32));
#7462=CARTESIAN_POINT('',(-4.13,1.27,0.32));
#7463=CARTESIAN_POINT('',(-6.03,1.27,-0.32));
#7464=CARTESIAN_POINT('',(-6.67,1.27,-0.32));
#7465=CARTESIAN_POINT('',(-6.03,1.27,0.32));
#7466=CARTESIAN_POINT('',(-6.03,1.27,-0.32));
#7467=CARTESIAN_POINT('',(-6.03,1.27,0.32));
#7468=CARTESIAN_POINT('Origin',(-5.205,1.27,1.02));
#7469=CARTESIAN_POINT('',(-5.145,-0.77,0.9));
#7470=CARTESIAN_POINT('',(-5.08,-0.77,0.77));
#7471=CARTESIAN_POINT('',(-5.4965,-0.77,1.603));
#7472=CARTESIAN_POINT('',(-5.08,1.27,0.77));
#7473=CARTESIAN_POINT('',(-5.145,-1.26999999999998,0.9));
#7474=CARTESIAN_POINT('',(-5.33,-1.27,1.27));
#7475=CARTESIAN_POINT('',(-5.145,0.124999999999995,0.9));
#7476=CARTESIAN_POINT('Origin',(-3.81,1.27,1.27));
#7477=CARTESIAN_POINT('',(-2.79,-1.27,1.27));
#7478=CARTESIAN_POINT('',(-4.83,-1.27,1.27));
#7479=CARTESIAN_POINT('',(-4.83,-1.27,1.27));
#7480=CARTESIAN_POINT('',(-2.79,1.27,1.27));
#7481=CARTESIAN_POINT('',(-4.83,1.27,1.27));
#7482=CARTESIAN_POINT('Origin',(-2.665,1.27,1.02));
#7483=CARTESIAN_POINT('',(-2.605,-0.77,0.9));
#7484=CARTESIAN_POINT('',(-2.54,-0.77,0.77));
#7485=CARTESIAN_POINT('',(-3.2105,-0.77,2.111));
#7486=CARTESIAN_POINT('',(-2.54,1.27,0.77));
#7487=CARTESIAN_POINT('',(-2.605,-1.26999999999997,0.9));
#7488=CARTESIAN_POINT('',(-2.79,-1.27,1.27));
#7489=CARTESIAN_POINT('',(-2.605,0.124999999999995,0.9));
#7490=CARTESIAN_POINT('Origin',(-2.415,1.27,1.02));
#7491=CARTESIAN_POINT('',(-2.475,-0.77,0.9));
#7492=CARTESIAN_POINT('',(-2.475,-1.26999999999997,0.9));
#7493=CARTESIAN_POINT('',(-2.475,0.124999999999995,0.9));
#7494=CARTESIAN_POINT('',(-2.29,-1.27,1.27));
#7495=CARTESIAN_POINT('',(-2.54,-1.27,0.77));
#7496=CARTESIAN_POINT('',(-2.29,1.27,1.27));
#7497=CARTESIAN_POINT('',(-3.3935,-0.77,-0.937));
#7498=CARTESIAN_POINT('Origin',(-1.27,1.27,1.27));
#7499=CARTESIAN_POINT('',(-0.25,-1.27,1.27));
#7500=CARTESIAN_POINT('',(-2.29,-1.27,1.27));
#7501=CARTESIAN_POINT('',(-0.25,1.27,1.27));
#7502=CARTESIAN_POINT('Origin',(-0.125,1.27,1.02));
#7503=CARTESIAN_POINT('',(-0.0649999999999973,-0.769999999999989,0.9));
#7504=CARTESIAN_POINT('',(-0.924499999999988,-0.769999999999991,2.619));
#7505=CARTESIAN_POINT('',(-0.0649999999999973,-1.26999999999997,0.9));
#7506=CARTESIAN_POINT('',(-0.25,-1.27,1.27));
#7507=CARTESIAN_POINT('',(-0.0649999999999984,0.124999999999995,0.9));
#7508=CARTESIAN_POINT('Origin',(6.35,1.27,-0.32));
#7509=CARTESIAN_POINT('',(6.67,-0.769999999999966,-0.32));
#7510=CARTESIAN_POINT('',(-1.90499999999998,-0.77,-0.32));
#7511=CARTESIAN_POINT('',(6.67,1.27,-0.32));
#7512=CARTESIAN_POINT('Origin',(-4.955,1.27,1.02));
#7513=CARTESIAN_POINT('',(-5.015,-0.77,0.9));
#7514=CARTESIAN_POINT('',(-5.6795,-0.77,-0.428999999999995));
#7515=CARTESIAN_POINT('',(-5.015,-1.26999999999998,0.9));
#7516=CARTESIAN_POINT('',(-5.015,0.124999999999995,0.9));
#7517=CARTESIAN_POINT('',(-5.08,-1.27,0.77));
#7518=CARTESIAN_POINT('Origin',(2.665,1.27,1.02));
#7519=CARTESIAN_POINT('',(2.605,-0.76999999999998,0.9));
#7520=CARTESIAN_POINT('',(2.605,-1.26999999999996,0.9));
#7521=CARTESIAN_POINT('',(2.605,0.124999999999994,0.9));
#7522=CARTESIAN_POINT('',(2.79,-1.27,1.27));
#7523=CARTESIAN_POINT('',(2.54,-1.27,0.77));
#7524=CARTESIAN_POINT('',(2.79,1.27,1.27));
#7525=CARTESIAN_POINT('',(1.17850000000001,-0.769999999999984,-1.953));
#7526=CARTESIAN_POINT('Origin',(-4.955,1.27,-1.02));
#7527=CARTESIAN_POINT('',(-5.015,-0.77,-0.9));
#7528=CARTESIAN_POINT('',(-5.08,-0.77,-0.77));
#7529=CARTESIAN_POINT('',(-5.6795,-0.77,0.428999999999989));
#7530=CARTESIAN_POINT('',(-5.08,1.27,-0.77));
#7531=CARTESIAN_POINT('',(-4.83,1.27,-1.27));
#7532=CARTESIAN_POINT('',(-5.015,0.124999999999996,-0.9));
#7533=CARTESIAN_POINT('Origin',(3.81,1.27,-0.32));
#7534=CARTESIAN_POINT('',(3.49,-0.769999999999976,-0.32));
#7535=CARTESIAN_POINT('',(4.13,-0.769999999999974,-0.32));
#7536=CARTESIAN_POINT('',(-3.175,-0.77,-0.32));
#7537=CARTESIAN_POINT('',(4.13,1.27,-0.32));
#7538=CARTESIAN_POINT('',(3.49,1.27,-0.32));
#7539=CARTESIAN_POINT('Origin',(3.81,1.27,0.32));
#7540=CARTESIAN_POINT('',(4.13,-0.769999999999974,0.32));
#7541=CARTESIAN_POINT('',(3.49,-0.769999999999976,0.32));
#7542=CARTESIAN_POINT('',(-3.175,-0.77,0.32));
#7543=CARTESIAN_POINT('',(3.49,1.27,0.32));
#7544=CARTESIAN_POINT('',(4.13,1.27,0.32));
#7545=CARTESIAN_POINT('Origin',(7.62,1.27,8.32667268468867E-16));
#7546=CARTESIAN_POINT('',(7.62,-0.769999999999963,0.77));
#7547=CARTESIAN_POINT('',(7.62000000000251,-0.769999999999963,-0.769999999994975));
#7548=CARTESIAN_POINT('',(7.62,-0.769999999999963,-1.54427369166356E-15));
#7549=CARTESIAN_POINT('',(7.62,1.27,-0.77));
#7550=CARTESIAN_POINT('',(7.62,1.27,0.77));
#7551=CARTESIAN_POINT('Origin',(-1.27,-1.27,-2.77555756156289E-16));
#7552=CARTESIAN_POINT('',(-7.37,-1.27,-1.27));
#7553=CARTESIAN_POINT('',(-7.37,-1.27,-1.27));
#7554=CARTESIAN_POINT('',(-5.33,-1.27,-1.27));
#7555=CARTESIAN_POINT('',(-5.33,-1.27,-1.27));
#7556=CARTESIAN_POINT('',(-5.08,-1.27,-0.77));
#7557=CARTESIAN_POINT('Origin',(-4.13,1.27,-5.55111512312578E-16));
#7558=CARTESIAN_POINT('',(-4.13,-0.77,0.32));
#7559=CARTESIAN_POINT('',(-4.13,-0.77,-0.32));
#7560=CARTESIAN_POINT('',(-4.13,-0.77,-3.10665226234236E-15));
#7561=CARTESIAN_POINT('',(-4.13,1.27,-0.32));
#7562=CARTESIAN_POINT('',(-4.13,1.27,0.32));
#7563=CARTESIAN_POINT('Origin',(-3.81,1.27,0.32));
#7564=CARTESIAN_POINT('',(-3.49,-0.77,0.32));
#7565=CARTESIAN_POINT('',(-6.985,-0.770000000000011,0.32));
#7566=CARTESIAN_POINT('',(-3.49,1.27,0.32));
#7567=CARTESIAN_POINT('Origin',(-1.27,1.27,-0.32));
#7568=CARTESIAN_POINT('',(-1.59,-0.77,-0.32));
#7569=CARTESIAN_POINT('',(-0.95,-0.769999999999991,-0.32));
#7570=CARTESIAN_POINT('',(-5.715,-0.77,-0.32));
#7571=CARTESIAN_POINT('',(-0.95,1.27,-0.32));
#7572=CARTESIAN_POINT('',(-1.59,1.27,-0.32));
#7573=CARTESIAN_POINT('Origin',(-8.89,1.27,-0.32));
#7574=CARTESIAN_POINT('',(-9.21,-0.770000000000019,-0.32));
#7575=CARTESIAN_POINT('',(-8.57,-0.770000000000017,-0.32));
#7576=CARTESIAN_POINT('',(-9.525,-0.77000000000002,-0.32));
#7577=CARTESIAN_POINT('',(-8.57,1.27,-0.32));
#7578=CARTESIAN_POINT('',(-9.21,1.27,-0.32));
#7579=CARTESIAN_POINT('Origin',(3.81,1.27,-1.27));
#7580=CARTESIAN_POINT('',(2.79,-1.27,-1.27));
#7581=CARTESIAN_POINT('',(4.83,-1.27,-1.27));
#7582=CARTESIAN_POINT('',(4.83,-1.27,-1.27));
#7583=CARTESIAN_POINT('',(2.79,1.27,-1.27));
#7584=CARTESIAN_POINT('',(4.83,1.27,-1.27));
#7585=CARTESIAN_POINT('Origin',(-8.89,1.27,1.27));
#7586=CARTESIAN_POINT('',(-7.87,-1.27,1.27));
#7587=CARTESIAN_POINT('',(-9.91,-1.27,1.27));
#7588=CARTESIAN_POINT('',(-9.91,-1.27,1.27));
#7589=CARTESIAN_POINT('',(-7.87,1.27,1.27));
#7590=CARTESIAN_POINT('',(-9.91,1.27,1.27));
#7591=CARTESIAN_POINT('Origin',(-7.745,1.27,1.02));
#7592=CARTESIAN_POINT('',(-7.685,-0.770000000000014,0.9));
#7593=CARTESIAN_POINT('',(-7.62,-0.770000000000014,0.77));
#7594=CARTESIAN_POINT('',(-7.7825,-0.770000000000014,1.09499999999994));
#7595=CARTESIAN_POINT('',(-7.62,1.27,0.77));
#7596=CARTESIAN_POINT('',(-7.685,-1.27,0.9));
#7597=CARTESIAN_POINT('',(-7.87,-1.27,1.27));
#7598=CARTESIAN_POINT('',(-7.685,0.124999999999995,0.9));
#7599=CARTESIAN_POINT('Origin',(-10.16,-1.02,0.9));
#7600=CARTESIAN_POINT('',(-5.715,-1.26999999999998,0.9));
#7601=CARTESIAN_POINT('',(-10.16,-0.770000000000022,0.9));
#7602=CARTESIAN_POINT('Origin',(-8.89,1.27,0.32));
#7603=CARTESIAN_POINT('',(-8.57,-0.770000000000017,0.32));
#7604=CARTESIAN_POINT('',(-9.21,-0.770000000000019,0.32));
#7605=CARTESIAN_POINT('',(-9.525,-0.77000000000002,0.32));
#7606=CARTESIAN_POINT('',(-9.21,1.27,0.32));
#7607=CARTESIAN_POINT('',(-8.57,1.27,0.32));
#7608=CARTESIAN_POINT('Origin',(1.27,1.27,-0.32));
#7609=CARTESIAN_POINT('',(0.95,-0.769999999999985,-0.32));
#7610=CARTESIAN_POINT('',(1.59,-0.769999999999983,-0.32));
#7611=CARTESIAN_POINT('',(-4.445,-0.77,-0.32));
#7612=CARTESIAN_POINT('',(1.59,1.27,-0.32));
#7613=CARTESIAN_POINT('',(0.95,1.27,-0.32));
#7614=CARTESIAN_POINT('Origin',(4.955,1.27,-1.02));
#7615=CARTESIAN_POINT('',(5.015,-0.769999999999971,-0.9));
#7616=CARTESIAN_POINT('',(5.015,-1.26999999999995,-0.9));
#7617=CARTESIAN_POINT('',(5.015,0.12499999999999,-0.9));
#7618=CARTESIAN_POINT('',(5.08,-1.27,-0.77));
#7619=CARTESIAN_POINT('',(5.08,-0.769999999999971,-0.77));
#7620=CARTESIAN_POINT('',(5.08,1.27,-0.77));
#7621=CARTESIAN_POINT('',(3.6475,-0.769999999999976,-3.635));
#7622=CARTESIAN_POINT('Origin',(6.35,1.27,1.27));
#7623=CARTESIAN_POINT('',(7.37,-1.27,1.27));
#7624=CARTESIAN_POINT('',(5.33,-1.27,1.27));
#7625=CARTESIAN_POINT('',(7.37,1.27,1.27));
#7626=CARTESIAN_POINT('Origin',(7.495,1.27,1.02));
#7627=CARTESIAN_POINT('',(7.555,-0.769999999999963,0.9));
#7628=CARTESIAN_POINT('',(5.9335,-0.769999999999969,4.143));
#7629=CARTESIAN_POINT('',(7.555,-1.26999999999994,0.9));
#7630=CARTESIAN_POINT('',(7.37,-1.27,1.27));
#7631=CARTESIAN_POINT('',(7.555,0.124999999999996,0.9));
#7632=CARTESIAN_POINT('Origin',(-10.16,-1.02,0.9));
#7633=CARTESIAN_POINT('',(-5.715,-1.26999999999998,0.9));
#7634=CARTESIAN_POINT('',(-10.16,-0.770000000000022,0.9));
#7635=CARTESIAN_POINT('Origin',(-10.16,-1.02,0.9));
#7636=CARTESIAN_POINT('',(-7.555,-0.770000000000014,0.9));
#7637=CARTESIAN_POINT('',(-7.555,-1.27,0.9));
#7638=CARTESIAN_POINT('',(-7.555,0.124999999999994,0.9));
#7639=CARTESIAN_POINT('',(-10.16,-0.770000000000022,0.9));
#7640=CARTESIAN_POINT('',(-5.715,-1.26999999999998,0.9));
#7641=CARTESIAN_POINT('Origin',(-10.16,-1.02,0.9));
#7642=CARTESIAN_POINT('',(-10.095,-0.770000000000022,0.9));
#7643=CARTESIAN_POINT('',(-10.095,-1.27,0.9));
#7644=CARTESIAN_POINT('',(-10.095,0.124999999999995,0.9));
#7645=CARTESIAN_POINT('',(-10.16,-0.770000000000022,0.9));
#7646=CARTESIAN_POINT('',(-5.715,-1.26999999999998,0.9));
#7647=CARTESIAN_POINT('Origin',(-10.16,-1.02,-0.9));
#7648=CARTESIAN_POINT('',(2.475,-0.76999999999998,-0.9));
#7649=CARTESIAN_POINT('',(2.475,-1.26999999999996,-0.9));
#7650=CARTESIAN_POINT('',(2.475,0.124999999999991,-0.9));
#7651=CARTESIAN_POINT('',(0.0650000000000017,-0.769999999999988,-0.9));
#7652=CARTESIAN_POINT('',(-10.16,-0.770000000000022,-0.9));
#7653=CARTESIAN_POINT('',(0.0650000000000017,-1.26999999999996,-0.9));
#7654=CARTESIAN_POINT('',(0.065,0.124999999999998,-0.9));
#7655=CARTESIAN_POINT('',(-5.715,-1.26999999999998,-0.9));
#7656=CARTESIAN_POINT('Origin',(-10.16,-1.02,-0.9));
#7657=CARTESIAN_POINT('',(2.605,-1.26999999999996,-0.9));
#7658=CARTESIAN_POINT('',(2.605,-0.769999999999979,-0.9));
#7659=CARTESIAN_POINT('',(2.605,0.125,-0.9));
#7660=CARTESIAN_POINT('',(-5.715,-1.26999999999998,-0.9));
#7661=CARTESIAN_POINT('',(-10.16,-0.770000000000022,-0.9));
#7662=CARTESIAN_POINT('Origin',(-10.16,-1.02,-0.9));
#7663=CARTESIAN_POINT('',(-0.0650000000000017,-0.769999999999988,-0.9));
#7664=CARTESIAN_POINT('',(-0.065,0.124999999999992,-0.9));
#7665=CARTESIAN_POINT('',(-2.475,-0.77,-0.9));
#7666=CARTESIAN_POINT('',(-10.16,-0.770000000000022,-0.9));
#7667=CARTESIAN_POINT('',(-2.475,0.124999999999997,-0.9));
#7668=CARTESIAN_POINT('Origin',(-10.16,-1.02,-0.9));
#7669=CARTESIAN_POINT('',(-2.605,-0.77,-0.9));
#7670=CARTESIAN_POINT('',(-2.605,0.124999999999993,-0.9));
#7671=CARTESIAN_POINT('',(-10.16,-0.770000000000022,-0.9));
#7672=CARTESIAN_POINT('Origin',(0.125,1.27,-1.02));
#7673=CARTESIAN_POINT('',(5.1741061958941E-17,-0.769999999999988,-0.77));
#7674=CARTESIAN_POINT('',(-1.1075,-0.77,1.445));
#7675=CARTESIAN_POINT('',(0.,1.27,-0.77));
#7676=CARTESIAN_POINT('',(0.25,-1.27,-1.27));
#7677=CARTESIAN_POINT('Origin',(-1.27,1.27,-1.27));
#7678=CARTESIAN_POINT('',(-2.29,1.27,-1.27));
#7679=CARTESIAN_POINT('',(-0.25,1.27,-1.27));
#7680=CARTESIAN_POINT('Origin',(-2.415,1.27,-1.02));
#7681=CARTESIAN_POINT('',(-2.54,-0.77,-0.77));
#7682=CARTESIAN_POINT('',(-3.3935,-0.77,0.937));
#7683=CARTESIAN_POINT('',(-2.54,1.27,-0.77));
#7684=CARTESIAN_POINT('Origin',(-3.81,1.27,-1.27));
#7685=CARTESIAN_POINT('',(-2.79,1.27,-1.27));
#7686=CARTESIAN_POINT('Origin',(3.49,1.27,5.55111512312578E-16));
#7687=CARTESIAN_POINT('',(3.49,-0.769999999999976,-1.98831627736636E-15));
#7688=CARTESIAN_POINT('Origin',(-1.27,-1.27,-2.77555756156289E-16));
#7689=CARTESIAN_POINT('',(2.79,-1.27,-1.27));
#7690=CARTESIAN_POINT('Origin',(-10.16,1.27,-2.77555756156289E-15));
#7691=CARTESIAN_POINT('',(-10.16,-0.770000000000022,-0.77));
#7692=CARTESIAN_POINT('',(-10.16,-0.770000000000022,0.77));
#7693=CARTESIAN_POINT('',(-10.16,-0.770000000000022,-4.71844785465692E-15));
#7694=CARTESIAN_POINT('',(-10.16,1.27,0.77));
#7695=CARTESIAN_POINT('',(-10.16,1.27,-0.77));
#7696=CARTESIAN_POINT('Origin',(2.415,1.27,-1.02));
#7697=CARTESIAN_POINT('',(2.54,-0.76999999999998,-0.77));
#7698=CARTESIAN_POINT('',(1.3615,-0.769999999999983,-3.127));
#7699=CARTESIAN_POINT('',(2.54,-1.27,-0.77));
#7700=CARTESIAN_POINT('',(2.54,1.27,-0.77));
#7701=CARTESIAN_POINT('Origin',(-1.27,1.27,0.32));
#7702=CARTESIAN_POINT('',(-0.95,-0.769999999999991,0.32));
#7703=CARTESIAN_POINT('',(-1.59,-0.77,0.32));
#7704=CARTESIAN_POINT('',(-5.715,-0.77,0.32));
#7705=CARTESIAN_POINT('',(-1.59,1.27,0.32));
#7706=CARTESIAN_POINT('',(-0.95,1.27,0.32));
#7707=CARTESIAN_POINT('Origin',(-0.95,1.27,0.));
#7708=CARTESIAN_POINT('',(-0.95,-0.769999999999991,-2.59405007271236E-15));
#7709=CARTESIAN_POINT('Origin',(-9.21,1.27,-2.22044604925032E-15));
#7710=CARTESIAN_POINT('',(-9.21,-0.770000000000019,-4.31480251258685E-15));
#7711=CARTESIAN_POINT('Origin',(-10.16,-1.02,0.9));
#7712=CARTESIAN_POINT('',(-5.715,-1.26999999999998,0.9));
#7713=CARTESIAN_POINT('',(-10.16,-0.770000000000022,0.9));
#7714=CARTESIAN_POINT('Origin',(-1.27,-1.27,-2.77555756156289E-16));
#7715=CARTESIAN_POINT('',(-9.91,-1.27,-1.27));
#7716=CARTESIAN_POINT('',(-9.91,-1.27,-1.27));
#7717=CARTESIAN_POINT('',(-7.87,-1.27,-1.27));
#7718=CARTESIAN_POINT('',(-7.87,-1.27,-1.27));
#7719=CARTESIAN_POINT('',(-7.62,-1.27,-0.77));
#7720=CARTESIAN_POINT('Origin',(-1.27,-1.27,-2.77555756156289E-16));
#7721=CARTESIAN_POINT('Origin',(-6.35,1.27,-1.27));
#7722=CARTESIAN_POINT('',(-7.37,1.27,-1.27));
#7723=CARTESIAN_POINT('',(-5.33,1.27,-1.27));
#7724=CARTESIAN_POINT('Origin',(4.13,1.27,8.32667268468867E-16));
#7725=CARTESIAN_POINT('',(4.13,-0.769999999999974,-1.80223345670232E-15));
#7726=CARTESIAN_POINT('Origin',(1.27,1.27,0.32));
#7727=CARTESIAN_POINT('',(1.59,-0.769999999999983,0.32));
#7728=CARTESIAN_POINT('',(0.95,-0.769999999999985,0.32));
#7729=CARTESIAN_POINT('',(-4.445,-0.77,0.32));
#7730=CARTESIAN_POINT('',(0.95,1.27,0.32));
#7731=CARTESIAN_POINT('',(1.59,1.27,0.32));
#7732=CARTESIAN_POINT('Origin',(-1.27,-1.27,-2.77555756156289E-16));
#7733=CARTESIAN_POINT('Origin',(-7.495,1.27,1.02));
#7734=CARTESIAN_POINT('',(-7.9655,-0.770000000000015,0.0790000000000073));
#7735=CARTESIAN_POINT('',(-7.62,-1.27,0.77));
#7736=CARTESIAN_POINT('Origin',(6.35,1.27,0.32));
#7737=CARTESIAN_POINT('',(6.67,-0.769999999999966,0.32));
#7738=CARTESIAN_POINT('',(-1.90499999999998,-0.77,0.32));
#7739=CARTESIAN_POINT('',(6.67,1.27,0.32));
#7740=CARTESIAN_POINT('Origin',(3.81,1.27,1.27));
#7741=CARTESIAN_POINT('',(4.83,-1.27,1.27));
#7742=CARTESIAN_POINT('',(2.79,-1.27,1.27));
#7743=CARTESIAN_POINT('',(4.83,1.27,1.27));
#7744=CARTESIAN_POINT('Origin',(-7.495,1.27,-1.02));
#7745=CARTESIAN_POINT('',(-7.62,-0.770000000000014,-0.77));
#7746=CARTESIAN_POINT('',(-7.9655,-0.770000000000015,-0.0790000000000132));
#7747=CARTESIAN_POINT('',(-7.62,1.27,-0.77));
#7748=CARTESIAN_POINT('Origin',(-8.89,1.27,-1.27));
#7749=CARTESIAN_POINT('',(-9.91,1.27,-1.27));
#7750=CARTESIAN_POINT('',(-7.87,1.27,-1.27));
#7751=CARTESIAN_POINT('Origin',(-2.665,1.27,-1.02));
#7752=CARTESIAN_POINT('',(-3.2105,-0.77,-2.111));
#7753=CARTESIAN_POINT('Origin',(-7.745,1.27,-1.02));
#7754=CARTESIAN_POINT('',(-7.7825,-0.770000000000014,-1.09499999999994));
#7755=CARTESIAN_POINT('Origin',(-10.16,-1.02,0.9));
#7756=CARTESIAN_POINT('',(5.015,-1.26999999999995,0.9));
#7757=CARTESIAN_POINT('',(5.015,-0.769999999999972,0.9));
#7758=CARTESIAN_POINT('',(5.015,0.124999999999995,0.9));
#7759=CARTESIAN_POINT('',(-5.715,-1.26999999999998,0.9));
#7760=CARTESIAN_POINT('',(-10.16,-0.770000000000022,0.9));
#7761=CARTESIAN_POINT('Origin',(-10.16,-0.770000000000022,-6.38378239159465E-15));
#7762=CARTESIAN_POINT('',(1.17850000000001,-0.769999999999984,1.953));
#7763=CARTESIAN_POINT('',(3.4645,-0.769999999999977,2.461));
#7764=CARTESIAN_POINT('',(5.9335,-0.769999999999968,-4.143));
#7765=CARTESIAN_POINT('',(-10.16,-0.770000000000022,0.9));
#7766=CARTESIAN_POINT('',(3.6475,-0.769999999999976,3.635));
#7767=CARTESIAN_POINT('',(-10.2515,-0.770000000000022,0.587));
#7768=CARTESIAN_POINT('',(-10.2515,-0.770000000000022,-0.587000000000007));
#7769=CARTESIAN_POINT('',(-5.4965,-0.77,-1.603));
#7770=CARTESIAN_POINT('',(-0.9245,-0.769999999999991,-2.619));
#7771=CARTESIAN_POINT('',(0.95,-0.769999999999985,-2.31483564633232E-15));
#7772=CARTESIAN_POINT('',(1.59,-0.769999999999983,-2.26753070374641E-15));
#7773=CARTESIAN_POINT('',(-1.59,-0.77,-2.64135501529827E-15));
#7774=CARTESIAN_POINT('',(-8.57,-0.770000000000017,-4.1287196919228E-15));
#7775=CARTESIAN_POINT('',(6.67,-0.769999999999966,-1.47571408773636E-15));
#7776=CARTESIAN_POINT('',(-3.49,-0.77,-0.32));
#7777=CARTESIAN_POINT('',(-3.49,-0.77,-2.92056944167831E-15));
#7778=CARTESIAN_POINT('',(-6.985,-0.770000000000011,-0.32));
#7779=CARTESIAN_POINT('',(-6.03,-0.77,0.32));
#7780=CARTESIAN_POINT('',(-8.255,-0.770000000000016,0.32));
#7781=CARTESIAN_POINT('',(-6.03,-0.77,-0.32));
#7782=CARTESIAN_POINT('',(-6.03,-0.77,-3.38586668872242E-15));
#7783=CARTESIAN_POINT('',(-8.255,-0.770000000000016,-0.32));
#7784=CARTESIAN_POINT('Origin',(-10.16,-1.02,0.9));
#7785=CARTESIAN_POINT('',(-5.715,-1.26999999999998,0.9));
#7786=CARTESIAN_POINT('Origin',(6.35,1.27,-1.27));
#7787=CARTESIAN_POINT('',(5.33,-1.27,-1.27));
#7788=CARTESIAN_POINT('',(7.37,-1.27,-1.27));
#7789=CARTESIAN_POINT('',(7.37,-1.27,-1.27));
#7790=CARTESIAN_POINT('',(5.33,1.27,-1.27));
#7791=CARTESIAN_POINT('',(7.37,1.27,-1.27));
#7792=CARTESIAN_POINT('Origin',(2.665,1.27,-1.02));
#7793=CARTESIAN_POINT('Origin',(-8.57,1.27,-1.94289029309402E-15));
#7794=CARTESIAN_POINT('Origin',(-1.27,-1.27,-2.77555756156289E-16));
#7795=CARTESIAN_POINT('Origin',(-1.27,-1.27,-2.77555756156289E-16));
#7796=CARTESIAN_POINT('Origin',(7.495,1.27,-1.02));
#7797=CARTESIAN_POINT('',(7.62,-1.27,-0.77));
#7798=CARTESIAN_POINT('Origin',(-0.125,1.27,-1.02));
#7799=CARTESIAN_POINT('Origin',(0.95,1.27,2.77555756156289E-16));
#7800=CARTESIAN_POINT('Origin',(-6.35,1.27,-0.32));
#7801=CARTESIAN_POINT('',(-6.03,1.27,-0.32));
#7802=CARTESIAN_POINT('Origin',(-1.27,-1.27,-2.77555756156289E-16));
#7803=CARTESIAN_POINT('Origin',(-1.59,1.27,0.));
#7804=CARTESIAN_POINT('Origin',(-10.035,1.27,-1.02));
#7805=CARTESIAN_POINT('Origin',(-10.035,1.27,1.02));
#7806=CARTESIAN_POINT('',(-10.16,-1.27,0.77));
#7807=CARTESIAN_POINT('Origin',(-1.27,-1.27,-2.77555756156289E-16));
#7808=CARTESIAN_POINT('Origin',(-1.27,-1.27,-2.77555756156289E-16));
#7809=CARTESIAN_POINT('',(5.33,-1.27,-1.27));
#7810=CARTESIAN_POINT('Origin',(-6.03,1.27,-8.32667268468867E-16));
#7811=CARTESIAN_POINT('',(-6.03,1.27,0.32));
#7812=CARTESIAN_POINT('Origin',(6.67,1.27,1.11022302462516E-15));
#7813=CARTESIAN_POINT('Origin',(1.59,1.27,2.77555756156289E-16));
#7814=CARTESIAN_POINT('Origin',(-6.35,1.27,0.32));
#7815=CARTESIAN_POINT('Origin',(-3.49,1.27,-2.77555756156289E-16));
#7816=CARTESIAN_POINT('',(-3.49,1.27,-0.32));
#7817=CARTESIAN_POINT('Origin',(-3.81,1.27,-0.32));
#7818=CARTESIAN_POINT('Origin',(-5.205,1.27,-1.02));
#7819=CARTESIAN_POINT('Origin',(-1.27,-1.27,-2.77555756156289E-16));
#7820=CARTESIAN_POINT('',(4.83,-1.27,1.27));
#7821=CARTESIAN_POINT('Origin',(-1.27,-1.27,-2.77555756156289E-16));
#7822=CARTESIAN_POINT('Origin',(5.205,1.27,-1.02));
#7823=CARTESIAN_POINT('Origin',(4.955,1.27,1.02));
#7824=CARTESIAN_POINT('',(0.,0.,0.));
#7825=CARTESIAN_POINT('Origin',(-6.03,7.84200000000061,-0.32));
#7826=CARTESIAN_POINT('',(-6.23,8.04200000000061,0.120000000000002));
#7827=CARTESIAN_POINT('',(-6.03,7.8420000000006,0.32));
#7828=CARTESIAN_POINT('',(-6.24333333333334,8.05533333333395,0.106666666666668));
#7829=CARTESIAN_POINT('',(-6.03,7.84200000000061,-0.32));
#7830=CARTESIAN_POINT('',(-6.03,7.84200000000061,-0.32));
#7831=CARTESIAN_POINT('',(-6.23,8.04200000000061,-0.119999999999998));
#7832=CARTESIAN_POINT('',(-6.03,7.84200000000061,-0.32));
#7833=CARTESIAN_POINT('',(-6.23,8.04200000000061,-0.32));
#7834=CARTESIAN_POINT('Origin',(-6.35,7.84200000000061,-0.32));
#7835=CARTESIAN_POINT('',(-6.67,7.84200000000061,-0.32));
#7836=CARTESIAN_POINT('',(-6.47,8.04200000000061,-0.119999999999998));
#7837=CARTESIAN_POINT('',(-6.53666666666667,7.97533333333395,-0.186666666666667));
#7838=CARTESIAN_POINT('',(-6.67,8.04200000000061,-0.119999999999999));
#7839=CARTESIAN_POINT('',(-6.35,7.84200000000061,-0.32));
#7840=CARTESIAN_POINT('Origin',(-6.47,8.04200000000061,-0.32));
#7841=CARTESIAN_POINT('',(-6.67,7.84200000000062,0.319999999999991));
#7842=CARTESIAN_POINT('',(-6.47,8.04200000000061,0.120000000000002));
#7843=CARTESIAN_POINT('',(-6.53666666666667,7.97533333333395,0.18666666666667));
#7844=CARTESIAN_POINT('',(-6.47,8.04200000000061,-0.32));
#7845=CARTESIAN_POINT('',(-6.67,7.84200000000062,-0.32));
#7846=CARTESIAN_POINT('Origin',(-6.67,8.04200000000061,0.120000000000001));
#7847=CARTESIAN_POINT('',(-6.67,8.04200000000061,0.120000000000001));
#7848=CARTESIAN_POINT('',(-6.51,7.84200000000061,0.32));
#7849=CARTESIAN_POINT('Origin',(-6.67,8.04200000000061,-0.32));
#7850=CARTESIAN_POINT('Origin',(-6.03,7.27,-0.32));
#7851=CARTESIAN_POINT('',(-6.03,-2.27000000000003,-0.32));
#7852=CARTESIAN_POINT('',(-6.03,7.27,-0.32));
#7853=CARTESIAN_POINT('',(-6.03,-2.27,0.32));
#7854=CARTESIAN_POINT('',(-6.03,7.27,0.32));
#7855=CARTESIAN_POINT('',(-6.03,-2.27000000000004,-0.320000000000006));
#7856=CARTESIAN_POINT('Origin',(-6.35,1.5,0.32));
#7857=CARTESIAN_POINT('',(-6.67,-2.27,0.32));
#7858=CARTESIAN_POINT('',(-6.67,-4.27,0.32));
#7859=CARTESIAN_POINT('',(-6.19,-2.27,0.32));
#7860=CARTESIAN_POINT('Origin',(-6.23,-2.47,-0.320000000000009));
#7861=CARTESIAN_POINT('',(-6.23,-2.47,-0.120000000000008));
#7862=CARTESIAN_POINT('',(-6.16333333333332,-2.40333333333335,-0.186666666666677));
#7863=CARTESIAN_POINT('',(-6.23,-2.47,0.119999999999991));
#7864=CARTESIAN_POINT('',(-6.37666666666665,-2.61666666666669,-0.0266666666666766));
#7865=CARTESIAN_POINT('',(-6.23,-2.47,-0.320000000000009));
#7866=CARTESIAN_POINT('Origin',(-6.03,-2.47,0.119999999999991));
#7867=CARTESIAN_POINT('',(-6.47,-2.47,0.119999999999992));
#7868=CARTESIAN_POINT('',(-6.45666666666664,-2.48333333333335,0.106666666666657));
#7869=CARTESIAN_POINT('',(-6.03,-2.47,0.119999999999991));
#7870=CARTESIAN_POINT('Origin',(-6.67,-2.27,-0.320000000000009));
#7871=CARTESIAN_POINT('',(-6.67,-2.27,-0.320000000000023));
#7872=CARTESIAN_POINT('',(-6.47,-2.47,-0.120000000000008));
#7873=CARTESIAN_POINT('',(-6.56333333333331,-2.37666666666668,-0.213333333333345));
#7874=CARTESIAN_POINT('',(-6.47,-2.47,-0.320000000000009));
#7875=CARTESIAN_POINT('',(-6.67,-2.27,-0.320000000000005));
#7876=CARTESIAN_POINT('Origin',(-6.67,-4.27,-0.32));
#7877=CARTESIAN_POINT('',(-6.67,-4.27,-0.32));
#7878=CARTESIAN_POINT('Origin',(-6.35,1.5,-0.32));
#7879=CARTESIAN_POINT('',(-6.35,-2.27000000000002,-0.32));
#7880=CARTESIAN_POINT('Origin',(-6.35,-2.27,-0.320000000000009));
#7881=CARTESIAN_POINT('',(-6.03,-2.47,-0.120000000000008));
#7882=CARTESIAN_POINT('Origin',(-6.03,-2.47,-0.320000000000009));
#7883=CARTESIAN_POINT('',(0.,0.,0.));
#7884=CARTESIAN_POINT('',(-2.54,-0.941999999999735,-2.24565374976063E-14));
#7885=CARTESIAN_POINT('',(9.54097911787244E-15,-0.941999999999735,-2.24565374976063E-14));
#7886=CARTESIAN_POINT('',(2.54,-0.941999999999736,-1.89870905456527E-14));
#7887=CARTESIAN_POINT('',(5.08,-0.941999999999736,-1.89870905456527E-14));
#7888=CARTESIAN_POINT('',(7.62,-0.941999999999734,-1.89870905456527E-14));
#7889=CARTESIAN_POINT('',(10.16,-0.941999999999734,-1.55176435936991E-14));
#7890=CARTESIAN_POINT('',(12.7,-0.941999999999735,-1.55176435936991E-14));
#7891=CARTESIAN_POINT('',(0.,0.,0.));
#7892=CARTESIAN_POINT('',(0.,0.,0.));
#7893=CARTESIAN_POINT('Origin',(0.,9.18485099360514E-17,1.5));
#7894=CARTESIAN_POINT('',(2.23473116610567,-2.21812842120841,1.50000000000002));
#7895=CARTESIAN_POINT('',(3.10464383163059,-0.00140651527055614,1.5));
#7896=CARTESIAN_POINT('Ctrl Pts',(2.24321217192122,-2.2102262818154,1.5));
#7897=CARTESIAN_POINT('Ctrl Pts',(2.29317994818604,-2.1556243970498,1.5));
#7898=CARTESIAN_POINT('Ctrl Pts',(2.3408906874605,-2.09947328669167,1.50000000090125));
#7899=CARTESIAN_POINT('Ctrl Pts',(2.38643055535089,-2.04183509179082,1.50000000121723));
#7900=CARTESIAN_POINT('Ctrl Pts',(2.43272690727734,-1.98323944188778,1.50000000153847));
#7901=CARTESIAN_POINT('Ctrl Pts',(2.47677995229807,-1.9231063925669,1.50000000129047));
#7902=CARTESIAN_POINT('Ctrl Pts',(2.51863812745029,-1.86146741105855,1.50000000079271));
#7903=CARTESIAN_POINT('Ctrl Pts',(2.54837692763344,-1.81767502527241,1.50000000043907));
#7904=CARTESIAN_POINT('Ctrl Pts',(2.57700696905003,-1.77312177684664,1.5));
#7905=CARTESIAN_POINT('Ctrl Pts',(2.60453180769087,-1.72781097270929,1.5));
#7906=CARTESIAN_POINT('Ctrl Pts',(2.6408972536925,-1.66794694870364,1.5));
#7907=CARTESIAN_POINT('Ctrl Pts',(2.67540482213057,-1.6066311497874,1.49999999926577));
#7908=CARTESIAN_POINT('Ctrl Pts',(2.70786597881835,-1.54415997471619,1.49999999898401));
#7909=CARTESIAN_POINT('Ctrl Pts',(2.74053364407267,-1.4812913759506,1.49999999870047));
#7910=CARTESIAN_POINT('Ctrl Pts',(2.77112851111362,-1.41725317761621,1.49999999883804));
#7911=CARTESIAN_POINT('Ctrl Pts',(2.79950414990482,-1.35237403591266,1.49999999921461));
#7912=CARTESIAN_POINT('Ctrl Pts',(2.82386086448204,-1.29668391566139,1.49999999953785));
#7913=CARTESIAN_POINT('Ctrl Pts',(2.84658314632748,-1.24037483519194,1.5));
#7914=CARTESIAN_POINT('Ctrl Pts',(2.86760703387104,-1.18366550917467,1.5));
#7915=CARTESIAN_POINT('Ctrl Pts',(2.90383549002356,-1.08594374735498,1.5));
#7916=CARTESIAN_POINT('Ctrl Pts',(2.93531147339999,-0.986256827830989,1.49999998957807));
#7917=CARTESIAN_POINT('Ctrl Pts',(2.96174043595548,-0.885211953623163,1.49999997837815));
#7918=CARTESIAN_POINT('Ctrl Pts',(2.98830198291889,-0.783660174356465,1.49999996712205));
#7919=CARTESIAN_POINT('Ctrl Pts',(3.00976539323897,-0.680737595586544,1.4999999550229));
#7920=CARTESIAN_POINT('Ctrl Pts',(3.02587765199709,-0.577086196581883,1.4999999504999));
#7921=CARTESIAN_POINT('Ctrl Pts',(3.04187320507185,-0.474185574208415,1.49999994600965));
#7922=CARTESIAN_POINT('Ctrl Pts',(3.05259461481086,-0.370567506882706,1.49999994892695));
#7923=CARTESIAN_POINT('Ctrl Pts',(3.05784374174473,-0.266872713506257,1.49999996701754));
#7924=CARTESIAN_POINT('Ctrl Pts',(3.05922265861051,-0.239632659820817,1.49999997176984));
#7925=CARTESIAN_POINT('Ctrl Pts',(3.06022421845464,-0.212387340766323,1.49999997756935));
#7926=CARTESIAN_POINT('Ctrl Pts',(3.06084543062069,-0.18514840311728,1.49999998455927));
#7927=CARTESIAN_POINT('Ctrl Pts',(3.06222803926487,-0.124523720101791,1.50000000011647));
#7928=CARTESIAN_POINT('Ctrl Pts',(3.0617258351388,-0.0639447437075466,1.50000000000634));
#7929=CARTESIAN_POINT('Ctrl Pts',(3.05938729161735,-0.00353608634912693,
1.50000000000016));
#7930=CARTESIAN_POINT('Origin',(0.,0.,1.5));
#7931=CARTESIAN_POINT('Ctrl Pts',(-1.63439333152878,2.69294365512549,1.73098405888557));
#7932=CARTESIAN_POINT('Ctrl Pts',(-0.980730899284004,3.08972163707973,1.71166751017908));
#7933=CARTESIAN_POINT('Ctrl Pts',(-0.182727436276001,3.23605361210699,1.69242605184813));
#7934=CARTESIAN_POINT('Ctrl Pts',(1.31656439461573,2.96129824906148,1.65392520445367));
#7935=CARTESIAN_POINT('Ctrl Pts',(2.01020990428271,2.54200908640455,1.63469347080328));
#7936=CARTESIAN_POINT('Ctrl Pts',(2.94921686074845,1.34345602339367,1.59622674968471));
#7937=CARTESIAN_POINT('Ctrl Pts',(3.19032729248994,0.569691493823065,1.57700011083067));
#7938=CARTESIAN_POINT('Ctrl Pts',(3.09839661642522,-0.950092012494465,1.53853514081727));
#7939=CARTESIAN_POINT('Ctrl Pts',(2.76569680093436,-1.68923041267792,1.51930002637469));
#7940=CARTESIAN_POINT('Ctrl Pts',(1.68923041267794,-2.76569680093435,1.48085082196061));
#7941=CARTESIAN_POINT('Ctrl Pts',(0.950092012494784,-3.09839661642494,1.46161570751801));
#7942=CARTESIAN_POINT('Ctrl Pts',(-0.56969149382333,-3.19032729249022,1.42315073750465));
#7943=CARTESIAN_POINT('Ctrl Pts',(-1.34345602339373,-2.94921686074841,1.40392409865065));
#7944=CARTESIAN_POINT('Ctrl Pts',(-2.54200908640453,-2.01020990428272,1.36545737753195));
#7945=CARTESIAN_POINT('Ctrl Pts',(-2.96129824906163,-1.31656439461556,1.34622564388152));
#7946=CARTESIAN_POINT('Ctrl Pts',(-3.23572244064713,0.180920291699357,1.30777120279465));
#7947=CARTESIAN_POINT('Ctrl Pts',(-3.09042465651821,0.976888369474767,1.28857599604919));
#7948=CARTESIAN_POINT('Ctrl Pts',(-2.69580533982027,1.62966923303109,1.26930631710425));
#7949=CARTESIAN_POINT('Ctrl Pts',(-1.44645031280298,2.38331747210695,1.48090869353847));
#7950=CARTESIAN_POINT('Ctrl Pts',(-0.870565108613386,2.73290369516998,1.46158396243329));
#7951=CARTESIAN_POINT('Ctrl Pts',(-0.158288601039297,2.86334043373933,1.44235062768048));
#7952=CARTESIAN_POINT('Ctrl Pts',(1.16176405506699,2.62143191396078,1.40384978028602));
#7953=CARTESIAN_POINT('Ctrl Pts',(1.78130989915723,2.24687214108072,1.38461804663563));
#7954=CARTESIAN_POINT('Ctrl Pts',(2.60787678796807,1.19183812548956,1.34615132551707));
#7955=CARTESIAN_POINT('Ctrl Pts',(2.82328090194884,0.500563678664461,1.32692468666302));
#7956=CARTESIAN_POINT('Ctrl Pts',(2.74235895277004,-0.837225347730892,1.28845971664962));
#7957=CARTESIAN_POINT('Ctrl Pts',(2.44511660625142,-1.49757841567544,1.26922460220704));
#7958=CARTESIAN_POINT('Ctrl Pts',(1.49757841567546,-2.44511660625141,1.23077539779296));
#7959=CARTESIAN_POINT('Ctrl Pts',(0.837225347731128,-2.74235895276958,1.21154028335053));
#7960=CARTESIAN_POINT('Ctrl Pts',(-0.500563678664664,-2.82328090194929,
1.17307531333684));
#7961=CARTESIAN_POINT('Ctrl Pts',(-1.19183812548934,-2.60787678796806,1.153848674483));
#7962=CARTESIAN_POINT('Ctrl Pts',(-2.24687214108101,-1.78130989915719,1.1153819533643));
#7963=CARTESIAN_POINT('Ctrl Pts',(-2.62143191396107,-1.161764055067,1.09615021971387));
#7964=CARTESIAN_POINT('Ctrl Pts',(-2.863048853634,0.156697499194428,1.057695778627));
#7965=CARTESIAN_POINT('Ctrl Pts',(-2.73353035818974,0.867135422217315,1.03850865638748));
#7966=CARTESIAN_POINT('Ctrl Pts',(-2.38583882154495,1.44228815968671,1.0192308929366));
#7967=CARTESIAN_POINT('',(-1.45669783377531,2.40967536184765,1.5));
#7968=CARTESIAN_POINT('Ctrl Pts',(3.05928818282953,-0.00100380964554079,
1.50000000000001));
#7969=CARTESIAN_POINT('Ctrl Pts',(3.05645387358037,0.0706341438940392,1.50000000000001));
#7970=CARTESIAN_POINT('Ctrl Pts',(3.05101500790385,0.14250831420922,1.50000000084609));
#7971=CARTESIAN_POINT('Ctrl Pts',(3.04298609870305,0.214269230005159,1.50000000132633));
#7972=CARTESIAN_POINT('Ctrl Pts',(3.0348838742045,0.286685424466739,1.50000000181094));
#7973=CARTESIAN_POINT('Ctrl Pts',(3.0241441937413,0.358985722279884,1.50000000195883));
#7974=CARTESIAN_POINT('Ctrl Pts',(3.01083549883724,0.43081101775612,1.5000000017075));
#7975=CARTESIAN_POINT('Ctrl Pts',(2.9973922472422,0.503362498193209,1.50000000145363));
#7976=CARTESIAN_POINT('Ctrl Pts',(2.98132792781806,0.575428707862328,1.50000000083248));
#7977=CARTESIAN_POINT('Ctrl Pts',(2.96276547161168,0.646648532064948,1.50000000040445));
#7978=CARTESIAN_POINT('Ctrl Pts',(2.95257268628419,0.685755877078353,1.50000000016942));
#7979=CARTESIAN_POINT('Ctrl Pts',(2.94162756861402,0.724608232675859,1.5));
#7980=CARTESIAN_POINT('Ctrl Pts',(2.92995678456756,0.763147973075553,1.5));
#7981=CARTESIAN_POINT('Ctrl Pts',(2.89985373236892,0.862555503225745,1.5));
#7982=CARTESIAN_POINT('Ctrl Pts',(2.86474334983976,0.960498014694994,1.50000000078802));
#7983=CARTESIAN_POINT('Ctrl Pts',(2.8247326116799,1.05653743856169,1.50000000104857));
#7984=CARTESIAN_POINT('Ctrl Pts',(2.78610408954818,1.14925907232736,1.50000000130012));
#7985=CARTESIAN_POINT('Ctrl Pts',(2.74290747321927,1.24020736846201,1.50000000101797));
#7986=CARTESIAN_POINT('Ctrl Pts',(2.69520748474553,1.32895189286931,1.50000000054063));
#7987=CARTESIAN_POINT('Ctrl Pts',(2.66952014076411,1.37674249403839,1.50000000028357));
#7988=CARTESIAN_POINT('Ctrl Pts',(2.64252629994571,1.42389332048719,1.5));
#7989=CARTESIAN_POINT('Ctrl Pts',(2.61423276160985,1.47033173925046,1.5));
#7990=CARTESIAN_POINT('Ctrl Pts',(2.57442741935823,1.53566457710741,1.5));
#7991=CARTESIAN_POINT('Ctrl Pts',(2.53234248304392,1.59911537756486,1.49999996531191));
#7992=CARTESIAN_POINT('Ctrl Pts',(2.48798797408459,1.66067041077418,1.49999994122472));
#7993=CARTESIAN_POINT('Ctrl Pts',(2.44610388754929,1.71879700033886,1.49999991847912));
#7994=CARTESIAN_POINT('Ctrl Pts',(2.40219530106908,1.77523343048657,1.49999990515236));
#7995=CARTESIAN_POINT('Ctrl Pts',(2.3562283236135,1.829937325786,1.49999994030847));
#7996=CARTESIAN_POINT('Ctrl Pts',(2.35351708263239,1.83316389083274,1.49999994238206));
#7997=CARTESIAN_POINT('Ctrl Pts',(2.35079866948127,1.83638441836806,1.49999994462469));
#7998=CARTESIAN_POINT('Ctrl Pts',(2.34807307304286,1.83959889576218,1.49999994704451));
#7999=CARTESIAN_POINT('Ctrl Pts',(2.30134913552481,1.8947035469129,1.49999998852666));
#8000=CARTESIAN_POINT('Ctrl Pts',(2.25250109379494,1.94805401468988,1.49999999799901));
#8001=CARTESIAN_POINT('Ctrl Pts',(2.20155633700251,1.99966394917671,1.49999999988715));
#8002=CARTESIAN_POINT('Ctrl Pts',(2.17791651755839,2.02361243003339,1.50000000076329));
#8003=CARTESIAN_POINT('Ctrl Pts',(2.15382475942476,2.04718556352618,1.5));
#8004=CARTESIAN_POINT('Ctrl Pts',(2.12928161430505,2.07038159900281,1.5));
#8005=CARTESIAN_POINT('Ctrl Pts',(2.09005400338553,2.10745610799968,1.5));
#8006=CARTESIAN_POINT('Ctrl Pts',(2.04959678641641,2.14363287410042,1.50000000017138));
#8007=CARTESIAN_POINT('Ctrl Pts',(2.00814002060659,2.17869603501701,1.50000000021604));
#8008=CARTESIAN_POINT('Ctrl Pts',(1.96631886791403,2.21406738581903,1.50000000026108));
#8009=CARTESIAN_POINT('Ctrl Pts',(1.92348091126523,2.24830517918742,1.50000000016894));
#8010=CARTESIAN_POINT('Ctrl Pts',(1.87989666986369,2.28122825907467,1.5000000000712));
#8011=CARTESIAN_POINT('Ctrl Pts',(1.86303151421127,2.29396802117675,1.50000000003338));
#8012=CARTESIAN_POINT('Ctrl Pts',(1.84605494376125,2.30651137461014,1.5));
#8013=CARTESIAN_POINT('Ctrl Pts',(1.82898378961997,2.31884955949927,1.5));
#8014=CARTESIAN_POINT('Ctrl Pts',(1.77195038320855,2.36007048149067,1.5));
#8015=CARTESIAN_POINT('Ctrl Pts',(1.71365544971941,2.39915685575772,1.49999999988375));
#8016=CARTESIAN_POINT('Ctrl Pts',(1.65412113974964,2.43614604981284,1.49999999989535));
#8017=CARTESIAN_POINT('Ctrl Pts',(1.60413476570841,2.46720302671342,1.49999999990509));
#8018=CARTESIAN_POINT('Ctrl Pts',(1.55327389541759,2.49678093139391,1.5));
#8019=CARTESIAN_POINT('Ctrl Pts',(1.50153761696041,2.52487723635337,1.5));
#8020=CARTESIAN_POINT('Ctrl Pts',(1.4372188243386,2.55980669912141,1.5));
#8021=CARTESIAN_POINT('Ctrl Pts',(1.37134061287953,2.59254967832839,1.50000000061382));
#8022=CARTESIAN_POINT('Ctrl Pts',(1.30422850451328,2.62286771068368,1.5000000010564));
#8023=CARTESIAN_POINT('Ctrl Pts',(1.23714025696355,2.65317496386626,1.50000000149881));
#8024=CARTESIAN_POINT('Ctrl Pts',(1.16881959955001,2.68105865170755,1.50000000175916));
#8025=CARTESIAN_POINT('Ctrl Pts',(1.09961873259922,2.70632501823752,1.50000000161643));
#8026=CARTESIAN_POINT('Ctrl Pts',(1.03095829322065,2.73139406583603,1.50000000147482));
#8027=CARTESIAN_POINT('Ctrl Pts',(0.961431981325258,2.75388627158511,1.50000000092695));
#8028=CARTESIAN_POINT('Ctrl Pts',(0.891401013849061,2.77366042273428,1.50000000046244));
#8029=CARTESIAN_POINT('Ctrl Pts',(0.853746417769897,2.78429268587678,1.50000000021268));
#8030=CARTESIAN_POINT('Ctrl Pts',(0.815946161252119,2.79413999332243,1.5));
#8031=CARTESIAN_POINT('Ctrl Pts',(0.778057486355637,2.80318655432962,1.5));
#8032=CARTESIAN_POINT('Ctrl Pts',(0.707839503297148,2.81995228364784,1.5));
#8033=CARTESIAN_POINT('Ctrl Pts',(0.63707365476321,2.83403154609707,1.49999989817325));
#8034=CARTESIAN_POINT('Ctrl Pts',(0.565791192390123,2.84533337857126,1.49999992480267));
#8035=CARTESIAN_POINT('Ctrl Pts',(0.551420394023272,2.84761186826221,1.49999993017126));
#8036=CARTESIAN_POINT('Ctrl Pts',(0.537028592182801,2.84977730316856,1.49999994075786));
#8037=CARTESIAN_POINT('Ctrl Pts',(0.522616041266958,2.85182867782994,1.49999995844481));
#8038=CARTESIAN_POINT('Ctrl Pts',(0.481039623464889,2.85774635406142,1.50000000946699));
#8039=CARTESIAN_POINT('Ctrl Pts',(0.43927042410472,2.86272333168473,1.5));
#8040=CARTESIAN_POINT('Ctrl Pts',(0.397316107328266,2.86676134230427,1.5));
#8041=CARTESIAN_POINT('Ctrl Pts',(0.344456035018562,2.87184900788285,1.5));
#8042=CARTESIAN_POINT('Ctrl Pts',(0.291138309167433,2.87545674467435,1.50000000251207));
#8043=CARTESIAN_POINT('Ctrl Pts',(0.237667926797093,2.87755280079643,1.50000000295286));
#8044=CARTESIAN_POINT('Ctrl Pts',(0.183643500731908,2.87967057560888,1.50000000339821));
#8045=CARTESIAN_POINT('Ctrl Pts',(0.129463713748368,2.88024519006682,1.5000000020267));
#8046=CARTESIAN_POINT('Ctrl Pts',(0.0754463202607899,2.87929706388276,1.50000000087326));
#8047=CARTESIAN_POINT('Ctrl Pts',(0.0528216397300857,2.87889995008974,1.50000000039015));
#8048=CARTESIAN_POINT('Ctrl Pts',(0.0302254437398829,2.87823634068801,1.5));
#8049=CARTESIAN_POINT('Ctrl Pts',(0.00768093055276632,2.87731043752951,
1.5));
#8050=CARTESIAN_POINT('Ctrl Pts',(-0.0607344717090724,2.87450061695282,
1.5));
#8051=CARTESIAN_POINT('Ctrl Pts',(-0.128775965886867,2.86927673606239,1.50000000700899));
#8052=CARTESIAN_POINT('Ctrl Pts',(-0.196456515919537,2.86170224074787,1.50000001374782));
#8053=CARTESIAN_POINT('Ctrl Pts',(-0.264396184120533,2.85409874612187,1.50000002051245));
#8054=CARTESIAN_POINT('Ctrl Pts',(-0.331972779355682,2.84412643956412,1.50000002656958));
#8055=CARTESIAN_POINT('Ctrl Pts',(-0.399193415931851,2.83179713070774,1.50000002691989));
#8056=CARTESIAN_POINT('Ctrl Pts',(-0.465833862439066,2.81957423772183,1.50000002726717));
#8057=CARTESIAN_POINT('Ctrl Pts',(-0.53212507979625,2.80503463520516,1.50000002157361));
#8058=CARTESIAN_POINT('Ctrl Pts',(-0.598058818763781,2.78814147310576,1.50000001373571));
#8059=CARTESIAN_POINT('Ctrl Pts',(-0.650461063497973,2.77471527236954,1.50000000750638));
#8060=CARTESIAN_POINT('Ctrl Pts',(-0.702637334863992,2.75980146937781,1.5));
#8061=CARTESIAN_POINT('Ctrl Pts',(-0.754572614523549,2.74336069805696,1.5));
#8062=CARTESIAN_POINT('Ctrl Pts',(-0.823064156186156,2.72167883206396,1.5));
#8063=CARTESIAN_POINT('Ctrl Pts',(-0.890490430972728,2.69754716899831,1.50000001894722));
#8064=CARTESIAN_POINT('Ctrl Pts',(-0.9568154617172,2.67098145636309,1.50000003382356));
#8065=CARTESIAN_POINT('Ctrl Pts',(-1.02259036331473,2.64463609150104,1.50000004857651));
#8066=CARTESIAN_POINT('Ctrl Pts',(-1.08728283410111,2.61589663475845,1.50000005886638));
#8067=CARTESIAN_POINT('Ctrl Pts',(-1.15083619913818,2.58473251193815,1.50000005627967));
#8068=CARTESIAN_POINT('Ctrl Pts',(-1.21284530463516,2.554325634528,1.50000005375582));
#8069=CARTESIAN_POINT('Ctrl Pts',(-1.27377048462397,2.52161018621518,1.50000003858869));
#8070=CARTESIAN_POINT('Ctrl Pts',(-1.33353040454206,2.48651812046413,1.50000002249127));
#8071=CARTESIAN_POINT('Ctrl Pts',(-1.37516507562903,2.46206951649495,1.50000001127621));
#8072=CARTESIAN_POINT('Ctrl Pts',(-1.41623356413226,2.43646651448164,1.5));
#8073=CARTESIAN_POINT('Ctrl Pts',(-1.45669783377531,2.40967536184765,1.5));
#8074=CARTESIAN_POINT('',(-1.62880676572782,2.69430602989067,1.73076889352112));
#8075=CARTESIAN_POINT('',(-1.62961271783556,2.69571185215864,1.7307691070634));
#8076=CARTESIAN_POINT('',(-0.190092674489803,3.14264186133553,1.69230989103561));
#8077=CARTESIAN_POINT('Ctrl Pts',(-0.190127586532997,3.14316053866149,1.69306338286186));
#8078=CARTESIAN_POINT('Ctrl Pts',(-0.323854941390634,3.13487598945862,1.69658430528634));
#8079=CARTESIAN_POINT('Ctrl Pts',(-0.456929832848509,3.11792187352427,1.69998124633251));
#8080=CARTESIAN_POINT('Ctrl Pts',(-0.588434463831687,3.09261811445484,1.70331083128931));
#8081=CARTESIAN_POINT('Ctrl Pts',(-0.721455848364544,3.0670225058429,1.70667881915073));
#8082=CARTESIAN_POINT('Ctrl Pts',(-0.852870318024472,3.03288266718522,1.70997788869857));
#8083=CARTESIAN_POINT('Ctrl Pts',(-0.981674001692143,2.9905327517591,1.71326665701905));
#8084=CARTESIAN_POINT('Ctrl Pts',(-1.11071720470886,2.94810408373923,1.71656154103145));
#8085=CARTESIAN_POINT('Ctrl Pts',(-1.23713954151064,2.89743389440336,1.7198460857297));
#8086=CARTESIAN_POINT('Ctrl Pts',(-1.35988222852,2.8388744427622,1.72317923991157));
#8087=CARTESIAN_POINT('Ctrl Pts',(-1.45172779745749,2.79505573320242,1.72567336359134));
#8088=CARTESIAN_POINT('Ctrl Pts',(-1.54151200424176,2.7468199330537,1.72819470469373));
#8089=CARTESIAN_POINT('Ctrl Pts',(-1.62877518771774,2.6943250270267,1.73076796202482));
#8090=CARTESIAN_POINT('Ctrl Pts',(2.23566051630544,-2.21908007430954,1.5002961286333));
#8091=CARTESIAN_POINT('Ctrl Pts',(2.76900895662352,-1.68158205197162,1.51942212862424));
#8092=CARTESIAN_POINT('Ctrl Pts',(3.09852523525854,-0.946156426324496,1.53855846639196));
#8093=CARTESIAN_POINT('Ctrl Pts',(3.19021658921477,0.569670644481563,1.57692468666302));
#8094=CARTESIAN_POINT('Ctrl Pts',(2.94911391064465,1.3434102945749,1.59615132551706));
#8095=CARTESIAN_POINT('Ctrl Pts',(2.01014086674166,2.5419200714263,1.63461804663563));
#8096=CARTESIAN_POINT('Ctrl Pts',(1.31651770595449,2.96119574344534,1.65384978028602));
#8097=CARTESIAN_POINT('Ctrl Pts',(0.318069576544768,3.14416811253975,1.67949020890686));
#8098=CARTESIAN_POINT('Ctrl Pts',(0.063082583284593,3.15850391340276,1.68589985503329));
#8099=CARTESIAN_POINT('Ctrl Pts',(-0.190092674489803,3.14264186133553,1.69230989103561));
#8100=CARTESIAN_POINT('Ctrl Pts',(1.14419372330999,2.54229084518304,2.40384603721277));
#8101=CARTESIAN_POINT('Ctrl Pts',(1.75708357094342,2.26645114915387,2.38456906760132));
#8102=CARTESIAN_POINT('Ctrl Pts',(2.26721417085391,1.75538863006963,2.36538337260426));
#8103=CARTESIAN_POINT('Ctrl Pts',(2.81736751951216,0.532998816550336,2.32692455297021));
#8104=CARTESIAN_POINT('Ctrl Pts',(2.86104111429984,-0.189613725706628,2.30769536155605));
#8105=CARTESIAN_POINT('Ctrl Pts',(2.46230385908262,-1.46920705009087,2.26922776485162));
#8106=CARTESIAN_POINT('Ctrl Pts',(2.01574915972148,-2.03916997817289,2.25000027758841));
#8107=CARTESIAN_POINT('Ctrl Pts',(0.86882715965195,-2.73250766491699,2.21153793653838));
#8108=CARTESIAN_POINT('Ctrl Pts',(0.156540161964612,-2.86301984931409,2.19230422980493));
#8109=CARTESIAN_POINT('Ctrl Pts',(-1.16160671783725,-2.62146091828098,2.1538497718542));
#8110=CARTESIAN_POINT('Ctrl Pts',(-1.78130989915672,-2.24687214108081,2.13461804663553));
#8111=CARTESIAN_POINT('Ctrl Pts',(-2.60787678796858,-1.19183812548946,2.09615132551717));
#8112=CARTESIAN_POINT('Ctrl Pts',(-2.82328090194897,-0.50056367866464,2.07692468666283));
#8113=CARTESIAN_POINT('Ctrl Pts',(-2.74235895276991,0.837225347730986,2.0384597166498));
#8114=CARTESIAN_POINT('Ctrl Pts',(-2.44522683902657,1.49746795053601,2.0192245939818));
#8115=CARTESIAN_POINT('Ctrl Pts',(-1.4974681829003,2.44522707139085,1.9807754060182));
#8116=CARTESIAN_POINT('Ctrl Pts',(-0.83915552380272,2.74224220406704,1.96158598742121));
#8117=CARTESIAN_POINT('Ctrl Pts',(-0.168330834533226,2.78281992735944,1.94230779834368));
#8118=CARTESIAN_POINT('Ctrl Pts',(1.29280174051948,2.87248388328112,2.15384603721277));
#8119=CARTESIAN_POINT('Ctrl Pts',(1.98837948815846,2.55942933278549,2.13457709589462));
#8120=CARTESIAN_POINT('Ctrl Pts',(2.56007239399536,1.98695122247193,2.11538337260426));
#8121=CARTESIAN_POINT('Ctrl Pts',(3.1848953725669,0.598652258567007,2.0769245529702));
#8122=CARTESIAN_POINT('Ctrl Pts',(3.23385105386197,-0.210333429235813,2.05769536155605));
#8123=CARTESIAN_POINT('Ctrl Pts',(2.78089059938337,-1.66393518670894,2.01922776485162));
#8124=CARTESIAN_POINT('Ctrl Pts',(2.28106431542196,-2.30189610752507,2.00000027758841));
#8125=CARTESIAN_POINT('Ctrl Pts',(0.978161120249224,-3.08952759679218,1.96153793653838));
#8126=CARTESIAN_POINT('Ctrl Pts',(0.180913271595597,-3.23560986750956,1.94230422980493));
#8127=CARTESIAN_POINT('Ctrl Pts',(-1.31651799158237,-2.96119591611347,1.90384977185419));
#8128=CARTESIAN_POINT('Ctrl Pts',(-2.01014086674136,-2.54192007142617,1.88461804663562));
#8129=CARTESIAN_POINT('Ctrl Pts',(-2.94911391064496,-1.34341029457502,1.84615132551709));
#8130=CARTESIAN_POINT('Ctrl Pts',(-3.19021658921488,-0.569670644481648,
1.82692468666291));
#8131=CARTESIAN_POINT('Ctrl Pts',(-3.09828923344447,0.950057971267613,1.78845971664972));
#8132=CARTESIAN_POINT('Ctrl Pts',(-2.76559978716028,1.68917262900433,1.7692245939818));
#8133=CARTESIAN_POINT('Ctrl Pts',(-1.68917293431498,2.76560009247091,1.7307754060182));
#8134=CARTESIAN_POINT('Ctrl Pts',(-0.951543653171903,3.09819937305277,1.71157784821044));
#8135=CARTESIAN_POINT('Ctrl Pts',(-0.190193663393038,3.14425291132968,1.69230779834368));
#8136=CARTESIAN_POINT('',(1.29237639904548,2.87148433418814,2.15459531566823));
#8137=CARTESIAN_POINT('Ctrl Pts',(-1.62880676572782,2.69430602989067,1.73076889352112));
#8138=CARTESIAN_POINT('Ctrl Pts',(-1.79229505436275,2.59594719628346,1.73559394674283));
#8139=CARTESIAN_POINT('Ctrl Pts',(-1.94674915253089,2.48306002374146,1.74041157859993));
#8140=CARTESIAN_POINT('Ctrl Pts',(-2.08951182797369,2.3569502412196,1.74522596578262));
#8141=CARTESIAN_POINT('Ctrl Pts',(-2.13678149853313,2.31519445417203,1.74682004137251));
#8142=CARTESIAN_POINT('Ctrl Pts',(-2.18276940286935,2.27198861838002,1.74841376112184));
#8143=CARTESIAN_POINT('Ctrl Pts',(-2.22737890862037,2.22737890862037,1.75000727635402));
#8144=CARTESIAN_POINT('Ctrl Pts',(-2.36072746207844,2.09402974533141,1.75477067705858));
#8145=CARTESIAN_POINT('Ctrl Pts',(-2.48138679413925,1.94842885253859,1.75953123665135));
#8146=CARTESIAN_POINT('Ctrl Pts',(-2.58819650109544,1.79328660573567,1.76429128676537));
#8147=CARTESIAN_POINT('Ctrl Pts',(-2.69807882493812,1.6336813498962,1.76918827022354));
#8148=CARTESIAN_POINT('Ctrl Pts',(-2.79330402989782,1.4639766234488,1.77408471456364));
#8149=CARTESIAN_POINT('Ctrl Pts',(-2.87256851439828,1.28708668693634,1.7789831604431));
#8150=CARTESIAN_POINT('Ctrl Pts',(-2.92369901774799,1.17298171863459,1.78214296151954));
#8151=CARTESIAN_POINT('Ctrl Pts',(-2.96818733908924,1.05588624920103,1.7853035954825));
#8152=CARTESIAN_POINT('Ctrl Pts',(-3.00567271364607,0.936578644633229,1.78846574439917));
#8153=CARTESIAN_POINT('Ctrl Pts',(-3.08170566828092,0.694582671725331,1.79487964656694));
#8154=CARTESIAN_POINT('Ctrl Pts',(-3.1289092228702,0.443551549475732,1.80129211530042));
#8155=CARTESIAN_POINT('Ctrl Pts',(-3.14423628115967,0.19019265744561,1.8077037045979));
#8156=CARTESIAN_POINT('Ctrl Pts',(-3.16072849546481,-0.0824264625808797,
1.81460270000415));
#8157=CARTESIAN_POINT('Ctrl Pts',(-3.14026840801253,-0.356854209038387,
1.82150026405193));
#8158=CARTESIAN_POINT('Ctrl Pts',(-3.08556855010017,-0.624340706414463,
1.82839827536271));
#8159=CARTESIAN_POINT('Ctrl Pts',(-3.0386290921433,-0.853878253252917,1.83431764927456));
#8160=CARTESIAN_POINT('Ctrl Pts',(-2.9664771539532,-1.07830333919817,1.84023735262232));
#8161=CARTESIAN_POINT('Ctrl Pts',(-2.87085590627916,-1.29209647617124,1.84615857229866));
#8162=CARTESIAN_POINT('Ctrl Pts',(-2.76729356369038,-1.52364457487219,1.85257153380649));
#8163=CARTESIAN_POINT('Ctrl Pts',(-2.63615781914119,-1.74284115794917,1.85898339420156));
#8164=CARTESIAN_POINT('Ctrl Pts',(-2.47961502683401,-1.94265549809653,1.86539552851725));
#8165=CARTESIAN_POINT('Ctrl Pts',(-2.31185957292975,-2.15678190298539,1.87226694359022));
#8166=CARTESIAN_POINT('Ctrl Pts',(-2.11546952714689,-2.34794645345469,1.87913760619163));
#8167=CARTESIAN_POINT('Ctrl Pts',(-1.89819225042774,-2.51145384183409,1.88600850415489));
#8168=CARTESIAN_POINT('Ctrl Pts',(-1.71011298069453,-2.65298889173317,1.89195608178865));
#8169=CARTESIAN_POINT('Ctrl Pts',(-1.50638454320209,-2.77380045858325,1.89790383576825));
#8170=CARTESIAN_POINT('Ctrl Pts',(-1.29204800282488,-2.87087031534204,1.90385240719872));
#8171=CARTESIAN_POINT('Ctrl Pts',(-1.06097943969099,-2.97551785833865,1.91026534943768));
#8172=CARTESIAN_POINT('Ctrl Pts',(-0.817465355452044,-3.05263390106597,
1.91667677353495));
#8173=CARTESIAN_POINT('Ctrl Pts',(-0.56779964897821,-3.09838809825331,1.92308738482414));
#8174=CARTESIAN_POINT('Ctrl Pts',(-0.303430047908469,-3.14683695824503,
1.92987554477238));
#8175=CARTESIAN_POINT('Ctrl Pts',(-0.0329823971488405,-3.15996753069266,
1.9366641617161));
#8176=CARTESIAN_POINT('Ctrl Pts',(0.23493600846018,-3.13933863494685,1.94345380266498));
#8177=CARTESIAN_POINT('Ctrl Pts',(0.472835414230973,-3.12102111014492,1.94948269621361));
#8178=CARTESIAN_POINT('Ctrl Pts',(0.70873925452886,-3.07608636163309,1.95551239708203));
#8179=CARTESIAN_POINT('Ctrl Pts',(0.936627457680928,-3.00565969114396,1.96154330208764));
#8180=CARTESIAN_POINT('Ctrl Pts',(1.17898069004282,-2.93076274166853,1.96795701417085));
#8181=CARTESIAN_POINT('Ctrl Pts',(1.41238870964862,-2.82700726439368,1.97436914731523));
#8182=CARTESIAN_POINT('Ctrl Pts',(1.62960423233641,-2.69569781541206,1.98078043165862));
#8183=CARTESIAN_POINT('Ctrl Pts',(1.86577761520524,-2.5529281073134,1.98775127192443));
#8184=CARTESIAN_POINT('Ctrl Pts',(2.08204048689874,-2.37805632016449,1.99472095792971));
#8185=CARTESIAN_POINT('Ctrl Pts',(2.27255271481793,-2.17851320782944,2.0016913339562));
#8186=CARTESIAN_POINT('Ctrl Pts',(2.43236566862897,-2.01112461265518,2.00753849869798));
#8187=CARTESIAN_POINT('Ctrl Pts',(2.57405815590634,-1.82637665273909,2.01338614905216));
#8188=CARTESIAN_POINT('Ctrl Pts',(2.69420537574294,-1.62867276924612,2.01923537341613));
#8189=CARTESIAN_POINT('Ctrl Pts',(2.82593605812282,-1.41190814067541,2.02564852486406));
#8190=CARTESIAN_POINT('Ctrl Pts',(2.93183830330393,-1.17946757276786,2.03206053297844));
#8191=CARTESIAN_POINT('Ctrl Pts',(3.00735544988352,-0.937129516388422,2.03847268325951));
#8192=CARTESIAN_POINT('Ctrl Pts',(3.08766154695643,-0.679423493828944,2.04529146265254));
#8193=CARTESIAN_POINT('Ctrl Pts',(3.13334229188767,-0.411362966483693,2.05210903006284));
#8194=CARTESIAN_POINT('Ctrl Pts',(3.14492256563807,-0.14178192352554,2.05892670057619));
#8195=CARTESIAN_POINT('Ctrl Pts',(3.15511441713456,0.0954775761477033,2.06492696334387));
#8196=CARTESIAN_POINT('Ctrl Pts',(3.13889333433151,0.333913462690299,2.0709273060132));
#8197=CARTESIAN_POINT('Ctrl Pts',(3.09665045762093,0.567506448832698,2.07692862528987));
#8198=CARTESIAN_POINT('Ctrl Pts',(3.05673981463663,0.788202741309116,2.08259861108954));
#8199=CARTESIAN_POINT('Ctrl Pts',(2.99357704144598,1.00473818825742,2.08826906663947));
#8200=CARTESIAN_POINT('Ctrl Pts',(2.90743621609252,1.21199069288801,2.09393962220038));
#8201=CARTESIAN_POINT('Ctrl Pts',(2.89617359193296,1.23908826313074,2.09468102833151));
#8202=CARTESIAN_POINT('Ctrl Pts',(2.88451823770293,1.26602713739184,2.09542243617313));
#8203=CARTESIAN_POINT('Ctrl Pts',(2.87247083126251,1.29279586627506,2.09616384489945));
#8204=CARTESIAN_POINT('Ctrl Pts',(2.78085579170815,1.49635985887245,2.10180192062331));
#8205=CARTESIAN_POINT('Ctrl Pts',(2.66692370377342,1.6894949362968,2.10743695912949));
#8206=CARTESIAN_POINT('Ctrl Pts',(2.53411422571276,1.86867062884374,2.11307127340639));
#8207=CARTESIAN_POINT('Ctrl Pts',(2.40172035998517,2.04728561120119,2.11868795573008));
#8208=CARTESIAN_POINT('Ctrl Pts',(2.2505682819067,2.21202717992156,2.12430391935314));
#8209=CARTESIAN_POINT('Ctrl Pts',(2.08410299009439,2.35943090319567,2.12992145291931));
#8210=CARTESIAN_POINT('Ctrl Pts',(2.03778255715358,2.40044728688028,2.13148458108862));
#8211=CARTESIAN_POINT('Ctrl Pts',(1.9902766171105,2.44012149600474,2.13304783074977));
#8212=CARTESIAN_POINT('Ctrl Pts',(1.94165971578831,2.47837954892217,2.13461125101379));
#8213=CARTESIAN_POINT('Ctrl Pts',(1.84905582298704,2.55125224411252,2.13758920309619));
#8214=CARTESIAN_POINT('Ctrl Pts',(1.75235771233999,2.61883947483789,2.14067352261014));
#8215=CARTESIAN_POINT('Ctrl Pts',(1.65216977153787,2.6807190310158,2.1437905504696));
#8216=CARTESIAN_POINT('Ctrl Pts',(1.5527353229392,2.74213320420691,2.14688413582518));
#8217=CARTESIAN_POINT('Ctrl Pts',(1.4498638788552,2.79792593281786,2.15000993966171));
#8218=CARTESIAN_POINT('Ctrl Pts',(1.34410498318363,2.84771446327622,2.15309594990421));
#8219=CARTESIAN_POINT('Ctrl Pts',(1.32693756030332,2.85579643833411,2.15359688973068));
#8220=CARTESIAN_POINT('Ctrl Pts',(1.3096939548835,2.86372025575107,2.15409678099504));
#8221=CARTESIAN_POINT('Ctrl Pts',(1.29237639904548,2.87148433418814,2.15459531566823));
#8222=CARTESIAN_POINT('',(1.14419372330999,2.54229084518304,2.40384603721277));
#8223=CARTESIAN_POINT('',(1.14419372330999,2.54229084518304,2.40384603721277));
#8224=CARTESIAN_POINT('',(-0.168330834533226,2.78281992735944,1.94230779834368));
#8225=CARTESIAN_POINT('Ctrl Pts',(1.14419372330999,2.54229084518304,2.40384603721277));
#8226=CARTESIAN_POINT('Ctrl Pts',(1.75708357094342,2.26645114915387,2.38456906760132));
#8227=CARTESIAN_POINT('Ctrl Pts',(2.26721417085391,1.75538863006963,2.36538337260426));
#8228=CARTESIAN_POINT('Ctrl Pts',(2.81736751951216,0.532998816550336,2.32692455297021));
#8229=CARTESIAN_POINT('Ctrl Pts',(2.86104111429984,-0.189613725706628,2.30769536155605));
#8230=CARTESIAN_POINT('Ctrl Pts',(2.46230385908262,-1.46920705009087,2.26922776485162));
#8231=CARTESIAN_POINT('Ctrl Pts',(2.01574915972148,-2.03916997817289,2.25000027758841));
#8232=CARTESIAN_POINT('Ctrl Pts',(0.86882715965195,-2.73250766491699,2.21153793653838));
#8233=CARTESIAN_POINT('Ctrl Pts',(0.156540161964612,-2.86301984931409,2.19230422980493));
#8234=CARTESIAN_POINT('Ctrl Pts',(-1.16160671783725,-2.62146091828098,2.1538497718542));
#8235=CARTESIAN_POINT('Ctrl Pts',(-1.78130989915672,-2.24687214108081,2.13461804663553));
#8236=CARTESIAN_POINT('Ctrl Pts',(-2.60787678796858,-1.19183812548946,2.09615132551717));
#8237=CARTESIAN_POINT('Ctrl Pts',(-2.82328090194897,-0.50056367866464,2.07692468666283));
#8238=CARTESIAN_POINT('Ctrl Pts',(-2.74235895276991,0.837225347730986,2.0384597166498));
#8239=CARTESIAN_POINT('Ctrl Pts',(-2.44522683902657,1.49746795053601,2.0192245939818));
#8240=CARTESIAN_POINT('Ctrl Pts',(-1.4974681829003,2.44522707139085,1.9807754060182));
#8241=CARTESIAN_POINT('Ctrl Pts',(-0.83915552380272,2.74224220406704,1.96158598742121));
#8242=CARTESIAN_POINT('Ctrl Pts',(-0.168330834533226,2.78281992735944,1.94230779834368));
#8243=CARTESIAN_POINT('',(-0.168330834533226,2.78281992735944,1.94230779834368));
#8244=CARTESIAN_POINT('Ctrl Pts',(1.2879020547429,2.87501327089499,2.65419268805282));
#8245=CARTESIAN_POINT('Ctrl Pts',(1.98581893620946,2.5624267583641,2.63487703128379));
#8246=CARTESIAN_POINT('Ctrl Pts',(2.55956385322272,1.98881369309408,2.61563720957315));
#8247=CARTESIAN_POINT('Ctrl Pts',(3.18520052848089,0.598706770180041,2.57713212629523));
#8248=CARTESIAN_POINT('Ctrl Pts',(3.234160595457,-0.210350632666832,2.55790293488107));
#8249=CARTESIAN_POINT('Ctrl Pts',(2.78115511981934,-1.66409686817611,2.51943533817664));
#8250=CARTESIAN_POINT('Ctrl Pts',(2.28128460481824,-2.30211424726987,2.50020785091343));
#8251=CARTESIAN_POINT('Ctrl Pts',(0.978251899504097,-3.08982402804978,2.4617455098634));
#8252=CARTESIAN_POINT('Ctrl Pts',(0.180933508425226,-3.23591922650519,2.44251180312995));
#8253=CARTESIAN_POINT('Ctrl Pts',(-1.31664661337507,-2.96147799580614,2.40405734517922));
#8254=CARTESIAN_POINT('Ctrl Pts',(-2.01033086356077,-2.54216504774602,2.38482561996056));
#8255=CARTESIAN_POINT('Ctrl Pts',(-2.9493972375415,-1.3435361439314,2.34635889884218));
#8256=CARTESIAN_POINT('Ctrl Pts',(-3.19052125345758,-0.569728023532355,
2.32713225998786));
#8257=CARTESIAN_POINT('Ctrl Pts',(-3.09858475997181,0.950151655438966,2.28866728997482));
#8258=CARTESIAN_POINT('Ctrl Pts',(-2.76586579067265,1.68933180011463,2.26943216730682));
#8259=CARTESIAN_POINT('Ctrl Pts',(-1.6857700266087,2.7694281769415,2.23085575709077));
#8260=CARTESIAN_POINT('Ctrl Pts',(-0.94186457069098,3.10288837992676,2.21153132920057));
#8261=CARTESIAN_POINT('Ctrl Pts',(-0.17509214027547,3.14542972656292,2.19213279305653));
#8262=CARTESIAN_POINT('Ctrl Pts',(1.13976832330661,2.54427766996418,2.40398517300062));
#8263=CARTESIAN_POINT('Ctrl Pts',(1.7546275848333,2.26890967929024,2.38466138429083));
#8264=CARTESIAN_POINT('Ctrl Pts',(2.26655236950807,1.75685909139781,2.36542963624812));
#8265=CARTESIAN_POINT('Ctrl Pts',(2.81736751951216,0.532998816550254,2.32692455297021));
#8266=CARTESIAN_POINT('Ctrl Pts',(2.86104111429984,-0.189613725706627,2.30769536155605));
#8267=CARTESIAN_POINT('Ctrl Pts',(2.46230385908262,-1.46920705009087,2.26922776485162));
#8268=CARTESIAN_POINT('Ctrl Pts',(2.01574915972148,-2.03916997817273,2.25000027758841));
#8269=CARTESIAN_POINT('Ctrl Pts',(0.86882715965195,-2.73250766491715,2.21153793653838));
#8270=CARTESIAN_POINT('Ctrl Pts',(0.156540161964612,-2.86301984931392,2.19230422980493));
#8271=CARTESIAN_POINT('Ctrl Pts',(-1.16160671783725,-2.62146091828114,2.1538497718542));
#8272=CARTESIAN_POINT('Ctrl Pts',(-1.78130989915672,-2.24687214108081,2.13461804663553));
#8273=CARTESIAN_POINT('Ctrl Pts',(-2.60787678796858,-1.19183812548946,2.09615132551717));
#8274=CARTESIAN_POINT('Ctrl Pts',(-2.82328090194897,-0.50056367866464,2.07692468666283));
#8275=CARTESIAN_POINT('Ctrl Pts',(-2.74235895276991,0.837225347730986,2.0384597166498));
#8276=CARTESIAN_POINT('Ctrl Pts',(-2.44522683902657,1.49746795053601,2.0192245939818));
#8277=CARTESIAN_POINT('Ctrl Pts',(-1.49433220012901,2.44836305569985,1.98064818376574));
#8278=CARTESIAN_POINT('Ctrl Pts',(-0.830434438913133,2.74616556200014,1.96133201001578));
#8279=CARTESIAN_POINT('Ctrl Pts',(-0.155011326794421,2.78359180468167,1.94192505586168));
#8280=CARTESIAN_POINT('',(-0.190134614505478,3.14265409947288,2.19230420963952));
#8281=CARTESIAN_POINT('',(-0.190193663393039,3.14425291132968,2.19230779834368));
#8282=CARTESIAN_POINT('',(1.29210491101755,2.87102712613637,2.65384520437621));
#8283=CARTESIAN_POINT('',(1.29280174051948,2.87248388328112,2.65384603721277));
#8284=CARTESIAN_POINT('',(2.47878204797142,1.94197432597101,2.61613772293187));
#8285=CARTESIAN_POINT('Ctrl Pts',(2.47876817596385,1.94199203240483,2.6161382914298));
#8286=CARTESIAN_POINT('Ctrl Pts',(2.39597018212157,2.04736032079477,2.61965952724741));
#8287=CARTESIAN_POINT('Ctrl Pts',(2.30640635298513,2.14726480079749,2.62305698166818));
#8288=CARTESIAN_POINT('Ctrl Pts',(2.21086095740092,2.24113155475076,2.626387207578));
#8289=CARTESIAN_POINT('Ctrl Pts',(2.11422167527776,2.33607297669799,2.62975556080179));
#8290=CARTESIAN_POINT('Ctrl Pts',(2.01146249174514,2.42483695432962,2.63305513780084));
#8291=CARTESIAN_POINT('Ctrl Pts',(1.90342813812555,2.50678703070131,2.63634446647517));
#8292=CARTESIAN_POINT('Ctrl Pts',(1.79519533917197,2.58888763891525,2.63963983722692));
#8293=CARTESIAN_POINT('Ctrl Pts',(1.68166745437494,2.66414849356944,2.64292492222801));
#8294=CARTESIAN_POINT('Ctrl Pts',(1.56373529228782,2.73189833095277,2.6462585771539));
#8295=CARTESIAN_POINT('Ctrl Pts',(1.47553555436007,2.78256744272096,2.64875176888042));
#8296=CARTESIAN_POINT('Ctrl Pts',(1.38487317415578,2.82903467639725,2.65127212740907));
#8297=CARTESIAN_POINT('Ctrl Pts',(1.29213844352847,2.87101194803064,2.65384427400645));
#8298=CARTESIAN_POINT('Ctrl Pts',(-0.190134614505478,3.14265409947288,2.19230420963952));
#8299=CARTESIAN_POINT('Ctrl Pts',(-0.383082605981024,3.13138815470308,2.19719247224357));
#8300=CARTESIAN_POINT('Ctrl Pts',(-0.574764025114863,3.1026092992924,2.20207373106514));
#8301=CARTESIAN_POINT('Ctrl Pts',(-0.762106510165549,3.05623306149031,2.20695269755955));
#8302=CARTESIAN_POINT('Ctrl Pts',(-0.820906805096549,3.04167717225987,2.20848403557267));
#8303=CARTESIAN_POINT('Ctrl Pts',(-0.879279837582187,3.02538738683453,2.21001514763723));
#8304=CARTESIAN_POINT('Ctrl Pts',(-0.937130971825666,3.00736012054773,2.21154617914964));
#8305=CARTESIAN_POINT('Ctrl Pts',(-1.11947424862142,2.95053926734595,2.21637189789311));
#8306=CARTESIAN_POINT('Ctrl Pts',(-1.29612234284884,2.87655130595118,2.22119358307206));
#8307=CARTESIAN_POINT('Ctrl Pts',(-1.46470209841294,2.78732852712562,2.22601396014559));
#8308=CARTESIAN_POINT('Ctrl Pts',(-1.63851087642708,2.69533822789421,2.23098385612102));
#8309=CARTESIAN_POINT('Ctrl Pts',(-1.80374433266069,2.58715260034476,2.23595236150896));
#8310=CARTESIAN_POINT('Ctrl Pts',(-1.95778356630688,2.4648377352778,2.24092246213497));
#8311=CARTESIAN_POINT('Ctrl Pts',(-2.05158997004767,2.39035075332925,2.24394914082533));
#8312=CARTESIAN_POINT('Ctrl Pts',(-2.14124452447075,2.31062294113433,2.24697641109668));
#8313=CARTESIAN_POINT('Ctrl Pts',(-2.22614941866587,2.226113870725,2.25000494724929));
#8314=CARTESIAN_POINT('Ctrl Pts',(-2.40592297352075,2.04717841418874,2.25641742459022));
#8315=CARTESIAN_POINT('Ctrl Pts',(-2.56437780539338,1.84683527743523,2.26282908659389));
#8316=CARTESIAN_POINT('Ctrl Pts',(-2.69569934499467,1.62960515700026,2.26924098349203));
#8317=CARTESIAN_POINT('Ctrl Pts',(-2.83256317703972,1.40320705956243,2.27592348799831));
#8318=CARTESIAN_POINT('Ctrl Pts',(-2.93951989395541,1.15917153424455,2.28260611025033));
#8319=CARTESIAN_POINT('Ctrl Pts',(-3.01504955793686,0.905701737904294,2.28928924219291));
#8320=CARTESIAN_POINT('Ctrl Pts',(-3.08439465364536,0.672986717607813,2.29542514164964));
#8321=CARTESIAN_POINT('Ctrl Pts',(-3.12724881893611,0.432320888574086,2.30156147067503));
#8322=CARTESIAN_POINT('Ctrl Pts',(-3.14247361024462,0.190060838056903,2.30769853293624));
#8323=CARTESIAN_POINT('Ctrl Pts',(-3.15838380418119,-0.0631054818426446,
2.31411187869568));
#8324=CARTESIAN_POINT('Ctrl Pts',(-3.1441377805529,-0.31813986823178,2.32052344175122));
#8325=CARTESIAN_POINT('Ctrl Pts',(-3.0983874558475,-0.567799531253188,2.32693383408686));
#8326=CARTESIAN_POINT('Ctrl Pts',(-3.04924149573607,-0.835989187158139,
2.33382001222995));
#8327=CARTESIAN_POINT('Ctrl Pts',(-2.96389685083324,-1.09713299238306,2.34070624755675));
#8328=CARTESIAN_POINT('Ctrl Pts',(-2.84705947695496,-1.34341214920874,2.34759358195671));
#8329=CARTESIAN_POINT('Ctrl Pts',(-2.74644982424788,-1.55548521807998,2.35352432397065));
#8330=CARTESIAN_POINT('Ctrl Pts',(-2.62248939328618,-1.75653526419742,2.35945588092786));
#8331=CARTESIAN_POINT('Ctrl Pts',(-2.47820938971283,-1.94158617523802,2.36538891778037));
#8332=CARTESIAN_POINT('Ctrl Pts',(-2.32224278926629,-2.14162610308473,2.37180252718772));
#8333=CARTESIAN_POINT('Ctrl Pts',(-2.142461738149,-2.3230737197145,2.37821484010603));
#8334=CARTESIAN_POINT('Ctrl Pts',(-1.94265499020202,-2.479614378555,2.38462672496243));
#8335=CARTESIAN_POINT('Ctrl Pts',(-1.72984178234203,-2.64634508265117,2.39145599273612));
#8336=CARTESIAN_POINT('Ctrl Pts',(-1.49500453517988,-2.78428302856567,2.39828372079209));
#8337=CARTESIAN_POINT('Ctrl Pts',(-1.24662422254238,-2.8907738606631,2.40511164930369));
#8338=CARTESIAN_POINT('Ctrl Pts',(-1.02874403584335,-2.98418803722461,2.41110113503658));
#8339=CARTESIAN_POINT('Ctrl Pts',(-0.800444178868318,-3.05340429868683,
2.41709077510464));
#8340=CARTESIAN_POINT('Ctrl Pts',(-0.567458055518236,-3.0966628565098,2.42308174395539));
#8341=CARTESIAN_POINT('Ctrl Pts',(-0.318068934918733,-3.14296696054291,
2.42949449692));
#8342=CARTESIAN_POINT('Ctrl Pts',(-0.0631794403609246,-3.15956270256767,
2.43590623566709));
#8343=CARTESIAN_POINT('Ctrl Pts',(0.190192747827992,-3.1442377753465,2.44231826776945));
#8344=CARTESIAN_POINT('Ctrl Pts',(0.460985734871438,-3.12785917101701,2.44917116404993));
#8345=CARTESIAN_POINT('Ctrl Pts',(0.729170740665948,-3.07506172120705,2.45602398693899));
#8346=CARTESIAN_POINT('Ctrl Pts',(0.98654234808067,-2.98952612422164,2.46287716864683));
#8347=CARTESIAN_POINT('Ctrl Pts',(1.21059433643857,-2.91506406225424,2.46884312970851));
#8348=CARTESIAN_POINT('Ctrl Pts',(1.42645052707296,-2.81579301126035,2.47480936261812));
#8349=CARTESIAN_POINT('Ctrl Pts',(1.62871048617465,-2.69417072008892,2.48077615310152));
#8350=CARTESIAN_POINT('Ctrl Pts',(1.84610101295649,-2.56345016588928,2.48718930443479));
#8351=CARTESIAN_POINT('Ctrl Pts',(2.04790022633559,-2.40684922120073,2.49360063243243));
#8352=CARTESIAN_POINT('Ctrl Pts',(2.22737566313348,-2.22737566313343,2.50001044529393));
#8353=CARTESIAN_POINT('Ctrl Pts',(2.41626661715173,-2.03848668640645,2.50675652535975));
#8354=CARTESIAN_POINT('Ctrl Pts',(2.57985853047882,-1.82483230076507,2.51350351801293));
#8355=CARTESIAN_POINT('Ctrl Pts',(2.71460722783125,-1.59424031476314,2.52025178225893));
#8356=CARTESIAN_POINT('Ctrl Pts',(2.83581589861686,-1.38681902857433,2.52632195700227));
#8357=CARTESIAN_POINT('Ctrl Pts',(2.93368655462303,-1.16569465884463,2.53239316052012));
#8358=CARTESIAN_POINT('Ctrl Pts',(3.00567267777275,-0.936578984790283,2.53846565375472));
#8359=CARTESIAN_POINT('Ctrl Pts',(3.07375399698539,-0.719891425307875,2.54420875162182));
#8360=CARTESIAN_POINT('Ctrl Pts',(3.11873578326658,-0.495906010510848,2.54995211635001));
#8361=CARTESIAN_POINT('Ctrl Pts',(3.13839710026363,-0.269466244723758,2.55569509245049));
#8362=CARTESIAN_POINT('Ctrl Pts',(3.14068881875822,-0.243072478769956,2.55636449239686));
#8363=CARTESIAN_POINT('Ctrl Pts',(3.14263657806825,-0.21664539838688,2.55703388706201));
#8364=CARTESIAN_POINT('Ctrl Pts',(3.14423690165445,-0.190192694978924,2.55770327540715));
#8365=CARTESIAN_POINT('Ctrl Pts',(3.15789441465851,0.0355604863783135,2.56341598257917));
#8366=CARTESIAN_POINT('Ctrl Pts',(3.14629641385164,0.26246651512737,2.56912451901959));
#8367=CARTESIAN_POINT('Ctrl Pts',(3.11090551343808,0.485620497813809,2.57483197061823));
#8368=CARTESIAN_POINT('Ctrl Pts',(3.07572615904079,0.707440597058443,2.58050530642341));
#8369=CARTESIAN_POINT('Ctrl Pts',(3.0170380021407,0.92555168272813,2.58617757149231));
#8370=CARTESIAN_POINT('Ctrl Pts',(2.93632560158584,1.13514906212462,2.59185179328489));
#8371=CARTESIAN_POINT('Ctrl Pts',(2.91595193997437,1.18805624928692,2.59328409704386));
#8372=CARTESIAN_POINT('Ctrl Pts',(2.89417517079464,1.24042110039502,2.59471652541384));
#8373=CARTESIAN_POINT('Ctrl Pts',(2.87101959978698,1.2921666643891,2.5961491269171));
#8374=CARTESIAN_POINT('Ctrl Pts',(2.82294237515885,1.39960444265981,2.59912359488647));
#8375=CARTESIAN_POINT('Ctrl Pts',(2.76879519225908,1.50427327547895,2.60220490264312));
#8376=CARTESIAN_POINT('Ctrl Pts',(2.70891649575096,1.60551992301271,2.60531924671321));
#8377=CARTESIAN_POINT('Ctrl Pts',(2.64949170276486,1.70599908206413,2.60840998285887));
#8378=CARTESIAN_POINT('Ctrl Pts',(2.58442276781223,1.80310810218789,2.61153325662637));
#8379=CARTESIAN_POINT('Ctrl Pts',(2.51401838030562,1.89625449593211,2.61461692730509));
#8380=CARTESIAN_POINT('Ctrl Pts',(2.50241743096636,1.91160278079376,2.61512504204893));
#8381=CARTESIAN_POINT('Ctrl Pts',(2.49067155367494,1.92684357091227,2.6156320815125));
#8382=CARTESIAN_POINT('Ctrl Pts',(2.47878204797142,1.94197432597101,2.61613772293187));
#8383=CARTESIAN_POINT('Ctrl Pts',(3.09770386919044,0.573257146786175,3.57726926854232));
#8384=CARTESIAN_POINT('Ctrl Pts',(3.23691028048314,-0.178696569959307,3.55795484590156));
#8385=CARTESIAN_POINT('Ctrl Pts',(3.0907690425895,-0.976689104426863,3.53871577136495));
#8386=CARTESIAN_POINT('Ctrl Pts',(2.30211425616406,-2.28128413829563,3.50020730443192));
#8387=CARTESIAN_POINT('Ctrl Pts',(1.66409686802358,-2.78115511956941,3.48097980827768));
#8388=CARTESIAN_POINT('Ctrl Pts',(0.210350632650625,-3.23416059516561,3.44251221157324));
#8389=CARTESIAN_POINT('Ctrl Pts',(-0.598706505044763,-3.185200896644,3.42328302881242));
#8390=CARTESIAN_POINT('Ctrl Pts',(-1.98714375224359,-2.56031518353572,3.3848241918717));
#8391=CARTESIAN_POINT('Ctrl Pts',(-2.56031518353591,-1.98714375224396,3.36559095438638));
#8392=CARTESIAN_POINT('Ctrl Pts',(-3.18520089664385,-0.598706505044306,
3.32713211744665));
#8393=CARTESIAN_POINT('Ctrl Pts',(-3.23416059516512,0.210350632650786,3.30790293468551));
#8394=CARTESIAN_POINT('Ctrl Pts',(-2.78115511956991,1.66409686802341,3.26943533798074));
#8395=CARTESIAN_POINT('Ctrl Pts',(-2.28128460461049,2.30211424706425,3.25020785071768));
#8396=CARTESIAN_POINT('Ctrl Pts',(-0.978251899418479,3.0898240277702,3.21174550966769));
#8397=CARTESIAN_POINT('Ctrl Pts',(-0.180933178236958,3.23591894501381,3.19251179466512));
#8398=CARTESIAN_POINT('Ctrl Pts',(1.32160152597964,2.96057019793215,3.15393011386227));
#8399=CARTESIAN_POINT('Ctrl Pts',(2.01857473571099,2.53779620862367,3.13460934417983));
#8400=CARTESIAN_POINT('Ctrl Pts',(2.4891747582865,1.93090509187766,3.11520965928917));
#8401=CARTESIAN_POINT('Ctrl Pts',(2.74136394011053,0.507291287856659,3.32706175315686));
#8402=CARTESIAN_POINT('Ctrl Pts',(2.86401984669245,-0.155170170401055,3.3077392508632));
#8403=CARTESIAN_POINT('Ctrl Pts',(2.73342711789493,-0.867306541051129,3.28850819823566));
#8404=CARTESIAN_POINT('Ctrl Pts',(2.03908253971613,-2.01589345736689,3.24999973130264));
#8405=CARTESIAN_POINT('Ctrl Pts',(1.46920705009081,-2.4623038590823,3.23077223514839));
#8406=CARTESIAN_POINT('Ctrl Pts',(0.189613725706653,-2.86104111430017,3.19230463844395));
#8407=CARTESIAN_POINT('Ctrl Pts',(-0.533148620703938,-2.81730028763894,
3.17307545568312));
#8408=CARTESIAN_POINT('Ctrl Pts',(-1.75523882591606,-2.26728140272712,3.13461661874241));
#8409=CARTESIAN_POINT('Ctrl Pts',(-2.26728140272746,-1.75523882591628,3.1153833812571));
#8410=CARTESIAN_POINT('Ctrl Pts',(-2.81730028763863,-0.533148620703656,
3.07692454431737));
#8411=CARTESIAN_POINT('Ctrl Pts',(-2.86104111430001,0.189613725706682,3.05769536155621));
#8412=CARTESIAN_POINT('Ctrl Pts',(-2.46230385908247,1.46920705009076,3.01922776485145));
#8413=CARTESIAN_POINT('Ctrl Pts',(-2.01574915972171,2.03916997817259,3.00000027758839));
#8414=CARTESIAN_POINT('Ctrl Pts',(-0.868827159651696,2.73250766491731,2.9615379365384));
#8415=CARTESIAN_POINT('Ctrl Pts',(-0.156694509310784,2.86304796652496,2.94230422153583));
#8416=CARTESIAN_POINT('Ctrl Pts',(1.16612361674524,2.62063333642541,2.90372254073298));
#8417=CARTESIAN_POINT('Ctrl Pts',(1.78829324473074,2.24345424073541,2.88440992879645));
#8418=CARTESIAN_POINT('Ctrl Pts',(2.20279523416292,1.70883148243611,2.86500192420409));
#8419=CARTESIAN_POINT('',(2.47834440481335,1.94170779574831,3.1153809089542));
#8420=CARTESIAN_POINT('',(2.19459334356264,1.71935513328515,2.86538468607635));
#8421=CARTESIAN_POINT('',(2.47962738869315,1.94266518300061,3.11538468607635));
#8422=CARTESIAN_POINT('',(2.74224038379754,0.50253327793629,3.32692299917044));
#8423=CARTESIAN_POINT('Ctrl Pts',(2.74224038379754,0.502533277936295,3.32692299917044));
#8424=CARTESIAN_POINT('Ctrl Pts',(2.86339340944277,-0.158578635131612,3.30764718469602));
#8425=CARTESIAN_POINT('Ctrl Pts',(2.73259510337377,-0.86868286200658,3.28846205457057));
#8426=CARTESIAN_POINT('Ctrl Pts',(2.03908253971613,-2.01589345736681,3.24999973130264));
#8427=CARTESIAN_POINT('Ctrl Pts',(1.46920705009081,-2.4623038590823,3.23077223514839));
#8428=CARTESIAN_POINT('Ctrl Pts',(0.189613725706654,-2.86104111430017,3.19230463844395));
#8429=CARTESIAN_POINT('Ctrl Pts',(-0.533148620703937,-2.81730028763878,
3.17307545568312));
#8430=CARTESIAN_POINT('Ctrl Pts',(-1.75523882591606,-2.26728140272728,3.13461661874241));
#8431=CARTESIAN_POINT('Ctrl Pts',(-2.26728140272746,-1.75523882591628,3.1153833812571));
#8432=CARTESIAN_POINT('Ctrl Pts',(-2.81730028763863,-0.533148620703656,
3.07692454431737));
#8433=CARTESIAN_POINT('Ctrl Pts',(-2.86104111430001,0.189613725706682,3.05769536155621));
#8434=CARTESIAN_POINT('Ctrl Pts',(-2.46230385908247,1.46920705009076,3.01922776485145));
#8435=CARTESIAN_POINT('Ctrl Pts',(-2.01574915972163,2.03916997817276,3.00000027758839));
#8436=CARTESIAN_POINT('Ctrl Pts',(-0.868827159651778,2.73250766491714,2.9615379365384));
#8437=CARTESIAN_POINT('Ctrl Pts',(-0.156694509310784,2.86304796652479,2.94230422153584));
#8438=CARTESIAN_POINT('Ctrl Pts',(1.16176106518335,2.62143280107029,2.90384978012329));
#8439=CARTESIAN_POINT('Ctrl Pts',(1.78011096449158,2.24840246929539,2.8846638591524));
#8440=CARTESIAN_POINT('Ctrl Pts',(2.19459334356264,1.71935513328515,2.86538468607635));
#8441=CARTESIAN_POINT('',(3.09681285250431,0.567549169488662,3.57692156954905));
#8442=CARTESIAN_POINT('',(3.09840289181151,0.567802359993359,3.57692299917044));
#8443=CARTESIAN_POINT('',(3.0063242103689,-0.936831671371524,3.53921305410676));
#8444=CARTESIAN_POINT('Ctrl Pts',(3.00633088580191,-0.93681024942502,3.53921362121269));
#8445=CARTESIAN_POINT('Ctrl Pts',(3.04601695398864,-0.808800580916715,3.54273493995972));
#8446=CARTESIAN_POINT('Ctrl Pts',(3.07736177666299,-0.678326628686114,3.54613264441294));
#8447=CARTESIAN_POINT('Ctrl Pts',(3.10033809922012,-0.546359593214215,3.54946322562522));
#8448=CARTESIAN_POINT('Ctrl Pts',(3.1235759493268,-0.412890445499467,3.55283171711409));
#8449=CARTESIAN_POINT('Ctrl Pts',(3.13825281802288,-0.277893934024491,3.55613154908045));
#8450=CARTESIAN_POINT('Ctrl Pts',(3.14432442445872,-0.142426359566322,3.55942117433424));
#8451=CARTESIAN_POINT('Ctrl Pts',(3.15040710647111,-0.00671167069034495,
3.56271680038809));
#8452=CARTESIAN_POINT('Ctrl Pts',(3.147852154708,0.129475774192595,3.56600218271444));
#8453=CARTESIAN_POINT('Ctrl Pts',(3.13661289477177,0.265022019772648,3.56933609970558));
#8454=CARTESIAN_POINT('Ctrl Pts',(3.12820901747726,0.366373356252913,3.5718289532798));
#8455=CARTESIAN_POINT('Ctrl Pts',(3.11494967505521,0.467365123100128,3.57434894231422));
#8456=CARTESIAN_POINT('Ctrl Pts',(3.09681940347742,0.567512986869206,3.57692064011642));
#8457=CARTESIAN_POINT('Ctrl Pts',(2.47834440481335,1.94170779574831,3.1153809089542));
#8458=CARTESIAN_POINT('Ctrl Pts',(2.36029608782512,2.09303703059248,3.1202351823481));
#8459=CARTESIAN_POINT('Ctrl Pts',(2.22874766108372,2.23352534505884,3.12508241508999));
#8460=CARTESIAN_POINT('Ctrl Pts',(2.08533998825072,2.36065220841482,3.12992719236914));
#8461=CARTESIAN_POINT('Ctrl Pts',(2.03900001193055,2.401731292408,3.13149270737931));
#8462=CARTESIAN_POINT('Ctrl Pts',(1.99142133179443,2.44141516319749,3.13305796587195));
#8463=CARTESIAN_POINT('Ctrl Pts',(1.94265820827603,2.47961848612041,3.13462312226522));
#8464=CARTESIAN_POINT('Ctrl Pts',(1.79333411901053,2.5966059961643,3.13941599721089));
#8465=CARTESIAN_POINT('Ctrl Pts',(1.63326557512009,2.6993497342171,3.14420484555095));
#8466=CARTESIAN_POINT('Ctrl Pts',(1.46532931068435,2.78701253841255,3.14899244036695));
#8467=CARTESIAN_POINT('Ctrl Pts',(1.29238295494986,2.87729061247838,3.15392286488808));
#8468=CARTESIAN_POINT('Ctrl Pts',(1.11109108424629,2.95157514744793,3.15885195988249));
#8469=CARTESIAN_POINT('Ctrl Pts',(0.924563706797755,3.00890754877106,3.1637827528491));
#8470=CARTESIAN_POINT('Ctrl Pts',(0.807340258553841,3.04493819409043,3.1668815180922));
#8471=CARTESIAN_POINT('Ctrl Pts',(0.688048471591586,3.07427265197085,3.16998095393192));
#8472=CARTESIAN_POINT('Ctrl Pts',(0.56745791320015,3.09666271042573,3.17308181183819));
#8473=CARTESIAN_POINT('Ctrl Pts',(0.318068929168432,3.14296678269271,3.17949458422425));
#8474=CARTESIAN_POINT('Ctrl Pts',(0.0631794723904385,3.15956257616335,3.18590632325982));
#8475=CARTESIAN_POINT('Ctrl Pts',(-0.190192740953235,3.14423766169383,3.192318346382));
#8476=CARTESIAN_POINT('Ctrl Pts',(-0.460895287640384,3.1278645427953,3.19916894363449));
#8477=CARTESIAN_POINT('Ctrl Pts',(-0.728991673412168,3.07509690766767,3.20601945810666));
#8478=CARTESIAN_POINT('Ctrl Pts',(-0.986284619629127,2.9896117228248,3.21287033482533));
#8479=CARTESIAN_POINT('Ctrl Pts',(-1.21042881467439,2.91514015947015,3.21883856780659));
#8480=CARTESIAN_POINT('Ctrl Pts',(-1.4263730035359,2.81583962745765,3.22480707562721));
#8481=CARTESIAN_POINT('Ctrl Pts',(-1.62871048617457,2.69417072008882,3.23077615310153));
#8482=CARTESIAN_POINT('Ctrl Pts',(-1.84610097761566,2.56345018714019,3.23718930339217));
#8483=CARTESIAN_POINT('Ctrl Pts',(-2.04790020770777,2.4068492398285,3.24360063176501));
#8484=CARTESIAN_POINT('Ctrl Pts',(-2.22737566247869,2.22737566247866,3.25001044593326));
#8485=CARTESIAN_POINT('Ctrl Pts',(-2.41621956197523,2.03853373840277,3.25675484618636));
#8486=CARTESIAN_POINT('Ctrl Pts',(-2.57977705544549,1.82493876330062,3.2635001585568));
#8487=CARTESIAN_POINT('Ctrl Pts',(-2.71450655874509,1.59441270672552,3.27024674231804));
#8488=CARTESIAN_POINT('Ctrl Pts',(-2.83576182043231,1.38694146522931,3.27631860304215));
#8489=CARTESIAN_POINT('Ctrl Pts',(-2.93366679668439,1.16575797530601,3.28239149346171));
#8490=CARTESIAN_POINT('Ctrl Pts',(-3.00567284021971,0.936578793610459,3.28846567512609));
#8491=CARTESIAN_POINT('Ctrl Pts',(-3.08170584445019,0.694582693896284,3.29487955731582));
#8492=CARTESIAN_POINT('Ctrl Pts',(-3.12890935524744,0.443551530990479,3.30129202575554));
#8493=CARTESIAN_POINT('Ctrl Pts',(-3.14423639739913,0.190192664476886,3.30770362419609));
#8494=CARTESIAN_POINT('Ctrl Pts',(-3.16073410797238,-0.0825175694703944,
3.31460493589976));
#8495=CARTESIAN_POINT('Ctrl Pts',(-3.14025479639623,-0.357037561847766,
3.32150482516215));
#8496=CARTESIAN_POINT('Ctrl Pts',(-3.08551376963565,-0.624608736287533,
3.32840515856909));
#8497=CARTESIAN_POINT('Ctrl Pts',(-3.03857294435848,-0.854052948277148,
3.33432224423549));
#8498=CARTESIAN_POINT('Ctrl Pts',(-2.9664399477346,-1.07838652608866,3.34023965656848));
#8499=CARTESIAN_POINT('Ctrl Pts',(-2.87085590627944,-1.29209647617139,3.34615857229872));
#8500=CARTESIAN_POINT('Ctrl Pts',(-2.76729356369066,-1.52364457487236,3.35257153380649));
#8501=CARTESIAN_POINT('Ctrl Pts',(-2.63615781914142,-1.74284115794932,3.3589833942015));
#8502=CARTESIAN_POINT('Ctrl Pts',(-2.47961502683413,-1.94265549809664,3.36539552851714));
#8503=CARTESIAN_POINT('Ctrl Pts',(-2.31185957291328,-2.15678190300649,3.37226694359072));
#8504=CARTESIAN_POINT('Ctrl Pts',(-2.11546952710831,-2.34794645349228,3.37913760619284));
#8505=CARTESIAN_POINT('Ctrl Pts',(-1.89819225036376,-2.51145384188226,3.38600850415683));
#8506=CARTESIAN_POINT('Ctrl Pts',(-1.7101129806483,-2.65298889176061,3.39195608178998));
#8507=CARTESIAN_POINT('Ctrl Pts',(-1.50638454317776,-2.77380045859428,3.39790383576899));
#8508=CARTESIAN_POINT('Ctrl Pts',(-1.29204800282486,-2.87087031534203,3.40385240719884));
#8509=CARTESIAN_POINT('Ctrl Pts',(-1.06097940257031,-2.97551787515,3.41026535046809));
#8510=CARTESIAN_POINT('Ctrl Pts',(-0.817465329844459,-3.05263390575864,
3.4166767741947));
#8511=CARTESIAN_POINT('Ctrl Pts',(-0.567799649143243,-3.09838809915397,
3.42308738419194));
#8512=CARTESIAN_POINT('Ctrl Pts',(-0.303363447300585,-3.14684916551221,
3.42987725356606));
#8513=CARTESIAN_POINT('Ctrl Pts',(-0.032846133792242,-3.15997410877538,
3.4366675801814));
#8514=CARTESIAN_POINT('Ctrl Pts',(0.235138529973614,-3.13932296836393,3.44345893093447));
#8515=CARTESIAN_POINT('Ctrl Pts',(0.472969169333256,-3.12099552432837,3.4494861090163));
#8516=CARTESIAN_POINT('Ctrl Pts',(0.708803702228924,-3.07606631111189,3.45551409365659));
#8517=CARTESIAN_POINT('Ctrl Pts',(0.936627211017071,-3.00565966627961,3.46154328095638));
#8518=CARTESIAN_POINT('Ctrl Pts',(1.15499351439711,-2.93817567901598,3.46732219003405));
#8519=CARTESIAN_POINT('Ctrl Pts',(1.36615062729952,-2.84724485196743,3.47310121934078));
#8520=CARTESIAN_POINT('Ctrl Pts',(1.5647547523641,-2.73381004951064,3.47887984007164));
#8521=CARTESIAN_POINT('Ctrl Pts',(1.58652450353447,-2.72137603071701,3.47951325660002));
#8522=CARTESIAN_POINT('Ctrl Pts',(1.6081434305872,-2.70867167392252,3.48014666821865));
#8523=CARTESIAN_POINT('Ctrl Pts',(1.62960450015643,-2.69569825844107,3.48078007423077));
#8524=CARTESIAN_POINT('Ctrl Pts',(1.82435864356845,-2.57796757353434,3.48652808436256));
#8525=CARTESIAN_POINT('Ctrl Pts',(2.00554935673922,-2.43852622453063,3.49227209952827));
#8526=CARTESIAN_POINT('Ctrl Pts',(2.16991019958837,-2.28144014912899,3.49801518715076));
#8527=CARTESIAN_POINT('Ctrl Pts',(2.33329961859827,-2.12528250142226,3.50372433133434));
#8528=CARTESIAN_POINT('Ctrl Pts',(2.48005640891298,-1.95168946707085,3.50943256005294));
#8529=CARTESIAN_POINT('Ctrl Pts',(2.60700952764501,-1.76468752595887,3.51514288304909));
#8530=CARTESIAN_POINT('Ctrl Pts',(2.63726323874495,-1.72012381017122,3.51650368823401));
#8531=CARTESIAN_POINT('Ctrl Pts',(2.66639251458242,-1.67479869683785,3.51786461229306));
#8532=CARTESIAN_POINT('Ctrl Pts',(2.69435486669051,-1.62876681646349,3.51922569581807));
#8533=CARTESIAN_POINT('Ctrl Pts',(2.75548557459776,-1.52813288471449,3.52220126808335));
#8534=CARTESIAN_POINT('Ctrl Pts',(2.81088501529904,-1.42407534595827,3.52528351865193));
#8535=CARTESIAN_POINT('Ctrl Pts',(2.86020765179009,-1.31724412272671,3.52839870439838));
#8536=CARTESIAN_POINT('Ctrl Pts',(2.9091573186472,-1.21122073956732,3.53149033362453));
#8537=CARTESIAN_POINT('Ctrl Pts',(2.95212249459947,-1.10246591723465,3.5346144020776));
#8538=CARTESIAN_POINT('Ctrl Pts',(2.98879049357052,-0.991570475415152,3.53769882411247));
#8539=CARTESIAN_POINT('Ctrl Pts',(2.99480488704516,-0.973381077565195,3.53820474012316));
#8540=CARTESIAN_POINT('Ctrl Pts',(3.00064990483407,-0.955133983209426,3.53870958949325));
#8541=CARTESIAN_POINT('Ctrl Pts',(3.0063242103689,-0.936831671371525,3.53921305410676));
#8542=CARTESIAN_POINT('Ctrl Pts',(2.66167248669124,-0.829410387898735,3.78846156320383));
#8543=CARTESIAN_POINT('Ctrl Pts',(2.46171620989837,-1.47109285418839,3.76918150323147));
#8544=CARTESIAN_POINT('Ctrl Pts',(2.01588578875055,-2.03908757945625,3.75000026917869));
#8545=CARTESIAN_POINT('Ctrl Pts',(0.868690530622831,-2.73259006363367,3.7115379449481));
#8546=CARTESIAN_POINT('Ctrl Pts',(0.156540161964668,-2.86301984931382,3.69230422980478));
#8547=CARTESIAN_POINT('Ctrl Pts',(-1.16160671783728,-2.62146091828125,3.65384977185436));
#8548=CARTESIAN_POINT('Ctrl Pts',(-1.78130989915646,-2.24687214108086,3.63461804663539));
#8549=CARTESIAN_POINT('Ctrl Pts',(-2.60787678796882,-1.19183812548944,3.59615132551731));
#8550=CARTESIAN_POINT('Ctrl Pts',(-2.82328090194899,-0.500563678664702,
3.57692468666317));
#8551=CARTESIAN_POINT('Ctrl Pts',(-2.74235895276989,0.837225347731108,3.53845971664947));
#8552=CARTESIAN_POINT('Ctrl Pts',(-2.44511660625176,1.49757841567544,3.51922460220696));
#8553=CARTESIAN_POINT('Ctrl Pts',(-1.49757841567513,2.44511660625141,3.48077539779304));
#8554=CARTESIAN_POINT('Ctrl Pts',(-0.837225347731043,2.74235895277024,3.4615402833507));
#8555=CARTESIAN_POINT('Ctrl Pts',(0.500563678664563,2.82328090194863,3.42307531333668));
#8556=CARTESIAN_POINT('Ctrl Pts',(1.19170356491783,2.60798198104255,3.40384866548248));
#8557=CARTESIAN_POINT('Ctrl Pts',(2.24700670165249,1.78120470608272,3.36538196236482));
#8558=CARTESIAN_POINT('Ctrl Pts',(2.62108291672148,1.16366935866354,3.34619922046662));
#8559=CARTESIAN_POINT('Ctrl Pts',(2.74224038379754,0.50253327793629,3.32692299917044));
#8560=CARTESIAN_POINT('Ctrl Pts',(3.00737082662268,-0.937134307972356,3.53846156320384));
#8561=CARTESIAN_POINT('Ctrl Pts',(2.7804378276493,-1.66538814187066,3.51918935146127));
#8562=CARTESIAN_POINT('Ctrl Pts',(2.28106421639742,-2.30189642530637,3.50000026917869));
#8563=CARTESIAN_POINT('Ctrl Pts',(0.978161219273713,-3.08952727901092,3.4615379449481));
#8564=CARTESIAN_POINT('Ctrl Pts',(0.180913271595625,-3.23560986750914,3.44230422980477));
#8565=CARTESIAN_POINT('Ctrl Pts',(-1.31651799158236,-2.96119591611389,3.40384977185435));
#8566=CARTESIAN_POINT('Ctrl Pts',(-2.01014086674104,-2.54192007142621,3.38461804663539));
#8567=CARTESIAN_POINT('Ctrl Pts',(-2.94911391064527,-1.343410294575,3.34615132551731));
#8568=CARTESIAN_POINT('Ctrl Pts',(-3.19021658921507,-0.569670644481795,
3.32692468666317));
#8569=CARTESIAN_POINT('Ctrl Pts',(-3.09828923344428,0.950057971267825,3.28845971664946));
#8570=CARTESIAN_POINT('Ctrl Pts',(-2.76560011212783,1.68917260934791,3.26922460220696));
#8571=CARTESIAN_POINT('Ctrl Pts',(-1.68917260934745,2.76560011212731,3.23077539779304));
#8572=CARTESIAN_POINT('Ctrl Pts',(-0.950057971267885,3.09828923344479,3.2115402833507));
#8573=CARTESIAN_POINT('Ctrl Pts',(0.569670644481769,3.19021658921455,3.17307531333668));
#8574=CARTESIAN_POINT('Ctrl Pts',(1.34341035880195,2.94911356016686,3.15384866548247));
#8575=CARTESIAN_POINT('Ctrl Pts',(2.54192000719928,2.01014121721944,3.11538196236482));
#8576=CARTESIAN_POINT('Ctrl Pts',(2.96090225384164,1.31812038665408,3.09619133784477));
#8577=CARTESIAN_POINT('Ctrl Pts',(3.09840289181151,0.567802359993359,3.07692299917044));
#8578=CARTESIAN_POINT('',(2.66167248669124,-0.829410387898738,3.78846156320383));
#8579=CARTESIAN_POINT('',(2.66167248669124,-0.829410387898738,3.78846156320383));
#8580=CARTESIAN_POINT('Ctrl Pts',(2.66167248669124,-0.829410387898735,3.78846156320383));
#8581=CARTESIAN_POINT('Ctrl Pts',(2.46171620989837,-1.47109285418839,3.76918150323147));
#8582=CARTESIAN_POINT('Ctrl Pts',(2.01588578875055,-2.03908757945625,3.75000026917869));
#8583=CARTESIAN_POINT('Ctrl Pts',(0.868690530622831,-2.73259006363367,3.7115379449481));
#8584=CARTESIAN_POINT('Ctrl Pts',(0.156540161964668,-2.86301984931382,3.69230422980478));
#8585=CARTESIAN_POINT('Ctrl Pts',(-1.16160671783728,-2.62146091828125,3.65384977185436));
#8586=CARTESIAN_POINT('Ctrl Pts',(-1.78130989915646,-2.24687214108086,3.63461804663539));
#8587=CARTESIAN_POINT('Ctrl Pts',(-2.60787678796882,-1.19183812548944,3.59615132551731));
#8588=CARTESIAN_POINT('Ctrl Pts',(-2.82328090194899,-0.500563678664702,
3.57692468666317));
#8589=CARTESIAN_POINT('Ctrl Pts',(-2.74235895276989,0.837225347731108,3.53845971664947));
#8590=CARTESIAN_POINT('Ctrl Pts',(-2.44511660625176,1.49757841567544,3.51922460220696));
#8591=CARTESIAN_POINT('Ctrl Pts',(-1.49757841567513,2.44511660625141,3.48077539779304));
#8592=CARTESIAN_POINT('Ctrl Pts',(-0.837225347731043,2.74235895277024,3.4615402833507));
#8593=CARTESIAN_POINT('Ctrl Pts',(0.500563678664563,2.82328090194863,3.42307531333668));
#8594=CARTESIAN_POINT('Ctrl Pts',(1.19170356491783,2.60798198104255,3.40384866548248));
#8595=CARTESIAN_POINT('Ctrl Pts',(2.24700670165249,1.78120470608272,3.36538196236482));
#8596=CARTESIAN_POINT('Ctrl Pts',(2.62108291672148,1.16366935866354,3.34619922046662));
#8597=CARTESIAN_POINT('Ctrl Pts',(2.74224038379754,0.50253327793629,3.32692299917044));
#8598=CARTESIAN_POINT('',(3.09733749290125,0.567584358488487,3.07767309801833));
#8599=CARTESIAN_POINT('',(2.74224038379754,0.50253327793629,3.32692299917044));
#8600=CARTESIAN_POINT('Ctrl Pts',(3.09733345753855,0.567606379249328,3.07767366371885));
#8601=CARTESIAN_POINT('Ctrl Pts',(3.07299235699781,0.699355304633511,3.08119307775591));
#8602=CARTESIAN_POINT('Ctrl Pts',(3.04012721704756,0.829411185060221,3.08458924538053));
#8603=CARTESIAN_POINT('Ctrl Pts',(2.99916331983982,0.956902092263805,3.0879185289461));
#8604=CARTESIAN_POINT('Ctrl Pts',(2.95773595208588,1.08583544719387,3.09128548043337));
#8605=CARTESIAN_POINT('Ctrl Pts',(2.90802470420637,1.21214512547647,3.0945840263052));
#8606=CARTESIAN_POINT('Ctrl Pts',(2.85047976139774,1.33487626080762,3.09787247464817));
#8607=CARTESIAN_POINT('Ctrl Pts',(2.79282430599874,1.45784309601129,3.10116723831491));
#8608=CARTESIAN_POINT('Ctrl Pts',(2.7273042184138,1.57721715854581,3.10445186589266));
#8609=CARTESIAN_POINT('Ctrl Pts',(2.65439496620163,1.69199136169305,3.10778500736613));
#8610=CARTESIAN_POINT('Ctrl Pts',(2.59979222463953,1.7779473406984,3.11028124284987));
#8611=CARTESIAN_POINT('Ctrl Pts',(2.54104550419635,1.86132237500578,3.11280468848897));
#8612=CARTESIAN_POINT('Ctrl Pts',(2.47836698049545,1.9416788539046,3.11537998107231));
#8613=CARTESIAN_POINT('Ctrl Pts',(2.23147005145389,-2.22372065897569,4.5003458641383));
#8614=CARTESIAN_POINT('Ctrl Pts',(1.69169496695229,-2.76544728649618,4.48103301345975));
#8615=CARTESIAN_POINT('Ctrl Pts',(0.951970684173358,-3.09847483156075,4.46179379958296));
#8616=CARTESIAN_POINT('Ctrl Pts',(-0.569727597186437,-3.19052084924025,
4.42328280084144));
#8617=CARTESIAN_POINT('Ctrl Pts',(-1.34353608635409,-2.94939710791696,4.40405615284144));
#8618=CARTESIAN_POINT('Ctrl Pts',(-2.54216493566707,-2.01033077663522,4.36558943172238));
#8619=CARTESIAN_POINT('Ctrl Pts',(-2.96147786675176,-1.31664655452935,4.34635770650424));
#8620=CARTESIAN_POINT('Ctrl Pts',(-3.23591908497075,0.18093349916665,4.30790324855316));
#8621=CARTESIAN_POINT('Ctrl Pts',(-3.08982389242997,0.978251857971645,4.28866954181987));
#8622=CARTESIAN_POINT('Ctrl Pts',(-2.30211414746857,2.28128450403383,4.25020720076986));
#8623=CARTESIAN_POINT('Ctrl Pts',(-1.66409679420496,2.7811549987986,4.23097971350664));
#8624=CARTESIAN_POINT('Ctrl Pts',(-0.210350624796249,3.23416045383898,4.19251211680221));
#8625=CARTESIAN_POINT('Ctrl Pts',(0.598706480213036,3.18520075729476,4.17328293404072));
#8626=CARTESIAN_POINT('Ctrl Pts',(1.98714366440548,2.5603150725431,4.13482409710133));
#8627=CARTESIAN_POINT('Ctrl Pts',(2.56031502832549,1.98714322977203,4.11559085128482));
#8628=CARTESIAN_POINT('Ctrl Pts',(3.18726749363359,0.594114922972054,4.0770048356942));
#8629=CARTESIAN_POINT('Ctrl Pts',(3.23525097643992,-0.219600786795022,4.05768700359211));
#8630=CARTESIAN_POINT('Ctrl Pts',(3.00311785871333,-0.951665774808548,4.03828660293204));
#8631=CARTESIAN_POINT('Ctrl Pts',(1.97475809007826,-1.9679306889462,4.25013844303782));
#8632=CARTESIAN_POINT('Ctrl Pts',(1.4992294503096,-2.44520200264892,4.23081756347469));
#8633=CARTESIAN_POINT('Ctrl Pts',(0.839000536345331,-2.74225175637196,4.21158632122471));
#8634=CARTESIAN_POINT('Ctrl Pts',(-0.500736963351677,-2.82329120070528,
4.17307532248318));
#8635=CARTESIAN_POINT('Ctrl Pts',(-1.19183812548939,-2.6078767879684,4.15384867448318));
#8636=CARTESIAN_POINT('Ctrl Pts',(-2.24687214108087,-1.7813098991569,4.11538195336412));
#8637=CARTESIAN_POINT('Ctrl Pts',(-2.62146091828108,-1.16160671783721,4.09615022814598));
#8638=CARTESIAN_POINT('Ctrl Pts',(-2.86301984931398,0.156540161964569,4.0576957701949));
#8639=CARTESIAN_POINT('Ctrl Pts',(-2.73250766491731,0.868827159651826,4.03846206346161));
#8640=CARTESIAN_POINT('Ctrl Pts',(-2.03916997817258,2.0157491597216,3.99999972241161));
#8641=CARTESIAN_POINT('Ctrl Pts',(-1.46920705009054,2.46230385908249,3.98077223514838));
#8642=CARTESIAN_POINT('Ctrl Pts',(-0.189613725706791,2.86104111430003,3.94230463844395));
#8643=CARTESIAN_POINT('Ctrl Pts',(0.533148620703624,2.81730028763927,3.92307545568263));
#8644=CARTESIAN_POINT('Ctrl Pts',(1.75523882591641,2.26728140272678,3.88461661874291));
#8645=CARTESIAN_POINT('Ctrl Pts',(2.26721638103071,1.75538289249971,3.86538337292656));
#8646=CARTESIAN_POINT('Ctrl Pts',(2.81918482340403,0.528961767759186,3.82679735733594));
#8647=CARTESIAN_POINT('Ctrl Pts',(2.862199018762,-0.197284166386552,3.80748758434051));
#8648=CARTESIAN_POINT('Ctrl Pts',(2.6576726235614,-0.842133089908089,3.7880789646499));
#8649=CARTESIAN_POINT('',(3.00585222076859,-0.93662169690554,4.03845768045342));
#8650=CARTESIAN_POINT('',(3.00737082662268,-0.937134307972365,4.03846156320383));
#8651=CARTESIAN_POINT('',(1.97134751096344,-1.97134751096343,4.25));
#8652=CARTESIAN_POINT('Ctrl Pts',(1.97134751096344,-1.97134751096344,4.25));
#8653=CARTESIAN_POINT('Ctrl Pts',(1.49607545882502,-2.4466195543729,4.23072569502483));
#8654=CARTESIAN_POINT('Ctrl Pts',(0.837398632418137,-2.7423486540136,4.2115402742042));
#8655=CARTESIAN_POINT('Ctrl Pts',(-0.500736963351677,-2.82329120070528,
4.17307532248318));
#8656=CARTESIAN_POINT('Ctrl Pts',(-1.19183812548939,-2.6078767879684,4.15384867448318));
#8657=CARTESIAN_POINT('Ctrl Pts',(-2.24687214108087,-1.7813098991569,4.11538195336412));
#8658=CARTESIAN_POINT('Ctrl Pts',(-2.62146091828108,-1.16160671783721,4.09615022814598));
#8659=CARTESIAN_POINT('Ctrl Pts',(-2.86301984931398,0.156540161964569,4.0576957701949));
#8660=CARTESIAN_POINT('Ctrl Pts',(-2.73250766491731,0.868827159651826,4.03846206346161));
#8661=CARTESIAN_POINT('Ctrl Pts',(-2.03916997817258,2.0157491597216,3.99999972241161));
#8662=CARTESIAN_POINT('Ctrl Pts',(-1.46920705009054,2.46230385908249,3.98077223514838));
#8663=CARTESIAN_POINT('Ctrl Pts',(-0.189613725706791,2.86104111430003,3.94230463844395));
#8664=CARTESIAN_POINT('Ctrl Pts',(0.533148620703624,2.81730028763927,3.92307545568263));
#8665=CARTESIAN_POINT('Ctrl Pts',(1.75523882591641,2.26728140272678,3.88461661874291));
#8666=CARTESIAN_POINT('Ctrl Pts',(2.26721638103071,1.75538289249971,3.86538337292656));
#8667=CARTESIAN_POINT('Ctrl Pts',(2.8173653093354,0.533004554120196,3.8269245526479));
#8668=CARTESIAN_POINT('Ctrl Pts',(2.86162361366133,-0.187744406483221,3.80774136149973));
#8669=CARTESIAN_POINT('Ctrl Pts',(2.66167248669124,-0.829410387898738,3.78846156320383));
#8670=CARTESIAN_POINT('',(2.22627750349571,-2.22622436660836,4.49999799601891));
#8671=CARTESIAN_POINT('',(2.22738636073763,-2.22738636073761,4.5));
#8672=CARTESIAN_POINT('',(0.93678935386248,-3.00633911208902,4.46228879823154));
#8673=CARTESIAN_POINT('Ctrl Pts',(0.936810736556146,-3.00633244906132,4.46228936429669));
#8674=CARTESIAN_POINT('Ctrl Pts',(1.06470748840326,-2.96627519162909,4.4658105425216));
#8675=CARTESIAN_POINT('Ctrl Pts',(1.18989370337352,-2.91795360891118,4.46920824230363));
#8676=CARTESIAN_POINT('Ctrl Pts',(1.31155470531186,-2.86189643332569,4.4725389030199));
#8677=CARTESIAN_POINT('Ctrl Pts',(1.43459459747206,-2.80520391288812,4.47590731301836));
#8678=CARTESIAN_POINT('Ctrl Pts',(1.55402848991661,-2.74059867300569,4.47920715618235));
#8679=CARTESIAN_POINT('Ctrl Pts',(1.66896216164389,-2.66864377569545,4.48249682373392));
#8680=CARTESIAN_POINT('Ctrl Pts',(1.78410501207976,-2.59655792083143,4.48579247846401));
#8681=CARTESIAN_POINT('Ctrl Pts',(1.89473068515076,-2.51709486868007,4.48907792076324));
#8682=CARTESIAN_POINT('Ctrl Pts',(1.99989620450312,-2.43084851969525,4.49241186671446));
#8683=CARTESIAN_POINT('Ctrl Pts',(2.07853796913196,-2.36635432883565,4.49490495945432));
#8684=CARTESIAN_POINT('Ctrl Pts',(2.15412550618525,-2.29806749073621,4.49742517505559));
#8685=CARTESIAN_POINT('Ctrl Pts',(2.22625146804901,-2.22625029149198,4.49999706733239));
#8686=CARTESIAN_POINT('Ctrl Pts',(3.00585222076859,-0.93662169690554,4.03845768045342));
#8687=CARTESIAN_POINT('Ctrl Pts',(3.06304711825439,-0.754422804969092,4.04328775915359));
#8688=CARTESIAN_POINT('Ctrl Pts',(3.10381633401661,-0.567324671218329,4.04811075192438));
#8689=CARTESIAN_POINT('Ctrl Pts',(3.12703591248032,-0.378067407480173,4.05293108638165));
#8690=CARTESIAN_POINT('Ctrl Pts',(3.13469435262146,-0.315645282639228,4.05452096205313));
#8691=CARTESIAN_POINT('Ctrl Pts',(3.14044334493857,-0.252987964728012,4.05611054841413));
#8692=CARTESIAN_POINT('Ctrl Pts',(3.14424163116925,-0.190192981063987,4.05770000404356));
#8693=CARTESIAN_POINT('Ctrl Pts',(3.15563875950659,-0.00177050727095493,
4.06246932070243));
#8694=CARTESIAN_POINT('Ctrl Pts',(3.14938373112418,0.18739600406146,4.0672346960925));
#8695=CARTESIAN_POINT('Ctrl Pts',(3.12640767428508,0.37450616199126,4.07199890298158));
#8696=CARTESIAN_POINT('Ctrl Pts',(3.10276514367598,0.567043883633747,4.07690130673137));
#8697=CARTESIAN_POINT('Ctrl Pts',(3.06141720932416,0.757405696302125,4.0818024731128));
#8698=CARTESIAN_POINT('Ctrl Pts',(3.00332390627768,0.942541314975194,4.08670542218461));
#8699=CARTESIAN_POINT('Ctrl Pts',(2.96599984467376,1.06148812767242,4.08985549222023));
#8700=CARTESIAN_POINT('Ctrl Pts',(2.9217624227079,1.1782775958351,4.09300629810886));
#8701=CARTESIAN_POINT('Ctrl Pts',(2.87085570250696,1.2920965111496,4.09615864086014));
#8702=CARTESIAN_POINT('Ctrl Pts',(2.76729341219748,1.52364447778315,4.10257162197293));
#8703=CARTESIAN_POINT('Ctrl Pts',(2.63615773240254,1.74284105889153,4.10898348265984));
#8704=CARTESIAN_POINT('Ctrl Pts',(2.4796149363209,1.942655427184,4.11539560790522));
#8705=CARTESIAN_POINT('Ctrl Pts',(2.31191631846153,2.15670931040208,4.12226468504008));
#8706=CARTESIAN_POINT('Ctrl Pts',(2.11560246416824,2.34781696186721,4.12913300063593));
#8707=CARTESIAN_POINT('Ctrl Pts',(1.89841287320393,2.51128775010229,4.13600155500529));
#8708=CARTESIAN_POINT('Ctrl Pts',(1.71027230134055,2.65289438716511,4.14195144303257));
#8709=CARTESIAN_POINT('Ctrl Pts',(1.50646833630444,2.77376250992382,4.14790151022319));
#8710=CARTESIAN_POINT('Ctrl Pts',(1.29204800282499,2.87087031534228,4.15385240719857));
#8711=CARTESIAN_POINT('Ctrl Pts',(1.06097943969101,2.97551785833888,4.16026534943752));
#8712=CARTESIAN_POINT('Ctrl Pts',(0.817465355451986,3.05263390106615,4.16667677353482));
#8713=CARTESIAN_POINT('Ctrl Pts',(0.567799648978193,3.0983880982534,4.17308738482407));
#8714=CARTESIAN_POINT('Ctrl Pts',(0.303430047923342,3.1468369582423,4.179875544772));
#8715=CARTESIAN_POINT('Ctrl Pts',(0.0329823971793138,3.1599675306912,4.18666416171534));
#8716=CARTESIAN_POINT('Ctrl Pts',(-0.234936008414862,3.13933863495037,4.19345380266382));
#8717=CARTESIAN_POINT('Ctrl Pts',(-0.472835414200985,3.12102111015068,4.19948269621283));
#8718=CARTESIAN_POINT('Ctrl Pts',(-0.708739254514323,3.07608636163764,4.20551239708161));
#8719=CARTESIAN_POINT('Ctrl Pts',(-0.936627457680834,3.00565969114403,4.21154330208762));
#8720=CARTESIAN_POINT('Ctrl Pts',(-1.1789806900427,2.93076274166859,4.21795701417083));
#8721=CARTESIAN_POINT('Ctrl Pts',(-1.41238870964848,2.82700726439371,4.22436914731523));
#8722=CARTESIAN_POINT('Ctrl Pts',(-1.62960423233635,2.69569781541193,4.23078043165871));
#8723=CARTESIAN_POINT('Ctrl Pts',(-1.86577761526828,2.55292810727503,4.23775127192648));
#8724=CARTESIAN_POINT('Ctrl Pts',(-2.08204048701417,2.37805632007093,4.24472095793366));
#8725=CARTESIAN_POINT('Ctrl Pts',(-2.27255271497047,2.17851320766956,4.251691333962));
#8726=CARTESIAN_POINT('Ctrl Pts',(-2.43236566871914,2.01112461253758,4.25753849870192));
#8727=CARTESIAN_POINT('Ctrl Pts',(-2.57405815594459,1.82637665267626,4.26338614905421));
#8728=CARTESIAN_POINT('Ctrl Pts',(-2.694205375743,1.62867276924622,4.26923537341626));
#8729=CARTESIAN_POINT('Ctrl Pts',(-2.82593603641818,1.41190817639102,4.27564852380745));
#8730=CARTESIAN_POINT('Ctrl Pts',(-2.93183829535705,1.17946759827085,4.28206053230153));
#8731=CARTESIAN_POINT('Ctrl Pts',(-3.00735544898064,0.93712951610702,4.28847268391246));
#8732=CARTESIAN_POINT('Ctrl Pts',(-3.08764042623977,0.679491264637425,4.29528967080304));
#8733=CARTESIAN_POINT('Ctrl Pts',(-3.13331829993997,0.411503957552754,4.30210544633468));
#8734=CARTESIAN_POINT('Ctrl Pts',(-3.14491348911221,0.141994652858943,4.30892132512745));
#8735=CARTESIAN_POINT('Ctrl Pts',(-3.15512420992815,-0.0953351764909519,
4.31492338636461));
#8736=CARTESIAN_POINT('Ctrl Pts',(-3.13890605353008,-0.333843865469541,
4.3209255277161));
#8737=CARTESIAN_POINT('Ctrl Pts',(-3.09665051375463,-0.567506696836568,
4.32692864708325));
#8738=CARTESIAN_POINT('Ctrl Pts',(-3.05151187629705,-0.817112355371214,
4.33334135959782));
#8739=CARTESIAN_POINT('Ctrl Pts',(-2.97664497108226,-1.0613262879735,4.33975289445076));
#8740=CARTESIAN_POINT('Ctrl Pts',(-2.87247036002897,-1.29279565418981,4.34616420168584));
#8741=CARTESIAN_POINT('Ctrl Pts',(-2.76248698650997,-1.53717172150002,4.35293300256017));
#8742=CARTESIAN_POINT('Ctrl Pts',(-2.62017656533081,-1.76657265909188,4.35970199496798));
#8743=CARTESIAN_POINT('Ctrl Pts',(-2.45165713603109,-1.9748561680473,4.36647175097316));
#8744=CARTESIAN_POINT('Ctrl Pts',(-2.30108021986307,-2.16096342343908,4.3725207210338));
#8745=CARTESIAN_POINT('Ctrl Pts',(-2.12957971267574,-2.33021001836134,4.37857030068807));
#8746=CARTESIAN_POINT('Ctrl Pts',(-1.94154547436489,-2.47823859963625,4.38462089810071));
#8747=CARTESIAN_POINT('Ctrl Pts',(-1.76180740700027,-2.61973608090396,4.39040453992636));
#8748=CARTESIAN_POINT('Ctrl Pts',(-1.56684371733669,-2.7419469726868,4.39618818895096));
#8749=CARTESIAN_POINT('Ctrl Pts',(-1.36047649950149,-2.84100048992461,4.40197133494622));
#8750=CARTESIAN_POINT('Ctrl Pts',(-1.33804911234502,-2.85176533718866,4.40259983038061));
#8751=CARTESIAN_POINT('Ctrl Pts',(-1.31548708174392,-2.86225671001201,4.40322831987367));
#8752=CARTESIAN_POINT('Ctrl Pts',(-1.29279534112678,-2.87246966443236,4.40385680277043));
#8753=CARTESIAN_POINT('Ctrl Pts',(-1.08510561615105,-2.96594533606722,4.4096090913314));
#8754=CARTESIAN_POINT('Ctrl Pts',(-0.867231270686433,-3.03588773865141,
4.41535774393393));
#8755=CARTESIAN_POINT('Ctrl Pts',(-0.644389558164553,-3.08191693556273,
4.42110565198405));
#8756=CARTESIAN_POINT('Ctrl Pts',(-0.422822101176909,-3.12768292789608,
4.42682069229339));
#8757=CARTESIAN_POINT('Ctrl Pts',(-0.196345696289222,-3.14980828584955,
4.43253499763146));
#8758=CARTESIAN_POINT('Ctrl Pts',(0.0299063307585281,-3.14796898736188,
4.43825140636795));
#8759=CARTESIAN_POINT('Ctrl Pts',(0.0833454664818599,-3.14753455800979,
4.43960158186164));
#8760=CARTESIAN_POINT('Ctrl Pts',(0.136772128744834,-3.14576343254288,4.44095187464089));
#8761=CARTESIAN_POINT('Ctrl Pts',(0.190118802523806,-3.14265175921389,4.44230232197379));
#8762=CARTESIAN_POINT('Ctrl Pts',(0.307713516423501,-3.13579254365367,4.44527917988264));
#8763=CARTESIAN_POINT('Ctrl Pts',(0.424868805766647,-3.12226677905231,4.44836261895781));
#8764=CARTESIAN_POINT('Ctrl Pts',(0.540852896521516,-3.10215920940119,4.45147890735609));
#8765=CARTESIAN_POINT('Ctrl Pts',(0.655959759157564,-3.08220372031029,4.45457162617864));
#8766=CARTESIAN_POINT('Ctrl Pts',(0.769913132341831,-3.05576649305033,4.45769669956932));
#8767=CARTESIAN_POINT('Ctrl Pts',(0.88204853584704,-3.02292547131461,4.46078205343286));
#8768=CARTESIAN_POINT('Ctrl Pts',(0.900344682649238,-3.01756709085644,4.46128546346626));
#8769=CARTESIAN_POINT('Ctrl Pts',(0.918592541500056,-3.01203820401689,4.4617878160917));
#8770=CARTESIAN_POINT('Ctrl Pts',(0.93678935386248,-3.00633911208902,4.46228879823154));
#8771=CARTESIAN_POINT('Ctrl Pts',(0.829410387898716,-2.66167248669125,4.71153843679617));
#8772=CARTESIAN_POINT('Ctrl Pts',(0.187744406482949,-2.86162361366101,4.69225863849944));
#8773=CARTESIAN_POINT('Ctrl Pts',(-0.533004554120177,-2.81736530933499,
4.67307544735177));
#8774=CARTESIAN_POINT('Ctrl Pts',(-1.75538289249982,-2.26721638103108,4.63461662707376));
#8775=CARTESIAN_POINT('Ctrl Pts',(-2.26728140272689,-1.75523882591647,4.61538338125826));
#8776=CARTESIAN_POINT('Ctrl Pts',(-2.81730028763918,-0.533148620703537,
4.57692454431621));
#8777=CARTESIAN_POINT('Ctrl Pts',(-2.86104111429969,0.189613725706505,4.55769536155572));
#8778=CARTESIAN_POINT('Ctrl Pts',(-2.4623038590828,1.46920705009091,4.51922776485195));
#8779=CARTESIAN_POINT('Ctrl Pts',(-2.01574915972185,2.03916997817223,4.50000027758873));
#8780=CARTESIAN_POINT('Ctrl Pts',(-0.868827159651591,2.73250766491763,4.46153793653806));
#8781=CARTESIAN_POINT('Ctrl Pts',(-0.156540161964557,2.8630198493137,4.44230422980509));
#8782=CARTESIAN_POINT('Ctrl Pts',(1.16160671783713,2.62146091828137,4.40384977185404));
#8783=CARTESIAN_POINT('Ctrl Pts',(1.78130989915754,2.24687214108073,4.38461804663554));
#8784=CARTESIAN_POINT('Ctrl Pts',(2.60787678796775,1.19183812548955,4.34615132551717));
#8785=CARTESIAN_POINT('Ctrl Pts',(2.8232912007054,0.500736963350957,4.32692467751615));
#8786=CARTESIAN_POINT('Ctrl Pts',(2.74234865401348,-0.837398632417357,4.28845972579648));
#8787=CARTESIAN_POINT('Ctrl Pts',(2.44661955437182,-1.49607545882446,4.26927430497383));
#8788=CARTESIAN_POINT('Ctrl Pts',(1.97134751096344,-1.97134751096343,4.25));
#8789=CARTESIAN_POINT('Ctrl Pts',(0.937134307972336,-3.00737082662268,4.46153843679617));
#8790=CARTESIAN_POINT('Ctrl Pts',(0.208894087102279,-3.23429956494473,4.44226658544299));
#8791=CARTESIAN_POINT('Ctrl Pts',(-0.598652432789999,-3.18489578303467,
4.42307544735178));
#8792=CARTESIAN_POINT('Ctrl Pts',(-1.98695104824898,-2.56007198352756,4.38461662707376));
#8793=CARTESIAN_POINT('Ctrl Pts',(-2.56007208162586,-1.98695136305837,4.36538338125825));
#8794=CARTESIAN_POINT('Ctrl Pts',(-3.18489568493637,-0.598652117980622,
4.32692454431621));
#8795=CARTESIAN_POINT('Ctrl Pts',(-3.23385105386199,0.210333429235808,4.30769536155572));
#8796=CARTESIAN_POINT('Ctrl Pts',(-2.78089059938339,1.66393518670885,4.26922776485195));
#8797=CARTESIAN_POINT('Ctrl Pts',(-2.28106431542239,2.30189610752443,4.25000027758873));
#8798=CARTESIAN_POINT('Ctrl Pts',(-0.978161120248823,3.0895275967928,4.21153793653806));
#8799=CARTESIAN_POINT('Ctrl Pts',(-0.180913271595462,3.23560986750933,4.19230422980508));
#8800=CARTESIAN_POINT('Ctrl Pts',(1.31651799158216,2.9611959161137,4.15384977185404));
#8801=CARTESIAN_POINT('Ctrl Pts',(2.01014086674201,2.5419200714265,4.13461804663554));
#8802=CARTESIAN_POINT('Ctrl Pts',(2.9491139106443,1.34341029457469,4.09615132551716));
#8803=CARTESIAN_POINT('Ctrl Pts',(3.19021633314404,0.569670388410585,4.07692467751614));
#8804=CARTESIAN_POINT('Ctrl Pts',(3.09828948951531,-0.950057715196617,4.03845972579648));
#8805=CARTESIAN_POINT('Ctrl Pts',(2.76677083346448,-1.68800187542111,4.019266377961));
#8806=CARTESIAN_POINT('Ctrl Pts',(2.22738636073763,-2.22738636073761,4.));
#8807=CARTESIAN_POINT('',(0.829410387898716,-2.66167248669125,4.71153843679617));
#8808=CARTESIAN_POINT('',(0.829410387898716,-2.66167248669125,4.71153843679617));
#8809=CARTESIAN_POINT('Ctrl Pts',(0.829410387898716,-2.66167248669125,4.71153843679617));
#8810=CARTESIAN_POINT('Ctrl Pts',(0.187744406482949,-2.86162361366101,4.69225863849944));
#8811=CARTESIAN_POINT('Ctrl Pts',(-0.533004554120177,-2.81736530933499,
4.67307544735177));
#8812=CARTESIAN_POINT('Ctrl Pts',(-1.75538289249982,-2.26721638103108,4.63461662707376));
#8813=CARTESIAN_POINT('Ctrl Pts',(-2.26728140272689,-1.75523882591647,4.61538338125826));
#8814=CARTESIAN_POINT('Ctrl Pts',(-2.81730028763918,-0.533148620703537,
4.57692454431621));
#8815=CARTESIAN_POINT('Ctrl Pts',(-2.86104111429969,0.189613725706505,4.55769536155572));
#8816=CARTESIAN_POINT('Ctrl Pts',(-2.4623038590828,1.46920705009091,4.51922776485195));
#8817=CARTESIAN_POINT('Ctrl Pts',(-2.01574915972185,2.03916997817223,4.50000027758873));
#8818=CARTESIAN_POINT('Ctrl Pts',(-0.868827159651591,2.73250766491763,4.46153793653806));
#8819=CARTESIAN_POINT('Ctrl Pts',(-0.156540161964557,2.8630198493137,4.44230422980509));
#8820=CARTESIAN_POINT('Ctrl Pts',(1.16160671783713,2.62146091828137,4.40384977185404));
#8821=CARTESIAN_POINT('Ctrl Pts',(1.78130989915754,2.24687214108073,4.38461804663554));
#8822=CARTESIAN_POINT('Ctrl Pts',(2.60787678796775,1.19183812548955,4.34615132551717));
#8823=CARTESIAN_POINT('Ctrl Pts',(2.8232912007054,0.500736963350957,4.32692467751615));
#8824=CARTESIAN_POINT('Ctrl Pts',(2.74234865401348,-0.837398632417357,4.28845972579648));
#8825=CARTESIAN_POINT('Ctrl Pts',(2.44661955437182,-1.49607545882446,4.26927430497383));
#8826=CARTESIAN_POINT('Ctrl Pts',(1.97134751096344,-1.97134751096343,4.25));
#8827=CARTESIAN_POINT('',(2.22660043334607,-2.22663215383334,4.00075133781659));
#8828=CARTESIAN_POINT('',(1.97134751096344,-1.97134751096343,4.25));
#8829=CARTESIAN_POINT('Ctrl Pts',(2.22661629364839,-2.22661629364837,4.00075190453511));
#8830=CARTESIAN_POINT('Ctrl Pts',(2.32119457170829,-2.13176298937827,4.00427055886351));
#8831=CARTESIAN_POINT('Ctrl Pts',(2.40954033734072,-2.03085873846583,4.00766589406333));
#8832=CARTESIAN_POINT('Ctrl Pts',(2.49117777123094,-1.92474858561862,4.01099430242426));
#8833=CARTESIAN_POINT('Ctrl Pts',(2.57374310398285,-1.81743237465138,4.01436054179214));
#8834=CARTESIAN_POINT('Ctrl Pts',(2.64944599776952,-1.70479075894412,4.0176583247592));
#8835=CARTESIAN_POINT('Ctrl Pts',(2.71775648848162,-1.58773656563976,4.02094599898819));
#8836=CARTESIAN_POINT('Ctrl Pts',(2.78620089668978,-1.47045289653592,4.02424011845122));
#8837=CARTESIAN_POINT('Ctrl Pts',(2.84722303325063,-1.34873892592272,4.027524089765));
#8838=CARTESIAN_POINT('Ctrl Pts',(2.90026431533812,-1.22355809946046,4.03085660932284));
#8839=CARTESIAN_POINT('Ctrl Pts',(2.94002103053811,-1.12972970259122,4.03335447562141));
#8840=CARTESIAN_POINT('Ctrl Pts',(2.97529337667265,-1.03395447668217,4.03587961709884));
#8841=CARTESIAN_POINT('Ctrl Pts',(3.00584122080621,-0.936656735111718,4.03845675206976));
#8842=CARTESIAN_POINT('Ctrl Pts',(-0.56247453101097,-3.09967973408939,5.42342263969918));
#8843=CARTESIAN_POINT('Ctrl Pts',(-1.31493871202938,-2.96318639594292,5.40410787735219));
#8844=CARTESIAN_POINT('Ctrl Pts',(-2.00920887723275,-2.54359728862728,5.3848714771974));
#8845=CARTESIAN_POINT('Ctrl Pts',(-2.94939665297964,-1.34353625480704,5.34635880051491));
#8846=CARTESIAN_POINT('Ctrl Pts',(-3.19052109592746,-0.569727993863738,
5.32713215266041));
#8847=CARTESIAN_POINT('Ctrl Pts',(-3.09858460716703,0.950151606998501,5.28866718264636));
#8848=CARTESIAN_POINT('Ctrl Pts',(-2.76586606984801,1.68933160646928,5.26943206820386));
#8849=CARTESIAN_POINT('Ctrl Pts',(-1.68933160646928,2.76586606984801,5.23098286379028));
#8850=CARTESIAN_POINT('Ctrl Pts',(-0.950151606998483,3.09858460716704,5.21174774934778));
#8851=CARTESIAN_POINT('Ctrl Pts',(0.569727993863782,3.19052109592745,5.17328277933374));
#8852=CARTESIAN_POINT('Ctrl Pts',(1.34353607885948,2.94939709104418,5.15405614048024));
#8853=CARTESIAN_POINT('Ctrl Pts',(2.54216492107875,2.01033076532106,5.11558941936121));
#8854=CARTESIAN_POINT('Ctrl Pts',(2.96147784995362,1.31664654686965,5.09635769414237));
#8855=CARTESIAN_POINT('Ctrl Pts',(3.23591906654814,-0.180933497961393,5.05790323619265));
#8856=CARTESIAN_POINT('Ctrl Pts',(3.08982348835192,-0.978252065055947,5.03866952104945));
#8857=CARTESIAN_POINT('Ctrl Pts',(2.29950948354296,-2.28559354458554,5.00007999781962));
#8858=CARTESIAN_POINT('Ctrl Pts',(1.65711800789714,-2.78730218371562,4.9807642684285));
#8859=CARTESIAN_POINT('Ctrl Pts',(0.922759801891311,-3.0121253091076,4.96136348045008));
#8860=CARTESIAN_POINT('Ctrl Pts',(-0.497791583272004,-2.74310485693654,
5.17321523054539));
#8861=CARTESIAN_POINT('Ctrl Pts',(-1.16071599730424,-2.6228703513283,5.15389248443169));
#8862=CARTESIAN_POINT('Ctrl Pts',(-1.7802165813906,-2.2482679495346,5.13466401120033));
#8863=CARTESIAN_POINT('Ctrl Pts',(-2.60798198104252,-1.19170356491795,5.09615133451784));
#8864=CARTESIAN_POINT('Ctrl Pts',(-2.82328090194867,-0.500563678664315,
5.07692468666334));
#8865=CARTESIAN_POINT('Ctrl Pts',(-2.74235895277022,0.837225347730741,5.03845971664929));
#8866=CARTESIAN_POINT('Ctrl Pts',(-2.44511660625158,1.49757841567529,5.01922460220679));
#8867=CARTESIAN_POINT('Ctrl Pts',(-1.49757841567528,2.44511660625158,4.98077539779321));
#8868=CARTESIAN_POINT('Ctrl Pts',(-0.837225347730653,2.74235895277022,4.9615402833507));
#8869=CARTESIAN_POINT('Ctrl Pts',(0.500563678664269,2.82328090194866,4.92307531333667));
#8870=CARTESIAN_POINT('Ctrl Pts',(1.19183812548942,2.60787678796806,4.90384867448317));
#8871=CARTESIAN_POINT('Ctrl Pts',(2.24687214108093,1.78130989915718,4.86538195336414));
#8872=CARTESIAN_POINT('Ctrl Pts',(2.62146091828104,1.16160671783712,4.8461502281453));
#8873=CARTESIAN_POINT('Ctrl Pts',(2.86301984931402,-0.156540161964487,4.80769577019558));
#8874=CARTESIAN_POINT('Ctrl Pts',(2.73259006363343,-0.868690530622729,4.78846205505238));
#8875=CARTESIAN_POINT('Ctrl Pts',(2.03679409295891,-2.01967968552052,4.74987253182255));
#8876=CARTESIAN_POINT('Ctrl Pts',(1.46356949932637,-2.4676082549026,4.7305647614237));
#8877=CARTESIAN_POINT('Ctrl Pts',(0.816668086451705,-2.6656078432349,4.7111558565256));
#8878=CARTESIAN_POINT('',(0.936692613334235,-3.00582700055451,4.96153536979816));
#8879=CARTESIAN_POINT('',(0.937134307972336,-3.00737082662268,4.96153843679617));
#8880=CARTESIAN_POINT('',(-0.50253327793632,-2.74224038379753,5.17307700082956));
#8881=CARTESIAN_POINT('Ctrl Pts',(-0.502533277936323,-2.74224038379753,
5.17307700082956));
#8882=CARTESIAN_POINT('Ctrl Pts',(-1.1636693586632,-2.62108291672017,5.1538007795349));
#8883=CARTESIAN_POINT('Ctrl Pts',(-1.78120470608282,-2.24700670165237,5.13461803763486));
#8884=CARTESIAN_POINT('Ctrl Pts',(-2.60798198104252,-1.19170356491787,5.09615133451784));
#8885=CARTESIAN_POINT('Ctrl Pts',(-2.82328090194867,-0.500563678664314,
5.07692468666334));
#8886=CARTESIAN_POINT('Ctrl Pts',(-2.74235895277022,0.837225347730741,5.03845971664929));
#8887=CARTESIAN_POINT('Ctrl Pts',(-2.44511660625142,1.49757841567529,5.01922460220679));
#8888=CARTESIAN_POINT('Ctrl Pts',(-1.49757841567545,2.44511660625158,4.98077539779321));
#8889=CARTESIAN_POINT('Ctrl Pts',(-0.837225347730653,2.74235895277022,4.9615402833507));
#8890=CARTESIAN_POINT('Ctrl Pts',(0.500563678664269,2.82328090194866,4.92307531333667));
#8891=CARTESIAN_POINT('Ctrl Pts',(1.19183812548942,2.60787678796806,4.90384867448317));
#8892=CARTESIAN_POINT('Ctrl Pts',(2.24687214108093,1.78130989915718,4.86538195336414));
#8893=CARTESIAN_POINT('Ctrl Pts',(2.62146091828104,1.16160671783712,4.8461502281453));
#8894=CARTESIAN_POINT('Ctrl Pts',(2.86301984931402,-0.156540161964488,4.80769577019558));
#8895=CARTESIAN_POINT('Ctrl Pts',(2.73259006363343,-0.868690530622812,4.78846205505238));
#8896=CARTESIAN_POINT('Ctrl Pts',(2.03908757945646,-2.01588578875062,4.74999973082083));
#8897=CARTESIAN_POINT('Ctrl Pts',(1.47109285418838,-2.46171620989864,4.73081849676637));
#8898=CARTESIAN_POINT('Ctrl Pts',(0.829410387898716,-2.66167248669125,4.71153843679617));
#8899=CARTESIAN_POINT('',(-0.567476500405155,-3.09683319473248,5.4230744754475));
#8900=CARTESIAN_POINT('',(-0.567802359993392,-3.09840289181151,5.42307700082956));
#8901=CARTESIAN_POINT('',(-1.94201288058768,-2.47875852365035,5.38536472279262));
#8902=CARTESIAN_POINT('Ctrl Pts',(-1.94199527598671,-2.47877231608773,5.38536528802327));
#8903=CARTESIAN_POINT('Ctrl Pts',(-1.83637089003427,-2.56127785553772,5.38888638658658));
#8904=CARTESIAN_POINT('Ctrl Pts',(-1.72548478101398,-2.63685760705678,5.39228413838494));
#8905=CARTESIAN_POINT('Ctrl Pts',(-1.61023460795811,-2.70514121163593,5.3956149350717));
#8906=CARTESIAN_POINT('Ctrl Pts',(-1.49368162028525,-2.77419670987727,5.39898338385471));
#8907=CARTESIAN_POINT('Ctrl Pts',(-1.37266494399256,-2.83578937894306,5.40228335567998));
#8908=CARTESIAN_POINT('Ctrl Pts',(-1.24815564975931,-2.88950301151211,5.40557318745347));
#8909=CARTESIAN_POINT('Ctrl Pts',(-1.12341923210488,-2.94331462571433,5.4088690203681));
#8910=CARTESIAN_POINT('Ctrl Pts',(-0.995177135471,-2.98921753773733,5.4121546764558));
#8911=CARTESIAN_POINT('Ctrl Pts',(-0.86445355296382,-3.02677300814799,5.41548881814797));
#8912=CARTESIAN_POINT('Ctrl Pts',(-0.766710583488247,-3.05485350538948,
5.4179817800405));
#8913=CARTESIAN_POINT('Ctrl Pts',(-0.667581264442407,-3.07826672958398,
5.42050184867888));
#8914=CARTESIAN_POINT('Ctrl Pts',(-0.567512602482783,-3.09682649953093,
5.42307354734683));
#8915=CARTESIAN_POINT('Ctrl Pts',(0.936692613334235,-3.00582700055451,4.96153536979816));
#8916=CARTESIAN_POINT('Ctrl Pts',(1.11856517369045,-2.94957218573993,4.96635032804268));
#8917=CARTESIAN_POINT('Ctrl Pts',(1.29516923379199,-2.8771181865652,4.97115812996937));
#8918=CARTESIAN_POINT('Ctrl Pts',(1.46363803413062,-2.7890913299835,4.97596319676526));
#8919=CARTESIAN_POINT('Ctrl Pts',(1.51990390561034,-2.75969177475883,4.97756801184227));
#8920=CARTESIAN_POINT('Ctrl Pts',(1.57526241509208,-2.72855471010928,4.97917252169962));
#8921=CARTESIAN_POINT('Ctrl Pts',(1.62960688553851,-2.69570220434954,4.98077689074262));
#8922=CARTESIAN_POINT('Ctrl Pts',(1.79066001435895,-2.59834181425405,4.9855315355489));
#8923=CARTESIAN_POINT('Ctrl Pts',(1.9423558654319,-2.4861206479082,4.9902823937472));
#8924=CARTESIAN_POINT('Ctrl Pts',(2.08293484045994,-2.36137424793991,4.99503219790168));
#8925=CARTESIAN_POINT('Ctrl Pts',(2.22752075154466,-2.23307218932584,4.99991738618117));
#8926=CARTESIAN_POINT('Ctrl Pts',(2.36034809533505,-2.09151966955247,5.00480145939807));
#8927=CARTESIAN_POINT('Ctrl Pts',(2.47947221641671,-1.9392124173127,5.00968738984344));
#8928=CARTESIAN_POINT('Ctrl Pts',(2.55704352809289,-1.84003289576194,5.0128690127588));
#8929=CARTESIAN_POINT('Ctrl Pts',(2.62880352285099,-1.73629208716672,5.01605142319521));
#8930=CARTESIAN_POINT('Ctrl Pts',(2.69420528889953,-1.62867258542987,5.01923544197019));
#8931=CARTESIAN_POINT('Ctrl Pts',(2.82593587096034,-1.41190810854456,5.0256486120092));
#8932=CARTESIAN_POINT('Ctrl Pts',(2.93183816436705,-1.17946758355023,5.03206062079595));
#8933=CARTESIAN_POINT('Ctrl Pts',(3.00735533914415,-0.937129481880642,5.03847276334334));
#8934=CARTESIAN_POINT('Ctrl Pts',(3.08761451753264,-0.679574071609545,5.04528754811358));
#8935=CARTESIAN_POINT('Ctrl Pts',(3.13328887646963,-0.411676188984989,5.05210111285185));
#8936=CARTESIAN_POINT('Ctrl Pts',(3.14490225955519,-0.14225443889488,5.05891478409919));
#8937=CARTESIAN_POINT('Ctrl Pts',(3.15513602132129,0.0951611345616225,5.06491901971118));
#8938=CARTESIAN_POINT('Ctrl Pts',(3.13892146630299,0.333758636595648,5.07092333806963));
#8939=CARTESIAN_POINT('Ctrl Pts',(3.09665051375503,0.56750669683662,5.07692864708364));
#8940=CARTESIAN_POINT('Ctrl Pts',(3.05151188348028,0.817112315652208,5.08334135857769));
#8941=CARTESIAN_POINT('Ctrl Pts',(2.97664498166664,1.0613262644569,5.08975289379753));
#8942=CARTESIAN_POINT('Ctrl Pts',(2.87247035920168,1.29279565381747,5.09616420231221));
#8943=CARTESIAN_POINT('Ctrl Pts',(2.76251401678324,1.53711165740535,5.10293134019771));
#8944=CARTESIAN_POINT('Ctrl Pts',(2.62024654616326,1.76645991366191,5.10969866950765));
#8945=CARTESIAN_POINT('Ctrl Pts',(2.4517814655472,1.97470259594345,5.11646676241571));
#8946=CARTESIAN_POINT('Ctrl Pts',(2.30117458065286,2.16087044488742,5.1225174014314));
#8947=CARTESIAN_POINT('Ctrl Pts',(2.12963137515438,2.33016950851186,5.1285686506777));
#8948=CARTESIAN_POINT('Ctrl Pts',(1.94154535585693,2.47823881471534,5.13462091903628));
#8949=CARTESIAN_POINT('Ctrl Pts',(1.74223232607587,2.63514650060945,5.14103445231271));
#8950=CARTESIAN_POINT('Ctrl Pts',(1.52425163289278,2.76829733130385,5.14744628364367));
#8951=CARTESIAN_POINT('Ctrl Pts',(1.29279512522655,2.87246918472232,5.15385716597465));
#8952=CARTESIAN_POINT('Ctrl Pts',(1.04131318627818,2.98565390329285,5.16082271269971));
#8953=CARTESIAN_POINT('Ctrl Pts',(0.774736610315915,3.06426578119781,5.16778760943007));
#8954=CARTESIAN_POINT('Ctrl Pts',(0.502482350455858,3.10771910217397,5.17475341608035));
#8955=CARTESIAN_POINT('Ctrl Pts',(0.273762016083839,3.14422416221728,5.18060537823897));
#8956=CARTESIAN_POINT('Ctrl Pts',(0.0410358642060857,3.15591626945,5.18645798260901));
#8957=CARTESIAN_POINT('Ctrl Pts',(-0.190111334465012,3.14247659872052,5.19231215379166));
#8958=CARTESIAN_POINT('Ctrl Pts',(-0.443336044691057,3.12775326767618,5.19872547313908));
#8959=CARTESIAN_POINT('Ctrl Pts',(-0.69479186659381,3.08286898082468,5.20513765606386));
#8960=CARTESIAN_POINT('Ctrl Pts',(-0.937129437402487,3.00735519640877,5.21154974015816));
#8961=CARTESIAN_POINT('Ctrl Pts',(-1.19025752071675,2.92847902607653,5.21824733373156));
#8962=CARTESIAN_POINT('Ctrl Pts',(-1.43262798699187,2.81643811678563,5.2249434939882));
#8963=CARTESIAN_POINT('Ctrl Pts',(-1.65763287708885,2.67639768270717,5.23163962037991));
#8964=CARTESIAN_POINT('Ctrl Pts',(-1.86332650996656,2.54837635115764,5.23776104539926));
#8965=CARTESIAN_POINT('Ctrl Pts',(-2.05450653877057,2.39695678521134,5.24388244219856));
#8966=CARTESIAN_POINT('Ctrl Pts',(-2.22614945792974,2.22611406830689,5.25000487991559));
#8967=CARTESIAN_POINT('Ctrl Pts',(-2.40592314389223,2.04717849037446,5.25641733899551));
#8968=CARTESIAN_POINT('Ctrl Pts',(-2.56437793994706,1.84683530051322,5.26282900034965));
#8969=CARTESIAN_POINT('Ctrl Pts',(-2.69569944242854,1.62960521590104,5.26924090488412));
#8970=CARTESIAN_POINT('Ctrl Pts',(-2.83263618691782,1.40308648111792,5.27592697926138));
#8971=CARTESIAN_POINT('Ctrl Pts',(-2.93963385569577,1.15891156312793,5.28261318044764));
#8972=CARTESIAN_POINT('Ctrl Pts',(-3.01517020684733,0.905296680631414,5.28929988828105));
#8973=CARTESIAN_POINT('Ctrl Pts',(-3.08444426737385,0.672707570187922,5.2954322390779));
#8974=CARTESIAN_POINT('Ctrl Pts',(-3.12725751233041,0.432180547853794,5.30156501592813));
#8975=CARTESIAN_POINT('Ctrl Pts',(-3.14247350135034,0.190061056246524,5.30769851214892));
#8976=CARTESIAN_POINT('Ctrl Pts',(-3.1567550681428,-0.0371897446456574,
5.31345534700428));
#8977=CARTESIAN_POINT('Ctrl Pts',(-3.14674014465321,-0.266000306995831,
5.3192121136121));
#8978=CARTESIAN_POINT('Ctrl Pts',(-3.1114285373032,-0.491097562035045,5.32496821043385));
#8979=CARTESIAN_POINT('Ctrl Pts',(-3.10740976332939,-0.516715625273103,
5.32562330528322));
#8980=CARTESIAN_POINT('Ctrl Pts',(-3.10306338771798,-0.542285574628853,
5.32627839145734));
#8981=CARTESIAN_POINT('Ctrl Pts',(-3.0983879772938,-0.567799626811605,5.32693346806973));
#8982=CARTESIAN_POINT('Ctrl Pts',(-3.05752677301795,-0.790782168141479,
5.3326585738565));
#8983=CARTESIAN_POINT('Ctrl Pts',(-2.99174201923128,-1.00883079317775,5.33838057516906));
#8984=CARTESIAN_POINT('Ctrl Pts',(-2.90364967382828,-1.21749395909684,5.34410203725933));
#8985=CARTESIAN_POINT('Ctrl Pts',(-2.81603429096984,-1.42502735018567,5.34979252136729));
#8986=CARTESIAN_POINT('Ctrl Pts',(-2.70635312308672,-1.62327511275283,5.35548247308406));
#8987=CARTESIAN_POINT('Ctrl Pts',(-2.57722352058956,-1.80788143256412,5.36117441246111));
#8988=CARTESIAN_POINT('Ctrl Pts',(-2.54543079325549,-1.85333296556977,5.36257581286131));
#8989=CARTESIAN_POINT('Ctrl Pts',(-2.51245930638304,-1.89795775207381,5.36397733369189));
#8990=CARTESIAN_POINT('Ctrl Pts',(-2.47834843571282,-1.9416911697113,5.36537901242146));
#8991=CARTESIAN_POINT('Ctrl Pts',(-2.40586643731189,-2.03462006437112,5.36835743171827));
#8992=CARTESIAN_POINT('Ctrl Pts',(-2.32814307317809,-2.12339598975398,5.37144238173721));
#8993=CARTESIAN_POINT('Ctrl Pts',(-2.24566415057923,-2.2074639744474,5.37456009598375));
#8994=CARTESIAN_POINT('Ctrl Pts',(-2.16381096415488,-2.29089416735739,5.37765415731964));
#8995=CARTESIAN_POINT('Ctrl Pts',(-2.07727479324977,-2.36968813803621,5.38078048789907));
#8996=CARTESIAN_POINT('Ctrl Pts',(-1.98649738079028,-2.44334231906834,5.38386698508461));
#8997=CARTESIAN_POINT('Ctrl Pts',(-1.97178018196564,-2.45528343081792,5.38436738040896));
#8998=CARTESIAN_POINT('Ctrl Pts',(-1.95695142163519,-2.46708952038618,5.38486672873365));
#8999=CARTESIAN_POINT('Ctrl Pts',(-1.94201288058768,-2.47875852365035,5.38536472279262));
#9000=CARTESIAN_POINT('Ctrl Pts',(-1.71935513328515,-2.19459334356264,5.63461531392365));
#9001=CARTESIAN_POINT('Ctrl Pts',(-2.24840246929548,-1.78011096449137,5.61533614084627));
#9002=CARTESIAN_POINT('Ctrl Pts',(-2.62143280106962,-1.16176106518302,5.59615021987701));
#9003=CARTESIAN_POINT('Ctrl Pts',(-2.86304796652544,0.156694509310358,5.55769577846387));
#9004=CARTESIAN_POINT('Ctrl Pts',(-2.73250766491764,0.868827159651716,5.53846206346228));
#9005=CARTESIAN_POINT('Ctrl Pts',(-2.03916997817223,2.01574915972174,5.49999972241093));
#9006=CARTESIAN_POINT('Ctrl Pts',(-1.46920705009097,2.46230385908263,5.48077223514838));
#9007=CARTESIAN_POINT('Ctrl Pts',(-0.189613725706484,2.86104111429985,5.44230463844395));
#9008=CARTESIAN_POINT('Ctrl Pts',(0.533148620703694,2.8173002876396,5.42307545568378));
#9009=CARTESIAN_POINT('Ctrl Pts',(1.75523882591631,2.26728140272645,5.38461661874175));
#9010=CARTESIAN_POINT('Ctrl Pts',(2.26728140272663,1.75523882591672,5.36538338125726));
#9011=CARTESIAN_POINT('Ctrl Pts',(2.81730028763944,0.533148620703272,5.32692454431721));
#9012=CARTESIAN_POINT('Ctrl Pts',(2.8610411143,-0.189613725706495,5.30769536155605));
#9013=CARTESIAN_POINT('Ctrl Pts',(2.46230385908246,-1.46920705009098,5.26922776485162));
#9014=CARTESIAN_POINT('Ctrl Pts',(2.01589345736729,-2.03908253971535,5.25000026869735));
#9015=CARTESIAN_POINT('Ctrl Pts',(0.868682862006137,-2.73259510337453,5.21153794542944));
#9016=CARTESIAN_POINT('Ctrl Pts',(0.158578635131621,-2.86339340944405,5.19235281530284));
#9017=CARTESIAN_POINT('Ctrl Pts',(-0.50253327793632,-2.74224038379753,5.17307700082956));
#9018=CARTESIAN_POINT('Ctrl Pts',(-1.9426651830006,-2.47962738869316,5.38461531392365));
#9019=CARTESIAN_POINT('Ctrl Pts',(-2.54309799374313,-2.00921802413368,5.36534418500502));
#9020=CARTESIAN_POINT('Ctrl Pts',(-2.96119617375322,-1.31651778973398,5.34615021987701));
#9021=CARTESIAN_POINT('Ctrl Pts',(-3.2356096098698,0.180913069747197,5.30769577846387));
#9022=CARTESIAN_POINT('Ctrl Pts',(-3.08952759679266,0.978161120249078,5.28846206346228));
#9023=CARTESIAN_POINT('Ctrl Pts',(-2.30189610752456,2.28106431542215,5.24999972241093));
#9024=CARTESIAN_POINT('Ctrl Pts',(-1.66393518670903,2.78089059938305,5.23077223514838));
#9025=CARTESIAN_POINT('Ctrl Pts',(-0.210333429235659,3.23385105386232,5.19230463844395));
#9026=CARTESIAN_POINT('Ctrl Pts',(0.598652117980888,3.18489568493694,5.17307545568378));
#9027=CARTESIAN_POINT('Ctrl Pts',(1.98695136305812,2.56007208162528,5.13461661874175));
#9028=CARTESIAN_POINT('Ctrl Pts',(2.56007208162545,1.98695136305843,5.11538338125726));
#9029=CARTESIAN_POINT('Ctrl Pts',(3.18489568493679,0.598652117980535,5.07692454431721));
#9030=CARTESIAN_POINT('Ctrl Pts',(3.23385105386214,-0.210333429235683,5.05769536155605));
#9031=CARTESIAN_POINT('Ctrl Pts',(2.78089059938321,-1.66393518670906,5.01922776485162));
#9032=CARTESIAN_POINT('Ctrl Pts',(2.28106396920441,-2.30189604407773,5.00000026869735));
#9033=CARTESIAN_POINT('Ctrl Pts',(0.978161466466774,-3.08952766023952,4.96153794542944));
#9034=CARTESIAN_POINT('Ctrl Pts',(0.182496155749163,-3.23589993617915,4.94234483837473));
#9035=CARTESIAN_POINT('Ctrl Pts',(-0.567802359993392,-3.09840289181151,
4.92307700082956));
#9036=CARTESIAN_POINT('',(-1.71935513328515,-2.19459334356264,5.63461531392365));
#9037=CARTESIAN_POINT('',(-1.71935513328515,-2.19459334356264,5.63461531392365));
#9038=CARTESIAN_POINT('Ctrl Pts',(-1.71935513328515,-2.19459334356264,5.63461531392365));
#9039=CARTESIAN_POINT('Ctrl Pts',(-2.24840246929548,-1.78011096449137,5.61533614084627));
#9040=CARTESIAN_POINT('Ctrl Pts',(-2.62143280106962,-1.16176106518302,5.59615021987701));
#9041=CARTESIAN_POINT('Ctrl Pts',(-2.86304796652544,0.156694509310358,5.55769577846387));
#9042=CARTESIAN_POINT('Ctrl Pts',(-2.73250766491764,0.868827159651716,5.53846206346228));
#9043=CARTESIAN_POINT('Ctrl Pts',(-2.03916997817223,2.01574915972174,5.49999972241093));
#9044=CARTESIAN_POINT('Ctrl Pts',(-1.46920705009097,2.46230385908263,5.48077223514838));
#9045=CARTESIAN_POINT('Ctrl Pts',(-0.189613725706484,2.86104111429985,5.44230463844395));
#9046=CARTESIAN_POINT('Ctrl Pts',(0.533148620703694,2.8173002876396,5.42307545568378));
#9047=CARTESIAN_POINT('Ctrl Pts',(1.75523882591631,2.26728140272645,5.38461661874175));
#9048=CARTESIAN_POINT('Ctrl Pts',(2.26728140272663,1.75523882591672,5.36538338125726));
#9049=CARTESIAN_POINT('Ctrl Pts',(2.81730028763944,0.533148620703272,5.32692454431721));
#9050=CARTESIAN_POINT('Ctrl Pts',(2.8610411143,-0.189613725706495,5.30769536155605));
#9051=CARTESIAN_POINT('Ctrl Pts',(2.46230385908246,-1.46920705009098,5.26922776485162));
#9052=CARTESIAN_POINT('Ctrl Pts',(2.01589345736729,-2.03908253971535,5.25000026869735));
#9053=CARTESIAN_POINT('Ctrl Pts',(0.868682862006137,-2.73259510337453,5.21153794542944));
#9054=CARTESIAN_POINT('Ctrl Pts',(0.158578635131621,-2.86339340944405,5.19235281530284));
#9055=CARTESIAN_POINT('Ctrl Pts',(-0.50253327793632,-2.74224038379753,5.17307700082956));
#9056=CARTESIAN_POINT('',(-0.567627748853873,-3.09732530352563,4.92382997508262));
#9057=CARTESIAN_POINT('',(-0.50253327793632,-2.74224038379753,5.17307700082956));
#9058=CARTESIAN_POINT('Ctrl Pts',(-0.567605627876588,-3.09732935742249,
4.92383054335921));
#9059=CARTESIAN_POINT('Ctrl Pts',(-0.43583026646507,-3.12128003629294,4.92734935011969));
#9060=CARTESIAN_POINT('Ctrl Pts',(-0.302615290689829,-3.13666576023033,
4.93074457002386));
#9061=CARTESIAN_POINT('Ctrl Pts',(-0.168926642656546,-3.14357514258341,
4.93407268251946));
#9062=CARTESIAN_POINT('Ctrl Pts',(-0.033709659126672,-3.15056351335073,
4.93743884216819));
#9063=CARTESIAN_POINT('Ctrl Pts',(0.101991865918348,-3.14887973845493,4.94073635176979));
#9064=CARTESIAN_POINT('Ctrl Pts',(0.237125227600414,-3.13860644372728,4.94402366063766));
#9065=CARTESIAN_POINT('Ctrl Pts',(0.372528681626498,-3.12831261566709,4.94731753988124));
#9066=CARTESIAN_POINT('Ctrl Pts',(0.507361545062777,-3.10939396128889,4.95060117783926));
#9067=CARTESIAN_POINT('Ctrl Pts',(0.640513076761424,-3.08193838385139,4.95393337989122));
#9068=CARTESIAN_POINT('Ctrl Pts',(0.74033599359026,-3.06135509961825,4.95643151208727));
#9069=CARTESIAN_POINT('Ctrl Pts',(0.839212845121613,-3.03597372406896,4.95895693937653));
#9070=CARTESIAN_POINT('Ctrl Pts',(0.936657509858202,-3.00583785741925,4.96153444094693));
#9071=CARTESIAN_POINT('Ctrl Pts',(-2.87051075150418,-1.29790645710325,6.34649958202797));
#9072=CARTESIAN_POINT('Ctrl Pts',(-3.18562677766078,-0.601101309458776,
6.32718329214733));
#9073=CARTESIAN_POINT('Ctrl Pts',(-3.23470153757232,0.20861553110487,6.3079488628043));
#9074=CARTESIAN_POINT('Ctrl Pts',(-2.7811550329652,1.66409642426608,6.26943535924665));
#9075=CARTESIAN_POINT('Ctrl Pts',(-2.28128461777529,2.30211426009981,6.25020786312239));
#9076=CARTESIAN_POINT('Ctrl Pts',(-0.978251904843356,3.08982404548563,6.21174552207235));
#9077=CARTESIAN_POINT('Ctrl Pts',(-0.180933509615153,3.23591924470098,6.19251181533842));
#9078=CARTESIAN_POINT('Ctrl Pts',(1.31664662093992,2.9614780123973,6.15405735738866));
#9079=CARTESIAN_POINT('Ctrl Pts',(2.01033087473583,2.54216506215516,6.13482563217019));
#9080=CARTESIAN_POINT('Ctrl Pts',(2.94939725420616,1.34353615133334,6.09635891105048));
#9081=CARTESIAN_POINT('Ctrl Pts',(3.19052127137735,0.569728026907142,6.07713227219698));
#9082=CARTESIAN_POINT('Ctrl Pts',(3.09858477735379,-0.950151660949203,6.03866730218362));
#9083=CARTESIAN_POINT('Ctrl Pts',(2.76586622308645,-1.68933169807976,6.01943218774077));
#9084=CARTESIAN_POINT('Ctrl Pts',(1.6893316980796,-2.76586622308627,5.98098298332719));
#9085=CARTESIAN_POINT('Ctrl Pts',(0.950151262035848,-3.09858457782084,5.96174786038048));
#9086=CARTESIAN_POINT('Ctrl Pts',(-0.574756920057535,-3.19082569086481,
5.92315562652098));
#9087=CARTESIAN_POINT('Ctrl Pts',(-1.35255161385292,-2.94715465692755,5.90384113122624));
#9088=CARTESIAN_POINT('Ctrl Pts',(-1.95475081100493,-2.47049284433463,5.88444025709201));
#9089=CARTESIAN_POINT('Ctrl Pts',(-2.5403108527398,-1.14858238335348,6.09629205299158));
#9090=CARTESIAN_POINT('Ctrl Pts',(-2.81794352282448,-0.534702845436827,
6.07696781931457));
#9091=CARTESIAN_POINT('Ctrl Pts',(-2.86156746287582,0.187925209689333,6.05774127727033));
#9092=CARTESIAN_POINT('Ctrl Pts',(-2.46225366341338,1.4693675385506,6.01922777371268));
#9093=CARTESIAN_POINT('Ctrl Pts',(-2.01574915972181,2.03916997817239,6.00000027758841));
#9094=CARTESIAN_POINT('Ctrl Pts',(-0.86882715965163,2.73250766491748,5.96153793653838));
#9095=CARTESIAN_POINT('Ctrl Pts',(-0.156540161964336,2.86301984931382,5.94230422980444));
#9096=CARTESIAN_POINT('Ctrl Pts',(1.16160671783695,2.62146091828125,5.90384977185468));
#9097=CARTESIAN_POINT('Ctrl Pts',(1.78130989915684,2.246872141081,5.88461804663621));
#9098=CARTESIAN_POINT('Ctrl Pts',(2.60787678796846,1.19183812548929,5.8461513255165));
#9099=CARTESIAN_POINT('Ctrl Pts',(2.8232809019493,0.500563678664293,5.826924686663));
#9100=CARTESIAN_POINT('Ctrl Pts',(2.74235895276958,-0.837225347730694,5.78845971664964));
#9101=CARTESIAN_POINT('Ctrl Pts',(2.44511660625176,-1.49757841567561,5.76922460220679));
#9102=CARTESIAN_POINT('Ctrl Pts',(1.49757841567513,-2.44511660625125,5.73077539779321));
#9103=CARTESIAN_POINT('Ctrl Pts',(0.837386394073251,-2.74234904097952,5.7115402748465));
#9104=CARTESIAN_POINT('Ctrl Pts',(-0.505152545983724,-2.82355865074798,
5.672948040987));
#9105=CARTESIAN_POINT('Ctrl Pts',(-1.19939481373506,-2.60626149342872,5.65364140354191));
#9106=CARTESIAN_POINT('Ctrl Pts',(-1.72983853840731,-2.18633725023947,5.63423251554789));
#9107=CARTESIAN_POINT('',(-1.94164314285685,-2.47838379608217,5.88461313055106));
#9108=CARTESIAN_POINT('',(-1.9426651830006,-2.47962738869316,5.88461531392365));
#9109=CARTESIAN_POINT('',(-2.54229084518303,-1.14419372331,6.09615396278724));
#9110=CARTESIAN_POINT('Ctrl Pts',(-2.54229084518303,-1.14419372331,6.09615396278724));
#9111=CARTESIAN_POINT('Ctrl Pts',(-2.81814996689066,-0.531260683565538,
6.07687622317535));
#9112=CARTESIAN_POINT('Ctrl Pts',(-2.86109130996928,0.189453237246823,6.05769535269499));
#9113=CARTESIAN_POINT('Ctrl Pts',(-2.46225366341322,1.4693675385506,6.01922777371268));
#9114=CARTESIAN_POINT('Ctrl Pts',(-2.01574915972174,2.03916997817223,6.00000027758841));
#9115=CARTESIAN_POINT('Ctrl Pts',(-0.868827159651712,2.73250766491765,5.96153793653838));
#9116=CARTESIAN_POINT('Ctrl Pts',(-0.156540161964295,2.86301984931382,5.94230422980444));
#9117=CARTESIAN_POINT('Ctrl Pts',(1.16160671783691,2.62146091828125,5.90384977185468));
#9118=CARTESIAN_POINT('Ctrl Pts',(1.78130989915684,2.246872141081,5.88461804663621));
#9119=CARTESIAN_POINT('Ctrl Pts',(2.60787678796846,1.19183812548929,5.8461513255165));
#9120=CARTESIAN_POINT('Ctrl Pts',(2.8232809019493,0.500563678664293,5.826924686663));
#9121=CARTESIAN_POINT('Ctrl Pts',(2.74235895276958,-0.837225347730694,5.78845971664964));
#9122=CARTESIAN_POINT('Ctrl Pts',(2.44511660625159,-1.49757841567544,5.76922460220679));
#9123=CARTESIAN_POINT('Ctrl Pts',(1.49757841567529,-2.44511660625141,5.73077539779321));
#9124=CARTESIAN_POINT('Ctrl Pts',(0.837386394073251,-2.74234904097952,5.7115402748465));
#9125=CARTESIAN_POINT('Ctrl Pts',(-0.500724725006809,-2.82329081373936,
5.67307532184086));
#9126=CARTESIAN_POINT('Ctrl Pts',(-1.1902671101815,-2.60910758327081,5.65389526907126));
#9127=CARTESIAN_POINT('Ctrl Pts',(-1.71935513328515,-2.19459334356264,5.63461531392365));
#9128=CARTESIAN_POINT('',(-2.871008813306,-1.29217907642673,6.34615099975611));
#9129=CARTESIAN_POINT('',(-2.87248388328111,-1.29280174051949,6.34615396278724));
#9130=CARTESIAN_POINT('',(-3.14316801205029,0.190150426658578,6.30844111875419));
#9131=CARTESIAN_POINT('Ctrl Pts',(-3.14316936143407,0.190128120216333,6.3084416835407));
#9132=CARTESIAN_POINT('Ctrl Pts',(-3.15106867053225,0.0563332655964257,
6.31196258947912));
#9133=CARTESIAN_POINT('Ctrl Pts',(-3.15027958034774,-0.0778575248356342,
6.31536023447118));
#9134=CARTESIAN_POINT('Ctrl Pts',(-3.14100691748346,-0.2114952085965,6.31869098028788));
#9135=CARTESIAN_POINT('Ctrl Pts',(-3.13162969851227,-0.346639755720734,
6.32205928271812));
#9136=CARTESIAN_POINT('Ctrl Pts',(-3.11357562915227,-0.481218530349314,
6.32535916925678));
#9137=CARTESIAN_POINT('Ctrl Pts',(-3.08705358619237,-0.614196113641667,
6.32864894111078));
#9138=CARTESIAN_POINT('Ctrl Pts',(-3.06048285638185,-0.74741780557015,6.33194475204069));
#9139=CARTESIAN_POINT('Ctrl Pts',(-3.02541212539252,-0.879032165606705,
6.33523041137119));
#9140=CARTESIAN_POINT('Ctrl Pts',(-2.98206200192752,-1.00794723750163,6.33856454776862));
#9141=CARTESIAN_POINT('Ctrl Pts',(-2.94964529110156,-1.10434840715684,6.34105777562614));
#9142=CARTESIAN_POINT('Ctrl Pts',(-2.91259898765449,-1.19923909059298,6.34357811132775));
#9143=CARTESIAN_POINT('Ctrl Pts',(-2.8710238052784,-1.29214557607043,6.34615007203182));
#9144=CARTESIAN_POINT('Ctrl Pts',(-1.94164314285685,-2.47838379608217,5.88461313055106));
#9145=CARTESIAN_POINT('Ctrl Pts',(-1.79221540384435,-2.59596184598017,5.88942199711307));
#9146=CARTESIAN_POINT('Ctrl Pts',(-1.63247609439432,-2.70003424023232,5.89422362825383));
#9147=CARTESIAN_POINT('Ctrl Pts',(-1.46456234129635,-2.78860428177785,5.89902240157994));
#9148=CARTESIAN_POINT('Ctrl Pts',(-1.4082020707992,-2.81833282638692,5.90063311039755));
#9149=CARTESIAN_POINT('Ctrl Pts',(-1.35092045130976,-2.84631468605292,5.90224349712075));
#9150=CARTESIAN_POINT('Ctrl Pts',(-1.2927971694767,-2.87247372685392,5.90385372697756));
#9151=CARTESIAN_POINT('Ctrl Pts',(-1.12139210735487,-2.94961651494392,5.90860228108413));
#9152=CARTESIAN_POINT('Ctrl Pts',(-0.943086451084594,-3.01065605342857,
5.91334728167762));
#9153=CARTESIAN_POINT('Ctrl Pts',(-0.760792061508105,-3.05547109073605,
5.91809137526631));
#9154=CARTESIAN_POINT('Ctrl Pts',(-0.573339268555221,-3.10155426383366,
5.92296971296664));
#9155=CARTESIAN_POINT('Ctrl Pts',(-0.381667348759768,-3.13048202364744,
5.92784709156686));
#9156=CARTESIAN_POINT('Ctrl Pts',(-0.188922396752376,-3.14207191001175,
5.93272638863957));
#9157=CARTESIAN_POINT('Ctrl Pts',(-0.0627436992010549,-3.14965912177002,
5.93592057527422));
#9158=CARTESIAN_POINT('Ctrl Pts',(0.0638952178966069,-3.1498150612198,5.93911558407965));
#9159=CARTESIAN_POINT('Ctrl Pts',(0.190111433661207,-3.14247642470523,5.94231222247446));
#9160=CARTESIAN_POINT('Ctrl Pts',(0.44333600538421,-3.12775309397332,5.94872556154961));
#9161=CARTESIAN_POINT('Ctrl Pts',(0.694791803748521,-3.08286886449403,5.9551377447678));
#9162=CARTESIAN_POINT('Ctrl Pts',(0.937129403090737,-3.00735508629842,5.96154981978709));
#9163=CARTESIAN_POINT('Ctrl Pts',(1.19018307982889,-2.92850211726407,5.9682454343494));
#9164=CARTESIAN_POINT('Ctrl Pts',(1.43248553733863,-2.81650389341966,5.97493960727111));
#9165=CARTESIAN_POINT('Ctrl Pts',(1.65743455970017,-2.67652105178241,5.98163374932572));
#9166=CARTESIAN_POINT('Ctrl Pts',(1.86320363918688,-2.54847363834961,5.98775712534252));
#9167=CARTESIAN_POINT('Ctrl Pts',(2.05445140541366,-2.39701166153582,5.99388047561302));
#9168=CARTESIAN_POINT('Ctrl Pts',(2.22614945792988,-2.22611406830702,6.00000487991591));
#9169=CARTESIAN_POINT('Ctrl Pts',(2.40592311548496,-2.04717851864958,6.0064173379825));
#9170=CARTESIAN_POINT('Ctrl Pts',(2.56437792669848,-1.84683532242944,6.01282899970092));
#9171=CARTESIAN_POINT('Ctrl Pts',(2.69569944165783,-1.62960521543511,6.01924090550592));
#9172=CARTESIAN_POINT('Ctrl Pts',(2.83260441963252,-1.40313902653449,6.02592542954055));
#9173=CARTESIAN_POINT('Ctrl Pts',(2.93958424487207,-1.15902485728361,6.03261008031135));
#9174=CARTESIAN_POINT('Ctrl Pts',(3.01511768443138,-0.905473231074315,6.03929523790003));
#9175=CARTESIAN_POINT('Ctrl Pts',(3.08442272239065,-0.672829183860316,6.04542914499005));
#9176=CARTESIAN_POINT('Ctrl Pts',(3.12725380041263,-0.432241622284838,6.05156347869131));
#9177=CARTESIAN_POINT('Ctrl Pts',(3.14247361024477,-0.190060838056948,6.05769853293616));
#9178=CARTESIAN_POINT('Ctrl Pts',(3.15838380418133,0.063105481842655,6.06411187869564));
#9179=CARTESIAN_POINT('Ctrl Pts',(3.14413778055297,0.318139868231813,6.07052344175122));
#9180=CARTESIAN_POINT('Ctrl Pts',(3.0983874558475,0.567799531253194,6.07693383408685));
#9181=CARTESIAN_POINT('Ctrl Pts',(3.04924149573771,0.835989187148836,6.0838200122297));
#9182=CARTESIAN_POINT('Ctrl Pts',(2.963896850839,1.09713299236502,6.09070624755626));
#9183=CARTESIAN_POINT('Ctrl Pts',(2.84705947696684,1.34341214918327,6.09759358195599));
#9184=CARTESIAN_POINT('Ctrl Pts',(2.74644982425759,1.55548521806381,6.10352432397016));
#9185=CARTESIAN_POINT('Ctrl Pts',(2.62248939329174,1.7565352641899,6.10945588092761));
#9186=CARTESIAN_POINT('Ctrl Pts',(2.47820938971262,1.94158617523787,6.1153889177804));
#9187=CARTESIAN_POINT('Ctrl Pts',(2.32224278926607,2.14162610308458,6.12180252718778));
#9188=CARTESIAN_POINT('Ctrl Pts',(2.14246173814883,2.32307371971435,6.12821484010611));
#9189=CARTESIAN_POINT('Ctrl Pts',(1.94265499020194,2.47961437855487,6.13462672496255));
#9190=CARTESIAN_POINT('Ctrl Pts',(1.72984178234579,2.64634508264811,6.14145599273615));
#9191=CARTESIAN_POINT('Ctrl Pts',(1.49500453518824,2.78428302856069,6.14828372079191));
#9192=CARTESIAN_POINT('Ctrl Pts',(1.24662422255569,2.89077386065737,6.15511164930329));
#9193=CARTESIAN_POINT('Ctrl Pts',(1.02874403585261,2.98418803722182,6.16110113503622));
#9194=CARTESIAN_POINT('Ctrl Pts',(0.800444178873017,3.05340429868601,6.1670907751043));
#9195=CARTESIAN_POINT('Ctrl Pts',(0.567458055518241,3.09666285650988,6.17308174395513));
#9196=CARTESIAN_POINT('Ctrl Pts',(0.318068895680949,3.14296696782832,6.17949449792866));
#9197=CARTESIAN_POINT('Ctrl Pts',(0.0631794149059733,3.15956270102805,6.185906236313));
#9198=CARTESIAN_POINT('Ctrl Pts',(-0.190192747882094,3.14423777624115,6.19231826715062));
#9199=CARTESIAN_POINT('Ctrl Pts',(-0.461054871141001,3.1278549912466,6.19917291238065));
#9200=CARTESIAN_POINT('Ctrl Pts',(-0.729307671378424,3.07503472540931,6.20602748419601));
#9201=CARTESIAN_POINT('Ctrl Pts',(-0.986739494360035,2.98946052769424,6.21288241459466));
#9202=CARTESIAN_POINT('Ctrl Pts',(-1.21072083107754,2.91500577314697,6.21884662079114));
#9203=CARTESIAN_POINT('Ctrl Pts',(-1.42650963361723,2.81575732415383,6.22481109835873));
#9204=CARTESIAN_POINT('Ctrl Pts',(-1.62871024579774,2.69417075434973,6.2307761324135));
#9205=CARTESIAN_POINT('Ctrl Pts',(-1.82194263375118,2.57797692598812,6.23647659870881));
#9206=CARTESIAN_POINT('Ctrl Pts',(-2.00290130654667,2.44130648323239,6.24217695992696));
#9207=CARTESIAN_POINT('Ctrl Pts',(-2.16681664376614,2.28627038235832,6.24787642206127));
#9208=CARTESIAN_POINT('Ctrl Pts',(-2.18727157934031,2.26692348347233,6.2485876558771));
#9209=CARTESIAN_POINT('Ctrl Pts',(-2.20746112679377,2.24729065008092,6.24929887569245));
#9210=CARTESIAN_POINT('Ctrl Pts',(-2.22737603728704,2.22737603728701,6.25001007996503));
#9211=CARTESIAN_POINT('Ctrl Pts',(-2.38610219826337,2.0686522490392,6.25567853244909));
#9212=CARTESIAN_POINT('Ctrl Pts',(-2.52696918693939,1.8925567390876,6.26134456147983));
#9213=CARTESIAN_POINT('Ctrl Pts',(-2.6478588737893,1.70364015474157,6.26701027842415));
#9214=CARTESIAN_POINT('Ctrl Pts',(-2.76814155674071,1.51567214678926,6.27264754701722));
#9215=CARTESIAN_POINT('Ctrl Pts',(-2.868646312697,1.31501308788506,6.27828450755047));
#9216=CARTESIAN_POINT('Ctrl Pts',(-2.94733109771275,1.10616804787599,6.28392323598006));
#9217=CARTESIAN_POINT('Ctrl Pts',(-2.96841201630651,1.05021510492444,6.28543394195673));
#9218=CARTESIAN_POINT('Ctrl Pts',(-2.98792700034043,0.993674632344907,6.28694477476862));
#9219=CARTESIAN_POINT('Ctrl Pts',(-3.00583742894433,0.936633317581461,6.28845577416503));
#9220=CARTESIAN_POINT('Ctrl Pts',(-3.04116180962749,0.824131871528236,6.29143588810152));
#9221=CARTESIAN_POINT('Ctrl Pts',(-3.07008438297017,0.709674209313869,6.29452254999918));
#9222=CARTESIAN_POINT('Ctrl Pts',(-3.09242370702606,0.593976378559079,6.29764190832211));
#9223=CARTESIAN_POINT('Ctrl Pts',(-3.11459256351068,0.479161418215208,6.30073746335378));
#9224=CARTESIAN_POINT('Ctrl Pts',(-3.13027911037118,0.363125393660802,6.30386521798525));
#9225=CARTESIAN_POINT('Ctrl Pts',(-3.13931896669133,0.246518711103409,6.30695299642074));
#9226=CARTESIAN_POINT('Ctrl Pts',(-3.14077451620119,0.227743324235355,6.307450174056));
#9227=CARTESIAN_POINT('Ctrl Pts',(-3.14205775716729,0.208953033508946,6.30794631526927));
#9228=CARTESIAN_POINT('Ctrl Pts',(-3.14316801205029,0.190150426658578,6.30844111875419));
#9229=CARTESIAN_POINT('Ctrl Pts',(-2.78281992735944,0.168330834533207,6.55769220165632));
#9230=CARTESIAN_POINT('Ctrl Pts',(-2.7422422040662,0.839155523802576,6.53841401257606));
#9231=CARTESIAN_POINT('Ctrl Pts',(-2.44522707139104,1.49746818290027,6.51922459398148));
#9232=CARTESIAN_POINT('Ctrl Pts',(-1.49746795053585,2.44522683902657,6.48077540601853));
#9233=CARTESIAN_POINT('Ctrl Pts',(-0.83722534773086,2.7423589527702,6.46154028335071));
#9234=CARTESIAN_POINT('Ctrl Pts',(0.500563678664431,2.82328090194868,6.42307531333665));
#9235=CARTESIAN_POINT('Ctrl Pts',(1.19183812548934,2.60787678796867,6.40384867448319));
#9236=CARTESIAN_POINT('Ctrl Pts',(2.24687214108093,1.78130989915663,6.36538195336412));
#9237=CARTESIAN_POINT('Ctrl Pts',(2.62146091828114,1.16160671783704,6.34615022814564));
#9238=CARTESIAN_POINT('Ctrl Pts',(2.86301984931392,-0.156540161964407,6.30769577019524));
#9239=CARTESIAN_POINT('Ctrl Pts',(2.73250766491779,-0.868827159651713,6.28846206346127));
#9240=CARTESIAN_POINT('Ctrl Pts',(2.03916997817208,-2.01574915972173,6.24999972241194));
#9241=CARTESIAN_POINT('Ctrl Pts',(1.46920705009102,-2.46230385908246,6.23077223514838));
#9242=CARTESIAN_POINT('Ctrl Pts',(0.18961372570645,-2.86104111430001,6.19230463844395));
#9243=CARTESIAN_POINT('Ctrl Pts',(-0.532998816549941,-2.81736751951298,
6.17307544703012));
#9244=CARTESIAN_POINT('Ctrl Pts',(-1.75538863007005,-2.26721417085308,6.13461662739541));
#9245=CARTESIAN_POINT('Ctrl Pts',(-2.26645114915357,-1.75708357094409,6.11543093239953));
#9246=CARTESIAN_POINT('Ctrl Pts',(-2.54229084518303,-1.14419372331,6.09615396278724));
#9247=CARTESIAN_POINT('Ctrl Pts',(-3.14425291132968,0.19019366339302,6.30769220165632));
#9248=CARTESIAN_POINT('Ctrl Pts',(-3.09819937305262,0.951543653171825,6.28842215178684));
#9249=CARTESIAN_POINT('Ctrl Pts',(-2.7656000924708,1.68917293431492,6.26922459398148));
#9250=CARTESIAN_POINT('Ctrl Pts',(-1.68917262900447,2.7655997871603,6.23077540601853));
#9251=CARTESIAN_POINT('Ctrl Pts',(-0.95005797126768,3.09828923344475,6.21154028335071));
#9252=CARTESIAN_POINT('Ctrl Pts',(0.569670644481616,3.1902165892146,6.17307531333665));
#9253=CARTESIAN_POINT('Ctrl Pts',(1.34341029457474,2.94911391064528,6.15384867448319));
#9254=CARTESIAN_POINT('Ctrl Pts',(2.54192007142644,2.01014086674105,6.11538195336412));
#9255=CARTESIAN_POINT('Ctrl Pts',(2.96119591611347,1.31651799158233,6.09615022814564));
#9256=CARTESIAN_POINT('Ctrl Pts',(3.23560986750956,-0.180913271595559,6.05769577019524));
#9257=CARTESIAN_POINT('Ctrl Pts',(3.0895275967931,-0.978161120248819,6.03846206346127));
#9258=CARTESIAN_POINT('Ctrl Pts',(2.30189610752414,-2.28106431542238,5.99999972241194));
#9259=CARTESIAN_POINT('Ctrl Pts',(1.663935186709,-2.78089059938338,5.98077223514838));
#9260=CARTESIAN_POINT('Ctrl Pts',(0.210333429235714,-3.23385105386198,5.94230463844395));
#9261=CARTESIAN_POINT('Ctrl Pts',(-0.598652258566617,-3.18489537256754,
5.92307544703012));
#9262=CARTESIAN_POINT('Ctrl Pts',(-1.98695122247237,-2.56007239399469,5.88461662739541));
#9263=CARTESIAN_POINT('Ctrl Pts',(-2.55942933278556,-1.98837948815916,5.86542290410622));
#9264=CARTESIAN_POINT('Ctrl Pts',(-2.87248388328111,-1.29280174051949,5.84615396278724));
#9265=CARTESIAN_POINT('',(-2.78281992735944,0.168330834533208,6.55769220165632));
#9266=CARTESIAN_POINT('',(-2.78281992735944,0.168330834533208,6.55769220165632));
#9267=CARTESIAN_POINT('Ctrl Pts',(-2.78281992735944,0.168330834533207,6.55769220165632));
#9268=CARTESIAN_POINT('Ctrl Pts',(-2.7422422040662,0.839155523802576,6.53841401257606));
#9269=CARTESIAN_POINT('Ctrl Pts',(-2.44522707139104,1.49746818290027,6.51922459398148));
#9270=CARTESIAN_POINT('Ctrl Pts',(-1.49746795053585,2.44522683902657,6.48077540601853));
#9271=CARTESIAN_POINT('Ctrl Pts',(-0.83722534773086,2.7423589527702,6.46154028335071));
#9272=CARTESIAN_POINT('Ctrl Pts',(0.500563678664431,2.82328090194868,6.42307531333665));
#9273=CARTESIAN_POINT('Ctrl Pts',(1.19183812548934,2.60787678796867,6.40384867448319));
#9274=CARTESIAN_POINT('Ctrl Pts',(2.24687214108093,1.78130989915663,6.36538195336412));
#9275=CARTESIAN_POINT('Ctrl Pts',(2.62146091828114,1.16160671783704,6.34615022814564));
#9276=CARTESIAN_POINT('Ctrl Pts',(2.86301984931392,-0.156540161964407,6.30769577019524));
#9277=CARTESIAN_POINT('Ctrl Pts',(2.73250766491779,-0.868827159651713,6.28846206346127));
#9278=CARTESIAN_POINT('Ctrl Pts',(2.03916997817208,-2.01574915972173,6.24999972241194));
#9279=CARTESIAN_POINT('Ctrl Pts',(1.46920705009102,-2.46230385908246,6.23077223514838));
#9280=CARTESIAN_POINT('Ctrl Pts',(0.18961372570645,-2.86104111430001,6.19230463844395));
#9281=CARTESIAN_POINT('Ctrl Pts',(-0.532998816549941,-2.81736751951298,
6.17307544703012));
#9282=CARTESIAN_POINT('Ctrl Pts',(-1.75538863007005,-2.26721417085308,6.13461662739541));
#9283=CARTESIAN_POINT('Ctrl Pts',(-2.26645114915357,-1.75708357094409,6.11543093239953));
#9284=CARTESIAN_POINT('Ctrl Pts',(-2.54229084518303,-1.14419372331,6.09615396278724));
#9285=CARTESIAN_POINT('',(-2.8714951924439,-1.29233202394057,5.84690897391341));
#9286=CARTESIAN_POINT('',(-2.54229084518303,-1.14419372331,6.09615396278724));
#9287=CARTESIAN_POINT('Ctrl Pts',(-2.87148593254635,-1.29235259876647,5.84690954408335));
#9288=CARTESIAN_POINT('Ctrl Pts',(-2.8163492121822,-1.41438564387141,5.85042830556092));
#9289=CARTESIAN_POINT('Ctrl Pts',(-2.75334803140009,-1.53273972156006,5.85382318525332));
#9290=CARTESIAN_POINT('Ctrl Pts',(-2.68310426356831,-1.64667027010518,5.8571507589925));
#9291=CARTESIAN_POINT('Ctrl Pts',(-2.61205170806217,-1.76191261649715,5.86051664645985));
#9292=CARTESIAN_POINT('Ctrl Pts',(-2.53358810099453,-1.87262845455285,5.86381366961493));
#9293=CARTESIAN_POINT('Ctrl Pts',(-2.44837987604897,-1.97799823272563,5.86710039165852));
#9294=CARTESIAN_POINT('Ctrl Pts',(-2.36299764421313,-2.08358319044757,5.87039382563964));
#9295=CARTESIAN_POINT('Ctrl Pts',(-2.27084253580912,-2.18379957033548,5.87367691666199));
#9296=CARTESIAN_POINT('Ctrl Pts',(-2.17261843087168,-2.27778298156221,5.877008592209));
#9297=CARTESIAN_POINT('Ctrl Pts',(-2.09894567325191,-2.348275016893,5.879507507574));
#9298=CARTESIAN_POINT('Ctrl Pts',(-2.02185929894235,-2.41525967367693,5.88203375527281));
#9299=CARTESIAN_POINT('Ctrl Pts',(-1.94167204047063,-2.47836105668026,5.88461220103213));
#9300=CARTESIAN_POINT('Ctrl Pts',(-2.69879057419052,1.62509152734225,7.26957643516041));
#9301=CARTESIAN_POINT('Ctrl Pts',(-2.30433766635889,2.28025570733478,7.25025899831188));
#9302=CARTESIAN_POINT('Ctrl Pts',(-1.66583119460402,2.78061492273482,7.23102569998535));
#9303=CARTESIAN_POINT('Ctrl Pts',(-0.210350942992518,3.23416025864684,7.19251222049993));
#9304=CARTESIAN_POINT('Ctrl Pts',(0.598706505095698,3.18520089693192,7.17328302900817));
#9305=CARTESIAN_POINT('Ctrl Pts',(1.98714375242535,2.56031518376491,7.13482419206745));
#9306=CARTESIAN_POINT('Ctrl Pts',(2.56031518376432,1.98714375242577,7.1155909545823));
#9307=CARTESIAN_POINT('Ctrl Pts',(3.18520089693248,0.598706505095319,7.07713211764225));
#9308=CARTESIAN_POINT('Ctrl Pts',(3.23416059545704,-0.210350632666722,7.05790293488109));
#9309=CARTESIAN_POINT('Ctrl Pts',(2.78115511981937,-1.66409686817617,7.01943533817666));
#9310=CARTESIAN_POINT('Ctrl Pts',(2.28128460481839,-2.30211424726947,7.00020785091409));
#9311=CARTESIAN_POINT('Ctrl Pts',(0.978251899503913,-3.08982402805025,6.96174550986278));
#9312=CARTESIAN_POINT('Ctrl Pts',(0.180933508425007,-3.23591922650563,6.94251180312979));
#9313=CARTESIAN_POINT('Ctrl Pts',(-1.31664661337487,-2.96147799580573,6.90405734517941));
#9314=CARTESIAN_POINT('Ctrl Pts',(-2.01033092674272,-2.54216460050904,6.88482561134926));
#9315=CARTESIAN_POINT('Ctrl Pts',(-2.95250435629048,-1.33957057141,6.8462316288429));
#9316=CARTESIAN_POINT('Ctrl Pts',(-3.19379787893249,-0.561054834413559,
6.8269176444773));
#9317=CARTESIAN_POINT('Ctrl Pts',(-3.14360078183006,0.205328157943827,6.80751716440291));
#9318=CARTESIAN_POINT('Ctrl Pts',(-2.38832453096241,1.43816781209902,7.01936891805267));
#9319=CARTESIAN_POINT('Ctrl Pts',(-2.04082582673223,2.0153756196355,7.00004357265625));
#9320=CARTESIAN_POINT('Ctrl Pts',(-1.47089248731399,2.46177883896324,6.98081812666031));
#9321=CARTESIAN_POINT('Ctrl Pts',(-0.189455501024758,2.86109023636065,6.94230464717489));
#9322=CARTESIAN_POINT('Ctrl Pts',(0.53314862070336,2.81730028763902,6.92307545568313));
#9323=CARTESIAN_POINT('Ctrl Pts',(1.75523882591663,2.26728140272706,6.88461661874241));
#9324=CARTESIAN_POINT('Ctrl Pts',(2.26728140272662,1.75523882591665,6.86538338125726));
#9325=CARTESIAN_POINT('Ctrl Pts',(2.81730028763943,0.533148620703367,6.82692454431721));
#9326=CARTESIAN_POINT('Ctrl Pts',(2.86104111430018,-0.189613725706522,6.80769536155605));
#9327=CARTESIAN_POINT('Ctrl Pts',(2.4623038590823,-1.46920705009093,6.76922776485162));
#9328=CARTESIAN_POINT('Ctrl Pts',(2.0157491597217,-2.03916997817226,6.75000027758905));
#9329=CARTESIAN_POINT('Ctrl Pts',(0.868827159651684,-2.73250766491764,6.71153793653774));
#9330=CARTESIAN_POINT('Ctrl Pts',(0.156540161964431,-2.86301984931419,6.69230422980475));
#9331=CARTESIAN_POINT('Ctrl Pts',(-1.16160671783709,-2.62146091828087,6.65384977185437));
#9332=CARTESIAN_POINT('Ctrl Pts',(-1.78120899443482,-2.24700065738251,6.63461803802422));
#9333=CARTESIAN_POINT('Ctrl Pts',(-2.61071330454616,-1.1882178626948,6.59602405551786));
#9334=CARTESIAN_POINT('Ctrl Pts',(-2.82624557735729,-0.49345551332493,6.57671795817496));
#9335=CARTESIAN_POINT('Ctrl Pts',(-2.78198058821257,0.181647912062008,6.55730943449841));
#9336=CARTESIAN_POINT('',(-3.14264398945464,0.190058697342377,6.80769096952635));
#9337=CARTESIAN_POINT('',(-3.14425291132968,0.19019366339302,6.80769220165632));
#9338=CARTESIAN_POINT('',(-2.38583882154495,1.44228815968671,7.01923089293661));
#9339=CARTESIAN_POINT('Ctrl Pts',(-2.38583882154495,1.44228815968671,7.01923089293661));
#9340=CARTESIAN_POINT('Ctrl Pts',(-2.03811167643167,2.01749977696112,6.99995203014594));
#9341=CARTESIAN_POINT('Ctrl Pts',(-1.46936527477268,2.462254737022,6.98077222641745));
#9342=CARTESIAN_POINT('Ctrl Pts',(-0.189455501024758,2.86109023636049,6.94230464717489));
#9343=CARTESIAN_POINT('Ctrl Pts',(0.53314862070336,2.81730028763918,6.92307545568313));
#9344=CARTESIAN_POINT('Ctrl Pts',(1.75523882591663,2.26728140272689,6.88461661874241));
#9345=CARTESIAN_POINT('Ctrl Pts',(2.26728140272662,1.75523882591674,6.86538338125726));
#9346=CARTESIAN_POINT('Ctrl Pts',(2.81730028763943,0.533148620703285,6.82692454431721));
#9347=CARTESIAN_POINT('Ctrl Pts',(2.86104111430001,-0.18961372570644,6.80769536155605));
#9348=CARTESIAN_POINT('Ctrl Pts',(2.46230385908247,-1.46920705009101,6.76922776485162));
#9349=CARTESIAN_POINT('Ctrl Pts',(2.0157491597217,-2.03916997817243,6.75000027758905));
#9350=CARTESIAN_POINT('Ctrl Pts',(0.868827159651684,-2.73250766491748,6.71153793653774));
#9351=CARTESIAN_POINT('Ctrl Pts',(0.156540161964431,-2.86301984931419,6.69230422980475));
#9352=CARTESIAN_POINT('Ctrl Pts',(-1.16160671783709,-2.62146091828087,6.65384977185437));
#9353=CARTESIAN_POINT('Ctrl Pts',(-1.78120899443482,-2.24700065738242,6.63461803802422));
#9354=CARTESIAN_POINT('Ctrl Pts',(-2.60797769269043,-1.19170960918791,6.59615133412849));
#9355=CARTESIAN_POINT('Ctrl Pts',(-2.8234030492509,-0.502583308034463,6.57697180074008));
#9356=CARTESIAN_POINT('Ctrl Pts',(-2.78281992735944,0.168330834533208,6.55769220165632));
#9357=CARTESIAN_POINT('',(-2.69436241693117,1.62875303591055,7.26922757552178));
#9358=CARTESIAN_POINT('',(-2.69571185215862,1.6296127178356,7.26923089293661));
#9359=CARTESIAN_POINT('',(-1.62903203724723,2.69479448202512,7.23151798672805));
#9360=CARTESIAN_POINT('Ctrl Pts',(-1.62905116047764,2.69478292173921,7.23151855145484));
#9361=CARTESIAN_POINT('Ctrl Pts',(-1.74364173430737,2.62528443485087,7.23503910305629));
#9362=CARTESIAN_POINT('Ctrl Pts',(-1.85362337447912,2.54841179419731,7.2384364379728));
#9363=CARTESIAN_POINT('Ctrl Pts',(-1.95833138568884,2.46487238108768,7.2417669033214));
#9364=CARTESIAN_POINT('Ctrl Pts',(-2.06421929684974,2.38039160591503,7.24513489794649));
#9365=CARTESIAN_POINT('Ctrl Pts',(-2.16471345533631,2.28909230780834,7.24843450794362));
#9366=CARTESIAN_POINT('Ctrl Pts',(-2.25908045035248,2.19173433128558,7.25172401811963));
#9367=CARTESIAN_POINT('Ctrl Pts',(-2.3536226718554,2.09419557443618,7.25501963646207));
#9368=CARTESIAN_POINT('Ctrl Pts',(-2.44201422546967,1.99057501671254,7.25830511769746));
#9369=CARTESIAN_POINT('Ctrl Pts',(-2.52348185644596,1.88167439054313,7.26163907768446));
#9370=CARTESIAN_POINT('Ctrl Pts',(-2.58442168958427,1.80021398832088,7.26413296345065));
#9371=CARTESIAN_POINT('Ctrl Pts',(-2.64148649161859,1.71579989574744,7.26665397518146));
#9372=CARTESIAN_POINT('Ctrl Pts',(-2.69434336700605,1.62878439811133,7.26922664796396));
#9373=CARTESIAN_POINT('Ctrl Pts',(-3.14264398945464,0.190058697342377,6.80769096952635));
#9374=CARTESIAN_POINT('Ctrl Pts',(-3.15453416022307,0.000153017887886325,
6.81250312510124));
#9375=CARTESIAN_POINT('Ctrl Pts',(-3.14942771990941,-0.19056675511991,6.81730795726189));
#9376=CARTESIAN_POINT('Ctrl Pts',(-3.12689416366167,-0.379199055382842,
6.8221097627161));
#9377=CARTESIAN_POINT('Ctrl Pts',(-3.11935199315992,-0.442335870321342,
6.82371696732481));
#9378=CARTESIAN_POINT('Ctrl Pts',(-3.10985709464772,-0.505239062103059,
6.82532383272468));
#9379=CARTESIAN_POINT('Ctrl Pts',(-3.09839217765271,-0.567800396554496,
6.82693051972536));
#9380=CARTESIAN_POINT('Ctrl Pts',(-3.06448737903811,-0.752810845959307,
6.83168191907856));
#9381=CARTESIAN_POINT('Ctrl Pts',(-3.01338444995088,-0.934351534383816,
6.83643007873116));
#9382=CARTESIAN_POINT('Ctrl Pts',(-2.94664150650367,-1.10995024848026,6.84117751237864));
#9383=CARTESIAN_POINT('Ctrl Pts',(-2.87800417108027,-1.29053305194755,6.84605969435673));
#9384=CARTESIAN_POINT('Ctrl Pts',(-2.79282579883152,-1.46483315695688,6.85094110855068));
#9385=CARTESIAN_POINT('Ctrl Pts',(-2.69274793409547,-1.63014956837068,6.85582448967916));
#9386=CARTESIAN_POINT('Ctrl Pts',(-2.62743343263752,-1.73804114881945,6.85901156411042));
#9387=CARTESIAN_POINT('Ctrl Pts',(-2.55577164961005,-1.84210596600232,6.86219947634444));
#9388=CARTESIAN_POINT('Ctrl Pts',(-2.47820919285934,-1.94158615685089,6.8653889867057));
#9389=CARTESIAN_POINT('Ctrl Pts',(-2.3222426698972,-2.14162597147575,6.87180261595157));
#9390=CARTESIAN_POINT('Ctrl Pts',(-2.14246167818531,-2.32307360117732,6.87821492916337));
#9391=CARTESIAN_POINT('Ctrl Pts',(-1.94265491878299,-2.47961428739529,6.88462680491751));
#9392=CARTESIAN_POINT('Ctrl Pts',(-1.72990957186422,-2.64629184473101,6.89145388492119));
#9393=CARTESIAN_POINT('Ctrl Pts',(-1.4951541739748,-2.78419505719694,6.89827941659969));
#9394=CARTESIAN_POINT('Ctrl Pts',(-1.24686161911549,-2.89067202173328,6.90510515184475));
#9395=CARTESIAN_POINT('Ctrl Pts',(-1.02890986508337,-2.98413773679615,6.9110967973456));
#9396=CARTESIAN_POINT('Ctrl Pts',(-0.800528775903136,-3.05338859154643,
6.91708859978939));
#9397=CARTESIAN_POINT('Ctrl Pts',(-0.567458055518245,-3.09666285650983,
6.92308174395515));
#9398=CARTESIAN_POINT('Ctrl Pts',(-0.318068934918726,-3.14296696054311,
6.92949449691982));
#9399=CARTESIAN_POINT('Ctrl Pts',(-0.0631794403608775,-3.15956270256796,
6.93590623566697));
#9400=CARTESIAN_POINT('Ctrl Pts',(0.190192747827963,-3.14423777534671,6.9423182677693));
#9401=CARTESIAN_POINT('Ctrl Pts',(0.460985734819857,-3.12785917102025,6.94917116404844));
#9402=CARTESIAN_POINT('Ctrl Pts',(0.729170740563988,-3.07506172122711,6.95602398693628));
#9403=CARTESIAN_POINT('Ctrl Pts',(0.986542347934035,-2.98952612427023,6.96287716864292));
#9404=CARTESIAN_POINT('Ctrl Pts',(1.2105943363443,-2.91506406229735,6.96884312970599));
#9405=CARTESIAN_POINT('Ctrl Pts',(1.4264505270287,-2.81579301128663,6.97480936261702));
#9406=CARTESIAN_POINT('Ctrl Pts',(1.62871048617446,-2.69417072008867,6.98077615310178));
#9407=CARTESIAN_POINT('Ctrl Pts',(1.8461009776156,-2.56345018713994,6.98718930339255));
#9408=CARTESIAN_POINT('Ctrl Pts',(2.04790020770763,-2.40684923982828,6.99360063176541));
#9409=CARTESIAN_POINT('Ctrl Pts',(2.22737566247847,-2.22737566247846,7.00001044593347));
#9410=CARTESIAN_POINT('Ctrl Pts',(2.41621956210989,-2.03853373826763,7.00675484619119));
#9411=CARTESIAN_POINT('Ctrl Pts',(2.57977705567898,-1.82493876299534,7.01350015856637));
#9412=CARTESIAN_POINT('Ctrl Pts',(2.71450655903377,-1.59441270623145,7.02024674233241));
#9413=CARTESIAN_POINT('Ctrl Pts',(2.83576182058777,-1.38694146487826,7.02631860305169));
#9414=CARTESIAN_POINT('Ctrl Pts',(2.93366679674171,-1.16575797512426,7.03239149346648));
#9415=CARTESIAN_POINT('Ctrl Pts',(3.0056728402199,-0.936578793610526,7.03846567512611));
#9416=CARTESIAN_POINT('Ctrl Pts',(3.08170584445043,-0.694582693896216,7.04487955731592));
#9417=CARTESIAN_POINT('Ctrl Pts',(3.12890935524759,-0.443551530990423,7.05129202575567));
#9418=CARTESIAN_POINT('Ctrl Pts',(3.14423639739902,-0.190192664476893,7.05770362419618));
#9419=CARTESIAN_POINT('Ctrl Pts',(3.16073410797989,0.0825175696009625,7.0646049359031));
#9420=CARTESIAN_POINT('Ctrl Pts',(3.14025479637609,0.357037562110635,7.0715048251687));
#9421=CARTESIAN_POINT('Ctrl Pts',(3.0855137695564,0.624608736671935,7.0784051585789));
#9422=CARTESIAN_POINT('Ctrl Pts',(3.03857294427728,0.854052948527564,7.08432224424196));
#9423=CARTESIAN_POINT('Ctrl Pts',(2.96643994768062,1.07838652620778,7.09023965657164));
#9424=CARTESIAN_POINT('Ctrl Pts',(2.87085590627883,1.29209647617119,7.09615857229864));
#9425=CARTESIAN_POINT('Ctrl Pts',(2.76729354702909,1.52364461212331,7.10257153483819));
#9426=CARTESIAN_POINT('Ctrl Pts',(2.63615780305745,1.74284117847819,7.10898339486241));
#9427=CARTESIAN_POINT('Ctrl Pts',(2.47961502755823,1.94265549866397,7.11539552788202));
#9428=CARTESIAN_POINT('Ctrl Pts',(2.31181520471563,2.15683853854982,7.12226875969552));
#9429=CARTESIAN_POINT('Ctrl Pts',(2.11536561547735,2.34804754606844,7.12914123865349));
#9430=CARTESIAN_POINT('Ctrl Pts',(1.89801976690525,2.51158354691085,7.13601395280692));
#9431=CARTESIAN_POINT('Ctrl Pts',(1.70998849799265,2.65306258574831,7.14195970779433));
#9432=CARTESIAN_POINT('Ctrl Pts',(1.50631915995253,2.77382992968411,7.14790563880174));
#9433=CARTESIAN_POINT('Ctrl Pts',(1.29204817111163,2.87087013280309,7.15385238597884));
#9434=CARTESIAN_POINT('Ctrl Pts',(1.08668987605114,2.96387390700807,7.15955177565381));
#9435=CARTESIAN_POINT('Ctrl Pts',(0.871451233293988,3.03515312998935,7.16525133386704));
#9436=CARTESIAN_POINT('Ctrl Pts',(0.650773295973782,3.08198335955069,7.17095052958099));
#9437=CARTESIAN_POINT('Ctrl Pts',(0.623197437514852,3.08783525302797,7.17166269961596));
#9438=CARTESIAN_POINT('Ctrl Pts',(0.595536687363435,3.09330542827948,7.17237486399116));
#9439=CARTESIAN_POINT('Ctrl Pts',(0.567799743788876,3.09838861561943,7.17308702167101));
#9440=CARTESIAN_POINT('Ctrl Pts',(0.347069078223216,3.1388406330425,7.17875437424862));
#9441=CARTESIAN_POINT('Ctrl Pts',(0.122195878695286,3.15474296325529,7.1844189118738));
#9442=CARTESIAN_POINT('Ctrl Pts',(-0.101880450141414,3.14693545172708,7.19008291659709));
#9443=CARTESIAN_POINT('Ctrl Pts',(-0.325041262564702,3.13915983961898,7.19572377970022));
#9444=CARTESIAN_POINT('Ctrl Pts',(-0.547409969202681,3.10786802403041,7.20136411521282));
#9445=CARTESIAN_POINT('Ctrl Pts',(-0.764113694658992,3.05393907703709,7.20700617406701));
#9446=CARTESIAN_POINT('Ctrl Pts',(-0.822070917232005,3.03951582714861,7.20851513779199));
#9447=CARTESIAN_POINT('Ctrl Pts',(-0.87962304419057,3.02347362642029,7.21002422472323));
#9448=CARTESIAN_POINT('Ctrl Pts',(-0.936677176410565,3.00582985406221,7.21153347774685));
#9449=CARTESIAN_POINT('Ctrl Pts',(-1.04928942856448,2.97100494542854,7.21451240977942));
#9450=CARTESIAN_POINT('Ctrl Pts',(-1.15987624221153,2.92980459579356,7.21759776531508));
#9451=CARTESIAN_POINT('Ctrl Pts',(-1.26774617563629,2.8824863214153,7.22071581571734));
#9452=CARTESIAN_POINT('Ctrl Pts',(-1.37480011837445,2.83552598988517,7.22381027937945));
#9453=CARTESIAN_POINT('Ctrl Pts',(-1.47917840365435,2.78254078459315,7.22693694540419));
#9454=CARTESIAN_POINT('Ctrl Pts',(-1.58025323599318,2.72376524614192,7.23002374343286));
#9455=CARTESIAN_POINT('Ctrl Pts',(-1.59659999316251,2.71425952219139,7.23052296897336));
#9456=CARTESIAN_POINT('Ctrl Pts',(-1.61286044163344,2.70460229194889,7.23102115170185));
#9457=CARTESIAN_POINT('Ctrl Pts',(-1.62903203724723,2.69479448202512,7.23151798672805));
#9458=CARTESIAN_POINT('Ctrl Pts',(-1.4422881596867,2.38583882154495,7.4807691070634));
#9459=CARTESIAN_POINT('Ctrl Pts',(-0.867135422217979,2.73353035819029,7.46149134361476));
#9460=CARTESIAN_POINT('Ctrl Pts',(-0.156697499193842,2.86304885363391,7.44230422137268));
#9461=CARTESIAN_POINT('Ctrl Pts',(1.16176405506644,2.62143191396116,7.40384978028645));
#9462=CARTESIAN_POINT('Ctrl Pts',(1.78130989915694,2.24687214108088,7.38461804663589));
#9463=CARTESIAN_POINT('Ctrl Pts',(2.60787678796832,1.19183812548946,7.34615132551682));
#9464=CARTESIAN_POINT('Ctrl Pts',(2.82328090194868,0.500563678664481,7.32692468666302));
#9465=CARTESIAN_POINT('Ctrl Pts',(2.74235895277021,-0.837225347730914,7.28845971664962));
#9466=CARTESIAN_POINT('Ctrl Pts',(2.44511660625166,-1.49757841567537,7.26922460220648));
#9467=CARTESIAN_POINT('Ctrl Pts',(1.49757841567522,-2.44511660625149,7.23077539779353));
#9468=CARTESIAN_POINT('Ctrl Pts',(0.837225347730692,-2.74235895276975,7.21154028335003));
#9469=CARTESIAN_POINT('Ctrl Pts',(-0.500563678664295,-2.82328090194913,
7.17307531333734));
#9470=CARTESIAN_POINT('Ctrl Pts',(-1.19183812548974,-2.60787678796773,7.15384867448218));
#9471=CARTESIAN_POINT('Ctrl Pts',(-2.24687214108059,-1.78130989915752,7.11538195336513));
#9472=CARTESIAN_POINT('Ctrl Pts',(-2.6214319139609,-1.16176405506681,7.09615021971387));
#9473=CARTESIAN_POINT('Ctrl Pts',(-2.86304885363417,0.156697499194202,7.057695778627));
#9474=CARTESIAN_POINT('Ctrl Pts',(-2.73353035818986,0.867135422217703,7.0385086563882));
#9475=CARTESIAN_POINT('Ctrl Pts',(-2.38583882154495,1.44228815968671,7.01923089293661));
#9476=CARTESIAN_POINT('Ctrl Pts',(-1.62961271783558,2.69571185215863,7.2307691070634));
#9477=CARTESIAN_POINT('Ctrl Pts',(-0.976855267362805,3.09031701517168,7.21149942568236));
#9478=CARTESIAN_POINT('Ctrl Pts',(-0.180912985967336,3.23561004017731,7.19230422137268));
#9479=CARTESIAN_POINT('Ctrl Pts',(1.31651770595407,2.96119574344573,7.15384978028645));
#9480=CARTESIAN_POINT('Ctrl Pts',(2.01014086674135,2.54192007142656,7.13461804663589));
#9481=CARTESIAN_POINT('Ctrl Pts',(2.94911391064492,1.34341029457469,7.09615132551682));
#9482=CARTESIAN_POINT('Ctrl Pts',(3.19021658921427,0.569670644481505,7.07692468666302));
#9483=CARTESIAN_POINT('Ctrl Pts',(3.09828923344508,-0.950057971267564,7.03845971664962));
#9484=CARTESIAN_POINT('Ctrl Pts',(2.76560011212793,-1.68917260934748,7.01922460220648));
#9485=CARTESIAN_POINT('Ctrl Pts',(1.68917260934733,-2.76560011212776,6.98077539779353));
#9486=CARTESIAN_POINT('Ctrl Pts',(0.950057971267481,-3.09828923344463,6.96154028335003));
#9487=CARTESIAN_POINT('Ctrl Pts',(-0.569670644481471,-3.19021658921472,
6.92307531333734));
#9488=CARTESIAN_POINT('Ctrl Pts',(-1.34341029457481,-2.94911391064444,6.90384867448218));
#9489=CARTESIAN_POINT('Ctrl Pts',(-2.54192007142645,-2.01014086674183,6.86538195336513));
#9490=CARTESIAN_POINT('Ctrl Pts',(-2.96119574344548,-1.31651770595417,6.84615021971387));
#9491=CARTESIAN_POINT('Ctrl Pts',(-3.23561004017755,0.180912985967443,6.807695778627));
#9492=CARTESIAN_POINT('Ctrl Pts',(-3.09031701517053,0.976855267362273,6.7885005743206));
#9493=CARTESIAN_POINT('Ctrl Pts',(-2.69571185215862,1.6296127178356,6.76923089293661));
#9494=CARTESIAN_POINT('',(-1.4422881596867,2.38583882154495,7.48076910706339));
#9495=CARTESIAN_POINT('',(-1.4422881596867,2.38583882154495,7.48076910706339));
#9496=CARTESIAN_POINT('Ctrl Pts',(-1.4422881596867,2.38583882154495,7.4807691070634));
#9497=CARTESIAN_POINT('Ctrl Pts',(-0.867135422217979,2.73353035819029,7.46149134361476));
#9498=CARTESIAN_POINT('Ctrl Pts',(-0.156697499193842,2.86304885363391,7.44230422137268));
#9499=CARTESIAN_POINT('Ctrl Pts',(1.16176405506644,2.62143191396116,7.40384978028645));
#9500=CARTESIAN_POINT('Ctrl Pts',(1.78130989915694,2.24687214108088,7.38461804663589));
#9501=CARTESIAN_POINT('Ctrl Pts',(2.60787678796832,1.19183812548946,7.34615132551682));
#9502=CARTESIAN_POINT('Ctrl Pts',(2.82328090194868,0.500563678664481,7.32692468666302));
#9503=CARTESIAN_POINT('Ctrl Pts',(2.74235895277021,-0.837225347730914,7.28845971664962));
#9504=CARTESIAN_POINT('Ctrl Pts',(2.44511660625166,-1.49757841567537,7.26922460220648));
#9505=CARTESIAN_POINT('Ctrl Pts',(1.49757841567522,-2.44511660625149,7.23077539779353));
#9506=CARTESIAN_POINT('Ctrl Pts',(0.837225347730692,-2.74235895276975,7.21154028335003));
#9507=CARTESIAN_POINT('Ctrl Pts',(-0.500563678664295,-2.82328090194913,
7.17307531333734));
#9508=CARTESIAN_POINT('Ctrl Pts',(-1.19183812548974,-2.60787678796773,7.15384867448218));
#9509=CARTESIAN_POINT('Ctrl Pts',(-2.24687214108059,-1.78130989915752,7.11538195336513));
#9510=CARTESIAN_POINT('Ctrl Pts',(-2.6214319139609,-1.16176405506681,7.09615021971387));
#9511=CARTESIAN_POINT('Ctrl Pts',(-2.86304885363417,0.156697499194202,7.057695778627));
#9512=CARTESIAN_POINT('Ctrl Pts',(-2.73353035818986,0.867135422217703,7.0385086563882));
#9513=CARTESIAN_POINT('Ctrl Pts',(-2.38583882154495,1.44228815968671,7.01923089293661));
#9514=CARTESIAN_POINT('',(-2.69476058688801,1.62906412449665,6.76998833102182));
#9515=CARTESIAN_POINT('',(-2.38583882154495,1.44228815968671,7.01923089293661));
#9516=CARTESIAN_POINT('Ctrl Pts',(-2.69477230414547,1.629044741926,6.76998890341213));
#9517=CARTESIAN_POINT('Ctrl Pts',(-2.76386538637323,1.51437239121668,6.77350743722697));
#9518=CARTESIAN_POINT('Ctrl Pts',(-2.82546676444546,1.39531883063916,6.77690176774785));
#9519=CARTESIAN_POINT('Ctrl Pts',(-2.87931720636069,1.2728189051344,6.78022857650273));
#9520=CARTESIAN_POINT('Ctrl Pts',(-2.93379294428876,1.14889654534186,6.78359401521451));
#9521=CARTESIAN_POINT('Ctrl Pts',(-2.98033585130813,1.02144702576087,6.78689035546084));
#9522=CARTESIAN_POINT('Ctrl Pts',(-3.01865022931782,0.891484769192046,6.79017628663285));
#9523=CARTESIAN_POINT('Ctrl Pts',(-3.05704466706681,0.761250950224976,6.7934690839164));
#9524=CARTESIAN_POINT('Ctrl Pts',(-3.08717521713694,0.628493695840863,6.79675142885028));
#9525=CARTESIAN_POINT('Ctrl Pts',(-3.1087305507871,0.494283879813034,6.80008238401404));
#9526=CARTESIAN_POINT('Ctrl Pts',(-3.12490971517798,0.393547667067488,6.80258255738401));
#9527=CARTESIAN_POINT('Ctrl Pts',(-3.13625738542554,0.291994128662657,6.8051101169258));
#9528=CARTESIAN_POINT('Ctrl Pts',(-3.14264168851623,0.190095432826515,6.80769003912825));
#9529=CARTESIAN_POINT('Ctrl Pts',(-0.195663634710208,3.14421756119779,8.19265283735363));
#9530=CARTESIAN_POINT('Ctrl Pts',(0.56759615627083,3.19176461137968,8.17333462362953));
#9531=CARTESIAN_POINT('Ctrl Pts',(1.34210598250674,2.95051703750884,8.15410162512181));
#9532=CARTESIAN_POINT('Ctrl Pts',(2.54216399234196,2.01033045465134,8.11558901976519));
#9533=CARTESIAN_POINT('Ctrl Pts',(2.96147729522253,1.31664629392495,8.09635728593473));
#9534=CARTESIAN_POINT('Ctrl Pts',(3.23591845816942,-0.180933458164116,8.05790282798234));
#9535=CARTESIAN_POINT('Ctrl Pts',(3.08982329182197,-0.978251674041052,8.03866912125038));
#9536=CARTESIAN_POINT('Ctrl Pts',(2.3021137054898,-2.28128405769943,8.00020678019903));
#9537=CARTESIAN_POINT('Ctrl Pts',(1.66409646661799,-2.78115446284644,7.98097929293582));
#9538=CARTESIAN_POINT('Ctrl Pts',(0.210350589939633,-3.23415982666786,7.94251169623271));
#9539=CARTESIAN_POINT('Ctrl Pts',(-0.598706370017751,-3.18520013889615,
7.92328251347188));
#9540=CARTESIAN_POINT('Ctrl Pts',(-1.98714327459995,-2.56031457998701,7.88482367652985));
#9541=CARTESIAN_POINT('Ctrl Pts',(-2.56031457998719,-1.98714327459984,7.86559043904569));
#9542=CARTESIAN_POINT('Ctrl Pts',(-3.18520013889599,-0.598706370017808,
7.82713160210498));
#9543=CARTESIAN_POINT('Ctrl Pts',(-3.23415948995957,0.210350899938815,7.80790241061222));
#9544=CARTESIAN_POINT('Ctrl Pts',(-2.77965964209624,1.66889429250857,7.76930786781205));
#9545=CARTESIAN_POINT('Ctrl Pts',(-2.27604271342041,2.3097048535279,7.74999389712258));
#9546=CARTESIAN_POINT('Ctrl Pts',(-1.61681883973795,2.70375252419507,7.73059452539751));
#9547=CARTESIAN_POINT('Ctrl Pts',(-0.17313404258108,2.78252499053966,7.94244583556016));
#9548=CARTESIAN_POINT('Ctrl Pts',(0.499293111852162,2.82443017092032,7.92311974499742));
#9549=CARTESIAN_POINT('Ctrl Pts',(1.19045035381604,2.60896425741717,7.9038945673337));
#9550=CARTESIAN_POINT('Ctrl Pts',(2.24700065738222,1.78120899443495,7.86538196197709));
#9551=CARTESIAN_POINT('Ctrl Pts',(2.62146091828144,1.16160671783719,7.84615022814663));
#9552=CARTESIAN_POINT('Ctrl Pts',(2.86301984931363,-0.156540161964586,7.80769577019424));
#9553=CARTESIAN_POINT('Ctrl Pts',(2.73250766491701,-0.868827159651676,7.78846206346195));
#9554=CARTESIAN_POINT('Ctrl Pts',(2.03916997817291,-2.0157491597217,7.74999972241126));
#9555=CARTESIAN_POINT('Ctrl Pts',(1.46920705009098,-2.46230385908263,7.73077223514805));
#9556=CARTESIAN_POINT('Ctrl Pts',(0.189613725706488,-2.86104111429985,7.69230463844428));
#9557=CARTESIAN_POINT('Ctrl Pts',(-0.533148620703604,-2.81730028763927,
7.67307545568378));
#9558=CARTESIAN_POINT('Ctrl Pts',(-1.7552388259164,-2.26728140272679,7.63461661874175));
#9559=CARTESIAN_POINT('Ctrl Pts',(-2.2672814027268,-1.75523882591629,7.61538338125759));
#9560=CARTESIAN_POINT('Ctrl Pts',(-2.81730028763928,-0.533148620703667,
7.57692454431688));
#9561=CARTESIAN_POINT('Ctrl Pts',(-2.86109023636049,0.189455501024715,7.55769535282412));
#9562=CARTESIAN_POINT('Ctrl Pts',(-2.46093836682942,1.47358966071164,7.51910081002394));
#9563=CARTESIAN_POINT('Ctrl Pts',(-2.01161737084558,2.04561724130988,7.49979475781934));
#9564=CARTESIAN_POINT('Ctrl Pts',(-1.43088010555854,2.3926959982458,7.48038731079803));
#9565=CARTESIAN_POINT('',(-1.62880676572768,2.69430602989038,7.73076889352129));
#9566=CARTESIAN_POINT('',(-1.62961271783558,2.69571185215863,7.73076910706339));
#9567=CARTESIAN_POINT('',(-0.168330834533192,2.78281992735944,7.94230779834369));
#9568=CARTESIAN_POINT('Ctrl Pts',(-0.1683308345332,2.78281992735944,7.94230779834368));
#9569=CARTESIAN_POINT('Ctrl Pts',(0.502583308034341,2.82340304924959,7.92302819925892));
#9570=CARTESIAN_POINT('Ctrl Pts',(1.19170960918809,2.60797769269031,7.90384866587021));
#9571=CARTESIAN_POINT('Ctrl Pts',(2.24700065738222,1.78120899443495,7.86538196197709));
#9572=CARTESIAN_POINT('Ctrl Pts',(2.62146091828144,1.16160671783715,7.84615022814663));
#9573=CARTESIAN_POINT('Ctrl Pts',(2.86301984931363,-0.156540161964545,7.80769577019424));
#9574=CARTESIAN_POINT('Ctrl Pts',(2.73250766491701,-0.868827159651676,7.78846206346195));
#9575=CARTESIAN_POINT('Ctrl Pts',(2.03916997817291,-2.0157491597217,7.74999972241126));
#9576=CARTESIAN_POINT('Ctrl Pts',(1.46920705009102,-2.46230385908263,7.73077223514805));
#9577=CARTESIAN_POINT('Ctrl Pts',(0.189613725706446,-2.86104111429985,7.69230463844428));
#9578=CARTESIAN_POINT('Ctrl Pts',(-0.533148620703604,-2.81730028763927,
7.67307545568378));
#9579=CARTESIAN_POINT('Ctrl Pts',(-1.7552388259164,-2.26728140272679,7.63461661874175));
#9580=CARTESIAN_POINT('Ctrl Pts',(-2.2672814027268,-1.75523882591638,7.61538338125759));
#9581=CARTESIAN_POINT('Ctrl Pts',(-2.81730028763928,-0.533148620703585,
7.57692454431688));
#9582=CARTESIAN_POINT('Ctrl Pts',(-2.86109023636049,0.189455501024715,7.55769535282412));
#9583=CARTESIAN_POINT('Ctrl Pts',(-2.462254737022,1.46936527477272,7.51922777358354));
#9584=CARTESIAN_POINT('Ctrl Pts',(-2.01749977696103,2.03811167643176,7.500047969857));
#9585=CARTESIAN_POINT('Ctrl Pts',(-1.4422881596867,2.38583882154495,7.48076910706339));
#9586=CARTESIAN_POINT('',(-0.19013461450544,3.14265409947288,8.19230420963977));
#9587=CARTESIAN_POINT('',(-0.190193663393012,3.14425291132968,8.19230779834369));
#9588=CARTESIAN_POINT('',(1.29237639904567,2.87148433418857,8.1545953156679));
#9589=CARTESIAN_POINT('Ctrl Pts',(1.29235600950192,2.87149351087978,8.1545958807036));
#9590=CARTESIAN_POINT('Ctrl Pts',(1.17008013274735,2.92631305804069,8.1581159292065));
#9591=CARTESIAN_POINT('Ctrl Pts',(1.04435439916246,2.97315272720601,8.16151276553571));
#9592=CARTESIAN_POINT('Ctrl Pts',(0.916138279537241,3.01186722337367,8.16484273700042));
#9593=CARTESIAN_POINT('Ctrl Pts',(0.786475690639684,3.05101847686376,8.16821027551533));
#9594=CARTESIAN_POINT('Ctrl Pts',(0.654266012883306,3.08185932661628,8.17150943245547));
#9595=CARTESIAN_POINT('Ctrl Pts',(0.520550997576736,3.10421780460315,8.17479849495688));
#9596=CARTESIAN_POINT('Ctrl Pts',(0.386583835485974,3.12661844403548,8.17809375965278));
#9597=CARTESIAN_POINT('Ctrl Pts',(0.251105574081598,3.14050374936446,8.1813788920628));
#9598=CARTESIAN_POINT('Ctrl Pts',(0.115215178912132,3.14569283217536,8.18471251529041));
#9599=CARTESIAN_POINT('Ctrl Pts',(0.0135140016538066,3.14957637251021,8.18720741867458));
#9600=CARTESIAN_POINT('Ctrl Pts',(-0.088416958165936,3.14858880809586,8.18972948240521));
#9601=CARTESIAN_POINT('Ctrl Pts',(-0.190097981250745,3.14265623752475,8.19230328203206));
#9602=CARTESIAN_POINT('Ctrl Pts',(-1.62880676572768,2.69430602989038,7.73076889352129));
#9603=CARTESIAN_POINT('Ctrl Pts',(-1.79229505436608,2.59594719628108,7.73559394674302));
#9604=CARTESIAN_POINT('Ctrl Pts',(-1.94674915253733,2.48306002373641,7.74041157860016));
#9605=CARTESIAN_POINT('Ctrl Pts',(-2.08951182798271,2.35695024121137,7.74522596578296));
#9606=CARTESIAN_POINT('Ctrl Pts',(-2.13678149853894,2.31519445416633,7.74682004137276));
#9607=CARTESIAN_POINT('Ctrl Pts',(-2.18276940287212,2.27198861837704,7.748413761122));
#9608=CARTESIAN_POINT('Ctrl Pts',(-2.22737890862029,2.22737890862029,7.7500072763541));
#9609=CARTESIAN_POINT('Ctrl Pts',(-2.36072746207981,2.09402974533,7.75477067705879));
#9610=CARTESIAN_POINT('Ctrl Pts',(-2.48138679414181,1.94842885253556,7.75953123665163));
#9611=CARTESIAN_POINT('Ctrl Pts',(-2.58819650109887,1.79328660573081,7.7642912867657));
#9612=CARTESIAN_POINT('Ctrl Pts',(-2.69807882494299,1.63368134988868,7.76918827022393));
#9613=CARTESIAN_POINT('Ctrl Pts',(-2.79330402990365,1.46397662343831,7.77408471456406));
#9614=CARTESIAN_POINT('Ctrl Pts',(-2.87256851440454,1.28708668692271,7.77898316044355));
#9615=CARTESIAN_POINT('Ctrl Pts',(-2.92369901775168,1.17298171862528,7.78214296151984));
#9616=CARTESIAN_POINT('Ctrl Pts',(-2.96818733909088,1.0558862491963,7.78530359548263));
#9617=CARTESIAN_POINT('Ctrl Pts',(-3.00567271364621,0.936578644633254,7.78846574439915));
#9618=CARTESIAN_POINT('Ctrl Pts',(-3.08170566828107,0.694582671725352,7.79487964656687));
#9619=CARTESIAN_POINT('Ctrl Pts',(-3.12890922287031,0.443551549475744,7.80129211530031));
#9620=CARTESIAN_POINT('Ctrl Pts',(-3.14423628115977,0.190192657445651,7.80770370459783));
#9621=CARTESIAN_POINT('Ctrl Pts',(-3.16072849546515,-0.0824264625850611,
7.81460270000424));
#9622=CARTESIAN_POINT('Ctrl Pts',(-3.14026840801196,-0.356854209046845,
7.82150026405213));
#9623=CARTESIAN_POINT('Ctrl Pts',(-3.08556855009766,-0.624340706426852,
7.82839827536301));
#9624=CARTESIAN_POINT('Ctrl Pts',(-3.03862909214069,-0.853878253260986,
7.83431764927475));
#9625=CARTESIAN_POINT('Ctrl Pts',(-2.96647715395143,-1.07830333920201,7.8402373526224));
#9626=CARTESIAN_POINT('Ctrl Pts',(-2.87085590627907,-1.29209647617125,7.84615857229865));
#9627=CARTESIAN_POINT('Ctrl Pts',(-2.76729356369023,-1.52364457487221,7.85257153380649));
#9628=CARTESIAN_POINT('Ctrl Pts',(-2.63615781914105,-1.74284115794913,7.85898339420157));
#9629=CARTESIAN_POINT('Ctrl Pts',(-2.47961502683389,-1.94265549809646,7.86539552851735));
#9630=CARTESIAN_POINT('Ctrl Pts',(-2.31185957285084,-2.15678190308587,7.87226694359363));
#9631=CARTESIAN_POINT('Ctrl Pts',(-2.11546952696236,-2.34794645363416,7.87913760619826));
#9632=CARTESIAN_POINT('Ctrl Pts',(-1.89819225012157,-2.51145384206438,7.88600850416473));
#9633=CARTESIAN_POINT('Ctrl Pts',(-1.71011298047346,-2.65298889186417,7.89195608179526));
#9634=CARTESIAN_POINT('Ctrl Pts',(-1.50638454308581,-2.77380045863581,7.89790383577162));
#9635=CARTESIAN_POINT('Ctrl Pts',(-1.29204800282479,-2.87087031534189,7.9038524071989));
#9636=CARTESIAN_POINT('Ctrl Pts',(-1.06097943969081,-2.97551785833844,7.9102653494379));
#9637=CARTESIAN_POINT('Ctrl Pts',(-0.817465355451887,-3.05263390106571,
7.91667677353516));
#9638=CARTESIAN_POINT('Ctrl Pts',(-0.567799648978136,-3.09838809825299,
7.92308738482437));
#9639=CARTESIAN_POINT('Ctrl Pts',(-0.303430047865728,-3.14683695825247,
7.92987554477373));
#9640=CARTESIAN_POINT('Ctrl Pts',(-0.0329823970614954,-3.15996753069662,
7.93666416171841));
#9641=CARTESIAN_POINT('Ctrl Pts',(0.234936008589976,-3.13933863493669,7.94345380266824));
#9642=CARTESIAN_POINT('Ctrl Pts',(0.472835414316732,-3.12102111012852,7.94948269621564));
#9643=CARTESIAN_POINT('Ctrl Pts',(0.708739254570255,-3.07608636162036,7.95551239708283));
#9644=CARTESIAN_POINT('Ctrl Pts',(0.936627457680935,-3.00565969114409,7.96154330208729));
#9645=CARTESIAN_POINT('Ctrl Pts',(1.17898069004284,-2.93076274166873,7.96795701417045));
#9646=CARTESIAN_POINT('Ctrl Pts',(1.41238870964864,-2.82700726439389,7.97436914731489));
#9647=CARTESIAN_POINT('Ctrl Pts',(1.62960423233649,-2.69569781541219,7.98078043165851));
#9648=CARTESIAN_POINT('Ctrl Pts',(1.86577761526111,-2.55292810727976,7.98775127192623));
#9649=CARTESIAN_POINT('Ctrl Pts',(2.0820404870008,-2.37805632008205,7.99472095793316));
#9650=CARTESIAN_POINT('Ctrl Pts',(2.27255271495263,-2.17851320768835,8.00169133396126));
#9651=CARTESIAN_POINT('Ctrl Pts',(2.43236566870852,-2.01112461255133,8.00753849870136));
#9652=CARTESIAN_POINT('Ctrl Pts',(2.57405815593992,-1.82637665268349,8.01338614905382));
#9653=CARTESIAN_POINT('Ctrl Pts',(2.6942053757427,-1.628672769246,8.01923537341613));
#9654=CARTESIAN_POINT('Ctrl Pts',(2.82593605812247,-1.41190814067531,8.02564852486402));
#9655=CARTESIAN_POINT('Ctrl Pts',(2.93183830330358,-1.17946757276777,8.0320605329784));
#9656=CARTESIAN_POINT('Ctrl Pts',(3.0073554498833,-0.937129516388308,8.03847268325968));
#9657=CARTESIAN_POINT('Ctrl Pts',(3.0876615469445,-0.679423493866849,8.04529146265193));
#9658=CARTESIAN_POINT('Ctrl Pts',(3.13334229187424,-0.411362966562756,8.05210903006125));
#9659=CARTESIAN_POINT('Ctrl Pts',(3.14492256563306,-0.141781923644926,8.05892670057357));
#9660=CARTESIAN_POINT('Ctrl Pts',(3.15511441714018,0.0954775760677258,8.06492696334223));
#9661=CARTESIAN_POINT('Ctrl Pts',(3.13889333433876,0.333913462651118,8.0709273060125));
#9662=CARTESIAN_POINT('Ctrl Pts',(3.09665045762098,0.567506448832677,8.07692862529016));
#9663=CARTESIAN_POINT('Ctrl Pts',(3.05673981463237,0.788202741332368,8.0825986110904));
#9664=CARTESIAN_POINT('Ctrl Pts',(2.99357704143251,1.00473818830308,8.08826906664086));
#9665=CARTESIAN_POINT('Ctrl Pts',(2.907436216065,1.2119906929537,8.09393962220234));
#9666=CARTESIAN_POINT('Ctrl Pts',(2.89617359191391,1.23908826317424,8.09468102833288));
#9667=CARTESIAN_POINT('Ctrl Pts',(2.88451823769299,1.26602713741341,8.09542243617389));
#9668=CARTESIAN_POINT('Ctrl Pts',(2.8724708312623,1.29279586627498,8.0961638448996));
#9669=CARTESIAN_POINT('Ctrl Pts',(2.78085579169836,1.49635985889357,8.10180192062404));
#9670=CARTESIAN_POINT('Ctrl Pts',(2.66692370374957,1.68949493633691,8.10743695913084));
#9671=CARTESIAN_POINT('Ctrl Pts',(2.53411422567131,1.86867062889954,8.11307127340837));
#9672=CARTESIAN_POINT('Ctrl Pts',(2.40172035992509,2.04728561127411,8.11868795573274));
#9673=CARTESIAN_POINT('Ctrl Pts',(2.25056828182417,2.21202718000812,8.12430391935648));
#9674=CARTESIAN_POINT('Ctrl Pts',(2.08410298998665,2.35943090329124,8.1299214529233));
#9675=CARTESIAN_POINT('Ctrl Pts',(2.03778255707995,2.40044728694194,8.1314845810914));
#9676=CARTESIAN_POINT('Ctrl Pts',(1.99027661707289,2.44012149603451,8.13304783075134));
#9677=CARTESIAN_POINT('Ctrl Pts',(1.94165971578841,2.47837954892225,8.13461125101415));
#9678=CARTESIAN_POINT('Ctrl Pts',(1.8490558229708,2.55125224412545,8.13758920309708));
#9679=CARTESIAN_POINT('Ctrl Pts',(1.752357712306,2.61883947486189,8.14067352261151));
#9680=CARTESIAN_POINT('Ctrl Pts',(1.65216977148499,2.68071903104879,8.1437905504714));
#9681=CARTESIAN_POINT('Ctrl Pts',(1.55273532286718,2.74213320424907,8.14688413582743));
#9682=CARTESIAN_POINT('Ctrl Pts',(1.44986387876287,2.7979259328671,8.15000993966437));
#9683=CARTESIAN_POINT('Ctrl Pts',(1.34410498307012,2.84771446333018,8.15309594990726));
#9684=CARTESIAN_POINT('Ctrl Pts',(1.32693756022738,2.85579643836953,8.1535968897326));
#9685=CARTESIAN_POINT('Ctrl Pts',(1.30969395484546,2.86372025576865,8.15409678099583));
#9686=CARTESIAN_POINT('Ctrl Pts',(1.29237639904567,2.87148433418857,8.1545953156679));
#9687=CARTESIAN_POINT('Ctrl Pts',(1.14419372330999,2.54229084518304,8.40384603721277));
#9688=CARTESIAN_POINT('Ctrl Pts',(1.75708357094395,2.26645114915385,8.38456906760215));
#9689=CARTESIAN_POINT('Ctrl Pts',(2.26721417085348,1.7553886300701,8.36538337260427));
#9690=CARTESIAN_POINT('Ctrl Pts',(2.8173675195126,0.532998816549852,8.3269245529702));
#9691=CARTESIAN_POINT('Ctrl Pts',(2.86104111430017,-0.189613725706481,8.30769536155671));
#9692=CARTESIAN_POINT('Ctrl Pts',(2.4623038590823,-1.46920705009097,8.26922776485096));
#9693=CARTESIAN_POINT('Ctrl Pts',(2.0157491597218,-2.03916997817273,8.25000027758907));
#9694=CARTESIAN_POINT('Ctrl Pts',(0.868827159651611,-2.73250766491716,8.21153793653772));
#9695=CARTESIAN_POINT('Ctrl Pts',(0.156540161964534,-2.86301984931376,8.19230422980509));
#9696=CARTESIAN_POINT('Ctrl Pts',(-1.16160671783716,-2.62146091828131,8.15384977185404));
#9697=CARTESIAN_POINT('Ctrl Pts',(-1.78130989915671,-2.24687214108082,8.13461804663587));
#9698=CARTESIAN_POINT('Ctrl Pts',(-2.60787678796857,-1.19183812548947,8.09615132551684));
#9699=CARTESIAN_POINT('Ctrl Pts',(-2.82328090194896,-0.500563678664397,
8.076924686663));
#9700=CARTESIAN_POINT('Ctrl Pts',(-2.74235895276991,0.837225347730817,8.03845971664964));
#9701=CARTESIAN_POINT('Ctrl Pts',(-2.44522683902673,1.49746795053601,8.0192245939818));
#9702=CARTESIAN_POINT('Ctrl Pts',(-1.49746818290013,2.44522707139085,7.9807754060182));
#9703=CARTESIAN_POINT('Ctrl Pts',(-0.839155523802707,2.74224220406659,7.96158598742293));
#9704=CARTESIAN_POINT('Ctrl Pts',(-0.168330834533192,2.78281992735944,7.94230779834369));
#9705=CARTESIAN_POINT('Ctrl Pts',(1.29280174051948,2.87248388328112,8.15384603721277));
#9706=CARTESIAN_POINT('Ctrl Pts',(1.98837948815895,2.55942933278539,8.13457709589543));
#9707=CARTESIAN_POINT('Ctrl Pts',(2.56007239399491,1.98695122247245,8.11538337260427));
#9708=CARTESIAN_POINT('Ctrl Pts',(3.18489537256734,0.598652258566503,8.0769245529702));
#9709=CARTESIAN_POINT('Ctrl Pts',(3.23385105386232,-0.210333429235694,8.05769536155671));
#9710=CARTESIAN_POINT('Ctrl Pts',(2.78089059938305,-1.66393518670898,8.01922776485096));
#9711=CARTESIAN_POINT('Ctrl Pts',(2.28106431542246,-2.30189610752474,8.00000027758907));
#9712=CARTESIAN_POINT('Ctrl Pts',(0.978161120248721,-3.08952759679251,7.96153793653772));
#9713=CARTESIAN_POINT('Ctrl Pts',(0.180913271595367,-3.23560986750923,7.94230422980509));
#9714=CARTESIAN_POINT('Ctrl Pts',(-1.31651799158211,-2.9611959161138,7.90384977185404));
#9715=CARTESIAN_POINT('Ctrl Pts',(-2.01014086674118,-2.54192007142635,7.88461804663587));
#9716=CARTESIAN_POINT('Ctrl Pts',(-2.94911391064511,-1.34341029457487,7.84615132551684));
#9717=CARTESIAN_POINT('Ctrl Pts',(-3.19021658921488,-0.569670644481571,
7.826924686663));
#9718=CARTESIAN_POINT('Ctrl Pts',(-3.09828923344447,0.950057971267607,7.78845971664964));
#9719=CARTESIAN_POINT('Ctrl Pts',(-2.76559978716044,1.68917262900467,7.76922459398213));
#9720=CARTESIAN_POINT('Ctrl Pts',(-1.68917293431481,2.76560009247058,7.73077540601787));
#9721=CARTESIAN_POINT('Ctrl Pts',(-0.951543653171873,3.09819937305196,7.71157784821184));
#9722=CARTESIAN_POINT('Ctrl Pts',(-0.190193663393012,3.14425291132968,7.69230779834368));
#9723=CARTESIAN_POINT('',(1.14419372330998,2.54229084518304,8.40384603721277));
#9724=CARTESIAN_POINT('',(1.14419372330998,2.54229084518304,8.40384603721277));
#9725=CARTESIAN_POINT('Ctrl Pts',(1.14419372330999,2.54229084518304,8.40384603721277));
#9726=CARTESIAN_POINT('Ctrl Pts',(1.75708357094395,2.26645114915385,8.38456906760215));
#9727=CARTESIAN_POINT('Ctrl Pts',(2.26721417085348,1.7553886300701,8.36538337260427));
#9728=CARTESIAN_POINT('Ctrl Pts',(2.8173675195126,0.532998816549852,8.3269245529702));
#9729=CARTESIAN_POINT('Ctrl Pts',(2.86104111430017,-0.189613725706481,8.30769536155671));
#9730=CARTESIAN_POINT('Ctrl Pts',(2.4623038590823,-1.46920705009097,8.26922776485096));
#9731=CARTESIAN_POINT('Ctrl Pts',(2.0157491597218,-2.03916997817273,8.25000027758907));
#9732=CARTESIAN_POINT('Ctrl Pts',(0.868827159651611,-2.73250766491716,8.21153793653772));
#9733=CARTESIAN_POINT('Ctrl Pts',(0.156540161964534,-2.86301984931376,8.19230422980509));
#9734=CARTESIAN_POINT('Ctrl Pts',(-1.16160671783716,-2.62146091828131,8.15384977185404));
#9735=CARTESIAN_POINT('Ctrl Pts',(-1.78130989915671,-2.24687214108082,8.13461804663587));
#9736=CARTESIAN_POINT('Ctrl Pts',(-2.60787678796857,-1.19183812548947,8.09615132551684));
#9737=CARTESIAN_POINT('Ctrl Pts',(-2.82328090194896,-0.500563678664397,
8.076924686663));
#9738=CARTESIAN_POINT('Ctrl Pts',(-2.74235895276991,0.837225347730817,8.03845971664964));
#9739=CARTESIAN_POINT('Ctrl Pts',(-2.44522683902673,1.49746795053601,8.0192245939818));
#9740=CARTESIAN_POINT('Ctrl Pts',(-1.49746818290013,2.44522707139085,7.9807754060182));
#9741=CARTESIAN_POINT('Ctrl Pts',(-0.839155523802707,2.74224220406659,7.96158598742293));
#9742=CARTESIAN_POINT('Ctrl Pts',(-0.168330834533192,2.78281992735944,7.94230779834369));
#9743=CARTESIAN_POINT('',(-0.190105064176507,3.14316190093883,7.69306281260724));
#9744=CARTESIAN_POINT('',(-0.168330834533192,2.78281992735944,7.94230779834369));
#9745=CARTESIAN_POINT('Ctrl Pts',(-0.190127586532954,3.14316053866121,7.69306338286206));
#9746=CARTESIAN_POINT('Ctrl Pts',(-0.323854941399611,3.13487598945778,7.69658430528692));
#9747=CARTESIAN_POINT('Ctrl Pts',(-0.456929832866436,3.11792187352169,7.6999812463334));
#9748=CARTESIAN_POINT('Ctrl Pts',(-0.588434463858283,3.0926181144494,7.70331083129046));
#9749=CARTESIAN_POINT('Ctrl Pts',(-0.72145584839666,3.0670225058352,7.70667881915207));
#9750=CARTESIAN_POINT('Ctrl Pts',(-0.852870318061905,3.03288266717453,7.70997788870004));
#9751=CARTESIAN_POINT('Ctrl Pts',(-0.981674001734544,2.99053275174477,7.71326665702064));
#9752=CARTESIAN_POINT('Ctrl Pts',(-1.11071720475358,2.94810408372212,7.71656154103308));
#9753=CARTESIAN_POINT('Ctrl Pts',(-1.23713954155745,2.89743389438314,7.71984608573135));
#9754=CARTESIAN_POINT('Ctrl Pts',(-1.35988222856859,2.83887444273859,7.72317923991323));
#9755=CARTESIAN_POINT('Ctrl Pts',(-1.4517277974891,2.79505573318501,7.72567336359252));
#9756=CARTESIAN_POINT('Ctrl Pts',(-1.54151200425704,2.74681993304409,7.72819470469441));
#9757=CARTESIAN_POINT('Ctrl Pts',(-1.62877518771759,2.69432502702641,7.73076796202498));
#9758=CARTESIAN_POINT('Ctrl Pts',(2.47648929447806,1.94714992403818,9.11573022613883));
#9759=CARTESIAN_POINT('Ctrl Pts',(2.94919723122836,1.34601503530708,9.0964115968686));
#9760=CARTESIAN_POINT('Ctrl Pts',(3.19063107333757,0.571542416765692,9.07717807349589));
#9761=CARTESIAN_POINT('Ctrl Pts',(3.09858440763006,-0.950151208162253,9.03866719115251));
#9762=CARTESIAN_POINT('Ctrl Pts',(2.76586606984795,-1.68933160646928,9.01943206820351));
#9763=CARTESIAN_POINT('Ctrl Pts',(1.6893316064693,-2.76586606984794,8.98098286379057));
#9764=CARTESIAN_POINT('Ctrl Pts',(0.950151606998627,-3.09858460716698,8.96174774934742));
#9765=CARTESIAN_POINT('Ctrl Pts',(-0.569727993863893,-3.19052109592743,
8.92328277933403));
#9766=CARTESIAN_POINT('Ctrl Pts',(-1.34353607885938,-2.94939709104422,8.90405614048022));
#9767=CARTESIAN_POINT('Ctrl Pts',(-2.54216492107874,-2.01033076532098,8.86558941936117));
#9768=CARTESIAN_POINT('Ctrl Pts',(-2.96147784995342,-1.31664654686959,8.846357694143));
#9769=CARTESIAN_POINT('Ctrl Pts',(-3.23591906654827,0.18093349796135,8.80790323619196));
#9770=CARTESIAN_POINT('Ctrl Pts',(-3.08982387477746,0.978251852565471,8.7886695294593));
#9771=CARTESIAN_POINT('Ctrl Pts',(-2.30211413447781,2.28128449091552,8.75020718840799));
#9772=CARTESIAN_POINT('Ctrl Pts',(-1.6640963312341,2.78115488060973,8.73097969228338));
#9773=CARTESIAN_POINT('Ctrl Pts',(-0.205543421653871,3.23565866491425,8.69238489784654));
#9774=CARTESIAN_POINT('Ctrl Pts',(0.607930890668831,3.18520785609379,8.6730695603047));
#9775=CARTESIAN_POINT('Ctrl Pts',(1.30671436495778,2.86651044522337,8.65367112982983));
#9776=CARTESIAN_POINT('Ctrl Pts',(2.19162019531393,1.72314295272233,8.86552281596595));
#9777=CARTESIAN_POINT('Ctrl Pts',(2.60808314311833,1.19356063832905,8.84619633892577));
#9778=CARTESIAN_POINT('Ctrl Pts',(2.82338746281901,0.502322505791513,8.82697060749885));
#9779=CARTESIAN_POINT('Ctrl Pts',(2.74234904098032,-0.837386394073086,8.78845972515547));
#9780=CARTESIAN_POINT('Ctrl Pts',(2.44511660625171,-1.49757841567515,8.76922460220647));
#9781=CARTESIAN_POINT('Ctrl Pts',(1.49757841567518,-2.44511660625169,8.73077539779353));
#9782=CARTESIAN_POINT('Ctrl Pts',(0.83722534773078,-2.74235895277021,8.71154028335038));
#9783=CARTESIAN_POINT('Ctrl Pts',(-0.500563678664367,-2.82328090194868,
8.67307531333699));
#9784=CARTESIAN_POINT('Ctrl Pts',(-1.19183812548946,-2.60787678796812,8.65384867448318));
#9785=CARTESIAN_POINT('Ctrl Pts',(-2.24687214108084,-1.78130989915716,8.61538195336413));
#9786=CARTESIAN_POINT('Ctrl Pts',(-2.62146091828071,-1.16160671783696,8.59615022814596));
#9787=CARTESIAN_POINT('Ctrl Pts',(-2.86301984931435,0.156540161964316,8.55769577019492));
#9788=CARTESIAN_POINT('Ctrl Pts',(-2.73250766491764,0.868827159651614,8.53846206346226));
#9789=CARTESIAN_POINT('Ctrl Pts',(-2.03916997817226,2.01574915972179,8.49999972241095));
#9790=CARTESIAN_POINT('Ctrl Pts',(-1.46936753855064,2.46225366341321,8.48077222628633));
#9791=CARTESIAN_POINT('Ctrl Pts',(-0.185220455084817,2.86241029896264,8.4421774318495));
#9792=CARTESIAN_POINT('Ctrl Pts',(0.5407980579697,2.81757132206451,8.42287004825477));
#9793=CARTESIAN_POINT('Ctrl Pts',(1.15634164413197,2.53678654621807,8.40346350600664));
#9794=CARTESIAN_POINT('',(1.29210491101752,2.87102712613625,8.65384520437667));
#9795=CARTESIAN_POINT('',(1.29280174051948,2.87248388328112,8.65384603721277));
#9796=CARTESIAN_POINT('',(2.19459334356265,1.71935513328514,8.86538468607635));
#9797=CARTESIAN_POINT('Ctrl Pts',(2.19459334356264,1.71935513328515,8.86538468607635));
#9798=CARTESIAN_POINT('Ctrl Pts',(2.60910758327067,1.19026711018108,8.84610473092904));
#9799=CARTESIAN_POINT('Ctrl Pts',(2.82329081373856,0.500724725006708,8.82692467815717));
#9800=CARTESIAN_POINT('Ctrl Pts',(2.74234904098032,-0.837386394073086,8.78845972515547));
#9801=CARTESIAN_POINT('Ctrl Pts',(2.44511660625171,-1.49757841567515,8.76922460220647));
#9802=CARTESIAN_POINT('Ctrl Pts',(1.49757841567518,-2.44511660625169,8.73077539779353));
#9803=CARTESIAN_POINT('Ctrl Pts',(0.83722534773078,-2.74235895277021,8.71154028335038));
#9804=CARTESIAN_POINT('Ctrl Pts',(-0.500563678664367,-2.82328090194868,
8.67307531333699));
#9805=CARTESIAN_POINT('Ctrl Pts',(-1.19183812548946,-2.60787678796812,8.65384867448318));
#9806=CARTESIAN_POINT('Ctrl Pts',(-2.24687214108084,-1.78130989915716,8.61538195336413));
#9807=CARTESIAN_POINT('Ctrl Pts',(-2.62146091828071,-1.16160671783696,8.59615022814596));
#9808=CARTESIAN_POINT('Ctrl Pts',(-2.86301984931435,0.156540161964316,8.55769577019492));
#9809=CARTESIAN_POINT('Ctrl Pts',(-2.73250766491764,0.868827159651614,8.53846206346226));
#9810=CARTESIAN_POINT('Ctrl Pts',(-2.03916997817226,2.01574915972179,8.49999972241095));
#9811=CARTESIAN_POINT('Ctrl Pts',(-1.46936753855064,2.46225366341321,8.48077222628633));
#9812=CARTESIAN_POINT('Ctrl Pts',(-0.189453237246858,2.86109130996926,8.442304647306));
#9813=CARTESIAN_POINT('Ctrl Pts',(0.531260683565774,2.81814996689136,8.42312377682264));
#9814=CARTESIAN_POINT('Ctrl Pts',(1.14419372330998,2.54229084518304,8.40384603721277));
#9815=CARTESIAN_POINT('',(2.4783444048133,1.94170779574828,9.11538090895358));
#9816=CARTESIAN_POINT('',(2.47962738869316,1.9426651830006,9.11538468607635));
#9817=CARTESIAN_POINT('',(3.097337492901,0.567584358488453,9.07767309801852));
#9818=CARTESIAN_POINT('Ctrl Pts',(3.09733345753829,0.567606379249299,9.07767366371903));
#9819=CARTESIAN_POINT('Ctrl Pts',(3.07299235700171,0.69935530461002,9.08119307775536));
#9820=CARTESIAN_POINT('Ctrl Pts',(3.04012721705878,0.829411185013882,9.08458924537928));
#9821=CARTESIAN_POINT('Ctrl Pts',(2.99916331986121,0.956902092195719,9.08791852894415));
#9822=CARTESIAN_POINT('Ctrl Pts',(2.95773595211654,1.08583544710699,9.09128548043081));
#9823=CARTESIAN_POINT('Ctrl Pts',(2.9080247042488,1.21214512537178,9.09458402630203));
#9824=CARTESIAN_POINT('Ctrl Pts',(2.85047976145418,1.33487626068657,9.09787247464441));
#9825=CARTESIAN_POINT('Ctrl Pts',(2.79282430607053,1.45784309587105,9.10116723831048));
#9826=CARTESIAN_POINT('Ctrl Pts',(2.72730421850353,1.57721715838799,9.10445186588758));
#9827=CARTESIAN_POINT('Ctrl Pts',(2.65439496631161,1.69199136151978,9.1077850073604));
#9828=CARTESIAN_POINT('Ctrl Pts',(2.59979222471843,1.77794734058636,9.11028124284577));
#9829=CARTESIAN_POINT('Ctrl Pts',(2.54104550423844,1.86132237495178,9.11280468848655));
#9830=CARTESIAN_POINT('Ctrl Pts',(2.47836698049541,1.94167885390457,9.11537998107169));
#9831=CARTESIAN_POINT('Ctrl Pts',(1.29210491101752,2.87102712613625,8.65384520437667));
#9832=CARTESIAN_POINT('Ctrl Pts',(1.11923512479259,2.94926974328568,8.65864380469963));
#9833=CARTESIAN_POINT('Ctrl Pts',(0.939615929959845,3.01199427944791,8.6634351584671));
#9834=CARTESIAN_POINT('Ctrl Pts',(0.755786103585534,3.05778201867582,8.66822357694833));
#9835=CARTESIAN_POINT('Ctrl Pts',(0.69357434628633,3.07327752218746,8.66984407528789));
#9836=CARTESIAN_POINT('Ctrl Pts',(0.630879992657888,3.08683301149581,8.67146423731932));
#9837=CARTESIAN_POINT('Ctrl Pts',(0.567800472676145,3.09839259303577,8.67308422981599));
#9838=CARTESIAN_POINT('Ctrl Pts',(0.383294557654684,3.13220406100371,8.67782266469965));
#9839=CARTESIAN_POINT('Ctrl Pts',(0.195949056812692,3.14879795374671,8.68255802374777));
#9840=CARTESIAN_POINT('Ctrl Pts',(0.00860493138763218,3.14875061122598,
8.68729269795088));
#9841=CARTESIAN_POINT('Ctrl Pts',(-0.183989589213043,3.14870194191189,8.69216006332079));
#9842=CARTESIAN_POINT('Ctrl Pts',(-0.37658414293802,3.13106614607899,8.69702670498721));
#9843=CARTESIAN_POINT('Ctrl Pts',(-0.566099463207515,3.09641547222871,8.70189522184584));
#9844=CARTESIAN_POINT('Ctrl Pts',(-0.691248154319308,3.07353348848019,8.70511020473823));
#9845=CARTESIAN_POINT('Ctrl Pts',(-0.815054173773079,3.04323058245832,8.70832600538333));
#9846=CARTESIAN_POINT('Ctrl Pts',(-0.936627508360063,3.0056595006523,8.71154337223636));
#9847=CARTESIAN_POINT('Ctrl Pts',(-1.17898060696044,2.93076258247207,8.71795710456356));
#9848=CARTESIAN_POINT('Ctrl Pts',(-1.41238861799093,2.82700716473938,8.724369238006));
#9849=CARTESIAN_POINT('Ctrl Pts',(-1.62960417131889,2.69569771447667,8.73078051309148));
#9850=CARTESIAN_POINT('Ctrl Pts',(-1.86569436310789,2.55297831514607,8.73774888686286));
#9851=CARTESIAN_POINT('Ctrl Pts',(-2.08188814440233,2.37817941937564,8.74471609698351));
#9852=CARTESIAN_POINT('Ctrl Pts',(-2.27235145578658,2.17872392813535,8.75168400030832));
#9853=CARTESIAN_POINT('Ctrl Pts',(-2.43224672145338,2.01127966535958,8.75753360328519));
#9854=CARTESIAN_POINT('Ctrl Pts',(-2.57400774522085,1.82645960420706,8.7633836948679));
#9855=CARTESIAN_POINT('Ctrl Pts',(-2.69420537574279,1.62867276924608,8.76923537341602));
#9856=CARTESIAN_POINT('Ctrl Pts',(-2.82593603641793,1.41190817639083,8.77564852380722));
#9857=CARTESIAN_POINT('Ctrl Pts',(-2.93183829535678,1.17946759827071,8.78206053230136));
#9858=CARTESIAN_POINT('Ctrl Pts',(-3.00735544898043,0.937129516106986,8.78847268391261));
#9859=CARTESIAN_POINT('Ctrl Pts',(-3.08764042625357,0.679491264592685,8.7952896708047));
#9860=CARTESIAN_POINT('Ctrl Pts',(-3.1333182999558,0.411503957459731,8.80210544633776));
#9861=CARTESIAN_POINT('Ctrl Pts',(-3.14491348911829,0.141994652718631,8.80892132513181));
#9862=CARTESIAN_POINT('Ctrl Pts',(-3.15512420992187,-0.0953351765849564,
8.81492338636788));
#9863=CARTESIAN_POINT('Ctrl Pts',(-3.13890605352192,-0.333843865515592,
8.8209255277182));
#9864=CARTESIAN_POINT('Ctrl Pts',(-3.09665051375479,-0.567506696836572,
8.82692864708406));
#9865=CARTESIAN_POINT('Ctrl Pts',(-3.05151188347999,-0.817112315652164,
8.83334135857808));
#9866=CARTESIAN_POINT('Ctrl Pts',(-2.97664498166637,-1.06132626445685,8.83975289379781));
#9867=CARTESIAN_POINT('Ctrl Pts',(-2.87247035920148,-1.29279565381736,8.84616420231236));
#9868=CARTESIAN_POINT('Ctrl Pts',(-2.76251401678831,-1.53711165739366,8.85293134019741));
#9869=CARTESIAN_POINT('Ctrl Pts',(-2.62024654617661,-1.76645991364018,8.85969866950703));
#9870=CARTESIAN_POINT('Ctrl Pts',(-2.45178146557097,-1.97470259591399,8.86646676241481));
#9871=CARTESIAN_POINT('Ctrl Pts',(-2.30117458067094,-2.16087044486958,8.87251740143087));
#9872=CARTESIAN_POINT('Ctrl Pts',(-2.12963137516432,-2.33016950850414,8.87856865067755));
#9873=CARTESIAN_POINT('Ctrl Pts',(-1.94154535585698,-2.47823881471544,8.88462091903646));
#9874=CARTESIAN_POINT('Ctrl Pts',(-1.74223232607589,-2.63514650060961,8.89103445231292));
#9875=CARTESIAN_POINT('Ctrl Pts',(-1.52425163289277,-2.76829733130401,8.89744628364385));
#9876=CARTESIAN_POINT('Ctrl Pts',(-1.29279512522656,-2.87246918472238,8.90385716597461));
#9877=CARTESIAN_POINT('Ctrl Pts',(-1.04131318625943,-2.98565390330126,8.91082271269994));
#9878=CARTESIAN_POINT('Ctrl Pts',(-0.774736610276114,-3.06426578120944,
8.91778760943093));
#9879=CARTESIAN_POINT('Ctrl Pts',(-0.502482350394846,-3.10771910218359,
8.92475341608188));
#9880=CARTESIAN_POINT('Ctrl Pts',(-0.273762016042462,-3.14422416221924,
8.9306053782401));
#9881=CARTESIAN_POINT('Ctrl Pts',(-0.0410358641855376,-3.15591626944873,
8.93645798260978));
#9882=CARTESIAN_POINT('Ctrl Pts',(0.190111334465029,-3.14247659872056,8.94231215379192));
#9883=CARTESIAN_POINT('Ctrl Pts',(0.443336087495358,-3.12775326518757,8.94872547422344));
#9884=CARTESIAN_POINT('Ctrl Pts',(0.694791892760361,-3.08286897267113,8.95513765675858));
#9885=CARTESIAN_POINT('Ctrl Pts',(0.937129437692177,-3.00735519733839,8.96154973948588));
#9886=CARTESIAN_POINT('Ctrl Pts',(1.19032130857375,-2.92845915149785,8.9682490201212));
#9887=CARTESIAN_POINT('Ctrl Pts',(1.43275012079184,-2.81638161539896,8.97494686673022));
#9888=CARTESIAN_POINT('Ctrl Pts',(1.65780297448812,-2.67629172754691,8.98164467926195));
#9889=CARTESIAN_POINT('Ctrl Pts',(1.86343176863649,-2.54829284089306,8.98776441110144));
#9890=CARTESIAN_POINT('Ctrl Pts',(2.05455362402607,-2.39690972851599,8.99388411457316));
#9891=CARTESIAN_POINT('Ctrl Pts',(2.22614921576905,-2.2261141653126,9.00000485750183));
#9892=CARTESIAN_POINT('Ctrl Pts',(2.38354534827822,-2.06945185933563,9.00561911166342));
#9893=CARTESIAN_POINT('Ctrl Pts',(2.52463821248076,-1.89633935163786,9.01123415522113));
#9894=CARTESIAN_POINT('Ctrl Pts',(2.64548352731953,-1.70981912655347,9.01684967542756));
#9895=CARTESIAN_POINT('Ctrl Pts',(2.66263381932949,-1.68334829208024,9.01764662656676));
#9896=CARTESIAN_POINT('Ctrl Pts',(2.67937634425673,-1.65660748642519,9.01844358730722));
#9897=CARTESIAN_POINT('Ctrl Pts',(2.69569987393106,-1.62960547675306,9.01924055675565));
#9898=CARTESIAN_POINT('Ctrl Pts',(2.81004374930437,-1.44046045172602,9.02482320812486));
#9899=CARTESIAN_POINT('Ctrl Pts',(2.90354663333463,-1.23912107768668,9.0304027691078));
#9900=CARTESIAN_POINT('Ctrl Pts',(2.97528366501695,-1.03028035433574,9.0359814497429));
#9901=CARTESIAN_POINT('Ctrl Pts',(3.04686224837173,-0.821900905483644,9.04154780853257));
#9902=CARTESIAN_POINT('Ctrl Pts',(3.09677067347027,-0.606054906206268,9.04711329187135));
#9903=CARTESIAN_POINT('Ctrl Pts',(3.12413866788044,-0.387416942705616,9.05268009308309));
#9904=CARTESIAN_POINT('Ctrl Pts',(3.13234656280037,-0.321845552890701,9.05434962424059));
#9905=CARTESIAN_POINT('Ctrl Pts',(3.13852740670363,-0.256023030553155,9.05601927386344));
#9906=CARTESIAN_POINT('Ctrl Pts',(3.14265864852286,-0.190075343902636,9.05768910087194));
#9907=CARTESIAN_POINT('Ctrl Pts',(3.15002432387089,-0.0724958675428397,
9.06066626952247));
#9908=CARTESIAN_POINT('Ctrl Pts',(3.15071730465829,0.0454510531126734,9.06374981519812));
#9909=CARTESIAN_POINT('Ctrl Pts',(3.14473358325764,0.163028508328098,9.06686609701793));
#9910=CARTESIAN_POINT('Ctrl Pts',(3.13879472908403,0.279724342554851,9.06995901228798));
#9911=CARTESIAN_POINT('Ctrl Pts',(3.12627980585832,0.396056181152191,9.07308417488794));
#9912=CARTESIAN_POINT('Ctrl Pts',(3.10718635475695,0.511354604036148,9.0761695855336));
#9913=CARTESIAN_POINT('Ctrl Pts',(3.10407779711446,0.530126055656928,9.07667191362462));
#9914=CARTESIAN_POINT('Ctrl Pts',(3.1007948536762,0.548870226601493,9.07717318802734));
#9915=CARTESIAN_POINT('Ctrl Pts',(3.097337492901,0.567584358488453,9.07767309801852));
#9916=CARTESIAN_POINT('Ctrl Pts',(2.74224038379753,0.50253327793631,9.32692299917044));
#9917=CARTESIAN_POINT('Ctrl Pts',(2.86339340944264,-0.158578635131635,9.30764718469651));
#9918=CARTESIAN_POINT('Ctrl Pts',(2.73259510337419,-0.86868286200653,9.28846205457157));
#9919=CARTESIAN_POINT('Ctrl Pts',(2.0390825397157,-2.01589345736688,9.24999973130164));
#9920=CARTESIAN_POINT('Ctrl Pts',(1.46920705009086,-2.46230385908263,9.23077223514706));
#9921=CARTESIAN_POINT('Ctrl Pts',(0.189613725706619,-2.86104111429984,9.19230463844527));
#9922=CARTESIAN_POINT('Ctrl Pts',(-0.533148620703765,-2.81730028763928,
9.17307545568312));
#9923=CARTESIAN_POINT('Ctrl Pts',(-1.75523882591623,-2.26728140272679,9.13461661874241));
#9924=CARTESIAN_POINT('Ctrl Pts',(-2.2672814027268,-1.75523882591638,9.11538338125693));
#9925=CARTESIAN_POINT('Ctrl Pts',(-2.81730028763928,-0.533148620703587,
9.07692454431754));
#9926=CARTESIAN_POINT('Ctrl Pts',(-2.86104111430001,0.189613725706699,9.05769536155671));
#9927=CARTESIAN_POINT('Ctrl Pts',(-2.46230385908246,1.46920705009077,9.01922776485096));
#9928=CARTESIAN_POINT('Ctrl Pts',(-2.01574915972171,2.03916997817226,9.00000027758905));
#9929=CARTESIAN_POINT('Ctrl Pts',(-0.868827159651697,2.73250766491764,8.96153793653774));
#9930=CARTESIAN_POINT('Ctrl Pts',(-0.15669450931033,2.8630479665252,8.94230422153579));
#9931=CARTESIAN_POINT('Ctrl Pts',(1.16176106518295,2.62143280106987,8.90384978012333));
#9932=CARTESIAN_POINT('Ctrl Pts',(1.78011096449245,2.24840246929601,8.88466385915442));
#9933=CARTESIAN_POINT('Ctrl Pts',(2.19459334356265,1.71935513328514,8.86538468607635));
#9934=CARTESIAN_POINT('Ctrl Pts',(3.09840289181151,0.567802359993377,9.07692299917044));
#9935=CARTESIAN_POINT('Ctrl Pts',(3.2358999361785,-0.18249615574908,9.05765516162463));
#9936=CARTESIAN_POINT('Ctrl Pts',(3.08952766023938,-0.978161466467098,9.03846205457157));
#9937=CARTESIAN_POINT('Ctrl Pts',(2.30189604407788,-2.28106396920407,8.99999973130164));
#9938=CARTESIAN_POINT('Ctrl Pts',(1.66393518670891,-2.78089059938338,8.98077223514706));
#9939=CARTESIAN_POINT('Ctrl Pts',(0.210333429235791,-3.23385105386198,8.94230463844527));
#9940=CARTESIAN_POINT('Ctrl Pts',(-0.598652117980954,-3.18489568493662,
8.92307545568312));
#9941=CARTESIAN_POINT('Ctrl Pts',(-1.98695136305802,-2.56007208162562,8.88461661874241));
#9942=CARTESIAN_POINT('Ctrl Pts',(-2.56007208162562,-1.98695136305817,8.86538338125693));
#9943=CARTESIAN_POINT('Ctrl Pts',(-3.18489568493663,-0.598652117980773,
8.82692454431754));
#9944=CARTESIAN_POINT('Ctrl Pts',(-3.23385105386214,0.210333429235837,8.80769536155671));
#9945=CARTESIAN_POINT('Ctrl Pts',(-2.78089059938321,1.66393518670888,8.76922776485096));
#9946=CARTESIAN_POINT('Ctrl Pts',(-2.28106431542228,2.30189610752449,8.75000027758905));
#9947=CARTESIAN_POINT('Ctrl Pts',(-0.978161120248882,3.08952759679278,8.71153793653774));
#9948=CARTESIAN_POINT('Ctrl Pts',(-0.180913069747272,3.23560960986955,8.69230422153579));
#9949=CARTESIAN_POINT('Ctrl Pts',(1.31651778973403,2.96119617375348,8.65384978012333));
#9950=CARTESIAN_POINT('Ctrl Pts',(2.00921802413444,2.54309799374342,8.63465581499564));
#9951=CARTESIAN_POINT('Ctrl Pts',(2.47962738869316,1.9426651830006,8.61538468607635));
#9952=CARTESIAN_POINT('',(2.74224038379754,0.502533277936313,9.32692299917044));
#9953=CARTESIAN_POINT('',(2.74224038379754,0.502533277936313,9.32692299917044));
#9954=CARTESIAN_POINT('Ctrl Pts',(2.74224038379753,0.50253327793631,9.32692299917044));
#9955=CARTESIAN_POINT('Ctrl Pts',(2.86339340944264,-0.158578635131635,9.30764718469651));
#9956=CARTESIAN_POINT('Ctrl Pts',(2.73259510337419,-0.86868286200653,9.28846205457157));
#9957=CARTESIAN_POINT('Ctrl Pts',(2.0390825397157,-2.01589345736688,9.24999973130164));
#9958=CARTESIAN_POINT('Ctrl Pts',(1.46920705009086,-2.46230385908263,9.23077223514706));
#9959=CARTESIAN_POINT('Ctrl Pts',(0.189613725706619,-2.86104111429984,9.19230463844527));
#9960=CARTESIAN_POINT('Ctrl Pts',(-0.533148620703765,-2.81730028763928,
9.17307545568312));
#9961=CARTESIAN_POINT('Ctrl Pts',(-1.75523882591623,-2.26728140272679,9.13461661874241));
#9962=CARTESIAN_POINT('Ctrl Pts',(-2.2672814027268,-1.75523882591638,9.11538338125693));
#9963=CARTESIAN_POINT('Ctrl Pts',(-2.81730028763928,-0.533148620703587,
9.07692454431754));
#9964=CARTESIAN_POINT('Ctrl Pts',(-2.86104111430001,0.189613725706699,9.05769536155671));
#9965=CARTESIAN_POINT('Ctrl Pts',(-2.46230385908246,1.46920705009077,9.01922776485096));
#9966=CARTESIAN_POINT('Ctrl Pts',(-2.01574915972171,2.03916997817226,9.00000027758905));
#9967=CARTESIAN_POINT('Ctrl Pts',(-0.868827159651697,2.73250766491764,8.96153793653774));
#9968=CARTESIAN_POINT('Ctrl Pts',(-0.15669450931033,2.8630479665252,8.94230422153579));
#9969=CARTESIAN_POINT('Ctrl Pts',(1.16176106518295,2.62143280106987,8.90384978012333));
#9970=CARTESIAN_POINT('Ctrl Pts',(1.78011096449245,2.24840246929601,8.88466385915442));
#9971=CARTESIAN_POINT('Ctrl Pts',(2.19459334356265,1.71935513328514,8.86538468607635));
#9972=CARTESIAN_POINT('',(2.47878204797141,1.94197432597096,8.6161377229319));
#9973=CARTESIAN_POINT('',(2.19459334356265,1.71935513328514,8.86538468607635));
#9974=CARTESIAN_POINT('Ctrl Pts',(2.47876817596383,1.9419920324048,8.61613829142983));
#9975=CARTESIAN_POINT('Ctrl Pts',(2.39597018211462,2.04736032080381,8.61965952724798));
#9976=CARTESIAN_POINT('Ctrl Pts',(2.30640635297002,2.14726480081462,8.6230569816692));
#9977=CARTESIAN_POINT('Ctrl Pts',(2.21086095737667,2.24113155477486,8.62638720757941));
#9978=CARTESIAN_POINT('Ctrl Pts',(2.11422167524415,2.33607297672927,8.62975556080359));
#9979=CARTESIAN_POINT('Ctrl Pts',(2.01146249170114,2.42483695436691,8.63305513780299));
#9980=CARTESIAN_POINT('Ctrl Pts',(1.90342813807037,2.50678703074333,8.63634446647762));
#9981=CARTESIAN_POINT('Ctrl Pts',(1.79519533910803,2.58888763896014,8.63963983722958));
#9982=CARTESIAN_POINT('Ctrl Pts',(1.68166745430169,2.66414849361622,8.64292492223086));
#9983=CARTESIAN_POINT('Ctrl Pts',(1.5637352922049,2.73189833100034,8.64625857715692));
#9984=CARTESIAN_POINT('Ctrl Pts',(1.47553555430325,2.78256744274998,8.64875176888262));
#9985=CARTESIAN_POINT('Ctrl Pts',(1.3848731741267,2.82903467641028,8.65127212741042));
#9986=CARTESIAN_POINT('Ctrl Pts',(1.29213844352842,2.87101194803053,8.65384427400691));
#9987=CARTESIAN_POINT('Ctrl Pts',(3.00765768852173,-0.937223697722649,10.0386690142282));
#9988=CARTESIAN_POINT('Ctrl Pts',(2.78070230415431,-1.6655493688966,10.0193968089973));
#9989=CARTESIAN_POINT('Ctrl Pts',(2.28128426254325,-2.30211450516362,10.0002077202029));
#9990=CARTESIAN_POINT('Ctrl Pts',(0.97825205849984,-3.08982346697479,9.96174539597269));
#9991=CARTESIAN_POINT('Ctrl Pts',(0.180933496501698,-3.23591904423333,9.94251168082887));
#9992=CARTESIAN_POINT('Ctrl Pts',(-1.31664653759194,-2.9614778296069,9.90405722287911));
#9993=CARTESIAN_POINT('Ctrl Pts',(-2.01033075161612,-2.54216490340824,9.88482549765965));
#9994=CARTESIAN_POINT('Ctrl Pts',(-2.94939707060746,-1.3435360697816,9.8463587765419));
#9995=CARTESIAN_POINT('Ctrl Pts',(-3.19052107395163,-0.569727989724981,
9.82713213768744));
#9996=CARTESIAN_POINT('Ctrl Pts',(-3.09858458585001,0.950151600240968,9.78866716767406));
#9997=CARTESIAN_POINT('Ctrl Pts',(-2.76586605065408,1.68933159499477,9.76943205323221));
#9998=CARTESIAN_POINT('Ctrl Pts',(-1.6893315949946,2.76586605065392,9.73098284881665));
#9999=CARTESIAN_POINT('Ctrl Pts',(-0.950151600241024,3.09858458584987,9.71174773437281));
#10000=CARTESIAN_POINT('Ctrl Pts',(0.569727989725041,3.19052107395177,9.67328276436341));
#10001=CARTESIAN_POINT('Ctrl Pts',(1.34353624572125,2.94939663254974,9.65405611650757));
#10002=CARTESIAN_POINT('Ctrl Pts',(2.54612842063788,2.00722583439644,9.61546220949621));
#10003=CARTESIAN_POINT('Ctrl Pts',(2.96671890166432,1.30908434244505,9.59614494149291));
#10004=CARTESIAN_POINT('Ctrl Pts',(3.10138990637411,0.552960280969204,9.57674813423214));
#10005=CARTESIAN_POINT('Ctrl Pts',(2.66167248669124,-0.829410387898729,
9.78846156320383));
#10006=CARTESIAN_POINT('Ctrl Pts',(2.46171620989945,-1.47109285418867,9.76918150323062));
#10007=CARTESIAN_POINT('Ctrl Pts',(2.01588578875079,-2.03908757945632,9.75000026917853));
#10008=CARTESIAN_POINT('Ctrl Pts',(0.868690530622627,-2.73259006363358,
9.71153794494826));
#10009=CARTESIAN_POINT('Ctrl Pts',(0.156540161964584,-2.86301984931398,
9.69230422980444));
#10010=CARTESIAN_POINT('Ctrl Pts',(-1.1616067178372,-2.62146091828108,9.65384977185468));
#10011=CARTESIAN_POINT('Ctrl Pts',(-1.78130989915678,-2.24687214108111,
9.63461804663522));
#10012=CARTESIAN_POINT('Ctrl Pts',(-2.60787678796849,-1.19183812548919,
9.59615132551747));
#10013=CARTESIAN_POINT('Ctrl Pts',(-2.82328090194899,-0.500563678664392,
9.57692468666301));
#10014=CARTESIAN_POINT('Ctrl Pts',(-2.74235895276989,0.837225347730798,
9.53845971664963));
#10015=CARTESIAN_POINT('Ctrl Pts',(-2.44511660625175,1.49757841567528,9.51922460220778));
#10016=CARTESIAN_POINT('Ctrl Pts',(-1.49757841567512,2.44511660625158,9.48077539779222));
#10017=CARTESIAN_POINT('Ctrl Pts',(-0.837225347730784,2.74235895276975,
9.46154028334838));
#10018=CARTESIAN_POINT('Ctrl Pts',(0.500563678664368,2.82328090194913,9.42307531333898));
#10019=CARTESIAN_POINT('Ctrl Pts',(1.19170356491758,2.60798198104322,9.40384866548314));
#10020=CARTESIAN_POINT('Ctrl Pts',(2.25049643837957,1.77847067173599,9.36525475847178));
#10021=CARTESIAN_POINT('Ctrl Pts',(2.62602426557963,1.15549202431396,9.34594548432977));
#10022=CARTESIAN_POINT('Ctrl Pts',(2.74461106875704,0.489409907465537,9.32654052460036));
#10023=CARTESIAN_POINT('',(3.09681285250441,0.567549169488694,9.57692156954879));
#10024=CARTESIAN_POINT('',(3.09840289181151,0.567802359993377,9.57692299917044));
#10025=CARTESIAN_POINT('',(2.66167248669124,-0.829410387898731,9.78846156320383));
#10026=CARTESIAN_POINT('Ctrl Pts',(2.66167248669124,-0.829410387898729,
9.78846156320383));
#10027=CARTESIAN_POINT('Ctrl Pts',(2.46171620989945,-1.47109285418867,9.76918150323062));
#10028=CARTESIAN_POINT('Ctrl Pts',(2.01588578875079,-2.03908757945632,9.75000026917853));
#10029=CARTESIAN_POINT('Ctrl Pts',(0.868690530622627,-2.73259006363358,
9.71153794494826));
#10030=CARTESIAN_POINT('Ctrl Pts',(0.156540161964625,-2.86301984931398,
9.69230422980444));
#10031=CARTESIAN_POINT('Ctrl Pts',(-1.16160671783724,-2.62146091828108,
9.65384977185468));
#10032=CARTESIAN_POINT('Ctrl Pts',(-1.78130989915695,-2.24687214108111,
9.63461804663522));
#10033=CARTESIAN_POINT('Ctrl Pts',(-2.60787678796833,-1.19183812548919,
9.59615132551747));
#10034=CARTESIAN_POINT('Ctrl Pts',(-2.82328090194899,-0.500563678664392,
9.57692468666301));
#10035=CARTESIAN_POINT('Ctrl Pts',(-2.74235895276989,0.837225347730798,
9.53845971664963));
#10036=CARTESIAN_POINT('Ctrl Pts',(-2.44511660625159,1.49757841567528,9.51922460220778));
#10037=CARTESIAN_POINT('Ctrl Pts',(-1.49757841567529,2.44511660625158,9.48077539779222));
#10038=CARTESIAN_POINT('Ctrl Pts',(-0.837225347730784,2.74235895276958,
9.46154028334838));
#10039=CARTESIAN_POINT('Ctrl Pts',(0.500563678664368,2.8232809019493,9.42307531333898));
#10040=CARTESIAN_POINT('Ctrl Pts',(1.19170356491766,2.60798198104338,9.40384866548314));
#10041=CARTESIAN_POINT('Ctrl Pts',(2.24700670165265,1.78120470608189,9.36538196236416));
#10042=CARTESIAN_POINT('Ctrl Pts',(2.62108291672093,1.16366935866415,9.34619922046514));
#10043=CARTESIAN_POINT('Ctrl Pts',(2.74224038379754,0.502533277936313,9.32692299917044));
#10044=CARTESIAN_POINT('',(2.98076451003932,-0.928893155875124,9.99999999999999));
#10045=CARTESIAN_POINT('',(3.00737082662268,-0.937134307972349,10.0384615632038));
#10046=CARTESIAN_POINT('',(2.25113522153679,-2.20106046887595,10.0012824846307));
#10047=CARTESIAN_POINT('Ctrl Pts',(2.2768849959601,-2.17422951388723,10.0018372996576));
#10048=CARTESIAN_POINT('Ctrl Pts',(2.43425108709554,-2.00432183704924,10.005543956633));
#10049=CARTESIAN_POINT('Ctrl Pts',(2.57269181487831,-1.81747087790623,10.009042123005));
#10050=CARTESIAN_POINT('Ctrl Pts',(2.81529937013776,-1.40127274541273,10.0159706023491));
#10051=CARTESIAN_POINT('Ctrl Pts',(2.91525239962481,-1.17070254341448,10.0193595111566));
#10052=CARTESIAN_POINT('Ctrl Pts',(2.98619273682402,-0.930829738085094,
10.0231995194262));
#10053=CARTESIAN_POINT('Ctrl Pts',(3.09681285250441,0.567549169488694,9.57692156954879));
#10054=CARTESIAN_POINT('Ctrl Pts',(3.06311850974344,0.753626595701783,9.58170368477422));
#10055=CARTESIAN_POINT('Ctrl Pts',(3.01293168784145,0.936465186609666,9.58647871458802));
#10056=CARTESIAN_POINT('Ctrl Pts',(2.94652450651775,1.11320233233872,9.59125106882806));
#10057=CARTESIAN_POINT('Ctrl Pts',(2.92374672376235,1.17382349152636,9.59288799492467));
#10058=CARTESIAN_POINT('Ctrl Pts',(2.89906017414142,1.23372695923321,9.59452460609505));
#10059=CARTESIAN_POINT('Ctrl Pts',(2.87247448314103,1.29279750985432,9.59616107994221));
#10060=CARTESIAN_POINT('Ctrl Pts',(2.79574661716195,1.46327858899195,9.60088403959825));
#10061=CARTESIAN_POINT('Ctrl Pts',(2.70334281807178,1.62636290895013,9.60560377811363));
#10062=CARTESIAN_POINT('Ctrl Pts',(2.59733023608663,1.78006182272413,9.61032269526171));
#10063=CARTESIAN_POINT('Ctrl Pts',(2.48839100006329,1.93800385121375,9.61517188598364));
#10064=CARTESIAN_POINT('Ctrl Pts',(2.36508032509782,2.08603630221221,9.62002020941871));
#10065=CARTESIAN_POINT('Ctrl Pts',(2.22959287538611,2.22197656070282,9.62487027031485));
#10066=CARTESIAN_POINT('Ctrl Pts',(2.13882582935732,2.31304695671247,9.62811946942178));
#10067=CARTESIAN_POINT('Ctrl Pts',(2.04259278400094,2.39868977712119,9.63136944832441));
#10068=CARTESIAN_POINT('Ctrl Pts',(1.94154516851174,2.47823874719326,9.6346209901528));
#10069=CARTESIAN_POINT('Ctrl Pts',(1.74223224145848,2.6351463396424,9.64103454396221));
#10070=CARTESIAN_POINT('Ctrl Pts',(1.52425160260393,2.76829719738972,9.64744637559503));
#10071=CARTESIAN_POINT('Ctrl Pts',(1.29279507614682,2.87246907567184,9.65385724854037));
#10072=CARTESIAN_POINT('Ctrl Pts',(1.04140263997063,2.985613529463,9.66082030545829));
#10073=CARTESIAN_POINT('Ctrl Pts',(0.774926239453868,3.06420978982124,9.66778270250892));
#10074=CARTESIAN_POINT('Ctrl Pts',(0.502772830844454,3.10767268369069,9.67474601263941));
#10075=CARTESIAN_POINT('Ctrl Pts',(0.273959053606478,3.14421423930366,9.68060043607352));
#10076=CARTESIAN_POINT('Ctrl Pts',(0.0411336923719484,3.15592195750677,
9.68645550495409));
#10077=CARTESIAN_POINT('Ctrl Pts',(-0.19011133446506,3.14247659872086,9.69231215379093));
#10078=CARTESIAN_POINT('Ctrl Pts',(-0.443336044691156,3.12775326767666,
9.69872547313833));
#10079=CARTESIAN_POINT('Ctrl Pts',(-0.694791866593971,3.08286898082517,
9.70513765606325));
#10080=CARTESIAN_POINT('Ctrl Pts',(-0.937129437402635,3.00735519640924,
9.71154974015782));
#10081=CARTESIAN_POINT('Ctrl Pts',(-1.19025752068821,2.92847902608591,9.71824733373074));
#10082=CARTESIAN_POINT('Ctrl Pts',(-1.43262798693706,2.81643811681135,9.72494349398695));
#10083=CARTESIAN_POINT('Ctrl Pts',(-1.65763287701242,2.67639768275499,9.73163962037813));
#10084=CARTESIAN_POINT('Ctrl Pts',(-1.8633265099192,2.54837635119528,9.73776104539846));
#10085=CARTESIAN_POINT('Ctrl Pts',(-2.05450653874928,2.39695678523252,9.74388244219865));
#10086=CARTESIAN_POINT('Ctrl Pts',(-2.22614945792971,2.22611406830688,9.75000487991638));
#10087=CARTESIAN_POINT('Ctrl Pts',(-2.40592311548478,2.04717851864937,9.75641733798297));
#10088=CARTESIAN_POINT('Ctrl Pts',(-2.5643779266983,1.84683532242924,9.76282899970128));
#10089=CARTESIAN_POINT('Ctrl Pts',(-2.69569944165756,1.62960521543492,9.76924090550615));
#10090=CARTESIAN_POINT('Ctrl Pts',(-2.83260441961398,1.4031390265644,9.77592542953975));
#10091=CARTESIAN_POINT('Ctrl Pts',(-2.93958424484331,1.15902485734823,9.78261008030954));
#10092=CARTESIAN_POINT('Ctrl Pts',(-3.01511768440095,0.905473231175037,
9.78929523789726));
#10093=CARTESIAN_POINT('Ctrl Pts',(-3.08442272237789,0.672829183929741,
9.7954291449881));
#10094=CARTESIAN_POINT('Ctrl Pts',(-3.1272538004101,0.432241622319737,9.80156347869022));
#10095=CARTESIAN_POINT('Ctrl Pts',(-3.14247361024444,0.190060838056922,
9.80769853293602));
#10096=CARTESIAN_POINT('Ctrl Pts',(-3.15838380418101,-0.0631054818426904,
9.81411187869556));
#10097=CARTESIAN_POINT('Ctrl Pts',(-3.14413778055273,-0.318139868231833,
9.82052344175121));
#10098=CARTESIAN_POINT('Ctrl Pts',(-3.09838745584737,-0.56779953125316,
9.82693383408694));
#10099=CARTESIAN_POINT('Ctrl Pts',(-3.04924149573666,-0.835989187154367,
9.83382001223004));
#10100=CARTESIAN_POINT('Ctrl Pts',(-2.96389685083549,-1.097132992376,9.84070624755674));
#10101=CARTESIAN_POINT('Ctrl Pts',(-2.84705947695962,-1.34341214919894,
9.84759358195657));
#10102=CARTESIAN_POINT('Ctrl Pts',(-2.74644982425177,-1.55548521807382,
9.85352432397055));
#10103=CARTESIAN_POINT('Ctrl Pts',(-2.62248939328853,-1.75653526419469,
9.85945588092778));
#10104=CARTESIAN_POINT('Ctrl Pts',(-2.47820938971299,-1.94158617523816,
9.86538891778035));
#10105=CARTESIAN_POINT('Ctrl Pts',(-2.32224276215182,-2.14162613786167,
9.87180252830266));
#10106=CARTESIAN_POINT('Ctrl Pts',(-2.142461715962,-2.32307373709724,9.87821484082018));
#10107=CARTESIAN_POINT('Ctrl Pts',(-1.94265499081916,-2.47961437934265,
9.88462672427157));
#10108=CARTESIAN_POINT('Ctrl Pts',(-1.7297822558115,-2.6463917219512,9.8914579015799));
#10109=CARTESIAN_POINT('Ctrl Pts',(-1.49487314005355,-2.78436015867646,
9.89828753832327));
#10110=CARTESIAN_POINT('Ctrl Pts',(-1.24641571804884,-2.89086316721457,
9.90511737552452));
#10111=CARTESIAN_POINT('Ctrl Pts',(-1.02859848981467,-2.98423204277963,
9.91110494553336));
#10112=CARTESIAN_POINT('Ctrl Pts',(-0.800370047490572,-3.05341792181364,
9.91709266969394));
#10113=CARTESIAN_POINT('Ctrl Pts',(-0.56745827908435,-3.09666270818594,
9.92308172091722));
#10114=CARTESIAN_POINT('Ctrl Pts',(-0.347196478971967,-3.13755877177696,
9.92874549313633));
#10115=CARTESIAN_POINT('Ctrl Pts',(-0.122586355163777,-3.15528983269933,
9.93440993971469));
#10116=CARTESIAN_POINT('Ctrl Pts',(0.101504444293079,-3.1483006667057,9.94007490890196));
#10117=CARTESIAN_POINT('Ctrl Pts',(0.1310800390933,-3.14737823373692,9.94082257383798));
#10118=CARTESIAN_POINT('Ctrl Pts',(0.160646555172236,-3.14602527001887,
9.94157024787796));
#10119=CARTESIAN_POINT('Ctrl Pts',(0.190192777307458,-3.1442382626971,9.94231793067335));
#10120=CARTESIAN_POINT('Ctrl Pts',(0.412796121230247,-3.1307748221388,9.94795102615628));
#10121=CARTESIAN_POINT('Ctrl Pts',(0.633556974683038,-3.09279936971816,
9.95358075983014));
#10122=CARTESIAN_POINT('Ctrl Pts',(0.847972775779174,-3.03226883009076,
9.95920948749177));
#10123=CARTESIAN_POINT('Ctrl Pts',(1.0616299875966,-2.97195244360955,9.96481830107788));
#10124=CARTESIAN_POINT('Ctrl Pts',(1.2689853603786,-2.88924097267421,9.97042611677044));
#10125=CARTESIAN_POINT('Ctrl Pts',(1.46560159281959,-2.78611736685331,9.97603526320613));
#10126=CARTESIAN_POINT('Ctrl Pts',(1.52088456352576,-2.75712190086897,9.97761239788235));
#10127=CARTESIAN_POINT('Ctrl Pts',(1.57531871108353,-2.72651294869785,9.97918963769948));
#10128=CARTESIAN_POINT('Ctrl Pts',(1.62880591967823,-2.69433514254359,9.98076703422044));
#10129=CARTESIAN_POINT('Ctrl Pts',(1.7297407737836,-2.6336129202601,9.98374371391439));
#10130=CARTESIAN_POINT('Ctrl Pts',(1.8271892033466,-2.56719135202324,9.98682684389653));
#10131=CARTESIAN_POINT('Ctrl Pts',(1.9205424788701,-2.49548572734458,9.9899427550515));
#10132=CARTESIAN_POINT('Ctrl Pts',(2.01319614391461,-2.42431748077232,9.99303531486628));
#10133=CARTESIAN_POINT('Ctrl Pts',(2.10181626108833,-2.34794483682921,9.99616016662699));
#10134=CARTESIAN_POINT('Ctrl Pts',(2.18585064267846,-2.26674622086655,9.99924528255907));
#10135=CARTESIAN_POINT('Ctrl Pts',(2.19954901578927,-2.25351010350017,9.99974818468471));
#10136=CARTESIAN_POINT('Ctrl Pts',(2.21312562136973,-2.24014567640849,10.0002500309391));
#10137=CARTESIAN_POINT('Ctrl Pts',(2.22657816389031,-2.22665448748928,10.0007505093198));
#10138=CARTESIAN_POINT('Ctrl Pts',(1.97134751096344,-1.97134751096344,10.25));
#10139=CARTESIAN_POINT('Ctrl Pts',(1.49607545882545,-2.44661955437297,10.2307256950295));
#10140=CARTESIAN_POINT('Ctrl Pts',(0.837398632417488,-2.7423486540136,10.2115402742039));
#10141=CARTESIAN_POINT('Ctrl Pts',(-0.500736963351084,-2.82329120070527,
10.1730753224835));
#10142=CARTESIAN_POINT('Ctrl Pts',(-1.19183812548928,-2.60787678796816,
10.1538486744832));
#10143=CARTESIAN_POINT('Ctrl Pts',(-2.24687214108103,-1.78130989915711,
10.1153819533641));
#10144=CARTESIAN_POINT('Ctrl Pts',(-2.62146091828141,-1.16160671783724,
10.096150228146));
#10145=CARTESIAN_POINT('Ctrl Pts',(-2.86301984931365,0.156540161964626,
10.0576957701949));
#10146=CARTESIAN_POINT('Ctrl Pts',(-2.73250766491748,0.868827159651899,
10.0384620634609));
#10147=CARTESIAN_POINT('Ctrl Pts',(-2.03916997817241,2.0157491597215,9.99999972241226));
#10148=CARTESIAN_POINT('Ctrl Pts',(-1.46920705009081,2.4623038590823,9.98077223514904));
#10149=CARTESIAN_POINT('Ctrl Pts',(-0.18961372570665,2.86104111430018,9.94230463844329));
#10150=CARTESIAN_POINT('Ctrl Pts',(0.533148620703671,2.81730028763945,9.92307545568312));
#10151=CARTESIAN_POINT('Ctrl Pts',(1.7552388259163,2.26728140272663,9.88461661874241));
#10152=CARTESIAN_POINT('Ctrl Pts',(2.26721638103069,1.75538289249949,9.86538337292656));
#10153=CARTESIAN_POINT('Ctrl Pts',(2.81736530933538,0.533004554120477,9.8269245526479));
#10154=CARTESIAN_POINT('Ctrl Pts',(2.86162361366113,-0.187744406483227,
9.80774136149857));
#10155=CARTESIAN_POINT('Ctrl Pts',(2.66167248669124,-0.829410387898731,
9.78846156320383));
#10156=CARTESIAN_POINT('Ctrl Pts',(2.22738636073762,-2.22738636073762,10.));
#10157=CARTESIAN_POINT('Ctrl Pts',(1.68800187542206,-2.76677083346551,9.98073362204234));
#10158=CARTESIAN_POINT('Ctrl Pts',(0.950057715196661,-3.09828948951543,
9.96154027420386));
#10159=CARTESIAN_POINT('Ctrl Pts',(-0.569670388410631,-3.19021633314392,
9.92307532248351));
#10160=CARTESIAN_POINT('Ctrl Pts',(-1.34341029457459,-2.94911391064444,
9.90384867448318));
#10161=CARTESIAN_POINT('Ctrl Pts',(-2.54192007142663,-2.01014086674186,
9.86538195336412));
#10162=CARTESIAN_POINT('Ctrl Pts',(-2.96119591611372,-1.31651799158212,
9.84615022814598));
#10163=CARTESIAN_POINT('Ctrl Pts',(-3.2356098675093,0.180913271595368,9.8076957701949));
#10164=CARTESIAN_POINT('Ctrl Pts',(-3.08952759679265,0.978161120248968,
9.78846206346095));
#10165=CARTESIAN_POINT('Ctrl Pts',(-2.30189610752462,2.2810643154222,9.74999972241226));
#10166=CARTESIAN_POINT('Ctrl Pts',(-1.66393518670891,2.78089059938322,9.73077223514904));
#10167=CARTESIAN_POINT('Ctrl Pts',(-0.210333429235784,3.23385105386215,
9.69230463844329));
#10168=CARTESIAN_POINT('Ctrl Pts',(0.598652117980863,3.18489568493696,9.67307545568312));
#10169=CARTESIAN_POINT('Ctrl Pts',(1.9869513630581,2.56007208162529,9.63461661874241));
#10170=CARTESIAN_POINT('Ctrl Pts',(2.56007198352703,1.98695104824862,9.61538337292656));
#10171=CARTESIAN_POINT('Ctrl Pts',(3.18489578303522,0.59865243279033,9.5769245526479));
#10172=CARTESIAN_POINT('Ctrl Pts',(3.2342995649444,-0.208894087102498,9.55773341455502));
#10173=CARTESIAN_POINT('Ctrl Pts',(3.00737082662268,-0.937134307972349,
9.53846156320383));
#10174=CARTESIAN_POINT('',(-1.97040790144259,1.96900659478243,10.));
#10175=CARTESIAN_POINT('Ctrl Pts',(2.22738636073762,-2.22738636073762,10.));
#10176=CARTESIAN_POINT('Ctrl Pts',(2.17275880504705,-2.27815819434909,10.));
#10177=CARTESIAN_POINT('Ctrl Pts',(2.11655997835693,-2.32664185604803,10.0000000045533));
#10178=CARTESIAN_POINT('Ctrl Pts',(2.05885239808915,-2.37292437467806,10.0000000058643));
#10179=CARTESIAN_POINT('Ctrl Pts',(2.00019184882754,-2.41997119160315,10.0000000071969));
#10180=CARTESIAN_POINT('Ctrl Pts',(1.93997181371346,-2.46474384441378,10.000000005467));
#10181=CARTESIAN_POINT('Ctrl Pts',(1.87822447410347,-2.50729152270136,10.0000000030221));
#10182=CARTESIAN_POINT('Ctrl Pts',(1.84102109876405,-2.53292691452799,10.000000001549));
#10183=CARTESIAN_POINT('Ctrl Pts',(1.80326267463032,-2.55775377114167,10.));
#10184=CARTESIAN_POINT('Ctrl Pts',(1.76495166862183,-2.58177497422204,10.));
#10185=CARTESIAN_POINT('Ctrl Pts',(1.70672798407881,-2.61828153189859,10.));
#10186=CARTESIAN_POINT('Ctrl Pts',(1.64705851104134,-2.6530268930911,9.99999999439655));
#10187=CARTESIAN_POINT('Ctrl Pts',(1.58622661885072,-2.68582039728697,9.99999999234496));
#10188=CARTESIAN_POINT('Ctrl Pts',(1.52497975682094,-2.7188376051138,9.99999999027938));
#10189=CARTESIAN_POINT('Ctrl Pts',(1.46255505533019,-2.74987597421417,9.99999999152002));
#10190=CARTESIAN_POINT('Ctrl Pts',(1.3992690365706,-2.77878627502485,9.99999999443807));
#10191=CARTESIAN_POINT('Ctrl Pts',(1.34787567161829,-2.80226377715826,9.99999999680776));
#10192=CARTESIAN_POINT('Ctrl Pts',(1.29591493077821,-2.82433868917548,10.));
#10193=CARTESIAN_POINT('Ctrl Pts',(1.24356590371198,-2.84495449770166,10.));
#10194=CARTESIAN_POINT('Ctrl Pts',(1.17522338536152,-2.87186877579754,10.));
#10195=CARTESIAN_POINT('Ctrl Pts',(1.10610077845456,-2.89635086193119,9.99999999791903));
#10196=CARTESIAN_POINT('Ctrl Pts',(1.03619319514536,-2.91840369202092,9.99999999683642));
#10197=CARTESIAN_POINT('Ctrl Pts',(0.967010133161769,-2.94022796685336,
9.99999999576503));
#10198=CARTESIAN_POINT('Ctrl Pts',(0.897057700260055,-2.95967319389297,
9.9999999960237));
#10199=CARTESIAN_POINT('Ctrl Pts',(0.826321086971873,-2.97669264715841,
9.99999999752693));
#10200=CARTESIAN_POINT('Ctrl Pts',(0.779402112051596,-2.98798150117331,
9.99999999852401));
#10201=CARTESIAN_POINT('Ctrl Pts',(0.732137939881502,-2.9982021106914,10.));
#10202=CARTESIAN_POINT('Ctrl Pts',(0.684523645489157,-3.00732815633515,
10.));
#10203=CARTESIAN_POINT('Ctrl Pts',(0.564370869346351,-3.03035736916498,
10.));
#10204=CARTESIAN_POINT('Ctrl Pts',(0.443275364231997,-3.04616006723041,
10.0000002855513));
#10205=CARTESIAN_POINT('Ctrl Pts',(0.322145339209239,-3.05453961558332,
10.0000002745685));
#10206=CARTESIAN_POINT('Ctrl Pts',(0.276468699946856,-3.05769943997224,
10.000000270427));
#10207=CARTESIAN_POINT('Ctrl Pts',(0.230787021778577,-3.05980423043201,
10.000000224092));
#10208=CARTESIAN_POINT('Ctrl Pts',(0.185148395342519,-3.06084530208968,
10.0000001043445));
#10209=CARTESIAN_POINT('Ctrl Pts',(0.15848031946976,-3.0614536327982,10.0000000343723));
#10210=CARTESIAN_POINT('Ctrl Pts',(0.131831475339717,-3.06169709241936,
10.));
#10211=CARTESIAN_POINT('Ctrl Pts',(0.105211293495219,-3.06158046615907,
10.));
#10212=CARTESIAN_POINT('Ctrl Pts',(0.0139918628992137,-3.0611808227187,
10.));
#10213=CARTESIAN_POINT('Ctrl Pts',(-0.0774752597487725,-3.05654679838311,
9.99999999846978));
#10214=CARTESIAN_POINT('Ctrl Pts',(-0.16871545908387,-3.04773640573461,
9.99999999736659));
#10215=CARTESIAN_POINT('Ctrl Pts',(-0.262603906870758,-3.0386702912786,
9.99999999623138));
#10216=CARTESIAN_POINT('Ctrl Pts',(-0.356251433635694,-3.02518183548995,
9.99999999551145));
#10217=CARTESIAN_POINT('Ctrl Pts',(-0.449132511262115,-3.00738865932196,
9.99999999561169));
#10218=CARTESIAN_POINT('Ctrl Pts',(-0.543198156334941,-2.98936855622982,
9.99999999571321));
#10219=CARTESIAN_POINT('Ctrl Pts',(-0.636476921729923,-2.96693341344407,
9.9999999966072));
#10220=CARTESIAN_POINT('Ctrl Pts',(-0.728425138005272,-2.94025894516673,
9.99999999763083));
#10221=CARTESIAN_POINT('Ctrl Pts',(-0.821075171299492,-2.9133808775531,
9.99999999866228));
#10222=CARTESIAN_POINT('Ctrl Pts',(-0.912373459717872,-2.88219879524451,
9.99999999977138));
#10223=CARTESIAN_POINT('Ctrl Pts',(-1.00177789888966,-2.84694295641978,
9.99999999996854));
#10224=CARTESIAN_POINT('Ctrl Pts',(-1.01114569958025,-2.84324884822617,
9.9999999999892));
#10225=CARTESIAN_POINT('Ctrl Pts',(-1.02049272719466,-2.83951005791843,
10.));
#10226=CARTESIAN_POINT('Ctrl Pts',(-1.02981837264257,-2.83572688016335,
10.));
#10227=CARTESIAN_POINT('Ctrl Pts',(-1.09282804210296,-2.8101654558964,10.));
#10228=CARTESIAN_POINT('Ctrl Pts',(-1.15531105674039,-2.78239070204189,
10.0000000001155));
#10229=CARTESIAN_POINT('Ctrl Pts',(-1.21690991162292,-2.75248727925902,
10.0000000002154));
#10230=CARTESIAN_POINT('Ctrl Pts',(-1.2782362443008,-2.72271615352485,10.0000000003147));
#10231=CARTESIAN_POINT('Ctrl Pts',(-1.33868565192115,-2.69083537999984,
10.0000000003594));
#10232=CARTESIAN_POINT('Ctrl Pts',(-1.39792396482081,-2.65697643171478,
10.0000000002681));
#10233=CARTESIAN_POINT('Ctrl Pts',(-1.44851413063363,-2.62806052030302,
10.00000000019));
#10234=CARTESIAN_POINT('Ctrl Pts',(-1.49822111381333,-2.59770273138569,
10.));
#10235=CARTESIAN_POINT('Ctrl Pts',(-1.5468522801972,-2.56601079131994,10.));
#10236=CARTESIAN_POINT('Ctrl Pts',(-1.60770252505943,-2.52635592682547,
10.));
#10237=CARTESIAN_POINT('Ctrl Pts',(-1.66684728623922,-2.48463545411337,
10.0000000309299));
#10238=CARTESIAN_POINT('Ctrl Pts',(-1.72426019540692,-2.44084230049419,
10.0000000446249));
#10239=CARTESIAN_POINT('Ctrl Pts',(-1.76352265105837,-2.4108938659568,10.0000000539904));
#10240=CARTESIAN_POINT('Ctrl Pts',(-1.80197465765328,-2.37997519437891,
10.0000000552843));
#10241=CARTESIAN_POINT('Ctrl Pts',(-1.83959891375952,-2.34807309601473,
10.0000000328071));
#10242=CARTESIAN_POINT('Ctrl Pts',(-1.89412759491329,-2.30183751477363,
10.0000000002311));
#10243=CARTESIAN_POINT('Ctrl Pts',(-1.9469386886092,-2.25352105957017,9.99999999999999));
#10244=CARTESIAN_POINT('Ctrl Pts',(-1.99804312940319,-2.20315334750401,
9.99999999999999));
#10245=CARTESIAN_POINT('Ctrl Pts',(-2.04228466576324,-2.15954960328674,
9.99999999999999));
#10246=CARTESIAN_POINT('Ctrl Pts',(-2.08534901072754,-2.11429770867273,
9.99999999971143));
#10247=CARTESIAN_POINT('Ctrl Pts',(-2.12700637210249,-2.06762481608059,
9.99999999954055));
#10248=CARTESIAN_POINT('Ctrl Pts',(-2.17111368296237,-2.01820700097315,
9.99999999935962));
#10249=CARTESIAN_POINT('Ctrl Pts',(-2.21364290992739,-1.96719629726047,
9.99999999932486));
#10250=CARTESIAN_POINT('Ctrl Pts',(-2.25436612778266,-1.91490666020756,
9.9999999994823));
#10251=CARTESIAN_POINT('Ctrl Pts',(-2.29508934563794,-1.86261702315465,
9.99999999963975));
#10252=CARTESIAN_POINT('Ctrl Pts',(-2.33400625627953,-1.80904913449482,
10.));
#10253=CARTESIAN_POINT('Ctrl Pts',(-2.37093986626859,-1.75455283871908,
10.));
#10254=CARTESIAN_POINT('Ctrl Pts',(-2.41004968004555,-1.69684550981311,
10.));
#10255=CARTESIAN_POINT('Ctrl Pts',(-2.44707447994655,-1.63791011083739,
10.0000000003932));
#10256=CARTESIAN_POINT('Ctrl Pts',(-2.48203549756424,-1.57775198460185,
10.000000000567));
#10257=CARTESIAN_POINT('Ctrl Pts',(-2.51675427552282,-1.51801068502023,
10.0000000007396));
#10258=CARTESIAN_POINT('Ctrl Pts',(-2.54943801203094,-1.45706294031254,
10.0000000006869));
#10259=CARTESIAN_POINT('Ctrl Pts',(-2.58006116109442,-1.3948929217984,10.0000000004596));
#10260=CARTESIAN_POINT('Ctrl Pts',(-2.60434651144849,-1.34558967483301,
10.0000000002794));
#10261=CARTESIAN_POINT('Ctrl Pts',(-2.62733510486038,-1.29551721608274,
10.));
#10262=CARTESIAN_POINT('Ctrl Pts',(-2.64899157782337,-1.24466186608817,
10.));
#10263=CARTESIAN_POINT('Ctrl Pts',(-2.68487174653558,-1.16040536961978,
10.));
#10264=CARTESIAN_POINT('Ctrl Pts',(-2.7168529021186,-1.07454598245719,9.99999999977057));
#10265=CARTESIAN_POINT('Ctrl Pts',(-2.7446852418537,-0.987596052663273,
9.99999999974693));
#10266=CARTESIAN_POINT('Ctrl Pts',(-2.77219808677555,-0.901644244186015,
9.99999999972357));
#10267=CARTESIAN_POINT('Ctrl Pts',(-2.7956565612094,-0.814627576751774,
9.99999999991214));
#10268=CARTESIAN_POINT('Ctrl Pts',(-2.81486842414595,-0.727054016878698,
9.99999999998335));
#10269=CARTESIAN_POINT('Ctrl Pts',(-2.81763901134758,-0.714424831203852,
9.99999999999362));
#10270=CARTESIAN_POINT('Ctrl Pts',(-2.82032136889832,-0.701784074393144,
10.));
#10271=CARTESIAN_POINT('Ctrl Pts',(-2.82291501043387,-0.689133277763796,
10.));
#10272=CARTESIAN_POINT('Ctrl Pts',(-2.83421651036477,-0.634008860887714,
10.));
#10273=CARTESIAN_POINT('Ctrl Pts',(-2.84387914430017,-0.578471579485649,
10.0000000074899));
#10274=CARTESIAN_POINT('Ctrl Pts',(-2.85182867066712,-0.522616039954324,
10.000000046583));
#10275=CARTESIAN_POINT('Ctrl Pts',(-2.86694045396572,-0.416436530577236,
10.0000001208976));
#10276=CARTESIAN_POINT('Ctrl Pts',(-2.87589144302459,-0.308925909489115,
10.0000000506129));
#10277=CARTESIAN_POINT('Ctrl Pts',(-2.87868811047928,-0.200802159177933,
10.0000000163098));
#10278=CARTESIAN_POINT('Ctrl Pts',(-2.87946747106335,-0.170670800852684,
10.0000000067505));
#10279=CARTESIAN_POINT('Ctrl Pts',(-2.87976905182174,-0.140492094454246,
10.));
#10280=CARTESIAN_POINT('Ctrl Pts',(-2.879593367482,-0.110282187279036,10.));
#10281=CARTESIAN_POINT('Ctrl Pts',(-2.8791979415691,-0.0422864846392806,
10.));
#10282=CARTESIAN_POINT('Ctrl Pts',(-2.87639229283357,0.0253436990686899,
9.9999999994907));
#10283=CARTESIAN_POINT('Ctrl Pts',(-2.87126691285481,0.0926172307125245,
9.99999999929815));
#10284=CARTESIAN_POINT('Ctrl Pts',(-2.8660711961567,0.160813971861652,9.99999999910296));
#10285=CARTESIAN_POINT('Ctrl Pts',(-2.85849153578257,0.228644851788325,
9.99999999920416));
#10286=CARTESIAN_POINT('Ctrl Pts',(-2.84856854483035,0.296118057835258,
9.99999999946555));
#10287=CARTESIAN_POINT('Ctrl Pts',(-2.84011556448312,0.353595655812084,
9.99999999968822));
#10288=CARTESIAN_POINT('Ctrl Pts',(-2.82996116367568,0.410813909546478,
9.99999999999999));
#10289=CARTESIAN_POINT('Ctrl Pts',(-2.81810123952937,0.4677719120118,9.99999999999999));
#10290=CARTESIAN_POINT('Ctrl Pts',(-2.80500576820482,0.5306637044707,9.99999999999999));
#10291=CARTESIAN_POINT('Ctrl Pts',(-2.78977980775234,0.593448761713662,
10.0000000002949));
#10292=CARTESIAN_POINT('Ctrl Pts',(-2.77245712978956,0.655766058294026,
10.0000000003988));
#10293=CARTESIAN_POINT('Ctrl Pts',(-2.75498241532686,0.718630297077926,
10.0000000005036));
#10294=CARTESIAN_POINT('Ctrl Pts',(-2.73537407919833,0.781017855681119,
10.0000000004435));
#10295=CARTESIAN_POINT('Ctrl Pts',(-2.71371940431764,0.842568815390983,
10.0000000003097));
#10296=CARTESIAN_POINT('Ctrl Pts',(-2.69206472943694,0.904119775100848,
10.0000000001759));
#10297=CARTESIAN_POINT('Ctrl Pts',(-2.66836391201331,0.964833477212055,
9.99999999999999));
#10298=CARTESIAN_POINT('Ctrl Pts',(-2.6427545545695,1.02437068099259,9.99999999999999));
#10299=CARTESIAN_POINT('Ctrl Pts',(-2.61522681240287,1.08836778824481,9.99999999999999));
#10300=CARTESIAN_POINT('Ctrl Pts',(-2.58542810995352,1.15118265173751,10.0000000020737));
#10301=CARTESIAN_POINT('Ctrl Pts',(-2.55333290583165,1.21276787133663,10.0000000036157));
#10302=CARTESIAN_POINT('Ctrl Pts',(-2.52192514504671,1.27303400448577,10.0000000051246));
#10303=CARTESIAN_POINT('Ctrl Pts',(-2.4883179026939,1.33212312573289,10.0000000060965));
#10304=CARTESIAN_POINT('Ctrl Pts',(-2.45244728843968,1.38996134262676,10.0000000045537));
#10305=CARTESIAN_POINT('Ctrl Pts',(-2.4385327197276,1.41239736330516,10.0000000039553));
#10306=CARTESIAN_POINT('Ctrl Pts',(-2.42427716318821,1.43464479503173,10.0000000029857));
#10307=CARTESIAN_POINT('Ctrl Pts',(-2.40967535991082,1.45669783260448,10.0000000015626));
#10308=CARTESIAN_POINT('Ctrl Pts',(-2.39334047690629,1.48136833266548,9.99999999997055));
#10309=CARTESIAN_POINT('Ctrl Pts',(-2.37656024509817,1.50581568446611,9.99999999999999));
#10310=CARTESIAN_POINT('Ctrl Pts',(-2.35933526021822,1.53003774929065,9.99999999999999));
#10311=CARTESIAN_POINT('Ctrl Pts',(-2.31049087765382,1.59872354547768,9.99999999999999));
#10312=CARTESIAN_POINT('Ctrl Pts',(-2.25823888597955,1.66535135848089,9.99999999964935));
#10313=CARTESIAN_POINT('Ctrl Pts',(-2.20291952069177,1.72957246447943,9.99999999960259));
#10314=CARTESIAN_POINT('Ctrl Pts',(-2.14613706733749,1.79549209202308,9.99999999955458));
#10315=CARTESIAN_POINT('Ctrl Pts',(-2.08612329670701,1.85887545649918,9.99999999979052));
#10316=CARTESIAN_POINT('Ctrl Pts',(-2.02329421987416,1.91937137098369,9.99999999993277));
#10317=CARTESIAN_POINT('Ctrl Pts',(-2.00587837411563,1.93614047804039,9.9999999999722));
#10318=CARTESIAN_POINT('Ctrl Pts',(-1.98824646396321,1.95268790186399,10.));
#10319=CARTESIAN_POINT('Ctrl Pts',(-1.9704079014426,1.96900659478243,10.));
#10320=CARTESIAN_POINT('Ctrl Pts',(-1.97040790144258,1.96900659478243,10.));
#10321=CARTESIAN_POINT('Ctrl Pts',(-1.65142346020784,2.2859944959705,9.98718030967279));
#10322=CARTESIAN_POINT('Ctrl Pts',(-1.25593506356888,2.52876207271947,9.97436077565654));
#10323=CARTESIAN_POINT('Ctrl Pts',(-0.18961372570665,2.86104111430018,9.94230463844329));
#10324=CARTESIAN_POINT('Ctrl Pts',(0.533148620703671,2.81730028763945,9.92307545568312));
#10325=CARTESIAN_POINT('Ctrl Pts',(1.7552388259163,2.26728140272663,9.88461661874241));
#10326=CARTESIAN_POINT('Ctrl Pts',(2.26721638103069,1.75538289249949,9.86538337292656));
#10327=CARTESIAN_POINT('Ctrl Pts',(2.81736530933538,0.533004554120477,9.8269245526479));
#10328=CARTESIAN_POINT('Ctrl Pts',(2.86162361366113,-0.187744406483227,
9.80774136149857));
#10329=CARTESIAN_POINT('Ctrl Pts',(2.66167248669124,-0.829410387898731,
9.78846156320383));
#10330=CARTESIAN_POINT('',(3.00632421036876,-0.93683167137146,9.53921305410686));
#10331=CARTESIAN_POINT('',(2.66167248669124,-0.829410387898731,9.78846156320383));
#10332=CARTESIAN_POINT('Ctrl Pts',(3.00633088580177,-0.936810249424959,
9.53921362121279));
#10333=CARTESIAN_POINT('Ctrl Pts',(3.04601695398473,-0.808800580928616,
9.54273493995938));
#10334=CARTESIAN_POINT('Ctrl Pts',(3.07736177665692,-0.678326628710479,
9.54613264441221));
#10335=CARTESIAN_POINT('Ctrl Pts',(3.10033809921348,-0.546359593251239,
9.54946322562412));
#10336=CARTESIAN_POINT('Ctrl Pts',(3.12357594931948,-0.412890445549948,
9.55283171711259));
#10337=CARTESIAN_POINT('Ctrl Pts',(3.13825281801659,-0.27789393408864,9.55613154907858));
#10338=CARTESIAN_POINT('Ctrl Pts',(3.14432442445518,-0.142426359644019,
9.55942117433201));
#10339=CARTESIAN_POINT('Ctrl Pts',(3.15040710647023,-0.00671167078350771,
9.56271680038547));
#10340=CARTESIAN_POINT('Ctrl Pts',(3.14785215471175,0.129475774084078,9.56600218271143));
#10341=CARTESIAN_POINT('Ctrl Pts',(3.13661289478208,0.265022019649278,9.56933609970219));
#10342=CARTESIAN_POINT('Ctrl Pts',(3.12820901748813,0.366373356170969,9.57182895327741));
#10343=CARTESIAN_POINT('Ctrl Pts',(3.11494967506269,0.467365123059523,9.57434894231286));
#10344=CARTESIAN_POINT('Ctrl Pts',(3.09681940347751,0.567512986869252,9.57692064011616));
#10345=CARTESIAN_POINT('Origin',(0.,4.33680868994202E-16,10.));
#10346=CARTESIAN_POINT('',(-3.85763741731416E-16,-3.15,10.));
#10347=CARTESIAN_POINT('Origin',(0.,4.33680868994202E-16,10.));
#10348=CARTESIAN_POINT('Origin',(0.,4.33680868994202E-16,10.));
#10349=CARTESIAN_POINT('',(-3.2146978477618E-16,-2.625,10.55125));
#10350=CARTESIAN_POINT('',(-3.85763741731416E-16,-3.15,10.));
#10351=CARTESIAN_POINT('Origin',(0.,4.33680868994202E-16,10.55125));
#10352=CARTESIAN_POINT('Origin',(0.,0.,1.));
#10353=CARTESIAN_POINT('',(-3.85763741731416E-16,3.15,1.5));
#10354=CARTESIAN_POINT('Origin',(0.,0.,1.5));
#10355=CARTESIAN_POINT('',(0.,2.625,1.));
#10356=CARTESIAN_POINT('',(-3.2146978477618E-16,2.625,1.));
#10357=CARTESIAN_POINT('',(-3.2146978477618E-16,-2.625,1.));
#10358=CARTESIAN_POINT('Origin',(0.,0.,1.));
#10359=CARTESIAN_POINT('Origin',(0.,0.,1.));
#10360=CARTESIAN_POINT('Origin',(0.,0.,1.5));
#10361=CARTESIAN_POINT('Origin',(0.,0.,0.));
#10362=CARTESIAN_POINT('',(-3.2146978477618E-16,-2.625,1.6073489238809E-16));
#10363=CARTESIAN_POINT('Origin',(0.,0.,0.));
#10364=CARTESIAN_POINT('',(-3.2146978477618E-16,-2.625,1.6073489238809E-16));
#10365=CARTESIAN_POINT('Origin',(0.,0.,0.));
#10366=CARTESIAN_POINT('Origin',(0.4,4.33680868994202E-16,8.59717132528873));
#10367=CARTESIAN_POINT('',(-4.89858719658941E-17,-0.4,8.59717132528873));
#10368=CARTESIAN_POINT('Origin',(0.,4.33680868994202E-16,8.59717132528873));
#10369=CARTESIAN_POINT('Origin',(0.,0.,0.));
#10370=CARTESIAN_POINT('',(-4.89858719658941E-17,-0.4,9.42932194471359));
#10371=CARTESIAN_POINT('Origin',(0.,4.33680868994202E-16,9.42932194471359));
#10372=CARTESIAN_POINT('',(-4.89858719658941E-17,-0.4,2.44929359829471E-17));
#10373=CARTESIAN_POINT('Origin',(0.5,4.33680868994202E-16,9.42932194471359));
#10374=CARTESIAN_POINT('',(-6.12323399573677E-17,-0.499999999999999,9.42932194471359));
#10375=CARTESIAN_POINT('Origin',(0.,4.33680868994202E-16,9.42932194471359));
#10376=CARTESIAN_POINT('Origin',(0.,0.,0.));
#10377=CARTESIAN_POINT('',(-3.2146978477618E-16,-2.625,11.5));
#10378=CARTESIAN_POINT('',(-3.2146978477618E-16,-2.625,1.6073489238809E-16));
#10379=CARTESIAN_POINT('Origin',(0.,8.67361737988404E-16,11.5));
#10380=CARTESIAN_POINT('Origin',(2.625,8.67361737988404E-16,11.5));
#10381=CARTESIAN_POINT('',(-2.81766207988542E-16,-2.30079569215155,11.5));
#10382=CARTESIAN_POINT('Origin',(0.,8.67361737988404E-16,11.5));
#10383=CARTESIAN_POINT('Origin',(0.,0.,0.));
#10384=CARTESIAN_POINT('',(-2.81766207988542E-16,-2.30079569215155,9.42932194471359));
#10385=CARTESIAN_POINT('',(-2.81766207988542E-16,-2.30079569215155,1.40883103994271E-16));
#10386=CARTESIAN_POINT('Origin',(0.,4.33680868994202E-16,9.42932194471359));
#10387=CARTESIAN_POINT('Origin',(2.30079569215155,4.33680868994202E-16,
9.42932194471359));
#10388=CARTESIAN_POINT('',(-2.58998382192627E-16,-2.11488228583908,9.42932194471359));
#10389=CARTESIAN_POINT('Origin',(0.,4.33680868994202E-16,9.42932194471359));
#10390=CARTESIAN_POINT('Origin',(0.,0.,0.));
#10391=CARTESIAN_POINT('',(-2.58998382192627E-16,-2.11488228583908,9.39858643710613));
#10392=CARTESIAN_POINT('',(-2.58998382192627E-16,-2.11488228583908,1.29499191096313E-16));
#10393=CARTESIAN_POINT('Origin',(0.,4.33680868994202E-16,9.39858643710613));
#10394=CARTESIAN_POINT('Origin',(2.11488228583908,4.33680868994202E-16,
9.39858643710613));
#10395=CARTESIAN_POINT('',(-6.12323399573677E-17,-0.499999999999999,9.39858643710613));
#10396=CARTESIAN_POINT('Origin',(0.,4.33680868994202E-16,9.39858643710613));
#10397=CARTESIAN_POINT('Origin',(0.,0.,0.));
#10398=CARTESIAN_POINT('',(-6.12323399573677E-17,-0.5,3.06161699786838E-17));
#10399=CARTESIAN_POINT('Origin',(0.,9.18485099360514E-17,1.5));
#10400=CARTESIAN_POINT('',(-1.96924951323709,1.97050004860518,1.5000000000171));
#10401=CARTESIAN_POINT('Ctrl Pts',(-1.96924951323981,1.97050004860812,1.50000000001435));
#10402=CARTESIAN_POINT('Ctrl Pts',(-2.01807301852804,1.92529707345347,1.50000000001435));
#10403=CARTESIAN_POINT('Ctrl Pts',(-2.06503994718083,1.87862888312907,1.49999999062601));
#10404=CARTESIAN_POINT('Ctrl Pts',(-2.11020865639963,1.83055906618412,1.49999998688271));
#10405=CARTESIAN_POINT('Ctrl Pts',(-2.15601601888577,1.78180957638193,1.49999998308648));
#10406=CARTESIAN_POINT('Ctrl Pts',(-2.19997443976626,1.73161810247208,1.49999998455008));
#10407=CARTESIAN_POINT('Ctrl Pts',(-2.24211509888426,1.68000612661385,1.4999999892157));
#10408=CARTESIAN_POINT('Ctrl Pts',(-2.28091104503963,1.63249060411666,1.499999993511));
#10409=CARTESIAN_POINT('Ctrl Pts',(-2.31816627450889,1.58377033855669,1.5));
#10410=CARTESIAN_POINT('Ctrl Pts',(-2.35387795471204,1.53383405828393,1.5));
#10411=CARTESIAN_POINT('Ctrl Pts',(-2.39123110543974,1.48160248045847,1.5));
#10412=CARTESIAN_POINT('Ctrl Pts',(-2.42701514666254,1.42786007716742,1.49999999663813));
#10413=CARTESIAN_POINT('Ctrl Pts',(-2.46098396213189,1.37286623129765,1.49999999415218));
#10414=CARTESIAN_POINT('Ctrl Pts',(-2.49526760334245,1.31736269799696,1.49999999164319));
#10415=CARTESIAN_POINT('Ctrl Pts',(-2.52770166564067,1.2605848426563,1.49999999056304));
#10416=CARTESIAN_POINT('Ctrl Pts',(-2.55807746570526,1.20283058773166,1.49999999252293));
#10417=CARTESIAN_POINT('Ctrl Pts',(-2.58845326576985,1.14507633280702,1.49999999448283));
#10418=CARTESIAN_POINT('Ctrl Pts',(-2.61677036503197,1.08634618494186,1.5));
#10419=CARTESIAN_POINT('Ctrl Pts',(-2.64287157927034,1.02696207612552,1.5));
#10420=CARTESIAN_POINT('Ctrl Pts',(-2.66905352334605,0.9673942950324,1.5));
#10421=CARTESIAN_POINT('Ctrl Pts',(-2.6930609692885,0.907062364153753,1.4999999479224));
#10422=CARTESIAN_POINT('Ctrl Pts',(-2.71485666252847,0.845983241295163,
1.50000015791637));
#10423=CARTESIAN_POINT('Ctrl Pts',(-2.73899684465713,0.778334044096789,
1.50000039049867));
#10424=CARTESIAN_POINT('Ctrl Pts',(-2.76043895033263,0.709674489111467,
1.50000031360253));
#10425=CARTESIAN_POINT('Ctrl Pts',(-2.77922956242941,0.640072944988991,
1.5000002006809));
#10426=CARTESIAN_POINT('Ctrl Pts',(-2.7940580431282,0.585147371074189,1.50000011156958));
#10427=CARTESIAN_POINT('Ctrl Pts',(-2.80723436122801,0.529634565931204,
1.5));
#10428=CARTESIAN_POINT('Ctrl Pts',(-2.81875956952314,0.473561363739851,
1.5));
#10429=CARTESIAN_POINT('Ctrl Pts',(-2.84134975901815,0.363654086521237,
1.5));
#10430=CARTESIAN_POINT('Ctrl Pts',(-2.85738646081686,0.252587032922709,
1.49999999979509));
#10431=CARTESIAN_POINT('Ctrl Pts',(-2.86702937272008,0.141252973697275,
1.49999999983347));
#10432=CARTESIAN_POINT('Ctrl Pts',(-2.87416909734293,0.0588199356283659,
1.49999999986189));
#10433=CARTESIAN_POINT('Ctrl Pts',(-2.8778039411672,-0.0237604669721113,
1.5));
#10434=CARTESIAN_POINT('Ctrl Pts',(-2.87800300959483,-0.106143811728882,
1.5));
#10435=CARTESIAN_POINT('Ctrl Pts',(-2.87818001003953,-0.179394446352207,
1.5));
#10436=CARTESIAN_POINT('Ctrl Pts',(-2.87563786804151,-0.252978646317893,
1.50000000018689));
#10437=CARTESIAN_POINT('Ctrl Pts',(-2.87034336097275,-0.326493116264096,
1.5000000002366));
#10438=CARTESIAN_POINT('Ctrl Pts',(-2.86508221569151,-0.399544356282565,
1.500000000286));
#10439=CARTESIAN_POINT('Ctrl Pts',(-2.85710329102166,-0.472526031214544,
1.50000000021779));
#10440=CARTESIAN_POINT('Ctrl Pts',(-2.84642512477841,-0.545042782238618,
1.50000000012467));
#10441=CARTESIAN_POINT('Ctrl Pts',(-2.83944064515538,-0.592475249416803,
1.50000000006377));
#10442=CARTESIAN_POINT('Ctrl Pts',(-2.8313023849427,-0.639708837888573,
1.5));
#10443=CARTESIAN_POINT('Ctrl Pts',(-2.82202741656255,-0.686635186691779,
1.5));
#10444=CARTESIAN_POINT('Ctrl Pts',(-2.80820192406762,-0.75658473871196,
1.5));
#10445=CARTESIAN_POINT('Ctrl Pts',(-2.79188026685978,-0.825733424502267,
1.50000000448585));
#10446=CARTESIAN_POINT('Ctrl Pts',(-2.77306847510584,-0.89406656365229,
1.50000000838731));
#10447=CARTESIAN_POINT('Ctrl Pts',(-2.75443806516032,-0.961740840078548,
1.50000001225116));
#10448=CARTESIAN_POINT('Ctrl Pts',(-2.73336521955807,-1.02861586789769,
1.50000001552495));
#10449=CARTESIAN_POINT('Ctrl Pts',(-2.70980558828955,-1.09467033960354,
1.50000001303395));
#10450=CARTESIAN_POINT('Ctrl Pts',(-2.69703569146687,-1.13047348010039,
1.50000001168377));
#10451=CARTESIAN_POINT('Ctrl Pts',(-2.68353433836139,-1.16603536971246,
1.5000000086371));
#10452=CARTESIAN_POINT('Ctrl Pts',(-2.66928831752637,-1.20135072051456,
1.50000000306505));
#10453=CARTESIAN_POINT('Ctrl Pts',(-2.66394113662665,-1.21460618121216,
1.50000000097361));
#10454=CARTESIAN_POINT('Ctrl Pts',(-2.6584879654724,-1.22782908410039,1.5));
#10455=CARTESIAN_POINT('Ctrl Pts',(-2.65292904926186,-1.24101945133992,
1.5));
#10456=CARTESIAN_POINT('Ctrl Pts',(-2.62859004304693,-1.29877179335429,
1.5));
#10457=CARTESIAN_POINT('Ctrl Pts',(-2.60218609453278,-1.35597845416961,
1.49999999966539));
#10458=CARTESIAN_POINT('Ctrl Pts',(-2.57386741877223,-1.41234739808758,
1.49999999952409));
#10459=CARTESIAN_POINT('Ctrl Pts',(-2.54423077894969,-1.47133977831747,
1.49999999937621));
#10460=CARTESIAN_POINT('Ctrl Pts',(-2.51249704841513,-1.52941394800618,
1.49999999941901));
#10461=CARTESIAN_POINT('Ctrl Pts',(-2.47889382306166,-1.5862594131446,1.49999999958195));
#10462=CARTESIAN_POINT('Ctrl Pts',(-2.44529059770818,-1.64310487828302,
1.49999999974489));
#10463=CARTESIAN_POINT('Ctrl Pts',(-2.40981837918427,-1.69872111861137,
1.5));
#10464=CARTESIAN_POINT('Ctrl Pts',(-2.37275438838377,-1.75283045589479,
1.5));
#10465=CARTESIAN_POINT('Ctrl Pts',(-2.33317392065435,-1.8106135718505,1.5));
#10466=CARTESIAN_POINT('Ctrl Pts',(-2.29163573451282,-1.8669037077983,1.50000000009377));
#10467=CARTESIAN_POINT('Ctrl Pts',(-2.24817293921138,-1.9217237844157,1.50000000010424));
#10468=CARTESIAN_POINT('Ctrl Pts',(-2.20462573133766,-1.97665033149013,
1.50000000011474));
#10469=CARTESIAN_POINT('Ctrl Pts',(-2.15914602338657,-2.03010161625496,
1.50000000006697));
#10470=CARTESIAN_POINT('Ctrl Pts',(-2.11172377349799,-2.08207189382511,
1.50000000003388));
#10471=CARTESIAN_POINT('Ctrl Pts',(-2.07548397571234,-2.12178726697657,
1.50000000000859));
#10472=CARTESIAN_POINT('Ctrl Pts',(-2.03810882757911,-2.16063722719428,
1.5));
#10473=CARTESIAN_POINT('Ctrl Pts',(-1.999578998656,-2.19860502371624,1.5));
#10474=CARTESIAN_POINT('Ctrl Pts',(-1.92305158006137,-2.27401614125195,
1.5));
#10475=CARTESIAN_POINT('Ctrl Pts',(-1.84282442056359,-2.34510070780148,
1.50000000022063));
#10476=CARTESIAN_POINT('Ctrl Pts',(-1.7593412810387,-2.41154684636962,1.50000000018747));
#10477=CARTESIAN_POINT('Ctrl Pts',(-1.69089599559779,-2.46602401321584,
1.50000000016028));
#10478=CARTESIAN_POINT('Ctrl Pts',(-1.62026084240817,-2.51738347923682,
1.5));
#10479=CARTESIAN_POINT('Ctrl Pts',(-1.5476546550654,-2.56544960657393,1.5));
#10480=CARTESIAN_POINT('Ctrl Pts',(-1.4790702024189,-2.6108532994946,1.5));
#10481=CARTESIAN_POINT('Ctrl Pts',(-1.40832112768112,-2.65358053547537,
1.50000001930618));
#10482=CARTESIAN_POINT('Ctrl Pts',(-1.3357038017057,-2.69328692729618,1.50000002350394));
#10483=CARTESIAN_POINT('Ctrl Pts',(-1.30272567192621,-2.71131902259785,
1.50000002541029));
#10484=CARTESIAN_POINT('Ctrl Pts',(-1.26936269335124,-2.72872863132508,
1.50000002420494));
#10485=CARTESIAN_POINT('Ctrl Pts',(-1.23564473156748,-2.74548638483615,
1.50000001669736));
#10486=CARTESIAN_POINT('Ctrl Pts',(-1.16913982714119,-2.77853917737448,
1.50000000188948));
#10487=CARTESIAN_POINT('Ctrl Pts',(-1.10124179922285,-2.80905956000655,
1.5));
#10488=CARTESIAN_POINT('Ctrl Pts',(-1.03226697335824,-2.83697489452673,
1.5));
#10489=CARTESIAN_POINT('Ctrl Pts',(-0.967171290389539,-2.86332027116397,
1.5));
#10490=CARTESIAN_POINT('Ctrl Pts',(-0.901439244579758,-2.88722222186883,
1.49999999999072));
#10491=CARTESIAN_POINT('Ctrl Pts',(-0.83510723333358,-2.90877938641771,
1.50000000000256));
#10492=CARTESIAN_POINT('Ctrl Pts',(-0.767500781850299,-2.93075072984316,
1.50000000001463));
#10493=CARTESIAN_POINT('Ctrl Pts',(-0.699270538827812,-2.95028651527708,
1.50000000003376));
#10494=CARTESIAN_POINT('Ctrl Pts',(-0.630428424750372,-2.96744376455018,
1.50000000002705));
#10495=CARTESIAN_POINT('Ctrl Pts',(-0.579059288902225,-2.98024629219626,
1.50000000002204));
#10496=CARTESIAN_POINT('Ctrl Pts',(-0.527348862967702,-2.99172348847776,
1.5));
#10497=CARTESIAN_POINT('Ctrl Pts',(-0.47529553101809,-3.00188136135188,
1.5));
#10498=CARTESIAN_POINT('Ctrl Pts',(-0.410799703996907,-3.01446730709742,
1.5));
#10499=CARTESIAN_POINT('Ctrl Pts',(-0.345584600157701,-3.02505897394125,
1.49999999972001));
#10500=CARTESIAN_POINT('Ctrl Pts',(-0.279986875099213,-3.03357475948581,
1.49999999956523));
#10501=CARTESIAN_POINT('Ctrl Pts',(-0.21447433813894,-3.04207948605578,
1.49999999941066));
#10502=CARTESIAN_POINT('Ctrl Pts',(-0.148580750173849,-3.04851362213625,
1.49999999939528));
#10503=CARTESIAN_POINT('Ctrl Pts',(-0.0826510159861506,-3.05284685526202,
1.49999999954828));
#10504=CARTESIAN_POINT('Ctrl Pts',(-0.0198570457104546,-3.05697399024064,
1.49999999969401));
#10505=CARTESIAN_POINT('Ctrl Pts',(0.0429692218995346,-3.05919563667281,
1.5));
#10506=CARTESIAN_POINT('Ctrl Pts',(0.10552891860487,-3.0595295913378,1.5));
#10507=CARTESIAN_POINT('Ctrl Pts',(0.178991876114258,-3.05992174952681,
1.5));
#10508=CARTESIAN_POINT('Ctrl Pts',(0.252260995556759,-3.05772108014901,
1.50000000030424));
#10509=CARTESIAN_POINT('Ctrl Pts',(0.325332997499205,-3.05293126810287,
1.50000000042554));
#10510=CARTESIAN_POINT('Ctrl Pts',(0.397751908330962,-3.0481842656635,1.50000000054576));
#10511=CARTESIAN_POINT('Ctrl Pts',(0.469977827542774,-3.04089420245999,
1.50000000047212));
#10512=CARTESIAN_POINT('Ctrl Pts',(0.542008801677665,-3.03101393727769,
1.5000000002841));
#10513=CARTESIAN_POINT('Ctrl Pts',(0.589243629846099,-3.02453488248564,
1.50000000016081));
#10514=CARTESIAN_POINT('Ctrl Pts',(0.636394634637166,-3.01694096573457,
1.5));
#10515=CARTESIAN_POINT('Ctrl Pts',(0.683459639913947,-3.00820678942109,
1.5));
#10516=CARTESIAN_POINT('Ctrl Pts',(0.750306733602234,-2.99580151508013,
1.5));
#10517=CARTESIAN_POINT('Ctrl Pts',(0.816933512399722,-2.98109863519715,
1.49999998877474));
#10518=CARTESIAN_POINT('Ctrl Pts',(0.883003480035512,-2.96410763648223,
1.50000000980394));
#10519=CARTESIAN_POINT('Ctrl Pts',(0.895543563308908,-2.96088274404763,
1.50000001379529));
#10520=CARTESIAN_POINT('Ctrl Pts',(0.908063614377018,-2.95757557273988,
1.50000001894624));
#10521=CARTESIAN_POINT('Ctrl Pts',(0.920561375520801,-2.95418639708844,
1.50000002555067));
#10522=CARTESIAN_POINT('Ctrl Pts',(0.987070537191105,-2.93615026815807,
1.50000006069736));
#10523=CARTESIAN_POINT('Ctrl Pts',(1.05291631272253,-2.91579742754768,1.50000004413243));
#10524=CARTESIAN_POINT('Ctrl Pts',(1.11779057152796,-2.89330731813446,1.50000002541266));
#10525=CARTESIAN_POINT('Ctrl Pts',(1.16026121119617,-2.87858392320748,1.50000001315756));
#10526=CARTESIAN_POINT('Ctrl Pts',(1.20231580359701,-2.86294559148254,1.5));
#10527=CARTESIAN_POINT('Ctrl Pts',(1.24387289746235,-2.84645365366301,1.5));
#10528=CARTESIAN_POINT('Ctrl Pts',(1.43111120974496,-2.77214810636935,1.5));
#10529=CARTESIAN_POINT('Ctrl Pts',(1.61166238319678,-2.67918231052241,1.49999999975027));
#10530=CARTESIAN_POINT('Ctrl Pts',(1.78235549992039,-2.56957074428626,1.4999999997816));
#10531=CARTESIAN_POINT('Ctrl Pts',(1.93950667415052,-2.46865521427629,1.49999999981044));
#10532=CARTESIAN_POINT('Ctrl Pts',(2.08830277065124,-2.35362915273165,1.50000000000004));
#10533=CARTESIAN_POINT('Ctrl Pts',(2.22625016029013,-2.22603056060142,1.50000000000004));
#10534=CARTESIAN_POINT('Origin',(-0.454187691045108,0.440455766773108,1.50000235241852));
#10535=CARTESIAN_POINT('Ctrl Pts',(2.22738636073762,-2.22738636073762,10.5));
#10536=CARTESIAN_POINT('Ctrl Pts',(1.68800187542206,-2.76677083346551,10.4807336220423));
#10537=CARTESIAN_POINT('Ctrl Pts',(0.950057715196661,-3.09828948951543,
10.4615402742039));
#10538=CARTESIAN_POINT('Ctrl Pts',(-0.569670388410631,-3.19021633314392,
10.4230753224835));
#10539=CARTESIAN_POINT('Ctrl Pts',(-1.34341029457459,-2.94911391064444,
10.4038486744832));
#10540=CARTESIAN_POINT('Ctrl Pts',(-2.54192007142663,-2.01014086674186,
10.3653819533641));
#10541=CARTESIAN_POINT('Ctrl Pts',(-2.96119591611372,-1.31651799158212,
10.346150228146));
#10542=CARTESIAN_POINT('Ctrl Pts',(-3.2356098675093,0.180913271595368,10.3076957701949));
#10543=CARTESIAN_POINT('Ctrl Pts',(-3.08952759679265,0.978161120248968,
10.2884620634609));
#10544=CARTESIAN_POINT('Ctrl Pts',(-2.30189610752462,2.2810643154222,10.2499997224123));
#10545=CARTESIAN_POINT('Ctrl Pts',(-1.66393518670891,2.78089059938322,10.230772235149));
#10546=CARTESIAN_POINT('Ctrl Pts',(-0.210333429235784,3.23385105386215,
10.1923046384433));
#10547=CARTESIAN_POINT('Ctrl Pts',(0.598652117980863,3.18489568493696,10.1730754556831));
#10548=CARTESIAN_POINT('Ctrl Pts',(1.9869513630581,2.56007208162529,10.1346166187424));
#10549=CARTESIAN_POINT('Ctrl Pts',(2.56007198352703,1.98695104824862,10.1153833729266));
#10550=CARTESIAN_POINT('Ctrl Pts',(3.18489578303522,0.59865243279033,10.0769245526479));
#10551=CARTESIAN_POINT('Ctrl Pts',(3.23429956494441,-0.208894087102497,
10.057733414555));
#10552=CARTESIAN_POINT('Ctrl Pts',(3.00737082662268,-0.937134307972349,
10.0384615632038));
#10553=CARTESIAN_POINT('Ctrl Pts',(1.97134751096344,-1.97134751096344,10.25));
#10554=CARTESIAN_POINT('Ctrl Pts',(1.49607545882545,-2.44661955437297,10.2307256950295));
#10555=CARTESIAN_POINT('Ctrl Pts',(0.837398632417488,-2.7423486540136,10.2115402742039));
#10556=CARTESIAN_POINT('Ctrl Pts',(-0.500736963351084,-2.82329120070527,
10.1730753224835));
#10557=CARTESIAN_POINT('Ctrl Pts',(-1.19183812548928,-2.60787678796816,
10.1538486744832));
#10558=CARTESIAN_POINT('Ctrl Pts',(-2.24687214108103,-1.78130989915711,
10.1153819533641));
#10559=CARTESIAN_POINT('Ctrl Pts',(-2.62146091828141,-1.16160671783724,
10.096150228146));
#10560=CARTESIAN_POINT('Ctrl Pts',(-2.86301984931365,0.156540161964626,
10.0576957701949));
#10561=CARTESIAN_POINT('Ctrl Pts',(-2.73250766491748,0.868827159651899,
10.0384620634609));
#10562=CARTESIAN_POINT('Ctrl Pts',(-2.03916997817241,2.0157491597215,9.99999972241226));
#10563=CARTESIAN_POINT('Ctrl Pts',(-1.46920705009081,2.4623038590823,9.98077223514904));
#10564=CARTESIAN_POINT('Ctrl Pts',(-0.18961372570665,2.86104111430018,9.94230463844329));
#10565=CARTESIAN_POINT('Ctrl Pts',(0.533148620703671,2.81730028763945,9.92307545568312));
#10566=CARTESIAN_POINT('Ctrl Pts',(1.7552388259163,2.26728140272663,9.88461661874241));
#10567=CARTESIAN_POINT('Ctrl Pts',(2.26721638103069,1.75538289249949,9.86538337292656));
#10568=CARTESIAN_POINT('Ctrl Pts',(2.81736530933538,0.533004554120477,9.8269245526479));
#10569=CARTESIAN_POINT('Ctrl Pts',(2.86162361366113,-0.187744406483227,
9.80774136149857));
#10570=CARTESIAN_POINT('Ctrl Pts',(2.66167248669124,-0.829410387898731,
9.78846156320383));
#10571=CARTESIAN_POINT('Ctrl Pts',(-1.97040790144258,1.96900659478242,10.));
#10572=CARTESIAN_POINT('Ctrl Pts',(-1.92121538557083,2.02210771612669,10.));
#10573=CARTESIAN_POINT('Ctrl Pts',(-1.87021462846889,2.07309945058498,10.0000000000578));
#10574=CARTESIAN_POINT('Ctrl Pts',(-1.81753052852381,2.12198859002102,9.99999999989908));
#10575=CARTESIAN_POINT('Ctrl Pts',(-1.7637117222384,2.17193070021198,9.99999999973698));
#10576=CARTESIAN_POINT('Ctrl Pts',(-1.7081358459187,2.21967924767415,9.99999999938595));
#10577=CARTESIAN_POINT('Ctrl Pts',(-1.65088921711951,2.26521436803,9.99999999909352));
#10578=CARTESIAN_POINT('Ctrl Pts',(-1.59353723633435,2.31083328747519,9.99999999880055));
#10579=CARTESIAN_POINT('Ctrl Pts',(-1.53450778571253,2.35423114661396,9.99999999860534));
#10580=CARTESIAN_POINT('Ctrl Pts',(-1.47384893692836,2.39535286627424,9.99999999871618));
#10581=CARTESIAN_POINT('Ctrl Pts',(-1.41394540677463,2.43596254191131,9.99999999882565));
#10582=CARTESIAN_POINT('Ctrl Pts',(-1.35245222176962,2.47435283768694,9.99999999926955));
#10583=CARTESIAN_POINT('Ctrl Pts',(-1.28938657397217,2.51042959355105,9.99999999965406));
#10584=CARTESIAN_POINT('Ctrl Pts',(-1.25886927869037,2.52788703749979,9.99999999984012));
#10585=CARTESIAN_POINT('Ctrl Pts',(-1.22798339702214,2.54480209288476,10.));
#10586=CARTESIAN_POINT('Ctrl Pts',(-1.19672898604584,2.56116010038372,10.));
#10587=CARTESIAN_POINT('Ctrl Pts',(-1.13140765751849,2.59534813172121,10.));
#10588=CARTESIAN_POINT('Ctrl Pts',(-1.0650768134007,2.6267923935766,10.0000000363548));
#10589=CARTESIAN_POINT('Ctrl Pts',(-0.997792172913068,2.65546622369606,
10.000000052291));
#10590=CARTESIAN_POINT('Ctrl Pts',(-0.947714309186271,2.67680726300075,
10.0000000641519));
#10591=CARTESIAN_POINT('Ctrl Pts',(-0.897107279405339,2.69661295338812,
10.0000000647029));
#10592=CARTESIAN_POINT('Ctrl Pts',(-0.845983322401151,2.71485692280686,
10.0000000303102));
#10593=CARTESIAN_POINT('Ctrl Pts',(-0.813089724242183,2.72659525125502,
10.0000000081816));
#10594=CARTESIAN_POINT('Ctrl Pts',(-0.779955723914555,2.7376949359989,10.));
#10595=CARTESIAN_POINT('Ctrl Pts',(-0.746590342201378,2.74816264357127,
10.));
#10596=CARTESIAN_POINT('Ctrl Pts',(-0.683831653712452,2.76785190126881,
10.));
#10597=CARTESIAN_POINT('Ctrl Pts',(-0.620054777494606,2.78536230961459,
9.99999999968033));
#10598=CARTESIAN_POINT('Ctrl Pts',(-0.55560089990111,2.80062041604907,9.9999999996048));
#10599=CARTESIAN_POINT('Ctrl Pts',(-0.490396513430876,2.8160561897512,9.99999999952838));
#10600=CARTESIAN_POINT('Ctrl Pts',(-0.42449989528567,2.8291867735431,9.99999999968707));
#10601=CARTESIAN_POINT('Ctrl Pts',(-0.358279674529087,2.83998712235383,
9.9999999998555));
#10602=CARTESIAN_POINT('Ctrl Pts',(-0.328397585323495,2.84486081475362,
9.9999999999315));
#10603=CARTESIAN_POINT('Ctrl Pts',(-0.29844974927025,2.84926069881546,10.));
#10604=CARTESIAN_POINT('Ctrl Pts',(-0.268470512108843,2.85318790594357,
10.));
#10605=CARTESIAN_POINT('Ctrl Pts',(-0.20139463435678,2.86197468273224,10.));
#10606=CARTESIAN_POINT('Ctrl Pts',(-0.134277570480704,2.86838526927059,
10.0000000002868));
#10607=CARTESIAN_POINT('Ctrl Pts',(-0.0671285681242644,2.87249182588686,
10.0000000003465));
#10608=CARTESIAN_POINT('Ctrl Pts',(0.000859502394823922,2.87664969645857,
10.000000000407));
#10609=CARTESIAN_POINT('Ctrl Pts',(0.0688809661240591,2.87844568170788,
10.0000000002503));
#10610=CARTESIAN_POINT('Ctrl Pts',(0.136939219233097,2.87790314533832,10.000000000106));
#10611=CARTESIAN_POINT('Ctrl Pts',(0.164092418185481,2.87768668962121,10.0000000000484));
#10612=CARTESIAN_POINT('Ctrl Pts',(0.191251562602476,2.87709741804956,10.));
#10613=CARTESIAN_POINT('Ctrl Pts',(0.218417078168904,2.87613451319531,10.));
#10614=CARTESIAN_POINT('Ctrl Pts',(0.280573906615949,2.87393131143055,10.));
#10615=CARTESIAN_POINT('Ctrl Pts',(0.342980453735728,2.86975946885258,9.99999999983557));
#10616=CARTESIAN_POINT('Ctrl Pts',(0.405289665922887,2.86359880309087,9.99999999979297));
#10617=CARTESIAN_POINT('Ctrl Pts',(0.467184699378283,2.85747908820372,9.99999999975064));
#10618=CARTESIAN_POINT('Ctrl Pts',(0.528983085552726,2.84939691704228,9.9999999998133));
#10619=CARTESIAN_POINT('Ctrl Pts',(0.590346998915024,2.83938367585567,9.99999999989569));
#10620=CARTESIAN_POINT('Ctrl Pts',(0.628712532089843,2.83312326455067,9.99999999994721));
#10621=CARTESIAN_POINT('Ctrl Pts',(0.6669083140109,2.82610903240187,10.));
#10622=CARTESIAN_POINT('Ctrl Pts',(0.704853828019739,2.81835882652832,10.));
#10623=CARTESIAN_POINT('Ctrl Pts',(0.773779096753059,2.80428114075898,10.));
#10624=CARTESIAN_POINT('Ctrl Pts',(0.841917133763227,2.7877739610553,10.0000000000788));
#10625=CARTESIAN_POINT('Ctrl Pts',(0.90926223814809,2.7688369687122,10.0000000000851));
#10626=CARTESIAN_POINT('Ctrl Pts',(0.975971157544388,2.75007886732736,10.0000000000915));
#10627=CARTESIAN_POINT('Ctrl Pts',(1.0419026922693,2.72893656063281,10.0000000000434));
#10628=CARTESIAN_POINT('Ctrl Pts',(1.10704316918084,2.70535953095574,10.0000000000155));
#10629=CARTESIAN_POINT('Ctrl Pts',(1.12854522277397,2.69757704946775,10.0000000000063));
#10630=CARTESIAN_POINT('Ctrl Pts',(1.14996097722494,2.68952888162769,10.));
#10631=CARTESIAN_POINT('Ctrl Pts',(1.1712895625805,2.68121201188848,10.));
#10632=CARTESIAN_POINT('Ctrl Pts',(1.1813245403972,2.67729897209019,10.));
#10633=CARTESIAN_POINT('Ctrl Pts',(1.19134554522308,2.67332435923766,10.0000000006761));
#10634=CARTESIAN_POINT('Ctrl Pts',(1.20135072352739,2.66928832422047,10.0000000020033));
#10635=CARTESIAN_POINT('Ctrl Pts',(1.25723727779654,2.64674398936103,10.0000000094165));
#10636=CARTESIAN_POINT('Ctrl Pts',(1.31266816490821,2.62226165345446,10.0000000108836));
#10637=CARTESIAN_POINT('Ctrl Pts',(1.36735712422837,2.59597934087199,10.0000000097073));
#10638=CARTESIAN_POINT('Ctrl Pts',(1.42270775553101,2.56937904326865,10.0000000085167));
#10639=CARTESIAN_POINT('Ctrl Pts',(1.47729791364208,2.54093520190141,10.0000000046391));
#10640=CARTESIAN_POINT('Ctrl Pts',(1.53085112045328,2.51084035817725,10.0000000021426));
#10641=CARTESIAN_POINT('Ctrl Pts',(1.55761823815945,2.49579826691364,10.0000000008948));
#10642=CARTESIAN_POINT('Ctrl Pts',(1.58412666304203,2.48034446155796,10.));
#10643=CARTESIAN_POINT('Ctrl Pts',(1.61034430802683,2.46450719409429,10.));
#10644=CARTESIAN_POINT('Ctrl Pts',(1.66949592138335,2.42877553619068,10.));
#10645=CARTESIAN_POINT('Ctrl Pts',(1.72716869492145,2.39109773825148,9.99999999980444));
#10646=CARTESIAN_POINT('Ctrl Pts',(1.78340492257312,2.35154132001244,9.99999999977589));
#10647=CARTESIAN_POINT('Ctrl Pts',(1.84042791708015,2.31143149198603,9.99999999974695));
#10648=CARTESIAN_POINT('Ctrl Pts',(1.89597441955841,2.26938977368413,9.99999999986547));
#10649=CARTESIAN_POINT('Ctrl Pts',(1.95006592446699,2.22543829518155,9.99999999994943));
#10650=CARTESIAN_POINT('Ctrl Pts',(1.96868522538143,2.21030937973989,9.99999999997834));
#10651=CARTESIAN_POINT('Ctrl Pts',(1.98713189729306,2.19495379138897,10.));
#10652=CARTESIAN_POINT('Ctrl Pts',(2.00540603109276,2.17937124497545,10.));
#10653=CARTESIAN_POINT('Ctrl Pts',(2.05331174990847,2.13852153384274,10.));
#10654=CARTESIAN_POINT('Ctrl Pts',(2.10019151649669,2.09596963175172,9.99999999996725));
#10655=CARTESIAN_POINT('Ctrl Pts',(2.14576905687013,2.05192046997492,9.9999999999375));
#10656=CARTESIAN_POINT('Ctrl Pts',(2.19119290288533,2.00801984863262,9.99999999990785));
#10657=CARTESIAN_POINT('Ctrl Pts',(2.23532284435578,1.96263242974116,9.99999999990396));
#10658=CARTESIAN_POINT('Ctrl Pts',(2.27791917927298,1.91600011617626,9.99999999994235));
#10659=CARTESIAN_POINT('Ctrl Pts',(2.30296197124558,1.88858453382448,9.99999999996492));
#10660=CARTESIAN_POINT('Ctrl Pts',(2.32747536381748,1.86073937834055,10.));
#10661=CARTESIAN_POINT('Ctrl Pts',(2.35141703774508,1.83251929891346,10.));
#10662=CARTESIAN_POINT('Ctrl Pts',(2.397916540827,1.7777102795333,10.));
#10663=CARTESIAN_POINT('Ctrl Pts',(2.44228476779187,1.72146683103477,10.0000000000741));
#10664=CARTESIAN_POINT('Ctrl Pts',(2.48452895161602,1.66380062045634,10.0000000000982));
#10665=CARTESIAN_POINT('Ctrl Pts',(2.52656013874851,1.60642516498221,10.0000000001222));
#10666=CARTESIAN_POINT('Ctrl Pts',(2.56648909509895,1.5476407949554,10.000000000072));
#10667=CARTESIAN_POINT('Ctrl Pts',(2.60428572026254,1.48742367097919,10.000000000024));
#10668=CARTESIAN_POINT('Ctrl Pts',(2.61471150255308,1.47081344130866,10.0000000000107));
#10669=CARTESIAN_POINT('Ctrl Pts',(2.62497480078846,1.45409401187686,10.));
#10670=CARTESIAN_POINT('Ctrl Pts',(2.63507440985964,1.43726447644621,10.));
#10671=CARTESIAN_POINT('Ctrl Pts',(2.66751953597867,1.38319937395327,10.));
#10672=CARTESIAN_POINT('Ctrl Pts',(2.69838838178395,1.32780085924726,10.0000000292584));
#10673=CARTESIAN_POINT('Ctrl Pts',(2.72744940506317,1.27131199793112,9.99999997409824));
#10674=CARTESIAN_POINT('Ctrl Pts',(2.73354163528127,1.25946991155345,9.9999999625347));
#10675=CARTESIAN_POINT('Ctrl Pts',(2.73955456643792,1.24758001168595,9.99999994725939));
#10676=CARTESIAN_POINT('Ctrl Pts',(2.74548631076612,1.23564469823119,9.99999992722179));
#10677=CARTESIAN_POINT('Ctrl Pts',(2.77369083570383,1.17889413257144,9.9999998319461));
#10678=CARTESIAN_POINT('Ctrl Pts',(2.80006310048866,1.12112067524918,9.99999991450022));
#10679=CARTESIAN_POINT('Ctrl Pts',(2.82450814453074,1.06263996669744,9.99999996615128));
#10680=CARTESIAN_POINT('Ctrl Pts',(2.83352236555465,1.04107493979,9.99999998519784));
#10681=CARTESIAN_POINT('Ctrl Pts',(2.84227498956303,1.01941395864502,10.));
#10682=CARTESIAN_POINT('Ctrl Pts',(2.85076289954979,0.997673530263835,10.));
#10683=CARTESIAN_POINT('Ctrl Pts',(2.87648947316517,0.931779012997348,10.));
#10684=CARTESIAN_POINT('Ctrl Pts',(2.89975475311235,0.865244435299369,10.0000000031126));
#10685=CARTESIAN_POINT('Ctrl Pts',(2.92064752472392,0.798100347380768,10.0000000034956));
#10686=CARTESIAN_POINT('Ctrl Pts',(2.94187841027713,0.729869646702197,10.0000000038848));
#10687=CARTESIAN_POINT('Ctrl Pts',(2.96065956224538,0.661008996697021,10.0000000018497));
#10688=CARTESIAN_POINT('Ctrl Pts',(2.97703655506325,0.591525991624862,10.0000000006119));
#10689=CARTESIAN_POINT('Ctrl Pts',(2.98177815771986,0.571408696276236,10.0000000002535));
#10690=CARTESIAN_POINT('Ctrl Pts',(2.98631791723564,0.551239106085891,10.));
#10691=CARTESIAN_POINT('Ctrl Pts',(2.99065617532308,0.531017133402305,10.));
#10692=CARTESIAN_POINT('Ctrl Pts',(3.00503218536794,0.464006071227964,10.));
#10693=CARTESIAN_POINT('Ctrl Pts',(3.01723977910557,0.3961911117185,10.0000000016782));
#10694=CARTESIAN_POINT('Ctrl Pts',(3.02718982170248,0.327913419578847,10.0000000022656));
#10695=CARTESIAN_POINT('Ctrl Pts',(3.03713962757712,0.259637351839303,10.000000002853));
#10696=CARTESIAN_POINT('Ctrl Pts',(3.04483187192927,0.190899159087045,10.0000000019645));
#10697=CARTESIAN_POINT('Ctrl Pts',(3.0502282788716,0.122050817449693,10.0000000008164));
#10698=CARTESIAN_POINT('Ctrl Pts',(3.05222371925178,0.0965926260124039,
10.0000000003918));
#10699=CARTESIAN_POINT('Ctrl Pts',(3.05390575538021,0.0711194358482753,
9.99999999999999));
#10700=CARTESIAN_POINT('Ctrl Pts',(3.05527425516644,0.0456491699111962,
9.99999999999999));
#10701=CARTESIAN_POINT('Ctrl Pts',(3.05923843487416,-0.0281314125880452,
9.99999999999999));
#10702=CARTESIAN_POINT('Ctrl Pts',(3.06056628545237,-0.101694799849069,
9.99999999115752));
#10703=CARTESIAN_POINT('Ctrl Pts',(3.05930479758421,-0.175031610998982,
9.99999998115866));
#10704=CARTESIAN_POINT('Ctrl Pts',(3.05803997773475,-0.248562127446598,
9.99999997113339));
#10705=CARTESIAN_POINT('Ctrl Pts',(3.05417219745094,-0.32186549557642,9.99999996033947));
#10706=CARTESIAN_POINT('Ctrl Pts',(3.04769766607571,-0.394941534998407,
9.99999995557189));
#10707=CARTESIAN_POINT('Ctrl Pts',(3.04126627337126,-0.467530681543764,
9.99999995083607));
#10708=CARTESIAN_POINT('Ctrl Pts',(3.0322627838172,-0.53989612114028,9.99999995240725));
#10709=CARTESIAN_POINT('Ctrl Pts',(3.02063238960089,-0.612037639251106,
9.99999996038913));
#10710=CARTESIAN_POINT('Ctrl Pts',(3.00922691168646,-0.682784036683798,
9.99999996821664));
#10711=CARTESIAN_POINT('Ctrl Pts',(2.99529511029987,-0.753315624187468,
9.99999998250877));
#10712=CARTESIAN_POINT('Ctrl Pts',(2.97873619461558,-0.823623820045674,
9.99999999221763));
#10713=CARTESIAN_POINT('Ctrl Pts',(2.97111464552226,-0.855984475574838,
9.99999999668632));
#10714=CARTESIAN_POINT('Ctrl Pts',(2.96293586192386,-0.888297639759321,
9.99999999999998));
#10715=CARTESIAN_POINT('Ctrl Pts',(2.95418643241976,-0.920561386530448,
9.99999999999998));
#10716=CARTESIAN_POINT('Ctrl Pts',(2.66167248669124,-0.829410387898729,
9.78846156320383));
#10717=CARTESIAN_POINT('Ctrl Pts',(2.46171620989945,-1.47109285418867,9.76918150323062));
#10718=CARTESIAN_POINT('Ctrl Pts',(2.01588578875079,-2.03908757945632,9.75000026917853));
#10719=CARTESIAN_POINT('Ctrl Pts',(0.868690530622627,-2.73259006363358,
9.71153794494826));
#10720=CARTESIAN_POINT('Ctrl Pts',(0.156540161964625,-2.86301984931398,
9.69230422980444));
#10721=CARTESIAN_POINT('Ctrl Pts',(-1.16160671783724,-2.62146091828108,
9.65384977185468));
#10722=CARTESIAN_POINT('Ctrl Pts',(-1.78130989915695,-2.24687214108111,
9.63461804663522));
#10723=CARTESIAN_POINT('Ctrl Pts',(-2.60787678796833,-1.19183812548919,
9.59615132551747));
#10724=CARTESIAN_POINT('Ctrl Pts',(-2.82328090194899,-0.500563678664392,
9.57692468666301));
#10725=CARTESIAN_POINT('Ctrl Pts',(-2.74235895276989,0.837225347730798,
9.53845971664963));
#10726=CARTESIAN_POINT('Ctrl Pts',(-2.44511660625159,1.49757841567528,9.51922460220778));
#10727=CARTESIAN_POINT('Ctrl Pts',(-1.49757841567529,2.44511660625158,9.48077539779222));
#10728=CARTESIAN_POINT('Ctrl Pts',(-0.837225347730784,2.74235895276958,
9.46154028334838));
#10729=CARTESIAN_POINT('Ctrl Pts',(0.500563678664368,2.8232809019493,9.42307531333898));
#10730=CARTESIAN_POINT('Ctrl Pts',(1.19170356491766,2.60798198104338,9.40384866548314));
#10731=CARTESIAN_POINT('Ctrl Pts',(2.24700670165265,1.78120470608189,9.36538196236416));
#10732=CARTESIAN_POINT('Ctrl Pts',(2.62108291672093,1.16366935866415,9.34619922046514));
#10733=CARTESIAN_POINT('Ctrl Pts',(2.74224038379754,0.502533277936313,9.32692299917044));
#10734=CARTESIAN_POINT('Ctrl Pts',(3.00737082662268,-0.93713430797235,9.53846156320383));
#10735=CARTESIAN_POINT('Ctrl Pts',(2.78043782764987,-1.66538814187071,9.51918935146043));
#10736=CARTESIAN_POINT('Ctrl Pts',(2.28106421639736,-2.30189642530642,9.50000026917853));
#10737=CARTESIAN_POINT('Ctrl Pts',(0.978161219273818,-3.08952727901084,
9.46153794494826));
#10738=CARTESIAN_POINT('Ctrl Pts',(0.180913271595452,-3.23560986750946,
9.44230422980444));
#10739=CARTESIAN_POINT('Ctrl Pts',(-1.3165179915822,-2.96119591611356,9.40384977185468));
#10740=CARTESIAN_POINT('Ctrl Pts',(-2.01014086674137,-2.54192007142662,
9.38461804663522));
#10741=CARTESIAN_POINT('Ctrl Pts',(-2.94911391064494,-1.34341029457459,
9.34615132551747));
#10742=CARTESIAN_POINT('Ctrl Pts',(-3.19021658921474,-0.569670644481565,
9.32692468666301));
#10743=CARTESIAN_POINT('Ctrl Pts',(-3.09828923344461,0.950057971267601,
9.28845971664963));
#10744=CARTESIAN_POINT('Ctrl Pts',(-2.76560011212765,1.68917260934759,9.26922460220778));
#10745=CARTESIAN_POINT('Ctrl Pts',(-1.68917260934759,2.76560011212765,9.23077539779222));
#10746=CARTESIAN_POINT('Ctrl Pts',(-0.950057971267698,3.09828923344447,
9.21154028334838));
#10747=CARTESIAN_POINT('Ctrl Pts',(0.569670644481666,3.19021658921488,9.17307531333898));
#10748=CARTESIAN_POINT('Ctrl Pts',(1.34341035880195,2.94911356016752,9.15384866548314));
#10749=CARTESIAN_POINT('Ctrl Pts',(2.54192000719928,2.01014121721878,9.11538196236416));
#10750=CARTESIAN_POINT('Ctrl Pts',(2.96090225384188,1.31812038665467,9.09619133784329));
#10751=CARTESIAN_POINT('Ctrl Pts',(3.09840289181151,0.567802359993377,9.07692299917044));
#10752=CARTESIAN_POINT('Ctrl Pts',(2.4783444048133,1.94170779574828,9.11538090895358));
#10753=CARTESIAN_POINT('Ctrl Pts',(2.36029608783574,2.09303703057853,9.12023518234723));
#10754=CARTESIAN_POINT('Ctrl Pts',(2.22874766110756,2.23352534503296,9.12508241508888));
#10755=CARTESIAN_POINT('Ctrl Pts',(2.08533998828985,2.3606522083798,9.12992719236777));
#10756=CARTESIAN_POINT('Ctrl Pts',(2.0390000119573,2.40173129238538,9.13149270737843));
#10757=CARTESIAN_POINT('Ctrl Pts',(1.99142133180809,2.44141516318653,9.13305796587157));
#10758=CARTESIAN_POINT('Ctrl Pts',(1.94265820827593,2.47961848612028,9.13462312226534));
#10759=CARTESIAN_POINT('Ctrl Pts',(1.79333411902333,2.59660599615424,9.13941599721075));
#10760=CARTESIAN_POINT('Ctrl Pts',(1.63326557514768,2.69934973419952,9.14420484555059));
#10761=CARTESIAN_POINT('Ctrl Pts',(1.46532931072784,2.78701253839011,9.14899244036635));
#10762=CARTESIAN_POINT('Ctrl Pts',(1.2923829550115,2.87729061245,9.15392286488717));
#10763=CARTESIAN_POINT('Ctrl Pts',(1.11109108432744,2.95157514741675,9.15885195988126));
#10764=CARTESIAN_POINT('Ctrl Pts',(0.924563706898834,3.00890754874053,9.16378275284743));
#10765=CARTESIAN_POINT('Ctrl Pts',(0.807340258622484,3.04493819407412,9.16688151809144));
#10766=CARTESIAN_POINT('Ctrl Pts',(0.688048471626368,3.07427265196499,9.16998095393203));
#10767=CARTESIAN_POINT('Ctrl Pts',(0.567457913200309,3.09666271042632,9.17308181183913));
#10768=CARTESIAN_POINT('Ctrl Pts',(0.318068929168526,3.14296678269337,9.17949458422504));
#10769=CARTESIAN_POINT('Ctrl Pts',(0.0631794723904733,3.15956257616391,
9.18590632326028));
#10770=CARTESIAN_POINT('Ctrl Pts',(-0.190192740953214,3.14423766169422,
9.19231834638172));
#10771=CARTESIAN_POINT('Ctrl Pts',(-0.460895287683569,3.12786454279288,
9.19916894363453));
#10772=CARTESIAN_POINT('Ctrl Pts',(-0.72899167349776,3.07509690765088,9.20601945810756));
#10773=CARTESIAN_POINT('Ctrl Pts',(-0.98628461975238,2.9896117227838,9.21287033482736));
#10774=CARTESIAN_POINT('Ctrl Pts',(-1.21042881475349,2.91514015943363,9.21883856780757));
#10775=CARTESIAN_POINT('Ctrl Pts',(-1.42637300357288,2.81583962743518,9.22480707562735));
#10776=CARTESIAN_POINT('Ctrl Pts',(-1.62871048617444,2.69417072008857,9.2307761531009));
#10777=CARTESIAN_POINT('Ctrl Pts',(-1.84610097761556,2.56345018713983,9.23718930339188));
#10778=CARTESIAN_POINT('Ctrl Pts',(-2.04790020770757,2.40684923982818,9.24360063176507));
#10779=CARTESIAN_POINT('Ctrl Pts',(-2.22737566247837,2.22737566247837,9.25001044593356));
#10780=CARTESIAN_POINT('Ctrl Pts',(-2.41621956207969,2.03853373829759,9.25675484619065));
#10781=CARTESIAN_POINT('Ctrl Pts',(-2.57977705562675,1.82493876306321,9.26350015856487));
#10782=CARTESIAN_POINT('Ctrl Pts',(-2.71450655896924,1.59441270634138,9.27024674232982));
#10783=CARTESIAN_POINT('Ctrl Pts',(-2.8357618205529,1.38694146495636,9.27631860305014));
#10784=CARTESIAN_POINT('Ctrl Pts',(-2.9336667967287,1.16575797516467,9.28239149346586));
#10785=CARTESIAN_POINT('Ctrl Pts',(-3.00567284021961,0.936578793610452,
9.28846567512644));
#10786=CARTESIAN_POINT('Ctrl Pts',(-3.0817058444501,0.694582693896219,9.29487955731612));
#10787=CARTESIAN_POINT('Ctrl Pts',(-3.12890935524735,0.443551530990426,
9.30129202575573));
#10788=CARTESIAN_POINT('Ctrl Pts',(-3.14423639739896,0.190192664476877,
9.30770362419622));
#10789=CARTESIAN_POINT('Ctrl Pts',(-3.16073410797319,-0.0825175694881538,
9.31460493590027));
#10790=CARTESIAN_POINT('Ctrl Pts',(-3.14025479639324,-0.357037561883502,
9.32150482516308));
#10791=CARTESIAN_POINT('Ctrl Pts',(-3.08551376962461,-0.624608736339793,
9.32840515857046));
#10792=CARTESIAN_POINT('Ctrl Pts',(-3.03857294434717,-0.854052948311152,
9.33432224423641));
#10793=CARTESIAN_POINT('Ctrl Pts',(-2.966439947727,-1.07838652610478,9.34023965656897));
#10794=CARTESIAN_POINT('Ctrl Pts',(-2.87085590627912,-1.29209647617127,
9.34615857229879));
#10795=CARTESIAN_POINT('Ctrl Pts',(-2.76729356369037,-1.52364457487224,
9.35257153380658));
#10796=CARTESIAN_POINT('Ctrl Pts',(-2.63615781914122,-1.7428411579492,9.35898339420159));
#10797=CARTESIAN_POINT('Ctrl Pts',(-2.4796150268341,-1.94265549809661,9.36539552851716));
#10798=CARTESIAN_POINT('Ctrl Pts',(-2.31185957286332,-2.15678190307051,
9.37226694359273));
#10799=CARTESIAN_POINT('Ctrl Pts',(-2.11546952699125,-2.3479464536065,9.3791376061969));
#10800=CARTESIAN_POINT('Ctrl Pts',(-1.89819225016937,-2.51145384202878,
9.38600850416296));
#10801=CARTESIAN_POINT('Ctrl Pts',(-1.71011298050799,-2.65298889184402,
9.39195608179407));
#10802=CARTESIAN_POINT('Ctrl Pts',(-1.506384543104,-2.77380045862783,9.39790383577104));
#10803=CARTESIAN_POINT('Ctrl Pts',(-1.29204800282491,-2.87087031534216,
9.40385240719882));
#10804=CARTESIAN_POINT('Ctrl Pts',(-1.06097940257031,-2.97551787515016,
9.41026535046805));
#10805=CARTESIAN_POINT('Ctrl Pts',(-0.817465329844425,-3.05263390575878,
9.41667677419465));
#10806=CARTESIAN_POINT('Ctrl Pts',(-0.567799649143294,-3.0983880991542,
9.42308738419177));
#10807=CARTESIAN_POINT('Ctrl Pts',(-0.303363447270223,-3.14684916551813,
9.42987725356657));
#10808=CARTESIAN_POINT('Ctrl Pts',(-0.0328461337300593,-3.15997410877874,
9.43666758018269));
#10809=CARTESIAN_POINT('Ctrl Pts',(0.235138530066041,-3.13932296835718,
9.44345893093653));
#10810=CARTESIAN_POINT('Ctrl Pts',(0.472969169394401,-3.12099552431711,
9.44948610901758));
#10811=CARTESIAN_POINT('Ctrl Pts',(0.708803702258524,-3.07606631110318,
9.4555140936571));
#10812=CARTESIAN_POINT('Ctrl Pts',(0.936627211017234,-3.00565966628014,
9.46154328095603));
#10813=CARTESIAN_POINT('Ctrl Pts',(1.15499351438974,-2.93817567901896,9.46732219003342));
#10814=CARTESIAN_POINT('Ctrl Pts',(1.36615062728512,-2.84724485197436,9.47310121933995));
#10815=CARTESIAN_POINT('Ctrl Pts',(1.56475475234367,-2.73381004952303,9.47887984007062));
#10816=CARTESIAN_POINT('Ctrl Pts',(1.58652450352106,-2.72137603072562,9.47951325659919));
#10817=CARTESIAN_POINT('Ctrl Pts',(1.60814343058071,-2.70867167392716,9.48014666821803));
#10818=CARTESIAN_POINT('Ctrl Pts',(1.62960450015677,-2.69569825844158,9.48078007423035));
#10819=CARTESIAN_POINT('Ctrl Pts',(1.82435864356162,-2.57796757353911,9.48652808436193));
#10820=CARTESIAN_POINT('Ctrl Pts',(2.00554935672624,-2.43852622454119,9.49227209952743));
#10821=CARTESIAN_POINT('Ctrl Pts',(2.1699101995706,-2.28144014914649,9.4980151871497));
#10822=CARTESIAN_POINT('Ctrl Pts',(2.33329961857936,-2.12528250144318,9.5037243313332));
#10823=CARTESIAN_POINT('Ctrl Pts',(2.48005640889353,-1.95168946709557,9.50943256005172));
#10824=CARTESIAN_POINT('Ctrl Pts',(2.60700952762578,-1.76468752598758,9.51514288304779));
#10825=CARTESIAN_POINT('Ctrl Pts',(2.63726323873267,-1.72012381019073,9.51650368823301));
#10826=CARTESIAN_POINT('Ctrl Pts',(2.66639251457663,-1.67479869684781,9.51786461229235));
#10827=CARTESIAN_POINT('Ctrl Pts',(2.69435486669069,-1.62876681646361,9.51922569581765));
#10828=CARTESIAN_POINT('Ctrl Pts',(2.7554855745829,-1.52813288473938,9.5222012680822));
#10829=CARTESIAN_POINT('Ctrl Pts',(2.81088501527187,-1.42407534600957,9.5252835186501));
#10830=CARTESIAN_POINT('Ctrl Pts',(2.86020765175368,-1.31724412280564,9.52839870439587));
#10831=CARTESIAN_POINT('Ctrl Pts',(2.90915731860134,-1.21122073967425,9.53149033362133));
#10832=CARTESIAN_POINT('Ctrl Pts',(2.95212249454726,-1.10246591737081,9.53461440207373));
#10833=CARTESIAN_POINT('Ctrl Pts',(2.98879049351538,-0.991570475581379,
9.53769882410792));
#10834=CARTESIAN_POINT('Ctrl Pts',(2.99480488700938,-0.973381077676342,
9.53820474012017));
#10835=CARTESIAN_POINT('Ctrl Pts',(3.00064990481663,-0.955133983265135,
9.53870958949181));
#10836=CARTESIAN_POINT('Ctrl Pts',(3.00632421036876,-0.93683167137146,9.53921305410686));
#10837=CARTESIAN_POINT('Ctrl Pts',(3.09770386919051,0.573257146786466,9.5772692685424));
#10838=CARTESIAN_POINT('Ctrl Pts',(3.23691028048392,-0.178696569959065,
9.55795484590214));
#10839=CARTESIAN_POINT('Ctrl Pts',(3.09076904258975,-0.976689104426754,
9.53871577136604));
#10840=CARTESIAN_POINT('Ctrl Pts',(2.30211425616404,-2.28128413829582,9.50020730443101));
#10841=CARTESIAN_POINT('Ctrl Pts',(1.66409686802365,-2.78115511957002,9.48097980827643));
#10842=CARTESIAN_POINT('Ctrl Pts',(0.210350632650638,-3.23416059516524,
9.44251221157464));
#10843=CARTESIAN_POINT('Ctrl Pts',(-0.598706505044528,-3.18520089664445,
9.42328302881249));
#10844=CARTESIAN_POINT('Ctrl Pts',(-1.9871437522439,-2.5603151835355,9.38482419187178));
#10845=CARTESIAN_POINT('Ctrl Pts',(-2.5603151835355,-1.98714375224396,9.3655909543863));
#10846=CARTESIAN_POINT('Ctrl Pts',(-3.18520089664446,-0.59870650504443,
9.32713211744691));
#10847=CARTESIAN_POINT('Ctrl Pts',(-3.2341605951654,0.210350632650642,9.30790293468608));
#10848=CARTESIAN_POINT('Ctrl Pts',(-2.78115511956985,1.66409686802366,9.26943533798033));
#10849=CARTESIAN_POINT('Ctrl Pts',(-2.28128460461075,2.30211424706384,9.25020785071842));
#10850=CARTESIAN_POINT('Ctrl Pts',(-0.978251899418354,3.0898240277708,9.21174550966711));
#10851=CARTESIAN_POINT('Ctrl Pts',(-0.180933178236787,3.23591894501432,
9.19251179466516));
#10852=CARTESIAN_POINT('Ctrl Pts',(1.32160152598155,2.96057019793152,9.15393011386234));
#10853=CARTESIAN_POINT('Ctrl Pts',(2.01857473571519,2.53779620862199,9.13460934418184));
#10854=CARTESIAN_POINT('Ctrl Pts',(2.48917475829032,1.9309050918729,9.11520965928906));
#10855=CARTESIAN_POINT('Ctrl Pts',(2.74136394011048,0.507291287856897,9.32706175315686));
#10856=CARTESIAN_POINT('Ctrl Pts',(2.86401984669236,-0.15517017040094,9.30773925086369));
#10857=CARTESIAN_POINT('Ctrl Pts',(2.73342711789522,-0.867306541051015,
9.28850819823667));
#10858=CARTESIAN_POINT('Ctrl Pts',(2.03908253971587,-2.01589345736696,9.24999973130164));
#10859=CARTESIAN_POINT('Ctrl Pts',(1.46920705009086,-2.46230385908263,9.23077223514706));
#10860=CARTESIAN_POINT('Ctrl Pts',(0.189613725706619,-2.86104111429984,
9.19230463844527));
#10861=CARTESIAN_POINT('Ctrl Pts',(-0.533148620703765,-2.81730028763928,
9.17307545568312));
#10862=CARTESIAN_POINT('Ctrl Pts',(-1.75523882591623,-2.26728140272679,
9.13461661874241));
#10863=CARTESIAN_POINT('Ctrl Pts',(-2.2672814027268,-1.7552388259163,9.11538338125693));
#10864=CARTESIAN_POINT('Ctrl Pts',(-2.81730028763928,-0.533148620703669,
9.07692454431754));
#10865=CARTESIAN_POINT('Ctrl Pts',(-2.86104111430001,0.189613725706658,
9.05769536155671));
#10866=CARTESIAN_POINT('Ctrl Pts',(-2.46230385908246,1.46920705009082,9.01922776485096));
#10867=CARTESIAN_POINT('Ctrl Pts',(-2.01574915972171,2.03916997817226,9.00000027758905));
#10868=CARTESIAN_POINT('Ctrl Pts',(-0.868827159651696,2.73250766491764,
8.96153793653774));
#10869=CARTESIAN_POINT('Ctrl Pts',(-0.15669450931033,2.8630479665252,8.94230422153579));
#10870=CARTESIAN_POINT('Ctrl Pts',(1.16612361674658,2.62063333642484,8.90372254073297));
#10871=CARTESIAN_POINT('Ctrl Pts',(1.78829324473467,2.24345424073372,8.88440992879837));
#10872=CARTESIAN_POINT('Ctrl Pts',(2.2027952341662,1.70883148243186,8.8650019242039));
#10873=CARTESIAN_POINT('Ctrl Pts',(2.19459334356264,1.71935513328515,8.86538468607635));
#10874=CARTESIAN_POINT('Ctrl Pts',(2.60910758327067,1.19026711018108,8.84610473092904));
#10875=CARTESIAN_POINT('Ctrl Pts',(2.82329081373856,0.500724725006708,8.82692467815717));
#10876=CARTESIAN_POINT('Ctrl Pts',(2.74234904098032,-0.837386394073086,
8.78845972515547));
#10877=CARTESIAN_POINT('Ctrl Pts',(2.44511660625171,-1.49757841567515,8.76922460220647));
#10878=CARTESIAN_POINT('Ctrl Pts',(1.49757841567518,-2.44511660625169,8.73077539779353));
#10879=CARTESIAN_POINT('Ctrl Pts',(0.83722534773078,-2.74235895277021,8.71154028335038));
#10880=CARTESIAN_POINT('Ctrl Pts',(-0.500563678664367,-2.82328090194868,
8.67307531333699));
#10881=CARTESIAN_POINT('Ctrl Pts',(-1.19183812548946,-2.60787678796812,
8.65384867448318));
#10882=CARTESIAN_POINT('Ctrl Pts',(-2.24687214108084,-1.78130989915716,
8.61538195336413));
#10883=CARTESIAN_POINT('Ctrl Pts',(-2.62146091828071,-1.16160671783696,
8.59615022814596));
#10884=CARTESIAN_POINT('Ctrl Pts',(-2.86301984931435,0.156540161964316,
8.55769577019492));
#10885=CARTESIAN_POINT('Ctrl Pts',(-2.73250766491764,0.868827159651614,
8.53846206346226));
#10886=CARTESIAN_POINT('Ctrl Pts',(-2.03916997817226,2.01574915972179,8.49999972241095));
#10887=CARTESIAN_POINT('Ctrl Pts',(-1.46936753855064,2.46225366341321,8.48077222628633));
#10888=CARTESIAN_POINT('Ctrl Pts',(-0.189453237246858,2.86109130996926,
8.442304647306));
#10889=CARTESIAN_POINT('Ctrl Pts',(0.531260683565774,2.81814996689136,8.42312377682264));
#10890=CARTESIAN_POINT('Ctrl Pts',(1.14419372330998,2.54229084518304,8.40384603721277));
#10891=CARTESIAN_POINT('Ctrl Pts',(2.47962738869316,1.9426651830006,8.61538468607635));
#10892=CARTESIAN_POINT('Ctrl Pts',(2.9500630483465,1.34219878017164,8.59611247936148));
#10893=CARTESIAN_POINT('Ctrl Pts',(3.19021679680468,0.569670379511726,8.57692467815717));
#10894=CARTESIAN_POINT('Ctrl Pts',(3.09828902585467,-0.95005770629774,8.53845972515547));
#10895=CARTESIAN_POINT('Ctrl Pts',(2.76560011212763,-1.68917260934761,8.51922460220647));
#10896=CARTESIAN_POINT('Ctrl Pts',(1.68917260934763,-2.76560011212762,8.48077539779353));
#10897=CARTESIAN_POINT('Ctrl Pts',(0.950057971267665,-3.09828923344475,
8.46154028335038));
#10898=CARTESIAN_POINT('Ctrl Pts',(-0.569670644481631,-3.1902165892146,
8.42307531333699));
#10899=CARTESIAN_POINT('Ctrl Pts',(-1.34341029457465,-2.94911391064469,
8.40384867448318));
#10900=CARTESIAN_POINT('Ctrl Pts',(-2.54192007142657,-2.01014086674161,
8.36538195336413));
#10901=CARTESIAN_POINT('Ctrl Pts',(-2.9611959161132,-1.31651799158215,8.34615022814596));
#10902=CARTESIAN_POINT('Ctrl Pts',(-3.23560986750982,0.180913271595388,
8.30769577019492));
#10903=CARTESIAN_POINT('Ctrl Pts',(-3.08952759679294,0.978161120248889,
8.28846206346226));
#10904=CARTESIAN_POINT('Ctrl Pts',(-2.30189610752431,2.28106431542229,8.24999972241095));
#10905=CARTESIAN_POINT('Ctrl Pts',(-1.6639348668151,2.78089045541075,8.23077222628633));
#10906=CARTESIAN_POINT('Ctrl Pts',(-0.210333749129626,3.2338511978346,8.192304647306));
#10907=CARTESIAN_POINT('Ctrl Pts',(0.597189510258497,3.1855539336366,8.17311593356704));
#10908=CARTESIAN_POINT('Ctrl Pts',(1.29280174051948,2.87248388328112,8.15384603721277));
#10909=CARTESIAN_POINT('Ctrl Pts',(-0.19013461450544,3.14265409947288,8.19230420963977));
#10910=CARTESIAN_POINT('Ctrl Pts',(-0.383082605991277,3.13138815470213,
8.19719247224424));
#10911=CARTESIAN_POINT('Ctrl Pts',(-0.574764025135265,3.10260929928881,
8.2020737310661));
#10912=CARTESIAN_POINT('Ctrl Pts',(-0.762106510195467,3.05623306148235,
8.20695269756073));
#10913=CARTESIAN_POINT('Ctrl Pts',(-0.820906805116314,3.0416771722538,8.20848403557357));
#10914=CARTESIAN_POINT('Ctrl Pts',(-0.87927983759192,3.02538738683095,8.21001514763785));
#10915=CARTESIAN_POINT('Ctrl Pts',(-0.937130971825552,3.00736012054724,
8.21154617914997));
#10916=CARTESIAN_POINT('Ctrl Pts',(-1.11947424863322,2.95053926734183,8.21637189789367));
#10917=CARTESIAN_POINT('Ctrl Pts',(-1.29612234287184,2.87655130594122,8.22119358307281));
#10918=CARTESIAN_POINT('Ctrl Pts',(-1.46470209844593,2.78732852710793,8.22601396014653));
#10919=CARTESIAN_POINT('Ctrl Pts',(-1.63851087647213,2.69533822786763,8.2309838561222));
#10920=CARTESIAN_POINT('Ctrl Pts',(-1.80374433271636,2.58715260030696,8.23595236151038));
#10921=CARTESIAN_POINT('Ctrl Pts',(-1.9577835663711,2.46483773522688,8.24092246213669));
#10922=CARTESIAN_POINT('Ctrl Pts',(-2.05158997008861,2.39035075329296,8.24394914082632));
#10923=CARTESIAN_POINT('Ctrl Pts',(-2.14124452449018,2.31062294111513,8.24697641109696));
#10924=CARTESIAN_POINT('Ctrl Pts',(-2.22614941866593,2.22611387072506,8.25000494724889));
#10925=CARTESIAN_POINT('Ctrl Pts',(-2.40592297352079,2.04717841418879,8.25641742458984));
#10926=CARTESIAN_POINT('Ctrl Pts',(-2.56437780539338,1.84683527743527,8.26282908659362));
#10927=CARTESIAN_POINT('Ctrl Pts',(-2.69569934499472,1.62960515700027,8.26924098349199));
#10928=CARTESIAN_POINT('Ctrl Pts',(-2.8325631770766,1.40320705950157,8.2759234880003));
#10929=CARTESIAN_POINT('Ctrl Pts',(-2.93951989401301,1.15917153411338,8.28260611025417));
#10930=CARTESIAN_POINT('Ctrl Pts',(-3.01504955799787,0.905701737699952,
8.28928924219853));
#10931=CARTESIAN_POINT('Ctrl Pts',(-3.08439465367057,0.672986717466948,
8.29542514165345));
#10932=CARTESIAN_POINT('Ctrl Pts',(-3.12724881894068,0.432320888503222,
8.30156147067697));
#10933=CARTESIAN_POINT('Ctrl Pts',(-3.14247361024468,0.190060838056947,
8.30769853293635));
#10934=CARTESIAN_POINT('Ctrl Pts',(-3.1583838041812,-0.0631054818426919,
8.31411187869575));
#10935=CARTESIAN_POINT('Ctrl Pts',(-3.14413778055284,-0.31813986823183,
8.32052344175127));
#10936=CARTESIAN_POINT('Ctrl Pts',(-3.0983874558473,-0.567799531253152,
8.32693383408699));
#10937=CARTESIAN_POINT('Ctrl Pts',(-3.04924149573287,-0.835989187173635,
8.33382001223058));
#10938=CARTESIAN_POINT('Ctrl Pts',(-2.96389685082291,-1.09713299241348,
8.34070624755777));
#10939=CARTESIAN_POINT('Ctrl Pts',(-2.84705947693409,-1.34341214925193,
8.34759358195812));
#10940=CARTESIAN_POINT('Ctrl Pts',(-2.74644982423072,-1.55548521810721,
8.35352432397164));
#10941=CARTESIAN_POINT('Ctrl Pts',(-2.62248939327614,-1.75653526420992,
8.35945588092841));
#10942=CARTESIAN_POINT('Ctrl Pts',(-2.47820938971262,-1.94158617523789,
8.36538891778055));
#10943=CARTESIAN_POINT('Ctrl Pts',(-2.32224278926605,-2.14162610308463,
8.37180252718793));
#10944=CARTESIAN_POINT('Ctrl Pts',(-2.14246173814881,-2.32307371971439,
8.37821484010622));
#10945=CARTESIAN_POINT('Ctrl Pts',(-1.94265499020187,-2.47961437855474,
8.38462672496265));
#10946=CARTESIAN_POINT('Ctrl Pts',(-1.72984178234788,-2.64634508264606,
8.39145599273618));
#10947=CARTESIAN_POINT('Ctrl Pts',(-1.49500453519297,-2.78428302855747,
8.39828372079189));
#10948=CARTESIAN_POINT('Ctrl Pts',(-1.24662422256326,-2.89077386065371,
8.40511164930324));
#10949=CARTESIAN_POINT('Ctrl Pts',(-1.02874403585788,-2.98418803721983,
8.41110113503628));
#10950=CARTESIAN_POINT('Ctrl Pts',(-0.800444178875667,-3.05340429868516,
8.41709077510449));
#10951=CARTESIAN_POINT('Ctrl Pts',(-0.56745805551817,-3.09666285650954,
8.42308174395544));
#10952=CARTESIAN_POINT('Ctrl Pts',(-0.318068934918676,-3.14296696054268,
8.42949449692006));
#10953=CARTESIAN_POINT('Ctrl Pts',(-0.0631794403608945,-3.1595627025675,
8.43590623566715));
#10954=CARTESIAN_POINT('Ctrl Pts',(0.190192747827952,-3.14423777534635,
8.44231826776955));
#10955=CARTESIAN_POINT('Ctrl Pts',(0.460985734860363,-3.12785917101753,
8.44917116404981));
#10956=CARTESIAN_POINT('Ctrl Pts',(0.729170740644251,-3.07506172121117,
8.45602398693863));
#10957=CARTESIAN_POINT('Ctrl Pts',(0.986542348049625,-2.98952612423178,
8.46287716864622));
#10958=CARTESIAN_POINT('Ctrl Pts',(1.21059433641857,-2.91506406226326,8.4688431297082));
#10959=CARTESIAN_POINT('Ctrl Pts',(1.42645052706355,-2.81579301126584,8.4748093626181));
#10960=CARTESIAN_POINT('Ctrl Pts',(1.62871048617457,-2.69417072008879,8.48077615310178));
#10961=CARTESIAN_POINT('Ctrl Pts',(1.84610101295651,-2.56345016588907,8.48718930443507));
#10962=CARTESIAN_POINT('Ctrl Pts',(2.04790022633561,-2.40684922120054,8.49360063243265));
#10963=CARTESIAN_POINT('Ctrl Pts',(2.22737566313336,-2.22737566313334,8.50001044529403));
#10964=CARTESIAN_POINT('Ctrl Pts',(2.41626661721399,-2.03848668634394,8.50675652536195));
#10965=CARTESIAN_POINT('Ctrl Pts',(2.57985853058691,-1.82483230062374,8.51350351801749));
#10966=CARTESIAN_POINT('Ctrl Pts',(2.71460722796498,-1.59424031453433,8.52025178226588));
#10967=CARTESIAN_POINT('Ctrl Pts',(2.83581589868895,-1.38681902841177,8.52632195700714));
#10968=CARTESIAN_POINT('Ctrl Pts',(2.93368655464975,-1.16569465876048,8.53239316052293));
#10969=CARTESIAN_POINT('Ctrl Pts',(3.00567267777304,-0.936578984790345,
8.53846565375535));
#10970=CARTESIAN_POINT('Ctrl Pts',(3.07375399699587,-0.719891425275572,
8.54420875162334));
#10971=CARTESIAN_POINT('Ctrl Pts',(3.11873578328027,-0.495906010444067,
8.54995211635229));
#10972=CARTESIAN_POINT('Ctrl Pts',(3.13839710027246,-0.26946624462254,8.55569509245324));
#10973=CARTESIAN_POINT('Ctrl Pts',(3.14068881876321,-0.243072478702392,
8.55636449239871));
#10974=CARTESIAN_POINT('Ctrl Pts',(3.14263657807027,-0.216645398353067,
8.55703388706296));
#10975=CARTESIAN_POINT('Ctrl Pts',(3.1442369016544,-0.190192694978928,8.55770327540719));
#10976=CARTESIAN_POINT('Ctrl Pts',(3.15789441466018,0.0355604864116967,
8.56341598257961));
#10977=CARTESIAN_POINT('Ctrl Pts',(3.14629641384768,0.262466515194411,8.56912451902077));
#10978=CARTESIAN_POINT('Ctrl Pts',(3.11090551342173,0.485620497912712,8.57483197062031));
#10979=CARTESIAN_POINT('Ctrl Pts',(3.07572615901188,0.707440597190568,8.58050530642642));
#10980=CARTESIAN_POINT('Ctrl Pts',(3.01703800209223,0.925551682891648,8.58617757149641));
#10981=CARTESIAN_POINT('Ctrl Pts',(2.93632560151146,1.13514906231556,8.59185179329004));
#10982=CARTESIAN_POINT('Ctrl Pts',(2.91595193992116,1.18805624941281,8.59328409704733));
#10983=CARTESIAN_POINT('Ctrl Pts',(2.89417517076603,1.24042110045706,8.59471652541564));
#10984=CARTESIAN_POINT('Ctrl Pts',(2.87101959978628,1.29216666438881,8.5961491269172));
#10985=CARTESIAN_POINT('Ctrl Pts',(2.82294237514572,1.3996044426874,8.59912359488742));
#10986=CARTESIAN_POINT('Ctrl Pts',(2.7687951922305,1.50427327553301,8.60220490264489));
#10987=CARTESIAN_POINT('Ctrl Pts',(2.70891649570404,1.60551992309128,8.60531924671577));
#10988=CARTESIAN_POINT('Ctrl Pts',(2.64949170269927,1.70599908216782,8.60840998286225));
#10989=CARTESIAN_POINT('Ctrl Pts',(2.58442276772506,1.80310810231472,8.61153325663052));
#10990=CARTESIAN_POINT('Ctrl Pts',(2.51401838019408,1.8962544960796,8.61461692731001));
#10991=CARTESIAN_POINT('Ctrl Pts',(2.50241743089107,1.91160278089138,8.61512504205221));
#10992=CARTESIAN_POINT('Ctrl Pts',(2.49067155363683,1.92684357096071,8.61563208151415));
#10993=CARTESIAN_POINT('Ctrl Pts',(2.47878204797141,1.94197432597096,8.6161377229319));
#10994=CARTESIAN_POINT('Ctrl Pts',(1.28790205474351,2.87501327089471,8.6541926880528));
#10995=CARTESIAN_POINT('Ctrl Pts',(1.98581893621029,2.56242675836365,8.63487703128459));
#10996=CARTESIAN_POINT('Ctrl Pts',(2.55956385322236,1.98881369309439,8.61563720957315));
#10997=CARTESIAN_POINT('Ctrl Pts',(3.18520052848132,0.598706770179537,8.57713212629522));
#10998=CARTESIAN_POINT('Ctrl Pts',(3.23416059545734,-0.210350632666714,
8.55790293488173));
#10999=CARTESIAN_POINT('Ctrl Pts',(2.78115511981902,-1.66409686817615,8.51943533817598));
#11000=CARTESIAN_POINT('Ctrl Pts',(2.28128460481865,-2.3021142472697,8.50020785091409));
#11001=CARTESIAN_POINT('Ctrl Pts',(0.978251899503676,-3.08982402804994,
8.46174550986274));
#11002=CARTESIAN_POINT('Ctrl Pts',(0.180933508424996,-3.23591922650501,
8.44251180313012));
#11003=CARTESIAN_POINT('Ctrl Pts',(-1.31664661337481,-2.9614779958063,8.40405734517906));
#11004=CARTESIAN_POINT('Ctrl Pts',(-2.01033086356042,-2.54216504774612,
8.38482561996089));
#11005=CARTESIAN_POINT('Ctrl Pts',(-2.94939723754181,-1.34353614393134,
8.34635889884186));
#11006=CARTESIAN_POINT('Ctrl Pts',(-3.19052125345758,-0.569728023532278,
8.32713225998802));
#11007=CARTESIAN_POINT('Ctrl Pts',(-3.09858475997181,0.950151655438961,
8.28866728997466));
#11008=CARTESIAN_POINT('Ctrl Pts',(-2.7658657906728,1.6893318001148,8.26943216730682));
#11009=CARTESIAN_POINT('Ctrl Pts',(-1.68577002660859,2.76942817694127,8.23085575709076));
#11010=CARTESIAN_POINT('Ctrl Pts',(-0.941864570691107,3.10288837992587,
8.21153132920225));
#11011=CARTESIAN_POINT('Ctrl Pts',(-0.175092140275691,3.14542972656291,
8.19213279305651));
#11012=CARTESIAN_POINT('Ctrl Pts',(1.13976832330715,2.54427766996394,8.4039851730006));
#11013=CARTESIAN_POINT('Ctrl Pts',(1.75462758483412,2.26890967928993,8.38466138429166));
#11014=CARTESIAN_POINT('Ctrl Pts',(2.26655236950772,1.75685909139802,8.36542963624813));
#11015=CARTESIAN_POINT('Ctrl Pts',(2.8173675195126,0.532998816549852,8.3269245529702));
#11016=CARTESIAN_POINT('Ctrl Pts',(2.86104111430017,-0.189613725706481,
8.30769536155671));
#11017=CARTESIAN_POINT('Ctrl Pts',(2.4623038590823,-1.46920705009097,8.26922776485096));
#11018=CARTESIAN_POINT('Ctrl Pts',(2.0157491597218,-2.03916997817273,8.25000027758907));
#11019=CARTESIAN_POINT('Ctrl Pts',(0.868827159651611,-2.73250766491716,
8.21153793653772));
#11020=CARTESIAN_POINT('Ctrl Pts',(0.156540161964534,-2.86301984931376,
8.19230422980509));
#11021=CARTESIAN_POINT('Ctrl Pts',(-1.16160671783716,-2.62146091828131,
8.15384977185404));
#11022=CARTESIAN_POINT('Ctrl Pts',(-1.78130989915671,-2.24687214108082,
8.13461804663587));
#11023=CARTESIAN_POINT('Ctrl Pts',(-2.60787678796857,-1.19183812548947,
8.09615132551684));
#11024=CARTESIAN_POINT('Ctrl Pts',(-2.82328090194896,-0.500563678664397,
8.076924686663));
#11025=CARTESIAN_POINT('Ctrl Pts',(-2.74235895276991,0.837225347730817,
8.03845971664964));
#11026=CARTESIAN_POINT('Ctrl Pts',(-2.44522683902673,1.49746795053601,8.0192245939818));
#11027=CARTESIAN_POINT('Ctrl Pts',(-1.49433220012889,2.4483630556998,7.98064818376574));
#11028=CARTESIAN_POINT('Ctrl Pts',(-0.830434438913306,2.74616556200028,
7.96133201001753));
#11029=CARTESIAN_POINT('Ctrl Pts',(-0.155011326794604,2.78359180468165,
7.94192505586166));
#11030=CARTESIAN_POINT('Ctrl Pts',(-0.1683308345332,2.78281992735944,7.94230779834368));
#11031=CARTESIAN_POINT('Ctrl Pts',(0.502583308034341,2.82340304924959,7.92302819925892));
#11032=CARTESIAN_POINT('Ctrl Pts',(1.19170960918809,2.60797769269031,7.90384866587021));
#11033=CARTESIAN_POINT('Ctrl Pts',(2.24700065738222,1.78120899443495,7.86538196197709));
#11034=CARTESIAN_POINT('Ctrl Pts',(2.62146091828144,1.16160671783715,7.84615022814663));
#11035=CARTESIAN_POINT('Ctrl Pts',(2.86301984931363,-0.156540161964545,
7.80769577019424));
#11036=CARTESIAN_POINT('Ctrl Pts',(2.73250766491701,-0.868827159651676,
7.78846206346195));
#11037=CARTESIAN_POINT('Ctrl Pts',(2.03916997817291,-2.0157491597217,7.74999972241126));
#11038=CARTESIAN_POINT('Ctrl Pts',(1.46920705009102,-2.46230385908263,7.73077223514805));
#11039=CARTESIAN_POINT('Ctrl Pts',(0.189613725706446,-2.86104111429985,
7.69230463844428));
#11040=CARTESIAN_POINT('Ctrl Pts',(-0.533148620703604,-2.81730028763927,
7.67307545568378));
#11041=CARTESIAN_POINT('Ctrl Pts',(-1.7552388259164,-2.26728140272679,7.63461661874175));
#11042=CARTESIAN_POINT('Ctrl Pts',(-2.2672814027268,-1.75523882591638,7.61538338125759));
#11043=CARTESIAN_POINT('Ctrl Pts',(-2.81730028763928,-0.533148620703585,
7.57692454431688));
#11044=CARTESIAN_POINT('Ctrl Pts',(-2.86109023636049,0.189455501024715,
7.55769535282412));
#11045=CARTESIAN_POINT('Ctrl Pts',(-2.462254737022,1.46936527477272,7.51922777358354));
#11046=CARTESIAN_POINT('Ctrl Pts',(-2.01749977696103,2.03811167643176,7.500047969857));
#11047=CARTESIAN_POINT('Ctrl Pts',(-1.4422881596867,2.38583882154495,7.48076910706339));
#11048=CARTESIAN_POINT('Ctrl Pts',(-0.190193663393013,3.14425291132968,
7.69230779834368));
#11049=CARTESIAN_POINT('Ctrl Pts',(0.57122633881104,3.1903106667496,7.67303597646638));
#11050=CARTESIAN_POINT('Ctrl Pts',(1.34341063482346,2.94911393122617,7.65384866587054));
#11051=CARTESIAN_POINT('Ctrl Pts',(2.54191973117777,2.01014084616012,7.61538196197676));
#11052=CARTESIAN_POINT('Ctrl Pts',(2.96119591611376,1.31651799158217,7.5961502281463));
#11053=CARTESIAN_POINT('Ctrl Pts',(3.23560986750927,-0.180913271595439,
7.55769577019457));
#11054=CARTESIAN_POINT('Ctrl Pts',(3.08952759679253,-0.978161120248786,
7.53846206346195));
#11055=CARTESIAN_POINT('Ctrl Pts',(2.30189610752476,-2.28106431542235,7.49999972241126));
#11056=CARTESIAN_POINT('Ctrl Pts',(1.66393518670899,-2.78089059938338,7.48077223514805));
#11057=CARTESIAN_POINT('Ctrl Pts',(0.210333429235701,-3.23385105386199,
7.44230463844428));
#11058=CARTESIAN_POINT('Ctrl Pts',(-0.598652117980797,-3.18489568493662,
7.42307545568378));
#11059=CARTESIAN_POINT('Ctrl Pts',(-1.9869513630582,-2.56007208162561,7.38461661874175));
#11060=CARTESIAN_POINT('Ctrl Pts',(-2.56007208162562,-1.98695136305825,
7.36538338125759));
#11061=CARTESIAN_POINT('Ctrl Pts',(-3.18489568493663,-0.598652117980688,
7.32692454431688));
#11062=CARTESIAN_POINT('Ctrl Pts',(-3.23385075808326,0.21033360804014,7.30769535282412));
#11063=CARTESIAN_POINT('Ctrl Pts',(-2.78089089516211,1.66393500790454,7.26922777358354));
#11064=CARTESIAN_POINT('Ctrl Pts',(-2.28241666615544,2.30107855943106,7.25004016135424));
#11065=CARTESIAN_POINT('Ctrl Pts',(-1.62961271783558,2.69571185215863,7.23076910706339));
#11066=CARTESIAN_POINT('Ctrl Pts',(-2.69436241693117,1.62875303591055,7.26922757552178));
#11067=CARTESIAN_POINT('Ctrl Pts',(-2.79371673088432,1.46517539348389,7.27406789162267));
#11068=CARTESIAN_POINT('Ctrl Pts',(-2.87823045921811,1.29286955709305,7.27890123363087));
#11069=CARTESIAN_POINT('Ctrl Pts',(-2.94614488736792,1.11424242539394,7.28373229460477));
#11070=CARTESIAN_POINT('Ctrl Pts',(-2.9683445327653,1.0558533747886,7.28531145596172));
#11071=CARTESIAN_POINT('Ctrl Pts',(-2.98877035946209,0.996788536732715,
7.28689037345383));
#11072=CARTESIAN_POINT('Ctrl Pts',(-3.00736025175311,0.937131012710912,
7.288469210673));
#11073=CARTESIAN_POINT('Ctrl Pts',(-3.06363693558243,0.756531385512554,
7.29324878236765));
#11074=CARTESIAN_POINT('Ctrl Pts',(-3.10287972663063,0.57096332504267,7.29802448325509));
#11075=CARTESIAN_POINT('Ctrl Pts',(-3.12532515524411,0.383389159807084,
7.30279894618765));
#11076=CARTESIAN_POINT('Ctrl Pts',(-3.14843277772236,0.190281107758884,
7.30771426720388));
#11077=CARTESIAN_POINT('Ctrl Pts',(-3.15373741452788,-0.00495465505622517,
7.31262827610839));
#11078=CARTESIAN_POINT('Ctrl Pts',(-3.14144445918546,-0.199099921965135,
7.31754384485781));
#11079=CARTESIAN_POINT('Ctrl Pts',(-3.13362336224217,-0.322620174929378,
7.32067125715612));
#11080=CARTESIAN_POINT('Ctrl Pts',(-3.11867798463669,-0.44569922904655,
7.32379930083797));
#11081=CARTESIAN_POINT('Ctrl Pts',(-3.09665032865304,-0.567506775259987,
7.32692871545532));
#11082=CARTESIAN_POINT('Ctrl Pts',(-3.05151171581804,-0.817112256342031,
7.33334144656562));
#11083=CARTESIAN_POINT('Ctrl Pts',(-2.97664487420119,-1.06132618860489,
7.33975298207492));
#11084=CARTESIAN_POINT('Ctrl Pts',(-2.87247025454556,-1.2927956067155,7.3461642815508));
#11085=CARTESIAN_POINT('Ctrl Pts',(-2.76254874107094,-1.53703425952669,
7.35292926657362));
#11086=CARTESIAN_POINT('Ctrl Pts',(-2.62033653645396,-1.76631471541667,
7.35969443359481));
#11087=CARTESIAN_POINT('Ctrl Pts',(-2.45194133984871,-1.97450488878537,
7.36646036713228));
#11088=CARTESIAN_POINT('Ctrl Pts',(-2.30129598603927,-2.16075059507055,
7.37251313153502));
#11089=CARTESIAN_POINT('Ctrl Pts',(-2.12969792194245,-2.33011712005296,
7.37856650932232));
#11090=CARTESIAN_POINT('Ctrl Pts',(-1.94154535585708,-2.47823881471554,
7.38462091903627));
#11091=CARTESIAN_POINT('Ctrl Pts',(-1.74223232607607,-2.63514650060966,
7.39103445231263));
#11092=CARTESIAN_POINT('Ctrl Pts',(-1.52425163289293,-2.76829733130408,
7.39744628364356));
#11093=CARTESIAN_POINT('Ctrl Pts',(-1.29279512522661,-2.87246918472245,
7.40385716597455));
#11094=CARTESIAN_POINT('Ctrl Pts',(-1.04131318634903,-2.98565390326099,
7.41082271269765));
#11095=CARTESIAN_POINT('Ctrl Pts',(-0.77473661046602,-3.06426578115346,
7.41778760942612));
#11096=CARTESIAN_POINT('Ctrl Pts',(-0.502482350685797,-3.10771910213714,
7.42475341607448));
#11097=CARTESIAN_POINT('Ctrl Pts',(-0.273762016239792,-3.1442241622093,
7.43060537823508));
#11098=CARTESIAN_POINT('Ctrl Pts',(-0.0410358642835128,-3.15591626945437,
7.43645798260711));
#11099=CARTESIAN_POINT('Ctrl Pts',(0.190111334465017,-3.14247659872048,
7.44231215379168));
#11100=CARTESIAN_POINT('Ctrl Pts',(0.443336044691072,-3.12775326767624,
7.44872547313906));
#11101=CARTESIAN_POINT('Ctrl Pts',(0.694791866593855,-3.08286898082481,
7.4551376560638));
#11102=CARTESIAN_POINT('Ctrl Pts',(0.937129437402553,-3.00735519640898,
7.46154974015802));
#11103=CARTESIAN_POINT('Ctrl Pts',(1.19025752070927,-2.92847902607917,7.46824733373112));
#11104=CARTESIAN_POINT('Ctrl Pts',(1.43262798697751,-2.81643811679261,7.4749434939876));
#11105=CARTESIAN_POINT('Ctrl Pts',(1.65763287706884,-2.67639768271996,7.48163962037917));
#11106=CARTESIAN_POINT('Ctrl Pts',(1.86332650995422,-2.54837635116776,7.48776104539878));
#11107=CARTESIAN_POINT('Ctrl Pts',(2.05450653876512,-2.39695678521712,7.49388244219836));
#11108=CARTESIAN_POINT('Ctrl Pts',(2.22614945792993,-2.22611406830707,7.50000487991561));
#11109=CARTESIAN_POINT('Ctrl Pts',(2.40592311548507,-2.04717851864955,7.50641733798227));
#11110=CARTESIAN_POINT('Ctrl Pts',(2.56437792669856,-1.84683532242936,7.5128289997008));
#11111=CARTESIAN_POINT('Ctrl Pts',(2.69569944165773,-1.629605215435,7.51924090550602));
#11112=CARTESIAN_POINT('Ctrl Pts',(2.83260441963039,-1.40313902653741,7.52592542954079));
#11113=CARTESIAN_POINT('Ctrl Pts',(2.93958424486881,-1.15902485729003,7.53261008031149));
#11114=CARTESIAN_POINT('Ctrl Pts',(3.01511768442788,-0.905473231084406,
7.53929523790001));
#11115=CARTESIAN_POINT('Ctrl Pts',(3.08442272238888,-0.67282918386724,7.54542914499006));
#11116=CARTESIAN_POINT('Ctrl Pts',(3.12725380041186,-0.432241622288285,
7.5515634786913));
#11117=CARTESIAN_POINT('Ctrl Pts',(3.14247361024417,-0.190060838056918,
7.55769853293625));
#11118=CARTESIAN_POINT('Ctrl Pts',(3.15838380679406,0.063105523427183,7.56411187974916));
#11119=CARTESIAN_POINT('Ctrl Pts',(3.14413777575392,0.318139894416461,7.57052344242573));
#11120=CARTESIAN_POINT('Ctrl Pts',(3.0983874567703,0.567799531422283,7.57693383343911));
#11121=CARTESIAN_POINT('Ctrl Pts',(3.04922807298842,0.836062445934684,7.58382189190558));
#11122=CARTESIAN_POINT('Ctrl Pts',(2.96385018838368,1.09727564485473,7.59071000760294));
#11123=CARTESIAN_POINT('Ctrl Pts',(2.84696364233065,1.34361397728608,7.59759922269273));
#11124=CARTESIAN_POINT('Ctrl Pts',(2.74637112983673,1.55561264282616,7.60352807830866));
#11125=CARTESIAN_POINT('Ctrl Pts',(2.6224436325561,1.75659374444392,7.6094577481412));
#11126=CARTESIAN_POINT('Ctrl Pts',(2.47820945524135,1.94158593036699,7.6153888961385));
#11127=CARTESIAN_POINT('Ctrl Pts',(2.33946006040475,2.11954343200902,7.62109450080608));
#11128=CARTESIAN_POINT('Ctrl Pts',(2.18182820187708,2.28282992885787,7.62680047905974));
#11129=CARTESIAN_POINT('Ctrl Pts',(2.00798526532277,2.42695631016181,7.63250641528636));
#11130=CARTESIAN_POINT('Ctrl Pts',(1.98645548315483,2.44480581072612,7.63321307364394));
#11131=CARTESIAN_POINT('Ctrl Pts',(1.9646771175026,2.46236146211482,7.63391973135609));
#11132=CARTESIAN_POINT('Ctrl Pts',(1.94265529151858,2.47961476315685,7.63462638763266));
#11133=CARTESIAN_POINT('Ctrl Pts',(1.76574261339282,2.61821942273723,7.64030332171135));
#11134=CARTESIAN_POINT('Ctrl Pts',(1.57372930554076,2.73694572127911,7.64597600860914));
#11135=CARTESIAN_POINT('Ctrl Pts',(1.37139166795594,2.83424103467939,7.65164747313979));
#11136=CARTESIAN_POINT('Ctrl Pts',(1.17041447444021,2.93088217007478,7.65728080482291));
#11137=CARTESIAN_POINT('Ctrl Pts',(0.959252985989096,3.00637900981972,7.66291293170075));
#11138=CARTESIAN_POINT('Ctrl Pts',(0.742604357202581,3.05925682579301,7.66854681456977));
#11139=CARTESIAN_POINT('Ctrl Pts',(0.684597416426827,3.07341468294952,7.67005526773539));
#11140=CARTESIAN_POINT('Ctrl Pts',(0.626197127135445,3.08595130723961,7.67156384671144));
#11141=CARTESIAN_POINT('Ctrl Pts',(0.567493615406545,3.09683904177643,7.67307260812087));
#11142=CARTESIAN_POINT('Ctrl Pts',(0.451798935742778,3.11829692261529,7.67604612133689));
#11143=CARTESIAN_POINT('Ctrl Pts',(0.334933901147784,3.13319026788619,7.67912670016939));
#11144=CARTESIAN_POINT('Ctrl Pts',(0.217628224443277,3.14142643826121,7.68224043261302));
#11145=CARTESIAN_POINT('Ctrl Pts',(0.101214283159551,3.14959999883711,7.68533049505543));
#11146=CARTESIAN_POINT('Ctrl Pts',(-0.0156334596811518,3.15121808101437,
7.6884532092402));
#11147=CARTESIAN_POINT('Ctrl Pts',(-0.132252191150599,3.14619833859422,
7.69153633300926));
#11148=CARTESIAN_POINT('Ctrl Pts',(-0.151543587172957,3.14536795879385,
7.6920463519476));
#11149=CARTESIAN_POINT('Ctrl Pts',(-0.170828832025225,3.1443559383982,7.69255528749344));
#11150=CARTESIAN_POINT('Ctrl Pts',(-0.190105064176507,3.14316190093883,
7.69306281260724));
#11151=CARTESIAN_POINT('Ctrl Pts',(-1.63449256679996,2.69310713998478,7.73111610048364));
#11152=CARTESIAN_POINT('Ctrl Pts',(-0.980789067617248,3.08991003952858,
7.71179955609978));
#11153=CARTESIAN_POINT('Ctrl Pts',(-0.182740340157251,3.23625040735527,
7.69255809347685));
#11154=CARTESIAN_POINT('Ctrl Pts',(1.31664613031201,2.96147770094013,7.65405724608323));
#11155=CARTESIAN_POINT('Ctrl Pts',(2.01033076513742,2.54216492084239,7.63482551243267));
#11156=CARTESIAN_POINT('Ctrl Pts',(2.94939709077111,1.343536078738,7.5963587913136));
#11157=CARTESIAN_POINT('Ctrl Pts',(3.19052109563317,0.569727993808409,7.5771321524598));
#11158=CARTESIAN_POINT('Ctrl Pts',(3.09858460688219,-0.950151606908143,
7.5386671824464));
#11159=CARTESIAN_POINT('Ctrl Pts',(2.76586606959136,-1.68933160631567,7.51943206800326));
#11160=CARTESIAN_POINT('Ctrl Pts',(1.68933160631568,-2.76586606959136,7.48098286359031));
#11161=CARTESIAN_POINT('Ctrl Pts',(0.95015160690806,-3.09858460688174,7.46174774914681));
#11162=CARTESIAN_POINT('Ctrl Pts',(-0.569727993808376,-3.19052109563362,
7.42328277913412));
#11163=CARTESIAN_POINT('Ctrl Pts',(-1.34353607873821,-2.94939709077047,
7.40405614027896));
#11164=CARTESIAN_POINT('Ctrl Pts',(-2.5421649208422,-2.01033076513806,7.36558941916191));
#11165=CARTESIAN_POINT('Ctrl Pts',(-2.96147770093988,-1.31664613031211,
7.34635768551065));
#11166=CARTESIAN_POINT('Ctrl Pts',(-3.23682682637462,0.185885757654825,
7.30777607092164));
#11167=CARTESIAN_POINT('Ctrl Pts',(-3.08867855942439,0.987478435191884,
7.28845411124405));
#11168=CARTESIAN_POINT('Ctrl Pts',(-2.68810547430452,1.64270308979496,7.2690559860174));
#11169=CARTESIAN_POINT('Ctrl Pts',(-1.44645031280354,2.38331747210661,7.48090869353848));
#11170=CARTESIAN_POINT('Ctrl Pts',(-0.87056510861391,2.73290369516976,7.46158396243557));
#11171=CARTESIAN_POINT('Ctrl Pts',(-0.158288601039056,2.86334043373898,
7.44235062768007));
#11172=CARTESIAN_POINT('Ctrl Pts',(1.16176405506652,2.62143191396116,7.40384978028645));
#11173=CARTESIAN_POINT('Ctrl Pts',(1.78130989915694,2.24687214108096,7.38461804663589));
#11174=CARTESIAN_POINT('Ctrl Pts',(2.60787678796832,1.19183812548938,7.34615132551682));
#11175=CARTESIAN_POINT('Ctrl Pts',(2.82328090194851,0.500563678664398,7.32692468666302));
#11176=CARTESIAN_POINT('Ctrl Pts',(2.74235895277037,-0.837225347730831,
7.28845971664962));
#11177=CARTESIAN_POINT('Ctrl Pts',(2.44511660625182,-1.49757841567537,7.26922460220648));
#11178=CARTESIAN_POINT('Ctrl Pts',(1.49757841567505,-2.44511660625149,7.23077539779353));
#11179=CARTESIAN_POINT('Ctrl Pts',(0.837225347730692,-2.74235895276991,
7.21154028335003));
#11180=CARTESIAN_POINT('Ctrl Pts',(-0.500563678664295,-2.82328090194896,
7.17307531333734));
#11181=CARTESIAN_POINT('Ctrl Pts',(-1.19183812548966,-2.60787678796773,
7.15384867448218));
#11182=CARTESIAN_POINT('Ctrl Pts',(-2.24687214108067,-1.78130989915752,
7.11538195336513));
#11183=CARTESIAN_POINT('Ctrl Pts',(-2.62143191396106,-1.16176405506681,
7.09615021971387));
#11184=CARTESIAN_POINT('Ctrl Pts',(-2.86384791016752,0.161057811515666,
7.05756860512486));
#11185=CARTESIAN_POINT('Ctrl Pts',(-2.73180607332155,0.876535680057898,
7.038254841578));
#11186=CARTESIAN_POINT('Ctrl Pts',(-2.37891104824086,1.45368294956777,7.01884835758703));
#11187=CARTESIAN_POINT('Ctrl Pts',(-2.38583882154495,1.44228815968671,7.01923089293661));
#11188=CARTESIAN_POINT('Ctrl Pts',(-2.03811167643167,2.01749977696112,6.99995203014594));
#11189=CARTESIAN_POINT('Ctrl Pts',(-1.46936527477268,2.462254737022,6.98077222641745));
#11190=CARTESIAN_POINT('Ctrl Pts',(-0.189455501024758,2.86109023636049,
6.94230464717489));
#11191=CARTESIAN_POINT('Ctrl Pts',(0.53314862070336,2.81730028763918,6.92307545568313));
#11192=CARTESIAN_POINT('Ctrl Pts',(1.75523882591663,2.26728140272689,6.88461661874241));
#11193=CARTESIAN_POINT('Ctrl Pts',(2.26728140272662,1.75523882591674,6.86538338125726));
#11194=CARTESIAN_POINT('Ctrl Pts',(2.81730028763943,0.533148620703285,6.82692454431721));
#11195=CARTESIAN_POINT('Ctrl Pts',(2.86104111430001,-0.18961372570644,6.80769536155605));
#11196=CARTESIAN_POINT('Ctrl Pts',(2.46230385908247,-1.46920705009101,6.76922776485162));
#11197=CARTESIAN_POINT('Ctrl Pts',(2.0157491597217,-2.03916997817243,6.75000027758905));
#11198=CARTESIAN_POINT('Ctrl Pts',(0.868827159651684,-2.73250766491748,
6.71153793653774));
#11199=CARTESIAN_POINT('Ctrl Pts',(0.156540161964431,-2.86301984931419,
6.69230422980475));
#11200=CARTESIAN_POINT('Ctrl Pts',(-1.16160671783709,-2.62146091828087,
6.65384977185437));
#11201=CARTESIAN_POINT('Ctrl Pts',(-1.78120899443482,-2.24700065738242,
6.63461803802422));
#11202=CARTESIAN_POINT('Ctrl Pts',(-2.60797769269043,-1.19170960918791,
6.59615133412849));
#11203=CARTESIAN_POINT('Ctrl Pts',(-2.8234030492509,-0.502583308034463,
6.57697180074008));
#11204=CARTESIAN_POINT('Ctrl Pts',(-2.78281992735944,0.168330834533208,
6.55769220165632));
#11205=CARTESIAN_POINT('Ctrl Pts',(-2.69571185215862,1.6296127178356,6.76923089293661));
#11206=CARTESIAN_POINT('Ctrl Pts',(-2.30107855943132,2.28241666615561,6.74995983864872));
#11207=CARTESIAN_POINT('Ctrl Pts',(-1.66393500790455,2.78089089516227,6.73077222641745));
#11208=CARTESIAN_POINT('Ctrl Pts',(-0.210333608040143,3.23385075808309,
6.69230464717489));
#11209=CARTESIAN_POINT('Ctrl Pts',(0.598652117980773,3.18489568493638,6.67307545568313));
#11210=CARTESIAN_POINT('Ctrl Pts',(1.9869513630582,2.56007208162587,6.63461661874241));
#11211=CARTESIAN_POINT('Ctrl Pts',(2.56007208162544,1.98695136305862,6.61538338125726));
#11212=CARTESIAN_POINT('Ctrl Pts',(3.18489568493678,0.598652117980393,6.57692454431721));
#11213=CARTESIAN_POINT('Ctrl Pts',(3.23385105386199,-0.210333429235702,
6.55769536155605));
#11214=CARTESIAN_POINT('Ctrl Pts',(2.78089059938338,-1.66393518670899,6.51922776485162));
#11215=CARTESIAN_POINT('Ctrl Pts',(2.28106431542227,-2.30189610752449,6.50000027758905));
#11216=CARTESIAN_POINT('Ctrl Pts',(0.978161120248867,-3.08952759679279,
6.46153793653774));
#11217=CARTESIAN_POINT('Ctrl Pts',(0.180913271595377,-3.23560986750965,
6.44230422980475));
#11218=CARTESIAN_POINT('Ctrl Pts',(-1.31651799158216,-2.96119591611337,
6.40384977185437));
#11219=CARTESIAN_POINT('Ctrl Pts',(-2.01014084616004,-2.54191973117782,
6.38461803802422));
#11220=CARTESIAN_POINT('Ctrl Pts',(-2.94911393122624,-1.34341063482342,
6.34615133412849));
#11221=CARTESIAN_POINT('Ctrl Pts',(-3.1903106667504,-0.571226338811031,
6.32696402353394));
#11222=CARTESIAN_POINT('Ctrl Pts',(-3.14425291132968,0.19019366339302,6.30769220165632));
#11223=CARTESIAN_POINT('Ctrl Pts',(-2.871008813306,-1.29217907642673,6.34615099975611));
#11224=CARTESIAN_POINT('Ctrl Pts',(-2.79341103104221,-1.46556424187852,
6.3509549991019));
#11225=CARTESIAN_POINT('Ctrl Pts',(-2.70043398783275,-1.63179797958086,
6.35575204393027));
#11226=CARTESIAN_POINT('Ctrl Pts',(-2.59303828727436,-1.78813067114221,
6.36054677769754));
#11227=CARTESIAN_POINT('Ctrl Pts',(-2.55685696350895,-1.84079873605626,
6.36216211065687));
#11228=CARTESIAN_POINT('Ctrl Pts',(-2.51903867973738,-1.89234307001193,
6.36377718116299));
#11229=CARTESIAN_POINT('Ctrl Pts',(-2.47961886008168,-1.94265850125617,
6.3653921664209));
#11230=CARTESIAN_POINT('Ctrl Pts',(-2.36381182930632,-2.09047451729764,
6.37013664899584));
#11231=CARTESIAN_POINT('Ctrl Pts',(-2.23443889536447,-2.22725758977523,
6.37487749591152));
#11232=CARTESIAN_POINT('Ctrl Pts',(-2.0940164105192,-2.3515533091148,6.37961720621186));
#11233=CARTESIAN_POINT('Ctrl Pts',(-1.94960491643497,-2.47937992148304,
6.38449155839807));
#11234=CARTESIAN_POINT('Ctrl Pts',(-1.79350602592597,-2.59400057953273,
6.38936470849973));
#11235=CARTESIAN_POINT('Ctrl Pts',(-1.62841537601234,-2.69379788916452,
6.39423937431817));
#11236=CARTESIAN_POINT('Ctrl Pts',(-1.51992371219986,-2.75938110766675,
6.39744283014956));
#11237=CARTESIAN_POINT('Ctrl Pts',(-1.40754800598075,-2.81856188715998,
6.40064694055833));
#11238=CARTESIAN_POINT('Ctrl Pts',(-1.292047833983,-2.87087020639707,6.40385247672211));
#11239=CARTESIAN_POINT('Ctrl Pts',(-1.06097939408935,-2.97551768449612,
6.41026543895043));
#11240=CARTESIAN_POINT('Ctrl Pts',(-0.817465357265984,-3.05263376716584,
6.41667686334118));
#11241=CARTESIAN_POINT('Ctrl Pts',(-0.567799627930107,-3.09838798339729,
6.42308746544465));
#11242=CARTESIAN_POINT('Ctrl Pts',(-0.303514966666383,-3.14682129288786,
6.42987343406726));
#11243=CARTESIAN_POINT('Ctrl Pts',(-0.0331560872888824,-3.15995903045751,
6.43665984984329));
#11244=CARTESIAN_POINT('Ctrl Pts',(0.234677943558977,-3.13935845150463,
6.44344729249224));
#11245=CARTESIAN_POINT('Ctrl Pts',(0.472664824483077,-3.12105357995896,
6.44947834948811));
#11246=CARTESIAN_POINT('Ctrl Pts',(0.708656882817189,-3.0761118178233,6.45551021717085));
#11247=CARTESIAN_POINT('Ctrl Pts',(0.936627457680968,-3.00565969114414,
6.46154330208734));
#11248=CARTESIAN_POINT('Ctrl Pts',(1.17898069004288,-2.93076274166868,6.46795701417058));
#11249=CARTESIAN_POINT('Ctrl Pts',(1.41238870964861,-2.82700726439377,6.47436914731505));
#11250=CARTESIAN_POINT('Ctrl Pts',(1.62960423233637,-2.69569781541205,6.48078043165864));
#11251=CARTESIAN_POINT('Ctrl Pts',(1.86577761538247,-2.55292810720611,6.4877512719299));
#11252=CARTESIAN_POINT('Ctrl Pts',(2.08204048722326,-2.37805631990197,6.49472095794044));
#11253=CARTESIAN_POINT('Ctrl Pts',(2.27255271524679,-2.17851320738025,6.50169133397211));
#11254=CARTESIAN_POINT('Ctrl Pts',(2.43236566888246,-2.01112461232478,6.50753849870862));
#11255=CARTESIAN_POINT('Ctrl Pts',(2.57405815601386,-1.82637665256248,6.51338614905747));
#11256=CARTESIAN_POINT('Ctrl Pts',(2.69420537574313,-1.62867276924631,6.51923537341609));
#11257=CARTESIAN_POINT('Ctrl Pts',(2.82593603641838,-1.41190817639108,6.52564852380722));
#11258=CARTESIAN_POINT('Ctrl Pts',(2.93183829535724,-1.1794675982709,6.53206053230129));
#11259=CARTESIAN_POINT('Ctrl Pts',(3.0073554489808,-0.937129516107087,6.53847268391235));
#11260=CARTESIAN_POINT('Ctrl Pts',(3.0876404262586,-0.679491264577489,6.54528967080464));
#11261=CARTESIAN_POINT('Ctrl Pts',(3.13331829996139,-0.411503957428105,
6.55210544633805));
#11262=CARTESIAN_POINT('Ctrl Pts',(3.14491348912051,-0.141994652670939,
6.55892132513252));
#11263=CARTESIAN_POINT('Ctrl Pts',(3.15512420991982,0.0953351766169095,
6.5649233863682));
#11264=CARTESIAN_POINT('Ctrl Pts',(3.13890605351921,0.333843865531227,6.57092552771817));
#11265=CARTESIAN_POINT('Ctrl Pts',(3.09665051375495,0.56750669683661,6.57692864708366));
#11266=CARTESIAN_POINT('Ctrl Pts',(3.05151188348019,0.817112315652234,6.58334135857773));
#11267=CARTESIAN_POINT('Ctrl Pts',(2.97664498166656,1.0613262644569,6.58975289379757));
#11268=CARTESIAN_POINT('Ctrl Pts',(2.87247035920164,1.29279565381748,6.59616420231224));
#11269=CARTESIAN_POINT('Ctrl Pts',(2.76251401674092,1.5371116574994,6.60293134020033));
#11270=CARTESIAN_POINT('Ctrl Pts',(2.62024654605382,1.76645991383851,6.60969866951293));
#11271=CARTESIAN_POINT('Ctrl Pts',(2.45178146535281,1.97470259618405,6.61646676242365));
#11272=CARTESIAN_POINT('Ctrl Pts',(2.30117458050537,2.16087044503338,6.62251740143678));
#11273=CARTESIAN_POINT('Ctrl Pts',(2.12963137507368,2.33016950857588,6.62856865068051));
#11274=CARTESIAN_POINT('Ctrl Pts',(1.94154535585717,2.47823881471572,6.63462091903644));
#11275=CARTESIAN_POINT('Ctrl Pts',(1.74223229293816,2.6351465266975,6.64103445337915));
#11276=CARTESIAN_POINT('Ctrl Pts',(1.52425160831885,2.76829734236417,6.6474462843265));
#11277=CARTESIAN_POINT('Ctrl Pts',(1.29279512561753,2.87246918559109,6.6538571653169));
#11278=CARTESIAN_POINT('Ctrl Pts',(1.04124047465095,2.98568663086484,6.66082472531395));
#11279=CARTESIAN_POINT('Ctrl Pts',(0.774582447515147,3.06431119938102,6.66779163495682));
#11280=CARTESIAN_POINT('Ctrl Pts',(0.502246135323251,3.10775672221899,6.67475945489966));
#11281=CARTESIAN_POINT('Ctrl Pts',(0.273601898558958,3.14423209463688,6.68060939778799));
#11282=CARTESIAN_POINT('Ctrl Pts',(0.0409564972937208,3.15591152309236,
6.68645998234151));
#11283=CARTESIAN_POINT('Ctrl Pts',(-0.190111092858168,3.14247651235011,
6.69231213184273));
#11284=CARTESIAN_POINT('Ctrl Pts',(-0.41286911088558,3.12952464678059,6.6979538283837));
#11285=CARTESIAN_POINT('Ctrl Pts',(-0.634313433272254,3.09322820316738,
6.70359603308936));
#11286=CARTESIAN_POINT('Ctrl Pts',(-0.849403927662426,3.03324686631564,
6.709238458686));
#11287=CARTESIAN_POINT('Ctrl Pts',(-0.878768527465626,3.0250580899715,6.71000877431541));
#11288=CARTESIAN_POINT('Ctrl Pts',(-0.908014688050235,3.01642794601326,
6.71077909406139));
#11289=CARTESIAN_POINT('Ctrl Pts',(-0.937129576567045,3.00735564300369,
6.7115494171924));
#11290=CARTESIAN_POINT('Ctrl Pts',(-1.14934093836226,2.94122982647625,6.71716411568453));
#11291=CARTESIAN_POINT('Ctrl Pts',(-1.35393997735295,2.85190305658722,6.72277466460945));
#11292=CARTESIAN_POINT('Ctrl Pts',(-1.54706406840066,2.74232580102333,6.72838388779912));
#11293=CARTESIAN_POINT('Ctrl Pts',(-1.73877969137909,2.63354770036934,6.73395220251531));
#11294=CARTESIAN_POINT('Ctrl Pts',(-1.91918576932031,2.50481447880769,6.73951921192064));
#11295=CARTESIAN_POINT('Ctrl Pts',(-2.08453273753131,2.35905263498431,6.74508767520009));
#11296=CARTESIAN_POINT('Ctrl Pts',(-2.13311135991592,2.31622808461128,6.74672367904003));
#11297=CARTESIAN_POINT('Ctrl Pts',(-2.18039038676286,2.27193387711559,6.74835980829031));
#11298=CARTESIAN_POINT('Ctrl Pts',(-2.2262754750027,2.22624468803164,6.74999613264748));
#11299=CARTESIAN_POINT('Ctrl Pts',(-2.30963582036578,2.1432402365312,6.75296887540056));
#11300=CARTESIAN_POINT('Ctrl Pts',(-2.38826198101612,2.05554405573981,6.75604897868683));
#11301=CARTESIAN_POINT('Ctrl Pts',(-2.46166294013956,1.96370398097776,6.75916236974828));
#11302=CARTESIAN_POINT('Ctrl Pts',(-2.5345028735809,1.87256586762333,6.76225196422227));
#11303=CARTESIAN_POINT('Ctrl Pts',(-2.60219779283864,1.77734759851644,6.76537433983398));
#11304=CARTESIAN_POINT('Ctrl Pts',(-2.66430340893178,1.67854792046409,6.76845710642353));
#11305=CARTESIAN_POINT('Ctrl Pts',(-2.67461032565571,1.66215133480733,6.7689687158482));
#11306=CARTESIAN_POINT('Ctrl Pts',(-2.68476336950093,1.6456560153215,6.76947923434763));
#11307=CARTESIAN_POINT('Ctrl Pts',(-2.69476058688801,1.62906412449665,6.76998833102182));
#11308=CARTESIAN_POINT('Ctrl Pts',(-3.14488030427901,0.184715714187099,
6.80803875290447));
#11309=CARTESIAN_POINT('Ctrl Pts',(-3.10009410601646,0.948086160101609,
6.78872199829382));
#11310=CARTESIAN_POINT('Ctrl Pts',(-2.76716096234253,1.68803702008033,6.76947831196391));
#11311=CARTESIAN_POINT('Ctrl Pts',(-1.68933171781346,2.76586565313269,6.73098287201553));
#11312=CARTESIAN_POINT('Ctrl Pts',(-0.950151606998625,3.09858460716692,
6.71174774934771));
#11313=CARTESIAN_POINT('Ctrl Pts',(0.569727993863868,3.19052109592738,6.67328277933365));
#11314=CARTESIAN_POINT('Ctrl Pts',(1.34353607885953,2.94939709104476,6.65405614048019));
#11315=CARTESIAN_POINT('Ctrl Pts',(2.54216492107849,2.01033076532039,6.61558941936112));
#11316=CARTESIAN_POINT('Ctrl Pts',(2.96147784995364,1.31664654686971,6.59635769414264));
#11317=CARTESIAN_POINT('Ctrl Pts',(3.23591906654795,-0.180933497961477,
6.55790323619224));
#11318=CARTESIAN_POINT('Ctrl Pts',(3.08982387477756,-0.978251852565467,
6.53866952945827));
#11319=CARTESIAN_POINT('Ctrl Pts',(2.3021141344776,-2.28128449091549,6.50020718840894));
#11320=CARTESIAN_POINT('Ctrl Pts',(1.66409678457708,-2.78115498304621,6.48097970114538));
#11321=CARTESIAN_POINT('Ctrl Pts',(0.210350623771474,-3.23416043540519,
6.44251210444095));
#11322=CARTESIAN_POINT('Ctrl Pts',(-0.598706741993835,-3.18520037069755,
6.42328291302712));
#11323=CARTESIAN_POINT('Ctrl Pts',(-1.9917351174474,-2.55824885567746,6.38469690537999));
#11324=CARTESIAN_POINT('Ctrl Pts',(-2.56724083539698,-1.9809967795311,6.36537646096762));
#11325=CARTESIAN_POINT('Ctrl Pts',(-2.87893627868038,-1.27910531775466,
6.34597907056386));
#11326=CARTESIAN_POINT('Ctrl Pts',(-2.78310834817625,0.163488857001519,
6.55783134598525));
#11327=CARTESIAN_POINT('Ctrl Pts',(-2.74367034337264,0.835986819267575,
6.53850634708809));
#11328=CARTESIAN_POINT('Ctrl Pts',(-2.44636716675762,1.4963280880929,6.51927084596691));
#11329=CARTESIAN_POINT('Ctrl Pts',(-1.49746795053584,2.44522683902641,6.48077540601853));
#11330=CARTESIAN_POINT('Ctrl Pts',(-0.83722534773086,2.7423589527702,6.46154028335071));
#11331=CARTESIAN_POINT('Ctrl Pts',(0.500563678664431,2.82328090194868,6.42307531333665));
#11332=CARTESIAN_POINT('Ctrl Pts',(1.19183812548934,2.60787678796867,6.40384867448319));
#11333=CARTESIAN_POINT('Ctrl Pts',(2.24687214108093,1.78130989915663,6.36538195336412));
#11334=CARTESIAN_POINT('Ctrl Pts',(2.62146091828131,1.16160671783704,6.34615022814564));
#11335=CARTESIAN_POINT('Ctrl Pts',(2.86301984931376,-0.156540161964407,
6.30769577019524));
#11336=CARTESIAN_POINT('Ctrl Pts',(2.73250766491779,-0.868827159651713,
6.28846206346127));
#11337=CARTESIAN_POINT('Ctrl Pts',(2.03916997817208,-2.01574915972173,6.24999972241194));
#11338=CARTESIAN_POINT('Ctrl Pts',(1.46920705009106,-2.46230385908246,6.23077223514838));
#11339=CARTESIAN_POINT('Ctrl Pts',(0.189613725706409,-2.86104111430001,
6.19230463844395));
#11340=CARTESIAN_POINT('Ctrl Pts',(-0.532998816549941,-2.81736751951298,
6.17307544703012));
#11341=CARTESIAN_POINT('Ctrl Pts',(-1.75943122243928,-2.26539474655438,
6.13448943938299));
#11342=CARTESIAN_POINT('Ctrl Pts',(-2.27320735314802,-1.75032503102477,
6.11517713656815));
#11343=CARTESIAN_POINT('Ctrl Pts',(-2.54773334768077,-1.13201886562025,
6.09577144301532));
#11344=CARTESIAN_POINT('Ctrl Pts',(-2.54229084518303,-1.14419372331,6.09615396278724));
#11345=CARTESIAN_POINT('Ctrl Pts',(-2.81814996689066,-0.531260683565538,
6.07687622317535));
#11346=CARTESIAN_POINT('Ctrl Pts',(-2.86109130996928,0.189453237246823,
6.05769535269499));
#11347=CARTESIAN_POINT('Ctrl Pts',(-2.46225366341322,1.4693675385506,6.01922777371268));
#11348=CARTESIAN_POINT('Ctrl Pts',(-2.01574915972174,2.03916997817223,6.00000027758841));
#11349=CARTESIAN_POINT('Ctrl Pts',(-0.868827159651712,2.73250766491765,
5.96153793653838));
#11350=CARTESIAN_POINT('Ctrl Pts',(-0.156540161964295,2.86301984931382,
5.94230422980444));
#11351=CARTESIAN_POINT('Ctrl Pts',(1.16160671783691,2.62146091828125,5.90384977185468));
#11352=CARTESIAN_POINT('Ctrl Pts',(1.78130989915684,2.246872141081,5.88461804663621));
#11353=CARTESIAN_POINT('Ctrl Pts',(2.60787678796846,1.19183812548929,5.8461513255165));
#11354=CARTESIAN_POINT('Ctrl Pts',(2.8232809019493,0.500563678664293,5.826924686663));
#11355=CARTESIAN_POINT('Ctrl Pts',(2.74235895276958,-0.837225347730694,
5.78845971664964));
#11356=CARTESIAN_POINT('Ctrl Pts',(2.44511660625159,-1.49757841567544,5.76922460220679));
#11357=CARTESIAN_POINT('Ctrl Pts',(1.49757841567529,-2.44511660625141,5.73077539779321));
#11358=CARTESIAN_POINT('Ctrl Pts',(0.837386394073251,-2.74234904097952,
5.7115402748465));
#11359=CARTESIAN_POINT('Ctrl Pts',(-0.500724725006809,-2.82329081373936,
5.67307532184086));
#11360=CARTESIAN_POINT('Ctrl Pts',(-1.1902671101815,-2.60910758327081,5.65389526907126));
#11361=CARTESIAN_POINT('Ctrl Pts',(-1.71935513328515,-2.19459334356264,
5.63461531392365));
#11362=CARTESIAN_POINT('Ctrl Pts',(-2.87248388328111,-1.29280174051949,
5.84615396278724));
#11363=CARTESIAN_POINT('Ctrl Pts',(-3.1855539336364,-0.597189510258449,
5.82688406643097));
#11364=CARTESIAN_POINT('Ctrl Pts',(-3.23385119783461,0.210333749129553,
5.80769535269499));
#11365=CARTESIAN_POINT('Ctrl Pts',(-2.78089045541076,1.66393486681511,5.76922777371268));
#11366=CARTESIAN_POINT('Ctrl Pts',(-2.28106431542222,2.30189610752441,5.75000027758841));
#11367=CARTESIAN_POINT('Ctrl Pts',(-0.978161120248987,3.08952759679284,
5.71153793653838));
#11368=CARTESIAN_POINT('Ctrl Pts',(-0.180913271595161,3.23560986750946,
5.69230422980444));
#11369=CARTESIAN_POINT('Ctrl Pts',(1.31651799158192,2.96119591611356,5.65384977185468));
#11370=CARTESIAN_POINT('Ctrl Pts',(2.01014086674145,2.54192007142656,5.63461804663621));
#11371=CARTESIAN_POINT('Ctrl Pts',(2.94911391064487,1.34341029457464,5.5961513255165));
#11372=CARTESIAN_POINT('Ctrl Pts',(3.19021658921505,0.569670644481623,5.576924686663));
#11373=CARTESIAN_POINT('Ctrl Pts',(3.0982892334443,-0.950057971267659,5.53845971664964));
#11374=CARTESIAN_POINT('Ctrl Pts',(2.76560011212782,-1.68917260934776,5.51922460220679));
#11375=CARTESIAN_POINT('Ctrl Pts',(1.68917260934744,-2.76560011212748,5.48077539779321));
#11376=CARTESIAN_POINT('Ctrl Pts',(0.950057706297801,-3.09828902585371,
5.4615402748465));
#11377=CARTESIAN_POINT('Ctrl Pts',(-0.569670379511733,-3.19021679680564,
5.42307532184086));
#11378=CARTESIAN_POINT('Ctrl Pts',(-1.34219878017245,-2.95006304834691,
5.40388752063879));
#11379=CARTESIAN_POINT('Ctrl Pts',(-1.9426651830006,-2.47962738869316,5.38461531392365));
#11380=CARTESIAN_POINT('Ctrl Pts',(-0.567476500405155,-3.09683319473248,
5.4230744754475));
#11381=CARTESIAN_POINT('Ctrl Pts',(-0.381710136593129,-3.13127942210797,
5.42785238584065));
#11382=CARTESIAN_POINT('Ctrl Pts',(-0.193127194018266,-3.14918569468727,
5.43262335267366));
#11383=CARTESIAN_POINT('Ctrl Pts',(-0.00449036193991779,-3.14979435455053,
5.43739193926681));
#11384=CARTESIAN_POINT('Ctrl Pts',(0.0604347179429897,-3.15000384327979,
5.43903319279126));
#11385=CARTESIAN_POINT('Ctrl Pts',(0.125366474135784,-3.14816389544265,
5.44067416419967));
#11386=CARTESIAN_POINT('Ctrl Pts',(0.190193030172829,-3.14424244302891,
5.44231503917478));
#11387=CARTESIAN_POINT('Ctrl Pts',(0.376632794807132,-3.13296443121189,
5.44703415990025));
#11388=CARTESIAN_POINT('Ctrl Pts',(0.561715408402838,-3.10443732147159,
5.45174995260356));
#11389=CARTESIAN_POINT('Ctrl Pts',(0.742856005437749,-3.05988720215606,
5.45646474136833));
#11390=CARTESIAN_POINT('Ctrl Pts',(0.929008176815183,-3.01410452515566,
5.4613099730862));
#11391=CARTESIAN_POINT('Ctrl Pts',(1.11099860996704,-2.95139954333774,5.46615414464649));
#11392=CARTESIAN_POINT('Ctrl Pts',(1.28601602060133,-2.87304887622969,5.47099977884878));
#11393=CARTESIAN_POINT('Ctrl Pts',(1.40368667204899,-2.82037083690463,5.47425767719841));
#11394=CARTESIAN_POINT('Ctrl Pts',(1.5182051195777,-2.76061924971466,5.47751623672374));
#11395=CARTESIAN_POINT('Ctrl Pts',(1.62871049102787,-2.69417051893538,5.48077622390271));
#11396=CARTESIAN_POINT('Ctrl Pts',(1.84610085798688,-2.56345005007036,5.48718939459133));
#11397=CARTESIAN_POINT('Ctrl Pts',(2.04790009408081,-2.40684916413711,5.49360072326192));
#11398=CARTESIAN_POINT('Ctrl Pts',(2.22737557834656,-2.22737557834654,5.50001052808107));
#11399=CARTESIAN_POINT('Ctrl Pts',(2.41616023921205,-2.03859291442786,5.50675280173448));
#11400=CARTESIAN_POINT('Ctrl Pts',(2.57967442088866,-1.8250726837667,5.51349597730649));
#11401=CARTESIAN_POINT('Ctrl Pts',(2.71437978435303,-1.59462951392393,5.52024042700184));
#11402=CARTESIAN_POINT('Ctrl Pts',(2.83569358785276,-1.38709555458346,5.52631438592977));
#11403=CARTESIAN_POINT('Ctrl Pts',(2.93364172064361,-1.16583778675273,5.53238937813332));
#11404=CARTESIAN_POINT('Ctrl Pts',(3.00567284021974,-0.936578793610503,
5.53846567512608));
#11405=CARTESIAN_POINT('Ctrl Pts',(3.0817058444503,-0.694582693896238,5.54487955731581));
#11406=CARTESIAN_POINT('Ctrl Pts',(3.12890935524755,-0.44355153099043,5.55129202575553));
#11407=CARTESIAN_POINT('Ctrl Pts',(3.14423639739921,-0.190192664476894,
5.55770362419604));
#11408=CARTESIAN_POINT('Ctrl Pts',(3.16073410797776,0.0825175695584445,
5.56460493590189));
#11409=CARTESIAN_POINT('Ctrl Pts',(3.14025479638295,0.357037562024994,5.57150482516642));
#11410=CARTESIAN_POINT('Ctrl Pts',(3.08551376958245,0.62460873654666,5.57840515857553));
#11411=CARTESIAN_POINT('Ctrl Pts',(3.0385729443039,0.854052948445955,5.58432224423966));
#11412=CARTESIAN_POINT('Ctrl Pts',(2.96643994769826,1.07838652616895,5.5902396565704));
#11413=CARTESIAN_POINT('Ctrl Pts',(2.870855906279,1.29209647617124,5.59615857229847));
#11414=CARTESIAN_POINT('Ctrl Pts',(2.76729356369013,1.52364457487223,5.60257153380631));
#11415=CARTESIAN_POINT('Ctrl Pts',(2.63615781914097,1.74284115794913,5.60898339420143));
#11416=CARTESIAN_POINT('Ctrl Pts',(2.47961502683394,1.94265549809648,5.61539552851731));
#11417=CARTESIAN_POINT('Ctrl Pts',(2.31185957281097,2.15678190313706,5.62226694359535));
#11418=CARTESIAN_POINT('Ctrl Pts',(2.11546952686884,2.34794645372543,5.62913760620173));
#11419=CARTESIAN_POINT('Ctrl Pts',(1.89819224996628,2.51145384218144,5.63600850416989));
#11420=CARTESIAN_POINT('Ctrl Pts',(1.71011298036135,2.65298889193082,5.64195608179882));
#11421=CARTESIAN_POINT('Ctrl Pts',(1.50638454302687,2.77380045866264,5.64790383577354));
#11422=CARTESIAN_POINT('Ctrl Pts',(1.29204800282487,2.87087031534204,5.65385240719909));
#11423=CARTESIAN_POINT('Ctrl Pts',(1.06097943969088,2.97551785833864,5.660265349438));
#11424=CARTESIAN_POINT('Ctrl Pts',(0.817465355451915,3.05263390106592,5.66667677353515));
#11425=CARTESIAN_POINT('Ctrl Pts',(0.567799648978191,3.09838809825325,5.67308738482418));
#11426=CARTESIAN_POINT('Ctrl Pts',(0.30343004787207,3.14683695825163,5.67987554477318));
#11427=CARTESIAN_POINT('Ctrl Pts',(0.0329823970743225,3.15996753069628,
5.68666416171778));
#11428=CARTESIAN_POINT('Ctrl Pts',(-0.234936008570989,3.13933863493836,
5.69345380266761));
#11429=CARTESIAN_POINT('Ctrl Pts',(-0.472835414304182,3.12102111013106,
5.69948269621531));
#11430=CARTESIAN_POINT('Ctrl Pts',(-0.708739254564199,3.0760863616223,5.70551239708286));
#11431=CARTESIAN_POINT('Ctrl Pts',(-0.936627457680926,3.00565969114408,
5.7115433020876));
#11432=CARTESIAN_POINT('Ctrl Pts',(-1.17898073089063,2.930762729045,5.71795701525189));
#11433=CARTESIAN_POINT('Ctrl Pts',(-1.41238873302957,2.82700725025946,5.72436914800759));
#11434=CARTESIAN_POINT('Ctrl Pts',(-1.62960423283692,2.69569781623999,5.73078043099065));
#11435=CARTESIAN_POINT('Ctrl Pts',(-1.86584701631309,2.55288615585226,5.73775331892414));
#11436=CARTESIAN_POINT('Ctrl Pts',(-2.08216755660383,2.37795351601779,5.74472505193461));
#11437=CARTESIAN_POINT('Ctrl Pts',(-2.27272063653491,2.17833720786534,5.75169747530325));
#11438=CARTESIAN_POINT('Ctrl Pts',(-2.4324647975143,2.01099517552901,5.75754258639472));
#11439=CARTESIAN_POINT('Ctrl Pts',(-2.57410003504876,1.8263074831904,5.7633881827092));
#11440=CARTESIAN_POINT('Ctrl Pts',(-2.69420516447834,1.62867292098441,5.76923535112993));
#11441=CARTESIAN_POINT('Ctrl Pts',(-2.81083399722236,1.43675865046633,5.77491328038246));
#11442=CARTESIAN_POINT('Ctrl Pts',(-2.90724520125646,1.23250717436118,5.78059174111397));
#11443=CARTESIAN_POINT('Ctrl Pts',(-2.98023668501877,1.01994798654761,5.78627059552577));
#11444=CARTESIAN_POINT('Ctrl Pts',(-2.98966981902206,0.992477668108752,
5.78700450846863));
#11445=CARTESIAN_POINT('Ctrl Pts',(-2.99871184727355,0.964868645615263,
5.78773842798676));
#11446=CARTESIAN_POINT('Ctrl Pts',(-3.00735590548213,0.93712965835859,5.78847235378252));
#11447=CARTESIAN_POINT('Ctrl Pts',(-3.07389656673447,0.723599102456443,
5.79412200428015));
#11448=CARTESIAN_POINT('Ctrl Pts',(-3.11672698916751,0.503066553330114,
5.79976759209497));
#11449=CARTESIAN_POINT('Ctrl Pts',(-3.13608487194471,0.280476329976708,
5.80541193103322));
#11450=CARTESIAN_POINT('Ctrl Pts',(-3.15532331219123,0.0592595388260407,
5.81102144311904));
#11451=CARTESIAN_POINT('Ctrl Pts',(-3.15137807434959,-0.163987872002399,
5.81662972282958));
#11452=CARTESIAN_POINT('Ctrl Pts',(-3.12453216653397,-0.384413427792831,
5.82223952919633));
#11453=CARTESIAN_POINT('Ctrl Pts',(-3.11706710891511,-0.44570729373113,
5.82379945140294));
#11454=CARTESIAN_POINT('Ctrl Pts',(-3.10783158924997,-0.506783055907051,
5.82535949158163));
#11455=CARTESIAN_POINT('Ctrl Pts',(-3.09683236609735,-0.567536671029023,
5.82691970883248));
#11456=CARTESIAN_POINT('Ctrl Pts',(-3.07586773120128,-0.683333699780558,
5.82989349930556));
#11457=CARTESIAN_POINT('Ctrl Pts',(-3.04834881957932,-0.797897017399527,
5.83297428180992));
#11458=CARTESIAN_POINT('Ctrl Pts',(-3.01444779849175,-0.910511255383735,
5.83608816914535));
#11459=CARTESIAN_POINT('Ctrl Pts',(-2.98080354071705,-1.02227256316423,
5.83917847217557));
#11460=CARTESIAN_POINT('Ctrl Pts',(-2.94087435305461,-1.1321143547548,5.84230138074288));
#11461=CARTESIAN_POINT('Ctrl Pts',(-2.8948183782406,-1.23938742599822,5.84538467092168));
#11462=CARTESIAN_POINT('Ctrl Pts',(-2.88721096325331,-1.25710653352348,
5.84589396136686));
#11463=CARTESIAN_POINT('Ctrl Pts',(-2.87943634785446,-1.27475566542085,
5.84640217086581));
#11464=CARTESIAN_POINT('Ctrl Pts',(-2.8714951924439,-1.29233202394057,5.84690897391341));
#11465=CARTESIAN_POINT('Ctrl Pts',(-1.93852414754545,-2.48324635054206,
5.88496110256969));
#11466=CARTESIAN_POINT('Ctrl Pts',(-2.54133372806002,-2.01273217125112,
5.86564336535118));
#11467=CARTESIAN_POINT('Ctrl Pts',(-2.96114830118009,-1.31844276683664,
5.84640341549306));
#11468=CARTESIAN_POINT('Ctrl Pts',(-3.23591817702896,0.180933128313414,
5.80790283625194));
#11469=CARTESIAN_POINT('Ctrl Pts',(-3.08982329182222,0.978251674041246,
5.78866912125035));
#11470=CARTESIAN_POINT('Ctrl Pts',(-2.30211370548941,2.28128405769927,5.750206780199));
#11471=CARTESIAN_POINT('Ctrl Pts',(-1.664096466618,2.78115446284607,5.73097929293645));
#11472=CARTESIAN_POINT('Ctrl Pts',(-0.210350589939588,3.23415982666814,
5.69251169623202));
#11473=CARTESIAN_POINT('Ctrl Pts',(0.598706370017916,3.18520013889642,5.67328251347186));
#11474=CARTESIAN_POINT('Ctrl Pts',(1.98714327459975,2.56031457998664,5.63482367652982));
#11475=CARTESIAN_POINT('Ctrl Pts',(2.56031457998681,1.98714327460006,5.61559043904533));
#11476=CARTESIAN_POINT('Ctrl Pts',(3.18520013889626,0.598706370017563,5.57713160210528));
#11477=CARTESIAN_POINT('Ctrl Pts',(3.23415982666796,-0.210350589939612,
5.55790241934412));
#11478=CARTESIAN_POINT('Ctrl Pts',(2.78115446284623,-1.66409646661803,5.51943482263969));
#11479=CARTESIAN_POINT('Ctrl Pts',(2.28128359168298,-2.30211371440928,5.50020732648542));
#11480=CARTESIAN_POINT('Ctrl Pts',(0.973951373594978,-3.09242318552956,
5.4616180550385));
#11481=CARTESIAN_POINT('Ctrl Pts',(0.172004100005694,-3.23813030111625,
5.4422984971783));
#11482=CARTESIAN_POINT('Ctrl Pts',(-0.582710441468841,-3.09593756114081,
5.42290247809963));
#11483=CARTESIAN_POINT('Ctrl Pts',(-1.71554391793879,-2.19757360760981,
5.63475410301659));
#11484=CARTESIAN_POINT('Ctrl Pts',(-2.24661076245605,-1.78307832611589,
5.61542821805792));
#11485=CARTESIAN_POINT('Ctrl Pts',(-2.62114291000549,-1.16334295466742,
5.59619635770499));
#11486=CARTESIAN_POINT('Ctrl Pts',(-2.86304796652544,0.156694509310358,
5.55769577846387));
#11487=CARTESIAN_POINT('Ctrl Pts',(-2.73250766491764,0.868827159651716,
5.53846206346228));
#11488=CARTESIAN_POINT('Ctrl Pts',(-2.03916997817223,2.01574915972174,5.49999972241093));
#11489=CARTESIAN_POINT('Ctrl Pts',(-1.46920705009097,2.46230385908263,5.48077223514838));
#11490=CARTESIAN_POINT('Ctrl Pts',(-0.189613725706484,2.86104111429985,
5.44230463844395));
#11491=CARTESIAN_POINT('Ctrl Pts',(0.533148620703694,2.8173002876396,5.42307545568378));
#11492=CARTESIAN_POINT('Ctrl Pts',(1.75523882591631,2.26728140272645,5.38461661874175));
#11493=CARTESIAN_POINT('Ctrl Pts',(2.26728140272663,1.75523882591672,5.36538338125726));
#11494=CARTESIAN_POINT('Ctrl Pts',(2.81730028763944,0.533148620703272,5.32692454431721));
#11495=CARTESIAN_POINT('Ctrl Pts',(2.8610411143,-0.189613725706495,5.30769536155605));
#11496=CARTESIAN_POINT('Ctrl Pts',(2.46230385908246,-1.46920705009098,5.26922776485162));
#11497=CARTESIAN_POINT('Ctrl Pts',(2.01589345736729,-2.03908253971535,5.25000026869735));
#11498=CARTESIAN_POINT('Ctrl Pts',(0.864896395572177,-2.73488410075168,
5.21141099725043));
#11499=CARTESIAN_POINT('Ctrl Pts',(0.149197648821025,-2.86511084284559,
5.19209952867432));
#11500=CARTESIAN_POINT('Ctrl Pts',(-0.515619157588524,-2.73980818138612,
5.17269526011533));
#11501=CARTESIAN_POINT('Ctrl Pts',(-0.502533277936323,-2.74224038379753,
5.17307700082956));
#11502=CARTESIAN_POINT('Ctrl Pts',(-1.1636693586632,-2.62108291672017,5.1538007795349));
#11503=CARTESIAN_POINT('Ctrl Pts',(-1.78120470608282,-2.24700670165237,
5.13461803763486));
#11504=CARTESIAN_POINT('Ctrl Pts',(-2.60798198104252,-1.19170356491787,
5.09615133451784));
#11505=CARTESIAN_POINT('Ctrl Pts',(-2.82328090194867,-0.500563678664314,
5.07692468666334));
#11506=CARTESIAN_POINT('Ctrl Pts',(-2.74235895277022,0.837225347730741,
5.03845971664929));
#11507=CARTESIAN_POINT('Ctrl Pts',(-2.44511660625142,1.49757841567529,5.01922460220679));
#11508=CARTESIAN_POINT('Ctrl Pts',(-1.49757841567545,2.44511660625158,4.98077539779321));
#11509=CARTESIAN_POINT('Ctrl Pts',(-0.837225347730653,2.74235895277022,
4.9615402833507));
#11510=CARTESIAN_POINT('Ctrl Pts',(0.500563678664269,2.82328090194866,4.92307531333667));
#11511=CARTESIAN_POINT('Ctrl Pts',(1.19183812548942,2.60787678796806,4.90384867448317));
#11512=CARTESIAN_POINT('Ctrl Pts',(2.24687214108093,1.78130989915718,4.86538195336414));
#11513=CARTESIAN_POINT('Ctrl Pts',(2.62146091828104,1.16160671783712,4.8461502281453));
#11514=CARTESIAN_POINT('Ctrl Pts',(2.86301984931402,-0.156540161964488,
4.80769577019558));
#11515=CARTESIAN_POINT('Ctrl Pts',(2.73259006363343,-0.868690530622812,
4.78846205505238));
#11516=CARTESIAN_POINT('Ctrl Pts',(2.03908757945646,-2.01588578875062,4.74999973082083));
#11517=CARTESIAN_POINT('Ctrl Pts',(1.47109285418838,-2.46171620989864,4.73081849676637));
#11518=CARTESIAN_POINT('Ctrl Pts',(0.829410387898716,-2.66167248669125,
4.71153843679617));
#11519=CARTESIAN_POINT('Ctrl Pts',(-0.567802359993392,-3.09840289181151,
4.92307700082956));
#11520=CARTESIAN_POINT('Ctrl Pts',(-1.31812038665397,-2.96090225384076,
4.90380866215673));
#11521=CARTESIAN_POINT('Ctrl Pts',(-2.01014121721934,-2.54192000719911,
4.88461803763486));
#11522=CARTESIAN_POINT('Ctrl Pts',(-2.94911356016702,-1.34341035880202,
4.84615133451784));
#11523=CARTESIAN_POINT('Ctrl Pts',(-3.19021658921459,-0.569670644481467,
4.82692468666334));
#11524=CARTESIAN_POINT('Ctrl Pts',(-3.09828923344476,0.950057971267526,
4.78845971664929));
#11525=CARTESIAN_POINT('Ctrl Pts',(-2.76560011212765,1.68917260934759,4.76922460220679));
#11526=CARTESIAN_POINT('Ctrl Pts',(-1.68917260934759,2.76560011212765,4.73077539779321));
#11527=CARTESIAN_POINT('Ctrl Pts',(-0.950057971267507,3.09828923344477,
4.7115402833507));
#11528=CARTESIAN_POINT('Ctrl Pts',(0.569670644481513,3.19021658921458,4.67307531333666));
#11529=CARTESIAN_POINT('Ctrl Pts',(1.34341029457481,2.94911391064477,4.65384867448317));
#11530=CARTESIAN_POINT('Ctrl Pts',(2.54192007142646,2.0101408667415,4.61538195336414));
#11531=CARTESIAN_POINT('Ctrl Pts',(2.96119591611337,1.31651799158224,4.5961502281453));
#11532=CARTESIAN_POINT('Ctrl Pts',(3.23560986750965,-0.18091327159547,4.55769577019558));
#11533=CARTESIAN_POINT('Ctrl Pts',(3.08952727901081,-0.978161219273665,
4.53846205505238));
#11534=CARTESIAN_POINT('Ctrl Pts',(2.30189642530644,-2.28106421639754,4.49999973082083));
#11535=CARTESIAN_POINT('Ctrl Pts',(1.66538814187055,-2.78043782764898,4.48081064853657));
#11536=CARTESIAN_POINT('Ctrl Pts',(0.937134307972336,-3.00737082662268,
4.46153843679617));
#11537=CARTESIAN_POINT('Ctrl Pts',(2.22627750349571,-2.22622436660836,4.49999799601891));
#11538=CARTESIAN_POINT('Ctrl Pts',(2.36008560198329,-2.09297844729463,4.50477325866671));
#11539=CARTESIAN_POINT('Ctrl Pts',(2.48189330274813,-1.94803177387585,4.50954158618268));
#11540=CARTESIAN_POINT('Ctrl Pts',(2.58951033017064,-1.79322553341074,4.51430745357392));
#11541=CARTESIAN_POINT('Ctrl Pts',(2.62662618250235,-1.73983467418757,4.51595114541862));
#11542=CARTESIAN_POINT('Ctrl Pts',(2.66205395294376,-1.68527059292036,4.51759454448619));
#11543=CARTESIAN_POINT('Ctrl Pts',(2.69570324877729,-1.62960751691636,4.51923783399026));
#11544=CARTESIAN_POINT('Ctrl Pts',(2.79228540261614,-1.46984013883043,4.5239544985074));
#11545=CARTESIAN_POINT('Ctrl Pts',(2.87391588345778,-1.30139921465681,4.52866788281128));
#11546=CARTESIAN_POINT('Ctrl Pts',(2.94013536769761,-1.12710368487769,4.53338034646843));
#11547=CARTESIAN_POINT('Ctrl Pts',(3.00817498750815,-0.948017397556324,
4.53822233881078));
#11548=CARTESIAN_POINT('Ctrl Pts',(3.05994524287876,-0.762748828970709,
4.54306335926895));
#11549=CARTESIAN_POINT('Ctrl Pts',(3.09490004880487,-0.574329962826385,
4.54790596780795));
#11550=CARTESIAN_POINT('Ctrl Pts',(3.11845462251111,-0.447362412795503,
4.55116919804883));
#11551=CARTESIAN_POINT('Ctrl Pts',(3.13437255709499,-0.318963837664073,
4.55443314942094));
#11552=CARTESIAN_POINT('Ctrl Pts',(3.14247344615901,-0.190060721044354,
4.55769860510433));
#11553=CARTESIAN_POINT('Ctrl Pts',(3.15838362115818,0.063105459501074,4.56411197170696));
#11554=CARTESIAN_POINT('Ctrl Pts',(3.14413765125479,0.318139816264201,4.57052353506811));
#11555=CARTESIAN_POINT('Ctrl Pts',(3.09838733647217,0.56779950937689,4.57693391787959));
#11556=CARTESIAN_POINT('Ctrl Pts',(3.04925832057579,0.83589679110918,4.58381771311781));
#11557=CARTESIAN_POINT('Ctrl Pts',(2.96395555013094,1.0969531563646,4.59070155524389));
#11558=CARTESIAN_POINT('Ctrl Pts',(2.84718008301045,1.3431577956943,4.59758649949057));
#11559=CARTESIAN_POINT('Ctrl Pts',(2.7465489037093,1.55532447604333,4.60351959550851));
#11560=CARTESIAN_POINT('Ctrl Pts',(2.62254705097672,1.75646131349119,4.60945350994624));
#11561=CARTESIAN_POINT('Ctrl Pts',(2.47820938971291,1.94158617523809,4.61538891778015));
#11562=CARTESIAN_POINT('Ctrl Pts',(2.32224278926644,2.14162610308487,4.62180252718751));
#11563=CARTESIAN_POINT('Ctrl Pts',(2.14246173814917,2.32307371971468,4.62821484010588));
#11564=CARTESIAN_POINT('Ctrl Pts',(1.94265499020217,2.47961437855507,4.63462672496234));
#11565=CARTESIAN_POINT('Ctrl Pts',(1.72984178239954,2.64634508260614,4.64145599273426));
#11566=CARTESIAN_POINT('Ctrl Pts',(1.49500453530653,2.78428302849115,4.64828372078837));
#11567=CARTESIAN_POINT('Ctrl Pts',(1.24662422274321,2.89077386057678,4.6551116492981));
#11568=CARTESIAN_POINT('Ctrl Pts',(1.02874403598354,2.98418803718184,4.66110113503281));
#11569=CARTESIAN_POINT('Ctrl Pts',(0.800444178939749,3.05340429867329,4.66709077510268));
#11570=CARTESIAN_POINT('Ctrl Pts',(0.567458055518149,3.09666285650956,4.67308174395528));
#11571=CARTESIAN_POINT('Ctrl Pts',(0.318068934918636,3.14296696054269,4.67949449691991));
#11572=CARTESIAN_POINT('Ctrl Pts',(0.0631794403608573,3.15956270256751,
4.68590623566703));
#11573=CARTESIAN_POINT('Ctrl Pts',(-0.190192747827934,3.14423777534635,
4.69231826776954));
#11574=CARTESIAN_POINT('Ctrl Pts',(-0.460985734863521,3.12785917101734,
4.69917116405));
#11575=CARTESIAN_POINT('Ctrl Pts',(-0.729170740650548,3.07506172120992,
4.7060239869389));
#11576=CARTESIAN_POINT('Ctrl Pts',(-0.98654234805872,2.98952612422872,4.71287716864654));
#11577=CARTESIAN_POINT('Ctrl Pts',(-1.21059433642439,2.91506406226053,4.7188431297084));
#11578=CARTESIAN_POINT('Ctrl Pts',(-1.42645052706627,2.81579301126413,4.72480936261818));
#11579=CARTESIAN_POINT('Ctrl Pts',(-1.62871048617455,2.69417072008872,4.73077615310175));
#11580=CARTESIAN_POINT('Ctrl Pts',(-1.84610097761571,2.56345018713998,4.73718930339245));
#11581=CARTESIAN_POINT('Ctrl Pts',(-2.04790020770773,2.4068492398283,4.74360063176526));
#11582=CARTESIAN_POINT('Ctrl Pts',(-2.2273756624785,2.2273756624785,4.75001044593343));
#11583=CARTESIAN_POINT('Ctrl Pts',(-2.41621956209179,2.03853373828572,4.75675484619062));
#11584=CARTESIAN_POINT('Ctrl Pts',(-2.57977705564761,1.8249387630362,4.76350015856515));
#11585=CARTESIAN_POINT('Ctrl Pts',(-2.71450655899499,1.5944127062976,4.7702467423305));
#11586=CARTESIAN_POINT('Ctrl Pts',(-2.83576182056683,1.38694146492523,4.77631860305038));
#11587=CARTESIAN_POINT('Ctrl Pts',(-2.93366679673392,1.16575797514855,4.78239149346575));
#11588=CARTESIAN_POINT('Ctrl Pts',(-3.00567284021981,0.936578793610475,
4.78846567512597));
#11589=CARTESIAN_POINT('Ctrl Pts',(-3.08170585745807,0.694582652495626,
4.79487955841301));
#11590=CARTESIAN_POINT('Ctrl Pts',(-3.12890935692214,0.443551503307165,
4.80129202645824));
#11591=CARTESIAN_POINT('Ctrl Pts',(-3.14423639838097,0.19019266453629,4.80770362351697));
#11592=CARTESIAN_POINT('Ctrl Pts',(-3.16073883750083,-0.0825957156300447,
4.81460691208749));
#11593=CARTESIAN_POINT('Ctrl Pts',(-3.14024301779075,-0.35719488552563,
4.82150877741668));
#11594=CARTESIAN_POINT('Ctrl Pts',(-3.08546662173871,-0.624838787625288,
4.82841108707581));
#11595=CARTESIAN_POINT('Ctrl Pts',(-3.03852465210199,-0.854202762463689,
4.83432618981704));
#11596=CARTESIAN_POINT('Ctrl Pts',(-2.9664079582122,-1.07845771655929,4.84024161895495));
#11597=CARTESIAN_POINT('Ctrl Pts',(-2.8708559111492,-1.29209621219654,4.84615854964929));
#11598=CARTESIAN_POINT('Ctrl Pts',(-2.77904186494596,-1.49737715920019,
4.85184400971896));
#11599=CARTESIAN_POINT('Ctrl Pts',(-2.66553034559032,-1.69300220982483,
4.85753005723918));
#11600=CARTESIAN_POINT('Ctrl Pts',(-2.5318241427318,-1.874027722124,4.86321660070519));
#11601=CARTESIAN_POINT('Ctrl Pts',(-2.51474943665677,-1.89714525405975,
4.8639427903373));
#11602=CARTESIAN_POINT('Ctrl Pts',(-2.49734546236013,-1.92002470620829,
4.86466898805775));
#11603=CARTESIAN_POINT('Ctrl Pts',(-2.47961540859863,-1.94265579719015,
4.86539519367602));
#11604=CARTESIAN_POINT('Ctrl Pts',(-2.34152807345373,-2.11891397932222,
4.87105111553294));
#11605=CARTESIAN_POINT('Ctrl Pts',(-2.18416393666746,-2.27960370241928,
4.87670323947892));
#11606=CARTESIAN_POINT('Ctrl Pts',(-2.01174083401481,-2.42210210061567,
4.88235422144109));
#11607=CARTESIAN_POINT('Ctrl Pts',(-1.84016095520343,-2.56390361976944,
4.8879775676477));
#11608=CARTESIAN_POINT('Ctrl Pts',(-1.65367052490802,-2.6876903827935,4.89359978410168));
#11609=CARTESIAN_POINT('Ctrl Pts',(-1.45645372368063,-2.79091905907615,
4.89922348531613));
#11610=CARTESIAN_POINT('Ctrl Pts',(-1.40245384250079,-2.81918407614835,
4.90076330948669));
#11611=CARTESIAN_POINT('Ctrl Pts',(-1.34764987673937,-2.84590810085199,
4.90230324490477));
#11612=CARTESIAN_POINT('Ctrl Pts',(-1.29212786026886,-2.87103960736271,
4.90384334504149));
#11613=CARTESIAN_POINT('Ctrl Pts',(-1.18487403139885,-2.91958702098157,
4.90681841055616));
#11614=CARTESIAN_POINT('Ctrl Pts',(-1.07491171425488,-2.96203415291964,
4.90990016439056));
#11615=CARTESIAN_POINT('Ctrl Pts',(-0.962927833504972,-2.99811625998782,
4.91301485300002));
#11616=CARTESIAN_POINT('Ctrl Pts',(-0.851786581739838,-3.03392686521981,
4.91610610496053));
#11617=CARTESIAN_POINT('Ctrl Pts',(-0.738654441284461,-3.06346867642646,
4.91922979819341));
#11618=CARTESIAN_POINT('Ctrl Pts',(-0.624155921413529,-3.08650276401193,
4.92231382878466));
#11619=CARTESIAN_POINT('Ctrl Pts',(-0.605349292749962,-3.09028616254243,
4.92282038745618));
#11620=CARTESIAN_POINT('Ctrl Pts',(-0.586505690357377,-3.093894019098,4.92332587606631));
#11621=CARTESIAN_POINT('Ctrl Pts',(-0.567627748853873,-3.09732530352563,
4.92382997508262));
#11622=CARTESIAN_POINT('Ctrl Pts',(0.942454674997347,-3.00602265565,4.96188446302275));
#11623=CARTESIAN_POINT('Ctrl Pts',(0.212780324518932,-3.2348441229279,4.94256607964788));
#11624=CARTESIAN_POINT('Ctrl Pts',(-0.597044487661991,-3.18594915166068,
4.923329069562));
#11625=CARTESIAN_POINT('Ctrl Pts',(-1.98714331773722,-2.56031513957222,
4.88482420039879));
#11626=CARTESIAN_POINT('Ctrl Pts',(-2.56031518376489,-1.98714375242551,
4.86559095458329));
#11627=CARTESIAN_POINT('Ctrl Pts',(-3.1852008969319,-0.598706505095546,
4.82713211764124));
#11628=CARTESIAN_POINT('Ctrl Pts',(-3.23416059545703,0.210350632666829,
4.80790293488075));
#11629=CARTESIAN_POINT('Ctrl Pts',(-2.78115511981937,1.66409686817603,4.76943533817698));
#11630=CARTESIAN_POINT('Ctrl Pts',(-2.28128460481859,2.3021142472694,4.75020785091376));
#11631=CARTESIAN_POINT('Ctrl Pts',(-0.978251899503782,3.08982402805025,
4.71174550986309));
#11632=CARTESIAN_POINT('Ctrl Pts',(-0.180933508425092,3.23591922650513,
4.69251180313011));
#11633=CARTESIAN_POINT('Ctrl Pts',(1.31664661337486,2.96147799580622,4.65405734517907));
#11634=CARTESIAN_POINT('Ctrl Pts',(2.01033086356126,2.54216504774628,4.63482561996057));
#11635=CARTESIAN_POINT('Ctrl Pts',(2.94939723754101,1.34353614393117,4.5963588988422));
#11636=CARTESIAN_POINT('Ctrl Pts',(3.19052098862315,0.569727623371566,4.57713225084118));
#11637=CARTESIAN_POINT('Ctrl Pts',(3.09828082475088,-0.955180269168611,
4.53854002531095));
#11638=CARTESIAN_POINT('Ctrl Pts',(2.762636003676,-1.69792805498352,4.51921991658051));
#11639=CARTESIAN_POINT('Ctrl Pts',(2.21686222692573,-2.23828223991867,4.49982506934172));
#11640=CARTESIAN_POINT('Ctrl Pts',(0.834018839044564,-2.66023180949394,
4.71167694711102));
#11641=CARTESIAN_POINT('Ctrl Pts',(0.191197006088505,-2.86183426173338,
4.69235051464251));
#11642=CARTESIAN_POINT('Ctrl Pts',(-0.531540932527865,-2.81802403325472,
4.67312149623697));
#11643=CARTESIAN_POINT('Ctrl Pts',(-1.75538289249982,-2.26721638103108,
4.63461662707376));
#11644=CARTESIAN_POINT('Ctrl Pts',(-2.26728140272689,-1.75523882591647,
4.61538338125826));
#11645=CARTESIAN_POINT('Ctrl Pts',(-2.81730028763918,-0.533148620703537,
4.57692454431621));
#11646=CARTESIAN_POINT('Ctrl Pts',(-2.86104111429969,0.189613725706505,
4.55769536155572));
#11647=CARTESIAN_POINT('Ctrl Pts',(-2.4623038590828,1.46920705009091,4.51922776485195));
#11648=CARTESIAN_POINT('Ctrl Pts',(-2.01574915972185,2.03916997817223,4.50000027758873));
#11649=CARTESIAN_POINT('Ctrl Pts',(-0.868827159651591,2.73250766491763,
4.46153793653806));
#11650=CARTESIAN_POINT('Ctrl Pts',(-0.156540161964557,2.8630198493137,4.44230422980509));
#11651=CARTESIAN_POINT('Ctrl Pts',(1.16160671783713,2.62146091828137,4.40384977185404));
#11652=CARTESIAN_POINT('Ctrl Pts',(1.78130989915754,2.24687214108073,4.38461804663554));
#11653=CARTESIAN_POINT('Ctrl Pts',(2.60787678796775,1.19183812548955,4.34615132551717));
#11654=CARTESIAN_POINT('Ctrl Pts',(2.8232912007054,0.500736963350957,4.32692467751615));
#11655=CARTESIAN_POINT('Ctrl Pts',(2.74208082925629,-0.841826289510854,
4.28833245198591));
#11656=CARTESIAN_POINT('Ctrl Pts',(2.44269431192255,-1.50479279031366,4.269020382201));
#11657=CARTESIAN_POINT('Ctrl Pts',(1.9618883912187,-1.98075891864524,4.24961733641988));
#11658=CARTESIAN_POINT('Ctrl Pts',(1.97134751096344,-1.97134751096344,4.25));
#11659=CARTESIAN_POINT('Ctrl Pts',(1.49607545882502,-2.4466195543729,4.23072569502483));
#11660=CARTESIAN_POINT('Ctrl Pts',(0.837398632418137,-2.7423486540136,4.2115402742042));
#11661=CARTESIAN_POINT('Ctrl Pts',(-0.500736963351677,-2.82329120070528,
4.17307532248318));
#11662=CARTESIAN_POINT('Ctrl Pts',(-1.19183812548939,-2.6078767879684,4.15384867448318));
#11663=CARTESIAN_POINT('Ctrl Pts',(-2.24687214108087,-1.7813098991569,4.11538195336412));
#11664=CARTESIAN_POINT('Ctrl Pts',(-2.62146091828108,-1.16160671783721,
4.09615022814598));
#11665=CARTESIAN_POINT('Ctrl Pts',(-2.86301984931398,0.156540161964569,
4.0576957701949));
#11666=CARTESIAN_POINT('Ctrl Pts',(-2.73250766491731,0.868827159651826,
4.03846206346161));
#11667=CARTESIAN_POINT('Ctrl Pts',(-2.03916997817258,2.0157491597216,3.99999972241161));
#11668=CARTESIAN_POINT('Ctrl Pts',(-1.46920705009054,2.46230385908249,3.98077223514838));
#11669=CARTESIAN_POINT('Ctrl Pts',(-0.189613725706791,2.86104111430003,
3.94230463844395));
#11670=CARTESIAN_POINT('Ctrl Pts',(0.533148620703624,2.81730028763927,3.92307545568263));
#11671=CARTESIAN_POINT('Ctrl Pts',(1.75523882591641,2.26728140272678,3.88461661874291));
#11672=CARTESIAN_POINT('Ctrl Pts',(2.26721638103071,1.75538289249971,3.86538337292656));
#11673=CARTESIAN_POINT('Ctrl Pts',(2.8173653093354,0.533004554120196,3.8269245526479));
#11674=CARTESIAN_POINT('Ctrl Pts',(2.86162361366133,-0.187744406483221,
3.80774136149973));
#11675=CARTESIAN_POINT('Ctrl Pts',(2.66167248669124,-0.829410387898738,
3.78846156320383));
#11676=CARTESIAN_POINT('Ctrl Pts',(2.22738636073762,-2.22738636073762,4.));
#11677=CARTESIAN_POINT('Ctrl Pts',(1.68800187542173,-2.76677083346535,3.98073362203769));
#11678=CARTESIAN_POINT('Ctrl Pts',(0.950057715197068,-3.09828948951543,
3.9615402742042));
#11679=CARTESIAN_POINT('Ctrl Pts',(-0.569670388410995,-3.19021633314392,
3.92307532248318));
#11680=CARTESIAN_POINT('Ctrl Pts',(-1.34341029457489,-2.949113910645,3.90384867448302));
#11681=CARTESIAN_POINT('Ctrl Pts',(-2.54192007142629,-2.01014086674133,
3.86538195336429));
#11682=CARTESIAN_POINT('Ctrl Pts',(-2.96119591611339,-1.31651799158234,
3.84615022814565));
#11683=CARTESIAN_POINT('Ctrl Pts',(-3.23560986750963,0.180913271595562,
3.80769577019523));
#11684=CARTESIAN_POINT('Ctrl Pts',(-3.08952759679264,0.978161120249057,
3.78846206346177));
#11685=CARTESIAN_POINT('Ctrl Pts',(-2.30189610752461,2.28106431542213,3.74999972241144));
#11686=CARTESIAN_POINT('Ctrl Pts',(-1.66393518670859,2.78089059938324,3.73077223514838));
#11687=CARTESIAN_POINT('Ctrl Pts',(-0.210333429235962,3.23385105386217,
3.69230463844395));
#11688=CARTESIAN_POINT('Ctrl Pts',(0.598652117980734,3.18489568493662,3.67307545568262));
#11689=CARTESIAN_POINT('Ctrl Pts',(1.9869513630583,2.56007208162561,3.6346166187429));
#11690=CARTESIAN_POINT('Ctrl Pts',(2.56007198352704,1.98695104824891,3.61538337292656));
#11691=CARTESIAN_POINT('Ctrl Pts',(3.18489578303524,0.598652432789957,3.5769245526479));
#11692=CARTESIAN_POINT('Ctrl Pts',(3.23429956494395,-0.208894087102216,
3.55773341455618));
#11693=CARTESIAN_POINT('Ctrl Pts',(3.00737082662268,-0.937134307972365,
3.53846156320384));
#11694=CARTESIAN_POINT('Ctrl Pts',(3.09681285250431,0.567549169488662,3.57692156954905));
#11695=CARTESIAN_POINT('Ctrl Pts',(3.06311850974013,0.753626595718395,3.58170368477496));
#11696=CARTESIAN_POINT('Ctrl Pts',(3.01293168783208,0.936465186642387,3.58647871458917));
#11697=CARTESIAN_POINT('Ctrl Pts',(2.94652450649945,1.11320233238629,3.59125106882963));
#11698=CARTESIAN_POINT('Ctrl Pts',(2.92374672374902,1.17382349155762,3.59288799492581));
#11699=CARTESIAN_POINT('Ctrl Pts',(2.89906017413409,1.23372695924851,3.59452460609575));
#11700=CARTESIAN_POINT('Ctrl Pts',(2.87247448314068,1.29279750985412,3.59616107994248));
#11701=CARTESIAN_POINT('Ctrl Pts',(2.79574661715514,1.46327858900618,3.60088403959892));
#11702=CARTESIAN_POINT('Ctrl Pts',(2.70334281805591,1.62636290897758,3.60560377811469));
#11703=CARTESIAN_POINT('Ctrl Pts',(2.59733023605959,1.78006182276304,3.61032269526316));
#11704=CARTESIAN_POINT('Ctrl Pts',(2.48839100002388,1.93800385126573,3.61517188598553));
#11705=CARTESIAN_POINT('Ctrl Pts',(2.36508032504357,2.08603630227523,3.62002020942105));
#11706=CARTESIAN_POINT('Ctrl Pts',(2.22959287531513,2.22197656077422,3.62487027031764));
#11707=CARTESIAN_POINT('Ctrl Pts',(2.13882582930719,2.31304695675731,3.62811946942371));
#11708=CARTESIAN_POINT('Ctrl Pts',(2.04259278397469,2.39868977714211,3.6313694483255));
#11709=CARTESIAN_POINT('Ctrl Pts',(1.94154516851186,2.47823874719339,3.63462099015304));
#11710=CARTESIAN_POINT('Ctrl Pts',(1.74223224145861,2.63514633964248,3.64103454396246));
#11711=CARTESIAN_POINT('Ctrl Pts',(1.52425160260404,2.76829719738975,3.64744637559523));
#11712=CARTESIAN_POINT('Ctrl Pts',(1.29279507614683,2.87246907567176,3.65385724854041));
#11713=CARTESIAN_POINT('Ctrl Pts',(1.04140263998673,2.98561352945553,3.66082030545771));
#11714=CARTESIAN_POINT('Ctrl Pts',(0.774926239487985,3.06420978981091,3.66778270250794));
#11715=CARTESIAN_POINT('Ctrl Pts',(0.502772830896708,3.10767268368203,3.67474601263811));
#11716=CARTESIAN_POINT('Ctrl Pts',(0.273959053641911,3.14421423930154,3.68060043607278));
#11717=CARTESIAN_POINT('Ctrl Pts',(0.0411336923895245,3.15592195750743,
3.68645550495396));
#11718=CARTESIAN_POINT('Ctrl Pts',(-0.190111334465073,3.14247659872044,
3.69231215379137));
#11719=CARTESIAN_POINT('Ctrl Pts',(-0.443336044691149,3.12775326767616,
3.69872547313891));
#11720=CARTESIAN_POINT('Ctrl Pts',(-0.694791866593874,3.08286898082471,
3.70513765606382));
#11721=CARTESIAN_POINT('Ctrl Pts',(-0.937129437402435,3.00735519640885,
3.71154974015812));
#11722=CARTESIAN_POINT('Ctrl Pts',(-1.19025752070617,2.9284790260799,3.71824733373125));
#11723=CARTESIAN_POINT('Ctrl Pts',(-1.43262798697172,2.81643811679499,3.72494349398768));
#11724=CARTESIAN_POINT('Ctrl Pts',(-1.65763287706086,2.67639768272462,3.73163962037916));
#11725=CARTESIAN_POINT('Ctrl Pts',(-1.86332650994924,2.54837635117139,3.73776104539884));
#11726=CARTESIAN_POINT('Ctrl Pts',(-2.05450653876283,2.3969567852191,3.74388244219845));
#11727=CARTESIAN_POINT('Ctrl Pts',(-2.22614945792983,2.22611406830695,3.75000487991573));
#11728=CARTESIAN_POINT('Ctrl Pts',(-2.40592311548497,2.04717851864949,3.75641733798234));
#11729=CARTESIAN_POINT('Ctrl Pts',(-2.56437792669852,1.84683532242937,3.76282899970081));
#11730=CARTESIAN_POINT('Ctrl Pts',(-2.69569944165776,1.62960521543506,3.76924090550598));
#11731=CARTESIAN_POINT('Ctrl Pts',(-2.8326044196252,1.40313902654628,3.77592542954043));
#11732=CARTESIAN_POINT('Ctrl Pts',(-2.93958424486073,1.159024857309,3.78261008031093));
#11733=CARTESIAN_POINT('Ctrl Pts',(-3.0151176844194,0.905473231113819,3.78929523789924));
#11734=CARTESIAN_POINT('Ctrl Pts',(-3.08442272238559,0.67282918388757,3.79542914498961));
#11735=CARTESIAN_POINT('Ctrl Pts',(-3.12725380041161,0.432241622298549,
3.80156347869116));
#11736=CARTESIAN_POINT('Ctrl Pts',(-3.14247361024463,0.190060838056939,
3.80769853293632));
#11737=CARTESIAN_POINT('Ctrl Pts',(-3.15838380418121,-0.0631054818427204,
3.81411187869576));
#11738=CARTESIAN_POINT('Ctrl Pts',(-3.14413778055288,-0.318139868231859,
3.82052344175129));
#11739=CARTESIAN_POINT('Ctrl Pts',(-3.09838745584741,-0.567799531253181,
3.82693383408691));
#11740=CARTESIAN_POINT('Ctrl Pts',(-3.04924149572441,-0.835989187220851,
3.8338200122316));
#11741=CARTESIAN_POINT('Ctrl Pts',(-2.96389685079306,-1.09713299250529,
3.84070624756001));
#11742=CARTESIAN_POINT('Ctrl Pts',(-2.84705947687262,-1.34341214938174,
3.84759358196159));
#11743=CARTESIAN_POINT('Ctrl Pts',(-2.74644982418023,-1.55548521818924,
3.85352432397392));
#11744=CARTESIAN_POINT('Ctrl Pts',(-2.62248939324675,-1.75653526424764,
3.85945588092952));
#11745=CARTESIAN_POINT('Ctrl Pts',(-2.47820938971266,-1.94158617523791,
3.86538891778044));
#11746=CARTESIAN_POINT('Ctrl Pts',(-2.3222427621515,-2.14162613786136,3.87180252830282));
#11747=CARTESIAN_POINT('Ctrl Pts',(-2.14246171596176,-2.32307373709695,
3.87821484082036));
#11748=CARTESIAN_POINT('Ctrl Pts',(-1.94265499081905,-2.47961437934254,
3.88462672427168));
#11749=CARTESIAN_POINT('Ctrl Pts',(-1.72978225581836,-2.64639172194592,
3.89145790157973));
#11750=CARTESIAN_POINT('Ctrl Pts',(-1.49487314006877,-2.78436015866773,
3.89828753832281));
#11751=CARTESIAN_POINT('Ctrl Pts',(-1.24641571807298,-2.89086316720442,
3.90511737552381));
#11752=CARTESIAN_POINT('Ctrl Pts',(-1.02859848983156,-2.98423204277468,
3.91110494553285));
#11753=CARTESIAN_POINT('Ctrl Pts',(-0.800370047499187,-3.0534179218121,
3.91709266969365));
#11754=CARTESIAN_POINT('Ctrl Pts',(-0.567458279084324,-3.09666270818584,
3.92308172091722));
#11755=CARTESIAN_POINT('Ctrl Pts',(-0.347196478955213,-3.13755877177981,
3.92874549313684));
#11756=CARTESIAN_POINT('Ctrl Pts',(-0.122586355129659,-3.15528983270168,
3.93440993971568));
#11757=CARTESIAN_POINT('Ctrl Pts',(0.101504444344146,-3.14830066670378,
3.94007490890345));
#11758=CARTESIAN_POINT('Ctrl Pts',(0.131080039127335,-3.14737823373504,
3.94082257383904));
#11759=CARTESIAN_POINT('Ctrl Pts',(0.160646555189243,-3.14602527001752,
3.9415702478786));
#11760=CARTESIAN_POINT('Ctrl Pts',(0.190192777307461,-3.14423826269678,
3.94231793067357));
#11761=CARTESIAN_POINT('Ctrl Pts',(0.412796121247383,-3.13077482213749,
3.94795102615701));
#11762=CARTESIAN_POINT('Ctrl Pts',(0.633556974716934,-3.09279936971212,
3.9535807598309));
#11763=CARTESIAN_POINT('Ctrl Pts',(0.847972775828494,-3.03226883007668,
3.95920948749248));
#11764=CARTESIAN_POINT('Ctrl Pts',(1.06162998766088,-2.97195244358758,3.96481830107852));
#11765=CARTESIAN_POINT('Ctrl Pts',(1.26898536045655,-2.88924097264114,3.97042611677094));
#11766=CARTESIAN_POINT('Ctrl Pts',(1.46560159290894,-2.78611736680635,3.97603526320681));
#11767=CARTESIAN_POINT('Ctrl Pts',(1.5208845635844,-2.7571219008359,3.97761239788211));
#11768=CARTESIAN_POINT('Ctrl Pts',(1.57531871111232,-2.72651294868043,3.97918963769834));
#11769=CARTESIAN_POINT('Ctrl Pts',(1.62880591967819,-2.69433514254351,3.98076703421845));
#11770=CARTESIAN_POINT('Ctrl Pts',(1.72973693595673,-2.63361522908956,3.98374360073066));
#11771=CARTESIAN_POINT('Ctrl Pts',(1.82718179011249,-2.56719639003271,3.98682661807578));
#11772=CARTESIAN_POINT('Ctrl Pts',(1.92053182415004,-2.49549388629692,3.98994241351123));
#11773=CARTESIAN_POINT('Ctrl Pts',(2.01318211925869,-2.42432885460045,3.99303485337554));
#11774=CARTESIAN_POINT('Ctrl Pts',(2.10179920868359,-2.34795982859503,3.99615958204287));
#11775=CARTESIAN_POINT('Ctrl Pts',(2.1858309786623,-2.26676520579446,3.99924456854814));
#11776=CARTESIAN_POINT('Ctrl Pts',(2.19954358156119,-2.25351557865615,3.99974798761103));
#11777=CARTESIAN_POINT('Ctrl Pts',(2.21313416731111,-2.24013737708883,4.00025034837347));
#11778=CARTESIAN_POINT('Ctrl Pts',(2.22660043334607,-2.22663215383334,4.00075133781659));
#11779=CARTESIAN_POINT('Ctrl Pts',(3.00928105474687,-0.931997555950504,
4.03880726285394));
#11780=CARTESIAN_POINT('Ctrl Pts',(2.78308978411616,-1.66250375781316,4.01948857607081));
#11781=CARTESIAN_POINT('Ctrl Pts',(2.28284212397639,-2.3011727468492,4.00025370446315));
#11782=CARTESIAN_POINT('Ctrl Pts',(0.978252058499797,-3.08982346697463,
3.96174539597232));
#11783=CARTESIAN_POINT('Ctrl Pts',(0.180933496501825,-3.23591904423293,
3.94251168082948));
#11784=CARTESIAN_POINT('Ctrl Pts',(-1.31664653759203,-2.96147782960716,
3.90405722287841));
#11785=CARTESIAN_POINT('Ctrl Pts',(-2.01033075161558,-2.54216490340786,
3.88482549765977));
#11786=CARTESIAN_POINT('Ctrl Pts',(-2.9493970706079,-1.3435360697819,3.84635877654169));
#11787=CARTESIAN_POINT('Ctrl Pts',(-3.19052107395189,-0.569727989725197,
3.82713213768755));
#11788=CARTESIAN_POINT('Ctrl Pts',(-3.09858458584962,0.95015160024117,3.78866716767384));
#11789=CARTESIAN_POINT('Ctrl Pts',(-2.76586605065419,1.68933159499488,3.76943205323134));
#11790=CARTESIAN_POINT('Ctrl Pts',(-1.68933159499442,2.76586605065368,3.73098284881743));
#11791=CARTESIAN_POINT('Ctrl Pts',(-0.950151600241188,3.09858458585013,
3.71174773437508));
#11792=CARTESIAN_POINT('Ctrl Pts',(0.569727989725131,3.19052107395137,3.67328276436106));
#11793=CARTESIAN_POINT('Ctrl Pts',(1.34353624572114,2.949396632549,3.65405611650685));
#11794=CARTESIAN_POINT('Ctrl Pts',(2.54612842063701,2.00722583439777,3.61546220949685));
#11795=CARTESIAN_POINT('Ctrl Pts',(2.9667189016629,1.30908434244655,3.5961449414944));
#11796=CARTESIAN_POINT('Ctrl Pts',(3.10138990637344,0.552960280972579,3.57674813423214));
#11797=CARTESIAN_POINT('Ctrl Pts',(2.66310263366388,-0.824806082266791,
3.78859986844452));
#11798=CARTESIAN_POINT('Ctrl Pts',(2.46384755875334,-1.46837528774338,3.76927323269659));
#11799=CARTESIAN_POINT('Ctrl Pts',(2.01725733677796,-2.03825845123455,3.75004625343861));
#11800=CARTESIAN_POINT('Ctrl Pts',(0.868690530622748,-2.73259006363383,
3.7115379449481));
#11801=CARTESIAN_POINT('Ctrl Pts',(0.156540161964668,-2.86301984931382,
3.69230422980478));
#11802=CARTESIAN_POINT('Ctrl Pts',(-1.16160671783728,-2.62146091828125,
3.65384977185436));
#11803=CARTESIAN_POINT('Ctrl Pts',(-1.78130989915662,-2.24687214108078,
3.63461804663539));
#11804=CARTESIAN_POINT('Ctrl Pts',(-2.60787678796866,-1.19183812548952,
3.59615132551731));
#11805=CARTESIAN_POINT('Ctrl Pts',(-2.82328090194898,-0.500563678664702,
3.57692468666317));
#11806=CARTESIAN_POINT('Ctrl Pts',(-2.74235895276989,0.837225347731108,
3.53845971664947));
#11807=CARTESIAN_POINT('Ctrl Pts',(-2.44511660625176,1.49757841567544,3.51922460220696));
#11808=CARTESIAN_POINT('Ctrl Pts',(-1.49757841567513,2.44511660625141,3.48077539779304));
#11809=CARTESIAN_POINT('Ctrl Pts',(-0.837225347731001,2.74235895277008,
3.4615402833507));
#11810=CARTESIAN_POINT('Ctrl Pts',(0.500563678664522,2.8232809019488,3.42307531333668));
#11811=CARTESIAN_POINT('Ctrl Pts',(1.19170356491783,2.60798198104255,3.40384866548248));
#11812=CARTESIAN_POINT('Ctrl Pts',(2.25049643837854,1.77847067173728,3.36525475847247));
#11813=CARTESIAN_POINT('Ctrl Pts',(2.62602426557856,1.15549202431522,3.34594548433133));
#11814=CARTESIAN_POINT('Ctrl Pts',(2.74461106875652,0.489409907468516,3.32654052460042));
#11815=CARTESIAN_POINT('Ctrl Pts',(2.74224038379754,0.502533277936295,3.32692299917044));
#11816=CARTESIAN_POINT('Ctrl Pts',(2.86339340944277,-0.158578635131612,
3.30764718469602));
#11817=CARTESIAN_POINT('Ctrl Pts',(2.73259510337377,-0.86868286200658,3.28846205457057));
#11818=CARTESIAN_POINT('Ctrl Pts',(2.03908253971613,-2.01589345736681,3.24999973130264));
#11819=CARTESIAN_POINT('Ctrl Pts',(1.46920705009081,-2.4623038590823,3.23077223514839));
#11820=CARTESIAN_POINT('Ctrl Pts',(0.189613725706654,-2.86104111430017,
3.19230463844395));
#11821=CARTESIAN_POINT('Ctrl Pts',(-0.533148620703937,-2.81730028763878,
3.17307545568312));
#11822=CARTESIAN_POINT('Ctrl Pts',(-1.75523882591606,-2.26728140272728,
3.13461661874241));
#11823=CARTESIAN_POINT('Ctrl Pts',(-2.26728140272746,-1.75523882591628,
3.1153833812571));
#11824=CARTESIAN_POINT('Ctrl Pts',(-2.81730028763863,-0.533148620703656,
3.07692454431737));
#11825=CARTESIAN_POINT('Ctrl Pts',(-2.86104111430001,0.189613725706682,
3.05769536155621));
#11826=CARTESIAN_POINT('Ctrl Pts',(-2.46230385908247,1.46920705009076,3.01922776485145));
#11827=CARTESIAN_POINT('Ctrl Pts',(-2.01574915972163,2.03916997817276,3.00000027758839));
#11828=CARTESIAN_POINT('Ctrl Pts',(-0.868827159651778,2.73250766491714,
2.9615379365384));
#11829=CARTESIAN_POINT('Ctrl Pts',(-0.156694509310784,2.86304796652479,
2.94230422153584));
#11830=CARTESIAN_POINT('Ctrl Pts',(1.16176106518335,2.62143280107029,2.90384978012329));
#11831=CARTESIAN_POINT('Ctrl Pts',(1.78011096449158,2.24840246929539,2.8846638591524));
#11832=CARTESIAN_POINT('Ctrl Pts',(2.19459334356264,1.71935513328515,2.86538468607635));
#11833=CARTESIAN_POINT('Ctrl Pts',(3.09840289181151,0.567802359993359,3.07692299917043));
#11834=CARTESIAN_POINT('Ctrl Pts',(3.23589993617786,-0.182496155749112,
3.05765516162413));
#11835=CARTESIAN_POINT('Ctrl Pts',(3.08952766023913,-0.978161466467253,
3.03846205457057));
#11836=CARTESIAN_POINT('Ctrl Pts',(2.30189604407815,-2.2810639692039,2.99999973130263));
#11837=CARTESIAN_POINT('Ctrl Pts',(1.66393518670887,-2.78089059938288,2.98077223514839));
#11838=CARTESIAN_POINT('Ctrl Pts',(0.210333429235827,-3.23385105386248,
2.94230463844395));
#11839=CARTESIAN_POINT('Ctrl Pts',(-0.598652117981044,-3.18489568493629,
2.92307545568313));
#11840=CARTESIAN_POINT('Ctrl Pts',(-1.98695136305795,-2.56007208162594,
2.88461661874241));
#11841=CARTESIAN_POINT('Ctrl Pts',(-2.56007208162613,-1.98695136305815,
2.8653833812571));
#11842=CARTESIAN_POINT('Ctrl Pts',(-3.18489568493614,-0.598652117980753,
2.82692454431737));
#11843=CARTESIAN_POINT('Ctrl Pts',(-3.23385105386199,0.210333429235988,
2.80769536155622));
#11844=CARTESIAN_POINT('Ctrl Pts',(-2.78089059938338,1.6639351867087,2.76922776485145));
#11845=CARTESIAN_POINT('Ctrl Pts',(-2.28106431542203,2.30189610752499,2.75000027758839));
#11846=CARTESIAN_POINT('Ctrl Pts',(-0.978161120249125,3.08952759679229,
2.7115379365384));
#11847=CARTESIAN_POINT('Ctrl Pts',(-0.180913069747451,3.23560960986934,
2.69230422153583));
#11848=CARTESIAN_POINT('Ctrl Pts',(1.31651778973416,2.9611961737537,2.65384978012329));
#11849=CARTESIAN_POINT('Ctrl Pts',(2.00921802413444,2.54309799374345,2.63465581499365));
#11850=CARTESIAN_POINT('Ctrl Pts',(2.47962738869315,1.94266518300061,2.61538468607635));
#11851=CARTESIAN_POINT('Ctrl Pts',(1.29210491101755,2.87102712613637,2.65384520437621));
#11852=CARTESIAN_POINT('Ctrl Pts',(1.11923512480227,2.94926974328132,2.65864380469912));
#11853=CARTESIAN_POINT('Ctrl Pts',(0.93961592997999,3.01199427944083,2.66343515846652));
#11854=CARTESIAN_POINT('Ctrl Pts',(0.755786103616476,3.05778201866801,2.66822357694758));
#11855=CARTESIAN_POINT('Ctrl Pts',(0.693574346307101,3.07327752218284,2.66984407528744));
#11856=CARTESIAN_POINT('Ctrl Pts',(0.630879992668309,3.08683301149376,2.67146423731916));
#11857=CARTESIAN_POINT('Ctrl Pts',(0.567800472676092,3.09839259303561,2.6730842298161));
#11858=CARTESIAN_POINT('Ctrl Pts',(0.383294557664213,3.13220406100174,2.67782266469952));
#11859=CARTESIAN_POINT('Ctrl Pts',(0.195949056832115,3.14879795374473,2.68255802374743));
#11860=CARTESIAN_POINT('Ctrl Pts',(0.00860493141678919,3.14875061122571,
2.68729269795034));
#11861=CARTESIAN_POINT('Ctrl Pts',(-0.183989589172079,3.14870194191338,
2.69216006331998));
#11862=CARTESIAN_POINT('Ctrl Pts',(-0.376584142885412,3.13106614608438,
2.69702670498614));
#11863=CARTESIAN_POINT('Ctrl Pts',(-0.566099463144005,3.09641547224003,
2.70189522184451));
#11864=CARTESIAN_POINT('Ctrl Pts',(-0.691248154277373,3.07353348849015,
2.70511020473747));
#11865=CARTESIAN_POINT('Ctrl Pts',(-0.815054173752424,3.0432305824644,2.70832600538312));
#11866=CARTESIAN_POINT('Ctrl Pts',(-0.936627508359941,3.00565950065204,
2.7115433722367));
#11867=CARTESIAN_POINT('Ctrl Pts',(-1.17898060696035,2.93076258247182,2.71795710456392));
#11868=CARTESIAN_POINT('Ctrl Pts',(-1.41238861799089,2.82700716473918,2.72436923800628));
#11869=CARTESIAN_POINT('Ctrl Pts',(-1.62960417131885,2.69569771447661,2.73078051309154));
#11870=CARTESIAN_POINT('Ctrl Pts',(-1.8656943630229,2.5529783151975,2.73774888686015));
#11871=CARTESIAN_POINT('Ctrl Pts',(-2.08188814424678,2.3781794195015,2.74471609697828));
#11872=CARTESIAN_POINT('Ctrl Pts',(-2.27235145558106,2.17872392835072,2.75168400030061));
#11873=CARTESIAN_POINT('Ctrl Pts',(-2.43224672133199,2.01127966551805,2.75753360328003));
#11874=CARTESIAN_POINT('Ctrl Pts',(-2.57400774516951,1.82645960429185,2.76338369486532));
#11875=CARTESIAN_POINT('Ctrl Pts',(-2.69420537574295,1.62867276924619,2.76923537341598));
#11876=CARTESIAN_POINT('Ctrl Pts',(-2.82593603641813,1.41190817639097,2.77564852380721));
#11877=CARTESIAN_POINT('Ctrl Pts',(-2.93183829535703,1.17946759827079,2.78206053230138));
#11878=CARTESIAN_POINT('Ctrl Pts',(-3.00735544898063,0.937129516107032,
2.78847268391247));
#11879=CARTESIAN_POINT('Ctrl Pts',(-3.08764042625044,0.679491264603258,
2.79528967080412));
#11880=CARTESIAN_POINT('Ctrl Pts',(-3.13331829995213,0.411503957481565,
2.80210544633684));
#11881=CARTESIAN_POINT('Ctrl Pts',(-3.14491348911687,0.141994652751418,
2.80892132513061));
#11882=CARTESIAN_POINT('Ctrl Pts',(-3.1551242099233,-0.0953351765629365,
2.81492338636694));
#11883=CARTESIAN_POINT('Ctrl Pts',(-3.13890605352381,-0.333843865504783,
2.82092552771755));
#11884=CARTESIAN_POINT('Ctrl Pts',(-3.09665051375484,-0.567506696836592,
2.82692864708367));
#11885=CARTESIAN_POINT('Ctrl Pts',(-3.05151188348013,-0.81711231565234,
2.83334135857768));
#11886=CARTESIAN_POINT('Ctrl Pts',(-2.97664498166655,-1.06132626445705,
2.83975289379748));
#11887=CARTESIAN_POINT('Ctrl Pts',(-2.87247035920182,-1.29279565381749,
2.84616420231211));
#11888=CARTESIAN_POINT('Ctrl Pts',(-2.76251401673555,-1.53711165751209,
2.85293134020052));
#11889=CARTESIAN_POINT('Ctrl Pts',(-2.62024654603931,-1.76645991386236,
2.85969866951349));
#11890=CARTESIAN_POINT('Ctrl Pts',(-2.4517814653267,-1.97470259621657,2.86646676242458));
#11891=CARTESIAN_POINT('Ctrl Pts',(-2.30117458048552,-2.16087044505309,
2.87251740143739));
#11892=CARTESIAN_POINT('Ctrl Pts',(-2.12963137506276,-2.3301695085845,2.87856865068079));
#11893=CARTESIAN_POINT('Ctrl Pts',(-1.94154535585717,-2.47823881471575,
2.88462091903637));
#11894=CARTESIAN_POINT('Ctrl Pts',(-1.74223232607599,-2.63514650061002,
2.89103445231277));
#11895=CARTESIAN_POINT('Ctrl Pts',(-1.52425163289283,-2.76829733130438,
2.89744628364367));
#11896=CARTESIAN_POINT('Ctrl Pts',(-1.29279512522666,-2.87246918472258,
2.90385716597446));
#11897=CARTESIAN_POINT('Ctrl Pts',(-1.0413131861508,-2.98565390335025,2.91082271270283));
#11898=CARTESIAN_POINT('Ctrl Pts',(-0.774736610045704,-3.06426578127742,
2.91778760943671));
#11899=CARTESIAN_POINT('Ctrl Pts',(-0.50248235004177,-3.10771910223995,
2.92475341609057));
#11900=CARTESIAN_POINT('Ctrl Pts',(-0.273762015802992,-3.14422416223126,
2.93060537824569));
#11901=CARTESIAN_POINT('Ctrl Pts',(-0.0410358640666392,-3.15591626944181,
2.93645798261229));
#11902=CARTESIAN_POINT('Ctrl Pts',(0.190111334465065,-3.14247659872053,
2.94231215379145));
#11903=CARTESIAN_POINT('Ctrl Pts',(0.443336087495503,-3.12775326518751,
2.94872547422302));
#11904=CARTESIAN_POINT('Ctrl Pts',(0.694791892760426,-3.08286897267104,
2.95513765675831));
#11905=CARTESIAN_POINT('Ctrl Pts',(0.937129437692114,-3.0073551973382,2.96154973948603));
#11906=CARTESIAN_POINT('Ctrl Pts',(1.19032130873567,-2.92845915144703,2.96824902012608));
#11907=CARTESIAN_POINT('Ctrl Pts',(1.43275012110197,-2.8163816152552,2.9749468667396));
#11908=CARTESIAN_POINT('Ctrl Pts',(1.65780297492008,-2.6762917272777,2.98164467927569));
#11909=CARTESIAN_POINT('Ctrl Pts',(1.86343176890406,-2.54829284068084,2.98776441111095));
#11910=CARTESIAN_POINT('Ctrl Pts',(2.05455362414613,-2.39690972839633,2.99388411457832));
#11911=CARTESIAN_POINT('Ctrl Pts',(2.22614921576901,-2.22611416531255,3.00000485750256));
#11912=CARTESIAN_POINT('Ctrl Pts',(2.38354534829683,-2.06945185931709,3.00561911166469));
#11913=CARTESIAN_POINT('Ctrl Pts',(2.5246382125141,-1.89633935159699,3.01123415522285));
#11914=CARTESIAN_POINT('Ctrl Pts',(2.64548352736228,-1.7098191264875,3.01684967542967));
#11915=CARTESIAN_POINT('Ctrl Pts',(2.66263381935732,-1.68334829203581,3.01764662656817));
#11916=CARTESIAN_POINT('Ctrl Pts',(2.6793763442703,-1.65660748640275,3.01844358730793));
#11917=CARTESIAN_POINT('Ctrl Pts',(2.69569987393106,-1.62960547675305,3.01924055675565));
#11918=CARTESIAN_POINT('Ctrl Pts',(2.81004374931807,-1.44046045170328,3.02482320812524));
#11919=CARTESIAN_POINT('Ctrl Pts',(2.90354663335698,-1.23912107763827,3.03040276910869));
#11920=CARTESIAN_POINT('Ctrl Pts',(2.97528366504263,-1.0302803542604,3.03598144974439));
#11921=CARTESIAN_POINT('Ctrl Pts',(3.04686224840016,-0.821900905383076,
3.04154780853461));
#11922=CARTESIAN_POINT('Ctrl Pts',(3.0967706734965,-0.606054906079342,3.04711329187403));
#11923=CARTESIAN_POINT('Ctrl Pts',(3.12413866789923,-0.38741694255276,3.05268009308646));
#11924=CARTESIAN_POINT('Ctrl Pts',(3.13234656280964,-0.321845552788397,
3.05434962424268));
#11925=CARTESIAN_POINT('Ctrl Pts',(3.1385274067065,-0.256023030501888,3.05601927386427));
#11926=CARTESIAN_POINT('Ctrl Pts',(3.14265864852253,-0.190075343902599,
3.0576891008715));
#11927=CARTESIAN_POINT('Ctrl Pts',(3.15002432387099,-0.0724958675361025,
3.06066626952224));
#11928=CARTESIAN_POINT('Ctrl Pts',(3.15071730465811,0.0454510531261468,
3.06374981519811));
#11929=CARTESIAN_POINT('Ctrl Pts',(3.14473358325645,0.163028508348233,3.06686609701814));
#11930=CARTESIAN_POINT('Ctrl Pts',(3.13879472908184,0.279724342581593,3.0699590122884));
#11931=CARTESIAN_POINT('Ctrl Pts',(3.12627980585441,0.396056181185467,3.07308417488858));
#11932=CARTESIAN_POINT('Ctrl Pts',(3.10718635475058,0.511354604075775,3.07616958553445));
#11933=CARTESIAN_POINT('Ctrl Pts',(3.10407779711005,0.530126055683319,3.07667191362512));
#11934=CARTESIAN_POINT('Ctrl Pts',(3.100794853674,0.548870226614683,3.0771731880275));
#11935=CARTESIAN_POINT('Ctrl Pts',(3.09733749290125,0.567584358488487,3.07767309801833));
#11936=CARTESIAN_POINT('',(2.19459334356264,1.71935513328515,2.86538468607635));
#11937=CARTESIAN_POINT('Ctrl Pts',(2.47648929447902,1.94714992403685,3.11573022613876));
#11938=CARTESIAN_POINT('Ctrl Pts',(2.94919723122947,1.34601503530707,3.09641159686757));
#11939=CARTESIAN_POINT('Ctrl Pts',(3.1906310733385,0.571542416765315,3.07717807349733));
#11940=CARTESIAN_POINT('Ctrl Pts',(3.09858440762901,-0.950151208162409,
3.03866719115097));
#11941=CARTESIAN_POINT('Ctrl Pts',(2.76586606984826,-1.68933160646908,3.0194320682038));
#11942=CARTESIAN_POINT('Ctrl Pts',(1.68933160646896,-2.76586606984805,2.9809828637902));
#11943=CARTESIAN_POINT('Ctrl Pts',(0.950151606999054,-3.09858460716693,
2.96174774934722));
#11944=CARTESIAN_POINT('Ctrl Pts',(-0.569727993864267,-3.19052109592738,
2.92328277933415));
#11945=CARTESIAN_POINT('Ctrl Pts',(-1.34353607885938,-2.94939709104484,
2.90405614048003));
#11946=CARTESIAN_POINT('Ctrl Pts',(-2.54216492107861,-2.01033076532033,
2.86558941936127));
#11947=CARTESIAN_POINT('Ctrl Pts',(-2.96147784995376,-1.31664654687023,
2.84635769414267));
#11948=CARTESIAN_POINT('Ctrl Pts',(-3.23591906654783,0.180933497961997,
2.80790323619221));
#11949=CARTESIAN_POINT('Ctrl Pts',(-3.08982387477708,0.978251852565717,
2.7886695294586));
#11950=CARTESIAN_POINT('Ctrl Pts',(-2.3021141344781,2.28128449091524,2.75020718840862));
#11951=CARTESIAN_POINT('Ctrl Pts',(-1.66409633123412,2.78115488060937,2.73097969228366));
#11952=CARTESIAN_POINT('Ctrl Pts',(-0.205543421654551,3.2356586649143,2.69238489784619));
#11953=CARTESIAN_POINT('Ctrl Pts',(0.60793089066664,3.18520785609302,2.67306956030419));
#11954=CARTESIAN_POINT('Ctrl Pts',(1.30671436495547,2.86651044522439,2.65367112982987));
#11955=CARTESIAN_POINT('Ctrl Pts',(2.19162019531483,1.72314295272118,2.86552281596591));
#11956=CARTESIAN_POINT('Ctrl Pts',(2.60808314311937,1.19356063832871,2.84619633892473));
#11957=CARTESIAN_POINT('Ctrl Pts',(2.82338746281966,0.50232250579142,2.82697060750033));
#11958=CARTESIAN_POINT('Ctrl Pts',(2.74234904097964,-0.837386394073475,
2.78845972515397));
#11959=CARTESIAN_POINT('Ctrl Pts',(2.44511660625205,-1.49757841567481,2.7692246022068));
#11960=CARTESIAN_POINT('Ctrl Pts',(1.49757841567486,-2.44511660625201,2.7307753977932));
#11961=CARTESIAN_POINT('Ctrl Pts',(0.837225347731384,-2.74235895277004,
2.71154028335022));
#11962=CARTESIAN_POINT('Ctrl Pts',(-0.500563678664919,-2.82328090194884,
2.67307531333715));
#11963=CARTESIAN_POINT('Ctrl Pts',(-1.19183812548906,-2.60787678796873,
2.65384867448303));
#11964=CARTESIAN_POINT('Ctrl Pts',(-2.24687214108119,-1.7813098991566,2.61538195336428));
#11965=CARTESIAN_POINT('Ctrl Pts',(-2.62146091828112,-1.16160671783775,
2.59615022814567));
#11966=CARTESIAN_POINT('Ctrl Pts',(-2.86301984931394,0.156540161965122,
2.55769577019521));
#11967=CARTESIAN_POINT('Ctrl Pts',(-2.73250766491746,0.868827159651634,
2.5384620634616));
#11968=CARTESIAN_POINT('Ctrl Pts',(-2.03916997817241,2.01574915972181,2.49999972241161));
#11969=CARTESIAN_POINT('Ctrl Pts',(-1.46936753855068,2.46225366341322,2.48077222628667));
#11970=CARTESIAN_POINT('Ctrl Pts',(-0.185220455085401,2.86241029896244,
2.44217743184919));
#11971=CARTESIAN_POINT('Ctrl Pts',(0.540798057967591,2.81757132206379,2.4228700482543));
#11972=CARTESIAN_POINT('Ctrl Pts',(1.15634164412996,2.53678654621901,2.40346350600672));
#11973=CARTESIAN_POINT('Ctrl Pts',(2.19459334356264,1.71935513328515,2.86538468607635));
#11974=CARTESIAN_POINT('Ctrl Pts',(2.60910758327135,1.1902671101818,2.84610473092804));
#11975=CARTESIAN_POINT('Ctrl Pts',(2.82329081373941,0.500724725007096,2.82692467815866));
#11976=CARTESIAN_POINT('Ctrl Pts',(2.74234904097948,-0.837386394073475,
2.78845972515397));
#11977=CARTESIAN_POINT('Ctrl Pts',(2.44511660625205,-1.49757841567481,2.7692246022068));
#11978=CARTESIAN_POINT('Ctrl Pts',(1.49757841567486,-2.44511660625201,2.7307753977932));
#11979=CARTESIAN_POINT('Ctrl Pts',(0.837225347731466,-2.7423589527702,2.71154028335022));
#11980=CARTESIAN_POINT('Ctrl Pts',(-0.500563678665002,-2.82328090194868,
2.67307531333715));
#11981=CARTESIAN_POINT('Ctrl Pts',(-1.19183812548898,-2.60787678796873,
2.65384867448303));
#11982=CARTESIAN_POINT('Ctrl Pts',(-2.24687214108127,-1.7813098991566,2.61538195336428));
#11983=CARTESIAN_POINT('Ctrl Pts',(-2.62146091828096,-1.16160671783775,
2.59615022814567));
#11984=CARTESIAN_POINT('Ctrl Pts',(-2.86301984931411,0.156540161965121,
2.55769577019521));
#11985=CARTESIAN_POINT('Ctrl Pts',(-2.73250766491729,0.868827159651634,
2.5384620634616));
#11986=CARTESIAN_POINT('Ctrl Pts',(-2.03916997817258,2.01574915972181,2.49999972241161));
#11987=CARTESIAN_POINT('Ctrl Pts',(-1.46936753855068,2.46225366341322,2.48077222628667));
#11988=CARTESIAN_POINT('Ctrl Pts',(-0.189453237246736,2.86109130996928,
2.44230464730567));
#11989=CARTESIAN_POINT('Ctrl Pts',(0.531260683565068,2.81814996689011,2.42312377682214));
#11990=CARTESIAN_POINT('Ctrl Pts',(1.14419372330999,2.54229084518304,2.40384603721277));
#11991=CARTESIAN_POINT('Ctrl Pts',(2.19459334356264,1.71935513328515,2.86538468607635));
#11992=CARTESIAN_POINT('Ctrl Pts',(2.60910758327135,1.1902671101818,2.84610473092804));
#11993=CARTESIAN_POINT('Ctrl Pts',(2.82329081373941,0.500724725007096,2.82692467815866));
#11994=CARTESIAN_POINT('Ctrl Pts',(2.74234904097948,-0.837386394073475,
2.78845972515397));
#11995=CARTESIAN_POINT('Ctrl Pts',(2.44511660625205,-1.49757841567481,2.7692246022068));
#11996=CARTESIAN_POINT('Ctrl Pts',(1.49757841567486,-2.44511660625201,2.7307753977932));
#11997=CARTESIAN_POINT('Ctrl Pts',(0.837225347731466,-2.7423589527702,2.71154028335022));
#11998=CARTESIAN_POINT('Ctrl Pts',(-0.500563678665002,-2.82328090194868,
2.67307531333715));
#11999=CARTESIAN_POINT('Ctrl Pts',(-1.19183812548898,-2.60787678796873,
2.65384867448303));
#12000=CARTESIAN_POINT('Ctrl Pts',(-2.24687214108127,-1.7813098991566,2.61538195336428));
#12001=CARTESIAN_POINT('Ctrl Pts',(-2.62146091828096,-1.16160671783775,
2.59615022814567));
#12002=CARTESIAN_POINT('Ctrl Pts',(-2.86301984931411,0.156540161965121,
2.55769577019521));
#12003=CARTESIAN_POINT('Ctrl Pts',(-2.73250766491729,0.868827159651634,
2.5384620634616));
#12004=CARTESIAN_POINT('Ctrl Pts',(-2.03916997817258,2.01574915972181,2.49999972241161));
#12005=CARTESIAN_POINT('Ctrl Pts',(-1.46936753855068,2.46225366341322,2.48077222628667));
#12006=CARTESIAN_POINT('Ctrl Pts',(-0.189453237246736,2.86109130996928,
2.44230464730567));
#12007=CARTESIAN_POINT('Ctrl Pts',(0.531260683565068,2.81814996689011,2.42312377682214));
#12008=CARTESIAN_POINT('Ctrl Pts',(1.14419372330999,2.54229084518304,2.40384603721277));
#12009=CARTESIAN_POINT('Ctrl Pts',(2.47962738869315,1.94266518300061,2.61538468607635));
#12010=CARTESIAN_POINT('Ctrl Pts',(2.95006304834731,1.34219878017276,2.59611247936052));
#12011=CARTESIAN_POINT('Ctrl Pts',(3.19021679680569,0.569670379511906,2.57692467815866));
#12012=CARTESIAN_POINT('Ctrl Pts',(3.09828902585367,-0.950057706297911,
2.53845972515397));
#12013=CARTESIAN_POINT('Ctrl Pts',(2.76560011212798,-1.68917260934744,2.5192246022068));
#12014=CARTESIAN_POINT('Ctrl Pts',(1.68917260934732,-2.76560011212777,2.4807753977932));
#12015=CARTESIAN_POINT('Ctrl Pts',(0.950057971268108,-3.09828923344475,
2.46154028335022));
#12016=CARTESIAN_POINT('Ctrl Pts',(-0.569670644482014,-3.1902165892146,
2.42307531333715));
#12017=CARTESIAN_POINT('Ctrl Pts',(-1.34341029457467,-2.9491139106452,2.40384867448303));
#12018=CARTESIAN_POINT('Ctrl Pts',(-2.54192007142648,-2.01014086674116,
2.36538195336427));
#12019=CARTESIAN_POINT('Ctrl Pts',(-2.96119591611359,-1.31651799158272,
2.34615022814567));
#12020=CARTESIAN_POINT('Ctrl Pts',(-3.23560986750944,0.180913271595955,
2.30769577019521));
#12021=CARTESIAN_POINT('Ctrl Pts',(-3.08952759679261,0.978161120249233,
2.2884620634616));
#12022=CARTESIAN_POINT('Ctrl Pts',(-2.30189610752464,2.28106431542197,2.24999972241162));
#12023=CARTESIAN_POINT('Ctrl Pts',(-1.66393486681515,2.78089045541043,2.23077222628667));
#12024=CARTESIAN_POINT('Ctrl Pts',(-0.210333749129506,3.23385119783495,
2.19230464730567));
#12025=CARTESIAN_POINT('Ctrl Pts',(0.597189510258157,3.18555393363589,2.17311593356653));
#12026=CARTESIAN_POINT('Ctrl Pts',(1.29280174051948,2.87248388328112,2.15384603721277));
#12027=CARTESIAN_POINT('Ctrl Pts',(1.29235600950173,2.87149351087935,2.15459588070393));
#12028=CARTESIAN_POINT('Ctrl Pts',(1.17008013275585,2.92631305803619,2.1581159292065));
#12029=CARTESIAN_POINT('Ctrl Pts',(1.04435439918016,2.97315272719869,2.16151276553539));
#12030=CARTESIAN_POINT('Ctrl Pts',(0.916138279564448,3.01186722336475,2.16484273699979));
#12031=CARTESIAN_POINT('Ctrl Pts',(0.786475690675179,3.05101847685364,2.16821027551442));
#12032=CARTESIAN_POINT('Ctrl Pts',(0.654266012927333,3.08185932660603,2.17150943245429));
#12033=CARTESIAN_POINT('Ctrl Pts',(0.520550997629335,3.10421780459387,2.17479849495543));
#12034=CARTESIAN_POINT('Ctrl Pts',(0.386583835548901,3.12661844402687,2.17809375965104));
#12035=CARTESIAN_POINT('Ctrl Pts',(0.251105574154925,3.14050374935783,2.18137889206076));
#12036=CARTESIAN_POINT('Ctrl Pts',(0.11521517899569,3.14569283217201,2.18471251528809));
#12037=CARTESIAN_POINT('Ctrl Pts',(0.0135140017096262,3.14957637251066,
2.18720741867291));
#12038=CARTESIAN_POINT('Ctrl Pts',(-0.0884169581381097,3.14858880809746,
2.18972948240422));
#12039=CARTESIAN_POINT('Ctrl Pts',(-0.190097981250777,3.14265623752475,
2.1923032820318));
#12040=CARTESIAN_POINT('Ctrl Pts',(-0.195663634710837,3.14421756119776,
2.19265283735364));
#12041=CARTESIAN_POINT('Ctrl Pts',(0.567596156270472,3.1917646113783,2.17333462362986));
#12042=CARTESIAN_POINT('Ctrl Pts',(1.34210598250655,2.95051703750886,2.1541016251228));
#12043=CARTESIAN_POINT('Ctrl Pts',(2.54216399234194,2.01033045465146,2.11558901976421));
#12044=CARTESIAN_POINT('Ctrl Pts',(2.96147729522248,1.31664629392515,2.09635728593408));
#12045=CARTESIAN_POINT('Ctrl Pts',(3.23591845816944,-0.180933458164279,
2.057902827983));
#12046=CARTESIAN_POINT('Ctrl Pts',(3.08982329182214,-0.978251674041026,
2.03866912124989));
#12047=CARTESIAN_POINT('Ctrl Pts',(2.30211370548965,-2.2812840576994,2.00020678019953));
#12048=CARTESIAN_POINT('Ctrl Pts',(1.66409646661781,-2.78115446284627,1.98097929293649));
#12049=CARTESIAN_POINT('Ctrl Pts',(0.210350589939871,-3.23415982666801,
1.94251169623205));
#12050=CARTESIAN_POINT('Ctrl Pts',(-0.598706370018099,-3.18520013889613,
1.92328251347114));
#12051=CARTESIAN_POINT('Ctrl Pts',(-1.98714327459962,-2.56031457998699,
1.88482367653059));
#12052=CARTESIAN_POINT('Ctrl Pts',(-2.56031457998736,-1.98714327459971,
1.86559043904552));
#12053=CARTESIAN_POINT('Ctrl Pts',(-3.18520013889584,-0.598706370017852,
1.82713160210514));
#12054=CARTESIAN_POINT('Ctrl Pts',(-3.23415948995956,0.210350899938879,
1.80790241061263));
#12055=CARTESIAN_POINT('Ctrl Pts',(-2.77965964209628,1.6688942925084,1.76930786781162));
#12056=CARTESIAN_POINT('Ctrl Pts',(-2.27604271342045,2.30970485352737,1.74999389712176));
#12057=CARTESIAN_POINT('Ctrl Pts',(-1.61681883973831,2.70375252419485,1.73059452539755));
#12058=CARTESIAN_POINT('Ctrl Pts',(-0.173134042581634,2.78252499053963,
1.94244583556018));
#12059=CARTESIAN_POINT('Ctrl Pts',(0.499293111851698,2.82443017091892,1.92311974499776));
#12060=CARTESIAN_POINT('Ctrl Pts',(1.1904503538161,2.60896425741703,1.90389456733462));
#12061=CARTESIAN_POINT('Ctrl Pts',(2.24700065738199,1.78120899443524,1.86538196197619));
#12062=CARTESIAN_POINT('Ctrl Pts',(2.62146091828124,1.16160671783734,1.8461502281459));
#12063=CARTESIAN_POINT('Ctrl Pts',(2.86301984931382,-0.156540161964693,
1.80769577019498));
#12064=CARTESIAN_POINT('Ctrl Pts',(2.73250766491718,-0.868827159651498,
1.7884620634617));
#12065=CARTESIAN_POINT('Ctrl Pts',(2.03916997817275,-2.01574915972185,1.74999972241151));
#12066=CARTESIAN_POINT('Ctrl Pts',(1.46920705009075,-2.46230385908246,1.73077223514846));
#12067=CARTESIAN_POINT('Ctrl Pts',(0.189613725706754,-2.8610411143,1.69230463844386));
#12068=CARTESIAN_POINT('Ctrl Pts',(-0.533148620703874,-2.81730028763926,
1.67307545568304));
#12069=CARTESIAN_POINT('Ctrl Pts',(-1.75523882591617,-2.26728140272678,
1.63461661874249));
#12070=CARTESIAN_POINT('Ctrl Pts',(-2.26728140272731,-1.75523882591626,
1.61538338125742));
#12071=CARTESIAN_POINT('Ctrl Pts',(-2.8173002876388,-0.533148620703634,
1.57692454431704));
#12072=CARTESIAN_POINT('Ctrl Pts',(-2.86109023636048,0.189455501024735,
1.55769535282453));
#12073=CARTESIAN_POINT('Ctrl Pts',(-2.46093836682946,1.47358966071154,1.51910081002353));
#12074=CARTESIAN_POINT('Ctrl Pts',(-2.01161737084587,2.04561724130985,1.49979475781853));
#12075=CARTESIAN_POINT('Ctrl Pts',(-1.43088010555887,2.39269599824561,1.48038731079806));
#12076=CARTESIAN_POINT('Ctrl Pts',(-0.168330834533223,2.78281992735944,
1.94230779834368));
#12077=CARTESIAN_POINT('Ctrl Pts',(0.502583308034243,2.82340304924808,1.92302819925926));
#12078=CARTESIAN_POINT('Ctrl Pts',(1.19170960918829,2.60797769269006,1.90384866587112));
#12079=CARTESIAN_POINT('Ctrl Pts',(2.24700065738199,1.78120899443524,1.86538196197619));
#12080=CARTESIAN_POINT('Ctrl Pts',(2.62146091828124,1.16160671783738,1.8461502281459));
#12081=CARTESIAN_POINT('Ctrl Pts',(2.86301984931382,-0.156540161964734,
1.80769577019498));
#12082=CARTESIAN_POINT('Ctrl Pts',(2.73250766491718,-0.868827159651498,
1.7884620634617));
#12083=CARTESIAN_POINT('Ctrl Pts',(2.03916997817275,-2.01574915972185,1.74999972241151));
#12084=CARTESIAN_POINT('Ctrl Pts',(1.46920705009079,-2.46230385908229,1.73077223514846));
#12085=CARTESIAN_POINT('Ctrl Pts',(0.189613725706713,-2.86104111430017,
1.69230463844386));
#12086=CARTESIAN_POINT('Ctrl Pts',(-0.533148620703874,-2.81730028763926,
1.67307545568304));
#12087=CARTESIAN_POINT('Ctrl Pts',(-1.75523882591617,-2.26728140272678,
1.63461661874249));
#12088=CARTESIAN_POINT('Ctrl Pts',(-2.26728140272731,-1.75523882591626,
1.61538338125742));
#12089=CARTESIAN_POINT('Ctrl Pts',(-2.8173002876388,-0.533148620703634,
1.57692454431704));
#12090=CARTESIAN_POINT('Ctrl Pts',(-2.86109023636048,0.189455501024734,
1.55769535282453));
#12091=CARTESIAN_POINT('Ctrl Pts',(-2.5286560475053,1.25627570170762,1.52563216255298));
#12092=CARTESIAN_POINT('Ctrl Pts',(-2.28648390407629,1.65145885715439,1.51282678136597));
#12093=CARTESIAN_POINT('Ctrl Pts',(-1.96924951323709,1.97050004860519,1.5000000000171));
#12094=CARTESIAN_POINT('Ctrl Pts',(-0.235464194159386,2.77789667830623,
1.94423924636612));
#12095=CARTESIAN_POINT('Ctrl Pts',(0.456386536933383,2.83756751449627,1.92430886242911));
#12096=CARTESIAN_POINT('Ctrl Pts',(1.17409270915103,2.62177966849192,1.90449082433389));
#12097=CARTESIAN_POINT('Ctrl Pts',(2.24700065738199,1.78120899443524,1.86538196197619));
#12098=CARTESIAN_POINT('Ctrl Pts',(2.62146091828124,1.16160671783738,1.8461502281459));
#12099=CARTESIAN_POINT('Ctrl Pts',(2.86301984931382,-0.156540161964734,
1.80769577019498));
#12100=CARTESIAN_POINT('Ctrl Pts',(2.73250766491718,-0.868827159651498,
1.7884620634617));
#12101=CARTESIAN_POINT('Ctrl Pts',(2.03916997817275,-2.01574915972185,1.74999972241151));
#12102=CARTESIAN_POINT('Ctrl Pts',(1.46920705009079,-2.46230385908229,1.73077223514846));
#12103=CARTESIAN_POINT('Ctrl Pts',(0.189613725706713,-2.86104111430017,
1.69230463844386));
#12104=CARTESIAN_POINT('Ctrl Pts',(-0.533148620703874,-2.81730028763926,
1.67307545568304));
#12105=CARTESIAN_POINT('Ctrl Pts',(-1.75523882591617,-2.26728140272678,
1.63461661874249));
#12106=CARTESIAN_POINT('Ctrl Pts',(-2.26728140272731,-1.75523882591626,
1.61538338125742));
#12107=CARTESIAN_POINT('Ctrl Pts',(-2.8173002876388,-0.533148620703634,
1.57692454431704));
#12108=CARTESIAN_POINT('Ctrl Pts',(-2.86109023636048,0.189455501024734,
1.55769535282453));
#12109=CARTESIAN_POINT('Ctrl Pts',(-2.462254737022,1.46936527477274,1.51922777358313));
#12110=CARTESIAN_POINT('Ctrl Pts',(-2.01749977696088,2.03811167643149,1.50004796985618));
#12111=CARTESIAN_POINT('Ctrl Pts',(-1.44228815968669,2.38583882154496,1.48076910706339));
#12112=CARTESIAN_POINT('Ctrl Pts',(-0.266546363493887,3.14018292683029,
1.69319473541104));
#12113=CARTESIAN_POINT('Ctrl Pts',(0.519733921963113,3.20770099118559,1.6732735266975));
#12114=CARTESIAN_POINT('Ctrl Pts',(1.32402619565075,2.96622099540221,1.65344714872788));
#12115=CARTESIAN_POINT('Ctrl Pts',(2.54315093054985,2.01109656851642,1.61433828637019));
#12116=CARTESIAN_POINT('Ctrl Pts',(2.9626142086327,1.31716470005239,1.5951065525399));
#12117=CARTESIAN_POINT('Ctrl Pts',(3.23716531996143,-0.181015022075459,
1.55665209458898));
#12118=CARTESIAN_POINT('Ctrl Pts',(3.09101804876739,-0.978617556999179,
1.5374183878557));
#12119=CARTESIAN_POINT('Ctrl Pts',(2.30299291093399,-2.28217192724588,1.49895604680551));
#12120=CARTESIAN_POINT('Ctrl Pts',(1.66474811873278,-2.7822206042202,1.47972855954246));
#12121=CARTESIAN_POINT('Ctrl Pts',(0.210419927832488,-3.23540742442053,
1.44126096283787));
#12122=CARTESIAN_POINT('Ctrl Pts',(-0.598925575589928,-3.1864302863326,
1.42203178007704));
#12123=CARTESIAN_POINT('Ctrl Pts',(-1.98791869394844,-2.5612943955827,1.38357294313649));
#12124=CARTESIAN_POINT('Ctrl Pts',(-2.56129439558307,-1.98791869394853,
1.36433970565142));
#12125=CARTESIAN_POINT('Ctrl Pts',(-3.18643028633231,-0.598925575589681,
1.32588086871104));
#12126=CARTESIAN_POINT('Ctrl Pts',(-3.2354069223367,0.21042076792417,1.30665167721853));
#12127=CARTESIAN_POINT('Ctrl Pts',(-2.78222110630404,1.66474727864107,1.26818409797713));
#12128=CARTESIAN_POINT('Ctrl Pts',(-2.28352261533483,2.30217636791502,1.24899645314923));
#12129=CARTESIAN_POINT('Ctrl Pts',(-1.63039474212254,2.69700547985068,1.22972543145739));
#12130=CARTESIAN_POINT('Origin',(0.,6.12323399573677E-16,10.));
#12131=CARTESIAN_POINT('',(0.,0.,0.));
#12132=CARTESIAN_POINT('Origin',(-4.33680868994202E-16,4.33680868994202E-16,
0.1));
#12133=CARTESIAN_POINT('',(1.85,4.33680868994202E-16,0.1));
#12134=CARTESIAN_POINT('Origin',(-4.33680868994202E-16,4.33680868994202E-16,
0.1));
#12135=CARTESIAN_POINT('',(1.85,4.33680868994202E-16,0.));
#12136=CARTESIAN_POINT('',(1.85,2.07121211151942E-16,0.1));
#12137=CARTESIAN_POINT('Origin',(-4.33680868994202E-16,4.33680868994202E-16,
0.));
#12138=CARTESIAN_POINT('Origin',(-4.33680868994202E-16,4.33680868994202E-16,
0.1));
#12139=CARTESIAN_POINT('Origin',(-3.25,-3.25,0.));
#12140=CARTESIAN_POINT('',(-0.55,3.25,0.));
#12141=CARTESIAN_POINT('',(-3.25,3.25,0.));
#12142=CARTESIAN_POINT('',(3.25,3.25,0.));
#12143=CARTESIAN_POINT('',(-0.55,2.14999999999996,0.));
#12144=CARTESIAN_POINT('',(-0.55,3.24999999999996,0.));
#12145=CARTESIAN_POINT('',(0.55,2.14999999999996,0.));
#12146=CARTESIAN_POINT('',(-0.55,2.14999999999996,0.));
#12147=CARTESIAN_POINT('',(0.55,3.25,0.));
#12148=CARTESIAN_POINT('',(0.55,2.14999999999996,0.));
#12149=CARTESIAN_POINT('',(3.25,3.25,0.));
#12150=CARTESIAN_POINT('',(3.25,3.25,0.));
#12151=CARTESIAN_POINT('',(3.25,-3.25,0.));
#12152=CARTESIAN_POINT('',(3.25,-3.25,0.));
#12153=CARTESIAN_POINT('',(0.55,-3.25,0.));
#12154=CARTESIAN_POINT('',(-3.25,-3.25,0.));
#12155=CARTESIAN_POINT('',(0.55,-2.14999999999996,0.));
#12156=CARTESIAN_POINT('',(0.55,-2.14999999999996,0.));
#12157=CARTESIAN_POINT('',(-0.55,-2.14999999999996,0.));
#12158=CARTESIAN_POINT('',(-0.55,-2.14999999999996,0.));
#12159=CARTESIAN_POINT('',(-0.55,-3.25,0.));
#12160=CARTESIAN_POINT('',(-0.55,-3.24999999999996,0.));
#12161=CARTESIAN_POINT('',(-3.25,-3.25,0.));
#12162=CARTESIAN_POINT('',(-3.25,-3.25,0.));
#12163=CARTESIAN_POINT('',(-3.25,3.25,0.));
#12164=CARTESIAN_POINT('Origin',(-3.25,3.25,1.));
#12165=CARTESIAN_POINT('',(-3.25,-3.25,1.));
#12166=CARTESIAN_POINT('',(-3.25,-3.25,1.));
#12167=CARTESIAN_POINT('',(-3.25,3.25,1.));
#12168=CARTESIAN_POINT('',(-3.25,3.25,1.));
#12169=CARTESIAN_POINT('',(-3.25,3.25,1.));
#12170=CARTESIAN_POINT('Origin',(3.25,3.25,1.));
#12171=CARTESIAN_POINT('',(0.55,3.24999999999996,-4.85));
#12172=CARTESIAN_POINT('',(0.55,3.24999999999996,-4.85));
#12173=CARTESIAN_POINT('',(-0.55,3.24999999999996,-4.85));
#12174=CARTESIAN_POINT('',(0.55,3.24999999999996,-4.85));
#12175=CARTESIAN_POINT('',(-0.55,3.24999999999996,-4.85));
#12176=CARTESIAN_POINT('',(3.25,3.25,1.));
#12177=CARTESIAN_POINT('',(3.25,3.25,1.));
#12178=CARTESIAN_POINT('',(3.25,3.25,1.));
#12179=CARTESIAN_POINT('Origin',(3.25,-3.25,1.));
#12180=CARTESIAN_POINT('',(3.25,-3.25,1.));
#12181=CARTESIAN_POINT('',(3.25,-3.25,1.));
#12182=CARTESIAN_POINT('',(3.25,-3.25,1.));
#12183=CARTESIAN_POINT('Origin',(-3.25,-3.25,1.));
#12184=CARTESIAN_POINT('',(-0.55,-3.24999999999996,-4.85));
#12185=CARTESIAN_POINT('',(-0.55,-3.24999999999996,-4.85));
#12186=CARTESIAN_POINT('',(0.55,-3.24999999999996,-4.85));
#12187=CARTESIAN_POINT('',(0.55,-3.24999999999996,-4.85));
#12188=CARTESIAN_POINT('',(0.55,-3.24999999999996,-4.85));
#12189=CARTESIAN_POINT('',(-3.25,-3.25,1.));
#12190=CARTESIAN_POINT('Origin',(-0.55,-2.14999999999996,-4.85));
#12191=CARTESIAN_POINT('',(0.55,-2.14999999999996,-4.85));
#12192=CARTESIAN_POINT('',(0.55,-2.14999999999996,-4.85));
#12193=CARTESIAN_POINT('',(-0.55,-2.14999999999996,-4.85));
#12194=CARTESIAN_POINT('',(-0.55,-2.14999999999996,-4.85));
#12195=CARTESIAN_POINT('',(-0.55,-2.14999999999996,-4.85));
#12196=CARTESIAN_POINT('Origin',(0.55,-2.14999999999996,-4.85));
#12197=CARTESIAN_POINT('',(0.55,-2.14999999999996,-4.85));
#12198=CARTESIAN_POINT('Origin',(-0.55,-3.24999999999996,-4.85));
#12199=CARTESIAN_POINT('',(-0.55,-3.24999999999996,-4.85));
#12200=CARTESIAN_POINT('Origin',(-0.55,-2.14999999999996,-4.85));
#12201=CARTESIAN_POINT('Origin',(-0.55,3.24999999999996,-4.85));
#12202=CARTESIAN_POINT('',(-0.55,2.14999999999996,-4.85));
#12203=CARTESIAN_POINT('',(-0.55,3.24999999999996,-4.85));
#12204=CARTESIAN_POINT('',(-0.55,2.14999999999996,-4.85));
#12205=CARTESIAN_POINT('Origin',(-0.55,2.14999999999996,-4.85));
#12206=CARTESIAN_POINT('',(0.55,2.14999999999996,-4.85));
#12207=CARTESIAN_POINT('',(-0.55,2.14999999999996,-4.85));
#12208=CARTESIAN_POINT('',(0.55,2.14999999999996,-4.85));
#12209=CARTESIAN_POINT('Origin',(0.55,2.14999999999996,-4.85));
#12210=CARTESIAN_POINT('',(0.55,2.14999999999996,-4.85));
#12211=CARTESIAN_POINT('Origin',(-0.55,2.14999999999996,-4.85));
#12212=CARTESIAN_POINT('Origin',(-3.25,-3.25,1.));
#12213=CARTESIAN_POINT('Origin',(-4.33680868994202E-16,4.33680868994202E-16,
0.));
#12214=CARTESIAN_POINT('',(0.55,5.42101086242752E-16,0.));
#12215=CARTESIAN_POINT('Origin',(-5.42101086242752E-16,5.42101086242752E-16,
0.));
#12216=CARTESIAN_POINT('Origin',(-5.42101086242752E-16,5.42101086242752E-16,
-4.85));
#12217=CARTESIAN_POINT('',(0.55,5.42101086242752E-16,-4.85));
#12218=CARTESIAN_POINT('',(0.549999999999999,6.09456660195856E-16,-4.85));
#12219=CARTESIAN_POINT('Origin',(-5.42101086242752E-16,5.42101086242752E-16,
-4.85));
#12220=CARTESIAN_POINT('Origin',(-5.42101086242752E-16,5.42101086242752E-16,
-4.85));
#12221=CARTESIAN_POINT('',(-17.3046324545766,0.202545766993922,2.0224718844318));
#12222=CARTESIAN_POINT('',(-18.,0.,2.1));
#12223=CARTESIAN_POINT('',(0.,0.,0.));
#12224=CARTESIAN_POINT('Origin',(-18.,10.5,1.2));
#12225=CARTESIAN_POINT('',(-18.,10.5,0.));
#12226=CARTESIAN_POINT('',(-18.,-10.5,0.));
#12227=CARTESIAN_POINT('',(-18.,10.5,0.));
#12228=CARTESIAN_POINT('',(-18.,-10.5,1.2));
#12229=CARTESIAN_POINT('',(-18.,-10.5,1.2));
#12230=CARTESIAN_POINT('',(-18.,10.5,1.2));
#12231=CARTESIAN_POINT('',(-18.,10.5,1.2));
#12232=CARTESIAN_POINT('',(-18.,10.5,1.2));
#12233=CARTESIAN_POINT('Origin',(-18.,-10.5,1.2));
#12234=CARTESIAN_POINT('',(18.,-10.5,0.));
#12235=CARTESIAN_POINT('',(-18.,-10.5,0.));
#12236=CARTESIAN_POINT('',(18.,-10.5,1.2));
#12237=CARTESIAN_POINT('',(18.,-10.5,1.2));
#12238=CARTESIAN_POINT('',(-18.,-10.5,1.2));
#12239=CARTESIAN_POINT('Origin',(18.,-10.5,1.2));
#12240=CARTESIAN_POINT('',(18.,10.5,0.));
#12241=CARTESIAN_POINT('',(18.,-10.5,0.));
#12242=CARTESIAN_POINT('',(18.,10.5,1.2));
#12243=CARTESIAN_POINT('',(18.,10.5,1.2));
#12244=CARTESIAN_POINT('',(18.,-10.5,1.2));
#12245=CARTESIAN_POINT('Origin',(18.,10.5,1.2));
#12246=CARTESIAN_POINT('',(18.,10.5,0.));
#12247=CARTESIAN_POINT('',(18.,10.5,1.2));
#12248=CARTESIAN_POINT('Origin',(-18.,-10.5,0.));
#12249=CARTESIAN_POINT('Origin',(-18.,-10.5,1.2));
#12250=CARTESIAN_POINT('',(0.,0.,0.));
#12251=CARTESIAN_POINT('Ctrl Pts',(-50.3,-50.3,1.65650008514943));
#12252=CARTESIAN_POINT('Ctrl Pts',(-50.3,-50.3,1.65));
#12253=CARTESIAN_POINT('Ctrl Pts',(-50.3,-50.3,1.35));
#12254=CARTESIAN_POINT('Ctrl Pts',(-50.5859181831889,-50.3718801434325,
1.64205788887523));
#12255=CARTESIAN_POINT('Ctrl Pts',(-50.5822344783609,-50.371870843289,1.6357438736971));
#12256=CARTESIAN_POINT('Ctrl Pts',(-50.412219559635,-50.3714416115222,1.34433160602807));
#12257=CARTESIAN_POINT('Ctrl Pts',(-50.7920578888752,-50.4281198565676,
1.4359181831889));
#12258=CARTESIAN_POINT('Ctrl Pts',(-50.7857438736971,-50.428129156711,1.43223447836093));
#12259=CARTESIAN_POINT('Ctrl Pts',(-50.4943316060281,-50.4285583884778,
1.26221955963503));
#12260=CARTESIAN_POINT('Ctrl Pts',(-50.8065000851494,-50.5,1.15));
#12261=CARTESIAN_POINT('Ctrl Pts',(-50.8,-50.5,1.15));
#12262=CARTESIAN_POINT('Ctrl Pts',(-50.5,-50.5,1.15));
#12263=CARTESIAN_POINT('',(-50.3,-50.3,1.35));
#12264=CARTESIAN_POINT('',(-50.3,-50.3,1.65));
#12265=CARTESIAN_POINT('',(-50.3,-50.3,1.35));
#12266=CARTESIAN_POINT('',(-50.8,-50.5,1.15));
#12267=CARTESIAN_POINT('Ctrl Pts',(-50.3,-50.3,1.65));
#12268=CARTESIAN_POINT('Ctrl Pts',(-50.3676547066255,-50.3172282311002,
1.65));
#12269=CARTESIAN_POINT('Ctrl Pts',(-50.4346119240627,-50.3342111041379,
1.63626854877531));
#12270=CARTESIAN_POINT('Ctrl Pts',(-50.5553037778289,-50.3676320258565,
1.58459079809384));
#12271=CARTESIAN_POINT('Ctrl Pts',(-50.6084789391295,-50.3837274311172,
1.54860816713656));
#12272=CARTESIAN_POINT('Ctrl Pts',(-50.6984984482838,-50.4162258496613,
1.45862798504124));
#12273=CARTESIAN_POINT('Ctrl Pts',(-50.7345191501108,-50.4323301485212,
1.40543454905943));
#12274=CARTESIAN_POINT('Ctrl Pts',(-50.7862531092178,-50.4657698777867,
1.28468678842587));
#12275=CARTESIAN_POINT('Ctrl Pts',(-50.8,-50.4827620858749,1.21769273155133));
#12276=CARTESIAN_POINT('Ctrl Pts',(-50.8,-50.5,1.15));
#12277=CARTESIAN_POINT('',(-50.5,-50.5,1.15));
#12278=CARTESIAN_POINT('',(-50.5,-50.5,1.15));
#12279=CARTESIAN_POINT('Ctrl Pts',(-50.5,-50.5,1.15));
#12280=CARTESIAN_POINT('Ctrl Pts',(-50.5,-50.4828353417741,1.17696202320133));
#12281=CARTESIAN_POINT('Ctrl Pts',(-50.4945478948643,-50.4658944659183,
1.20364896973088));
#12282=CARTESIAN_POINT('Ctrl Pts',(-50.4739684486286,-50.4325022392254,
1.25190762346213));
#12283=CARTESIAN_POINT('Ctrl Pts',(-50.4595756453585,-50.4163930667686,
1.27322760409887));
#12284=CARTESIAN_POINT('Ctrl Pts',(-50.4235250268854,-50.383839716421,1.30935692208514));
#12285=CARTESIAN_POINT('Ctrl Pts',(-50.4021683354786,-50.367686157229,1.32382591427185));
#12286=CARTESIAN_POINT('Ctrl Pts',(-50.3537979207129,-50.3342002129334,
1.34451725339804));
#12287=CARTESIAN_POINT('Ctrl Pts',(-50.3270376839921,-50.3172128256652,
1.35));
#12288=CARTESIAN_POINT('Ctrl Pts',(-50.3,-50.3,1.35));
#12289=CARTESIAN_POINT('Origin',(-50.3,-50.3,1.15));
#12290=CARTESIAN_POINT('',(-50.5,-24.6,1.15));
#12291=CARTESIAN_POINT('',(-50.3,-24.8,1.35));
#12292=CARTESIAN_POINT('Ctrl Pts',(-50.5,-24.6,1.15));
#12293=CARTESIAN_POINT('Ctrl Pts',(-50.5,-24.617164658226,1.17696202320136));
#12294=CARTESIAN_POINT('Ctrl Pts',(-50.4945478948643,-24.6341055340818,
1.20364896973093));
#12295=CARTESIAN_POINT('Ctrl Pts',(-50.4739684486286,-24.6674977607746,
1.25190762346209));
#12296=CARTESIAN_POINT('Ctrl Pts',(-50.4595756453586,-24.6836069332314,
1.27322760409882));
#12297=CARTESIAN_POINT('Ctrl Pts',(-50.4235250268854,-24.716160283579,1.30935692208511));
#12298=CARTESIAN_POINT('Ctrl Pts',(-50.4021683354786,-24.732313842771,1.32382591427184));
#12299=CARTESIAN_POINT('Ctrl Pts',(-50.353797920713,-24.7657997870666,1.34451725339804));
#12300=CARTESIAN_POINT('Ctrl Pts',(-50.3270376839921,-24.7827871743348,
1.35));
#12301=CARTESIAN_POINT('Ctrl Pts',(-50.3,-24.8,1.35));
#12302=CARTESIAN_POINT('',(-50.3,-50.3,1.35));
#12303=CARTESIAN_POINT('',(-50.5,-50.5,1.15));
#12304=CARTESIAN_POINT('Ctrl Pts',(-32.,-24.8,1.65650008514943));
#12305=CARTESIAN_POINT('Ctrl Pts',(-32.,-24.8,1.65));
#12306=CARTESIAN_POINT('Ctrl Pts',(-32.,-24.8,1.35));
#12307=CARTESIAN_POINT('Ctrl Pts',(-31.7140818168111,-24.7281198565675,
1.64205788887522));
#12308=CARTESIAN_POINT('Ctrl Pts',(-31.7177655216391,-24.728129156711,1.6357438736971));
#12309=CARTESIAN_POINT('Ctrl Pts',(-31.887780440365,-24.7285583884778,1.34433160602807));
#12310=CARTESIAN_POINT('Ctrl Pts',(-31.5079421111248,-24.6718801434325,
1.43591818318887));
#12311=CARTESIAN_POINT('Ctrl Pts',(-31.5142561263029,-24.6718708432891,
1.4322344783609));
#12312=CARTESIAN_POINT('Ctrl Pts',(-31.8056683939719,-24.6714416115222,
1.26221955963501));
#12313=CARTESIAN_POINT('Ctrl Pts',(-31.4934999148505,-24.6,1.15));
#12314=CARTESIAN_POINT('Ctrl Pts',(-31.5,-24.6,1.15));
#12315=CARTESIAN_POINT('Ctrl Pts',(-31.8,-24.6,1.15));
#12316=CARTESIAN_POINT('',(-32.,-24.8,1.35));
#12317=CARTESIAN_POINT('',(-32.,-24.8,1.65));
#12318=CARTESIAN_POINT('',(-32.,-24.8,1.35));
#12319=CARTESIAN_POINT('',(-31.5,-24.6,1.15));
#12320=CARTESIAN_POINT('Ctrl Pts',(-32.,-24.8,1.65));
#12321=CARTESIAN_POINT('Ctrl Pts',(-31.9323452933745,-24.7827717688998,
1.65));
#12322=CARTESIAN_POINT('Ctrl Pts',(-31.8653880759373,-24.7657888958621,
1.63626854877531));
#12323=CARTESIAN_POINT('Ctrl Pts',(-31.7446962221711,-24.7323679741435,
1.58459079809384));
#12324=CARTESIAN_POINT('Ctrl Pts',(-31.6915210608705,-24.7162725688829,
1.54860816713656));
#12325=CARTESIAN_POINT('Ctrl Pts',(-31.6015015517163,-24.6837741503388,
1.45862798504124));
#12326=CARTESIAN_POINT('Ctrl Pts',(-31.5654808498892,-24.6676698514788,
1.40543454905941));
#12327=CARTESIAN_POINT('Ctrl Pts',(-31.5137468907822,-24.6342301222133,
1.28468678842588));
#12328=CARTESIAN_POINT('Ctrl Pts',(-31.5,-24.6172379141251,1.21769273155134));
#12329=CARTESIAN_POINT('Ctrl Pts',(-31.5,-24.6,1.15));
#12330=CARTESIAN_POINT('',(-31.8,-24.6,1.15));
#12331=CARTESIAN_POINT('',(-31.8,-24.6,1.15));
#12332=CARTESIAN_POINT('Ctrl Pts',(-31.8,-24.6,1.15));
#12333=CARTESIAN_POINT('Ctrl Pts',(-31.8,-24.617164658226,1.17696202320133));
#12334=CARTESIAN_POINT('Ctrl Pts',(-31.8054521051357,-24.6341055340817,
1.20364896973088));
#12335=CARTESIAN_POINT('Ctrl Pts',(-31.8260315513714,-24.6674977607746,
1.25190762346212));
#12336=CARTESIAN_POINT('Ctrl Pts',(-31.8404243546415,-24.6836069332314,
1.27322760409885));
#12337=CARTESIAN_POINT('Ctrl Pts',(-31.8764749731146,-24.716160283579,1.30935692208513));
#12338=CARTESIAN_POINT('Ctrl Pts',(-31.8978316645214,-24.732313842771,1.32382591427185));
#12339=CARTESIAN_POINT('Ctrl Pts',(-31.9462020792871,-24.7657997870667,
1.34451725339805));
#12340=CARTESIAN_POINT('Ctrl Pts',(-31.9729623160079,-24.7827871743348,
1.35));
#12341=CARTESIAN_POINT('Ctrl Pts',(-32.,-24.8,1.35));
#12342=CARTESIAN_POINT('Origin',(-32.,-24.8,1.15));
#12343=CARTESIAN_POINT('',(-31.8,-50.5,1.15));
#12344=CARTESIAN_POINT('',(-32.,-50.3,1.35));
#12345=CARTESIAN_POINT('Ctrl Pts',(-31.8,-50.5,1.15));
#12346=CARTESIAN_POINT('Ctrl Pts',(-31.8,-50.4828353417741,1.17696202320133));
#12347=CARTESIAN_POINT('Ctrl Pts',(-31.8054521051357,-50.4658944659183,
1.20364896973088));
#12348=CARTESIAN_POINT('Ctrl Pts',(-31.8260315513714,-50.4325022392254,
1.25190762346213));
#12349=CARTESIAN_POINT('Ctrl Pts',(-31.8404243546415,-50.4163930667686,
1.27322760409886));
#12350=CARTESIAN_POINT('Ctrl Pts',(-31.8764749731146,-50.383839716421,1.30935692208513));
#12351=CARTESIAN_POINT('Ctrl Pts',(-31.8978316645214,-50.367686157229,1.32382591427185));
#12352=CARTESIAN_POINT('Ctrl Pts',(-31.9462020792871,-50.3342002129333,
1.34451725339805));
#12353=CARTESIAN_POINT('Ctrl Pts',(-31.9729623160079,-50.3172128256652,
1.35));
#12354=CARTESIAN_POINT('Ctrl Pts',(-32.,-50.3,1.35));
#12355=CARTESIAN_POINT('',(-32.,-24.8,1.35));
#12356=CARTESIAN_POINT('',(-31.8,-24.6,1.15));
#12357=CARTESIAN_POINT('Ctrl Pts',(-32.,-24.8,1.65650008514943));
#12358=CARTESIAN_POINT('Ctrl Pts',(-32.,-24.8,1.65));
#12359=CARTESIAN_POINT('Ctrl Pts',(-32.,-24.8,1.35));
#12360=CARTESIAN_POINT('Ctrl Pts',(-31.9281198565675,-24.5140818168111,
1.64205788887522));
#12361=CARTESIAN_POINT('Ctrl Pts',(-31.9281291567109,-24.5177655216391,
1.6357438736971));
#12362=CARTESIAN_POINT('Ctrl Pts',(-31.9285583884778,-24.687780440365,1.34433160602807));
#12363=CARTESIAN_POINT('Ctrl Pts',(-31.8718801434325,-24.3079421111248,
1.43591818318889));
#12364=CARTESIAN_POINT('Ctrl Pts',(-31.8718708432891,-24.3142561263029,
1.43223447836091));
#12365=CARTESIAN_POINT('Ctrl Pts',(-31.8714416115222,-24.6056683939719,
1.26221955963502));
#12366=CARTESIAN_POINT('Ctrl Pts',(-31.8,-24.2934999148506,1.15));
#12367=CARTESIAN_POINT('Ctrl Pts',(-31.8,-24.3,1.15));
#12368=CARTESIAN_POINT('Ctrl Pts',(-31.8,-24.6,1.15));
#12369=CARTESIAN_POINT('Ctrl Pts',(-31.8,-24.6,1.15));
#12370=CARTESIAN_POINT('Ctrl Pts',(-31.817164658226,-24.6,1.17696202320133));
#12371=CARTESIAN_POINT('Ctrl Pts',(-31.8341055340817,-24.6054521051357,
1.20364896973088));
#12372=CARTESIAN_POINT('Ctrl Pts',(-31.8674977607746,-24.6260315513714,
1.25190762346211));
#12373=CARTESIAN_POINT('Ctrl Pts',(-31.8836069332314,-24.6404243546415,
1.27322760409884));
#12374=CARTESIAN_POINT('Ctrl Pts',(-31.916160283579,-24.6764749731146,1.30935692208512));
#12375=CARTESIAN_POINT('Ctrl Pts',(-31.932313842771,-24.6978316645214,1.32382591427184));
#12376=CARTESIAN_POINT('Ctrl Pts',(-31.9657997870666,-24.7462020792871,
1.34451725339804));
#12377=CARTESIAN_POINT('Ctrl Pts',(-31.9827871743348,-24.7729623160079,
1.35));
#12378=CARTESIAN_POINT('Ctrl Pts',(-32.,-24.8,1.35));
#12379=CARTESIAN_POINT('',(-31.8,-24.3,1.15));
#12380=CARTESIAN_POINT('',(-31.8,-24.6,1.15));
#12381=CARTESIAN_POINT('Ctrl Pts',(-32.,-24.8,1.65));
#12382=CARTESIAN_POINT('Ctrl Pts',(-31.9827717688998,-24.7323452933745,
1.65));
#12383=CARTESIAN_POINT('Ctrl Pts',(-31.9657888958621,-24.6653880759373,
1.63626854877531));
#12384=CARTESIAN_POINT('Ctrl Pts',(-31.9323679741435,-24.5446962221711,
1.58459079809384));
#12385=CARTESIAN_POINT('Ctrl Pts',(-31.9162725688829,-24.4915210608705,
1.54860816713655));
#12386=CARTESIAN_POINT('Ctrl Pts',(-31.8837741503388,-24.4015015517163,
1.45862798504125));
#12387=CARTESIAN_POINT('Ctrl Pts',(-31.8676698514788,-24.3654808498892,
1.40543454905943));
#12388=CARTESIAN_POINT('Ctrl Pts',(-31.8342301222133,-24.3137468907822,
1.28468678842588));
#12389=CARTESIAN_POINT('Ctrl Pts',(-31.8172379141251,-24.3,1.21769273155134));
#12390=CARTESIAN_POINT('Ctrl Pts',(-31.8,-24.3,1.15));
#12391=CARTESIAN_POINT('Origin',(-50.3,-24.8,1.15));
#12392=CARTESIAN_POINT('',(-50.5,-24.3,1.15));
#12393=CARTESIAN_POINT('',(-50.5,-24.3,1.15));
#12394=CARTESIAN_POINT('',(-50.3,-24.8,1.65));
#12395=CARTESIAN_POINT('Ctrl Pts',(-50.3,-24.8,1.65));
#12396=CARTESIAN_POINT('Ctrl Pts',(-50.3172282311002,-24.7323452933745,
1.65));
#12397=CARTESIAN_POINT('Ctrl Pts',(-50.3342111041379,-24.6653880759373,
1.63626854877531));
#12398=CARTESIAN_POINT('Ctrl Pts',(-50.3676320258565,-24.5446962221711,
1.58459079809383));
#12399=CARTESIAN_POINT('Ctrl Pts',(-50.3837274311171,-24.4915210608705,
1.54860816713654));
#12400=CARTESIAN_POINT('Ctrl Pts',(-50.4162258496612,-24.4015015517163,
1.45862798504124));
#12401=CARTESIAN_POINT('Ctrl Pts',(-50.4323301485212,-24.3654808498892,
1.40543454905942));
#12402=CARTESIAN_POINT('Ctrl Pts',(-50.4657698777867,-24.3137468907822,
1.28468678842587));
#12403=CARTESIAN_POINT('Ctrl Pts',(-50.4827620858749,-24.3,1.21769273155133));
#12404=CARTESIAN_POINT('Ctrl Pts',(-50.5,-24.3,1.15));
#12405=CARTESIAN_POINT('',(-50.3,-24.8,1.65));
#12406=CARTESIAN_POINT('Origin',(-50.3,-24.8,1.15));
#12407=CARTESIAN_POINT('',(-50.3,-24.8,1.35));
#12408=CARTESIAN_POINT('Ctrl Pts',(-50.5,-24.6,1.15));
#12409=CARTESIAN_POINT('Ctrl Pts',(-50.482835341774,-24.6,1.17696202320133));
#12410=CARTESIAN_POINT('Ctrl Pts',(-50.4658944659183,-24.6054521051357,
1.20364896973088));
#12411=CARTESIAN_POINT('Ctrl Pts',(-50.4325022392254,-24.6260315513714,
1.25190762346212));
#12412=CARTESIAN_POINT('Ctrl Pts',(-50.4163930667686,-24.6404243546415,
1.27322760409886));
#12413=CARTESIAN_POINT('Ctrl Pts',(-50.383839716421,-24.6764749731146,1.30935692208513));
#12414=CARTESIAN_POINT('Ctrl Pts',(-50.367686157229,-24.6978316645214,1.32382591427185));
#12415=CARTESIAN_POINT('Ctrl Pts',(-50.3342002129334,-24.7462020792871,
1.34451725339804));
#12416=CARTESIAN_POINT('Ctrl Pts',(-50.3172128256652,-24.7729623160079,
1.35));
#12417=CARTESIAN_POINT('Ctrl Pts',(-50.3,-24.8,1.35));
#12418=CARTESIAN_POINT('',(-50.5,-24.6,1.15));
#12419=CARTESIAN_POINT('Origin',(-32.,-50.8,1.15));
#12420=CARTESIAN_POINT('',(-31.8,-50.8,-1.34999999994023));
#12421=CARTESIAN_POINT('',(-31.8,-50.8,1.15));
#12422=CARTESIAN_POINT('',(-31.8,-50.8,-1.34999999994023));
#12423=CARTESIAN_POINT('',(-50.5,-50.8,1.15));
#12424=CARTESIAN_POINT('',(-31.8,-50.8,1.15));
#12425=CARTESIAN_POINT('',(-50.5,-50.8,-1.34999999994023));
#12426=CARTESIAN_POINT('',(-50.5,-50.8,1.15));
#12427=CARTESIAN_POINT('',(-50.5,-50.8,-1.34999999994023));
#12428=CARTESIAN_POINT('Origin',(-50.8,-50.8,1.35));
#12429=CARTESIAN_POINT('',(-32.,-50.3,1.35));
#12430=CARTESIAN_POINT('Origin',(-50.8,-50.8,1.65));
#12431=CARTESIAN_POINT('',(-50.3,-50.3,1.65));
#12432=CARTESIAN_POINT('',(-32.,-50.3,1.65));
#12433=CARTESIAN_POINT('',(-32.,-50.3,1.65));
#12434=CARTESIAN_POINT('',(-32.,-24.8,1.65));
#12435=CARTESIAN_POINT('Origin',(-31.8,-24.3,1.15));
#12436=CARTESIAN_POINT('',(-31.8,-24.6,-1.34999999994024));
#12437=CARTESIAN_POINT('',(-31.8,-24.6,-1.34999999994024));
#12438=CARTESIAN_POINT('',(-31.8,-50.5,-1.34999999994023));
#12439=CARTESIAN_POINT('',(-31.8,-50.5,-1.34999999994023));
#12440=CARTESIAN_POINT('',(-31.8,-50.5,1.15));
#12441=CARTESIAN_POINT('Origin',(-31.5,-24.3,1.15));
#12442=CARTESIAN_POINT('',(-31.5,-24.6,-1.34999999994024));
#12443=CARTESIAN_POINT('',(-31.5,-24.6,-1.34999999994024));
#12444=CARTESIAN_POINT('',(-31.5,-50.5,1.15));
#12445=CARTESIAN_POINT('',(-31.5,-24.6,1.15));
#12446=CARTESIAN_POINT('',(-31.5,-50.5,-1.34999999994023));
#12447=CARTESIAN_POINT('',(-31.5,-50.5,1.15));
#12448=CARTESIAN_POINT('',(-31.5,-50.5,-1.34999999994023));
#12449=CARTESIAN_POINT('Origin',(-31.8,-50.5,-1.34999999994023));
#12450=CARTESIAN_POINT('',(-31.8,-50.5,-1.34999999994023));
#12451=CARTESIAN_POINT('',(-31.8,-24.6,-1.34999999994024));
#12452=CARTESIAN_POINT('Origin',(-31.8,-50.5,1.15));
#12453=CARTESIAN_POINT('',(-31.8,-50.5,1.15));
#12454=CARTESIAN_POINT('Origin',(-31.8,-24.6,-1.34999999994024));
#12455=CARTESIAN_POINT('Origin',(-50.5,-50.8,1.15));
#12456=CARTESIAN_POINT('',(-50.5,-50.5,-1.34999999994024));
#12457=CARTESIAN_POINT('',(-50.5,-50.5,-1.34999999994024));
#12458=CARTESIAN_POINT('',(-50.5,-24.6,-1.34999999994023));
#12459=CARTESIAN_POINT('',(-50.5,-24.6,-1.34999999994023));
#12460=CARTESIAN_POINT('',(-50.5,-24.6,1.15));
#12461=CARTESIAN_POINT('Origin',(-50.8,-50.8,1.15));
#12462=CARTESIAN_POINT('',(-50.8,-50.5,-1.34999999994024));
#12463=CARTESIAN_POINT('',(-50.8,-50.5,-1.34999999994024));
#12464=CARTESIAN_POINT('',(-50.8,-24.6,1.15));
#12465=CARTESIAN_POINT('',(-50.8,-50.5,1.15));
#12466=CARTESIAN_POINT('',(-50.8,-24.6,-1.34999999994023));
#12467=CARTESIAN_POINT('',(-50.8,-24.6,1.15));
#12468=CARTESIAN_POINT('',(-50.8,-24.6,-1.34999999994023));
#12469=CARTESIAN_POINT('Origin',(-50.5,-24.6,-1.34999999994023));
#12470=CARTESIAN_POINT('',(-50.5,-24.6,-1.34999999994023));
#12471=CARTESIAN_POINT('',(-50.5,-50.5,-1.34999999994024));
#12472=CARTESIAN_POINT('Origin',(-50.5,-24.6,1.15));
#12473=CARTESIAN_POINT('',(-50.5,-24.6,1.15));
#12474=CARTESIAN_POINT('Origin',(-50.5,-50.5,-1.34999999994024));
#12475=CARTESIAN_POINT('Origin',(-32.,-50.5,1.15));
#12476=CARTESIAN_POINT('',(-31.8,-50.5,1.15));
#12477=CARTESIAN_POINT('',(-50.5,-50.5,-1.34999999994023));
#12478=CARTESIAN_POINT('',(-50.5,-50.5,-1.34999999994024));
#12479=CARTESIAN_POINT('',(-31.8,-50.5,1.15));
#12480=CARTESIAN_POINT('Origin',(-50.5,-50.5,-1.34999999994023));
#12481=CARTESIAN_POINT('',(-50.5,-50.5,-1.34999999994023));
#12482=CARTESIAN_POINT('',(-31.8,-50.5,-1.34999999994023));
#12483=CARTESIAN_POINT('Origin',(-50.5,-50.5,1.15));
#12484=CARTESIAN_POINT('',(-50.5,-50.5,1.15));
#12485=CARTESIAN_POINT('Origin',(-31.8,-50.5,-1.34999999994023));
#12486=CARTESIAN_POINT('',(-31.8,-50.5,1.15));
#12487=CARTESIAN_POINT('Origin',(-50.3,-24.6,1.15));
#12488=CARTESIAN_POINT('',(-50.5,-24.6,1.15));
#12489=CARTESIAN_POINT('',(-31.8,-24.6,-1.34999999994023));
#12490=CARTESIAN_POINT('',(-31.8,-24.6,-1.34999999994024));
#12491=CARTESIAN_POINT('Origin',(-50.3,-24.3,1.15));
#12492=CARTESIAN_POINT('',(-50.5,-24.3,-1.34999999994023));
#12493=CARTESIAN_POINT('',(-50.5,-24.3,-1.34999999994023));
#12494=CARTESIAN_POINT('',(-31.8,-24.3,-1.34999999994023));
#12495=CARTESIAN_POINT('',(-31.8,-24.3,1.15));
#12496=CARTESIAN_POINT('',(-31.8,-24.3,-1.34999999994023));
#12497=CARTESIAN_POINT('Origin',(-31.8,-24.6,-1.34999999994023));
#12498=CARTESIAN_POINT('',(-31.8,-24.6,-1.34999999994023));
#12499=CARTESIAN_POINT('',(-50.5,-24.6,-1.34999999994023));
#12500=CARTESIAN_POINT('Origin',(-31.8,-24.6,1.15));
#12501=CARTESIAN_POINT('Origin',(-50.5,-24.6,-1.34999999994023));
#12502=CARTESIAN_POINT('',(-50.5,-24.6,1.15));
#12503=CARTESIAN_POINT('Ctrl Pts',(-32.,-50.3,1.65650008514943));
#12504=CARTESIAN_POINT('Ctrl Pts',(-32.,-50.3,1.65));
#12505=CARTESIAN_POINT('Ctrl Pts',(-32.,-50.3,1.35));
#12506=CARTESIAN_POINT('Ctrl Pts',(-31.9281198565676,-50.5859181831889,
1.64205788887522));
#12507=CARTESIAN_POINT('Ctrl Pts',(-31.928129156711,-50.5822344783609,1.6357438736971));
#12508=CARTESIAN_POINT('Ctrl Pts',(-31.9285583884778,-50.412219559635,1.34433160602807));
#12509=CARTESIAN_POINT('Ctrl Pts',(-31.8718801434325,-50.7920578888752,
1.43591818318887));
#12510=CARTESIAN_POINT('Ctrl Pts',(-31.8718708432891,-50.7857438736971,
1.4322344783609));
#12511=CARTESIAN_POINT('Ctrl Pts',(-31.8714416115223,-50.4943316060281,
1.26221955963501));
#12512=CARTESIAN_POINT('Ctrl Pts',(-31.8,-50.8065000851494,1.15));
#12513=CARTESIAN_POINT('Ctrl Pts',(-31.8,-50.8,1.15));
#12514=CARTESIAN_POINT('Ctrl Pts',(-31.8,-50.5,1.15));
#12515=CARTESIAN_POINT('',(-32.,-50.3,1.35));
#12516=CARTESIAN_POINT('Ctrl Pts',(-32.,-50.3,1.65));
#12517=CARTESIAN_POINT('Ctrl Pts',(-31.9827717688998,-50.3676547066256,
1.65));
#12518=CARTESIAN_POINT('Ctrl Pts',(-31.9657888958621,-50.4346119240627,
1.6362685487753));
#12519=CARTESIAN_POINT('Ctrl Pts',(-31.9323679741435,-50.5553037778289,
1.58459079809383));
#12520=CARTESIAN_POINT('Ctrl Pts',(-31.9162725688829,-50.6084789391296,
1.54860816713653));
#12521=CARTESIAN_POINT('Ctrl Pts',(-31.8837741503388,-50.6984984482837,
1.45862798504125));
#12522=CARTESIAN_POINT('Ctrl Pts',(-31.8676698514789,-50.7345191501108,
1.40543454905942));
#12523=CARTESIAN_POINT('Ctrl Pts',(-31.8342301222133,-50.7862531092178,
1.28468678842588));
#12524=CARTESIAN_POINT('Ctrl Pts',(-31.8172379141251,-50.8,1.21769273155134));
#12525=CARTESIAN_POINT('Ctrl Pts',(-31.8,-50.8,1.15));
#12526=CARTESIAN_POINT('Ctrl Pts',(-31.8,-50.5,1.15));
#12527=CARTESIAN_POINT('Ctrl Pts',(-31.817164658226,-50.5,1.17696202320134));
#12528=CARTESIAN_POINT('Ctrl Pts',(-31.8341055340818,-50.4945478948643,
1.20364896973091));
#12529=CARTESIAN_POINT('Ctrl Pts',(-31.8674977607746,-50.4739684486286,
1.25190762346206));
#12530=CARTESIAN_POINT('Ctrl Pts',(-31.8836069332314,-50.4595756453586,
1.27322760409877));
#12531=CARTESIAN_POINT('Ctrl Pts',(-31.916160283579,-50.4235250268855,1.30935692208511));
#12532=CARTESIAN_POINT('Ctrl Pts',(-31.932313842771,-50.4021683354786,1.32382591427183));
#12533=CARTESIAN_POINT('Ctrl Pts',(-31.9657997870667,-50.353797920713,1.34451725339804));
#12534=CARTESIAN_POINT('Ctrl Pts',(-31.9827871743348,-50.3270376839921,
1.35));
#12535=CARTESIAN_POINT('Ctrl Pts',(-32.,-50.3,1.35));
#12536=CARTESIAN_POINT('Ctrl Pts',(-50.3,-50.3,1.65650008514943));
#12537=CARTESIAN_POINT('Ctrl Pts',(-50.3,-50.3,1.65));
#12538=CARTESIAN_POINT('Ctrl Pts',(-50.3,-50.3,1.35));
#12539=CARTESIAN_POINT('Ctrl Pts',(-50.3718801434325,-50.5859181831889,
1.64205788887522));
#12540=CARTESIAN_POINT('Ctrl Pts',(-50.371870843289,-50.5822344783609,1.6357438736971));
#12541=CARTESIAN_POINT('Ctrl Pts',(-50.3714416115222,-50.412219559635,1.34433160602807));
#12542=CARTESIAN_POINT('Ctrl Pts',(-50.4281198565675,-50.7920578888752,
1.43591818318889));
#12543=CARTESIAN_POINT('Ctrl Pts',(-50.428129156711,-50.7857438736971,1.43223447836091));
#12544=CARTESIAN_POINT('Ctrl Pts',(-50.4285583884778,-50.4943316060281,
1.26221955963502));
#12545=CARTESIAN_POINT('Ctrl Pts',(-50.5,-50.8065000851494,1.15));
#12546=CARTESIAN_POINT('Ctrl Pts',(-50.5,-50.8,1.15));
#12547=CARTESIAN_POINT('Ctrl Pts',(-50.5,-50.5,1.15));
#12548=CARTESIAN_POINT('Ctrl Pts',(-50.5,-50.5,1.15));
#12549=CARTESIAN_POINT('Ctrl Pts',(-50.4828353417741,-50.5,1.17696202320133));
#12550=CARTESIAN_POINT('Ctrl Pts',(-50.4658944659183,-50.4945478948643,
1.20364896973087));
#12551=CARTESIAN_POINT('Ctrl Pts',(-50.4325022392254,-50.4739684486286,
1.25190762346209));
#12552=CARTESIAN_POINT('Ctrl Pts',(-50.4163930667686,-50.4595756453586,
1.27322760409882));
#12553=CARTESIAN_POINT('Ctrl Pts',(-50.383839716421,-50.4235250268854,1.30935692208512));
#12554=CARTESIAN_POINT('Ctrl Pts',(-50.367686157229,-50.4021683354786,1.32382591427183));
#12555=CARTESIAN_POINT('Ctrl Pts',(-50.3342002129334,-50.353797920713,1.34451725339804));
#12556=CARTESIAN_POINT('Ctrl Pts',(-50.3172128256652,-50.3270376839921,
1.35));
#12557=CARTESIAN_POINT('Ctrl Pts',(-50.3,-50.3,1.35));
#12558=CARTESIAN_POINT('Ctrl Pts',(-50.3,-50.3,1.65));
#12559=CARTESIAN_POINT('Ctrl Pts',(-50.3172282311002,-50.3676547066256,
1.65));
#12560=CARTESIAN_POINT('Ctrl Pts',(-50.3342111041379,-50.4346119240627,
1.63626854877531));
#12561=CARTESIAN_POINT('Ctrl Pts',(-50.3676320258565,-50.5553037778289,
1.58459079809383));
#12562=CARTESIAN_POINT('Ctrl Pts',(-50.3837274311172,-50.6084789391296,
1.54860816713653));
#12563=CARTESIAN_POINT('Ctrl Pts',(-50.4162258496612,-50.6984984482838,
1.45862798504123));
#12564=CARTESIAN_POINT('Ctrl Pts',(-50.4323301485212,-50.7345191501108,
1.40543454905941));
#12565=CARTESIAN_POINT('Ctrl Pts',(-50.4657698777867,-50.7862531092178,
1.28468678842588));
#12566=CARTESIAN_POINT('Ctrl Pts',(-50.4827620858749,-50.8,1.21769273155134));
#12567=CARTESIAN_POINT('Ctrl Pts',(-50.5,-50.8,1.15));
#12568=CARTESIAN_POINT('Origin',(-32.,-50.3,1.15));
#12569=CARTESIAN_POINT('Origin',(-32.,-50.3,1.15));
#12570=CARTESIAN_POINT('Ctrl Pts',(-50.3,-24.8,1.65650008514943));
#12571=CARTESIAN_POINT('Ctrl Pts',(-50.3,-24.8,1.65));
#12572=CARTESIAN_POINT('Ctrl Pts',(-50.3,-24.8,1.35));
#12573=CARTESIAN_POINT('Ctrl Pts',(-50.3718801434324,-24.5140818168111,
1.64205788887522));
#12574=CARTESIAN_POINT('Ctrl Pts',(-50.371870843289,-24.5177655216391,1.6357438736971));
#12575=CARTESIAN_POINT('Ctrl Pts',(-50.3714416115222,-24.687780440365,1.34433160602807));
#12576=CARTESIAN_POINT('Ctrl Pts',(-50.4281198565675,-24.3079421111248,
1.43591818318887));
#12577=CARTESIAN_POINT('Ctrl Pts',(-50.4281291567109,-24.3142561263029,
1.4322344783609));
#12578=CARTESIAN_POINT('Ctrl Pts',(-50.4285583884778,-24.6056683939719,
1.26221955963501));
#12579=CARTESIAN_POINT('Ctrl Pts',(-50.5,-24.2934999148506,1.15));
#12580=CARTESIAN_POINT('Ctrl Pts',(-50.5,-24.3,1.15));
#12581=CARTESIAN_POINT('Ctrl Pts',(-50.5,-24.6,1.15));
#12582=CARTESIAN_POINT('',(-50.3,-24.8,1.35));
#12583=CARTESIAN_POINT('Ctrl Pts',(-50.3,-24.8,1.65650008514943));
#12584=CARTESIAN_POINT('Ctrl Pts',(-50.3,-24.8,1.65));
#12585=CARTESIAN_POINT('Ctrl Pts',(-50.3,-24.8,1.35));
#12586=CARTESIAN_POINT('Ctrl Pts',(-50.5859181831889,-24.7281198565675,
1.64205788887522));
#12587=CARTESIAN_POINT('Ctrl Pts',(-50.5822344783609,-24.7281291567109,
1.6357438736971));
#12588=CARTESIAN_POINT('Ctrl Pts',(-50.412219559635,-24.7285583884778,1.34433160602807));
#12589=CARTESIAN_POINT('Ctrl Pts',(-50.7920578888752,-24.6718801434325,
1.43591818318889));
#12590=CARTESIAN_POINT('Ctrl Pts',(-50.7857438736971,-24.671870843289,1.43223447836092));
#12591=CARTESIAN_POINT('Ctrl Pts',(-50.4943316060281,-24.6714416115222,
1.26221955963502));
#12592=CARTESIAN_POINT('Ctrl Pts',(-50.8065000851494,-24.6,1.15));
#12593=CARTESIAN_POINT('Ctrl Pts',(-50.8,-24.6,1.15));
#12594=CARTESIAN_POINT('Ctrl Pts',(-50.5,-24.6,1.15));
#12595=CARTESIAN_POINT('Ctrl Pts',(-50.3,-24.8,1.65));
#12596=CARTESIAN_POINT('Ctrl Pts',(-50.3676547066256,-24.7827717688998,
1.65));
#12597=CARTESIAN_POINT('Ctrl Pts',(-50.4346119240627,-24.7657888958621,
1.6362685487753));
#12598=CARTESIAN_POINT('Ctrl Pts',(-50.5553037778289,-24.7323679741435,
1.58459079809384));
#12599=CARTESIAN_POINT('Ctrl Pts',(-50.6084789391295,-24.7162725688828,
1.54860816713656));
#12600=CARTESIAN_POINT('Ctrl Pts',(-50.6984984482837,-24.6837741503388,
1.45862798504126));
#12601=CARTESIAN_POINT('Ctrl Pts',(-50.7345191501108,-24.6676698514788,
1.40543454905944));
#12602=CARTESIAN_POINT('Ctrl Pts',(-50.7862531092178,-24.6342301222133,
1.28468678842587));
#12603=CARTESIAN_POINT('Ctrl Pts',(-50.8,-24.6172379141251,1.21769273155134));
#12604=CARTESIAN_POINT('Ctrl Pts',(-50.8,-24.6,1.15));
#12605=CARTESIAN_POINT('Origin',(-50.3,-50.3,1.15));
#12606=CARTESIAN_POINT('Ctrl Pts',(-32.,-50.3,1.65650008514943));
#12607=CARTESIAN_POINT('Ctrl Pts',(-32.,-50.3,1.65));
#12608=CARTESIAN_POINT('Ctrl Pts',(-32.,-50.3,1.35));
#12609=CARTESIAN_POINT('Ctrl Pts',(-31.7140818168111,-50.3718801434325,
1.64205788887522));
#12610=CARTESIAN_POINT('Ctrl Pts',(-31.7177655216391,-50.371870843289,1.6357438736971));
#12611=CARTESIAN_POINT('Ctrl Pts',(-31.887780440365,-50.3714416115222,1.34433160602807));
#12612=CARTESIAN_POINT('Ctrl Pts',(-31.5079421111248,-50.4281198565675,
1.43591818318889));
#12613=CARTESIAN_POINT('Ctrl Pts',(-31.5142561263029,-50.428129156711,1.43223447836092));
#12614=CARTESIAN_POINT('Ctrl Pts',(-31.8056683939719,-50.4285583884778,
1.26221955963502));
#12615=CARTESIAN_POINT('Ctrl Pts',(-31.4934999148505,-50.5,1.15));
#12616=CARTESIAN_POINT('Ctrl Pts',(-31.5,-50.5,1.15));
#12617=CARTESIAN_POINT('Ctrl Pts',(-31.8,-50.5,1.15));
#12618=CARTESIAN_POINT('Ctrl Pts',(-32.,-50.3,1.65));
#12619=CARTESIAN_POINT('Ctrl Pts',(-31.9323452933745,-50.3172282311002,
1.65));
#12620=CARTESIAN_POINT('Ctrl Pts',(-31.8653880759373,-50.3342111041379,
1.63626854877531));
#12621=CARTESIAN_POINT('Ctrl Pts',(-31.7446962221711,-50.3676320258565,
1.58459079809384));
#12622=CARTESIAN_POINT('Ctrl Pts',(-31.6915210608705,-50.3837274311172,
1.54860816713654));
#12623=CARTESIAN_POINT('Ctrl Pts',(-31.6015015517163,-50.4162258496612,
1.45862798504124));
#12624=CARTESIAN_POINT('Ctrl Pts',(-31.5654808498892,-50.4323301485212,
1.40543454905942));
#12625=CARTESIAN_POINT('Ctrl Pts',(-31.5137468907822,-50.4657698777867,
1.2846867884259));
#12626=CARTESIAN_POINT('Ctrl Pts',(-31.5,-50.4827620858749,1.21769273155135));
#12627=CARTESIAN_POINT('Ctrl Pts',(-31.5,-50.5,1.15));
#12628=CARTESIAN_POINT('Origin',(-32.,-24.8,1.15));
#12629=CARTESIAN_POINT('',(36.0158521942273,-1.2700000000002,13.5761773109476));
#12630=CARTESIAN_POINT('',(52.5158521942272,-7.19999999999655,16.8461773109473));
#12631=CARTESIAN_POINT('',(52.5158521942272,-2.13425648531118E-13,15.0761773109467));
#12632=CARTESIAN_POINT('',(88.615852194198,-41.15,17.6261773109463));
#12633=CARTESIAN_POINT('',(0.,0.,0.));
#12634=CARTESIAN_POINT('',(0.,0.,0.));
#12635=CARTESIAN_POINT('',(0.,0.,0.));
#12636=CARTESIAN_POINT('Origin',(-0.283333333333327,-3.25,0.));
#12637=CARTESIAN_POINT('',(-2.95,1.3,0.676387462923449));
#12638=CARTESIAN_POINT('',(-2.95,1.3,-0.676387462923449));
#12639=CARTESIAN_POINT('Origin',(-2.95,-3.25,0.));
#12640=CARTESIAN_POINT('Ctrl Pts',(-2.95,1.3,-0.676387462923449));
#12641=CARTESIAN_POINT('Ctrl Pts',(-2.96656983701094,1.3,-0.445231075297588));
#12642=CARTESIAN_POINT('Ctrl Pts',(-2.97380004212404,1.3,-0.217848519628004));
#12643=CARTESIAN_POINT('Ctrl Pts',(-2.97380004212404,1.3,0.217848519628005));
#12644=CARTESIAN_POINT('Ctrl Pts',(-2.96656983701094,1.3,0.445231075297589));
#12645=CARTESIAN_POINT('Ctrl Pts',(-2.95,1.3,0.676387462923451));
#12646=CARTESIAN_POINT('Origin',(-3.25,-3.25,0.));
#12647=CARTESIAN_POINT('',(-3.25,1.3,0.676387462923449));
#12648=CARTESIAN_POINT('',(-3.25,1.3,-0.676387462923449));
#12649=CARTESIAN_POINT('Origin',(-3.25,-3.25,0.));
#12650=CARTESIAN_POINT('',(-3.25,1.3,-0.676387462923449));
#12651=CARTESIAN_POINT('',(-3.25,1.3,0.676387462923449));
#12652=CARTESIAN_POINT('Origin',(-3.25,-6.55,0.));
#12653=CARTESIAN_POINT('',(-3.25,1.3,0.));
#12654=CARTESIAN_POINT('Origin',(0.,1.3,0.));
#12655=CARTESIAN_POINT('Origin',(13.6683663778651,-3.25,3.46944695195362E-17));
#12656=CARTESIAN_POINT('',(11.8592413778651,-5.95,-2.95960166250249E-16));
#12657=CARTESIAN_POINT('',(11.9474913778651,-5.95,-2.95960166250249E-16));
#12658=CARTESIAN_POINT('',(13.6683663778651,-5.95,-2.61265696730713E-16));
#12659=CARTESIAN_POINT('',(12.3137586221349,-0.571388928046894,0.339179488192075));
#12660=CARTESIAN_POINT('Ctrl Pts',(12.3137586221349,-0.571388928046894,
0.339179488192075));
#12661=CARTESIAN_POINT('Ctrl Pts',(12.3069174192971,-0.549999999999999,
0.170264145495476));
#12662=CARTESIAN_POINT('Ctrl Pts',(12.3004913778651,-0.549999999999999,
0.));
#12663=CARTESIAN_POINT('Ctrl Pts',(12.2416580445317,-0.549999999999999,
-1.55884572681199));
#12664=CARTESIAN_POINT('Ctrl Pts',(12.1828247111984,-1.9,-2.33826859021798));
#12665=CARTESIAN_POINT('Ctrl Pts',(12.1239913778651,-3.25,-3.11769145362398));
#12666=CARTESIAN_POINT('Ctrl Pts',(12.0651580445317,-4.6,-2.33826859021798));
#12667=CARTESIAN_POINT('Ctrl Pts',(12.0063247111984,-5.95,-1.55884572681199));
#12668=CARTESIAN_POINT('Ctrl Pts',(11.9474913778651,-5.95,-3.30654635769785E-16));
#12669=CARTESIAN_POINT('',(12.3137586221349,-1.56071787447001,2.10625874487558));
#12670=CARTESIAN_POINT('Origin',(12.3137586221349,-3.25000000000001,-7.7715611723761E-15));
#12671=CARTESIAN_POINT('Ctrl Pts',(12.3137586221349,-1.56071787447001,2.10625874487558));
#12672=CARTESIAN_POINT('Ctrl Pts',(12.2611406401534,-0.549999999999999,
1.29563296423499));
#12673=CARTESIAN_POINT('Ctrl Pts',(12.2122413778651,-0.549999999999999,
0.));
#12674=CARTESIAN_POINT('Ctrl Pts',(12.1534080445317,-0.549999999999999,
-1.55884572681199));
#12675=CARTESIAN_POINT('Ctrl Pts',(12.0945747111984,-1.9,-2.33826859021798));
#12676=CARTESIAN_POINT('Ctrl Pts',(12.0357413778651,-3.25,-3.11769145362398));
#12677=CARTESIAN_POINT('Ctrl Pts',(11.9769080445317,-4.6,-2.33826859021798));
#12678=CARTESIAN_POINT('Ctrl Pts',(11.9180747111984,-5.95,-1.55884572681199));
#12679=CARTESIAN_POINT('Ctrl Pts',(11.8592413778651,-5.95,-3.30654635769785E-16));
#12680=CARTESIAN_POINT('Origin',(13.6683663778651,-3.25,3.46944695195362E-17));
#12681=CARTESIAN_POINT('',(11.1532413778651,-5.95,-2.95960166250249E-16));
#12682=CARTESIAN_POINT('',(11.2414913778651,-5.95,-2.95960166250249E-16));
#12683=CARTESIAN_POINT('',(13.6683663778651,-5.95,-2.61265696730713E-16));
#12684=CARTESIAN_POINT('Ctrl Pts',(11.9474913778651,-5.95,-3.30654635769785E-16));
#12685=CARTESIAN_POINT('Ctrl Pts',(11.8886580445317,-5.95,1.55884572681199));
#12686=CARTESIAN_POINT('Ctrl Pts',(11.8298247111984,-4.6,2.33826859021798));
#12687=CARTESIAN_POINT('Ctrl Pts',(11.7709913778651,-3.25,3.11769145362398));
#12688=CARTESIAN_POINT('Ctrl Pts',(11.7121580445317,-1.9,2.33826859021799));
#12689=CARTESIAN_POINT('Ctrl Pts',(11.6533247111984,-0.55,1.55884572681199));
#12690=CARTESIAN_POINT('Ctrl Pts',(11.5944913778651,-0.549999999999999,
0.));
#12691=CARTESIAN_POINT('Ctrl Pts',(11.5356580445317,-0.549999999999999,
-1.55884572681199));
#12692=CARTESIAN_POINT('Ctrl Pts',(11.4768247111984,-1.9,-2.33826859021798));
#12693=CARTESIAN_POINT('Ctrl Pts',(11.4179913778651,-3.25,-3.11769145362398));
#12694=CARTESIAN_POINT('Ctrl Pts',(11.3591580445317,-4.6,-2.33826859021798));
#12695=CARTESIAN_POINT('Ctrl Pts',(11.3003247111984,-5.95,-1.55884572681199));
#12696=CARTESIAN_POINT('Ctrl Pts',(11.2414913778651,-5.95,-3.30654635769785E-16));
#12697=CARTESIAN_POINT('Ctrl Pts',(11.8592413778651,-5.95,-3.30654635769785E-16));
#12698=CARTESIAN_POINT('Ctrl Pts',(11.8004080445317,-5.95,1.55884572681199));
#12699=CARTESIAN_POINT('Ctrl Pts',(11.7415747111984,-4.6,2.33826859021798));
#12700=CARTESIAN_POINT('Ctrl Pts',(11.6827413778651,-3.25,3.11769145362398));
#12701=CARTESIAN_POINT('Ctrl Pts',(11.6239080445317,-1.9,2.33826859021799));
#12702=CARTESIAN_POINT('Ctrl Pts',(11.5650747111984,-0.55,1.55884572681199));
#12703=CARTESIAN_POINT('Ctrl Pts',(11.5062413778651,-0.549999999999999,
0.));
#12704=CARTESIAN_POINT('Ctrl Pts',(11.4474080445317,-0.549999999999999,
-1.55884572681199));
#12705=CARTESIAN_POINT('Ctrl Pts',(11.3885747111984,-1.9,-2.33826859021798));
#12706=CARTESIAN_POINT('Ctrl Pts',(11.3297413778651,-3.25,-3.11769145362398));
#12707=CARTESIAN_POINT('Ctrl Pts',(11.2709080445317,-4.6,-2.33826859021798));
#12708=CARTESIAN_POINT('Ctrl Pts',(11.2120747111984,-5.95,-1.55884572681199));
#12709=CARTESIAN_POINT('Ctrl Pts',(11.1532413778651,-5.95,-3.30654635769785E-16));
#12710=CARTESIAN_POINT('Origin',(13.6683663778651,-3.25,3.46944695195362E-17));
#12711=CARTESIAN_POINT('',(10.4472413778651,-5.95,-2.95960166250249E-16));
#12712=CARTESIAN_POINT('',(10.5354913778651,-5.95,-2.95960166250249E-16));
#12713=CARTESIAN_POINT('',(13.6683663778651,-5.95,-2.61265696730713E-16));
#12714=CARTESIAN_POINT('Ctrl Pts',(11.2414913778651,-5.95,-3.30654635769785E-16));
#12715=CARTESIAN_POINT('Ctrl Pts',(11.1826580445317,-5.95,1.55884572681199));
#12716=CARTESIAN_POINT('Ctrl Pts',(11.1238247111984,-4.6,2.33826859021798));
#12717=CARTESIAN_POINT('Ctrl Pts',(11.0649913778651,-3.25,3.11769145362398));
#12718=CARTESIAN_POINT('Ctrl Pts',(11.0061580445317,-1.9,2.33826859021799));
#12719=CARTESIAN_POINT('Ctrl Pts',(10.9473247111984,-0.55,1.55884572681199));
#12720=CARTESIAN_POINT('Ctrl Pts',(10.8884913778651,-0.549999999999999,
0.));
#12721=CARTESIAN_POINT('Ctrl Pts',(10.8296580445317,-0.549999999999999,
-1.55884572681199));
#12722=CARTESIAN_POINT('Ctrl Pts',(10.7708247111984,-1.9,-2.33826859021798));
#12723=CARTESIAN_POINT('Ctrl Pts',(10.7119913778651,-3.25,-3.11769145362398));
#12724=CARTESIAN_POINT('Ctrl Pts',(10.6531580445317,-4.6,-2.33826859021798));
#12725=CARTESIAN_POINT('Ctrl Pts',(10.5943247111984,-5.95,-1.55884572681199));
#12726=CARTESIAN_POINT('Ctrl Pts',(10.5354913778651,-5.95,-3.30654635769785E-16));
#12727=CARTESIAN_POINT('Ctrl Pts',(11.1532413778651,-5.95,-3.30654635769785E-16));
#12728=CARTESIAN_POINT('Ctrl Pts',(11.0944080445317,-5.95,1.55884572681199));
#12729=CARTESIAN_POINT('Ctrl Pts',(11.0355747111984,-4.6,2.33826859021798));
#12730=CARTESIAN_POINT('Ctrl Pts',(10.9767413778651,-3.25,3.11769145362398));
#12731=CARTESIAN_POINT('Ctrl Pts',(10.9179080445317,-1.9,2.33826859021799));
#12732=CARTESIAN_POINT('Ctrl Pts',(10.8590747111984,-0.55,1.55884572681199));
#12733=CARTESIAN_POINT('Ctrl Pts',(10.8002413778651,-0.549999999999999,
0.));
#12734=CARTESIAN_POINT('Ctrl Pts',(10.7414080445317,-0.549999999999999,
-1.55884572681199));
#12735=CARTESIAN_POINT('Ctrl Pts',(10.6825747111984,-1.9,-2.33826859021798));
#12736=CARTESIAN_POINT('Ctrl Pts',(10.6237413778651,-3.25,-3.11769145362398));
#12737=CARTESIAN_POINT('Ctrl Pts',(10.5649080445317,-4.6,-2.33826859021798));
#12738=CARTESIAN_POINT('Ctrl Pts',(10.5060747111984,-5.95,-1.55884572681199));
#12739=CARTESIAN_POINT('Ctrl Pts',(10.4472413778651,-5.95,-3.30654635769785E-16));
#12740=CARTESIAN_POINT('Origin',(13.6683663778651,-3.25,3.46944695195362E-17));
#12741=CARTESIAN_POINT('',(9.74124137786507,-5.95,-2.95960166250249E-16));
#12742=CARTESIAN_POINT('',(9.82949137786507,-5.95,-2.95960166250249E-16));
#12743=CARTESIAN_POINT('',(13.6683663778651,-5.95,-2.61265696730713E-16));
#12744=CARTESIAN_POINT('',(9.22424137786507,-2.96317280453261,-2.6847216168423));
#12745=CARTESIAN_POINT('Ctrl Pts',(9.74124137786507,-5.95,-3.30654635769785E-16));
#12746=CARTESIAN_POINT('Ctrl Pts',(9.68240804453174,-5.95,1.55884572681199));
#12747=CARTESIAN_POINT('Ctrl Pts',(9.6235747111984,-4.6,2.33826859021798));
#12748=CARTESIAN_POINT('Ctrl Pts',(9.56474137786507,-3.25,3.11769145362398));
#12749=CARTESIAN_POINT('Ctrl Pts',(9.50590804453174,-1.9,2.33826859021799));
#12750=CARTESIAN_POINT('Ctrl Pts',(9.44707471119841,-0.55,1.55884572681199));
#12751=CARTESIAN_POINT('Ctrl Pts',(9.38824137786507,-0.549999999999999,
0.));
#12752=CARTESIAN_POINT('Ctrl Pts',(9.32940804453174,-0.549999999999999,
-1.55884572681199));
#12753=CARTESIAN_POINT('Ctrl Pts',(9.27057471119841,-1.9,-2.33826859021798));
#12754=CARTESIAN_POINT('Ctrl Pts',(9.24900592974595,-2.39492104749259,-2.62401139021544));
#12755=CARTESIAN_POINT('Ctrl Pts',(9.22424137786507,-2.96317280453261,-2.6847216168423));
#12756=CARTESIAN_POINT('',(9.22424137786507,-4.9539585574608,-2.09440331227204));
#12757=CARTESIAN_POINT('Origin',(9.22424137786508,-3.25,-1.99840144432528E-14));
#12758=CARTESIAN_POINT('Ctrl Pts',(9.82949137786507,-5.95,-3.30654635769785E-16));
#12759=CARTESIAN_POINT('Ctrl Pts',(9.77065804453174,-5.95,1.55884572681199));
#12760=CARTESIAN_POINT('Ctrl Pts',(9.71182471119841,-4.6,2.33826859021798));
#12761=CARTESIAN_POINT('Ctrl Pts',(9.65299137786507,-3.25,3.11769145362398));
#12762=CARTESIAN_POINT('Ctrl Pts',(9.59415804453174,-1.9,2.33826859021799));
#12763=CARTESIAN_POINT('Ctrl Pts',(9.53532471119841,-0.55,1.55884572681199));
#12764=CARTESIAN_POINT('Ctrl Pts',(9.47649137786507,-0.549999999999999,
0.));
#12765=CARTESIAN_POINT('Ctrl Pts',(9.41765804453174,-0.549999999999999,
-1.55884572681199));
#12766=CARTESIAN_POINT('Ctrl Pts',(9.3588247111984,-1.9,-2.33826859021798));
#12767=CARTESIAN_POINT('Ctrl Pts',(9.29999137786507,-3.25,-3.11769145362398));
#12768=CARTESIAN_POINT('Ctrl Pts',(9.24115804453174,-4.6,-2.33826859021798));
#12769=CARTESIAN_POINT('Ctrl Pts',(9.23302092094766,-4.78671586694348,-2.23046813417619));
#12770=CARTESIAN_POINT('Ctrl Pts',(9.22424137786507,-4.9539585574608,-2.09440331227204));
#12771=CARTESIAN_POINT('Origin',(12.59,-3.25,0.));
#12772=CARTESIAN_POINT('',(9.6435,-3.25,-3.175));
#12773=CARTESIAN_POINT('',(9.57423275573014,-3.25,-3.175));
#12774=CARTESIAN_POINT('',(12.59,-3.25,-3.175));
#12775=CARTESIAN_POINT('',(8.94999999999895,-1.11580289084983,-2.35070791450045));
#12776=CARTESIAN_POINT('Ctrl Pts',(9.57423275573014,-3.25,-3.175));
#12777=CARTESIAN_POINT('Ctrl Pts',(9.56489088495638,-3.50207172555268,-3.175));
#12778=CARTESIAN_POINT('Ctrl Pts',(9.55556072227198,-3.75382753169682,-3.14497997407377));
#12779=CARTESIAN_POINT('Ctrl Pts',(9.5319708925755,-4.39035197322375,-2.99026782329378));
#12780=CARTESIAN_POINT('Ctrl Pts',(9.51917562525101,-4.75924073950013,-2.82210389138978));
#12781=CARTESIAN_POINT('Ctrl Pts',(9.49147244920496,-5.43006576975546,-2.34624907142546));
#12782=CARTESIAN_POINT('Ctrl Pts',(9.47615259468116,-5.72137692353375,-2.03711252652095));
#12783=CARTESIAN_POINT('Ctrl Pts',(9.44539225415579,-6.16087775912222,-1.33244966666156));
#12784=CARTESIAN_POINT('Ctrl Pts',(9.4302524220548,-6.30841519828318,-0.945914339375866));
#12785=CARTESIAN_POINT('Ctrl Pts',(9.40182693174388,-6.44790818027105,-0.140789464811967));
#12786=CARTESIAN_POINT('Ctrl Pts',(9.38933583550231,-6.43959460794594,0.270051461823223));
#12787=CARTESIAN_POINT('Ctrl Pts',(9.36011402501667,-6.26527301624706,1.07987920613791));
#12788=CARTESIAN_POINT('Ctrl Pts',(9.34445256459271,-6.09559768464981,1.46988573910071));
#12789=CARTESIAN_POINT('Ctrl Pts',(9.31393715835979,-5.62308749528856,2.14785915140765));
#12790=CARTESIAN_POINT('Ctrl Pts',(9.29935397308059,-5.32984377470481,2.43292731260718));
#12791=CARTESIAN_POINT('Ctrl Pts',(9.27202008690715,-4.63914282352968,2.88580069339868));
#12792=CARTESIAN_POINT('Ctrl Pts',(9.25810807494598,-4.24500684286356,3.04427004983628));
#12793=CARTESIAN_POINT('Ctrl Pts',(9.227627806092,-3.42255766203033,3.19746979783282));
#12794=CARTESIAN_POINT('Ctrl Pts',(9.21206739652144,-3.00269108650742,3.19255847015746));
#12795=CARTESIAN_POINT('Ctrl Pts',(9.18241770083993,-2.20265326393955,3.02407794775963));
#12796=CARTESIAN_POINT('Ctrl Pts',(9.16926455634578,-1.82888487969942,2.86746725683961));
#12797=CARTESIAN_POINT('Ctrl Pts',(9.14197657144712,-1.1438091443855,2.41277631538943));
#12798=CARTESIAN_POINT('Ctrl Pts',(9.1267784702749,-0.843080309218289,2.11287057559754));
#12799=CARTESIAN_POINT('Ctrl Pts',(9.09602222402798,-0.381246504701208,
1.42122922797338));
#12800=CARTESIAN_POINT('Ctrl Pts',(9.08076913576346,-0.221505540659642,
1.03821085416904));
#12801=CARTESIAN_POINT('Ctrl Pts',(9.05207690159518,-0.0581695074230917,
0.238540756503163));
#12802=CARTESIAN_POINT('Ctrl Pts',(9.03966505121844,-0.0537937290853338,
-0.170139374675324));
#12803=CARTESIAN_POINT('Ctrl Pts',(9.01345251614963,-0.188327759069817,
-0.909177617928785));
#12804=CARTESIAN_POINT('Ctrl Pts',(9.00074861592969,-0.305593706326103,
-1.23729316829637));
#12805=CARTESIAN_POINT('Ctrl Pts',(8.97506185514003,-0.641821114650593,
-1.84350198468674));
#12806=CARTESIAN_POINT('Ctrl Pts',(8.96225075589815,-0.858808163426835,
-2.11738356103677));
#12807=CARTESIAN_POINT('Ctrl Pts',(8.94999999999893,-1.11580289085031,-2.35070791450088));
#12808=CARTESIAN_POINT('',(8.95,-3.25,-3.175));
#12809=CARTESIAN_POINT('Origin',(8.95,-3.25,0.));
#12810=CARTESIAN_POINT('',(7.35,-3.25,-3.175));
#12811=CARTESIAN_POINT('',(12.59,-3.25,-3.175));
#12812=CARTESIAN_POINT('Origin',(7.35,-3.25,0.));
#12813=CARTESIAN_POINT('',(8.95,-2.91271246458922,-3.15703375313862));
#12814=CARTESIAN_POINT('Origin',(8.95,-3.25,0.));
#12815=CARTESIAN_POINT('Ctrl Pts',(8.95000000000001,-2.91271246458918,-3.15703375313862));
#12816=CARTESIAN_POINT('Ctrl Pts',(8.96248821918137,-2.57574281104113,-3.12103297746098));
#12817=CARTESIAN_POINT('Ctrl Pts',(8.97468298172887,-2.24669149867523,-3.03131424731361));
#12818=CARTESIAN_POINT('Ctrl Pts',(8.99723326696984,-1.63821708813649,-2.75521236340441));
#12819=CARTESIAN_POINT('Ctrl Pts',(9.00757082536669,-1.36137625369069,-2.57335475846934));
#12820=CARTESIAN_POINT('Ctrl Pts',(9.03371364560909,-0.81249045103655,-2.07571474762301));
#12821=CARTESIAN_POINT('Ctrl Pts',(9.04900628597082,-0.564214890117179,
-1.74257951107893));
#12822=CARTESIAN_POINT('Ctrl Pts',(9.07975310393738,-0.204805763461936,
-0.992097007765166));
#12823=CARTESIAN_POINT('Ctrl Pts',(9.09490093165573,-0.1003060561124,-0.580464712680764));
#12824=CARTESIAN_POINT('Ctrl Pts',(9.12202863615124,-0.0587582251888067,
0.240773334935083));
#12825=CARTESIAN_POINT('Ctrl Pts',(9.13534939622283,-0.114780321798381,
0.642222105068911));
#12826=CARTESIAN_POINT('Ctrl Pts',(9.16509251955567,-0.378294288001432,
1.4167973024192));
#12827=CARTESIAN_POINT('Ctrl Pts',(9.18067314724715,-0.588652531082895,
1.78079701676785));
#12828=CARTESIAN_POINT('Ctrl Pts',(9.21103987369699,-1.13961579637162,2.40884306576293));
#12829=CARTESIAN_POINT('Ctrl Pts',(9.22474013531788,-1.4756013849939,2.66602890710384));
#12830=CARTESIAN_POINT('Ctrl Pts',(9.25218195769704,-2.21606415598966,3.02922651235368));
#12831=CARTESIAN_POINT('Ctrl Pts',(9.26682573955866,-2.61119736344554,3.13641944609959));
#12832=CARTESIAN_POINT('Ctrl Pts',(9.29740273612745,-3.43625654848171,3.19745432842529));
#12833=CARTESIAN_POINT('Ctrl Pts',(9.31306145892678,-3.85877591013497,3.14449039540264));
#12834=CARTESIAN_POINT('Ctrl Pts',(9.34215866525241,-4.64390591084787,2.88145351635472));
#12835=CARTESIAN_POINT('Ctrl Pts',(9.35460738671457,-5.00083955067669,2.67960959097836));
#12836=CARTESIAN_POINT('Ctrl Pts',(9.38313079355417,-5.62230180863279,2.14969899416172));
#12837=CARTESIAN_POINT('Ctrl Pts',(9.39831341867514,-5.87998594430592,1.82542357731414));
#12838=CARTESIAN_POINT('Ctrl Pts',(9.42907573450926,-6.26237018871033,1.0877228928962));
#12839=CARTESIAN_POINT('Ctrl Pts',(9.44435300100549,-6.37982240678834,0.679535772099859));
#12840=CARTESIAN_POINT('Ctrl Pts',(9.47190601687674,-6.44724457511029,-0.140015268834288));
#12841=CARTESIAN_POINT('Ctrl Pts',(9.48481782567487,-6.40391510332325,-0.542981753499606));
#12842=CARTESIAN_POINT('Ctrl Pts',(9.51431018994803,-6.16538670694431,-1.32416940409809));
#12843=CARTESIAN_POINT('Ctrl Pts',(9.52983221966083,-5.96750025713758,-1.69354395755916));
#12844=CARTESIAN_POINT('Ctrl Pts',(9.56049632042291,-5.43543987134277,-2.34176896617891));
#12845=CARTESIAN_POINT('Ctrl Pts',(9.5747925992271,-5.10393198969365,-2.61206649665532));
#12846=CARTESIAN_POINT('Ctrl Pts',(9.60194649957374,-4.37123821971718,-2.99785500168147));
#12847=CARTESIAN_POINT('Ctrl Pts',(9.61642644425122,-3.98052583146495,-3.11618312826764));
#12848=CARTESIAN_POINT('Ctrl Pts',(9.63538600626217,-3.46893991601369,-3.16934533576169));
#12849=CARTESIAN_POINT('Ctrl Pts',(9.63944542511294,-3.35940460566378,-3.175));
#12850=CARTESIAN_POINT('Ctrl Pts',(9.6435,-3.25,-3.175));
#12851=CARTESIAN_POINT('Origin',(12.59,-3.25,0.));
#12852=CARTESIAN_POINT('',(10.3495,-3.25,-3.175));
#12853=CARTESIAN_POINT('',(10.2802327557301,-3.25000000000001,-3.175));
#12854=CARTESIAN_POINT('',(12.59,-3.25,-3.175));
#12855=CARTESIAN_POINT('Ctrl Pts',(10.2802327557301,-3.25000000000002,-3.175));
#12856=CARTESIAN_POINT('Ctrl Pts',(10.2685669762065,-3.56477776193501,-3.175));
#12857=CARTESIAN_POINT('Ctrl Pts',(10.256945162023,-3.87836920696954,-3.12818455688227));
#12858=CARTESIAN_POINT('Ctrl Pts',(10.231450098651,-4.56630257416001,-2.91734795114009));
#12859=CARTESIAN_POINT('Ctrl Pts',(10.2190164722222,-4.92613795416159,-2.72655953907487));
#12860=CARTESIAN_POINT('Ctrl Pts',(10.1904260813536,-5.57064953503234,-2.2078694343694));
#12861=CARTESIAN_POINT('Ctrl Pts',(10.1747981539849,-5.84420100131597,-1.87888061478802));
#12862=CARTESIAN_POINT('Ctrl Pts',(10.144013929331,-6.23836230531288,-1.14729679949061));
#12863=CARTESIAN_POINT('Ctrl Pts',(10.129146846463,-6.3607834330282,-0.75475868940705));
#12864=CARTESIAN_POINT('Ctrl Pts',(10.1012887087429,-6.4512097593001,0.0610176640297822));
#12865=CARTESIAN_POINT('Ctrl Pts',(10.0882654822611,-6.41609689288764,0.476778081186626));
#12866=CARTESIAN_POINT('Ctrl Pts',(10.0583593830861,-6.18710148461813,1.27636046248756));
#12867=CARTESIAN_POINT('Ctrl Pts',(10.0427212108694,-5.9935440880004,1.65185308140188));
#12868=CARTESIAN_POINT('Ctrl Pts',(10.0126250458447,-5.48166544432932,2.29403468699286));
#12869=CARTESIAN_POINT('Ctrl Pts',(9.99849683424513,-5.17291883245113,2.55835890751399));
#12870=CARTESIAN_POINT('Ctrl Pts',(9.97199623647703,-4.45785312780193,2.96622994603721));
#12871=CARTESIAN_POINT('Ctrl Pts',(9.95706146331471,-4.05486810125497,3.0999295328991));
#12872=CARTESIAN_POINT('Ctrl Pts',(9.92639122238975,-3.22729290349211,3.20171894089196));
#12873=CARTESIAN_POINT('Ctrl Pts',(9.91096506894321,-2.81104896134412,3.17156965296291));
#12874=CARTESIAN_POINT('Ctrl Pts',(9.88179960238346,-2.0240770945405,2.95630227231252));
#12875=CARTESIAN_POINT('Ctrl Pts',(9.86923327015657,-1.65961418289529,2.77727721901203));
#12876=CARTESIAN_POINT('Ctrl Pts',(9.84100027403609,-0.998953532614259,
2.27904623494046));
#12877=CARTESIAN_POINT('Ctrl Pts',(9.82541158160943,-0.714449679516641,
1.95760323321775));
#12878=CARTESIAN_POINT('Ctrl Pts',(9.79451985982805,-0.297085663620273,
1.2360661909323));
#12879=CARTESIAN_POINT('Ctrl Pts',(9.7795160322322,-0.162677660787998,0.846188111570009));
#12880=CARTESIAN_POINT('Ctrl Pts',(9.75138386406505,-0.0488170708282531,
0.0354034910492088));
#12881=CARTESIAN_POINT('Ctrl Pts',(9.73867694267371,-0.0710060434809463,
-0.37793235011737));
#12882=CARTESIAN_POINT('Ctrl Pts',(9.70909330883757,-0.273733857628935,
-1.18263318855431));
#12883=CARTESIAN_POINT('Ctrl Pts',(9.69343569242734,-0.455956487943255,
-1.5652757661829));
#12884=CARTESIAN_POINT('Ctrl Pts',(9.66312521679678,-0.949204610834423,
-2.22489104520705));
#12885=CARTESIAN_POINT('Ctrl Pts',(9.64873199452586,-1.25066180703499,-2.49929842190929));
#12886=CARTESIAN_POINT('Ctrl Pts',(9.62190228224678,-1.95436696808928,-2.9289551274492));
#12887=CARTESIAN_POINT('Ctrl Pts',(9.60746544063011,-2.3532823692006,-3.07464320919785));
#12888=CARTESIAN_POINT('Ctrl Pts',(9.58614569515724,-2.92855312169086,-3.16280590496599));
#12889=CARTESIAN_POINT('Ctrl Pts',(9.58018684740259,-3.08934072753516,-3.175));
#12890=CARTESIAN_POINT('Ctrl Pts',(9.57423275573014,-3.25,-3.175));
#12891=CARTESIAN_POINT('Ctrl Pts',(9.6435,-3.25,-3.175));
#12892=CARTESIAN_POINT('Ctrl Pts',(9.65496507675615,-2.94063780140984,-3.175));
#12893=CARTESIAN_POINT('Ctrl Pts',(9.66639142202624,-2.63232069461772,-3.1297815323575));
#12894=CARTESIAN_POINT('Ctrl Pts',(9.69191760872552,-1.94354752659887,-2.92247942329633));
#12895=CARTESIAN_POINT('Ctrl Pts',(9.7045115767402,-1.57858220476858,-2.73021246174218));
#12896=CARTESIAN_POINT('Ctrl Pts',(9.73277527661266,-0.941224380373362,
-2.21757093923244));
#12897=CARTESIAN_POINT('Ctrl Pts',(9.74784149122478,-0.674950157811908,
-1.90188204710092));
#12898=CARTESIAN_POINT('Ctrl Pts',(9.77859010099577,-0.271321837331566,
-1.17687367947866));
#12899=CARTESIAN_POINT('Ctrl Pts',(9.79397513646443,-0.141765920463432,
-0.772316843536788));
#12900=CARTESIAN_POINT('Ctrl Pts',(9.82192079196961,-0.0499527301935242,
0.0453856204242588));
#12901=CARTESIAN_POINT('Ctrl Pts',(9.83455939301932,-0.0814128365289968,
0.449928747029483));
#12902=CARTESIAN_POINT('Ctrl Pts',(9.86381208727968,-0.296757930945953,
1.2370338156673));
#12903=CARTESIAN_POINT('Ctrl Pts',(9.87926584885891,-0.482965201271864,
1.61102429665351));
#12904=CARTESIAN_POINT('Ctrl Pts',(9.90991340906934,-0.992448850680933,
2.27176863137327));
#12905=CARTESIAN_POINT('Ctrl Pts',(9.92470722660745,-1.31281539216999,2.55042521374158));
#12906=CARTESIAN_POINT('Ctrl Pts',(9.95122811334932,-2.02842855425581,2.95820926699806));
#12907=CARTESIAN_POINT('Ctrl Pts',(9.96550315229687,-2.41361197061661,3.08927912149613));
#12908=CARTESIAN_POINT('Ctrl Pts',(9.9956783191591,-3.22782858354224,3.20243135388882));
#12909=CARTESIAN_POINT('Ctrl Pts',(10.0113253570187,-3.65003265043437,3.17742702136516));
#12910=CARTESIAN_POINT('Ctrl Pts',(10.0411150521589,-4.45384807879081,2.96668495684037));
#12911=CARTESIAN_POINT('Ctrl Pts',(10.0540099653453,-4.82831971438938,2.78556297404553));
#12912=CARTESIAN_POINT('Ctrl Pts',(10.0819685146868,-5.48376701200383,2.29287307671482));
#12913=CARTESIAN_POINT('Ctrl Pts',(10.0968867212539,-5.75952309357149,1.9872700677016));
#12914=CARTESIAN_POINT('Ctrl Pts',(10.1277131599676,-6.18869433229686,1.27458397202978));
#12915=CARTESIAN_POINT('Ctrl Pts',(10.1433285461693,-6.33249157729429,0.871072266610324));
#12916=CARTESIAN_POINT('Ctrl Pts',(10.1717902370868,-6.45006921200103,0.0521666476727725));
#12917=CARTESIAN_POINT('Ctrl Pts',(10.1842584799781,-6.43084056613277,-0.354155754401312));
#12918=CARTESIAN_POINT('Ctrl Pts',(10.2132600096462,-6.23915427106486,-1.14709462970168));
#12919=CARTESIAN_POINT('Ctrl Pts',(10.2286305241708,-6.06495002599106,-1.52542130810226));
#12920=CARTESIAN_POINT('Ctrl Pts',(10.259342657738,-5.57697275350421,-2.20059428599285));
#12921=CARTESIAN_POINT('Ctrl Pts',(10.274375882784,-5.26540015969415,-2.48910228588159));
#12922=CARTESIAN_POINT('Ctrl Pts',(10.3011570596983,-4.56360718602127,-2.91835076298708));
#12923=CARTESIAN_POINT('Ctrl Pts',(10.3148946342613,-4.18375668176053,-3.06112976892771));
#12924=CARTESIAN_POINT('Ctrl Pts',(10.3361797281993,-3.60942093173322,-3.15975072319715));
#12925=CARTESIAN_POINT('Ctrl Pts',(10.3428416904043,-3.42966118668159,-3.175));
#12926=CARTESIAN_POINT('Ctrl Pts',(10.3495,-3.25,-3.175));
#12927=CARTESIAN_POINT('Origin',(12.59,-3.25,0.));
#12928=CARTESIAN_POINT('',(11.0555,-3.25,-3.175));
#12929=CARTESIAN_POINT('',(10.9862327557301,-3.25,-3.175));
#12930=CARTESIAN_POINT('',(12.59,-3.25,-3.175));
#12931=CARTESIAN_POINT('Ctrl Pts',(10.9862327557301,-3.25,-3.175));
#12932=CARTESIAN_POINT('Ctrl Pts',(10.9715502870323,-3.64617709446746,-3.175));
#12933=CARTESIAN_POINT('Ctrl Pts',(10.95698662207,-4.03914850740175,-3.10084316924156));
#12934=CARTESIAN_POINT('Ctrl Pts',(10.9293767449303,-4.78414590047709,-2.80888180429322));
#12935=CARTESIAN_POINT('Ctrl Pts',(10.9169329087427,-5.12829706386333,-2.59141424090677));
#12936=CARTESIAN_POINT('Ctrl Pts',(10.8879929317016,-5.7232059039016,-2.033193823407));
#12937=CARTESIAN_POINT('Ctrl Pts',(10.8726445245585,-5.96605371165896,-1.69518733045359));
#12938=CARTESIAN_POINT('Ctrl Pts',(10.8419200605284,-6.31233864125297,-0.937824056466106));
#12939=CARTESIAN_POINT('Ctrl Pts',(10.8268518952276,-6.40950100369468,-0.524437608201694));
#12940=CARTESIAN_POINT('Ctrl Pts',(10.7999675646831,-6.43647443353542,0.29763210154368));
#12941=CARTESIAN_POINT('Ctrl Pts',(10.7863617451542,-6.3732450341154,0.698296561501165));
#12942=CARTESIAN_POINT('Ctrl Pts',(10.7565350443337,-6.09599406731642,1.46754474570525));
#12943=CARTESIAN_POINT('Ctrl Pts',(10.7409861450913,-5.87965264823992,1.82710149935887));
#12944=CARTESIAN_POINT('Ctrl Pts',(10.7113859921315,-5.33012216728729,2.43209041585267));
#12945=CARTESIAN_POINT('Ctrl Pts',(10.6983143076031,-5.00609569855433,2.67545483716182));
#12946=CARTESIAN_POINT('Ctrl Pts',(10.6709422182029,-4.26751453272797,3.03680799013932));
#12947=CARTESIAN_POINT('Ctrl Pts',(10.6557184522711,-3.85673161346345,3.14473708083669));
#12948=CARTESIAN_POINT('Ctrl Pts',(10.6249589796069,-3.02674867542778,3.19368045136023));
#12949=CARTESIAN_POINT('Ctrl Pts',(10.6097275615427,-2.61575927865342,3.13802437441859));
#12950=CARTESIAN_POINT('Ctrl Pts',(10.5810883704447,-1.84298790412508,2.87494633646917));
#12951=CARTESIAN_POINT('Ctrl Pts',(10.5686699291531,-1.4877724611727,2.67199417808775));
#12952=CARTESIAN_POINT('Ctrl Pts',(10.5397224776712,-0.860109436395629,
2.1324515146631));
#12953=CARTESIAN_POINT('Ctrl Pts',(10.5240696441767,-0.59801463786819,1.79607217753404));
#12954=CARTESIAN_POINT('Ctrl Pts',(10.4934243512037,-0.22794933410029,1.05490526439769));
#12955=CARTESIAN_POINT('Ctrl Pts',(10.478710807179,-0.117900950557431,0.66000760107977));
#12956=CARTESIAN_POINT('Ctrl Pts',(10.4511423143356,-0.0517460526243331,
-0.160757319230942));
#12957=CARTESIAN_POINT('Ctrl Pts',(10.437672005925,-0.100509724592729,-0.579153222874006));
#12958=CARTESIAN_POINT('Ctrl Pts',(10.4074416433664,-0.356996699582354,
-1.37296650832437));
#12959=CARTESIAN_POINT('Ctrl Pts',(10.3918400302257,-0.562124405364626,
-1.74063992447445));
#12960=CARTESIAN_POINT('Ctrl Pts',(10.3619882093188,-1.09300956387744,-2.36423501358002));
#12961=CARTESIAN_POINT('Ctrl Pts',(10.3484488265318,-1.40932556831102,-2.61802661288172));
#12962=CARTESIAN_POINT('Ctrl Pts',(10.3215104599326,-2.13620359057186,-3.00282297126708));
#12963=CARTESIAN_POINT('Ctrl Pts',(10.3064242677783,-2.54327435620641,-3.12377627320495));
#12964=CARTESIAN_POINT('Ctrl Pts',(10.2873507096395,-3.05793622950006,-3.17064819596706));
#12965=CARTESIAN_POINT('Ctrl Pts',(10.283789689045,-3.15402325828965,-3.175));
#12966=CARTESIAN_POINT('Ctrl Pts',(10.2802327557301,-3.25000000000002,-3.175));
#12967=CARTESIAN_POINT('Ctrl Pts',(10.3495,-3.25,-3.175));
#12968=CARTESIAN_POINT('Ctrl Pts',(10.3582410829152,-3.01413933493571,-3.175));
#12969=CARTESIAN_POINT('Ctrl Pts',(10.3669758706854,-2.77844853178889,-3.14871742857844));
#12970=CARTESIAN_POINT('Ctrl Pts',(10.3905673274524,-2.14188018701435,-3.00425822332153));
#12971=CARTESIAN_POINT('Ctrl Pts',(10.4038634462957,-1.75844931436377,-2.83350385184264));
#12972=CARTESIAN_POINT('Ctrl Pts',(10.4315364465093,-1.08660405611399,-2.35917825788667));
#12973=CARTESIAN_POINT('Ctrl Pts',(10.4463063839879,-0.802543862968003,
-2.06298929260517));
#12974=CARTESIAN_POINT('Ctrl Pts',(10.4770046473618,-0.352919716344844,
-1.36610528477587));
#12975=CARTESIAN_POINT('Ctrl Pts',(10.4926503716231,-0.196964268256909,
-0.968667869527423));
#12976=CARTESIAN_POINT('Ctrl Pts',(10.5214713849328,-0.0530042445893773,
-0.153798618735178));
#12977=CARTESIAN_POINT('Ctrl Pts',(10.5338813184681,-0.0594441137791934,
0.254541703626134));
#12978=CARTESIAN_POINT('Ctrl Pts',(10.5626167624661,-0.226692693410738,
1.05329919267992));
#12979=CARTESIAN_POINT('Ctrl Pts',(10.5778871830649,-0.388433524781973,
1.43570297107432));
#12980=CARTESIAN_POINT('Ctrl Pts',(10.6086398878914,-0.8539034580493,2.12513465773039));
#12981=CARTESIAN_POINT('Ctrl Pts',(10.6238165304458,-1.15615240440548,2.42349416858438));
#12982=CARTESIAN_POINT('Ctrl Pts',(10.6510354084719,-1.84354962991723,2.87469161431864));
#12983=CARTESIAN_POINT('Ctrl Pts',(10.6642588418611,-2.2181387216055,3.02940041302886));
#12984=CARTESIAN_POINT('Ctrl Pts',(10.6939489787815,-3.01926777023782,3.19382741731952));
#12985=CARTESIAN_POINT('Ctrl Pts',(10.7095183816676,-3.43937701241987,3.19654597280329));
#12986=CARTESIAN_POINT('Ctrl Pts',(10.7399499109835,-4.26051105415853,3.03906015101976));
#12987=CARTESIAN_POINT('Ctrl Pts',(10.7537687094407,-4.6531719561885,2.87890197577075));
#12988=CARTESIAN_POINT('Ctrl Pts',(10.7816508265124,-5.35392590102398,2.41475130563373));
#12989=CARTESIAN_POINT('Ctrl Pts',(10.7968450133497,-5.65493478703346,2.11512921333506));
#12990=CARTESIAN_POINT('Ctrl Pts',(10.8276006693953,-6.11743780012353,1.42389262253251));
#12991=CARTESIAN_POINT('Ctrl Pts',(10.8428569713079,-6.27754655017331,1.04098646152303));
#12992=CARTESIAN_POINT('Ctrl Pts',(10.8715571628402,-6.44160197860117,0.241483776980918));
#12993=CARTESIAN_POINT('Ctrl Pts',(10.8839684263641,-6.44635764370219,-0.16713353196677));
#12994=CARTESIAN_POINT('Ctrl Pts',(10.912835963943,-6.29892614418353,-0.981448095291623));
#12995=CARTESIAN_POINT('Ctrl Pts',(10.928484527123,-6.14138670993434,-1.37805944871116));
#12996=CARTESIAN_POINT('Ctrl Pts',(10.959163791612,-5.6891095902283,-2.07281980809046));
#12997=CARTESIAN_POINT('Ctrl Pts',(10.9739132424854,-5.40397878408555,-2.36775234761308));
#12998=CARTESIAN_POINT('Ctrl Pts',(11.0015480442873,-4.72997678909288,-2.83964259011974));
#12999=CARTESIAN_POINT('Ctrl Pts',(11.0149061761893,-4.34534326288188,-3.00901251111868));
#13000=CARTESIAN_POINT('Ctrl Pts',(11.038369986458,-3.71221920393101,-3.14975079509629));
#13001=CARTESIAN_POINT('Ctrl Pts',(11.0469324634497,-3.48117786300605,-3.175));
#13002=CARTESIAN_POINT('Ctrl Pts',(11.0555,-3.25,-3.175));
#13003=CARTESIAN_POINT('Origin',(12.59,-3.25,0.));
#13004=CARTESIAN_POINT('',(11.7615,-3.25,-3.175));
#13005=CARTESIAN_POINT('',(11.6922327557301,-3.25,-3.175));
#13006=CARTESIAN_POINT('',(12.59,-3.25,-3.175));
#13007=CARTESIAN_POINT('Ctrl Pts',(11.6922327557301,-3.25,-3.175));
#13008=CARTESIAN_POINT('Ctrl Pts',(11.6907541981096,-3.28989592446224,-3.175));
#13009=CARTESIAN_POINT('Ctrl Pts',(11.6892745673045,-3.32982080666799,-3.17424802829368));
#13010=CARTESIAN_POINT('Ctrl Pts',(11.6722182778613,-3.79005071303352,-3.15687685632473));
#13011=CARTESIAN_POINT('Ctrl Pts',(11.6569119766072,-4.20306068313322,-3.05765307023466));
#13012=CARTESIAN_POINT('Ctrl Pts',(11.6292572320596,-4.94926873360353,-2.71192275036487));
#13013=CARTESIAN_POINT('Ctrl Pts',(11.6164259917106,-5.27845221174854,-2.47536846865666));
#13014=CARTESIAN_POINT('Ctrl Pts',(11.586994963246,-5.84005530649869,-1.88261913957849));
#13015=CARTESIAN_POINT('Ctrl Pts',(11.5714893092373,-6.06356856017267,-1.52855045075617));
#13016=CARTESIAN_POINT('Ctrl Pts',(11.5407559734622,-6.36538501986813,-0.745236874189602));
#13017=CARTESIAN_POINT('Ctrl Pts',(11.5263009630475,-6.43700697260208,-0.322344449089607));
#13018=CARTESIAN_POINT('Ctrl Pts',(11.4992166756438,-6.41036484080357,0.506146649097043));
#13019=CARTESIAN_POINT('Ctrl Pts',(11.4847773508107,-6.32030256815325,0.90403937261967));
#13020=CARTESIAN_POINT('Ctrl Pts',(11.4544156259872,-5.98947052557296,1.65902240519243));
#13021=CARTESIAN_POINT('Ctrl Pts',(11.438755489784,-5.74620315124532,2.0064992933453));
#13022=CARTESIAN_POINT('Ctrl Pts',(11.4092559834823,-5.14624693650254,2.57923902195998));
#13023=CARTESIAN_POINT('Ctrl Pts',(11.3966119322275,-4.79826248197434,2.80198173587979));
#13024=CARTESIAN_POINT('Ctrl Pts',(11.3684103063727,-4.03729793164489,3.10290249380331));
#13025=CARTESIAN_POINT('Ctrl Pts',(11.3533732589963,-3.6315532396889,3.17840043332783));
#13026=CARTESIAN_POINT('Ctrl Pts',(11.3226318596547,-2.80205797416905,3.17126339381506));
#13027=CARTESIAN_POINT('Ctrl Pts',(11.3072234866135,-2.38629380074839,3.0840900076383));
#13028=CARTESIAN_POINT('Ctrl Pts',(11.2791866240507,-1.62977505879198,2.75996015290098));
#13029=CARTESIAN_POINT('Ctrl Pts',(11.2665967054253,-1.29342981437457,2.53265820157879));
#13030=CARTESIAN_POINT('Ctrl Pts',(11.2374008305853,-0.715576291345287,
1.95661781082155));
#13031=CARTESIAN_POINT('Ctrl Pts',(11.2219648914924,-0.482539483370677,
1.61021967634086));
#13032=CARTESIAN_POINT('Ctrl Pts',(11.1913039090807,-0.159751594755664,
0.841268294480182));
#13033=CARTESIAN_POINT('Ctrl Pts',(11.1763882816233,-0.0756180005177616,
0.425112348890321));
#13034=CARTESIAN_POINT('Ctrl Pts',(11.1499406901932,-0.0744145129180162,
-0.398228037621482));
#13035=CARTESIAN_POINT('Ctrl Pts',(11.1357334580421,-0.150511053735154,
-0.797628563914782));
#13036=CARTESIAN_POINT('Ctrl Pts',(11.1056083761088,-0.453813683113858,
-1.56113255994887));
#13037=CARTESIAN_POINT('Ctrl Pts',(11.0899669075935,-0.683727880515093,
-1.91573727387137));
#13038=CARTESIAN_POINT('Ctrl Pts',(11.0601008973872,-1.26392702734319,-2.5113030186348));
#13039=CARTESIAN_POINT('Ctrl Pts',(11.0471237110816,-1.60697917925521,-2.74801619604283));
#13040=CARTESIAN_POINT('Ctrl Pts',(11.0192307929523,-2.35961386815694,-3.0747303552959));
#13041=CARTESIAN_POINT('Ctrl Pts',(11.0043458733108,-2.76125369701041,-3.16351809795437));
#13042=CARTESIAN_POINT('Ctrl Pts',(10.988241845293,-3.19578873063386,-3.17465308374229));
#13043=CARTESIAN_POINT('Ctrl Pts',(10.9872370226041,-3.22290186409477,-3.175));
#13044=CARTESIAN_POINT('Ctrl Pts',(10.9862327557301,-3.25,-3.175));
#13045=CARTESIAN_POINT('Ctrl Pts',(11.0555,-3.25,-3.175));
#13046=CARTESIAN_POINT('Ctrl Pts',(11.0623248398042,-3.06584532822935,-3.175));
#13047=CARTESIAN_POINT('Ctrl Pts',(11.0691528902041,-2.88160402494719,-3.15897835258034));
#13048=CARTESIAN_POINT('Ctrl Pts',(11.0905835177567,-2.30334134098425,-3.05715119685328));
#13049=CARTESIAN_POINT('Ctrl Pts',(11.1042467832148,-1.92418920338987,-2.91281387093591));
#13050=CARTESIAN_POINT('Ctrl Pts',(11.1310855156639,-1.22426000252507,-2.48069606972997));
#13051=CARTESIAN_POINT('Ctrl Pts',(11.1461383208214,-0.913883851910625,
-2.19088723987124));
#13052=CARTESIAN_POINT('Ctrl Pts',(11.1768575411312,-0.428815247309623,
-1.51381413811106));
#13053=CARTESIAN_POINT('Ctrl Pts',(11.1922158316216,-0.256230032944629,
-1.13493357965018));
#13054=CARTESIAN_POINT('Ctrl Pts',(11.2211831037044,-0.0677245691948515,
-0.341225623979612));
#13055=CARTESIAN_POINT('Ctrl Pts',(11.23363693821,-0.0501510012048779,0.0653491312227578));
#13056=CARTESIAN_POINT('Ctrl Pts',(11.2621457065434,-0.171143971122325,
0.883749710058961));
#13057=CARTESIAN_POINT('Ctrl Pts',(11.2777658918095,-0.316526731534578,
1.28649554355896));
#13058=CARTESIAN_POINT('Ctrl Pts',(11.3085773558357,-0.74837398205785,1.99717007244764));
#13059=CARTESIAN_POINT('Ctrl Pts',(11.3234771123232,-1.02522148806799,2.30156809282491));
#13060=CARTESIAN_POINT('Ctrl Pts',(11.3513991647417,-1.6827923512655,2.79189480385619));
#13061=CARTESIAN_POINT('Ctrl Pts',(11.3643390824668,-2.05840583710018,2.97168922058243));
#13062=CARTESIAN_POINT('Ctrl Pts',(11.3941713231247,-2.8633692712815,3.17906224871806));
#13063=CARTESIAN_POINT('Ctrl Pts',(11.4098153692465,-3.28549261210424,3.20228834975874));
#13064=CARTESIAN_POINT('Ctrl Pts',(11.4399608039133,-4.0989069611164,3.08584188443592));
#13065=CARTESIAN_POINT('Ctrl Pts',(11.4542104751457,-4.48340588034679,2.95327309744129));
#13066=CARTESIAN_POINT('Ctrl Pts',(11.480665597703,-5.19724452725657,2.54274921891983));
#13067=CARTESIAN_POINT('Ctrl Pts',(11.4955388488819,-5.5164961119694,2.26284187677738));
#13068=CARTESIAN_POINT('Ctrl Pts',(11.5261960224239,-6.02326674842265,1.60023165795566));
#13069=CARTESIAN_POINT('Ctrl Pts',(11.5416399709886,-6.20795451561428,1.22566963834592));
#13070=CARTESIAN_POINT('Ctrl Pts',(11.5708611417566,-6.4202961680307,0.437812718186288));
#13071=CARTESIAN_POINT('Ctrl Pts',(11.5834719887802,-6.45021071123226,0.0330532745710684));
#13072=CARTESIAN_POINT('Ctrl Pts',(11.6114683329636,-6.35521034428059,-0.784388393817405));
#13073=CARTESIAN_POINT('Ctrl Pts',(11.6268664193406,-6.22408158922607,-1.18844378211546));
#13074=CARTESIAN_POINT('Ctrl Pts',(11.6576112135672,-5.81770885371297,-1.91174877896659));
#13075=CARTESIAN_POINT('Ctrl Pts',(11.672661319428,-5.55033285983089,-2.22629965812641));
#13076=CARTESIAN_POINT('Ctrl Pts',(11.7008906054843,-4.9109041969159,-2.73667334028169));
#13077=CARTESIAN_POINT('Ctrl Pts',(11.7135116229325,-4.54487051435572,-2.9276785003656));
#13078=CARTESIAN_POINT('Ctrl Pts',(11.7389275240832,-3.85907318160812,-3.13104129181285));
#13079=CARTESIAN_POINT('Ctrl Pts',(11.7501957418648,-3.55502282928468,-3.175));
#13080=CARTESIAN_POINT('Ctrl Pts',(11.7615,-3.25,-3.175));
#13081=CARTESIAN_POINT('Origin',(12.59,-3.25,0.));
#13082=CARTESIAN_POINT('',(13.35,-3.25,-3.175));
#13083=CARTESIAN_POINT('Origin',(13.35,-3.25,0.));
#13084=CARTESIAN_POINT('',(12.588,-3.25,-3.175));
#13085=CARTESIAN_POINT('',(12.59,-3.25,-3.175));
#13086=CARTESIAN_POINT('',(12.588,-0.100151795018108,0.398849953707356));
#13087=CARTESIAN_POINT('Origin',(12.588,-3.25,0.));
#13088=CARTESIAN_POINT('',(12.3982327557301,-3.25,-3.175));
#13089=CARTESIAN_POINT('Ctrl Pts',(12.588,-0.100151795018109,0.398849953707356));
#13090=CARTESIAN_POINT('Ctrl Pts',(12.5768158373575,-0.0590330366794267,
0.0741217045492445));
#13091=CARTESIAN_POINT('Ctrl Pts',(12.5666719182903,-0.0683721598778534,
-0.25498041809378));
#13092=CARTESIAN_POINT('Ctrl Pts',(12.5433376787048,-0.189753587547548,
-0.911932438803703));
#13093=CARTESIAN_POINT('Ctrl Pts',(12.5308344438422,-0.305197375646594,
-1.23484782494186));
#13094=CARTESIAN_POINT('Ctrl Pts',(12.5024974732918,-0.674501005869977,
-1.90453342421996));
#13095=CARTESIAN_POINT('Ctrl Pts',(12.4868806114358,-0.951614721027609,
-2.23112080709192));
#13096=CARTESIAN_POINT('Ctrl Pts',(12.4584046950362,-1.60137205208001,-2.74321556252793));
#13097=CARTESIAN_POINT('Ctrl Pts',(12.4459410169379,-1.96268785268137,-2.93019479825976));
#13098=CARTESIAN_POINT('Ctrl Pts',(12.4207552853704,-2.6422745189143,-3.13123136215025));
#13099=CARTESIAN_POINT('Ctrl Pts',(12.4095125635674,-2.94563691317267,-3.175));
#13100=CARTESIAN_POINT('Ctrl Pts',(12.3982327557301,-3.25,-3.175));
#13101=CARTESIAN_POINT('',(12.4675,-3.25000000000001,-3.175));
#13102=CARTESIAN_POINT('',(12.59,-3.25,-3.175));
#13103=CARTESIAN_POINT('',(12.588,-0.462940674589206,-1.52083046939517));
#13104=CARTESIAN_POINT('Ctrl Pts',(12.4675,-3.25000000000001,-3.175));
#13105=CARTESIAN_POINT('Ctrl Pts',(12.4693469124171,-3.20016475701765,-3.175));
#13106=CARTESIAN_POINT('Ctrl Pts',(12.4711954591571,-3.15028541509606,-3.17382668147451));
#13107=CARTESIAN_POINT('Ctrl Pts',(12.4881001877915,-2.69414507446366,-3.15231072972198));
#13108=CARTESIAN_POINT('Ctrl Pts',(12.5028813565096,-2.29530475707013,-3.05526300503677));
#13109=CARTESIAN_POINT('Ctrl Pts',(12.5277951188113,-1.62305663830667,-2.74672756841397));
#13110=CARTESIAN_POINT('Ctrl Pts',(12.5382806052877,-1.34421816580481,-2.56114616778568));
#13111=CARTESIAN_POINT('Ctrl Pts',(12.5623293738147,-0.844081161190281,
-2.10060599743738));
#13112=CARTESIAN_POINT('Ctrl Pts',(12.5751468327737,-0.629114819874387,
-1.8253596135564));
#13113=CARTESIAN_POINT('Ctrl Pts',(12.588,-0.462940674589202,-1.52083046939516));
#13114=CARTESIAN_POINT('Origin',(12.588,-3.25,0.));
#13115=CARTESIAN_POINT('Origin',(9.29641016151377,-3.25,0.));
#13116=CARTESIAN_POINT('Ctrl Pts',(8.94999999999948,-1.11580289084918,-2.35070791450108));
#13117=CARTESIAN_POINT('Ctrl Pts',(8.95568365681051,-0.883958174328144,
-2.12692075891741));
#13118=CARTESIAN_POINT('Ctrl Pts',(8.96163792791511,-0.687909696664441,
-1.86880821658878));
#13119=CARTESIAN_POINT('Ctrl Pts',(8.97362138176826,-0.382903649208278,
-1.3052388083022));
#13120=CARTESIAN_POINT('Ctrl Pts',(8.97957957517721,-0.274757179536695,
-1.00361825188258));
#13121=CARTESIAN_POINT('Ctrl Pts',(8.99174140561325,-0.145803824858165,
-0.342000523756412));
#13122=CARTESIAN_POINT('Ctrl Pts',(8.99828430897498,-0.125307872064172,
0.0772688239525662));
#13123=CARTESIAN_POINT('Ctrl Pts',(9.01385089826426,-0.301057101674791,
0.926582060541441));
#13124=CARTESIAN_POINT('Ctrl Pts',(9.02162815678894,-0.461792121111516,
1.30318966455353));
#13125=CARTESIAN_POINT('Ctrl Pts',(9.03674929472508,-0.905072588488898,
1.94729868738466));
#13126=CARTESIAN_POINT('Ctrl Pts',(9.04395330815941,-1.17425537303817,2.21509452890964));
#13127=CARTESIAN_POINT('Ctrl Pts',(9.05416392156866,-1.64564522672074,2.53595633177722));
#13128=CARTESIAN_POINT('Ctrl Pts',(9.05742338742151,-1.81806104683026,2.6309175319569));
#13129=CARTESIAN_POINT('Ctrl Pts',(9.06735553165052,-2.32883950727617,2.84804125882657));
#13130=CARTESIAN_POINT('Ctrl Pts',(9.07429661031981,-2.68204095918508,2.92676424227639));
#13131=CARTESIAN_POINT('Ctrl Pts',(9.08909020849687,-3.42496808951339,2.95397581228286));
#13132=CARTESIAN_POINT('Ctrl Pts',(9.09683054324522,-3.80831089485234,2.89247299668081));
#13133=CARTESIAN_POINT('Ctrl Pts',(9.11028478324843,-4.46593760270908,2.64886877181786));
#13134=CARTESIAN_POINT('Ctrl Pts',(9.11681625510295,-4.81399198826875,2.46572341287432));
#13135=CARTESIAN_POINT('Ctrl Pts',(9.13225376097376,-5.39624558333166,1.9219678025046));
#13136=CARTESIAN_POINT('Ctrl Pts',(9.13951322653929,-5.60707861137665,1.63485058333404));
#13137=CARTESIAN_POINT('Ctrl Pts',(9.1546169018398,-5.92214217732472,0.977859523200214));
#13138=CARTESIAN_POINT('Ctrl Pts',(9.16232032190122,-6.01566574947973,0.610404900514974));
#13139=CARTESIAN_POINT('Ctrl Pts',(9.17299907593993,-6.04444450711136,0.0503327778895203));
#13140=CARTESIAN_POINT('Ctrl Pts',(9.1763389297614,-6.03590197691912,-0.137197088725123));
#13141=CARTESIAN_POINT('Ctrl Pts',(9.18651091766402,-5.95764621911664,-0.65440760287026));
#13142=CARTESIAN_POINT('Ctrl Pts',(9.19353053856737,-5.84685536839675,-0.97406679647213));
#13143=CARTESIAN_POINT('Ctrl Pts',(9.20463912440841,-5.59058375113451,-1.4246236421064));
#13144=CARTESIAN_POINT('Ctrl Pts',(9.20857994789321,-5.48446256887774,-1.57409866952445));
#13145=CARTESIAN_POINT('Ctrl Pts',(9.21648512898283,-5.24094084559624,-1.85309945666575));
#13146=CARTESIAN_POINT('Ctrl Pts',(9.2204266137087,-5.10346434306628,-1.98128671482766));
#13147=CARTESIAN_POINT('Ctrl Pts',(9.22424137786507,-4.95395855746079,-2.09440331227205));
#13148=CARTESIAN_POINT('',(9.22424137786507,-2.96317280453261,-2.6847216168423));
#13149=CARTESIAN_POINT('Origin',(12.59,-3.25,0.));
#13150=CARTESIAN_POINT('',(7.35,-3.25,-2.295));
#13151=CARTESIAN_POINT('Origin',(7.35,-3.25,0.));
#13152=CARTESIAN_POINT('',(9.931,-3.25,-2.295));
#13153=CARTESIAN_POINT('',(12.59,-3.25,-2.295));
#13154=CARTESIAN_POINT('Origin',(9.931,-3.25,0.));
#13155=CARTESIAN_POINT('Origin',(12.59,-3.25,0.));
#13156=CARTESIAN_POINT('',(9.931,-3.25,-2.));
#13157=CARTESIAN_POINT('Origin',(9.931,-3.25,0.));
#13158=CARTESIAN_POINT('',(9.921,-3.25,-2.));
#13159=CARTESIAN_POINT('',(12.59,-3.25,-2.));
#13160=CARTESIAN_POINT('Origin',(9.921,-3.25,0.));
#13161=CARTESIAN_POINT('Origin',(12.59,-3.25,0.));
#13162=CARTESIAN_POINT('',(9.921,-3.25,-0.44));
#13163=CARTESIAN_POINT('Origin',(9.921,-3.25,0.));
#13164=CARTESIAN_POINT('',(12.15,-3.25,-0.44));
#13165=CARTESIAN_POINT('',(12.59,-3.25,-0.44));
#13166=CARTESIAN_POINT('',(12.15,-2.81,5.38844591624835E-17));
#13167=CARTESIAN_POINT('Origin',(12.15,-3.25,0.));
#13168=CARTESIAN_POINT('Origin',(12.15,-3.25,0.));
#13169=CARTESIAN_POINT('Origin',(12.15,-3.25,0.));
#13170=CARTESIAN_POINT('',(12.59,-3.25,3.29947152185608E-33));
#13171=CARTESIAN_POINT('Origin',(12.15,-3.25,0.));
#13172=CARTESIAN_POINT('Origin',(12.59,-3.25,0.));
#13173=CARTESIAN_POINT('Ctrl Pts',(12.3982327557301,-3.25,-3.175));
#13174=CARTESIAN_POINT('Ctrl Pts',(12.3942787208889,-3.35669173332138,-3.175));
#13175=CARTESIAN_POINT('Ctrl Pts',(12.3903201289538,-3.46350643072034,-3.16962228169969));
#13176=CARTESIAN_POINT('Ctrl Pts',(12.3708686408527,-3.98836598925708,-3.11644598065512));
#13177=CARTESIAN_POINT('Ctrl Pts',(12.3558294743693,-4.39416786108211,-2.99137931251475));
#13178=CARTESIAN_POINT('Ctrl Pts',(12.3290308987456,-5.11727390305291,-2.59915358481711));
#13179=CARTESIAN_POINT('Ctrl Pts',(12.3153159984925,-5.43115143685856,-2.34200130173047));
#13180=CARTESIAN_POINT('Ctrl Pts',(12.2853850886351,-5.95598977482087,-1.71245088195023));
#13181=CARTESIAN_POINT('Ctrl Pts',(12.2697699888394,-6.15744997617916,-1.34223982354288));
#13182=CARTESIAN_POINT('Ctrl Pts',(12.2396418292321,-6.40514322076965,-0.546533842254874));
#13183=CARTESIAN_POINT('Ctrl Pts',(12.2263271799062,-6.44952485641969,-0.128990364323374));
#13184=CARTESIAN_POINT('Ctrl Pts',(12.1986657187449,-6.37563323776354,0.690204398839934));
#13185=CARTESIAN_POINT('Ctrl Pts',(12.1839019544054,-6.26164713372076,1.0843933469757));
#13186=CARTESIAN_POINT('Ctrl Pts',(12.1532093857617,-5.88389706693893,1.82259644179881));
#13187=CARTESIAN_POINT('Ctrl Pts',(12.1375627744477,-5.61813949526635,2.15666720959493));
#13188=CARTESIAN_POINT('Ctrl Pts',(12.1087276691852,-4.98509186987114,2.68960066890457));
#13189=CARTESIAN_POINT('Ctrl Pts',(12.0963175525879,-4.628421218329,2.88867664560855));
#13190=CARTESIAN_POINT('Ctrl Pts',(12.0675927663394,-3.85334022961355,3.14416377493324));
#13191=CARTESIAN_POINT('Ctrl Pts',(12.0523265937485,-3.44141305134403,3.19579811301909));
#13192=CARTESIAN_POINT('Ctrl Pts',(12.0215729385859,-2.61158708697247,3.13845615382181));
#13193=CARTESIAN_POINT('Ctrl Pts',(12.0063909568795,-2.20193163157952,3.02639659750131));
#13194=CARTESIAN_POINT('Ctrl Pts',(11.979154983676,-1.46702328947251,2.6576198122326));
#13195=CARTESIAN_POINT('Ctrl Pts',(11.9659492183559,-1.1454416225528,2.41098155554173));
#13196=CARTESIAN_POINT('Ctrl Pts',(11.9362690631,-0.601745350785992,1.80013160223299));
#13197=CARTESIAN_POINT('Ctrl Pts',(11.9207018459461,-0.388896049296377,
1.43798793710591));
#13198=CARTESIAN_POINT('Ctrl Pts',(11.8902582292009,-0.113635278466144,
0.648369285649375));
#13199=CARTESIAN_POINT('Ctrl Pts',(11.8764166420967,-0.0554622414620295,
0.22812892954992));
#13200=CARTESIAN_POINT('Ctrl Pts',(11.8490476572039,-0.105180322563806,
-0.59590966473133));
#13201=CARTESIAN_POINT('Ctrl Pts',(11.8344446547098,-0.206886866421463,
-0.992179317143176));
#13202=CARTESIAN_POINT('Ctrl Pts',(11.8039088862395,-0.560623280225369,
-1.73936123283205));
#13203=CARTESIAN_POINT('Ctrl Pts',(11.7882480903564,-0.814907817083684,
-2.08049791307035));
#13204=CARTESIAN_POINT('Ctrl Pts',(11.7590664958702,-1.43108863365034,-2.63396509349191));
#13205=CARTESIAN_POINT('Ctrl Pts',(11.7465908135987,-1.78325637054316,-2.84514871997789));
#13206=CARTESIAN_POINT('Ctrl Pts',(11.7195256036898,-2.51355700618727,-3.11050612093749));
#13207=CARTESIAN_POINT('Ctrl Pts',(11.7059251979248,-2.88053679347372,-3.175));
#13208=CARTESIAN_POINT('Ctrl Pts',(11.6922327557301,-3.25,-3.175));
#13209=CARTESIAN_POINT('Ctrl Pts',(11.7615,-3.25,-3.175));
#13210=CARTESIAN_POINT('Ctrl Pts',(11.7657077602943,-3.13646199206022,-3.175));
#13211=CARTESIAN_POINT('Ctrl Pts',(11.7699205141096,-3.02278924392551,-3.16890999079697));
#13212=CARTESIAN_POINT('Ctrl Pts',(11.789019891167,-2.50743069868028,-3.11331558217065));
#13213=CARTESIAN_POINT('Ctrl Pts',(11.8034773844923,-2.11732411532744,-2.99353192105599));
#13214=CARTESIAN_POINT('Ctrl Pts',(11.8305927303034,-1.38567066249368,-2.60475769906486));
#13215=CARTESIAN_POINT('Ctrl Pts',(11.8449762389711,-1.05476263000343,-2.33270188557575));
#13216=CARTESIAN_POINT('Ctrl Pts',(11.8756788143912,-0.525248060433938,
-1.68180828327625));
#13217=CARTESIAN_POINT('Ctrl Pts',(11.8911918787066,-0.329029306191319,
-1.31175022280058));
#13218=CARTESIAN_POINT('Ctrl Pts',(11.920650304821,-0.0938228604999456,
-0.52970206406147));
#13219=CARTESIAN_POINT('Ctrl Pts',(11.9335166125464,-0.0521880754360205,
-0.126519722863526));
#13220=CARTESIAN_POINT('Ctrl Pts',(11.9611260247019,-0.123082463604738,
0.692783786271987));
#13221=CARTESIAN_POINT('Ctrl Pts',(11.9764194817931,-0.242264539946514,
1.10047662796387));
#13222=CARTESIAN_POINT('Ctrl Pts',(12.0071815222112,-0.627698408302372,
1.83640802995446));
#13223=CARTESIAN_POINT('Ctrl Pts',(12.022348322304,-0.886622255562399,2.15947463402643));
#13224=CARTESIAN_POINT('Ctrl Pts',(12.050835153463,-1.51035262558183,2.68693613672231));
#13225=CARTESIAN_POINT('Ctrl Pts',(12.0632979208875,-1.86841415426016,2.88742469339033));
#13226=CARTESIAN_POINT('Ctrl Pts',(12.0924418958658,-2.65480611365913,3.14706463371108));
#13227=CARTESIAN_POINT('Ctrl Pts',(12.108101880348,-3.07735951930641,3.1981940750321));
#13228=CARTESIAN_POINT('Ctrl Pts',(12.1386562770604,-3.90180889235167,3.1337212661205));
#13229=CARTESIAN_POINT('Ctrl Pts',(12.1532775922948,-4.29633588274289,3.02494403174068));
#13230=CARTESIAN_POINT('Ctrl Pts',(12.1806791820031,-5.0357130554653,2.65855808636864));
#13231=CARTESIAN_POINT('Ctrl Pts',(12.1944566971207,-5.37107254595936,2.39954218315619));
#13232=CARTESIAN_POINT('Ctrl Pts',(12.2248660329147,-5.91940595989947,1.76865019717443));
#13233=CARTESIAN_POINT('Ctrl Pts',(12.2404393731953,-6.1280201148655,1.40387058904069));
#13234=CARTESIAN_POINT('Ctrl Pts',(12.2701477562121,-6.38802378363066,0.628351134548939));
#13235=CARTESIAN_POINT('Ctrl Pts',(12.2834040304169,-6.44226775766762,0.226700266628544));
#13236=CARTESIAN_POINT('Ctrl Pts',(12.3105915936992,-6.39711031315791,-0.59431880706348));
#13237=CARTESIAN_POINT('Ctrl Pts',(12.3257584037287,-6.29079762472153,-1.00549581436404));
#13238=CARTESIAN_POINT('Ctrl Pts',(12.3565092416945,-5.92815777137755,-1.7542383090293));
#13239=CARTESIAN_POINT('Ctrl Pts',(12.3717873766058,-5.67855194941675,-2.08615356850742));
#13240=CARTESIAN_POINT('Ctrl Pts',(12.4005422904628,-5.07167448641169,-2.63169783140558));
#13241=CARTESIAN_POINT('Ctrl Pts',(12.4129523816324,-4.72185854093737,-2.8421753993774));
#13242=CARTESIAN_POINT('Ctrl Pts',(12.4400096335256,-3.99177263645438,-3.10957571907941));
#13243=CARTESIAN_POINT('Ctrl Pts',(12.4537092560346,-3.62211568348663,-3.175));
#13244=CARTESIAN_POINT('Ctrl Pts',(12.4675,-3.25000000000001,-3.175));
#13245=CARTESIAN_POINT('Origin',(32.8808657865101,-3.25,0.));
#13246=CARTESIAN_POINT('',(10.65,-3.25,-3.9));
#13247=CARTESIAN_POINT('Origin',(10.65,-3.25,0.));
#13248=CARTESIAN_POINT('',(13.35,-3.25,-3.9));
#13249=CARTESIAN_POINT('',(32.8808657865101,-3.25,-3.9));
#13250=CARTESIAN_POINT('Origin',(13.35,-3.25,0.));
#13251=CARTESIAN_POINT('Origin',(10.2689488223348,-3.25,0.));
#13252=CARTESIAN_POINT('',(10.2689488223348,-5.53053356329902,3.95));
#13253=CARTESIAN_POINT('',(10.2689488223348,-0.969466436700972,3.95));
#13254=CARTESIAN_POINT('Ctrl Pts',(10.2689488223348,-5.53053356329902,3.95));
#13255=CARTESIAN_POINT('Ctrl Pts',(10.9272821556682,-3.25,3.95));
#13256=CARTESIAN_POINT('Ctrl Pts',(10.2689488223348,-0.969466436700982,
3.95));
#13257=CARTESIAN_POINT('',(10.2689488223348,-7.81106712659805,3.03576608295941E-15));
#13258=CARTESIAN_POINT('Ctrl Pts',(10.2689488223349,-7.81106712659804,6.75613616543011E-15));
#13259=CARTESIAN_POINT('Ctrl Pts',(10.9272821556682,-6.67080034494853,1.975));
#13260=CARTESIAN_POINT('Ctrl Pts',(10.2689488223348,-5.53053356329902,3.95));
#13261=CARTESIAN_POINT('',(10.2689488223348,-5.53053356329902,-3.95));
#13262=CARTESIAN_POINT('Ctrl Pts',(10.2689488223349,-5.53053356329903,-3.94999999999999));
#13263=CARTESIAN_POINT('Ctrl Pts',(10.9272821556682,-6.67080034494854,-1.97499999999999));
#13264=CARTESIAN_POINT('Ctrl Pts',(10.2689488223348,-7.81106712659805,3.08851938991091E-15));
#13265=CARTESIAN_POINT('',(10.6217485923692,-3.25,-3.95));
#13266=CARTESIAN_POINT('Ctrl Pts',(10.2689488223348,-5.53053356329901,-3.95));
#13267=CARTESIAN_POINT('Ctrl Pts',(10.6217485923692,-4.30839931010293,-3.95));
#13268=CARTESIAN_POINT('Ctrl Pts',(10.6217485923692,-3.25,-3.95));
#13269=CARTESIAN_POINT('',(10.65,-3.25,-3.90106712659804));
#13270=CARTESIAN_POINT('',(10.2689488223348,-3.25,-4.56106712659804));
#13271=CARTESIAN_POINT('Origin',(10.65,-3.25,0.));
#13272=CARTESIAN_POINT('',(10.2689488223349,-0.969466436700978,-3.95));
#13273=CARTESIAN_POINT('Ctrl Pts',(10.6217485923692,-3.25,-3.95));
#13274=CARTESIAN_POINT('Ctrl Pts',(10.6217485923692,-2.19160068989706,-3.95));
#13275=CARTESIAN_POINT('Ctrl Pts',(10.2689488223349,-0.969466436700974,
-3.95));
#13276=CARTESIAN_POINT('',(10.2689488223348,1.31106712659805,4.33680868994202E-16));
#13277=CARTESIAN_POINT('Ctrl Pts',(10.2689488223348,1.31106712659805,1.35122723308602E-15));
#13278=CARTESIAN_POINT('Ctrl Pts',(10.9272821556682,0.170800344948534,-1.975));
#13279=CARTESIAN_POINT('Ctrl Pts',(10.2689488223348,-0.969466436700981,
-3.95000000000001));
#13280=CARTESIAN_POINT('Ctrl Pts',(10.2689488223349,-0.969466436700972,
3.95));
#13281=CARTESIAN_POINT('Ctrl Pts',(10.9272821556682,0.170800344948539,1.975));
#13282=CARTESIAN_POINT('Ctrl Pts',(10.2689488223348,1.31106712659805,-1.15819477121659E-14));
#13283=CARTESIAN_POINT('Origin',(4.85,-3.25,0.));
#13284=CARTESIAN_POINT('',(5.23105117766515,-5.53053356329903,-3.95));
#13285=CARTESIAN_POINT('',(5.23105117766515,-0.969466436700978,-3.95));
#13286=CARTESIAN_POINT('Ctrl Pts',(5.23105117766515,-5.53053356329903,-3.95));
#13287=CARTESIAN_POINT('Ctrl Pts',(4.57271784433182,-3.25,-3.95));
#13288=CARTESIAN_POINT('Ctrl Pts',(5.23105117766514,-0.969466436700981,
-3.95));
#13289=CARTESIAN_POINT('',(5.23105117766515,-7.81106712659804,2.60208521396521E-15));
#13290=CARTESIAN_POINT('Ctrl Pts',(5.23105117766515,-7.81106712659805,-2.25547997027788E-15));
#13291=CARTESIAN_POINT('Ctrl Pts',(4.57271784433182,-6.67080034494854,-1.975));
#13292=CARTESIAN_POINT('Ctrl Pts',(5.23105117766515,-5.53053356329903,-3.95));
#13293=CARTESIAN_POINT('',(5.23105117766515,-5.53053356329902,3.95));
#13294=CARTESIAN_POINT('Ctrl Pts',(5.23105117766515,-5.53053356329902,3.95));
#13295=CARTESIAN_POINT('Ctrl Pts',(4.57271784433182,-6.67080034494854,1.975));
#13296=CARTESIAN_POINT('Ctrl Pts',(5.23105117766515,-7.81106712659805,-2.63139329865753E-15));
#13297=CARTESIAN_POINT('',(4.87825140763084,-3.25,3.95));
#13298=CARTESIAN_POINT('Ctrl Pts',(5.23105117766515,-5.53053356329902,3.95));
#13299=CARTESIAN_POINT('Ctrl Pts',(4.87825140763084,-4.30839931010293,3.95));
#13300=CARTESIAN_POINT('Ctrl Pts',(4.87825140763084,-3.25,3.95));
#13301=CARTESIAN_POINT('',(4.85,-3.25,3.90106712659805));
#13302=CARTESIAN_POINT('',(4.85,-3.25,3.90106712659805));
#13303=CARTESIAN_POINT('Origin',(4.85,-3.25,0.));
#13304=CARTESIAN_POINT('',(5.23105117766515,-0.969466436700979,3.95));
#13305=CARTESIAN_POINT('Ctrl Pts',(4.87825140763084,-3.25,3.95));
#13306=CARTESIAN_POINT('Ctrl Pts',(4.87825140763084,-2.19160068989707,3.95));
#13307=CARTESIAN_POINT('Ctrl Pts',(5.23105117766515,-0.969466436700982,
3.95));
#13308=CARTESIAN_POINT('',(5.23105117766515,1.31106712659805,2.16840434497101E-15));
#13309=CARTESIAN_POINT('Ctrl Pts',(5.23105117766515,1.31106712659805,3.9470899479863E-15));
#13310=CARTESIAN_POINT('Ctrl Pts',(4.57271784433182,0.17080034494854,1.975));
#13311=CARTESIAN_POINT('Ctrl Pts',(5.23105117766515,-0.969466436700969,
3.95));
#13312=CARTESIAN_POINT('Ctrl Pts',(5.23105117766515,-0.969466436700974,
-3.95));
#13313=CARTESIAN_POINT('Ctrl Pts',(4.57271784433182,0.170800344948536,-1.975));
#13314=CARTESIAN_POINT('Ctrl Pts',(5.23105117766515,1.31106712659805,-4.69891660474559E-15));
#13315=CARTESIAN_POINT('Origin',(4.85,-3.25,0.));
#13316=CARTESIAN_POINT('',(3.25,-3.25,-3.15));
#13317=CARTESIAN_POINT('Origin',(3.25,-3.25,0.));
#13318=CARTESIAN_POINT('',(4.85,-3.25,-3.15));
#13319=CARTESIAN_POINT('',(4.85,-3.25,-3.15));
#13320=CARTESIAN_POINT('Origin',(4.85,-3.25,0.));
#13321=CARTESIAN_POINT('Origin',(-3.15,-3.25,0.));
#13322=CARTESIAN_POINT('',(-3.15,-3.25,-2.5));
#13323=CARTESIAN_POINT('Origin',(-3.15,-3.25,0.));
#13324=CARTESIAN_POINT('',(-3.25,-3.25,-2.5));
#13325=CARTESIAN_POINT('',(-3.15,-3.25,-2.5));
#13326=CARTESIAN_POINT('Origin',(-3.25,-3.25,0.));
#13327=CARTESIAN_POINT('Origin',(0.,0.,0.));
#13328=CARTESIAN_POINT('',(-4.95981953654678E-16,3.6,4.05));
#13329=CARTESIAN_POINT('Origin',(0.,3.6,0.));
#13330=CARTESIAN_POINT('',(-4.95981953654678E-16,6.8,4.05));
#13331=CARTESIAN_POINT('',(-4.95981953654678E-16,0.,4.05));
#13332=CARTESIAN_POINT('Origin',(0.,6.8,0.));
#13333=CARTESIAN_POINT('Origin',(0.,0.,0.));
#13334=CARTESIAN_POINT('',(-4.3474961369731E-16,1.3,3.55));
#13335=CARTESIAN_POINT('Origin',(0.,1.3,0.));
#13336=CARTESIAN_POINT('',(-4.3474961369731E-16,3.6,3.55));
#13337=CARTESIAN_POINT('',(-4.3474961369731E-16,0.,3.55));
#13338=CARTESIAN_POINT('Origin',(0.,3.6,0.));
#13339=CARTESIAN_POINT('Origin',(0.,0.,0.));
#13340=CARTESIAN_POINT('',(-2.41660919471891,-1.04093922184972E-15,-3.25));
#13341=CARTESIAN_POINT('',(2.41660919471891,-1.53091407318947E-16,-3.25));
#13342=CARTESIAN_POINT('Origin',(0.,1.83697019872103E-17,0.));
#13343=CARTESIAN_POINT('',(-3.1268761928306,0.,-2.57393575574629));
#13344=CARTESIAN_POINT('Origin',(0.,1.83697019872103E-17,0.));
#13345=CARTESIAN_POINT('',(-3.12687619283064,-1.17141315271635E-15,2.57393575574624));
#13346=CARTESIAN_POINT('Origin',(0.,1.83697019872103E-17,0.));
#13347=CARTESIAN_POINT('',(-2.41660919471891,-1.04093922184972E-15,3.25));
#13348=CARTESIAN_POINT('Origin',(0.,1.83697019872103E-17,0.));
#13349=CARTESIAN_POINT('',(-4.95981953654678E-16,1.83697019872103E-17,4.05));
#13350=CARTESIAN_POINT('Origin',(0.,1.83697019872103E-17,0.));
#13351=CARTESIAN_POINT('',(-4.95981953654678E-16,1.3,4.05));
#13352=CARTESIAN_POINT('',(-4.95981953654678E-16,0.,4.05));
#13353=CARTESIAN_POINT('Origin',(0.,1.3,0.));
#13354=CARTESIAN_POINT('',(2.41660919471891,-1.53091407318947E-16,3.25));
#13355=CARTESIAN_POINT('Origin',(0.,1.83697019872103E-17,0.));
#13356=CARTESIAN_POINT('',(3.25,0.,2.41660919471892));
#13357=CARTESIAN_POINT('Origin',(0.,1.83697019872103E-17,0.));
#13358=CARTESIAN_POINT('',(3.25,1.83697019872103E-17,-2.41660919471892));
#13359=CARTESIAN_POINT('Origin',(0.,1.83697019872103E-17,0.));
#13360=CARTESIAN_POINT('Origin',(0.,1.83697019872103E-17,0.));
#13361=CARTESIAN_POINT('Origin',(0.,39.45,0.));
#13362=CARTESIAN_POINT('',(-4.95305645591673E-16,39.6614273992035,4.04447752557328));
#13363=CARTESIAN_POINT('Origin',(0.,39.6614273992035,0.));
#13364=CARTESIAN_POINT('Ctrl Pts',(0.,39.6614273992035,4.04447752557328));
#13365=CARTESIAN_POINT('Ctrl Pts',(-4.04447752557328,39.6614273992035,4.04447752557328));
#13366=CARTESIAN_POINT('Ctrl Pts',(-4.04447752557328,39.6614273992035,0.));
#13367=CARTESIAN_POINT('Ctrl Pts',(-4.04447752557328,39.6614273992035,-4.04447752557328));
#13368=CARTESIAN_POINT('Ctrl Pts',(0.,39.6614273992035,-4.04447752557328));
#13369=CARTESIAN_POINT('Ctrl Pts',(4.04447752557328,39.6614273992035,-4.04447752557328));
#13370=CARTESIAN_POINT('Ctrl Pts',(4.04447752557328,39.6614273992035,0.));
#13371=CARTESIAN_POINT('Ctrl Pts',(4.04447752557328,39.6614273992035,4.04447752557328));
#13372=CARTESIAN_POINT('Ctrl Pts',(0.,39.6614273992035,4.04447752557328));
#13373=CARTESIAN_POINT('Ctrl Pts',(0.,23.2415945044239,4.90283377612689));
#13374=CARTESIAN_POINT('Ctrl Pts',(-4.90283377612689,23.2415945044239,4.90283377612689));
#13375=CARTESIAN_POINT('Ctrl Pts',(-4.90283377612689,23.2415945044239,0.));
#13376=CARTESIAN_POINT('Ctrl Pts',(-4.90283377612689,23.2415945044239,-4.90283377612689));
#13377=CARTESIAN_POINT('Ctrl Pts',(0.,23.2415945044239,-4.90283377612689));
#13378=CARTESIAN_POINT('Ctrl Pts',(4.90283377612689,23.2415945044239,-4.90283377612689));
#13379=CARTESIAN_POINT('Ctrl Pts',(4.90283377612689,23.2415945044239,0.));
#13380=CARTESIAN_POINT('Ctrl Pts',(4.90283377612689,23.2415945044239,4.90283377612689));
#13381=CARTESIAN_POINT('Ctrl Pts',(0.,23.2415945044239,4.90283377612689));
#13382=CARTESIAN_POINT('Ctrl Pts',(0.,6.80000000000004,5.05000000000017));
#13383=CARTESIAN_POINT('Ctrl Pts',(-5.05000000000017,6.80000000000004,5.05000000000017));
#13384=CARTESIAN_POINT('Ctrl Pts',(-5.05000000000017,6.80000000000004,0.));
#13385=CARTESIAN_POINT('Ctrl Pts',(-5.05000000000017,6.80000000000004,-5.05000000000017));
#13386=CARTESIAN_POINT('Ctrl Pts',(0.,6.80000000000004,-5.05000000000017));
#13387=CARTESIAN_POINT('Ctrl Pts',(5.05000000000017,6.80000000000004,-5.05000000000017));
#13388=CARTESIAN_POINT('Ctrl Pts',(5.05000000000017,6.80000000000004,0.));
#13389=CARTESIAN_POINT('Ctrl Pts',(5.05000000000017,6.80000000000004,5.05000000000017));
#13390=CARTESIAN_POINT('Ctrl Pts',(0.,6.80000000000004,5.05000000000017));
#13391=CARTESIAN_POINT('',(-6.18446633569413E-16,6.8,5.05));
#13392=CARTESIAN_POINT('Origin',(0.,6.8,0.));
#13393=CARTESIAN_POINT('Origin',(9.24185218765511E-14,-8.32667268468867E-14,
-754.654500717239));
#13394=CARTESIAN_POINT('Origin',(13.6683663778651,-3.25,3.46944695195362E-17));
#13395=CARTESIAN_POINT('Ctrl Pts',(10.5354913778651,-5.95,-3.30654635769785E-16));
#13396=CARTESIAN_POINT('Ctrl Pts',(10.4766580445317,-5.95,1.55884572681199));
#13397=CARTESIAN_POINT('Ctrl Pts',(10.4178247111984,-4.6,2.33826859021798));
#13398=CARTESIAN_POINT('Ctrl Pts',(10.3589913778651,-3.25,3.11769145362398));
#13399=CARTESIAN_POINT('Ctrl Pts',(10.3001580445317,-1.9,2.33826859021799));
#13400=CARTESIAN_POINT('Ctrl Pts',(10.2413247111984,-0.55,1.55884572681199));
#13401=CARTESIAN_POINT('Ctrl Pts',(10.1824913778651,-0.549999999999999,
0.));
#13402=CARTESIAN_POINT('Ctrl Pts',(10.1236580445317,-0.549999999999999,
-1.55884572681199));
#13403=CARTESIAN_POINT('Ctrl Pts',(10.0648247111984,-1.9,-2.33826859021798));
#13404=CARTESIAN_POINT('Ctrl Pts',(10.0059913778651,-3.25,-3.11769145362398));
#13405=CARTESIAN_POINT('Ctrl Pts',(9.94715804453174,-4.6,-2.33826859021798));
#13406=CARTESIAN_POINT('Ctrl Pts',(9.8883247111984,-5.95,-1.55884572681199));
#13407=CARTESIAN_POINT('Ctrl Pts',(9.82949137786507,-5.95,-3.30654635769785E-16));
#13408=CARTESIAN_POINT('Ctrl Pts',(10.4472413778651,-5.95,-3.30654635769785E-16));
#13409=CARTESIAN_POINT('Ctrl Pts',(10.3884080445317,-5.95,1.55884572681199));
#13410=CARTESIAN_POINT('Ctrl Pts',(10.3295747111984,-4.6,2.33826859021798));
#13411=CARTESIAN_POINT('Ctrl Pts',(10.2707413778651,-3.25,3.11769145362398));
#13412=CARTESIAN_POINT('Ctrl Pts',(10.2119080445317,-1.9,2.33826859021799));
#13413=CARTESIAN_POINT('Ctrl Pts',(10.1530747111984,-0.55,1.55884572681199));
#13414=CARTESIAN_POINT('Ctrl Pts',(10.0942413778651,-0.549999999999999,
0.));
#13415=CARTESIAN_POINT('Ctrl Pts',(10.0354080445317,-0.549999999999999,
-1.55884572681199));
#13416=CARTESIAN_POINT('Ctrl Pts',(9.9765747111984,-1.9,-2.33826859021798));
#13417=CARTESIAN_POINT('Ctrl Pts',(9.91774137786507,-3.25,-3.11769145362398));
#13418=CARTESIAN_POINT('Ctrl Pts',(9.85890804453174,-4.6,-2.33826859021798));
#13419=CARTESIAN_POINT('Ctrl Pts',(9.80007471119841,-5.95,-1.55884572681199));
#13420=CARTESIAN_POINT('Ctrl Pts',(9.74124137786507,-5.95,-3.30654635769785E-16));
#13421=CARTESIAN_POINT('Ctrl Pts',(13.3499769441629,-0.0749600661186735,
0.));
#13422=CARTESIAN_POINT('Ctrl Pts',(13.2911436108295,-0.0749600661186736,
-1.83311016051419));
#13423=CARTESIAN_POINT('Ctrl Pts',(13.2323102774962,-1.66248003305934,-2.74966524077129));
#13424=CARTESIAN_POINT('Ctrl Pts',(13.1734769441629,-3.25,-3.66622032102839));
#13425=CARTESIAN_POINT('Ctrl Pts',(13.1146436108295,-4.83751996694066,-2.74966524077129));
#13426=CARTESIAN_POINT('Ctrl Pts',(13.0558102774962,-6.42503993388132,-1.8331101605142));
#13427=CARTESIAN_POINT('Ctrl Pts',(12.9969769441629,-6.42503993388132,-3.88830249219279E-16));
#13428=CARTESIAN_POINT('Ctrl Pts',(12.9381436108295,-6.42503993388133,1.83311016051419));
#13429=CARTESIAN_POINT('Ctrl Pts',(12.8793102774962,-4.83751996694066,2.74966524077129));
#13430=CARTESIAN_POINT('Ctrl Pts',(12.8204769441629,-3.25,3.66622032102839));
#13431=CARTESIAN_POINT('Ctrl Pts',(12.7616436108295,-1.66248003305934,2.74966524077129));
#13432=CARTESIAN_POINT('Ctrl Pts',(12.7028102774962,-0.0749600661186744,
1.8331101605142));
#13433=CARTESIAN_POINT('Ctrl Pts',(12.6439769441629,-0.0749600661186735,
0.));
#13434=CARTESIAN_POINT('Ctrl Pts',(12.5851436108295,-0.0749600661186736,
-1.83311016051419));
#13435=CARTESIAN_POINT('Ctrl Pts',(12.5263102774962,-1.66248003305934,-2.74966524077129));
#13436=CARTESIAN_POINT('Ctrl Pts',(12.4674769441629,-3.25,-3.66622032102839));
#13437=CARTESIAN_POINT('Ctrl Pts',(12.4086436108295,-4.83751996694066,-2.74966524077129));
#13438=CARTESIAN_POINT('Ctrl Pts',(12.3498102774962,-6.42503993388132,-1.8331101605142));
#13439=CARTESIAN_POINT('Ctrl Pts',(12.2909769441629,-6.42503993388132,-3.88830249219279E-16));
#13440=CARTESIAN_POINT('Ctrl Pts',(12.2321436108295,-6.42503993388133,1.83311016051419));
#13441=CARTESIAN_POINT('Ctrl Pts',(12.1733102774962,-4.83751996694066,2.74966524077129));
#13442=CARTESIAN_POINT('Ctrl Pts',(12.1144769441629,-3.25,3.66622032102839));
#13443=CARTESIAN_POINT('Ctrl Pts',(12.0556436108295,-1.66248003305934,2.74966524077129));
#13444=CARTESIAN_POINT('Ctrl Pts',(11.9968102774962,-0.0749600661186744,
1.8331101605142));
#13445=CARTESIAN_POINT('Ctrl Pts',(11.9379769441629,-0.0749600661186735,
0.));
#13446=CARTESIAN_POINT('Ctrl Pts',(11.8791436108295,-0.0749600661186736,
-1.83311016051419));
#13447=CARTESIAN_POINT('Ctrl Pts',(11.8203102774962,-1.66248003305934,-2.74966524077129));
#13448=CARTESIAN_POINT('Ctrl Pts',(11.7614769441629,-3.25,-3.66622032102839));
#13449=CARTESIAN_POINT('Ctrl Pts',(11.7026436108295,-4.83751996694066,-2.74966524077129));
#13450=CARTESIAN_POINT('Ctrl Pts',(11.6438102774962,-6.42503993388132,-1.8331101605142));
#13451=CARTESIAN_POINT('Ctrl Pts',(11.5849769441629,-6.42503993388132,-3.88830249219279E-16));
#13452=CARTESIAN_POINT('Ctrl Pts',(11.5261436108295,-6.42503993388133,1.83311016051419));
#13453=CARTESIAN_POINT('Ctrl Pts',(11.4673102774962,-4.83751996694066,2.74966524077129));
#13454=CARTESIAN_POINT('Ctrl Pts',(11.4084769441629,-3.25,3.66622032102839));
#13455=CARTESIAN_POINT('Ctrl Pts',(11.3496436108295,-1.66248003305934,2.74966524077129));
#13456=CARTESIAN_POINT('Ctrl Pts',(11.2908102774962,-0.0749600661186744,
1.8331101605142));
#13457=CARTESIAN_POINT('Ctrl Pts',(11.2319769441629,-0.0749600661186735,
0.));
#13458=CARTESIAN_POINT('Ctrl Pts',(11.1731436108295,-0.0749600661186736,
-1.83311016051419));
#13459=CARTESIAN_POINT('Ctrl Pts',(11.1143102774962,-1.66248003305934,-2.74966524077129));
#13460=CARTESIAN_POINT('Ctrl Pts',(11.0554769441629,-3.25,-3.66622032102839));
#13461=CARTESIAN_POINT('Ctrl Pts',(10.9966436108295,-4.83751996694066,-2.74966524077129));
#13462=CARTESIAN_POINT('Ctrl Pts',(10.9378102774962,-6.42503993388132,-1.8331101605142));
#13463=CARTESIAN_POINT('Ctrl Pts',(10.8789769441629,-6.42503993388132,-3.88830249219279E-16));
#13464=CARTESIAN_POINT('Ctrl Pts',(10.8201436108295,-6.42503993388133,1.83311016051419));
#13465=CARTESIAN_POINT('Ctrl Pts',(10.7613102774962,-4.83751996694066,2.74966524077129));
#13466=CARTESIAN_POINT('Ctrl Pts',(10.7024769441629,-3.25,3.66622032102839));
#13467=CARTESIAN_POINT('Ctrl Pts',(10.6436436108295,-1.66248003305934,2.74966524077129));
#13468=CARTESIAN_POINT('Ctrl Pts',(10.5848102774962,-0.0749600661186744,
1.8331101605142));
#13469=CARTESIAN_POINT('Ctrl Pts',(10.5259769441629,-0.0749600661186735,
0.));
#13470=CARTESIAN_POINT('Ctrl Pts',(10.4671436108295,-0.0749600661186736,
-1.83311016051419));
#13471=CARTESIAN_POINT('Ctrl Pts',(10.4083102774962,-1.66248003305934,-2.74966524077129));
#13472=CARTESIAN_POINT('Ctrl Pts',(10.3494769441629,-3.25,-3.66622032102839));
#13473=CARTESIAN_POINT('Ctrl Pts',(10.2906436108295,-4.83751996694066,-2.74966524077129));
#13474=CARTESIAN_POINT('Ctrl Pts',(10.2318102774962,-6.42503993388132,-1.8331101605142));
#13475=CARTESIAN_POINT('Ctrl Pts',(10.1729769441629,-6.42503993388132,-3.88830249219279E-16));
#13476=CARTESIAN_POINT('Ctrl Pts',(10.1141436108295,-6.42503993388133,1.83311016051419));
#13477=CARTESIAN_POINT('Ctrl Pts',(10.0553102774962,-4.83751996694066,2.74966524077129));
#13478=CARTESIAN_POINT('Ctrl Pts',(9.99647694416287,-3.25,3.66622032102839));
#13479=CARTESIAN_POINT('Ctrl Pts',(9.93764361082953,-1.66248003305934,2.74966524077129));
#13480=CARTESIAN_POINT('Ctrl Pts',(9.8788102774962,-0.0749600661186744,
1.8331101605142));
#13481=CARTESIAN_POINT('Ctrl Pts',(9.81997694416287,-0.0749600661186735,
0.));
#13482=CARTESIAN_POINT('Ctrl Pts',(9.76114361082954,-0.0749600661186736,
-1.83311016051419));
#13483=CARTESIAN_POINT('Ctrl Pts',(9.7023102774962,-1.66248003305934,-2.74966524077129));
#13484=CARTESIAN_POINT('Ctrl Pts',(9.64347694416287,-3.25,-3.66622032102839));
#13485=CARTESIAN_POINT('Ctrl Pts',(9.58464361082953,-4.83751996694066,-2.74966524077129));
#13486=CARTESIAN_POINT('Ctrl Pts',(9.5258102774962,-6.42503993388132,-1.8331101605142));
#13487=CARTESIAN_POINT('Ctrl Pts',(9.46697694416287,-6.42503993388132,-3.88830249219279E-16));
#13488=CARTESIAN_POINT('Ctrl Pts',(9.40814361082954,-6.42503993388133,1.83311016051419));
#13489=CARTESIAN_POINT('Ctrl Pts',(9.3493102774962,-4.83751996694066,2.74966524077129));
#13490=CARTESIAN_POINT('Ctrl Pts',(9.29047694416287,-3.25,3.66622032102839));
#13491=CARTESIAN_POINT('Ctrl Pts',(9.23164361082953,-1.66248003305934,2.74966524077129));
#13492=CARTESIAN_POINT('Ctrl Pts',(9.1728102774962,-0.0749600661186744,
1.8331101605142));
#13493=CARTESIAN_POINT('Ctrl Pts',(9.11397694416287,-0.0749600661186735,
0.));
#13494=CARTESIAN_POINT('Ctrl Pts',(9.05514361082954,-0.0749600661186736,
-1.83311016051419));
#13495=CARTESIAN_POINT('Ctrl Pts',(8.9963102774962,-1.66248003305934,-2.74966524077129));
#13496=CARTESIAN_POINT('Ctrl Pts',(8.93747694416287,-3.25,-3.66622032102839));
#13497=CARTESIAN_POINT('Ctrl Pts',(8.87864361082953,-4.83751996694066,-2.74966524077129));
#13498=CARTESIAN_POINT('Ctrl Pts',(8.81981027749621,-6.42503993388132,-1.8331101605142));
#13499=CARTESIAN_POINT('Ctrl Pts',(8.76097694416287,-6.42503993388132,-3.88830249219279E-16));
#13500=CARTESIAN_POINT('Ctrl Pts',(8.70214361082953,-6.42503993388133,1.83311016051419));
#13501=CARTESIAN_POINT('Ctrl Pts',(8.6433102774962,-4.83751996694066,2.74966524077129));
#13502=CARTESIAN_POINT('Ctrl Pts',(8.58447694416287,-3.25,3.66622032102839));
#13503=CARTESIAN_POINT('Ctrl Pts',(8.52564361082954,-1.66248003305934,2.74966524077129));
#13504=CARTESIAN_POINT('Ctrl Pts',(8.4668102774962,-0.0749600661186744,
1.8331101605142));
#13505=CARTESIAN_POINT('Ctrl Pts',(8.40797694416287,-0.0749600661186735,
0.));
#13506=CARTESIAN_POINT('Ctrl Pts',(8.34914361082954,-0.0749600661186736,
-1.83311016051419));
#13507=CARTESIAN_POINT('Ctrl Pts',(8.2903102774962,-1.66248003305934,-2.74966524077129));
#13508=CARTESIAN_POINT('Ctrl Pts',(8.23147694416287,-3.25,-3.66622032102839));
#13509=CARTESIAN_POINT('Ctrl Pts',(8.17264361082954,-4.83751996694066,-2.74966524077129));
#13510=CARTESIAN_POINT('Ctrl Pts',(8.1138102774962,-6.42503993388132,-1.8331101605142));
#13511=CARTESIAN_POINT('Ctrl Pts',(8.05497694416287,-6.42503993388132,-3.88830249219279E-16));
#13512=CARTESIAN_POINT('Ctrl Pts',(7.99614361082954,-6.42503993388133,1.83311016051419));
#13513=CARTESIAN_POINT('Ctrl Pts',(7.9373102774962,-4.83751996694066,2.74966524077129));
#13514=CARTESIAN_POINT('Ctrl Pts',(7.87847694416287,-3.25,3.66622032102839));
#13515=CARTESIAN_POINT('Ctrl Pts',(7.81964361082954,-1.66248003305934,2.74966524077129));
#13516=CARTESIAN_POINT('Ctrl Pts',(7.7608102774962,-0.0749600661186744,
1.8331101605142));
#13517=CARTESIAN_POINT('Ctrl Pts',(7.70197694416287,-0.0749600661186735,
0.));
#13518=CARTESIAN_POINT('Ctrl Pts',(13.6242644337022,-0.550039933881326,
0.));
#13519=CARTESIAN_POINT('Ctrl Pts',(13.5654311003689,-0.550039933881326,
-1.55882267097485));
#13520=CARTESIAN_POINT('Ctrl Pts',(13.5065977670355,-1.90001996694066,-2.33823400646228));
#13521=CARTESIAN_POINT('Ctrl Pts',(13.4477644337022,-3.25,-3.11764534194971));
#13522=CARTESIAN_POINT('Ctrl Pts',(13.3889311003689,-4.59998003305933,-2.33823400646228));
#13523=CARTESIAN_POINT('Ctrl Pts',(13.3300977670355,-5.94996006611867,-1.55882267097486));
#13524=CARTESIAN_POINT('Ctrl Pts',(13.2712644337022,-5.94996006611867,-3.30649745279791E-16));
#13525=CARTESIAN_POINT('Ctrl Pts',(13.2124311003689,-5.94996006611867,1.55882267097485));
#13526=CARTESIAN_POINT('Ctrl Pts',(13.1535977670355,-4.59998003305934,2.33823400646228));
#13527=CARTESIAN_POINT('Ctrl Pts',(13.0947644337022,-3.25,3.11764534194971));
#13528=CARTESIAN_POINT('Ctrl Pts',(13.0359311003689,-1.90001996694066,2.33823400646228));
#13529=CARTESIAN_POINT('Ctrl Pts',(12.9770977670355,-0.550039933881327,
1.55882267097486));
#13530=CARTESIAN_POINT('Ctrl Pts',(12.9182644337022,-0.550039933881326,
0.));
#13531=CARTESIAN_POINT('Ctrl Pts',(12.8594311003689,-0.550039933881326,
-1.55882267097485));
#13532=CARTESIAN_POINT('Ctrl Pts',(12.8005977670355,-1.90001996694066,-2.33823400646228));
#13533=CARTESIAN_POINT('Ctrl Pts',(12.7417644337022,-3.25,-3.11764534194971));
#13534=CARTESIAN_POINT('Ctrl Pts',(12.6829311003689,-4.59998003305933,-2.33823400646228));
#13535=CARTESIAN_POINT('Ctrl Pts',(12.6240977670355,-5.94996006611867,-1.55882267097486));
#13536=CARTESIAN_POINT('Ctrl Pts',(12.5652644337022,-5.94996006611867,-3.30649745279791E-16));
#13537=CARTESIAN_POINT('Ctrl Pts',(12.5064311003689,-5.94996006611867,1.55882267097485));
#13538=CARTESIAN_POINT('Ctrl Pts',(12.4475977670355,-4.59998003305934,2.33823400646228));
#13539=CARTESIAN_POINT('Ctrl Pts',(12.3887644337022,-3.25,3.11764534194971));
#13540=CARTESIAN_POINT('Ctrl Pts',(12.3299311003689,-1.90001996694066,2.33823400646228));
#13541=CARTESIAN_POINT('Ctrl Pts',(12.2710977670355,-0.550039933881327,
1.55882267097486));
#13542=CARTESIAN_POINT('Ctrl Pts',(12.2122644337022,-0.550039933881326,
0.));
#13543=CARTESIAN_POINT('Ctrl Pts',(12.1534311003689,-0.550039933881326,
-1.55882267097485));
#13544=CARTESIAN_POINT('Ctrl Pts',(12.0945977670355,-1.90001996694066,-2.33823400646228));
#13545=CARTESIAN_POINT('Ctrl Pts',(12.0357644337022,-3.25,-3.11764534194971));
#13546=CARTESIAN_POINT('Ctrl Pts',(11.9769311003689,-4.59998003305933,-2.33823400646228));
#13547=CARTESIAN_POINT('Ctrl Pts',(11.9180977670355,-5.94996006611867,-1.55882267097486));
#13548=CARTESIAN_POINT('Ctrl Pts',(11.8592644337022,-5.94996006611867,-3.30649745279791E-16));
#13549=CARTESIAN_POINT('Ctrl Pts',(11.8004311003689,-5.94996006611867,1.55882267097485));
#13550=CARTESIAN_POINT('Ctrl Pts',(11.7415977670355,-4.59998003305934,2.33823400646228));
#13551=CARTESIAN_POINT('Ctrl Pts',(11.6827644337022,-3.25,3.11764534194971));
#13552=CARTESIAN_POINT('Ctrl Pts',(11.6239311003689,-1.90001996694066,2.33823400646228));
#13553=CARTESIAN_POINT('Ctrl Pts',(11.5650977670355,-0.550039933881327,
1.55882267097486));
#13554=CARTESIAN_POINT('Ctrl Pts',(11.5062644337022,-0.550039933881326,
0.));
#13555=CARTESIAN_POINT('Ctrl Pts',(11.4474311003689,-0.550039933881326,
-1.55882267097485));
#13556=CARTESIAN_POINT('Ctrl Pts',(11.3885977670355,-1.90001996694066,-2.33823400646228));
#13557=CARTESIAN_POINT('Ctrl Pts',(11.3297644337022,-3.25,-3.11764534194971));
#13558=CARTESIAN_POINT('Ctrl Pts',(11.2709311003689,-4.59998003305933,-2.33823400646228));
#13559=CARTESIAN_POINT('Ctrl Pts',(11.2120977670355,-5.94996006611867,-1.55882267097486));
#13560=CARTESIAN_POINT('Ctrl Pts',(11.1532644337022,-5.94996006611867,-3.30649745279791E-16));
#13561=CARTESIAN_POINT('Ctrl Pts',(11.0944311003689,-5.94996006611867,1.55882267097485));
#13562=CARTESIAN_POINT('Ctrl Pts',(11.0355977670355,-4.59998003305934,2.33823400646228));
#13563=CARTESIAN_POINT('Ctrl Pts',(10.9767644337022,-3.25,3.11764534194971));
#13564=CARTESIAN_POINT('Ctrl Pts',(10.9179311003689,-1.90001996694066,2.33823400646228));
#13565=CARTESIAN_POINT('Ctrl Pts',(10.8590977670355,-0.550039933881327,
1.55882267097486));
#13566=CARTESIAN_POINT('Ctrl Pts',(10.8002644337022,-0.550039933881326,
0.));
#13567=CARTESIAN_POINT('Ctrl Pts',(10.7414311003689,-0.550039933881326,
-1.55882267097485));
#13568=CARTESIAN_POINT('Ctrl Pts',(10.6825977670355,-1.90001996694066,-2.33823400646228));
#13569=CARTESIAN_POINT('Ctrl Pts',(10.6237644337022,-3.25,-3.11764534194971));
#13570=CARTESIAN_POINT('Ctrl Pts',(10.5649311003689,-4.59998003305933,-2.33823400646228));
#13571=CARTESIAN_POINT('Ctrl Pts',(10.5060977670355,-5.94996006611867,-1.55882267097486));
#13572=CARTESIAN_POINT('Ctrl Pts',(10.4472644337022,-5.94996006611867,-3.30649745279791E-16));
#13573=CARTESIAN_POINT('Ctrl Pts',(10.3884311003689,-5.94996006611867,1.55882267097485));
#13574=CARTESIAN_POINT('Ctrl Pts',(10.3295977670355,-4.59998003305934,2.33823400646228));
#13575=CARTESIAN_POINT('Ctrl Pts',(10.2707644337022,-3.25,3.11764534194971));
#13576=CARTESIAN_POINT('Ctrl Pts',(10.2119311003689,-1.90001996694066,2.33823400646228));
#13577=CARTESIAN_POINT('Ctrl Pts',(10.1530977670355,-0.550039933881327,
1.55882267097486));
#13578=CARTESIAN_POINT('Ctrl Pts',(10.0942644337022,-0.550039933881326,
0.));
#13579=CARTESIAN_POINT('Ctrl Pts',(10.0354311003689,-0.550039933881326,
-1.55882267097485));
#13580=CARTESIAN_POINT('Ctrl Pts',(9.97659776703554,-1.90001996694066,-2.33823400646228));
#13581=CARTESIAN_POINT('Ctrl Pts',(9.91776443370221,-3.25,-3.11764534194971));
#13582=CARTESIAN_POINT('Ctrl Pts',(9.85893110036887,-4.59998003305933,-2.33823400646228));
#13583=CARTESIAN_POINT('Ctrl Pts',(9.80009776703554,-5.94996006611867,-1.55882267097486));
#13584=CARTESIAN_POINT('Ctrl Pts',(9.74126443370221,-5.94996006611867,-3.30649745279791E-16));
#13585=CARTESIAN_POINT('Ctrl Pts',(9.68243110036887,-5.94996006611867,1.55882267097485));
#13586=CARTESIAN_POINT('Ctrl Pts',(9.62359776703554,-4.59998003305934,2.33823400646228));
#13587=CARTESIAN_POINT('Ctrl Pts',(9.5647644337022,-3.25,3.11764534194971));
#13588=CARTESIAN_POINT('Ctrl Pts',(9.50593110036887,-1.90001996694066,2.33823400646228));
#13589=CARTESIAN_POINT('Ctrl Pts',(9.44709776703554,-0.550039933881327,
1.55882267097486));
#13590=CARTESIAN_POINT('Ctrl Pts',(9.38826443370221,-0.550039933881326,
0.));
#13591=CARTESIAN_POINT('Ctrl Pts',(9.32943110036887,-0.550039933881326,
-1.55882267097485));
#13592=CARTESIAN_POINT('Ctrl Pts',(9.27059776703554,-1.90001996694066,-2.33823400646228));
#13593=CARTESIAN_POINT('Ctrl Pts',(9.21176443370221,-3.25,-3.11764534194971));
#13594=CARTESIAN_POINT('Ctrl Pts',(9.15293110036887,-4.59998003305933,-2.33823400646228));
#13595=CARTESIAN_POINT('Ctrl Pts',(9.09409776703554,-5.94996006611867,-1.55882267097486));
#13596=CARTESIAN_POINT('Ctrl Pts',(9.03526443370221,-5.94996006611867,-3.30649745279791E-16));
#13597=CARTESIAN_POINT('Ctrl Pts',(8.97643110036887,-5.94996006611867,1.55882267097485));
#13598=CARTESIAN_POINT('Ctrl Pts',(8.91759776703554,-4.59998003305934,2.33823400646228));
#13599=CARTESIAN_POINT('Ctrl Pts',(8.85876443370221,-3.25,3.11764534194971));
#13600=CARTESIAN_POINT('Ctrl Pts',(8.79993110036887,-1.90001996694066,2.33823400646228));
#13601=CARTESIAN_POINT('Ctrl Pts',(8.74109776703554,-0.550039933881327,
1.55882267097486));
#13602=CARTESIAN_POINT('Ctrl Pts',(8.68226443370221,-0.550039933881326,
0.));
#13603=CARTESIAN_POINT('Ctrl Pts',(8.62343110036887,-0.550039933881326,
-1.55882267097485));
#13604=CARTESIAN_POINT('Ctrl Pts',(8.56459776703554,-1.90001996694066,-2.33823400646228));
#13605=CARTESIAN_POINT('Ctrl Pts',(8.50576443370221,-3.25,-3.11764534194971));
#13606=CARTESIAN_POINT('Ctrl Pts',(8.44693110036887,-4.59998003305933,-2.33823400646228));
#13607=CARTESIAN_POINT('Ctrl Pts',(8.38809776703554,-5.94996006611867,-1.55882267097486));
#13608=CARTESIAN_POINT('Ctrl Pts',(8.32926443370221,-5.94996006611867,-3.30649745279791E-16));
#13609=CARTESIAN_POINT('Ctrl Pts',(8.27043110036888,-5.94996006611867,1.55882267097485));
#13610=CARTESIAN_POINT('Ctrl Pts',(8.21159776703554,-4.59998003305934,2.33823400646228));
#13611=CARTESIAN_POINT('Ctrl Pts',(8.15276443370221,-3.25,3.11764534194971));
#13612=CARTESIAN_POINT('Ctrl Pts',(8.09393110036887,-1.90001996694066,2.33823400646228));
#13613=CARTESIAN_POINT('Ctrl Pts',(8.03509776703554,-0.550039933881327,
1.55882267097486));
#13614=CARTESIAN_POINT('Ctrl Pts',(7.97626443370221,-0.550039933881326,
0.));
#13615=CARTESIAN_POINT('Ctrl Pts',(12.588,-0.462940674589207,-1.52083046939517));
#13616=CARTESIAN_POINT('Ctrl Pts',(12.583780859288,-0.578451150235154,-1.7172576169617));
#13617=CARTESIAN_POINT('Ctrl Pts',(12.5795481985184,-0.714798874437388,
-1.90066086345929));
#13618=CARTESIAN_POINT('Ctrl Pts',(12.5710507632697,-1.03014686385276,-2.2412248427844));
#13619=CARTESIAN_POINT('Ctrl Pts',(12.5668171510125,-1.2095460132836,-2.39610395569049));
#13620=CARTESIAN_POINT('Ctrl Pts',(12.5598985246847,-1.54195121441421,-2.62378152458678));
#13621=CARTESIAN_POINT('Ctrl Pts',(12.5571869184721,-1.6883456555096,-2.70813726333011));
#13622=CARTESIAN_POINT('Ctrl Pts',(12.5475362434984,-2.20715666233012,-2.95249967886638));
#13623=CARTESIAN_POINT('Ctrl Pts',(12.5400639679118,-2.60459720744524,-3.05089761692482));
#13624=CARTESIAN_POINT('Ctrl Pts',(12.5249374842153,-3.39817322315016,-3.08676142518032));
#13625=CARTESIAN_POINT('Ctrl Pts',(12.5174397927487,-3.78650193155248,-3.03030899300665));
#13626=CARTESIAN_POINT('Ctrl Pts',(12.5038846309111,-4.48001536579862,-2.78975976903373));
#13627=CARTESIAN_POINT('Ctrl Pts',(12.4973385262974,-4.84480661987219,-2.60189866668896));
#13628=CARTESIAN_POINT('Ctrl Pts',(12.4855236779838,-5.32292430568561,-2.17339917008247));
#13629=CARTESIAN_POINT('Ctrl Pts',(12.4819264253533,-5.45122187261646,-2.03420300685067));
#13630=CARTESIAN_POINT('Ctrl Pts',(12.4708276502876,-5.7962381013521,-1.57966727971271));
#13631=CARTESIAN_POINT('Ctrl Pts',(12.46319175904,-5.96620942102778,-1.23387329302041));
#13632=CARTESIAN_POINT('Ctrl Pts',(12.4520911815363,-6.115346682965,-0.683112926872487));
#13633=CARTESIAN_POINT('Ctrl Pts',(12.4484949357362,-6.14718936591091,-0.496560760020132));
#13634=CARTESIAN_POINT('Ctrl Pts',(12.4380002442087,-6.18928148916304,0.0735808398905596));
#13635=CARTESIAN_POINT('Ctrl Pts',(12.4314157222766,-6.14326658710465,0.456625475980535));
#13636=CARTESIAN_POINT('Ctrl Pts',(12.4166327711836,-5.90653086008388,1.16553053422051));
#13637=CARTESIAN_POINT('Ctrl Pts',(12.4091424894793,-5.72710846822267,1.48493290547656));
#13638=CARTESIAN_POINT('Ctrl Pts',(12.3980091599515,-5.37504314938615,1.90178045625512));
#13639=CARTESIAN_POINT('Ctrl Pts',(12.3943312278255,-5.24419724218155,2.02966508689251));
#13640=CARTESIAN_POINT('Ctrl Pts',(12.3853921129839,-4.88913267321294,2.31589236910606));
#13641=CARTESIAN_POINT('Ctrl Pts',(12.378761676518,-4.56273496163975,2.52961438035183));
#13642=CARTESIAN_POINT('Ctrl Pts',(12.3626770732447,-3.78947478296167,2.75362264433489));
#13643=CARTESIAN_POINT('Ctrl Pts',(12.3553849229945,-3.44324434319932,2.78673944729908));
#13644=CARTESIAN_POINT('Ctrl Pts',(12.342218323083,-2.82694696470648,2.73032132673256));
#13645=CARTESIAN_POINT('Ctrl Pts',(12.3364336862925,-2.55925061404615,2.66486691250143));
#13646=CARTESIAN_POINT('Ctrl Pts',(12.3268243835224,-2.11916784385341,2.48484388048225));
#13647=CARTESIAN_POINT('Ctrl Pts',(12.321317600984,-1.84292123078413,2.34937746543438));
#13648=CARTESIAN_POINT('Ctrl Pts',(12.3137586221349,-1.56071787447001,2.10625874487558));
#13649=CARTESIAN_POINT('Ctrl Pts',(13.7124913778651,-0.549999999999999,
0.));
#13650=CARTESIAN_POINT('Ctrl Pts',(13.6536580445317,-0.549999999999999,
-1.55884572681199));
#13651=CARTESIAN_POINT('Ctrl Pts',(13.5948247111984,-1.9,-2.33826859021798));
#13652=CARTESIAN_POINT('Ctrl Pts',(13.5359913778651,-3.25,-3.11769145362398));
#13653=CARTESIAN_POINT('Ctrl Pts',(13.4771580445317,-4.6,-2.33826859021798));
#13654=CARTESIAN_POINT('Ctrl Pts',(13.4183247111984,-5.95,-1.55884572681199));
#13655=CARTESIAN_POINT('Ctrl Pts',(13.3594913778651,-5.95,-3.30654635769785E-16));
#13656=CARTESIAN_POINT('Ctrl Pts',(13.3006580445317,-5.95,1.55884572681199));
#13657=CARTESIAN_POINT('Ctrl Pts',(13.2418247111984,-4.6,2.33826859021798));
#13658=CARTESIAN_POINT('Ctrl Pts',(13.1829913778651,-3.25,3.11769145362398));
#13659=CARTESIAN_POINT('Ctrl Pts',(13.1241580445317,-1.9,2.33826859021799));
#13660=CARTESIAN_POINT('Ctrl Pts',(13.0653247111984,-0.55,1.55884572681199));
#13661=CARTESIAN_POINT('Ctrl Pts',(13.0064913778651,-0.549999999999999,
0.));
#13662=CARTESIAN_POINT('Ctrl Pts',(12.9476580445317,-0.549999999999999,
-1.55884572681199));
#13663=CARTESIAN_POINT('Ctrl Pts',(12.8888247111984,-1.9,-2.33826859021798));
#13664=CARTESIAN_POINT('Ctrl Pts',(12.8299913778651,-3.25,-3.11769145362398));
#13665=CARTESIAN_POINT('Ctrl Pts',(12.7711580445317,-4.6,-2.33826859021798));
#13666=CARTESIAN_POINT('Ctrl Pts',(12.7123247111984,-5.95,-1.55884572681199));
#13667=CARTESIAN_POINT('Ctrl Pts',(12.6534913778651,-5.95,-3.30654635769785E-16));
#13668=CARTESIAN_POINT('Ctrl Pts',(12.5946580445317,-5.95,1.55884572681199));
#13669=CARTESIAN_POINT('Ctrl Pts',(12.5358247111984,-4.6,2.33826859021798));
#13670=CARTESIAN_POINT('Ctrl Pts',(12.4769913778651,-3.25,3.11769145362398));
#13671=CARTESIAN_POINT('Ctrl Pts',(12.4181580445317,-1.9,2.33826859021799));
#13672=CARTESIAN_POINT('Ctrl Pts',(12.3593247111984,-0.55,1.55884572681199));
#13673=CARTESIAN_POINT('Ctrl Pts',(12.3004913778651,-0.549999999999999,
0.));
#13674=CARTESIAN_POINT('Ctrl Pts',(12.2416580445317,-0.549999999999999,
-1.55884572681199));
#13675=CARTESIAN_POINT('Ctrl Pts',(12.1828247111984,-1.9,-2.33826859021798));
#13676=CARTESIAN_POINT('Ctrl Pts',(12.1239913778651,-3.25,-3.11769145362398));
#13677=CARTESIAN_POINT('Ctrl Pts',(12.0651580445317,-4.6,-2.33826859021798));
#13678=CARTESIAN_POINT('Ctrl Pts',(12.0063247111984,-5.95,-1.55884572681199));
#13679=CARTESIAN_POINT('Ctrl Pts',(11.9474913778651,-5.95,-3.30654635769785E-16));
#13680=CARTESIAN_POINT('Ctrl Pts',(11.8886580445317,-5.95,1.55884572681199));
#13681=CARTESIAN_POINT('Ctrl Pts',(11.8298247111984,-4.6,2.33826859021798));
#13682=CARTESIAN_POINT('Ctrl Pts',(11.7709913778651,-3.25,3.11769145362398));
#13683=CARTESIAN_POINT('Ctrl Pts',(11.7121580445317,-1.9,2.33826859021799));
#13684=CARTESIAN_POINT('Ctrl Pts',(11.6533247111984,-0.55,1.55884572681199));
#13685=CARTESIAN_POINT('Ctrl Pts',(11.5944913778651,-0.549999999999999,
0.));
#13686=CARTESIAN_POINT('Ctrl Pts',(11.5356580445317,-0.549999999999999,
-1.55884572681199));
#13687=CARTESIAN_POINT('Ctrl Pts',(11.4768247111984,-1.9,-2.33826859021798));
#13688=CARTESIAN_POINT('Ctrl Pts',(11.4179913778651,-3.25,-3.11769145362398));
#13689=CARTESIAN_POINT('Ctrl Pts',(11.3591580445317,-4.6,-2.33826859021798));
#13690=CARTESIAN_POINT('Ctrl Pts',(11.3003247111984,-5.95,-1.55884572681199));
#13691=CARTESIAN_POINT('Ctrl Pts',(11.2414913778651,-5.95,-3.30654635769785E-16));
#13692=CARTESIAN_POINT('Ctrl Pts',(11.1826580445317,-5.95,1.55884572681199));
#13693=CARTESIAN_POINT('Ctrl Pts',(11.1238247111984,-4.6,2.33826859021798));
#13694=CARTESIAN_POINT('Ctrl Pts',(11.0649913778651,-3.25,3.11769145362398));
#13695=CARTESIAN_POINT('Ctrl Pts',(11.0061580445317,-1.9,2.33826859021799));
#13696=CARTESIAN_POINT('Ctrl Pts',(10.9473247111984,-0.55,1.55884572681199));
#13697=CARTESIAN_POINT('Ctrl Pts',(10.8884913778651,-0.549999999999999,
0.));
#13698=CARTESIAN_POINT('Ctrl Pts',(10.8296580445317,-0.549999999999999,
-1.55884572681199));
#13699=CARTESIAN_POINT('Ctrl Pts',(10.7708247111984,-1.9,-2.33826859021798));
#13700=CARTESIAN_POINT('Ctrl Pts',(10.7119913778651,-3.25,-3.11769145362398));
#13701=CARTESIAN_POINT('Ctrl Pts',(10.6531580445317,-4.6,-2.33826859021798));
#13702=CARTESIAN_POINT('Ctrl Pts',(10.5943247111984,-5.95,-1.55884572681199));
#13703=CARTESIAN_POINT('Ctrl Pts',(10.5354913778651,-5.95,-3.30654635769785E-16));
#13704=CARTESIAN_POINT('Ctrl Pts',(10.4766580445317,-5.95,1.55884572681199));
#13705=CARTESIAN_POINT('Ctrl Pts',(10.4178247111984,-4.6,2.33826859021798));
#13706=CARTESIAN_POINT('Ctrl Pts',(10.3589913778651,-3.25,3.11769145362398));
#13707=CARTESIAN_POINT('Ctrl Pts',(10.3001580445317,-1.9,2.33826859021799));
#13708=CARTESIAN_POINT('Ctrl Pts',(10.2413247111984,-0.55,1.55884572681199));
#13709=CARTESIAN_POINT('Ctrl Pts',(10.1824913778651,-0.549999999999999,
0.));
#13710=CARTESIAN_POINT('Ctrl Pts',(10.1236580445317,-0.549999999999999,
-1.55884572681199));
#13711=CARTESIAN_POINT('Ctrl Pts',(10.0648247111984,-1.9,-2.33826859021798));
#13712=CARTESIAN_POINT('Ctrl Pts',(10.0059913778651,-3.25,-3.11769145362398));
#13713=CARTESIAN_POINT('Ctrl Pts',(9.94715804453174,-4.6,-2.33826859021798));
#13714=CARTESIAN_POINT('Ctrl Pts',(9.8883247111984,-5.95,-1.55884572681199));
#13715=CARTESIAN_POINT('Ctrl Pts',(9.82949137786507,-5.95,-3.30654635769785E-16));
#13716=CARTESIAN_POINT('Ctrl Pts',(9.77065804453174,-5.95,1.55884572681199));
#13717=CARTESIAN_POINT('Ctrl Pts',(9.71182471119841,-4.6,2.33826859021798));
#13718=CARTESIAN_POINT('Ctrl Pts',(9.65299137786507,-3.25,3.11769145362398));
#13719=CARTESIAN_POINT('Ctrl Pts',(9.59415804453174,-1.9,2.33826859021799));
#13720=CARTESIAN_POINT('Ctrl Pts',(9.53532471119841,-0.55,1.55884572681199));
#13721=CARTESIAN_POINT('Ctrl Pts',(9.47649137786507,-0.549999999999999,
0.));
#13722=CARTESIAN_POINT('Ctrl Pts',(9.41765804453174,-0.549999999999999,
-1.55884572681199));
#13723=CARTESIAN_POINT('Ctrl Pts',(9.3588247111984,-1.9,-2.33826859021798));
#13724=CARTESIAN_POINT('Ctrl Pts',(9.29999137786507,-3.25,-3.11769145362398));
#13725=CARTESIAN_POINT('Ctrl Pts',(9.24115804453174,-4.6,-2.33826859021798));
#13726=CARTESIAN_POINT('Ctrl Pts',(9.1823247111984,-5.95,-1.55884572681199));
#13727=CARTESIAN_POINT('Ctrl Pts',(9.12349137786507,-5.95,-3.30654635769785E-16));
#13728=CARTESIAN_POINT('Ctrl Pts',(9.06465804453174,-5.95,1.55884572681199));
#13729=CARTESIAN_POINT('Ctrl Pts',(9.00582471119841,-4.6,2.33826859021798));
#13730=CARTESIAN_POINT('Ctrl Pts',(8.94699137786507,-3.25,3.11769145362398));
#13731=CARTESIAN_POINT('Ctrl Pts',(8.88815804453174,-1.9,2.33826859021799));
#13732=CARTESIAN_POINT('Ctrl Pts',(8.8293247111984,-0.55,1.55884572681199));
#13733=CARTESIAN_POINT('Ctrl Pts',(8.77049137786507,-0.549999999999999,
0.));
#13734=CARTESIAN_POINT('Ctrl Pts',(8.71165804453174,-0.549999999999999,
-1.55884572681199));
#13735=CARTESIAN_POINT('Ctrl Pts',(8.65282471119841,-1.9,-2.33826859021798));
#13736=CARTESIAN_POINT('Ctrl Pts',(8.59399137786507,-3.25,-3.11769145362398));
#13737=CARTESIAN_POINT('Ctrl Pts',(8.53515804453174,-4.6,-2.33826859021798));
#13738=CARTESIAN_POINT('Ctrl Pts',(8.47632471119841,-5.95,-1.55884572681199));
#13739=CARTESIAN_POINT('Ctrl Pts',(8.41749137786507,-5.95,-3.30654635769785E-16));
#13740=CARTESIAN_POINT('Ctrl Pts',(8.35865804453174,-5.95,1.55884572681199));
#13741=CARTESIAN_POINT('Ctrl Pts',(8.29982471119841,-4.6,2.33826859021798));
#13742=CARTESIAN_POINT('Ctrl Pts',(8.24099137786507,-3.25,3.11769145362398));
#13743=CARTESIAN_POINT('Ctrl Pts',(8.18215804453174,-1.9,2.33826859021799));
#13744=CARTESIAN_POINT('Ctrl Pts',(8.12332471119841,-0.55,1.55884572681199));
#13745=CARTESIAN_POINT('Ctrl Pts',(8.06449137786507,-0.549999999999999,
0.));
#13746=CARTESIAN_POINT('Ctrl Pts',(13.9867327557301,-0.0749999999999987,
0.));
#13747=CARTESIAN_POINT('Ctrl Pts',(13.9278994223968,-0.0749999999999987,
-1.83308710467706));
#13748=CARTESIAN_POINT('Ctrl Pts',(13.8690660890635,-1.6625,-2.74963065701559));
#13749=CARTESIAN_POINT('Ctrl Pts',(13.8102327557301,-3.25,-3.66617420935412));
#13750=CARTESIAN_POINT('Ctrl Pts',(13.7513994223968,-4.8375,-2.74963065701559));
#13751=CARTESIAN_POINT('Ctrl Pts',(13.6925660890635,-6.425,-1.83308710467706));
#13752=CARTESIAN_POINT('Ctrl Pts',(13.6337327557301,-6.425,-3.88825358729285E-16));
#13753=CARTESIAN_POINT('Ctrl Pts',(13.5748994223968,-6.425,1.83308710467706));
#13754=CARTESIAN_POINT('Ctrl Pts',(13.5160660890635,-4.8375,2.74963065701559));
#13755=CARTESIAN_POINT('Ctrl Pts',(13.4572327557301,-3.25,3.66617420935412));
#13756=CARTESIAN_POINT('Ctrl Pts',(13.3983994223968,-1.6625,2.74963065701559));
#13757=CARTESIAN_POINT('Ctrl Pts',(13.3395660890635,-0.0749999999999996,
1.83308710467706));
#13758=CARTESIAN_POINT('Ctrl Pts',(13.2807327557301,-0.0749999999999987,
0.));
#13759=CARTESIAN_POINT('Ctrl Pts',(13.2218994223968,-0.0749999999999987,
-1.83308710467706));
#13760=CARTESIAN_POINT('Ctrl Pts',(13.1630660890635,-1.6625,-2.74963065701559));
#13761=CARTESIAN_POINT('Ctrl Pts',(13.1042327557301,-3.25,-3.66617420935412));
#13762=CARTESIAN_POINT('Ctrl Pts',(13.0453994223968,-4.8375,-2.74963065701559));
#13763=CARTESIAN_POINT('Ctrl Pts',(12.9865660890635,-6.425,-1.83308710467706));
#13764=CARTESIAN_POINT('Ctrl Pts',(12.9277327557301,-6.425,-3.88825358729285E-16));
#13765=CARTESIAN_POINT('Ctrl Pts',(12.8688994223968,-6.425,1.83308710467706));
#13766=CARTESIAN_POINT('Ctrl Pts',(12.8100660890635,-4.8375,2.74963065701559));
#13767=CARTESIAN_POINT('Ctrl Pts',(12.7512327557301,-3.25,3.66617420935412));
#13768=CARTESIAN_POINT('Ctrl Pts',(12.6923994223968,-1.6625,2.74963065701559));
#13769=CARTESIAN_POINT('Ctrl Pts',(12.6335660890635,-0.0749999999999996,
1.83308710467706));
#13770=CARTESIAN_POINT('Ctrl Pts',(12.5747327557301,-0.0749999999999987,
0.));
#13771=CARTESIAN_POINT('Ctrl Pts',(12.5158994223968,-0.0749999999999987,
-1.83308710467706));
#13772=CARTESIAN_POINT('Ctrl Pts',(12.4570660890635,-1.6625,-2.74963065701559));
#13773=CARTESIAN_POINT('Ctrl Pts',(12.3982327557301,-3.25,-3.66617420935412));
#13774=CARTESIAN_POINT('Ctrl Pts',(12.3393994223968,-4.8375,-2.74963065701559));
#13775=CARTESIAN_POINT('Ctrl Pts',(12.2805660890635,-6.425,-1.83308710467706));
#13776=CARTESIAN_POINT('Ctrl Pts',(12.2217327557301,-6.425,-3.88825358729285E-16));
#13777=CARTESIAN_POINT('Ctrl Pts',(12.1628994223968,-6.425,1.83308710467706));
#13778=CARTESIAN_POINT('Ctrl Pts',(12.1040660890635,-4.8375,2.74963065701559));
#13779=CARTESIAN_POINT('Ctrl Pts',(12.0452327557301,-3.25,3.66617420935412));
#13780=CARTESIAN_POINT('Ctrl Pts',(11.9863994223968,-1.6625,2.74963065701559));
#13781=CARTESIAN_POINT('Ctrl Pts',(11.9275660890635,-0.0749999999999996,
1.83308710467706));
#13782=CARTESIAN_POINT('Ctrl Pts',(11.8687327557301,-0.0749999999999987,
0.));
#13783=CARTESIAN_POINT('Ctrl Pts',(11.8098994223968,-0.0749999999999987,
-1.83308710467706));
#13784=CARTESIAN_POINT('Ctrl Pts',(11.7510660890635,-1.6625,-2.74963065701559));
#13785=CARTESIAN_POINT('Ctrl Pts',(11.6922327557301,-3.25,-3.66617420935412));
#13786=CARTESIAN_POINT('Ctrl Pts',(11.6333994223968,-4.8375,-2.74963065701559));
#13787=CARTESIAN_POINT('Ctrl Pts',(11.5745660890635,-6.425,-1.83308710467706));
#13788=CARTESIAN_POINT('Ctrl Pts',(11.5157327557301,-6.425,-3.88825358729285E-16));
#13789=CARTESIAN_POINT('Ctrl Pts',(11.4568994223968,-6.425,1.83308710467706));
#13790=CARTESIAN_POINT('Ctrl Pts',(11.3980660890635,-4.8375,2.74963065701559));
#13791=CARTESIAN_POINT('Ctrl Pts',(11.3392327557301,-3.25,3.66617420935412));
#13792=CARTESIAN_POINT('Ctrl Pts',(11.2803994223968,-1.6625,2.74963065701559));
#13793=CARTESIAN_POINT('Ctrl Pts',(11.2215660890635,-0.0749999999999996,
1.83308710467706));
#13794=CARTESIAN_POINT('Ctrl Pts',(11.1627327557301,-0.0749999999999987,
0.));
#13795=CARTESIAN_POINT('Ctrl Pts',(11.1038994223968,-0.0749999999999987,
-1.83308710467706));
#13796=CARTESIAN_POINT('Ctrl Pts',(11.0450660890635,-1.6625,-2.74963065701559));
#13797=CARTESIAN_POINT('Ctrl Pts',(10.9862327557301,-3.25,-3.66617420935412));
#13798=CARTESIAN_POINT('Ctrl Pts',(10.9273994223968,-4.8375,-2.74963065701559));
#13799=CARTESIAN_POINT('Ctrl Pts',(10.8685660890635,-6.425,-1.83308710467706));
#13800=CARTESIAN_POINT('Ctrl Pts',(10.8097327557301,-6.425,-3.88825358729285E-16));
#13801=CARTESIAN_POINT('Ctrl Pts',(10.7508994223968,-6.425,1.83308710467706));
#13802=CARTESIAN_POINT('Ctrl Pts',(10.6920660890635,-4.8375,2.74963065701559));
#13803=CARTESIAN_POINT('Ctrl Pts',(10.6332327557301,-3.25,3.66617420935412));
#13804=CARTESIAN_POINT('Ctrl Pts',(10.5743994223968,-1.6625,2.74963065701559));
#13805=CARTESIAN_POINT('Ctrl Pts',(10.5155660890635,-0.0749999999999996,
1.83308710467706));
#13806=CARTESIAN_POINT('Ctrl Pts',(10.4567327557301,-0.0749999999999987,
0.));
#13807=CARTESIAN_POINT('Ctrl Pts',(10.3978994223968,-0.0749999999999987,
-1.83308710467706));
#13808=CARTESIAN_POINT('Ctrl Pts',(10.3390660890635,-1.6625,-2.74963065701559));
#13809=CARTESIAN_POINT('Ctrl Pts',(10.2802327557301,-3.25,-3.66617420935412));
#13810=CARTESIAN_POINT('Ctrl Pts',(10.2213994223968,-4.8375,-2.74963065701559));
#13811=CARTESIAN_POINT('Ctrl Pts',(10.1625660890635,-6.425,-1.83308710467706));
#13812=CARTESIAN_POINT('Ctrl Pts',(10.1037327557301,-6.425,-3.88825358729285E-16));
#13813=CARTESIAN_POINT('Ctrl Pts',(10.0448994223968,-6.425,1.83308710467706));
#13814=CARTESIAN_POINT('Ctrl Pts',(9.98606608906348,-4.8375,2.74963065701559));
#13815=CARTESIAN_POINT('Ctrl Pts',(9.92723275573014,-3.25,3.66617420935412));
#13816=CARTESIAN_POINT('Ctrl Pts',(9.86839942239681,-1.6625,2.74963065701559));
#13817=CARTESIAN_POINT('Ctrl Pts',(9.80956608906348,-0.0749999999999996,
1.83308710467706));
#13818=CARTESIAN_POINT('Ctrl Pts',(9.75073275573014,-0.0749999999999987,
0.));
#13819=CARTESIAN_POINT('Ctrl Pts',(9.69189942239681,-0.0749999999999987,
-1.83308710467706));
#13820=CARTESIAN_POINT('Ctrl Pts',(9.63306608906347,-1.6625,-2.74963065701559));
#13821=CARTESIAN_POINT('Ctrl Pts',(9.57423275573014,-3.25,-3.66617420935412));
#13822=CARTESIAN_POINT('Ctrl Pts',(9.51539942239681,-4.8375,-2.74963065701559));
#13823=CARTESIAN_POINT('Ctrl Pts',(9.45656608906348,-6.425,-1.83308710467706));
#13824=CARTESIAN_POINT('Ctrl Pts',(9.39773275573014,-6.425,-3.88825358729285E-16));
#13825=CARTESIAN_POINT('Ctrl Pts',(9.33889942239681,-6.425,1.83308710467706));
#13826=CARTESIAN_POINT('Ctrl Pts',(9.28006608906347,-4.8375,2.74963065701559));
#13827=CARTESIAN_POINT('Ctrl Pts',(9.22123275573014,-3.25,3.66617420935412));
#13828=CARTESIAN_POINT('Ctrl Pts',(9.16239942239681,-1.6625,2.74963065701559));
#13829=CARTESIAN_POINT('Ctrl Pts',(9.10356608906348,-0.0749999999999996,
1.83308710467706));
#13830=CARTESIAN_POINT('Ctrl Pts',(9.04473275573014,-0.0749999999999987,
0.));
#13831=CARTESIAN_POINT('Ctrl Pts',(8.98589942239681,-0.0749999999999987,
-1.83308710467706));
#13832=CARTESIAN_POINT('Ctrl Pts',(8.92706608906348,-1.6625,-2.74963065701559));
#13833=CARTESIAN_POINT('Ctrl Pts',(8.86823275573014,-3.25,-3.66617420935412));
#13834=CARTESIAN_POINT('Ctrl Pts',(8.80939942239681,-4.8375,-2.74963065701559));
#13835=CARTESIAN_POINT('Ctrl Pts',(8.75056608906348,-6.425,-1.83308710467706));
#13836=CARTESIAN_POINT('Ctrl Pts',(8.69173275573014,-6.425,-3.88825358729285E-16));
#13837=CARTESIAN_POINT('Ctrl Pts',(8.63289942239681,-6.425,1.83308710467706));
#13838=CARTESIAN_POINT('Ctrl Pts',(8.57406608906348,-4.8375,2.74963065701559));
#13839=CARTESIAN_POINT('Ctrl Pts',(8.51523275573014,-3.25,3.66617420935412));
#13840=CARTESIAN_POINT('Ctrl Pts',(8.45639942239681,-1.6625,2.74963065701559));
#13841=CARTESIAN_POINT('Ctrl Pts',(8.39756608906348,-0.0749999999999996,
1.83308710467706));
#13842=CARTESIAN_POINT('Ctrl Pts',(8.33873275573014,-0.0749999999999987,
0.));
#13843=CARTESIAN_POINT('',(12.3137586221349,-0.571388928046894,0.339179488192075));
#13844=CARTESIAN_POINT('Origin',(13.35,1.31106712659805,1.44146210608126E-15));
#13845=CARTESIAN_POINT('Origin',(-0.283333333333327,-3.25,0.));
#13846=CARTESIAN_POINT('',(-3.25,-1.73472347597681E-15,-0.572276157112997));
#13847=CARTESIAN_POINT('',(-3.25,-2.67772384288702,-3.25));
#13848=CARTESIAN_POINT('Origin',(-3.25,-3.25,0.));
#13849=CARTESIAN_POINT('Ctrl Pts',(-3.25,0.,-0.572276157112986));
#13850=CARTESIAN_POINT('Ctrl Pts',(-3.25,3.34230560165749E-19,-1.03173653799899));
#13851=CARTESIAN_POINT('Ctrl Pts',(-3.24977976314119,9.1848542895209E-18,
-1.53770965449552));
#13852=CARTESIAN_POINT('Ctrl Pts',(-3.18379298990879,9.1848542895209E-18,
-2.21660842855291));
#13853=CARTESIAN_POINT('Ctrl Pts',(-3.15951211280287,-2.51659287414435E-17,
-2.39721025899293));
#13854=CARTESIAN_POINT('Ctrl Pts',(-3.12687619283063,-1.55564681511597E-17,
-2.57393575574629));
#13855=CARTESIAN_POINT('',(-2.95185202804282,-1.13926173523922E-15,-3.25));
#13856=CARTESIAN_POINT('Ctrl Pts',(-2.95185202804281,-1.17043341536885E-15,
-3.25));
#13857=CARTESIAN_POINT('Ctrl Pts',(-3.02555942938033,-1.20138214547924E-15,
-3.03540168162752));
#13858=CARTESIAN_POINT('Ctrl Pts',(-3.08363995925303,-1.16519990494358E-15,
-2.80806259706848));
#13859=CARTESIAN_POINT('Ctrl Pts',(-3.12687619283063,-1.14132646245885E-15,
-2.57393575574629));
#13860=CARTESIAN_POINT('Ctrl Pts',(-2.95185202804281,-1.04083408558608E-15,
-3.25));
#13861=CARTESIAN_POINT('Ctrl Pts',(-3.08120369965341,-0.376606021954209,
-3.25));
#13862=CARTESIAN_POINT('Ctrl Pts',(-3.16039393142353,-0.792652536310527,
-3.25));
#13863=CARTESIAN_POINT('Ctrl Pts',(-3.24977976314119,-1.71229034550449,
-3.25));
#13864=CARTESIAN_POINT('Ctrl Pts',(-3.25,-2.21826346200101,-3.25));
#13865=CARTESIAN_POINT('Ctrl Pts',(-3.25,-2.67772384288702,-3.25));
#13866=CARTESIAN_POINT('Origin',(-0.283333333333327,-3.25,0.));
#13867=CARTESIAN_POINT('',(-2.95185202804282,-1.10164426171421E-16,3.25));
#13868=CARTESIAN_POINT('Ctrl Pts',(-3.12687619283064,-1.150771255513E-15,
2.57393575574624));
#13869=CARTESIAN_POINT('Ctrl Pts',(-3.08364606617775,-1.18163802005464E-15,
2.80802952769877));
#13870=CARTESIAN_POINT('Ctrl Pts',(-3.02557650080144,-1.1682165676384E-15,
3.03535197836576));
#13871=CARTESIAN_POINT('Ctrl Pts',(-2.95185202804281,-1.16461423116171E-15,
3.25));
#13872=CARTESIAN_POINT('',(-3.25,-1.73472347597681E-15,0.572276157112997));
#13873=CARTESIAN_POINT('Ctrl Pts',(-3.12687619283064,-1.26754303500565E-17,
2.57393575574624));
#13874=CARTESIAN_POINT('Ctrl Pts',(-3.15951211280288,3.92044750504859E-18,
2.3972102589929));
#13875=CARTESIAN_POINT('Ctrl Pts',(-3.18379298990879,9.18485222156937E-18,
2.21660842855289));
#13876=CARTESIAN_POINT('Ctrl Pts',(-3.24977976314119,9.18485222156937E-18,
1.53770965449552));
#13877=CARTESIAN_POINT('Ctrl Pts',(-3.25,0.,1.03173653799899));
#13878=CARTESIAN_POINT('Ctrl Pts',(-3.25,0.,0.572276157112986));
#13879=CARTESIAN_POINT('',(-3.25,-2.67772384288702,3.25));
#13880=CARTESIAN_POINT('Origin',(-3.25,-3.25,0.));
#13881=CARTESIAN_POINT('Ctrl Pts',(-2.95185202804281,6.93889390390723E-17,
3.25));
#13882=CARTESIAN_POINT('Ctrl Pts',(-3.08120369965341,-0.376606021954209,
3.25));
#13883=CARTESIAN_POINT('Ctrl Pts',(-3.16039393142353,-0.792652536310526,
3.25));
#13884=CARTESIAN_POINT('Ctrl Pts',(-3.24977976314119,-1.71229034550449,
3.25));
#13885=CARTESIAN_POINT('Ctrl Pts',(-3.25,-2.21826346200101,3.25));
#13886=CARTESIAN_POINT('Ctrl Pts',(-3.25,-2.67772384288702,3.25));
#13887=CARTESIAN_POINT('Origin',(-3.25,-1.19403062916867E-15,3.25));
#13888=CARTESIAN_POINT('',(-3.25,-6.5,0.572276157112987));
#13889=CARTESIAN_POINT('',(-3.25,-3.82227615711298,3.25));
#13890=CARTESIAN_POINT('Origin',(-3.25,-3.25,0.));
#13891=CARTESIAN_POINT('',(-3.25,-1.19403062916867E-15,3.25));
#13892=CARTESIAN_POINT('',(-3.25,-1.19403062916867E-15,3.25));
#13893=CARTESIAN_POINT('',(-3.25,-3.82227615711298,-3.25));
#13894=CARTESIAN_POINT('',(-3.25,-1.19403062916867E-15,-3.25));
#13895=CARTESIAN_POINT('',(-3.25,-6.5,-0.572276157112987));
#13896=CARTESIAN_POINT('Origin',(-3.25,-3.25,0.));
#13897=CARTESIAN_POINT('',(-3.25,-6.5,3.25));
#13898=CARTESIAN_POINT('Origin',(4.05,9.18485099360515E-18,0.));
#13899=CARTESIAN_POINT('',(-3.25,-1.19403062916867E-15,-3.25));
#13900=CARTESIAN_POINT('Origin',(4.05,9.18485099360515E-18,0.));
#13901=CARTESIAN_POINT('Origin',(4.05,9.18485099360515E-18,0.));
#13902=CARTESIAN_POINT('',(3.25,0.,3.25));
#13903=CARTESIAN_POINT('Origin',(4.05,9.18485099360515E-18,0.));
#13904=CARTESIAN_POINT('',(-3.25,-1.19403062916867E-15,3.25));
#13905=CARTESIAN_POINT('Origin',(4.05,1.3,0.));
#13906=CARTESIAN_POINT('Origin',(3.55,3.6,0.));
#13907=CARTESIAN_POINT('Origin',(4.05,6.8,0.));
#13908=CARTESIAN_POINT('Origin',(-3.25,-1.19403062916867E-15,3.25));
#13909=CARTESIAN_POINT('',(3.25,0.,-3.25));
#13910=CARTESIAN_POINT('',(-3.25,-1.19403062916867E-15,-3.25));
#13911=CARTESIAN_POINT('',(3.25,0.,3.25));
#13912=CARTESIAN_POINT('Origin',(-3.25,-1.19403062916867E-15,3.25));
#13913=CARTESIAN_POINT('',(3.25,0.,3.25));
#13914=CARTESIAN_POINT('',(3.25,0.,3.25));
#13915=CARTESIAN_POINT('',(-3.25,-1.19403062916867E-15,3.25));
#13916=CARTESIAN_POINT('Origin',(-3.25,-1.19403062916867E-15,3.25));
#13917=CARTESIAN_POINT('',(-3.25,-1.19403062916867E-15,3.25));
#13918=CARTESIAN_POINT('Origin',(-3.25,-1.19403062916867E-15,3.25));
#13919=CARTESIAN_POINT('',(-3.25,-1.19403062916867E-15,-3.25));
#13920=CARTESIAN_POINT('Origin',(-3.25,-6.5,3.25));
#13921=CARTESIAN_POINT('',(-2.95185202804281,-6.5,-3.25));
#13922=CARTESIAN_POINT('Ctrl Pts',(-3.25,-6.5,-0.572276157112986));
#13923=CARTESIAN_POINT('Ctrl Pts',(-3.25,-6.5,-1.03173653799899));
#13924=CARTESIAN_POINT('Ctrl Pts',(-3.24977976314119,-6.5,-1.53770965449552));
#13925=CARTESIAN_POINT('Ctrl Pts',(-3.16039393142353,-6.5,-2.45734746368948));
#13926=CARTESIAN_POINT('Ctrl Pts',(-3.08120369965341,-6.5,-2.87339397804579));
#13927=CARTESIAN_POINT('Ctrl Pts',(-2.95185202804281,-6.5,-3.25));
#13928=CARTESIAN_POINT('',(3.25,-6.5,-3.25));
#13929=CARTESIAN_POINT('',(-3.25,-6.5,-3.25));
#13930=CARTESIAN_POINT('',(3.25,-6.5,3.25));
#13931=CARTESIAN_POINT('',(3.25,-6.5,3.25));
#13932=CARTESIAN_POINT('',(-2.95185202804281,-6.5,3.25));
#13933=CARTESIAN_POINT('',(-3.25,-6.5,3.25));
#13934=CARTESIAN_POINT('Ctrl Pts',(-2.95185202804281,-6.5,3.25));
#13935=CARTESIAN_POINT('Ctrl Pts',(-3.08120369965341,-6.5,2.87339397804579));
#13936=CARTESIAN_POINT('Ctrl Pts',(-3.16039393142353,-6.5,2.45734746368947));
#13937=CARTESIAN_POINT('Ctrl Pts',(-3.24977976314119,-6.5,1.53770965449552));
#13938=CARTESIAN_POINT('Ctrl Pts',(-3.25,-6.5,1.03173653799899));
#13939=CARTESIAN_POINT('Ctrl Pts',(-3.25,-6.5,0.572276157112986));
#13940=CARTESIAN_POINT('Origin',(3.25,0.,3.25));
#13941=CARTESIAN_POINT('',(3.25,0.,-3.25));
#13942=CARTESIAN_POINT('',(3.25,0.,3.25));
#13943=CARTESIAN_POINT('Origin',(3.25,1.92592994438724E-31,3.25));
#13944=CARTESIAN_POINT('Ctrl Pts',(-3.25,-3.82227615711298,3.25));
#13945=CARTESIAN_POINT('Ctrl Pts',(-3.25,-4.28173653799899,3.25));
#13946=CARTESIAN_POINT('Ctrl Pts',(-3.24977976314119,-4.78770965449551,
3.25));
#13947=CARTESIAN_POINT('Ctrl Pts',(-3.16039393142353,-5.70734746368947,
3.25));
#13948=CARTESIAN_POINT('Ctrl Pts',(-3.08120369965341,-6.12339397804579,
3.25));
#13949=CARTESIAN_POINT('Ctrl Pts',(-2.95185202804281,-6.5,3.25));
#13950=CARTESIAN_POINT('Origin',(3.25,1.92592994438724E-31,-3.25));
#13951=CARTESIAN_POINT('Ctrl Pts',(-3.25,-3.82227615711298,-3.25));
#13952=CARTESIAN_POINT('Ctrl Pts',(-3.25,-4.28173653799899,-3.25));
#13953=CARTESIAN_POINT('Ctrl Pts',(-3.24977976314119,-4.78770965449551,
-3.25));
#13954=CARTESIAN_POINT('Ctrl Pts',(-3.16039393142353,-5.70734746368947,
-3.25));
#13955=CARTESIAN_POINT('Ctrl Pts',(-3.08120369965341,-6.12339397804579,
-3.25));
#13956=CARTESIAN_POINT('Ctrl Pts',(-2.95185202804281,-6.5,-3.25));
#13957=CARTESIAN_POINT('Origin',(-0.283333333333327,-3.25,0.));
#13958=CARTESIAN_POINT('Origin',(-0.283333333333327,-3.25,0.));
#13959=CARTESIAN_POINT('Origin',(-3.15,-3.25,0.));
#13960=CARTESIAN_POINT('Origin',(4.85,1.31106712659805,1.44146210608126E-15));
#13961=CARTESIAN_POINT('Origin',(10.65,-5.53053356329902,-3.95));
#13962=CARTESIAN_POINT('',(10.65,-0.969466436700978,-3.95));
#13963=CARTESIAN_POINT('',(10.65,-5.53053356329902,-3.95));
#13964=CARTESIAN_POINT('Origin',(10.65,-7.81106712659804,1.31283529576318E-15));
#13965=CARTESIAN_POINT('',(10.65,-7.81106712659804,1.31283529576318E-15));
#13966=CARTESIAN_POINT('Origin',(10.65,-5.53053356329902,3.95));
#13967=CARTESIAN_POINT('',(10.65,-5.53053356329902,3.95));
#13968=CARTESIAN_POINT('Origin',(10.65,-0.969466436700975,3.95));
#13969=CARTESIAN_POINT('',(10.65,-0.969466436700975,3.95));
#13970=CARTESIAN_POINT('Origin',(10.65,1.31106712659805,1.31283529576318E-15));
#13971=CARTESIAN_POINT('',(10.65,1.31106712659805,1.31283529576318E-15));
#13972=CARTESIAN_POINT('Origin',(10.65,-0.969466436700978,-3.95));
#13973=CARTESIAN_POINT('Origin',(10.65,1.31106712659805,1.44146210608126E-15));
#13974=CARTESIAN_POINT('Origin',(7.35,-0.0749999999999998,0.));
#13975=CARTESIAN_POINT('Origin',(9.921,-1.25,0.));
#13976=CARTESIAN_POINT('Origin',(9.931,-0.954999999999999,0.));
#13977=CARTESIAN_POINT('Origin',(12.588,-3.25,0.));
#13978=CARTESIAN_POINT('',(49.0199816641765,1.68311906717044,10.3117890991981));
#13979=CARTESIAN_POINT('',(0.,0.,0.));
#13980=CARTESIAN_POINT('',(35.8854018403696,-3.44556970542348,6.72695077838122));
#13981=UNCERTAINTY_MEASURE_WITH_UNIT(LENGTH_MEASURE(0.01),#14009,
'DISTANCE_ACCURACY_VALUE',
'Maximum model space distance between geometric entities at asserted c
onnectivities');
#13982=UNCERTAINTY_MEASURE_WITH_UNIT(LENGTH_MEASURE(0.01),#14009,
'DISTANCE_ACCURACY_VALUE',
'Maximum model space distance between geometric entities at asserted c
onnectivities');
#13983=UNCERTAINTY_MEASURE_WITH_UNIT(LENGTH_MEASURE(0.01),#14009,
'DISTANCE_ACCURACY_VALUE',
'Maximum model space distance between geometric entities at asserted c
onnectivities');
#13984=UNCERTAINTY_MEASURE_WITH_UNIT(LENGTH_MEASURE(0.01),#14009,
'DISTANCE_ACCURACY_VALUE',
'Maximum model space distance between geometric entities at asserted c
onnectivities');
#13985=UNCERTAINTY_MEASURE_WITH_UNIT(LENGTH_MEASURE(0.01),#14009,
'DISTANCE_ACCURACY_VALUE',
'Maximum model space distance between geometric entities at asserted c
onnectivities');
#13986=UNCERTAINTY_MEASURE_WITH_UNIT(LENGTH_MEASURE(0.01),#14009,
'DISTANCE_ACCURACY_VALUE',
'Maximum model space distance between geometric entities at asserted c
onnectivities');
#13987=UNCERTAINTY_MEASURE_WITH_UNIT(LENGTH_MEASURE(0.01),#14009,
'DISTANCE_ACCURACY_VALUE',
'Maximum model space distance between geometric entities at asserted c
onnectivities');
#13988=UNCERTAINTY_MEASURE_WITH_UNIT(LENGTH_MEASURE(0.01),#14009,
'DISTANCE_ACCURACY_VALUE',
'Maximum model space distance between geometric entities at asserted c
onnectivities');
#13989=UNCERTAINTY_MEASURE_WITH_UNIT(LENGTH_MEASURE(0.01),#14009,
'DISTANCE_ACCURACY_VALUE',
'Maximum model space distance between geometric entities at asserted c
onnectivities');
#13990=UNCERTAINTY_MEASURE_WITH_UNIT(LENGTH_MEASURE(0.01),#14009,
'DISTANCE_ACCURACY_VALUE',
'Maximum model space distance between geometric entities at asserted c
onnectivities');
#13991=UNCERTAINTY_MEASURE_WITH_UNIT(LENGTH_MEASURE(0.01),#14009,
'DISTANCE_ACCURACY_VALUE',
'Maximum model space distance between geometric entities at asserted c
onnectivities');
#13992=UNCERTAINTY_MEASURE_WITH_UNIT(LENGTH_MEASURE(0.01),#14009,
'DISTANCE_ACCURACY_VALUE',
'Maximum model space distance between geometric entities at asserted c
onnectivities');
#13993=UNCERTAINTY_MEASURE_WITH_UNIT(LENGTH_MEASURE(0.01),#14009,
'DISTANCE_ACCURACY_VALUE',
'Maximum model space distance between geometric entities at asserted c
onnectivities');
#13994=UNCERTAINTY_MEASURE_WITH_UNIT(LENGTH_MEASURE(0.01),#14009,
'DISTANCE_ACCURACY_VALUE',
'Maximum model space distance between geometric entities at asserted c
onnectivities');
#13995=(
GEOMETRIC_REPRESENTATION_CONTEXT(3)
GLOBAL_UNCERTAINTY_ASSIGNED_CONTEXT((#13981))
GLOBAL_UNIT_ASSIGNED_CONTEXT((#14009,#14011,#14012))
REPRESENTATION_CONTEXT('','3D')
);
#13996=(
GEOMETRIC_REPRESENTATION_CONTEXT(3)
GLOBAL_UNCERTAINTY_ASSIGNED_CONTEXT((#13982))
GLOBAL_UNIT_ASSIGNED_CONTEXT((#14009,#14011,#14012))
REPRESENTATION_CONTEXT('','3D')
);
#13997=(
GEOMETRIC_REPRESENTATION_CONTEXT(3)
GLOBAL_UNCERTAINTY_ASSIGNED_CONTEXT((#13983))
GLOBAL_UNIT_ASSIGNED_CONTEXT((#14009,#14011,#14012))
REPRESENTATION_CONTEXT('','3D')
);
#13998=(
GEOMETRIC_REPRESENTATION_CONTEXT(3)
GLOBAL_UNCERTAINTY_ASSIGNED_CONTEXT((#13984))
GLOBAL_UNIT_ASSIGNED_CONTEXT((#14009,#14011,#14012))
REPRESENTATION_CONTEXT('','3D')
);
#13999=(
GEOMETRIC_REPRESENTATION_CONTEXT(3)
GLOBAL_UNCERTAINTY_ASSIGNED_CONTEXT((#13985))
GLOBAL_UNIT_ASSIGNED_CONTEXT((#14009,#14011,#14012))
REPRESENTATION_CONTEXT('','3D')
);
#14000=(
GEOMETRIC_REPRESENTATION_CONTEXT(3)
GLOBAL_UNCERTAINTY_ASSIGNED_CONTEXT((#13986))
GLOBAL_UNIT_ASSIGNED_CONTEXT((#14009,#14011,#14012))
REPRESENTATION_CONTEXT('','3D')
);
#14001=(
GEOMETRIC_REPRESENTATION_CONTEXT(3)
GLOBAL_UNCERTAINTY_ASSIGNED_CONTEXT((#13987))
GLOBAL_UNIT_ASSIGNED_CONTEXT((#14009,#14011,#14012))
REPRESENTATION_CONTEXT('','3D')
);
#14002=(
GEOMETRIC_REPRESENTATION_CONTEXT(3)
GLOBAL_UNCERTAINTY_ASSIGNED_CONTEXT((#13988))
GLOBAL_UNIT_ASSIGNED_CONTEXT((#14009,#14011,#14012))
REPRESENTATION_CONTEXT('','3D')
);
#14003=(
GEOMETRIC_REPRESENTATION_CONTEXT(3)
GLOBAL_UNCERTAINTY_ASSIGNED_CONTEXT((#13989))
GLOBAL_UNIT_ASSIGNED_CONTEXT((#14009,#14011,#14012))
REPRESENTATION_CONTEXT('','3D')
);
#14004=(
GEOMETRIC_REPRESENTATION_CONTEXT(3)
GLOBAL_UNCERTAINTY_ASSIGNED_CONTEXT((#13990))
GLOBAL_UNIT_ASSIGNED_CONTEXT((#14009,#14011,#14012))
REPRESENTATION_CONTEXT('','3D')
);
#14005=(
GEOMETRIC_REPRESENTATION_CONTEXT(3)
GLOBAL_UNCERTAINTY_ASSIGNED_CONTEXT((#13991))
GLOBAL_UNIT_ASSIGNED_CONTEXT((#14009,#14011,#14012))
REPRESENTATION_CONTEXT('','3D')
);
#14006=(
GEOMETRIC_REPRESENTATION_CONTEXT(3)
GLOBAL_UNCERTAINTY_ASSIGNED_CONTEXT((#13992))
GLOBAL_UNIT_ASSIGNED_CONTEXT((#14009,#14011,#14012))
REPRESENTATION_CONTEXT('','3D')
);
#14007=(
GEOMETRIC_REPRESENTATION_CONTEXT(3)
GLOBAL_UNCERTAINTY_ASSIGNED_CONTEXT((#13993))
GLOBAL_UNIT_ASSIGNED_CONTEXT((#14009,#14011,#14012))
REPRESENTATION_CONTEXT('','3D')
);
#14008=(
GEOMETRIC_REPRESENTATION_CONTEXT(3)
GLOBAL_UNCERTAINTY_ASSIGNED_CONTEXT((#13994))
GLOBAL_UNIT_ASSIGNED_CONTEXT((#14009,#14011,#14012))
REPRESENTATION_CONTEXT('','3D')
);
#14009=(
LENGTH_UNIT()
NAMED_UNIT(*)
SI_UNIT(.MILLI.,.METRE.)
);
#14010=(
LENGTH_UNIT()
NAMED_UNIT(*)
SI_UNIT($,.METRE.)
);
#14011=(
NAMED_UNIT(*)
PLANE_ANGLE_UNIT()
SI_UNIT($,.RADIAN.)
);
#14012=(
NAMED_UNIT(*)
SI_UNIT($,.STERADIAN.)
SOLID_ANGLE_UNIT()
);
#14013=SHAPE_DEFINITION_REPRESENTATION(#14026,#14057);
#14014=SHAPE_DEFINITION_REPRESENTATION(#14027,#14058);
#14015=SHAPE_DEFINITION_REPRESENTATION(#14028,#14059);
#14016=SHAPE_DEFINITION_REPRESENTATION(#14029,#14060);
#14017=SHAPE_DEFINITION_REPRESENTATION(#14030,#14061);
#14018=SHAPE_DEFINITION_REPRESENTATION(#14031,#14062);
#14019=SHAPE_DEFINITION_REPRESENTATION(#14040,#14063);
#14020=SHAPE_DEFINITION_REPRESENTATION(#14041,#14064);
#14021=SHAPE_DEFINITION_REPRESENTATION(#14042,#14065);
#14022=SHAPE_DEFINITION_REPRESENTATION(#14045,#14066);
#14023=SHAPE_DEFINITION_REPRESENTATION(#14046,#14067);
#14024=SHAPE_DEFINITION_REPRESENTATION(#14052,#14068);
#14025=SHAPE_DEFINITION_REPRESENTATION(#14053,#14069);
#14026=PRODUCT_DEFINITION_SHAPE('',$,#14071);
#14027=PRODUCT_DEFINITION_SHAPE('',$,#14072);
#14028=PRODUCT_DEFINITION_SHAPE('',$,#14073);
#14029=PRODUCT_DEFINITION_SHAPE('',$,#14074);
#14030=PRODUCT_DEFINITION_SHAPE('',$,#14075);
#14031=PRODUCT_DEFINITION_SHAPE('',$,#14076);
#14032=PRODUCT_DEFINITION_SHAPE($,$,#364);
#14033=PRODUCT_DEFINITION_SHAPE($,$,#365);
#14034=PRODUCT_DEFINITION_SHAPE($,$,#366);
#14035=PRODUCT_DEFINITION_SHAPE($,$,#367);
#14036=PRODUCT_DEFINITION_SHAPE($,$,#368);
#14037=PRODUCT_DEFINITION_SHAPE($,$,#369);
#14038=PRODUCT_DEFINITION_SHAPE($,$,#370);
#14039=PRODUCT_DEFINITION_SHAPE($,$,#371);
#14040=PRODUCT_DEFINITION_SHAPE('',$,#14077);
#14041=PRODUCT_DEFINITION_SHAPE('',$,#14078);
#14042=PRODUCT_DEFINITION_SHAPE('',$,#14079);
#14043=PRODUCT_DEFINITION_SHAPE($,$,#372);
#14044=PRODUCT_DEFINITION_SHAPE($,$,#373);
#14045=PRODUCT_DEFINITION_SHAPE('',$,#14080);
#14046=PRODUCT_DEFINITION_SHAPE('',$,#14081);
#14047=PRODUCT_DEFINITION_SHAPE($,$,#374);
#14048=PRODUCT_DEFINITION_SHAPE($,$,#375);
#14049=PRODUCT_DEFINITION_SHAPE($,$,#376);
#14050=PRODUCT_DEFINITION_SHAPE($,$,#377);
#14051=PRODUCT_DEFINITION_SHAPE($,$,#378);
#14052=PRODUCT_DEFINITION_SHAPE('',$,#14082);
#14053=PRODUCT_DEFINITION_SHAPE('',$,#14083);
#14054=PRODUCT_DEFINITION_SHAPE($,$,#379);
#14055=PRODUCT_DEFINITION_SHAPE($,$,#380);
#14056=PRODUCT_DEFINITION_SHAPE($,$,#381);
#14057=SHAPE_REPRESENTATION('',(#5627,#5977,#5978),#13995);
#14058=SHAPE_REPRESENTATION('',(#5628,#5863),#13996);
#14059=SHAPE_REPRESENTATION('',(#5629,#5859,#5860,#5861,#5862),#13997);
#14060=SHAPE_REPRESENTATION('',(#5630,#5749,#5750,#5751,#5752,#5753,#5754,
#5755,#5756),#13998);
#14061=SHAPE_REPRESENTATION('',(#5631),#13999);
#14062=SHAPE_REPRESENTATION('',(#5734),#14000);
#14063=SHAPE_REPRESENTATION('',(#5757,#5819,#5820),#14001);
#14064=SHAPE_REPRESENTATION('',(#5758),#14002);
#14065=SHAPE_REPRESENTATION('',(#5795),#14003);
#14066=SHAPE_REPRESENTATION('',(#5821),#14004);
#14067=SHAPE_REPRESENTATION('',(#5828),#14005);
#14068=SHAPE_REPRESENTATION('',(#5864,#5976),#14006);
#14069=SHAPE_REPRESENTATION('',(#5865),#14007);
#14070=PRODUCT_DEFINITION_CONTEXT('part definition',#14111,'design');
#14071=PRODUCT_DEFINITION('E220_Antenna','E220_Antenna v5',#14084,#14070);
#14072=PRODUCT_DEFINITION('E220_Module','E220_Module',#14085,#14070);
#14073=PRODUCT_DEFINITION('LoRA modem','E32-433T20DT (1) v1',#14086,#14070);
#14074=PRODUCT_DEFINITION('Pinheader','Pinheader',#14087,#14070);
#14075=PRODUCT_DEFINITION('Body','Body',#14088,#14070);
#14076=PRODUCT_DEFINITION('Pin','Pin',#14089,#14070);
#14077=PRODUCT_DEFINITION('SMA','SMA',#14090,#14070);
#14078=PRODUCT_DEFINITION('Spin','Spin',#14091,#14070);
#14079=PRODUCT_DEFINITION('Base','Base',#14092,#14070);
#14080=PRODUCT_DEFINITION('PCB','PCB',#14093,#14070);
#14081=PRODUCT_DEFINITION('RFbox','RFbox',#14094,#14070);
#14082=PRODUCT_DEFINITION('Antenna','Antenna',#14095,#14070);
#14083=PRODUCT_DEFINITION(
'Antenna - Lambdoid - LWC-GSM-RD-RA-SMA-PLUG-02',
'Antenna - Lambdoid - LWC-GSM-RD-RA-SMA-PLUG-02 v1',#14096,#14070);
#14084=PRODUCT_DEFINITION_FORMATION('',$,#14113);
#14085=PRODUCT_DEFINITION_FORMATION('',$,#14114);
#14086=PRODUCT_DEFINITION_FORMATION('',$,#14115);
#14087=PRODUCT_DEFINITION_FORMATION('',$,#14116);
#14088=PRODUCT_DEFINITION_FORMATION('',$,#14117);
#14089=PRODUCT_DEFINITION_FORMATION('',$,#14118);
#14090=PRODUCT_DEFINITION_FORMATION('',$,#14119);
#14091=PRODUCT_DEFINITION_FORMATION('',$,#14120);
#14092=PRODUCT_DEFINITION_FORMATION('',$,#14121);
#14093=PRODUCT_DEFINITION_FORMATION('',$,#14122);
#14094=PRODUCT_DEFINITION_FORMATION('',$,#14123);
#14095=PRODUCT_DEFINITION_FORMATION('',$,#14124);
#14096=PRODUCT_DEFINITION_FORMATION('',$,#14125);
#14097=PRODUCT_RELATED_PRODUCT_CATEGORY('E220_Antenna v5',
'E220_Antenna v5',(#14113));
#14098=PRODUCT_RELATED_PRODUCT_CATEGORY('E220_Module','E220_Module',(#14114));
#14099=PRODUCT_RELATED_PRODUCT_CATEGORY('E32-433T20DT (1) v1',
'E32-433T20DT (1) v1',(#14115));
#14100=PRODUCT_RELATED_PRODUCT_CATEGORY('Pinheader','Pinheader',(#14116));
#14101=PRODUCT_RELATED_PRODUCT_CATEGORY('Body','Body',(#14117));
#14102=PRODUCT_RELATED_PRODUCT_CATEGORY('Pin','Pin',(#14118));
#14103=PRODUCT_RELATED_PRODUCT_CATEGORY('SMA','SMA',(#14119));
#14104=PRODUCT_RELATED_PRODUCT_CATEGORY('Spin','Spin',(#14120));
#14105=PRODUCT_RELATED_PRODUCT_CATEGORY('Base','Base',(#14121));
#14106=PRODUCT_RELATED_PRODUCT_CATEGORY('PCB','PCB',(#14122));
#14107=PRODUCT_RELATED_PRODUCT_CATEGORY('RFbox','RFbox',(#14123));
#14108=PRODUCT_RELATED_PRODUCT_CATEGORY('Antenna','Antenna',(#14124));
#14109=PRODUCT_RELATED_PRODUCT_CATEGORY(
'Antenna - Lambdoid - LWC-GSM-RD-RA-SMA-PLUG-02 v1',
'Antenna - Lambdoid - LWC-GSM-RD-RA-SMA-PLUG-02 v1',(#14125));
#14110=APPLICATION_PROTOCOL_DEFINITION('international standard',
'automotive_design',2009,#14111);
#14111=APPLICATION_CONTEXT(
'Core Data for Automotive Mechanical Design Process');
#14112=PRODUCT_CONTEXT('part definition',#14111,'mechanical');
#14113=PRODUCT('E220_Antenna','E220_Antenna v5',$,(#14112));
#14114=PRODUCT('E220_Module','E220_Module',$,(#14112));
#14115=PRODUCT('LoRA modem','E32-433T20DT (1) v1','STEP AP214',(#14112));
#14116=PRODUCT('Pinheader','Pinheader','PART--DESC',(#14112));
#14117=PRODUCT('Body','Body','PART-Body-DESC',(#14112));
#14118=PRODUCT('Pin','Pin','PART--DESC',(#14112));
#14119=PRODUCT('SMA','SMA','PART--DESC',(#14112));
#14120=PRODUCT('Spin','Spin','PART-Spin-DESC',(#14112));
#14121=PRODUCT('Base','Base','PART--DESC',(#14112));
#14122=PRODUCT('PCB','PCB','PART--DESC',(#14112));
#14123=PRODUCT('RFbox','RFbox','PART--DESC',(#14112));
#14124=PRODUCT('Antenna','Antenna',$,(#14112));
#14125=PRODUCT('Antenna - Lambdoid - LWC-GSM-RD-RA-SMA-PLUG-02',
'Antenna - Lambdoid - LWC-GSM-RD-RA-SMA-PLUG-02 v1','STEP AP214',(#14112));
#14126=PRESENTATION_STYLE_ASSIGNMENT((#14135));
#14127=PRESENTATION_STYLE_ASSIGNMENT((#14136));
#14128=PRESENTATION_STYLE_ASSIGNMENT((#14137));
#14129=PRESENTATION_STYLE_ASSIGNMENT((#14138));
#14130=PRESENTATION_STYLE_ASSIGNMENT((#14139));
#14131=PRESENTATION_STYLE_ASSIGNMENT((#14140));
#14132=PRESENTATION_STYLE_ASSIGNMENT((#14141));
#14133=PRESENTATION_STYLE_ASSIGNMENT((#14142));
#14134=PRESENTATION_STYLE_ASSIGNMENT((#14143));
#14135=SURFACE_STYLE_USAGE(.BOTH.,#14144);
#14136=SURFACE_STYLE_USAGE(.BOTH.,#14145);
#14137=SURFACE_STYLE_USAGE(.BOTH.,#14146);
#14138=SURFACE_STYLE_USAGE(.BOTH.,#14147);
#14139=SURFACE_STYLE_USAGE(.BOTH.,#14148);
#14140=SURFACE_STYLE_USAGE(.BOTH.,#14149);
#14141=SURFACE_STYLE_USAGE(.BOTH.,#14150);
#14142=SURFACE_STYLE_USAGE(.BOTH.,#14151);
#14143=SURFACE_STYLE_USAGE(.BOTH.,#14152);
#14144=SURFACE_SIDE_STYLE('',(#14153));
#14145=SURFACE_SIDE_STYLE('',(#14154));
#14146=SURFACE_SIDE_STYLE('',(#14155));
#14147=SURFACE_SIDE_STYLE('',(#14156));
#14148=SURFACE_SIDE_STYLE('',(#14157));
#14149=SURFACE_SIDE_STYLE('',(#14158));
#14150=SURFACE_SIDE_STYLE('',(#14159));
#14151=SURFACE_SIDE_STYLE('',(#14160));
#14152=SURFACE_SIDE_STYLE('',(#14161));
#14153=SURFACE_STYLE_FILL_AREA(#14162);
#14154=SURFACE_STYLE_FILL_AREA(#14163);
#14155=SURFACE_STYLE_FILL_AREA(#14164);
#14156=SURFACE_STYLE_FILL_AREA(#14165);
#14157=SURFACE_STYLE_FILL_AREA(#14166);
#14158=SURFACE_STYLE_FILL_AREA(#14167);
#14159=SURFACE_STYLE_FILL_AREA(#14168);
#14160=SURFACE_STYLE_FILL_AREA(#14169);
#14161=SURFACE_STYLE_FILL_AREA(#14170);
#14162=FILL_AREA_STYLE('A\X\E7o - Acetinado',(#14171));
#14163=FILL_AREA_STYLE('Opaque(51,51,51)',(#14172));
#14164=FILL_AREA_STYLE('Opaque(191,145,105)',(#14173));
#14165=FILL_AREA_STYLE('Opaque(249,249,249)',(#14174));
#14166=FILL_AREA_STYLE('Opaque(255,255,255)',(#14175));
#14167=FILL_AREA_STYLE('Opaque(0,128,0)',(#14176));
#14168=FILL_AREA_STYLE('Opaque(152,169,188)',(#14177));
#14169=FILL_AREA_STYLE('Opaque(211,170,33)',(#14178));
#14170=FILL_AREA_STYLE('Opaque(40,40,45)',(#14179));
#14171=FILL_AREA_STYLE_COLOUR('A\X\E7o - Acetinado',#14180);
#14172=FILL_AREA_STYLE_COLOUR('Opaque(51,51,51)',#14181);
#14173=FILL_AREA_STYLE_COLOUR('Opaque(191,145,105)',#14182);
#14174=FILL_AREA_STYLE_COLOUR('Opaque(249,249,249)',#14183);
#14175=FILL_AREA_STYLE_COLOUR('Opaque(255,255,255)',#14184);
#14176=FILL_AREA_STYLE_COLOUR('Opaque(0,128,0)',#14185);
#14177=FILL_AREA_STYLE_COLOUR('Opaque(152,169,188)',#14186);
#14178=FILL_AREA_STYLE_COLOUR('Opaque(211,170,33)',#14187);
#14179=FILL_AREA_STYLE_COLOUR('Opaque(40,40,45)',#14188);
#14180=COLOUR_RGB('A\X\E7o - Acetinado',0.627450980392157,0.627450980392157,
0.627450980392157);
#14181=COLOUR_RGB('Opaque(51,51,51)',0.2,0.2,0.2);
#14182=COLOUR_RGB('Opaque(191,145,105)',0.749019607843137,0.568627450980392,
0.411764705882353);
#14183=COLOUR_RGB('Opaque(249,249,249)',0.976470588235294,0.976470588235294,
0.976470588235294);
#14184=COLOUR_RGB('Opaque(255,255,255)',1.,1.,1.);
#14185=COLOUR_RGB('Opaque(0,128,0)',0.,0.501960784313725,0.);
#14186=COLOUR_RGB('Opaque(152,169,188)',0.596078431372549,0.662745098039216,
0.737254901960784);
#14187=COLOUR_RGB('Opaque(211,170,33)',0.827450980392157,0.666666666666667,
0.129411764705882);
#14188=COLOUR_RGB('Opaque(40,40,45)',0.156862745098039,0.156862745098039,
0.176470588235294);
ENDSEC;
END-ISO-10303-21;
