ISO-10303-21;
HEADER;
/* Generated by software containing ST-Developer
 * from STEP Tools, Inc. (www.steptools.com) 
 */

FILE_DESCRIPTION(
/* description */ (''),
/* implementation_level */ '2;1');

FILE_NAME(
/* name */ 'GY-NEO6MV2-noAnt.step',
/* time_stamp */ '2026-04-22T22:16:11-03:00',
/* author */ (''),
/* organization */ (''),
/* preprocessor_version */ 'ST-DEVELOPER v20.1',
/* originating_system */ 'Autodesk Translation Framework v14.24.0.0',
/* authorisation */ '');

FILE_SCHEMA (('AUTOMOTIVE_DESIGN { 1 0 10303 214 3 1 1 }'));
ENDSEC;

DATA;
#10=MECHANICAL_DESIGN_GEOMETRIC_PRESENTATION_REPRESENTATION('',(#172,#173,
#174,#175,#176,#177,#178,#179,#180,#181,#182,#183,#184,#185,#186,#187,#188,
#189,#190,#191,#192,#193,#194,#195,#196,#197,#198,#199,#200,#201,#202,#203,
#204,#205,#206,#207,#208,#209,#210,#211,#212,#213,#214,#215,#216,#217,#218,
#219,#220,#221,#222,#223,#224,#225,#226,#227,#228,#229,#230,#231,#232,#233,
#234,#235,#236,#237,#238,#239,#240,#241,#242,#243,#244,#245,#246,#247,#248,
#249,#250,#251,#252,#253,#254,#255,#256,#257,#258,#259,#260,#261,#262,#263,
#264,#265,#266,#267,#268,#269,#270,#271,#272,#273,#274,#275,#276,#277,#278,
#279,#280,#281,#282,#283,#284,#285,#286,#287,#288,#289,#290,#291,#292,#293,
#294,#295,#296,#297,#298,#299,#300,#301,#302,#303,#304,#305,#306,#307,#308,
#309,#310,#311,#312,#313,#314,#315,#316,#317,#318,#319,#320,#321,#322,#323,
#324,#325,#326,#327,#328,#329,#330,#331,#332,#333,#334,#335,#336,#337,#338,
#339,#340,#341,#342,#343,#344,#345,#346,#347,#348,#349,#350,#351,#352,#353,
#354,#355,#356),#9937);
#11=ELLIPSE('',#6403,0.242985219091634,0.172180364947808);
#12=ELLIPSE('',#6412,0.24299260847897,0.172183484314178);
#13=ELLIPSE('',#6414,0.242995052059505,0.172186359497572);
#14=ELLIPSE('',#6416,0.24299509152699,0.172186375401676);
#15=ELLIPSE('',#6417,0.242990090922103,0.172184273417505);
#16=ELLIPSE('',#6420,0.242997467333696,0.172187375085764);
#17=ELLIPSE('',#6421,0.242984823750794,0.172180186881983);
#18=ELLIPSE('',#6423,0.242990090921405,0.172184273416968);
#19=ELLIPSE('',#6427,0.242997467333531,0.1721873750857);
#20=ELLIPSE('',#6428,0.242990090921464,0.172184273417227);
#21=ELLIPSE('',#6429,0.242985219090473,0.17218036494728);
#22=ELLIPSE('',#6430,0.242992608478613,0.172183484314028);
#23=ELLIPSE('',#6432,0.242995052060546,0.172186359498009);
#24=ELLIPSE('',#6433,0.242995091523736,0.172186375400324);
#25=ELLIPSE('',#6434,0.242984823751531,0.172180186882318);
#26=ELLIPSE('',#6435,0.242990090920983,0.172184273416822);
#27=ELLIPSE('',#6464,0.242985219090753,0.172180364947404);
#28=ELLIPSE('',#6473,0.242992608479536,0.172183484314426);
#29=ELLIPSE('',#6475,0.242995052059982,0.172186359497769);
#30=ELLIPSE('',#6477,0.242995091525462,0.172186375401053);
#31=ELLIPSE('',#6478,0.242990090921738,0.172184273417366);
#32=ELLIPSE('',#6481,0.24299746733358,0.17218737508572);
#33=ELLIPSE('',#6482,0.24298482375111,0.1721801868821);
#34=ELLIPSE('',#6484,0.242990090921264,0.172184273416925);
#35=ELLIPSE('',#6488,0.242997467333212,0.172187375085552);
#36=ELLIPSE('',#6489,0.242990090922775,0.172184273417777);
#37=ELLIPSE('',#6490,0.242985219091273,0.172180364947647);
#38=ELLIPSE('',#6491,0.242992608478419,0.172183484313946);
#39=ELLIPSE('',#6493,0.242995052059283,0.172186359497464);
#40=ELLIPSE('',#6494,0.24299509152624,0.172186375401372);
#41=ELLIPSE('',#6495,0.242984823750516,0.17218018688186);
#42=ELLIPSE('',#6496,0.242990090921484,0.172184273416998);
#43=OPEN_SHELL('',(#5866,#5867,#5868,#5869,#5870,#5871,#5872,#5873,#5874,
#5875,#5876,#5877,#5878,#5879,#5880,#5881,#5882,#5883,#5884,#5885,#5886,
#5887));
#44=OPEN_SHELL('',(#5888,#5889,#5890,#5891,#5892,#5893,#5894,#5895,#5896,
#5897,#5898,#5899,#5900,#5901,#5902,#5903,#5904,#5905,#5906,#5907,#5908,
#5909,#5910));
#45=OPEN_SHELL('',(#5911,#5912,#5913,#5914,#5915,#5916,#5917,#5918,#5919,
#5920,#5921,#5922,#5923,#5924,#5925,#5926,#5927,#5928,#5929,#5930,#5931,
#5932));
#46=OPEN_SHELL('',(#5933,#5934,#5935,#5936,#5937,#5938,#5939,#5940,#5941,
#5942,#5943,#5944,#5945,#5946,#5947,#5948,#5949,#5950,#5951,#5952,#5953,
#5954,#5955));
#47=SHELL_BASED_SURFACE_MODEL('Corpo1',(#43));
#48=SHELL_BASED_SURFACE_MODEL('Corpo2',(#44));
#49=SHELL_BASED_SURFACE_MODEL('Corpo3',(#45));
#50=SHELL_BASED_SURFACE_MODEL('Corpo4',(#46));
#51=ITEM_DEFINED_TRANSFORMATION($,$,#6075,#6381);
#52=ITEM_DEFINED_TRANSFORMATION($,$,#6384,#6385);
#53=ITEM_DEFINED_TRANSFORMATION($,$,#6387,#6388);
#54=ITEM_DEFINED_TRANSFORMATION($,$,#6390,#6391);
#55=ITEM_DEFINED_TRANSFORMATION($,$,#6383,#6392);
#56=ITEM_DEFINED_TRANSFORMATION($,$,#6386,#6393);
#57=ITEM_DEFINED_TRANSFORMATION($,$,#6389,#6394);
#58=ITEM_DEFINED_TRANSFORMATION($,$,#6074,#6574);
#59=ITEM_DEFINED_TRANSFORMATION($,$,#6382,#6575);
#60=ITEM_DEFINED_TRANSFORMATION($,$,#6395,#6576);
#61=(
REPRESENTATION_RELATIONSHIP($,$,#9976,#9975)
REPRESENTATION_RELATIONSHIP_WITH_TRANSFORMATION(#51)
SHAPE_REPRESENTATION_RELATIONSHIP()
);
#62=(
REPRESENTATION_RELATIONSHIP($,$,#9979,#9978)
REPRESENTATION_RELATIONSHIP_WITH_TRANSFORMATION(#52)
SHAPE_REPRESENTATION_RELATIONSHIP()
);
#63=(
REPRESENTATION_RELATIONSHIP($,$,#9981,#9980)
REPRESENTATION_RELATIONSHIP_WITH_TRANSFORMATION(#53)
SHAPE_REPRESENTATION_RELATIONSHIP()
);
#64=(
REPRESENTATION_RELATIONSHIP($,$,#9983,#9982)
REPRESENTATION_RELATIONSHIP_WITH_TRANSFORMATION(#54)
SHAPE_REPRESENTATION_RELATIONSHIP()
);
#65=(
REPRESENTATION_RELATIONSHIP($,$,#9978,#9977)
REPRESENTATION_RELATIONSHIP_WITH_TRANSFORMATION(#55)
SHAPE_REPRESENTATION_RELATIONSHIP()
);
#66=(
REPRESENTATION_RELATIONSHIP($,$,#9980,#9977)
REPRESENTATION_RELATIONSHIP_WITH_TRANSFORMATION(#56)
SHAPE_REPRESENTATION_RELATIONSHIP()
);
#67=(
REPRESENTATION_RELATIONSHIP($,$,#9982,#9977)
REPRESENTATION_RELATIONSHIP_WITH_TRANSFORMATION(#57)
SHAPE_REPRESENTATION_RELATIONSHIP()
);
#68=(
REPRESENTATION_RELATIONSHIP($,$,#9975,#9974)
REPRESENTATION_RELATIONSHIP_WITH_TRANSFORMATION(#58)
SHAPE_REPRESENTATION_RELATIONSHIP()
);
#69=(
REPRESENTATION_RELATIONSHIP($,$,#9977,#9974)
REPRESENTATION_RELATIONSHIP_WITH_TRANSFORMATION(#59)
SHAPE_REPRESENTATION_RELATIONSHIP()
);
#70=(
REPRESENTATION_RELATIONSHIP($,$,#9984,#9974)
REPRESENTATION_RELATIONSHIP_WITH_TRANSFORMATION(#60)
SHAPE_REPRESENTATION_RELATIONSHIP()
);
#71=CONTEXT_DEPENDENT_SHAPE_REPRESENTATION(#61,#9956);
#72=CONTEXT_DEPENDENT_SHAPE_REPRESENTATION(#62,#9960);
#73=CONTEXT_DEPENDENT_SHAPE_REPRESENTATION(#63,#9963);
#74=CONTEXT_DEPENDENT_SHAPE_REPRESENTATION(#64,#9966);
#75=CONTEXT_DEPENDENT_SHAPE_REPRESENTATION(#65,#9967);
#76=CONTEXT_DEPENDENT_SHAPE_REPRESENTATION(#66,#9968);
#77=CONTEXT_DEPENDENT_SHAPE_REPRESENTATION(#67,#9969);
#78=CONTEXT_DEPENDENT_SHAPE_REPRESENTATION(#68,#9971);
#79=CONTEXT_DEPENDENT_SHAPE_REPRESENTATION(#69,#9972);
#80=CONTEXT_DEPENDENT_SHAPE_REPRESENTATION(#70,#9973);
#81=NEXT_ASSEMBLY_USAGE_OCCURRENCE('Component6:1','Component6:1',
'Component6:1',#9987,#9988,'Component6:1');
#82=NEXT_ASSEMBLY_USAGE_OCCURRENCE('Component7:1','Component7:1',
'Component7:1',#9990,#9991,'Component7:1');
#83=NEXT_ASSEMBLY_USAGE_OCCURRENCE('Component8:1','Component8:1',
'Component8:1',#9992,#9993,'Component8:1');
#84=NEXT_ASSEMBLY_USAGE_OCCURRENCE('Component9:1','Component9:1',
'Component9:1',#9994,#9995,'Component9:1');
#85=NEXT_ASSEMBLY_USAGE_OCCURRENCE('GPS_board:1','GPS_board:1',
'GPS_board:1',#9989,#9990,'GPS_board:1');
#86=NEXT_ASSEMBLY_USAGE_OCCURRENCE('GPS_ant:1','GPS_ant:1','GPS_ant:1',
#9989,#9992,'GPS_ant:1');
#87=NEXT_ASSEMBLY_USAGE_OCCURRENCE('GPS_back:1','GPS_back:1',
'GPS_back:1',#9989,#9994,'GPS_back:1');
#88=NEXT_ASSEMBLY_USAGE_OCCURRENCE('GPS_ublox_board:1',
'GPS_ublox_board:1','GPS_ublox_board:1',#9986,#9987,'GPS_ublox_board:1');
#89=NEXT_ASSEMBLY_USAGE_OCCURRENCE('A_GPS_ant v2:1','A_GPS_ant v2:1',
'A_GPS_ant v2:1',#9986,#9989,'A_GPS_ant v2:1');
#90=NEXT_ASSEMBLY_USAGE_OCCURRENCE(
'Pin Header 1x4 TH Pitch 2.54mm v1:1',
'Pin Header 1x4 TH Pitch 2.54mm v1:1',
'Pin Header 1x4 TH Pitch 2.54mm v1:1',#9986,#9996,
'Pin Header 1x4 TH Pitch 2.54mm v1:1');
#91=SHAPE_REPRESENTATION_RELATIONSHIP('SRR','None',#9976,#93);
#92=SHAPE_REPRESENTATION_RELATIONSHIP('SRR','None',#9984,#94);
#93=ADVANCED_BREP_SHAPE_REPRESENTATION('',(#95),#9928);
#94=ADVANCED_BREP_SHAPE_REPRESENTATION('',(#96,#97,#98,#99),#9936);
#95=MANIFOLD_SOLID_BREP('Corpo1',#6012);
#96=MANIFOLD_SOLID_BREP('Corpo5',#6013);
#97=MANIFOLD_SOLID_BREP('Corpo6',#6014);
#98=MANIFOLD_SOLID_BREP('Corpo7',#6015);
#99=MANIFOLD_SOLID_BREP('Corpo8',#6016);
#100=(
BOUNDED_SURFACE()
B_SPLINE_SURFACE(2,2,((#8634,#8635,#8636,#8637,#8638,#8639,#8640,#8641,
#8642),(#8643,#8644,#8645,#8646,#8647,#8648,#8649,#8650,#8651),(#8652,#8653,
#8654,#8655,#8656,#8657,#8658,#8659,#8660)),.UNSPECIFIED.,.F.,.T.,.F.)
B_SPLINE_SURFACE_WITH_KNOTS((3,3),(3,2,2,2,3),(-2.10251936226365E-13,1.57079632679499),
(-3.14159265358979,-1.5707963267949,0.,1.5707963267949,3.14159265358979),
 .UNSPECIFIED.)
GEOMETRIC_REPRESENTATION_ITEM()
RATIONAL_B_SPLINE_SURFACE(((1.,0.707106781186548,1.,0.707106781186548,1.,
0.707106781186548,1.,0.707106781186548,1.),(0.707106781186491,0.49999999999996,
0.707106781186491,0.49999999999996,0.707106781186491,0.49999999999996,0.707106781186491,
0.49999999999996,0.707106781186491),(1.,0.707106781186548,1.,0.707106781186548,
1.,0.707106781186548,1.,0.707106781186548,1.)))
REPRESENTATION_ITEM('')
SURFACE()
);
#101=TOROIDAL_SURFACE('',#6172,2.3,0.2);
#102=TOROIDAL_SURFACE('',#6193,0.925,0.075);
#103=SPHERICAL_SURFACE('',#6140,0.2);
#104=SPHERICAL_SURFACE('',#6151,0.2);
#105=SPHERICAL_SURFACE('',#6153,0.2);
#106=SPHERICAL_SURFACE('',#6159,0.2);
#107=CYLINDRICAL_SURFACE('',#6092,0.479999999999999);
#108=CYLINDRICAL_SURFACE('',#6095,0.479999999999999);
#109=CYLINDRICAL_SURFACE('',#6098,0.479999999999999);
#110=CYLINDRICAL_SURFACE('',#6101,0.479999999999999);
#111=CYLINDRICAL_SURFACE('',#6104,1.6);
#112=CYLINDRICAL_SURFACE('',#6107,1.6);
#113=CYLINDRICAL_SURFACE('',#6110,1.6);
#114=CYLINDRICAL_SURFACE('',#6113,1.6);
#115=CYLINDRICAL_SURFACE('',#6132,2.1);
#116=CYLINDRICAL_SURFACE('',#6138,0.2);
#117=CYLINDRICAL_SURFACE('',#6143,0.2);
#118=CYLINDRICAL_SURFACE('',#6145,0.2);
#119=CYLINDRICAL_SURFACE('',#6147,0.2);
#120=CYLINDRICAL_SURFACE('',#6149,0.2);
#121=CYLINDRICAL_SURFACE('',#6155,0.2);
#122=CYLINDRICAL_SURFACE('',#6157,0.2);
#123=CYLINDRICAL_SURFACE('',#6161,0.2);
#124=CYLINDRICAL_SURFACE('',#6167,2.5);
#125=CYLINDRICAL_SURFACE('',#6178,0.85);
#126=CYLINDRICAL_SURFACE('',#6182,1.);
#127=CYLINDRICAL_SURFACE('',#6187,0.25);
#128=CYLINDRICAL_SURFACE('',#6195,2.);
#129=CYLINDRICAL_SURFACE('',#6198,2.);
#130=CYLINDRICAL_SURFACE('',#6201,2.);
#131=CYLINDRICAL_SURFACE('',#6204,2.);
#132=CYLINDRICAL_SURFACE('',#6207,0.999999999999998);
#133=CYLINDRICAL_SURFACE('',#6210,0.999999999999998);
#134=CYLINDRICAL_SURFACE('',#6213,0.999999999999998);
#135=CYLINDRICAL_SURFACE('',#6216,0.999999999999998);
#136=CYLINDRICAL_SURFACE('',#6219,2.);
#137=CYLINDRICAL_SURFACE('',#6222,2.);
#138=CYLINDRICAL_SURFACE('',#6225,2.);
#139=CYLINDRICAL_SURFACE('',#6228,2.);
#140=CYLINDRICAL_SURFACE('',#6231,0.999999999999998);
#141=CYLINDRICAL_SURFACE('',#6234,0.999999999999998);
#142=CYLINDRICAL_SURFACE('',#6237,0.999999999999998);
#143=CYLINDRICAL_SURFACE('',#6240,0.999999999999998);
#144=CYLINDRICAL_SURFACE('',#6272,0.2);
#145=CYLINDRICAL_SURFACE('',#6273,0.2);
#146=CYLINDRICAL_SURFACE('',#6283,0.2);
#147=CYLINDRICAL_SURFACE('',#6284,0.2);
#148=CYLINDRICAL_SURFACE('',#6303,0.2);
#149=CYLINDRICAL_SURFACE('',#6304,0.2);
#150=CYLINDRICAL_SURFACE('',#6305,0.2);
#151=CYLINDRICAL_SURFACE('',#6306,0.2);
#152=CYLINDRICAL_SURFACE('',#6369,0.2);
#153=CYLINDRICAL_SURFACE('',#6370,0.2);
#154=CYLINDRICAL_SURFACE('',#6371,0.2);
#155=CYLINDRICAL_SURFACE('',#6372,0.2);
#156=CYLINDRICAL_SURFACE('',#6373,0.2);
#157=CYLINDRICAL_SURFACE('',#6374,0.2);
#158=CYLINDRICAL_SURFACE('',#6375,0.2);
#159=CYLINDRICAL_SURFACE('',#6376,0.2);
#160=CYLINDRICAL_SURFACE('',#6377,0.2);
#161=CYLINDRICAL_SURFACE('',#6378,0.2);
#162=CYLINDRICAL_SURFACE('',#6379,0.2);
#163=CYLINDRICAL_SURFACE('',#6380,0.2);
#164=CYLINDRICAL_SURFACE('',#6424,0.17273863607376);
#165=CYLINDRICAL_SURFACE('',#6425,0.172738636073765);
#166=CYLINDRICAL_SURFACE('',#6426,0.172738636073765);
#167=CYLINDRICAL_SURFACE('',#6431,0.17273863607376);
#168=CYLINDRICAL_SURFACE('',#6485,0.17273863607376);
#169=CYLINDRICAL_SURFACE('',#6486,0.172738636073765);
#170=CYLINDRICAL_SURFACE('',#6487,0.172738636073765);
#171=CYLINDRICAL_SURFACE('',#6492,0.17273863607376);
#172=STYLED_ITEM('',(#10035),#5684);
#173=STYLED_ITEM('',(#10036),#5685);
#174=STYLED_ITEM('',(#10036),#5686);
#175=STYLED_ITEM('',(#10036),#5687);
#176=STYLED_ITEM('',(#10036),#5688);
#177=STYLED_ITEM('',(#10036),#5689);
#178=STYLED_ITEM('',(#10036),#5690);
#179=STYLED_ITEM('',(#10036),#5691);
#180=STYLED_ITEM('',(#10036),#5692);
#181=STYLED_ITEM('',(#10037),#5693);
#182=STYLED_ITEM('',(#10036),#5700);
#183=STYLED_ITEM('',(#10036),#5701);
#184=STYLED_ITEM('',(#10036),#5702);
#185=STYLED_ITEM('',(#10036),#5703);
#186=STYLED_ITEM('',(#10036),#5704);
#187=STYLED_ITEM('',(#10036),#5705);
#188=STYLED_ITEM('',(#10036),#5706);
#189=STYLED_ITEM('',(#10036),#5707);
#190=STYLED_ITEM('',(#10036),#5708);
#191=STYLED_ITEM('',(#10036),#5709);
#192=STYLED_ITEM('',(#10036),#5710);
#193=STYLED_ITEM('',(#10036),#5711);
#194=STYLED_ITEM('',(#10036),#5712);
#195=STYLED_ITEM('',(#10036),#5713);
#196=STYLED_ITEM('',(#10036),#5714);
#197=STYLED_ITEM('',(#10036),#5715);
#198=STYLED_ITEM('',(#10036),#5716);
#199=STYLED_ITEM('',(#10035),#5717);
#200=STYLED_ITEM('',(#10035),#5718);
#201=STYLED_ITEM('',(#10035),#5719);
#202=STYLED_ITEM('',(#10035),#5720);
#203=STYLED_ITEM('',(#10035),#5721);
#204=STYLED_ITEM('',(#10036),#5722);
#205=STYLED_ITEM('',(#10036),#5723);
#206=STYLED_ITEM('',(#10036),#5724);
#207=STYLED_ITEM('',(#10037),#5725);
#208=STYLED_ITEM('',(#10037),#5726);
#209=STYLED_ITEM('',(#10037),#5727);
#210=STYLED_ITEM('',(#10037),#5728);
#211=STYLED_ITEM('',(#10038),#5729);
#212=STYLED_ITEM('',(#10038),#5730);
#213=STYLED_ITEM('',(#10038),#5731);
#214=STYLED_ITEM('',(#10038),#5732);
#215=STYLED_ITEM('',(#10037),#5733);
#216=STYLED_ITEM('',(#10038),#5734);
#217=STYLED_ITEM('',(#10038),#5735);
#218=STYLED_ITEM('',(#10036),#5736);
#219=STYLED_ITEM('',(#10036),#5737);
#220=STYLED_ITEM('',(#10036),#5738);
#221=STYLED_ITEM('',(#10036),#5739);
#222=STYLED_ITEM('',(#10036),#5740);
#223=STYLED_ITEM('',(#10036),#5741);
#224=STYLED_ITEM('',(#10036),#5742);
#225=STYLED_ITEM('',(#10036),#5743);
#226=STYLED_ITEM('',(#10036),#5744);
#227=STYLED_ITEM('',(#10036),#5745);
#228=STYLED_ITEM('',(#10036),#5746);
#229=STYLED_ITEM('',(#10036),#5747);
#230=STYLED_ITEM('',(#10036),#5748);
#231=STYLED_ITEM('',(#10036),#5749);
#232=STYLED_ITEM('',(#10036),#5750);
#233=STYLED_ITEM('',(#10036),#5751);
#234=STYLED_ITEM('',(#10036),#5752);
#235=STYLED_ITEM('',(#10036),#5753);
#236=STYLED_ITEM('',(#10036),#5754);
#237=STYLED_ITEM('',(#10036),#5755);
#238=STYLED_ITEM('',(#10036),#5756);
#239=STYLED_ITEM('',(#10036),#5757);
#240=STYLED_ITEM('',(#10036),#5758);
#241=STYLED_ITEM('',(#10036),#5759);
#242=STYLED_ITEM('',(#10036),#5760);
#243=STYLED_ITEM('',(#10036),#5761);
#244=STYLED_ITEM('',(#10036),#5762);
#245=STYLED_ITEM('',(#10036),#5763);
#246=STYLED_ITEM('',(#10036),#5764);
#247=STYLED_ITEM('',(#10036),#5765);
#248=STYLED_ITEM('',(#10036),#5766);
#249=STYLED_ITEM('',(#10036),#5767);
#250=STYLED_ITEM('',(#10036),#5768);
#251=STYLED_ITEM('',(#10036),#5769);
#252=STYLED_ITEM('',(#10036),#5770);
#253=STYLED_ITEM('',(#10036),#5771);
#254=STYLED_ITEM('',(#10036),#5772);
#255=STYLED_ITEM('',(#10036),#5773);
#256=STYLED_ITEM('',(#10036),#5774);
#257=STYLED_ITEM('',(#10036),#5775);
#258=STYLED_ITEM('',(#10036),#5776);
#259=STYLED_ITEM('',(#10036),#5777);
#260=STYLED_ITEM('',(#10036),#5778);
#261=STYLED_ITEM('',(#10036),#5779);
#262=STYLED_ITEM('',(#10036),#5780);
#263=STYLED_ITEM('',(#10036),#5781);
#264=STYLED_ITEM('',(#10036),#5782);
#265=STYLED_ITEM('',(#10036),#5783);
#266=STYLED_ITEM('',(#10036),#5784);
#267=STYLED_ITEM('',(#10036),#5785);
#268=STYLED_ITEM('',(#10036),#5786);
#269=STYLED_ITEM('',(#10036),#5787);
#270=STYLED_ITEM('',(#10039),#5788);
#271=STYLED_ITEM('',(#10036),#5789);
#272=STYLED_ITEM('',(#10039),#5790);
#273=STYLED_ITEM('',(#10036),#5791);
#274=STYLED_ITEM('',(#10039),#5792);
#275=STYLED_ITEM('',(#10036),#5793);
#276=STYLED_ITEM('',(#10036),#5794);
#277=STYLED_ITEM('',(#10036),#5795);
#278=STYLED_ITEM('',(#10035),#5796);
#279=STYLED_ITEM('',(#10036),#5797);
#280=STYLED_ITEM('',(#10035),#5798);
#281=STYLED_ITEM('',(#10035),#5799);
#282=STYLED_ITEM('',(#10036),#5800);
#283=STYLED_ITEM('',(#10036),#5801);
#284=STYLED_ITEM('',(#10036),#5802);
#285=STYLED_ITEM('',(#10035),#5803);
#286=STYLED_ITEM('',(#10036),#5804);
#287=STYLED_ITEM('',(#10035),#5805);
#288=STYLED_ITEM('',(#10035),#5806);
#289=STYLED_ITEM('',(#10036),#5807);
#290=STYLED_ITEM('',(#10035),#5808);
#291=STYLED_ITEM('',(#10036),#5809);
#292=STYLED_ITEM('',(#10035),#5810);
#293=STYLED_ITEM('',(#10035),#5811);
#294=STYLED_ITEM('',(#10036),#5812);
#295=STYLED_ITEM('',(#10036),#5813);
#296=STYLED_ITEM('',(#10036),#5814);
#297=STYLED_ITEM('',(#10036),#5815);
#298=STYLED_ITEM('',(#10040),#5816);
#299=STYLED_ITEM('',(#10040),#5817);
#300=STYLED_ITEM('',(#10040),#5818);
#301=STYLED_ITEM('',(#10035),#5819);
#302=STYLED_ITEM('',(#10035),#5820);
#303=STYLED_ITEM('',(#10035),#5821);
#304=STYLED_ITEM('',(#10035),#5822);
#305=STYLED_ITEM('',(#10035),#5823);
#306=STYLED_ITEM('',(#10035),#5824);
#307=STYLED_ITEM('',(#10035),#5825);
#308=STYLED_ITEM('',(#10035),#5826);
#309=STYLED_ITEM('',(#10035),#5827);
#310=STYLED_ITEM('',(#10035),#5828);
#311=STYLED_ITEM('',(#10041),#5829);
#312=STYLED_ITEM('',(#10041),#5830);
#313=STYLED_ITEM('',(#10041),#5831);
#314=STYLED_ITEM('',(#10041),#5832);
#315=STYLED_ITEM('',(#10041),#5833);
#316=STYLED_ITEM('',(#10041),#5834);
#317=STYLED_ITEM('',(#10041),#5835);
#318=STYLED_ITEM('',(#10041),#5836);
#319=STYLED_ITEM('',(#10041),#5837);
#320=STYLED_ITEM('',(#10041),#5838);
#321=STYLED_ITEM('',(#10035),#5839);
#322=STYLED_ITEM('',(#10035),#5840);
#323=STYLED_ITEM('',(#10035),#5841);
#324=STYLED_ITEM('',(#10035),#5842);
#325=STYLED_ITEM('',(#10035),#5843);
#326=STYLED_ITEM('',(#10041),#5844);
#327=STYLED_ITEM('',(#10041),#5845);
#328=STYLED_ITEM('',(#10041),#5846);
#329=STYLED_ITEM('',(#10041),#5847);
#330=STYLED_ITEM('',(#10041),#5848);
#331=STYLED_ITEM('',(#10041),#5849);
#332=STYLED_ITEM('',(#10041),#5850);
#333=STYLED_ITEM('',(#10041),#5851);
#334=STYLED_ITEM('',(#10041),#5852);
#335=STYLED_ITEM('',(#10041),#5853);
#336=STYLED_ITEM('',(#10036),#5854);
#337=STYLED_ITEM('',(#10036),#5855);
#338=STYLED_ITEM('',(#10036),#5856);
#339=STYLED_ITEM('',(#10036),#5857);
#340=STYLED_ITEM('',(#10036),#5858);
#341=STYLED_ITEM('',(#10036),#5859);
#342=STYLED_ITEM('',(#10036),#5860);
#343=STYLED_ITEM('',(#10036),#5861);
#344=STYLED_ITEM('',(#10036),#5862);
#345=STYLED_ITEM('',(#10036),#5863);
#346=STYLED_ITEM('',(#10036),#5864);
#347=STYLED_ITEM('',(#10036),#5865);
#348=STYLED_ITEM('',(#10034),#95);
#349=STYLED_ITEM('',(#10042),#47);
#350=STYLED_ITEM('',(#10042),#48);
#351=STYLED_ITEM('',(#10042),#49);
#352=STYLED_ITEM('',(#10042),#50);
#353=STYLED_ITEM('',(#10043),#96);
#354=STYLED_ITEM('',(#10043),#97);
#355=STYLED_ITEM('',(#10043),#98);
#356=STYLED_ITEM('',(#10043),#99);
#357=FACE_BOUND('',#873,.T.);
#358=FACE_BOUND('',#874,.T.);
#359=FACE_BOUND('',#875,.T.);
#360=FACE_BOUND('',#876,.T.);
#361=FACE_BOUND('',#877,.T.);
#362=FACE_BOUND('',#878,.T.);
#363=FACE_BOUND('',#879,.T.);
#364=FACE_BOUND('',#880,.T.);
#365=FACE_BOUND('',#881,.T.);
#366=FACE_BOUND('',#882,.T.);
#367=FACE_BOUND('',#883,.T.);
#368=FACE_BOUND('',#884,.T.);
#369=FACE_BOUND('',#885,.T.);
#370=FACE_BOUND('',#886,.T.);
#371=FACE_BOUND('',#887,.T.);
#372=FACE_BOUND('',#888,.T.);
#373=FACE_BOUND('',#889,.T.);
#374=FACE_BOUND('',#890,.T.);
#375=FACE_BOUND('',#891,.T.);
#376=FACE_BOUND('',#892,.T.);
#377=FACE_BOUND('',#893,.T.);
#378=FACE_BOUND('',#894,.T.);
#379=FACE_BOUND('',#895,.T.);
#380=FACE_BOUND('',#896,.T.);
#381=FACE_BOUND('',#907,.T.);
#382=FACE_BOUND('',#909,.T.);
#383=FACE_BOUND('',#910,.T.);
#384=FACE_BOUND('',#911,.T.);
#385=FACE_BOUND('',#912,.T.);
#386=FACE_BOUND('',#913,.T.);
#387=FACE_BOUND('',#914,.T.);
#388=FACE_BOUND('',#915,.T.);
#389=FACE_BOUND('',#916,.T.);
#390=FACE_BOUND('',#917,.T.);
#391=FACE_BOUND('',#918,.T.);
#392=FACE_BOUND('',#919,.T.);
#393=FACE_BOUND('',#920,.T.);
#394=FACE_BOUND('',#921,.T.);
#395=FACE_BOUND('',#961,.T.);
#396=FACE_BOUND('',#966,.T.);
#397=FACE_BOUND('',#969,.T.);
#398=FACE_BOUND('',#972,.T.);
#399=FACE_BOUND('',#975,.T.);
#400=FACE_BOUND('',#978,.T.);
#401=FACE_BOUND('',#981,.T.);
#402=FACE_BOUND('',#984,.T.);
#403=FACE_BOUND('',#987,.T.);
#404=FACE_BOUND('',#990,.T.);
#405=FACE_BOUND('',#993,.T.);
#406=FACE_BOUND('',#996,.T.);
#407=FACE_BOUND('',#999,.T.);
#408=FACE_BOUND('',#1002,.T.);
#409=FACE_BOUND('',#1005,.T.);
#410=FACE_BOUND('',#1008,.T.);
#411=FACE_BOUND('',#1011,.T.);
#412=FACE_BOUND('',#1115,.T.);
#413=FACE_BOUND('',#1117,.T.);
#414=FACE_BOUND('',#1152,.T.);
#415=FACE_BOUND('',#1154,.T.);
#416=FACE_BOUND('',#1164,.T.);
#417=FACE_BOUND('',#1166,.T.);
#418=FACE_BOUND('',#1201,.T.);
#419=FACE_BOUND('',#1203,.T.);
#420=CIRCLE('',#6077,0.2);
#421=CIRCLE('',#6078,0.2);
#422=CIRCLE('',#6079,0.2);
#423=CIRCLE('',#6080,0.2);
#424=CIRCLE('',#6081,2.5);
#425=CIRCLE('',#6082,2.);
#426=CIRCLE('',#6083,2.);
#427=CIRCLE('',#6084,2.);
#428=CIRCLE('',#6085,2.);
#429=CIRCLE('',#6086,0.999999999999998);
#430=CIRCLE('',#6087,0.999999999999998);
#431=CIRCLE('',#6088,0.999999999999998);
#432=CIRCLE('',#6089,0.999999999999998);
#433=CIRCLE('',#6090,2.1);
#434=CIRCLE('',#6093,0.479999999999999);
#435=CIRCLE('',#6094,0.479999999999999);
#436=CIRCLE('',#6096,0.479999999999999);
#437=CIRCLE('',#6097,0.479999999999999);
#438=CIRCLE('',#6099,0.479999999999999);
#439=CIRCLE('',#6100,0.479999999999999);
#440=CIRCLE('',#6102,0.479999999999999);
#441=CIRCLE('',#6103,0.479999999999999);
#442=CIRCLE('',#6105,1.6);
#443=CIRCLE('',#6106,1.6);
#444=CIRCLE('',#6108,1.6);
#445=CIRCLE('',#6109,1.6);
#446=CIRCLE('',#6111,1.6);
#447=CIRCLE('',#6112,1.6);
#448=CIRCLE('',#6114,1.6);
#449=CIRCLE('',#6115,1.6);
#450=CIRCLE('',#6117,1.);
#451=CIRCLE('',#6119,2.10000000286079);
#452=CIRCLE('',#6120,1.00000000136228);
#453=CIRCLE('',#6121,1.00000000136228);
#454=CIRCLE('',#6122,1.00000000136228);
#455=CIRCLE('',#6123,1.00000000136228);
#456=CIRCLE('',#6124,2.00000000272456);
#457=CIRCLE('',#6125,2.00000000272456);
#458=CIRCLE('',#6126,2.00000000272456);
#459=CIRCLE('',#6127,2.00000000272456);
#460=CIRCLE('',#6139,0.2);
#461=CIRCLE('',#6141,0.2);
#462=CIRCLE('',#6142,0.2);
#463=CIRCLE('',#6144,0.2);
#464=CIRCLE('',#6146,0.2);
#465=CIRCLE('',#6148,0.2);
#466=CIRCLE('',#6150,0.2);
#467=CIRCLE('',#6152,0.2);
#468=CIRCLE('',#6154,0.2);
#469=CIRCLE('',#6156,0.2);
#470=CIRCLE('',#6158,0.2);
#471=CIRCLE('',#6160,0.2);
#472=CIRCLE('',#6168,2.5);
#473=CIRCLE('',#6169,2.5);
#474=CIRCLE('',#6171,2.3);
#475=CIRCLE('',#6173,0.2);
#476=CIRCLE('',#6179,0.85);
#477=CIRCLE('',#6180,0.85);
#478=CIRCLE('',#6181,0.85);
#479=CIRCLE('',#6183,1.);
#480=CIRCLE('',#6184,1.);
#481=CIRCLE('',#6186,0.0500000000000004);
#482=CIRCLE('',#6188,0.25);
#483=CIRCLE('',#6189,0.25);
#484=CIRCLE('',#6190,0.25);
#485=CIRCLE('',#6192,0.200000000000015);
#486=CIRCLE('',#6194,0.075);
#487=CIRCLE('',#6196,2.);
#488=CIRCLE('',#6199,2.);
#489=CIRCLE('',#6202,2.);
#490=CIRCLE('',#6205,2.);
#491=CIRCLE('',#6208,0.999999999999998);
#492=CIRCLE('',#6211,0.999999999999998);
#493=CIRCLE('',#6214,0.999999999999998);
#494=CIRCLE('',#6217,0.999999999999998);
#495=CIRCLE('',#6220,2.);
#496=CIRCLE('',#6223,2.);
#497=CIRCLE('',#6226,2.);
#498=CIRCLE('',#6229,2.);
#499=CIRCLE('',#6232,0.999999999999998);
#500=CIRCLE('',#6235,0.999999999999998);
#501=CIRCLE('',#6238,0.999999999999998);
#502=CIRCLE('',#6241,0.999999999999998);
#503=CIRCLE('',#6264,0.2);
#504=CIRCLE('',#6265,0.2);
#505=CIRCLE('',#6268,0.2);
#506=CIRCLE('',#6269,0.2);
#507=CIRCLE('',#6276,0.2);
#508=CIRCLE('',#6277,0.2);
#509=CIRCLE('',#6280,0.2);
#510=CIRCLE('',#6281,0.2);
#511=CIRCLE('',#6287,0.2);
#512=CIRCLE('',#6288,0.2);
#513=CIRCLE('',#6291,0.2);
#514=CIRCLE('',#6292,0.2);
#515=CIRCLE('',#6296,0.2);
#516=CIRCLE('',#6297,0.2);
#517=CIRCLE('',#6300,0.2);
#518=CIRCLE('',#6301,0.2);
#519=CIRCLE('',#6312,0.2);
#520=CIRCLE('',#6313,0.2);
#521=CIRCLE('',#6316,0.2);
#522=CIRCLE('',#6317,0.2);
#523=CIRCLE('',#6321,0.2);
#524=CIRCLE('',#6322,0.2);
#525=CIRCLE('',#6325,0.2);
#526=CIRCLE('',#6326,0.2);
#527=CIRCLE('',#6330,0.2);
#528=CIRCLE('',#6331,0.2);
#529=CIRCLE('',#6334,0.2);
#530=CIRCLE('',#6335,0.2);
#531=CIRCLE('',#6339,0.2);
#532=CIRCLE('',#6340,0.2);
#533=CIRCLE('',#6343,0.2);
#534=CIRCLE('',#6344,0.2);
#535=CIRCLE('',#6353,0.2);
#536=CIRCLE('',#6354,0.2);
#537=CIRCLE('',#6357,0.2);
#538=CIRCLE('',#6358,0.2);
#539=CIRCLE('',#6362,0.2);
#540=CIRCLE('',#6363,0.2);
#541=CIRCLE('',#6366,0.2);
#542=CIRCLE('',#6367,0.2);
#543=FACE_OUTER_BOUND('',#872,.T.);
#544=FACE_OUTER_BOUND('',#897,.T.);
#545=FACE_OUTER_BOUND('',#898,.T.);
#546=FACE_OUTER_BOUND('',#899,.T.);
#547=FACE_OUTER_BOUND('',#900,.T.);
#548=FACE_OUTER_BOUND('',#901,.T.);
#549=FACE_OUTER_BOUND('',#902,.T.);
#550=FACE_OUTER_BOUND('',#903,.T.);
#551=FACE_OUTER_BOUND('',#904,.T.);
#552=FACE_OUTER_BOUND('',#905,.T.);
#553=FACE_OUTER_BOUND('',#906,.T.);
#554=FACE_OUTER_BOUND('',#908,.T.);
#555=FACE_OUTER_BOUND('',#922,.T.);
#556=FACE_OUTER_BOUND('',#923,.T.);
#557=FACE_OUTER_BOUND('',#924,.T.);
#558=FACE_OUTER_BOUND('',#925,.T.);
#559=FACE_OUTER_BOUND('',#926,.T.);
#560=FACE_OUTER_BOUND('',#927,.T.);
#561=FACE_OUTER_BOUND('',#928,.T.);
#562=FACE_OUTER_BOUND('',#929,.T.);
#563=FACE_OUTER_BOUND('',#930,.T.);
#564=FACE_OUTER_BOUND('',#931,.T.);
#565=FACE_OUTER_BOUND('',#932,.T.);
#566=FACE_OUTER_BOUND('',#933,.T.);
#567=FACE_OUTER_BOUND('',#934,.T.);
#568=FACE_OUTER_BOUND('',#935,.T.);
#569=FACE_OUTER_BOUND('',#936,.T.);
#570=FACE_OUTER_BOUND('',#937,.T.);
#571=FACE_OUTER_BOUND('',#938,.T.);
#572=FACE_OUTER_BOUND('',#939,.T.);
#573=FACE_OUTER_BOUND('',#940,.T.);
#574=FACE_OUTER_BOUND('',#941,.T.);
#575=FACE_OUTER_BOUND('',#942,.T.);
#576=FACE_OUTER_BOUND('',#943,.T.);
#577=FACE_OUTER_BOUND('',#944,.T.);
#578=FACE_OUTER_BOUND('',#945,.T.);
#579=FACE_OUTER_BOUND('',#946,.T.);
#580=FACE_OUTER_BOUND('',#947,.T.);
#581=FACE_OUTER_BOUND('',#948,.T.);
#582=FACE_OUTER_BOUND('',#949,.T.);
#583=FACE_OUTER_BOUND('',#950,.T.);
#584=FACE_OUTER_BOUND('',#951,.T.);
#585=FACE_OUTER_BOUND('',#952,.T.);
#586=FACE_OUTER_BOUND('',#953,.T.);
#587=FACE_OUTER_BOUND('',#954,.T.);
#588=FACE_OUTER_BOUND('',#955,.T.);
#589=FACE_OUTER_BOUND('',#956,.T.);
#590=FACE_OUTER_BOUND('',#957,.T.);
#591=FACE_OUTER_BOUND('',#958,.T.);
#592=FACE_OUTER_BOUND('',#959,.T.);
#593=FACE_OUTER_BOUND('',#960,.T.);
#594=FACE_OUTER_BOUND('',#962,.T.);
#595=FACE_OUTER_BOUND('',#963,.T.);
#596=FACE_OUTER_BOUND('',#964,.T.);
#597=FACE_OUTER_BOUND('',#965,.T.);
#598=FACE_OUTER_BOUND('',#967,.T.);
#599=FACE_OUTER_BOUND('',#968,.T.);
#600=FACE_OUTER_BOUND('',#970,.T.);
#601=FACE_OUTER_BOUND('',#971,.T.);
#602=FACE_OUTER_BOUND('',#973,.T.);
#603=FACE_OUTER_BOUND('',#974,.T.);
#604=FACE_OUTER_BOUND('',#976,.T.);
#605=FACE_OUTER_BOUND('',#977,.T.);
#606=FACE_OUTER_BOUND('',#979,.T.);
#607=FACE_OUTER_BOUND('',#980,.T.);
#608=FACE_OUTER_BOUND('',#982,.T.);
#609=FACE_OUTER_BOUND('',#983,.T.);
#610=FACE_OUTER_BOUND('',#985,.T.);
#611=FACE_OUTER_BOUND('',#986,.T.);
#612=FACE_OUTER_BOUND('',#988,.T.);
#613=FACE_OUTER_BOUND('',#989,.T.);
#614=FACE_OUTER_BOUND('',#991,.T.);
#615=FACE_OUTER_BOUND('',#992,.T.);
#616=FACE_OUTER_BOUND('',#994,.T.);
#617=FACE_OUTER_BOUND('',#995,.T.);
#618=FACE_OUTER_BOUND('',#997,.T.);
#619=FACE_OUTER_BOUND('',#998,.T.);
#620=FACE_OUTER_BOUND('',#1000,.T.);
#621=FACE_OUTER_BOUND('',#1001,.T.);
#622=FACE_OUTER_BOUND('',#1003,.T.);
#623=FACE_OUTER_BOUND('',#1004,.T.);
#624=FACE_OUTER_BOUND('',#1006,.T.);
#625=FACE_OUTER_BOUND('',#1007,.T.);
#626=FACE_OUTER_BOUND('',#1009,.T.);
#627=FACE_OUTER_BOUND('',#1010,.T.);
#628=FACE_OUTER_BOUND('',#1012,.T.);
#629=FACE_OUTER_BOUND('',#1013,.T.);
#630=FACE_OUTER_BOUND('',#1014,.T.);
#631=FACE_OUTER_BOUND('',#1015,.T.);
#632=FACE_OUTER_BOUND('',#1016,.T.);
#633=FACE_OUTER_BOUND('',#1017,.T.);
#634=FACE_OUTER_BOUND('',#1018,.T.);
#635=FACE_OUTER_BOUND('',#1019,.T.);
#636=FACE_OUTER_BOUND('',#1020,.T.);
#637=FACE_OUTER_BOUND('',#1021,.T.);
#638=FACE_OUTER_BOUND('',#1022,.T.);
#639=FACE_OUTER_BOUND('',#1023,.T.);
#640=FACE_OUTER_BOUND('',#1024,.T.);
#641=FACE_OUTER_BOUND('',#1025,.T.);
#642=FACE_OUTER_BOUND('',#1026,.T.);
#643=FACE_OUTER_BOUND('',#1027,.T.);
#644=FACE_OUTER_BOUND('',#1028,.T.);
#645=FACE_OUTER_BOUND('',#1029,.T.);
#646=FACE_OUTER_BOUND('',#1030,.T.);
#647=FACE_OUTER_BOUND('',#1031,.T.);
#648=FACE_OUTER_BOUND('',#1032,.T.);
#649=FACE_OUTER_BOUND('',#1033,.T.);
#650=FACE_OUTER_BOUND('',#1034,.T.);
#651=FACE_OUTER_BOUND('',#1035,.T.);
#652=FACE_OUTER_BOUND('',#1036,.T.);
#653=FACE_OUTER_BOUND('',#1037,.T.);
#654=FACE_OUTER_BOUND('',#1038,.T.);
#655=FACE_OUTER_BOUND('',#1039,.T.);
#656=FACE_OUTER_BOUND('',#1040,.T.);
#657=FACE_OUTER_BOUND('',#1041,.T.);
#658=FACE_OUTER_BOUND('',#1042,.T.);
#659=FACE_OUTER_BOUND('',#1043,.T.);
#660=FACE_OUTER_BOUND('',#1044,.T.);
#661=FACE_OUTER_BOUND('',#1045,.T.);
#662=FACE_OUTER_BOUND('',#1046,.T.);
#663=FACE_OUTER_BOUND('',#1047,.T.);
#664=FACE_OUTER_BOUND('',#1048,.T.);
#665=FACE_OUTER_BOUND('',#1049,.T.);
#666=FACE_OUTER_BOUND('',#1050,.T.);
#667=FACE_OUTER_BOUND('',#1051,.T.);
#668=FACE_OUTER_BOUND('',#1052,.T.);
#669=FACE_OUTER_BOUND('',#1053,.T.);
#670=FACE_OUTER_BOUND('',#1054,.T.);
#671=FACE_OUTER_BOUND('',#1055,.T.);
#672=FACE_OUTER_BOUND('',#1056,.T.);
#673=FACE_OUTER_BOUND('',#1057,.T.);
#674=FACE_OUTER_BOUND('',#1058,.T.);
#675=FACE_OUTER_BOUND('',#1059,.T.);
#676=FACE_OUTER_BOUND('',#1060,.T.);
#677=FACE_OUTER_BOUND('',#1061,.T.);
#678=FACE_OUTER_BOUND('',#1062,.T.);
#679=FACE_OUTER_BOUND('',#1063,.T.);
#680=FACE_OUTER_BOUND('',#1064,.T.);
#681=FACE_OUTER_BOUND('',#1065,.T.);
#682=FACE_OUTER_BOUND('',#1066,.T.);
#683=FACE_OUTER_BOUND('',#1067,.T.);
#684=FACE_OUTER_BOUND('',#1068,.T.);
#685=FACE_OUTER_BOUND('',#1069,.T.);
#686=FACE_OUTER_BOUND('',#1070,.T.);
#687=FACE_OUTER_BOUND('',#1071,.T.);
#688=FACE_OUTER_BOUND('',#1072,.T.);
#689=FACE_OUTER_BOUND('',#1073,.T.);
#690=FACE_OUTER_BOUND('',#1074,.T.);
#691=FACE_OUTER_BOUND('',#1075,.T.);
#692=FACE_OUTER_BOUND('',#1076,.T.);
#693=FACE_OUTER_BOUND('',#1077,.T.);
#694=FACE_OUTER_BOUND('',#1078,.T.);
#695=FACE_OUTER_BOUND('',#1079,.T.);
#696=FACE_OUTER_BOUND('',#1080,.T.);
#697=FACE_OUTER_BOUND('',#1081,.T.);
#698=FACE_OUTER_BOUND('',#1082,.T.);
#699=FACE_OUTER_BOUND('',#1083,.T.);
#700=FACE_OUTER_BOUND('',#1084,.T.);
#701=FACE_OUTER_BOUND('',#1085,.T.);
#702=FACE_OUTER_BOUND('',#1086,.T.);
#703=FACE_OUTER_BOUND('',#1087,.T.);
#704=FACE_OUTER_BOUND('',#1088,.T.);
#705=FACE_OUTER_BOUND('',#1089,.T.);
#706=FACE_OUTER_BOUND('',#1090,.T.);
#707=FACE_OUTER_BOUND('',#1091,.T.);
#708=FACE_OUTER_BOUND('',#1092,.T.);
#709=FACE_OUTER_BOUND('',#1093,.T.);
#710=FACE_OUTER_BOUND('',#1094,.T.);
#711=FACE_OUTER_BOUND('',#1095,.T.);
#712=FACE_OUTER_BOUND('',#1096,.T.);
#713=FACE_OUTER_BOUND('',#1097,.T.);
#714=FACE_OUTER_BOUND('',#1098,.T.);
#715=FACE_OUTER_BOUND('',#1099,.T.);
#716=FACE_OUTER_BOUND('',#1100,.T.);
#717=FACE_OUTER_BOUND('',#1101,.T.);
#718=FACE_OUTER_BOUND('',#1102,.T.);
#719=FACE_OUTER_BOUND('',#1103,.T.);
#720=FACE_OUTER_BOUND('',#1104,.T.);
#721=FACE_OUTER_BOUND('',#1105,.T.);
#722=FACE_OUTER_BOUND('',#1106,.T.);
#723=FACE_OUTER_BOUND('',#1107,.T.);
#724=FACE_OUTER_BOUND('',#1108,.T.);
#725=FACE_OUTER_BOUND('',#1109,.T.);
#726=FACE_OUTER_BOUND('',#1110,.T.);
#727=FACE_OUTER_BOUND('',#1111,.T.);
#728=FACE_OUTER_BOUND('',#1112,.T.);
#729=FACE_OUTER_BOUND('',#1113,.T.);
#730=FACE_OUTER_BOUND('',#1114,.T.);
#731=FACE_OUTER_BOUND('',#1116,.T.);
#732=FACE_OUTER_BOUND('',#1118,.T.);
#733=FACE_OUTER_BOUND('',#1119,.T.);
#734=FACE_OUTER_BOUND('',#1120,.T.);
#735=FACE_OUTER_BOUND('',#1121,.T.);
#736=FACE_OUTER_BOUND('',#1122,.T.);
#737=FACE_OUTER_BOUND('',#1123,.T.);
#738=FACE_OUTER_BOUND('',#1124,.T.);
#739=FACE_OUTER_BOUND('',#1125,.T.);
#740=FACE_OUTER_BOUND('',#1126,.T.);
#741=FACE_OUTER_BOUND('',#1127,.T.);
#742=FACE_OUTER_BOUND('',#1128,.T.);
#743=FACE_OUTER_BOUND('',#1129,.T.);
#744=FACE_OUTER_BOUND('',#1130,.T.);
#745=FACE_OUTER_BOUND('',#1131,.T.);
#746=FACE_OUTER_BOUND('',#1132,.T.);
#747=FACE_OUTER_BOUND('',#1133,.T.);
#748=FACE_OUTER_BOUND('',#1134,.T.);
#749=FACE_OUTER_BOUND('',#1135,.T.);
#750=FACE_OUTER_BOUND('',#1136,.T.);
#751=FACE_OUTER_BOUND('',#1137,.T.);
#752=FACE_OUTER_BOUND('',#1138,.T.);
#753=FACE_OUTER_BOUND('',#1139,.T.);
#754=FACE_OUTER_BOUND('',#1140,.T.);
#755=FACE_OUTER_BOUND('',#1141,.T.);
#756=FACE_OUTER_BOUND('',#1142,.T.);
#757=FACE_OUTER_BOUND('',#1143,.T.);
#758=FACE_OUTER_BOUND('',#1144,.T.);
#759=FACE_OUTER_BOUND('',#1145,.T.);
#760=FACE_OUTER_BOUND('',#1146,.T.);
#761=FACE_OUTER_BOUND('',#1147,.T.);
#762=FACE_OUTER_BOUND('',#1148,.T.);
#763=FACE_OUTER_BOUND('',#1149,.T.);
#764=FACE_OUTER_BOUND('',#1150,.T.);
#765=FACE_OUTER_BOUND('',#1151,.T.);
#766=FACE_OUTER_BOUND('',#1153,.T.);
#767=FACE_OUTER_BOUND('',#1155,.T.);
#768=FACE_OUTER_BOUND('',#1156,.T.);
#769=FACE_OUTER_BOUND('',#1157,.T.);
#770=FACE_OUTER_BOUND('',#1158,.T.);
#771=FACE_OUTER_BOUND('',#1159,.T.);
#772=FACE_OUTER_BOUND('',#1160,.T.);
#773=FACE_OUTER_BOUND('',#1161,.T.);
#774=FACE_OUTER_BOUND('',#1162,.T.);
#775=FACE_OUTER_BOUND('',#1163,.T.);
#776=FACE_OUTER_BOUND('',#1165,.T.);
#777=FACE_OUTER_BOUND('',#1167,.T.);
#778=FACE_OUTER_BOUND('',#1168,.T.);
#779=FACE_OUTER_BOUND('',#1169,.T.);
#780=FACE_OUTER_BOUND('',#1170,.T.);
#781=FACE_OUTER_BOUND('',#1171,.T.);
#782=FACE_OUTER_BOUND('',#1172,.T.);
#783=FACE_OUTER_BOUND('',#1173,.T.);
#784=FACE_OUTER_BOUND('',#1174,.T.);
#785=FACE_OUTER_BOUND('',#1175,.T.);
#786=FACE_OUTER_BOUND('',#1176,.T.);
#787=FACE_OUTER_BOUND('',#1177,.T.);
#788=FACE_OUTER_BOUND('',#1178,.T.);
#789=FACE_OUTER_BOUND('',#1179,.T.);
#790=FACE_OUTER_BOUND('',#1180,.T.);
#791=FACE_OUTER_BOUND('',#1181,.T.);
#792=FACE_OUTER_BOUND('',#1182,.T.);
#793=FACE_OUTER_BOUND('',#1183,.T.);
#794=FACE_OUTER_BOUND('',#1184,.T.);
#795=FACE_OUTER_BOUND('',#1185,.T.);
#796=FACE_OUTER_BOUND('',#1186,.T.);
#797=FACE_OUTER_BOUND('',#1187,.T.);
#798=FACE_OUTER_BOUND('',#1188,.T.);
#799=FACE_OUTER_BOUND('',#1189,.T.);
#800=FACE_OUTER_BOUND('',#1190,.T.);
#801=FACE_OUTER_BOUND('',#1191,.T.);
#802=FACE_OUTER_BOUND('',#1192,.T.);
#803=FACE_OUTER_BOUND('',#1193,.T.);
#804=FACE_OUTER_BOUND('',#1194,.T.);
#805=FACE_OUTER_BOUND('',#1195,.T.);
#806=FACE_OUTER_BOUND('',#1196,.T.);
#807=FACE_OUTER_BOUND('',#1197,.T.);
#808=FACE_OUTER_BOUND('',#1198,.T.);
#809=FACE_OUTER_BOUND('',#1199,.T.);
#810=FACE_OUTER_BOUND('',#1200,.T.);
#811=FACE_OUTER_BOUND('',#1202,.T.);
#812=FACE_OUTER_BOUND('',#1204,.T.);
#813=FACE_OUTER_BOUND('',#1205,.T.);
#814=FACE_OUTER_BOUND('',#1206,.T.);
#815=FACE_OUTER_BOUND('',#1207,.T.);
#816=FACE_OUTER_BOUND('',#1208,.T.);
#817=FACE_OUTER_BOUND('',#1209,.T.);
#818=FACE_OUTER_BOUND('',#1210,.T.);
#819=FACE_OUTER_BOUND('',#1211,.T.);
#820=FACE_OUTER_BOUND('',#1212,.T.);
#821=FACE_OUTER_BOUND('',#1213,.T.);
#822=FACE_OUTER_BOUND('',#1214,.T.);
#823=FACE_OUTER_BOUND('',#1215,.T.);
#824=FACE_OUTER_BOUND('',#1216,.T.);
#825=FACE_OUTER_BOUND('',#1217,.T.);
#826=FACE_OUTER_BOUND('',#1218,.T.);
#827=FACE_OUTER_BOUND('',#1219,.T.);
#828=FACE_OUTER_BOUND('',#1220,.T.);
#829=FACE_OUTER_BOUND('',#1221,.T.);
#830=FACE_OUTER_BOUND('',#1222,.T.);
#831=FACE_OUTER_BOUND('',#1223,.T.);
#832=FACE_OUTER_BOUND('',#1224,.T.);
#833=FACE_OUTER_BOUND('',#1225,.T.);
#834=FACE_OUTER_BOUND('',#1226,.T.);
#835=FACE_OUTER_BOUND('',#1227,.T.);
#836=FACE_OUTER_BOUND('',#1228,.T.);
#837=FACE_OUTER_BOUND('',#1229,.T.);
#838=FACE_OUTER_BOUND('',#1230,.T.);
#839=FACE_OUTER_BOUND('',#1231,.T.);
#840=FACE_OUTER_BOUND('',#1232,.T.);
#841=FACE_OUTER_BOUND('',#1233,.T.);
#842=FACE_OUTER_BOUND('',#1234,.T.);
#843=FACE_OUTER_BOUND('',#1235,.T.);
#844=FACE_OUTER_BOUND('',#1236,.T.);
#845=FACE_OUTER_BOUND('',#1237,.T.);
#846=FACE_OUTER_BOUND('',#1238,.T.);
#847=FACE_OUTER_BOUND('',#1239,.T.);
#848=FACE_OUTER_BOUND('',#1240,.T.);
#849=FACE_OUTER_BOUND('',#1241,.T.);
#850=FACE_OUTER_BOUND('',#1242,.T.);
#851=FACE_OUTER_BOUND('',#1243,.T.);
#852=FACE_OUTER_BOUND('',#1244,.T.);
#853=FACE_OUTER_BOUND('',#1245,.T.);
#854=FACE_OUTER_BOUND('',#1246,.T.);
#855=FACE_OUTER_BOUND('',#1247,.T.);
#856=FACE_OUTER_BOUND('',#1248,.T.);
#857=FACE_OUTER_BOUND('',#1249,.T.);
#858=FACE_OUTER_BOUND('',#1250,.T.);
#859=FACE_OUTER_BOUND('',#1251,.T.);
#860=FACE_OUTER_BOUND('',#1252,.T.);
#861=FACE_OUTER_BOUND('',#1253,.T.);
#862=FACE_OUTER_BOUND('',#1254,.T.);
#863=FACE_OUTER_BOUND('',#1255,.T.);
#864=FACE_OUTER_BOUND('',#1256,.T.);
#865=FACE_OUTER_BOUND('',#1257,.T.);
#866=FACE_OUTER_BOUND('',#1258,.T.);
#867=FACE_OUTER_BOUND('',#1259,.T.);
#868=FACE_OUTER_BOUND('',#1260,.T.);
#869=FACE_OUTER_BOUND('',#1261,.T.);
#870=FACE_OUTER_BOUND('',#1262,.T.);
#871=FACE_OUTER_BOUND('',#1263,.T.);
#872=EDGE_LOOP('',(#3858,#3859,#3860,#3861));
#873=EDGE_LOOP('',(#3862,#3863,#3864,#3865,#3866,#3867,#3868,#3869));
#874=EDGE_LOOP('',(#3870));
#875=EDGE_LOOP('',(#3871));
#876=EDGE_LOOP('',(#3872));
#877=EDGE_LOOP('',(#3873));
#878=EDGE_LOOP('',(#3874));
#879=EDGE_LOOP('',(#3875));
#880=EDGE_LOOP('',(#3876));
#881=EDGE_LOOP('',(#3877));
#882=EDGE_LOOP('',(#3878));
#883=EDGE_LOOP('',(#3879,#3880,#3881,#3882));
#884=EDGE_LOOP('',(#3883,#3884,#3885,#3886));
#885=EDGE_LOOP('',(#3887,#3888,#3889,#3890));
#886=EDGE_LOOP('',(#3891,#3892,#3893,#3894));
#887=EDGE_LOOP('',(#3895,#3896,#3897,#3898));
#888=EDGE_LOOP('',(#3899,#3900,#3901,#3902));
#889=EDGE_LOOP('',(#3903,#3904,#3905,#3906));
#890=EDGE_LOOP('',(#3907,#3908,#3909,#3910));
#891=EDGE_LOOP('',(#3911,#3912,#3913,#3914));
#892=EDGE_LOOP('',(#3915,#3916,#3917,#3918));
#893=EDGE_LOOP('',(#3919,#3920,#3921,#3922));
#894=EDGE_LOOP('',(#3923,#3924,#3925,#3926));
#895=EDGE_LOOP('',(#3927,#3928,#3929,#3930));
#896=EDGE_LOOP('',(#3931));
#897=EDGE_LOOP('',(#3932,#3933,#3934,#3935));
#898=EDGE_LOOP('',(#3936,#3937,#3938,#3939));
#899=EDGE_LOOP('',(#3940,#3941,#3942,#3943));
#900=EDGE_LOOP('',(#3944,#3945,#3946,#3947));
#901=EDGE_LOOP('',(#3948,#3949,#3950,#3951));
#902=EDGE_LOOP('',(#3952,#3953,#3954,#3955));
#903=EDGE_LOOP('',(#3956,#3957,#3958,#3959));
#904=EDGE_LOOP('',(#3960,#3961,#3962,#3963));
#905=EDGE_LOOP('',(#3964,#3965,#3966,#3967));
#906=EDGE_LOOP('',(#3968,#3969,#3970,#3971));
#907=EDGE_LOOP('',(#3972));
#908=EDGE_LOOP('',(#3973,#3974,#3975,#3976));
#909=EDGE_LOOP('',(#3977));
#910=EDGE_LOOP('',(#3978,#3979,#3980,#3981));
#911=EDGE_LOOP('',(#3982,#3983,#3984,#3985));
#912=EDGE_LOOP('',(#3986,#3987,#3988,#3989));
#913=EDGE_LOOP('',(#3990,#3991,#3992,#3993));
#914=EDGE_LOOP('',(#3994));
#915=EDGE_LOOP('',(#3995));
#916=EDGE_LOOP('',(#3996));
#917=EDGE_LOOP('',(#3997));
#918=EDGE_LOOP('',(#3998));
#919=EDGE_LOOP('',(#3999));
#920=EDGE_LOOP('',(#4000));
#921=EDGE_LOOP('',(#4001));
#922=EDGE_LOOP('',(#4002,#4003,#4004,#4005));
#923=EDGE_LOOP('',(#4006,#4007,#4008,#4009));
#924=EDGE_LOOP('',(#4010,#4011,#4012,#4013));
#925=EDGE_LOOP('',(#4014,#4015,#4016,#4017));
#926=EDGE_LOOP('',(#4018,#4019,#4020,#4021));
#927=EDGE_LOOP('',(#4022,#4023,#4024,#4025));
#928=EDGE_LOOP('',(#4026,#4027,#4028,#4029));
#929=EDGE_LOOP('',(#4030,#4031,#4032,#4033));
#930=EDGE_LOOP('',(#4034,#4035,#4036,#4037));
#931=EDGE_LOOP('',(#4038,#4039,#4040,#4041));
#932=EDGE_LOOP('',(#4042,#4043,#4044,#4045));
#933=EDGE_LOOP('',(#4046,#4047,#4048));
#934=EDGE_LOOP('',(#4049,#4050,#4051,#4052));
#935=EDGE_LOOP('',(#4053,#4054,#4055,#4056));
#936=EDGE_LOOP('',(#4057,#4058,#4059,#4060));
#937=EDGE_LOOP('',(#4061,#4062,#4063,#4064));
#938=EDGE_LOOP('',(#4065,#4066,#4067));
#939=EDGE_LOOP('',(#4068,#4069,#4070));
#940=EDGE_LOOP('',(#4071,#4072,#4073,#4074));
#941=EDGE_LOOP('',(#4075,#4076,#4077,#4078));
#942=EDGE_LOOP('',(#4079,#4080,#4081));
#943=EDGE_LOOP('',(#4082,#4083,#4084,#4085));
#944=EDGE_LOOP('',(#4086,#4087,#4088,#4089));
#945=EDGE_LOOP('',(#4090,#4091,#4092,#4093));
#946=EDGE_LOOP('',(#4094,#4095,#4096,#4097));
#947=EDGE_LOOP('',(#4098,#4099,#4100,#4101));
#948=EDGE_LOOP('',(#4102,#4103,#4104,#4105));
#949=EDGE_LOOP('',(#4106,#4107,#4108,#4109,#4110));
#950=EDGE_LOOP('',(#4111));
#951=EDGE_LOOP('',(#4112,#4113,#4114,#4115,#4116));
#952=EDGE_LOOP('',(#4117,#4118,#4119,#4120));
#953=EDGE_LOOP('',(#4121,#4122,#4123,#4124));
#954=EDGE_LOOP('',(#4125,#4126,#4127,#4128));
#955=EDGE_LOOP('',(#4129,#4130,#4131,#4132));
#956=EDGE_LOOP('',(#4133,#4134,#4135,#4136,#4137));
#957=EDGE_LOOP('',(#4138,#4139,#4140,#4141,#4142));
#958=EDGE_LOOP('',(#4143));
#959=EDGE_LOOP('',(#4144,#4145,#4146,#4147,#4148));
#960=EDGE_LOOP('',(#4149));
#961=EDGE_LOOP('',(#4150));
#962=EDGE_LOOP('',(#4151,#4152,#4153,#4154,#4155));
#963=EDGE_LOOP('',(#4156,#4157,#4158,#4159,#4160,#4161));
#964=EDGE_LOOP('',(#4162,#4163,#4164,#4165));
#965=EDGE_LOOP('',(#4166));
#966=EDGE_LOOP('',(#4167));
#967=EDGE_LOOP('',(#4168,#4169,#4170,#4171));
#968=EDGE_LOOP('',(#4172));
#969=EDGE_LOOP('',(#4173));
#970=EDGE_LOOP('',(#4174,#4175,#4176,#4177));
#971=EDGE_LOOP('',(#4178));
#972=EDGE_LOOP('',(#4179));
#973=EDGE_LOOP('',(#4180,#4181,#4182,#4183));
#974=EDGE_LOOP('',(#4184));
#975=EDGE_LOOP('',(#4185));
#976=EDGE_LOOP('',(#4186,#4187,#4188,#4189));
#977=EDGE_LOOP('',(#4190));
#978=EDGE_LOOP('',(#4191));
#979=EDGE_LOOP('',(#4192,#4193,#4194,#4195));
#980=EDGE_LOOP('',(#4196));
#981=EDGE_LOOP('',(#4197));
#982=EDGE_LOOP('',(#4198,#4199,#4200,#4201));
#983=EDGE_LOOP('',(#4202));
#984=EDGE_LOOP('',(#4203));
#985=EDGE_LOOP('',(#4204,#4205,#4206,#4207));
#986=EDGE_LOOP('',(#4208));
#987=EDGE_LOOP('',(#4209));
#988=EDGE_LOOP('',(#4210,#4211,#4212,#4213));
#989=EDGE_LOOP('',(#4214));
#990=EDGE_LOOP('',(#4215));
#991=EDGE_LOOP('',(#4216,#4217,#4218,#4219));
#992=EDGE_LOOP('',(#4220));
#993=EDGE_LOOP('',(#4221));
#994=EDGE_LOOP('',(#4222,#4223,#4224,#4225));
#995=EDGE_LOOP('',(#4226));
#996=EDGE_LOOP('',(#4227));
#997=EDGE_LOOP('',(#4228,#4229,#4230,#4231));
#998=EDGE_LOOP('',(#4232));
#999=EDGE_LOOP('',(#4233));
#1000=EDGE_LOOP('',(#4234,#4235,#4236,#4237));
#1001=EDGE_LOOP('',(#4238));
#1002=EDGE_LOOP('',(#4239));
#1003=EDGE_LOOP('',(#4240,#4241,#4242,#4243));
#1004=EDGE_LOOP('',(#4244));
#1005=EDGE_LOOP('',(#4245));
#1006=EDGE_LOOP('',(#4246,#4247,#4248,#4249));
#1007=EDGE_LOOP('',(#4250));
#1008=EDGE_LOOP('',(#4251));
#1009=EDGE_LOOP('',(#4252,#4253,#4254,#4255));
#1010=EDGE_LOOP('',(#4256));
#1011=EDGE_LOOP('',(#4257));
#1012=EDGE_LOOP('',(#4258,#4259,#4260,#4261));
#1013=EDGE_LOOP('',(#4262,#4263,#4264,#4265));
#1014=EDGE_LOOP('',(#4266,#4267,#4268,#4269));
#1015=EDGE_LOOP('',(#4270,#4271,#4272,#4273));
#1016=EDGE_LOOP('',(#4274,#4275,#4276,#4277));
#1017=EDGE_LOOP('',(#4278,#4279,#4280,#4281));
#1018=EDGE_LOOP('',(#4282,#4283,#4284,#4285));
#1019=EDGE_LOOP('',(#4286,#4287,#4288,#4289));
#1020=EDGE_LOOP('',(#4290,#4291,#4292,#4293));
#1021=EDGE_LOOP('',(#4294,#4295,#4296,#4297));
#1022=EDGE_LOOP('',(#4298,#4299,#4300,#4301));
#1023=EDGE_LOOP('',(#4302,#4303,#4304,#4305));
#1024=EDGE_LOOP('',(#4306,#4307,#4308,#4309));
#1025=EDGE_LOOP('',(#4310,#4311,#4312,#4313));
#1026=EDGE_LOOP('',(#4314,#4315,#4316,#4317));
#1027=EDGE_LOOP('',(#4318,#4319,#4320,#4321));
#1028=EDGE_LOOP('',(#4322,#4323,#4324,#4325));
#1029=EDGE_LOOP('',(#4326,#4327,#4328,#4329));
#1030=EDGE_LOOP('',(#4330,#4331,#4332,#4333));
#1031=EDGE_LOOP('',(#4334,#4335,#4336,#4337));
#1032=EDGE_LOOP('',(#4338,#4339,#4340,#4341,#4342,#4343));
#1033=EDGE_LOOP('',(#4344,#4345,#4346,#4347));
#1034=EDGE_LOOP('',(#4348,#4349,#4350,#4351,#4352,#4353));
#1035=EDGE_LOOP('',(#4354,#4355,#4356,#4357));
#1036=EDGE_LOOP('',(#4358,#4359,#4360,#4361));
#1037=EDGE_LOOP('',(#4362,#4363,#4364,#4365));
#1038=EDGE_LOOP('',(#4366,#4367,#4368,#4369));
#1039=EDGE_LOOP('',(#4370,#4371,#4372,#4373));
#1040=EDGE_LOOP('',(#4374,#4375,#4376,#4377,#4378,#4379));
#1041=EDGE_LOOP('',(#4380,#4381,#4382,#4383));
#1042=EDGE_LOOP('',(#4384,#4385,#4386,#4387,#4388,#4389));
#1043=EDGE_LOOP('',(#4390,#4391,#4392,#4393));
#1044=EDGE_LOOP('',(#4394,#4395,#4396,#4397));
#1045=EDGE_LOOP('',(#4398,#4399,#4400,#4401));
#1046=EDGE_LOOP('',(#4402,#4403,#4404,#4405));
#1047=EDGE_LOOP('',(#4406,#4407,#4408,#4409,#4410,#4411,#4412,#4413,#4414,
#4415));
#1048=EDGE_LOOP('',(#4416,#4417,#4418,#4419));
#1049=EDGE_LOOP('',(#4420,#4421,#4422,#4423,#4424,#4425,#4426,#4427,#4428,
#4429));
#1050=EDGE_LOOP('',(#4430,#4431,#4432,#4433));
#1051=EDGE_LOOP('',(#4434,#4435,#4436,#4437));
#1052=EDGE_LOOP('',(#4438,#4439,#4440,#4441,#4442,#4443));
#1053=EDGE_LOOP('',(#4444,#4445,#4446,#4447));
#1054=EDGE_LOOP('',(#4448,#4449,#4450,#4451,#4452,#4453));
#1055=EDGE_LOOP('',(#4454,#4455,#4456,#4457));
#1056=EDGE_LOOP('',(#4458,#4459,#4460,#4461));
#1057=EDGE_LOOP('',(#4462,#4463,#4464,#4465));
#1058=EDGE_LOOP('',(#4466,#4467,#4468,#4469));
#1059=EDGE_LOOP('',(#4470,#4471,#4472,#4473));
#1060=EDGE_LOOP('',(#4474,#4475,#4476,#4477));
#1061=EDGE_LOOP('',(#4478,#4479,#4480,#4481));
#1062=EDGE_LOOP('',(#4482,#4483,#4484,#4485));
#1063=EDGE_LOOP('',(#4486,#4487,#4488,#4489));
#1064=EDGE_LOOP('',(#4490,#4491,#4492,#4493,#4494,#4495));
#1065=EDGE_LOOP('',(#4496,#4497,#4498,#4499));
#1066=EDGE_LOOP('',(#4500,#4501,#4502,#4503,#4504,#4505));
#1067=EDGE_LOOP('',(#4506,#4507,#4508,#4509));
#1068=EDGE_LOOP('',(#4510,#4511,#4512,#4513));
#1069=EDGE_LOOP('',(#4514,#4515,#4516,#4517,#4518,#4519));
#1070=EDGE_LOOP('',(#4520,#4521,#4522,#4523));
#1071=EDGE_LOOP('',(#4524,#4525,#4526,#4527,#4528,#4529));
#1072=EDGE_LOOP('',(#4530,#4531,#4532,#4533));
#1073=EDGE_LOOP('',(#4534,#4535,#4536,#4537));
#1074=EDGE_LOOP('',(#4538,#4539,#4540,#4541,#4542,#4543));
#1075=EDGE_LOOP('',(#4544,#4545,#4546,#4547));
#1076=EDGE_LOOP('',(#4548,#4549,#4550,#4551,#4552,#4553));
#1077=EDGE_LOOP('',(#4554,#4555,#4556,#4557));
#1078=EDGE_LOOP('',(#4558,#4559,#4560,#4561));
#1079=EDGE_LOOP('',(#4562,#4563,#4564,#4565,#4566,#4567));
#1080=EDGE_LOOP('',(#4568,#4569,#4570,#4571));
#1081=EDGE_LOOP('',(#4572,#4573,#4574,#4575,#4576,#4577));
#1082=EDGE_LOOP('',(#4578,#4579,#4580,#4581));
#1083=EDGE_LOOP('',(#4582,#4583,#4584,#4585));
#1084=EDGE_LOOP('',(#4586,#4587,#4588,#4589));
#1085=EDGE_LOOP('',(#4590,#4591,#4592,#4593));
#1086=EDGE_LOOP('',(#4594,#4595,#4596,#4597));
#1087=EDGE_LOOP('',(#4598,#4599,#4600,#4601));
#1088=EDGE_LOOP('',(#4602,#4603,#4604,#4605));
#1089=EDGE_LOOP('',(#4606,#4607,#4608,#4609,#4610,#4611));
#1090=EDGE_LOOP('',(#4612,#4613,#4614,#4615));
#1091=EDGE_LOOP('',(#4616,#4617,#4618,#4619,#4620,#4621));
#1092=EDGE_LOOP('',(#4622,#4623,#4624,#4625));
#1093=EDGE_LOOP('',(#4626,#4627,#4628,#4629));
#1094=EDGE_LOOP('',(#4630,#4631,#4632,#4633,#4634,#4635));
#1095=EDGE_LOOP('',(#4636,#4637,#4638,#4639));
#1096=EDGE_LOOP('',(#4640,#4641,#4642,#4643,#4644,#4645));
#1097=EDGE_LOOP('',(#4646,#4647,#4648,#4649));
#1098=EDGE_LOOP('',(#4650,#4651,#4652,#4653));
#1099=EDGE_LOOP('',(#4654,#4655,#4656,#4657));
#1100=EDGE_LOOP('',(#4658,#4659,#4660,#4661));
#1101=EDGE_LOOP('',(#4662,#4663,#4664,#4665));
#1102=EDGE_LOOP('',(#4666,#4667,#4668,#4669));
#1103=EDGE_LOOP('',(#4670,#4671,#4672,#4673));
#1104=EDGE_LOOP('',(#4674,#4675,#4676,#4677));
#1105=EDGE_LOOP('',(#4678,#4679,#4680,#4681));
#1106=EDGE_LOOP('',(#4682,#4683,#4684,#4685));
#1107=EDGE_LOOP('',(#4686,#4687,#4688,#4689));
#1108=EDGE_LOOP('',(#4690,#4691,#4692,#4693));
#1109=EDGE_LOOP('',(#4694,#4695,#4696,#4697));
#1110=EDGE_LOOP('',(#4698,#4699,#4700,#4701));
#1111=EDGE_LOOP('',(#4702,#4703,#4704,#4705));
#1112=EDGE_LOOP('',(#4706,#4707,#4708,#4709));
#1113=EDGE_LOOP('',(#4710,#4711,#4712,#4713));
#1114=EDGE_LOOP('',(#4714,#4715,#4716,#4717));
#1115=EDGE_LOOP('',(#4718,#4719,#4720,#4721));
#1116=EDGE_LOOP('',(#4722,#4723,#4724,#4725));
#1117=EDGE_LOOP('',(#4726,#4727,#4728,#4729));
#1118=EDGE_LOOP('',(#4730,#4731,#4732,#4733,#4734));
#1119=EDGE_LOOP('',(#4735,#4736,#4737,#4738,#4739,#4740,#4741,#4742,#4743,
#4744));
#1120=EDGE_LOOP('',(#4745,#4746,#4747,#4748));
#1121=EDGE_LOOP('',(#4749,#4750,#4751,#4752));
#1122=EDGE_LOOP('',(#4753,#4754,#4755,#4756));
#1123=EDGE_LOOP('',(#4757,#4758,#4759,#4760));
#1124=EDGE_LOOP('',(#4761,#4762,#4763,#4764,#4765,#4766,#4767,#4768,#4769,
#4770));
#1125=EDGE_LOOP('',(#4771,#4772,#4773,#4774,#4775,#4776));
#1126=EDGE_LOOP('',(#4777,#4778,#4779,#4780,#4781));
#1127=EDGE_LOOP('',(#4782,#4783,#4784,#4785,#4786));
#1128=EDGE_LOOP('',(#4787,#4788,#4789,#4790,#4791,#4792));
#1129=EDGE_LOOP('',(#4793,#4794,#4795,#4796,#4797,#4798));
#1130=EDGE_LOOP('',(#4799,#4800,#4801,#4802,#4803,#4804));
#1131=EDGE_LOOP('',(#4805,#4806,#4807,#4808,#4809));
#1132=EDGE_LOOP('',(#4810,#4811,#4812,#4813,#4814,#4815));
#1133=EDGE_LOOP('',(#4816,#4817,#4818,#4819,#4820,#4821));
#1134=EDGE_LOOP('',(#4822,#4823,#4824,#4825,#4826,#4827));
#1135=EDGE_LOOP('',(#4828,#4829,#4830,#4831,#4832,#4833));
#1136=EDGE_LOOP('',(#4834,#4835,#4836,#4837,#4838));
#1137=EDGE_LOOP('',(#4839,#4840,#4841,#4842,#4843,#4844));
#1138=EDGE_LOOP('',(#4845,#4846,#4847,#4848,#4849,#4850));
#1139=EDGE_LOOP('',(#4851,#4852,#4853,#4854,#4855,#4856));
#1140=EDGE_LOOP('',(#4857,#4858,#4859,#4860,#4861));
#1141=EDGE_LOOP('',(#4862,#4863,#4864,#4865,#4866));
#1142=EDGE_LOOP('',(#4867,#4868,#4869,#4870,#4871,#4872));
#1143=EDGE_LOOP('',(#4873,#4874,#4875,#4876));
#1144=EDGE_LOOP('',(#4877,#4878,#4879,#4880,#4881,#4882,#4883,#4884,#4885,
#4886));
#1145=EDGE_LOOP('',(#4887,#4888,#4889,#4890));
#1146=EDGE_LOOP('',(#4891,#4892,#4893,#4894));
#1147=EDGE_LOOP('',(#4895,#4896,#4897,#4898));
#1148=EDGE_LOOP('',(#4899,#4900,#4901,#4902));
#1149=EDGE_LOOP('',(#4903,#4904,#4905,#4906,#4907,#4908,#4909,#4910,#4911,
#4912));
#1150=EDGE_LOOP('',(#4913,#4914,#4915,#4916,#4917));
#1151=EDGE_LOOP('',(#4918,#4919,#4920,#4921));
#1152=EDGE_LOOP('',(#4922,#4923,#4924,#4925));
#1153=EDGE_LOOP('',(#4926,#4927,#4928,#4929));
#1154=EDGE_LOOP('',(#4930,#4931,#4932,#4933));
#1155=EDGE_LOOP('',(#4934,#4935,#4936,#4937));
#1156=EDGE_LOOP('',(#4938,#4939,#4940,#4941));
#1157=EDGE_LOOP('',(#4942,#4943,#4944,#4945));
#1158=EDGE_LOOP('',(#4946,#4947,#4948,#4949));
#1159=EDGE_LOOP('',(#4950,#4951,#4952,#4953));
#1160=EDGE_LOOP('',(#4954,#4955,#4956,#4957));
#1161=EDGE_LOOP('',(#4958,#4959,#4960,#4961));
#1162=EDGE_LOOP('',(#4962,#4963,#4964,#4965));
#1163=EDGE_LOOP('',(#4966,#4967,#4968,#4969));
#1164=EDGE_LOOP('',(#4970,#4971,#4972,#4973));
#1165=EDGE_LOOP('',(#4974,#4975,#4976,#4977));
#1166=EDGE_LOOP('',(#4978,#4979,#4980,#4981));
#1167=EDGE_LOOP('',(#4982,#4983,#4984,#4985,#4986));
#1168=EDGE_LOOP('',(#4987,#4988,#4989,#4990,#4991,#4992,#4993,#4994,#4995,
#4996));
#1169=EDGE_LOOP('',(#4997,#4998,#4999,#5000));
#1170=EDGE_LOOP('',(#5001,#5002,#5003,#5004));
#1171=EDGE_LOOP('',(#5005,#5006,#5007,#5008));
#1172=EDGE_LOOP('',(#5009,#5010,#5011,#5012));
#1173=EDGE_LOOP('',(#5013,#5014,#5015,#5016,#5017,#5018,#5019,#5020,#5021,
#5022));
#1174=EDGE_LOOP('',(#5023,#5024,#5025,#5026,#5027,#5028));
#1175=EDGE_LOOP('',(#5029,#5030,#5031,#5032,#5033));
#1176=EDGE_LOOP('',(#5034,#5035,#5036,#5037,#5038));
#1177=EDGE_LOOP('',(#5039,#5040,#5041,#5042,#5043,#5044));
#1178=EDGE_LOOP('',(#5045,#5046,#5047,#5048,#5049,#5050));
#1179=EDGE_LOOP('',(#5051,#5052,#5053,#5054,#5055,#5056));
#1180=EDGE_LOOP('',(#5057,#5058,#5059,#5060,#5061));
#1181=EDGE_LOOP('',(#5062,#5063,#5064,#5065,#5066,#5067));
#1182=EDGE_LOOP('',(#5068,#5069,#5070,#5071,#5072,#5073));
#1183=EDGE_LOOP('',(#5074,#5075,#5076,#5077,#5078,#5079));
#1184=EDGE_LOOP('',(#5080,#5081,#5082,#5083,#5084,#5085));
#1185=EDGE_LOOP('',(#5086,#5087,#5088,#5089,#5090));
#1186=EDGE_LOOP('',(#5091,#5092,#5093,#5094,#5095,#5096));
#1187=EDGE_LOOP('',(#5097,#5098,#5099,#5100,#5101,#5102));
#1188=EDGE_LOOP('',(#5103,#5104,#5105,#5106,#5107,#5108));
#1189=EDGE_LOOP('',(#5109,#5110,#5111,#5112,#5113));
#1190=EDGE_LOOP('',(#5114,#5115,#5116,#5117));
#1191=EDGE_LOOP('',(#5118,#5119,#5120,#5121,#5122));
#1192=EDGE_LOOP('',(#5123,#5124,#5125,#5126,#5127,#5128));
#1193=EDGE_LOOP('',(#5129,#5130,#5131,#5132,#5133,#5134,#5135,#5136,#5137,
#5138));
#1194=EDGE_LOOP('',(#5139,#5140,#5141,#5142));
#1195=EDGE_LOOP('',(#5143,#5144,#5145,#5146));
#1196=EDGE_LOOP('',(#5147,#5148,#5149,#5150));
#1197=EDGE_LOOP('',(#5151,#5152,#5153,#5154));
#1198=EDGE_LOOP('',(#5155,#5156,#5157,#5158,#5159,#5160,#5161,#5162,#5163,
#5164));
#1199=EDGE_LOOP('',(#5165,#5166,#5167,#5168,#5169));
#1200=EDGE_LOOP('',(#5170,#5171,#5172,#5173));
#1201=EDGE_LOOP('',(#5174,#5175,#5176,#5177));
#1202=EDGE_LOOP('',(#5178,#5179,#5180,#5181));
#1203=EDGE_LOOP('',(#5182,#5183,#5184,#5185));
#1204=EDGE_LOOP('',(#5186,#5187,#5188,#5189));
#1205=EDGE_LOOP('',(#5190,#5191,#5192,#5193));
#1206=EDGE_LOOP('',(#5194,#5195,#5196,#5197));
#1207=EDGE_LOOP('',(#5198,#5199,#5200,#5201));
#1208=EDGE_LOOP('',(#5202,#5203,#5204,#5205));
#1209=EDGE_LOOP('',(#5206,#5207,#5208,#5209));
#1210=EDGE_LOOP('',(#5210,#5211,#5212,#5213));
#1211=EDGE_LOOP('',(#5214,#5215,#5216,#5217));
#1212=EDGE_LOOP('',(#5218,#5219,#5220,#5221));
#1213=EDGE_LOOP('',(#5222,#5223,#5224,#5225));
#1214=EDGE_LOOP('',(#5226,#5227,#5228,#5229));
#1215=EDGE_LOOP('',(#5230,#5231,#5232,#5233));
#1216=EDGE_LOOP('',(#5234,#5235,#5236,#5237));
#1217=EDGE_LOOP('',(#5238,#5239,#5240,#5241));
#1218=EDGE_LOOP('',(#5242,#5243,#5244,#5245));
#1219=EDGE_LOOP('',(#5246,#5247,#5248,#5249));
#1220=EDGE_LOOP('',(#5250,#5251,#5252,#5253));
#1221=EDGE_LOOP('',(#5254,#5255,#5256,#5257));
#1222=EDGE_LOOP('',(#5258,#5259,#5260,#5261));
#1223=EDGE_LOOP('',(#5262,#5263,#5264,#5265));
#1224=EDGE_LOOP('',(#5266,#5267,#5268,#5269));
#1225=EDGE_LOOP('',(#5270,#5271,#5272,#5273));
#1226=EDGE_LOOP('',(#5274,#5275,#5276,#5277));
#1227=EDGE_LOOP('',(#5278,#5279,#5280,#5281));
#1228=EDGE_LOOP('',(#5282,#5283,#5284,#5285));
#1229=EDGE_LOOP('',(#5286,#5287,#5288,#5289));
#1230=EDGE_LOOP('',(#5290,#5291,#5292,#5293));
#1231=EDGE_LOOP('',(#5294,#5295,#5296,#5297));
#1232=EDGE_LOOP('',(#5298,#5299,#5300,#5301));
#1233=EDGE_LOOP('',(#5302,#5303,#5304,#5305));
#1234=EDGE_LOOP('',(#5306,#5307,#5308,#5309));
#1235=EDGE_LOOP('',(#5310,#5311,#5312,#5313));
#1236=EDGE_LOOP('',(#5314,#5315,#5316,#5317));
#1237=EDGE_LOOP('',(#5318,#5319,#5320,#5321));
#1238=EDGE_LOOP('',(#5322,#5323,#5324,#5325));
#1239=EDGE_LOOP('',(#5326,#5327,#5328,#5329));
#1240=EDGE_LOOP('',(#5330,#5331,#5332,#5333));
#1241=EDGE_LOOP('',(#5334,#5335,#5336,#5337));
#1242=EDGE_LOOP('',(#5338,#5339,#5340,#5341));
#1243=EDGE_LOOP('',(#5342,#5343,#5344,#5345));
#1244=EDGE_LOOP('',(#5346,#5347,#5348,#5349));
#1245=EDGE_LOOP('',(#5350,#5351,#5352,#5353));
#1246=EDGE_LOOP('',(#5354,#5355,#5356,#5357));
#1247=EDGE_LOOP('',(#5358,#5359,#5360,#5361));
#1248=EDGE_LOOP('',(#5362,#5363,#5364,#5365));
#1249=EDGE_LOOP('',(#5366,#5367,#5368,#5369));
#1250=EDGE_LOOP('',(#5370,#5371,#5372,#5373));
#1251=EDGE_LOOP('',(#5374,#5375,#5376,#5377));
#1252=EDGE_LOOP('',(#5378,#5379,#5380,#5381));
#1253=EDGE_LOOP('',(#5382,#5383,#5384,#5385));
#1254=EDGE_LOOP('',(#5386,#5387,#5388,#5389));
#1255=EDGE_LOOP('',(#5390,#5391,#5392,#5393));
#1256=EDGE_LOOP('',(#5394,#5395,#5396,#5397));
#1257=EDGE_LOOP('',(#5398,#5399,#5400,#5401));
#1258=EDGE_LOOP('',(#5402,#5403,#5404,#5405));
#1259=EDGE_LOOP('',(#5406,#5407,#5408,#5409));
#1260=EDGE_LOOP('',(#5410,#5411,#5412,#5413));
#1261=EDGE_LOOP('',(#5414,#5415,#5416,#5417));
#1262=EDGE_LOOP('',(#5418,#5419,#5420,#5421));
#1263=EDGE_LOOP('',(#5422,#5423,#5424,#5425));
#1264=LINE('',#8232,#1905);
#1265=LINE('',#8234,#1906);
#1266=LINE('',#8236,#1907);
#1267=LINE('',#8237,#1908);
#1268=LINE('',#8240,#1909);
#1269=LINE('',#8244,#1910);
#1270=LINE('',#8248,#1911);
#1271=LINE('',#8252,#1912);
#1272=LINE('',#8274,#1913);
#1273=LINE('',#8276,#1914);
#1274=LINE('',#8278,#1915);
#1275=LINE('',#8279,#1916);
#1276=LINE('',#8282,#1917);
#1277=LINE('',#8284,#1918);
#1278=LINE('',#8286,#1919);
#1279=LINE('',#8287,#1920);
#1280=LINE('',#8290,#1921);
#1281=LINE('',#8292,#1922);
#1282=LINE('',#8294,#1923);
#1283=LINE('',#8295,#1924);
#1284=LINE('',#8298,#1925);
#1285=LINE('',#8300,#1926);
#1286=LINE('',#8302,#1927);
#1287=LINE('',#8303,#1928);
#1288=LINE('',#8306,#1929);
#1289=LINE('',#8308,#1930);
#1290=LINE('',#8310,#1931);
#1291=LINE('',#8311,#1932);
#1292=LINE('',#8314,#1933);
#1293=LINE('',#8316,#1934);
#1294=LINE('',#8318,#1935);
#1295=LINE('',#8319,#1936);
#1296=LINE('',#8322,#1937);
#1297=LINE('',#8324,#1938);
#1298=LINE('',#8326,#1939);
#1299=LINE('',#8327,#1940);
#1300=LINE('',#8330,#1941);
#1301=LINE('',#8332,#1942);
#1302=LINE('',#8334,#1943);
#1303=LINE('',#8335,#1944);
#1304=LINE('',#8338,#1945);
#1305=LINE('',#8340,#1946);
#1306=LINE('',#8342,#1947);
#1307=LINE('',#8343,#1948);
#1308=LINE('',#8346,#1949);
#1309=LINE('',#8348,#1950);
#1310=LINE('',#8350,#1951);
#1311=LINE('',#8351,#1952);
#1312=LINE('',#8354,#1953);
#1313=LINE('',#8356,#1954);
#1314=LINE('',#8358,#1955);
#1315=LINE('',#8359,#1956);
#1316=LINE('',#8362,#1957);
#1317=LINE('',#8364,#1958);
#1318=LINE('',#8366,#1959);
#1319=LINE('',#8367,#1960);
#1320=LINE('',#8370,#1961);
#1321=LINE('',#8372,#1962);
#1322=LINE('',#8374,#1963);
#1323=LINE('',#8375,#1964);
#1324=LINE('',#8381,#1965);
#1325=LINE('',#8383,#1966);
#1326=LINE('',#8385,#1967);
#1327=LINE('',#8386,#1968);
#1328=LINE('',#8391,#1969);
#1329=LINE('',#8397,#1970);
#1330=LINE('',#8403,#1971);
#1331=LINE('',#8409,#1972);
#1332=LINE('',#8415,#1973);
#1333=LINE('',#8421,#1974);
#1334=LINE('',#8427,#1975);
#1335=LINE('',#8433,#1976);
#1336=LINE('',#8438,#1977);
#1337=LINE('',#8440,#1978);
#1338=LINE('',#8442,#1979);
#1339=LINE('',#8443,#1980);
#1340=LINE('',#8449,#1981);
#1341=LINE('',#8451,#1982);
#1342=LINE('',#8453,#1983);
#1343=LINE('',#8454,#1984);
#1344=LINE('',#8459,#1985);
#1345=LINE('',#8461,#1986);
#1346=LINE('',#8463,#1987);
#1347=LINE('',#8464,#1988);
#1348=LINE('',#8467,#1989);
#1349=LINE('',#8469,#1990);
#1350=LINE('',#8471,#1991);
#1351=LINE('',#8472,#1992);
#1352=LINE('',#8475,#1993);
#1353=LINE('',#8477,#1994);
#1354=LINE('',#8479,#1995);
#1355=LINE('',#8480,#1996);
#1356=LINE('',#8483,#1997);
#1357=LINE('',#8485,#1998);
#1358=LINE('',#8487,#1999);
#1359=LINE('',#8488,#2000);
#1360=LINE('',#8506,#2001);
#1361=LINE('',#8507,#2002);
#1362=LINE('',#8509,#2003);
#1363=LINE('',#8511,#2004);
#1364=LINE('',#8514,#2005);
#1365=LINE('',#8518,#2006);
#1366=LINE('',#8519,#2007);
#1367=LINE('',#8520,#2008);
#1368=LINE('',#8524,#2009);
#1369=LINE('',#8525,#2010);
#1370=LINE('',#8526,#2011);
#1371=LINE('',#8529,#2012);
#1372=LINE('',#8531,#2013);
#1373=LINE('',#8532,#2014);
#1374=LINE('',#8536,#2015);
#1375=LINE('',#8537,#2016);
#1376=LINE('',#8538,#2017);
#1377=LINE('',#8542,#2018);
#1378=LINE('',#8544,#2019);
#1379=LINE('',#8546,#2020);
#1380=LINE('',#8547,#2021);
#1381=LINE('',#8574,#2022);
#1382=LINE('',#8576,#2023);
#1383=LINE('',#8577,#2024);
#1384=LINE('',#8580,#2025);
#1385=LINE('',#8581,#2026);
#1386=LINE('',#8584,#2027);
#1387=LINE('',#8585,#2028);
#1388=LINE('',#8587,#2029);
#1389=LINE('',#8591,#2030);
#1390=LINE('',#8601,#2031);
#1391=LINE('',#8602,#2032);
#1392=LINE('',#8604,#2033);
#1393=LINE('',#8606,#2034);
#1394=LINE('',#8613,#2035);
#1395=LINE('',#8618,#2036);
#1396=LINE('',#8629,#2037);
#1397=LINE('',#8667,#2038);
#1398=LINE('',#8672,#2039);
#1399=LINE('',#8677,#2040);
#1400=LINE('',#8682,#2041);
#1401=LINE('',#8687,#2042);
#1402=LINE('',#8692,#2043);
#1403=LINE('',#8697,#2044);
#1404=LINE('',#8702,#2045);
#1405=LINE('',#8707,#2046);
#1406=LINE('',#8712,#2047);
#1407=LINE('',#8717,#2048);
#1408=LINE('',#8722,#2049);
#1409=LINE('',#8727,#2050);
#1410=LINE('',#8732,#2051);
#1411=LINE('',#8737,#2052);
#1412=LINE('',#8742,#2053);
#1413=LINE('',#8746,#2054);
#1414=LINE('',#8748,#2055);
#1415=LINE('',#8749,#2056);
#1416=LINE('',#8752,#2057);
#1417=LINE('',#8753,#2058);
#1418=LINE('',#8756,#2059);
#1419=LINE('',#8757,#2060);
#1420=LINE('',#8759,#2061);
#1421=LINE('',#8763,#2062);
#1422=LINE('',#8765,#2063);
#1423=LINE('',#8766,#2064);
#1424=LINE('',#8769,#2065);
#1425=LINE('',#8770,#2066);
#1426=LINE('',#8773,#2067);
#1427=LINE('',#8774,#2068);
#1428=LINE('',#8776,#2069);
#1429=LINE('',#8780,#2070);
#1430=LINE('',#8782,#2071);
#1431=LINE('',#8783,#2072);
#1432=LINE('',#8786,#2073);
#1433=LINE('',#8787,#2074);
#1434=LINE('',#8790,#2075);
#1435=LINE('',#8791,#2076);
#1436=LINE('',#8793,#2077);
#1437=LINE('',#8797,#2078);
#1438=LINE('',#8799,#2079);
#1439=LINE('',#8800,#2080);
#1440=LINE('',#8803,#2081);
#1441=LINE('',#8804,#2082);
#1442=LINE('',#8807,#2083);
#1443=LINE('',#8808,#2084);
#1444=LINE('',#8810,#2085);
#1445=LINE('',#8816,#2086);
#1446=LINE('',#8818,#2087);
#1447=LINE('',#8820,#2088);
#1448=LINE('',#8824,#2089);
#1449=LINE('',#8826,#2090);
#1450=LINE('',#8827,#2091);
#1451=LINE('',#8832,#2092);
#1452=LINE('',#8833,#2093);
#1453=LINE('',#8836,#2094);
#1454=LINE('',#8837,#2095);
#1455=LINE('',#8844,#2096);
#1456=LINE('',#8846,#2097);
#1457=LINE('',#8848,#2098);
#1458=LINE('',#8849,#2099);
#1459=LINE('',#8854,#2100);
#1460=LINE('',#8855,#2101);
#1461=LINE('',#8859,#2102);
#1462=LINE('',#8861,#2103);
#1463=LINE('',#8862,#2104);
#1464=LINE('',#8865,#2105);
#1465=LINE('',#8872,#2106);
#1466=LINE('',#8874,#2107);
#1467=LINE('',#8875,#2108);
#1468=LINE('',#8880,#2109);
#1469=LINE('',#8882,#2110);
#1470=LINE('',#8884,#2111);
#1471=LINE('',#8886,#2112);
#1472=LINE('',#8887,#2113);
#1473=LINE('',#8891,#2114);
#1474=LINE('',#8893,#2115);
#1475=LINE('',#8894,#2116);
#1476=LINE('',#8898,#2117);
#1477=LINE('',#8900,#2118);
#1478=LINE('',#8902,#2119);
#1479=LINE('',#8903,#2120);
#1480=LINE('',#8906,#2121);
#1481=LINE('',#8910,#2122);
#1482=LINE('',#8912,#2123);
#1483=LINE('',#8914,#2124);
#1484=LINE('',#8915,#2125);
#1485=LINE('',#8920,#2126);
#1486=LINE('',#8921,#2127);
#1487=LINE('',#8925,#2128);
#1488=LINE('',#8927,#2129);
#1489=LINE('',#8928,#2130);
#1490=LINE('',#8931,#2131);
#1491=LINE('',#8939,#2132);
#1492=LINE('',#8941,#2133);
#1493=LINE('',#8946,#2134);
#1494=LINE('',#8948,#2135);
#1495=LINE('',#8950,#2136);
#1496=LINE('',#8951,#2137);
#1497=LINE('',#8956,#2138);
#1498=LINE('',#8957,#2139);
#1499=LINE('',#8961,#2140);
#1500=LINE('',#8963,#2141);
#1501=LINE('',#8964,#2142);
#1502=LINE('',#8967,#2143);
#1503=LINE('',#8973,#2144);
#1504=LINE('',#8975,#2145);
#1505=LINE('',#8977,#2146);
#1506=LINE('',#8978,#2147);
#1507=LINE('',#8983,#2148);
#1508=LINE('',#8984,#2149);
#1509=LINE('',#8988,#2150);
#1510=LINE('',#8990,#2151);
#1511=LINE('',#8991,#2152);
#1512=LINE('',#8994,#2153);
#1513=LINE('',#9000,#2154);
#1514=LINE('',#9002,#2155);
#1515=LINE('',#9004,#2156);
#1516=LINE('',#9005,#2157);
#1517=LINE('',#9010,#2158);
#1518=LINE('',#9011,#2159);
#1519=LINE('',#9015,#2160);
#1520=LINE('',#9017,#2161);
#1521=LINE('',#9018,#2162);
#1522=LINE('',#9021,#2163);
#1523=LINE('',#9027,#2164);
#1524=LINE('',#9029,#2165);
#1525=LINE('',#9031,#2166);
#1526=LINE('',#9032,#2167);
#1527=LINE('',#9037,#2168);
#1528=LINE('',#9038,#2169);
#1529=LINE('',#9042,#2170);
#1530=LINE('',#9044,#2171);
#1531=LINE('',#9045,#2172);
#1532=LINE('',#9048,#2173);
#1533=LINE('',#9053,#2174);
#1534=LINE('',#9055,#2175);
#1535=LINE('',#9056,#2176);
#1536=LINE('',#9059,#2177);
#1537=LINE('',#9060,#2178);
#1538=LINE('',#9063,#2179);
#1539=LINE('',#9064,#2180);
#1540=LINE('',#9066,#2181);
#1541=LINE('',#9071,#2182);
#1542=LINE('',#9073,#2183);
#1543=LINE('',#9075,#2184);
#1544=LINE('',#9076,#2185);
#1545=LINE('',#9081,#2186);
#1546=LINE('',#9082,#2187);
#1547=LINE('',#9086,#2188);
#1548=LINE('',#9088,#2189);
#1549=LINE('',#9089,#2190);
#1550=LINE('',#9092,#2191);
#1551=LINE('',#9098,#2192);
#1552=LINE('',#9100,#2193);
#1553=LINE('',#9102,#2194);
#1554=LINE('',#9103,#2195);
#1555=LINE('',#9108,#2196);
#1556=LINE('',#9109,#2197);
#1557=LINE('',#9113,#2198);
#1558=LINE('',#9115,#2199);
#1559=LINE('',#9116,#2200);
#1560=LINE('',#9119,#2201);
#1561=LINE('',#9152,#2202);
#1562=LINE('',#9154,#2203);
#1563=LINE('',#9156,#2204);
#1564=LINE('',#9157,#2205);
#1565=LINE('',#9160,#2206);
#1566=LINE('',#9162,#2207);
#1567=LINE('',#9163,#2208);
#1568=LINE('',#9166,#2209);
#1569=LINE('',#9168,#2210);
#1570=LINE('',#9169,#2211);
#1571=LINE('',#9171,#2212);
#1572=LINE('',#9172,#2213);
#1573=LINE('',#9176,#2214);
#1574=LINE('',#9178,#2215);
#1575=LINE('',#9180,#2216);
#1576=LINE('',#9181,#2217);
#1577=LINE('',#9185,#2218);
#1578=LINE('',#9187,#2219);
#1579=LINE('',#9189,#2220);
#1580=LINE('',#9190,#2221);
#1581=LINE('',#9196,#2222);
#1582=LINE('',#9198,#2223);
#1583=LINE('',#9200,#2224);
#1584=LINE('',#9201,#2225);
#1585=LINE('',#9205,#2226);
#1586=LINE('',#9206,#2227);
#1587=LINE('',#9208,#2228);
#1588=LINE('',#9210,#2229);
#1589=LINE('',#9211,#2230);
#1590=LINE('',#9213,#2231);
#1591=LINE('',#9215,#2232);
#1592=LINE('',#9216,#2233);
#1593=LINE('',#9219,#2234);
#1594=LINE('',#9220,#2235);
#1595=LINE('',#9223,#2236);
#1596=LINE('',#9224,#2237);
#1597=LINE('',#9227,#2238);
#1598=LINE('',#9228,#2239);
#1599=LINE('',#9231,#2240);
#1600=LINE('',#9232,#2241);
#1601=LINE('',#9235,#2242);
#1602=LINE('',#9237,#2243);
#1603=LINE('',#9239,#2244);
#1604=LINE('',#9241,#2245);
#1605=LINE('',#9242,#2246);
#1606=LINE('',#9245,#2247);
#1607=LINE('',#9246,#2248);
#1608=LINE('',#9249,#2249);
#1609=LINE('',#9251,#2250);
#1610=LINE('',#9257,#2251);
#1611=LINE('',#9259,#2252);
#1612=LINE('',#9260,#2253);
#1613=LINE('',#9263,#2254);
#1614=LINE('',#9267,#2255);
#1615=LINE('',#9268,#2256);
#1616=LINE('',#9272,#2257);
#1617=LINE('',#9274,#2258);
#1618=LINE('',#9277,#2259);
#1619=LINE('',#9286,#2260);
#1620=LINE('',#9292,#2261);
#1621=LINE('',#9301,#2262);
#1622=LINE('',#9306,#2263);
#1623=LINE('',#9309,#2264);
#1624=LINE('',#9311,#2265);
#1625=LINE('',#9313,#2266);
#1626=LINE('',#9314,#2267);
#1627=LINE('',#9317,#2268);
#1628=LINE('',#9318,#2269);
#1629=LINE('',#9319,#2270);
#1630=LINE('',#9322,#2271);
#1631=LINE('',#9324,#2272);
#1632=LINE('',#9326,#2273);
#1633=LINE('',#9327,#2274);
#1634=LINE('',#9329,#2275);
#1635=LINE('',#9331,#2276);
#1636=LINE('',#9333,#2277);
#1637=LINE('',#9334,#2278);
#1638=LINE('',#9337,#2279);
#1639=LINE('',#9338,#2280);
#1640=LINE('',#9341,#2281);
#1641=LINE('',#9343,#2282);
#1642=LINE('',#9344,#2283);
#1643=LINE('',#9347,#2284);
#1644=LINE('',#9349,#2285);
#1645=LINE('',#9351,#2286);
#1646=LINE('',#9352,#2287);
#1647=LINE('',#9355,#2288);
#1648=LINE('',#9356,#2289);
#1649=LINE('',#9360,#2290);
#1650=LINE('',#9362,#2291);
#1651=LINE('',#9364,#2292);
#1652=LINE('',#9365,#2293);
#1653=LINE('',#9366,#2294);
#1654=LINE('',#9367,#2295);
#1655=LINE('',#9370,#2296);
#1656=LINE('',#9371,#2297);
#1657=LINE('',#9374,#2298);
#1658=LINE('',#9375,#2299);
#1659=LINE('',#9378,#2300);
#1660=LINE('',#9379,#2301);
#1661=LINE('',#9382,#2302);
#1662=LINE('',#9383,#2303);
#1663=LINE('',#9385,#2304);
#1664=LINE('',#9386,#2305);
#1665=LINE('',#9391,#2306);
#1666=LINE('',#9393,#2307);
#1667=LINE('',#9395,#2308);
#1668=LINE('',#9396,#2309);
#1669=LINE('',#9400,#2310);
#1670=LINE('',#9402,#2311);
#1671=LINE('',#9404,#2312);
#1672=LINE('',#9405,#2313);
#1673=LINE('',#9407,#2314);
#1674=LINE('',#9408,#2315);
#1675=LINE('',#9410,#2316);
#1676=LINE('',#9412,#2317);
#1677=LINE('',#9417,#2318);
#1678=LINE('',#9419,#2319);
#1679=LINE('',#9421,#2320);
#1680=LINE('',#9422,#2321);
#1681=LINE('',#9425,#2322);
#1682=LINE('',#9427,#2323);
#1683=LINE('',#9428,#2324);
#1684=LINE('',#9431,#2325);
#1685=LINE('',#9433,#2326);
#1686=LINE('',#9434,#2327);
#1687=LINE('',#9436,#2328);
#1688=LINE('',#9437,#2329);
#1689=LINE('',#9441,#2330);
#1690=LINE('',#9443,#2331);
#1691=LINE('',#9445,#2332);
#1692=LINE('',#9446,#2333);
#1693=LINE('',#9450,#2334);
#1694=LINE('',#9452,#2335);
#1695=LINE('',#9454,#2336);
#1696=LINE('',#9455,#2337);
#1697=LINE('',#9461,#2338);
#1698=LINE('',#9463,#2339);
#1699=LINE('',#9465,#2340);
#1700=LINE('',#9466,#2341);
#1701=LINE('',#9470,#2342);
#1702=LINE('',#9471,#2343);
#1703=LINE('',#9473,#2344);
#1704=LINE('',#9475,#2345);
#1705=LINE('',#9476,#2346);
#1706=LINE('',#9478,#2347);
#1707=LINE('',#9480,#2348);
#1708=LINE('',#9481,#2349);
#1709=LINE('',#9484,#2350);
#1710=LINE('',#9485,#2351);
#1711=LINE('',#9488,#2352);
#1712=LINE('',#9489,#2353);
#1713=LINE('',#9492,#2354);
#1714=LINE('',#9493,#2355);
#1715=LINE('',#9496,#2356);
#1716=LINE('',#9497,#2357);
#1717=LINE('',#9500,#2358);
#1718=LINE('',#9502,#2359);
#1719=LINE('',#9504,#2360);
#1720=LINE('',#9506,#2361);
#1721=LINE('',#9507,#2362);
#1722=LINE('',#9510,#2363);
#1723=LINE('',#9511,#2364);
#1724=LINE('',#9514,#2365);
#1725=LINE('',#9516,#2366);
#1726=LINE('',#9522,#2367);
#1727=LINE('',#9524,#2368);
#1728=LINE('',#9525,#2369);
#1729=LINE('',#9528,#2370);
#1730=LINE('',#9532,#2371);
#1731=LINE('',#9533,#2372);
#1732=LINE('',#9537,#2373);
#1733=LINE('',#9539,#2374);
#1734=LINE('',#9542,#2375);
#1735=LINE('',#9551,#2376);
#1736=LINE('',#9557,#2377);
#1737=LINE('',#9566,#2378);
#1738=LINE('',#9571,#2379);
#1739=LINE('',#9574,#2380);
#1740=LINE('',#9576,#2381);
#1741=LINE('',#9578,#2382);
#1742=LINE('',#9579,#2383);
#1743=LINE('',#9582,#2384);
#1744=LINE('',#9583,#2385);
#1745=LINE('',#9584,#2386);
#1746=LINE('',#9587,#2387);
#1747=LINE('',#9589,#2388);
#1748=LINE('',#9591,#2389);
#1749=LINE('',#9592,#2390);
#1750=LINE('',#9594,#2391);
#1751=LINE('',#9596,#2392);
#1752=LINE('',#9598,#2393);
#1753=LINE('',#9599,#2394);
#1754=LINE('',#9602,#2395);
#1755=LINE('',#9603,#2396);
#1756=LINE('',#9606,#2397);
#1757=LINE('',#9607,#2398);
#1758=LINE('',#9610,#2399);
#1759=LINE('',#9611,#2400);
#1760=LINE('',#9614,#2401);
#1761=LINE('',#9616,#2402);
#1762=LINE('',#9618,#2403);
#1763=LINE('',#9619,#2404);
#1764=LINE('',#9623,#2405);
#1765=LINE('',#9625,#2406);
#1766=LINE('',#9627,#2407);
#1767=LINE('',#9628,#2408);
#1768=LINE('',#9629,#2409);
#1769=LINE('',#9632,#2410);
#1770=LINE('',#9633,#2411);
#1771=LINE('',#9636,#2412);
#1772=LINE('',#9637,#2413);
#1773=LINE('',#9640,#2414);
#1774=LINE('',#9641,#2415);
#1775=LINE('',#9644,#2416);
#1776=LINE('',#9645,#2417);
#1777=LINE('',#9647,#2418);
#1778=LINE('',#9649,#2419);
#1779=LINE('',#9650,#2420);
#1780=LINE('',#9652,#2421);
#1781=LINE('',#9656,#2422);
#1782=LINE('',#9658,#2423);
#1783=LINE('',#9660,#2424);
#1784=LINE('',#9661,#2425);
#1785=LINE('',#9665,#2426);
#1786=LINE('',#9667,#2427);
#1787=LINE('',#9669,#2428);
#1788=LINE('',#9670,#2429);
#1789=LINE('',#9672,#2430);
#1790=LINE('',#9673,#2431);
#1791=LINE('',#9675,#2432);
#1792=LINE('',#9677,#2433);
#1793=LINE('',#9682,#2434);
#1794=LINE('',#9684,#2435);
#1795=LINE('',#9686,#2436);
#1796=LINE('',#9687,#2437);
#1797=LINE('',#9691,#2438);
#1798=LINE('',#9692,#2439);
#1799=LINE('',#9693,#2440);
#1800=LINE('',#9696,#2441);
#1801=LINE('',#9697,#2442);
#1802=LINE('',#9700,#2443);
#1803=LINE('',#9701,#2444);
#1804=LINE('',#9703,#2445);
#1805=LINE('',#9707,#2446);
#1806=LINE('',#9709,#2447);
#1807=LINE('',#9711,#2448);
#1808=LINE('',#9712,#2449);
#1809=LINE('',#9716,#2450);
#1810=LINE('',#9717,#2451);
#1811=LINE('',#9718,#2452);
#1812=LINE('',#9721,#2453);
#1813=LINE('',#9723,#2454);
#1814=LINE('',#9724,#2455);
#1815=LINE('',#9726,#2456);
#1816=LINE('',#9727,#2457);
#1817=LINE('',#9730,#2458);
#1818=LINE('',#9731,#2459);
#1819=LINE('',#9733,#2460);
#1820=LINE('',#9735,#2461);
#1821=LINE('',#9740,#2462);
#1822=LINE('',#9742,#2463);
#1823=LINE('',#9744,#2464);
#1824=LINE('',#9745,#2465);
#1825=LINE('',#9749,#2466);
#1826=LINE('',#9750,#2467);
#1827=LINE('',#9751,#2468);
#1828=LINE('',#9754,#2469);
#1829=LINE('',#9755,#2470);
#1830=LINE('',#9758,#2471);
#1831=LINE('',#9759,#2472);
#1832=LINE('',#9761,#2473);
#1833=LINE('',#9765,#2474);
#1834=LINE('',#9767,#2475);
#1835=LINE('',#9769,#2476);
#1836=LINE('',#9770,#2477);
#1837=LINE('',#9774,#2478);
#1838=LINE('',#9775,#2479);
#1839=LINE('',#9776,#2480);
#1840=LINE('',#9779,#2481);
#1841=LINE('',#9781,#2482);
#1842=LINE('',#9782,#2483);
#1843=LINE('',#9784,#2484);
#1844=LINE('',#9785,#2485);
#1845=LINE('',#9788,#2486);
#1846=LINE('',#9789,#2487);
#1847=LINE('',#9791,#2488);
#1848=LINE('',#9793,#2489);
#1849=LINE('',#9798,#2490);
#1850=LINE('',#9800,#2491);
#1851=LINE('',#9802,#2492);
#1852=LINE('',#9803,#2493);
#1853=LINE('',#9807,#2494);
#1854=LINE('',#9808,#2495);
#1855=LINE('',#9809,#2496);
#1856=LINE('',#9812,#2497);
#1857=LINE('',#9813,#2498);
#1858=LINE('',#9816,#2499);
#1859=LINE('',#9817,#2500);
#1860=LINE('',#9819,#2501);
#1861=LINE('',#9823,#2502);
#1862=LINE('',#9825,#2503);
#1863=LINE('',#9827,#2504);
#1864=LINE('',#9828,#2505);
#1865=LINE('',#9832,#2506);
#1866=LINE('',#9833,#2507);
#1867=LINE('',#9834,#2508);
#1868=LINE('',#9837,#2509);
#1869=LINE('',#9839,#2510);
#1870=LINE('',#9840,#2511);
#1871=LINE('',#9842,#2512);
#1872=LINE('',#9843,#2513);
#1873=LINE('',#9846,#2514);
#1874=LINE('',#9847,#2515);
#1875=LINE('',#9849,#2516);
#1876=LINE('',#9851,#2517);
#1877=LINE('',#9856,#2518);
#1878=LINE('',#9858,#2519);
#1879=LINE('',#9860,#2520);
#1880=LINE('',#9861,#2521);
#1881=LINE('',#9864,#2522);
#1882=LINE('',#9866,#2523);
#1883=LINE('',#9867,#2524);
#1884=LINE('',#9870,#2525);
#1885=LINE('',#9872,#2526);
#1886=LINE('',#9873,#2527);
#1887=LINE('',#9875,#2528);
#1888=LINE('',#9876,#2529);
#1889=LINE('',#9880,#2530);
#1890=LINE('',#9882,#2531);
#1891=LINE('',#9884,#2532);
#1892=LINE('',#9885,#2533);
#1893=LINE('',#9887,#2534);
#1894=LINE('',#9888,#2535);
#1895=LINE('',#9890,#2536);
#1896=LINE('',#9892,#2537);
#1897=LINE('',#9897,#2538);
#1898=LINE('',#9898,#2539);
#1899=LINE('',#9899,#2540);
#1900=LINE('',#9902,#2541);
#1901=LINE('',#9903,#2542);
#1902=LINE('',#9906,#2543);
#1903=LINE('',#9907,#2544);
#1904=LINE('',#9909,#2545);
#1905=VECTOR('',#6585,26.08);
#1906=VECTOR('',#6586,35.6);
#1907=VECTOR('',#6587,26.08);
#1908=VECTOR('',#6588,35.6);
#1909=VECTOR('',#6589,15.3);
#1910=VECTOR('',#6592,11.6);
#1911=VECTOR('',#6595,15.3);
#1912=VECTOR('',#6598,11.6);
#1913=VECTOR('',#6619,2.4);
#1914=VECTOR('',#6620,1.2);
#1915=VECTOR('',#6621,2.4);
#1916=VECTOR('',#6622,1.2);
#1917=VECTOR('',#6623,2.2);
#1918=VECTOR('',#6624,0.800000000000001);
#1919=VECTOR('',#6625,2.2);
#1920=VECTOR('',#6626,0.800000000000001);
#1921=VECTOR('',#6627,2.2);
#1922=VECTOR('',#6628,0.799999999999998);
#1923=VECTOR('',#6629,2.2);
#1924=VECTOR('',#6630,0.799999999999998);
#1925=VECTOR('',#6631,1.9);
#1926=VECTOR('',#6632,0.800000000000001);
#1927=VECTOR('',#6633,1.9);
#1928=VECTOR('',#6634,0.800000000000001);
#1929=VECTOR('',#6635,2.);
#1930=VECTOR('',#6636,2.8);
#1931=VECTOR('',#6637,2.);
#1932=VECTOR('',#6638,2.8);
#1933=VECTOR('',#6639,3.6);
#1934=VECTOR('',#6640,1.8);
#1935=VECTOR('',#6641,3.6);
#1936=VECTOR('',#6642,1.8);
#1937=VECTOR('',#6643,1.9);
#1938=VECTOR('',#6644,0.800000000000001);
#1939=VECTOR('',#6645,1.9);
#1940=VECTOR('',#6646,0.800000000000001);
#1941=VECTOR('',#6647,1.9);
#1942=VECTOR('',#6648,0.8);
#1943=VECTOR('',#6649,1.9);
#1944=VECTOR('',#6650,0.8);
#1945=VECTOR('',#6651,2.2);
#1946=VECTOR('',#6652,0.799999999999998);
#1947=VECTOR('',#6653,2.2);
#1948=VECTOR('',#6654,0.799999999999998);
#1949=VECTOR('',#6655,2.2);
#1950=VECTOR('',#6656,0.800000000000001);
#1951=VECTOR('',#6657,2.2);
#1952=VECTOR('',#6658,0.800000000000001);
#1953=VECTOR('',#6659,1.9);
#1954=VECTOR('',#6660,0.800000000000001);
#1955=VECTOR('',#6661,1.9);
#1956=VECTOR('',#6662,0.800000000000001);
#1957=VECTOR('',#6663,2.7);
#1958=VECTOR('',#6664,2.6);
#1959=VECTOR('',#6665,2.7);
#1960=VECTOR('',#6666,2.6);
#1961=VECTOR('',#6667,3.);
#1962=VECTOR('',#6668,4.5);
#1963=VECTOR('',#6669,3.);
#1964=VECTOR('',#6670,4.5);
#1965=VECTOR('',#6675,0.800000000000001);
#1966=VECTOR('',#6676,0.25);
#1967=VECTOR('',#6677,0.800000000000001);
#1968=VECTOR('',#6678,0.25);
#1969=VECTOR('',#6683,0.479999999999999);
#1970=VECTOR('',#6690,0.479999999999999);
#1971=VECTOR('',#6697,0.479999999999999);
#1972=VECTOR('',#6704,0.479999999999999);
#1973=VECTOR('',#6711,1.6);
#1974=VECTOR('',#6718,1.6);
#1975=VECTOR('',#6725,1.6);
#1976=VECTOR('',#6732,1.6);
#1977=VECTOR('',#6737,2.7);
#1978=VECTOR('',#6738,2.6);
#1979=VECTOR('',#6739,2.7);
#1980=VECTOR('',#6740,2.6);
#1981=VECTOR('',#6745,10.);
#1982=VECTOR('',#6746,10.);
#1983=VECTOR('',#6747,10.);
#1984=VECTOR('',#6748,10.);
#1985=VECTOR('',#6751,10.);
#1986=VECTOR('',#6752,10.);
#1987=VECTOR('',#6753,10.);
#1988=VECTOR('',#6754,10.);
#1989=VECTOR('',#6755,10.);
#1990=VECTOR('',#6756,10.);
#1991=VECTOR('',#6757,10.);
#1992=VECTOR('',#6758,10.);
#1993=VECTOR('',#6759,10.);
#1994=VECTOR('',#6760,10.);
#1995=VECTOR('',#6761,10.);
#1996=VECTOR('',#6762,10.);
#1997=VECTOR('',#6763,10.);
#1998=VECTOR('',#6764,10.);
#1999=VECTOR('',#6765,10.);
#2000=VECTOR('',#6766,10.);
#2001=VECTOR('',#6785,1.2);
#2002=VECTOR('',#6786,1.2);
#2003=VECTOR('',#6789,1.2);
#2004=VECTOR('',#6792,1.2);
#2005=VECTOR('',#6797,2.1);
#2006=VECTOR('',#6800,15.3);
#2007=VECTOR('',#6801,2.66);
#2008=VECTOR('',#6802,2.66);
#2009=VECTOR('',#6805,11.6);
#2010=VECTOR('',#6806,2.66);
#2011=VECTOR('',#6807,2.66);
#2012=VECTOR('',#6810,2.66);
#2013=VECTOR('',#6811,15.3);
#2014=VECTOR('',#6812,2.66);
#2015=VECTOR('',#6815,11.6);
#2016=VECTOR('',#6816,2.66);
#2017=VECTOR('',#6817,2.66);
#2018=VECTOR('',#6820,11.6);
#2019=VECTOR('',#6821,15.3);
#2020=VECTOR('',#6822,11.6);
#2021=VECTOR('',#6823,15.3);
#2022=VECTOR('',#6874,1.);
#2023=VECTOR('',#6875,3.);
#2024=VECTOR('',#6876,1.);
#2025=VECTOR('',#6879,1.);
#2026=VECTOR('',#6880,4.5);
#2027=VECTOR('',#6883,1.);
#2028=VECTOR('',#6884,3.);
#2029=VECTOR('',#6887,4.5);
#2030=VECTOR('',#6892,2.5);
#2031=VECTOR('',#6907,0.4);
#2032=VECTOR('',#6908,0.4);
#2033=VECTOR('',#6911,0.4);
#2034=VECTOR('',#6914,0.4);
#2035=VECTOR('',#6921,0.85);
#2036=VECTOR('',#6928,1.);
#2037=VECTOR('',#6941,0.25);
#2038=VECTOR('',#6958,2.);
#2039=VECTOR('',#6965,2.);
#2040=VECTOR('',#6972,2.);
#2041=VECTOR('',#6979,2.);
#2042=VECTOR('',#6986,0.999999999999998);
#2043=VECTOR('',#6993,0.999999999999998);
#2044=VECTOR('',#7000,0.999999999999998);
#2045=VECTOR('',#7007,0.999999999999998);
#2046=VECTOR('',#7014,2.);
#2047=VECTOR('',#7021,2.);
#2048=VECTOR('',#7028,2.);
#2049=VECTOR('',#7035,2.);
#2050=VECTOR('',#7042,0.999999999999998);
#2051=VECTOR('',#7049,0.999999999999998);
#2052=VECTOR('',#7056,0.999999999999998);
#2053=VECTOR('',#7063,0.999999999999998);
#2054=VECTOR('',#7068,0.01);
#2055=VECTOR('',#7069,4.);
#2056=VECTOR('',#7070,0.01);
#2057=VECTOR('',#7073,6.5);
#2058=VECTOR('',#7074,0.01);
#2059=VECTOR('',#7077,4.);
#2060=VECTOR('',#7078,0.01);
#2061=VECTOR('',#7081,6.5);
#2062=VECTOR('',#7086,0.01);
#2063=VECTOR('',#7087,4.);
#2064=VECTOR('',#7088,0.01);
#2065=VECTOR('',#7091,6.5);
#2066=VECTOR('',#7092,0.01);
#2067=VECTOR('',#7095,4.);
#2068=VECTOR('',#7096,0.01);
#2069=VECTOR('',#7099,6.5);
#2070=VECTOR('',#7104,0.01);
#2071=VECTOR('',#7105,4.);
#2072=VECTOR('',#7106,0.01);
#2073=VECTOR('',#7109,6.5);
#2074=VECTOR('',#7110,0.01);
#2075=VECTOR('',#7113,4.);
#2076=VECTOR('',#7114,0.01);
#2077=VECTOR('',#7117,6.5);
#2078=VECTOR('',#7122,0.01);
#2079=VECTOR('',#7123,4.);
#2080=VECTOR('',#7124,0.01);
#2081=VECTOR('',#7127,6.5);
#2082=VECTOR('',#7128,0.01);
#2083=VECTOR('',#7131,4.);
#2084=VECTOR('',#7132,0.01);
#2085=VECTOR('',#7135,6.5);
#2086=VECTOR('',#7142,0.6);
#2087=VECTOR('',#7143,2.);
#2088=VECTOR('',#7144,0.6);
#2089=VECTOR('',#7149,1.2);
#2090=VECTOR('',#7150,0.6);
#2091=VECTOR('',#7151,1.2);
#2092=VECTOR('',#7156,0.6);
#2093=VECTOR('',#7157,2.);
#2094=VECTOR('',#7162,1.2);
#2095=VECTOR('',#7163,1.2);
#2096=VECTOR('',#7172,0.2);
#2097=VECTOR('',#7173,0.800000000000001);
#2098=VECTOR('',#7174,0.2);
#2099=VECTOR('',#7175,0.800000000000001);
#2100=VECTOR('',#7180,0.2);
#2101=VECTOR('',#7181,1.5);
#2102=VECTOR('',#7186,0.800000000000001);
#2103=VECTOR('',#7187,0.2);
#2104=VECTOR('',#7188,0.800000000000001);
#2105=VECTOR('',#7193,1.5);
#2106=VECTOR('',#7204,0.2);
#2107=VECTOR('',#7205,0.800000000000001);
#2108=VECTOR('',#7206,0.2);
#2109=VECTOR('',#7211,0.2);
#2110=VECTOR('',#7212,0.25);
#2111=VECTOR('',#7213,0.25);
#2112=VECTOR('',#7214,1.3);
#2113=VECTOR('',#7215,0.25);
#2114=VECTOR('',#7220,0.800000000000001);
#2115=VECTOR('',#7221,0.2);
#2116=VECTOR('',#7222,0.800000000000001);
#2117=VECTOR('',#7227,0.25);
#2118=VECTOR('',#7228,1.3);
#2119=VECTOR('',#7229,0.25);
#2120=VECTOR('',#7230,0.25);
#2121=VECTOR('',#7235,0.800000000000001);
#2122=VECTOR('',#7238,0.2);
#2123=VECTOR('',#7239,0.800000000000001);
#2124=VECTOR('',#7240,0.2);
#2125=VECTOR('',#7241,0.800000000000001);
#2126=VECTOR('',#7246,0.2);
#2127=VECTOR('',#7247,1.8);
#2128=VECTOR('',#7252,0.800000000000001);
#2129=VECTOR('',#7253,0.2);
#2130=VECTOR('',#7254,0.800000000000001);
#2131=VECTOR('',#7259,1.8);
#2132=VECTOR('',#7274,0.800000000000001);
#2133=VECTOR('',#7277,0.800000000000001);
#2134=VECTOR('',#7282,0.2);
#2135=VECTOR('',#7283,0.799999999999998);
#2136=VECTOR('',#7284,0.2);
#2137=VECTOR('',#7285,0.799999999999998);
#2138=VECTOR('',#7290,0.2);
#2139=VECTOR('',#7291,1.8);
#2140=VECTOR('',#7296,0.799999999999998);
#2141=VECTOR('',#7297,0.2);
#2142=VECTOR('',#7298,0.799999999999998);
#2143=VECTOR('',#7303,1.8);
#2144=VECTOR('',#7310,0.6);
#2145=VECTOR('',#7311,0.799999999999998);
#2146=VECTOR('',#7312,0.6);
#2147=VECTOR('',#7313,0.799999999999998);
#2148=VECTOR('',#7318,0.6);
#2149=VECTOR('',#7319,1.8);
#2150=VECTOR('',#7324,0.799999999999998);
#2151=VECTOR('',#7325,0.6);
#2152=VECTOR('',#7326,0.799999999999998);
#2153=VECTOR('',#7331,1.8);
#2154=VECTOR('',#7338,0.4);
#2155=VECTOR('',#7339,0.800000000000001);
#2156=VECTOR('',#7340,0.4);
#2157=VECTOR('',#7341,0.800000000000001);
#2158=VECTOR('',#7346,0.4);
#2159=VECTOR('',#7347,1.5);
#2160=VECTOR('',#7352,0.800000000000001);
#2161=VECTOR('',#7353,0.4);
#2162=VECTOR('',#7354,0.800000000000001);
#2163=VECTOR('',#7359,1.5);
#2164=VECTOR('',#7366,0.4);
#2165=VECTOR('',#7367,0.8);
#2166=VECTOR('',#7368,0.4);
#2167=VECTOR('',#7369,0.8);
#2168=VECTOR('',#7374,0.4);
#2169=VECTOR('',#7375,1.49999999999999);
#2170=VECTOR('',#7380,0.8);
#2171=VECTOR('',#7381,0.4);
#2172=VECTOR('',#7382,0.8);
#2173=VECTOR('',#7387,1.49999999999999);
#2174=VECTOR('',#7394,1.);
#2175=VECTOR('',#7395,2.);
#2176=VECTOR('',#7396,1.);
#2177=VECTOR('',#7399,1.);
#2178=VECTOR('',#7400,2.8);
#2179=VECTOR('',#7403,1.);
#2180=VECTOR('',#7404,2.);
#2181=VECTOR('',#7407,2.8);
#2182=VECTOR('',#7412,0.4);
#2183=VECTOR('',#7413,0.800000000000001);
#2184=VECTOR('',#7414,0.4);
#2185=VECTOR('',#7415,0.800000000000001);
#2186=VECTOR('',#7420,0.4);
#2187=VECTOR('',#7421,1.5);
#2188=VECTOR('',#7426,0.800000000000001);
#2189=VECTOR('',#7427,0.4);
#2190=VECTOR('',#7428,0.800000000000001);
#2191=VECTOR('',#7433,1.5);
#2192=VECTOR('',#7440,1.4);
#2193=VECTOR('',#7441,1.8);
#2194=VECTOR('',#7442,1.4);
#2195=VECTOR('',#7443,1.8);
#2196=VECTOR('',#7448,1.4);
#2197=VECTOR('',#7449,3.2);
#2198=VECTOR('',#7454,1.8);
#2199=VECTOR('',#7455,1.4);
#2200=VECTOR('',#7456,1.8);
#2201=VECTOR('',#7461,3.2);
#2202=VECTOR('',#7522,10.);
#2203=VECTOR('',#7523,10.);
#2204=VECTOR('',#7524,10.);
#2205=VECTOR('',#7525,10.);
#2206=VECTOR('',#7528,10.);
#2207=VECTOR('',#7529,10.);
#2208=VECTOR('',#7530,10.);
#2209=VECTOR('',#7533,10.);
#2210=VECTOR('',#7534,10.);
#2211=VECTOR('',#7535,10.);
#2212=VECTOR('',#7538,10.);
#2213=VECTOR('',#7539,10.);
#2214=VECTOR('',#7542,10.);
#2215=VECTOR('',#7543,10.);
#2216=VECTOR('',#7544,10.);
#2217=VECTOR('',#7545,10.);
#2218=VECTOR('',#7548,10.);
#2219=VECTOR('',#7549,10.);
#2220=VECTOR('',#7550,10.);
#2221=VECTOR('',#7551,10.);
#2222=VECTOR('',#7556,10.);
#2223=VECTOR('',#7557,10.);
#2224=VECTOR('',#7558,10.);
#2225=VECTOR('',#7559,10.);
#2226=VECTOR('',#7562,10.);
#2227=VECTOR('',#7563,10.);
#2228=VECTOR('',#7564,10.);
#2229=VECTOR('',#7565,10.);
#2230=VECTOR('',#7566,10.);
#2231=VECTOR('',#7567,10.);
#2232=VECTOR('',#7568,10.);
#2233=VECTOR('',#7569,10.);
#2234=VECTOR('',#7572,10.);
#2235=VECTOR('',#7573,10.);
#2236=VECTOR('',#7576,10.);
#2237=VECTOR('',#7577,10.);
#2238=VECTOR('',#7580,10.);
#2239=VECTOR('',#7581,10.);
#2240=VECTOR('',#7584,10.);
#2241=VECTOR('',#7585,10.);
#2242=VECTOR('',#7588,10.);
#2243=VECTOR('',#7589,10.);
#2244=VECTOR('',#7590,10.);
#2245=VECTOR('',#7591,10.);
#2246=VECTOR('',#7592,10.);
#2247=VECTOR('',#7595,10.);
#2248=VECTOR('',#7596,10.);
#2249=VECTOR('',#7599,10.);
#2250=VECTOR('',#7600,10.);
#2251=VECTOR('',#7607,10.);
#2252=VECTOR('',#7608,10.);
#2253=VECTOR('',#7609,10.);
#2254=VECTOR('',#7614,10.);
#2255=VECTOR('',#7619,10.);
#2256=VECTOR('',#7620,10.);
#2257=VECTOR('',#7625,10.);
#2258=VECTOR('',#7626,10.);
#2259=VECTOR('',#7631,10.);
#2260=VECTOR('',#7642,10.);
#2261=VECTOR('',#7647,10.);
#2262=VECTOR('',#7656,10.);
#2263=VECTOR('',#7661,10.);
#2264=VECTOR('',#7664,10.);
#2265=VECTOR('',#7665,10.);
#2266=VECTOR('',#7666,10.);
#2267=VECTOR('',#7667,10.);
#2268=VECTOR('',#7670,10.);
#2269=VECTOR('',#7671,10.);
#2270=VECTOR('',#7672,10.);
#2271=VECTOR('',#7675,10.);
#2272=VECTOR('',#7676,10.);
#2273=VECTOR('',#7677,10.);
#2274=VECTOR('',#7678,10.);
#2275=VECTOR('',#7681,10.);
#2276=VECTOR('',#7682,10.);
#2277=VECTOR('',#7683,10.);
#2278=VECTOR('',#7684,10.);
#2279=VECTOR('',#7687,10.);
#2280=VECTOR('',#7688,10.);
#2281=VECTOR('',#7691,10.);
#2282=VECTOR('',#7692,10.);
#2283=VECTOR('',#7693,10.);
#2284=VECTOR('',#7696,10.);
#2285=VECTOR('',#7697,10.);
#2286=VECTOR('',#7698,10.);
#2287=VECTOR('',#7699,10.);
#2288=VECTOR('',#7702,10.);
#2289=VECTOR('',#7703,10.);
#2290=VECTOR('',#7706,10.);
#2291=VECTOR('',#7707,10.);
#2292=VECTOR('',#7708,10.);
#2293=VECTOR('',#7709,10.);
#2294=VECTOR('',#7710,10.);
#2295=VECTOR('',#7711,10.);
#2296=VECTOR('',#7714,10.);
#2297=VECTOR('',#7715,10.);
#2298=VECTOR('',#7718,10.);
#2299=VECTOR('',#7719,10.);
#2300=VECTOR('',#7722,10.);
#2301=VECTOR('',#7723,10.);
#2302=VECTOR('',#7726,10.);
#2303=VECTOR('',#7727,10.);
#2304=VECTOR('',#7730,10.);
#2305=VECTOR('',#7731,10.);
#2306=VECTOR('',#7736,10.);
#2307=VECTOR('',#7737,10.);
#2308=VECTOR('',#7738,10.);
#2309=VECTOR('',#7739,10.);
#2310=VECTOR('',#7742,10.);
#2311=VECTOR('',#7743,10.);
#2312=VECTOR('',#7744,10.);
#2313=VECTOR('',#7745,10.);
#2314=VECTOR('',#7748,10.);
#2315=VECTOR('',#7749,10.);
#2316=VECTOR('',#7752,10.);
#2317=VECTOR('',#7755,10.);
#2318=VECTOR('',#7760,10.);
#2319=VECTOR('',#7761,10.);
#2320=VECTOR('',#7762,10.);
#2321=VECTOR('',#7763,10.);
#2322=VECTOR('',#7766,10.);
#2323=VECTOR('',#7767,10.);
#2324=VECTOR('',#7768,10.);
#2325=VECTOR('',#7771,10.);
#2326=VECTOR('',#7772,10.);
#2327=VECTOR('',#7773,10.);
#2328=VECTOR('',#7776,10.);
#2329=VECTOR('',#7777,10.);
#2330=VECTOR('',#7780,10.);
#2331=VECTOR('',#7781,10.);
#2332=VECTOR('',#7782,10.);
#2333=VECTOR('',#7783,10.);
#2334=VECTOR('',#7786,10.);
#2335=VECTOR('',#7787,10.);
#2336=VECTOR('',#7788,10.);
#2337=VECTOR('',#7789,10.);
#2338=VECTOR('',#7794,10.);
#2339=VECTOR('',#7795,10.);
#2340=VECTOR('',#7796,10.);
#2341=VECTOR('',#7797,10.);
#2342=VECTOR('',#7800,10.);
#2343=VECTOR('',#7801,10.);
#2344=VECTOR('',#7802,10.);
#2345=VECTOR('',#7803,10.);
#2346=VECTOR('',#7804,10.);
#2347=VECTOR('',#7805,10.);
#2348=VECTOR('',#7806,10.);
#2349=VECTOR('',#7807,10.);
#2350=VECTOR('',#7810,10.);
#2351=VECTOR('',#7811,10.);
#2352=VECTOR('',#7814,10.);
#2353=VECTOR('',#7815,10.);
#2354=VECTOR('',#7818,10.);
#2355=VECTOR('',#7819,10.);
#2356=VECTOR('',#7822,10.);
#2357=VECTOR('',#7823,10.);
#2358=VECTOR('',#7826,10.);
#2359=VECTOR('',#7827,10.);
#2360=VECTOR('',#7828,10.);
#2361=VECTOR('',#7829,10.);
#2362=VECTOR('',#7830,10.);
#2363=VECTOR('',#7833,10.);
#2364=VECTOR('',#7834,10.);
#2365=VECTOR('',#7837,10.);
#2366=VECTOR('',#7838,10.);
#2367=VECTOR('',#7845,10.);
#2368=VECTOR('',#7846,10.);
#2369=VECTOR('',#7847,10.);
#2370=VECTOR('',#7852,10.);
#2371=VECTOR('',#7857,10.);
#2372=VECTOR('',#7858,10.);
#2373=VECTOR('',#7863,10.);
#2374=VECTOR('',#7864,10.);
#2375=VECTOR('',#7869,10.);
#2376=VECTOR('',#7880,10.);
#2377=VECTOR('',#7885,10.);
#2378=VECTOR('',#7894,10.);
#2379=VECTOR('',#7899,10.);
#2380=VECTOR('',#7902,10.);
#2381=VECTOR('',#7903,10.);
#2382=VECTOR('',#7904,10.);
#2383=VECTOR('',#7905,10.);
#2384=VECTOR('',#7908,10.);
#2385=VECTOR('',#7909,10.);
#2386=VECTOR('',#7910,10.);
#2387=VECTOR('',#7913,10.);
#2388=VECTOR('',#7914,10.);
#2389=VECTOR('',#7915,10.);
#2390=VECTOR('',#7916,10.);
#2391=VECTOR('',#7919,10.);
#2392=VECTOR('',#7920,10.);
#2393=VECTOR('',#7921,10.);
#2394=VECTOR('',#7922,10.);
#2395=VECTOR('',#7925,10.);
#2396=VECTOR('',#7926,10.);
#2397=VECTOR('',#7929,10.);
#2398=VECTOR('',#7930,10.);
#2399=VECTOR('',#7933,10.);
#2400=VECTOR('',#7934,10.);
#2401=VECTOR('',#7937,10.);
#2402=VECTOR('',#7938,10.);
#2403=VECTOR('',#7939,10.);
#2404=VECTOR('',#7940,10.);
#2405=VECTOR('',#7943,10.);
#2406=VECTOR('',#7944,10.);
#2407=VECTOR('',#7945,10.);
#2408=VECTOR('',#7946,10.);
#2409=VECTOR('',#7947,10.);
#2410=VECTOR('',#7950,10.);
#2411=VECTOR('',#7951,10.);
#2412=VECTOR('',#7954,10.);
#2413=VECTOR('',#7955,10.);
#2414=VECTOR('',#7958,10.);
#2415=VECTOR('',#7959,10.);
#2416=VECTOR('',#7962,10.);
#2417=VECTOR('',#7963,10.);
#2418=VECTOR('',#7966,10.);
#2419=VECTOR('',#7967,10.);
#2420=VECTOR('',#7968,10.);
#2421=VECTOR('',#7971,10.);
#2422=VECTOR('',#7974,10.);
#2423=VECTOR('',#7975,10.);
#2424=VECTOR('',#7976,10.);
#2425=VECTOR('',#7977,10.);
#2426=VECTOR('',#7980,10.);
#2427=VECTOR('',#7981,10.);
#2428=VECTOR('',#7982,10.);
#2429=VECTOR('',#7983,10.);
#2430=VECTOR('',#7986,10.);
#2431=VECTOR('',#7987,10.);
#2432=VECTOR('',#7990,10.);
#2433=VECTOR('',#7993,10.);
#2434=VECTOR('',#7998,10.);
#2435=VECTOR('',#7999,10.);
#2436=VECTOR('',#8000,10.);
#2437=VECTOR('',#8001,10.);
#2438=VECTOR('',#8004,10.);
#2439=VECTOR('',#8005,10.);
#2440=VECTOR('',#8006,10.);
#2441=VECTOR('',#8009,10.);
#2442=VECTOR('',#8010,10.);
#2443=VECTOR('',#8013,10.);
#2444=VECTOR('',#8014,10.);
#2445=VECTOR('',#8017,10.);
#2446=VECTOR('',#8020,10.);
#2447=VECTOR('',#8021,10.);
#2448=VECTOR('',#8022,10.);
#2449=VECTOR('',#8023,10.);
#2450=VECTOR('',#8026,10.);
#2451=VECTOR('',#8027,10.);
#2452=VECTOR('',#8028,10.);
#2453=VECTOR('',#8031,10.);
#2454=VECTOR('',#8032,10.);
#2455=VECTOR('',#8033,10.);
#2456=VECTOR('',#8036,10.);
#2457=VECTOR('',#8037,10.);
#2458=VECTOR('',#8042,10.);
#2459=VECTOR('',#8043,10.);
#2460=VECTOR('',#8046,10.);
#2461=VECTOR('',#8049,10.);
#2462=VECTOR('',#8054,10.);
#2463=VECTOR('',#8055,10.);
#2464=VECTOR('',#8056,10.);
#2465=VECTOR('',#8057,10.);
#2466=VECTOR('',#8060,10.);
#2467=VECTOR('',#8061,10.);
#2468=VECTOR('',#8062,10.);
#2469=VECTOR('',#8065,10.);
#2470=VECTOR('',#8066,10.);
#2471=VECTOR('',#8069,10.);
#2472=VECTOR('',#8070,10.);
#2473=VECTOR('',#8073,10.);
#2474=VECTOR('',#8076,10.);
#2475=VECTOR('',#8077,10.);
#2476=VECTOR('',#8078,10.);
#2477=VECTOR('',#8079,10.);
#2478=VECTOR('',#8082,10.);
#2479=VECTOR('',#8083,10.);
#2480=VECTOR('',#8084,10.);
#2481=VECTOR('',#8087,10.);
#2482=VECTOR('',#8088,10.);
#2483=VECTOR('',#8089,10.);
#2484=VECTOR('',#8092,10.);
#2485=VECTOR('',#8093,10.);
#2486=VECTOR('',#8098,10.);
#2487=VECTOR('',#8099,10.);
#2488=VECTOR('',#8102,10.);
#2489=VECTOR('',#8105,10.);
#2490=VECTOR('',#8110,10.);
#2491=VECTOR('',#8111,10.);
#2492=VECTOR('',#8112,10.);
#2493=VECTOR('',#8113,10.);
#2494=VECTOR('',#8116,10.);
#2495=VECTOR('',#8117,10.);
#2496=VECTOR('',#8118,10.);
#2497=VECTOR('',#8121,10.);
#2498=VECTOR('',#8122,10.);
#2499=VECTOR('',#8125,10.);
#2500=VECTOR('',#8126,10.);
#2501=VECTOR('',#8129,10.);
#2502=VECTOR('',#8132,10.);
#2503=VECTOR('',#8133,10.);
#2504=VECTOR('',#8134,10.);
#2505=VECTOR('',#8135,10.);
#2506=VECTOR('',#8138,10.);
#2507=VECTOR('',#8139,10.);
#2508=VECTOR('',#8140,10.);
#2509=VECTOR('',#8143,10.);
#2510=VECTOR('',#8144,10.);
#2511=VECTOR('',#8145,10.);
#2512=VECTOR('',#8148,10.);
#2513=VECTOR('',#8149,10.);
#2514=VECTOR('',#8154,10.);
#2515=VECTOR('',#8155,10.);
#2516=VECTOR('',#8158,10.);
#2517=VECTOR('',#8161,10.);
#2518=VECTOR('',#8166,10.);
#2519=VECTOR('',#8167,10.);
#2520=VECTOR('',#8168,10.);
#2521=VECTOR('',#8169,10.);
#2522=VECTOR('',#8172,10.);
#2523=VECTOR('',#8173,10.);
#2524=VECTOR('',#8174,10.);
#2525=VECTOR('',#8177,10.);
#2526=VECTOR('',#8178,10.);
#2527=VECTOR('',#8179,10.);
#2528=VECTOR('',#8182,10.);
#2529=VECTOR('',#8183,10.);
#2530=VECTOR('',#8186,10.);
#2531=VECTOR('',#8187,10.);
#2532=VECTOR('',#8188,10.);
#2533=VECTOR('',#8189,10.);
#2534=VECTOR('',#8192,10.);
#2535=VECTOR('',#8193,10.);
#2536=VECTOR('',#8196,10.);
#2537=VECTOR('',#8199,10.);
#2538=VECTOR('',#8204,10.);
#2539=VECTOR('',#8205,9.99999999999999);
#2540=VECTOR('',#8206,9.99999999999999);
#2541=VECTOR('',#8209,10.);
#2542=VECTOR('',#8210,10.);
#2543=VECTOR('',#8213,10.);
#2544=VECTOR('',#8214,10.);
#2545=VECTOR('',#8217,10.);
#2546=VERTEX_POINT('',#8230);
#2547=VERTEX_POINT('',#8231);
#2548=VERTEX_POINT('',#8233);
#2549=VERTEX_POINT('',#8235);
#2550=VERTEX_POINT('',#8238);
#2551=VERTEX_POINT('',#8239);
#2552=VERTEX_POINT('',#8241);
#2553=VERTEX_POINT('',#8243);
#2554=VERTEX_POINT('',#8245);
#2555=VERTEX_POINT('',#8247);
#2556=VERTEX_POINT('',#8249);
#2557=VERTEX_POINT('',#8251);
#2558=VERTEX_POINT('',#8254);
#2559=VERTEX_POINT('',#8256);
#2560=VERTEX_POINT('',#8258);
#2561=VERTEX_POINT('',#8260);
#2562=VERTEX_POINT('',#8262);
#2563=VERTEX_POINT('',#8264);
#2564=VERTEX_POINT('',#8266);
#2565=VERTEX_POINT('',#8268);
#2566=VERTEX_POINT('',#8270);
#2567=VERTEX_POINT('',#8272);
#2568=VERTEX_POINT('',#8273);
#2569=VERTEX_POINT('',#8275);
#2570=VERTEX_POINT('',#8277);
#2571=VERTEX_POINT('',#8280);
#2572=VERTEX_POINT('',#8281);
#2573=VERTEX_POINT('',#8283);
#2574=VERTEX_POINT('',#8285);
#2575=VERTEX_POINT('',#8288);
#2576=VERTEX_POINT('',#8289);
#2577=VERTEX_POINT('',#8291);
#2578=VERTEX_POINT('',#8293);
#2579=VERTEX_POINT('',#8296);
#2580=VERTEX_POINT('',#8297);
#2581=VERTEX_POINT('',#8299);
#2582=VERTEX_POINT('',#8301);
#2583=VERTEX_POINT('',#8304);
#2584=VERTEX_POINT('',#8305);
#2585=VERTEX_POINT('',#8307);
#2586=VERTEX_POINT('',#8309);
#2587=VERTEX_POINT('',#8312);
#2588=VERTEX_POINT('',#8313);
#2589=VERTEX_POINT('',#8315);
#2590=VERTEX_POINT('',#8317);
#2591=VERTEX_POINT('',#8320);
#2592=VERTEX_POINT('',#8321);
#2593=VERTEX_POINT('',#8323);
#2594=VERTEX_POINT('',#8325);
#2595=VERTEX_POINT('',#8328);
#2596=VERTEX_POINT('',#8329);
#2597=VERTEX_POINT('',#8331);
#2598=VERTEX_POINT('',#8333);
#2599=VERTEX_POINT('',#8336);
#2600=VERTEX_POINT('',#8337);
#2601=VERTEX_POINT('',#8339);
#2602=VERTEX_POINT('',#8341);
#2603=VERTEX_POINT('',#8344);
#2604=VERTEX_POINT('',#8345);
#2605=VERTEX_POINT('',#8347);
#2606=VERTEX_POINT('',#8349);
#2607=VERTEX_POINT('',#8352);
#2608=VERTEX_POINT('',#8353);
#2609=VERTEX_POINT('',#8355);
#2610=VERTEX_POINT('',#8357);
#2611=VERTEX_POINT('',#8360);
#2612=VERTEX_POINT('',#8361);
#2613=VERTEX_POINT('',#8363);
#2614=VERTEX_POINT('',#8365);
#2615=VERTEX_POINT('',#8368);
#2616=VERTEX_POINT('',#8369);
#2617=VERTEX_POINT('',#8371);
#2618=VERTEX_POINT('',#8373);
#2619=VERTEX_POINT('',#8376);
#2620=VERTEX_POINT('',#8379);
#2621=VERTEX_POINT('',#8380);
#2622=VERTEX_POINT('',#8382);
#2623=VERTEX_POINT('',#8384);
#2624=VERTEX_POINT('',#8388);
#2625=VERTEX_POINT('',#8390);
#2626=VERTEX_POINT('',#8394);
#2627=VERTEX_POINT('',#8396);
#2628=VERTEX_POINT('',#8400);
#2629=VERTEX_POINT('',#8402);
#2630=VERTEX_POINT('',#8406);
#2631=VERTEX_POINT('',#8408);
#2632=VERTEX_POINT('',#8412);
#2633=VERTEX_POINT('',#8414);
#2634=VERTEX_POINT('',#8418);
#2635=VERTEX_POINT('',#8420);
#2636=VERTEX_POINT('',#8424);
#2637=VERTEX_POINT('',#8426);
#2638=VERTEX_POINT('',#8430);
#2639=VERTEX_POINT('',#8432);
#2640=VERTEX_POINT('',#8436);
#2641=VERTEX_POINT('',#8437);
#2642=VERTEX_POINT('',#8439);
#2643=VERTEX_POINT('',#8441);
#2644=VERTEX_POINT('',#8444);
#2645=VERTEX_POINT('',#8447);
#2646=VERTEX_POINT('',#8448);
#2647=VERTEX_POINT('',#8450);
#2648=VERTEX_POINT('',#8452);
#2649=VERTEX_POINT('',#8455);
#2650=VERTEX_POINT('',#8457);
#2651=VERTEX_POINT('',#8458);
#2652=VERTEX_POINT('',#8460);
#2653=VERTEX_POINT('',#8462);
#2654=VERTEX_POINT('',#8465);
#2655=VERTEX_POINT('',#8466);
#2656=VERTEX_POINT('',#8468);
#2657=VERTEX_POINT('',#8470);
#2658=VERTEX_POINT('',#8473);
#2659=VERTEX_POINT('',#8474);
#2660=VERTEX_POINT('',#8476);
#2661=VERTEX_POINT('',#8478);
#2662=VERTEX_POINT('',#8481);
#2663=VERTEX_POINT('',#8482);
#2664=VERTEX_POINT('',#8484);
#2665=VERTEX_POINT('',#8486);
#2666=VERTEX_POINT('',#8489);
#2667=VERTEX_POINT('',#8491);
#2668=VERTEX_POINT('',#8493);
#2669=VERTEX_POINT('',#8495);
#2670=VERTEX_POINT('',#8497);
#2671=VERTEX_POINT('',#8499);
#2672=VERTEX_POINT('',#8501);
#2673=VERTEX_POINT('',#8503);
#2674=VERTEX_POINT('',#8516);
#2675=VERTEX_POINT('',#8517);
#2676=VERTEX_POINT('',#8522);
#2677=VERTEX_POINT('',#8523);
#2678=VERTEX_POINT('',#8528);
#2679=VERTEX_POINT('',#8530);
#2680=VERTEX_POINT('',#8534);
#2681=VERTEX_POINT('',#8535);
#2682=VERTEX_POINT('',#8540);
#2683=VERTEX_POINT('',#8541);
#2684=VERTEX_POINT('',#8543);
#2685=VERTEX_POINT('',#8545);
#2686=VERTEX_POINT('',#8573);
#2687=VERTEX_POINT('',#8575);
#2688=VERTEX_POINT('',#8579);
#2689=VERTEX_POINT('',#8583);
#2690=VERTEX_POINT('',#8590);
#2691=VERTEX_POINT('',#8592);
#2692=VERTEX_POINT('',#8596);
#2693=VERTEX_POINT('',#8609);
#2694=VERTEX_POINT('',#8610);
#2695=VERTEX_POINT('',#8612);
#2696=VERTEX_POINT('',#8617);
#2697=VERTEX_POINT('',#8619);
#2698=VERTEX_POINT('',#8623);
#2699=VERTEX_POINT('',#8626);
#2700=VERTEX_POINT('',#8628);
#2701=VERTEX_POINT('',#8630);
#2702=VERTEX_POINT('',#8665);
#2703=VERTEX_POINT('',#8670);
#2704=VERTEX_POINT('',#8675);
#2705=VERTEX_POINT('',#8680);
#2706=VERTEX_POINT('',#8685);
#2707=VERTEX_POINT('',#8690);
#2708=VERTEX_POINT('',#8695);
#2709=VERTEX_POINT('',#8700);
#2710=VERTEX_POINT('',#8705);
#2711=VERTEX_POINT('',#8710);
#2712=VERTEX_POINT('',#8715);
#2713=VERTEX_POINT('',#8720);
#2714=VERTEX_POINT('',#8725);
#2715=VERTEX_POINT('',#8730);
#2716=VERTEX_POINT('',#8735);
#2717=VERTEX_POINT('',#8740);
#2718=VERTEX_POINT('',#8745);
#2719=VERTEX_POINT('',#8747);
#2720=VERTEX_POINT('',#8751);
#2721=VERTEX_POINT('',#8755);
#2722=VERTEX_POINT('',#8762);
#2723=VERTEX_POINT('',#8764);
#2724=VERTEX_POINT('',#8768);
#2725=VERTEX_POINT('',#8772);
#2726=VERTEX_POINT('',#8779);
#2727=VERTEX_POINT('',#8781);
#2728=VERTEX_POINT('',#8785);
#2729=VERTEX_POINT('',#8789);
#2730=VERTEX_POINT('',#8796);
#2731=VERTEX_POINT('',#8798);
#2732=VERTEX_POINT('',#8802);
#2733=VERTEX_POINT('',#8806);
#2734=VERTEX_POINT('',#8813);
#2735=VERTEX_POINT('',#8815);
#2736=VERTEX_POINT('',#8817);
#2737=VERTEX_POINT('',#8819);
#2738=VERTEX_POINT('',#8823);
#2739=VERTEX_POINT('',#8825);
#2740=VERTEX_POINT('',#8829);
#2741=VERTEX_POINT('',#8831);
#2742=VERTEX_POINT('',#8842);
#2743=VERTEX_POINT('',#8843);
#2744=VERTEX_POINT('',#8845);
#2745=VERTEX_POINT('',#8847);
#2746=VERTEX_POINT('',#8851);
#2747=VERTEX_POINT('',#8853);
#2748=VERTEX_POINT('',#8858);
#2749=VERTEX_POINT('',#8860);
#2750=VERTEX_POINT('',#8871);
#2751=VERTEX_POINT('',#8873);
#2752=VERTEX_POINT('',#8877);
#2753=VERTEX_POINT('',#8879);
#2754=VERTEX_POINT('',#8881);
#2755=VERTEX_POINT('',#8883);
#2756=VERTEX_POINT('',#8885);
#2757=VERTEX_POINT('',#8890);
#2758=VERTEX_POINT('',#8892);
#2759=VERTEX_POINT('',#8897);
#2760=VERTEX_POINT('',#8899);
#2761=VERTEX_POINT('',#8901);
#2762=VERTEX_POINT('',#8908);
#2763=VERTEX_POINT('',#8909);
#2764=VERTEX_POINT('',#8911);
#2765=VERTEX_POINT('',#8913);
#2766=VERTEX_POINT('',#8917);
#2767=VERTEX_POINT('',#8919);
#2768=VERTEX_POINT('',#8924);
#2769=VERTEX_POINT('',#8926);
#2770=VERTEX_POINT('',#8944);
#2771=VERTEX_POINT('',#8945);
#2772=VERTEX_POINT('',#8947);
#2773=VERTEX_POINT('',#8949);
#2774=VERTEX_POINT('',#8953);
#2775=VERTEX_POINT('',#8955);
#2776=VERTEX_POINT('',#8960);
#2777=VERTEX_POINT('',#8962);
#2778=VERTEX_POINT('',#8971);
#2779=VERTEX_POINT('',#8972);
#2780=VERTEX_POINT('',#8974);
#2781=VERTEX_POINT('',#8976);
#2782=VERTEX_POINT('',#8980);
#2783=VERTEX_POINT('',#8982);
#2784=VERTEX_POINT('',#8987);
#2785=VERTEX_POINT('',#8989);
#2786=VERTEX_POINT('',#8998);
#2787=VERTEX_POINT('',#8999);
#2788=VERTEX_POINT('',#9001);
#2789=VERTEX_POINT('',#9003);
#2790=VERTEX_POINT('',#9007);
#2791=VERTEX_POINT('',#9009);
#2792=VERTEX_POINT('',#9014);
#2793=VERTEX_POINT('',#9016);
#2794=VERTEX_POINT('',#9025);
#2795=VERTEX_POINT('',#9026);
#2796=VERTEX_POINT('',#9028);
#2797=VERTEX_POINT('',#9030);
#2798=VERTEX_POINT('',#9034);
#2799=VERTEX_POINT('',#9036);
#2800=VERTEX_POINT('',#9041);
#2801=VERTEX_POINT('',#9043);
#2802=VERTEX_POINT('',#9052);
#2803=VERTEX_POINT('',#9054);
#2804=VERTEX_POINT('',#9058);
#2805=VERTEX_POINT('',#9062);
#2806=VERTEX_POINT('',#9069);
#2807=VERTEX_POINT('',#9070);
#2808=VERTEX_POINT('',#9072);
#2809=VERTEX_POINT('',#9074);
#2810=VERTEX_POINT('',#9078);
#2811=VERTEX_POINT('',#9080);
#2812=VERTEX_POINT('',#9085);
#2813=VERTEX_POINT('',#9087);
#2814=VERTEX_POINT('',#9096);
#2815=VERTEX_POINT('',#9097);
#2816=VERTEX_POINT('',#9099);
#2817=VERTEX_POINT('',#9101);
#2818=VERTEX_POINT('',#9105);
#2819=VERTEX_POINT('',#9107);
#2820=VERTEX_POINT('',#9112);
#2821=VERTEX_POINT('',#9114);
#2822=VERTEX_POINT('',#9150);
#2823=VERTEX_POINT('',#9151);
#2824=VERTEX_POINT('',#9153);
#2825=VERTEX_POINT('',#9155);
#2826=VERTEX_POINT('',#9159);
#2827=VERTEX_POINT('',#9161);
#2828=VERTEX_POINT('',#9165);
#2829=VERTEX_POINT('',#9167);
#2830=VERTEX_POINT('',#9174);
#2831=VERTEX_POINT('',#9175);
#2832=VERTEX_POINT('',#9177);
#2833=VERTEX_POINT('',#9179);
#2834=VERTEX_POINT('',#9183);
#2835=VERTEX_POINT('',#9184);
#2836=VERTEX_POINT('',#9186);
#2837=VERTEX_POINT('',#9188);
#2838=VERTEX_POINT('',#9192);
#2839=VERTEX_POINT('',#9193);
#2840=VERTEX_POINT('',#9195);
#2841=VERTEX_POINT('',#9197);
#2842=VERTEX_POINT('',#9199);
#2843=VERTEX_POINT('',#9203);
#2844=VERTEX_POINT('',#9204);
#2845=VERTEX_POINT('',#9207);
#2846=VERTEX_POINT('',#9209);
#2847=VERTEX_POINT('',#9212);
#2848=VERTEX_POINT('',#9214);
#2849=VERTEX_POINT('',#9218);
#2850=VERTEX_POINT('',#9222);
#2851=VERTEX_POINT('',#9226);
#2852=VERTEX_POINT('',#9230);
#2853=VERTEX_POINT('',#9234);
#2854=VERTEX_POINT('',#9236);
#2855=VERTEX_POINT('',#9238);
#2856=VERTEX_POINT('',#9240);
#2857=VERTEX_POINT('',#9244);
#2858=VERTEX_POINT('',#9248);
#2859=VERTEX_POINT('',#9250);
#2860=VERTEX_POINT('',#9254);
#2861=VERTEX_POINT('',#9255);
#2862=VERTEX_POINT('',#9258);
#2863=VERTEX_POINT('',#9266);
#2864=VERTEX_POINT('',#9271);
#2865=VERTEX_POINT('',#9273);
#2866=VERTEX_POINT('',#9282);
#2867=VERTEX_POINT('',#9283);
#2868=VERTEX_POINT('',#9285);
#2869=VERTEX_POINT('',#9287);
#2870=VERTEX_POINT('',#9289);
#2871=VERTEX_POINT('',#9291);
#2872=VERTEX_POINT('',#9295);
#2873=VERTEX_POINT('',#9296);
#2874=VERTEX_POINT('',#9298);
#2875=VERTEX_POINT('',#9300);
#2876=VERTEX_POINT('',#9302);
#2877=VERTEX_POINT('',#9304);
#2878=VERTEX_POINT('',#9308);
#2879=VERTEX_POINT('',#9310);
#2880=VERTEX_POINT('',#9312);
#2881=VERTEX_POINT('',#9316);
#2882=VERTEX_POINT('',#9321);
#2883=VERTEX_POINT('',#9323);
#2884=VERTEX_POINT('',#9325);
#2885=VERTEX_POINT('',#9330);
#2886=VERTEX_POINT('',#9332);
#2887=VERTEX_POINT('',#9336);
#2888=VERTEX_POINT('',#9340);
#2889=VERTEX_POINT('',#9342);
#2890=VERTEX_POINT('',#9346);
#2891=VERTEX_POINT('',#9348);
#2892=VERTEX_POINT('',#9350);
#2893=VERTEX_POINT('',#9354);
#2894=VERTEX_POINT('',#9358);
#2895=VERTEX_POINT('',#9359);
#2896=VERTEX_POINT('',#9361);
#2897=VERTEX_POINT('',#9363);
#2898=VERTEX_POINT('',#9369);
#2899=VERTEX_POINT('',#9373);
#2900=VERTEX_POINT('',#9377);
#2901=VERTEX_POINT('',#9381);
#2902=VERTEX_POINT('',#9389);
#2903=VERTEX_POINT('',#9390);
#2904=VERTEX_POINT('',#9392);
#2905=VERTEX_POINT('',#9394);
#2906=VERTEX_POINT('',#9398);
#2907=VERTEX_POINT('',#9399);
#2908=VERTEX_POINT('',#9401);
#2909=VERTEX_POINT('',#9403);
#2910=VERTEX_POINT('',#9415);
#2911=VERTEX_POINT('',#9416);
#2912=VERTEX_POINT('',#9418);
#2913=VERTEX_POINT('',#9420);
#2914=VERTEX_POINT('',#9424);
#2915=VERTEX_POINT('',#9426);
#2916=VERTEX_POINT('',#9430);
#2917=VERTEX_POINT('',#9432);
#2918=VERTEX_POINT('',#9439);
#2919=VERTEX_POINT('',#9440);
#2920=VERTEX_POINT('',#9442);
#2921=VERTEX_POINT('',#9444);
#2922=VERTEX_POINT('',#9448);
#2923=VERTEX_POINT('',#9449);
#2924=VERTEX_POINT('',#9451);
#2925=VERTEX_POINT('',#9453);
#2926=VERTEX_POINT('',#9457);
#2927=VERTEX_POINT('',#9458);
#2928=VERTEX_POINT('',#9460);
#2929=VERTEX_POINT('',#9462);
#2930=VERTEX_POINT('',#9464);
#2931=VERTEX_POINT('',#9468);
#2932=VERTEX_POINT('',#9469);
#2933=VERTEX_POINT('',#9472);
#2934=VERTEX_POINT('',#9474);
#2935=VERTEX_POINT('',#9477);
#2936=VERTEX_POINT('',#9479);
#2937=VERTEX_POINT('',#9483);
#2938=VERTEX_POINT('',#9487);
#2939=VERTEX_POINT('',#9491);
#2940=VERTEX_POINT('',#9495);
#2941=VERTEX_POINT('',#9499);
#2942=VERTEX_POINT('',#9501);
#2943=VERTEX_POINT('',#9503);
#2944=VERTEX_POINT('',#9505);
#2945=VERTEX_POINT('',#9509);
#2946=VERTEX_POINT('',#9513);
#2947=VERTEX_POINT('',#9515);
#2948=VERTEX_POINT('',#9519);
#2949=VERTEX_POINT('',#9520);
#2950=VERTEX_POINT('',#9523);
#2951=VERTEX_POINT('',#9531);
#2952=VERTEX_POINT('',#9536);
#2953=VERTEX_POINT('',#9538);
#2954=VERTEX_POINT('',#9547);
#2955=VERTEX_POINT('',#9548);
#2956=VERTEX_POINT('',#9550);
#2957=VERTEX_POINT('',#9552);
#2958=VERTEX_POINT('',#9554);
#2959=VERTEX_POINT('',#9556);
#2960=VERTEX_POINT('',#9560);
#2961=VERTEX_POINT('',#9561);
#2962=VERTEX_POINT('',#9563);
#2963=VERTEX_POINT('',#9565);
#2964=VERTEX_POINT('',#9567);
#2965=VERTEX_POINT('',#9569);
#2966=VERTEX_POINT('',#9573);
#2967=VERTEX_POINT('',#9575);
#2968=VERTEX_POINT('',#9577);
#2969=VERTEX_POINT('',#9581);
#2970=VERTEX_POINT('',#9586);
#2971=VERTEX_POINT('',#9588);
#2972=VERTEX_POINT('',#9590);
#2973=VERTEX_POINT('',#9595);
#2974=VERTEX_POINT('',#9597);
#2975=VERTEX_POINT('',#9601);
#2976=VERTEX_POINT('',#9605);
#2977=VERTEX_POINT('',#9609);
#2978=VERTEX_POINT('',#9613);
#2979=VERTEX_POINT('',#9615);
#2980=VERTEX_POINT('',#9617);
#2981=VERTEX_POINT('',#9621);
#2982=VERTEX_POINT('',#9622);
#2983=VERTEX_POINT('',#9624);
#2984=VERTEX_POINT('',#9626);
#2985=VERTEX_POINT('',#9631);
#2986=VERTEX_POINT('',#9635);
#2987=VERTEX_POINT('',#9639);
#2988=VERTEX_POINT('',#9643);
#2989=VERTEX_POINT('',#9648);
#2990=VERTEX_POINT('',#9654);
#2991=VERTEX_POINT('',#9655);
#2992=VERTEX_POINT('',#9657);
#2993=VERTEX_POINT('',#9659);
#2994=VERTEX_POINT('',#9663);
#2995=VERTEX_POINT('',#9664);
#2996=VERTEX_POINT('',#9666);
#2997=VERTEX_POINT('',#9668);
#2998=VERTEX_POINT('',#9680);
#2999=VERTEX_POINT('',#9681);
#3000=VERTEX_POINT('',#9683);
#3001=VERTEX_POINT('',#9685);
#3002=VERTEX_POINT('',#9689);
#3003=VERTEX_POINT('',#9690);
#3004=VERTEX_POINT('',#9695);
#3005=VERTEX_POINT('',#9699);
#3006=VERTEX_POINT('',#9705);
#3007=VERTEX_POINT('',#9706);
#3008=VERTEX_POINT('',#9708);
#3009=VERTEX_POINT('',#9710);
#3010=VERTEX_POINT('',#9714);
#3011=VERTEX_POINT('',#9715);
#3012=VERTEX_POINT('',#9720);
#3013=VERTEX_POINT('',#9722);
#3014=VERTEX_POINT('',#9738);
#3015=VERTEX_POINT('',#9739);
#3016=VERTEX_POINT('',#9741);
#3017=VERTEX_POINT('',#9743);
#3018=VERTEX_POINT('',#9747);
#3019=VERTEX_POINT('',#9748);
#3020=VERTEX_POINT('',#9753);
#3021=VERTEX_POINT('',#9757);
#3022=VERTEX_POINT('',#9763);
#3023=VERTEX_POINT('',#9764);
#3024=VERTEX_POINT('',#9766);
#3025=VERTEX_POINT('',#9768);
#3026=VERTEX_POINT('',#9772);
#3027=VERTEX_POINT('',#9773);
#3028=VERTEX_POINT('',#9778);
#3029=VERTEX_POINT('',#9780);
#3030=VERTEX_POINT('',#9796);
#3031=VERTEX_POINT('',#9797);
#3032=VERTEX_POINT('',#9799);
#3033=VERTEX_POINT('',#9801);
#3034=VERTEX_POINT('',#9805);
#3035=VERTEX_POINT('',#9806);
#3036=VERTEX_POINT('',#9811);
#3037=VERTEX_POINT('',#9815);
#3038=VERTEX_POINT('',#9821);
#3039=VERTEX_POINT('',#9822);
#3040=VERTEX_POINT('',#9824);
#3041=VERTEX_POINT('',#9826);
#3042=VERTEX_POINT('',#9830);
#3043=VERTEX_POINT('',#9831);
#3044=VERTEX_POINT('',#9836);
#3045=VERTEX_POINT('',#9838);
#3046=VERTEX_POINT('',#9854);
#3047=VERTEX_POINT('',#9855);
#3048=VERTEX_POINT('',#9857);
#3049=VERTEX_POINT('',#9859);
#3050=VERTEX_POINT('',#9863);
#3051=VERTEX_POINT('',#9865);
#3052=VERTEX_POINT('',#9869);
#3053=VERTEX_POINT('',#9871);
#3054=VERTEX_POINT('',#9878);
#3055=VERTEX_POINT('',#9879);
#3056=VERTEX_POINT('',#9881);
#3057=VERTEX_POINT('',#9883);
#3058=VERTEX_POINT('',#9895);
#3059=VERTEX_POINT('',#9896);
#3060=VERTEX_POINT('',#9901);
#3061=VERTEX_POINT('',#9905);
#3062=EDGE_CURVE('',#2546,#2547,#1264,.T.);
#3063=EDGE_CURVE('',#2547,#2548,#1265,.T.);
#3064=EDGE_CURVE('',#2548,#2549,#1266,.T.);
#3065=EDGE_CURVE('',#2549,#2546,#1267,.T.);
#3066=EDGE_CURVE('',#2550,#2551,#1268,.T.);
#3067=EDGE_CURVE('',#2550,#2552,#420,.T.);
#3068=EDGE_CURVE('',#2553,#2552,#1269,.T.);
#3069=EDGE_CURVE('',#2553,#2554,#421,.T.);
#3070=EDGE_CURVE('',#2555,#2554,#1270,.T.);
#3071=EDGE_CURVE('',#2555,#2556,#422,.T.);
#3072=EDGE_CURVE('',#2557,#2556,#1271,.T.);
#3073=EDGE_CURVE('',#2557,#2551,#423,.T.);
#3074=EDGE_CURVE('',#2558,#2558,#424,.F.);
#3075=EDGE_CURVE('',#2559,#2559,#425,.T.);
#3076=EDGE_CURVE('',#2560,#2560,#426,.T.);
#3077=EDGE_CURVE('',#2561,#2561,#427,.T.);
#3078=EDGE_CURVE('',#2562,#2562,#428,.T.);
#3079=EDGE_CURVE('',#2563,#2563,#429,.T.);
#3080=EDGE_CURVE('',#2564,#2564,#430,.T.);
#3081=EDGE_CURVE('',#2565,#2565,#431,.T.);
#3082=EDGE_CURVE('',#2566,#2566,#432,.T.);
#3083=EDGE_CURVE('',#2567,#2568,#1272,.T.);
#3084=EDGE_CURVE('',#2567,#2569,#1273,.F.);
#3085=EDGE_CURVE('',#2570,#2569,#1274,.T.);
#3086=EDGE_CURVE('',#2570,#2568,#1275,.F.);
#3087=EDGE_CURVE('',#2571,#2572,#1276,.T.);
#3088=EDGE_CURVE('',#2571,#2573,#1277,.F.);
#3089=EDGE_CURVE('',#2574,#2573,#1278,.T.);
#3090=EDGE_CURVE('',#2574,#2572,#1279,.F.);
#3091=EDGE_CURVE('',#2575,#2576,#1280,.T.);
#3092=EDGE_CURVE('',#2575,#2577,#1281,.F.);
#3093=EDGE_CURVE('',#2578,#2577,#1282,.T.);
#3094=EDGE_CURVE('',#2578,#2576,#1283,.F.);
#3095=EDGE_CURVE('',#2579,#2580,#1284,.T.);
#3096=EDGE_CURVE('',#2579,#2581,#1285,.F.);
#3097=EDGE_CURVE('',#2582,#2581,#1286,.T.);
#3098=EDGE_CURVE('',#2582,#2580,#1287,.F.);
#3099=EDGE_CURVE('',#2583,#2584,#1288,.T.);
#3100=EDGE_CURVE('',#2585,#2583,#1289,.T.);
#3101=EDGE_CURVE('',#2586,#2585,#1290,.T.);
#3102=EDGE_CURVE('',#2584,#2586,#1291,.T.);
#3103=EDGE_CURVE('',#2587,#2588,#1292,.T.);
#3104=EDGE_CURVE('',#2587,#2589,#1293,.F.);
#3105=EDGE_CURVE('',#2590,#2589,#1294,.T.);
#3106=EDGE_CURVE('',#2590,#2588,#1295,.F.);
#3107=EDGE_CURVE('',#2591,#2592,#1296,.T.);
#3108=EDGE_CURVE('',#2591,#2593,#1297,.F.);
#3109=EDGE_CURVE('',#2594,#2593,#1298,.T.);
#3110=EDGE_CURVE('',#2594,#2592,#1299,.F.);
#3111=EDGE_CURVE('',#2595,#2596,#1300,.T.);
#3112=EDGE_CURVE('',#2595,#2597,#1301,.F.);
#3113=EDGE_CURVE('',#2598,#2597,#1302,.T.);
#3114=EDGE_CURVE('',#2598,#2596,#1303,.F.);
#3115=EDGE_CURVE('',#2599,#2600,#1304,.T.);
#3116=EDGE_CURVE('',#2599,#2601,#1305,.F.);
#3117=EDGE_CURVE('',#2602,#2601,#1306,.T.);
#3118=EDGE_CURVE('',#2602,#2600,#1307,.F.);
#3119=EDGE_CURVE('',#2603,#2604,#1308,.T.);
#3120=EDGE_CURVE('',#2603,#2605,#1309,.F.);
#3121=EDGE_CURVE('',#2606,#2605,#1310,.T.);
#3122=EDGE_CURVE('',#2606,#2604,#1311,.F.);
#3123=EDGE_CURVE('',#2607,#2608,#1312,.T.);
#3124=EDGE_CURVE('',#2607,#2609,#1313,.F.);
#3125=EDGE_CURVE('',#2610,#2609,#1314,.T.);
#3126=EDGE_CURVE('',#2610,#2608,#1315,.F.);
#3127=EDGE_CURVE('',#2611,#2612,#1316,.T.);
#3128=EDGE_CURVE('',#2613,#2611,#1317,.T.);
#3129=EDGE_CURVE('',#2614,#2613,#1318,.T.);
#3130=EDGE_CURVE('',#2612,#2614,#1319,.T.);
#3131=EDGE_CURVE('',#2615,#2616,#1320,.T.);
#3132=EDGE_CURVE('',#2617,#2615,#1321,.T.);
#3133=EDGE_CURVE('',#2618,#2617,#1322,.T.);
#3134=EDGE_CURVE('',#2616,#2618,#1323,.T.);
#3135=EDGE_CURVE('',#2619,#2619,#433,.T.);
#3136=EDGE_CURVE('',#2620,#2621,#1324,.T.);
#3137=EDGE_CURVE('',#2620,#2622,#1325,.T.);
#3138=EDGE_CURVE('',#2622,#2623,#1326,.T.);
#3139=EDGE_CURVE('',#2623,#2621,#1327,.T.);
#3140=EDGE_CURVE('',#2624,#2624,#434,.T.);
#3141=EDGE_CURVE('',#2624,#2625,#1328,.T.);
#3142=EDGE_CURVE('',#2625,#2625,#435,.T.);
#3143=EDGE_CURVE('',#2626,#2626,#436,.T.);
#3144=EDGE_CURVE('',#2626,#2627,#1329,.T.);
#3145=EDGE_CURVE('',#2627,#2627,#437,.T.);
#3146=EDGE_CURVE('',#2628,#2628,#438,.T.);
#3147=EDGE_CURVE('',#2628,#2629,#1330,.T.);
#3148=EDGE_CURVE('',#2629,#2629,#439,.T.);
#3149=EDGE_CURVE('',#2630,#2630,#440,.T.);
#3150=EDGE_CURVE('',#2630,#2631,#1331,.T.);
#3151=EDGE_CURVE('',#2631,#2631,#441,.T.);
#3152=EDGE_CURVE('',#2632,#2632,#442,.T.);
#3153=EDGE_CURVE('',#2632,#2633,#1332,.T.);
#3154=EDGE_CURVE('',#2633,#2633,#443,.T.);
#3155=EDGE_CURVE('',#2634,#2634,#444,.T.);
#3156=EDGE_CURVE('',#2634,#2635,#1333,.T.);
#3157=EDGE_CURVE('',#2635,#2635,#445,.T.);
#3158=EDGE_CURVE('',#2636,#2636,#446,.T.);
#3159=EDGE_CURVE('',#2636,#2637,#1334,.T.);
#3160=EDGE_CURVE('',#2637,#2637,#447,.T.);
#3161=EDGE_CURVE('',#2638,#2638,#448,.T.);
#3162=EDGE_CURVE('',#2638,#2639,#1335,.T.);
#3163=EDGE_CURVE('',#2639,#2639,#449,.T.);
#3164=EDGE_CURVE('',#2640,#2641,#1336,.T.);
#3165=EDGE_CURVE('',#2641,#2642,#1337,.T.);
#3166=EDGE_CURVE('',#2642,#2643,#1338,.T.);
#3167=EDGE_CURVE('',#2643,#2640,#1339,.T.);
#3168=EDGE_CURVE('',#2644,#2644,#450,.T.);
#3169=EDGE_CURVE('',#2645,#2646,#1340,.T.);
#3170=EDGE_CURVE('',#2647,#2645,#1341,.T.);
#3171=EDGE_CURVE('',#2648,#2647,#1342,.T.);
#3172=EDGE_CURVE('',#2646,#2648,#1343,.T.);
#3173=EDGE_CURVE('',#2649,#2649,#451,.F.);
#3174=EDGE_CURVE('',#2650,#2651,#1344,.T.);
#3175=EDGE_CURVE('',#2652,#2650,#1345,.T.);
#3176=EDGE_CURVE('',#2653,#2652,#1346,.T.);
#3177=EDGE_CURVE('',#2651,#2653,#1347,.T.);
#3178=EDGE_CURVE('',#2654,#2655,#1348,.T.);
#3179=EDGE_CURVE('',#2656,#2654,#1349,.T.);
#3180=EDGE_CURVE('',#2657,#2656,#1350,.T.);
#3181=EDGE_CURVE('',#2655,#2657,#1351,.T.);
#3182=EDGE_CURVE('',#2658,#2659,#1352,.T.);
#3183=EDGE_CURVE('',#2660,#2658,#1353,.T.);
#3184=EDGE_CURVE('',#2661,#2660,#1354,.T.);
#3185=EDGE_CURVE('',#2659,#2661,#1355,.T.);
#3186=EDGE_CURVE('',#2662,#2663,#1356,.T.);
#3187=EDGE_CURVE('',#2664,#2662,#1357,.T.);
#3188=EDGE_CURVE('',#2665,#2664,#1358,.T.);
#3189=EDGE_CURVE('',#2663,#2665,#1359,.T.);
#3190=EDGE_CURVE('',#2666,#2666,#452,.T.);
#3191=EDGE_CURVE('',#2667,#2667,#453,.T.);
#3192=EDGE_CURVE('',#2668,#2668,#454,.T.);
#3193=EDGE_CURVE('',#2669,#2669,#455,.T.);
#3194=EDGE_CURVE('',#2670,#2670,#456,.T.);
#3195=EDGE_CURVE('',#2671,#2671,#457,.T.);
#3196=EDGE_CURVE('',#2672,#2672,#458,.T.);
#3197=EDGE_CURVE('',#2673,#2673,#459,.T.);
#3198=EDGE_CURVE('',#2547,#2646,#1360,.T.);
#3199=EDGE_CURVE('',#2546,#2645,#1361,.T.);
#3200=EDGE_CURVE('',#2548,#2648,#1362,.T.);
#3201=EDGE_CURVE('',#2549,#2647,#1363,.T.);
#3202=EDGE_CURVE('',#2619,#2649,#1364,.T.);
#3203=EDGE_CURVE('',#2674,#2675,#1365,.F.);
#3204=EDGE_CURVE('',#2675,#2550,#1366,.T.);
#3205=EDGE_CURVE('',#2551,#2674,#1367,.F.);
#3206=EDGE_CURVE('',#2676,#2677,#1368,.F.);
#3207=EDGE_CURVE('',#2677,#2557,#1369,.T.);
#3208=EDGE_CURVE('',#2556,#2676,#1370,.F.);
#3209=EDGE_CURVE('',#2554,#2678,#1371,.F.);
#3210=EDGE_CURVE('',#2678,#2679,#1372,.F.);
#3211=EDGE_CURVE('',#2679,#2555,#1373,.T.);
#3212=EDGE_CURVE('',#2680,#2681,#1374,.F.);
#3213=EDGE_CURVE('',#2681,#2553,#1375,.T.);
#3214=EDGE_CURVE('',#2552,#2680,#1376,.F.);
#3215=EDGE_CURVE('',#2682,#2683,#1377,.T.);
#3216=EDGE_CURVE('',#2683,#2684,#1378,.T.);
#3217=EDGE_CURVE('',#2684,#2685,#1379,.T.);
#3218=EDGE_CURVE('',#2685,#2682,#1380,.T.);
#3219=EDGE_CURVE('',#2674,#2677,#460,.T.);
#3220=EDGE_CURVE('',#2674,#2682,#461,.F.);
#3221=EDGE_CURVE('',#2682,#2677,#462,.F.);
#3222=EDGE_CURVE('',#2676,#2679,#463,.T.);
#3223=EDGE_CURVE('',#2683,#2676,#464,.T.);
#3224=EDGE_CURVE('',#2675,#2685,#465,.T.);
#3225=EDGE_CURVE('',#2680,#2675,#466,.T.);
#3226=EDGE_CURVE('',#2683,#2679,#467,.F.);
#3227=EDGE_CURVE('',#2680,#2685,#468,.F.);
#3228=EDGE_CURVE('',#2684,#2678,#469,.T.);
#3229=EDGE_CURVE('',#2681,#2684,#470,.T.);
#3230=EDGE_CURVE('',#2681,#2678,#471,.F.);
#3231=EDGE_CURVE('',#2686,#2616,#1381,.T.);
#3232=EDGE_CURVE('',#2687,#2686,#1382,.T.);
#3233=EDGE_CURVE('',#2687,#2615,#1383,.T.);
#3234=EDGE_CURVE('',#2688,#2618,#1384,.T.);
#3235=EDGE_CURVE('',#2686,#2688,#1385,.T.);
#3236=EDGE_CURVE('',#2689,#2617,#1386,.T.);
#3237=EDGE_CURVE('',#2688,#2689,#1387,.T.);
#3238=EDGE_CURVE('',#2689,#2687,#1388,.T.);
#3239=EDGE_CURVE('',#2558,#2690,#1389,.T.);
#3240=EDGE_CURVE('',#2690,#2691,#472,.F.);
#3241=EDGE_CURVE('',#2691,#2690,#473,.F.);
#3242=EDGE_CURVE('',#2692,#2692,#474,.T.);
#3243=EDGE_CURVE('',#2692,#2691,#475,.T.);
#3244=EDGE_CURVE('',#2641,#2612,#1390,.T.);
#3245=EDGE_CURVE('',#2640,#2611,#1391,.T.);
#3246=EDGE_CURVE('',#2642,#2614,#1392,.T.);
#3247=EDGE_CURVE('',#2643,#2613,#1393,.T.);
#3248=EDGE_CURVE('',#2693,#2694,#476,.T.);
#3249=EDGE_CURVE('',#2694,#2695,#1394,.T.);
#3250=EDGE_CURVE('',#2695,#2695,#477,.F.);
#3251=EDGE_CURVE('',#2694,#2693,#478,.T.);
#3252=EDGE_CURVE('',#2644,#2696,#1395,.T.);
#3253=EDGE_CURVE('',#2696,#2697,#479,.F.);
#3254=EDGE_CURVE('',#2697,#2696,#480,.F.);
#3255=EDGE_CURVE('',#2698,#2698,#481,.T.);
#3256=EDGE_CURVE('',#2699,#2699,#482,.T.);
#3257=EDGE_CURVE('',#2699,#2700,#1396,.T.);
#3258=EDGE_CURVE('',#2700,#2701,#483,.F.);
#3259=EDGE_CURVE('',#2701,#2700,#484,.F.);
#3260=EDGE_CURVE('',#2701,#2698,#485,.T.);
#3261=EDGE_CURVE('',#2693,#2697,#486,.T.);
#3262=EDGE_CURVE('',#2702,#2702,#487,.T.);
#3263=EDGE_CURVE('',#2702,#2559,#1397,.T.);
#3264=EDGE_CURVE('',#2703,#2703,#488,.T.);
#3265=EDGE_CURVE('',#2703,#2560,#1398,.T.);
#3266=EDGE_CURVE('',#2704,#2704,#489,.T.);
#3267=EDGE_CURVE('',#2704,#2561,#1399,.T.);
#3268=EDGE_CURVE('',#2705,#2705,#490,.T.);
#3269=EDGE_CURVE('',#2705,#2562,#1400,.T.);
#3270=EDGE_CURVE('',#2706,#2706,#491,.T.);
#3271=EDGE_CURVE('',#2706,#2563,#1401,.T.);
#3272=EDGE_CURVE('',#2707,#2707,#492,.T.);
#3273=EDGE_CURVE('',#2707,#2564,#1402,.T.);
#3274=EDGE_CURVE('',#2708,#2708,#493,.T.);
#3275=EDGE_CURVE('',#2708,#2565,#1403,.T.);
#3276=EDGE_CURVE('',#2709,#2709,#494,.T.);
#3277=EDGE_CURVE('',#2709,#2566,#1404,.T.);
#3278=EDGE_CURVE('',#2710,#2710,#495,.T.);
#3279=EDGE_CURVE('',#2710,#2673,#1405,.T.);
#3280=EDGE_CURVE('',#2711,#2711,#496,.T.);
#3281=EDGE_CURVE('',#2711,#2672,#1406,.T.);
#3282=EDGE_CURVE('',#2712,#2712,#497,.T.);
#3283=EDGE_CURVE('',#2712,#2671,#1407,.T.);
#3284=EDGE_CURVE('',#2713,#2713,#498,.T.);
#3285=EDGE_CURVE('',#2713,#2670,#1408,.T.);
#3286=EDGE_CURVE('',#2714,#2714,#499,.T.);
#3287=EDGE_CURVE('',#2714,#2669,#1409,.T.);
#3288=EDGE_CURVE('',#2715,#2715,#500,.T.);
#3289=EDGE_CURVE('',#2715,#2668,#1410,.T.);
#3290=EDGE_CURVE('',#2716,#2716,#501,.T.);
#3291=EDGE_CURVE('',#2716,#2667,#1411,.T.);
#3292=EDGE_CURVE('',#2717,#2717,#502,.T.);
#3293=EDGE_CURVE('',#2717,#2666,#1412,.T.);
#3294=EDGE_CURVE('',#2718,#2663,#1413,.T.);
#3295=EDGE_CURVE('',#2719,#2718,#1414,.T.);
#3296=EDGE_CURVE('',#2719,#2662,#1415,.T.);
#3297=EDGE_CURVE('',#2720,#2719,#1416,.T.);
#3298=EDGE_CURVE('',#2720,#2664,#1417,.T.);
#3299=EDGE_CURVE('',#2721,#2720,#1418,.T.);
#3300=EDGE_CURVE('',#2721,#2665,#1419,.T.);
#3301=EDGE_CURVE('',#2718,#2721,#1420,.T.);
#3302=EDGE_CURVE('',#2722,#2659,#1421,.T.);
#3303=EDGE_CURVE('',#2723,#2722,#1422,.T.);
#3304=EDGE_CURVE('',#2723,#2658,#1423,.T.);
#3305=EDGE_CURVE('',#2724,#2723,#1424,.T.);
#3306=EDGE_CURVE('',#2724,#2660,#1425,.T.);
#3307=EDGE_CURVE('',#2725,#2724,#1426,.T.);
#3308=EDGE_CURVE('',#2725,#2661,#1427,.T.);
#3309=EDGE_CURVE('',#2722,#2725,#1428,.T.);
#3310=EDGE_CURVE('',#2726,#2655,#1429,.T.);
#3311=EDGE_CURVE('',#2727,#2726,#1430,.T.);
#3312=EDGE_CURVE('',#2727,#2654,#1431,.T.);
#3313=EDGE_CURVE('',#2728,#2727,#1432,.T.);
#3314=EDGE_CURVE('',#2728,#2656,#1433,.T.);
#3315=EDGE_CURVE('',#2729,#2728,#1434,.T.);
#3316=EDGE_CURVE('',#2729,#2657,#1435,.T.);
#3317=EDGE_CURVE('',#2726,#2729,#1436,.T.);
#3318=EDGE_CURVE('',#2730,#2651,#1437,.T.);
#3319=EDGE_CURVE('',#2731,#2730,#1438,.T.);
#3320=EDGE_CURVE('',#2731,#2650,#1439,.T.);
#3321=EDGE_CURVE('',#2732,#2731,#1440,.T.);
#3322=EDGE_CURVE('',#2732,#2652,#1441,.T.);
#3323=EDGE_CURVE('',#2733,#2732,#1442,.T.);
#3324=EDGE_CURVE('',#2733,#2653,#1443,.T.);
#3325=EDGE_CURVE('',#2730,#2733,#1444,.T.);
#3326=EDGE_CURVE('',#2568,#2734,#503,.T.);
#3327=EDGE_CURVE('',#2735,#2734,#1445,.T.);
#3328=EDGE_CURVE('',#2736,#2735,#1446,.T.);
#3329=EDGE_CURVE('',#2736,#2737,#1447,.T.);
#3330=EDGE_CURVE('',#2737,#2567,#504,.T.);
#3331=EDGE_CURVE('',#2734,#2738,#1448,.T.);
#3332=EDGE_CURVE('',#2739,#2738,#1449,.T.);
#3333=EDGE_CURVE('',#2735,#2739,#1450,.T.);
#3334=EDGE_CURVE('',#2569,#2740,#505,.T.);
#3335=EDGE_CURVE('',#2741,#2740,#1451,.T.);
#3336=EDGE_CURVE('',#2739,#2741,#1452,.T.);
#3337=EDGE_CURVE('',#2738,#2570,#506,.T.);
#3338=EDGE_CURVE('',#2740,#2737,#1453,.T.);
#3339=EDGE_CURVE('',#2741,#2736,#1454,.T.);
#3340=EDGE_CURVE('',#2742,#2743,#1455,.T.);
#3341=EDGE_CURVE('',#2743,#2744,#1456,.T.);
#3342=EDGE_CURVE('',#2745,#2744,#1457,.T.);
#3343=EDGE_CURVE('',#2742,#2745,#1458,.T.);
#3344=EDGE_CURVE('',#2609,#2746,#507,.T.);
#3345=EDGE_CURVE('',#2747,#2746,#1459,.T.);
#3346=EDGE_CURVE('',#2745,#2747,#1460,.T.);
#3347=EDGE_CURVE('',#2744,#2610,#508,.T.);
#3348=EDGE_CURVE('',#2746,#2748,#1461,.T.);
#3349=EDGE_CURVE('',#2749,#2748,#1462,.T.);
#3350=EDGE_CURVE('',#2747,#2749,#1463,.T.);
#3351=EDGE_CURVE('',#2608,#2743,#509,.T.);
#3352=EDGE_CURVE('',#2749,#2742,#1464,.T.);
#3353=EDGE_CURVE('',#2748,#2607,#510,.T.);
#3354=EDGE_CURVE('',#2622,#2750,#1465,.T.);
#3355=EDGE_CURVE('',#2750,#2751,#1466,.T.);
#3356=EDGE_CURVE('',#2623,#2751,#1467,.T.);
#3357=EDGE_CURVE('',#2573,#2752,#511,.T.);
#3358=EDGE_CURVE('',#2753,#2752,#1468,.T.);
#3359=EDGE_CURVE('',#2754,#2753,#1469,.T.);
#3360=EDGE_CURVE('',#2755,#2754,#1470,.T.);
#3361=EDGE_CURVE('',#2756,#2755,#1471,.T.);
#3362=EDGE_CURVE('',#2756,#2621,#1472,.T.);
#3363=EDGE_CURVE('',#2751,#2574,#512,.T.);
#3364=EDGE_CURVE('',#2752,#2757,#1473,.T.);
#3365=EDGE_CURVE('',#2758,#2757,#1474,.T.);
#3366=EDGE_CURVE('',#2753,#2758,#1475,.T.);
#3367=EDGE_CURVE('',#2572,#2750,#513,.T.);
#3368=EDGE_CURVE('',#2759,#2620,#1476,.T.);
#3369=EDGE_CURVE('',#2760,#2759,#1477,.T.);
#3370=EDGE_CURVE('',#2760,#2761,#1478,.T.);
#3371=EDGE_CURVE('',#2758,#2761,#1479,.T.);
#3372=EDGE_CURVE('',#2757,#2571,#514,.T.);
#3373=EDGE_CURVE('',#2754,#2761,#1480,.T.);
#3374=EDGE_CURVE('',#2762,#2763,#1481,.T.);
#3375=EDGE_CURVE('',#2763,#2764,#1482,.T.);
#3376=EDGE_CURVE('',#2765,#2764,#1483,.T.);
#3377=EDGE_CURVE('',#2762,#2765,#1484,.T.);
#3378=EDGE_CURVE('',#2605,#2766,#515,.T.);
#3379=EDGE_CURVE('',#2767,#2766,#1485,.T.);
#3380=EDGE_CURVE('',#2765,#2767,#1486,.T.);
#3381=EDGE_CURVE('',#2764,#2606,#516,.T.);
#3382=EDGE_CURVE('',#2766,#2768,#1487,.T.);
#3383=EDGE_CURVE('',#2769,#2768,#1488,.T.);
#3384=EDGE_CURVE('',#2767,#2769,#1489,.T.);
#3385=EDGE_CURVE('',#2604,#2763,#517,.T.);
#3386=EDGE_CURVE('',#2769,#2762,#1490,.T.);
#3387=EDGE_CURVE('',#2768,#2603,#518,.T.);
#3388=EDGE_CURVE('',#2759,#2756,#1491,.T.);
#3389=EDGE_CURVE('',#2755,#2760,#1492,.T.);
#3390=EDGE_CURVE('',#2770,#2771,#1493,.T.);
#3391=EDGE_CURVE('',#2771,#2772,#1494,.T.);
#3392=EDGE_CURVE('',#2773,#2772,#1495,.T.);
#3393=EDGE_CURVE('',#2770,#2773,#1496,.T.);
#3394=EDGE_CURVE('',#2577,#2774,#519,.T.);
#3395=EDGE_CURVE('',#2775,#2774,#1497,.T.);
#3396=EDGE_CURVE('',#2773,#2775,#1498,.T.);
#3397=EDGE_CURVE('',#2772,#2578,#520,.T.);
#3398=EDGE_CURVE('',#2774,#2776,#1499,.T.);
#3399=EDGE_CURVE('',#2777,#2776,#1500,.T.);
#3400=EDGE_CURVE('',#2775,#2777,#1501,.T.);
#3401=EDGE_CURVE('',#2576,#2771,#521,.T.);
#3402=EDGE_CURVE('',#2777,#2770,#1502,.T.);
#3403=EDGE_CURVE('',#2776,#2575,#522,.T.);
#3404=EDGE_CURVE('',#2778,#2779,#1503,.T.);
#3405=EDGE_CURVE('',#2779,#2780,#1504,.T.);
#3406=EDGE_CURVE('',#2781,#2780,#1505,.T.);
#3407=EDGE_CURVE('',#2778,#2781,#1506,.T.);
#3408=EDGE_CURVE('',#2601,#2782,#523,.T.);
#3409=EDGE_CURVE('',#2783,#2782,#1507,.T.);
#3410=EDGE_CURVE('',#2781,#2783,#1508,.T.);
#3411=EDGE_CURVE('',#2780,#2602,#524,.T.);
#3412=EDGE_CURVE('',#2782,#2784,#1509,.T.);
#3413=EDGE_CURVE('',#2785,#2784,#1510,.T.);
#3414=EDGE_CURVE('',#2783,#2785,#1511,.T.);
#3415=EDGE_CURVE('',#2600,#2779,#525,.T.);
#3416=EDGE_CURVE('',#2785,#2778,#1512,.T.);
#3417=EDGE_CURVE('',#2784,#2599,#526,.T.);
#3418=EDGE_CURVE('',#2786,#2787,#1513,.T.);
#3419=EDGE_CURVE('',#2787,#2788,#1514,.T.);
#3420=EDGE_CURVE('',#2789,#2788,#1515,.T.);
#3421=EDGE_CURVE('',#2786,#2789,#1516,.T.);
#3422=EDGE_CURVE('',#2581,#2790,#527,.T.);
#3423=EDGE_CURVE('',#2791,#2790,#1517,.T.);
#3424=EDGE_CURVE('',#2789,#2791,#1518,.T.);
#3425=EDGE_CURVE('',#2788,#2582,#528,.T.);
#3426=EDGE_CURVE('',#2790,#2792,#1519,.T.);
#3427=EDGE_CURVE('',#2793,#2792,#1520,.T.);
#3428=EDGE_CURVE('',#2791,#2793,#1521,.T.);
#3429=EDGE_CURVE('',#2580,#2787,#529,.T.);
#3430=EDGE_CURVE('',#2793,#2786,#1522,.T.);
#3431=EDGE_CURVE('',#2792,#2579,#530,.T.);
#3432=EDGE_CURVE('',#2794,#2795,#1523,.T.);
#3433=EDGE_CURVE('',#2795,#2796,#1524,.T.);
#3434=EDGE_CURVE('',#2797,#2796,#1525,.T.);
#3435=EDGE_CURVE('',#2794,#2797,#1526,.T.);
#3436=EDGE_CURVE('',#2597,#2798,#531,.T.);
#3437=EDGE_CURVE('',#2799,#2798,#1527,.T.);
#3438=EDGE_CURVE('',#2797,#2799,#1528,.T.);
#3439=EDGE_CURVE('',#2796,#2598,#532,.T.);
#3440=EDGE_CURVE('',#2798,#2800,#1529,.T.);
#3441=EDGE_CURVE('',#2801,#2800,#1530,.T.);
#3442=EDGE_CURVE('',#2799,#2801,#1531,.T.);
#3443=EDGE_CURVE('',#2596,#2795,#533,.T.);
#3444=EDGE_CURVE('',#2801,#2794,#1532,.T.);
#3445=EDGE_CURVE('',#2800,#2595,#534,.T.);
#3446=EDGE_CURVE('',#2802,#2584,#1533,.T.);
#3447=EDGE_CURVE('',#2803,#2802,#1534,.T.);
#3448=EDGE_CURVE('',#2803,#2583,#1535,.T.);
#3449=EDGE_CURVE('',#2804,#2586,#1536,.T.);
#3450=EDGE_CURVE('',#2802,#2804,#1537,.T.);
#3451=EDGE_CURVE('',#2805,#2585,#1538,.T.);
#3452=EDGE_CURVE('',#2804,#2805,#1539,.T.);
#3453=EDGE_CURVE('',#2805,#2803,#1540,.T.);
#3454=EDGE_CURVE('',#2806,#2807,#1541,.T.);
#3455=EDGE_CURVE('',#2807,#2808,#1542,.T.);
#3456=EDGE_CURVE('',#2809,#2808,#1543,.T.);
#3457=EDGE_CURVE('',#2806,#2809,#1544,.T.);
#3458=EDGE_CURVE('',#2593,#2810,#535,.T.);
#3459=EDGE_CURVE('',#2811,#2810,#1545,.T.);
#3460=EDGE_CURVE('',#2809,#2811,#1546,.T.);
#3461=EDGE_CURVE('',#2808,#2594,#536,.T.);
#3462=EDGE_CURVE('',#2810,#2812,#1547,.T.);
#3463=EDGE_CURVE('',#2813,#2812,#1548,.T.);
#3464=EDGE_CURVE('',#2811,#2813,#1549,.T.);
#3465=EDGE_CURVE('',#2592,#2807,#537,.T.);
#3466=EDGE_CURVE('',#2813,#2806,#1550,.T.);
#3467=EDGE_CURVE('',#2812,#2591,#538,.T.);
#3468=EDGE_CURVE('',#2814,#2815,#1551,.T.);
#3469=EDGE_CURVE('',#2815,#2816,#1552,.T.);
#3470=EDGE_CURVE('',#2817,#2816,#1553,.T.);
#3471=EDGE_CURVE('',#2814,#2817,#1554,.T.);
#3472=EDGE_CURVE('',#2589,#2818,#539,.T.);
#3473=EDGE_CURVE('',#2819,#2818,#1555,.T.);
#3474=EDGE_CURVE('',#2817,#2819,#1556,.T.);
#3475=EDGE_CURVE('',#2816,#2590,#540,.T.);
#3476=EDGE_CURVE('',#2818,#2820,#1557,.T.);
#3477=EDGE_CURVE('',#2821,#2820,#1558,.T.);
#3478=EDGE_CURVE('',#2819,#2821,#1559,.T.);
#3479=EDGE_CURVE('',#2588,#2815,#541,.T.);
#3480=EDGE_CURVE('',#2821,#2814,#1560,.T.);
#3481=EDGE_CURVE('',#2820,#2587,#542,.T.);
#3482=EDGE_CURVE('',#2822,#2823,#1561,.T.);
#3483=EDGE_CURVE('',#2823,#2824,#1562,.T.);
#3484=EDGE_CURVE('',#2824,#2825,#1563,.T.);
#3485=EDGE_CURVE('',#2825,#2822,#1564,.T.);
#3486=EDGE_CURVE('',#2826,#2823,#1565,.T.);
#3487=EDGE_CURVE('',#2822,#2827,#1566,.T.);
#3488=EDGE_CURVE('',#2827,#2826,#1567,.T.);
#3489=EDGE_CURVE('',#2828,#2826,#1568,.T.);
#3490=EDGE_CURVE('',#2827,#2829,#1569,.T.);
#3491=EDGE_CURVE('',#2829,#2828,#1570,.T.);
#3492=EDGE_CURVE('',#2824,#2828,#1571,.T.);
#3493=EDGE_CURVE('',#2829,#2825,#1572,.T.);
#3494=EDGE_CURVE('',#2830,#2831,#1573,.T.);
#3495=EDGE_CURVE('',#2831,#2832,#1574,.T.);
#3496=EDGE_CURVE('',#2832,#2833,#1575,.T.);
#3497=EDGE_CURVE('',#2833,#2830,#1576,.T.);
#3498=EDGE_CURVE('',#2834,#2835,#1577,.T.);
#3499=EDGE_CURVE('',#2835,#2836,#1578,.T.);
#3500=EDGE_CURVE('',#2836,#2837,#1579,.T.);
#3501=EDGE_CURVE('',#2837,#2834,#1580,.T.);
#3502=EDGE_CURVE('',#2838,#2839,#11,.T.);
#3503=EDGE_CURVE('',#2839,#2840,#1581,.T.);
#3504=EDGE_CURVE('',#2840,#2841,#1582,.T.);
#3505=EDGE_CURVE('',#2841,#2842,#1583,.T.);
#3506=EDGE_CURVE('',#2842,#2838,#1584,.T.);
#3507=EDGE_CURVE('',#2843,#2844,#1585,.T.);
#3508=EDGE_CURVE('',#2844,#2832,#1586,.T.);
#3509=EDGE_CURVE('',#2831,#2845,#1587,.T.);
#3510=EDGE_CURVE('',#2845,#2846,#1588,.T.);
#3511=EDGE_CURVE('',#2846,#2842,#1589,.T.);
#3512=EDGE_CURVE('',#2841,#2847,#1590,.T.);
#3513=EDGE_CURVE('',#2847,#2848,#1591,.T.);
#3514=EDGE_CURVE('',#2848,#2843,#1592,.T.);
#3515=EDGE_CURVE('',#2830,#2849,#1593,.T.);
#3516=EDGE_CURVE('',#2849,#2845,#1594,.T.);
#3517=EDGE_CURVE('',#2844,#2850,#1595,.T.);
#3518=EDGE_CURVE('',#2850,#2833,#1596,.T.);
#3519=EDGE_CURVE('',#2843,#2851,#1597,.T.);
#3520=EDGE_CURVE('',#2851,#2850,#1598,.T.);
#3521=EDGE_CURVE('',#2849,#2852,#1599,.T.);
#3522=EDGE_CURVE('',#2852,#2846,#1600,.T.);
#3523=EDGE_CURVE('',#2851,#2853,#1601,.T.);
#3524=EDGE_CURVE('',#2853,#2854,#1602,.T.);
#3525=EDGE_CURVE('',#2854,#2855,#1603,.T.);
#3526=EDGE_CURVE('',#2855,#2856,#1604,.T.);
#3527=EDGE_CURVE('',#2856,#2852,#1605,.T.);
#3528=EDGE_CURVE('',#2857,#2838,#1606,.T.);
#3529=EDGE_CURVE('',#2856,#2857,#1607,.T.);
#3530=EDGE_CURVE('',#2855,#2858,#1608,.T.);
#3531=EDGE_CURVE('',#2858,#2859,#1609,.T.);
#3532=EDGE_CURVE('',#2859,#2857,#12,.T.);
#3533=EDGE_CURVE('',#2860,#2861,#13,.T.);
#3534=EDGE_CURVE('',#2861,#2848,#1610,.T.);
#3535=EDGE_CURVE('',#2847,#2862,#1611,.T.);
#3536=EDGE_CURVE('',#2862,#2860,#1612,.T.);
#3537=EDGE_CURVE('',#2836,#2860,#14,.T.);
#3538=EDGE_CURVE('',#2862,#2840,#1613,.T.);
#3539=EDGE_CURVE('',#2839,#2837,#15,.T.);
#3540=EDGE_CURVE('',#2863,#2853,#1614,.T.);
#3541=EDGE_CURVE('',#2861,#2863,#1615,.T.);
#3542=EDGE_CURVE('',#2834,#2859,#16,.T.);
#3543=EDGE_CURVE('',#2858,#2864,#1616,.T.);
#3544=EDGE_CURVE('',#2864,#2865,#1617,.T.);
#3545=EDGE_CURVE('',#2865,#2835,#17,.T.);
#3546=EDGE_CURVE('',#2864,#2854,#1618,.T.);
#3547=EDGE_CURVE('',#2863,#2865,#18,.T.);
#3548=EDGE_CURVE('',#2866,#2867,#19,.T.);
#3549=EDGE_CURVE('',#2867,#2868,#1619,.T.);
#3550=EDGE_CURVE('',#2868,#2869,#20,.T.);
#3551=EDGE_CURVE('',#2869,#2870,#21,.T.);
#3552=EDGE_CURVE('',#2870,#2871,#1620,.T.);
#3553=EDGE_CURVE('',#2871,#2866,#22,.T.);
#3554=EDGE_CURVE('',#2872,#2873,#23,.T.);
#3555=EDGE_CURVE('',#2873,#2874,#24,.T.);
#3556=EDGE_CURVE('',#2874,#2875,#1621,.T.);
#3557=EDGE_CURVE('',#2875,#2876,#25,.T.);
#3558=EDGE_CURVE('',#2876,#2877,#26,.T.);
#3559=EDGE_CURVE('',#2877,#2872,#1622,.T.);
#3560=EDGE_CURVE('',#2876,#2878,#1623,.T.);
#3561=EDGE_CURVE('',#2878,#2879,#1624,.T.);
#3562=EDGE_CURVE('',#2879,#2880,#1625,.T.);
#3563=EDGE_CURVE('',#2880,#2877,#1626,.T.);
#3564=EDGE_CURVE('',#2866,#2881,#1627,.T.);
#3565=EDGE_CURVE('',#2881,#2878,#1628,.T.);
#3566=EDGE_CURVE('',#2875,#2867,#1629,.T.);
#3567=EDGE_CURVE('',#2880,#2882,#1630,.T.);
#3568=EDGE_CURVE('',#2882,#2883,#1631,.T.);
#3569=EDGE_CURVE('',#2883,#2884,#1632,.T.);
#3570=EDGE_CURVE('',#2884,#2872,#1633,.T.);
#3571=EDGE_CURVE('',#2868,#2874,#1634,.T.);
#3572=EDGE_CURVE('',#2873,#2885,#1635,.T.);
#3573=EDGE_CURVE('',#2885,#2886,#1636,.T.);
#3574=EDGE_CURVE('',#2886,#2869,#1637,.T.);
#3575=EDGE_CURVE('',#2884,#2887,#1638,.T.);
#3576=EDGE_CURVE('',#2887,#2885,#1639,.T.);
#3577=EDGE_CURVE('',#2871,#2888,#1640,.T.);
#3578=EDGE_CURVE('',#2888,#2889,#1641,.T.);
#3579=EDGE_CURVE('',#2889,#2881,#1642,.T.);
#3580=EDGE_CURVE('',#2870,#2890,#1643,.T.);
#3581=EDGE_CURVE('',#2890,#2891,#1644,.T.);
#3582=EDGE_CURVE('',#2891,#2892,#1645,.T.);
#3583=EDGE_CURVE('',#2892,#2888,#1646,.T.);
#3584=EDGE_CURVE('',#2893,#2886,#1647,.T.);
#3585=EDGE_CURVE('',#2887,#2893,#1648,.T.);
#3586=EDGE_CURVE('',#2894,#2895,#1649,.T.);
#3587=EDGE_CURVE('',#2895,#2896,#1650,.T.);
#3588=EDGE_CURVE('',#2896,#2897,#1651,.T.);
#3589=EDGE_CURVE('',#2897,#2882,#1652,.T.);
#3590=EDGE_CURVE('',#2879,#2889,#1653,.T.);
#3591=EDGE_CURVE('',#2892,#2894,#1654,.T.);
#3592=EDGE_CURVE('',#2891,#2898,#1655,.T.);
#3593=EDGE_CURVE('',#2898,#2894,#1656,.T.);
#3594=EDGE_CURVE('',#2897,#2899,#1657,.T.);
#3595=EDGE_CURVE('',#2899,#2883,#1658,.T.);
#3596=EDGE_CURVE('',#2896,#2900,#1659,.T.);
#3597=EDGE_CURVE('',#2900,#2899,#1660,.T.);
#3598=EDGE_CURVE('',#2901,#2895,#1661,.T.);
#3599=EDGE_CURVE('',#2898,#2901,#1662,.T.);
#3600=EDGE_CURVE('',#2900,#2901,#1663,.T.);
#3601=EDGE_CURVE('',#2890,#2893,#1664,.T.);
#3602=EDGE_CURVE('',#2902,#2903,#1665,.T.);
#3603=EDGE_CURVE('',#2903,#2904,#1666,.T.);
#3604=EDGE_CURVE('',#2904,#2905,#1667,.T.);
#3605=EDGE_CURVE('',#2905,#2902,#1668,.T.);
#3606=EDGE_CURVE('',#2906,#2907,#1669,.T.);
#3607=EDGE_CURVE('',#2907,#2908,#1670,.T.);
#3608=EDGE_CURVE('',#2908,#2909,#1671,.T.);
#3609=EDGE_CURVE('',#2909,#2906,#1672,.T.);
#3610=EDGE_CURVE('',#2907,#2905,#1673,.T.);
#3611=EDGE_CURVE('',#2904,#2908,#1674,.T.);
#3612=EDGE_CURVE('',#2903,#2909,#1675,.T.);
#3613=EDGE_CURVE('',#2902,#2906,#1676,.T.);
#3614=EDGE_CURVE('',#2910,#2911,#1677,.T.);
#3615=EDGE_CURVE('',#2911,#2912,#1678,.T.);
#3616=EDGE_CURVE('',#2912,#2913,#1679,.T.);
#3617=EDGE_CURVE('',#2913,#2910,#1680,.T.);
#3618=EDGE_CURVE('',#2914,#2911,#1681,.T.);
#3619=EDGE_CURVE('',#2910,#2915,#1682,.T.);
#3620=EDGE_CURVE('',#2915,#2914,#1683,.T.);
#3621=EDGE_CURVE('',#2916,#2914,#1684,.T.);
#3622=EDGE_CURVE('',#2915,#2917,#1685,.T.);
#3623=EDGE_CURVE('',#2917,#2916,#1686,.T.);
#3624=EDGE_CURVE('',#2912,#2916,#1687,.T.);
#3625=EDGE_CURVE('',#2917,#2913,#1688,.T.);
#3626=EDGE_CURVE('',#2918,#2919,#1689,.T.);
#3627=EDGE_CURVE('',#2919,#2920,#1690,.T.);
#3628=EDGE_CURVE('',#2920,#2921,#1691,.T.);
#3629=EDGE_CURVE('',#2921,#2918,#1692,.T.);
#3630=EDGE_CURVE('',#2922,#2923,#1693,.T.);
#3631=EDGE_CURVE('',#2923,#2924,#1694,.T.);
#3632=EDGE_CURVE('',#2924,#2925,#1695,.T.);
#3633=EDGE_CURVE('',#2925,#2922,#1696,.T.);
#3634=EDGE_CURVE('',#2926,#2927,#27,.T.);
#3635=EDGE_CURVE('',#2927,#2928,#1697,.T.);
#3636=EDGE_CURVE('',#2928,#2929,#1698,.T.);
#3637=EDGE_CURVE('',#2929,#2930,#1699,.T.);
#3638=EDGE_CURVE('',#2930,#2926,#1700,.T.);
#3639=EDGE_CURVE('',#2931,#2932,#1701,.T.);
#3640=EDGE_CURVE('',#2932,#2920,#1702,.T.);
#3641=EDGE_CURVE('',#2919,#2933,#1703,.T.);
#3642=EDGE_CURVE('',#2933,#2934,#1704,.T.);
#3643=EDGE_CURVE('',#2934,#2930,#1705,.T.);
#3644=EDGE_CURVE('',#2929,#2935,#1706,.T.);
#3645=EDGE_CURVE('',#2935,#2936,#1707,.T.);
#3646=EDGE_CURVE('',#2936,#2931,#1708,.T.);
#3647=EDGE_CURVE('',#2918,#2937,#1709,.T.);
#3648=EDGE_CURVE('',#2937,#2933,#1710,.T.);
#3649=EDGE_CURVE('',#2932,#2938,#1711,.T.);
#3650=EDGE_CURVE('',#2938,#2921,#1712,.T.);
#3651=EDGE_CURVE('',#2931,#2939,#1713,.T.);
#3652=EDGE_CURVE('',#2939,#2938,#1714,.T.);
#3653=EDGE_CURVE('',#2937,#2940,#1715,.T.);
#3654=EDGE_CURVE('',#2940,#2934,#1716,.T.);
#3655=EDGE_CURVE('',#2939,#2941,#1717,.T.);
#3656=EDGE_CURVE('',#2941,#2942,#1718,.T.);
#3657=EDGE_CURVE('',#2942,#2943,#1719,.T.);
#3658=EDGE_CURVE('',#2943,#2944,#1720,.T.);
#3659=EDGE_CURVE('',#2944,#2940,#1721,.T.);
#3660=EDGE_CURVE('',#2945,#2926,#1722,.T.);
#3661=EDGE_CURVE('',#2944,#2945,#1723,.T.);
#3662=EDGE_CURVE('',#2943,#2946,#1724,.T.);
#3663=EDGE_CURVE('',#2946,#2947,#1725,.T.);
#3664=EDGE_CURVE('',#2947,#2945,#28,.T.);
#3665=EDGE_CURVE('',#2948,#2949,#29,.T.);
#3666=EDGE_CURVE('',#2949,#2936,#1726,.T.);
#3667=EDGE_CURVE('',#2935,#2950,#1727,.T.);
#3668=EDGE_CURVE('',#2950,#2948,#1728,.T.);
#3669=EDGE_CURVE('',#2924,#2948,#30,.T.);
#3670=EDGE_CURVE('',#2950,#2928,#1729,.T.);
#3671=EDGE_CURVE('',#2927,#2925,#31,.T.);
#3672=EDGE_CURVE('',#2951,#2941,#1730,.T.);
#3673=EDGE_CURVE('',#2949,#2951,#1731,.T.);
#3674=EDGE_CURVE('',#2922,#2947,#32,.T.);
#3675=EDGE_CURVE('',#2946,#2952,#1732,.T.);
#3676=EDGE_CURVE('',#2952,#2953,#1733,.T.);
#3677=EDGE_CURVE('',#2953,#2923,#33,.T.);
#3678=EDGE_CURVE('',#2952,#2942,#1734,.T.);
#3679=EDGE_CURVE('',#2951,#2953,#34,.T.);
#3680=EDGE_CURVE('',#2954,#2955,#35,.T.);
#3681=EDGE_CURVE('',#2955,#2956,#1735,.T.);
#3682=EDGE_CURVE('',#2956,#2957,#36,.T.);
#3683=EDGE_CURVE('',#2957,#2958,#37,.T.);
#3684=EDGE_CURVE('',#2958,#2959,#1736,.T.);
#3685=EDGE_CURVE('',#2959,#2954,#38,.T.);
#3686=EDGE_CURVE('',#2960,#2961,#39,.T.);
#3687=EDGE_CURVE('',#2961,#2962,#40,.T.);
#3688=EDGE_CURVE('',#2962,#2963,#1737,.T.);
#3689=EDGE_CURVE('',#2963,#2964,#41,.T.);
#3690=EDGE_CURVE('',#2964,#2965,#42,.T.);
#3691=EDGE_CURVE('',#2965,#2960,#1738,.T.);
#3692=EDGE_CURVE('',#2964,#2966,#1739,.T.);
#3693=EDGE_CURVE('',#2966,#2967,#1740,.T.);
#3694=EDGE_CURVE('',#2967,#2968,#1741,.T.);
#3695=EDGE_CURVE('',#2968,#2965,#1742,.T.);
#3696=EDGE_CURVE('',#2954,#2969,#1743,.T.);
#3697=EDGE_CURVE('',#2969,#2966,#1744,.T.);
#3698=EDGE_CURVE('',#2963,#2955,#1745,.T.);
#3699=EDGE_CURVE('',#2968,#2970,#1746,.T.);
#3700=EDGE_CURVE('',#2970,#2971,#1747,.T.);
#3701=EDGE_CURVE('',#2971,#2972,#1748,.T.);
#3702=EDGE_CURVE('',#2972,#2960,#1749,.T.);
#3703=EDGE_CURVE('',#2956,#2962,#1750,.T.);
#3704=EDGE_CURVE('',#2961,#2973,#1751,.T.);
#3705=EDGE_CURVE('',#2973,#2974,#1752,.T.);
#3706=EDGE_CURVE('',#2974,#2957,#1753,.T.);
#3707=EDGE_CURVE('',#2972,#2975,#1754,.T.);
#3708=EDGE_CURVE('',#2975,#2973,#1755,.T.);
#3709=EDGE_CURVE('',#2976,#2967,#1756,.T.);
#3710=EDGE_CURVE('',#2969,#2976,#1757,.T.);
#3711=EDGE_CURVE('',#2959,#2977,#1758,.T.);
#3712=EDGE_CURVE('',#2977,#2976,#1759,.T.);
#3713=EDGE_CURVE('',#2958,#2978,#1760,.T.);
#3714=EDGE_CURVE('',#2978,#2979,#1761,.T.);
#3715=EDGE_CURVE('',#2979,#2980,#1762,.T.);
#3716=EDGE_CURVE('',#2980,#2977,#1763,.T.);
#3717=EDGE_CURVE('',#2981,#2982,#1764,.T.);
#3718=EDGE_CURVE('',#2982,#2983,#1765,.T.);
#3719=EDGE_CURVE('',#2983,#2984,#1766,.T.);
#3720=EDGE_CURVE('',#2984,#2970,#1767,.T.);
#3721=EDGE_CURVE('',#2980,#2981,#1768,.T.);
#3722=EDGE_CURVE('',#2979,#2985,#1769,.T.);
#3723=EDGE_CURVE('',#2985,#2981,#1770,.T.);
#3724=EDGE_CURVE('',#2984,#2986,#1771,.T.);
#3725=EDGE_CURVE('',#2986,#2971,#1772,.T.);
#3726=EDGE_CURVE('',#2983,#2987,#1773,.T.);
#3727=EDGE_CURVE('',#2987,#2986,#1774,.T.);
#3728=EDGE_CURVE('',#2988,#2982,#1775,.T.);
#3729=EDGE_CURVE('',#2985,#2988,#1776,.T.);
#3730=EDGE_CURVE('',#2987,#2988,#1777,.T.);
#3731=EDGE_CURVE('',#2978,#2989,#1778,.T.);
#3732=EDGE_CURVE('',#2989,#2975,#1779,.T.);
#3733=EDGE_CURVE('',#2974,#2989,#1780,.T.);
#3734=EDGE_CURVE('',#2990,#2991,#1781,.T.);
#3735=EDGE_CURVE('',#2991,#2992,#1782,.T.);
#3736=EDGE_CURVE('',#2992,#2993,#1783,.T.);
#3737=EDGE_CURVE('',#2993,#2990,#1784,.T.);
#3738=EDGE_CURVE('',#2994,#2995,#1785,.T.);
#3739=EDGE_CURVE('',#2995,#2996,#1786,.T.);
#3740=EDGE_CURVE('',#2996,#2997,#1787,.T.);
#3741=EDGE_CURVE('',#2997,#2994,#1788,.T.);
#3742=EDGE_CURVE('',#2995,#2993,#1789,.T.);
#3743=EDGE_CURVE('',#2992,#2996,#1790,.T.);
#3744=EDGE_CURVE('',#2991,#2997,#1791,.T.);
#3745=EDGE_CURVE('',#2990,#2994,#1792,.T.);
#3746=EDGE_CURVE('',#2998,#2999,#1793,.T.);
#3747=EDGE_CURVE('',#2999,#3000,#1794,.T.);
#3748=EDGE_CURVE('',#3000,#3001,#1795,.T.);
#3749=EDGE_CURVE('',#3001,#2998,#1796,.T.);
#3750=EDGE_CURVE('',#3002,#3003,#1797,.T.);
#3751=EDGE_CURVE('',#3003,#2998,#1798,.T.);
#3752=EDGE_CURVE('',#3001,#3002,#1799,.T.);
#3753=EDGE_CURVE('',#3003,#3004,#1800,.T.);
#3754=EDGE_CURVE('',#3004,#2999,#1801,.T.);
#3755=EDGE_CURVE('',#3004,#3005,#1802,.T.);
#3756=EDGE_CURVE('',#3005,#3000,#1803,.T.);
#3757=EDGE_CURVE('',#3005,#3002,#1804,.T.);
#3758=EDGE_CURVE('',#3006,#3007,#1805,.T.);
#3759=EDGE_CURVE('',#3007,#3008,#1806,.T.);
#3760=EDGE_CURVE('',#3008,#3009,#1807,.T.);
#3761=EDGE_CURVE('',#3009,#3006,#1808,.T.);
#3762=EDGE_CURVE('',#3010,#3011,#1809,.T.);
#3763=EDGE_CURVE('',#3011,#3007,#1810,.T.);
#3764=EDGE_CURVE('',#3006,#3010,#1811,.T.);
#3765=EDGE_CURVE('',#3010,#3012,#1812,.T.);
#3766=EDGE_CURVE('',#3012,#3013,#1813,.T.);
#3767=EDGE_CURVE('',#3013,#3011,#1814,.T.);
#3768=EDGE_CURVE('',#3008,#3013,#1815,.T.);
#3769=EDGE_CURVE('',#3012,#3009,#1816,.T.);
#3770=EDGE_CURVE('',#3007,#3004,#1817,.T.);
#3771=EDGE_CURVE('',#3003,#3008,#1818,.T.);
#3772=EDGE_CURVE('',#3011,#3005,#1819,.T.);
#3773=EDGE_CURVE('',#3013,#3002,#1820,.T.);
#3774=EDGE_CURVE('',#3014,#3015,#1821,.T.);
#3775=EDGE_CURVE('',#3015,#3016,#1822,.T.);
#3776=EDGE_CURVE('',#3016,#3017,#1823,.T.);
#3777=EDGE_CURVE('',#3017,#3014,#1824,.T.);
#3778=EDGE_CURVE('',#3018,#3019,#1825,.T.);
#3779=EDGE_CURVE('',#3019,#3014,#1826,.T.);
#3780=EDGE_CURVE('',#3017,#3018,#1827,.T.);
#3781=EDGE_CURVE('',#3019,#3020,#1828,.T.);
#3782=EDGE_CURVE('',#3020,#3015,#1829,.T.);
#3783=EDGE_CURVE('',#3020,#3021,#1830,.T.);
#3784=EDGE_CURVE('',#3021,#3016,#1831,.T.);
#3785=EDGE_CURVE('',#3021,#3018,#1832,.T.);
#3786=EDGE_CURVE('',#3022,#3023,#1833,.T.);
#3787=EDGE_CURVE('',#3023,#3024,#1834,.T.);
#3788=EDGE_CURVE('',#3024,#3025,#1835,.T.);
#3789=EDGE_CURVE('',#3025,#3022,#1836,.T.);
#3790=EDGE_CURVE('',#3026,#3027,#1837,.T.);
#3791=EDGE_CURVE('',#3027,#3023,#1838,.T.);
#3792=EDGE_CURVE('',#3022,#3026,#1839,.T.);
#3793=EDGE_CURVE('',#3026,#3028,#1840,.T.);
#3794=EDGE_CURVE('',#3028,#3029,#1841,.T.);
#3795=EDGE_CURVE('',#3029,#3027,#1842,.T.);
#3796=EDGE_CURVE('',#3024,#3029,#1843,.T.);
#3797=EDGE_CURVE('',#3028,#3025,#1844,.T.);
#3798=EDGE_CURVE('',#3023,#3020,#1845,.T.);
#3799=EDGE_CURVE('',#3019,#3024,#1846,.T.);
#3800=EDGE_CURVE('',#3027,#3021,#1847,.T.);
#3801=EDGE_CURVE('',#3029,#3018,#1848,.T.);
#3802=EDGE_CURVE('',#3030,#3031,#1849,.T.);
#3803=EDGE_CURVE('',#3031,#3032,#1850,.T.);
#3804=EDGE_CURVE('',#3032,#3033,#1851,.T.);
#3805=EDGE_CURVE('',#3033,#3030,#1852,.T.);
#3806=EDGE_CURVE('',#3034,#3035,#1853,.T.);
#3807=EDGE_CURVE('',#3035,#3030,#1854,.T.);
#3808=EDGE_CURVE('',#3033,#3034,#1855,.T.);
#3809=EDGE_CURVE('',#3035,#3036,#1856,.T.);
#3810=EDGE_CURVE('',#3036,#3031,#1857,.T.);
#3811=EDGE_CURVE('',#3036,#3037,#1858,.T.);
#3812=EDGE_CURVE('',#3037,#3032,#1859,.T.);
#3813=EDGE_CURVE('',#3037,#3034,#1860,.T.);
#3814=EDGE_CURVE('',#3038,#3039,#1861,.T.);
#3815=EDGE_CURVE('',#3039,#3040,#1862,.T.);
#3816=EDGE_CURVE('',#3040,#3041,#1863,.T.);
#3817=EDGE_CURVE('',#3041,#3038,#1864,.T.);
#3818=EDGE_CURVE('',#3042,#3043,#1865,.T.);
#3819=EDGE_CURVE('',#3043,#3039,#1866,.T.);
#3820=EDGE_CURVE('',#3038,#3042,#1867,.T.);
#3821=EDGE_CURVE('',#3042,#3044,#1868,.T.);
#3822=EDGE_CURVE('',#3044,#3045,#1869,.T.);
#3823=EDGE_CURVE('',#3045,#3043,#1870,.T.);
#3824=EDGE_CURVE('',#3040,#3045,#1871,.T.);
#3825=EDGE_CURVE('',#3044,#3041,#1872,.T.);
#3826=EDGE_CURVE('',#3039,#3036,#1873,.T.);
#3827=EDGE_CURVE('',#3035,#3040,#1874,.T.);
#3828=EDGE_CURVE('',#3043,#3037,#1875,.T.);
#3829=EDGE_CURVE('',#3045,#3034,#1876,.T.);
#3830=EDGE_CURVE('',#3046,#3047,#1877,.T.);
#3831=EDGE_CURVE('',#3047,#3048,#1878,.T.);
#3832=EDGE_CURVE('',#3048,#3049,#1879,.T.);
#3833=EDGE_CURVE('',#3049,#3046,#1880,.T.);
#3834=EDGE_CURVE('',#3048,#3050,#1881,.T.);
#3835=EDGE_CURVE('',#3050,#3051,#1882,.T.);
#3836=EDGE_CURVE('',#3051,#3049,#1883,.T.);
#3837=EDGE_CURVE('',#3052,#3051,#1884,.T.);
#3838=EDGE_CURVE('',#3050,#3053,#1885,.T.);
#3839=EDGE_CURVE('',#3053,#3052,#1886,.T.);
#3840=EDGE_CURVE('',#3046,#3052,#1887,.T.);
#3841=EDGE_CURVE('',#3053,#3047,#1888,.T.);
#3842=EDGE_CURVE('',#3054,#3055,#1889,.T.);
#3843=EDGE_CURVE('',#3055,#3056,#1890,.T.);
#3844=EDGE_CURVE('',#3056,#3057,#1891,.T.);
#3845=EDGE_CURVE('',#3057,#3054,#1892,.T.);
#3846=EDGE_CURVE('',#3049,#3055,#1893,.T.);
#3847=EDGE_CURVE('',#3054,#3046,#1894,.T.);
#3848=EDGE_CURVE('',#3051,#3056,#1895,.T.);
#3849=EDGE_CURVE('',#3052,#3057,#1896,.T.);
#3850=EDGE_CURVE('',#3058,#3059,#1897,.T.);
#3851=EDGE_CURVE('',#3059,#3050,#1898,.T.);
#3852=EDGE_CURVE('',#3048,#3058,#1899,.T.);
#3853=EDGE_CURVE('',#3059,#3060,#1900,.T.);
#3854=EDGE_CURVE('',#3060,#3053,#1901,.T.);
#3855=EDGE_CURVE('',#3060,#3061,#1902,.T.);
#3856=EDGE_CURVE('',#3061,#3047,#1903,.T.);
#3857=EDGE_CURVE('',#3061,#3058,#1904,.T.);
#3858=ORIENTED_EDGE('',*,*,#3062,.T.);
#3859=ORIENTED_EDGE('',*,*,#3063,.T.);
#3860=ORIENTED_EDGE('',*,*,#3064,.T.);
#3861=ORIENTED_EDGE('',*,*,#3065,.T.);
#3862=ORIENTED_EDGE('',*,*,#3066,.F.);
#3863=ORIENTED_EDGE('',*,*,#3067,.T.);
#3864=ORIENTED_EDGE('',*,*,#3068,.F.);
#3865=ORIENTED_EDGE('',*,*,#3069,.T.);
#3866=ORIENTED_EDGE('',*,*,#3070,.F.);
#3867=ORIENTED_EDGE('',*,*,#3071,.T.);
#3868=ORIENTED_EDGE('',*,*,#3072,.F.);
#3869=ORIENTED_EDGE('',*,*,#3073,.T.);
#3870=ORIENTED_EDGE('',*,*,#3074,.F.);
#3871=ORIENTED_EDGE('',*,*,#3075,.F.);
#3872=ORIENTED_EDGE('',*,*,#3076,.F.);
#3873=ORIENTED_EDGE('',*,*,#3077,.F.);
#3874=ORIENTED_EDGE('',*,*,#3078,.F.);
#3875=ORIENTED_EDGE('',*,*,#3079,.F.);
#3876=ORIENTED_EDGE('',*,*,#3080,.F.);
#3877=ORIENTED_EDGE('',*,*,#3081,.F.);
#3878=ORIENTED_EDGE('',*,*,#3082,.F.);
#3879=ORIENTED_EDGE('',*,*,#3083,.F.);
#3880=ORIENTED_EDGE('',*,*,#3084,.T.);
#3881=ORIENTED_EDGE('',*,*,#3085,.F.);
#3882=ORIENTED_EDGE('',*,*,#3086,.T.);
#3883=ORIENTED_EDGE('',*,*,#3087,.F.);
#3884=ORIENTED_EDGE('',*,*,#3088,.T.);
#3885=ORIENTED_EDGE('',*,*,#3089,.F.);
#3886=ORIENTED_EDGE('',*,*,#3090,.T.);
#3887=ORIENTED_EDGE('',*,*,#3091,.F.);
#3888=ORIENTED_EDGE('',*,*,#3092,.T.);
#3889=ORIENTED_EDGE('',*,*,#3093,.F.);
#3890=ORIENTED_EDGE('',*,*,#3094,.T.);
#3891=ORIENTED_EDGE('',*,*,#3095,.F.);
#3892=ORIENTED_EDGE('',*,*,#3096,.T.);
#3893=ORIENTED_EDGE('',*,*,#3097,.F.);
#3894=ORIENTED_EDGE('',*,*,#3098,.T.);
#3895=ORIENTED_EDGE('',*,*,#3099,.F.);
#3896=ORIENTED_EDGE('',*,*,#3100,.F.);
#3897=ORIENTED_EDGE('',*,*,#3101,.F.);
#3898=ORIENTED_EDGE('',*,*,#3102,.F.);
#3899=ORIENTED_EDGE('',*,*,#3103,.F.);
#3900=ORIENTED_EDGE('',*,*,#3104,.T.);
#3901=ORIENTED_EDGE('',*,*,#3105,.F.);
#3902=ORIENTED_EDGE('',*,*,#3106,.T.);
#3903=ORIENTED_EDGE('',*,*,#3107,.F.);
#3904=ORIENTED_EDGE('',*,*,#3108,.T.);
#3905=ORIENTED_EDGE('',*,*,#3109,.F.);
#3906=ORIENTED_EDGE('',*,*,#3110,.T.);
#3907=ORIENTED_EDGE('',*,*,#3111,.F.);
#3908=ORIENTED_EDGE('',*,*,#3112,.T.);
#3909=ORIENTED_EDGE('',*,*,#3113,.F.);
#3910=ORIENTED_EDGE('',*,*,#3114,.T.);
#3911=ORIENTED_EDGE('',*,*,#3115,.F.);
#3912=ORIENTED_EDGE('',*,*,#3116,.T.);
#3913=ORIENTED_EDGE('',*,*,#3117,.F.);
#3914=ORIENTED_EDGE('',*,*,#3118,.T.);
#3915=ORIENTED_EDGE('',*,*,#3119,.F.);
#3916=ORIENTED_EDGE('',*,*,#3120,.T.);
#3917=ORIENTED_EDGE('',*,*,#3121,.F.);
#3918=ORIENTED_EDGE('',*,*,#3122,.T.);
#3919=ORIENTED_EDGE('',*,*,#3123,.F.);
#3920=ORIENTED_EDGE('',*,*,#3124,.T.);
#3921=ORIENTED_EDGE('',*,*,#3125,.F.);
#3922=ORIENTED_EDGE('',*,*,#3126,.T.);
#3923=ORIENTED_EDGE('',*,*,#3127,.F.);
#3924=ORIENTED_EDGE('',*,*,#3128,.F.);
#3925=ORIENTED_EDGE('',*,*,#3129,.F.);
#3926=ORIENTED_EDGE('',*,*,#3130,.F.);
#3927=ORIENTED_EDGE('',*,*,#3131,.F.);
#3928=ORIENTED_EDGE('',*,*,#3132,.F.);
#3929=ORIENTED_EDGE('',*,*,#3133,.F.);
#3930=ORIENTED_EDGE('',*,*,#3134,.F.);
#3931=ORIENTED_EDGE('',*,*,#3135,.F.);
#3932=ORIENTED_EDGE('',*,*,#3136,.F.);
#3933=ORIENTED_EDGE('',*,*,#3137,.T.);
#3934=ORIENTED_EDGE('',*,*,#3138,.T.);
#3935=ORIENTED_EDGE('',*,*,#3139,.T.);
#3936=ORIENTED_EDGE('',*,*,#3140,.T.);
#3937=ORIENTED_EDGE('',*,*,#3141,.T.);
#3938=ORIENTED_EDGE('',*,*,#3142,.T.);
#3939=ORIENTED_EDGE('',*,*,#3141,.F.);
#3940=ORIENTED_EDGE('',*,*,#3143,.T.);
#3941=ORIENTED_EDGE('',*,*,#3144,.T.);
#3942=ORIENTED_EDGE('',*,*,#3145,.T.);
#3943=ORIENTED_EDGE('',*,*,#3144,.F.);
#3944=ORIENTED_EDGE('',*,*,#3146,.T.);
#3945=ORIENTED_EDGE('',*,*,#3147,.T.);
#3946=ORIENTED_EDGE('',*,*,#3148,.T.);
#3947=ORIENTED_EDGE('',*,*,#3147,.F.);
#3948=ORIENTED_EDGE('',*,*,#3149,.T.);
#3949=ORIENTED_EDGE('',*,*,#3150,.T.);
#3950=ORIENTED_EDGE('',*,*,#3151,.T.);
#3951=ORIENTED_EDGE('',*,*,#3150,.F.);
#3952=ORIENTED_EDGE('',*,*,#3152,.T.);
#3953=ORIENTED_EDGE('',*,*,#3153,.T.);
#3954=ORIENTED_EDGE('',*,*,#3154,.T.);
#3955=ORIENTED_EDGE('',*,*,#3153,.F.);
#3956=ORIENTED_EDGE('',*,*,#3155,.T.);
#3957=ORIENTED_EDGE('',*,*,#3156,.T.);
#3958=ORIENTED_EDGE('',*,*,#3157,.T.);
#3959=ORIENTED_EDGE('',*,*,#3156,.F.);
#3960=ORIENTED_EDGE('',*,*,#3158,.T.);
#3961=ORIENTED_EDGE('',*,*,#3159,.T.);
#3962=ORIENTED_EDGE('',*,*,#3160,.T.);
#3963=ORIENTED_EDGE('',*,*,#3159,.F.);
#3964=ORIENTED_EDGE('',*,*,#3161,.T.);
#3965=ORIENTED_EDGE('',*,*,#3162,.T.);
#3966=ORIENTED_EDGE('',*,*,#3163,.T.);
#3967=ORIENTED_EDGE('',*,*,#3162,.F.);
#3968=ORIENTED_EDGE('',*,*,#3164,.T.);
#3969=ORIENTED_EDGE('',*,*,#3165,.T.);
#3970=ORIENTED_EDGE('',*,*,#3166,.T.);
#3971=ORIENTED_EDGE('',*,*,#3167,.T.);
#3972=ORIENTED_EDGE('',*,*,#3168,.F.);
#3973=ORIENTED_EDGE('',*,*,#3169,.F.);
#3974=ORIENTED_EDGE('',*,*,#3170,.F.);
#3975=ORIENTED_EDGE('',*,*,#3171,.F.);
#3976=ORIENTED_EDGE('',*,*,#3172,.F.);
#3977=ORIENTED_EDGE('',*,*,#3173,.T.);
#3978=ORIENTED_EDGE('',*,*,#3174,.F.);
#3979=ORIENTED_EDGE('',*,*,#3175,.F.);
#3980=ORIENTED_EDGE('',*,*,#3176,.F.);
#3981=ORIENTED_EDGE('',*,*,#3177,.F.);
#3982=ORIENTED_EDGE('',*,*,#3178,.F.);
#3983=ORIENTED_EDGE('',*,*,#3179,.F.);
#3984=ORIENTED_EDGE('',*,*,#3180,.F.);
#3985=ORIENTED_EDGE('',*,*,#3181,.F.);
#3986=ORIENTED_EDGE('',*,*,#3182,.F.);
#3987=ORIENTED_EDGE('',*,*,#3183,.F.);
#3988=ORIENTED_EDGE('',*,*,#3184,.F.);
#3989=ORIENTED_EDGE('',*,*,#3185,.F.);
#3990=ORIENTED_EDGE('',*,*,#3186,.F.);
#3991=ORIENTED_EDGE('',*,*,#3187,.F.);
#3992=ORIENTED_EDGE('',*,*,#3188,.F.);
#3993=ORIENTED_EDGE('',*,*,#3189,.F.);
#3994=ORIENTED_EDGE('',*,*,#3190,.F.);
#3995=ORIENTED_EDGE('',*,*,#3191,.F.);
#3996=ORIENTED_EDGE('',*,*,#3192,.F.);
#3997=ORIENTED_EDGE('',*,*,#3193,.F.);
#3998=ORIENTED_EDGE('',*,*,#3194,.F.);
#3999=ORIENTED_EDGE('',*,*,#3195,.F.);
#4000=ORIENTED_EDGE('',*,*,#3196,.F.);
#4001=ORIENTED_EDGE('',*,*,#3197,.F.);
#4002=ORIENTED_EDGE('',*,*,#3169,.T.);
#4003=ORIENTED_EDGE('',*,*,#3198,.F.);
#4004=ORIENTED_EDGE('',*,*,#3062,.F.);
#4005=ORIENTED_EDGE('',*,*,#3199,.T.);
#4006=ORIENTED_EDGE('',*,*,#3172,.T.);
#4007=ORIENTED_EDGE('',*,*,#3200,.F.);
#4008=ORIENTED_EDGE('',*,*,#3063,.F.);
#4009=ORIENTED_EDGE('',*,*,#3198,.T.);
#4010=ORIENTED_EDGE('',*,*,#3171,.T.);
#4011=ORIENTED_EDGE('',*,*,#3201,.F.);
#4012=ORIENTED_EDGE('',*,*,#3064,.F.);
#4013=ORIENTED_EDGE('',*,*,#3200,.T.);
#4014=ORIENTED_EDGE('',*,*,#3170,.T.);
#4015=ORIENTED_EDGE('',*,*,#3199,.F.);
#4016=ORIENTED_EDGE('',*,*,#3065,.F.);
#4017=ORIENTED_EDGE('',*,*,#3201,.T.);
#4018=ORIENTED_EDGE('',*,*,#3135,.T.);
#4019=ORIENTED_EDGE('',*,*,#3202,.T.);
#4020=ORIENTED_EDGE('',*,*,#3173,.F.);
#4021=ORIENTED_EDGE('',*,*,#3202,.F.);
#4022=ORIENTED_EDGE('',*,*,#3203,.T.);
#4023=ORIENTED_EDGE('',*,*,#3204,.T.);
#4024=ORIENTED_EDGE('',*,*,#3066,.T.);
#4025=ORIENTED_EDGE('',*,*,#3205,.T.);
#4026=ORIENTED_EDGE('',*,*,#3206,.T.);
#4027=ORIENTED_EDGE('',*,*,#3207,.T.);
#4028=ORIENTED_EDGE('',*,*,#3072,.T.);
#4029=ORIENTED_EDGE('',*,*,#3208,.T.);
#4030=ORIENTED_EDGE('',*,*,#3070,.T.);
#4031=ORIENTED_EDGE('',*,*,#3209,.T.);
#4032=ORIENTED_EDGE('',*,*,#3210,.T.);
#4033=ORIENTED_EDGE('',*,*,#3211,.T.);
#4034=ORIENTED_EDGE('',*,*,#3212,.T.);
#4035=ORIENTED_EDGE('',*,*,#3213,.T.);
#4036=ORIENTED_EDGE('',*,*,#3068,.T.);
#4037=ORIENTED_EDGE('',*,*,#3214,.T.);
#4038=ORIENTED_EDGE('',*,*,#3215,.T.);
#4039=ORIENTED_EDGE('',*,*,#3216,.T.);
#4040=ORIENTED_EDGE('',*,*,#3217,.T.);
#4041=ORIENTED_EDGE('',*,*,#3218,.T.);
#4042=ORIENTED_EDGE('',*,*,#3219,.F.);
#4043=ORIENTED_EDGE('',*,*,#3205,.F.);
#4044=ORIENTED_EDGE('',*,*,#3073,.F.);
#4045=ORIENTED_EDGE('',*,*,#3207,.F.);
#4046=ORIENTED_EDGE('',*,*,#3220,.F.);
#4047=ORIENTED_EDGE('',*,*,#3219,.T.);
#4048=ORIENTED_EDGE('',*,*,#3221,.F.);
#4049=ORIENTED_EDGE('',*,*,#3071,.F.);
#4050=ORIENTED_EDGE('',*,*,#3211,.F.);
#4051=ORIENTED_EDGE('',*,*,#3222,.F.);
#4052=ORIENTED_EDGE('',*,*,#3208,.F.);
#4053=ORIENTED_EDGE('',*,*,#3221,.T.);
#4054=ORIENTED_EDGE('',*,*,#3206,.F.);
#4055=ORIENTED_EDGE('',*,*,#3223,.F.);
#4056=ORIENTED_EDGE('',*,*,#3215,.F.);
#4057=ORIENTED_EDGE('',*,*,#3220,.T.);
#4058=ORIENTED_EDGE('',*,*,#3218,.F.);
#4059=ORIENTED_EDGE('',*,*,#3224,.F.);
#4060=ORIENTED_EDGE('',*,*,#3203,.F.);
#4061=ORIENTED_EDGE('',*,*,#3067,.F.);
#4062=ORIENTED_EDGE('',*,*,#3204,.F.);
#4063=ORIENTED_EDGE('',*,*,#3225,.F.);
#4064=ORIENTED_EDGE('',*,*,#3214,.F.);
#4065=ORIENTED_EDGE('',*,*,#3223,.T.);
#4066=ORIENTED_EDGE('',*,*,#3222,.T.);
#4067=ORIENTED_EDGE('',*,*,#3226,.F.);
#4068=ORIENTED_EDGE('',*,*,#3225,.T.);
#4069=ORIENTED_EDGE('',*,*,#3224,.T.);
#4070=ORIENTED_EDGE('',*,*,#3227,.F.);
#4071=ORIENTED_EDGE('',*,*,#3226,.T.);
#4072=ORIENTED_EDGE('',*,*,#3210,.F.);
#4073=ORIENTED_EDGE('',*,*,#3228,.F.);
#4074=ORIENTED_EDGE('',*,*,#3216,.F.);
#4075=ORIENTED_EDGE('',*,*,#3227,.T.);
#4076=ORIENTED_EDGE('',*,*,#3217,.F.);
#4077=ORIENTED_EDGE('',*,*,#3229,.F.);
#4078=ORIENTED_EDGE('',*,*,#3212,.F.);
#4079=ORIENTED_EDGE('',*,*,#3229,.T.);
#4080=ORIENTED_EDGE('',*,*,#3228,.T.);
#4081=ORIENTED_EDGE('',*,*,#3230,.F.);
#4082=ORIENTED_EDGE('',*,*,#3230,.T.);
#4083=ORIENTED_EDGE('',*,*,#3209,.F.);
#4084=ORIENTED_EDGE('',*,*,#3069,.F.);
#4085=ORIENTED_EDGE('',*,*,#3213,.F.);
#4086=ORIENTED_EDGE('',*,*,#3131,.T.);
#4087=ORIENTED_EDGE('',*,*,#3231,.F.);
#4088=ORIENTED_EDGE('',*,*,#3232,.F.);
#4089=ORIENTED_EDGE('',*,*,#3233,.T.);
#4090=ORIENTED_EDGE('',*,*,#3134,.T.);
#4091=ORIENTED_EDGE('',*,*,#3234,.F.);
#4092=ORIENTED_EDGE('',*,*,#3235,.F.);
#4093=ORIENTED_EDGE('',*,*,#3231,.T.);
#4094=ORIENTED_EDGE('',*,*,#3133,.T.);
#4095=ORIENTED_EDGE('',*,*,#3236,.F.);
#4096=ORIENTED_EDGE('',*,*,#3237,.F.);
#4097=ORIENTED_EDGE('',*,*,#3234,.T.);
#4098=ORIENTED_EDGE('',*,*,#3132,.T.);
#4099=ORIENTED_EDGE('',*,*,#3233,.F.);
#4100=ORIENTED_EDGE('',*,*,#3238,.F.);
#4101=ORIENTED_EDGE('',*,*,#3236,.T.);
#4102=ORIENTED_EDGE('',*,*,#3232,.T.);
#4103=ORIENTED_EDGE('',*,*,#3235,.T.);
#4104=ORIENTED_EDGE('',*,*,#3237,.T.);
#4105=ORIENTED_EDGE('',*,*,#3238,.T.);
#4106=ORIENTED_EDGE('',*,*,#3074,.T.);
#4107=ORIENTED_EDGE('',*,*,#3239,.T.);
#4108=ORIENTED_EDGE('',*,*,#3240,.T.);
#4109=ORIENTED_EDGE('',*,*,#3241,.T.);
#4110=ORIENTED_EDGE('',*,*,#3239,.F.);
#4111=ORIENTED_EDGE('',*,*,#3242,.T.);
#4112=ORIENTED_EDGE('',*,*,#3242,.F.);
#4113=ORIENTED_EDGE('',*,*,#3243,.T.);
#4114=ORIENTED_EDGE('',*,*,#3240,.F.);
#4115=ORIENTED_EDGE('',*,*,#3241,.F.);
#4116=ORIENTED_EDGE('',*,*,#3243,.F.);
#4117=ORIENTED_EDGE('',*,*,#3127,.T.);
#4118=ORIENTED_EDGE('',*,*,#3244,.F.);
#4119=ORIENTED_EDGE('',*,*,#3164,.F.);
#4120=ORIENTED_EDGE('',*,*,#3245,.T.);
#4121=ORIENTED_EDGE('',*,*,#3130,.T.);
#4122=ORIENTED_EDGE('',*,*,#3246,.F.);
#4123=ORIENTED_EDGE('',*,*,#3165,.F.);
#4124=ORIENTED_EDGE('',*,*,#3244,.T.);
#4125=ORIENTED_EDGE('',*,*,#3129,.T.);
#4126=ORIENTED_EDGE('',*,*,#3247,.F.);
#4127=ORIENTED_EDGE('',*,*,#3166,.F.);
#4128=ORIENTED_EDGE('',*,*,#3246,.T.);
#4129=ORIENTED_EDGE('',*,*,#3128,.T.);
#4130=ORIENTED_EDGE('',*,*,#3245,.F.);
#4131=ORIENTED_EDGE('',*,*,#3167,.F.);
#4132=ORIENTED_EDGE('',*,*,#3247,.T.);
#4133=ORIENTED_EDGE('',*,*,#3248,.T.);
#4134=ORIENTED_EDGE('',*,*,#3249,.T.);
#4135=ORIENTED_EDGE('',*,*,#3250,.T.);
#4136=ORIENTED_EDGE('',*,*,#3249,.F.);
#4137=ORIENTED_EDGE('',*,*,#3251,.T.);
#4138=ORIENTED_EDGE('',*,*,#3168,.T.);
#4139=ORIENTED_EDGE('',*,*,#3252,.T.);
#4140=ORIENTED_EDGE('',*,*,#3253,.T.);
#4141=ORIENTED_EDGE('',*,*,#3254,.T.);
#4142=ORIENTED_EDGE('',*,*,#3252,.F.);
#4143=ORIENTED_EDGE('',*,*,#3255,.T.);
#4144=ORIENTED_EDGE('',*,*,#3256,.T.);
#4145=ORIENTED_EDGE('',*,*,#3257,.T.);
#4146=ORIENTED_EDGE('',*,*,#3258,.T.);
#4147=ORIENTED_EDGE('',*,*,#3259,.T.);
#4148=ORIENTED_EDGE('',*,*,#3257,.F.);
#4149=ORIENTED_EDGE('',*,*,#3250,.F.);
#4150=ORIENTED_EDGE('',*,*,#3256,.F.);
#4151=ORIENTED_EDGE('',*,*,#3258,.F.);
#4152=ORIENTED_EDGE('',*,*,#3259,.F.);
#4153=ORIENTED_EDGE('',*,*,#3260,.T.);
#4154=ORIENTED_EDGE('',*,*,#3255,.F.);
#4155=ORIENTED_EDGE('',*,*,#3260,.F.);
#4156=ORIENTED_EDGE('',*,*,#3248,.F.);
#4157=ORIENTED_EDGE('',*,*,#3261,.T.);
#4158=ORIENTED_EDGE('',*,*,#3253,.F.);
#4159=ORIENTED_EDGE('',*,*,#3254,.F.);
#4160=ORIENTED_EDGE('',*,*,#3261,.F.);
#4161=ORIENTED_EDGE('',*,*,#3251,.F.);
#4162=ORIENTED_EDGE('',*,*,#3262,.F.);
#4163=ORIENTED_EDGE('',*,*,#3263,.T.);
#4164=ORIENTED_EDGE('',*,*,#3075,.T.);
#4165=ORIENTED_EDGE('',*,*,#3263,.F.);
#4166=ORIENTED_EDGE('',*,*,#3262,.T.);
#4167=ORIENTED_EDGE('',*,*,#3158,.F.);
#4168=ORIENTED_EDGE('',*,*,#3264,.F.);
#4169=ORIENTED_EDGE('',*,*,#3265,.T.);
#4170=ORIENTED_EDGE('',*,*,#3076,.T.);
#4171=ORIENTED_EDGE('',*,*,#3265,.F.);
#4172=ORIENTED_EDGE('',*,*,#3264,.T.);
#4173=ORIENTED_EDGE('',*,*,#3161,.F.);
#4174=ORIENTED_EDGE('',*,*,#3266,.F.);
#4175=ORIENTED_EDGE('',*,*,#3267,.T.);
#4176=ORIENTED_EDGE('',*,*,#3077,.T.);
#4177=ORIENTED_EDGE('',*,*,#3267,.F.);
#4178=ORIENTED_EDGE('',*,*,#3266,.T.);
#4179=ORIENTED_EDGE('',*,*,#3152,.F.);
#4180=ORIENTED_EDGE('',*,*,#3268,.F.);
#4181=ORIENTED_EDGE('',*,*,#3269,.T.);
#4182=ORIENTED_EDGE('',*,*,#3078,.T.);
#4183=ORIENTED_EDGE('',*,*,#3269,.F.);
#4184=ORIENTED_EDGE('',*,*,#3268,.T.);
#4185=ORIENTED_EDGE('',*,*,#3155,.F.);
#4186=ORIENTED_EDGE('',*,*,#3270,.F.);
#4187=ORIENTED_EDGE('',*,*,#3271,.T.);
#4188=ORIENTED_EDGE('',*,*,#3079,.T.);
#4189=ORIENTED_EDGE('',*,*,#3271,.F.);
#4190=ORIENTED_EDGE('',*,*,#3270,.T.);
#4191=ORIENTED_EDGE('',*,*,#3143,.F.);
#4192=ORIENTED_EDGE('',*,*,#3272,.F.);
#4193=ORIENTED_EDGE('',*,*,#3273,.T.);
#4194=ORIENTED_EDGE('',*,*,#3080,.T.);
#4195=ORIENTED_EDGE('',*,*,#3273,.F.);
#4196=ORIENTED_EDGE('',*,*,#3272,.T.);
#4197=ORIENTED_EDGE('',*,*,#3140,.F.);
#4198=ORIENTED_EDGE('',*,*,#3274,.F.);
#4199=ORIENTED_EDGE('',*,*,#3275,.T.);
#4200=ORIENTED_EDGE('',*,*,#3081,.T.);
#4201=ORIENTED_EDGE('',*,*,#3275,.F.);
#4202=ORIENTED_EDGE('',*,*,#3274,.T.);
#4203=ORIENTED_EDGE('',*,*,#3146,.F.);
#4204=ORIENTED_EDGE('',*,*,#3276,.F.);
#4205=ORIENTED_EDGE('',*,*,#3277,.T.);
#4206=ORIENTED_EDGE('',*,*,#3082,.T.);
#4207=ORIENTED_EDGE('',*,*,#3277,.F.);
#4208=ORIENTED_EDGE('',*,*,#3276,.T.);
#4209=ORIENTED_EDGE('',*,*,#3149,.F.);
#4210=ORIENTED_EDGE('',*,*,#3278,.F.);
#4211=ORIENTED_EDGE('',*,*,#3279,.T.);
#4212=ORIENTED_EDGE('',*,*,#3197,.T.);
#4213=ORIENTED_EDGE('',*,*,#3279,.F.);
#4214=ORIENTED_EDGE('',*,*,#3278,.T.);
#4215=ORIENTED_EDGE('',*,*,#3163,.F.);
#4216=ORIENTED_EDGE('',*,*,#3280,.F.);
#4217=ORIENTED_EDGE('',*,*,#3281,.T.);
#4218=ORIENTED_EDGE('',*,*,#3196,.T.);
#4219=ORIENTED_EDGE('',*,*,#3281,.F.);
#4220=ORIENTED_EDGE('',*,*,#3280,.T.);
#4221=ORIENTED_EDGE('',*,*,#3160,.F.);
#4222=ORIENTED_EDGE('',*,*,#3282,.F.);
#4223=ORIENTED_EDGE('',*,*,#3283,.T.);
#4224=ORIENTED_EDGE('',*,*,#3195,.T.);
#4225=ORIENTED_EDGE('',*,*,#3283,.F.);
#4226=ORIENTED_EDGE('',*,*,#3282,.T.);
#4227=ORIENTED_EDGE('',*,*,#3157,.F.);
#4228=ORIENTED_EDGE('',*,*,#3284,.F.);
#4229=ORIENTED_EDGE('',*,*,#3285,.T.);
#4230=ORIENTED_EDGE('',*,*,#3194,.T.);
#4231=ORIENTED_EDGE('',*,*,#3285,.F.);
#4232=ORIENTED_EDGE('',*,*,#3284,.T.);
#4233=ORIENTED_EDGE('',*,*,#3154,.F.);
#4234=ORIENTED_EDGE('',*,*,#3286,.F.);
#4235=ORIENTED_EDGE('',*,*,#3287,.T.);
#4236=ORIENTED_EDGE('',*,*,#3193,.T.);
#4237=ORIENTED_EDGE('',*,*,#3287,.F.);
#4238=ORIENTED_EDGE('',*,*,#3286,.T.);
#4239=ORIENTED_EDGE('',*,*,#3151,.F.);
#4240=ORIENTED_EDGE('',*,*,#3288,.F.);
#4241=ORIENTED_EDGE('',*,*,#3289,.T.);
#4242=ORIENTED_EDGE('',*,*,#3192,.T.);
#4243=ORIENTED_EDGE('',*,*,#3289,.F.);
#4244=ORIENTED_EDGE('',*,*,#3288,.T.);
#4245=ORIENTED_EDGE('',*,*,#3148,.F.);
#4246=ORIENTED_EDGE('',*,*,#3290,.F.);
#4247=ORIENTED_EDGE('',*,*,#3291,.T.);
#4248=ORIENTED_EDGE('',*,*,#3191,.T.);
#4249=ORIENTED_EDGE('',*,*,#3291,.F.);
#4250=ORIENTED_EDGE('',*,*,#3290,.T.);
#4251=ORIENTED_EDGE('',*,*,#3145,.F.);
#4252=ORIENTED_EDGE('',*,*,#3292,.F.);
#4253=ORIENTED_EDGE('',*,*,#3293,.T.);
#4254=ORIENTED_EDGE('',*,*,#3190,.T.);
#4255=ORIENTED_EDGE('',*,*,#3293,.F.);
#4256=ORIENTED_EDGE('',*,*,#3292,.T.);
#4257=ORIENTED_EDGE('',*,*,#3142,.F.);
#4258=ORIENTED_EDGE('',*,*,#3186,.T.);
#4259=ORIENTED_EDGE('',*,*,#3294,.F.);
#4260=ORIENTED_EDGE('',*,*,#3295,.F.);
#4261=ORIENTED_EDGE('',*,*,#3296,.T.);
#4262=ORIENTED_EDGE('',*,*,#3187,.T.);
#4263=ORIENTED_EDGE('',*,*,#3296,.F.);
#4264=ORIENTED_EDGE('',*,*,#3297,.F.);
#4265=ORIENTED_EDGE('',*,*,#3298,.T.);
#4266=ORIENTED_EDGE('',*,*,#3188,.T.);
#4267=ORIENTED_EDGE('',*,*,#3298,.F.);
#4268=ORIENTED_EDGE('',*,*,#3299,.F.);
#4269=ORIENTED_EDGE('',*,*,#3300,.T.);
#4270=ORIENTED_EDGE('',*,*,#3189,.T.);
#4271=ORIENTED_EDGE('',*,*,#3300,.F.);
#4272=ORIENTED_EDGE('',*,*,#3301,.F.);
#4273=ORIENTED_EDGE('',*,*,#3294,.T.);
#4274=ORIENTED_EDGE('',*,*,#3295,.T.);
#4275=ORIENTED_EDGE('',*,*,#3301,.T.);
#4276=ORIENTED_EDGE('',*,*,#3299,.T.);
#4277=ORIENTED_EDGE('',*,*,#3297,.T.);
#4278=ORIENTED_EDGE('',*,*,#3182,.T.);
#4279=ORIENTED_EDGE('',*,*,#3302,.F.);
#4280=ORIENTED_EDGE('',*,*,#3303,.F.);
#4281=ORIENTED_EDGE('',*,*,#3304,.T.);
#4282=ORIENTED_EDGE('',*,*,#3183,.T.);
#4283=ORIENTED_EDGE('',*,*,#3304,.F.);
#4284=ORIENTED_EDGE('',*,*,#3305,.F.);
#4285=ORIENTED_EDGE('',*,*,#3306,.T.);
#4286=ORIENTED_EDGE('',*,*,#3184,.T.);
#4287=ORIENTED_EDGE('',*,*,#3306,.F.);
#4288=ORIENTED_EDGE('',*,*,#3307,.F.);
#4289=ORIENTED_EDGE('',*,*,#3308,.T.);
#4290=ORIENTED_EDGE('',*,*,#3185,.T.);
#4291=ORIENTED_EDGE('',*,*,#3308,.F.);
#4292=ORIENTED_EDGE('',*,*,#3309,.F.);
#4293=ORIENTED_EDGE('',*,*,#3302,.T.);
#4294=ORIENTED_EDGE('',*,*,#3303,.T.);
#4295=ORIENTED_EDGE('',*,*,#3309,.T.);
#4296=ORIENTED_EDGE('',*,*,#3307,.T.);
#4297=ORIENTED_EDGE('',*,*,#3305,.T.);
#4298=ORIENTED_EDGE('',*,*,#3178,.T.);
#4299=ORIENTED_EDGE('',*,*,#3310,.F.);
#4300=ORIENTED_EDGE('',*,*,#3311,.F.);
#4301=ORIENTED_EDGE('',*,*,#3312,.T.);
#4302=ORIENTED_EDGE('',*,*,#3179,.T.);
#4303=ORIENTED_EDGE('',*,*,#3312,.F.);
#4304=ORIENTED_EDGE('',*,*,#3313,.F.);
#4305=ORIENTED_EDGE('',*,*,#3314,.T.);
#4306=ORIENTED_EDGE('',*,*,#3180,.T.);
#4307=ORIENTED_EDGE('',*,*,#3314,.F.);
#4308=ORIENTED_EDGE('',*,*,#3315,.F.);
#4309=ORIENTED_EDGE('',*,*,#3316,.T.);
#4310=ORIENTED_EDGE('',*,*,#3181,.T.);
#4311=ORIENTED_EDGE('',*,*,#3316,.F.);
#4312=ORIENTED_EDGE('',*,*,#3317,.F.);
#4313=ORIENTED_EDGE('',*,*,#3310,.T.);
#4314=ORIENTED_EDGE('',*,*,#3311,.T.);
#4315=ORIENTED_EDGE('',*,*,#3317,.T.);
#4316=ORIENTED_EDGE('',*,*,#3315,.T.);
#4317=ORIENTED_EDGE('',*,*,#3313,.T.);
#4318=ORIENTED_EDGE('',*,*,#3174,.T.);
#4319=ORIENTED_EDGE('',*,*,#3318,.F.);
#4320=ORIENTED_EDGE('',*,*,#3319,.F.);
#4321=ORIENTED_EDGE('',*,*,#3320,.T.);
#4322=ORIENTED_EDGE('',*,*,#3175,.T.);
#4323=ORIENTED_EDGE('',*,*,#3320,.F.);
#4324=ORIENTED_EDGE('',*,*,#3321,.F.);
#4325=ORIENTED_EDGE('',*,*,#3322,.T.);
#4326=ORIENTED_EDGE('',*,*,#3176,.T.);
#4327=ORIENTED_EDGE('',*,*,#3322,.F.);
#4328=ORIENTED_EDGE('',*,*,#3323,.F.);
#4329=ORIENTED_EDGE('',*,*,#3324,.T.);
#4330=ORIENTED_EDGE('',*,*,#3177,.T.);
#4331=ORIENTED_EDGE('',*,*,#3324,.F.);
#4332=ORIENTED_EDGE('',*,*,#3325,.F.);
#4333=ORIENTED_EDGE('',*,*,#3318,.T.);
#4334=ORIENTED_EDGE('',*,*,#3319,.T.);
#4335=ORIENTED_EDGE('',*,*,#3325,.T.);
#4336=ORIENTED_EDGE('',*,*,#3323,.T.);
#4337=ORIENTED_EDGE('',*,*,#3321,.T.);
#4338=ORIENTED_EDGE('',*,*,#3083,.T.);
#4339=ORIENTED_EDGE('',*,*,#3326,.T.);
#4340=ORIENTED_EDGE('',*,*,#3327,.F.);
#4341=ORIENTED_EDGE('',*,*,#3328,.F.);
#4342=ORIENTED_EDGE('',*,*,#3329,.T.);
#4343=ORIENTED_EDGE('',*,*,#3330,.T.);
#4344=ORIENTED_EDGE('',*,*,#3327,.T.);
#4345=ORIENTED_EDGE('',*,*,#3331,.T.);
#4346=ORIENTED_EDGE('',*,*,#3332,.F.);
#4347=ORIENTED_EDGE('',*,*,#3333,.F.);
#4348=ORIENTED_EDGE('',*,*,#3085,.T.);
#4349=ORIENTED_EDGE('',*,*,#3334,.T.);
#4350=ORIENTED_EDGE('',*,*,#3335,.F.);
#4351=ORIENTED_EDGE('',*,*,#3336,.F.);
#4352=ORIENTED_EDGE('',*,*,#3332,.T.);
#4353=ORIENTED_EDGE('',*,*,#3337,.T.);
#4354=ORIENTED_EDGE('',*,*,#3335,.T.);
#4355=ORIENTED_EDGE('',*,*,#3338,.T.);
#4356=ORIENTED_EDGE('',*,*,#3329,.F.);
#4357=ORIENTED_EDGE('',*,*,#3339,.F.);
#4358=ORIENTED_EDGE('',*,*,#3328,.T.);
#4359=ORIENTED_EDGE('',*,*,#3333,.T.);
#4360=ORIENTED_EDGE('',*,*,#3336,.T.);
#4361=ORIENTED_EDGE('',*,*,#3339,.T.);
#4362=ORIENTED_EDGE('',*,*,#3334,.F.);
#4363=ORIENTED_EDGE('',*,*,#3084,.F.);
#4364=ORIENTED_EDGE('',*,*,#3330,.F.);
#4365=ORIENTED_EDGE('',*,*,#3338,.F.);
#4366=ORIENTED_EDGE('',*,*,#3326,.F.);
#4367=ORIENTED_EDGE('',*,*,#3086,.F.);
#4368=ORIENTED_EDGE('',*,*,#3337,.F.);
#4369=ORIENTED_EDGE('',*,*,#3331,.F.);
#4370=ORIENTED_EDGE('',*,*,#3340,.T.);
#4371=ORIENTED_EDGE('',*,*,#3341,.T.);
#4372=ORIENTED_EDGE('',*,*,#3342,.F.);
#4373=ORIENTED_EDGE('',*,*,#3343,.F.);
#4374=ORIENTED_EDGE('',*,*,#3125,.T.);
#4375=ORIENTED_EDGE('',*,*,#3344,.T.);
#4376=ORIENTED_EDGE('',*,*,#3345,.F.);
#4377=ORIENTED_EDGE('',*,*,#3346,.F.);
#4378=ORIENTED_EDGE('',*,*,#3342,.T.);
#4379=ORIENTED_EDGE('',*,*,#3347,.T.);
#4380=ORIENTED_EDGE('',*,*,#3345,.T.);
#4381=ORIENTED_EDGE('',*,*,#3348,.T.);
#4382=ORIENTED_EDGE('',*,*,#3349,.F.);
#4383=ORIENTED_EDGE('',*,*,#3350,.F.);
#4384=ORIENTED_EDGE('',*,*,#3123,.T.);
#4385=ORIENTED_EDGE('',*,*,#3351,.T.);
#4386=ORIENTED_EDGE('',*,*,#3340,.F.);
#4387=ORIENTED_EDGE('',*,*,#3352,.F.);
#4388=ORIENTED_EDGE('',*,*,#3349,.T.);
#4389=ORIENTED_EDGE('',*,*,#3353,.T.);
#4390=ORIENTED_EDGE('',*,*,#3343,.T.);
#4391=ORIENTED_EDGE('',*,*,#3346,.T.);
#4392=ORIENTED_EDGE('',*,*,#3350,.T.);
#4393=ORIENTED_EDGE('',*,*,#3352,.T.);
#4394=ORIENTED_EDGE('',*,*,#3344,.F.);
#4395=ORIENTED_EDGE('',*,*,#3124,.F.);
#4396=ORIENTED_EDGE('',*,*,#3353,.F.);
#4397=ORIENTED_EDGE('',*,*,#3348,.F.);
#4398=ORIENTED_EDGE('',*,*,#3351,.F.);
#4399=ORIENTED_EDGE('',*,*,#3126,.F.);
#4400=ORIENTED_EDGE('',*,*,#3347,.F.);
#4401=ORIENTED_EDGE('',*,*,#3341,.F.);
#4402=ORIENTED_EDGE('',*,*,#3354,.T.);
#4403=ORIENTED_EDGE('',*,*,#3355,.T.);
#4404=ORIENTED_EDGE('',*,*,#3356,.F.);
#4405=ORIENTED_EDGE('',*,*,#3138,.F.);
#4406=ORIENTED_EDGE('',*,*,#3089,.T.);
#4407=ORIENTED_EDGE('',*,*,#3357,.T.);
#4408=ORIENTED_EDGE('',*,*,#3358,.F.);
#4409=ORIENTED_EDGE('',*,*,#3359,.F.);
#4410=ORIENTED_EDGE('',*,*,#3360,.F.);
#4411=ORIENTED_EDGE('',*,*,#3361,.F.);
#4412=ORIENTED_EDGE('',*,*,#3362,.T.);
#4413=ORIENTED_EDGE('',*,*,#3139,.F.);
#4414=ORIENTED_EDGE('',*,*,#3356,.T.);
#4415=ORIENTED_EDGE('',*,*,#3363,.T.);
#4416=ORIENTED_EDGE('',*,*,#3358,.T.);
#4417=ORIENTED_EDGE('',*,*,#3364,.T.);
#4418=ORIENTED_EDGE('',*,*,#3365,.F.);
#4419=ORIENTED_EDGE('',*,*,#3366,.F.);
#4420=ORIENTED_EDGE('',*,*,#3087,.T.);
#4421=ORIENTED_EDGE('',*,*,#3367,.T.);
#4422=ORIENTED_EDGE('',*,*,#3354,.F.);
#4423=ORIENTED_EDGE('',*,*,#3137,.F.);
#4424=ORIENTED_EDGE('',*,*,#3368,.F.);
#4425=ORIENTED_EDGE('',*,*,#3369,.F.);
#4426=ORIENTED_EDGE('',*,*,#3370,.T.);
#4427=ORIENTED_EDGE('',*,*,#3371,.F.);
#4428=ORIENTED_EDGE('',*,*,#3365,.T.);
#4429=ORIENTED_EDGE('',*,*,#3372,.T.);
#4430=ORIENTED_EDGE('',*,*,#3373,.F.);
#4431=ORIENTED_EDGE('',*,*,#3359,.T.);
#4432=ORIENTED_EDGE('',*,*,#3366,.T.);
#4433=ORIENTED_EDGE('',*,*,#3371,.T.);
#4434=ORIENTED_EDGE('',*,*,#3374,.T.);
#4435=ORIENTED_EDGE('',*,*,#3375,.T.);
#4436=ORIENTED_EDGE('',*,*,#3376,.F.);
#4437=ORIENTED_EDGE('',*,*,#3377,.F.);
#4438=ORIENTED_EDGE('',*,*,#3121,.T.);
#4439=ORIENTED_EDGE('',*,*,#3378,.T.);
#4440=ORIENTED_EDGE('',*,*,#3379,.F.);
#4441=ORIENTED_EDGE('',*,*,#3380,.F.);
#4442=ORIENTED_EDGE('',*,*,#3376,.T.);
#4443=ORIENTED_EDGE('',*,*,#3381,.T.);
#4444=ORIENTED_EDGE('',*,*,#3379,.T.);
#4445=ORIENTED_EDGE('',*,*,#3382,.T.);
#4446=ORIENTED_EDGE('',*,*,#3383,.F.);
#4447=ORIENTED_EDGE('',*,*,#3384,.F.);
#4448=ORIENTED_EDGE('',*,*,#3119,.T.);
#4449=ORIENTED_EDGE('',*,*,#3385,.T.);
#4450=ORIENTED_EDGE('',*,*,#3374,.F.);
#4451=ORIENTED_EDGE('',*,*,#3386,.F.);
#4452=ORIENTED_EDGE('',*,*,#3383,.T.);
#4453=ORIENTED_EDGE('',*,*,#3387,.T.);
#4454=ORIENTED_EDGE('',*,*,#3377,.T.);
#4455=ORIENTED_EDGE('',*,*,#3380,.T.);
#4456=ORIENTED_EDGE('',*,*,#3384,.T.);
#4457=ORIENTED_EDGE('',*,*,#3386,.T.);
#4458=ORIENTED_EDGE('',*,*,#3378,.F.);
#4459=ORIENTED_EDGE('',*,*,#3120,.F.);
#4460=ORIENTED_EDGE('',*,*,#3387,.F.);
#4461=ORIENTED_EDGE('',*,*,#3382,.F.);
#4462=ORIENTED_EDGE('',*,*,#3357,.F.);
#4463=ORIENTED_EDGE('',*,*,#3088,.F.);
#4464=ORIENTED_EDGE('',*,*,#3372,.F.);
#4465=ORIENTED_EDGE('',*,*,#3364,.F.);
#4466=ORIENTED_EDGE('',*,*,#3385,.F.);
#4467=ORIENTED_EDGE('',*,*,#3122,.F.);
#4468=ORIENTED_EDGE('',*,*,#3381,.F.);
#4469=ORIENTED_EDGE('',*,*,#3375,.F.);
#4470=ORIENTED_EDGE('',*,*,#3367,.F.);
#4471=ORIENTED_EDGE('',*,*,#3090,.F.);
#4472=ORIENTED_EDGE('',*,*,#3363,.F.);
#4473=ORIENTED_EDGE('',*,*,#3355,.F.);
#4474=ORIENTED_EDGE('',*,*,#3136,.T.);
#4475=ORIENTED_EDGE('',*,*,#3362,.F.);
#4476=ORIENTED_EDGE('',*,*,#3388,.F.);
#4477=ORIENTED_EDGE('',*,*,#3368,.T.);
#4478=ORIENTED_EDGE('',*,*,#3373,.T.);
#4479=ORIENTED_EDGE('',*,*,#3370,.F.);
#4480=ORIENTED_EDGE('',*,*,#3389,.F.);
#4481=ORIENTED_EDGE('',*,*,#3360,.T.);
#4482=ORIENTED_EDGE('',*,*,#3388,.T.);
#4483=ORIENTED_EDGE('',*,*,#3361,.T.);
#4484=ORIENTED_EDGE('',*,*,#3389,.T.);
#4485=ORIENTED_EDGE('',*,*,#3369,.T.);
#4486=ORIENTED_EDGE('',*,*,#3390,.T.);
#4487=ORIENTED_EDGE('',*,*,#3391,.T.);
#4488=ORIENTED_EDGE('',*,*,#3392,.F.);
#4489=ORIENTED_EDGE('',*,*,#3393,.F.);
#4490=ORIENTED_EDGE('',*,*,#3093,.T.);
#4491=ORIENTED_EDGE('',*,*,#3394,.T.);
#4492=ORIENTED_EDGE('',*,*,#3395,.F.);
#4493=ORIENTED_EDGE('',*,*,#3396,.F.);
#4494=ORIENTED_EDGE('',*,*,#3392,.T.);
#4495=ORIENTED_EDGE('',*,*,#3397,.T.);
#4496=ORIENTED_EDGE('',*,*,#3395,.T.);
#4497=ORIENTED_EDGE('',*,*,#3398,.T.);
#4498=ORIENTED_EDGE('',*,*,#3399,.F.);
#4499=ORIENTED_EDGE('',*,*,#3400,.F.);
#4500=ORIENTED_EDGE('',*,*,#3091,.T.);
#4501=ORIENTED_EDGE('',*,*,#3401,.T.);
#4502=ORIENTED_EDGE('',*,*,#3390,.F.);
#4503=ORIENTED_EDGE('',*,*,#3402,.F.);
#4504=ORIENTED_EDGE('',*,*,#3399,.T.);
#4505=ORIENTED_EDGE('',*,*,#3403,.T.);
#4506=ORIENTED_EDGE('',*,*,#3393,.T.);
#4507=ORIENTED_EDGE('',*,*,#3396,.T.);
#4508=ORIENTED_EDGE('',*,*,#3400,.T.);
#4509=ORIENTED_EDGE('',*,*,#3402,.T.);
#4510=ORIENTED_EDGE('',*,*,#3404,.T.);
#4511=ORIENTED_EDGE('',*,*,#3405,.T.);
#4512=ORIENTED_EDGE('',*,*,#3406,.F.);
#4513=ORIENTED_EDGE('',*,*,#3407,.F.);
#4514=ORIENTED_EDGE('',*,*,#3117,.T.);
#4515=ORIENTED_EDGE('',*,*,#3408,.T.);
#4516=ORIENTED_EDGE('',*,*,#3409,.F.);
#4517=ORIENTED_EDGE('',*,*,#3410,.F.);
#4518=ORIENTED_EDGE('',*,*,#3406,.T.);
#4519=ORIENTED_EDGE('',*,*,#3411,.T.);
#4520=ORIENTED_EDGE('',*,*,#3409,.T.);
#4521=ORIENTED_EDGE('',*,*,#3412,.T.);
#4522=ORIENTED_EDGE('',*,*,#3413,.F.);
#4523=ORIENTED_EDGE('',*,*,#3414,.F.);
#4524=ORIENTED_EDGE('',*,*,#3115,.T.);
#4525=ORIENTED_EDGE('',*,*,#3415,.T.);
#4526=ORIENTED_EDGE('',*,*,#3404,.F.);
#4527=ORIENTED_EDGE('',*,*,#3416,.F.);
#4528=ORIENTED_EDGE('',*,*,#3413,.T.);
#4529=ORIENTED_EDGE('',*,*,#3417,.T.);
#4530=ORIENTED_EDGE('',*,*,#3407,.T.);
#4531=ORIENTED_EDGE('',*,*,#3410,.T.);
#4532=ORIENTED_EDGE('',*,*,#3414,.T.);
#4533=ORIENTED_EDGE('',*,*,#3416,.T.);
#4534=ORIENTED_EDGE('',*,*,#3418,.T.);
#4535=ORIENTED_EDGE('',*,*,#3419,.T.);
#4536=ORIENTED_EDGE('',*,*,#3420,.F.);
#4537=ORIENTED_EDGE('',*,*,#3421,.F.);
#4538=ORIENTED_EDGE('',*,*,#3097,.T.);
#4539=ORIENTED_EDGE('',*,*,#3422,.T.);
#4540=ORIENTED_EDGE('',*,*,#3423,.F.);
#4541=ORIENTED_EDGE('',*,*,#3424,.F.);
#4542=ORIENTED_EDGE('',*,*,#3420,.T.);
#4543=ORIENTED_EDGE('',*,*,#3425,.T.);
#4544=ORIENTED_EDGE('',*,*,#3423,.T.);
#4545=ORIENTED_EDGE('',*,*,#3426,.T.);
#4546=ORIENTED_EDGE('',*,*,#3427,.F.);
#4547=ORIENTED_EDGE('',*,*,#3428,.F.);
#4548=ORIENTED_EDGE('',*,*,#3095,.T.);
#4549=ORIENTED_EDGE('',*,*,#3429,.T.);
#4550=ORIENTED_EDGE('',*,*,#3418,.F.);
#4551=ORIENTED_EDGE('',*,*,#3430,.F.);
#4552=ORIENTED_EDGE('',*,*,#3427,.T.);
#4553=ORIENTED_EDGE('',*,*,#3431,.T.);
#4554=ORIENTED_EDGE('',*,*,#3421,.T.);
#4555=ORIENTED_EDGE('',*,*,#3424,.T.);
#4556=ORIENTED_EDGE('',*,*,#3428,.T.);
#4557=ORIENTED_EDGE('',*,*,#3430,.T.);
#4558=ORIENTED_EDGE('',*,*,#3432,.T.);
#4559=ORIENTED_EDGE('',*,*,#3433,.T.);
#4560=ORIENTED_EDGE('',*,*,#3434,.F.);
#4561=ORIENTED_EDGE('',*,*,#3435,.F.);
#4562=ORIENTED_EDGE('',*,*,#3113,.T.);
#4563=ORIENTED_EDGE('',*,*,#3436,.T.);
#4564=ORIENTED_EDGE('',*,*,#3437,.F.);
#4565=ORIENTED_EDGE('',*,*,#3438,.F.);
#4566=ORIENTED_EDGE('',*,*,#3434,.T.);
#4567=ORIENTED_EDGE('',*,*,#3439,.T.);
#4568=ORIENTED_EDGE('',*,*,#3437,.T.);
#4569=ORIENTED_EDGE('',*,*,#3440,.T.);
#4570=ORIENTED_EDGE('',*,*,#3441,.F.);
#4571=ORIENTED_EDGE('',*,*,#3442,.F.);
#4572=ORIENTED_EDGE('',*,*,#3111,.T.);
#4573=ORIENTED_EDGE('',*,*,#3443,.T.);
#4574=ORIENTED_EDGE('',*,*,#3432,.F.);
#4575=ORIENTED_EDGE('',*,*,#3444,.F.);
#4576=ORIENTED_EDGE('',*,*,#3441,.T.);
#4577=ORIENTED_EDGE('',*,*,#3445,.T.);
#4578=ORIENTED_EDGE('',*,*,#3435,.T.);
#4579=ORIENTED_EDGE('',*,*,#3438,.T.);
#4580=ORIENTED_EDGE('',*,*,#3442,.T.);
#4581=ORIENTED_EDGE('',*,*,#3444,.T.);
#4582=ORIENTED_EDGE('',*,*,#3099,.T.);
#4583=ORIENTED_EDGE('',*,*,#3446,.F.);
#4584=ORIENTED_EDGE('',*,*,#3447,.F.);
#4585=ORIENTED_EDGE('',*,*,#3448,.T.);
#4586=ORIENTED_EDGE('',*,*,#3102,.T.);
#4587=ORIENTED_EDGE('',*,*,#3449,.F.);
#4588=ORIENTED_EDGE('',*,*,#3450,.F.);
#4589=ORIENTED_EDGE('',*,*,#3446,.T.);
#4590=ORIENTED_EDGE('',*,*,#3101,.T.);
#4591=ORIENTED_EDGE('',*,*,#3451,.F.);
#4592=ORIENTED_EDGE('',*,*,#3452,.F.);
#4593=ORIENTED_EDGE('',*,*,#3449,.T.);
#4594=ORIENTED_EDGE('',*,*,#3100,.T.);
#4595=ORIENTED_EDGE('',*,*,#3448,.F.);
#4596=ORIENTED_EDGE('',*,*,#3453,.F.);
#4597=ORIENTED_EDGE('',*,*,#3451,.T.);
#4598=ORIENTED_EDGE('',*,*,#3447,.T.);
#4599=ORIENTED_EDGE('',*,*,#3450,.T.);
#4600=ORIENTED_EDGE('',*,*,#3452,.T.);
#4601=ORIENTED_EDGE('',*,*,#3453,.T.);
#4602=ORIENTED_EDGE('',*,*,#3454,.T.);
#4603=ORIENTED_EDGE('',*,*,#3455,.T.);
#4604=ORIENTED_EDGE('',*,*,#3456,.F.);
#4605=ORIENTED_EDGE('',*,*,#3457,.F.);
#4606=ORIENTED_EDGE('',*,*,#3109,.T.);
#4607=ORIENTED_EDGE('',*,*,#3458,.T.);
#4608=ORIENTED_EDGE('',*,*,#3459,.F.);
#4609=ORIENTED_EDGE('',*,*,#3460,.F.);
#4610=ORIENTED_EDGE('',*,*,#3456,.T.);
#4611=ORIENTED_EDGE('',*,*,#3461,.T.);
#4612=ORIENTED_EDGE('',*,*,#3459,.T.);
#4613=ORIENTED_EDGE('',*,*,#3462,.T.);
#4614=ORIENTED_EDGE('',*,*,#3463,.F.);
#4615=ORIENTED_EDGE('',*,*,#3464,.F.);
#4616=ORIENTED_EDGE('',*,*,#3107,.T.);
#4617=ORIENTED_EDGE('',*,*,#3465,.T.);
#4618=ORIENTED_EDGE('',*,*,#3454,.F.);
#4619=ORIENTED_EDGE('',*,*,#3466,.F.);
#4620=ORIENTED_EDGE('',*,*,#3463,.T.);
#4621=ORIENTED_EDGE('',*,*,#3467,.T.);
#4622=ORIENTED_EDGE('',*,*,#3457,.T.);
#4623=ORIENTED_EDGE('',*,*,#3460,.T.);
#4624=ORIENTED_EDGE('',*,*,#3464,.T.);
#4625=ORIENTED_EDGE('',*,*,#3466,.T.);
#4626=ORIENTED_EDGE('',*,*,#3468,.T.);
#4627=ORIENTED_EDGE('',*,*,#3469,.T.);
#4628=ORIENTED_EDGE('',*,*,#3470,.F.);
#4629=ORIENTED_EDGE('',*,*,#3471,.F.);
#4630=ORIENTED_EDGE('',*,*,#3105,.T.);
#4631=ORIENTED_EDGE('',*,*,#3472,.T.);
#4632=ORIENTED_EDGE('',*,*,#3473,.F.);
#4633=ORIENTED_EDGE('',*,*,#3474,.F.);
#4634=ORIENTED_EDGE('',*,*,#3470,.T.);
#4635=ORIENTED_EDGE('',*,*,#3475,.T.);
#4636=ORIENTED_EDGE('',*,*,#3473,.T.);
#4637=ORIENTED_EDGE('',*,*,#3476,.T.);
#4638=ORIENTED_EDGE('',*,*,#3477,.F.);
#4639=ORIENTED_EDGE('',*,*,#3478,.F.);
#4640=ORIENTED_EDGE('',*,*,#3103,.T.);
#4641=ORIENTED_EDGE('',*,*,#3479,.T.);
#4642=ORIENTED_EDGE('',*,*,#3468,.F.);
#4643=ORIENTED_EDGE('',*,*,#3480,.F.);
#4644=ORIENTED_EDGE('',*,*,#3477,.T.);
#4645=ORIENTED_EDGE('',*,*,#3481,.T.);
#4646=ORIENTED_EDGE('',*,*,#3471,.T.);
#4647=ORIENTED_EDGE('',*,*,#3474,.T.);
#4648=ORIENTED_EDGE('',*,*,#3478,.T.);
#4649=ORIENTED_EDGE('',*,*,#3480,.T.);
#4650=ORIENTED_EDGE('',*,*,#3436,.F.);
#4651=ORIENTED_EDGE('',*,*,#3112,.F.);
#4652=ORIENTED_EDGE('',*,*,#3445,.F.);
#4653=ORIENTED_EDGE('',*,*,#3440,.F.);
#4654=ORIENTED_EDGE('',*,*,#3422,.F.);
#4655=ORIENTED_EDGE('',*,*,#3096,.F.);
#4656=ORIENTED_EDGE('',*,*,#3431,.F.);
#4657=ORIENTED_EDGE('',*,*,#3426,.F.);
#4658=ORIENTED_EDGE('',*,*,#3408,.F.);
#4659=ORIENTED_EDGE('',*,*,#3116,.F.);
#4660=ORIENTED_EDGE('',*,*,#3417,.F.);
#4661=ORIENTED_EDGE('',*,*,#3412,.F.);
#4662=ORIENTED_EDGE('',*,*,#3394,.F.);
#4663=ORIENTED_EDGE('',*,*,#3092,.F.);
#4664=ORIENTED_EDGE('',*,*,#3403,.F.);
#4665=ORIENTED_EDGE('',*,*,#3398,.F.);
#4666=ORIENTED_EDGE('',*,*,#3458,.F.);
#4667=ORIENTED_EDGE('',*,*,#3108,.F.);
#4668=ORIENTED_EDGE('',*,*,#3467,.F.);
#4669=ORIENTED_EDGE('',*,*,#3462,.F.);
#4670=ORIENTED_EDGE('',*,*,#3472,.F.);
#4671=ORIENTED_EDGE('',*,*,#3104,.F.);
#4672=ORIENTED_EDGE('',*,*,#3481,.F.);
#4673=ORIENTED_EDGE('',*,*,#3476,.F.);
#4674=ORIENTED_EDGE('',*,*,#3443,.F.);
#4675=ORIENTED_EDGE('',*,*,#3114,.F.);
#4676=ORIENTED_EDGE('',*,*,#3439,.F.);
#4677=ORIENTED_EDGE('',*,*,#3433,.F.);
#4678=ORIENTED_EDGE('',*,*,#3429,.F.);
#4679=ORIENTED_EDGE('',*,*,#3098,.F.);
#4680=ORIENTED_EDGE('',*,*,#3425,.F.);
#4681=ORIENTED_EDGE('',*,*,#3419,.F.);
#4682=ORIENTED_EDGE('',*,*,#3415,.F.);
#4683=ORIENTED_EDGE('',*,*,#3118,.F.);
#4684=ORIENTED_EDGE('',*,*,#3411,.F.);
#4685=ORIENTED_EDGE('',*,*,#3405,.F.);
#4686=ORIENTED_EDGE('',*,*,#3401,.F.);
#4687=ORIENTED_EDGE('',*,*,#3094,.F.);
#4688=ORIENTED_EDGE('',*,*,#3397,.F.);
#4689=ORIENTED_EDGE('',*,*,#3391,.F.);
#4690=ORIENTED_EDGE('',*,*,#3465,.F.);
#4691=ORIENTED_EDGE('',*,*,#3110,.F.);
#4692=ORIENTED_EDGE('',*,*,#3461,.F.);
#4693=ORIENTED_EDGE('',*,*,#3455,.F.);
#4694=ORIENTED_EDGE('',*,*,#3479,.F.);
#4695=ORIENTED_EDGE('',*,*,#3106,.F.);
#4696=ORIENTED_EDGE('',*,*,#3475,.F.);
#4697=ORIENTED_EDGE('',*,*,#3469,.F.);
#4698=ORIENTED_EDGE('',*,*,#3482,.T.);
#4699=ORIENTED_EDGE('',*,*,#3483,.T.);
#4700=ORIENTED_EDGE('',*,*,#3484,.T.);
#4701=ORIENTED_EDGE('',*,*,#3485,.T.);
#4702=ORIENTED_EDGE('',*,*,#3486,.T.);
#4703=ORIENTED_EDGE('',*,*,#3482,.F.);
#4704=ORIENTED_EDGE('',*,*,#3487,.T.);
#4705=ORIENTED_EDGE('',*,*,#3488,.T.);
#4706=ORIENTED_EDGE('',*,*,#3489,.T.);
#4707=ORIENTED_EDGE('',*,*,#3488,.F.);
#4708=ORIENTED_EDGE('',*,*,#3490,.T.);
#4709=ORIENTED_EDGE('',*,*,#3491,.T.);
#4710=ORIENTED_EDGE('',*,*,#3484,.F.);
#4711=ORIENTED_EDGE('',*,*,#3492,.T.);
#4712=ORIENTED_EDGE('',*,*,#3491,.F.);
#4713=ORIENTED_EDGE('',*,*,#3493,.T.);
#4714=ORIENTED_EDGE('',*,*,#3494,.T.);
#4715=ORIENTED_EDGE('',*,*,#3495,.T.);
#4716=ORIENTED_EDGE('',*,*,#3496,.T.);
#4717=ORIENTED_EDGE('',*,*,#3497,.T.);
#4718=ORIENTED_EDGE('',*,*,#3485,.F.);
#4719=ORIENTED_EDGE('',*,*,#3493,.F.);
#4720=ORIENTED_EDGE('',*,*,#3490,.F.);
#4721=ORIENTED_EDGE('',*,*,#3487,.F.);
#4722=ORIENTED_EDGE('',*,*,#3498,.T.);
#4723=ORIENTED_EDGE('',*,*,#3499,.T.);
#4724=ORIENTED_EDGE('',*,*,#3500,.T.);
#4725=ORIENTED_EDGE('',*,*,#3501,.T.);
#4726=ORIENTED_EDGE('',*,*,#3486,.F.);
#4727=ORIENTED_EDGE('',*,*,#3489,.F.);
#4728=ORIENTED_EDGE('',*,*,#3492,.F.);
#4729=ORIENTED_EDGE('',*,*,#3483,.F.);
#4730=ORIENTED_EDGE('',*,*,#3502,.T.);
#4731=ORIENTED_EDGE('',*,*,#3503,.T.);
#4732=ORIENTED_EDGE('',*,*,#3504,.T.);
#4733=ORIENTED_EDGE('',*,*,#3505,.T.);
#4734=ORIENTED_EDGE('',*,*,#3506,.T.);
#4735=ORIENTED_EDGE('',*,*,#3507,.T.);
#4736=ORIENTED_EDGE('',*,*,#3508,.T.);
#4737=ORIENTED_EDGE('',*,*,#3495,.F.);
#4738=ORIENTED_EDGE('',*,*,#3509,.T.);
#4739=ORIENTED_EDGE('',*,*,#3510,.T.);
#4740=ORIENTED_EDGE('',*,*,#3511,.T.);
#4741=ORIENTED_EDGE('',*,*,#3505,.F.);
#4742=ORIENTED_EDGE('',*,*,#3512,.T.);
#4743=ORIENTED_EDGE('',*,*,#3513,.T.);
#4744=ORIENTED_EDGE('',*,*,#3514,.T.);
#4745=ORIENTED_EDGE('',*,*,#3494,.F.);
#4746=ORIENTED_EDGE('',*,*,#3515,.T.);
#4747=ORIENTED_EDGE('',*,*,#3516,.T.);
#4748=ORIENTED_EDGE('',*,*,#3509,.F.);
#4749=ORIENTED_EDGE('',*,*,#3496,.F.);
#4750=ORIENTED_EDGE('',*,*,#3508,.F.);
#4751=ORIENTED_EDGE('',*,*,#3517,.T.);
#4752=ORIENTED_EDGE('',*,*,#3518,.T.);
#4753=ORIENTED_EDGE('',*,*,#3517,.F.);
#4754=ORIENTED_EDGE('',*,*,#3507,.F.);
#4755=ORIENTED_EDGE('',*,*,#3519,.T.);
#4756=ORIENTED_EDGE('',*,*,#3520,.T.);
#4757=ORIENTED_EDGE('',*,*,#3521,.T.);
#4758=ORIENTED_EDGE('',*,*,#3522,.T.);
#4759=ORIENTED_EDGE('',*,*,#3510,.F.);
#4760=ORIENTED_EDGE('',*,*,#3516,.F.);
#4761=ORIENTED_EDGE('',*,*,#3515,.F.);
#4762=ORIENTED_EDGE('',*,*,#3497,.F.);
#4763=ORIENTED_EDGE('',*,*,#3518,.F.);
#4764=ORIENTED_EDGE('',*,*,#3520,.F.);
#4765=ORIENTED_EDGE('',*,*,#3523,.T.);
#4766=ORIENTED_EDGE('',*,*,#3524,.T.);
#4767=ORIENTED_EDGE('',*,*,#3525,.T.);
#4768=ORIENTED_EDGE('',*,*,#3526,.T.);
#4769=ORIENTED_EDGE('',*,*,#3527,.T.);
#4770=ORIENTED_EDGE('',*,*,#3521,.F.);
#4771=ORIENTED_EDGE('',*,*,#3528,.T.);
#4772=ORIENTED_EDGE('',*,*,#3506,.F.);
#4773=ORIENTED_EDGE('',*,*,#3511,.F.);
#4774=ORIENTED_EDGE('',*,*,#3522,.F.);
#4775=ORIENTED_EDGE('',*,*,#3527,.F.);
#4776=ORIENTED_EDGE('',*,*,#3529,.T.);
#4777=ORIENTED_EDGE('',*,*,#3529,.F.);
#4778=ORIENTED_EDGE('',*,*,#3526,.F.);
#4779=ORIENTED_EDGE('',*,*,#3530,.T.);
#4780=ORIENTED_EDGE('',*,*,#3531,.T.);
#4781=ORIENTED_EDGE('',*,*,#3532,.T.);
#4782=ORIENTED_EDGE('',*,*,#3533,.T.);
#4783=ORIENTED_EDGE('',*,*,#3534,.T.);
#4784=ORIENTED_EDGE('',*,*,#3513,.F.);
#4785=ORIENTED_EDGE('',*,*,#3535,.T.);
#4786=ORIENTED_EDGE('',*,*,#3536,.T.);
#4787=ORIENTED_EDGE('',*,*,#3500,.F.);
#4788=ORIENTED_EDGE('',*,*,#3537,.T.);
#4789=ORIENTED_EDGE('',*,*,#3536,.F.);
#4790=ORIENTED_EDGE('',*,*,#3538,.T.);
#4791=ORIENTED_EDGE('',*,*,#3503,.F.);
#4792=ORIENTED_EDGE('',*,*,#3539,.T.);
#4793=ORIENTED_EDGE('',*,*,#3540,.T.);
#4794=ORIENTED_EDGE('',*,*,#3523,.F.);
#4795=ORIENTED_EDGE('',*,*,#3519,.F.);
#4796=ORIENTED_EDGE('',*,*,#3514,.F.);
#4797=ORIENTED_EDGE('',*,*,#3534,.F.);
#4798=ORIENTED_EDGE('',*,*,#3541,.T.);
#4799=ORIENTED_EDGE('',*,*,#3542,.T.);
#4800=ORIENTED_EDGE('',*,*,#3531,.F.);
#4801=ORIENTED_EDGE('',*,*,#3543,.T.);
#4802=ORIENTED_EDGE('',*,*,#3544,.T.);
#4803=ORIENTED_EDGE('',*,*,#3545,.T.);
#4804=ORIENTED_EDGE('',*,*,#3498,.F.);
#4805=ORIENTED_EDGE('',*,*,#3544,.F.);
#4806=ORIENTED_EDGE('',*,*,#3546,.T.);
#4807=ORIENTED_EDGE('',*,*,#3524,.F.);
#4808=ORIENTED_EDGE('',*,*,#3540,.F.);
#4809=ORIENTED_EDGE('',*,*,#3547,.T.);
#4810=ORIENTED_EDGE('',*,*,#3533,.F.);
#4811=ORIENTED_EDGE('',*,*,#3537,.F.);
#4812=ORIENTED_EDGE('',*,*,#3499,.F.);
#4813=ORIENTED_EDGE('',*,*,#3545,.F.);
#4814=ORIENTED_EDGE('',*,*,#3547,.F.);
#4815=ORIENTED_EDGE('',*,*,#3541,.F.);
#4816=ORIENTED_EDGE('',*,*,#3542,.F.);
#4817=ORIENTED_EDGE('',*,*,#3501,.F.);
#4818=ORIENTED_EDGE('',*,*,#3539,.F.);
#4819=ORIENTED_EDGE('',*,*,#3502,.F.);
#4820=ORIENTED_EDGE('',*,*,#3528,.F.);
#4821=ORIENTED_EDGE('',*,*,#3532,.F.);
#4822=ORIENTED_EDGE('',*,*,#3548,.T.);
#4823=ORIENTED_EDGE('',*,*,#3549,.T.);
#4824=ORIENTED_EDGE('',*,*,#3550,.T.);
#4825=ORIENTED_EDGE('',*,*,#3551,.T.);
#4826=ORIENTED_EDGE('',*,*,#3552,.T.);
#4827=ORIENTED_EDGE('',*,*,#3553,.T.);
#4828=ORIENTED_EDGE('',*,*,#3554,.T.);
#4829=ORIENTED_EDGE('',*,*,#3555,.T.);
#4830=ORIENTED_EDGE('',*,*,#3556,.T.);
#4831=ORIENTED_EDGE('',*,*,#3557,.T.);
#4832=ORIENTED_EDGE('',*,*,#3558,.T.);
#4833=ORIENTED_EDGE('',*,*,#3559,.T.);
#4834=ORIENTED_EDGE('',*,*,#3560,.T.);
#4835=ORIENTED_EDGE('',*,*,#3561,.T.);
#4836=ORIENTED_EDGE('',*,*,#3562,.T.);
#4837=ORIENTED_EDGE('',*,*,#3563,.T.);
#4838=ORIENTED_EDGE('',*,*,#3558,.F.);
#4839=ORIENTED_EDGE('',*,*,#3548,.F.);
#4840=ORIENTED_EDGE('',*,*,#3564,.T.);
#4841=ORIENTED_EDGE('',*,*,#3565,.T.);
#4842=ORIENTED_EDGE('',*,*,#3560,.F.);
#4843=ORIENTED_EDGE('',*,*,#3557,.F.);
#4844=ORIENTED_EDGE('',*,*,#3566,.T.);
#4845=ORIENTED_EDGE('',*,*,#3563,.F.);
#4846=ORIENTED_EDGE('',*,*,#3567,.T.);
#4847=ORIENTED_EDGE('',*,*,#3568,.T.);
#4848=ORIENTED_EDGE('',*,*,#3569,.T.);
#4849=ORIENTED_EDGE('',*,*,#3570,.T.);
#4850=ORIENTED_EDGE('',*,*,#3559,.F.);
#4851=ORIENTED_EDGE('',*,*,#3571,.T.);
#4852=ORIENTED_EDGE('',*,*,#3555,.F.);
#4853=ORIENTED_EDGE('',*,*,#3572,.T.);
#4854=ORIENTED_EDGE('',*,*,#3573,.T.);
#4855=ORIENTED_EDGE('',*,*,#3574,.T.);
#4856=ORIENTED_EDGE('',*,*,#3550,.F.);
#4857=ORIENTED_EDGE('',*,*,#3554,.F.);
#4858=ORIENTED_EDGE('',*,*,#3570,.F.);
#4859=ORIENTED_EDGE('',*,*,#3575,.T.);
#4860=ORIENTED_EDGE('',*,*,#3576,.T.);
#4861=ORIENTED_EDGE('',*,*,#3572,.F.);
#4862=ORIENTED_EDGE('',*,*,#3577,.T.);
#4863=ORIENTED_EDGE('',*,*,#3578,.T.);
#4864=ORIENTED_EDGE('',*,*,#3579,.T.);
#4865=ORIENTED_EDGE('',*,*,#3564,.F.);
#4866=ORIENTED_EDGE('',*,*,#3553,.F.);
#4867=ORIENTED_EDGE('',*,*,#3552,.F.);
#4868=ORIENTED_EDGE('',*,*,#3580,.T.);
#4869=ORIENTED_EDGE('',*,*,#3581,.T.);
#4870=ORIENTED_EDGE('',*,*,#3582,.T.);
#4871=ORIENTED_EDGE('',*,*,#3583,.T.);
#4872=ORIENTED_EDGE('',*,*,#3577,.F.);
#4873=ORIENTED_EDGE('',*,*,#3584,.T.);
#4874=ORIENTED_EDGE('',*,*,#3573,.F.);
#4875=ORIENTED_EDGE('',*,*,#3576,.F.);
#4876=ORIENTED_EDGE('',*,*,#3585,.T.);
#4877=ORIENTED_EDGE('',*,*,#3586,.T.);
#4878=ORIENTED_EDGE('',*,*,#3587,.T.);
#4879=ORIENTED_EDGE('',*,*,#3588,.T.);
#4880=ORIENTED_EDGE('',*,*,#3589,.T.);
#4881=ORIENTED_EDGE('',*,*,#3567,.F.);
#4882=ORIENTED_EDGE('',*,*,#3562,.F.);
#4883=ORIENTED_EDGE('',*,*,#3590,.T.);
#4884=ORIENTED_EDGE('',*,*,#3578,.F.);
#4885=ORIENTED_EDGE('',*,*,#3583,.F.);
#4886=ORIENTED_EDGE('',*,*,#3591,.T.);
#4887=ORIENTED_EDGE('',*,*,#3591,.F.);
#4888=ORIENTED_EDGE('',*,*,#3582,.F.);
#4889=ORIENTED_EDGE('',*,*,#3592,.T.);
#4890=ORIENTED_EDGE('',*,*,#3593,.T.);
#4891=ORIENTED_EDGE('',*,*,#3594,.T.);
#4892=ORIENTED_EDGE('',*,*,#3595,.T.);
#4893=ORIENTED_EDGE('',*,*,#3568,.F.);
#4894=ORIENTED_EDGE('',*,*,#3589,.F.);
#4895=ORIENTED_EDGE('',*,*,#3596,.T.);
#4896=ORIENTED_EDGE('',*,*,#3597,.T.);
#4897=ORIENTED_EDGE('',*,*,#3594,.F.);
#4898=ORIENTED_EDGE('',*,*,#3588,.F.);
#4899=ORIENTED_EDGE('',*,*,#3598,.T.);
#4900=ORIENTED_EDGE('',*,*,#3586,.F.);
#4901=ORIENTED_EDGE('',*,*,#3593,.F.);
#4902=ORIENTED_EDGE('',*,*,#3599,.T.);
#4903=ORIENTED_EDGE('',*,*,#3595,.F.);
#4904=ORIENTED_EDGE('',*,*,#3597,.F.);
#4905=ORIENTED_EDGE('',*,*,#3600,.T.);
#4906=ORIENTED_EDGE('',*,*,#3599,.F.);
#4907=ORIENTED_EDGE('',*,*,#3592,.F.);
#4908=ORIENTED_EDGE('',*,*,#3581,.F.);
#4909=ORIENTED_EDGE('',*,*,#3601,.T.);
#4910=ORIENTED_EDGE('',*,*,#3585,.F.);
#4911=ORIENTED_EDGE('',*,*,#3575,.F.);
#4912=ORIENTED_EDGE('',*,*,#3569,.F.);
#4913=ORIENTED_EDGE('',*,*,#3551,.F.);
#4914=ORIENTED_EDGE('',*,*,#3574,.F.);
#4915=ORIENTED_EDGE('',*,*,#3584,.F.);
#4916=ORIENTED_EDGE('',*,*,#3601,.F.);
#4917=ORIENTED_EDGE('',*,*,#3580,.F.);
#4918=ORIENTED_EDGE('',*,*,#3566,.F.);
#4919=ORIENTED_EDGE('',*,*,#3556,.F.);
#4920=ORIENTED_EDGE('',*,*,#3571,.F.);
#4921=ORIENTED_EDGE('',*,*,#3549,.F.);
#4922=ORIENTED_EDGE('',*,*,#3602,.T.);
#4923=ORIENTED_EDGE('',*,*,#3603,.T.);
#4924=ORIENTED_EDGE('',*,*,#3604,.T.);
#4925=ORIENTED_EDGE('',*,*,#3605,.T.);
#4926=ORIENTED_EDGE('',*,*,#3598,.F.);
#4927=ORIENTED_EDGE('',*,*,#3600,.F.);
#4928=ORIENTED_EDGE('',*,*,#3596,.F.);
#4929=ORIENTED_EDGE('',*,*,#3587,.F.);
#4930=ORIENTED_EDGE('',*,*,#3606,.T.);
#4931=ORIENTED_EDGE('',*,*,#3607,.T.);
#4932=ORIENTED_EDGE('',*,*,#3608,.T.);
#4933=ORIENTED_EDGE('',*,*,#3609,.T.);
#4934=ORIENTED_EDGE('',*,*,#3610,.T.);
#4935=ORIENTED_EDGE('',*,*,#3604,.F.);
#4936=ORIENTED_EDGE('',*,*,#3611,.T.);
#4937=ORIENTED_EDGE('',*,*,#3607,.F.);
#4938=ORIENTED_EDGE('',*,*,#3603,.F.);
#4939=ORIENTED_EDGE('',*,*,#3612,.T.);
#4940=ORIENTED_EDGE('',*,*,#3608,.F.);
#4941=ORIENTED_EDGE('',*,*,#3611,.F.);
#4942=ORIENTED_EDGE('',*,*,#3602,.F.);
#4943=ORIENTED_EDGE('',*,*,#3613,.T.);
#4944=ORIENTED_EDGE('',*,*,#3609,.F.);
#4945=ORIENTED_EDGE('',*,*,#3612,.F.);
#4946=ORIENTED_EDGE('',*,*,#3613,.F.);
#4947=ORIENTED_EDGE('',*,*,#3605,.F.);
#4948=ORIENTED_EDGE('',*,*,#3610,.F.);
#4949=ORIENTED_EDGE('',*,*,#3606,.F.);
#4950=ORIENTED_EDGE('',*,*,#3614,.T.);
#4951=ORIENTED_EDGE('',*,*,#3615,.T.);
#4952=ORIENTED_EDGE('',*,*,#3616,.T.);
#4953=ORIENTED_EDGE('',*,*,#3617,.T.);
#4954=ORIENTED_EDGE('',*,*,#3618,.T.);
#4955=ORIENTED_EDGE('',*,*,#3614,.F.);
#4956=ORIENTED_EDGE('',*,*,#3619,.T.);
#4957=ORIENTED_EDGE('',*,*,#3620,.T.);
#4958=ORIENTED_EDGE('',*,*,#3621,.T.);
#4959=ORIENTED_EDGE('',*,*,#3620,.F.);
#4960=ORIENTED_EDGE('',*,*,#3622,.T.);
#4961=ORIENTED_EDGE('',*,*,#3623,.T.);
#4962=ORIENTED_EDGE('',*,*,#3616,.F.);
#4963=ORIENTED_EDGE('',*,*,#3624,.T.);
#4964=ORIENTED_EDGE('',*,*,#3623,.F.);
#4965=ORIENTED_EDGE('',*,*,#3625,.T.);
#4966=ORIENTED_EDGE('',*,*,#3626,.T.);
#4967=ORIENTED_EDGE('',*,*,#3627,.T.);
#4968=ORIENTED_EDGE('',*,*,#3628,.T.);
#4969=ORIENTED_EDGE('',*,*,#3629,.T.);
#4970=ORIENTED_EDGE('',*,*,#3617,.F.);
#4971=ORIENTED_EDGE('',*,*,#3625,.F.);
#4972=ORIENTED_EDGE('',*,*,#3622,.F.);
#4973=ORIENTED_EDGE('',*,*,#3619,.F.);
#4974=ORIENTED_EDGE('',*,*,#3630,.T.);
#4975=ORIENTED_EDGE('',*,*,#3631,.T.);
#4976=ORIENTED_EDGE('',*,*,#3632,.T.);
#4977=ORIENTED_EDGE('',*,*,#3633,.T.);
#4978=ORIENTED_EDGE('',*,*,#3618,.F.);
#4979=ORIENTED_EDGE('',*,*,#3621,.F.);
#4980=ORIENTED_EDGE('',*,*,#3624,.F.);
#4981=ORIENTED_EDGE('',*,*,#3615,.F.);
#4982=ORIENTED_EDGE('',*,*,#3634,.T.);
#4983=ORIENTED_EDGE('',*,*,#3635,.T.);
#4984=ORIENTED_EDGE('',*,*,#3636,.T.);
#4985=ORIENTED_EDGE('',*,*,#3637,.T.);
#4986=ORIENTED_EDGE('',*,*,#3638,.T.);
#4987=ORIENTED_EDGE('',*,*,#3639,.T.);
#4988=ORIENTED_EDGE('',*,*,#3640,.T.);
#4989=ORIENTED_EDGE('',*,*,#3627,.F.);
#4990=ORIENTED_EDGE('',*,*,#3641,.T.);
#4991=ORIENTED_EDGE('',*,*,#3642,.T.);
#4992=ORIENTED_EDGE('',*,*,#3643,.T.);
#4993=ORIENTED_EDGE('',*,*,#3637,.F.);
#4994=ORIENTED_EDGE('',*,*,#3644,.T.);
#4995=ORIENTED_EDGE('',*,*,#3645,.T.);
#4996=ORIENTED_EDGE('',*,*,#3646,.T.);
#4997=ORIENTED_EDGE('',*,*,#3626,.F.);
#4998=ORIENTED_EDGE('',*,*,#3647,.T.);
#4999=ORIENTED_EDGE('',*,*,#3648,.T.);
#5000=ORIENTED_EDGE('',*,*,#3641,.F.);
#5001=ORIENTED_EDGE('',*,*,#3628,.F.);
#5002=ORIENTED_EDGE('',*,*,#3640,.F.);
#5003=ORIENTED_EDGE('',*,*,#3649,.T.);
#5004=ORIENTED_EDGE('',*,*,#3650,.T.);
#5005=ORIENTED_EDGE('',*,*,#3649,.F.);
#5006=ORIENTED_EDGE('',*,*,#3639,.F.);
#5007=ORIENTED_EDGE('',*,*,#3651,.T.);
#5008=ORIENTED_EDGE('',*,*,#3652,.T.);
#5009=ORIENTED_EDGE('',*,*,#3653,.T.);
#5010=ORIENTED_EDGE('',*,*,#3654,.T.);
#5011=ORIENTED_EDGE('',*,*,#3642,.F.);
#5012=ORIENTED_EDGE('',*,*,#3648,.F.);
#5013=ORIENTED_EDGE('',*,*,#3647,.F.);
#5014=ORIENTED_EDGE('',*,*,#3629,.F.);
#5015=ORIENTED_EDGE('',*,*,#3650,.F.);
#5016=ORIENTED_EDGE('',*,*,#3652,.F.);
#5017=ORIENTED_EDGE('',*,*,#3655,.T.);
#5018=ORIENTED_EDGE('',*,*,#3656,.T.);
#5019=ORIENTED_EDGE('',*,*,#3657,.T.);
#5020=ORIENTED_EDGE('',*,*,#3658,.T.);
#5021=ORIENTED_EDGE('',*,*,#3659,.T.);
#5022=ORIENTED_EDGE('',*,*,#3653,.F.);
#5023=ORIENTED_EDGE('',*,*,#3660,.T.);
#5024=ORIENTED_EDGE('',*,*,#3638,.F.);
#5025=ORIENTED_EDGE('',*,*,#3643,.F.);
#5026=ORIENTED_EDGE('',*,*,#3654,.F.);
#5027=ORIENTED_EDGE('',*,*,#3659,.F.);
#5028=ORIENTED_EDGE('',*,*,#3661,.T.);
#5029=ORIENTED_EDGE('',*,*,#3661,.F.);
#5030=ORIENTED_EDGE('',*,*,#3658,.F.);
#5031=ORIENTED_EDGE('',*,*,#3662,.T.);
#5032=ORIENTED_EDGE('',*,*,#3663,.T.);
#5033=ORIENTED_EDGE('',*,*,#3664,.T.);
#5034=ORIENTED_EDGE('',*,*,#3665,.T.);
#5035=ORIENTED_EDGE('',*,*,#3666,.T.);
#5036=ORIENTED_EDGE('',*,*,#3645,.F.);
#5037=ORIENTED_EDGE('',*,*,#3667,.T.);
#5038=ORIENTED_EDGE('',*,*,#3668,.T.);
#5039=ORIENTED_EDGE('',*,*,#3632,.F.);
#5040=ORIENTED_EDGE('',*,*,#3669,.T.);
#5041=ORIENTED_EDGE('',*,*,#3668,.F.);
#5042=ORIENTED_EDGE('',*,*,#3670,.T.);
#5043=ORIENTED_EDGE('',*,*,#3635,.F.);
#5044=ORIENTED_EDGE('',*,*,#3671,.T.);
#5045=ORIENTED_EDGE('',*,*,#3672,.T.);
#5046=ORIENTED_EDGE('',*,*,#3655,.F.);
#5047=ORIENTED_EDGE('',*,*,#3651,.F.);
#5048=ORIENTED_EDGE('',*,*,#3646,.F.);
#5049=ORIENTED_EDGE('',*,*,#3666,.F.);
#5050=ORIENTED_EDGE('',*,*,#3673,.T.);
#5051=ORIENTED_EDGE('',*,*,#3674,.T.);
#5052=ORIENTED_EDGE('',*,*,#3663,.F.);
#5053=ORIENTED_EDGE('',*,*,#3675,.T.);
#5054=ORIENTED_EDGE('',*,*,#3676,.T.);
#5055=ORIENTED_EDGE('',*,*,#3677,.T.);
#5056=ORIENTED_EDGE('',*,*,#3630,.F.);
#5057=ORIENTED_EDGE('',*,*,#3676,.F.);
#5058=ORIENTED_EDGE('',*,*,#3678,.T.);
#5059=ORIENTED_EDGE('',*,*,#3656,.F.);
#5060=ORIENTED_EDGE('',*,*,#3672,.F.);
#5061=ORIENTED_EDGE('',*,*,#3679,.T.);
#5062=ORIENTED_EDGE('',*,*,#3665,.F.);
#5063=ORIENTED_EDGE('',*,*,#3669,.F.);
#5064=ORIENTED_EDGE('',*,*,#3631,.F.);
#5065=ORIENTED_EDGE('',*,*,#3677,.F.);
#5066=ORIENTED_EDGE('',*,*,#3679,.F.);
#5067=ORIENTED_EDGE('',*,*,#3673,.F.);
#5068=ORIENTED_EDGE('',*,*,#3674,.F.);
#5069=ORIENTED_EDGE('',*,*,#3633,.F.);
#5070=ORIENTED_EDGE('',*,*,#3671,.F.);
#5071=ORIENTED_EDGE('',*,*,#3634,.F.);
#5072=ORIENTED_EDGE('',*,*,#3660,.F.);
#5073=ORIENTED_EDGE('',*,*,#3664,.F.);
#5074=ORIENTED_EDGE('',*,*,#3680,.T.);
#5075=ORIENTED_EDGE('',*,*,#3681,.T.);
#5076=ORIENTED_EDGE('',*,*,#3682,.T.);
#5077=ORIENTED_EDGE('',*,*,#3683,.T.);
#5078=ORIENTED_EDGE('',*,*,#3684,.T.);
#5079=ORIENTED_EDGE('',*,*,#3685,.T.);
#5080=ORIENTED_EDGE('',*,*,#3686,.T.);
#5081=ORIENTED_EDGE('',*,*,#3687,.T.);
#5082=ORIENTED_EDGE('',*,*,#3688,.T.);
#5083=ORIENTED_EDGE('',*,*,#3689,.T.);
#5084=ORIENTED_EDGE('',*,*,#3690,.T.);
#5085=ORIENTED_EDGE('',*,*,#3691,.T.);
#5086=ORIENTED_EDGE('',*,*,#3692,.T.);
#5087=ORIENTED_EDGE('',*,*,#3693,.T.);
#5088=ORIENTED_EDGE('',*,*,#3694,.T.);
#5089=ORIENTED_EDGE('',*,*,#3695,.T.);
#5090=ORIENTED_EDGE('',*,*,#3690,.F.);
#5091=ORIENTED_EDGE('',*,*,#3680,.F.);
#5092=ORIENTED_EDGE('',*,*,#3696,.T.);
#5093=ORIENTED_EDGE('',*,*,#3697,.T.);
#5094=ORIENTED_EDGE('',*,*,#3692,.F.);
#5095=ORIENTED_EDGE('',*,*,#3689,.F.);
#5096=ORIENTED_EDGE('',*,*,#3698,.T.);
#5097=ORIENTED_EDGE('',*,*,#3695,.F.);
#5098=ORIENTED_EDGE('',*,*,#3699,.T.);
#5099=ORIENTED_EDGE('',*,*,#3700,.T.);
#5100=ORIENTED_EDGE('',*,*,#3701,.T.);
#5101=ORIENTED_EDGE('',*,*,#3702,.T.);
#5102=ORIENTED_EDGE('',*,*,#3691,.F.);
#5103=ORIENTED_EDGE('',*,*,#3703,.T.);
#5104=ORIENTED_EDGE('',*,*,#3687,.F.);
#5105=ORIENTED_EDGE('',*,*,#3704,.T.);
#5106=ORIENTED_EDGE('',*,*,#3705,.T.);
#5107=ORIENTED_EDGE('',*,*,#3706,.T.);
#5108=ORIENTED_EDGE('',*,*,#3682,.F.);
#5109=ORIENTED_EDGE('',*,*,#3686,.F.);
#5110=ORIENTED_EDGE('',*,*,#3702,.F.);
#5111=ORIENTED_EDGE('',*,*,#3707,.T.);
#5112=ORIENTED_EDGE('',*,*,#3708,.T.);
#5113=ORIENTED_EDGE('',*,*,#3704,.F.);
#5114=ORIENTED_EDGE('',*,*,#3709,.T.);
#5115=ORIENTED_EDGE('',*,*,#3693,.F.);
#5116=ORIENTED_EDGE('',*,*,#3697,.F.);
#5117=ORIENTED_EDGE('',*,*,#3710,.T.);
#5118=ORIENTED_EDGE('',*,*,#3711,.T.);
#5119=ORIENTED_EDGE('',*,*,#3712,.T.);
#5120=ORIENTED_EDGE('',*,*,#3710,.F.);
#5121=ORIENTED_EDGE('',*,*,#3696,.F.);
#5122=ORIENTED_EDGE('',*,*,#3685,.F.);
#5123=ORIENTED_EDGE('',*,*,#3684,.F.);
#5124=ORIENTED_EDGE('',*,*,#3713,.T.);
#5125=ORIENTED_EDGE('',*,*,#3714,.T.);
#5126=ORIENTED_EDGE('',*,*,#3715,.T.);
#5127=ORIENTED_EDGE('',*,*,#3716,.T.);
#5128=ORIENTED_EDGE('',*,*,#3711,.F.);
#5129=ORIENTED_EDGE('',*,*,#3717,.T.);
#5130=ORIENTED_EDGE('',*,*,#3718,.T.);
#5131=ORIENTED_EDGE('',*,*,#3719,.T.);
#5132=ORIENTED_EDGE('',*,*,#3720,.T.);
#5133=ORIENTED_EDGE('',*,*,#3699,.F.);
#5134=ORIENTED_EDGE('',*,*,#3694,.F.);
#5135=ORIENTED_EDGE('',*,*,#3709,.F.);
#5136=ORIENTED_EDGE('',*,*,#3712,.F.);
#5137=ORIENTED_EDGE('',*,*,#3716,.F.);
#5138=ORIENTED_EDGE('',*,*,#3721,.T.);
#5139=ORIENTED_EDGE('',*,*,#3721,.F.);
#5140=ORIENTED_EDGE('',*,*,#3715,.F.);
#5141=ORIENTED_EDGE('',*,*,#3722,.T.);
#5142=ORIENTED_EDGE('',*,*,#3723,.T.);
#5143=ORIENTED_EDGE('',*,*,#3724,.T.);
#5144=ORIENTED_EDGE('',*,*,#3725,.T.);
#5145=ORIENTED_EDGE('',*,*,#3700,.F.);
#5146=ORIENTED_EDGE('',*,*,#3720,.F.);
#5147=ORIENTED_EDGE('',*,*,#3726,.T.);
#5148=ORIENTED_EDGE('',*,*,#3727,.T.);
#5149=ORIENTED_EDGE('',*,*,#3724,.F.);
#5150=ORIENTED_EDGE('',*,*,#3719,.F.);
#5151=ORIENTED_EDGE('',*,*,#3728,.T.);
#5152=ORIENTED_EDGE('',*,*,#3717,.F.);
#5153=ORIENTED_EDGE('',*,*,#3723,.F.);
#5154=ORIENTED_EDGE('',*,*,#3729,.T.);
#5155=ORIENTED_EDGE('',*,*,#3725,.F.);
#5156=ORIENTED_EDGE('',*,*,#3727,.F.);
#5157=ORIENTED_EDGE('',*,*,#3730,.T.);
#5158=ORIENTED_EDGE('',*,*,#3729,.F.);
#5159=ORIENTED_EDGE('',*,*,#3722,.F.);
#5160=ORIENTED_EDGE('',*,*,#3714,.F.);
#5161=ORIENTED_EDGE('',*,*,#3731,.T.);
#5162=ORIENTED_EDGE('',*,*,#3732,.T.);
#5163=ORIENTED_EDGE('',*,*,#3707,.F.);
#5164=ORIENTED_EDGE('',*,*,#3701,.F.);
#5165=ORIENTED_EDGE('',*,*,#3683,.F.);
#5166=ORIENTED_EDGE('',*,*,#3706,.F.);
#5167=ORIENTED_EDGE('',*,*,#3733,.T.);
#5168=ORIENTED_EDGE('',*,*,#3731,.F.);
#5169=ORIENTED_EDGE('',*,*,#3713,.F.);
#5170=ORIENTED_EDGE('',*,*,#3698,.F.);
#5171=ORIENTED_EDGE('',*,*,#3688,.F.);
#5172=ORIENTED_EDGE('',*,*,#3703,.F.);
#5173=ORIENTED_EDGE('',*,*,#3681,.F.);
#5174=ORIENTED_EDGE('',*,*,#3734,.T.);
#5175=ORIENTED_EDGE('',*,*,#3735,.T.);
#5176=ORIENTED_EDGE('',*,*,#3736,.T.);
#5177=ORIENTED_EDGE('',*,*,#3737,.T.);
#5178=ORIENTED_EDGE('',*,*,#3728,.F.);
#5179=ORIENTED_EDGE('',*,*,#3730,.F.);
#5180=ORIENTED_EDGE('',*,*,#3726,.F.);
#5181=ORIENTED_EDGE('',*,*,#3718,.F.);
#5182=ORIENTED_EDGE('',*,*,#3738,.T.);
#5183=ORIENTED_EDGE('',*,*,#3739,.T.);
#5184=ORIENTED_EDGE('',*,*,#3740,.T.);
#5185=ORIENTED_EDGE('',*,*,#3741,.T.);
#5186=ORIENTED_EDGE('',*,*,#3742,.T.);
#5187=ORIENTED_EDGE('',*,*,#3736,.F.);
#5188=ORIENTED_EDGE('',*,*,#3743,.T.);
#5189=ORIENTED_EDGE('',*,*,#3739,.F.);
#5190=ORIENTED_EDGE('',*,*,#3735,.F.);
#5191=ORIENTED_EDGE('',*,*,#3744,.T.);
#5192=ORIENTED_EDGE('',*,*,#3740,.F.);
#5193=ORIENTED_EDGE('',*,*,#3743,.F.);
#5194=ORIENTED_EDGE('',*,*,#3734,.F.);
#5195=ORIENTED_EDGE('',*,*,#3745,.T.);
#5196=ORIENTED_EDGE('',*,*,#3741,.F.);
#5197=ORIENTED_EDGE('',*,*,#3744,.F.);
#5198=ORIENTED_EDGE('',*,*,#3745,.F.);
#5199=ORIENTED_EDGE('',*,*,#3737,.F.);
#5200=ORIENTED_EDGE('',*,*,#3742,.F.);
#5201=ORIENTED_EDGE('',*,*,#3738,.F.);
#5202=ORIENTED_EDGE('',*,*,#3746,.T.);
#5203=ORIENTED_EDGE('',*,*,#3747,.T.);
#5204=ORIENTED_EDGE('',*,*,#3748,.T.);
#5205=ORIENTED_EDGE('',*,*,#3749,.T.);
#5206=ORIENTED_EDGE('',*,*,#3750,.T.);
#5207=ORIENTED_EDGE('',*,*,#3751,.T.);
#5208=ORIENTED_EDGE('',*,*,#3749,.F.);
#5209=ORIENTED_EDGE('',*,*,#3752,.T.);
#5210=ORIENTED_EDGE('',*,*,#3746,.F.);
#5211=ORIENTED_EDGE('',*,*,#3751,.F.);
#5212=ORIENTED_EDGE('',*,*,#3753,.T.);
#5213=ORIENTED_EDGE('',*,*,#3754,.T.);
#5214=ORIENTED_EDGE('',*,*,#3747,.F.);
#5215=ORIENTED_EDGE('',*,*,#3754,.F.);
#5216=ORIENTED_EDGE('',*,*,#3755,.T.);
#5217=ORIENTED_EDGE('',*,*,#3756,.T.);
#5218=ORIENTED_EDGE('',*,*,#3748,.F.);
#5219=ORIENTED_EDGE('',*,*,#3756,.F.);
#5220=ORIENTED_EDGE('',*,*,#3757,.T.);
#5221=ORIENTED_EDGE('',*,*,#3752,.F.);
#5222=ORIENTED_EDGE('',*,*,#3758,.T.);
#5223=ORIENTED_EDGE('',*,*,#3759,.T.);
#5224=ORIENTED_EDGE('',*,*,#3760,.T.);
#5225=ORIENTED_EDGE('',*,*,#3761,.T.);
#5226=ORIENTED_EDGE('',*,*,#3762,.T.);
#5227=ORIENTED_EDGE('',*,*,#3763,.T.);
#5228=ORIENTED_EDGE('',*,*,#3758,.F.);
#5229=ORIENTED_EDGE('',*,*,#3764,.T.);
#5230=ORIENTED_EDGE('',*,*,#3762,.F.);
#5231=ORIENTED_EDGE('',*,*,#3765,.T.);
#5232=ORIENTED_EDGE('',*,*,#3766,.T.);
#5233=ORIENTED_EDGE('',*,*,#3767,.T.);
#5234=ORIENTED_EDGE('',*,*,#3768,.T.);
#5235=ORIENTED_EDGE('',*,*,#3766,.F.);
#5236=ORIENTED_EDGE('',*,*,#3769,.T.);
#5237=ORIENTED_EDGE('',*,*,#3760,.F.);
#5238=ORIENTED_EDGE('',*,*,#3769,.F.);
#5239=ORIENTED_EDGE('',*,*,#3765,.F.);
#5240=ORIENTED_EDGE('',*,*,#3764,.F.);
#5241=ORIENTED_EDGE('',*,*,#3761,.F.);
#5242=ORIENTED_EDGE('',*,*,#3759,.F.);
#5243=ORIENTED_EDGE('',*,*,#3770,.T.);
#5244=ORIENTED_EDGE('',*,*,#3753,.F.);
#5245=ORIENTED_EDGE('',*,*,#3771,.T.);
#5246=ORIENTED_EDGE('',*,*,#3763,.F.);
#5247=ORIENTED_EDGE('',*,*,#3772,.T.);
#5248=ORIENTED_EDGE('',*,*,#3755,.F.);
#5249=ORIENTED_EDGE('',*,*,#3770,.F.);
#5250=ORIENTED_EDGE('',*,*,#3773,.T.);
#5251=ORIENTED_EDGE('',*,*,#3757,.F.);
#5252=ORIENTED_EDGE('',*,*,#3772,.F.);
#5253=ORIENTED_EDGE('',*,*,#3767,.F.);
#5254=ORIENTED_EDGE('',*,*,#3771,.F.);
#5255=ORIENTED_EDGE('',*,*,#3750,.F.);
#5256=ORIENTED_EDGE('',*,*,#3773,.F.);
#5257=ORIENTED_EDGE('',*,*,#3768,.F.);
#5258=ORIENTED_EDGE('',*,*,#3774,.T.);
#5259=ORIENTED_EDGE('',*,*,#3775,.T.);
#5260=ORIENTED_EDGE('',*,*,#3776,.T.);
#5261=ORIENTED_EDGE('',*,*,#3777,.T.);
#5262=ORIENTED_EDGE('',*,*,#3778,.T.);
#5263=ORIENTED_EDGE('',*,*,#3779,.T.);
#5264=ORIENTED_EDGE('',*,*,#3777,.F.);
#5265=ORIENTED_EDGE('',*,*,#3780,.T.);
#5266=ORIENTED_EDGE('',*,*,#3774,.F.);
#5267=ORIENTED_EDGE('',*,*,#3779,.F.);
#5268=ORIENTED_EDGE('',*,*,#3781,.T.);
#5269=ORIENTED_EDGE('',*,*,#3782,.T.);
#5270=ORIENTED_EDGE('',*,*,#3775,.F.);
#5271=ORIENTED_EDGE('',*,*,#3782,.F.);
#5272=ORIENTED_EDGE('',*,*,#3783,.T.);
#5273=ORIENTED_EDGE('',*,*,#3784,.T.);
#5274=ORIENTED_EDGE('',*,*,#3776,.F.);
#5275=ORIENTED_EDGE('',*,*,#3784,.F.);
#5276=ORIENTED_EDGE('',*,*,#3785,.T.);
#5277=ORIENTED_EDGE('',*,*,#3780,.F.);
#5278=ORIENTED_EDGE('',*,*,#3786,.T.);
#5279=ORIENTED_EDGE('',*,*,#3787,.T.);
#5280=ORIENTED_EDGE('',*,*,#3788,.T.);
#5281=ORIENTED_EDGE('',*,*,#3789,.T.);
#5282=ORIENTED_EDGE('',*,*,#3790,.T.);
#5283=ORIENTED_EDGE('',*,*,#3791,.T.);
#5284=ORIENTED_EDGE('',*,*,#3786,.F.);
#5285=ORIENTED_EDGE('',*,*,#3792,.T.);
#5286=ORIENTED_EDGE('',*,*,#3790,.F.);
#5287=ORIENTED_EDGE('',*,*,#3793,.T.);
#5288=ORIENTED_EDGE('',*,*,#3794,.T.);
#5289=ORIENTED_EDGE('',*,*,#3795,.T.);
#5290=ORIENTED_EDGE('',*,*,#3796,.T.);
#5291=ORIENTED_EDGE('',*,*,#3794,.F.);
#5292=ORIENTED_EDGE('',*,*,#3797,.T.);
#5293=ORIENTED_EDGE('',*,*,#3788,.F.);
#5294=ORIENTED_EDGE('',*,*,#3797,.F.);
#5295=ORIENTED_EDGE('',*,*,#3793,.F.);
#5296=ORIENTED_EDGE('',*,*,#3792,.F.);
#5297=ORIENTED_EDGE('',*,*,#3789,.F.);
#5298=ORIENTED_EDGE('',*,*,#3787,.F.);
#5299=ORIENTED_EDGE('',*,*,#3798,.T.);
#5300=ORIENTED_EDGE('',*,*,#3781,.F.);
#5301=ORIENTED_EDGE('',*,*,#3799,.T.);
#5302=ORIENTED_EDGE('',*,*,#3791,.F.);
#5303=ORIENTED_EDGE('',*,*,#3800,.T.);
#5304=ORIENTED_EDGE('',*,*,#3783,.F.);
#5305=ORIENTED_EDGE('',*,*,#3798,.F.);
#5306=ORIENTED_EDGE('',*,*,#3801,.T.);
#5307=ORIENTED_EDGE('',*,*,#3785,.F.);
#5308=ORIENTED_EDGE('',*,*,#3800,.F.);
#5309=ORIENTED_EDGE('',*,*,#3795,.F.);
#5310=ORIENTED_EDGE('',*,*,#3799,.F.);
#5311=ORIENTED_EDGE('',*,*,#3778,.F.);
#5312=ORIENTED_EDGE('',*,*,#3801,.F.);
#5313=ORIENTED_EDGE('',*,*,#3796,.F.);
#5314=ORIENTED_EDGE('',*,*,#3802,.T.);
#5315=ORIENTED_EDGE('',*,*,#3803,.T.);
#5316=ORIENTED_EDGE('',*,*,#3804,.T.);
#5317=ORIENTED_EDGE('',*,*,#3805,.T.);
#5318=ORIENTED_EDGE('',*,*,#3806,.T.);
#5319=ORIENTED_EDGE('',*,*,#3807,.T.);
#5320=ORIENTED_EDGE('',*,*,#3805,.F.);
#5321=ORIENTED_EDGE('',*,*,#3808,.T.);
#5322=ORIENTED_EDGE('',*,*,#3802,.F.);
#5323=ORIENTED_EDGE('',*,*,#3807,.F.);
#5324=ORIENTED_EDGE('',*,*,#3809,.T.);
#5325=ORIENTED_EDGE('',*,*,#3810,.T.);
#5326=ORIENTED_EDGE('',*,*,#3803,.F.);
#5327=ORIENTED_EDGE('',*,*,#3810,.F.);
#5328=ORIENTED_EDGE('',*,*,#3811,.T.);
#5329=ORIENTED_EDGE('',*,*,#3812,.T.);
#5330=ORIENTED_EDGE('',*,*,#3804,.F.);
#5331=ORIENTED_EDGE('',*,*,#3812,.F.);
#5332=ORIENTED_EDGE('',*,*,#3813,.T.);
#5333=ORIENTED_EDGE('',*,*,#3808,.F.);
#5334=ORIENTED_EDGE('',*,*,#3814,.T.);
#5335=ORIENTED_EDGE('',*,*,#3815,.T.);
#5336=ORIENTED_EDGE('',*,*,#3816,.T.);
#5337=ORIENTED_EDGE('',*,*,#3817,.T.);
#5338=ORIENTED_EDGE('',*,*,#3818,.T.);
#5339=ORIENTED_EDGE('',*,*,#3819,.T.);
#5340=ORIENTED_EDGE('',*,*,#3814,.F.);
#5341=ORIENTED_EDGE('',*,*,#3820,.T.);
#5342=ORIENTED_EDGE('',*,*,#3818,.F.);
#5343=ORIENTED_EDGE('',*,*,#3821,.T.);
#5344=ORIENTED_EDGE('',*,*,#3822,.T.);
#5345=ORIENTED_EDGE('',*,*,#3823,.T.);
#5346=ORIENTED_EDGE('',*,*,#3824,.T.);
#5347=ORIENTED_EDGE('',*,*,#3822,.F.);
#5348=ORIENTED_EDGE('',*,*,#3825,.T.);
#5349=ORIENTED_EDGE('',*,*,#3816,.F.);
#5350=ORIENTED_EDGE('',*,*,#3825,.F.);
#5351=ORIENTED_EDGE('',*,*,#3821,.F.);
#5352=ORIENTED_EDGE('',*,*,#3820,.F.);
#5353=ORIENTED_EDGE('',*,*,#3817,.F.);
#5354=ORIENTED_EDGE('',*,*,#3815,.F.);
#5355=ORIENTED_EDGE('',*,*,#3826,.T.);
#5356=ORIENTED_EDGE('',*,*,#3809,.F.);
#5357=ORIENTED_EDGE('',*,*,#3827,.T.);
#5358=ORIENTED_EDGE('',*,*,#3819,.F.);
#5359=ORIENTED_EDGE('',*,*,#3828,.T.);
#5360=ORIENTED_EDGE('',*,*,#3811,.F.);
#5361=ORIENTED_EDGE('',*,*,#3826,.F.);
#5362=ORIENTED_EDGE('',*,*,#3829,.T.);
#5363=ORIENTED_EDGE('',*,*,#3813,.F.);
#5364=ORIENTED_EDGE('',*,*,#3828,.F.);
#5365=ORIENTED_EDGE('',*,*,#3823,.F.);
#5366=ORIENTED_EDGE('',*,*,#3827,.F.);
#5367=ORIENTED_EDGE('',*,*,#3806,.F.);
#5368=ORIENTED_EDGE('',*,*,#3829,.F.);
#5369=ORIENTED_EDGE('',*,*,#3824,.F.);
#5370=ORIENTED_EDGE('',*,*,#3830,.T.);
#5371=ORIENTED_EDGE('',*,*,#3831,.T.);
#5372=ORIENTED_EDGE('',*,*,#3832,.T.);
#5373=ORIENTED_EDGE('',*,*,#3833,.T.);
#5374=ORIENTED_EDGE('',*,*,#3832,.F.);
#5375=ORIENTED_EDGE('',*,*,#3834,.T.);
#5376=ORIENTED_EDGE('',*,*,#3835,.T.);
#5377=ORIENTED_EDGE('',*,*,#3836,.T.);
#5378=ORIENTED_EDGE('',*,*,#3837,.T.);
#5379=ORIENTED_EDGE('',*,*,#3835,.F.);
#5380=ORIENTED_EDGE('',*,*,#3838,.T.);
#5381=ORIENTED_EDGE('',*,*,#3839,.T.);
#5382=ORIENTED_EDGE('',*,*,#3840,.T.);
#5383=ORIENTED_EDGE('',*,*,#3839,.F.);
#5384=ORIENTED_EDGE('',*,*,#3841,.T.);
#5385=ORIENTED_EDGE('',*,*,#3830,.F.);
#5386=ORIENTED_EDGE('',*,*,#3842,.T.);
#5387=ORIENTED_EDGE('',*,*,#3843,.T.);
#5388=ORIENTED_EDGE('',*,*,#3844,.T.);
#5389=ORIENTED_EDGE('',*,*,#3845,.T.);
#5390=ORIENTED_EDGE('',*,*,#3833,.F.);
#5391=ORIENTED_EDGE('',*,*,#3846,.T.);
#5392=ORIENTED_EDGE('',*,*,#3842,.F.);
#5393=ORIENTED_EDGE('',*,*,#3847,.T.);
#5394=ORIENTED_EDGE('',*,*,#3848,.T.);
#5395=ORIENTED_EDGE('',*,*,#3843,.F.);
#5396=ORIENTED_EDGE('',*,*,#3846,.F.);
#5397=ORIENTED_EDGE('',*,*,#3836,.F.);
#5398=ORIENTED_EDGE('',*,*,#3848,.F.);
#5399=ORIENTED_EDGE('',*,*,#3837,.F.);
#5400=ORIENTED_EDGE('',*,*,#3849,.T.);
#5401=ORIENTED_EDGE('',*,*,#3844,.F.);
#5402=ORIENTED_EDGE('',*,*,#3849,.F.);
#5403=ORIENTED_EDGE('',*,*,#3840,.F.);
#5404=ORIENTED_EDGE('',*,*,#3847,.F.);
#5405=ORIENTED_EDGE('',*,*,#3845,.F.);
#5406=ORIENTED_EDGE('',*,*,#3850,.T.);
#5407=ORIENTED_EDGE('',*,*,#3851,.T.);
#5408=ORIENTED_EDGE('',*,*,#3834,.F.);
#5409=ORIENTED_EDGE('',*,*,#3852,.T.);
#5410=ORIENTED_EDGE('',*,*,#3853,.T.);
#5411=ORIENTED_EDGE('',*,*,#3854,.T.);
#5412=ORIENTED_EDGE('',*,*,#3838,.F.);
#5413=ORIENTED_EDGE('',*,*,#3851,.F.);
#5414=ORIENTED_EDGE('',*,*,#3855,.T.);
#5415=ORIENTED_EDGE('',*,*,#3856,.T.);
#5416=ORIENTED_EDGE('',*,*,#3841,.F.);
#5417=ORIENTED_EDGE('',*,*,#3854,.F.);
#5418=ORIENTED_EDGE('',*,*,#3831,.F.);
#5419=ORIENTED_EDGE('',*,*,#3856,.F.);
#5420=ORIENTED_EDGE('',*,*,#3857,.T.);
#5421=ORIENTED_EDGE('',*,*,#3852,.F.);
#5422=ORIENTED_EDGE('',*,*,#3855,.F.);
#5423=ORIENTED_EDGE('',*,*,#3853,.F.);
#5424=ORIENTED_EDGE('',*,*,#3850,.F.);
#5425=ORIENTED_EDGE('',*,*,#3857,.F.);
#5426=PLANE('',#6076);
#5427=PLANE('',#6091);
#5428=PLANE('',#6116);
#5429=PLANE('',#6118);
#5430=PLANE('',#6128);
#5431=PLANE('',#6129);
#5432=PLANE('',#6130);
#5433=PLANE('',#6131);
#5434=PLANE('',#6133);
#5435=PLANE('',#6134);
#5436=PLANE('',#6135);
#5437=PLANE('',#6136);
#5438=PLANE('',#6137);
#5439=PLANE('',#6162);
#5440=PLANE('',#6163);
#5441=PLANE('',#6164);
#5442=PLANE('',#6165);
#5443=PLANE('',#6166);
#5444=PLANE('',#6170);
#5445=PLANE('',#6174);
#5446=PLANE('',#6175);
#5447=PLANE('',#6176);
#5448=PLANE('',#6177);
#5449=PLANE('',#6185);
#5450=PLANE('',#6191);
#5451=PLANE('',#6197);
#5452=PLANE('',#6200);
#5453=PLANE('',#6203);
#5454=PLANE('',#6206);
#5455=PLANE('',#6209);
#5456=PLANE('',#6212);
#5457=PLANE('',#6215);
#5458=PLANE('',#6218);
#5459=PLANE('',#6221);
#5460=PLANE('',#6224);
#5461=PLANE('',#6227);
#5462=PLANE('',#6230);
#5463=PLANE('',#6233);
#5464=PLANE('',#6236);
#5465=PLANE('',#6239);
#5466=PLANE('',#6242);
#5467=PLANE('',#6243);
#5468=PLANE('',#6244);
#5469=PLANE('',#6245);
#5470=PLANE('',#6246);
#5471=PLANE('',#6247);
#5472=PLANE('',#6248);
#5473=PLANE('',#6249);
#5474=PLANE('',#6250);
#5475=PLANE('',#6251);
#5476=PLANE('',#6252);
#5477=PLANE('',#6253);
#5478=PLANE('',#6254);
#5479=PLANE('',#6255);
#5480=PLANE('',#6256);
#5481=PLANE('',#6257);
#5482=PLANE('',#6258);
#5483=PLANE('',#6259);
#5484=PLANE('',#6260);
#5485=PLANE('',#6261);
#5486=PLANE('',#6262);
#5487=PLANE('',#6263);
#5488=PLANE('',#6266);
#5489=PLANE('',#6267);
#5490=PLANE('',#6270);
#5491=PLANE('',#6271);
#5492=PLANE('',#6274);
#5493=PLANE('',#6275);
#5494=PLANE('',#6278);
#5495=PLANE('',#6279);
#5496=PLANE('',#6282);
#5497=PLANE('',#6285);
#5498=PLANE('',#6286);
#5499=PLANE('',#6289);
#5500=PLANE('',#6290);
#5501=PLANE('',#6293);
#5502=PLANE('',#6294);
#5503=PLANE('',#6295);
#5504=PLANE('',#6298);
#5505=PLANE('',#6299);
#5506=PLANE('',#6302);
#5507=PLANE('',#6307);
#5508=PLANE('',#6308);
#5509=PLANE('',#6309);
#5510=PLANE('',#6310);
#5511=PLANE('',#6311);
#5512=PLANE('',#6314);
#5513=PLANE('',#6315);
#5514=PLANE('',#6318);
#5515=PLANE('',#6319);
#5516=PLANE('',#6320);
#5517=PLANE('',#6323);
#5518=PLANE('',#6324);
#5519=PLANE('',#6327);
#5520=PLANE('',#6328);
#5521=PLANE('',#6329);
#5522=PLANE('',#6332);
#5523=PLANE('',#6333);
#5524=PLANE('',#6336);
#5525=PLANE('',#6337);
#5526=PLANE('',#6338);
#5527=PLANE('',#6341);
#5528=PLANE('',#6342);
#5529=PLANE('',#6345);
#5530=PLANE('',#6346);
#5531=PLANE('',#6347);
#5532=PLANE('',#6348);
#5533=PLANE('',#6349);
#5534=PLANE('',#6350);
#5535=PLANE('',#6351);
#5536=PLANE('',#6352);
#5537=PLANE('',#6355);
#5538=PLANE('',#6356);
#5539=PLANE('',#6359);
#5540=PLANE('',#6360);
#5541=PLANE('',#6361);
#5542=PLANE('',#6364);
#5543=PLANE('',#6365);
#5544=PLANE('',#6368);
#5545=PLANE('',#6396);
#5546=PLANE('',#6397);
#5547=PLANE('',#6398);
#5548=PLANE('',#6399);
#5549=PLANE('',#6400);
#5550=PLANE('',#6401);
#5551=PLANE('',#6402);
#5552=PLANE('',#6404);
#5553=PLANE('',#6405);
#5554=PLANE('',#6406);
#5555=PLANE('',#6407);
#5556=PLANE('',#6408);
#5557=PLANE('',#6409);
#5558=PLANE('',#6410);
#5559=PLANE('',#6411);
#5560=PLANE('',#6413);
#5561=PLANE('',#6415);
#5562=PLANE('',#6418);
#5563=PLANE('',#6419);
#5564=PLANE('',#6422);
#5565=PLANE('',#6436);
#5566=PLANE('',#6437);
#5567=PLANE('',#6438);
#5568=PLANE('',#6439);
#5569=PLANE('',#6440);
#5570=PLANE('',#6441);
#5571=PLANE('',#6442);
#5572=PLANE('',#6443);
#5573=PLANE('',#6444);
#5574=PLANE('',#6445);
#5575=PLANE('',#6446);
#5576=PLANE('',#6447);
#5577=PLANE('',#6448);
#5578=PLANE('',#6449);
#5579=PLANE('',#6450);
#5580=PLANE('',#6451);
#5581=PLANE('',#6452);
#5582=PLANE('',#6453);
#5583=PLANE('',#6454);
#5584=PLANE('',#6455);
#5585=PLANE('',#6456);
#5586=PLANE('',#6457);
#5587=PLANE('',#6458);
#5588=PLANE('',#6459);
#5589=PLANE('',#6460);
#5590=PLANE('',#6461);
#5591=PLANE('',#6462);
#5592=PLANE('',#6463);
#5593=PLANE('',#6465);
#5594=PLANE('',#6466);
#5595=PLANE('',#6467);
#5596=PLANE('',#6468);
#5597=PLANE('',#6469);
#5598=PLANE('',#6470);
#5599=PLANE('',#6471);
#5600=PLANE('',#6472);
#5601=PLANE('',#6474);
#5602=PLANE('',#6476);
#5603=PLANE('',#6479);
#5604=PLANE('',#6480);
#5605=PLANE('',#6483);
#5606=PLANE('',#6497);
#5607=PLANE('',#6498);
#5608=PLANE('',#6499);
#5609=PLANE('',#6500);
#5610=PLANE('',#6501);
#5611=PLANE('',#6502);
#5612=PLANE('',#6503);
#5613=PLANE('',#6504);
#5614=PLANE('',#6505);
#5615=PLANE('',#6506);
#5616=PLANE('',#6507);
#5617=PLANE('',#6508);
#5618=PLANE('',#6509);
#5619=PLANE('',#6510);
#5620=PLANE('',#6511);
#5621=PLANE('',#6512);
#5622=PLANE('',#6513);
#5623=PLANE('',#6514);
#5624=PLANE('',#6515);
#5625=PLANE('',#6516);
#5626=PLANE('',#6517);
#5627=PLANE('',#6518);
#5628=PLANE('',#6519);
#5629=PLANE('',#6520);
#5630=PLANE('',#6521);
#5631=PLANE('',#6522);
#5632=PLANE('',#6523);
#5633=PLANE('',#6524);
#5634=PLANE('',#6525);
#5635=PLANE('',#6526);
#5636=PLANE('',#6527);
#5637=PLANE('',#6528);
#5638=PLANE('',#6529);
#5639=PLANE('',#6530);
#5640=PLANE('',#6531);
#5641=PLANE('',#6532);
#5642=PLANE('',#6533);
#5643=PLANE('',#6534);
#5644=PLANE('',#6535);
#5645=PLANE('',#6536);
#5646=PLANE('',#6537);
#5647=PLANE('',#6538);
#5648=PLANE('',#6539);
#5649=PLANE('',#6540);
#5650=PLANE('',#6541);
#5651=PLANE('',#6542);
#5652=PLANE('',#6543);
#5653=PLANE('',#6544);
#5654=PLANE('',#6545);
#5655=PLANE('',#6546);
#5656=PLANE('',#6547);
#5657=PLANE('',#6548);
#5658=PLANE('',#6549);
#5659=PLANE('',#6550);
#5660=PLANE('',#6551);
#5661=PLANE('',#6552);
#5662=PLANE('',#6553);
#5663=PLANE('',#6554);
#5664=PLANE('',#6555);
#5665=PLANE('',#6556);
#5666=PLANE('',#6557);
#5667=PLANE('',#6558);
#5668=PLANE('',#6559);
#5669=PLANE('',#6560);
#5670=PLANE('',#6561);
#5671=PLANE('',#6562);
#5672=PLANE('',#6563);
#5673=PLANE('',#6564);
#5674=PLANE('',#6565);
#5675=PLANE('',#6566);
#5676=PLANE('',#6567);
#5677=PLANE('',#6568);
#5678=PLANE('',#6569);
#5679=PLANE('',#6570);
#5680=PLANE('',#6571);
#5681=PLANE('',#6572);
#5682=PLANE('',#6573);
#5683=ADVANCED_FACE('',(#543,#357,#358,#359,#360,#361,#362,#363,#364,#365,
#366,#367,#368,#369,#370,#371,#372,#373,#374,#375,#376,#377,#378,#379,#380),
#5426,.F.);
#5684=ADVANCED_FACE('',(#544),#5427,.T.);
#5685=ADVANCED_FACE('',(#545),#107,.F.);
#5686=ADVANCED_FACE('',(#546),#108,.F.);
#5687=ADVANCED_FACE('',(#547),#109,.F.);
#5688=ADVANCED_FACE('',(#548),#110,.F.);
#5689=ADVANCED_FACE('',(#549),#111,.F.);
#5690=ADVANCED_FACE('',(#550),#112,.F.);
#5691=ADVANCED_FACE('',(#551),#113,.F.);
#5692=ADVANCED_FACE('',(#552),#114,.F.);
#5693=ADVANCED_FACE('',(#553,#381),#5428,.T.);
#5694=ADVANCED_FACE('',(#554,#382,#383,#384,#385,#386,#387,#388,#389,#390,
#391,#392,#393,#394),#5429,.T.);
#5695=ADVANCED_FACE('',(#555),#5430,.F.);
#5696=ADVANCED_FACE('',(#556),#5431,.F.);
#5697=ADVANCED_FACE('',(#557),#5432,.F.);
#5698=ADVANCED_FACE('',(#558),#5433,.F.);
#5699=ADVANCED_FACE('',(#559),#115,.F.);
#5700=ADVANCED_FACE('',(#560),#5434,.F.);
#5701=ADVANCED_FACE('',(#561),#5435,.F.);
#5702=ADVANCED_FACE('',(#562),#5436,.F.);
#5703=ADVANCED_FACE('',(#563),#5437,.F.);
#5704=ADVANCED_FACE('',(#564),#5438,.T.);
#5705=ADVANCED_FACE('',(#565),#116,.T.);
#5706=ADVANCED_FACE('',(#566),#103,.T.);
#5707=ADVANCED_FACE('',(#567),#117,.T.);
#5708=ADVANCED_FACE('',(#568),#118,.T.);
#5709=ADVANCED_FACE('',(#569),#119,.T.);
#5710=ADVANCED_FACE('',(#570),#120,.T.);
#5711=ADVANCED_FACE('',(#571),#104,.T.);
#5712=ADVANCED_FACE('',(#572),#105,.T.);
#5713=ADVANCED_FACE('',(#573),#121,.T.);
#5714=ADVANCED_FACE('',(#574),#122,.T.);
#5715=ADVANCED_FACE('',(#575),#106,.T.);
#5716=ADVANCED_FACE('',(#576),#123,.T.);
#5717=ADVANCED_FACE('',(#577),#5439,.F.);
#5718=ADVANCED_FACE('',(#578),#5440,.F.);
#5719=ADVANCED_FACE('',(#579),#5441,.F.);
#5720=ADVANCED_FACE('',(#580),#5442,.F.);
#5721=ADVANCED_FACE('',(#581),#5443,.T.);
#5722=ADVANCED_FACE('',(#582),#124,.T.);
#5723=ADVANCED_FACE('',(#583),#5444,.T.);
#5724=ADVANCED_FACE('',(#584),#101,.T.);
#5725=ADVANCED_FACE('',(#585),#5445,.F.);
#5726=ADVANCED_FACE('',(#586),#5446,.F.);
#5727=ADVANCED_FACE('',(#587),#5447,.F.);
#5728=ADVANCED_FACE('',(#588),#5448,.F.);
#5729=ADVANCED_FACE('',(#589),#125,.F.);
#5730=ADVANCED_FACE('',(#590),#126,.T.);
#5731=ADVANCED_FACE('',(#591),#5449,.T.);
#5732=ADVANCED_FACE('',(#592),#127,.T.);
#5733=ADVANCED_FACE('',(#593,#395),#5450,.T.);
#5734=ADVANCED_FACE('',(#594),#100,.F.);
#5735=ADVANCED_FACE('',(#595),#102,.T.);
#5736=ADVANCED_FACE('',(#596),#128,.F.);
#5737=ADVANCED_FACE('',(#597,#396),#5451,.T.);
#5738=ADVANCED_FACE('',(#598),#129,.F.);
#5739=ADVANCED_FACE('',(#599,#397),#5452,.T.);
#5740=ADVANCED_FACE('',(#600),#130,.F.);
#5741=ADVANCED_FACE('',(#601,#398),#5453,.T.);
#5742=ADVANCED_FACE('',(#602),#131,.F.);
#5743=ADVANCED_FACE('',(#603,#399),#5454,.T.);
#5744=ADVANCED_FACE('',(#604),#132,.F.);
#5745=ADVANCED_FACE('',(#605,#400),#5455,.T.);
#5746=ADVANCED_FACE('',(#606),#133,.F.);
#5747=ADVANCED_FACE('',(#607,#401),#5456,.T.);
#5748=ADVANCED_FACE('',(#608),#134,.F.);
#5749=ADVANCED_FACE('',(#609,#402),#5457,.T.);
#5750=ADVANCED_FACE('',(#610),#135,.F.);
#5751=ADVANCED_FACE('',(#611,#403),#5458,.T.);
#5752=ADVANCED_FACE('',(#612),#136,.F.);
#5753=ADVANCED_FACE('',(#613,#404),#5459,.T.);
#5754=ADVANCED_FACE('',(#614),#137,.F.);
#5755=ADVANCED_FACE('',(#615,#405),#5460,.T.);
#5756=ADVANCED_FACE('',(#616),#138,.F.);
#5757=ADVANCED_FACE('',(#617,#406),#5461,.T.);
#5758=ADVANCED_FACE('',(#618),#139,.F.);
#5759=ADVANCED_FACE('',(#619,#407),#5462,.T.);
#5760=ADVANCED_FACE('',(#620),#140,.F.);
#5761=ADVANCED_FACE('',(#621,#408),#5463,.T.);
#5762=ADVANCED_FACE('',(#622),#141,.F.);
#5763=ADVANCED_FACE('',(#623,#409),#5464,.T.);
#5764=ADVANCED_FACE('',(#624),#142,.F.);
#5765=ADVANCED_FACE('',(#625,#410),#5465,.T.);
#5766=ADVANCED_FACE('',(#626),#143,.F.);
#5767=ADVANCED_FACE('',(#627,#411),#5466,.T.);
#5768=ADVANCED_FACE('',(#628),#5467,.F.);
#5769=ADVANCED_FACE('',(#629),#5468,.F.);
#5770=ADVANCED_FACE('',(#630),#5469,.F.);
#5771=ADVANCED_FACE('',(#631),#5470,.F.);
#5772=ADVANCED_FACE('',(#632),#5471,.T.);
#5773=ADVANCED_FACE('',(#633),#5472,.F.);
#5774=ADVANCED_FACE('',(#634),#5473,.F.);
#5775=ADVANCED_FACE('',(#635),#5474,.F.);
#5776=ADVANCED_FACE('',(#636),#5475,.F.);
#5777=ADVANCED_FACE('',(#637),#5476,.T.);
#5778=ADVANCED_FACE('',(#638),#5477,.F.);
#5779=ADVANCED_FACE('',(#639),#5478,.F.);
#5780=ADVANCED_FACE('',(#640),#5479,.F.);
#5781=ADVANCED_FACE('',(#641),#5480,.F.);
#5782=ADVANCED_FACE('',(#642),#5481,.T.);
#5783=ADVANCED_FACE('',(#643),#5482,.F.);
#5784=ADVANCED_FACE('',(#644),#5483,.F.);
#5785=ADVANCED_FACE('',(#645),#5484,.F.);
#5786=ADVANCED_FACE('',(#646),#5485,.F.);
#5787=ADVANCED_FACE('',(#647),#5486,.T.);
#5788=ADVANCED_FACE('',(#648),#5487,.F.);
#5789=ADVANCED_FACE('',(#649),#5488,.F.);
#5790=ADVANCED_FACE('',(#650),#5489,.F.);
#5791=ADVANCED_FACE('',(#651),#5490,.F.);
#5792=ADVANCED_FACE('',(#652),#5491,.F.);
#5793=ADVANCED_FACE('',(#653),#144,.F.);
#5794=ADVANCED_FACE('',(#654),#145,.F.);
#5795=ADVANCED_FACE('',(#655),#5492,.F.);
#5796=ADVANCED_FACE('',(#656),#5493,.F.);
#5797=ADVANCED_FACE('',(#657),#5494,.F.);
#5798=ADVANCED_FACE('',(#658),#5495,.F.);
#5799=ADVANCED_FACE('',(#659),#5496,.T.);
#5800=ADVANCED_FACE('',(#660),#146,.F.);
#5801=ADVANCED_FACE('',(#661),#147,.F.);
#5802=ADVANCED_FACE('',(#662),#5497,.F.);
#5803=ADVANCED_FACE('',(#663),#5498,.F.);
#5804=ADVANCED_FACE('',(#664),#5499,.F.);
#5805=ADVANCED_FACE('',(#665),#5500,.F.);
#5806=ADVANCED_FACE('',(#666),#5501,.T.);
#5807=ADVANCED_FACE('',(#667),#5502,.F.);
#5808=ADVANCED_FACE('',(#668),#5503,.F.);
#5809=ADVANCED_FACE('',(#669),#5504,.F.);
#5810=ADVANCED_FACE('',(#670),#5505,.F.);
#5811=ADVANCED_FACE('',(#671),#5506,.T.);
#5812=ADVANCED_FACE('',(#672),#148,.F.);
#5813=ADVANCED_FACE('',(#673),#149,.F.);
#5814=ADVANCED_FACE('',(#674),#150,.F.);
#5815=ADVANCED_FACE('',(#675),#151,.F.);
#5816=ADVANCED_FACE('',(#676),#5507,.F.);
#5817=ADVANCED_FACE('',(#677),#5508,.F.);
#5818=ADVANCED_FACE('',(#678),#5509,.T.);
#5819=ADVANCED_FACE('',(#679),#5510,.F.);
#5820=ADVANCED_FACE('',(#680),#5511,.F.);
#5821=ADVANCED_FACE('',(#681),#5512,.F.);
#5822=ADVANCED_FACE('',(#682),#5513,.F.);
#5823=ADVANCED_FACE('',(#683),#5514,.T.);
#5824=ADVANCED_FACE('',(#684),#5515,.F.);
#5825=ADVANCED_FACE('',(#685),#5516,.F.);
#5826=ADVANCED_FACE('',(#686),#5517,.F.);
#5827=ADVANCED_FACE('',(#687),#5518,.F.);
#5828=ADVANCED_FACE('',(#688),#5519,.T.);
#5829=ADVANCED_FACE('',(#689),#5520,.F.);
#5830=ADVANCED_FACE('',(#690),#5521,.F.);
#5831=ADVANCED_FACE('',(#691),#5522,.F.);
#5832=ADVANCED_FACE('',(#692),#5523,.F.);
#5833=ADVANCED_FACE('',(#693),#5524,.T.);
#5834=ADVANCED_FACE('',(#694),#5525,.F.);
#5835=ADVANCED_FACE('',(#695),#5526,.F.);
#5836=ADVANCED_FACE('',(#696),#5527,.F.);
#5837=ADVANCED_FACE('',(#697),#5528,.F.);
#5838=ADVANCED_FACE('',(#698),#5529,.T.);
#5839=ADVANCED_FACE('',(#699),#5530,.F.);
#5840=ADVANCED_FACE('',(#700),#5531,.F.);
#5841=ADVANCED_FACE('',(#701),#5532,.F.);
#5842=ADVANCED_FACE('',(#702),#5533,.F.);
#5843=ADVANCED_FACE('',(#703),#5534,.T.);
#5844=ADVANCED_FACE('',(#704),#5535,.F.);
#5845=ADVANCED_FACE('',(#705),#5536,.F.);
#5846=ADVANCED_FACE('',(#706),#5537,.F.);
#5847=ADVANCED_FACE('',(#707),#5538,.F.);
#5848=ADVANCED_FACE('',(#708),#5539,.T.);
#5849=ADVANCED_FACE('',(#709),#5540,.F.);
#5850=ADVANCED_FACE('',(#710),#5541,.F.);
#5851=ADVANCED_FACE('',(#711),#5542,.F.);
#5852=ADVANCED_FACE('',(#712),#5543,.F.);
#5853=ADVANCED_FACE('',(#713),#5544,.T.);
#5854=ADVANCED_FACE('',(#714),#152,.F.);
#5855=ADVANCED_FACE('',(#715),#153,.F.);
#5856=ADVANCED_FACE('',(#716),#154,.F.);
#5857=ADVANCED_FACE('',(#717),#155,.F.);
#5858=ADVANCED_FACE('',(#718),#156,.F.);
#5859=ADVANCED_FACE('',(#719),#157,.F.);
#5860=ADVANCED_FACE('',(#720),#158,.F.);
#5861=ADVANCED_FACE('',(#721),#159,.F.);
#5862=ADVANCED_FACE('',(#722),#160,.F.);
#5863=ADVANCED_FACE('',(#723),#161,.F.);
#5864=ADVANCED_FACE('',(#724),#162,.F.);
#5865=ADVANCED_FACE('',(#725),#163,.F.);
#5866=ADVANCED_FACE('',(#726),#5545,.T.);
#5867=ADVANCED_FACE('',(#727),#5546,.T.);
#5868=ADVANCED_FACE('',(#728),#5547,.T.);
#5869=ADVANCED_FACE('',(#729),#5548,.T.);
#5870=ADVANCED_FACE('',(#730,#412),#5549,.T.);
#5871=ADVANCED_FACE('',(#731,#413),#5550,.T.);
#5872=ADVANCED_FACE('',(#732),#5551,.T.);
#5873=ADVANCED_FACE('',(#733),#5552,.T.);
#5874=ADVANCED_FACE('',(#734),#5553,.T.);
#5875=ADVANCED_FACE('',(#735),#5554,.T.);
#5876=ADVANCED_FACE('',(#736),#5555,.T.);
#5877=ADVANCED_FACE('',(#737),#5556,.T.);
#5878=ADVANCED_FACE('',(#738),#5557,.T.);
#5879=ADVANCED_FACE('',(#739),#5558,.T.);
#5880=ADVANCED_FACE('',(#740),#5559,.T.);
#5881=ADVANCED_FACE('',(#741),#5560,.T.);
#5882=ADVANCED_FACE('',(#742),#5561,.T.);
#5883=ADVANCED_FACE('',(#743),#5562,.T.);
#5884=ADVANCED_FACE('',(#744),#5563,.T.);
#5885=ADVANCED_FACE('',(#745),#5564,.T.);
#5886=ADVANCED_FACE('',(#746),#164,.T.);
#5887=ADVANCED_FACE('',(#747),#165,.T.);
#5888=ADVANCED_FACE('',(#748),#166,.T.);
#5889=ADVANCED_FACE('',(#749),#167,.T.);
#5890=ADVANCED_FACE('',(#750),#5565,.T.);
#5891=ADVANCED_FACE('',(#751),#5566,.T.);
#5892=ADVANCED_FACE('',(#752),#5567,.T.);
#5893=ADVANCED_FACE('',(#753),#5568,.T.);
#5894=ADVANCED_FACE('',(#754),#5569,.T.);
#5895=ADVANCED_FACE('',(#755),#5570,.T.);
#5896=ADVANCED_FACE('',(#756),#5571,.T.);
#5897=ADVANCED_FACE('',(#757),#5572,.T.);
#5898=ADVANCED_FACE('',(#758),#5573,.T.);
#5899=ADVANCED_FACE('',(#759),#5574,.T.);
#5900=ADVANCED_FACE('',(#760),#5575,.T.);
#5901=ADVANCED_FACE('',(#761),#5576,.T.);
#5902=ADVANCED_FACE('',(#762),#5577,.T.);
#5903=ADVANCED_FACE('',(#763),#5578,.T.);
#5904=ADVANCED_FACE('',(#764),#5579,.T.);
#5905=ADVANCED_FACE('',(#765,#414),#5580,.T.);
#5906=ADVANCED_FACE('',(#766,#415),#5581,.T.);
#5907=ADVANCED_FACE('',(#767),#5582,.T.);
#5908=ADVANCED_FACE('',(#768),#5583,.T.);
#5909=ADVANCED_FACE('',(#769),#5584,.T.);
#5910=ADVANCED_FACE('',(#770),#5585,.T.);
#5911=ADVANCED_FACE('',(#771),#5586,.T.);
#5912=ADVANCED_FACE('',(#772),#5587,.T.);
#5913=ADVANCED_FACE('',(#773),#5588,.T.);
#5914=ADVANCED_FACE('',(#774),#5589,.T.);
#5915=ADVANCED_FACE('',(#775,#416),#5590,.T.);
#5916=ADVANCED_FACE('',(#776,#417),#5591,.T.);
#5917=ADVANCED_FACE('',(#777),#5592,.T.);
#5918=ADVANCED_FACE('',(#778),#5593,.T.);
#5919=ADVANCED_FACE('',(#779),#5594,.T.);
#5920=ADVANCED_FACE('',(#780),#5595,.T.);
#5921=ADVANCED_FACE('',(#781),#5596,.T.);
#5922=ADVANCED_FACE('',(#782),#5597,.T.);
#5923=ADVANCED_FACE('',(#783),#5598,.T.);
#5924=ADVANCED_FACE('',(#784),#5599,.T.);
#5925=ADVANCED_FACE('',(#785),#5600,.T.);
#5926=ADVANCED_FACE('',(#786),#5601,.T.);
#5927=ADVANCED_FACE('',(#787),#5602,.T.);
#5928=ADVANCED_FACE('',(#788),#5603,.T.);
#5929=ADVANCED_FACE('',(#789),#5604,.T.);
#5930=ADVANCED_FACE('',(#790),#5605,.T.);
#5931=ADVANCED_FACE('',(#791),#168,.T.);
#5932=ADVANCED_FACE('',(#792),#169,.T.);
#5933=ADVANCED_FACE('',(#793),#170,.T.);
#5934=ADVANCED_FACE('',(#794),#171,.T.);
#5935=ADVANCED_FACE('',(#795),#5606,.T.);
#5936=ADVANCED_FACE('',(#796),#5607,.T.);
#5937=ADVANCED_FACE('',(#797),#5608,.T.);
#5938=ADVANCED_FACE('',(#798),#5609,.T.);
#5939=ADVANCED_FACE('',(#799),#5610,.T.);
#5940=ADVANCED_FACE('',(#800),#5611,.T.);
#5941=ADVANCED_FACE('',(#801),#5612,.T.);
#5942=ADVANCED_FACE('',(#802),#5613,.T.);
#5943=ADVANCED_FACE('',(#803),#5614,.T.);
#5944=ADVANCED_FACE('',(#804),#5615,.T.);
#5945=ADVANCED_FACE('',(#805),#5616,.T.);
#5946=ADVANCED_FACE('',(#806),#5617,.T.);
#5947=ADVANCED_FACE('',(#807),#5618,.T.);
#5948=ADVANCED_FACE('',(#808),#5619,.T.);
#5949=ADVANCED_FACE('',(#809),#5620,.T.);
#5950=ADVANCED_FACE('',(#810,#418),#5621,.T.);
#5951=ADVANCED_FACE('',(#811,#419),#5622,.T.);
#5952=ADVANCED_FACE('',(#812),#5623,.T.);
#5953=ADVANCED_FACE('',(#813),#5624,.T.);
#5954=ADVANCED_FACE('',(#814),#5625,.T.);
#5955=ADVANCED_FACE('',(#815),#5626,.T.);
#5956=ADVANCED_FACE('',(#816),#5627,.T.);
#5957=ADVANCED_FACE('',(#817),#5628,.T.);
#5958=ADVANCED_FACE('',(#818),#5629,.T.);
#5959=ADVANCED_FACE('',(#819),#5630,.T.);
#5960=ADVANCED_FACE('',(#820),#5631,.T.);
#5961=ADVANCED_FACE('',(#821),#5632,.T.);
#5962=ADVANCED_FACE('',(#822),#5633,.T.);
#5963=ADVANCED_FACE('',(#823),#5634,.T.);
#5964=ADVANCED_FACE('',(#824),#5635,.T.);
#5965=ADVANCED_FACE('',(#825),#5636,.T.);
#5966=ADVANCED_FACE('',(#826),#5637,.T.);
#5967=ADVANCED_FACE('',(#827),#5638,.T.);
#5968=ADVANCED_FACE('',(#828),#5639,.T.);
#5969=ADVANCED_FACE('',(#829),#5640,.T.);
#5970=ADVANCED_FACE('',(#830),#5641,.T.);
#5971=ADVANCED_FACE('',(#831),#5642,.T.);
#5972=ADVANCED_FACE('',(#832),#5643,.T.);
#5973=ADVANCED_FACE('',(#833),#5644,.T.);
#5974=ADVANCED_FACE('',(#834),#5645,.T.);
#5975=ADVANCED_FACE('',(#835),#5646,.T.);
#5976=ADVANCED_FACE('',(#836),#5647,.T.);
#5977=ADVANCED_FACE('',(#837),#5648,.T.);
#5978=ADVANCED_FACE('',(#838),#5649,.T.);
#5979=ADVANCED_FACE('',(#839),#5650,.T.);
#5980=ADVANCED_FACE('',(#840),#5651,.T.);
#5981=ADVANCED_FACE('',(#841),#5652,.T.);
#5982=ADVANCED_FACE('',(#842),#5653,.T.);
#5983=ADVANCED_FACE('',(#843),#5654,.T.);
#5984=ADVANCED_FACE('',(#844),#5655,.T.);
#5985=ADVANCED_FACE('',(#845),#5656,.T.);
#5986=ADVANCED_FACE('',(#846),#5657,.T.);
#5987=ADVANCED_FACE('',(#847),#5658,.T.);
#5988=ADVANCED_FACE('',(#848),#5659,.T.);
#5989=ADVANCED_FACE('',(#849),#5660,.T.);
#5990=ADVANCED_FACE('',(#850),#5661,.T.);
#5991=ADVANCED_FACE('',(#851),#5662,.T.);
#5992=ADVANCED_FACE('',(#852),#5663,.T.);
#5993=ADVANCED_FACE('',(#853),#5664,.T.);
#5994=ADVANCED_FACE('',(#854),#5665,.T.);
#5995=ADVANCED_FACE('',(#855),#5666,.T.);
#5996=ADVANCED_FACE('',(#856),#5667,.T.);
#5997=ADVANCED_FACE('',(#857),#5668,.T.);
#5998=ADVANCED_FACE('',(#858),#5669,.T.);
#5999=ADVANCED_FACE('',(#859),#5670,.T.);
#6000=ADVANCED_FACE('',(#860),#5671,.T.);
#6001=ADVANCED_FACE('',(#861),#5672,.T.);
#6002=ADVANCED_FACE('',(#862),#5673,.T.);
#6003=ADVANCED_FACE('',(#863),#5674,.T.);
#6004=ADVANCED_FACE('',(#864),#5675,.T.);
#6005=ADVANCED_FACE('',(#865),#5676,.T.);
#6006=ADVANCED_FACE('',(#866),#5677,.T.);
#6007=ADVANCED_FACE('',(#867),#5678,.T.);
#6008=ADVANCED_FACE('',(#868),#5679,.T.);
#6009=ADVANCED_FACE('',(#869),#5680,.T.);
#6010=ADVANCED_FACE('',(#870),#5681,.T.);
#6011=ADVANCED_FACE('',(#871),#5682,.T.);
#6012=CLOSED_SHELL('',(#5683,#5684,#5685,#5686,#5687,#5688,#5689,#5690,
#5691,#5692,#5693,#5694,#5695,#5696,#5697,#5698,#5699,#5700,#5701,#5702,
#5703,#5704,#5705,#5706,#5707,#5708,#5709,#5710,#5711,#5712,#5713,#5714,
#5715,#5716,#5717,#5718,#5719,#5720,#5721,#5722,#5723,#5724,#5725,#5726,
#5727,#5728,#5729,#5730,#5731,#5732,#5733,#5734,#5735,#5736,#5737,#5738,
#5739,#5740,#5741,#5742,#5743,#5744,#5745,#5746,#5747,#5748,#5749,#5750,
#5751,#5752,#5753,#5754,#5755,#5756,#5757,#5758,#5759,#5760,#5761,#5762,
#5763,#5764,#5765,#5766,#5767,#5768,#5769,#5770,#5771,#5772,#5773,#5774,
#5775,#5776,#5777,#5778,#5779,#5780,#5781,#5782,#5783,#5784,#5785,#5786,
#5787,#5788,#5789,#5790,#5791,#5792,#5793,#5794,#5795,#5796,#5797,#5798,
#5799,#5800,#5801,#5802,#5803,#5804,#5805,#5806,#5807,#5808,#5809,#5810,
#5811,#5812,#5813,#5814,#5815,#5816,#5817,#5818,#5819,#5820,#5821,#5822,
#5823,#5824,#5825,#5826,#5827,#5828,#5829,#5830,#5831,#5832,#5833,#5834,
#5835,#5836,#5837,#5838,#5839,#5840,#5841,#5842,#5843,#5844,#5845,#5846,
#5847,#5848,#5849,#5850,#5851,#5852,#5853,#5854,#5855,#5856,#5857,#5858,
#5859,#5860,#5861,#5862,#5863,#5864,#5865));
#6013=CLOSED_SHELL('',(#5956,#5957,#5958,#5959,#5960,#5961,#5962,#5963,
#5964,#5965,#5966,#5967,#5968,#5969));
#6014=CLOSED_SHELL('',(#5970,#5971,#5972,#5973,#5974,#5975,#5976,#5977,
#5978,#5979,#5980,#5981,#5982,#5983));
#6015=CLOSED_SHELL('',(#5984,#5985,#5986,#5987,#5988,#5989,#5990,#5991,
#5992,#5993,#5994,#5995,#5996,#5997));
#6016=CLOSED_SHELL('',(#5998,#5999,#6000,#6001,#6002,#6003,#6004,#6005,
#6006,#6007,#6008,#6009,#6010,#6011));
#6017=DERIVED_UNIT_ELEMENT(#6027,1.);
#6018=DERIVED_UNIT_ELEMENT(#9939,-3.);
#6019=DERIVED_UNIT_ELEMENT(#6027,1.);
#6020=DERIVED_UNIT_ELEMENT(#9939,-3.);
#6021=DERIVED_UNIT_ELEMENT(#6027,1.);
#6022=DERIVED_UNIT_ELEMENT(#9939,-3.);
#6023=DERIVED_UNIT_ELEMENT(#6027,1.);
#6024=DERIVED_UNIT_ELEMENT(#9939,-3.);
#6025=DERIVED_UNIT_ELEMENT(#6027,1.);
#6026=DERIVED_UNIT_ELEMENT(#9939,-3.);
#6027=(
MASS_UNIT()
NAMED_UNIT(*)
SI_UNIT(.KILO.,.GRAM.)
);
#6028=DERIVED_UNIT((#6017,#6018));
#6029=DERIVED_UNIT((#6019,#6020));
#6030=DERIVED_UNIT((#6021,#6022));
#6031=DERIVED_UNIT((#6023,#6024));
#6032=DERIVED_UNIT((#6025,#6026));
#6033=MEASURE_REPRESENTATION_ITEM('density measure',
POSITIVE_RATIO_MEASURE(7850.),#6028);
#6034=MEASURE_REPRESENTATION_ITEM('density measure',
POSITIVE_RATIO_MEASURE(7850.),#6029);
#6035=MEASURE_REPRESENTATION_ITEM('density measure',
POSITIVE_RATIO_MEASURE(7850.),#6030);
#6036=MEASURE_REPRESENTATION_ITEM('density measure',
POSITIVE_RATIO_MEASURE(7850.),#6031);
#6037=MEASURE_REPRESENTATION_ITEM('density measure',
POSITIVE_RATIO_MEASURE(7850.),#6032);
#6038=PROPERTY_DEFINITION_REPRESENTATION(#6063,#6048);
#6039=PROPERTY_DEFINITION_REPRESENTATION(#6064,#6049);
#6040=PROPERTY_DEFINITION_REPRESENTATION(#6065,#6050);
#6041=PROPERTY_DEFINITION_REPRESENTATION(#6066,#6051);
#6042=PROPERTY_DEFINITION_REPRESENTATION(#6067,#6052);
#6043=PROPERTY_DEFINITION_REPRESENTATION(#6068,#6053);
#6044=PROPERTY_DEFINITION_REPRESENTATION(#6069,#6054);
#6045=PROPERTY_DEFINITION_REPRESENTATION(#6070,#6055);
#6046=PROPERTY_DEFINITION_REPRESENTATION(#6071,#6056);
#6047=PROPERTY_DEFINITION_REPRESENTATION(#6072,#6057);
#6048=REPRESENTATION('material name',(#6058),#9928);
#6049=REPRESENTATION('density',(#6033),#9928);
#6050=REPRESENTATION('material name',(#6059),#9931);
#6051=REPRESENTATION('density',(#6034),#9931);
#6052=REPRESENTATION('material name',(#6060),#9933);
#6053=REPRESENTATION('density',(#6035),#9933);
#6054=REPRESENTATION('material name',(#6061),#9935);
#6055=REPRESENTATION('density',(#6036),#9935);
#6056=REPRESENTATION('material name',(#6062),#9936);
#6057=REPRESENTATION('density',(#6037),#9936);
#6058=DESCRIPTIVE_REPRESENTATION_ITEM('A\X\E7o','A\X\E7o');
#6059=DESCRIPTIVE_REPRESENTATION_ITEM('A\X\E7o','A\X\E7o');
#6060=DESCRIPTIVE_REPRESENTATION_ITEM('A\X\E7o','A\X\E7o');
#6061=DESCRIPTIVE_REPRESENTATION_ITEM('A\X\E7o','A\X\E7o');
#6062=DESCRIPTIVE_REPRESENTATION_ITEM('A\X\E7o','A\X\E7o');
#6063=PROPERTY_DEFINITION('material property','material name',#9988);
#6064=PROPERTY_DEFINITION('material property','density of part',#9988);
#6065=PROPERTY_DEFINITION('material property','material name',#9991);
#6066=PROPERTY_DEFINITION('material property','density of part',#9991);
#6067=PROPERTY_DEFINITION('material property','material name',#9993);
#6068=PROPERTY_DEFINITION('material property','density of part',#9993);
#6069=PROPERTY_DEFINITION('material property','material name',#9995);
#6070=PROPERTY_DEFINITION('material property','density of part',#9995);
#6071=PROPERTY_DEFINITION('material property','material name',#9996);
#6072=PROPERTY_DEFINITION('material property','density of part',#9996);
#6073=AXIS2_PLACEMENT_3D('',#8226,#6577,#6578);
#6074=AXIS2_PLACEMENT_3D('',#8227,#6579,#6580);
#6075=AXIS2_PLACEMENT_3D('',#8228,#6581,#6582);
#6076=AXIS2_PLACEMENT_3D('',#8229,#6583,#6584);
#6077=AXIS2_PLACEMENT_3D('',#8242,#6590,#6591);
#6078=AXIS2_PLACEMENT_3D('',#8246,#6593,#6594);
#6079=AXIS2_PLACEMENT_3D('',#8250,#6596,#6597);
#6080=AXIS2_PLACEMENT_3D('',#8253,#6599,#6600);
#6081=AXIS2_PLACEMENT_3D('',#8255,#6601,#6602);
#6082=AXIS2_PLACEMENT_3D('',#8257,#6603,#6604);
#6083=AXIS2_PLACEMENT_3D('',#8259,#6605,#6606);
#6084=AXIS2_PLACEMENT_3D('',#8261,#6607,#6608);
#6085=AXIS2_PLACEMENT_3D('',#8263,#6609,#6610);
#6086=AXIS2_PLACEMENT_3D('',#8265,#6611,#6612);
#6087=AXIS2_PLACEMENT_3D('',#8267,#6613,#6614);
#6088=AXIS2_PLACEMENT_3D('',#8269,#6615,#6616);
#6089=AXIS2_PLACEMENT_3D('',#8271,#6617,#6618);
#6090=AXIS2_PLACEMENT_3D('',#8377,#6671,#6672);
#6091=AXIS2_PLACEMENT_3D('',#8378,#6673,#6674);
#6092=AXIS2_PLACEMENT_3D('',#8387,#6679,#6680);
#6093=AXIS2_PLACEMENT_3D('',#8389,#6681,#6682);
#6094=AXIS2_PLACEMENT_3D('',#8392,#6684,#6685);
#6095=AXIS2_PLACEMENT_3D('',#8393,#6686,#6687);
#6096=AXIS2_PLACEMENT_3D('',#8395,#6688,#6689);
#6097=AXIS2_PLACEMENT_3D('',#8398,#6691,#6692);
#6098=AXIS2_PLACEMENT_3D('',#8399,#6693,#6694);
#6099=AXIS2_PLACEMENT_3D('',#8401,#6695,#6696);
#6100=AXIS2_PLACEMENT_3D('',#8404,#6698,#6699);
#6101=AXIS2_PLACEMENT_3D('',#8405,#6700,#6701);
#6102=AXIS2_PLACEMENT_3D('',#8407,#6702,#6703);
#6103=AXIS2_PLACEMENT_3D('',#8410,#6705,#6706);
#6104=AXIS2_PLACEMENT_3D('',#8411,#6707,#6708);
#6105=AXIS2_PLACEMENT_3D('',#8413,#6709,#6710);
#6106=AXIS2_PLACEMENT_3D('',#8416,#6712,#6713);
#6107=AXIS2_PLACEMENT_3D('',#8417,#6714,#6715);
#6108=AXIS2_PLACEMENT_3D('',#8419,#6716,#6717);
#6109=AXIS2_PLACEMENT_3D('',#8422,#6719,#6720);
#6110=AXIS2_PLACEMENT_3D('',#8423,#6721,#6722);
#6111=AXIS2_PLACEMENT_3D('',#8425,#6723,#6724);
#6112=AXIS2_PLACEMENT_3D('',#8428,#6726,#6727);
#6113=AXIS2_PLACEMENT_3D('',#8429,#6728,#6729);
#6114=AXIS2_PLACEMENT_3D('',#8431,#6730,#6731);
#6115=AXIS2_PLACEMENT_3D('',#8434,#6733,#6734);
#6116=AXIS2_PLACEMENT_3D('',#8435,#6735,#6736);
#6117=AXIS2_PLACEMENT_3D('',#8445,#6741,#6742);
#6118=AXIS2_PLACEMENT_3D('',#8446,#6743,#6744);
#6119=AXIS2_PLACEMENT_3D('',#8456,#6749,#6750);
#6120=AXIS2_PLACEMENT_3D('',#8490,#6767,#6768);
#6121=AXIS2_PLACEMENT_3D('',#8492,#6769,#6770);
#6122=AXIS2_PLACEMENT_3D('',#8494,#6771,#6772);
#6123=AXIS2_PLACEMENT_3D('',#8496,#6773,#6774);
#6124=AXIS2_PLACEMENT_3D('',#8498,#6775,#6776);
#6125=AXIS2_PLACEMENT_3D('',#8500,#6777,#6778);
#6126=AXIS2_PLACEMENT_3D('',#8502,#6779,#6780);
#6127=AXIS2_PLACEMENT_3D('',#8504,#6781,#6782);
#6128=AXIS2_PLACEMENT_3D('',#8505,#6783,#6784);
#6129=AXIS2_PLACEMENT_3D('',#8508,#6787,#6788);
#6130=AXIS2_PLACEMENT_3D('',#8510,#6790,#6791);
#6131=AXIS2_PLACEMENT_3D('',#8512,#6793,#6794);
#6132=AXIS2_PLACEMENT_3D('',#8513,#6795,#6796);
#6133=AXIS2_PLACEMENT_3D('',#8515,#6798,#6799);
#6134=AXIS2_PLACEMENT_3D('',#8521,#6803,#6804);
#6135=AXIS2_PLACEMENT_3D('',#8527,#6808,#6809);
#6136=AXIS2_PLACEMENT_3D('',#8533,#6813,#6814);
#6137=AXIS2_PLACEMENT_3D('',#8539,#6818,#6819);
#6138=AXIS2_PLACEMENT_3D('',#8548,#6824,#6825);
#6139=AXIS2_PLACEMENT_3D('',#8549,#6826,#6827);
#6140=AXIS2_PLACEMENT_3D('',#8550,#6828,#6829);
#6141=AXIS2_PLACEMENT_3D('',#8551,#6830,#6831);
#6142=AXIS2_PLACEMENT_3D('',#8552,#6832,#6833);
#6143=AXIS2_PLACEMENT_3D('',#8553,#6834,#6835);
#6144=AXIS2_PLACEMENT_3D('',#8554,#6836,#6837);
#6145=AXIS2_PLACEMENT_3D('',#8555,#6838,#6839);
#6146=AXIS2_PLACEMENT_3D('',#8556,#6840,#6841);
#6147=AXIS2_PLACEMENT_3D('',#8557,#6842,#6843);
#6148=AXIS2_PLACEMENT_3D('',#8558,#6844,#6845);
#6149=AXIS2_PLACEMENT_3D('',#8559,#6846,#6847);
#6150=AXIS2_PLACEMENT_3D('',#8560,#6848,#6849);
#6151=AXIS2_PLACEMENT_3D('',#8561,#6850,#6851);
#6152=AXIS2_PLACEMENT_3D('',#8562,#6852,#6853);
#6153=AXIS2_PLACEMENT_3D('',#8563,#6854,#6855);
#6154=AXIS2_PLACEMENT_3D('',#8564,#6856,#6857);
#6155=AXIS2_PLACEMENT_3D('',#8565,#6858,#6859);
#6156=AXIS2_PLACEMENT_3D('',#8566,#6860,#6861);
#6157=AXIS2_PLACEMENT_3D('',#8567,#6862,#6863);
#6158=AXIS2_PLACEMENT_3D('',#8568,#6864,#6865);
#6159=AXIS2_PLACEMENT_3D('',#8569,#6866,#6867);
#6160=AXIS2_PLACEMENT_3D('',#8570,#6868,#6869);
#6161=AXIS2_PLACEMENT_3D('',#8571,#6870,#6871);
#6162=AXIS2_PLACEMENT_3D('',#8572,#6872,#6873);
#6163=AXIS2_PLACEMENT_3D('',#8578,#6877,#6878);
#6164=AXIS2_PLACEMENT_3D('',#8582,#6881,#6882);
#6165=AXIS2_PLACEMENT_3D('',#8586,#6885,#6886);
#6166=AXIS2_PLACEMENT_3D('',#8588,#6888,#6889);
#6167=AXIS2_PLACEMENT_3D('',#8589,#6890,#6891);
#6168=AXIS2_PLACEMENT_3D('',#8593,#6893,#6894);
#6169=AXIS2_PLACEMENT_3D('',#8594,#6895,#6896);
#6170=AXIS2_PLACEMENT_3D('',#8595,#6897,#6898);
#6171=AXIS2_PLACEMENT_3D('',#8597,#6899,#6900);
#6172=AXIS2_PLACEMENT_3D('',#8598,#6901,#6902);
#6173=AXIS2_PLACEMENT_3D('',#8599,#6903,#6904);
#6174=AXIS2_PLACEMENT_3D('',#8600,#6905,#6906);
#6175=AXIS2_PLACEMENT_3D('',#8603,#6909,#6910);
#6176=AXIS2_PLACEMENT_3D('',#8605,#6912,#6913);
#6177=AXIS2_PLACEMENT_3D('',#8607,#6915,#6916);
#6178=AXIS2_PLACEMENT_3D('',#8608,#6917,#6918);
#6179=AXIS2_PLACEMENT_3D('',#8611,#6919,#6920);
#6180=AXIS2_PLACEMENT_3D('',#8614,#6922,#6923);
#6181=AXIS2_PLACEMENT_3D('',#8615,#6924,#6925);
#6182=AXIS2_PLACEMENT_3D('',#8616,#6926,#6927);
#6183=AXIS2_PLACEMENT_3D('',#8620,#6929,#6930);
#6184=AXIS2_PLACEMENT_3D('',#8621,#6931,#6932);
#6185=AXIS2_PLACEMENT_3D('',#8622,#6933,#6934);
#6186=AXIS2_PLACEMENT_3D('',#8624,#6935,#6936);
#6187=AXIS2_PLACEMENT_3D('',#8625,#6937,#6938);
#6188=AXIS2_PLACEMENT_3D('',#8627,#6939,#6940);
#6189=AXIS2_PLACEMENT_3D('',#8631,#6942,#6943);
#6190=AXIS2_PLACEMENT_3D('',#8632,#6944,#6945);
#6191=AXIS2_PLACEMENT_3D('',#8633,#6946,#6947);
#6192=AXIS2_PLACEMENT_3D('',#8661,#6948,#6949);
#6193=AXIS2_PLACEMENT_3D('',#8662,#6950,#6951);
#6194=AXIS2_PLACEMENT_3D('',#8663,#6952,#6953);
#6195=AXIS2_PLACEMENT_3D('',#8664,#6954,#6955);
#6196=AXIS2_PLACEMENT_3D('',#8666,#6956,#6957);
#6197=AXIS2_PLACEMENT_3D('',#8668,#6959,#6960);
#6198=AXIS2_PLACEMENT_3D('',#8669,#6961,#6962);
#6199=AXIS2_PLACEMENT_3D('',#8671,#6963,#6964);
#6200=AXIS2_PLACEMENT_3D('',#8673,#6966,#6967);
#6201=AXIS2_PLACEMENT_3D('',#8674,#6968,#6969);
#6202=AXIS2_PLACEMENT_3D('',#8676,#6970,#6971);
#6203=AXIS2_PLACEMENT_3D('',#8678,#6973,#6974);
#6204=AXIS2_PLACEMENT_3D('',#8679,#6975,#6976);
#6205=AXIS2_PLACEMENT_3D('',#8681,#6977,#6978);
#6206=AXIS2_PLACEMENT_3D('',#8683,#6980,#6981);
#6207=AXIS2_PLACEMENT_3D('',#8684,#6982,#6983);
#6208=AXIS2_PLACEMENT_3D('',#8686,#6984,#6985);
#6209=AXIS2_PLACEMENT_3D('',#8688,#6987,#6988);
#6210=AXIS2_PLACEMENT_3D('',#8689,#6989,#6990);
#6211=AXIS2_PLACEMENT_3D('',#8691,#6991,#6992);
#6212=AXIS2_PLACEMENT_3D('',#8693,#6994,#6995);
#6213=AXIS2_PLACEMENT_3D('',#8694,#6996,#6997);
#6214=AXIS2_PLACEMENT_3D('',#8696,#6998,#6999);
#6215=AXIS2_PLACEMENT_3D('',#8698,#7001,#7002);
#6216=AXIS2_PLACEMENT_3D('',#8699,#7003,#7004);
#6217=AXIS2_PLACEMENT_3D('',#8701,#7005,#7006);
#6218=AXIS2_PLACEMENT_3D('',#8703,#7008,#7009);
#6219=AXIS2_PLACEMENT_3D('',#8704,#7010,#7011);
#6220=AXIS2_PLACEMENT_3D('',#8706,#7012,#7013);
#6221=AXIS2_PLACEMENT_3D('',#8708,#7015,#7016);
#6222=AXIS2_PLACEMENT_3D('',#8709,#7017,#7018);
#6223=AXIS2_PLACEMENT_3D('',#8711,#7019,#7020);
#6224=AXIS2_PLACEMENT_3D('',#8713,#7022,#7023);
#6225=AXIS2_PLACEMENT_3D('',#8714,#7024,#7025);
#6226=AXIS2_PLACEMENT_3D('',#8716,#7026,#7027);
#6227=AXIS2_PLACEMENT_3D('',#8718,#7029,#7030);
#6228=AXIS2_PLACEMENT_3D('',#8719,#7031,#7032);
#6229=AXIS2_PLACEMENT_3D('',#8721,#7033,#7034);
#6230=AXIS2_PLACEMENT_3D('',#8723,#7036,#7037);
#6231=AXIS2_PLACEMENT_3D('',#8724,#7038,#7039);
#6232=AXIS2_PLACEMENT_3D('',#8726,#7040,#7041);
#6233=AXIS2_PLACEMENT_3D('',#8728,#7043,#7044);
#6234=AXIS2_PLACEMENT_3D('',#8729,#7045,#7046);
#6235=AXIS2_PLACEMENT_3D('',#8731,#7047,#7048);
#6236=AXIS2_PLACEMENT_3D('',#8733,#7050,#7051);
#6237=AXIS2_PLACEMENT_3D('',#8734,#7052,#7053);
#6238=AXIS2_PLACEMENT_3D('',#8736,#7054,#7055);
#6239=AXIS2_PLACEMENT_3D('',#8738,#7057,#7058);
#6240=AXIS2_PLACEMENT_3D('',#8739,#7059,#7060);
#6241=AXIS2_PLACEMENT_3D('',#8741,#7061,#7062);
#6242=AXIS2_PLACEMENT_3D('',#8743,#7064,#7065);
#6243=AXIS2_PLACEMENT_3D('',#8744,#7066,#7067);
#6244=AXIS2_PLACEMENT_3D('',#8750,#7071,#7072);
#6245=AXIS2_PLACEMENT_3D('',#8754,#7075,#7076);
#6246=AXIS2_PLACEMENT_3D('',#8758,#7079,#7080);
#6247=AXIS2_PLACEMENT_3D('',#8760,#7082,#7083);
#6248=AXIS2_PLACEMENT_3D('',#8761,#7084,#7085);
#6249=AXIS2_PLACEMENT_3D('',#8767,#7089,#7090);
#6250=AXIS2_PLACEMENT_3D('',#8771,#7093,#7094);
#6251=AXIS2_PLACEMENT_3D('',#8775,#7097,#7098);
#6252=AXIS2_PLACEMENT_3D('',#8777,#7100,#7101);
#6253=AXIS2_PLACEMENT_3D('',#8778,#7102,#7103);
#6254=AXIS2_PLACEMENT_3D('',#8784,#7107,#7108);
#6255=AXIS2_PLACEMENT_3D('',#8788,#7111,#7112);
#6256=AXIS2_PLACEMENT_3D('',#8792,#7115,#7116);
#6257=AXIS2_PLACEMENT_3D('',#8794,#7118,#7119);
#6258=AXIS2_PLACEMENT_3D('',#8795,#7120,#7121);
#6259=AXIS2_PLACEMENT_3D('',#8801,#7125,#7126);
#6260=AXIS2_PLACEMENT_3D('',#8805,#7129,#7130);
#6261=AXIS2_PLACEMENT_3D('',#8809,#7133,#7134);
#6262=AXIS2_PLACEMENT_3D('',#8811,#7136,#7137);
#6263=AXIS2_PLACEMENT_3D('',#8812,#7138,#7139);
#6264=AXIS2_PLACEMENT_3D('',#8814,#7140,#7141);
#6265=AXIS2_PLACEMENT_3D('',#8821,#7145,#7146);
#6266=AXIS2_PLACEMENT_3D('',#8822,#7147,#7148);
#6267=AXIS2_PLACEMENT_3D('',#8828,#7152,#7153);
#6268=AXIS2_PLACEMENT_3D('',#8830,#7154,#7155);
#6269=AXIS2_PLACEMENT_3D('',#8834,#7158,#7159);
#6270=AXIS2_PLACEMENT_3D('',#8835,#7160,#7161);
#6271=AXIS2_PLACEMENT_3D('',#8838,#7164,#7165);
#6272=AXIS2_PLACEMENT_3D('',#8839,#7166,#7167);
#6273=AXIS2_PLACEMENT_3D('',#8840,#7168,#7169);
#6274=AXIS2_PLACEMENT_3D('',#8841,#7170,#7171);
#6275=AXIS2_PLACEMENT_3D('',#8850,#7176,#7177);
#6276=AXIS2_PLACEMENT_3D('',#8852,#7178,#7179);
#6277=AXIS2_PLACEMENT_3D('',#8856,#7182,#7183);
#6278=AXIS2_PLACEMENT_3D('',#8857,#7184,#7185);
#6279=AXIS2_PLACEMENT_3D('',#8863,#7189,#7190);
#6280=AXIS2_PLACEMENT_3D('',#8864,#7191,#7192);
#6281=AXIS2_PLACEMENT_3D('',#8866,#7194,#7195);
#6282=AXIS2_PLACEMENT_3D('',#8867,#7196,#7197);
#6283=AXIS2_PLACEMENT_3D('',#8868,#7198,#7199);
#6284=AXIS2_PLACEMENT_3D('',#8869,#7200,#7201);
#6285=AXIS2_PLACEMENT_3D('',#8870,#7202,#7203);
#6286=AXIS2_PLACEMENT_3D('',#8876,#7207,#7208);
#6287=AXIS2_PLACEMENT_3D('',#8878,#7209,#7210);
#6288=AXIS2_PLACEMENT_3D('',#8888,#7216,#7217);
#6289=AXIS2_PLACEMENT_3D('',#8889,#7218,#7219);
#6290=AXIS2_PLACEMENT_3D('',#8895,#7223,#7224);
#6291=AXIS2_PLACEMENT_3D('',#8896,#7225,#7226);
#6292=AXIS2_PLACEMENT_3D('',#8904,#7231,#7232);
#6293=AXIS2_PLACEMENT_3D('',#8905,#7233,#7234);
#6294=AXIS2_PLACEMENT_3D('',#8907,#7236,#7237);
#6295=AXIS2_PLACEMENT_3D('',#8916,#7242,#7243);
#6296=AXIS2_PLACEMENT_3D('',#8918,#7244,#7245);
#6297=AXIS2_PLACEMENT_3D('',#8922,#7248,#7249);
#6298=AXIS2_PLACEMENT_3D('',#8923,#7250,#7251);
#6299=AXIS2_PLACEMENT_3D('',#8929,#7255,#7256);
#6300=AXIS2_PLACEMENT_3D('',#8930,#7257,#7258);
#6301=AXIS2_PLACEMENT_3D('',#8932,#7260,#7261);
#6302=AXIS2_PLACEMENT_3D('',#8933,#7262,#7263);
#6303=AXIS2_PLACEMENT_3D('',#8934,#7264,#7265);
#6304=AXIS2_PLACEMENT_3D('',#8935,#7266,#7267);
#6305=AXIS2_PLACEMENT_3D('',#8936,#7268,#7269);
#6306=AXIS2_PLACEMENT_3D('',#8937,#7270,#7271);
#6307=AXIS2_PLACEMENT_3D('',#8938,#7272,#7273);
#6308=AXIS2_PLACEMENT_3D('',#8940,#7275,#7276);
#6309=AXIS2_PLACEMENT_3D('',#8942,#7278,#7279);
#6310=AXIS2_PLACEMENT_3D('',#8943,#7280,#7281);
#6311=AXIS2_PLACEMENT_3D('',#8952,#7286,#7287);
#6312=AXIS2_PLACEMENT_3D('',#8954,#7288,#7289);
#6313=AXIS2_PLACEMENT_3D('',#8958,#7292,#7293);
#6314=AXIS2_PLACEMENT_3D('',#8959,#7294,#7295);
#6315=AXIS2_PLACEMENT_3D('',#8965,#7299,#7300);
#6316=AXIS2_PLACEMENT_3D('',#8966,#7301,#7302);
#6317=AXIS2_PLACEMENT_3D('',#8968,#7304,#7305);
#6318=AXIS2_PLACEMENT_3D('',#8969,#7306,#7307);
#6319=AXIS2_PLACEMENT_3D('',#8970,#7308,#7309);
#6320=AXIS2_PLACEMENT_3D('',#8979,#7314,#7315);
#6321=AXIS2_PLACEMENT_3D('',#8981,#7316,#7317);
#6322=AXIS2_PLACEMENT_3D('',#8985,#7320,#7321);
#6323=AXIS2_PLACEMENT_3D('',#8986,#7322,#7323);
#6324=AXIS2_PLACEMENT_3D('',#8992,#7327,#7328);
#6325=AXIS2_PLACEMENT_3D('',#8993,#7329,#7330);
#6326=AXIS2_PLACEMENT_3D('',#8995,#7332,#7333);
#6327=AXIS2_PLACEMENT_3D('',#8996,#7334,#7335);
#6328=AXIS2_PLACEMENT_3D('',#8997,#7336,#7337);
#6329=AXIS2_PLACEMENT_3D('',#9006,#7342,#7343);
#6330=AXIS2_PLACEMENT_3D('',#9008,#7344,#7345);
#6331=AXIS2_PLACEMENT_3D('',#9012,#7348,#7349);
#6332=AXIS2_PLACEMENT_3D('',#9013,#7350,#7351);
#6333=AXIS2_PLACEMENT_3D('',#9019,#7355,#7356);
#6334=AXIS2_PLACEMENT_3D('',#9020,#7357,#7358);
#6335=AXIS2_PLACEMENT_3D('',#9022,#7360,#7361);
#6336=AXIS2_PLACEMENT_3D('',#9023,#7362,#7363);
#6337=AXIS2_PLACEMENT_3D('',#9024,#7364,#7365);
#6338=AXIS2_PLACEMENT_3D('',#9033,#7370,#7371);
#6339=AXIS2_PLACEMENT_3D('',#9035,#7372,#7373);
#6340=AXIS2_PLACEMENT_3D('',#9039,#7376,#7377);
#6341=AXIS2_PLACEMENT_3D('',#9040,#7378,#7379);
#6342=AXIS2_PLACEMENT_3D('',#9046,#7383,#7384);
#6343=AXIS2_PLACEMENT_3D('',#9047,#7385,#7386);
#6344=AXIS2_PLACEMENT_3D('',#9049,#7388,#7389);
#6345=AXIS2_PLACEMENT_3D('',#9050,#7390,#7391);
#6346=AXIS2_PLACEMENT_3D('',#9051,#7392,#7393);
#6347=AXIS2_PLACEMENT_3D('',#9057,#7397,#7398);
#6348=AXIS2_PLACEMENT_3D('',#9061,#7401,#7402);
#6349=AXIS2_PLACEMENT_3D('',#9065,#7405,#7406);
#6350=AXIS2_PLACEMENT_3D('',#9067,#7408,#7409);
#6351=AXIS2_PLACEMENT_3D('',#9068,#7410,#7411);
#6352=AXIS2_PLACEMENT_3D('',#9077,#7416,#7417);
#6353=AXIS2_PLACEMENT_3D('',#9079,#7418,#7419);
#6354=AXIS2_PLACEMENT_3D('',#9083,#7422,#7423);
#6355=AXIS2_PLACEMENT_3D('',#9084,#7424,#7425);
#6356=AXIS2_PLACEMENT_3D('',#9090,#7429,#7430);
#6357=AXIS2_PLACEMENT_3D('',#9091,#7431,#7432);
#6358=AXIS2_PLACEMENT_3D('',#9093,#7434,#7435);
#6359=AXIS2_PLACEMENT_3D('',#9094,#7436,#7437);
#6360=AXIS2_PLACEMENT_3D('',#9095,#7438,#7439);
#6361=AXIS2_PLACEMENT_3D('',#9104,#7444,#7445);
#6362=AXIS2_PLACEMENT_3D('',#9106,#7446,#7447);
#6363=AXIS2_PLACEMENT_3D('',#9110,#7450,#7451);
#6364=AXIS2_PLACEMENT_3D('',#9111,#7452,#7453);
#6365=AXIS2_PLACEMENT_3D('',#9117,#7457,#7458);
#6366=AXIS2_PLACEMENT_3D('',#9118,#7459,#7460);
#6367=AXIS2_PLACEMENT_3D('',#9120,#7462,#7463);
#6368=AXIS2_PLACEMENT_3D('',#9121,#7464,#7465);
#6369=AXIS2_PLACEMENT_3D('',#9122,#7466,#7467);
#6370=AXIS2_PLACEMENT_3D('',#9123,#7468,#7469);
#6371=AXIS2_PLACEMENT_3D('',#9124,#7470,#7471);
#6372=AXIS2_PLACEMENT_3D('',#9125,#7472,#7473);
#6373=AXIS2_PLACEMENT_3D('',#9126,#7474,#7475);
#6374=AXIS2_PLACEMENT_3D('',#9127,#7476,#7477);
#6375=AXIS2_PLACEMENT_3D('',#9128,#7478,#7479);
#6376=AXIS2_PLACEMENT_3D('',#9129,#7480,#7481);
#6377=AXIS2_PLACEMENT_3D('',#9130,#7482,#7483);
#6378=AXIS2_PLACEMENT_3D('',#9131,#7484,#7485);
#6379=AXIS2_PLACEMENT_3D('',#9132,#7486,#7487);
#6380=AXIS2_PLACEMENT_3D('',#9133,#7488,#7489);
#6381=AXIS2_PLACEMENT_3D('',#9134,#7490,#7491);
#6382=AXIS2_PLACEMENT_3D('',#9135,#7492,#7493);
#6383=AXIS2_PLACEMENT_3D('',#9136,#7494,#7495);
#6384=AXIS2_PLACEMENT_3D('',#9137,#7496,#7497);
#6385=AXIS2_PLACEMENT_3D('',#9138,#7498,#7499);
#6386=AXIS2_PLACEMENT_3D('',#9139,#7500,#7501);
#6387=AXIS2_PLACEMENT_3D('',#9140,#7502,#7503);
#6388=AXIS2_PLACEMENT_3D('',#9141,#7504,#7505);
#6389=AXIS2_PLACEMENT_3D('',#9142,#7506,#7507);
#6390=AXIS2_PLACEMENT_3D('',#9143,#7508,#7509);
#6391=AXIS2_PLACEMENT_3D('',#9144,#7510,#7511);
#6392=AXIS2_PLACEMENT_3D('',#9145,#7512,#7513);
#6393=AXIS2_PLACEMENT_3D('',#9146,#7514,#7515);
#6394=AXIS2_PLACEMENT_3D('',#9147,#7516,#7517);
#6395=AXIS2_PLACEMENT_3D('',#9148,#7518,#7519);
#6396=AXIS2_PLACEMENT_3D('',#9149,#7520,#7521);
#6397=AXIS2_PLACEMENT_3D('',#9158,#7526,#7527);
#6398=AXIS2_PLACEMENT_3D('',#9164,#7531,#7532);
#6399=AXIS2_PLACEMENT_3D('',#9170,#7536,#7537);
#6400=AXIS2_PLACEMENT_3D('',#9173,#7540,#7541);
#6401=AXIS2_PLACEMENT_3D('',#9182,#7546,#7547);
#6402=AXIS2_PLACEMENT_3D('',#9191,#7552,#7553);
#6403=AXIS2_PLACEMENT_3D('',#9194,#7554,#7555);
#6404=AXIS2_PLACEMENT_3D('',#9202,#7560,#7561);
#6405=AXIS2_PLACEMENT_3D('',#9217,#7570,#7571);
#6406=AXIS2_PLACEMENT_3D('',#9221,#7574,#7575);
#6407=AXIS2_PLACEMENT_3D('',#9225,#7578,#7579);
#6408=AXIS2_PLACEMENT_3D('',#9229,#7582,#7583);
#6409=AXIS2_PLACEMENT_3D('',#9233,#7586,#7587);
#6410=AXIS2_PLACEMENT_3D('',#9243,#7593,#7594);
#6411=AXIS2_PLACEMENT_3D('',#9247,#7597,#7598);
#6412=AXIS2_PLACEMENT_3D('',#9252,#7601,#7602);
#6413=AXIS2_PLACEMENT_3D('',#9253,#7603,#7604);
#6414=AXIS2_PLACEMENT_3D('',#9256,#7605,#7606);
#6415=AXIS2_PLACEMENT_3D('',#9261,#7610,#7611);
#6416=AXIS2_PLACEMENT_3D('',#9262,#7612,#7613);
#6417=AXIS2_PLACEMENT_3D('',#9264,#7615,#7616);
#6418=AXIS2_PLACEMENT_3D('',#9265,#7617,#7618);
#6419=AXIS2_PLACEMENT_3D('',#9269,#7621,#7622);
#6420=AXIS2_PLACEMENT_3D('',#9270,#7623,#7624);
#6421=AXIS2_PLACEMENT_3D('',#9275,#7627,#7628);
#6422=AXIS2_PLACEMENT_3D('',#9276,#7629,#7630);
#6423=AXIS2_PLACEMENT_3D('',#9278,#7632,#7633);
#6424=AXIS2_PLACEMENT_3D('',#9279,#7634,#7635);
#6425=AXIS2_PLACEMENT_3D('',#9280,#7636,#7637);
#6426=AXIS2_PLACEMENT_3D('',#9281,#7638,#7639);
#6427=AXIS2_PLACEMENT_3D('',#9284,#7640,#7641);
#6428=AXIS2_PLACEMENT_3D('',#9288,#7643,#7644);
#6429=AXIS2_PLACEMENT_3D('',#9290,#7645,#7646);
#6430=AXIS2_PLACEMENT_3D('',#9293,#7648,#7649);
#6431=AXIS2_PLACEMENT_3D('',#9294,#7650,#7651);
#6432=AXIS2_PLACEMENT_3D('',#9297,#7652,#7653);
#6433=AXIS2_PLACEMENT_3D('',#9299,#7654,#7655);
#6434=AXIS2_PLACEMENT_3D('',#9303,#7657,#7658);
#6435=AXIS2_PLACEMENT_3D('',#9305,#7659,#7660);
#6436=AXIS2_PLACEMENT_3D('',#9307,#7662,#7663);
#6437=AXIS2_PLACEMENT_3D('',#9315,#7668,#7669);
#6438=AXIS2_PLACEMENT_3D('',#9320,#7673,#7674);
#6439=AXIS2_PLACEMENT_3D('',#9328,#7679,#7680);
#6440=AXIS2_PLACEMENT_3D('',#9335,#7685,#7686);
#6441=AXIS2_PLACEMENT_3D('',#9339,#7689,#7690);
#6442=AXIS2_PLACEMENT_3D('',#9345,#7694,#7695);
#6443=AXIS2_PLACEMENT_3D('',#9353,#7700,#7701);
#6444=AXIS2_PLACEMENT_3D('',#9357,#7704,#7705);
#6445=AXIS2_PLACEMENT_3D('',#9368,#7712,#7713);
#6446=AXIS2_PLACEMENT_3D('',#9372,#7716,#7717);
#6447=AXIS2_PLACEMENT_3D('',#9376,#7720,#7721);
#6448=AXIS2_PLACEMENT_3D('',#9380,#7724,#7725);
#6449=AXIS2_PLACEMENT_3D('',#9384,#7728,#7729);
#6450=AXIS2_PLACEMENT_3D('',#9387,#7732,#7733);
#6451=AXIS2_PLACEMENT_3D('',#9388,#7734,#7735);
#6452=AXIS2_PLACEMENT_3D('',#9397,#7740,#7741);
#6453=AXIS2_PLACEMENT_3D('',#9406,#7746,#7747);
#6454=AXIS2_PLACEMENT_3D('',#9409,#7750,#7751);
#6455=AXIS2_PLACEMENT_3D('',#9411,#7753,#7754);
#6456=AXIS2_PLACEMENT_3D('',#9413,#7756,#7757);
#6457=AXIS2_PLACEMENT_3D('',#9414,#7758,#7759);
#6458=AXIS2_PLACEMENT_3D('',#9423,#7764,#7765);
#6459=AXIS2_PLACEMENT_3D('',#9429,#7769,#7770);
#6460=AXIS2_PLACEMENT_3D('',#9435,#7774,#7775);
#6461=AXIS2_PLACEMENT_3D('',#9438,#7778,#7779);
#6462=AXIS2_PLACEMENT_3D('',#9447,#7784,#7785);
#6463=AXIS2_PLACEMENT_3D('',#9456,#7790,#7791);
#6464=AXIS2_PLACEMENT_3D('',#9459,#7792,#7793);
#6465=AXIS2_PLACEMENT_3D('',#9467,#7798,#7799);
#6466=AXIS2_PLACEMENT_3D('',#9482,#7808,#7809);
#6467=AXIS2_PLACEMENT_3D('',#9486,#7812,#7813);
#6468=AXIS2_PLACEMENT_3D('',#9490,#7816,#7817);
#6469=AXIS2_PLACEMENT_3D('',#9494,#7820,#7821);
#6470=AXIS2_PLACEMENT_3D('',#9498,#7824,#7825);
#6471=AXIS2_PLACEMENT_3D('',#9508,#7831,#7832);
#6472=AXIS2_PLACEMENT_3D('',#9512,#7835,#7836);
#6473=AXIS2_PLACEMENT_3D('',#9517,#7839,#7840);
#6474=AXIS2_PLACEMENT_3D('',#9518,#7841,#7842);
#6475=AXIS2_PLACEMENT_3D('',#9521,#7843,#7844);
#6476=AXIS2_PLACEMENT_3D('',#9526,#7848,#7849);
#6477=AXIS2_PLACEMENT_3D('',#9527,#7850,#7851);
#6478=AXIS2_PLACEMENT_3D('',#9529,#7853,#7854);
#6479=AXIS2_PLACEMENT_3D('',#9530,#7855,#7856);
#6480=AXIS2_PLACEMENT_3D('',#9534,#7859,#7860);
#6481=AXIS2_PLACEMENT_3D('',#9535,#7861,#7862);
#6482=AXIS2_PLACEMENT_3D('',#9540,#7865,#7866);
#6483=AXIS2_PLACEMENT_3D('',#9541,#7867,#7868);
#6484=AXIS2_PLACEMENT_3D('',#9543,#7870,#7871);
#6485=AXIS2_PLACEMENT_3D('',#9544,#7872,#7873);
#6486=AXIS2_PLACEMENT_3D('',#9545,#7874,#7875);
#6487=AXIS2_PLACEMENT_3D('',#9546,#7876,#7877);
#6488=AXIS2_PLACEMENT_3D('',#9549,#7878,#7879);
#6489=AXIS2_PLACEMENT_3D('',#9553,#7881,#7882);
#6490=AXIS2_PLACEMENT_3D('',#9555,#7883,#7884);
#6491=AXIS2_PLACEMENT_3D('',#9558,#7886,#7887);
#6492=AXIS2_PLACEMENT_3D('',#9559,#7888,#7889);
#6493=AXIS2_PLACEMENT_3D('',#9562,#7890,#7891);
#6494=AXIS2_PLACEMENT_3D('',#9564,#7892,#7893);
#6495=AXIS2_PLACEMENT_3D('',#9568,#7895,#7896);
#6496=AXIS2_PLACEMENT_3D('',#9570,#7897,#7898);
#6497=AXIS2_PLACEMENT_3D('',#9572,#7900,#7901);
#6498=AXIS2_PLACEMENT_3D('',#9580,#7906,#7907);
#6499=AXIS2_PLACEMENT_3D('',#9585,#7911,#7912);
#6500=AXIS2_PLACEMENT_3D('',#9593,#7917,#7918);
#6501=AXIS2_PLACEMENT_3D('',#9600,#7923,#7924);
#6502=AXIS2_PLACEMENT_3D('',#9604,#7927,#7928);
#6503=AXIS2_PLACEMENT_3D('',#9608,#7931,#7932);
#6504=AXIS2_PLACEMENT_3D('',#9612,#7935,#7936);
#6505=AXIS2_PLACEMENT_3D('',#9620,#7941,#7942);
#6506=AXIS2_PLACEMENT_3D('',#9630,#7948,#7949);
#6507=AXIS2_PLACEMENT_3D('',#9634,#7952,#7953);
#6508=AXIS2_PLACEMENT_3D('',#9638,#7956,#7957);
#6509=AXIS2_PLACEMENT_3D('',#9642,#7960,#7961);
#6510=AXIS2_PLACEMENT_3D('',#9646,#7964,#7965);
#6511=AXIS2_PLACEMENT_3D('',#9651,#7969,#7970);
#6512=AXIS2_PLACEMENT_3D('',#9653,#7972,#7973);
#6513=AXIS2_PLACEMENT_3D('',#9662,#7978,#7979);
#6514=AXIS2_PLACEMENT_3D('',#9671,#7984,#7985);
#6515=AXIS2_PLACEMENT_3D('',#9674,#7988,#7989);
#6516=AXIS2_PLACEMENT_3D('',#9676,#7991,#7992);
#6517=AXIS2_PLACEMENT_3D('',#9678,#7994,#7995);
#6518=AXIS2_PLACEMENT_3D('',#9679,#7996,#7997);
#6519=AXIS2_PLACEMENT_3D('',#9688,#8002,#8003);
#6520=AXIS2_PLACEMENT_3D('',#9694,#8007,#8008);
#6521=AXIS2_PLACEMENT_3D('',#9698,#8011,#8012);
#6522=AXIS2_PLACEMENT_3D('',#9702,#8015,#8016);
#6523=AXIS2_PLACEMENT_3D('',#9704,#8018,#8019);
#6524=AXIS2_PLACEMENT_3D('',#9713,#8024,#8025);
#6525=AXIS2_PLACEMENT_3D('',#9719,#8029,#8030);
#6526=AXIS2_PLACEMENT_3D('',#9725,#8034,#8035);
#6527=AXIS2_PLACEMENT_3D('',#9728,#8038,#8039);
#6528=AXIS2_PLACEMENT_3D('',#9729,#8040,#8041);
#6529=AXIS2_PLACEMENT_3D('',#9732,#8044,#8045);
#6530=AXIS2_PLACEMENT_3D('',#9734,#8047,#8048);
#6531=AXIS2_PLACEMENT_3D('',#9736,#8050,#8051);
#6532=AXIS2_PLACEMENT_3D('',#9737,#8052,#8053);
#6533=AXIS2_PLACEMENT_3D('',#9746,#8058,#8059);
#6534=AXIS2_PLACEMENT_3D('',#9752,#8063,#8064);
#6535=AXIS2_PLACEMENT_3D('',#9756,#8067,#8068);
#6536=AXIS2_PLACEMENT_3D('',#9760,#8071,#8072);
#6537=AXIS2_PLACEMENT_3D('',#9762,#8074,#8075);
#6538=AXIS2_PLACEMENT_3D('',#9771,#8080,#8081);
#6539=AXIS2_PLACEMENT_3D('',#9777,#8085,#8086);
#6540=AXIS2_PLACEMENT_3D('',#9783,#8090,#8091);
#6541=AXIS2_PLACEMENT_3D('',#9786,#8094,#8095);
#6542=AXIS2_PLACEMENT_3D('',#9787,#8096,#8097);
#6543=AXIS2_PLACEMENT_3D('',#9790,#8100,#8101);
#6544=AXIS2_PLACEMENT_3D('',#9792,#8103,#8104);
#6545=AXIS2_PLACEMENT_3D('',#9794,#8106,#8107);
#6546=AXIS2_PLACEMENT_3D('',#9795,#8108,#8109);
#6547=AXIS2_PLACEMENT_3D('',#9804,#8114,#8115);
#6548=AXIS2_PLACEMENT_3D('',#9810,#8119,#8120);
#6549=AXIS2_PLACEMENT_3D('',#9814,#8123,#8124);
#6550=AXIS2_PLACEMENT_3D('',#9818,#8127,#8128);
#6551=AXIS2_PLACEMENT_3D('',#9820,#8130,#8131);
#6552=AXIS2_PLACEMENT_3D('',#9829,#8136,#8137);
#6553=AXIS2_PLACEMENT_3D('',#9835,#8141,#8142);
#6554=AXIS2_PLACEMENT_3D('',#9841,#8146,#8147);
#6555=AXIS2_PLACEMENT_3D('',#9844,#8150,#8151);
#6556=AXIS2_PLACEMENT_3D('',#9845,#8152,#8153);
#6557=AXIS2_PLACEMENT_3D('',#9848,#8156,#8157);
#6558=AXIS2_PLACEMENT_3D('',#9850,#8159,#8160);
#6559=AXIS2_PLACEMENT_3D('',#9852,#8162,#8163);
#6560=AXIS2_PLACEMENT_3D('',#9853,#8164,#8165);
#6561=AXIS2_PLACEMENT_3D('',#9862,#8170,#8171);
#6562=AXIS2_PLACEMENT_3D('',#9868,#8175,#8176);
#6563=AXIS2_PLACEMENT_3D('',#9874,#8180,#8181);
#6564=AXIS2_PLACEMENT_3D('',#9877,#8184,#8185);
#6565=AXIS2_PLACEMENT_3D('',#9886,#8190,#8191);
#6566=AXIS2_PLACEMENT_3D('',#9889,#8194,#8195);
#6567=AXIS2_PLACEMENT_3D('',#9891,#8197,#8198);
#6568=AXIS2_PLACEMENT_3D('',#9893,#8200,#8201);
#6569=AXIS2_PLACEMENT_3D('',#9894,#8202,#8203);
#6570=AXIS2_PLACEMENT_3D('',#9900,#8207,#8208);
#6571=AXIS2_PLACEMENT_3D('',#9904,#8211,#8212);
#6572=AXIS2_PLACEMENT_3D('',#9908,#8215,#8216);
#6573=AXIS2_PLACEMENT_3D('',#9910,#8218,#8219);
#6574=AXIS2_PLACEMENT_3D('',#9911,#8220,#8221);
#6575=AXIS2_PLACEMENT_3D('',#9912,#8222,#8223);
#6576=AXIS2_PLACEMENT_3D('',#9913,#8224,#8225);
#6577=DIRECTION('axis',(0.,0.,1.));
#6578=DIRECTION('refdir',(1.,0.,0.));
#6579=DIRECTION('axis',(0.,0.,1.));
#6580=DIRECTION('refdir',(1.,0.,0.));
#6581=DIRECTION('axis',(0.,0.,1.));
#6582=DIRECTION('refdir',(1.,0.,0.));
#6583=DIRECTION('center_axis',(9.36772324949952E-31,-9.95799250103014E-17,
-1.));
#6584=DIRECTION('ref_axis',(-6.5207278538521E-32,1.,-9.95799250103014E-17));
#6585=DIRECTION('',(6.5207278538521E-32,-1.,9.95799250103014E-17));
#6586=DIRECTION('',(1.,6.5207278538521E-32,9.36772324949951E-31));
#6587=DIRECTION('',(-6.5207278538521E-32,1.,-9.95799250103014E-17));
#6588=DIRECTION('',(-1.,-6.5207278538521E-32,-9.36772324949951E-31));
#6589=DIRECTION('',(1.45127192761458E-16,-1.,9.95799250103014E-17));
#6590=DIRECTION('center_axis',(9.36772324949952E-31,-9.95799250103014E-17,
-1.));
#6591=DIRECTION('ref_axis',(-6.5207278538521E-32,1.,-9.95799250103014E-17));
#6592=DIRECTION('',(-1.,-6.5207278538521E-32,-9.36772324949952E-31));
#6593=DIRECTION('center_axis',(9.36772324949952E-31,-9.95799250103014E-17,
-1.));
#6594=DIRECTION('ref_axis',(-6.5207278538521E-32,1.,-9.95799250103014E-17));
#6595=DIRECTION('',(-6.52072785385209E-32,1.,-9.95799250103014E-17));
#6596=DIRECTION('center_axis',(9.36772324949952E-31,-9.95799250103014E-17,
-1.));
#6597=DIRECTION('ref_axis',(-6.5207278538521E-32,1.,-9.95799250103014E-17));
#6598=DIRECTION('',(1.,6.5207278538521E-32,9.36772324949952E-31));
#6599=DIRECTION('center_axis',(9.36772324949952E-31,-9.95799250103014E-17,
-1.));
#6600=DIRECTION('ref_axis',(-6.5207278538521E-32,1.,-9.95799250103014E-17));
#6601=DIRECTION('center_axis',(9.36772324949952E-31,-9.95799250103014E-17,
-1.));
#6602=DIRECTION('ref_axis',(-6.5207278538521E-32,1.,-9.95799250103014E-17));
#6603=DIRECTION('center_axis',(-9.36772324949952E-31,9.95799250103014E-17,
1.));
#6604=DIRECTION('ref_axis',(6.5207278538521E-32,-1.,9.95799250103014E-17));
#6605=DIRECTION('center_axis',(-9.36772324949952E-31,9.95799250103014E-17,
1.));
#6606=DIRECTION('ref_axis',(6.5207278538521E-32,-1.,9.95799250103014E-17));
#6607=DIRECTION('center_axis',(-9.36772324949952E-31,9.95799250103014E-17,
1.));
#6608=DIRECTION('ref_axis',(6.5207278538521E-32,-1.,9.95799250103014E-17));
#6609=DIRECTION('center_axis',(-9.36772324949952E-31,9.95799250103014E-17,
1.));
#6610=DIRECTION('ref_axis',(6.5207278538521E-32,-1.,9.95799250103014E-17));
#6611=DIRECTION('center_axis',(-9.36772324949952E-31,9.95799250103014E-17,
1.));
#6612=DIRECTION('ref_axis',(6.5207278538521E-32,-1.,9.95799250103014E-17));
#6613=DIRECTION('center_axis',(-9.36772324949952E-31,9.95799250103014E-17,
1.));
#6614=DIRECTION('ref_axis',(6.5207278538521E-32,-1.,9.95799250103014E-17));
#6615=DIRECTION('center_axis',(-9.36772324949952E-31,9.95799250103014E-17,
1.));
#6616=DIRECTION('ref_axis',(6.5207278538521E-32,-1.,9.95799250103014E-17));
#6617=DIRECTION('center_axis',(-9.36772324949952E-31,9.95799250103014E-17,
1.));
#6618=DIRECTION('ref_axis',(6.5207278538521E-32,-1.,9.95799250103014E-17));
#6619=DIRECTION('',(6.5207278538521E-32,-1.,9.95799250103014E-17));
#6620=DIRECTION('',(-1.,-6.52072785385211E-32,-9.36772324949952E-31));
#6621=DIRECTION('',(-6.5207278538521E-32,1.,-9.95799250103014E-17));
#6622=DIRECTION('',(1.,6.52072785385211E-32,9.36772324949952E-31));
#6623=DIRECTION('',(-1.,-6.52072785385211E-32,-9.36772324949952E-31));
#6624=DIRECTION('',(-6.5207278538521E-32,1.,-9.95799250103014E-17));
#6625=DIRECTION('',(1.,6.52072785385211E-32,9.36772324949952E-31));
#6626=DIRECTION('',(6.5207278538521E-32,-1.,9.95799250103014E-17));
#6627=DIRECTION('',(-1.,-6.52072785385211E-32,-9.36772324949952E-31));
#6628=DIRECTION('',(-6.5207278538521E-32,1.,-9.95799250103014E-17));
#6629=DIRECTION('',(1.,6.52072785385211E-32,9.36772324949952E-31));
#6630=DIRECTION('',(6.5207278538521E-32,-1.,9.95799250103014E-17));
#6631=DIRECTION('',(-1.,-6.52072785385211E-32,-9.36772324949952E-31));
#6632=DIRECTION('',(-6.5207278538521E-32,1.,-9.95799250103014E-17));
#6633=DIRECTION('',(1.,6.52072785385211E-32,9.36772324949952E-31));
#6634=DIRECTION('',(6.5207278538521E-32,-1.,9.95799250103014E-17));
#6635=DIRECTION('',(6.5207278538521E-32,-1.,9.95799250103014E-17));
#6636=DIRECTION('',(-1.,-6.52072785385211E-32,-9.36772324949952E-31));
#6637=DIRECTION('',(-6.5207278538521E-32,1.,-9.95799250103014E-17));
#6638=DIRECTION('',(1.,6.52072785385211E-32,9.36772324949952E-31));
#6639=DIRECTION('',(-1.,-6.52072785385211E-32,-9.36772324949952E-31));
#6640=DIRECTION('',(-6.5207278538521E-32,1.,-9.95799250103014E-17));
#6641=DIRECTION('',(1.,6.52072785385211E-32,9.36772324949952E-31));
#6642=DIRECTION('',(6.5207278538521E-32,-1.,9.95799250103014E-17));
#6643=DIRECTION('',(-1.,-6.52072785385211E-32,-9.36772324949952E-31));
#6644=DIRECTION('',(-6.5207278538521E-32,1.,-9.95799250103014E-17));
#6645=DIRECTION('',(1.,6.52072785385211E-32,9.36772324949952E-31));
#6646=DIRECTION('',(6.5207278538521E-32,-1.,9.95799250103014E-17));
#6647=DIRECTION('',(-1.,-6.52072785385211E-32,-9.36772324949952E-31));
#6648=DIRECTION('',(-6.5207278538521E-32,1.,-9.95799250103014E-17));
#6649=DIRECTION('',(1.,6.52072785385211E-32,9.36772324949952E-31));
#6650=DIRECTION('',(6.5207278538521E-32,-1.,9.95799250103014E-17));
#6651=DIRECTION('',(-1.,-6.52072785385211E-32,-9.36772324949952E-31));
#6652=DIRECTION('',(-6.5207278538521E-32,1.,-9.95799250103014E-17));
#6653=DIRECTION('',(1.,6.52072785385211E-32,9.36772324949952E-31));
#6654=DIRECTION('',(6.5207278538521E-32,-1.,9.95799250103014E-17));
#6655=DIRECTION('',(-1.,-6.52072785385211E-32,-9.36772324949952E-31));
#6656=DIRECTION('',(-6.5207278538521E-32,1.,-9.95799250103014E-17));
#6657=DIRECTION('',(1.,6.52072785385211E-32,9.36772324949952E-31));
#6658=DIRECTION('',(6.5207278538521E-32,-1.,9.95799250103014E-17));
#6659=DIRECTION('',(-1.,-6.52072785385211E-32,-9.36772324949952E-31));
#6660=DIRECTION('',(-6.5207278538521E-32,1.,-9.95799250103014E-17));
#6661=DIRECTION('',(1.,6.52072785385211E-32,9.36772324949952E-31));
#6662=DIRECTION('',(6.5207278538521E-32,-1.,9.95799250103014E-17));
#6663=DIRECTION('',(2.05596856412066E-16,-1.,9.95799250103014E-17));
#6664=DIRECTION('',(-1.,-6.52072785385211E-32,-9.36772324949952E-31));
#6665=DIRECTION('',(-6.52072785385209E-32,1.,-9.95799250103014E-17));
#6666=DIRECTION('',(1.,6.52072785385211E-32,9.36772324949952E-31));
#6667=DIRECTION('',(6.5207278538521E-32,-1.,9.95799250103013E-17));
#6668=DIRECTION('',(-1.,-6.52072785385211E-32,-9.36772324949952E-31));
#6669=DIRECTION('',(-6.5207278538521E-32,1.,-9.95799250103013E-17));
#6670=DIRECTION('',(1.,6.52072785385211E-32,9.36772324949952E-31));
#6671=DIRECTION('center_axis',(-9.36772324949952E-31,9.95799250103014E-17,
1.));
#6672=DIRECTION('ref_axis',(6.5207278538521E-32,-1.,9.95799250103014E-17));
#6673=DIRECTION('center_axis',(-9.36772324949952E-31,9.95799250103014E-17,
1.));
#6674=DIRECTION('ref_axis',(6.5207278538521E-32,-1.,9.95799250103014E-17));
#6675=DIRECTION('',(6.5207278538521E-32,-1.,9.95799250103014E-17));
#6676=DIRECTION('',(-1.,-6.52072785385211E-32,-9.36772324949952E-31));
#6677=DIRECTION('',(6.5207278538521E-32,-1.,9.95799250103014E-17));
#6678=DIRECTION('',(1.,6.52072785385211E-32,9.36772324949952E-31));
#6679=DIRECTION('center_axis',(9.36772324949952E-31,-9.95799250103014E-17,
-1.));
#6680=DIRECTION('ref_axis',(-6.52072785385209E-32,1.,-9.95799250103013E-17));
#6681=DIRECTION('center_axis',(-9.36772324949952E-31,9.95799250103014E-17,
1.));
#6682=DIRECTION('ref_axis',(6.52072785385209E-32,-1.,9.95799250103013E-17));
#6683=DIRECTION('',(9.36772324949952E-31,-9.95799250103014E-17,-1.));
#6684=DIRECTION('center_axis',(9.36772324949952E-31,-9.95799250103014E-17,
-1.));
#6685=DIRECTION('ref_axis',(-6.52072785385209E-32,1.,-9.95799250103013E-17));
#6686=DIRECTION('center_axis',(9.36772324949952E-31,-9.95799250103014E-17,
-1.));
#6687=DIRECTION('ref_axis',(-6.52072785385209E-32,1.,-9.95799250103013E-17));
#6688=DIRECTION('center_axis',(-9.36772324949952E-31,9.95799250103014E-17,
1.));
#6689=DIRECTION('ref_axis',(6.52072785385209E-32,-1.,9.95799250103013E-17));
#6690=DIRECTION('',(9.36772324949952E-31,-9.95799250103014E-17,-1.));
#6691=DIRECTION('center_axis',(9.36772324949952E-31,-9.95799250103014E-17,
-1.));
#6692=DIRECTION('ref_axis',(-6.52072785385209E-32,1.,-9.95799250103013E-17));
#6693=DIRECTION('center_axis',(9.36772324949952E-31,-9.95799250103014E-17,
-1.));
#6694=DIRECTION('ref_axis',(-6.52072785385209E-32,1.,-9.95799250103013E-17));
#6695=DIRECTION('center_axis',(-9.36772324949952E-31,9.95799250103014E-17,
1.));
#6696=DIRECTION('ref_axis',(6.52072785385209E-32,-1.,9.95799250103013E-17));
#6697=DIRECTION('',(9.36772324949952E-31,-9.95799250103014E-17,-1.));
#6698=DIRECTION('center_axis',(9.36772324949952E-31,-9.95799250103014E-17,
-1.));
#6699=DIRECTION('ref_axis',(-6.52072785385209E-32,1.,-9.95799250103013E-17));
#6700=DIRECTION('center_axis',(9.36772324949952E-31,-9.95799250103014E-17,
-1.));
#6701=DIRECTION('ref_axis',(-6.52072785385209E-32,1.,-9.95799250103013E-17));
#6702=DIRECTION('center_axis',(-9.36772324949952E-31,9.95799250103014E-17,
1.));
#6703=DIRECTION('ref_axis',(6.52072785385209E-32,-1.,9.95799250103013E-17));
#6704=DIRECTION('',(9.36772324949952E-31,-9.95799250103014E-17,-1.));
#6705=DIRECTION('center_axis',(9.36772324949952E-31,-9.95799250103014E-17,
-1.));
#6706=DIRECTION('ref_axis',(-6.52072785385209E-32,1.,-9.95799250103013E-17));
#6707=DIRECTION('center_axis',(9.36772324949952E-31,-9.95799250103014E-17,
-1.));
#6708=DIRECTION('ref_axis',(-6.5207278538521E-32,1.,-9.95799250103014E-17));
#6709=DIRECTION('center_axis',(-9.36772324949952E-31,9.95799250103014E-17,
1.));
#6710=DIRECTION('ref_axis',(6.5207278538521E-32,-1.,9.95799250103014E-17));
#6711=DIRECTION('',(9.36772324949952E-31,-9.95799250103014E-17,-1.));
#6712=DIRECTION('center_axis',(9.36772324949952E-31,-9.95799250103014E-17,
-1.));
#6713=DIRECTION('ref_axis',(-6.5207278538521E-32,1.,-9.95799250103014E-17));
#6714=DIRECTION('center_axis',(9.36772324949952E-31,-9.95799250103014E-17,
-1.));
#6715=DIRECTION('ref_axis',(-6.5207278538521E-32,1.,-9.95799250103014E-17));
#6716=DIRECTION('center_axis',(-9.36772324949952E-31,9.95799250103014E-17,
1.));
#6717=DIRECTION('ref_axis',(6.5207278538521E-32,-1.,9.95799250103014E-17));
#6718=DIRECTION('',(9.36772324949952E-31,-9.95799250103014E-17,-1.));
#6719=DIRECTION('center_axis',(9.36772324949952E-31,-9.95799250103014E-17,
-1.));
#6720=DIRECTION('ref_axis',(-6.5207278538521E-32,1.,-9.95799250103014E-17));
#6721=DIRECTION('center_axis',(9.36772324949952E-31,-9.95799250103014E-17,
-1.));
#6722=DIRECTION('ref_axis',(-6.5207278538521E-32,1.,-9.95799250103014E-17));
#6723=DIRECTION('center_axis',(-9.36772324949952E-31,9.95799250103014E-17,
1.));
#6724=DIRECTION('ref_axis',(6.5207278538521E-32,-1.,9.95799250103014E-17));
#6725=DIRECTION('',(9.36772324949952E-31,-9.95799250103014E-17,-1.));
#6726=DIRECTION('center_axis',(9.36772324949952E-31,-9.95799250103014E-17,
-1.));
#6727=DIRECTION('ref_axis',(-6.5207278538521E-32,1.,-9.95799250103014E-17));
#6728=DIRECTION('center_axis',(9.36772324949952E-31,-9.95799250103014E-17,
-1.));
#6729=DIRECTION('ref_axis',(-6.5207278538521E-32,1.,-9.95799250103014E-17));
#6730=DIRECTION('center_axis',(-9.36772324949952E-31,9.95799250103014E-17,
1.));
#6731=DIRECTION('ref_axis',(6.5207278538521E-32,-1.,9.95799250103014E-17));
#6732=DIRECTION('',(9.36772324949952E-31,-9.95799250103014E-17,-1.));
#6733=DIRECTION('center_axis',(9.36772324949952E-31,-9.95799250103014E-17,
-1.));
#6734=DIRECTION('ref_axis',(-6.5207278538521E-32,1.,-9.95799250103014E-17));
#6735=DIRECTION('center_axis',(-9.36772324949952E-31,9.95799250103014E-17,
1.));
#6736=DIRECTION('ref_axis',(6.5207278538521E-32,-1.,9.95799250103014E-17));
#6737=DIRECTION('',(2.05596856412066E-16,-1.,9.95799250103014E-17));
#6738=DIRECTION('',(1.,6.52072785385211E-32,9.36772324949952E-31));
#6739=DIRECTION('',(-6.52072785385209E-32,1.,-9.95799250103014E-17));
#6740=DIRECTION('',(-1.,-6.52072785385211E-32,-9.36772324949952E-31));
#6741=DIRECTION('center_axis',(-9.36772324949952E-31,9.95799250103014E-17,
1.));
#6742=DIRECTION('ref_axis',(6.5207278538521E-32,-1.,9.95799250103014E-17));
#6743=DIRECTION('center_axis',(-3.68145784378158E-5,3.70033962780491E-5,
-0.999999998637718));
#6744=DIRECTION('ref_axis',(0.999999999322344,1.36227320642886E-9,-3.68145784126112E-5));
#6745=DIRECTION('',(6.52419422514644E-32,-0.999999999315374,-3.70033963031247E-5));
#6746=DIRECTION('',(-0.999999999322343,3.66599296256818E-21,3.681457846302E-5));
#6747=DIRECTION('',(-6.52419422514644E-32,0.999999999315374,3.70033963031247E-5));
#6748=DIRECTION('',(0.999999999322343,-3.66599296256818E-21,-3.681457846302E-5));
#6749=DIRECTION('center_axis',(-3.68145784378158E-5,3.70033962780491E-5,
-0.999999998637718));
#6750=DIRECTION('ref_axis',(-0.705295788572298,0.708913145524623,5.21973612519295E-5));
#6751=DIRECTION('',(-6.52419422514644E-32,0.999999999315374,3.70033963031247E-5));
#6752=DIRECTION('',(-0.999999999322343,3.66599296256818E-21,3.681457846302E-5));
#6753=DIRECTION('',(6.52419422514644E-32,-0.999999999315374,-3.70033963031247E-5));
#6754=DIRECTION('',(0.999999999322343,-3.66599296256818E-21,-3.681457846302E-5));
#6755=DIRECTION('',(-6.52419422514644E-32,0.999999999315374,3.70033963031247E-5));
#6756=DIRECTION('',(-0.999999999322343,3.66599296256818E-21,3.681457846302E-5));
#6757=DIRECTION('',(6.52419422514644E-32,-0.999999999315374,-3.70033963031247E-5));
#6758=DIRECTION('',(0.999999999322343,-3.66599296256818E-21,-3.681457846302E-5));
#6759=DIRECTION('',(1.08420217174323E-16,0.999999999315374,3.70033963031247E-5));
#6760=DIRECTION('',(-0.999999999322343,3.66599296256818E-21,3.681457846302E-5));
#6761=DIRECTION('',(6.52419422514644E-32,-0.999999999315374,-3.70033963031247E-5));
#6762=DIRECTION('',(0.999999999322343,-3.66599296256818E-21,-3.681457846302E-5));
#6763=DIRECTION('',(1.08420217174323E-16,0.999999999315374,3.70033963031247E-5));
#6764=DIRECTION('',(-0.999999999322343,3.66599296256818E-21,3.681457846302E-5));
#6765=DIRECTION('',(6.52419422514644E-32,-0.999999999315374,-3.70033963031247E-5));
#6766=DIRECTION('',(0.999999999322343,-3.66599296256818E-21,-3.681457846302E-5));
#6767=DIRECTION('center_axis',(-3.68145784378158E-5,3.70033962780491E-5,
-0.999999998637718));
#6768=DIRECTION('ref_axis',(-0.705295774857585,0.708913159169354,5.21973612519295E-5));
#6769=DIRECTION('center_axis',(-3.68145784378158E-5,3.70033962780491E-5,
-0.999999998637718));
#6770=DIRECTION('ref_axis',(-0.705295774857585,0.708913159169354,5.21973612519295E-5));
#6771=DIRECTION('center_axis',(-3.68145784378158E-5,3.70033962780491E-5,
-0.999999998637718));
#6772=DIRECTION('ref_axis',(-0.705295774857585,0.708913159169354,5.21973612519295E-5));
#6773=DIRECTION('center_axis',(-3.68145784378158E-5,3.70033962780491E-5,
-0.999999998637718));
#6774=DIRECTION('ref_axis',(-0.705295774857585,0.708913159169354,5.21973612519295E-5));
#6775=DIRECTION('center_axis',(-3.68145784378158E-5,3.70033962780491E-5,
-0.999999998637718));
#6776=DIRECTION('ref_axis',(-0.705295774857585,0.708913159169354,5.21973612519295E-5));
#6777=DIRECTION('center_axis',(-3.68145784378158E-5,3.70033962780491E-5,
-0.999999998637718));
#6778=DIRECTION('ref_axis',(-0.705295774857585,0.708913159169354,5.21973612519295E-5));
#6779=DIRECTION('center_axis',(-3.68145784378158E-5,3.70033962780491E-5,
-0.999999998637718));
#6780=DIRECTION('ref_axis',(-0.705295774857585,0.708913159169354,5.21973612519295E-5));
#6781=DIRECTION('center_axis',(-3.68145784378158E-5,3.70033962780491E-5,
-0.999999998637718));
#6782=DIRECTION('ref_axis',(-0.705295774857585,0.708913159169354,5.21973612519295E-5));
#6783=DIRECTION('center_axis',(1.,6.52072785385211E-32,9.36772324949952E-31));
#6784=DIRECTION('ref_axis',(-6.5207278538521E-32,1.,-9.95799250103014E-17));
#6785=DIRECTION('',(9.36772324949952E-31,-9.95799250103014E-17,-1.));
#6786=DIRECTION('',(9.36772324949952E-31,-9.95799250103014E-17,-1.));
#6787=DIRECTION('center_axis',(-6.5207278538521E-32,1.,-9.95799250103014E-17));
#6788=DIRECTION('ref_axis',(-1.,-6.52072785385211E-32,-9.36772324949952E-31));
#6789=DIRECTION('',(9.36772324949952E-31,-9.95799250103014E-17,-1.));
#6790=DIRECTION('center_axis',(-1.,-6.52072785385211E-32,-9.36772324949952E-31));
#6791=DIRECTION('ref_axis',(6.5207278538521E-32,-1.,9.95799250103014E-17));
#6792=DIRECTION('',(9.36772324949952E-31,-9.95799250103014E-17,-1.));
#6793=DIRECTION('center_axis',(6.5207278538521E-32,-1.,9.95799250103014E-17));
#6794=DIRECTION('ref_axis',(1.,6.52072785385211E-32,9.36772324949952E-31));
#6795=DIRECTION('center_axis',(9.36772324949952E-31,-9.95799250103014E-17,
-1.));
#6796=DIRECTION('ref_axis',(-6.5207278538521E-32,1.,-9.95799250103014E-17));
#6797=DIRECTION('',(9.36772324949952E-31,-9.95799250103014E-17,-1.));
#6798=DIRECTION('center_axis',(1.,1.1049194114502E-16,9.25769545736488E-31));
#6799=DIRECTION('ref_axis',(-1.1049194114502E-16,1.,-9.95799250103014E-17));
#6800=DIRECTION('',(1.45127192761458E-16,-1.,9.95799250103014E-17));
#6801=DIRECTION('',(9.36772324949952E-31,-9.95799250103014E-17,-1.));
#6802=DIRECTION('',(9.36772324949952E-31,-9.95799250103014E-17,-1.));
#6803=DIRECTION('center_axis',(-6.5207278538521E-32,1.,-9.95799250103014E-17));
#6804=DIRECTION('ref_axis',(-1.,-6.52072785385211E-32,-9.36772324949952E-31));
#6805=DIRECTION('',(1.,6.5207278538521E-32,9.36772324949952E-31));
#6806=DIRECTION('',(9.36772324949952E-31,-9.95799250103014E-17,-1.));
#6807=DIRECTION('',(9.36772324949952E-31,-9.95799250103014E-17,-1.));
#6808=DIRECTION('center_axis',(-1.,-2.20983882290039E-16,-9.14766766523024E-31));
#6809=DIRECTION('ref_axis',(2.20983882290039E-16,-1.,9.95799250103014E-17));
#6810=DIRECTION('',(9.36772324949952E-31,-9.95799250103014E-17,-1.));
#6811=DIRECTION('',(-6.52072785385209E-32,1.,-9.95799250103014E-17));
#6812=DIRECTION('',(9.36772324949952E-31,-9.95799250103014E-17,-1.));
#6813=DIRECTION('center_axis',(6.5207278538521E-32,-1.,9.95799250103014E-17));
#6814=DIRECTION('ref_axis',(1.,6.52072785385211E-32,9.36772324949952E-31));
#6815=DIRECTION('',(-1.,-6.5207278538521E-32,-9.36772324949952E-31));
#6816=DIRECTION('',(9.36772324949952E-31,-9.95799250103014E-17,-1.));
#6817=DIRECTION('',(9.36772324949952E-31,-9.95799250103014E-17,-1.));
#6818=DIRECTION('center_axis',(-9.36772324949952E-31,9.95799250103014E-17,
1.));
#6819=DIRECTION('ref_axis',(6.5207278538521E-32,-1.,9.95799250103014E-17));
#6820=DIRECTION('',(1.,6.5207278538521E-32,9.36772324949952E-31));
#6821=DIRECTION('',(-2.90254385522917E-16,1.,-9.95799250103014E-17));
#6822=DIRECTION('',(-1.,-6.5207278538521E-32,-9.36772324949952E-31));
#6823=DIRECTION('',(1.45127192761458E-16,-1.,9.95799250103014E-17));
#6824=DIRECTION('center_axis',(9.36772324949952E-31,-9.95799250103014E-17,
-1.));
#6825=DIRECTION('ref_axis',(-6.5207278538521E-32,1.,-9.95799250103014E-17));
#6826=DIRECTION('center_axis',(-9.36772324949952E-31,9.95799250103014E-17,
1.));
#6827=DIRECTION('ref_axis',(6.5207278538521E-32,-1.,9.95799250103014E-17));
#6828=DIRECTION('center_axis',(0.,-1.,0.));
#6829=DIRECTION('ref_axis',(1.,0.,0.));
#6830=DIRECTION('center_axis',(6.5207278538521E-32,-1.,9.95799250103014E-17));
#6831=DIRECTION('ref_axis',(1.,6.52072785385211E-32,9.36772324949952E-31));
#6832=DIRECTION('center_axis',(-1.,-6.52072785385211E-32,-9.36772324949952E-31));
#6833=DIRECTION('ref_axis',(6.5207278538521E-32,-1.,9.95799250103014E-17));
#6834=DIRECTION('center_axis',(9.36772324949952E-31,-9.95799250103014E-17,
-1.));
#6835=DIRECTION('ref_axis',(-6.5207278538521E-32,1.,-9.95799250103014E-17));
#6836=DIRECTION('center_axis',(-9.36772324949952E-31,9.95799250103014E-17,
1.));
#6837=DIRECTION('ref_axis',(6.5207278538521E-32,-1.,9.95799250103014E-17));
#6838=DIRECTION('center_axis',(-1.,-6.52072785385211E-32,-9.36772324949952E-31));
#6839=DIRECTION('ref_axis',(6.5207278538521E-32,-1.,9.95799250103014E-17));
#6840=DIRECTION('center_axis',(1.,6.52072785385211E-32,9.36772324949952E-31));
#6841=DIRECTION('ref_axis',(-6.5207278538521E-32,1.,-9.95799250103014E-17));
#6842=DIRECTION('center_axis',(-1.1049194114502E-16,1.,-9.95799250103014E-17));
#6843=DIRECTION('ref_axis',(-1.,-1.1049194114502E-16,-9.25769545736488E-31));
#6844=DIRECTION('center_axis',(-6.5207278538521E-32,1.,-9.95799250103014E-17));
#6845=DIRECTION('ref_axis',(-1.,-6.52072785385211E-32,-9.36772324949952E-31));
#6846=DIRECTION('center_axis',(9.36772324949952E-31,-9.95799250103014E-17,
-1.));
#6847=DIRECTION('ref_axis',(-6.5207278538521E-32,1.,-9.95799250103014E-17));
#6848=DIRECTION('center_axis',(-9.36772324949952E-31,9.95799250103014E-17,
1.));
#6849=DIRECTION('ref_axis',(6.5207278538521E-32,-1.,9.95799250103014E-17));
#6850=DIRECTION('center_axis',(0.,-1.,0.));
#6851=DIRECTION('ref_axis',(1.,0.,0.));
#6852=DIRECTION('center_axis',(6.52072785385169E-32,-1.,4.43638861495232E-15));
#6853=DIRECTION('ref_axis',(9.36772324949952E-31,-4.43638861495232E-15,
-1.));
#6854=DIRECTION('center_axis',(0.,-1.,0.));
#6855=DIRECTION('ref_axis',(1.,0.,0.));
#6856=DIRECTION('center_axis',(-1.,-6.52072785385211E-32,-9.36772324949952E-31));
#6857=DIRECTION('ref_axis',(6.5207278538521E-32,-1.,9.95799250103014E-17));
#6858=DIRECTION('center_axis',(2.20983882290039E-16,-1.,9.95799250103014E-17));
#6859=DIRECTION('ref_axis',(1.,2.20983882290039E-16,9.14766766523024E-31));
#6860=DIRECTION('center_axis',(-6.5207278538521E-32,1.,-9.95799250103014E-17));
#6861=DIRECTION('ref_axis',(-1.,-6.52072785385211E-32,-9.36772324949952E-31));
#6862=DIRECTION('center_axis',(1.,6.52072785385211E-32,9.36772324949952E-31));
#6863=DIRECTION('ref_axis',(-6.5207278538521E-32,1.,-9.95799250103014E-17));
#6864=DIRECTION('center_axis',(1.,6.52072785385211E-32,9.36772324949952E-31));
#6865=DIRECTION('ref_axis',(-6.5207278538521E-32,1.,-9.95799250103014E-17));
#6866=DIRECTION('center_axis',(0.,-1.,0.));
#6867=DIRECTION('ref_axis',(1.,0.,0.));
#6868=DIRECTION('center_axis',(-9.36772324949952E-31,9.95799250103014E-17,
1.));
#6869=DIRECTION('ref_axis',(6.5207278538521E-32,-1.,9.95799250103014E-17));
#6870=DIRECTION('center_axis',(9.36772324949952E-31,-9.95799250103014E-17,
-1.));
#6871=DIRECTION('ref_axis',(-6.5207278538521E-32,1.,-9.95799250103014E-17));
#6872=DIRECTION('center_axis',(1.,6.52072785385211E-32,9.36772324949952E-31));
#6873=DIRECTION('ref_axis',(-6.5207278538521E-32,1.,-9.95799250103014E-17));
#6874=DIRECTION('',(9.36772324949952E-31,-9.95799250103014E-17,-1.));
#6875=DIRECTION('',(6.5207278538521E-32,-1.,9.95799250103013E-17));
#6876=DIRECTION('',(9.36772324949952E-31,-9.95799250103014E-17,-1.));
#6877=DIRECTION('center_axis',(-6.5207278538521E-32,1.,-9.95799250103014E-17));
#6878=DIRECTION('ref_axis',(-1.,-6.52072785385211E-32,-9.36772324949952E-31));
#6879=DIRECTION('',(9.36772324949952E-31,-9.95799250103014E-17,-1.));
#6880=DIRECTION('',(1.,6.52072785385211E-32,9.36772324949952E-31));
#6881=DIRECTION('center_axis',(-1.,-6.52072785385211E-32,-9.36772324949952E-31));
#6882=DIRECTION('ref_axis',(6.5207278538521E-32,-1.,9.95799250103014E-17));
#6883=DIRECTION('',(9.36772324949952E-31,-9.95799250103014E-17,-1.));
#6884=DIRECTION('',(-6.5207278538521E-32,1.,-9.95799250103013E-17));
#6885=DIRECTION('center_axis',(6.5207278538521E-32,-1.,9.95799250103014E-17));
#6886=DIRECTION('ref_axis',(1.,6.52072785385211E-32,9.36772324949952E-31));
#6887=DIRECTION('',(-1.,-6.52072785385211E-32,-9.36772324949952E-31));
#6888=DIRECTION('center_axis',(-9.36772324949952E-31,9.95799250103014E-17,
1.));
#6889=DIRECTION('ref_axis',(6.5207278538521E-32,-1.,9.95799250103014E-17));
#6890=DIRECTION('center_axis',(9.36772324949952E-31,-9.95799250103014E-17,
-1.));
#6891=DIRECTION('ref_axis',(-6.5207278538521E-32,1.,-9.95799250103014E-17));
#6892=DIRECTION('',(-9.36772324949952E-31,9.95799250103014E-17,1.));
#6893=DIRECTION('center_axis',(-9.36772324949952E-31,9.95799250103014E-17,
1.));
#6894=DIRECTION('ref_axis',(6.5207278538521E-32,-1.,9.95799250103014E-17));
#6895=DIRECTION('center_axis',(-9.36772324949952E-31,9.95799250103014E-17,
1.));
#6896=DIRECTION('ref_axis',(6.5207278538521E-32,-1.,9.95799250103014E-17));
#6897=DIRECTION('center_axis',(-9.36772324949952E-31,9.95799250103014E-17,
1.));
#6898=DIRECTION('ref_axis',(6.5207278538521E-32,-1.,9.95799250103014E-17));
#6899=DIRECTION('center_axis',(-9.36772324949952E-31,9.95799250103014E-17,
1.));
#6900=DIRECTION('ref_axis',(6.5207278538521E-32,-1.,9.95799250103014E-17));
#6901=DIRECTION('center_axis',(-9.36772324949952E-31,9.95799250103014E-17,
1.));
#6902=DIRECTION('ref_axis',(0.,-1.,0.));
#6903=DIRECTION('center_axis',(-1.,-2.22044604925031E-16,-9.14661139842575E-31));
#6904=DIRECTION('ref_axis',(-2.22044604925031E-16,1.,0.));
#6905=DIRECTION('center_axis',(1.,1.60622544071927E-16,9.20777544056305E-31));
#6906=DIRECTION('ref_axis',(-1.60622544071927E-16,1.,-9.95799250103014E-17));
#6907=DIRECTION('',(9.36772324949952E-31,-9.95799250103014E-17,-1.));
#6908=DIRECTION('',(9.36772324949952E-31,-9.95799250103014E-17,-1.));
#6909=DIRECTION('center_axis',(-6.5207278538521E-32,1.,-9.95799250103014E-17));
#6910=DIRECTION('ref_axis',(-1.,-6.52072785385211E-32,-9.36772324949952E-31));
#6911=DIRECTION('',(9.36772324949952E-31,-9.95799250103014E-17,-1.));
#6912=DIRECTION('center_axis',(-1.,-6.52072785385211E-32,-9.36772324949952E-31));
#6913=DIRECTION('ref_axis',(6.5207278538521E-32,-1.,9.95799250103014E-17));
#6914=DIRECTION('',(9.36772324949952E-31,-9.95799250103014E-17,-1.));
#6915=DIRECTION('center_axis',(6.5207278538521E-32,-1.,9.95799250103014E-17));
#6916=DIRECTION('ref_axis',(1.,6.52072785385211E-32,9.36772324949952E-31));
#6917=DIRECTION('center_axis',(9.36772324949952E-31,-9.95799250103014E-17,
-1.));
#6918=DIRECTION('ref_axis',(-6.5207278538521E-32,1.,-9.95799250103014E-17));
#6919=DIRECTION('center_axis',(-9.36772324949952E-31,9.95799250103014E-17,
1.));
#6920=DIRECTION('ref_axis',(6.5207278538521E-32,-1.,9.95799250103014E-17));
#6921=DIRECTION('',(9.36772324949952E-31,-9.95799250103014E-17,-1.));
#6922=DIRECTION('center_axis',(-9.36772324949952E-31,9.95799250103014E-17,
1.));
#6923=DIRECTION('ref_axis',(6.5207278538521E-32,-1.,9.95799250103014E-17));
#6924=DIRECTION('center_axis',(-9.36772324949952E-31,9.95799250103014E-17,
1.));
#6925=DIRECTION('ref_axis',(6.5207278538521E-32,-1.,9.95799250103014E-17));
#6926=DIRECTION('center_axis',(9.36772324949952E-31,-9.95799250103014E-17,
-1.));
#6927=DIRECTION('ref_axis',(-6.5207278538521E-32,1.,-9.95799250103014E-17));
#6928=DIRECTION('',(-9.36772324949952E-31,9.95799250103014E-17,1.));
#6929=DIRECTION('center_axis',(-9.36772324949952E-31,9.95799250103014E-17,
1.));
#6930=DIRECTION('ref_axis',(6.5207278538521E-32,-1.,9.95799250103014E-17));
#6931=DIRECTION('center_axis',(-9.36772324949952E-31,9.95799250103014E-17,
1.));
#6932=DIRECTION('ref_axis',(6.5207278538521E-32,-1.,9.95799250103014E-17));
#6933=DIRECTION('center_axis',(-9.36772324949952E-31,9.95799250103014E-17,
1.));
#6934=DIRECTION('ref_axis',(6.5207278538521E-32,-1.,9.95799250103014E-17));
#6935=DIRECTION('center_axis',(-9.36772324949952E-31,9.95799250103014E-17,
1.));
#6936=DIRECTION('ref_axis',(6.5207278538521E-32,-1.,9.95799250103014E-17));
#6937=DIRECTION('center_axis',(9.36772324949952E-31,-9.95799250103014E-17,
-1.));
#6938=DIRECTION('ref_axis',(-6.5207278538521E-32,1.,-9.95799250103014E-17));
#6939=DIRECTION('center_axis',(-9.36772324949952E-31,9.95799250103014E-17,
1.));
#6940=DIRECTION('ref_axis',(6.5207278538521E-32,-1.,9.95799250103014E-17));
#6941=DIRECTION('',(-9.36772324949952E-31,9.95799250103014E-17,1.));
#6942=DIRECTION('center_axis',(-9.36772324949952E-31,9.95799250103014E-17,
1.));
#6943=DIRECTION('ref_axis',(6.5207278538521E-32,-1.,9.95799250103014E-17));
#6944=DIRECTION('center_axis',(-9.36772324949952E-31,9.95799250103014E-17,
1.));
#6945=DIRECTION('ref_axis',(6.5207278538521E-32,-1.,9.95799250103014E-17));
#6946=DIRECTION('center_axis',(-9.36772324949952E-31,9.95799250103014E-17,
1.));
#6947=DIRECTION('ref_axis',(6.5207278538521E-32,-1.,9.95799250103014E-17));
#6948=DIRECTION('center_axis',(0.,-1.,1.65238138937319E-13));
#6949=DIRECTION('ref_axis',(1.,0.,0.));
#6950=DIRECTION('center_axis',(-9.36772324949952E-31,9.95799250103014E-17,
1.));
#6951=DIRECTION('ref_axis',(0.,-1.,0.));
#6952=DIRECTION('center_axis',(-1.,0.,-9.36772324949952E-31));
#6953=DIRECTION('ref_axis',(0.,1.,0.));
#6954=DIRECTION('center_axis',(-9.36772324949952E-31,9.95799250103014E-17,
1.));
#6955=DIRECTION('ref_axis',(6.5207278538521E-32,-1.,9.95799250103014E-17));
#6956=DIRECTION('center_axis',(-9.36772324949952E-31,9.95799250103014E-17,
1.));
#6957=DIRECTION('ref_axis',(6.5207278538521E-32,-1.,9.95799250103014E-17));
#6958=DIRECTION('',(-9.36772324949952E-31,9.95799250103014E-17,1.));
#6959=DIRECTION('center_axis',(-9.36772324949952E-31,9.95799250103014E-17,
1.));
#6960=DIRECTION('ref_axis',(6.5207278538521E-32,-1.,9.95799250103014E-17));
#6961=DIRECTION('center_axis',(-9.36772324949952E-31,9.95799250103014E-17,
1.));
#6962=DIRECTION('ref_axis',(6.5207278538521E-32,-1.,9.95799250103014E-17));
#6963=DIRECTION('center_axis',(-9.36772324949952E-31,9.95799250103014E-17,
1.));
#6964=DIRECTION('ref_axis',(6.5207278538521E-32,-1.,9.95799250103014E-17));
#6965=DIRECTION('',(-9.36772324949952E-31,9.95799250103014E-17,1.));
#6966=DIRECTION('center_axis',(-9.36772324949952E-31,9.95799250103014E-17,
1.));
#6967=DIRECTION('ref_axis',(6.5207278538521E-32,-1.,9.95799250103014E-17));
#6968=DIRECTION('center_axis',(-9.36772324949952E-31,9.95799250103014E-17,
1.));
#6969=DIRECTION('ref_axis',(6.5207278538521E-32,-1.,9.95799250103014E-17));
#6970=DIRECTION('center_axis',(-9.36772324949952E-31,9.95799250103014E-17,
1.));
#6971=DIRECTION('ref_axis',(6.5207278538521E-32,-1.,9.95799250103014E-17));
#6972=DIRECTION('',(-9.36772324949952E-31,9.95799250103014E-17,1.));
#6973=DIRECTION('center_axis',(-9.36772324949952E-31,9.95799250103014E-17,
1.));
#6974=DIRECTION('ref_axis',(6.5207278538521E-32,-1.,9.95799250103014E-17));
#6975=DIRECTION('center_axis',(-9.36772324949952E-31,9.95799250103014E-17,
1.));
#6976=DIRECTION('ref_axis',(6.5207278538521E-32,-1.,9.95799250103014E-17));
#6977=DIRECTION('center_axis',(-9.36772324949952E-31,9.95799250103014E-17,
1.));
#6978=DIRECTION('ref_axis',(6.5207278538521E-32,-1.,9.95799250103014E-17));
#6979=DIRECTION('',(-9.36772324949952E-31,9.95799250103014E-17,1.));
#6980=DIRECTION('center_axis',(-9.36772324949952E-31,9.95799250103014E-17,
1.));
#6981=DIRECTION('ref_axis',(6.5207278538521E-32,-1.,9.95799250103014E-17));
#6982=DIRECTION('center_axis',(-9.36772324949952E-31,9.95799250103014E-17,
1.));
#6983=DIRECTION('ref_axis',(6.5207278538521E-32,-1.,9.95799250103014E-17));
#6984=DIRECTION('center_axis',(-9.36772324949952E-31,9.95799250103014E-17,
1.));
#6985=DIRECTION('ref_axis',(6.5207278538521E-32,-1.,9.95799250103014E-17));
#6986=DIRECTION('',(-9.36772324949952E-31,9.95799250103014E-17,1.));
#6987=DIRECTION('center_axis',(-9.36772324949952E-31,9.95799250103014E-17,
1.));
#6988=DIRECTION('ref_axis',(6.5207278538521E-32,-1.,9.95799250103014E-17));
#6989=DIRECTION('center_axis',(-9.36772324949952E-31,9.95799250103014E-17,
1.));
#6990=DIRECTION('ref_axis',(6.5207278538521E-32,-1.,9.95799250103014E-17));
#6991=DIRECTION('center_axis',(-9.36772324949952E-31,9.95799250103014E-17,
1.));
#6992=DIRECTION('ref_axis',(6.5207278538521E-32,-1.,9.95799250103014E-17));
#6993=DIRECTION('',(-9.36772324949952E-31,9.95799250103014E-17,1.));
#6994=DIRECTION('center_axis',(-9.36772324949952E-31,9.95799250103014E-17,
1.));
#6995=DIRECTION('ref_axis',(6.5207278538521E-32,-1.,9.95799250103014E-17));
#6996=DIRECTION('center_axis',(-9.36772324949952E-31,9.95799250103014E-17,
1.));
#6997=DIRECTION('ref_axis',(6.5207278538521E-32,-1.,9.95799250103014E-17));
#6998=DIRECTION('center_axis',(-9.36772324949952E-31,9.95799250103014E-17,
1.));
#6999=DIRECTION('ref_axis',(6.5207278538521E-32,-1.,9.95799250103014E-17));
#7000=DIRECTION('',(-9.36772324949952E-31,9.95799250103014E-17,1.));
#7001=DIRECTION('center_axis',(-9.36772324949952E-31,9.95799250103014E-17,
1.));
#7002=DIRECTION('ref_axis',(6.5207278538521E-32,-1.,9.95799250103014E-17));
#7003=DIRECTION('center_axis',(-9.36772324949952E-31,9.95799250103014E-17,
1.));
#7004=DIRECTION('ref_axis',(6.5207278538521E-32,-1.,9.95799250103014E-17));
#7005=DIRECTION('center_axis',(-9.36772324949952E-31,9.95799250103014E-17,
1.));
#7006=DIRECTION('ref_axis',(6.5207278538521E-32,-1.,9.95799250103014E-17));
#7007=DIRECTION('',(-9.36772324949952E-31,9.95799250103014E-17,1.));
#7008=DIRECTION('center_axis',(-9.36772324949952E-31,9.95799250103014E-17,
1.));
#7009=DIRECTION('ref_axis',(6.5207278538521E-32,-1.,9.95799250103014E-17));
#7010=DIRECTION('center_axis',(9.36772324949952E-31,-9.95799250103014E-17,
-1.));
#7011=DIRECTION('ref_axis',(-6.5207278538521E-32,1.,-9.95799250103014E-17));
#7012=DIRECTION('center_axis',(9.36772324949952E-31,-9.95799250103014E-17,
-1.));
#7013=DIRECTION('ref_axis',(-6.5207278538521E-32,1.,-9.95799250103014E-17));
#7014=DIRECTION('',(9.36772324949952E-31,-9.95799250103014E-17,-1.));
#7015=DIRECTION('center_axis',(9.36772324949952E-31,-9.95799250103014E-17,
-1.));
#7016=DIRECTION('ref_axis',(-6.5207278538521E-32,1.,-9.95799250103014E-17));
#7017=DIRECTION('center_axis',(9.36772324949952E-31,-9.95799250103014E-17,
-1.));
#7018=DIRECTION('ref_axis',(-6.5207278538521E-32,1.,-9.95799250103014E-17));
#7019=DIRECTION('center_axis',(9.36772324949952E-31,-9.95799250103014E-17,
-1.));
#7020=DIRECTION('ref_axis',(-6.5207278538521E-32,1.,-9.95799250103014E-17));
#7021=DIRECTION('',(9.36772324949952E-31,-9.95799250103014E-17,-1.));
#7022=DIRECTION('center_axis',(9.36772324949952E-31,-9.95799250103014E-17,
-1.));
#7023=DIRECTION('ref_axis',(-6.5207278538521E-32,1.,-9.95799250103014E-17));
#7024=DIRECTION('center_axis',(9.36772324949952E-31,-9.95799250103014E-17,
-1.));
#7025=DIRECTION('ref_axis',(-6.5207278538521E-32,1.,-9.95799250103014E-17));
#7026=DIRECTION('center_axis',(9.36772324949952E-31,-9.95799250103014E-17,
-1.));
#7027=DIRECTION('ref_axis',(-6.5207278538521E-32,1.,-9.95799250103014E-17));
#7028=DIRECTION('',(9.36772324949952E-31,-9.95799250103014E-17,-1.));
#7029=DIRECTION('center_axis',(9.36772324949952E-31,-9.95799250103014E-17,
-1.));
#7030=DIRECTION('ref_axis',(-6.5207278538521E-32,1.,-9.95799250103014E-17));
#7031=DIRECTION('center_axis',(9.36772324949952E-31,-9.95799250103014E-17,
-1.));
#7032=DIRECTION('ref_axis',(-6.5207278538521E-32,1.,-9.95799250103014E-17));
#7033=DIRECTION('center_axis',(9.36772324949952E-31,-9.95799250103014E-17,
-1.));
#7034=DIRECTION('ref_axis',(-6.5207278538521E-32,1.,-9.95799250103014E-17));
#7035=DIRECTION('',(9.36772324949952E-31,-9.95799250103014E-17,-1.));
#7036=DIRECTION('center_axis',(9.36772324949952E-31,-9.95799250103014E-17,
-1.));
#7037=DIRECTION('ref_axis',(-6.5207278538521E-32,1.,-9.95799250103014E-17));
#7038=DIRECTION('center_axis',(9.36772324949952E-31,-9.95799250103014E-17,
-1.));
#7039=DIRECTION('ref_axis',(-6.5207278538521E-32,1.,-9.95799250103014E-17));
#7040=DIRECTION('center_axis',(9.36772324949952E-31,-9.95799250103014E-17,
-1.));
#7041=DIRECTION('ref_axis',(-6.5207278538521E-32,1.,-9.95799250103014E-17));
#7042=DIRECTION('',(9.36772324949952E-31,-9.95799250103014E-17,-1.));
#7043=DIRECTION('center_axis',(9.36772324949952E-31,-9.95799250103014E-17,
-1.));
#7044=DIRECTION('ref_axis',(-6.5207278538521E-32,1.,-9.95799250103014E-17));
#7045=DIRECTION('center_axis',(9.36772324949952E-31,-9.95799250103014E-17,
-1.));
#7046=DIRECTION('ref_axis',(-6.5207278538521E-32,1.,-9.95799250103014E-17));
#7047=DIRECTION('center_axis',(9.36772324949952E-31,-9.95799250103014E-17,
-1.));
#7048=DIRECTION('ref_axis',(-6.5207278538521E-32,1.,-9.95799250103014E-17));
#7049=DIRECTION('',(9.36772324949952E-31,-9.95799250103014E-17,-1.));
#7050=DIRECTION('center_axis',(9.36772324949952E-31,-9.95799250103014E-17,
-1.));
#7051=DIRECTION('ref_axis',(-6.5207278538521E-32,1.,-9.95799250103014E-17));
#7052=DIRECTION('center_axis',(9.36772324949952E-31,-9.95799250103014E-17,
-1.));
#7053=DIRECTION('ref_axis',(-6.5207278538521E-32,1.,-9.95799250103014E-17));
#7054=DIRECTION('center_axis',(9.36772324949952E-31,-9.95799250103014E-17,
-1.));
#7055=DIRECTION('ref_axis',(-6.5207278538521E-32,1.,-9.95799250103014E-17));
#7056=DIRECTION('',(9.36772324949952E-31,-9.95799250103014E-17,-1.));
#7057=DIRECTION('center_axis',(9.36772324949952E-31,-9.95799250103014E-17,
-1.));
#7058=DIRECTION('ref_axis',(-6.5207278538521E-32,1.,-9.95799250103014E-17));
#7059=DIRECTION('center_axis',(9.36772324949952E-31,-9.95799250103014E-17,
-1.));
#7060=DIRECTION('ref_axis',(-6.5207278538521E-32,1.,-9.95799250103014E-17));
#7061=DIRECTION('center_axis',(9.36772324949952E-31,-9.95799250103014E-17,
-1.));
#7062=DIRECTION('ref_axis',(-6.5207278538521E-32,1.,-9.95799250103014E-17));
#7063=DIRECTION('',(9.36772324949952E-31,-9.95799250103014E-17,-1.));
#7064=DIRECTION('center_axis',(9.36772324949952E-31,-9.95799250103014E-17,
-1.));
#7065=DIRECTION('ref_axis',(-6.5207278538521E-32,1.,-9.95799250103014E-17));
#7066=DIRECTION('center_axis',(-1.,1.0842021724855E-16,-9.47568802053163E-31));
#7067=DIRECTION('ref_axis',(-1.0842021724855E-16,-1.,9.95799250103014E-17));
#7068=DIRECTION('',(9.36772324949952E-31,-9.95799250103014E-17,-1.));
#7069=DIRECTION('',(1.38777878078145E-16,1.,-9.95799250103014E-17));
#7070=DIRECTION('',(9.36772324949952E-31,-9.95799250103014E-17,-1.));
#7071=DIRECTION('center_axis',(6.5207278538521E-32,-1.,9.95799250103014E-17));
#7072=DIRECTION('ref_axis',(1.,6.52072785385211E-32,9.36772324949952E-31));
#7073=DIRECTION('',(-1.,-6.52072785385211E-32,-9.36772324949952E-31));
#7074=DIRECTION('',(9.36772324949952E-31,-9.95799250103014E-17,-1.));
#7075=DIRECTION('center_axis',(1.,6.52072785385211E-32,9.36772324949952E-31));
#7076=DIRECTION('ref_axis',(-6.5207278538521E-32,1.,-9.95799250103014E-17));
#7077=DIRECTION('',(6.5207278538521E-32,-1.,9.95799250103014E-17));
#7078=DIRECTION('',(9.36772324949952E-31,-9.95799250103014E-17,-1.));
#7079=DIRECTION('center_axis',(-6.5207278538521E-32,1.,-9.95799250103014E-17));
#7080=DIRECTION('ref_axis',(-1.,-6.52072785385211E-32,-9.36772324949952E-31));
#7081=DIRECTION('',(1.,6.52072785385211E-32,9.36772324949952E-31));
#7082=DIRECTION('center_axis',(9.36772324949952E-31,-9.95799250103014E-17,
-1.));
#7083=DIRECTION('ref_axis',(-6.5207278538521E-32,1.,-9.95799250103014E-17));
#7084=DIRECTION('center_axis',(-1.,1.0842021724855E-16,-9.47568802053163E-31));
#7085=DIRECTION('ref_axis',(-1.0842021724855E-16,-1.,9.95799250103014E-17));
#7086=DIRECTION('',(9.36772324949952E-31,-9.95799250103014E-17,-1.));
#7087=DIRECTION('',(-6.5207278538521E-32,1.,-9.95799250103014E-17));
#7088=DIRECTION('',(9.36772324949952E-31,-9.95799250103014E-17,-1.));
#7089=DIRECTION('center_axis',(6.5207278538521E-32,-1.,9.95799250103014E-17));
#7090=DIRECTION('ref_axis',(1.,6.52072785385211E-32,9.36772324949952E-31));
#7091=DIRECTION('',(-1.,-6.52072785385211E-32,-9.36772324949952E-31));
#7092=DIRECTION('',(9.36772324949952E-31,-9.95799250103014E-17,-1.));
#7093=DIRECTION('center_axis',(1.,6.52072785385211E-32,9.36772324949952E-31));
#7094=DIRECTION('ref_axis',(-6.5207278538521E-32,1.,-9.95799250103014E-17));
#7095=DIRECTION('',(6.5207278538521E-32,-1.,9.95799250103014E-17));
#7096=DIRECTION('',(9.36772324949952E-31,-9.95799250103014E-17,-1.));
#7097=DIRECTION('center_axis',(-6.5207278538521E-32,1.,-9.95799250103014E-17));
#7098=DIRECTION('ref_axis',(-1.,-6.52072785385211E-32,-9.36772324949952E-31));
#7099=DIRECTION('',(1.,6.52072785385211E-32,9.36772324949952E-31));
#7100=DIRECTION('center_axis',(9.36772324949952E-31,-9.95799250103014E-17,
-1.));
#7101=DIRECTION('ref_axis',(-6.5207278538521E-32,1.,-9.95799250103014E-17));
#7102=DIRECTION('center_axis',(-1.,-6.52072785385211E-32,-9.36772324949952E-31));
#7103=DIRECTION('ref_axis',(6.5207278538521E-32,-1.,9.95799250103014E-17));
#7104=DIRECTION('',(9.36772324949952E-31,-9.95799250103014E-17,-1.));
#7105=DIRECTION('',(-6.5207278538521E-32,1.,-9.95799250103014E-17));
#7106=DIRECTION('',(9.36772324949952E-31,-9.95799250103014E-17,-1.));
#7107=DIRECTION('center_axis',(6.5207278538521E-32,-1.,9.95799250103014E-17));
#7108=DIRECTION('ref_axis',(1.,6.52072785385211E-32,9.36772324949952E-31));
#7109=DIRECTION('',(-1.,-6.52072785385211E-32,-9.36772324949952E-31));
#7110=DIRECTION('',(9.36772324949952E-31,-9.95799250103014E-17,-1.));
#7111=DIRECTION('center_axis',(1.,6.52072785385211E-32,9.36772324949952E-31));
#7112=DIRECTION('ref_axis',(-6.5207278538521E-32,1.,-9.95799250103014E-17));
#7113=DIRECTION('',(6.5207278538521E-32,-1.,9.95799250103014E-17));
#7114=DIRECTION('',(9.36772324949952E-31,-9.95799250103014E-17,-1.));
#7115=DIRECTION('center_axis',(-6.5207278538521E-32,1.,-9.95799250103014E-17));
#7116=DIRECTION('ref_axis',(-1.,-6.52072785385211E-32,-9.36772324949952E-31));
#7117=DIRECTION('',(1.,6.52072785385211E-32,9.36772324949952E-31));
#7118=DIRECTION('center_axis',(9.36772324949952E-31,-9.95799250103014E-17,
-1.));
#7119=DIRECTION('ref_axis',(-6.5207278538521E-32,1.,-9.95799250103014E-17));
#7120=DIRECTION('center_axis',(-1.,-6.52072785385211E-32,-9.36772324949952E-31));
#7121=DIRECTION('ref_axis',(6.5207278538521E-32,-1.,9.95799250103014E-17));
#7122=DIRECTION('',(9.36772324949952E-31,-9.95799250103014E-17,-1.));
#7123=DIRECTION('',(-6.5207278538521E-32,1.,-9.95799250103014E-17));
#7124=DIRECTION('',(9.36772324949952E-31,-9.95799250103014E-17,-1.));
#7125=DIRECTION('center_axis',(6.5207278538521E-32,-1.,9.95799250103014E-17));
#7126=DIRECTION('ref_axis',(1.,6.52072785385211E-32,9.36772324949952E-31));
#7127=DIRECTION('',(-1.,-6.52072785385211E-32,-9.36772324949952E-31));
#7128=DIRECTION('',(9.36772324949952E-31,-9.95799250103014E-17,-1.));
#7129=DIRECTION('center_axis',(1.,6.52072785385211E-32,9.36772324949952E-31));
#7130=DIRECTION('ref_axis',(-6.5207278538521E-32,1.,-9.95799250103014E-17));
#7131=DIRECTION('',(6.5207278538521E-32,-1.,9.95799250103014E-17));
#7132=DIRECTION('',(9.36772324949952E-31,-9.95799250103014E-17,-1.));
#7133=DIRECTION('center_axis',(-6.5207278538521E-32,1.,-9.95799250103014E-17));
#7134=DIRECTION('ref_axis',(-1.,-6.52072785385211E-32,-9.36772324949952E-31));
#7135=DIRECTION('',(1.,6.52072785385211E-32,9.36772324949952E-31));
#7136=DIRECTION('center_axis',(9.36772324949952E-31,-9.95799250103014E-17,
-1.));
#7137=DIRECTION('ref_axis',(-6.5207278538521E-32,1.,-9.95799250103014E-17));
#7138=DIRECTION('center_axis',(1.,6.52072785385211E-32,9.36772324949952E-31));
#7139=DIRECTION('ref_axis',(-6.5207278538521E-32,1.,-9.95799250103014E-17));
#7140=DIRECTION('center_axis',(1.,6.52072785385211E-32,9.36772324949952E-31));
#7141=DIRECTION('ref_axis',(-6.5207278538521E-32,1.,-9.95799250103014E-17));
#7142=DIRECTION('',(9.36772324949952E-31,-9.95799250103014E-17,-1.));
#7143=DIRECTION('',(6.5207278538521E-32,-1.,9.95799250103014E-17));
#7144=DIRECTION('',(9.36772324949952E-31,-9.95799250103014E-17,-1.));
#7145=DIRECTION('center_axis',(1.,6.52072785385211E-32,9.36772324949952E-31));
#7146=DIRECTION('ref_axis',(-6.5207278538521E-32,1.,-9.95799250103014E-17));
#7147=DIRECTION('center_axis',(-6.5207278538521E-32,1.,-9.95799250103014E-17));
#7148=DIRECTION('ref_axis',(-1.,-6.52072785385211E-32,-9.36772324949952E-31));
#7149=DIRECTION('',(1.,6.52072785385211E-32,9.36772324949952E-31));
#7150=DIRECTION('',(9.36772324949952E-31,-9.95799250103014E-17,-1.));
#7151=DIRECTION('',(1.,6.52072785385211E-32,9.36772324949952E-31));
#7152=DIRECTION('center_axis',(-1.,-6.52072785385211E-32,-9.36772324949952E-31));
#7153=DIRECTION('ref_axis',(6.5207278538521E-32,-1.,9.95799250103014E-17));
#7154=DIRECTION('center_axis',(-1.,-6.52072785385211E-32,-9.36772324949952E-31));
#7155=DIRECTION('ref_axis',(6.5207278538521E-32,-1.,9.95799250103014E-17));
#7156=DIRECTION('',(9.36772324949952E-31,-9.95799250103014E-17,-1.));
#7157=DIRECTION('',(-6.5207278538521E-32,1.,-9.95799250103014E-17));
#7158=DIRECTION('center_axis',(-1.,-6.52072785385211E-32,-9.36772324949952E-31));
#7159=DIRECTION('ref_axis',(6.5207278538521E-32,-1.,9.95799250103014E-17));
#7160=DIRECTION('center_axis',(6.5207278538521E-32,-1.,9.95799250103014E-17));
#7161=DIRECTION('ref_axis',(1.,6.52072785385211E-32,9.36772324949952E-31));
#7162=DIRECTION('',(-1.,-6.52072785385211E-32,-9.36772324949952E-31));
#7163=DIRECTION('',(-1.,-6.52072785385211E-32,-9.36772324949952E-31));
#7164=DIRECTION('center_axis',(9.36772324949952E-31,-9.95799250103014E-17,
-1.));
#7165=DIRECTION('ref_axis',(-6.5207278538521E-32,1.,-9.95799250103014E-17));
#7166=DIRECTION('center_axis',(1.,6.52072785385211E-32,9.36772324949952E-31));
#7167=DIRECTION('ref_axis',(-6.5207278538521E-32,1.,-9.95799250103014E-17));
#7168=DIRECTION('center_axis',(-1.,-6.52072785385211E-32,-9.36772324949952E-31));
#7169=DIRECTION('ref_axis',(6.5207278538521E-32,-1.,9.95799250103014E-17));
#7170=DIRECTION('center_axis',(1.,6.52072785385211E-32,9.36772324949952E-31));
#7171=DIRECTION('ref_axis',(-6.5207278538521E-32,1.,-9.95799250103014E-17));
#7172=DIRECTION('',(9.36772324949952E-31,-9.95799250103014E-17,-1.));
#7173=DIRECTION('',(6.5207278538521E-32,-1.,9.95799250103014E-17));
#7174=DIRECTION('',(9.36772324949952E-31,-9.95799250103014E-17,-1.));
#7175=DIRECTION('',(6.5207278538521E-32,-1.,9.95799250103014E-17));
#7176=DIRECTION('center_axis',(-6.5207278538521E-32,1.,-9.95799250103014E-17));
#7177=DIRECTION('ref_axis',(-1.,-6.52072785385211E-32,-9.36772324949952E-31));
#7178=DIRECTION('center_axis',(-6.5207278538521E-32,1.,-9.95799250103014E-17));
#7179=DIRECTION('ref_axis',(-1.,-6.52072785385211E-32,-9.36772324949952E-31));
#7180=DIRECTION('',(9.36772324949952E-31,-9.95799250103014E-17,-1.));
#7181=DIRECTION('',(1.,6.52072785385211E-32,9.36772324949952E-31));
#7182=DIRECTION('center_axis',(-6.5207278538521E-32,1.,-9.95799250103014E-17));
#7183=DIRECTION('ref_axis',(-1.,-6.52072785385211E-32,-9.36772324949952E-31));
#7184=DIRECTION('center_axis',(-1.,-6.52072785385211E-32,-9.36772324949952E-31));
#7185=DIRECTION('ref_axis',(6.5207278538521E-32,-1.,9.95799250103014E-17));
#7186=DIRECTION('',(-6.5207278538521E-32,1.,-9.95799250103014E-17));
#7187=DIRECTION('',(9.36772324949952E-31,-9.95799250103014E-17,-1.));
#7188=DIRECTION('',(-6.5207278538521E-32,1.,-9.95799250103014E-17));
#7189=DIRECTION('center_axis',(6.5207278538521E-32,-1.,9.95799250103014E-17));
#7190=DIRECTION('ref_axis',(1.,6.52072785385211E-32,9.36772324949952E-31));
#7191=DIRECTION('center_axis',(6.5207278538521E-32,-1.,9.95799250103014E-17));
#7192=DIRECTION('ref_axis',(1.,6.52072785385211E-32,9.36772324949952E-31));
#7193=DIRECTION('',(-1.,-6.52072785385211E-32,-9.36772324949952E-31));
#7194=DIRECTION('center_axis',(6.5207278538521E-32,-1.,9.95799250103014E-17));
#7195=DIRECTION('ref_axis',(1.,6.52072785385211E-32,9.36772324949952E-31));
#7196=DIRECTION('center_axis',(-9.36772324949952E-31,9.95799250103014E-17,
1.));
#7197=DIRECTION('ref_axis',(6.5207278538521E-32,-1.,9.95799250103014E-17));
#7198=DIRECTION('center_axis',(6.5207278538521E-32,-1.,9.95799250103014E-17));
#7199=DIRECTION('ref_axis',(1.,6.52072785385211E-32,9.36772324949952E-31));
#7200=DIRECTION('center_axis',(-6.5207278538521E-32,1.,-9.95799250103014E-17));
#7201=DIRECTION('ref_axis',(-1.,-6.52072785385211E-32,-9.36772324949952E-31));
#7202=DIRECTION('center_axis',(1.,6.52072785385211E-32,9.36772324949952E-31));
#7203=DIRECTION('ref_axis',(-6.5207278538521E-32,1.,-9.95799250103014E-17));
#7204=DIRECTION('',(9.36772324949952E-31,-9.95799250103014E-17,-1.));
#7205=DIRECTION('',(6.5207278538521E-32,-1.,9.95799250103014E-17));
#7206=DIRECTION('',(9.36772324949952E-31,-9.95799250103014E-17,-1.));
#7207=DIRECTION('center_axis',(-6.5207278538521E-32,1.,-9.95799250103014E-17));
#7208=DIRECTION('ref_axis',(-1.,-6.52072785385211E-32,-9.36772324949952E-31));
#7209=DIRECTION('center_axis',(-6.5207278538521E-32,1.,-9.95799250103014E-17));
#7210=DIRECTION('ref_axis',(-1.,-6.52072785385211E-32,-9.36772324949952E-31));
#7211=DIRECTION('',(9.36772324949952E-31,-9.95799250103014E-17,-1.));
#7212=DIRECTION('',(1.,6.52072785385211E-32,9.36772324949952E-31));
#7213=DIRECTION('',(9.36772324949952E-31,-9.95799250103014E-17,-1.));
#7214=DIRECTION('',(1.,6.52072785385211E-32,9.36772324949952E-31));
#7215=DIRECTION('',(9.36772324949952E-31,-9.95799250103014E-17,-1.));
#7216=DIRECTION('center_axis',(-6.5207278538521E-32,1.,-9.95799250103014E-17));
#7217=DIRECTION('ref_axis',(-1.,-6.52072785385211E-32,-9.36772324949952E-31));
#7218=DIRECTION('center_axis',(-1.,-6.52072785385211E-32,-9.36772324949952E-31));
#7219=DIRECTION('ref_axis',(6.5207278538521E-32,-1.,9.95799250103014E-17));
#7220=DIRECTION('',(-6.5207278538521E-32,1.,-9.95799250103014E-17));
#7221=DIRECTION('',(9.36772324949952E-31,-9.95799250103014E-17,-1.));
#7222=DIRECTION('',(-6.5207278538521E-32,1.,-9.95799250103014E-17));
#7223=DIRECTION('center_axis',(6.5207278538521E-32,-1.,9.95799250103014E-17));
#7224=DIRECTION('ref_axis',(1.,6.52072785385211E-32,9.36772324949952E-31));
#7225=DIRECTION('center_axis',(6.5207278538521E-32,-1.,9.95799250103014E-17));
#7226=DIRECTION('ref_axis',(1.,6.52072785385211E-32,9.36772324949952E-31));
#7227=DIRECTION('',(9.36772324949952E-31,-9.95799250103014E-17,-1.));
#7228=DIRECTION('',(-1.,-6.52072785385211E-32,-9.36772324949952E-31));
#7229=DIRECTION('',(9.36772324949952E-31,-9.95799250103014E-17,-1.));
#7230=DIRECTION('',(-1.,-6.52072785385211E-32,-9.36772324949952E-31));
#7231=DIRECTION('center_axis',(6.5207278538521E-32,-1.,9.95799250103014E-17));
#7232=DIRECTION('ref_axis',(1.,6.52072785385211E-32,9.36772324949952E-31));
#7233=DIRECTION('center_axis',(-9.36772324949952E-31,9.95799250103014E-17,
1.));
#7234=DIRECTION('ref_axis',(6.5207278538521E-32,-1.,9.95799250103014E-17));
#7235=DIRECTION('',(-6.5207278538521E-32,1.,-9.95799250103014E-17));
#7236=DIRECTION('center_axis',(1.,6.52072785385211E-32,9.36772324949952E-31));
#7237=DIRECTION('ref_axis',(-6.5207278538521E-32,1.,-9.95799250103014E-17));
#7238=DIRECTION('',(9.36772324949952E-31,-9.95799250103014E-17,-1.));
#7239=DIRECTION('',(6.5207278538521E-32,-1.,9.95799250103014E-17));
#7240=DIRECTION('',(9.36772324949952E-31,-9.95799250103014E-17,-1.));
#7241=DIRECTION('',(6.5207278538521E-32,-1.,9.95799250103014E-17));
#7242=DIRECTION('center_axis',(-6.5207278538521E-32,1.,-9.95799250103014E-17));
#7243=DIRECTION('ref_axis',(-1.,-6.52072785385211E-32,-9.36772324949952E-31));
#7244=DIRECTION('center_axis',(-6.5207278538521E-32,1.,-9.95799250103014E-17));
#7245=DIRECTION('ref_axis',(-1.,-6.52072785385211E-32,-9.36772324949952E-31));
#7246=DIRECTION('',(9.36772324949952E-31,-9.95799250103014E-17,-1.));
#7247=DIRECTION('',(1.,6.52072785385211E-32,9.36772324949952E-31));
#7248=DIRECTION('center_axis',(-6.5207278538521E-32,1.,-9.95799250103014E-17));
#7249=DIRECTION('ref_axis',(-1.,-6.52072785385211E-32,-9.36772324949952E-31));
#7250=DIRECTION('center_axis',(-1.,-6.52072785385211E-32,-9.36772324949952E-31));
#7251=DIRECTION('ref_axis',(6.5207278538521E-32,-1.,9.95799250103014E-17));
#7252=DIRECTION('',(-6.5207278538521E-32,1.,-9.95799250103014E-17));
#7253=DIRECTION('',(9.36772324949952E-31,-9.95799250103014E-17,-1.));
#7254=DIRECTION('',(-6.5207278538521E-32,1.,-9.95799250103014E-17));
#7255=DIRECTION('center_axis',(6.5207278538521E-32,-1.,9.95799250103014E-17));
#7256=DIRECTION('ref_axis',(1.,6.52072785385211E-32,9.36772324949952E-31));
#7257=DIRECTION('center_axis',(6.5207278538521E-32,-1.,9.95799250103014E-17));
#7258=DIRECTION('ref_axis',(1.,6.52072785385211E-32,9.36772324949952E-31));
#7259=DIRECTION('',(-1.,-6.52072785385211E-32,-9.36772324949952E-31));
#7260=DIRECTION('center_axis',(6.5207278538521E-32,-1.,9.95799250103014E-17));
#7261=DIRECTION('ref_axis',(1.,6.52072785385211E-32,9.36772324949952E-31));
#7262=DIRECTION('center_axis',(-9.36772324949952E-31,9.95799250103014E-17,
1.));
#7263=DIRECTION('ref_axis',(6.5207278538521E-32,-1.,9.95799250103014E-17));
#7264=DIRECTION('center_axis',(6.5207278538521E-32,-1.,9.95799250103014E-17));
#7265=DIRECTION('ref_axis',(1.,6.52072785385211E-32,9.36772324949952E-31));
#7266=DIRECTION('center_axis',(6.5207278538521E-32,-1.,9.95799250103014E-17));
#7267=DIRECTION('ref_axis',(1.,6.52072785385211E-32,9.36772324949952E-31));
#7268=DIRECTION('center_axis',(-6.5207278538521E-32,1.,-9.95799250103014E-17));
#7269=DIRECTION('ref_axis',(-1.,-6.52072785385211E-32,-9.36772324949952E-31));
#7270=DIRECTION('center_axis',(-6.5207278538521E-32,1.,-9.95799250103014E-17));
#7271=DIRECTION('ref_axis',(-1.,-6.52072785385211E-32,-9.36772324949952E-31));
#7272=DIRECTION('center_axis',(1.,6.52072785385211E-32,9.36772324949952E-31));
#7273=DIRECTION('ref_axis',(-6.5207278538521E-32,1.,-9.95799250103014E-17));
#7274=DIRECTION('',(6.5207278538521E-32,-1.,9.95799250103014E-17));
#7275=DIRECTION('center_axis',(-1.,-6.52072785385211E-32,-9.36772324949952E-31));
#7276=DIRECTION('ref_axis',(6.5207278538521E-32,-1.,9.95799250103014E-17));
#7277=DIRECTION('',(-6.5207278538521E-32,1.,-9.95799250103014E-17));
#7278=DIRECTION('center_axis',(-9.36772324949952E-31,9.95799250103014E-17,
1.));
#7279=DIRECTION('ref_axis',(6.5207278538521E-32,-1.,9.95799250103014E-17));
#7280=DIRECTION('center_axis',(1.,6.52072785385211E-32,9.36772324949952E-31));
#7281=DIRECTION('ref_axis',(-6.5207278538521E-32,1.,-9.95799250103014E-17));
#7282=DIRECTION('',(9.36772324949952E-31,-9.95799250103014E-17,-1.));
#7283=DIRECTION('',(6.5207278538521E-32,-1.,9.95799250103014E-17));
#7284=DIRECTION('',(9.36772324949952E-31,-9.95799250103014E-17,-1.));
#7285=DIRECTION('',(6.5207278538521E-32,-1.,9.95799250103014E-17));
#7286=DIRECTION('center_axis',(-6.5207278538521E-32,1.,-9.95799250103014E-17));
#7287=DIRECTION('ref_axis',(-1.,-6.52072785385211E-32,-9.36772324949952E-31));
#7288=DIRECTION('center_axis',(-6.5207278538521E-32,1.,-9.95799250103014E-17));
#7289=DIRECTION('ref_axis',(-1.,-6.52072785385211E-32,-9.36772324949952E-31));
#7290=DIRECTION('',(9.36772324949952E-31,-9.95799250103014E-17,-1.));
#7291=DIRECTION('',(1.,6.52072785385211E-32,9.36772324949952E-31));
#7292=DIRECTION('center_axis',(-6.5207278538521E-32,1.,-9.95799250103014E-17));
#7293=DIRECTION('ref_axis',(-1.,-6.52072785385211E-32,-9.36772324949952E-31));
#7294=DIRECTION('center_axis',(-1.,-6.52072785385211E-32,-9.36772324949952E-31));
#7295=DIRECTION('ref_axis',(6.5207278538521E-32,-1.,9.95799250103014E-17));
#7296=DIRECTION('',(-6.5207278538521E-32,1.,-9.95799250103014E-17));
#7297=DIRECTION('',(9.36772324949952E-31,-9.95799250103014E-17,-1.));
#7298=DIRECTION('',(-6.5207278538521E-32,1.,-9.95799250103014E-17));
#7299=DIRECTION('center_axis',(6.5207278538521E-32,-1.,9.95799250103014E-17));
#7300=DIRECTION('ref_axis',(1.,6.52072785385211E-32,9.36772324949952E-31));
#7301=DIRECTION('center_axis',(6.5207278538521E-32,-1.,9.95799250103014E-17));
#7302=DIRECTION('ref_axis',(1.,6.52072785385211E-32,9.36772324949952E-31));
#7303=DIRECTION('',(-1.,-6.52072785385211E-32,-9.36772324949952E-31));
#7304=DIRECTION('center_axis',(6.5207278538521E-32,-1.,9.95799250103014E-17));
#7305=DIRECTION('ref_axis',(1.,6.52072785385211E-32,9.36772324949952E-31));
#7306=DIRECTION('center_axis',(-9.36772324949952E-31,9.95799250103014E-17,
1.));
#7307=DIRECTION('ref_axis',(6.5207278538521E-32,-1.,9.95799250103014E-17));
#7308=DIRECTION('center_axis',(1.,6.52072785385211E-32,9.36772324949952E-31));
#7309=DIRECTION('ref_axis',(-6.5207278538521E-32,1.,-9.95799250103014E-17));
#7310=DIRECTION('',(9.36772324949952E-31,-9.95799250103014E-17,-1.));
#7311=DIRECTION('',(6.5207278538521E-32,-1.,9.95799250103014E-17));
#7312=DIRECTION('',(9.36772324949952E-31,-9.95799250103014E-17,-1.));
#7313=DIRECTION('',(6.5207278538521E-32,-1.,9.95799250103014E-17));
#7314=DIRECTION('center_axis',(-6.5207278538521E-32,1.,-9.95799250103014E-17));
#7315=DIRECTION('ref_axis',(-1.,-6.52072785385211E-32,-9.36772324949952E-31));
#7316=DIRECTION('center_axis',(-6.5207278538521E-32,1.,-9.95799250103014E-17));
#7317=DIRECTION('ref_axis',(-1.,-6.52072785385211E-32,-9.36772324949952E-31));
#7318=DIRECTION('',(9.36772324949952E-31,-9.95799250103014E-17,-1.));
#7319=DIRECTION('',(1.,6.52072785385211E-32,9.36772324949952E-31));
#7320=DIRECTION('center_axis',(-6.5207278538521E-32,1.,-9.95799250103014E-17));
#7321=DIRECTION('ref_axis',(-1.,-6.52072785385211E-32,-9.36772324949952E-31));
#7322=DIRECTION('center_axis',(-1.,-6.52072785385211E-32,-9.36772324949952E-31));
#7323=DIRECTION('ref_axis',(6.5207278538521E-32,-1.,9.95799250103014E-17));
#7324=DIRECTION('',(-6.5207278538521E-32,1.,-9.95799250103014E-17));
#7325=DIRECTION('',(9.36772324949952E-31,-9.95799250103014E-17,-1.));
#7326=DIRECTION('',(-6.5207278538521E-32,1.,-9.95799250103014E-17));
#7327=DIRECTION('center_axis',(6.5207278538521E-32,-1.,9.95799250103014E-17));
#7328=DIRECTION('ref_axis',(1.,6.52072785385211E-32,9.36772324949952E-31));
#7329=DIRECTION('center_axis',(6.5207278538521E-32,-1.,9.95799250103014E-17));
#7330=DIRECTION('ref_axis',(1.,6.52072785385211E-32,9.36772324949952E-31));
#7331=DIRECTION('',(-1.,-6.52072785385211E-32,-9.36772324949952E-31));
#7332=DIRECTION('center_axis',(6.5207278538521E-32,-1.,9.95799250103014E-17));
#7333=DIRECTION('ref_axis',(1.,6.52072785385211E-32,9.36772324949952E-31));
#7334=DIRECTION('center_axis',(-9.36772324949952E-31,9.95799250103014E-17,
1.));
#7335=DIRECTION('ref_axis',(6.5207278538521E-32,-1.,9.95799250103014E-17));
#7336=DIRECTION('center_axis',(1.,6.52072785385211E-32,9.36772324949952E-31));
#7337=DIRECTION('ref_axis',(-6.5207278538521E-32,1.,-9.95799250103014E-17));
#7338=DIRECTION('',(9.36772324949952E-31,-9.95799250103014E-17,-1.));
#7339=DIRECTION('',(6.5207278538521E-32,-1.,9.95799250103014E-17));
#7340=DIRECTION('',(9.36772324949952E-31,-9.95799250103014E-17,-1.));
#7341=DIRECTION('',(6.5207278538521E-32,-1.,9.95799250103014E-17));
#7342=DIRECTION('center_axis',(-6.5207278538521E-32,1.,-9.95799250103014E-17));
#7343=DIRECTION('ref_axis',(-1.,-6.52072785385211E-32,-9.36772324949952E-31));
#7344=DIRECTION('center_axis',(-6.5207278538521E-32,1.,-9.95799250103014E-17));
#7345=DIRECTION('ref_axis',(-1.,-6.52072785385211E-32,-9.36772324949952E-31));
#7346=DIRECTION('',(9.36772324949952E-31,-9.95799250103014E-17,-1.));
#7347=DIRECTION('',(1.,6.52072785385211E-32,9.36772324949952E-31));
#7348=DIRECTION('center_axis',(-6.5207278538521E-32,1.,-9.95799250103014E-17));
#7349=DIRECTION('ref_axis',(-1.,-6.52072785385211E-32,-9.36772324949952E-31));
#7350=DIRECTION('center_axis',(-1.,-6.52072785385211E-32,-9.36772324949952E-31));
#7351=DIRECTION('ref_axis',(6.5207278538521E-32,-1.,9.95799250103014E-17));
#7352=DIRECTION('',(-6.5207278538521E-32,1.,-9.95799250103014E-17));
#7353=DIRECTION('',(9.36772324949952E-31,-9.95799250103014E-17,-1.));
#7354=DIRECTION('',(-6.5207278538521E-32,1.,-9.95799250103014E-17));
#7355=DIRECTION('center_axis',(6.5207278538521E-32,-1.,9.95799250103014E-17));
#7356=DIRECTION('ref_axis',(1.,6.52072785385211E-32,9.36772324949952E-31));
#7357=DIRECTION('center_axis',(6.5207278538521E-32,-1.,9.95799250103014E-17));
#7358=DIRECTION('ref_axis',(1.,6.52072785385211E-32,9.36772324949952E-31));
#7359=DIRECTION('',(-1.,-6.52072785385211E-32,-9.36772324949952E-31));
#7360=DIRECTION('center_axis',(6.5207278538521E-32,-1.,9.95799250103014E-17));
#7361=DIRECTION('ref_axis',(1.,6.52072785385211E-32,9.36772324949952E-31));
#7362=DIRECTION('center_axis',(-9.36772324949952E-31,9.95799250103014E-17,
1.));
#7363=DIRECTION('ref_axis',(6.5207278538521E-32,-1.,9.95799250103014E-17));
#7364=DIRECTION('center_axis',(1.,6.52072785385211E-32,9.36772324949952E-31));
#7365=DIRECTION('ref_axis',(-6.5207278538521E-32,1.,-9.95799250103014E-17));
#7366=DIRECTION('',(9.36772324949952E-31,-9.95799250103014E-17,-1.));
#7367=DIRECTION('',(6.5207278538521E-32,-1.,9.95799250103014E-17));
#7368=DIRECTION('',(9.36772324949952E-31,-9.95799250103014E-17,-1.));
#7369=DIRECTION('',(6.5207278538521E-32,-1.,9.95799250103014E-17));
#7370=DIRECTION('center_axis',(-6.5207278538521E-32,1.,-9.95799250103014E-17));
#7371=DIRECTION('ref_axis',(-1.,-6.52072785385211E-32,-9.36772324949952E-31));
#7372=DIRECTION('center_axis',(-6.5207278538521E-32,1.,-9.95799250103014E-17));
#7373=DIRECTION('ref_axis',(-1.,-6.52072785385211E-32,-9.36772324949952E-31));
#7374=DIRECTION('',(9.36772324949952E-31,-9.95799250103014E-17,-1.));
#7375=DIRECTION('',(1.,6.52072785385211E-32,9.36772324949952E-31));
#7376=DIRECTION('center_axis',(-6.5207278538521E-32,1.,-9.95799250103014E-17));
#7377=DIRECTION('ref_axis',(-1.,-6.52072785385211E-32,-9.36772324949952E-31));
#7378=DIRECTION('center_axis',(-1.,-6.52072785385211E-32,-9.36772324949952E-31));
#7379=DIRECTION('ref_axis',(6.5207278538521E-32,-1.,9.95799250103014E-17));
#7380=DIRECTION('',(-6.5207278538521E-32,1.,-9.95799250103014E-17));
#7381=DIRECTION('',(9.36772324949952E-31,-9.95799250103014E-17,-1.));
#7382=DIRECTION('',(-6.5207278538521E-32,1.,-9.95799250103014E-17));
#7383=DIRECTION('center_axis',(6.5207278538521E-32,-1.,9.95799250103014E-17));
#7384=DIRECTION('ref_axis',(1.,6.52072785385211E-32,9.36772324949952E-31));
#7385=DIRECTION('center_axis',(6.5207278538521E-32,-1.,9.95799250103014E-17));
#7386=DIRECTION('ref_axis',(1.,6.52072785385211E-32,9.36772324949952E-31));
#7387=DIRECTION('',(-1.,-6.52072785385211E-32,-9.36772324949952E-31));
#7388=DIRECTION('center_axis',(6.5207278538521E-32,-1.,9.95799250103014E-17));
#7389=DIRECTION('ref_axis',(1.,6.52072785385211E-32,9.36772324949952E-31));
#7390=DIRECTION('center_axis',(-9.36772324949952E-31,9.95799250103014E-17,
1.));
#7391=DIRECTION('ref_axis',(6.5207278538521E-32,-1.,9.95799250103014E-17));
#7392=DIRECTION('center_axis',(1.,6.52072785385211E-32,9.36772324949952E-31));
#7393=DIRECTION('ref_axis',(-6.5207278538521E-32,1.,-9.95799250103014E-17));
#7394=DIRECTION('',(9.36772324949952E-31,-9.95799250103014E-17,-1.));
#7395=DIRECTION('',(6.5207278538521E-32,-1.,9.95799250103014E-17));
#7396=DIRECTION('',(9.36772324949952E-31,-9.95799250103014E-17,-1.));
#7397=DIRECTION('center_axis',(-6.5207278538521E-32,1.,-9.95799250103014E-17));
#7398=DIRECTION('ref_axis',(-1.,-6.52072785385211E-32,-9.36772324949952E-31));
#7399=DIRECTION('',(9.36772324949952E-31,-9.95799250103014E-17,-1.));
#7400=DIRECTION('',(1.,6.52072785385211E-32,9.36772324949952E-31));
#7401=DIRECTION('center_axis',(-1.,-6.52072785385211E-32,-9.36772324949952E-31));
#7402=DIRECTION('ref_axis',(6.5207278538521E-32,-1.,9.95799250103014E-17));
#7403=DIRECTION('',(9.36772324949952E-31,-9.95799250103014E-17,-1.));
#7404=DIRECTION('',(-6.5207278538521E-32,1.,-9.95799250103014E-17));
#7405=DIRECTION('center_axis',(6.5207278538521E-32,-1.,9.95799250103014E-17));
#7406=DIRECTION('ref_axis',(1.,6.52072785385211E-32,9.36772324949952E-31));
#7407=DIRECTION('',(-1.,-6.52072785385211E-32,-9.36772324949952E-31));
#7408=DIRECTION('center_axis',(-9.36772324949952E-31,9.95799250103014E-17,
1.));
#7409=DIRECTION('ref_axis',(6.5207278538521E-32,-1.,9.95799250103014E-17));
#7410=DIRECTION('center_axis',(1.,6.52072785385211E-32,9.36772324949952E-31));
#7411=DIRECTION('ref_axis',(-6.5207278538521E-32,1.,-9.95799250103014E-17));
#7412=DIRECTION('',(9.36772324949952E-31,-9.95799250103014E-17,-1.));
#7413=DIRECTION('',(6.5207278538521E-32,-1.,9.95799250103014E-17));
#7414=DIRECTION('',(9.36772324949952E-31,-9.95799250103014E-17,-1.));
#7415=DIRECTION('',(6.5207278538521E-32,-1.,9.95799250103014E-17));
#7416=DIRECTION('center_axis',(-6.5207278538521E-32,1.,-9.95799250103014E-17));
#7417=DIRECTION('ref_axis',(-1.,-6.52072785385211E-32,-9.36772324949952E-31));
#7418=DIRECTION('center_axis',(-6.5207278538521E-32,1.,-9.95799250103014E-17));
#7419=DIRECTION('ref_axis',(-1.,-6.52072785385211E-32,-9.36772324949952E-31));
#7420=DIRECTION('',(9.36772324949952E-31,-9.95799250103014E-17,-1.));
#7421=DIRECTION('',(1.,6.52072785385211E-32,9.36772324949952E-31));
#7422=DIRECTION('center_axis',(-6.5207278538521E-32,1.,-9.95799250103014E-17));
#7423=DIRECTION('ref_axis',(-1.,-6.52072785385211E-32,-9.36772324949952E-31));
#7424=DIRECTION('center_axis',(-1.,-6.52072785385211E-32,-9.36772324949952E-31));
#7425=DIRECTION('ref_axis',(6.5207278538521E-32,-1.,9.95799250103014E-17));
#7426=DIRECTION('',(-6.5207278538521E-32,1.,-9.95799250103014E-17));
#7427=DIRECTION('',(9.36772324949952E-31,-9.95799250103014E-17,-1.));
#7428=DIRECTION('',(-6.5207278538521E-32,1.,-9.95799250103014E-17));
#7429=DIRECTION('center_axis',(6.5207278538521E-32,-1.,9.95799250103014E-17));
#7430=DIRECTION('ref_axis',(1.,6.52072785385211E-32,9.36772324949952E-31));
#7431=DIRECTION('center_axis',(6.5207278538521E-32,-1.,9.95799250103014E-17));
#7432=DIRECTION('ref_axis',(1.,6.52072785385211E-32,9.36772324949952E-31));
#7433=DIRECTION('',(-1.,-6.52072785385211E-32,-9.36772324949952E-31));
#7434=DIRECTION('center_axis',(6.5207278538521E-32,-1.,9.95799250103014E-17));
#7435=DIRECTION('ref_axis',(1.,6.52072785385211E-32,9.36772324949952E-31));
#7436=DIRECTION('center_axis',(-9.36772324949952E-31,9.95799250103014E-17,
1.));
#7437=DIRECTION('ref_axis',(6.5207278538521E-32,-1.,9.95799250103014E-17));
#7438=DIRECTION('center_axis',(1.,6.52072785385211E-32,9.36772324949952E-31));
#7439=DIRECTION('ref_axis',(-6.5207278538521E-32,1.,-9.95799250103014E-17));
#7440=DIRECTION('',(9.36772324949952E-31,-9.95799250103014E-17,-1.));
#7441=DIRECTION('',(6.5207278538521E-32,-1.,9.95799250103014E-17));
#7442=DIRECTION('',(9.36772324949952E-31,-9.95799250103014E-17,-1.));
#7443=DIRECTION('',(6.5207278538521E-32,-1.,9.95799250103014E-17));
#7444=DIRECTION('center_axis',(-6.5207278538521E-32,1.,-9.95799250103014E-17));
#7445=DIRECTION('ref_axis',(-1.,-6.52072785385211E-32,-9.36772324949952E-31));
#7446=DIRECTION('center_axis',(-6.5207278538521E-32,1.,-9.95799250103014E-17));
#7447=DIRECTION('ref_axis',(-1.,-6.52072785385211E-32,-9.36772324949952E-31));
#7448=DIRECTION('',(9.36772324949952E-31,-9.95799250103014E-17,-1.));
#7449=DIRECTION('',(1.,6.52072785385211E-32,9.36772324949952E-31));
#7450=DIRECTION('center_axis',(-6.5207278538521E-32,1.,-9.95799250103014E-17));
#7451=DIRECTION('ref_axis',(-1.,-6.52072785385211E-32,-9.36772324949952E-31));
#7452=DIRECTION('center_axis',(-1.,-6.52072785385211E-32,-9.36772324949952E-31));
#7453=DIRECTION('ref_axis',(6.5207278538521E-32,-1.,9.95799250103014E-17));
#7454=DIRECTION('',(-6.5207278538521E-32,1.,-9.95799250103014E-17));
#7455=DIRECTION('',(9.36772324949952E-31,-9.95799250103014E-17,-1.));
#7456=DIRECTION('',(-6.5207278538521E-32,1.,-9.95799250103014E-17));
#7457=DIRECTION('center_axis',(6.5207278538521E-32,-1.,9.95799250103014E-17));
#7458=DIRECTION('ref_axis',(1.,6.52072785385211E-32,9.36772324949952E-31));
#7459=DIRECTION('center_axis',(6.5207278538521E-32,-1.,9.95799250103014E-17));
#7460=DIRECTION('ref_axis',(1.,6.52072785385211E-32,9.36772324949952E-31));
#7461=DIRECTION('',(-1.,-6.52072785385211E-32,-9.36772324949952E-31));
#7462=DIRECTION('center_axis',(6.5207278538521E-32,-1.,9.95799250103014E-17));
#7463=DIRECTION('ref_axis',(1.,6.52072785385211E-32,9.36772324949952E-31));
#7464=DIRECTION('center_axis',(-9.36772324949952E-31,9.95799250103014E-17,
1.));
#7465=DIRECTION('ref_axis',(6.5207278538521E-32,-1.,9.95799250103014E-17));
#7466=DIRECTION('center_axis',(6.5207278538521E-32,-1.,9.95799250103014E-17));
#7467=DIRECTION('ref_axis',(1.,6.52072785385211E-32,9.36772324949952E-31));
#7468=DIRECTION('center_axis',(6.5207278538521E-32,-1.,9.95799250103014E-17));
#7469=DIRECTION('ref_axis',(1.,6.52072785385211E-32,9.36772324949952E-31));
#7470=DIRECTION('center_axis',(6.5207278538521E-32,-1.,9.95799250103014E-17));
#7471=DIRECTION('ref_axis',(1.,6.52072785385211E-32,9.36772324949952E-31));
#7472=DIRECTION('center_axis',(6.5207278538521E-32,-1.,9.95799250103014E-17));
#7473=DIRECTION('ref_axis',(1.,6.52072785385211E-32,9.36772324949952E-31));
#7474=DIRECTION('center_axis',(6.5207278538521E-32,-1.,9.95799250103014E-17));
#7475=DIRECTION('ref_axis',(1.,6.52072785385211E-32,9.36772324949952E-31));
#7476=DIRECTION('center_axis',(6.5207278538521E-32,-1.,9.95799250103014E-17));
#7477=DIRECTION('ref_axis',(1.,6.52072785385211E-32,9.36772324949952E-31));
#7478=DIRECTION('center_axis',(-6.5207278538521E-32,1.,-9.95799250103014E-17));
#7479=DIRECTION('ref_axis',(-1.,-6.52072785385211E-32,-9.36772324949952E-31));
#7480=DIRECTION('center_axis',(-6.5207278538521E-32,1.,-9.95799250103014E-17));
#7481=DIRECTION('ref_axis',(-1.,-6.52072785385211E-32,-9.36772324949952E-31));
#7482=DIRECTION('center_axis',(-6.5207278538521E-32,1.,-9.95799250103014E-17));
#7483=DIRECTION('ref_axis',(-1.,-6.52072785385211E-32,-9.36772324949952E-31));
#7484=DIRECTION('center_axis',(-6.5207278538521E-32,1.,-9.95799250103014E-17));
#7485=DIRECTION('ref_axis',(-1.,-6.52072785385211E-32,-9.36772324949952E-31));
#7486=DIRECTION('center_axis',(-6.5207278538521E-32,1.,-9.95799250103014E-17));
#7487=DIRECTION('ref_axis',(-1.,-6.52072785385211E-32,-9.36772324949952E-31));
#7488=DIRECTION('center_axis',(-6.5207278538521E-32,1.,-9.95799250103014E-17));
#7489=DIRECTION('ref_axis',(-1.,-6.52072785385211E-32,-9.36772324949952E-31));
#7490=DIRECTION('',(-8.88428379011529E-16,-1.51725100316529E-15,0.999999999999998));
#7491=DIRECTION('',(1.,-3.4694469519536E-17,-3.74700270810989E-16));
#7492=DIRECTION('axis',(0.,0.,1.));
#7493=DIRECTION('refdir',(1.,0.,0.));
#7494=DIRECTION('axis',(0.,0.,1.));
#7495=DIRECTION('refdir',(1.,0.,0.));
#7496=DIRECTION('axis',(0.,0.,1.));
#7497=DIRECTION('refdir',(1.,0.,0.));
#7498=DIRECTION('',(-8.69872411333965E-16,1.30570109275381E-16,1.));
#7499=DIRECTION('',(1.,-1.66533453693775E-16,1.11022302462516E-16));
#7500=DIRECTION('axis',(0.,0.,1.));
#7501=DIRECTION('refdir',(1.,0.,0.));
#7502=DIRECTION('axis',(0.,0.,1.));
#7503=DIRECTION('refdir',(1.,0.,0.));
#7504=DIRECTION('',(1.37710940513052E-16,1.71680973339478E-16,0.999999999999999));
#7505=DIRECTION('',(1.,-4.44089209850062E-16,-1.0547118733939E-15));
#7506=DIRECTION('axis',(0.,0.,1.));
#7507=DIRECTION('refdir',(1.,0.,0.));
#7508=DIRECTION('axis',(0.,0.,1.));
#7509=DIRECTION('refdir',(1.,0.,0.));
#7510=DIRECTION('',(6.15900461147379E-17,1.72389578179874E-17,0.999999999999999));
#7511=DIRECTION('',(1.,-1.94289029309388E-16,1.73472347597681E-16));
#7512=DIRECTION('',(0.,0.,1.));
#7513=DIRECTION('',(1.,0.,0.));
#7514=DIRECTION('',(0.,0.,1.));
#7515=DIRECTION('',(1.,0.,0.));
#7516=DIRECTION('',(-5.12772058895477E-17,2.12634914155817E-17,-1.));
#7517=DIRECTION('',(1.,-1.11022302462516E-16,-5.12772058895477E-17));
#7518=DIRECTION('axis',(0.,0.,1.));
#7519=DIRECTION('refdir',(1.,0.,0.));
#7520=DIRECTION('center_axis',(1.,0.,0.));
#7521=DIRECTION('ref_axis',(0.,-1.,0.));
#7522=DIRECTION('',(0.,0.,1.));
#7523=DIRECTION('',(0.,-1.,0.));
#7524=DIRECTION('',(0.,0.,-1.));
#7525=DIRECTION('',(0.,1.,0.));
#7526=DIRECTION('center_axis',(0.,-1.,0.));
#7527=DIRECTION('ref_axis',(0.,0.,1.));
#7528=DIRECTION('',(-1.,0.,0.));
#7529=DIRECTION('',(1.,0.,0.));
#7530=DIRECTION('',(0.,0.,1.));
#7531=DIRECTION('center_axis',(-1.,0.,0.));
#7532=DIRECTION('ref_axis',(0.,1.,0.));
#7533=DIRECTION('',(0.,1.,0.));
#7534=DIRECTION('',(0.,-1.,0.));
#7535=DIRECTION('',(0.,0.,1.));
#7536=DIRECTION('center_axis',(0.,1.,0.));
#7537=DIRECTION('ref_axis',(0.,0.,-1.));
#7538=DIRECTION('',(1.,0.,0.));
#7539=DIRECTION('',(-1.,0.,0.));
#7540=DIRECTION('center_axis',(0.,0.,-1.));
#7541=DIRECTION('ref_axis',(1.,0.,0.));
#7542=DIRECTION('',(1.,0.,0.));
#7543=DIRECTION('',(0.,-1.,0.));
#7544=DIRECTION('',(-1.,0.,0.));
#7545=DIRECTION('',(0.,1.,0.));
#7546=DIRECTION('center_axis',(0.,0.,1.));
#7547=DIRECTION('ref_axis',(-1.,0.,0.));
#7548=DIRECTION('',(0.,-1.,0.));
#7549=DIRECTION('',(1.,0.,0.));
#7550=DIRECTION('',(0.,1.,0.));
#7551=DIRECTION('',(-1.,0.,0.));
#7552=DIRECTION('center_axis',(0.707106781186546,0.707106781186549,-2.35513868802567E-16));
#7553=DIRECTION('ref_axis',(-1.23259516440783E-31,-3.33066907387547E-16,
-1.));
#7554=DIRECTION('center_axis',(0.707126101003677,0.707087460660395,-1.6005354283764E-5));
#7555=DIRECTION('ref_axis',(0.707084123950394,-0.707122694207999,0.00308820228048818));
#7556=DIRECTION('',(0.577350269189637,-0.577350269189622,-0.577350269189618));
#7557=DIRECTION('',(5.65136258738425E-16,-8.47704388107638E-16,-1.));
#7558=DIRECTION('',(-0.577350269189618,0.577350269189627,-0.577350269189632));
#7559=DIRECTION('',(0.,-4.02459085964366E-15,1.));
#7560=DIRECTION('center_axis',(0.707106781186553,-4.35455330338075E-17,
-0.707106781186542));
#7561=DIRECTION('ref_axis',(-6.15826833971757E-17,-1.,6.16297582203915E-33));
#7562=DIRECTION('',(0.,1.,-2.00035300823576E-16));
#7563=DIRECTION('',(0.707106781186539,0.,0.707106781186556));
#7564=DIRECTION('',(-0.707106781186539,0.,-0.707106781186556));
#7565=DIRECTION('',(0.,1.,-1.79977560632594E-16));
#7566=DIRECTION('',(0.707106781186549,0.,0.707106781186546));
#7567=DIRECTION('',(0.,-1.,0.));
#7568=DIRECTION('',(-0.577350269189619,-0.577350269189628,-0.577350269189631));
#7569=DIRECTION('',(-0.707106781186547,0.,-0.707106781186548));
#7570=DIRECTION('center_axis',(0.,-1.,0.));
#7571=DIRECTION('ref_axis',(0.,0.,1.));
#7572=DIRECTION('',(0.70710678118655,0.,-0.707106781186545));
#7573=DIRECTION('',(1.,0.,-2.07965077779453E-15));
#7574=DIRECTION('center_axis',(0.,1.,0.));
#7575=DIRECTION('ref_axis',(0.,0.,-1.));
#7576=DIRECTION('',(-1.,0.,2.08589441285421E-15));
#7577=DIRECTION('',(-0.70710678118655,0.,0.707106781186545));
#7578=DIRECTION('center_axis',(0.,0.,-1.));
#7579=DIRECTION('ref_axis',(1.,0.,0.));
#7580=DIRECTION('',(-1.,0.,2.07947734348732E-15));
#7581=DIRECTION('',(0.,1.,-1.79977560632594E-16));
#7582=DIRECTION('center_axis',(0.,0.,-1.));
#7583=DIRECTION('ref_axis',(1.,0.,0.));
#7584=DIRECTION('',(0.,1.,-1.79977560632594E-16));
#7585=DIRECTION('',(1.,0.,-2.07965077779453E-15));
#7586=DIRECTION('center_axis',(-0.707106781186556,-1.53482671010006E-16,
-0.707106781186539));
#7587=DIRECTION('ref_axis',(-2.17057274931596E-16,1.,1.23259516440783E-31));
#7588=DIRECTION('',(-0.707106781186545,0.,0.70710678118655));
#7589=DIRECTION('',(-0.577350269189619,0.577350269189627,0.577350269189632));
#7590=DIRECTION('',(-3.00215178918325E-16,1.,-7.50537947295814E-17));
#7591=DIRECTION('',(0.577350269189618,0.577350269189626,-0.577350269189633));
#7592=DIRECTION('',(0.707106781186547,0.,-0.707106781186548));
#7593=DIRECTION('center_axis',(0.,1.,0.));
#7594=DIRECTION('ref_axis',(0.,0.,-1.));
#7595=DIRECTION('',(1.,0.,0.));
#7596=DIRECTION('',(4.02459085964366E-15,-4.02459085964366E-15,1.));
#7597=DIRECTION('center_axis',(-0.70710678118655,0.707106781186546,5.06354817925519E-15));
#7598=DIRECTION('ref_axis',(0.707106781186546,0.70710678118655,3.94430452610506E-31));
#7599=DIRECTION('',(4.23852194053818E-15,-2.68439722900751E-15,1.));
#7600=DIRECTION('',(0.577350269189644,0.577350269189629,0.577350269189604));
#7601=DIRECTION('center_axis',(-0.707126027331206,0.707087534338264,-1.59443197738031E-5));
#7602=DIRECTION('ref_axis',(0.707084234222629,0.707122657781458,-0.00307124826190196));
#7603=DIRECTION('center_axis',(0.707106781186557,-0.707106781186538,-4.12149270404492E-16));
#7604=DIRECTION('ref_axis',(-0.707106781186538,-0.707106781186557,-2.46519032881566E-32));
#7605=DIRECTION('center_axis',(0.70712774249506,-0.707085819043408,-1.73652622564444E-5));
#7606=DIRECTION('ref_axis',(0.707082576455805,0.707124424910142,0.00304594289517575));
#7607=DIRECTION('',(0.,0.,-1.));
#7608=DIRECTION('',(3.67338568179977E-15,3.03760739071904E-15,1.));
#7609=DIRECTION('',(-0.577350269189633,-0.577350269189631,0.577350269189613));
#7610=DIRECTION('center_axis',(0.707106781186541,3.92523114671036E-17,0.707106781186554));
#7611=DIRECTION('ref_axis',(-0.707106781186554,-3.08148791101958E-33,0.707106781186541));
#7612=DIRECTION('center_axis',(0.707127742501188,1.73652673417535E-5,0.70708581903728));
#7613=DIRECTION('ref_axis',(0.707082576621741,-0.00304586255088834,-0.707124425090296));
#7614=DIRECTION('',(-2.70193661026493E-15,1.,2.70193661026493E-15));
#7615=DIRECTION('center_axis',(0.707127795226059,-1.74089480442324E-5,0.707085766308205));
#7616=DIRECTION('ref_axis',(0.707082499603268,0.00305722836440538,-0.707124453055841));
#7617=DIRECTION('center_axis',(0.,-1.,0.));
#7618=DIRECTION('ref_axis',(0.,0.,1.));
#7619=DIRECTION('',(-4.02459085964357E-15,0.,-1.));
#7620=DIRECTION('',(-1.,0.,0.));
#7621=DIRECTION('center_axis',(-0.707106781186535,2.43560804486987E-29,
0.70710678118656));
#7622=DIRECTION('ref_axis',(-0.70710678118656,0.,-0.707106781186535));
#7623=DIRECTION('center_axis',(-0.707127716819297,-1.73439912046123E-5,
0.707085844721215));
#7624=DIRECTION('ref_axis',(0.707082613842376,-0.00304044875795201,0.70712441117047));
#7625=DIRECTION('',(2.70193661026493E-15,-1.,2.70193661026493E-15));
#7626=DIRECTION('',(0.577350269189627,-0.577350269189644,0.577350269189606));
#7627=DIRECTION('center_axis',(-0.707126099706609,1.60042797033018E-5,0.707087461957559));
#7628=DIRECTION('ref_axis',(0.707084122993976,0.00308923842354428,0.707122690638479));
#7629=DIRECTION('center_axis',(-0.707106781186553,-0.707106781186542,2.37476484375923E-15));
#7630=DIRECTION('ref_axis',(-0.707106781186542,0.707106781186553,0.));
#7631=DIRECTION('',(-3.24953348774594E-15,-7.0642032342303E-17,-1.));
#7632=DIRECTION('center_axis',(-0.707127795225715,-0.707085766308549,-1.74089475023467E-5));
#7633=DIRECTION('ref_axis',(0.707082499603603,-0.70712445305549,-0.00305722836812558));
#7634=DIRECTION('center_axis',(1.,0.,0.));
#7635=DIRECTION('ref_axis',(0.,8.03398019299435E-16,1.));
#7636=DIRECTION('center_axis',(1.,0.,0.));
#7637=DIRECTION('ref_axis',(0.,0.707106781186588,0.707106781186507));
#7638=DIRECTION('center_axis',(1.,0.,0.));
#7639=DIRECTION('ref_axis',(0.,0.707106781186588,0.707106781186507));
#7640=DIRECTION('center_axis',(0.70712771681928,1.73439911827248E-5,-0.707085844721232));
#7641=DIRECTION('ref_axis',(0.707082613842392,-0.00304044875821223,0.707124411170452));
#7642=DIRECTION('',(1.,0.,0.));
#7643=DIRECTION('center_axis',(-0.70712779522608,1.74089480583658E-5,-0.707085766308184));
#7644=DIRECTION('ref_axis',(0.707082499603244,0.00305722836598506,-0.707124453055859));
#7645=DIRECTION('center_axis',(-0.707126101003643,-0.70708746066043,1.60053542521837E-5));
#7646=DIRECTION('ref_axis',(0.707084123950422,-0.707122694207958,0.00308820228350286));
#7647=DIRECTION('',(-1.,0.,0.));
#7648=DIRECTION('center_axis',(0.707126027331182,-0.707087534338287,1.59443197462566E-5));
#7649=DIRECTION('ref_axis',(0.70708423422265,0.707122657781433,-0.00307124826263067));
#7650=DIRECTION('center_axis',(1.,0.,0.));
#7651=DIRECTION('ref_axis',(0.,8.03398019299435E-16,1.));
#7652=DIRECTION('center_axis',(-0.707127742495088,0.70708581904338,1.73652622734544E-5));
#7653=DIRECTION('ref_axis',(0.707082576455782,0.707124424910176,0.00304594289282197));
#7654=DIRECTION('center_axis',(-0.70712774250123,-1.73652673700201E-5,-0.707085819037238));
#7655=DIRECTION('ref_axis',(0.707082576621684,-0.00304586255812753,-0.707124425090322));
#7656=DIRECTION('',(-1.,0.,0.));
#7657=DIRECTION('center_axis',(0.707126099706613,-1.60042796986118E-5,-0.707087461957555));
#7658=DIRECTION('ref_axis',(0.707084122993976,0.00308923842161788,0.707122690638488));
#7659=DIRECTION('center_axis',(0.707127795225706,0.707085766308558,1.74089474862749E-5));
#7660=DIRECTION('ref_axis',(0.707082499603611,-0.70712445305548,-0.00305722836866943));
#7661=DIRECTION('',(1.,0.,0.));
#7662=DIRECTION('center_axis',(-0.707106781186554,-0.707106781186541,2.06074635202248E-15));
#7663=DIRECTION('ref_axis',(-0.707106781186541,0.707106781186554,0.));
#7664=DIRECTION('',(-0.577350269189627,0.577350269189644,-0.577350269189606));
#7665=DIRECTION('',(-3.39081755243054E-15,1.41284064684606E-16,-1.));
#7666=DIRECTION('',(0.577350269189619,-0.577350269189626,-0.577350269189632));
#7667=DIRECTION('',(4.02459085964357E-15,0.,1.));
#7668=DIRECTION('center_axis',(-0.707106781186535,7.85046229342118E-17,
0.70710678118656));
#7669=DIRECTION('ref_axis',(-0.70710678118656,0.,-0.707106781186535));
#7670=DIRECTION('',(-0.577350269189644,-0.577350269189629,-0.577350269189604));
#7671=DIRECTION('',(3.00215178918326E-15,-1.,2.70193661026493E-15));
#7672=DIRECTION('',(0.,1.,0.));
#7673=DIRECTION('center_axis',(0.,-1.,0.));
#7674=DIRECTION('ref_axis',(0.,0.,1.));
#7675=DIRECTION('',(0.707106781186519,0.,-0.707106781186576));
#7676=DIRECTION('',(1.,0.,-2.07947734348731E-15));
#7677=DIRECTION('',(0.707106781186546,0.,0.707106781186549));
#7678=DIRECTION('',(0.,0.,1.));
#7679=DIRECTION('center_axis',(0.70710678118654,-1.1775693440127E-16,0.707106781186556));
#7680=DIRECTION('ref_axis',(-0.707106781186556,0.,0.70710678118654));
#7681=DIRECTION('',(0.,-1.,0.));
#7682=DIRECTION('',(0.577350269189633,0.577350269189631,-0.577350269189613));
#7683=DIRECTION('',(-4.80344286269321E-15,1.,0.));
#7684=DIRECTION('',(-0.577350269189637,0.577350269189622,0.577350269189618));
#7685=DIRECTION('center_axis',(0.707106781186556,-0.707106781186539,-6.47663139207061E-16));
#7686=DIRECTION('ref_axis',(-0.707106781186539,-0.707106781186556,0.));
#7687=DIRECTION('',(0.577350269189621,0.577350269189626,0.57735026918963));
#7688=DIRECTION('',(4.5210900699074E-15,2.04861893792679E-15,1.));
#7689=DIRECTION('center_axis',(-0.70710678118655,0.707106781186545,5.0242958677881E-15));
#7690=DIRECTION('ref_axis',(0.707106781186545,0.70710678118655,0.));
#7691=DIRECTION('',(-4.02459085964366E-15,4.02459085964366E-15,-1.));
#7692=DIRECTION('',(-0.577350269189619,-0.577350269189626,0.577350269189633));
#7693=DIRECTION('',(4.52109006990739E-15,-2.54311316432291E-15,1.));
#7694=DIRECTION('center_axis',(0.,1.,0.));
#7695=DIRECTION('ref_axis',(0.,0.,-1.));
#7696=DIRECTION('',(0.,4.02459085964366E-15,-1.));
#7697=DIRECTION('',(-0.707106781186547,0.,-0.707106781186548));
#7698=DIRECTION('',(-1.,0.,2.07965077779452E-15));
#7699=DIRECTION('',(-0.707106781186521,0.,0.707106781186574));
#7700=DIRECTION('center_axis',(1.,0.,0.));
#7701=DIRECTION('ref_axis',(0.,-1.,0.));
#7702=DIRECTION('',(0.,1.55412471153067E-15,1.));
#7703=DIRECTION('',(0.,1.,0.));
#7704=DIRECTION('center_axis',(-0.707106781186556,8.20311977925633E-17,
-0.707106781186539));
#7705=DIRECTION('ref_axis',(1.16009632455952E-16,1.,-2.46519032881566E-31));
#7706=DIRECTION('',(-0.707106781186538,0.,0.707106781186557));
#7707=DIRECTION('',(0.,-1.,0.));
#7708=DIRECTION('',(0.707106781186538,0.,-0.707106781186557));
#7709=DIRECTION('',(0.,-1.,1.79977560632594E-16));
#7710=DIRECTION('',(0.,1.,0.));
#7711=DIRECTION('',(0.,-1.,1.79977560632594E-16));
#7712=DIRECTION('center_axis',(0.,0.,-1.));
#7713=DIRECTION('ref_axis',(1.,0.,0.));
#7714=DIRECTION('',(0.,-1.,1.79977560632594E-16));
#7715=DIRECTION('',(-1.,0.,2.07965077779452E-15));
#7716=DIRECTION('center_axis',(0.,0.,-1.));
#7717=DIRECTION('ref_axis',(1.,0.,0.));
#7718=DIRECTION('',(1.,0.,-2.0858944128542E-15));
#7719=DIRECTION('',(0.,-1.,2.00035300823576E-16));
#7720=DIRECTION('center_axis',(0.,1.,0.));
#7721=DIRECTION('ref_axis',(0.,0.,-1.));
#7722=DIRECTION('',(1.,0.,0.));
#7723=DIRECTION('',(-0.707106781186539,0.,-0.707106781186556));
#7724=DIRECTION('center_axis',(0.,-1.,0.));
#7725=DIRECTION('ref_axis',(0.,0.,1.));
#7726=DIRECTION('',(-1.,0.,0.));
#7727=DIRECTION('',(0.707106781186539,0.,0.707106781186556));
#7728=DIRECTION('center_axis',(0.707106781186553,-4.35455330338075E-17,
-0.707106781186542));
#7729=DIRECTION('ref_axis',(-6.15826833971757E-17,-1.,6.16297582203915E-33));
#7730=DIRECTION('',(0.,1.,0.));
#7731=DIRECTION('',(0.577350269189621,-0.577350269189626,0.577350269189631));
#7732=DIRECTION('center_axis',(0.707106781186546,0.707106781186549,-3.92523114670945E-16));
#7733=DIRECTION('ref_axis',(4.93038065763132E-32,-5.55111512312579E-16,
-1.));
#7734=DIRECTION('center_axis',(0.,0.,1.));
#7735=DIRECTION('ref_axis',(-1.,0.,0.));
#7736=DIRECTION('',(1.,0.,0.));
#7737=DIRECTION('',(0.,-1.,0.));
#7738=DIRECTION('',(-1.,0.,0.));
#7739=DIRECTION('',(0.,1.,0.));
#7740=DIRECTION('center_axis',(0.,0.,-1.));
#7741=DIRECTION('ref_axis',(1.,0.,0.));
#7742=DIRECTION('',(0.,-1.,0.));
#7743=DIRECTION('',(1.,0.,0.));
#7744=DIRECTION('',(0.,1.,0.));
#7745=DIRECTION('',(-1.,0.,0.));
#7746=DIRECTION('center_axis',(0.,1.,0.));
#7747=DIRECTION('ref_axis',(0.,0.,-1.));
#7748=DIRECTION('',(0.,0.,1.));
#7749=DIRECTION('',(0.,0.,-1.));
#7750=DIRECTION('center_axis',(-1.,0.,0.));
#7751=DIRECTION('ref_axis',(0.,1.,0.));
#7752=DIRECTION('',(0.,0.,-1.));
#7753=DIRECTION('center_axis',(0.,-1.,0.));
#7754=DIRECTION('ref_axis',(0.,0.,1.));
#7755=DIRECTION('',(0.,0.,-1.));
#7756=DIRECTION('center_axis',(1.,0.,0.));
#7757=DIRECTION('ref_axis',(0.,-1.,0.));
#7758=DIRECTION('center_axis',(1.,0.,0.));
#7759=DIRECTION('ref_axis',(0.,-1.,0.));
#7760=DIRECTION('',(0.,0.,1.));
#7761=DIRECTION('',(0.,-1.,0.));
#7762=DIRECTION('',(0.,0.,-1.));
#7763=DIRECTION('',(0.,1.,0.));
#7764=DIRECTION('center_axis',(0.,-1.,0.));
#7765=DIRECTION('ref_axis',(0.,0.,1.));
#7766=DIRECTION('',(-1.,0.,0.));
#7767=DIRECTION('',(1.,0.,0.));
#7768=DIRECTION('',(0.,0.,1.));
#7769=DIRECTION('center_axis',(-1.,0.,0.));
#7770=DIRECTION('ref_axis',(0.,1.,0.));
#7771=DIRECTION('',(0.,1.,0.));
#7772=DIRECTION('',(0.,-1.,0.));
#7773=DIRECTION('',(0.,0.,1.));
#7774=DIRECTION('center_axis',(0.,1.,0.));
#7775=DIRECTION('ref_axis',(0.,0.,-1.));
#7776=DIRECTION('',(1.,0.,0.));
#7777=DIRECTION('',(-1.,0.,0.));
#7778=DIRECTION('center_axis',(0.,0.,-1.));
#7779=DIRECTION('ref_axis',(1.,0.,0.));
#7780=DIRECTION('',(1.,0.,0.));
#7781=DIRECTION('',(0.,-1.,0.));
#7782=DIRECTION('',(-1.,0.,0.));
#7783=DIRECTION('',(0.,1.,0.));
#7784=DIRECTION('center_axis',(0.,0.,1.));
#7785=DIRECTION('ref_axis',(-1.,0.,0.));
#7786=DIRECTION('',(0.,-1.,0.));
#7787=DIRECTION('',(1.,0.,0.));
#7788=DIRECTION('',(0.,1.,0.));
#7789=DIRECTION('',(-1.,0.,0.));
#7790=DIRECTION('center_axis',(0.707106781186545,0.70710678118655,-7.85046229341911E-17));
#7791=DIRECTION('ref_axis',(2.09541177949331E-31,-1.11022302462519E-16,
-1.));
#7792=DIRECTION('center_axis',(0.707126101003685,0.707087460660388,-1.60053542805749E-5));
#7793=DIRECTION('ref_axis',(0.707084123950381,-0.707122694208001,0.00308820228291584));
#7794=DIRECTION('',(0.577350269189637,-0.577350269189622,-0.577350269189618));
#7795=DIRECTION('',(5.65136258738425E-16,-9.18346420449941E-16,-1.));
#7796=DIRECTION('',(-0.577350269189618,0.577350269189627,-0.577350269189632));
#7797=DIRECTION('',(0.,-4.02459085964366E-15,1.));
#7798=DIRECTION('center_axis',(0.707106781186554,-4.35455330338074E-17,
-0.707106781186541));
#7799=DIRECTION('ref_axis',(-6.15826833971755E-17,-1.,-1.23259516440783E-32));
#7800=DIRECTION('',(0.,1.,-2.00035300823576E-16));
#7801=DIRECTION('',(0.70710678118654,0.,0.707106781186555));
#7802=DIRECTION('',(-0.70710678118654,0.,-0.707106781186555));
#7803=DIRECTION('',(0.,1.,-1.79977560632594E-16));
#7804=DIRECTION('',(0.70710678118655,0.,0.707106781186545));
#7805=DIRECTION('',(0.,-1.,0.));
#7806=DIRECTION('',(-0.577350269189619,-0.577350269189628,-0.577350269189631));
#7807=DIRECTION('',(-0.707106781186549,0.,-0.707106781186546));
#7808=DIRECTION('center_axis',(0.,-1.,0.));
#7809=DIRECTION('ref_axis',(0.,0.,1.));
#7810=DIRECTION('',(0.707106781186549,0.,-0.707106781186546));
#7811=DIRECTION('',(1.,0.,-2.07965077779453E-15));
#7812=DIRECTION('center_axis',(0.,1.,0.));
#7813=DIRECTION('ref_axis',(0.,0.,-1.));
#7814=DIRECTION('',(-1.,0.,2.08589441285421E-15));
#7815=DIRECTION('',(-0.707106781186549,0.,0.707106781186546));
#7816=DIRECTION('center_axis',(0.,0.,-1.));
#7817=DIRECTION('ref_axis',(1.,0.,0.));
#7818=DIRECTION('',(-1.,0.,2.07947734348732E-15));
#7819=DIRECTION('',(0.,1.,-1.79977560632594E-16));
#7820=DIRECTION('center_axis',(0.,0.,-1.));
#7821=DIRECTION('ref_axis',(1.,0.,0.));
#7822=DIRECTION('',(0.,1.,-1.79977560632594E-16));
#7823=DIRECTION('',(1.,0.,-2.07965077779453E-15));
#7824=DIRECTION('center_axis',(-0.707106781186556,-1.53482671010006E-16,
-0.707106781186539));
#7825=DIRECTION('ref_axis',(-2.17057274931596E-16,1.,1.23259516440783E-31));
#7826=DIRECTION('',(-0.707106781186544,0.,0.707106781186551));
#7827=DIRECTION('',(-0.577350269189619,0.577350269189627,0.577350269189632));
#7828=DIRECTION('',(-3.00215178918325E-16,1.,0.));
#7829=DIRECTION('',(0.577350269189618,0.577350269189626,-0.577350269189633));
#7830=DIRECTION('',(0.707106781186545,0.,-0.70710678118655));
#7831=DIRECTION('center_axis',(0.,1.,0.));
#7832=DIRECTION('ref_axis',(0.,0.,-1.));
#7833=DIRECTION('',(1.,0.,0.));
#7834=DIRECTION('',(4.02459085964366E-15,-4.02459085964366E-15,1.));
#7835=DIRECTION('center_axis',(-0.70710678118655,0.707106781186545,4.94579124485391E-15));
#7836=DIRECTION('ref_axis',(0.707106781186545,0.70710678118655,0.));
#7837=DIRECTION('',(4.52109006990739E-15,-2.75503926134982E-15,1.));
#7838=DIRECTION('',(0.577350269189644,0.577350269189629,0.577350269189604));
#7839=DIRECTION('center_axis',(-0.707126027331175,0.707087534338295,-1.59443197434112E-5));
#7840=DIRECTION('ref_axis',(0.707084234222663,0.70712265778143,-0.00307124826042963));
#7841=DIRECTION('center_axis',(0.707106781186556,-0.707106781186539,-4.90653893338681E-16));
#7842=DIRECTION('ref_axis',(-0.707106781186539,-0.707106781186556,0.));
#7843=DIRECTION('center_axis',(0.707127742495046,-0.707085819043422,-1.73652622450627E-5));
#7844=DIRECTION('ref_axis',(0.707082576455822,0.707124424910131,0.00304594289410993));
#7845=DIRECTION('',(0.,0.,-1.));
#7846=DIRECTION('',(3.95595381116898E-15,3.32017552008825E-15,1.));
#7847=DIRECTION('',(-0.577350269189634,-0.577350269189631,0.577350269189613));
#7848=DIRECTION('center_axis',(0.707106781186541,1.96261557335479E-16,0.707106781186554));
#7849=DIRECTION('ref_axis',(-0.707106781186554,1.23259516440783E-32,0.707106781186541));
#7850=DIRECTION('center_axis',(0.707127742501215,1.73652673646419E-5,0.707085819037253));
#7851=DIRECTION('ref_axis',(0.707082576621707,-0.00304586255415693,-0.707124425090315));
#7852=DIRECTION('',(-3.00215178918326E-15,1.,3.15225937864242E-15));
#7853=DIRECTION('center_axis',(0.707127795226095,-1.74089480638691E-5,0.707085766308169));
#7854=DIRECTION('ref_axis',(0.70708249960323,0.00305722836509226,-0.707124453055876));
#7855=DIRECTION('center_axis',(0.,-1.,0.));
#7856=DIRECTION('ref_axis',(0.,0.,1.));
#7857=DIRECTION('',(-4.02459085964357E-15,0.,-1.));
#7858=DIRECTION('',(-1.,0.,0.));
#7859=DIRECTION('center_axis',(-0.707106781186535,-7.8504622934163E-17,
0.70710678118656));
#7860=DIRECTION('ref_axis',(-0.70710678118656,0.,-0.707106781186535));
#7861=DIRECTION('center_axis',(-0.707127716819287,-1.73439911915111E-5,
0.707085844721225));
#7862=DIRECTION('ref_axis',(0.707082613842386,-0.00304044875812478,0.70712441117046));
#7863=DIRECTION('',(3.00215178918326E-15,-1.,2.70193661026493E-15));
#7864=DIRECTION('',(0.577350269189627,-0.577350269189644,0.577350269189606));
#7865=DIRECTION('center_axis',(-0.707126099706606,1.60042796899194E-5,0.707087461957561));
#7866=DIRECTION('ref_axis',(0.707084122993979,0.00308923842302205,0.707122690638478));
#7867=DIRECTION('center_axis',(-0.707106781186553,-0.707106781186542,2.21775559789085E-15));
#7868=DIRECTION('ref_axis',(-0.707106781186542,0.707106781186553,0.));
#7869=DIRECTION('',(-3.39081755243054E-15,7.0642032342303E-17,-1.));
#7870=DIRECTION('center_axis',(-0.707127795225727,-0.707085766308537,-1.74089475005334E-5));
#7871=DIRECTION('ref_axis',(0.707082499603591,-0.707124453055502,-0.00305722836826199));
#7872=DIRECTION('center_axis',(1.,0.,0.));
#7873=DIRECTION('ref_axis',(0.,8.03398019299435E-16,1.));
#7874=DIRECTION('center_axis',(1.,0.,0.));
#7875=DIRECTION('ref_axis',(0.,0.707106781186588,0.707106781186507));
#7876=DIRECTION('center_axis',(1.,0.,0.));
#7877=DIRECTION('ref_axis',(0.,0.707106781186588,0.707106781186507));
#7878=DIRECTION('center_axis',(0.707127716819276,1.73439911859766E-5,-0.707085844721236));
#7879=DIRECTION('ref_axis',(0.707082613842394,-0.0030404487591135,0.707124411170446));
#7880=DIRECTION('',(1.,0.,0.));
#7881=DIRECTION('center_axis',(-0.707127795226053,1.74089480340077E-5,-0.707085766308211));
#7882=DIRECTION('ref_axis',(0.707082499603277,0.00305722836299554,-0.707124453055838));
#7883=DIRECTION('center_axis',(-0.707126101003684,-0.707087460660388,1.60053542850774E-5));
#7884=DIRECTION('ref_axis',(0.707084123950385,-0.707122694208004,0.00308820228145534));
#7885=DIRECTION('',(-1.,0.,0.));
#7886=DIRECTION('center_axis',(0.707126027331182,-0.707087534338288,1.59443197522598E-5));
#7887=DIRECTION('ref_axis',(0.70708423422265,0.707122657781431,-0.00307124826311489));
#7888=DIRECTION('center_axis',(1.,0.,0.));
#7889=DIRECTION('ref_axis',(0.,8.03398019299435E-16,1.));
#7890=DIRECTION('center_axis',(-0.707127742495064,0.707085819043404,1.73652622563819E-5));
#7891=DIRECTION('ref_axis',(0.7070825764558,0.707124424910145,0.00304594289587439));
#7892=DIRECTION('center_axis',(-0.707127742501205,-1.73652673530102E-5,
-0.707085819037263));
#7893=DIRECTION('ref_axis',(0.70708257662172,-0.00304586255247012,-0.707124425090309));
#7894=DIRECTION('',(-1.,0.,0.));
#7895=DIRECTION('center_axis',(0.707126099706597,-1.60042796894815E-5,-0.707087461957571));
#7896=DIRECTION('ref_axis',(0.707084122993986,0.00308923842425111,0.707122690638466));
#7897=DIRECTION('center_axis',(0.7071277952257,0.707085766308564,1.74089474858996E-5));
#7898=DIRECTION('ref_axis',(0.707082499603618,-0.707124453055476,-0.00305722836794524));
#7899=DIRECTION('',(1.,0.,0.));
#7900=DIRECTION('center_axis',(-0.707106781186553,-0.707106781186542,2.31588637655859E-15));
#7901=DIRECTION('ref_axis',(-0.707106781186542,0.707106781186553,0.));
#7902=DIRECTION('',(-0.577350269189621,0.577350269189647,-0.577350269189609));
#7903=DIRECTION('',(-5.08622632864582E-15,-2.04861893792679E-15,-1.));
#7904=DIRECTION('',(0.577350269189617,-0.577350269189627,-0.577350269189633));
#7905=DIRECTION('',(4.41587052655336E-15,0.,1.));
#7906=DIRECTION('center_axis',(-0.707106781186535,2.43560804486987E-29,
0.70710678118656));
#7907=DIRECTION('ref_axis',(-0.70710678118656,0.,-0.707106781186535));
#7908=DIRECTION('',(-0.577350269189647,-0.577350269189627,-0.577350269189603));
#7909=DIRECTION('',(5.40387322052986E-15,-1.,0.));
#7910=DIRECTION('',(1.3912425143607E-15,1.,0.));
#7911=DIRECTION('center_axis',(0.,-1.,0.));
#7912=DIRECTION('ref_axis',(0.,0.,1.));
#7913=DIRECTION('',(0.707106781186535,0.,-0.70710678118656));
#7914=DIRECTION('',(1.,0.,-2.07947734348731E-15));
#7915=DIRECTION('',(0.707106781186539,0.,0.707106781186556));
#7916=DIRECTION('',(1.2297360960022E-15,0.,1.));
#7917=DIRECTION('center_axis',(0.707106781186541,5.88784672006507E-17,0.707106781186554));
#7918=DIRECTION('ref_axis',(-0.707106781186554,0.,0.707106781186541));
#7919=DIRECTION('',(1.3912425143607E-15,-1.,0.));
#7920=DIRECTION('',(0.577350269189633,0.577350269189631,-0.577350269189613));
#7921=DIRECTION('',(-2.70193661026493E-15,1.,2.70193661026493E-15));
#7922=DIRECTION('',(-0.577350269189631,0.577350269189625,0.577350269189621));
#7923=DIRECTION('center_axis',(0.707106781186557,-0.707106781186538,-5.49532360539324E-16));
#7924=DIRECTION('ref_axis',(-0.707106781186538,-0.707106781186557,0.));
#7925=DIRECTION('',(0.577350269189622,0.577350269189626,0.577350269189629));
#7926=DIRECTION('',(3.81466974648437E-15,3.10824942306134E-15,1.));
#7927=DIRECTION('center_axis',(-1.,0.,0.));
#7928=DIRECTION('ref_axis',(0.,1.,0.));
#7929=DIRECTION('',(0.,-1.,0.));
#7930=DIRECTION('',(0.,-1.55412471153067E-15,-1.));
#7931=DIRECTION('center_axis',(-0.70710678118655,0.707106781186545,5.00466971205455E-15));
#7932=DIRECTION('ref_axis',(0.707106781186545,0.70710678118655,0.));
#7933=DIRECTION('',(-5.6456066225557E-15,4.02459085964366E-15,-1.));
#7934=DIRECTION('',(-0.577350269189617,-0.577350269189627,0.577350269189634));
#7935=DIRECTION('center_axis',(0.,1.,0.));
#7936=DIRECTION('ref_axis',(0.,0.,-1.));
#7937=DIRECTION('',(0.,4.02459085964366E-15,-1.));
#7938=DIRECTION('',(-0.70710678118654,0.,-0.707106781186555));
#7939=DIRECTION('',(-1.,0.,2.07965077779452E-15));
#7940=DIRECTION('',(-0.707106781186536,0.,0.707106781186559));
#7941=DIRECTION('center_axis',(-0.707106781186556,-1.14230359542911E-16,
-0.707106781186539));
#7942=DIRECTION('ref_axis',(-1.61546123700338E-16,1.,1.35585468084861E-31));
#7943=DIRECTION('',(-0.707106781186543,0.,0.707106781186552));
#7944=DIRECTION('',(0.,-1.,0.));
#7945=DIRECTION('',(0.707106781186544,0.,-0.707106781186551));
#7946=DIRECTION('',(0.,-1.,1.79977560632594E-16));
#7947=DIRECTION('',(0.,-1.,1.79977560632594E-16));
#7948=DIRECTION('center_axis',(0.,0.,-1.));
#7949=DIRECTION('ref_axis',(1.,0.,0.));
#7950=DIRECTION('',(0.,-1.,1.79977560632594E-16));
#7951=DIRECTION('',(-1.,0.,2.07965077779452E-15));
#7952=DIRECTION('center_axis',(0.,0.,-1.));
#7953=DIRECTION('ref_axis',(1.,0.,0.));
#7954=DIRECTION('',(1.,0.,-2.0858944128542E-15));
#7955=DIRECTION('',(0.,-1.,2.00035300823576E-16));
#7956=DIRECTION('center_axis',(0.,1.,0.));
#7957=DIRECTION('ref_axis',(0.,0.,-1.));
#7958=DIRECTION('',(1.,0.,0.));
#7959=DIRECTION('',(-0.707106781186539,0.,-0.707106781186556));
#7960=DIRECTION('center_axis',(0.,-1.,0.));
#7961=DIRECTION('ref_axis',(0.,0.,1.));
#7962=DIRECTION('',(-1.,0.,0.));
#7963=DIRECTION('',(0.707106781186538,0.,0.707106781186557));
#7964=DIRECTION('center_axis',(0.707106781186553,-1.02424000234449E-16,
-0.707106781186542));
#7965=DIRECTION('ref_axis',(-1.44849410244062E-16,-1.,-1.4791141972894E-31));
#7966=DIRECTION('',(0.,1.,0.));
#7967=DIRECTION('',(0.577350269189622,-0.577350269189625,0.57735026918963));
#7968=DIRECTION('',(0.,-1.,1.12580692094372E-16));
#7969=DIRECTION('center_axis',(0.707106781186546,0.707106781186549,-2.55140024536115E-16));
#7970=DIRECTION('ref_axis',(-1.72563323017096E-31,-3.60822483003177E-16,
-1.));
#7971=DIRECTION('',(5.65136258738425E-16,-9.88988452792245E-16,-1.));
#7972=DIRECTION('center_axis',(0.,0.,1.));
#7973=DIRECTION('ref_axis',(-1.,0.,0.));
#7974=DIRECTION('',(1.,0.,0.));
#7975=DIRECTION('',(0.,-1.,0.));
#7976=DIRECTION('',(-1.,0.,0.));
#7977=DIRECTION('',(0.,1.,0.));
#7978=DIRECTION('center_axis',(0.,0.,-1.));
#7979=DIRECTION('ref_axis',(1.,0.,0.));
#7980=DIRECTION('',(0.,-1.,0.));
#7981=DIRECTION('',(1.,0.,0.));
#7982=DIRECTION('',(0.,1.,0.));
#7983=DIRECTION('',(-1.,0.,0.));
#7984=DIRECTION('center_axis',(0.,1.,0.));
#7985=DIRECTION('ref_axis',(0.,0.,-1.));
#7986=DIRECTION('',(0.,0.,1.));
#7987=DIRECTION('',(0.,0.,-1.));
#7988=DIRECTION('center_axis',(-1.,0.,0.));
#7989=DIRECTION('ref_axis',(0.,1.,0.));
#7990=DIRECTION('',(0.,0.,-1.));
#7991=DIRECTION('center_axis',(0.,-1.,0.));
#7992=DIRECTION('ref_axis',(0.,0.,1.));
#7993=DIRECTION('',(0.,0.,-1.));
#7994=DIRECTION('center_axis',(1.,0.,0.));
#7995=DIRECTION('ref_axis',(0.,-1.,0.));
#7996=DIRECTION('center_axis',(0.,0.,-1.));
#7997=DIRECTION('ref_axis',(1.,0.,0.));
#7998=DIRECTION('',(0.,1.,0.));
#7999=DIRECTION('',(1.,0.,0.));
#8000=DIRECTION('',(0.,-1.,0.));
#8001=DIRECTION('',(-1.,0.,0.));
#8002=DIRECTION('center_axis',(0.,-0.872943377132663,-0.487821545567865));
#8003=DIRECTION('ref_axis',(0.,-0.487821545567865,0.872943377132663));
#8004=DIRECTION('',(-0.999999999988159,-2.37390914777462E-6,4.24804580132542E-6));
#8005=DIRECTION('',(0.437795401369674,0.43858797456467,-0.784841241976252));
#8006=DIRECTION('',(0.439072617568648,-0.438284036988113,0.784297353956277));
#8007=DIRECTION('center_axis',(-0.873317045523298,0.,-0.487152273933376));
#8008=DIRECTION('ref_axis',(0.,1.,0.));
#8009=DIRECTION('',(0.,1.,0.));
#8010=DIRECTION('',(0.437795401369674,-0.438587974564671,-0.784841241976252));
#8011=DIRECTION('center_axis',(-2.42290459121681E-17,0.872943377132663,
-0.487821545567865));
#8012=DIRECTION('ref_axis',(-1.54074395550979E-33,-0.487821545567865,-0.872943377132663));
#8013=DIRECTION('',(0.999999999988159,-2.37390914788476E-6,-4.24804580132542E-6));
#8014=DIRECTION('',(-0.439072617568648,-0.438284036988113,-0.784297353956277));
#8015=DIRECTION('center_axis',(0.872569516347454,0.,-0.488489958076081));
#8016=DIRECTION('ref_axis',(0.,-1.,0.));
#8017=DIRECTION('',(0.,-1.,0.));
#8018=DIRECTION('center_axis',(-0.872569516347453,0.,0.488489958076081));
#8019=DIRECTION('ref_axis',(0.,1.,0.));
#8020=DIRECTION('',(-0.439072520036883,0.438284446451664,-0.7842971797393));
#8021=DIRECTION('',(0.,-1.,1.40980701539702E-14));
#8022=DIRECTION('',(0.439072520036881,0.438284446451672,0.784297179739296));
#8023=DIRECTION('',(0.,1.,0.));
#8024=DIRECTION('center_axis',(-4.0904352352597E-16,0.872943377132664,0.487821545567864));
#8025=DIRECTION('ref_axis',(0.,0.487821545567864,-0.872943377132664));
#8026=DIRECTION('',(0.437798283880842,0.438586904131872,-0.784840232247946));
#8027=DIRECTION('',(-1.,0.,-1.35059512075035E-11));
#8028=DIRECTION('',(1.,0.,0.));
#8029=DIRECTION('center_axis',(0.873317045523297,0.,0.487152273933376));
#8030=DIRECTION('ref_axis',(0.,-1.,0.));
#8031=DIRECTION('',(0.,-1.,0.));
#8032=DIRECTION('',(0.437798283880842,-0.438586904131872,-0.784840232247946));
#8033=DIRECTION('',(0.,1.,0.));
#8034=DIRECTION('center_axis',(-4.21158046482055E-16,-0.872943377132664,
0.487821545567865));
#8035=DIRECTION('ref_axis',(0.,0.487821545567865,0.872943377132664));
#8036=DIRECTION('',(1.,0.,1.34918531373495E-11));
#8037=DIRECTION('',(-1.,0.,0.));
#8038=DIRECTION('center_axis',(0.,0.,1.));
#8039=DIRECTION('ref_axis',(-1.,0.,0.));
#8040=DIRECTION('center_axis',(-0.999999999319383,-2.2202822014018E-16,
-3.68949151674615E-5));
#8041=DIRECTION('ref_axis',(-2.22028220291296E-16,1.,-7.52316384526264E-36));
#8042=DIRECTION('',(3.68949151674689E-5,0.,-0.999999999319383));
#8043=DIRECTION('',(-3.68949151674689E-5,0.,0.999999999319383));
#8044=DIRECTION('center_axis',(0.,1.,0.));
#8045=DIRECTION('ref_axis',(0.,0.,1.));
#8046=DIRECTION('',(3.68949151670244E-5,0.,-0.999999999319383));
#8047=DIRECTION('center_axis',(0.999999999319383,3.27692674481411E-20,3.68949151671631E-5));
#8048=DIRECTION('ref_axis',(3.27692674704444E-20,-1.,9.18354961579912E-40));
#8049=DIRECTION('',(3.68949151671368E-5,0.,-0.999999999319383));
#8050=DIRECTION('center_axis',(0.,-1.,0.));
#8051=DIRECTION('ref_axis',(0.,0.,-1.));
#8052=DIRECTION('center_axis',(0.,0.,-1.));
#8053=DIRECTION('ref_axis',(1.,0.,0.));
#8054=DIRECTION('',(0.,1.,0.));
#8055=DIRECTION('',(1.,0.,0.));
#8056=DIRECTION('',(0.,-1.,0.));
#8057=DIRECTION('',(-1.,0.,0.));
#8058=DIRECTION('center_axis',(0.,-0.872943377132663,-0.487821545567865));
#8059=DIRECTION('ref_axis',(0.,-0.487821545567865,0.872943377132663));
#8060=DIRECTION('',(-0.999999999988159,-2.37390914777462E-6,4.24804580132542E-6));
#8061=DIRECTION('',(0.437795401369676,0.43858797456467,-0.784841241976251));
#8062=DIRECTION('',(0.439072617568646,-0.438284036988114,0.784297353956278));
#8063=DIRECTION('center_axis',(-0.873317045523296,0.,-0.487152273933378));
#8064=DIRECTION('ref_axis',(0.,1.,0.));
#8065=DIRECTION('',(0.,1.,0.));
#8066=DIRECTION('',(0.437795401369676,-0.43858797456467,-0.784841241976251));
#8067=DIRECTION('center_axis',(-2.42290459121681E-17,0.872943377132663,
-0.487821545567865));
#8068=DIRECTION('ref_axis',(-1.54074395550979E-33,-0.487821545567865,-0.872943377132663));
#8069=DIRECTION('',(0.999999999988159,-2.37390914788476E-6,-4.24804580132542E-6));
#8070=DIRECTION('',(-0.439072617568646,-0.438284036988114,-0.784297353956278));
#8071=DIRECTION('center_axis',(0.872569516347452,7.74997414107983E-16,-0.488489958076083));
#8072=DIRECTION('ref_axis',(8.88178419700126E-16,-1.,9.86076131526265E-32));
#8073=DIRECTION('',(0.,-1.,0.));
#8074=DIRECTION('center_axis',(-0.872569516347454,0.,0.48848995807608));
#8075=DIRECTION('ref_axis',(0.,1.,0.));
#8076=DIRECTION('',(-0.43907252003688,0.438284446451665,-0.784297179739301));
#8077=DIRECTION('',(0.,-1.,1.40980701539702E-14));
#8078=DIRECTION('',(0.43907252003688,0.438284446451672,0.784297179739297));
#8079=DIRECTION('',(0.,1.,0.));
#8080=DIRECTION('center_axis',(-4.0904352352597E-16,0.872943377132664,0.487821545567864));
#8081=DIRECTION('ref_axis',(0.,0.487821545567864,-0.872943377132664));
#8082=DIRECTION('',(0.437798283880844,0.438586904131869,-0.784840232247946));
#8083=DIRECTION('',(-1.,0.,-1.35059512075035E-11));
#8084=DIRECTION('',(1.,0.,0.));
#8085=DIRECTION('center_axis',(0.873317045523296,0.,0.487152273933378));
#8086=DIRECTION('ref_axis',(0.,-1.,0.));
#8087=DIRECTION('',(0.,-1.,0.));
#8088=DIRECTION('',(0.437798283880844,-0.43858690413187,-0.784840232247946));
#8089=DIRECTION('',(0.,1.,0.));
#8090=DIRECTION('center_axis',(-4.21158046482055E-16,-0.872943377132664,
0.487821545567865));
#8091=DIRECTION('ref_axis',(0.,0.487821545567865,0.872943377132664));
#8092=DIRECTION('',(1.,0.,1.34918531373495E-11));
#8093=DIRECTION('',(-1.,0.,0.));
#8094=DIRECTION('center_axis',(0.,0.,1.));
#8095=DIRECTION('ref_axis',(-1.,0.,0.));
#8096=DIRECTION('center_axis',(-0.999999999319383,-8.88162034461892E-16,
-3.68949151674615E-5));
#8097=DIRECTION('ref_axis',(-8.8816203506639E-16,1.,-6.01853107621011E-36));
#8098=DIRECTION('',(3.68949151674458E-5,0.,-0.999999999319383));
#8099=DIRECTION('',(-3.68949151674458E-5,0.,0.999999999319383));
#8100=DIRECTION('center_axis',(0.,1.,0.));
#8101=DIRECTION('ref_axis',(0.,0.,1.));
#8102=DIRECTION('',(3.68949151670244E-5,0.,-0.999999999319383));
#8103=DIRECTION('center_axis',(0.999999999319383,-8.88145649828168E-16,
3.68949151672057E-5));
#8104=DIRECTION('ref_axis',(-8.88145650432655E-16,-1.,6.01853107621011E-36));
#8105=DIRECTION('',(3.68949151672754E-5,0.,-0.999999999319383));
#8106=DIRECTION('center_axis',(0.,-1.,0.));
#8107=DIRECTION('ref_axis',(0.,0.,-1.));
#8108=DIRECTION('center_axis',(0.,0.,-1.));
#8109=DIRECTION('ref_axis',(1.,0.,0.));
#8110=DIRECTION('',(0.,1.,0.));
#8111=DIRECTION('',(1.,0.,0.));
#8112=DIRECTION('',(0.,-1.,0.));
#8113=DIRECTION('',(-1.,0.,0.));
#8114=DIRECTION('center_axis',(0.,-0.872943377132663,-0.487821545567865));
#8115=DIRECTION('ref_axis',(0.,-0.487821545567865,0.872943377132663));
#8116=DIRECTION('',(-0.999999999988159,-2.37390914777462E-6,4.24804580132542E-6));
#8117=DIRECTION('',(0.437795401369675,0.43858797456467,-0.784841241976252));
#8118=DIRECTION('',(0.439072617568646,-0.438284036988114,0.784297353956278));
#8119=DIRECTION('center_axis',(-0.873317045523297,0.,-0.487152273933377));
#8120=DIRECTION('ref_axis',(0.,1.,0.));
#8121=DIRECTION('',(0.,1.,0.));
#8122=DIRECTION('',(0.437795401369675,-0.43858797456467,-0.784841241976252));
#8123=DIRECTION('center_axis',(-2.42290459121681E-17,0.872943377132663,
-0.487821545567865));
#8124=DIRECTION('ref_axis',(-1.54074395550979E-33,-0.487821545567865,-0.872943377132663));
#8125=DIRECTION('',(0.999999999988159,-2.37390914788476E-6,-4.24804580132542E-6));
#8126=DIRECTION('',(-0.439072617568646,-0.438284036988114,-0.784297353956278));
#8127=DIRECTION('center_axis',(0.872569516347453,0.,-0.488489958076081));
#8128=DIRECTION('ref_axis',(0.,-1.,0.));
#8129=DIRECTION('',(0.,-1.,0.));
#8130=DIRECTION('center_axis',(-0.872569516347453,3.87498707053992E-16,
0.488489958076081));
#8131=DIRECTION('ref_axis',(4.44089209850063E-16,1.,0.));
#8132=DIRECTION('',(-0.43907252003688,0.438284446451666,-0.7842971797393));
#8133=DIRECTION('',(0.,-1.,1.40980701539702E-14));
#8134=DIRECTION('',(0.43907252003688,0.438284446451674,0.784297179739296));
#8135=DIRECTION('',(0.,1.,0.));
#8136=DIRECTION('center_axis',(-4.0904352352597E-16,0.872943377132664,0.487821545567864));
#8137=DIRECTION('ref_axis',(0.,0.487821545567864,-0.872943377132664));
#8138=DIRECTION('',(0.437798283880842,0.43858690413187,-0.784840232247947));
#8139=DIRECTION('',(-1.,0.,-1.35059512075035E-11));
#8140=DIRECTION('',(1.,0.,0.));
#8141=DIRECTION('center_axis',(0.873317045523297,0.,0.487152273933377));
#8142=DIRECTION('ref_axis',(0.,-1.,0.));
#8143=DIRECTION('',(0.,-1.,0.));
#8144=DIRECTION('',(0.437798283880842,-0.43858690413187,-0.784840232247947));
#8145=DIRECTION('',(0.,1.,0.));
#8146=DIRECTION('center_axis',(-4.21158046482055E-16,-0.872943377132664,
0.487821545567865));
#8147=DIRECTION('ref_axis',(0.,0.487821545567865,0.872943377132664));
#8148=DIRECTION('',(1.,0.,1.34918531373495E-11));
#8149=DIRECTION('',(-1.,0.,0.));
#8150=DIRECTION('center_axis',(0.,0.,1.));
#8151=DIRECTION('ref_axis',(-1.,0.,0.));
#8152=DIRECTION('center_axis',(-0.999999999319383,1.63846337242031E-20,
-3.68949151674615E-5));
#8153=DIRECTION('ref_axis',(1.63846337353548E-20,1.,-1.46936793852786E-39));
#8154=DIRECTION('',(3.68949151674458E-5,0.,-0.999999999319383));
#8155=DIRECTION('',(-3.68949151674458E-5,0.,0.999999999319383));
#8156=DIRECTION('center_axis',(0.,1.,0.));
#8157=DIRECTION('ref_axis',(0.,0.,1.));
#8158=DIRECTION('',(3.68949151670244E-5,0.,-0.999999999319383));
#8159=DIRECTION('center_axis',(0.999999999319383,8.88211188363064E-16,3.68949151672057E-5));
#8160=DIRECTION('ref_axis',(8.88211188967596E-16,-1.,-6.01853107621011E-36));
#8161=DIRECTION('',(3.68949151672754E-5,0.,-0.999999999319383));
#8162=DIRECTION('center_axis',(0.,-1.,0.));
#8163=DIRECTION('ref_axis',(0.,0.,-1.));
#8164=DIRECTION('center_axis',(0.,-1.,0.));
#8165=DIRECTION('ref_axis',(0.,0.,-1.));
#8166=DIRECTION('',(3.68949151672385E-5,0.,-0.999999999319383));
#8167=DIRECTION('',(0.999999999988159,2.37390914777463E-6,-4.24804580132544E-6));
#8168=DIRECTION('',(-3.68949151672611E-5,0.,0.999999999319383));
#8169=DIRECTION('',(-1.,0.,-1.34918531373495E-11));
#8170=DIRECTION('center_axis',(0.999999999319383,2.77883448641861E-17,3.68949151671738E-5));
#8171=DIRECTION('ref_axis',(2.77883448830993E-17,-1.,7.52316384526264E-37));
#8172=DIRECTION('',(0.,1.,0.));
#8173=DIRECTION('',(-3.68949151671772E-5,0.,0.999999999319383));
#8174=DIRECTION('',(0.,-1.,0.));
#8175=DIRECTION('center_axis',(0.,1.,0.));
#8176=DIRECTION('ref_axis',(0.,0.,1.));
#8177=DIRECTION('',(1.,0.,1.35059512075035E-11));
#8178=DIRECTION('',(-0.999999999988159,2.37390914788477E-6,4.24804580132544E-6));
#8179=DIRECTION('',(-3.68949151672385E-5,0.,0.999999999319383));
#8180=DIRECTION('center_axis',(-0.999999999319383,1.63846337242031E-20,
-3.68949151674615E-5));
#8181=DIRECTION('ref_axis',(1.63846337353548E-20,1.,-1.46936793852786E-39));
#8182=DIRECTION('',(0.,1.,-1.40980701539702E-14));
#8183=DIRECTION('',(0.,-1.,0.));
#8184=DIRECTION('center_axis',(0.,0.,1.));
#8185=DIRECTION('ref_axis',(-1.,0.,0.));
#8186=DIRECTION('',(1.,0.,0.));
#8187=DIRECTION('',(0.,1.,0.));
#8188=DIRECTION('',(-1.,0.,0.));
#8189=DIRECTION('',(0.,-1.,0.));
#8190=DIRECTION('center_axis',(-4.21158046482055E-16,-0.872943377132664,
0.487821545567865));
#8191=DIRECTION('ref_axis',(0.,0.487821545567865,0.872943377132664));
#8192=DIRECTION('',(-0.437798283880842,0.438586904131871,0.784840232247947));
#8193=DIRECTION('',(-0.439072520036881,-0.438284446451671,-0.784297179739297));
#8194=DIRECTION('center_axis',(0.873317045523297,9.6957669173758E-17,0.487152273933377));
#8195=DIRECTION('ref_axis',(1.11022302462516E-16,-1.,-1.60237371373018E-31));
#8196=DIRECTION('',(-0.437798283880842,-0.438586904131871,0.784840232247947));
#8197=DIRECTION('center_axis',(-4.0904352352597E-16,0.872943377132664,0.487821545567864));
#8198=DIRECTION('ref_axis',(0.,0.487821545567864,-0.872943377132664));
#8199=DIRECTION('',(0.439072520036883,-0.438284446451663,0.7842971797393));
#8200=DIRECTION('center_axis',(-0.872569516347453,-1.21093345954372E-16,
0.488489958076082));
#8201=DIRECTION('ref_axis',(-1.38777878078144E-16,1.,4.93038065763132E-32));
#8202=DIRECTION('center_axis',(0.872569516347454,7.26560075726235E-17,-0.488489958076081));
#8203=DIRECTION('ref_axis',(8.32667268468867E-17,-1.,0.));
#8204=DIRECTION('',(0.,1.,0.));
#8205=DIRECTION('',(0.439072617568638,0.438284036988115,0.784297353956282));
#8206=DIRECTION('',(-0.439072617568638,0.438284036988115,-0.784297353956282));
#8207=DIRECTION('center_axis',(-2.42290459121681E-17,0.872943377132663,
-0.487821545567865));
#8208=DIRECTION('ref_axis',(-1.54074395550979E-33,-0.487821545567865,-0.872943377132663));
#8209=DIRECTION('',(-1.,0.,0.));
#8210=DIRECTION('',(-0.437795401369678,0.43858797456467,0.78484124197625));
#8211=DIRECTION('center_axis',(-0.873317045523297,4.8478834586879E-17,-0.487152273933376));
#8212=DIRECTION('ref_axis',(5.55111512312578E-17,1.,0.));
#8213=DIRECTION('',(0.,-1.,0.));
#8214=DIRECTION('',(-0.437795401369678,-0.43858797456467,0.78484124197625));
#8215=DIRECTION('center_axis',(0.,-0.872943377132663,-0.487821545567865));
#8216=DIRECTION('ref_axis',(0.,-0.487821545567865,0.872943377132663));
#8217=DIRECTION('',(1.,0.,0.));
#8218=DIRECTION('center_axis',(0.,0.,-1.));
#8219=DIRECTION('ref_axis',(1.,0.,0.));
#8220=DIRECTION('',(0.,0.,1.));
#8221=DIRECTION('',(1.,0.,0.));
#8222=DIRECTION('',(0.,0.,1.));
#8223=DIRECTION('',(-1.,-3.6498581934552E-15,0.));
#8224=DIRECTION('',(1.73085047042379E-16,1.45911580068305E-17,-1.));
#8225=DIRECTION('',(-3.36360998922196E-15,-0.999999999999995,2.21247311875009E-15));
#8226=CARTESIAN_POINT('',(0.,0.,0.));
#8227=CARTESIAN_POINT('',(0.,0.,0.));
#8228=CARTESIAN_POINT('',(0.,0.,0.));
#8229=CARTESIAN_POINT('Origin',(-22.3000000000002,18.395,-54.3750000000001));
#8230=CARTESIAN_POINT('',(-22.3000000000002,44.475,-54.3750000000001));
#8231=CARTESIAN_POINT('',(-22.3000000000002,18.395,-54.3750000000001));
#8232=CARTESIAN_POINT('',(-22.3000000000002,44.475,-54.3750000000001));
#8233=CARTESIAN_POINT('',(13.2999999999998,18.395,-54.3750000000001));
#8234=CARTESIAN_POINT('',(-22.3000000000002,18.395,-54.3750000000001));
#8235=CARTESIAN_POINT('',(13.2999999999998,44.475,-54.3750000000001));
#8236=CARTESIAN_POINT('',(13.2999999999998,18.395,-54.3750000000001));
#8237=CARTESIAN_POINT('',(13.2999999999998,44.475,-54.3750000000001));
#8238=CARTESIAN_POINT('',(-12.4627629581451,39.355,-54.3750000000001));
#8239=CARTESIAN_POINT('',(-12.4627629581451,24.0549999999999,-54.3750000000001));
#8240=CARTESIAN_POINT('',(-12.4627629581451,39.355,-54.3750000000001));
#8241=CARTESIAN_POINT('',(-12.2627629581451,39.555,-54.3750000000001));
#8242=CARTESIAN_POINT('Origin',(-12.2627629581451,39.355,-54.3750000000001));
#8243=CARTESIAN_POINT('',(-0.662762958145129,39.555,-54.3750000000001));
#8244=CARTESIAN_POINT('',(-0.662762958145129,39.555,-54.3750000000001));
#8245=CARTESIAN_POINT('',(-0.462762958145129,39.355,-54.3750000000001));
#8246=CARTESIAN_POINT('Origin',(-0.662762958145129,39.355,-54.3750000000001));
#8247=CARTESIAN_POINT('',(-0.462762958145129,24.0549999999999,-54.3750000000001));
#8248=CARTESIAN_POINT('',(-0.462762958145129,24.0549999999999,-54.3750000000001));
#8249=CARTESIAN_POINT('',(-0.662762958145129,23.855,-54.3750000000001));
#8250=CARTESIAN_POINT('Origin',(-0.662762958145129,24.0549999999999,-54.3750000000001));
#8251=CARTESIAN_POINT('',(-12.2627629581451,23.855,-54.3750000000001));
#8252=CARTESIAN_POINT('',(-12.2627629581451,23.855,-54.3750000000001));
#8253=CARTESIAN_POINT('Origin',(-12.2627629581451,24.055,-54.3750000000001));
#8254=CARTESIAN_POINT('',(4.79997475559867,39.3963969689989,-54.3750000000001));
#8255=CARTESIAN_POINT('Origin',(4.79997475559867,41.8963969689989,-54.3750000000001));
#8256=CARTESIAN_POINT('',(-19.7000000000002,43.875,-54.3750000000001));
#8257=CARTESIAN_POINT('Origin',(-19.7000000000002,41.875,-54.3750000000001));
#8258=CARTESIAN_POINT('',(-19.7000000000002,23.535,-54.3750000000001));
#8259=CARTESIAN_POINT('Origin',(-19.7000000000002,21.535,-54.3750000000001));
#8260=CARTESIAN_POINT('',(10.7999747555987,23.5742416593521,-54.3750000000001));
#8261=CARTESIAN_POINT('Origin',(10.7999747555987,21.5742416593521,-54.3750000000001));
#8262=CARTESIAN_POINT('',(10.7999747555987,43.9142416593522,-54.3750000000001));
#8263=CARTESIAN_POINT('Origin',(10.7999747555987,41.9142416593522,-54.3750000000001));
#8264=CARTESIAN_POINT('',(11.6399999999998,33.9690907954951,-54.3750000000001));
#8265=CARTESIAN_POINT('Origin',(11.6399999999998,32.9690907954951,-54.3750000000001));
#8266=CARTESIAN_POINT('',(11.6399999999998,36.5090907954951,-54.3750000000001));
#8267=CARTESIAN_POINT('Origin',(11.6399999999998,35.5090907954951,-54.3750000000001));
#8268=CARTESIAN_POINT('',(11.6399999999998,31.4290907954951,-54.3750000000001));
#8269=CARTESIAN_POINT('Origin',(11.6399999999998,30.4290907954951,-54.3750000000001));
#8270=CARTESIAN_POINT('',(11.6399999999998,28.8890907954951,-54.3750000000001));
#8271=CARTESIAN_POINT('Origin',(11.6399999999998,27.8890907954951,-54.3750000000001));
#8272=CARTESIAN_POINT('',(-16.1974450386217,28.035,-54.3750000000001));
#8273=CARTESIAN_POINT('',(-16.1974450386217,25.635,-54.3750000000001));
#8274=CARTESIAN_POINT('',(-16.1974450386217,28.035,-54.3750000000001));
#8275=CARTESIAN_POINT('',(-14.9974450386217,28.035,-54.3750000000001));
#8276=CARTESIAN_POINT('',(-14.9974450386217,28.035,-54.3750000000001));
#8277=CARTESIAN_POINT('',(-14.9974450386217,25.635,-54.3750000000001));
#8278=CARTESIAN_POINT('',(-14.9974450386217,25.635,-54.3750000000001));
#8279=CARTESIAN_POINT('',(-16.1974450386217,25.635,-54.3750000000001));
#8280=CARTESIAN_POINT('',(-13.2000000000002,43.875,-54.3750000000001));
#8281=CARTESIAN_POINT('',(-15.4000000000002,43.875,-54.3750000000001));
#8282=CARTESIAN_POINT('',(-13.2000000000002,43.875,-54.3750000000001));
#8283=CARTESIAN_POINT('',(-13.2000000000002,43.075,-54.3750000000001));
#8284=CARTESIAN_POINT('',(-13.2000000000002,43.075,-54.3750000000001));
#8285=CARTESIAN_POINT('',(-15.4000000000002,43.075,-54.3750000000001));
#8286=CARTESIAN_POINT('',(-15.4000000000002,43.075,-54.3750000000001));
#8287=CARTESIAN_POINT('',(-15.4000000000002,43.875,-54.3750000000001));
#8288=CARTESIAN_POINT('',(7.03723704185487,36.755,-54.3750000000001));
#8289=CARTESIAN_POINT('',(4.83723704185487,36.755,-54.3750000000001));
#8290=CARTESIAN_POINT('',(7.03723704185487,36.755,-54.3750000000001));
#8291=CARTESIAN_POINT('',(7.03723704185487,35.955,-54.3750000000001));
#8292=CARTESIAN_POINT('',(7.03723704185487,35.955,-54.3750000000001));
#8293=CARTESIAN_POINT('',(4.83723704185487,35.955,-54.3750000000001));
#8294=CARTESIAN_POINT('',(4.83723704185487,35.955,-54.3750000000001));
#8295=CARTESIAN_POINT('',(4.83723704185487,36.755,-54.3750000000001));
#8296=CARTESIAN_POINT('',(6.83723704185487,34.455,-54.3750000000001));
#8297=CARTESIAN_POINT('',(4.93723704185487,34.455,-54.3750000000001));
#8298=CARTESIAN_POINT('',(6.83723704185487,34.455,-54.3750000000001));
#8299=CARTESIAN_POINT('',(6.83723704185487,33.655,-54.3750000000001));
#8300=CARTESIAN_POINT('',(6.83723704185487,33.655,-54.3750000000001));
#8301=CARTESIAN_POINT('',(4.93723704185487,33.655,-54.3750000000001));
#8302=CARTESIAN_POINT('',(4.93723704185487,33.655,-54.3750000000001));
#8303=CARTESIAN_POINT('',(4.93723704185487,34.455,-54.3750000000001));
#8304=CARTESIAN_POINT('',(4.53723704185487,32.155,-54.3750000000001));
#8305=CARTESIAN_POINT('',(4.53723704185487,30.155,-54.3750000000001));
#8306=CARTESIAN_POINT('',(4.53723704185487,32.155,-54.3750000000001));
#8307=CARTESIAN_POINT('',(7.33723704185487,32.155,-54.3750000000001));
#8308=CARTESIAN_POINT('',(7.33723704185487,32.155,-54.3750000000001));
#8309=CARTESIAN_POINT('',(7.33723704185487,30.155,-54.3750000000001));
#8310=CARTESIAN_POINT('',(7.33723704185487,30.155,-54.3750000000001));
#8311=CARTESIAN_POINT('',(4.53723704185487,30.155,-54.3750000000001));
#8312=CARTESIAN_POINT('',(0.661716683070972,43.455,-54.3750000000001));
#8313=CARTESIAN_POINT('',(-2.93828331692903,43.455,-54.3750000000001));
#8314=CARTESIAN_POINT('',(0.661716683070972,43.455,-54.3750000000001));
#8315=CARTESIAN_POINT('',(0.661716683070972,41.655,-54.3750000000001));
#8316=CARTESIAN_POINT('',(0.661716683070972,41.655,-54.3750000000001));
#8317=CARTESIAN_POINT('',(-2.93828331692903,41.655,-54.3750000000001));
#8318=CARTESIAN_POINT('',(-2.93828331692903,41.655,-54.3750000000001));
#8319=CARTESIAN_POINT('',(-2.93828331692903,43.455,-54.3750000000001));
#8320=CARTESIAN_POINT('',(-0.238283316929029,40.955,-54.3750000000001));
#8321=CARTESIAN_POINT('',(-2.13828331692903,40.955,-54.3750000000001));
#8322=CARTESIAN_POINT('',(-0.238283316929029,40.955,-54.3750000000001));
#8323=CARTESIAN_POINT('',(-0.238283316929029,40.155,-54.3750000000001));
#8324=CARTESIAN_POINT('',(-0.238283316929029,40.155,-54.3750000000001));
#8325=CARTESIAN_POINT('',(-2.13828331692903,40.155,-54.3750000000001));
#8326=CARTESIAN_POINT('',(-2.13828331692903,40.155,-54.3750000000001));
#8327=CARTESIAN_POINT('',(-2.13828331692903,40.955,-54.3750000000001));
#8328=CARTESIAN_POINT('',(6.83723704185487,28.455,-54.3750000000001));
#8329=CARTESIAN_POINT('',(4.93723704185487,28.455,-54.3750000000001));
#8330=CARTESIAN_POINT('',(6.83723704185487,28.455,-54.3750000000001));
#8331=CARTESIAN_POINT('',(6.83723704185487,27.6549999999999,-54.3750000000001));
#8332=CARTESIAN_POINT('',(6.83723704185487,27.6549999999999,-54.3750000000001));
#8333=CARTESIAN_POINT('',(4.93723704185487,27.6549999999999,-54.3750000000001));
#8334=CARTESIAN_POINT('',(4.93723704185487,27.6549999999999,-54.3750000000001));
#8335=CARTESIAN_POINT('',(4.93723704185487,28.455,-54.3750000000001));
#8336=CARTESIAN_POINT('',(7.03723704185487,35.555,-54.3750000000001));
#8337=CARTESIAN_POINT('',(4.83723704185487,35.555,-54.3750000000001));
#8338=CARTESIAN_POINT('',(7.03723704185487,35.555,-54.3750000000001));
#8339=CARTESIAN_POINT('',(7.03723704185487,34.755,-54.3750000000001));
#8340=CARTESIAN_POINT('',(7.03723704185487,34.755,-54.3750000000001));
#8341=CARTESIAN_POINT('',(4.83723704185487,34.755,-54.3750000000001));
#8342=CARTESIAN_POINT('',(4.83723704185487,34.755,-54.3750000000001));
#8343=CARTESIAN_POINT('',(4.83723704185487,35.555,-54.3750000000001));
#8344=CARTESIAN_POINT('',(-13.2000000000002,42.275,-54.3750000000001));
#8345=CARTESIAN_POINT('',(-15.4000000000002,42.275,-54.3750000000001));
#8346=CARTESIAN_POINT('',(-13.2000000000002,42.275,-54.3750000000001));
#8347=CARTESIAN_POINT('',(-13.2000000000002,41.475,-54.3750000000001));
#8348=CARTESIAN_POINT('',(-13.2000000000002,41.475,-54.3750000000001));
#8349=CARTESIAN_POINT('',(-15.4000000000002,41.475,-54.3750000000001));
#8350=CARTESIAN_POINT('',(-15.4000000000002,41.475,-54.3750000000001));
#8351=CARTESIAN_POINT('',(-15.4000000000002,42.275,-54.3750000000001));
#8352=CARTESIAN_POINT('',(-13.5474450386217,29.635,-54.3750000000001));
#8353=CARTESIAN_POINT('',(-15.4474450386217,29.635,-54.3750000000001));
#8354=CARTESIAN_POINT('',(-13.5474450386217,29.635,-54.3750000000001));
#8355=CARTESIAN_POINT('',(-13.5474450386217,28.835,-54.3750000000001));
#8356=CARTESIAN_POINT('',(-13.5474450386217,28.835,-54.3750000000001));
#8357=CARTESIAN_POINT('',(-15.4474450386217,28.835,-54.3750000000001));
#8358=CARTESIAN_POINT('',(-15.4474450386217,28.835,-54.3750000000001));
#8359=CARTESIAN_POINT('',(-15.4474450386217,29.635,-54.3750000000001));
#8360=CARTESIAN_POINT('',(-20.6000000000002,27.385,-54.3750000000001));
#8361=CARTESIAN_POINT('',(-20.6000000000002,24.685,-54.3750000000001));
#8362=CARTESIAN_POINT('',(-20.6000000000002,27.385,-54.3750000000001));
#8363=CARTESIAN_POINT('',(-18.0000000000002,27.385,-54.3750000000001));
#8364=CARTESIAN_POINT('',(-18.0000000000002,27.385,-54.3750000000001));
#8365=CARTESIAN_POINT('',(-18.0000000000002,24.685,-54.3750000000001));
#8366=CARTESIAN_POINT('',(-18.0000000000002,24.685,-54.3750000000001));
#8367=CARTESIAN_POINT('',(-20.6000000000002,24.685,-54.3750000000001));
#8368=CARTESIAN_POINT('',(-9.63828331692903,43.4120057171577,-54.3750000000001));
#8369=CARTESIAN_POINT('',(-9.63828331692903,40.4120057171578,-54.3750000000001));
#8370=CARTESIAN_POINT('',(-9.63828331692903,43.4120057171577,-54.3750000000001));
#8371=CARTESIAN_POINT('',(-5.13828331692903,43.4120057171577,-54.3750000000001));
#8372=CARTESIAN_POINT('',(-5.13828331692903,43.4120057171577,-54.3750000000001));
#8373=CARTESIAN_POINT('',(-5.13828331692903,40.4120057171578,-54.3750000000001));
#8374=CARTESIAN_POINT('',(-5.13828331692903,40.4120057171578,-54.3750000000001));
#8375=CARTESIAN_POINT('',(-9.63828331692903,40.4120057171578,-54.3750000000001));
#8376=CARTESIAN_POINT('',(-19.2000000000002,31.0893796997566,-54.3750000000001));
#8377=CARTESIAN_POINT('Origin',(-19.2000000000002,33.1893796997566,-54.3750000000001));
#8378=CARTESIAN_POINT('Origin',(-22.3000000000002,18.395,-53.9750000000001));
#8379=CARTESIAN_POINT('',(-14.9500000000002,43.875,-53.9750000000001));
#8380=CARTESIAN_POINT('',(-14.9500000000002,43.075,-53.9750000000001));
#8381=CARTESIAN_POINT('',(-14.9500000000002,43.875,-53.9750000000001));
#8382=CARTESIAN_POINT('',(-15.2000000000002,43.875,-53.9750000000001));
#8383=CARTESIAN_POINT('',(-14.9500000000002,43.875,-53.9750000000001));
#8384=CARTESIAN_POINT('',(-15.2000000000002,43.075,-53.9750000000001));
#8385=CARTESIAN_POINT('',(-15.2000000000002,43.875,-53.9750000000001));
#8386=CARTESIAN_POINT('',(-15.2000000000002,43.075,-53.9750000000001));
#8387=CARTESIAN_POINT('Origin',(11.6399999999998,35.5090907954951,-54.3750000000001));
#8388=CARTESIAN_POINT('',(11.6399999999998,35.0290907954951,-54.3850000000001));
#8389=CARTESIAN_POINT('Origin',(11.6399999999998,35.5090907954951,-54.3850000000001));
#8390=CARTESIAN_POINT('',(11.6399999999998,35.0290907954951,-55.5650000000001));
#8391=CARTESIAN_POINT('',(11.6399999999998,35.0290907954951,-54.3750000000001));
#8392=CARTESIAN_POINT('Origin',(11.6399999999998,35.5090907954951,-55.5650000000001));
#8393=CARTESIAN_POINT('Origin',(11.6399999999998,32.9690907954951,-54.3750000000001));
#8394=CARTESIAN_POINT('',(11.6399999999998,32.4890907954951,-54.3850000000001));
#8395=CARTESIAN_POINT('Origin',(11.6399999999998,32.9690907954951,-54.3850000000001));
#8396=CARTESIAN_POINT('',(11.6399999999998,32.4890907954951,-55.5650000000001));
#8397=CARTESIAN_POINT('',(11.6399999999998,32.4890907954951,-54.3750000000001));
#8398=CARTESIAN_POINT('Origin',(11.6399999999998,32.9690907954951,-55.5650000000001));
#8399=CARTESIAN_POINT('Origin',(11.6399999999998,30.4290907954951,-54.3750000000001));
#8400=CARTESIAN_POINT('',(11.6399999999998,29.9490907954951,-54.3850000000001));
#8401=CARTESIAN_POINT('Origin',(11.6399999999998,30.4290907954951,-54.3850000000001));
#8402=CARTESIAN_POINT('',(11.6399999999998,29.9490907954951,-55.5650000000001));
#8403=CARTESIAN_POINT('',(11.6399999999998,29.9490907954951,-54.3750000000001));
#8404=CARTESIAN_POINT('Origin',(11.6399999999998,30.4290907954951,-55.5650000000001));
#8405=CARTESIAN_POINT('Origin',(11.6399999999998,27.8890907954951,-54.3750000000001));
#8406=CARTESIAN_POINT('',(11.6399999999998,27.4090907954951,-54.3850000000001));
#8407=CARTESIAN_POINT('Origin',(11.6399999999998,27.8890907954951,-54.3850000000001));
#8408=CARTESIAN_POINT('',(11.6399999999998,27.4090907954951,-55.5650000000001));
#8409=CARTESIAN_POINT('',(11.6399999999998,27.4090907954951,-54.3750000000001));
#8410=CARTESIAN_POINT('Origin',(11.6399999999998,27.8890907954951,-55.5650000000001));
#8411=CARTESIAN_POINT('Origin',(10.7999747555987,21.5742416593521,-54.3750000000001));
#8412=CARTESIAN_POINT('',(10.7999747555987,19.9742416593521,-54.3850000000001));
#8413=CARTESIAN_POINT('Origin',(10.7999747555987,21.5742416593521,-54.3850000000001));
#8414=CARTESIAN_POINT('',(10.7999747555987,19.9742416593521,-55.5650000000001));
#8415=CARTESIAN_POINT('',(10.7999747555987,19.9742416593521,-54.3750000000001));
#8416=CARTESIAN_POINT('Origin',(10.7999747555987,21.5742416593521,-55.5650000000001));
#8417=CARTESIAN_POINT('Origin',(10.7999747555987,41.9142416593522,-54.3750000000001));
#8418=CARTESIAN_POINT('',(10.7999747555987,40.3142416593522,-54.3850000000001));
#8419=CARTESIAN_POINT('Origin',(10.7999747555987,41.9142416593522,-54.3850000000001));
#8420=CARTESIAN_POINT('',(10.7999747555987,40.3142416593522,-55.5650000000001));
#8421=CARTESIAN_POINT('',(10.7999747555987,40.3142416593522,-54.3750000000001));
#8422=CARTESIAN_POINT('Origin',(10.7999747555987,41.9142416593522,-55.5650000000001));
#8423=CARTESIAN_POINT('Origin',(-19.7000000000002,41.875,-54.3750000000001));
#8424=CARTESIAN_POINT('',(-19.7000000000002,40.275,-54.3850000000001));
#8425=CARTESIAN_POINT('Origin',(-19.7000000000002,41.875,-54.3850000000001));
#8426=CARTESIAN_POINT('',(-19.7000000000002,40.275,-55.5650000000001));
#8427=CARTESIAN_POINT('',(-19.7000000000002,40.275,-54.3750000000001));
#8428=CARTESIAN_POINT('Origin',(-19.7000000000002,41.875,-55.5650000000001));
#8429=CARTESIAN_POINT('Origin',(-19.7000000000002,21.535,-54.3750000000001));
#8430=CARTESIAN_POINT('',(-19.7000000000002,19.935,-54.3850000000001));
#8431=CARTESIAN_POINT('Origin',(-19.7000000000002,21.535,-54.3850000000001));
#8432=CARTESIAN_POINT('',(-19.7000000000002,19.935,-55.5650000000001));
#8433=CARTESIAN_POINT('',(-19.7000000000002,19.935,-54.3750000000001));
#8434=CARTESIAN_POINT('Origin',(-19.7000000000002,21.535,-55.5650000000001));
#8435=CARTESIAN_POINT('Origin',(-22.3000000000002,18.395,-53.9750000000001));
#8436=CARTESIAN_POINT('',(-20.6000000000002,27.385,-53.9750000000001));
#8437=CARTESIAN_POINT('',(-20.6000000000002,24.685,-53.9750000000001));
#8438=CARTESIAN_POINT('',(-20.6000000000002,27.385,-53.9750000000001));
#8439=CARTESIAN_POINT('',(-18.0000000000002,24.685,-53.9750000000001));
#8440=CARTESIAN_POINT('',(-20.6000000000002,24.685,-53.9750000000001));
#8441=CARTESIAN_POINT('',(-18.0000000000002,27.385,-53.9750000000001));
#8442=CARTESIAN_POINT('',(-18.0000000000002,24.685,-53.9750000000001));
#8443=CARTESIAN_POINT('',(-18.0000000000002,27.385,-53.9750000000001));
#8444=CARTESIAN_POINT('',(-19.3000000000002,25.035,-53.9750000000001));
#8445=CARTESIAN_POINT('Origin',(-19.3000000000002,26.035,-53.9750000000001));
#8446=CARTESIAN_POINT('Origin',(2.75586985913321,61.7993720283507,-55.573395623082));
#8447=CARTESIAN_POINT('',(-22.3000000000002,44.475,-55.5731142623988));
#8448=CARTESIAN_POINT('',(-22.3000000000002,18.395,-55.5740793109751));
#8449=CARTESIAN_POINT('',(-22.3000000000002,40.0972081821125,-55.5732762555645));
#8450=CARTESIAN_POINT('',(13.2999999999998,44.475,-55.574424861393));
#8451=CARTESIAN_POINT('',(-9.77208713626944,44.475,-55.5735754722303));
#8452=CARTESIAN_POINT('',(13.2999999999998,18.395,-55.5753899099693));
#8453=CARTESIAN_POINT('',(13.2999999999998,40.0972082306091,-55.5745868545569));
#8454=CARTESIAN_POINT('',(-9.7720871717973,18.395,-55.5745405208052));
#8455=CARTESIAN_POINT('',(-19.2000000000002,31.0893796997566,-55.5737237010052));
#8456=CARTESIAN_POINT('Origin',(-19.2000000000002,33.1893796997566,-55.5736459938729));
#8457=CARTESIAN_POINT('',(3.65999999999977,34.375,-55.5744437031593));
#8458=CARTESIAN_POINT('',(3.65999999999977,38.375,-55.574295689574));
#8459=CARTESIAN_POINT('',(3.65999999999977,48.0871861895157,-55.5739363056992));
#8460=CARTESIAN_POINT('',(10.1599999999998,34.375,-55.5746829979195));
#8461=CARTESIAN_POINT('',(3.20793473705389,34.375,-55.5744270605672));
#8462=CARTESIAN_POINT('',(10.1599999999998,38.375,-55.5745349843342));
#8463=CARTESIAN_POINT('',(10.1599999999998,48.0871861983705,-55.574175600459));
#8464=CARTESIAN_POINT('',(3.20793474250295,38.375,-55.5742790469821));
#8465=CARTESIAN_POINT('',(3.65999999999977,24.375,-55.5748137371226));
#8466=CARTESIAN_POINT('',(3.65999999999977,28.375,-55.5746657235373));
#8467=CARTESIAN_POINT('',(3.65999999999977,43.087186196362,-55.5741213226806));
#8468=CARTESIAN_POINT('',(10.1599999999998,24.375,-55.5750530318828));
#8469=CARTESIAN_POINT('',(3.20793472343125,24.375,-55.57479709453));
#8470=CARTESIAN_POINT('',(10.1599999999998,28.375,-55.5749050182974));
#8471=CARTESIAN_POINT('',(10.1599999999998,43.0871862052167,-55.5743606174404));
#8472=CARTESIAN_POINT('',(3.2079347288803,28.375,-55.5746490809449));
#8473=CARTESIAN_POINT('',(-19.5000000000002,35.375,-55.5735540741252));
#8474=CARTESIAN_POINT('',(-19.5000000000002,39.375,-55.5734060605399));
#8475=CARTESIAN_POINT('',(-19.5000000000002,48.5871861572811,-55.5730651783644));
#8476=CARTESIAN_POINT('',(-13.0000000000002,35.375,-55.5737933688854));
#8477=CARTESIAN_POINT('',(-8.37206524588932,35.375,-55.5739637443526));
#8478=CARTESIAN_POINT('',(-13.0000000000002,39.375,-55.5736453553001));
#8479=CARTESIAN_POINT('',(-13.0000000000002,48.5871861661358,-55.5733044731243));
#8480=CARTESIAN_POINT('',(-8.37206524044026,39.375,-55.5738157307675));
#8481=CARTESIAN_POINT('',(-19.5000000000002,24.375,-55.5739611114848));
#8482=CARTESIAN_POINT('',(-19.5000000000002,28.375,-55.5738130978995));
#8483=CARTESIAN_POINT('',(-19.5000000000002,43.087186164812,-55.573268697044));
#8484=CARTESIAN_POINT('',(-13.0000000000002,24.375,-55.574200406245));
#8485=CARTESIAN_POINT('',(-8.37206526087423,24.375,-55.5743707817117));
#8486=CARTESIAN_POINT('',(-13.0000000000002,28.375,-55.5740523926597));
#8487=CARTESIAN_POINT('',(-13.0000000000002,43.0871861736667,-55.5735079918038));
#8488=CARTESIAN_POINT('',(-8.37206525542517,28.375,-55.5742227681266));
#8489=CARTESIAN_POINT('',(11.6399999999998,34.5090907954951,-55.5747325216808));
#8490=CARTESIAN_POINT('Origin',(11.6399999999998,35.5090907954951,-55.5746955182845));
#8491=CARTESIAN_POINT('',(11.6399999999998,31.9690907954951,-55.5748265103075));
#8492=CARTESIAN_POINT('Origin',(11.6399999999998,32.9690907954951,-55.5747895069111));
#8493=CARTESIAN_POINT('',(11.6399999999998,29.4290907954951,-55.5749204989341));
#8494=CARTESIAN_POINT('Origin',(11.6399999999998,30.4290907954951,-55.5748834955378));
#8495=CARTESIAN_POINT('',(11.6399999999998,26.8890907954951,-55.5750144875608));
#8496=CARTESIAN_POINT('Origin',(11.6399999999998,27.8890907954951,-55.5749774841645));
#8497=CARTESIAN_POINT('',(10.7999747555987,19.5742416593521,-55.5752542366472));
#8498=CARTESIAN_POINT('Origin',(10.7999747555987,21.5742416593521,-55.5751802298545));
#8499=CARTESIAN_POINT('',(10.7999747555987,39.9142416593522,-55.5745015875659));
#8500=CARTESIAN_POINT('Origin',(10.7999747555987,41.9142416593522,-55.5744275807732));
#8501=CARTESIAN_POINT('',(-19.7000000000002,39.875,-55.573380195926));
#8502=CARTESIAN_POINT('Origin',(-19.7000000000002,41.875,-55.5733061891334));
#8503=CARTESIAN_POINT('',(-19.7000000000002,19.535,-55.5741328450073));
#8504=CARTESIAN_POINT('Origin',(-19.7000000000002,21.535,-55.5740588382147));
#8505=CARTESIAN_POINT('Origin',(-22.3000000000002,18.395,-54.3750000000001));
#8506=CARTESIAN_POINT('',(-22.3000000000002,18.395,-54.3750000000001));
#8507=CARTESIAN_POINT('',(-22.3000000000002,44.475,-54.3750000000001));
#8508=CARTESIAN_POINT('Origin',(-22.3000000000002,18.395,-54.3750000000001));
#8509=CARTESIAN_POINT('',(13.2999999999998,18.395,-54.3750000000001));
#8510=CARTESIAN_POINT('Origin',(13.2999999999998,18.395,-54.3750000000001));
#8511=CARTESIAN_POINT('',(13.2999999999998,44.475,-54.3750000000001));
#8512=CARTESIAN_POINT('Origin',(-22.3000000000002,44.475,-54.3750000000001));
#8513=CARTESIAN_POINT('Origin',(-19.2000000000002,33.1893796997566,-54.3750000000001));
#8514=CARTESIAN_POINT('',(-19.2000000000002,31.0893796997566,-54.3750000000001));
#8515=CARTESIAN_POINT('Origin',(-12.4627629581451,39.555,-51.5150000000001));
#8516=CARTESIAN_POINT('',(-12.4627629581451,24.055,-51.7150000000001));
#8517=CARTESIAN_POINT('',(-12.4627629581451,39.355,-51.7150000000001));
#8518=CARTESIAN_POINT('',(-12.4627629581451,39.355,-51.7150000000001));
#8519=CARTESIAN_POINT('',(-12.4627629581451,39.355,-51.7150000000001));
#8520=CARTESIAN_POINT('',(-12.4627629581451,24.0549999999999,-51.7150000000001));
#8521=CARTESIAN_POINT('Origin',(-12.4627629581451,23.855,-51.5150000000001));
#8522=CARTESIAN_POINT('',(-0.662762958145129,23.855,-51.7150000000001));
#8523=CARTESIAN_POINT('',(-12.2627629581451,23.855,-51.7150000000001));
#8524=CARTESIAN_POINT('',(-12.2627629581451,23.855,-51.7150000000001));
#8525=CARTESIAN_POINT('',(-12.2627629581451,23.855,-51.7150000000001));
#8526=CARTESIAN_POINT('',(-0.662762958145129,23.855,-51.7150000000001));
#8527=CARTESIAN_POINT('Origin',(-0.462762958145129,39.555,-51.5150000000001));
#8528=CARTESIAN_POINT('',(-0.462762958145129,39.355,-51.7150000000001));
#8529=CARTESIAN_POINT('',(-0.462762958145129,39.355,-51.7150000000001));
#8530=CARTESIAN_POINT('',(-0.462762958145129,24.0549999999999,-51.7150000000001));
#8531=CARTESIAN_POINT('',(-0.462762958145129,24.0549999999999,-51.7150000000001));
#8532=CARTESIAN_POINT('',(-0.462762958145129,24.0549999999999,-51.7150000000001));
#8533=CARTESIAN_POINT('Origin',(-12.4627629581451,39.555,-51.5150000000001));
#8534=CARTESIAN_POINT('',(-12.2627629581451,39.555,-51.7150000000001));
#8535=CARTESIAN_POINT('',(-0.662762958145129,39.555,-51.7150000000001));
#8536=CARTESIAN_POINT('',(-0.662762958145129,39.555,-51.7150000000001));
#8537=CARTESIAN_POINT('',(-0.662762958145129,39.555,-51.7150000000001));
#8538=CARTESIAN_POINT('',(-12.2627629581451,39.555,-51.7150000000001));
#8539=CARTESIAN_POINT('Origin',(-22.3000000000002,18.395,-51.5150000000001));
#8540=CARTESIAN_POINT('',(-12.2627629581451,24.055,-51.5150000000001));
#8541=CARTESIAN_POINT('',(-0.662762958145129,24.055,-51.5150000000001));
#8542=CARTESIAN_POINT('',(-12.2627629581451,24.055,-51.5150000000001));
#8543=CARTESIAN_POINT('',(-0.662762958145129,39.355,-51.5150000000001));
#8544=CARTESIAN_POINT('',(-0.662762958145129,24.0549999999999,-51.5150000000001));
#8545=CARTESIAN_POINT('',(-12.2627629581451,39.355,-51.5150000000001));
#8546=CARTESIAN_POINT('',(-0.662762958145129,39.355,-51.5150000000001));
#8547=CARTESIAN_POINT('',(-12.2627629581451,39.355,-51.5150000000001));
#8548=CARTESIAN_POINT('Origin',(-12.2627629581451,24.055,-51.5150000000001));
#8549=CARTESIAN_POINT('Origin',(-12.2627629581451,24.055,-51.7150000000001));
#8550=CARTESIAN_POINT('Origin',(-12.2627629581451,24.055,-51.7150000000001));
#8551=CARTESIAN_POINT('Origin',(-12.2627629581451,24.055,-51.7150000000001));
#8552=CARTESIAN_POINT('Origin',(-12.2627629581451,24.055,-51.7150000000001));
#8553=CARTESIAN_POINT('Origin',(-0.662762958145129,24.0549999999999,-51.5150000000001));
#8554=CARTESIAN_POINT('Origin',(-0.662762958145129,24.055,-51.7150000000001));
#8555=CARTESIAN_POINT('Origin',(-22.3000000000002,24.055,-51.7150000000001));
#8556=CARTESIAN_POINT('Origin',(-0.662762958145129,24.055,-51.7150000000001));
#8557=CARTESIAN_POINT('Origin',(-12.2627629581451,18.395,-51.7150000000001));
#8558=CARTESIAN_POINT('Origin',(-12.2627629581451,39.355,-51.7150000000001));
#8559=CARTESIAN_POINT('Origin',(-12.2627629581451,39.355,-51.5150000000001));
#8560=CARTESIAN_POINT('Origin',(-12.2627629581451,39.355,-51.7150000000001));
#8561=CARTESIAN_POINT('Origin',(-0.662762958145129,24.055,-51.7150000000001));
#8562=CARTESIAN_POINT('Origin',(-0.662762958145129,24.0549999999999,-51.7150000000001));
#8563=CARTESIAN_POINT('Origin',(-12.2627629581451,39.355,-51.7150000000001));
#8564=CARTESIAN_POINT('Origin',(-12.2627629581451,39.355,-51.7150000000001));
#8565=CARTESIAN_POINT('Origin',(-0.662762958145129,18.395,-51.7150000000001));
#8566=CARTESIAN_POINT('Origin',(-0.662762958145129,39.355,-51.7150000000001));
#8567=CARTESIAN_POINT('Origin',(-22.3000000000002,39.355,-51.7150000000001));
#8568=CARTESIAN_POINT('Origin',(-0.662762958145129,39.355,-51.7150000000001));
#8569=CARTESIAN_POINT('Origin',(-0.662762958145129,39.355,-51.7150000000001));
#8570=CARTESIAN_POINT('Origin',(-0.662762958145129,39.355,-51.7150000000001));
#8571=CARTESIAN_POINT('Origin',(-0.662762958145129,39.355,-51.5150000000001));
#8572=CARTESIAN_POINT('Origin',(-9.63828331692903,43.4120057171577,-53.3750000000001));
#8573=CARTESIAN_POINT('',(-9.63828331692903,40.4120057171578,-53.3750000000001));
#8574=CARTESIAN_POINT('',(-9.63828331692903,40.4120057171578,-53.3750000000001));
#8575=CARTESIAN_POINT('',(-9.63828331692903,43.4120057171577,-53.3750000000001));
#8576=CARTESIAN_POINT('',(-9.63828331692903,43.4120057171577,-53.3750000000001));
#8577=CARTESIAN_POINT('',(-9.63828331692903,43.4120057171577,-53.3750000000001));
#8578=CARTESIAN_POINT('Origin',(-9.63828331692903,40.4120057171578,-53.3750000000001));
#8579=CARTESIAN_POINT('',(-5.13828331692903,40.4120057171578,-53.3750000000001));
#8580=CARTESIAN_POINT('',(-5.13828331692903,40.4120057171578,-53.3750000000001));
#8581=CARTESIAN_POINT('',(-9.63828331692903,40.4120057171578,-53.3750000000001));
#8582=CARTESIAN_POINT('Origin',(-5.13828331692903,43.4120057171577,-53.3750000000001));
#8583=CARTESIAN_POINT('',(-5.13828331692903,43.4120057171577,-53.3750000000001));
#8584=CARTESIAN_POINT('',(-5.13828331692903,43.4120057171577,-53.3750000000001));
#8585=CARTESIAN_POINT('',(-5.13828331692903,40.4120057171578,-53.3750000000001));
#8586=CARTESIAN_POINT('Origin',(-9.63828331692903,43.4120057171577,-53.3750000000001));
#8587=CARTESIAN_POINT('',(-5.13828331692903,43.4120057171577,-53.3750000000001));
#8588=CARTESIAN_POINT('Origin',(-22.3000000000002,18.395,-53.3750000000001));
#8589=CARTESIAN_POINT('Origin',(4.79997475559867,41.8963969689989,-52.5750000000001));
#8590=CARTESIAN_POINT('',(4.79997475559867,39.3963969689989,-52.7750000000001));
#8591=CARTESIAN_POINT('',(4.79997475559867,39.3963969689989,-52.5750000000001));
#8592=CARTESIAN_POINT('',(4.79997475559867,44.3963969689989,-52.7750000000001));
#8593=CARTESIAN_POINT('Origin',(4.79997475559867,41.8963969689989,-52.7750000000001));
#8594=CARTESIAN_POINT('Origin',(4.79997475559867,41.8963969689989,-52.7750000000001));
#8595=CARTESIAN_POINT('Origin',(4.79997475559867,41.8963969689989,-52.5750000000001));
#8596=CARTESIAN_POINT('',(4.79997475559867,44.1963969689989,-52.5750000000001));
#8597=CARTESIAN_POINT('Origin',(4.79997475559867,41.8963969689989,-52.5750000000001));
#8598=CARTESIAN_POINT('Origin',(4.79997475559867,41.8963969689989,-52.7750000000001));
#8599=CARTESIAN_POINT('Origin',(4.79997475559867,44.1963969689989,-52.7750000000001));
#8600=CARTESIAN_POINT('Origin',(-20.6000000000002,27.385,-53.9750000000001));
#8601=CARTESIAN_POINT('',(-20.6000000000002,24.685,-53.9750000000001));
#8602=CARTESIAN_POINT('',(-20.6000000000002,27.385,-53.9750000000001));
#8603=CARTESIAN_POINT('Origin',(-20.6000000000002,24.685,-53.9750000000001));
#8604=CARTESIAN_POINT('',(-18.0000000000002,24.685,-53.9750000000001));
#8605=CARTESIAN_POINT('Origin',(-18.0000000000002,27.385,-53.9750000000001));
#8606=CARTESIAN_POINT('',(-18.0000000000002,27.385,-53.9750000000001));
#8607=CARTESIAN_POINT('Origin',(-20.6000000000002,27.385,-53.9750000000001));
#8608=CARTESIAN_POINT('Origin',(-19.3000000000002,26.035,-52.9750000000001));
#8609=CARTESIAN_POINT('',(-19.3000000000002,26.885,-53.0500000000001));
#8610=CARTESIAN_POINT('',(-19.3000000000002,25.185,-53.0500000000001));
#8611=CARTESIAN_POINT('Origin',(-19.3000000000002,26.035,-53.0500000000001));
#8612=CARTESIAN_POINT('',(-19.3000000000002,25.185,-53.9750000000001));
#8613=CARTESIAN_POINT('',(-19.3000000000002,25.185,-52.9750000000001));
#8614=CARTESIAN_POINT('Origin',(-19.3000000000002,26.035,-53.9750000000001));
#8615=CARTESIAN_POINT('Origin',(-19.3000000000002,26.035,-53.0500000000001));
#8616=CARTESIAN_POINT('Origin',(-19.3000000000002,26.035,-52.9750000000001));
#8617=CARTESIAN_POINT('',(-19.3000000000002,25.035,-53.0500000000001));
#8618=CARTESIAN_POINT('',(-19.3000000000002,25.035,-52.9750000000001));
#8619=CARTESIAN_POINT('',(-19.3000000000002,27.035,-53.0500000000001));
#8620=CARTESIAN_POINT('Origin',(-19.3000000000002,26.035,-53.0500000000001));
#8621=CARTESIAN_POINT('Origin',(-19.3000000000002,26.035,-53.0500000000001));
#8622=CARTESIAN_POINT('Origin',(-22.3000000000002,18.395,-52.9750000000001));
#8623=CARTESIAN_POINT('',(-19.2500000000002,26.0350000000001,-52.9750000000001));
#8624=CARTESIAN_POINT('Origin',(-19.3000000000002,26.035,-52.9750000000001));
#8625=CARTESIAN_POINT('Origin',(-19.3000000000002,26.035,-52.9750000000001));
#8626=CARTESIAN_POINT('',(-19.3000000000002,25.785,-53.9750000000001));
#8627=CARTESIAN_POINT('Origin',(-19.3000000000002,26.035,-53.9750000000001));
#8628=CARTESIAN_POINT('',(-19.3000000000002,25.785,-53.1750000000001));
#8629=CARTESIAN_POINT('',(-19.3000000000002,25.785,-52.9750000000001));
#8630=CARTESIAN_POINT('',(-19.0500000000002,26.035,-53.1750000000001));
#8631=CARTESIAN_POINT('Origin',(-19.3000000000002,26.035,-53.1750000000001));
#8632=CARTESIAN_POINT('Origin',(-19.3000000000002,26.035,-53.1750000000001));
#8633=CARTESIAN_POINT('Origin',(-22.3000000000002,18.395,-53.9750000000001));
#8634=CARTESIAN_POINT('Ctrl Pts',(-19.0500000000002,26.035,-53.1750000000001));
#8635=CARTESIAN_POINT('Ctrl Pts',(-19.0500000000002,26.285,-53.1750000000002));
#8636=CARTESIAN_POINT('Ctrl Pts',(-19.3000000000002,26.285,-53.1750000000002));
#8637=CARTESIAN_POINT('Ctrl Pts',(-19.5500000000002,26.285,-53.1750000000002));
#8638=CARTESIAN_POINT('Ctrl Pts',(-19.5500000000002,26.035,-53.1750000000001));
#8639=CARTESIAN_POINT('Ctrl Pts',(-19.5500000000002,25.785,-53.1750000000001));
#8640=CARTESIAN_POINT('Ctrl Pts',(-19.3000000000002,25.785,-53.1750000000001));
#8641=CARTESIAN_POINT('Ctrl Pts',(-19.0500000000002,25.785,-53.1750000000001));
#8642=CARTESIAN_POINT('Ctrl Pts',(-19.0500000000002,26.035,-53.1750000000001));
#8643=CARTESIAN_POINT('Ctrl Pts',(-19.0500000000002,26.0350000000001,-52.9750000000001));
#8644=CARTESIAN_POINT('Ctrl Pts',(-19.0500000000002,26.2850000000001,-52.9750000000001));
#8645=CARTESIAN_POINT('Ctrl Pts',(-19.3000000000002,26.2850000000001,-52.9750000000001));
#8646=CARTESIAN_POINT('Ctrl Pts',(-19.5500000000003,26.2850000000001,-52.9750000000001));
#8647=CARTESIAN_POINT('Ctrl Pts',(-19.5500000000003,26.0350000000001,-52.9750000000001));
#8648=CARTESIAN_POINT('Ctrl Pts',(-19.5500000000003,25.785,-52.975));
#8649=CARTESIAN_POINT('Ctrl Pts',(-19.3000000000002,25.785,-52.975));
#8650=CARTESIAN_POINT('Ctrl Pts',(-19.0500000000002,25.785,-52.975));
#8651=CARTESIAN_POINT('Ctrl Pts',(-19.0500000000002,26.0350000000001,-52.9750000000001));
#8652=CARTESIAN_POINT('Ctrl Pts',(-19.2500000000003,26.0350000000001,-52.9750000000001));
#8653=CARTESIAN_POINT('Ctrl Pts',(-19.2500000000003,26.085,-52.9750000000001));
#8654=CARTESIAN_POINT('Ctrl Pts',(-19.3000000000002,26.085,-52.9750000000001));
#8655=CARTESIAN_POINT('Ctrl Pts',(-19.3500000000002,26.085,-52.9750000000001));
#8656=CARTESIAN_POINT('Ctrl Pts',(-19.3500000000002,26.0350000000001,-52.9750000000001));
#8657=CARTESIAN_POINT('Ctrl Pts',(-19.3500000000002,25.9850000000001,-52.9750000000001));
#8658=CARTESIAN_POINT('Ctrl Pts',(-19.3000000000002,25.9850000000001,-52.9750000000001));
#8659=CARTESIAN_POINT('Ctrl Pts',(-19.2500000000003,25.9850000000001,-52.9750000000001));
#8660=CARTESIAN_POINT('Ctrl Pts',(-19.2500000000003,26.0350000000001,-52.9750000000001));
#8661=CARTESIAN_POINT('Origin',(-19.2500000000002,26.035,-53.1750000000001));
#8662=CARTESIAN_POINT('Origin',(-19.3000000000002,26.035,-53.0500000000001));
#8663=CARTESIAN_POINT('Origin',(-19.3000000000002,26.96,-53.0500000000001));
#8664=CARTESIAN_POINT('Origin',(-19.7000000000002,41.875,-54.3850000000001));
#8665=CARTESIAN_POINT('',(-19.7000000000002,43.875,-54.3850000000001));
#8666=CARTESIAN_POINT('Origin',(-19.7000000000002,41.875,-54.3850000000001));
#8667=CARTESIAN_POINT('',(-19.7000000000002,43.875,-54.3850000000001));
#8668=CARTESIAN_POINT('Origin',(-19.7000000000002,41.875,-54.3850000000001));
#8669=CARTESIAN_POINT('Origin',(-19.7000000000002,21.535,-54.3850000000001));
#8670=CARTESIAN_POINT('',(-19.7000000000002,23.535,-54.3850000000001));
#8671=CARTESIAN_POINT('Origin',(-19.7000000000002,21.535,-54.3850000000001));
#8672=CARTESIAN_POINT('',(-19.7000000000002,23.535,-54.3850000000001));
#8673=CARTESIAN_POINT('Origin',(-19.7000000000002,21.535,-54.3850000000001));
#8674=CARTESIAN_POINT('Origin',(10.7999747555987,21.5742416593521,-54.3850000000001));
#8675=CARTESIAN_POINT('',(10.7999747555987,23.5742416593521,-54.3850000000001));
#8676=CARTESIAN_POINT('Origin',(10.7999747555987,21.5742416593521,-54.3850000000001));
#8677=CARTESIAN_POINT('',(10.7999747555987,23.5742416593521,-54.3850000000001));
#8678=CARTESIAN_POINT('Origin',(10.7999747555987,21.5742416593521,-54.3850000000001));
#8679=CARTESIAN_POINT('Origin',(10.7999747555987,41.9142416593522,-54.3850000000001));
#8680=CARTESIAN_POINT('',(10.7999747555987,43.9142416593522,-54.3850000000001));
#8681=CARTESIAN_POINT('Origin',(10.7999747555987,41.9142416593522,-54.3850000000001));
#8682=CARTESIAN_POINT('',(10.7999747555987,43.9142416593522,-54.3850000000001));
#8683=CARTESIAN_POINT('Origin',(10.7999747555987,41.9142416593522,-54.3850000000001));
#8684=CARTESIAN_POINT('Origin',(11.6399999999998,32.9690907954951,-54.3850000000001));
#8685=CARTESIAN_POINT('',(11.6399999999998,33.9690907954951,-54.3850000000001));
#8686=CARTESIAN_POINT('Origin',(11.6399999999998,32.9690907954951,-54.3850000000001));
#8687=CARTESIAN_POINT('',(11.6399999999998,33.9690907954951,-54.3850000000001));
#8688=CARTESIAN_POINT('Origin',(11.6399999999998,32.9690907954951,-54.3850000000001));
#8689=CARTESIAN_POINT('Origin',(11.6399999999998,35.5090907954951,-54.3850000000001));
#8690=CARTESIAN_POINT('',(11.6399999999998,36.5090907954951,-54.3850000000001));
#8691=CARTESIAN_POINT('Origin',(11.6399999999998,35.5090907954951,-54.3850000000001));
#8692=CARTESIAN_POINT('',(11.6399999999998,36.5090907954951,-54.3850000000001));
#8693=CARTESIAN_POINT('Origin',(11.6399999999998,35.5090907954951,-54.3850000000001));
#8694=CARTESIAN_POINT('Origin',(11.6399999999998,30.4290907954951,-54.3850000000001));
#8695=CARTESIAN_POINT('',(11.6399999999998,31.4290907954951,-54.3850000000001));
#8696=CARTESIAN_POINT('Origin',(11.6399999999998,30.4290907954951,-54.3850000000001));
#8697=CARTESIAN_POINT('',(11.6399999999998,31.4290907954951,-54.3850000000001));
#8698=CARTESIAN_POINT('Origin',(11.6399999999998,30.4290907954951,-54.3850000000001));
#8699=CARTESIAN_POINT('Origin',(11.6399999999998,27.8890907954951,-54.3850000000001));
#8700=CARTESIAN_POINT('',(11.6399999999998,28.8890907954951,-54.3850000000001));
#8701=CARTESIAN_POINT('Origin',(11.6399999999998,27.8890907954951,-54.3850000000001));
#8702=CARTESIAN_POINT('',(11.6399999999998,28.8890907954951,-54.3850000000001));
#8703=CARTESIAN_POINT('Origin',(11.6399999999998,27.8890907954951,-54.3850000000001));
#8704=CARTESIAN_POINT('Origin',(-19.7000000000002,21.535,-55.5650000000001));
#8705=CARTESIAN_POINT('',(-19.7000000000002,19.535,-55.5650000000001));
#8706=CARTESIAN_POINT('Origin',(-19.7000000000002,21.535,-55.5650000000001));
#8707=CARTESIAN_POINT('',(-19.7000000000002,19.535,-55.5650000000001));
#8708=CARTESIAN_POINT('Origin',(-19.7000000000002,21.535,-55.5650000000001));
#8709=CARTESIAN_POINT('Origin',(-19.7000000000002,41.875,-55.5650000000001));
#8710=CARTESIAN_POINT('',(-19.7000000000002,39.875,-55.5650000000001));
#8711=CARTESIAN_POINT('Origin',(-19.7000000000002,41.875,-55.5650000000001));
#8712=CARTESIAN_POINT('',(-19.7000000000002,39.875,-55.5650000000001));
#8713=CARTESIAN_POINT('Origin',(-19.7000000000002,41.875,-55.5650000000001));
#8714=CARTESIAN_POINT('Origin',(10.7999747555987,41.9142416593522,-55.5650000000001));
#8715=CARTESIAN_POINT('',(10.7999747555987,39.9142416593522,-55.5650000000001));
#8716=CARTESIAN_POINT('Origin',(10.7999747555987,41.9142416593522,-55.5650000000001));
#8717=CARTESIAN_POINT('',(10.7999747555987,39.9142416593522,-55.5650000000001));
#8718=CARTESIAN_POINT('Origin',(10.7999747555987,41.9142416593522,-55.5650000000001));
#8719=CARTESIAN_POINT('Origin',(10.7999747555987,21.5742416593521,-55.5650000000001));
#8720=CARTESIAN_POINT('',(10.7999747555987,19.5742416593521,-55.5650000000001));
#8721=CARTESIAN_POINT('Origin',(10.7999747555987,21.5742416593521,-55.5650000000001));
#8722=CARTESIAN_POINT('',(10.7999747555987,19.5742416593521,-55.5650000000001));
#8723=CARTESIAN_POINT('Origin',(10.7999747555987,21.5742416593521,-55.5650000000001));
#8724=CARTESIAN_POINT('Origin',(11.6399999999998,27.8890907954951,-55.5650000000001));
#8725=CARTESIAN_POINT('',(11.6399999999998,26.8890907954951,-55.5650000000001));
#8726=CARTESIAN_POINT('Origin',(11.6399999999998,27.8890907954951,-55.5650000000001));
#8727=CARTESIAN_POINT('',(11.6399999999998,26.8890907954951,-55.5650000000001));
#8728=CARTESIAN_POINT('Origin',(11.6399999999998,27.8890907954951,-55.5650000000001));
#8729=CARTESIAN_POINT('Origin',(11.6399999999998,30.4290907954951,-55.5650000000001));
#8730=CARTESIAN_POINT('',(11.6399999999998,29.4290907954951,-55.5650000000001));
#8731=CARTESIAN_POINT('Origin',(11.6399999999998,30.4290907954951,-55.5650000000001));
#8732=CARTESIAN_POINT('',(11.6399999999998,29.4290907954951,-55.5650000000001));
#8733=CARTESIAN_POINT('Origin',(11.6399999999998,30.4290907954951,-55.5650000000001));
#8734=CARTESIAN_POINT('Origin',(11.6399999999998,32.9690907954951,-55.5650000000001));
#8735=CARTESIAN_POINT('',(11.6399999999998,31.9690907954951,-55.5650000000001));
#8736=CARTESIAN_POINT('Origin',(11.6399999999998,32.9690907954951,-55.5650000000001));
#8737=CARTESIAN_POINT('',(11.6399999999998,31.9690907954951,-55.5650000000001));
#8738=CARTESIAN_POINT('Origin',(11.6399999999998,32.9690907954951,-55.5650000000001));
#8739=CARTESIAN_POINT('Origin',(11.6399999999998,35.5090907954951,-55.5650000000001));
#8740=CARTESIAN_POINT('',(11.6399999999998,34.5090907954951,-55.5650000000001));
#8741=CARTESIAN_POINT('Origin',(11.6399999999998,35.5090907954951,-55.5650000000001));
#8742=CARTESIAN_POINT('',(11.6399999999998,34.5090907954951,-55.5650000000001));
#8743=CARTESIAN_POINT('Origin',(11.6399999999998,35.5090907954951,-55.5650000000001));
#8744=CARTESIAN_POINT('Origin',(-19.5000000000002,24.375,-55.5650000000001));
#8745=CARTESIAN_POINT('',(-19.5000000000002,28.375,-55.5650000000001));
#8746=CARTESIAN_POINT('',(-19.5000000000002,28.375,-55.5650000000001));
#8747=CARTESIAN_POINT('',(-19.5000000000002,24.375,-55.5650000000001));
#8748=CARTESIAN_POINT('',(-19.5000000000002,24.375,-55.5650000000001));
#8749=CARTESIAN_POINT('',(-19.5000000000002,24.375,-55.5650000000001));
#8750=CARTESIAN_POINT('Origin',(-19.5000000000002,24.375,-55.5650000000001));
#8751=CARTESIAN_POINT('',(-13.0000000000002,24.375,-55.5650000000001));
#8752=CARTESIAN_POINT('',(-13.0000000000002,24.375,-55.5650000000001));
#8753=CARTESIAN_POINT('',(-13.0000000000002,24.375,-55.5650000000001));
#8754=CARTESIAN_POINT('Origin',(-13.0000000000002,24.375,-55.5650000000001));
#8755=CARTESIAN_POINT('',(-13.0000000000002,28.375,-55.5650000000001));
#8756=CARTESIAN_POINT('',(-13.0000000000002,28.375,-55.5650000000001));
#8757=CARTESIAN_POINT('',(-13.0000000000002,28.375,-55.5650000000001));
#8758=CARTESIAN_POINT('Origin',(-19.5000000000002,28.375,-55.5650000000001));
#8759=CARTESIAN_POINT('',(-19.5000000000002,28.375,-55.5650000000001));
#8760=CARTESIAN_POINT('Origin',(-22.3000000000002,18.395,-55.5650000000001));
#8761=CARTESIAN_POINT('Origin',(-19.5000000000002,35.375,-55.5650000000001));
#8762=CARTESIAN_POINT('',(-19.5000000000002,39.375,-55.5650000000001));
#8763=CARTESIAN_POINT('',(-19.5000000000002,39.375,-55.5650000000001));
#8764=CARTESIAN_POINT('',(-19.5000000000002,35.375,-55.5650000000001));
#8765=CARTESIAN_POINT('',(-19.5000000000002,35.375,-55.5650000000001));
#8766=CARTESIAN_POINT('',(-19.5000000000002,35.375,-55.5650000000001));
#8767=CARTESIAN_POINT('Origin',(-19.5000000000002,35.375,-55.5650000000001));
#8768=CARTESIAN_POINT('',(-13.0000000000002,35.375,-55.5650000000001));
#8769=CARTESIAN_POINT('',(-13.0000000000002,35.375,-55.5650000000001));
#8770=CARTESIAN_POINT('',(-13.0000000000002,35.375,-55.5650000000001));
#8771=CARTESIAN_POINT('Origin',(-13.0000000000002,35.375,-55.5650000000001));
#8772=CARTESIAN_POINT('',(-13.0000000000002,39.375,-55.5650000000001));
#8773=CARTESIAN_POINT('',(-13.0000000000002,39.375,-55.5650000000001));
#8774=CARTESIAN_POINT('',(-13.0000000000002,39.375,-55.5650000000001));
#8775=CARTESIAN_POINT('Origin',(-19.5000000000002,39.375,-55.5650000000001));
#8776=CARTESIAN_POINT('',(-19.5000000000002,39.375,-55.5650000000001));
#8777=CARTESIAN_POINT('Origin',(-22.3000000000002,18.395,-55.5650000000001));
#8778=CARTESIAN_POINT('Origin',(3.65999999999977,24.375,-55.5650000000001));
#8779=CARTESIAN_POINT('',(3.65999999999977,28.375,-55.5650000000001));
#8780=CARTESIAN_POINT('',(3.65999999999977,28.375,-55.5650000000001));
#8781=CARTESIAN_POINT('',(3.65999999999977,24.375,-55.5650000000001));
#8782=CARTESIAN_POINT('',(3.65999999999977,24.375,-55.5650000000001));
#8783=CARTESIAN_POINT('',(3.65999999999977,24.375,-55.5650000000001));
#8784=CARTESIAN_POINT('Origin',(3.65999999999977,24.375,-55.5650000000001));
#8785=CARTESIAN_POINT('',(10.1599999999998,24.375,-55.5650000000001));
#8786=CARTESIAN_POINT('',(10.1599999999998,24.375,-55.5650000000001));
#8787=CARTESIAN_POINT('',(10.1599999999998,24.375,-55.5650000000001));
#8788=CARTESIAN_POINT('Origin',(10.1599999999998,24.375,-55.5650000000001));
#8789=CARTESIAN_POINT('',(10.1599999999998,28.375,-55.5650000000001));
#8790=CARTESIAN_POINT('',(10.1599999999998,28.375,-55.5650000000001));
#8791=CARTESIAN_POINT('',(10.1599999999998,28.375,-55.5650000000001));
#8792=CARTESIAN_POINT('Origin',(3.65999999999977,28.375,-55.5650000000001));
#8793=CARTESIAN_POINT('',(3.65999999999977,28.375,-55.5650000000001));
#8794=CARTESIAN_POINT('Origin',(-22.3000000000002,18.395,-55.5650000000001));
#8795=CARTESIAN_POINT('Origin',(3.65999999999977,34.375,-55.5650000000001));
#8796=CARTESIAN_POINT('',(3.65999999999977,38.375,-55.5650000000001));
#8797=CARTESIAN_POINT('',(3.65999999999977,38.375,-55.5650000000001));
#8798=CARTESIAN_POINT('',(3.65999999999977,34.375,-55.5650000000001));
#8799=CARTESIAN_POINT('',(3.65999999999977,34.375,-55.5650000000001));
#8800=CARTESIAN_POINT('',(3.65999999999977,34.375,-55.5650000000001));
#8801=CARTESIAN_POINT('Origin',(3.65999999999977,34.375,-55.5650000000001));
#8802=CARTESIAN_POINT('',(10.1599999999998,34.375,-55.5650000000001));
#8803=CARTESIAN_POINT('',(10.1599999999998,34.375,-55.5650000000001));
#8804=CARTESIAN_POINT('',(10.1599999999998,34.375,-55.5650000000001));
#8805=CARTESIAN_POINT('Origin',(10.1599999999998,34.375,-55.5650000000001));
#8806=CARTESIAN_POINT('',(10.1599999999998,38.375,-55.5650000000001));
#8807=CARTESIAN_POINT('',(10.1599999999998,38.375,-55.5650000000001));
#8808=CARTESIAN_POINT('',(10.1599999999998,38.375,-55.5650000000001));
#8809=CARTESIAN_POINT('Origin',(3.65999999999977,38.375,-55.5650000000001));
#8810=CARTESIAN_POINT('',(3.65999999999977,38.375,-55.5650000000001));
#8811=CARTESIAN_POINT('Origin',(-22.3000000000002,18.395,-55.5650000000001));
#8812=CARTESIAN_POINT('Origin',(-16.1974450386217,25.835,-53.5750000000001));
#8813=CARTESIAN_POINT('',(-16.1974450386217,25.835,-54.1750000000001));
#8814=CARTESIAN_POINT('Origin',(-16.1974450386217,25.635,-54.1750000000001));
#8815=CARTESIAN_POINT('',(-16.1974450386217,25.835,-53.5750000000001));
#8816=CARTESIAN_POINT('',(-16.1974450386217,25.835,-53.5750000000001));
#8817=CARTESIAN_POINT('',(-16.1974450386217,27.835,-53.5750000000001));
#8818=CARTESIAN_POINT('',(-16.1974450386217,27.835,-53.5750000000001));
#8819=CARTESIAN_POINT('',(-16.1974450386217,27.835,-54.1750000000001));
#8820=CARTESIAN_POINT('',(-16.1974450386217,27.835,-53.5750000000001));
#8821=CARTESIAN_POINT('Origin',(-16.1974450386217,28.035,-54.1750000000001));
#8822=CARTESIAN_POINT('Origin',(-16.1974450386217,25.835,-53.5750000000001));
#8823=CARTESIAN_POINT('',(-14.9974450386217,25.835,-54.1750000000001));
#8824=CARTESIAN_POINT('',(-16.1974450386217,25.835,-54.1750000000001));
#8825=CARTESIAN_POINT('',(-14.9974450386217,25.835,-53.5750000000001));
#8826=CARTESIAN_POINT('',(-14.9974450386217,25.835,-53.5750000000001));
#8827=CARTESIAN_POINT('',(-16.1974450386217,25.835,-53.5750000000001));
#8828=CARTESIAN_POINT('Origin',(-14.9974450386217,25.835,-53.5750000000001));
#8829=CARTESIAN_POINT('',(-14.9974450386217,27.835,-54.1750000000001));
#8830=CARTESIAN_POINT('Origin',(-14.9974450386217,28.035,-54.1750000000001));
#8831=CARTESIAN_POINT('',(-14.9974450386217,27.835,-53.5750000000001));
#8832=CARTESIAN_POINT('',(-14.9974450386217,27.835,-53.5750000000001));
#8833=CARTESIAN_POINT('',(-14.9974450386217,25.835,-53.5750000000001));
#8834=CARTESIAN_POINT('Origin',(-14.9974450386217,25.635,-54.1750000000001));
#8835=CARTESIAN_POINT('Origin',(-16.1974450386217,27.835,-53.5750000000001));
#8836=CARTESIAN_POINT('',(-14.9974450386217,27.835,-54.1750000000001));
#8837=CARTESIAN_POINT('',(-14.9974450386217,27.835,-53.5750000000001));
#8838=CARTESIAN_POINT('Origin',(-22.3000000000002,18.395,-53.5750000000001));
#8839=CARTESIAN_POINT('Origin',(-16.1974450386217,28.035,-54.1750000000001));
#8840=CARTESIAN_POINT('Origin',(-16.1974450386217,25.635,-54.1750000000001));
#8841=CARTESIAN_POINT('Origin',(-15.2474450386217,29.635,-53.9750000000001));
#8842=CARTESIAN_POINT('',(-15.2474450386217,29.635,-53.9750000000001));
#8843=CARTESIAN_POINT('',(-15.2474450386217,29.635,-54.1750000000001));
#8844=CARTESIAN_POINT('',(-15.2474450386217,29.635,-53.9750000000001));
#8845=CARTESIAN_POINT('',(-15.2474450386217,28.835,-54.1750000000001));
#8846=CARTESIAN_POINT('',(-15.2474450386217,29.635,-54.1750000000001));
#8847=CARTESIAN_POINT('',(-15.2474450386217,28.835,-53.9750000000001));
#8848=CARTESIAN_POINT('',(-15.2474450386217,28.835,-53.9750000000001));
#8849=CARTESIAN_POINT('',(-15.2474450386217,29.635,-53.9750000000001));
#8850=CARTESIAN_POINT('Origin',(-15.2474450386217,28.835,-53.9750000000001));
#8851=CARTESIAN_POINT('',(-13.7474450386217,28.835,-54.1750000000001));
#8852=CARTESIAN_POINT('Origin',(-13.5474450386217,28.835,-54.1750000000001));
#8853=CARTESIAN_POINT('',(-13.7474450386217,28.835,-53.9750000000001));
#8854=CARTESIAN_POINT('',(-13.7474450386217,28.835,-53.9750000000001));
#8855=CARTESIAN_POINT('',(-15.2474450386217,28.835,-53.9750000000001));
#8856=CARTESIAN_POINT('Origin',(-15.4474450386217,28.835,-54.1750000000001));
#8857=CARTESIAN_POINT('Origin',(-13.7474450386217,29.635,-53.9750000000001));
#8858=CARTESIAN_POINT('',(-13.7474450386217,29.635,-54.1750000000001));
#8859=CARTESIAN_POINT('',(-13.7474450386217,28.835,-54.1750000000001));
#8860=CARTESIAN_POINT('',(-13.7474450386217,29.635,-53.9750000000001));
#8861=CARTESIAN_POINT('',(-13.7474450386217,29.635,-53.9750000000001));
#8862=CARTESIAN_POINT('',(-13.7474450386217,28.835,-53.9750000000001));
#8863=CARTESIAN_POINT('Origin',(-15.2474450386217,29.635,-53.9750000000001));
#8864=CARTESIAN_POINT('Origin',(-15.4474450386217,29.635,-54.1750000000001));
#8865=CARTESIAN_POINT('',(-13.7474450386217,29.635,-53.9750000000001));
#8866=CARTESIAN_POINT('Origin',(-13.5474450386217,29.635,-54.1750000000001));
#8867=CARTESIAN_POINT('Origin',(-22.3000000000002,18.395,-53.9750000000001));
#8868=CARTESIAN_POINT('Origin',(-13.5474450386217,29.635,-54.1750000000001));
#8869=CARTESIAN_POINT('Origin',(-15.4474450386217,29.635,-54.1750000000001));
#8870=CARTESIAN_POINT('Origin',(-15.2000000000002,43.875,-53.9750000000001));
#8871=CARTESIAN_POINT('',(-15.2000000000002,43.875,-54.1750000000001));
#8872=CARTESIAN_POINT('',(-15.2000000000002,43.875,-53.9750000000001));
#8873=CARTESIAN_POINT('',(-15.2000000000002,43.075,-54.1750000000001));
#8874=CARTESIAN_POINT('',(-15.2000000000002,43.875,-54.1750000000001));
#8875=CARTESIAN_POINT('',(-15.2000000000002,43.075,-53.9750000000001));
#8876=CARTESIAN_POINT('Origin',(-15.2000000000002,43.075,-53.9750000000001));
#8877=CARTESIAN_POINT('',(-13.4000000000002,43.075,-54.1750000000001));
#8878=CARTESIAN_POINT('Origin',(-13.2000000000002,43.075,-54.1750000000001));
#8879=CARTESIAN_POINT('',(-13.4000000000002,43.075,-53.9750000000001));
#8880=CARTESIAN_POINT('',(-13.4000000000002,43.075,-53.9750000000001));
#8881=CARTESIAN_POINT('',(-13.6500000000002,43.075,-53.9750000000001));
#8882=CARTESIAN_POINT('',(-13.6500000000002,43.075,-53.9750000000001));
#8883=CARTESIAN_POINT('',(-13.6500000000002,43.075,-53.7250000000001));
#8884=CARTESIAN_POINT('',(-13.6500000000002,43.075,-53.7250000000001));
#8885=CARTESIAN_POINT('',(-14.9500000000002,43.075,-53.7250000000001));
#8886=CARTESIAN_POINT('',(-14.9500000000002,43.075,-53.7250000000001));
#8887=CARTESIAN_POINT('',(-14.9500000000002,43.075,-53.7250000000001));
#8888=CARTESIAN_POINT('Origin',(-15.4000000000002,43.075,-54.1750000000001));
#8889=CARTESIAN_POINT('Origin',(-13.4000000000002,43.875,-53.9750000000001));
#8890=CARTESIAN_POINT('',(-13.4000000000002,43.875,-54.1750000000001));
#8891=CARTESIAN_POINT('',(-13.4000000000002,43.075,-54.1750000000001));
#8892=CARTESIAN_POINT('',(-13.4000000000002,43.875,-53.9750000000001));
#8893=CARTESIAN_POINT('',(-13.4000000000002,43.875,-53.9750000000001));
#8894=CARTESIAN_POINT('',(-13.4000000000002,43.075,-53.9750000000001));
#8895=CARTESIAN_POINT('Origin',(-15.2000000000002,43.875,-53.9750000000001));
#8896=CARTESIAN_POINT('Origin',(-15.4000000000002,43.875,-54.1750000000001));
#8897=CARTESIAN_POINT('',(-14.9500000000002,43.875,-53.7250000000001));
#8898=CARTESIAN_POINT('',(-14.9500000000002,43.875,-53.7250000000001));
#8899=CARTESIAN_POINT('',(-13.6500000000002,43.875,-53.7250000000001));
#8900=CARTESIAN_POINT('',(-13.6500000000002,43.875,-53.7250000000001));
#8901=CARTESIAN_POINT('',(-13.6500000000002,43.875,-53.9750000000001));
#8902=CARTESIAN_POINT('',(-13.6500000000002,43.875,-53.7250000000001));
#8903=CARTESIAN_POINT('',(-13.4000000000002,43.875,-53.9750000000001));
#8904=CARTESIAN_POINT('Origin',(-13.2000000000002,43.875,-54.1750000000001));
#8905=CARTESIAN_POINT('Origin',(-22.3000000000002,18.395,-53.9750000000001));
#8906=CARTESIAN_POINT('',(-13.6500000000002,43.075,-53.9750000000001));
#8907=CARTESIAN_POINT('Origin',(-15.2000000000002,42.275,-53.9750000000001));
#8908=CARTESIAN_POINT('',(-15.2000000000002,42.275,-53.9750000000001));
#8909=CARTESIAN_POINT('',(-15.2000000000002,42.275,-54.1750000000001));
#8910=CARTESIAN_POINT('',(-15.2000000000002,42.275,-53.9750000000001));
#8911=CARTESIAN_POINT('',(-15.2000000000002,41.475,-54.1750000000001));
#8912=CARTESIAN_POINT('',(-15.2000000000002,42.275,-54.1750000000001));
#8913=CARTESIAN_POINT('',(-15.2000000000002,41.475,-53.9750000000001));
#8914=CARTESIAN_POINT('',(-15.2000000000002,41.475,-53.9750000000001));
#8915=CARTESIAN_POINT('',(-15.2000000000002,42.275,-53.9750000000001));
#8916=CARTESIAN_POINT('Origin',(-15.2000000000002,41.475,-53.9750000000001));
#8917=CARTESIAN_POINT('',(-13.4000000000002,41.475,-54.1750000000001));
#8918=CARTESIAN_POINT('Origin',(-13.2000000000002,41.475,-54.1750000000001));
#8919=CARTESIAN_POINT('',(-13.4000000000002,41.475,-53.9750000000001));
#8920=CARTESIAN_POINT('',(-13.4000000000002,41.475,-53.9750000000001));
#8921=CARTESIAN_POINT('',(-15.2000000000002,41.475,-53.9750000000001));
#8922=CARTESIAN_POINT('Origin',(-15.4000000000002,41.475,-54.1750000000001));
#8923=CARTESIAN_POINT('Origin',(-13.4000000000002,42.275,-53.9750000000001));
#8924=CARTESIAN_POINT('',(-13.4000000000002,42.275,-54.1750000000001));
#8925=CARTESIAN_POINT('',(-13.4000000000002,41.475,-54.1750000000001));
#8926=CARTESIAN_POINT('',(-13.4000000000002,42.275,-53.9750000000001));
#8927=CARTESIAN_POINT('',(-13.4000000000002,42.275,-53.9750000000001));
#8928=CARTESIAN_POINT('',(-13.4000000000002,41.475,-53.9750000000001));
#8929=CARTESIAN_POINT('Origin',(-15.2000000000002,42.275,-53.9750000000001));
#8930=CARTESIAN_POINT('Origin',(-15.4000000000002,42.275,-54.1750000000001));
#8931=CARTESIAN_POINT('',(-13.4000000000002,42.275,-53.9750000000001));
#8932=CARTESIAN_POINT('Origin',(-13.2000000000002,42.275,-54.1750000000001));
#8933=CARTESIAN_POINT('Origin',(-22.3000000000002,18.395,-53.9750000000001));
#8934=CARTESIAN_POINT('Origin',(-13.2000000000002,42.275,-54.1750000000001));
#8935=CARTESIAN_POINT('Origin',(-13.2000000000002,43.875,-54.1750000000001));
#8936=CARTESIAN_POINT('Origin',(-15.4000000000002,42.275,-54.1750000000001));
#8937=CARTESIAN_POINT('Origin',(-15.4000000000002,43.875,-54.1750000000001));
#8938=CARTESIAN_POINT('Origin',(-14.9500000000002,43.875,-53.7250000000001));
#8939=CARTESIAN_POINT('',(-14.9500000000002,43.875,-53.7250000000001));
#8940=CARTESIAN_POINT('Origin',(-13.6500000000002,43.875,-53.7250000000001));
#8941=CARTESIAN_POINT('',(-13.6500000000002,43.075,-53.7250000000001));
#8942=CARTESIAN_POINT('Origin',(-22.3000000000002,18.395,-53.7250000000001));
#8943=CARTESIAN_POINT('Origin',(5.03723704185487,36.755,-53.9750000000001));
#8944=CARTESIAN_POINT('',(5.03723704185487,36.755,-53.9750000000001));
#8945=CARTESIAN_POINT('',(5.03723704185487,36.755,-54.1750000000001));
#8946=CARTESIAN_POINT('',(5.03723704185487,36.755,-53.9750000000001));
#8947=CARTESIAN_POINT('',(5.03723704185487,35.955,-54.1750000000001));
#8948=CARTESIAN_POINT('',(5.03723704185487,36.755,-54.1750000000001));
#8949=CARTESIAN_POINT('',(5.03723704185487,35.955,-53.9750000000001));
#8950=CARTESIAN_POINT('',(5.03723704185487,35.955,-53.9750000000001));
#8951=CARTESIAN_POINT('',(5.03723704185487,36.755,-53.9750000000001));
#8952=CARTESIAN_POINT('Origin',(5.03723704185487,35.955,-53.9750000000001));
#8953=CARTESIAN_POINT('',(6.83723704185487,35.955,-54.1750000000001));
#8954=CARTESIAN_POINT('Origin',(7.03723704185487,35.955,-54.1750000000001));
#8955=CARTESIAN_POINT('',(6.83723704185487,35.955,-53.9750000000001));
#8956=CARTESIAN_POINT('',(6.83723704185487,35.955,-53.9750000000001));
#8957=CARTESIAN_POINT('',(5.03723704185487,35.955,-53.9750000000001));
#8958=CARTESIAN_POINT('Origin',(4.83723704185487,35.955,-54.1750000000001));
#8959=CARTESIAN_POINT('Origin',(6.83723704185487,36.755,-53.9750000000001));
#8960=CARTESIAN_POINT('',(6.83723704185487,36.755,-54.1750000000001));
#8961=CARTESIAN_POINT('',(6.83723704185487,35.955,-54.1750000000001));
#8962=CARTESIAN_POINT('',(6.83723704185487,36.755,-53.9750000000001));
#8963=CARTESIAN_POINT('',(6.83723704185487,36.755,-53.9750000000001));
#8964=CARTESIAN_POINT('',(6.83723704185487,35.955,-53.9750000000001));
#8965=CARTESIAN_POINT('Origin',(5.03723704185487,36.755,-53.9750000000001));
#8966=CARTESIAN_POINT('Origin',(4.83723704185487,36.755,-54.1750000000001));
#8967=CARTESIAN_POINT('',(6.83723704185487,36.755,-53.9750000000001));
#8968=CARTESIAN_POINT('Origin',(7.03723704185487,36.755,-54.1750000000001));
#8969=CARTESIAN_POINT('Origin',(-22.3000000000002,18.395,-53.9750000000001));
#8970=CARTESIAN_POINT('Origin',(5.03723704185487,35.555,-53.5750000000001));
#8971=CARTESIAN_POINT('',(5.03723704185487,35.555,-53.5750000000001));
#8972=CARTESIAN_POINT('',(5.03723704185487,35.555,-54.1750000000001));
#8973=CARTESIAN_POINT('',(5.03723704185487,35.555,-53.5750000000001));
#8974=CARTESIAN_POINT('',(5.03723704185487,34.755,-54.1750000000001));
#8975=CARTESIAN_POINT('',(5.03723704185487,35.555,-54.1750000000001));
#8976=CARTESIAN_POINT('',(5.03723704185487,34.755,-53.5750000000001));
#8977=CARTESIAN_POINT('',(5.03723704185487,34.755,-53.5750000000001));
#8978=CARTESIAN_POINT('',(5.03723704185487,35.555,-53.5750000000001));
#8979=CARTESIAN_POINT('Origin',(5.03723704185487,34.755,-53.5750000000001));
#8980=CARTESIAN_POINT('',(6.83723704185487,34.755,-54.1750000000001));
#8981=CARTESIAN_POINT('Origin',(7.03723704185487,34.755,-54.1750000000001));
#8982=CARTESIAN_POINT('',(6.83723704185487,34.755,-53.5750000000001));
#8983=CARTESIAN_POINT('',(6.83723704185487,34.755,-53.5750000000001));
#8984=CARTESIAN_POINT('',(5.03723704185487,34.755,-53.5750000000001));
#8985=CARTESIAN_POINT('Origin',(4.83723704185487,34.755,-54.1750000000001));
#8986=CARTESIAN_POINT('Origin',(6.83723704185487,35.555,-53.5750000000001));
#8987=CARTESIAN_POINT('',(6.83723704185487,35.555,-54.1750000000001));
#8988=CARTESIAN_POINT('',(6.83723704185487,34.755,-54.1750000000001));
#8989=CARTESIAN_POINT('',(6.83723704185487,35.555,-53.5750000000001));
#8990=CARTESIAN_POINT('',(6.83723704185487,35.555,-53.5750000000001));
#8991=CARTESIAN_POINT('',(6.83723704185487,34.755,-53.5750000000001));
#8992=CARTESIAN_POINT('Origin',(5.03723704185487,35.555,-53.5750000000001));
#8993=CARTESIAN_POINT('Origin',(4.83723704185487,35.555,-54.1750000000001));
#8994=CARTESIAN_POINT('',(6.83723704185487,35.555,-53.5750000000001));
#8995=CARTESIAN_POINT('Origin',(7.03723704185487,35.555,-54.1750000000001));
#8996=CARTESIAN_POINT('Origin',(-22.3000000000002,18.395,-53.5750000000001));
#8997=CARTESIAN_POINT('Origin',(5.13723704185487,34.455,-53.7750000000001));
#8998=CARTESIAN_POINT('',(5.13723704185487,34.455,-53.7750000000001));
#8999=CARTESIAN_POINT('',(5.13723704185487,34.455,-54.1750000000001));
#9000=CARTESIAN_POINT('',(5.13723704185487,34.455,-53.7750000000001));
#9001=CARTESIAN_POINT('',(5.13723704185487,33.655,-54.1750000000001));
#9002=CARTESIAN_POINT('',(5.13723704185487,34.455,-54.1750000000001));
#9003=CARTESIAN_POINT('',(5.13723704185487,33.655,-53.7750000000001));
#9004=CARTESIAN_POINT('',(5.13723704185487,33.655,-53.7750000000001));
#9005=CARTESIAN_POINT('',(5.13723704185487,34.455,-53.7750000000001));
#9006=CARTESIAN_POINT('Origin',(5.13723704185487,33.655,-53.7750000000001));
#9007=CARTESIAN_POINT('',(6.63723704185487,33.655,-54.1750000000001));
#9008=CARTESIAN_POINT('Origin',(6.83723704185487,33.655,-54.1750000000001));
#9009=CARTESIAN_POINT('',(6.63723704185487,33.655,-53.7750000000001));
#9010=CARTESIAN_POINT('',(6.63723704185487,33.655,-53.7750000000001));
#9011=CARTESIAN_POINT('',(5.13723704185487,33.655,-53.7750000000001));
#9012=CARTESIAN_POINT('Origin',(4.93723704185487,33.655,-54.1750000000001));
#9013=CARTESIAN_POINT('Origin',(6.63723704185487,34.455,-53.7750000000001));
#9014=CARTESIAN_POINT('',(6.63723704185487,34.455,-54.1750000000001));
#9015=CARTESIAN_POINT('',(6.63723704185487,33.655,-54.1750000000001));
#9016=CARTESIAN_POINT('',(6.63723704185487,34.455,-53.7750000000001));
#9017=CARTESIAN_POINT('',(6.63723704185487,34.455,-53.7750000000001));
#9018=CARTESIAN_POINT('',(6.63723704185487,33.655,-53.7750000000001));
#9019=CARTESIAN_POINT('Origin',(5.13723704185487,34.455,-53.7750000000001));
#9020=CARTESIAN_POINT('Origin',(4.93723704185487,34.455,-54.1750000000001));
#9021=CARTESIAN_POINT('',(6.63723704185487,34.455,-53.7750000000001));
#9022=CARTESIAN_POINT('Origin',(6.83723704185487,34.455,-54.1750000000001));
#9023=CARTESIAN_POINT('Origin',(-22.3000000000002,18.395,-53.7750000000001));
#9024=CARTESIAN_POINT('Origin',(5.13723704185487,28.455,-53.7750000000001));
#9025=CARTESIAN_POINT('',(5.13723704185487,28.455,-53.7750000000001));
#9026=CARTESIAN_POINT('',(5.13723704185487,28.455,-54.1750000000001));
#9027=CARTESIAN_POINT('',(5.13723704185487,28.455,-53.7750000000001));
#9028=CARTESIAN_POINT('',(5.13723704185487,27.6549999999999,-54.1750000000001));
#9029=CARTESIAN_POINT('',(5.13723704185487,28.455,-54.1750000000001));
#9030=CARTESIAN_POINT('',(5.13723704185487,27.6549999999999,-53.7750000000001));
#9031=CARTESIAN_POINT('',(5.13723704185487,27.6549999999999,-53.7750000000001));
#9032=CARTESIAN_POINT('',(5.13723704185487,28.455,-53.7750000000001));
#9033=CARTESIAN_POINT('Origin',(5.13723704185487,27.6549999999999,-53.7750000000001));
#9034=CARTESIAN_POINT('',(6.63723704185487,27.6549999999999,-54.1750000000001));
#9035=CARTESIAN_POINT('Origin',(6.83723704185487,27.6549999999999,-54.1750000000001));
#9036=CARTESIAN_POINT('',(6.63723704185487,27.6549999999999,-53.7750000000001));
#9037=CARTESIAN_POINT('',(6.63723704185487,27.6549999999999,-53.7750000000001));
#9038=CARTESIAN_POINT('',(5.13723704185487,27.6549999999999,-53.7750000000001));
#9039=CARTESIAN_POINT('Origin',(4.93723704185487,27.6549999999999,-54.1750000000001));
#9040=CARTESIAN_POINT('Origin',(6.63723704185487,28.455,-53.7750000000001));
#9041=CARTESIAN_POINT('',(6.63723704185487,28.455,-54.1750000000001));
#9042=CARTESIAN_POINT('',(6.63723704185487,27.6549999999999,-54.1750000000001));
#9043=CARTESIAN_POINT('',(6.63723704185487,28.455,-53.7750000000001));
#9044=CARTESIAN_POINT('',(6.63723704185487,28.455,-53.7750000000001));
#9045=CARTESIAN_POINT('',(6.63723704185487,27.6549999999999,-53.7750000000001));
#9046=CARTESIAN_POINT('Origin',(5.13723704185487,28.455,-53.7750000000001));
#9047=CARTESIAN_POINT('Origin',(4.93723704185487,28.455,-54.1750000000001));
#9048=CARTESIAN_POINT('',(6.63723704185487,28.455,-53.7750000000001));
#9049=CARTESIAN_POINT('Origin',(6.83723704185487,28.455,-54.1750000000001));
#9050=CARTESIAN_POINT('Origin',(-22.3000000000002,18.395,-53.7750000000001));
#9051=CARTESIAN_POINT('Origin',(4.53723704185487,32.155,-53.3750000000001));
#9052=CARTESIAN_POINT('',(4.53723704185487,30.155,-53.3750000000001));
#9053=CARTESIAN_POINT('',(4.53723704185487,30.155,-53.3750000000001));
#9054=CARTESIAN_POINT('',(4.53723704185487,32.155,-53.3750000000001));
#9055=CARTESIAN_POINT('',(4.53723704185487,32.155,-53.3750000000001));
#9056=CARTESIAN_POINT('',(4.53723704185487,32.155,-53.3750000000001));
#9057=CARTESIAN_POINT('Origin',(4.53723704185487,30.155,-53.3750000000001));
#9058=CARTESIAN_POINT('',(7.33723704185487,30.155,-53.3750000000001));
#9059=CARTESIAN_POINT('',(7.33723704185487,30.155,-53.3750000000001));
#9060=CARTESIAN_POINT('',(4.53723704185487,30.155,-53.3750000000001));
#9061=CARTESIAN_POINT('Origin',(7.33723704185487,32.155,-53.3750000000001));
#9062=CARTESIAN_POINT('',(7.33723704185487,32.155,-53.3750000000001));
#9063=CARTESIAN_POINT('',(7.33723704185487,32.155,-53.3750000000001));
#9064=CARTESIAN_POINT('',(7.33723704185487,30.155,-53.3750000000001));
#9065=CARTESIAN_POINT('Origin',(4.53723704185487,32.155,-53.3750000000001));
#9066=CARTESIAN_POINT('',(7.33723704185487,32.155,-53.3750000000001));
#9067=CARTESIAN_POINT('Origin',(-22.3000000000002,18.395,-53.3750000000001));
#9068=CARTESIAN_POINT('Origin',(-1.93828331692903,40.955,-53.7750000000001));
#9069=CARTESIAN_POINT('',(-1.93828331692903,40.955,-53.7750000000001));
#9070=CARTESIAN_POINT('',(-1.93828331692903,40.955,-54.1750000000001));
#9071=CARTESIAN_POINT('',(-1.93828331692903,40.955,-53.7750000000001));
#9072=CARTESIAN_POINT('',(-1.93828331692903,40.155,-54.1750000000001));
#9073=CARTESIAN_POINT('',(-1.93828331692903,40.955,-54.1750000000001));
#9074=CARTESIAN_POINT('',(-1.93828331692903,40.155,-53.7750000000001));
#9075=CARTESIAN_POINT('',(-1.93828331692903,40.155,-53.7750000000001));
#9076=CARTESIAN_POINT('',(-1.93828331692903,40.955,-53.7750000000001));
#9077=CARTESIAN_POINT('Origin',(-1.93828331692903,40.155,-53.7750000000001));
#9078=CARTESIAN_POINT('',(-0.438283316929029,40.155,-54.1750000000001));
#9079=CARTESIAN_POINT('Origin',(-0.238283316929029,40.155,-54.1750000000001));
#9080=CARTESIAN_POINT('',(-0.438283316929029,40.155,-53.7750000000001));
#9081=CARTESIAN_POINT('',(-0.438283316929029,40.155,-53.7750000000001));
#9082=CARTESIAN_POINT('',(-1.93828331692903,40.155,-53.7750000000001));
#9083=CARTESIAN_POINT('Origin',(-2.13828331692903,40.155,-54.1750000000001));
#9084=CARTESIAN_POINT('Origin',(-0.438283316929029,40.955,-53.7750000000001));
#9085=CARTESIAN_POINT('',(-0.438283316929029,40.955,-54.1750000000001));
#9086=CARTESIAN_POINT('',(-0.438283316929029,40.155,-54.1750000000001));
#9087=CARTESIAN_POINT('',(-0.438283316929029,40.955,-53.7750000000001));
#9088=CARTESIAN_POINT('',(-0.438283316929029,40.955,-53.7750000000001));
#9089=CARTESIAN_POINT('',(-0.438283316929029,40.155,-53.7750000000001));
#9090=CARTESIAN_POINT('Origin',(-1.93828331692903,40.955,-53.7750000000001));
#9091=CARTESIAN_POINT('Origin',(-2.13828331692903,40.955,-54.1750000000001));
#9092=CARTESIAN_POINT('',(-0.438283316929029,40.955,-53.7750000000001));
#9093=CARTESIAN_POINT('Origin',(-0.238283316929029,40.955,-54.1750000000001));
#9094=CARTESIAN_POINT('Origin',(-22.3000000000002,18.395,-53.7750000000001));
#9095=CARTESIAN_POINT('Origin',(-2.73828331692903,43.455,-52.7750000000001));
#9096=CARTESIAN_POINT('',(-2.73828331692903,43.455,-52.7750000000001));
#9097=CARTESIAN_POINT('',(-2.73828331692903,43.455,-54.1750000000001));
#9098=CARTESIAN_POINT('',(-2.73828331692903,43.455,-52.7750000000001));
#9099=CARTESIAN_POINT('',(-2.73828331692903,41.655,-54.1750000000001));
#9100=CARTESIAN_POINT('',(-2.73828331692903,43.455,-54.1750000000001));
#9101=CARTESIAN_POINT('',(-2.73828331692903,41.655,-52.7750000000001));
#9102=CARTESIAN_POINT('',(-2.73828331692903,41.655,-52.7750000000001));
#9103=CARTESIAN_POINT('',(-2.73828331692903,43.455,-52.7750000000001));
#9104=CARTESIAN_POINT('Origin',(-2.73828331692903,41.655,-52.7750000000001));
#9105=CARTESIAN_POINT('',(0.461716683070971,41.655,-54.1750000000001));
#9106=CARTESIAN_POINT('Origin',(0.661716683070972,41.655,-54.1750000000001));
#9107=CARTESIAN_POINT('',(0.461716683070971,41.655,-52.7750000000001));
#9108=CARTESIAN_POINT('',(0.461716683070971,41.655,-52.7750000000001));
#9109=CARTESIAN_POINT('',(-2.73828331692903,41.655,-52.7750000000001));
#9110=CARTESIAN_POINT('Origin',(-2.93828331692903,41.655,-54.1750000000001));
#9111=CARTESIAN_POINT('Origin',(0.461716683070971,43.455,-52.7750000000001));
#9112=CARTESIAN_POINT('',(0.461716683070971,43.455,-54.1750000000001));
#9113=CARTESIAN_POINT('',(0.461716683070971,41.655,-54.1750000000001));
#9114=CARTESIAN_POINT('',(0.461716683070971,43.455,-52.7750000000001));
#9115=CARTESIAN_POINT('',(0.461716683070971,43.455,-52.7750000000001));
#9116=CARTESIAN_POINT('',(0.461716683070971,41.655,-52.7750000000001));
#9117=CARTESIAN_POINT('Origin',(-2.73828331692903,43.455,-52.7750000000001));
#9118=CARTESIAN_POINT('Origin',(-2.93828331692903,43.455,-54.1750000000001));
#9119=CARTESIAN_POINT('',(0.461716683070971,43.455,-52.7750000000001));
#9120=CARTESIAN_POINT('Origin',(0.661716683070972,43.455,-54.1750000000001));
#9121=CARTESIAN_POINT('Origin',(-22.3000000000002,18.395,-52.7750000000001));
#9122=CARTESIAN_POINT('Origin',(6.83723704185487,28.455,-54.1750000000001));
#9123=CARTESIAN_POINT('Origin',(6.83723704185487,34.455,-54.1750000000001));
#9124=CARTESIAN_POINT('Origin',(7.03723704185487,35.555,-54.1750000000001));
#9125=CARTESIAN_POINT('Origin',(7.03723704185487,36.755,-54.1750000000001));
#9126=CARTESIAN_POINT('Origin',(-0.238283316929029,40.955,-54.1750000000001));
#9127=CARTESIAN_POINT('Origin',(0.661716683070972,43.455,-54.1750000000001));
#9128=CARTESIAN_POINT('Origin',(4.93723704185487,28.455,-54.1750000000001));
#9129=CARTESIAN_POINT('Origin',(4.93723704185487,34.455,-54.1750000000001));
#9130=CARTESIAN_POINT('Origin',(4.83723704185487,35.555,-54.1750000000001));
#9131=CARTESIAN_POINT('Origin',(4.83723704185487,36.755,-54.1750000000001));
#9132=CARTESIAN_POINT('Origin',(-2.13828331692903,40.955,-54.1750000000001));
#9133=CARTESIAN_POINT('Origin',(-2.93828331692903,43.455,-54.1750000000001));
#9134=CARTESIAN_POINT('',(-8.18826867434365,-17.4720092378692,20.4627490898645));
#9135=CARTESIAN_POINT('',(0.,0.,0.));
#9136=CARTESIAN_POINT('',(0.,0.,0.));
#9137=CARTESIAN_POINT('',(0.,0.,0.));
#9138=CARTESIAN_POINT('',(16.8690255092224,-34.8286085308976,18.3586111453961));
#9139=CARTESIAN_POINT('',(0.,0.,0.));
#9140=CARTESIAN_POINT('',(0.,0.,0.));
#9141=CARTESIAN_POINT('',(-40.027111657725,-48.8486518227907,-11.3931970289692));
#9142=CARTESIAN_POINT('',(0.,0.,0.));
#9143=CARTESIAN_POINT('',(0.,0.,0.));
#9144=CARTESIAN_POINT('',(-5.17828959310398,-45.1083061097717,12.3430244453772));
#9145=CARTESIAN_POINT('',(-12.3951721568795,2.05132390509415,25.4000000000047));
#9146=CARTESIAN_POINT('',(-12.0992837964258,2.85132390509415,25.2300000000047));
#9147=CARTESIAN_POINT('',(-12.0451721568795,2.05132390509415,0.350000000004728));
#9148=CARTESIAN_POINT('',(0.,0.,0.));
#9149=CARTESIAN_POINT('Origin',(2.225,-0.315,6.40568435128813));
#9150=CARTESIAN_POINT('',(2.225,0.315,0.299999828138243));
#9151=CARTESIAN_POINT('',(2.225,0.315,2.79999982813824));
#9152=CARTESIAN_POINT('',(2.225,0.315,0.299999828138243));
#9153=CARTESIAN_POINT('',(2.225,-0.315,2.79999982813824));
#9154=CARTESIAN_POINT('',(2.225,0.315,2.79999982813824));
#9155=CARTESIAN_POINT('',(2.225,-0.315,0.299999828138243));
#9156=CARTESIAN_POINT('',(2.225,-0.315,2.79999982813824));
#9157=CARTESIAN_POINT('',(2.225,-0.315,0.299999828138243));
#9158=CARTESIAN_POINT('Origin',(2.225,0.315,6.40568435128813));
#9159=CARTESIAN_POINT('',(2.855,0.315,2.79999982813824));
#9160=CARTESIAN_POINT('',(2.855,0.315,2.79999982813824));
#9161=CARTESIAN_POINT('',(2.855,0.315,0.299999828138243));
#9162=CARTESIAN_POINT('',(2.225,0.315,0.299999828138243));
#9163=CARTESIAN_POINT('',(2.855,0.315,0.299999828138243));
#9164=CARTESIAN_POINT('Origin',(2.855,0.315,6.40568435128813));
#9165=CARTESIAN_POINT('',(2.855,-0.315,2.79999982813824));
#9166=CARTESIAN_POINT('',(2.855,-0.315,2.79999982813824));
#9167=CARTESIAN_POINT('',(2.855,-0.315,0.299999828138243));
#9168=CARTESIAN_POINT('',(2.855,0.315,0.299999828138243));
#9169=CARTESIAN_POINT('',(2.855,-0.315,0.299999828138243));
#9170=CARTESIAN_POINT('Origin',(2.855,-0.315,6.40568435128813));
#9171=CARTESIAN_POINT('',(2.225,-0.315,2.79999982813824));
#9172=CARTESIAN_POINT('',(2.855,-0.315,0.299999828138243));
#9173=CARTESIAN_POINT('Origin',(1.43839999999998,-0.7854,0.299999828138242));
#9174=CARTESIAN_POINT('',(1.46000005888581,0.77,0.299999848640281));
#9175=CARTESIAN_POINT('',(3.61999994111418,0.77,0.299999848640281));
#9176=CARTESIAN_POINT('',(1.45999999999998,0.77,0.299999828138242));
#9177=CARTESIAN_POINT('',(3.61999994111418,-0.77,0.299999848640281));
#9178=CARTESIAN_POINT('',(3.62,0.77,0.299999828138242));
#9179=CARTESIAN_POINT('',(1.46000005888581,-0.77,0.299999848640281));
#9180=CARTESIAN_POINT('',(3.62,-0.77,0.299999828138242));
#9181=CARTESIAN_POINT('',(1.45999999999998,-0.77,0.299999828138242));
#9182=CARTESIAN_POINT('Origin',(1.59698681759047,-1.2954,2.79999982813824));
#9183=CARTESIAN_POINT('',(1.61547720870892,1.09726136392624,2.79999991937881));
#9184=CARTESIAN_POINT('',(1.61547720870894,-1.09726136392624,2.79999991937883));
#9185=CARTESIAN_POINT('',(1.61547727214752,1.09726136392624,2.79999982813824));
#9186=CARTESIAN_POINT('',(3.46452279129106,-1.09726136392624,2.79999991937883));
#9187=CARTESIAN_POINT('',(1.61547727214752,-1.09726136392624,2.8));
#9188=CARTESIAN_POINT('',(3.46452279129108,1.09726136392624,2.79999991937881));
#9189=CARTESIAN_POINT('',(3.46452272785248,-1.09726136392624,2.79999982813824));
#9190=CARTESIAN_POINT('',(3.46452272785248,1.09726136392624,2.79999999999995));
#9191=CARTESIAN_POINT('Origin',(3.45745166004061,1.27707106781187,2.82655477272147));
#9192=CARTESIAN_POINT('',(3.46452272785248,1.26999999999999,2.62726136392618));
#9193=CARTESIAN_POINT('',(3.51511670298559,1.21940602486688,2.74940602486688));
#9194=CARTESIAN_POINT('Origin',(3.63633412531392,1.09817922230817,2.62764923996399));
#9195=CARTESIAN_POINT('',(3.81,0.924522727852478,2.45452272785248));
#9196=CARTESIAN_POINT('',(3.51511670298559,1.21940602486688,2.74940602486688));
#9197=CARTESIAN_POINT('',(3.81,0.924522727852475,0.49));
#9198=CARTESIAN_POINT('',(3.81,0.92452272785248,2.45452272785248));
#9199=CARTESIAN_POINT('',(3.46452272785248,1.27,0.144522727852472));
#9200=CARTESIAN_POINT('',(3.81,0.924522727852475,0.49));
#9201=CARTESIAN_POINT('',(3.46452272785248,1.27,0.144522727852472));
#9202=CARTESIAN_POINT('Origin',(3.81707106781187,-1.2954,0.497071067811866));
#9203=CARTESIAN_POINT('',(3.32142135623732,-1.27,0.00142135623731268));
#9204=CARTESIAN_POINT('',(3.32142135623732,-0.77,0.00142135623731258));
#9205=CARTESIAN_POINT('',(3.32142135623732,-1.27,0.00142135623731268));
#9206=CARTESIAN_POINT('',(3.32142135623732,-0.77,0.00142135623731258));
#9207=CARTESIAN_POINT('',(3.32142135623732,0.77,0.0014213562373123));
#9208=CARTESIAN_POINT('',(3.62,0.77,0.3));
#9209=CARTESIAN_POINT('',(3.32142135623732,1.27,0.00142135623731221));
#9210=CARTESIAN_POINT('',(3.32142135623732,0.77,0.0014213562373123));
#9211=CARTESIAN_POINT('',(3.32142135623732,1.27,0.00142135623731221));
#9212=CARTESIAN_POINT('',(3.81,-0.924522727852475,0.49));
#9213=CARTESIAN_POINT('',(3.81,0.924522727852475,0.489999999999998));
#9214=CARTESIAN_POINT('',(3.46452272785248,-1.27,0.144522727852473));
#9215=CARTESIAN_POINT('',(3.81,-0.924522727852475,0.49));
#9216=CARTESIAN_POINT('',(3.46452272785248,-1.27,0.144522727852473));
#9217=CARTESIAN_POINT('Origin',(1.43839999999998,0.77,-0.00857864376268769));
#9218=CARTESIAN_POINT('',(1.75857864376267,0.77,0.00142135623731555));
#9219=CARTESIAN_POINT('',(1.45999999999998,0.77,0.300000000000004));
#9220=CARTESIAN_POINT('',(1.75857864376267,0.77,0.00142135623731555));
#9221=CARTESIAN_POINT('Origin',(1.43839999999998,-0.77,-0.00857864376268741));
#9222=CARTESIAN_POINT('',(1.75857864376267,-0.77,0.00142135623731584));
#9223=CARTESIAN_POINT('',(3.32142135623732,-0.77,0.00142135623731258));
#9224=CARTESIAN_POINT('',(1.75857864376267,-0.77,0.00142135623731584));
#9225=CARTESIAN_POINT('Origin',(1.74295021663792,-1.28,0.00142135623731584));
#9226=CARTESIAN_POINT('',(1.75857864376267,-1.27,0.00142135623731593));
#9227=CARTESIAN_POINT('',(3.32142135623732,-1.27,0.00142135623731268));
#9228=CARTESIAN_POINT('',(1.75857864376267,-1.27,0.00142135623731593));
#9229=CARTESIAN_POINT('Origin',(1.74295021663792,1.28,0.00142135623731555));
#9230=CARTESIAN_POINT('',(1.75857864376267,1.27,0.00142135623731546));
#9231=CARTESIAN_POINT('',(1.75857864376267,0.77,0.00142135623731555));
#9232=CARTESIAN_POINT('',(1.75857864376267,1.27,0.00142135623731546));
#9233=CARTESIAN_POINT('Origin',(1.26292893218812,-1.2954,0.497071067811871));
#9234=CARTESIAN_POINT('',(1.61547727214751,-1.27,0.144522727852477));
#9235=CARTESIAN_POINT('',(1.75857864376267,-1.27,0.00142135623731593));
#9236=CARTESIAN_POINT('',(1.26999999999999,-0.924522727852475,0.490000000000005));
#9237=CARTESIAN_POINT('',(1.61547727214751,-1.27,0.144522727852477));
#9238=CARTESIAN_POINT('',(1.26999999999999,0.924522727852475,0.490000000000005));
#9239=CARTESIAN_POINT('',(1.26999999999999,-0.924522727852475,0.490000000000003));
#9240=CARTESIAN_POINT('',(1.61547727214751,1.27,0.144522727852476));
#9241=CARTESIAN_POINT('',(1.26999999999999,0.924522727852475,0.490000000000005));
#9242=CARTESIAN_POINT('',(1.61547727214751,1.27,0.144522727852476));
#9243=CARTESIAN_POINT('Origin',(1.59698681759046,1.27,-0.0265644302003145));
#9244=CARTESIAN_POINT('',(1.61547727214752,1.26999999999999,2.62726136392618));
#9245=CARTESIAN_POINT('',(1.61547727214752,1.26999999999999,2.62726136392618));
#9246=CARTESIAN_POINT('',(1.61547727214751,1.27,0.144522727852476));
#9247=CARTESIAN_POINT('Origin',(1.26292893218812,0.917451660040609,0.117967955131003));
#9248=CARTESIAN_POINT('',(1.26999999999999,0.924522727852478,2.45452272785249));
#9249=CARTESIAN_POINT('',(1.26999999999999,0.924522727852475,0.490000000000005));
#9250=CARTESIAN_POINT('',(1.5648832970144,1.21940602486688,2.74940602486688));
#9251=CARTESIAN_POINT('',(1.26999999999999,0.924522727852478,2.45452272785249));
#9252=CARTESIAN_POINT('Origin',(1.44366062743046,1.09817401049089,2.62764713957901));
#9253=CARTESIAN_POINT('Origin',(3.45745166004061,-1.27707106781187,2.82655477272148));
#9254=CARTESIAN_POINT('',(3.51511670298557,-1.21940602486691,2.74940602486691));
#9255=CARTESIAN_POINT('',(3.46452272785248,-1.27,2.62726136392624));
#9256=CARTESIAN_POINT('Origin',(3.63634069060665,-1.09817185946158,2.62764345653787));
#9257=CARTESIAN_POINT('',(3.46452272785248,-1.27,2.62726136392624));
#9258=CARTESIAN_POINT('',(3.81000000000001,-0.924522727852471,2.45452272785248));
#9259=CARTESIAN_POINT('',(3.81,-0.924522727852472,0.49));
#9260=CARTESIAN_POINT('',(3.81000000000001,-0.924522727852471,2.45452272785248));
#9261=CARTESIAN_POINT('Origin',(3.45745166004061,1.2954,2.80707106781187));
#9262=CARTESIAN_POINT('Origin',(3.63634071853277,-1.09764344672533,2.62817183153058));
#9263=CARTESIAN_POINT('',(3.81000000000001,-0.924522727852471,2.45452272785248));
#9264=CARTESIAN_POINT('Origin',(3.63633716693702,1.09764485272065,2.62817535777012));
#9265=CARTESIAN_POINT('Origin',(1.59698681759046,-1.27,-0.0265644302003142));
#9266=CARTESIAN_POINT('',(1.61547727214752,-1.27,2.62726136392624));
#9267=CARTESIAN_POINT('',(1.61547727214752,-1.27,2.62726136392624));
#9268=CARTESIAN_POINT('',(3.46452272785248,-1.27,2.62726136392624));
#9269=CARTESIAN_POINT('Origin',(1.26292893218813,-1.2954,2.44745166004062));
#9270=CARTESIAN_POINT('Origin',(1.44365759393688,1.09764277678946,2.6281701563543));
#9271=CARTESIAN_POINT('',(1.27,-0.924522727852471,2.45452272785249));
#9272=CARTESIAN_POINT('',(1.27,0.924522727852478,2.45452272785248));
#9273=CARTESIAN_POINT('',(1.56488329701443,-1.21940602486691,2.74940602486691));
#9274=CARTESIAN_POINT('',(1.27,-0.924522727852471,2.45452272785249));
#9275=CARTESIAN_POINT('Origin',(1.44366615418345,-1.09764937126867,2.62817950245357));
#9276=CARTESIAN_POINT('Origin',(1.62254833995939,-1.27707106781187,2.82655477272148));
#9277=CARTESIAN_POINT('',(1.27,-0.924522727852473,2.45452272785249));
#9278=CARTESIAN_POINT('Origin',(1.44366283306339,-1.09817535777074,2.62764485272124));
#9279=CARTESIAN_POINT('Origin',(2.61952272785248,-1.09726136392624,2.62726136392624));
#9280=CARTESIAN_POINT('Origin',(4.46452272785248,1.09726136392622,2.62726136392619));
#9281=CARTESIAN_POINT('Origin',(9.54452272785248,1.09726136392622,2.62726136392619));
#9282=CARTESIAN_POINT('',(6.6448832970144,1.21940602486688,2.74940602486688));
#9283=CARTESIAN_POINT('',(6.69547720870892,1.09726136392624,2.79999991937881));
#9284=CARTESIAN_POINT('Origin',(6.52365759393699,1.09764277678949,2.62817015635442));
#9285=CARTESIAN_POINT('',(8.54452279129108,1.09726136392624,2.79999991937881));
#9286=CARTESIAN_POINT('',(6.69547727214752,1.09726136392624,2.79999999999995));
#9287=CARTESIAN_POINT('',(8.59511670298559,1.21940602486688,2.74940602486688));
#9288=CARTESIAN_POINT('Origin',(8.71633716693656,1.09764485272085,2.62817535777056));
#9289=CARTESIAN_POINT('',(8.54452272785248,1.26999999999999,2.62726136392618));
#9290=CARTESIAN_POINT('Origin',(8.71633412531311,1.098179222309,2.62764923996438));
#9291=CARTESIAN_POINT('',(6.69547727214752,1.26999999999999,2.62726136392618));
#9292=CARTESIAN_POINT('',(8.54452272785248,1.26999999999999,2.62726136392618));
#9293=CARTESIAN_POINT('Origin',(6.5236606274307,1.09817401049114,2.6276471395791));
#9294=CARTESIAN_POINT('Origin',(7.69952272785248,-1.09726136392624,2.62726136392624));
#9295=CARTESIAN_POINT('',(8.54452272785248,-1.27,2.62726136392624));
#9296=CARTESIAN_POINT('',(8.59511670298557,-1.21940602486691,2.74940602486691));
#9297=CARTESIAN_POINT('Origin',(8.71634069060738,-1.09817185946083,2.62764345653758));
#9298=CARTESIAN_POINT('',(8.54452279129106,-1.09726136392624,2.79999991937883));
#9299=CARTESIAN_POINT('Origin',(8.71634071853046,-1.09764344672622,2.62817183153287));
#9300=CARTESIAN_POINT('',(6.69547720870893,-1.09726136392624,2.79999991937883));
#9301=CARTESIAN_POINT('',(8.54452272785248,-1.09726136392624,2.8));
#9302=CARTESIAN_POINT('',(6.64488329701443,-1.21940602486691,2.74940602486691));
#9303=CARTESIAN_POINT('Origin',(6.52366615418293,-1.09764937126843,2.62817950245305));
#9304=CARTESIAN_POINT('',(6.69547727214752,-1.27,2.62726136392624));
#9305=CARTESIAN_POINT('Origin',(6.52366283306369,-1.09817535777104,2.6276448527213));
#9306=CARTESIAN_POINT('',(6.69547727214752,-1.27,2.62726136392624));
#9307=CARTESIAN_POINT('Origin',(6.70254833995939,-1.27707106781187,2.82655477272148));
#9308=CARTESIAN_POINT('',(6.35,-0.924522727852471,2.45452272785249));
#9309=CARTESIAN_POINT('',(6.64488329701443,-1.21940602486691,2.74940602486691));
#9310=CARTESIAN_POINT('',(6.34999999999999,-0.924522727852475,0.490000000000005));
#9311=CARTESIAN_POINT('',(6.35,-0.924522727852473,2.45452272785249));
#9312=CARTESIAN_POINT('',(6.69547727214751,-1.27,0.144522727852477));
#9313=CARTESIAN_POINT('',(6.34999999999999,-0.924522727852475,0.490000000000005));
#9314=CARTESIAN_POINT('',(6.69547727214751,-1.27,0.144522727852477));
#9315=CARTESIAN_POINT('Origin',(6.34292893218812,-1.2954,2.44745166004062));
#9316=CARTESIAN_POINT('',(6.34999999999999,0.924522727852478,2.45452272785249));
#9317=CARTESIAN_POINT('',(6.6448832970144,1.21940602486688,2.74940602486688));
#9318=CARTESIAN_POINT('',(6.34999999999999,0.924522727852478,2.45452272785249));
#9319=CARTESIAN_POINT('',(6.69547727214752,-1.09726136392624,2.79999982813824));
#9320=CARTESIAN_POINT('Origin',(6.67698681759046,-1.27,-0.0265644302003142));
#9321=CARTESIAN_POINT('',(6.83857864376266,-1.27,0.00142135623731593));
#9322=CARTESIAN_POINT('',(6.69547727214751,-1.27,0.144522727852477));
#9323=CARTESIAN_POINT('',(8.40142135623732,-1.27,0.00142135623731268));
#9324=CARTESIAN_POINT('',(6.83857864376266,-1.27,0.00142135623731593));
#9325=CARTESIAN_POINT('',(8.54452272785248,-1.27,0.144522727852473));
#9326=CARTESIAN_POINT('',(8.40142135623732,-1.27,0.00142135623731268));
#9327=CARTESIAN_POINT('',(8.54452272785248,-1.27,0.144522727852473));
#9328=CARTESIAN_POINT('Origin',(8.53745166004061,1.2954,2.80707106781187));
#9329=CARTESIAN_POINT('',(8.54452272785248,1.09726136392624,2.79999982813824));
#9330=CARTESIAN_POINT('',(8.89000000000001,-0.924522727852471,2.45452272785248));
#9331=CARTESIAN_POINT('',(8.59511670298557,-1.21940602486691,2.74940602486691));
#9332=CARTESIAN_POINT('',(8.89,0.924522727852478,2.45452272785248));
#9333=CARTESIAN_POINT('',(8.89000000000001,-0.924522727852471,2.45452272785248));
#9334=CARTESIAN_POINT('',(8.89,0.924522727852478,2.45452272785248));
#9335=CARTESIAN_POINT('Origin',(8.53745166004061,-1.27707106781187,2.82655477272148));
#9336=CARTESIAN_POINT('',(8.89,-0.924522727852475,0.49));
#9337=CARTESIAN_POINT('',(8.54452272785248,-1.27,0.144522727852473));
#9338=CARTESIAN_POINT('',(8.89,-0.924522727852475,0.49));
#9339=CARTESIAN_POINT('Origin',(6.34292893218812,0.917451660040609,0.117967955131003));
#9340=CARTESIAN_POINT('',(6.69547727214751,1.27,0.144522727852476));
#9341=CARTESIAN_POINT('',(6.69547727214752,1.26999999999999,2.62726136392618));
#9342=CARTESIAN_POINT('',(6.34999999999999,0.924522727852475,0.490000000000005));
#9343=CARTESIAN_POINT('',(6.69547727214751,1.27,0.144522727852476));
#9344=CARTESIAN_POINT('',(6.34999999999999,0.924522727852475,0.490000000000005));
#9345=CARTESIAN_POINT('Origin',(6.67698681759046,1.27,-0.0265644302003145));
#9346=CARTESIAN_POINT('',(8.54452272785248,1.27,0.144522727852472));
#9347=CARTESIAN_POINT('',(8.54452272785248,1.26999999999999,2.62726136392618));
#9348=CARTESIAN_POINT('',(8.40142135623732,1.27,0.00142135623731221));
#9349=CARTESIAN_POINT('',(8.54452272785248,1.27,0.144522727852472));
#9350=CARTESIAN_POINT('',(6.83857864376266,1.27,0.00142135623731546));
#9351=CARTESIAN_POINT('',(8.40142135623732,1.27,0.00142135623731221));
#9352=CARTESIAN_POINT('',(6.83857864376266,1.27,0.00142135623731546));
#9353=CARTESIAN_POINT('Origin',(8.89,-0.943013182409525,2.47416795513101));
#9354=CARTESIAN_POINT('',(8.89,0.924522727852475,0.49));
#9355=CARTESIAN_POINT('',(8.89,0.924522727852475,0.49));
#9356=CARTESIAN_POINT('',(8.89,-0.924522727852475,0.49));
#9357=CARTESIAN_POINT('Origin',(6.34292893218812,-1.2954,0.497071067811871));
#9358=CARTESIAN_POINT('',(6.83857864376266,0.77,0.00142135623731555));
#9359=CARTESIAN_POINT('',(6.54000005888581,0.77,0.299999848640282));
#9360=CARTESIAN_POINT('',(6.83857864376266,0.77,0.00142135623731555));
#9361=CARTESIAN_POINT('',(6.54000005888581,-0.77,0.299999848640282));
#9362=CARTESIAN_POINT('',(6.53999999999998,0.77,0.299999828138242));
#9363=CARTESIAN_POINT('',(6.83857864376266,-0.77,0.00142135623731584));
#9364=CARTESIAN_POINT('',(6.53999999999998,-0.77,0.300000000000004));
#9365=CARTESIAN_POINT('',(6.83857864376266,-0.77,0.00142135623731584));
#9366=CARTESIAN_POINT('',(6.34999999999999,-0.924522727852475,0.490000000000004));
#9367=CARTESIAN_POINT('',(6.83857864376266,1.27,0.00142135623731546));
#9368=CARTESIAN_POINT('Origin',(6.82295021663792,1.28,0.00142135623731555));
#9369=CARTESIAN_POINT('',(8.40142135623732,0.77,0.0014213562373123));
#9370=CARTESIAN_POINT('',(8.40142135623732,1.27,0.00142135623731221));
#9371=CARTESIAN_POINT('',(8.40142135623732,0.77,0.0014213562373123));
#9372=CARTESIAN_POINT('Origin',(6.82295021663792,-1.28,0.00142135623731584));
#9373=CARTESIAN_POINT('',(8.40142135623732,-0.77,0.00142135623731258));
#9374=CARTESIAN_POINT('',(6.83857864376266,-0.77,0.00142135623731584));
#9375=CARTESIAN_POINT('',(8.40142135623732,-0.77,0.00142135623731258));
#9376=CARTESIAN_POINT('Origin',(6.51839999999998,-0.77,-0.00857864376268741));
#9377=CARTESIAN_POINT('',(8.69999994111418,-0.77,0.299999848640281));
#9378=CARTESIAN_POINT('',(6.53999999999998,-0.77,0.299999828138242));
#9379=CARTESIAN_POINT('',(8.7,-0.77,0.3));
#9380=CARTESIAN_POINT('Origin',(6.51839999999998,0.77,-0.00857864376268769));
#9381=CARTESIAN_POINT('',(8.69999994111418,0.77,0.299999848640281));
#9382=CARTESIAN_POINT('',(8.7,0.77,0.299999828138242));
#9383=CARTESIAN_POINT('',(8.40142135623732,0.77,0.0014213562373123));
#9384=CARTESIAN_POINT('Origin',(8.89707106781187,-1.2954,0.497071067811866));
#9385=CARTESIAN_POINT('',(8.7,-0.77,0.299999828138242));
#9386=CARTESIAN_POINT('',(8.54452272785248,1.27,0.144522727852472));
#9387=CARTESIAN_POINT('Origin',(8.53745166004061,1.27707106781187,2.82655477272147));
#9388=CARTESIAN_POINT('Origin',(6.67698681759047,-1.2954,2.79999982813824));
#9389=CARTESIAN_POINT('',(7.305,0.315,2.79999982813824));
#9390=CARTESIAN_POINT('',(7.935,0.315,2.79999982813824));
#9391=CARTESIAN_POINT('',(7.305,0.315,2.79999982813824));
#9392=CARTESIAN_POINT('',(7.935,-0.315,2.79999982813824));
#9393=CARTESIAN_POINT('',(7.935,0.315,2.79999982813824));
#9394=CARTESIAN_POINT('',(7.305,-0.315,2.79999982813824));
#9395=CARTESIAN_POINT('',(7.935,-0.315,2.79999982813824));
#9396=CARTESIAN_POINT('',(7.305,-0.315,2.79999982813824));
#9397=CARTESIAN_POINT('Origin',(6.51839999999998,-0.7854,0.299999828138242));
#9398=CARTESIAN_POINT('',(7.305,0.315,0.299999828138243));
#9399=CARTESIAN_POINT('',(7.305,-0.315,0.299999828138243));
#9400=CARTESIAN_POINT('',(7.305,0.315,0.299999828138243));
#9401=CARTESIAN_POINT('',(7.935,-0.315,0.299999828138243));
#9402=CARTESIAN_POINT('',(7.305,-0.315,0.299999828138243));
#9403=CARTESIAN_POINT('',(7.935,0.315,0.299999828138243));
#9404=CARTESIAN_POINT('',(7.935,-0.315,0.299999828138243));
#9405=CARTESIAN_POINT('',(7.935,0.315,0.299999828138243));
#9406=CARTESIAN_POINT('Origin',(7.935,-0.315,6.40568435128813));
#9407=CARTESIAN_POINT('',(7.305,-0.315,0.299999828138243));
#9408=CARTESIAN_POINT('',(7.935,-0.315,2.79999982813824));
#9409=CARTESIAN_POINT('Origin',(7.935,0.315,6.40568435128813));
#9410=CARTESIAN_POINT('',(7.935,0.315,2.79999982813824));
#9411=CARTESIAN_POINT('Origin',(7.305,0.315,6.40568435128813));
#9412=CARTESIAN_POINT('',(7.305,0.315,2.79999982813824));
#9413=CARTESIAN_POINT('Origin',(7.305,-0.315,6.40568435128813));
#9414=CARTESIAN_POINT('Origin',(4.765,-0.315,6.40568435128813));
#9415=CARTESIAN_POINT('',(4.765,0.315,0.299999828138243));
#9416=CARTESIAN_POINT('',(4.765,0.315,2.79999982813824));
#9417=CARTESIAN_POINT('',(4.765,0.315,0.299999828138243));
#9418=CARTESIAN_POINT('',(4.765,-0.315,2.79999982813824));
#9419=CARTESIAN_POINT('',(4.765,0.315,2.79999982813824));
#9420=CARTESIAN_POINT('',(4.765,-0.315,0.299999828138243));
#9421=CARTESIAN_POINT('',(4.765,-0.315,2.79999982813824));
#9422=CARTESIAN_POINT('',(4.765,-0.315,0.299999828138243));
#9423=CARTESIAN_POINT('Origin',(4.765,0.315,6.40568435128813));
#9424=CARTESIAN_POINT('',(5.395,0.315,2.79999982813824));
#9425=CARTESIAN_POINT('',(5.395,0.315,2.79999982813824));
#9426=CARTESIAN_POINT('',(5.395,0.315,0.299999828138243));
#9427=CARTESIAN_POINT('',(4.765,0.315,0.299999828138243));
#9428=CARTESIAN_POINT('',(5.395,0.315,0.299999828138243));
#9429=CARTESIAN_POINT('Origin',(5.395,0.315,6.40568435128813));
#9430=CARTESIAN_POINT('',(5.395,-0.315,2.79999982813824));
#9431=CARTESIAN_POINT('',(5.395,-0.315,2.79999982813824));
#9432=CARTESIAN_POINT('',(5.395,-0.315,0.299999828138243));
#9433=CARTESIAN_POINT('',(5.395,0.315,0.299999828138243));
#9434=CARTESIAN_POINT('',(5.395,-0.315,0.299999828138243));
#9435=CARTESIAN_POINT('Origin',(5.395,-0.315,6.40568435128813));
#9436=CARTESIAN_POINT('',(4.765,-0.315,2.79999982813824));
#9437=CARTESIAN_POINT('',(5.395,-0.315,0.299999828138243));
#9438=CARTESIAN_POINT('Origin',(3.97839999999998,-0.7854,0.299999828138242));
#9439=CARTESIAN_POINT('',(4.00000005888581,0.77,0.299999848640281));
#9440=CARTESIAN_POINT('',(6.15999994111418,0.77,0.299999848640281));
#9441=CARTESIAN_POINT('',(3.99999999999998,0.77,0.299999828138242));
#9442=CARTESIAN_POINT('',(6.15999994111418,-0.77,0.299999848640281));
#9443=CARTESIAN_POINT('',(6.16,0.77,0.299999828138242));
#9444=CARTESIAN_POINT('',(4.00000005888581,-0.77,0.299999848640281));
#9445=CARTESIAN_POINT('',(6.16,-0.77,0.299999828138242));
#9446=CARTESIAN_POINT('',(3.99999999999998,-0.77,0.299999828138242));
#9447=CARTESIAN_POINT('Origin',(4.13698681759047,-1.2954,2.79999982813824));
#9448=CARTESIAN_POINT('',(4.15547720870892,1.09726136392624,2.79999991937881));
#9449=CARTESIAN_POINT('',(4.15547720870894,-1.09726136392624,2.79999991937883));
#9450=CARTESIAN_POINT('',(4.15547727214752,1.09726136392624,2.79999982813824));
#9451=CARTESIAN_POINT('',(6.00452279129106,-1.09726136392624,2.79999991937883));
#9452=CARTESIAN_POINT('',(4.15547727214752,-1.09726136392624,2.8));
#9453=CARTESIAN_POINT('',(6.00452279129108,1.09726136392624,2.79999991937881));
#9454=CARTESIAN_POINT('',(6.00452272785248,-1.09726136392624,2.79999982813824));
#9455=CARTESIAN_POINT('',(6.00452272785248,1.09726136392624,2.79999999999995));
#9456=CARTESIAN_POINT('Origin',(5.99745166004061,1.27707106781187,2.82655477272147));
#9457=CARTESIAN_POINT('',(6.00452272785248,1.26999999999999,2.62726136392618));
#9458=CARTESIAN_POINT('',(6.05511670298559,1.21940602486688,2.74940602486688));
#9459=CARTESIAN_POINT('Origin',(6.17633412531329,1.09817922230879,2.6276492399643));
#9460=CARTESIAN_POINT('',(6.35,0.924522727852478,2.45452272785248));
#9461=CARTESIAN_POINT('',(6.05511670298559,1.21940602486688,2.74940602486688));
#9462=CARTESIAN_POINT('',(6.35,0.924522727852475,0.49));
#9463=CARTESIAN_POINT('',(6.35,0.92452272785248,2.45452272785248));
#9464=CARTESIAN_POINT('',(6.00452272785248,1.27,0.144522727852472));
#9465=CARTESIAN_POINT('',(6.35,0.924522727852475,0.49));
#9466=CARTESIAN_POINT('',(6.00452272785248,1.27,0.144522727852472));
#9467=CARTESIAN_POINT('Origin',(6.35707106781187,-1.2954,0.497071067811866));
#9468=CARTESIAN_POINT('',(5.86142135623732,-1.27,0.00142135623731268));
#9469=CARTESIAN_POINT('',(5.86142135623732,-0.77,0.00142135623731258));
#9470=CARTESIAN_POINT('',(5.86142135623732,-1.27,0.00142135623731268));
#9471=CARTESIAN_POINT('',(5.86142135623732,-0.77,0.00142135623731258));
#9472=CARTESIAN_POINT('',(5.86142135623732,0.77,0.0014213562373123));
#9473=CARTESIAN_POINT('',(6.16,0.77,0.3));
#9474=CARTESIAN_POINT('',(5.86142135623732,1.27,0.00142135623731221));
#9475=CARTESIAN_POINT('',(5.86142135623732,0.77,0.0014213562373123));
#9476=CARTESIAN_POINT('',(5.86142135623732,1.27,0.00142135623731221));
#9477=CARTESIAN_POINT('',(6.35,-0.924522727852475,0.49));
#9478=CARTESIAN_POINT('',(6.35,0.924522727852476,0.489999999999998));
#9479=CARTESIAN_POINT('',(6.00452272785248,-1.27,0.144522727852473));
#9480=CARTESIAN_POINT('',(6.35,-0.924522727852475,0.49));
#9481=CARTESIAN_POINT('',(6.00452272785248,-1.27,0.144522727852473));
#9482=CARTESIAN_POINT('Origin',(3.97839999999998,0.77,-0.00857864376268769));
#9483=CARTESIAN_POINT('',(4.29857864376267,0.77,0.00142135623731555));
#9484=CARTESIAN_POINT('',(3.99999999999998,0.77,0.300000000000004));
#9485=CARTESIAN_POINT('',(4.29857864376267,0.77,0.00142135623731555));
#9486=CARTESIAN_POINT('Origin',(3.97839999999998,-0.77,-0.00857864376268741));
#9487=CARTESIAN_POINT('',(4.29857864376267,-0.77,0.00142135623731584));
#9488=CARTESIAN_POINT('',(5.86142135623732,-0.77,0.00142135623731258));
#9489=CARTESIAN_POINT('',(4.29857864376267,-0.77,0.00142135623731584));
#9490=CARTESIAN_POINT('Origin',(4.28295021663792,-1.28,0.00142135623731584));
#9491=CARTESIAN_POINT('',(4.29857864376267,-1.27,0.00142135623731593));
#9492=CARTESIAN_POINT('',(5.86142135623732,-1.27,0.00142135623731268));
#9493=CARTESIAN_POINT('',(4.29857864376267,-1.27,0.00142135623731593));
#9494=CARTESIAN_POINT('Origin',(4.28295021663792,1.28,0.00142135623731555));
#9495=CARTESIAN_POINT('',(4.29857864376267,1.27,0.00142135623731546));
#9496=CARTESIAN_POINT('',(4.29857864376267,0.77,0.00142135623731555));
#9497=CARTESIAN_POINT('',(4.29857864376267,1.27,0.00142135623731546));
#9498=CARTESIAN_POINT('Origin',(3.80292893218812,-1.2954,0.497071067811871));
#9499=CARTESIAN_POINT('',(4.15547727214751,-1.27,0.144522727852477));
#9500=CARTESIAN_POINT('',(4.29857864376267,-1.27,0.00142135623731593));
#9501=CARTESIAN_POINT('',(3.80999999999999,-0.924522727852475,0.490000000000005));
#9502=CARTESIAN_POINT('',(4.15547727214751,-1.27,0.144522727852477));
#9503=CARTESIAN_POINT('',(3.80999999999999,0.924522727852475,0.490000000000005));
#9504=CARTESIAN_POINT('',(3.80999999999999,-0.924522727852475,0.490000000000003));
#9505=CARTESIAN_POINT('',(4.15547727214751,1.27,0.144522727852476));
#9506=CARTESIAN_POINT('',(3.80999999999999,0.924522727852475,0.490000000000005));
#9507=CARTESIAN_POINT('',(4.15547727214751,1.27,0.144522727852476));
#9508=CARTESIAN_POINT('Origin',(4.13698681759046,1.27,-0.0265644302003145));
#9509=CARTESIAN_POINT('',(4.15547727214752,1.26999999999999,2.62726136392618));
#9510=CARTESIAN_POINT('',(4.15547727214752,1.26999999999999,2.62726136392618));
#9511=CARTESIAN_POINT('',(4.15547727214751,1.27,0.144522727852476));
#9512=CARTESIAN_POINT('Origin',(3.80292893218812,0.917451660040609,0.117967955131003));
#9513=CARTESIAN_POINT('',(3.80999999999999,0.924522727852478,2.45452272785249));
#9514=CARTESIAN_POINT('',(3.80999999999999,0.924522727852475,0.490000000000005));
#9515=CARTESIAN_POINT('',(4.1048832970144,1.21940602486688,2.74940602486688));
#9516=CARTESIAN_POINT('',(3.80999999999999,0.924522727852478,2.45452272785249));
#9517=CARTESIAN_POINT('Origin',(3.98366062743005,1.09817401049049,2.62764713957883));
#9518=CARTESIAN_POINT('Origin',(5.99745166004061,-1.27707106781187,2.82655477272148));
#9519=CARTESIAN_POINT('',(6.05511670298557,-1.21940602486691,2.74940602486691));
#9520=CARTESIAN_POINT('',(6.00452272785248,-1.27,2.62726136392624));
#9521=CARTESIAN_POINT('Origin',(6.17634069060699,-1.09817185946124,2.62764345653774));
#9522=CARTESIAN_POINT('',(6.00452272785248,-1.27,2.62726136392624));
#9523=CARTESIAN_POINT('',(6.35000000000001,-0.924522727852471,2.45452272785248));
#9524=CARTESIAN_POINT('',(6.35,-0.924522727852472,0.489999999999999));
#9525=CARTESIAN_POINT('',(6.35000000000001,-0.924522727852471,2.45452272785248));
#9526=CARTESIAN_POINT('Origin',(5.99745166004061,1.2954,2.80707106781187));
#9527=CARTESIAN_POINT('Origin',(6.17634071853168,-1.09764344672573,2.62817183153166));
#9528=CARTESIAN_POINT('',(6.35000000000001,-0.924522727852471,2.45452272785248));
#9529=CARTESIAN_POINT('Origin',(6.17633716693675,1.09764485272073,2.62817535777037));
#9530=CARTESIAN_POINT('Origin',(4.13698681759046,-1.27,-0.0265644302003142));
#9531=CARTESIAN_POINT('',(4.15547727214752,-1.27,2.62726136392624));
#9532=CARTESIAN_POINT('',(4.15547727214752,-1.27,2.62726136392624));
#9533=CARTESIAN_POINT('',(6.00452272785248,-1.27,2.62726136392624));
#9534=CARTESIAN_POINT('Origin',(3.80292893218813,-1.2954,2.44745166004062));
#9535=CARTESIAN_POINT('Origin',(3.98365759393696,1.09764277678948,2.62817015635439));
#9536=CARTESIAN_POINT('',(3.81,-0.924522727852471,2.45452272785249));
#9537=CARTESIAN_POINT('',(3.81,0.924522727852478,2.45452272785249));
#9538=CARTESIAN_POINT('',(4.10488329701443,-1.21940602486691,2.74940602486691));
#9539=CARTESIAN_POINT('',(3.81,-0.924522727852471,2.45452272785249));
#9540=CARTESIAN_POINT('Origin',(3.98366615418322,-1.09764937126861,2.62817950245335));
#9541=CARTESIAN_POINT('Origin',(4.16254833995939,-1.27707106781187,2.82655477272148));
#9542=CARTESIAN_POINT('',(3.81,-0.924522727852474,2.45452272785249));
#9543=CARTESIAN_POINT('Origin',(3.98366283306349,-1.09817535777084,2.62764485272125));
#9544=CARTESIAN_POINT('Origin',(5.15952272785248,-1.09726136392624,2.62726136392624));
#9545=CARTESIAN_POINT('Origin',(7.00452272785248,1.09726136392622,2.62726136392619));
#9546=CARTESIAN_POINT('Origin',(1.92452272785248,1.09726136392622,2.62726136392619));
#9547=CARTESIAN_POINT('',(-0.975116702985598,1.21940602486688,2.74940602486688));
#9548=CARTESIAN_POINT('',(-0.924522791291081,1.09726136392624,2.79999991937881));
#9549=CARTESIAN_POINT('Origin',(-1.09634240606279,1.0976427767896,2.62817015635465));
#9550=CARTESIAN_POINT('',(0.924522791291084,1.09726136392624,2.79999991937881));
#9551=CARTESIAN_POINT('',(-0.924522727852477,1.09726136392624,2.79999999999995));
#9552=CARTESIAN_POINT('',(0.975116702985595,1.21940602486688,2.74940602486688));
#9553=CARTESIAN_POINT('Origin',(1.0963371669375,1.09764485272048,2.62817535776964));
#9554=CARTESIAN_POINT('',(0.924522727852477,1.26999999999999,2.62726136392618));
#9555=CARTESIAN_POINT('Origin',(1.09633412531366,1.09817922230842,2.62764923996411));
#9556=CARTESIAN_POINT('',(-0.924522727852477,1.26999999999999,2.62726136392618));
#9557=CARTESIAN_POINT('',(0.924522727852477,1.26999999999999,2.62726136392618));
#9558=CARTESIAN_POINT('Origin',(-1.09633937256916,1.09817401049128,2.62764713957916));
#9559=CARTESIAN_POINT('Origin',(0.0795227278524802,-1.09726136392624,2.62726136392624));
#9560=CARTESIAN_POINT('',(0.92452272785248,-1.27,2.62726136392624));
#9561=CARTESIAN_POINT('',(0.97511670298557,-1.21940602486691,2.74940602486691));
#9562=CARTESIAN_POINT('Origin',(1.09634069060649,-1.09817185946173,2.62764345653796));
#9563=CARTESIAN_POINT('',(0.924522791291064,-1.09726136392624,2.79999991937883));
#9564=CARTESIAN_POINT('Origin',(1.09634071853224,-1.09764344672552,2.62817183153111));
#9565=CARTESIAN_POINT('',(-0.92452279129106,-1.09726136392624,2.79999991937883));
#9566=CARTESIAN_POINT('',(0.92452272785248,-1.09726136392624,2.8));
#9567=CARTESIAN_POINT('',(-0.975116702985574,-1.21940602486691,2.74940602486691));
#9568=CARTESIAN_POINT('Origin',(-1.09633384581636,-1.09764937126876,2.62817950245377));
#9569=CARTESIAN_POINT('',(-0.92452272785248,-1.27,2.62726136392624));
#9570=CARTESIAN_POINT('Origin',(-1.09633716693667,-1.09817535777069,2.62764485272122));
#9571=CARTESIAN_POINT('',(-0.92452272785248,-1.27,2.62726136392624));
#9572=CARTESIAN_POINT('Origin',(-0.917451660040614,-1.27707106781187,2.82655477272148));
#9573=CARTESIAN_POINT('',(-1.27,-0.924522727852471,2.45452272785249));
#9574=CARTESIAN_POINT('',(-0.975116702985574,-1.21940602486691,2.74940602486691));
#9575=CARTESIAN_POINT('',(-1.27000000000001,-0.924522727852475,0.490000000000005));
#9576=CARTESIAN_POINT('',(-1.27,-0.924522727852471,2.45452272785249));
#9577=CARTESIAN_POINT('',(-0.924522727852491,-1.27,0.144522727852477));
#9578=CARTESIAN_POINT('',(-1.27000000000001,-0.924522727852475,0.490000000000005));
#9579=CARTESIAN_POINT('',(-0.924522727852491,-1.27,0.144522727852477));
#9580=CARTESIAN_POINT('Origin',(-1.27707106781187,-1.2954,2.44745166004062));
#9581=CARTESIAN_POINT('',(-1.27000000000001,0.924522727852478,2.45452272785249));
#9582=CARTESIAN_POINT('',(-0.975116702985598,1.21940602486688,2.74940602486688));
#9583=CARTESIAN_POINT('',(-1.27000000000001,0.924522727852478,2.45452272785249));
#9584=CARTESIAN_POINT('',(-0.92452272785248,-1.09726136392624,2.79999982813824));
#9585=CARTESIAN_POINT('Origin',(-0.943013182409542,-1.27,-0.0265644302003142));
#9586=CARTESIAN_POINT('',(-0.781421356237335,-1.27,0.00142135623731593));
#9587=CARTESIAN_POINT('',(-0.924522727852491,-1.27,0.144522727852477));
#9588=CARTESIAN_POINT('',(0.78142135623732,-1.27,0.00142135623731268));
#9589=CARTESIAN_POINT('',(-0.781421356237335,-1.27,0.00142135623731593));
#9590=CARTESIAN_POINT('',(0.924522727852477,-1.27,0.144522727852473));
#9591=CARTESIAN_POINT('',(0.78142135623732,-1.27,0.00142135623731268));
#9592=CARTESIAN_POINT('',(0.924522727852477,-1.27,0.144522727852473));
#9593=CARTESIAN_POINT('Origin',(0.917451660040611,1.2954,2.80707106781187));
#9594=CARTESIAN_POINT('',(0.924522727852477,1.09726136392624,2.79999982813824));
#9595=CARTESIAN_POINT('',(1.27000000000001,-0.924522727852471,2.45452272785248));
#9596=CARTESIAN_POINT('',(0.97511670298557,-1.21940602486691,2.74940602486691));
#9597=CARTESIAN_POINT('',(1.27,0.924522727852478,2.45452272785248));
#9598=CARTESIAN_POINT('',(1.27000000000001,-0.924522727852471,2.45452272785248));
#9599=CARTESIAN_POINT('',(1.27,0.924522727852478,2.45452272785248));
#9600=CARTESIAN_POINT('Origin',(0.917451660040614,-1.27707106781187,2.82655477272148));
#9601=CARTESIAN_POINT('',(1.27,-0.924522727852475,0.49));
#9602=CARTESIAN_POINT('',(0.924522727852477,-1.27,0.144522727852473));
#9603=CARTESIAN_POINT('',(1.27,-0.924522727852474,0.49));
#9604=CARTESIAN_POINT('Origin',(-1.27,-0.943013182409525,2.47416795513101));
#9605=CARTESIAN_POINT('',(-1.27000000000001,0.924522727852475,0.490000000000005));
#9606=CARTESIAN_POINT('',(-1.27000000000001,0.924522727852475,0.490000000000005));
#9607=CARTESIAN_POINT('',(-1.27000000000001,0.924522727852478,2.45452272785249));
#9608=CARTESIAN_POINT('Origin',(-1.27707106781188,0.917451660040609,0.117967955131003));
#9609=CARTESIAN_POINT('',(-0.924522727852491,1.27,0.144522727852476));
#9610=CARTESIAN_POINT('',(-0.924522727852477,1.26999999999999,2.62726136392618));
#9611=CARTESIAN_POINT('',(-0.924522727852491,1.27,0.144522727852476));
#9612=CARTESIAN_POINT('Origin',(-0.94301318240954,1.27,-0.0265644302003145));
#9613=CARTESIAN_POINT('',(0.924522727852477,1.27,0.144522727852472));
#9614=CARTESIAN_POINT('',(0.924522727852477,1.26999999999999,2.62726136392618));
#9615=CARTESIAN_POINT('',(0.78142135623732,1.27,0.00142135623731221));
#9616=CARTESIAN_POINT('',(0.924522727852477,1.27,0.144522727852472));
#9617=CARTESIAN_POINT('',(-0.781421356237335,1.27,0.00142135623731546));
#9618=CARTESIAN_POINT('',(0.78142135623732,1.27,0.00142135623731221));
#9619=CARTESIAN_POINT('',(-0.781421356237335,1.27,0.00142135623731546));
#9620=CARTESIAN_POINT('Origin',(-1.27707106781188,-1.2954,0.497071067811871));
#9621=CARTESIAN_POINT('',(-0.781421356237335,0.77,0.00142135623731555));
#9622=CARTESIAN_POINT('',(-1.07999994111419,0.77,0.299999848640281));
#9623=CARTESIAN_POINT('',(-0.781421356237335,0.77,0.00142135623731555));
#9624=CARTESIAN_POINT('',(-1.07999994111419,-0.77,0.299999848640281));
#9625=CARTESIAN_POINT('',(-1.08000000000002,0.77,0.299999828138242));
#9626=CARTESIAN_POINT('',(-0.781421356237335,-0.77,0.00142135623731584));
#9627=CARTESIAN_POINT('',(-1.08000000000002,-0.77,0.300000000000004));
#9628=CARTESIAN_POINT('',(-0.781421356237335,-0.77,0.00142135623731584));
#9629=CARTESIAN_POINT('',(-0.781421356237335,1.27,0.00142135623731546));
#9630=CARTESIAN_POINT('Origin',(-0.797049783362081,1.28,0.00142135623731555));
#9631=CARTESIAN_POINT('',(0.78142135623732,0.77,0.0014213562373123));
#9632=CARTESIAN_POINT('',(0.78142135623732,1.27,0.00142135623731221));
#9633=CARTESIAN_POINT('',(0.78142135623732,0.77,0.0014213562373123));
#9634=CARTESIAN_POINT('Origin',(-0.797049783362081,-1.28,0.00142135623731584));
#9635=CARTESIAN_POINT('',(0.78142135623732,-0.77,0.00142135623731258));
#9636=CARTESIAN_POINT('',(-0.781421356237335,-0.77,0.00142135623731584));
#9637=CARTESIAN_POINT('',(0.78142135623732,-0.77,0.00142135623731258));
#9638=CARTESIAN_POINT('Origin',(-1.10160000000002,-0.77,-0.00857864376268741));
#9639=CARTESIAN_POINT('',(1.07999994111418,-0.77,0.299999848640281));
#9640=CARTESIAN_POINT('',(-1.08000000000002,-0.77,0.299999828138242));
#9641=CARTESIAN_POINT('',(1.08,-0.77,0.3));
#9642=CARTESIAN_POINT('Origin',(-1.10160000000002,0.77,-0.00857864376268769));
#9643=CARTESIAN_POINT('',(1.07999994111418,0.77,0.299999848640281));
#9644=CARTESIAN_POINT('',(1.08,0.77,0.299999828138242));
#9645=CARTESIAN_POINT('',(0.78142135623732,0.77,0.0014213562373123));
#9646=CARTESIAN_POINT('Origin',(1.27707106781187,-1.2954,0.497071067811866));
#9647=CARTESIAN_POINT('',(1.08,-0.77,0.299999828138242));
#9648=CARTESIAN_POINT('',(1.27,0.924522727852475,0.49));
#9649=CARTESIAN_POINT('',(0.924522727852477,1.27,0.144522727852472));
#9650=CARTESIAN_POINT('',(1.27,0.924522727852475,0.489999999999998));
#9651=CARTESIAN_POINT('Origin',(0.917451660040613,1.27707106781187,2.82655477272147));
#9652=CARTESIAN_POINT('',(1.27,0.924522727852481,2.45452272785248));
#9653=CARTESIAN_POINT('Origin',(-0.943013182409532,-1.2954,2.79999982813824));
#9654=CARTESIAN_POINT('',(-0.315000000000001,0.315,2.79999982813824));
#9655=CARTESIAN_POINT('',(0.315000000000001,0.315,2.79999982813824));
#9656=CARTESIAN_POINT('',(-0.315000000000001,0.315,2.79999982813824));
#9657=CARTESIAN_POINT('',(0.315000000000001,-0.315,2.79999982813824));
#9658=CARTESIAN_POINT('',(0.315000000000001,0.315,2.79999982813824));
#9659=CARTESIAN_POINT('',(-0.315000000000001,-0.315,2.79999982813824));
#9660=CARTESIAN_POINT('',(0.315000000000001,-0.315,2.79999982813824));
#9661=CARTESIAN_POINT('',(-0.315000000000001,-0.315,2.79999982813824));
#9662=CARTESIAN_POINT('Origin',(-1.10160000000002,-0.7854,0.299999828138242));
#9663=CARTESIAN_POINT('',(-0.315000000000001,0.315,0.299999828138243));
#9664=CARTESIAN_POINT('',(-0.315000000000001,-0.315,0.299999828138243));
#9665=CARTESIAN_POINT('',(-0.315000000000001,0.315,0.299999828138243));
#9666=CARTESIAN_POINT('',(0.315000000000001,-0.315,0.299999828138243));
#9667=CARTESIAN_POINT('',(-0.315000000000001,-0.315,0.299999828138243));
#9668=CARTESIAN_POINT('',(0.315000000000001,0.315,0.299999828138243));
#9669=CARTESIAN_POINT('',(0.315000000000001,-0.315,0.299999828138243));
#9670=CARTESIAN_POINT('',(0.315000000000001,0.315,0.299999828138243));
#9671=CARTESIAN_POINT('Origin',(0.315000000000001,-0.315,6.40568435128813));
#9672=CARTESIAN_POINT('',(-0.315000000000001,-0.315,0.299999828138243));
#9673=CARTESIAN_POINT('',(0.315000000000001,-0.315,2.79999982813824));
#9674=CARTESIAN_POINT('Origin',(0.315000000000001,0.315,6.40568435128813));
#9675=CARTESIAN_POINT('',(0.315000000000001,0.315,2.79999982813824));
#9676=CARTESIAN_POINT('Origin',(-0.315000000000001,0.315,6.40568435128813));
#9677=CARTESIAN_POINT('',(-0.315000000000001,0.315,2.79999982813824));
#9678=CARTESIAN_POINT('Origin',(-0.315000000000001,-0.315,6.40568435128813));
#9679=CARTESIAN_POINT('Origin',(2.405,-0.135,-3.2));
#9680=CARTESIAN_POINT('',(2.415,-0.125,-3.2));
#9681=CARTESIAN_POINT('',(2.415,0.125,-3.2));
#9682=CARTESIAN_POINT('',(2.415,-0.125,-3.2));
#9683=CARTESIAN_POINT('',(2.665,0.125,-3.2));
#9684=CARTESIAN_POINT('',(2.415,0.125,-3.2));
#9685=CARTESIAN_POINT('',(2.665,-0.125,-3.2));
#9686=CARTESIAN_POINT('',(2.665,0.125,-3.2));
#9687=CARTESIAN_POINT('',(2.665,-0.125,-3.2));
#9688=CARTESIAN_POINT('Origin',(2.21534185664468,-0.120121784544321,-3.20872943377133));
#9689=CARTESIAN_POINT('',(2.85534185664468,-0.315,-2.86000017186176));
#9690=CARTESIAN_POINT('',(2.22534142271634,-0.31500090158574,-2.85999756004696));
#9691=CARTESIAN_POINT('',(2.85534185664468,-0.315,-2.86000017186176));
#9692=CARTESIAN_POINT('',(2.2253418565151,-0.315001495562764,-2.8599974955929));
#9693=CARTESIAN_POINT('',(2.665,-0.125,-3.2));
#9694=CARTESIAN_POINT('Origin',(2.41987152273933,-0.325,-3.20873317045523));
#9695=CARTESIAN_POINT('',(2.22534142271634,0.315000901585739,-2.85999756004696));
#9696=CARTESIAN_POINT('',(2.22534036246371,-0.315,-2.8599974932461));
#9697=CARTESIAN_POINT('',(2.2253418565151,0.315001495562762,-2.8599974955929));
#9698=CARTESIAN_POINT('Origin',(2.21534185664468,0.319878215455679,-2.85127073809043));
#9699=CARTESIAN_POINT('',(2.85534185664468,0.315,-2.86000017186176));
#9700=CARTESIAN_POINT('',(2.2253418565151,0.315001495562762,-2.8599974955929));
#9701=CARTESIAN_POINT('',(2.85534185664468,0.315,-2.86000017186176));
#9702=CARTESIAN_POINT('Origin',(2.66011510041924,-0.325,-3.20872569516347));
#9703=CARTESIAN_POINT('',(2.85534185664468,0.315,-2.86000017186176));
#9704=CARTESIAN_POINT('Origin',(2.42012345046304,-0.325,9.50440987077839));
#9705=CARTESIAN_POINT('',(2.41523855088228,0.125,9.49568417561491));
#9706=CARTESIAN_POINT('',(2.22489793603796,0.314999767197967,9.15568506019114));
#9707=CARTESIAN_POINT('',(2.41523855088228,0.125,9.49568417561491));
#9708=CARTESIAN_POINT('',(2.22489793603797,-0.314999767197967,9.15568506019115));
#9709=CARTESIAN_POINT('',(2.22489761661048,0.315,9.15568434749368));
#9710=CARTESIAN_POINT('',(2.41523855088228,-0.125,9.49568417561491));
#9711=CARTESIAN_POINT('',(2.22489691434372,-0.315,9.15568474064318));
#9712=CARTESIAN_POINT('',(2.41523855088228,-0.125,9.49568417561491));
#9713=CARTESIAN_POINT('Origin',(2.2148966942376,0.120121784544321,9.50441360938624));
#9714=CARTESIAN_POINT('',(2.66523855088228,0.125,9.49568417561491));
#9715=CARTESIAN_POINT('',(2.85489793475562,0.315000232737955,9.15568363519234));
#9716=CARTESIAN_POINT('',(2.66523855088228,0.125,9.49568417561491));
#9717=CARTESIAN_POINT('',(2.85489761661048,0.315,9.15568434750219));
#9718=CARTESIAN_POINT('',(2.41523855088228,0.125,9.49568417561491));
#9719=CARTESIAN_POINT('Origin',(2.66036702814295,-0.325,9.50441734607014));
#9720=CARTESIAN_POINT('',(2.66523855088228,-0.125,9.49568417561491));
#9721=CARTESIAN_POINT('',(2.66523855088228,0.125,9.49568417561491));
#9722=CARTESIAN_POINT('',(2.85489793475562,-0.315000232737955,9.15568363519234));
#9723=CARTESIAN_POINT('',(2.66523855088228,-0.125,9.49568417561491));
#9724=CARTESIAN_POINT('',(2.85489761661048,-0.315,9.15568434750219));
#9725=CARTESIAN_POINT('Origin',(2.2148966942376,-0.319878215455679,9.14695491370534));
#9726=CARTESIAN_POINT('',(2.22489761661048,-0.315,9.15568434749369));
#9727=CARTESIAN_POINT('',(2.66523855088228,-0.125,9.49568417561491));
#9728=CARTESIAN_POINT('Origin',(2.40523855088228,0.135,9.49568417561491));
#9729=CARTESIAN_POINT('Origin',(2.22489224235438,-0.325,9.32634821671993));
#9730=CARTESIAN_POINT('',(2.22489853898336,0.315,9.15568434752771));
#9731=CARTESIAN_POINT('',(2.22534185651511,-0.315,-2.85999665983682));
#9732=CARTESIAN_POINT('Origin',(2.54006658937282,0.315,9.32634470275115));
#9733=CARTESIAN_POINT('',(2.85489853898337,0.315,9.15568434752771));
#9734=CARTESIAN_POINT('Origin',(2.85534630826875,-0.325000000000001,-2.98065701705514));
#9735=CARTESIAN_POINT('',(2.85489853898336,-0.315,9.15568434753622));
#9736=CARTESIAN_POINT('Origin',(2.21494834685546,-0.315,3.17284922525592));
#9737=CARTESIAN_POINT('Origin',(7.485,-0.135,-3.2));
#9738=CARTESIAN_POINT('',(7.495,-0.125,-3.2));
#9739=CARTESIAN_POINT('',(7.495,0.125,-3.2));
#9740=CARTESIAN_POINT('',(7.495,-0.125,-3.2));
#9741=CARTESIAN_POINT('',(7.745,0.125,-3.2));
#9742=CARTESIAN_POINT('',(7.495,0.125,-3.2));
#9743=CARTESIAN_POINT('',(7.745,-0.125,-3.2));
#9744=CARTESIAN_POINT('',(7.745,0.125,-3.2));
#9745=CARTESIAN_POINT('',(7.745,-0.125,-3.2));
#9746=CARTESIAN_POINT('Origin',(7.29534185664468,-0.120121784544321,-3.20872943377133));
#9747=CARTESIAN_POINT('',(7.93534185664468,-0.315,-2.86000017186176));
#9748=CARTESIAN_POINT('',(7.30534142271634,-0.31500090158574,-2.85999756004696));
#9749=CARTESIAN_POINT('',(7.93534185664468,-0.315,-2.86000017186176));
#9750=CARTESIAN_POINT('',(7.3053418565151,-0.315001495562764,-2.8599974955929));
#9751=CARTESIAN_POINT('',(7.745,-0.125,-3.2));
#9752=CARTESIAN_POINT('Origin',(7.49987152273933,-0.325,-3.20873317045523));
#9753=CARTESIAN_POINT('',(7.30534142271634,0.315000901585739,-2.85999756004696));
#9754=CARTESIAN_POINT('',(7.30534036246371,-0.315,-2.8599974932461));
#9755=CARTESIAN_POINT('',(7.3053418565151,0.315001495562762,-2.8599974955929));
#9756=CARTESIAN_POINT('Origin',(7.29534185664468,0.319878215455679,-2.85127073809043));
#9757=CARTESIAN_POINT('',(7.93534185664468,0.315,-2.86000017186176));
#9758=CARTESIAN_POINT('',(7.3053418565151,0.315001495562762,-2.8599974955929));
#9759=CARTESIAN_POINT('',(7.93534185664468,0.315,-2.86000017186176));
#9760=CARTESIAN_POINT('Origin',(7.74011510041924,-0.325,-3.20872569516347));
#9761=CARTESIAN_POINT('',(7.93534185664468,0.315,-2.86000017186176));
#9762=CARTESIAN_POINT('Origin',(7.50012345046304,-0.325,9.50440987077839));
#9763=CARTESIAN_POINT('',(7.49523855088228,0.125,9.49568417561491));
#9764=CARTESIAN_POINT('',(7.30489793603796,0.314999767197967,9.15568506019114));
#9765=CARTESIAN_POINT('',(7.49523855088228,0.125,9.49568417561491));
#9766=CARTESIAN_POINT('',(7.30489793603797,-0.314999767197967,9.15568506019115));
#9767=CARTESIAN_POINT('',(7.30489761661048,0.315,9.15568434749368));
#9768=CARTESIAN_POINT('',(7.49523855088228,-0.125,9.49568417561491));
#9769=CARTESIAN_POINT('',(7.30489691434372,-0.315,9.15568474064318));
#9770=CARTESIAN_POINT('',(7.49523855088228,-0.125,9.49568417561491));
#9771=CARTESIAN_POINT('Origin',(7.2948966942376,0.120121784544321,9.50441360938624));
#9772=CARTESIAN_POINT('',(7.74523855088228,0.125,9.49568417561491));
#9773=CARTESIAN_POINT('',(7.93489793475562,0.315000232737954,9.15568363519234));
#9774=CARTESIAN_POINT('',(7.74523855088228,0.125,9.49568417561491));
#9775=CARTESIAN_POINT('',(7.93489761661048,0.315,9.15568434750219));
#9776=CARTESIAN_POINT('',(7.49523855088228,0.125,9.49568417561491));
#9777=CARTESIAN_POINT('Origin',(7.74036702814295,-0.325,9.50441734607014));
#9778=CARTESIAN_POINT('',(7.74523855088228,-0.125,9.49568417561491));
#9779=CARTESIAN_POINT('',(7.74523855088228,0.125,9.49568417561491));
#9780=CARTESIAN_POINT('',(7.93489793475562,-0.315000232737954,9.15568363519234));
#9781=CARTESIAN_POINT('',(7.74523855088228,-0.125,9.49568417561491));
#9782=CARTESIAN_POINT('',(7.93489761661048,-0.315,9.15568434750219));
#9783=CARTESIAN_POINT('Origin',(7.2948966942376,-0.319878215455679,9.14695491370534));
#9784=CARTESIAN_POINT('',(7.30489761661048,-0.315,9.15568434749369));
#9785=CARTESIAN_POINT('',(7.74523855088228,-0.125,9.49568417561491));
#9786=CARTESIAN_POINT('Origin',(7.48523855088228,0.135,9.49568417561491));
#9787=CARTESIAN_POINT('Origin',(7.30489224235438,-0.325,9.32634821671993));
#9788=CARTESIAN_POINT('',(7.30489853898336,0.315,9.15568434752771));
#9789=CARTESIAN_POINT('',(7.30534185651511,-0.315,-2.85999665983682));
#9790=CARTESIAN_POINT('Origin',(7.62006658937282,0.315,9.32634470275115));
#9791=CARTESIAN_POINT('',(7.93489853898337,0.315,9.15568434752771));
#9792=CARTESIAN_POINT('Origin',(7.93534630826875,-0.325000000000001,-2.98065701705514));
#9793=CARTESIAN_POINT('',(7.93489853898336,-0.315,9.15568434753622));
#9794=CARTESIAN_POINT('Origin',(7.29494834685547,-0.315,3.17284922525592));
#9795=CARTESIAN_POINT('Origin',(4.945,-0.135,-3.2));
#9796=CARTESIAN_POINT('',(4.955,-0.125,-3.2));
#9797=CARTESIAN_POINT('',(4.955,0.125,-3.2));
#9798=CARTESIAN_POINT('',(4.955,-0.125,-3.2));
#9799=CARTESIAN_POINT('',(5.205,0.125,-3.2));
#9800=CARTESIAN_POINT('',(4.955,0.125,-3.2));
#9801=CARTESIAN_POINT('',(5.205,-0.125,-3.2));
#9802=CARTESIAN_POINT('',(5.205,0.125,-3.2));
#9803=CARTESIAN_POINT('',(5.205,-0.125,-3.2));
#9804=CARTESIAN_POINT('Origin',(4.75534185664468,-0.120121784544321,-3.20872943377133));
#9805=CARTESIAN_POINT('',(5.39534185664468,-0.315,-2.86000017186176));
#9806=CARTESIAN_POINT('',(4.76534142271634,-0.31500090158574,-2.85999756004696));
#9807=CARTESIAN_POINT('',(5.39534185664468,-0.315,-2.86000017186176));
#9808=CARTESIAN_POINT('',(4.7653418565151,-0.315001495562764,-2.8599974955929));
#9809=CARTESIAN_POINT('',(5.205,-0.125,-3.2));
#9810=CARTESIAN_POINT('Origin',(4.95987152273933,-0.325,-3.20873317045523));
#9811=CARTESIAN_POINT('',(4.76534142271634,0.315000901585739,-2.85999756004696));
#9812=CARTESIAN_POINT('',(4.76534036246371,-0.315,-2.8599974932461));
#9813=CARTESIAN_POINT('',(4.7653418565151,0.315001495562762,-2.8599974955929));
#9814=CARTESIAN_POINT('Origin',(4.75534185664468,0.319878215455679,-2.85127073809043));
#9815=CARTESIAN_POINT('',(5.39534185664468,0.315,-2.86000017186176));
#9816=CARTESIAN_POINT('',(4.7653418565151,0.315001495562762,-2.8599974955929));
#9817=CARTESIAN_POINT('',(5.39534185664468,0.315,-2.86000017186176));
#9818=CARTESIAN_POINT('Origin',(5.20011510041924,-0.325,-3.20872569516347));
#9819=CARTESIAN_POINT('',(5.39534185664468,0.315,-2.86000017186176));
#9820=CARTESIAN_POINT('Origin',(4.96012345046304,-0.325,9.50440987077839));
#9821=CARTESIAN_POINT('',(4.95523855088228,0.125,9.49568417561491));
#9822=CARTESIAN_POINT('',(4.76489793603796,0.314999767197967,9.15568506019114));
#9823=CARTESIAN_POINT('',(4.95523855088228,0.125,9.49568417561491));
#9824=CARTESIAN_POINT('',(4.76489793603797,-0.314999767197967,9.15568506019115));
#9825=CARTESIAN_POINT('',(4.76489761661048,0.315,9.15568434749368));
#9826=CARTESIAN_POINT('',(4.95523855088228,-0.125,9.49568417561491));
#9827=CARTESIAN_POINT('',(4.76489691434372,-0.315,9.15568474064318));
#9828=CARTESIAN_POINT('',(4.95523855088228,-0.125,9.49568417561491));
#9829=CARTESIAN_POINT('Origin',(4.7548966942376,0.120121784544321,9.50441360938624));
#9830=CARTESIAN_POINT('',(5.20523855088228,0.125,9.49568417561491));
#9831=CARTESIAN_POINT('',(5.39489793475562,0.315000232737954,9.15568363519234));
#9832=CARTESIAN_POINT('',(5.20523855088228,0.125,9.49568417561491));
#9833=CARTESIAN_POINT('',(5.39489761661048,0.315,9.15568434750219));
#9834=CARTESIAN_POINT('',(4.95523855088228,0.125,9.49568417561491));
#9835=CARTESIAN_POINT('Origin',(5.20036702814295,-0.325,9.50441734607014));
#9836=CARTESIAN_POINT('',(5.20523855088228,-0.125,9.49568417561491));
#9837=CARTESIAN_POINT('',(5.20523855088228,0.125,9.49568417561491));
#9838=CARTESIAN_POINT('',(5.39489793475562,-0.315000232737954,9.15568363519234));
#9839=CARTESIAN_POINT('',(5.20523855088228,-0.125,9.49568417561491));
#9840=CARTESIAN_POINT('',(5.39489761661048,-0.315,9.15568434750219));
#9841=CARTESIAN_POINT('Origin',(4.7548966942376,-0.319878215455679,9.14695491370534));
#9842=CARTESIAN_POINT('',(4.76489761661048,-0.315,9.15568434749369));
#9843=CARTESIAN_POINT('',(5.20523855088228,-0.125,9.49568417561491));
#9844=CARTESIAN_POINT('Origin',(4.94523855088228,0.135,9.49568417561491));
#9845=CARTESIAN_POINT('Origin',(4.76489224235438,-0.325,9.32634821671993));
#9846=CARTESIAN_POINT('',(4.76489853898336,0.315,9.15568434752771));
#9847=CARTESIAN_POINT('',(4.76534185651511,-0.315,-2.85999665983682));
#9848=CARTESIAN_POINT('Origin',(5.08006658937282,0.315,9.32634470275115));
#9849=CARTESIAN_POINT('',(5.39489853898337,0.315,9.15568434752771));
#9850=CARTESIAN_POINT('Origin',(5.39534630826875,-0.325000000000001,-2.98065701705514));
#9851=CARTESIAN_POINT('',(5.39489853898336,-0.315,9.15568434753622));
#9852=CARTESIAN_POINT('Origin',(4.75494834685547,-0.315,3.17284922525592));
#9853=CARTESIAN_POINT('Origin',(-0.325051653144535,-0.315,3.17284922525592));
#9854=CARTESIAN_POINT('',(-0.315102063962035,-0.314999767197967,9.15568506019115));
#9855=CARTESIAN_POINT('',(-0.314658577283657,-0.315000901585741,-2.85999756004696));
#9856=CARTESIAN_POINT('',(-0.315101461016639,-0.315,9.15568434747668));
#9857=CARTESIAN_POINT('',(0.315341856644679,-0.315,-2.86000017186176));
#9858=CARTESIAN_POINT('',(-0.314658143484898,-0.315001495562764,-2.8599974955929));
#9859=CARTESIAN_POINT('',(0.314897934755621,-0.315000232737956,9.15568363519233));
#9860=CARTESIAN_POINT('',(0.315341856644684,-0.315,-2.86000017186176));
#9861=CARTESIAN_POINT('',(0.31489761661048,-0.315,9.15568434750219));
#9862=CARTESIAN_POINT('Origin',(0.315346308268754,-0.325000000000001,-2.98065701705514));
#9863=CARTESIAN_POINT('',(0.315341856644679,0.315,-2.86000017186176));
#9864=CARTESIAN_POINT('',(0.315341856644679,-0.315,-2.86000017186176));
#9865=CARTESIAN_POINT('',(0.31489793475562,0.315000232737955,9.15568363519234));
#9866=CARTESIAN_POINT('',(0.315341856644683,0.315,-2.86000017186176));
#9867=CARTESIAN_POINT('',(0.31489761661048,0.315,9.15568434750219));
#9868=CARTESIAN_POINT('Origin',(6.65893728155065E-5,0.315,9.32634470275115));
#9869=CARTESIAN_POINT('',(-0.315102063962036,0.314999767197967,9.15568506019114));
#9870=CARTESIAN_POINT('',(-0.315102383389519,0.315,9.15568434749368));
#9871=CARTESIAN_POINT('',(-0.314658577283657,0.31500090158574,-2.85999756004696));
#9872=CARTESIAN_POINT('',(0.315341856644679,0.314999999999999,-2.86000017186176));
#9873=CARTESIAN_POINT('',(-0.314658143614471,0.315,-2.85999314781188));
#9874=CARTESIAN_POINT('Origin',(-0.31510775764562,-0.325,9.32634821671993));
#9875=CARTESIAN_POINT('',(-0.315102383389519,-0.315,9.15568434749369));
#9876=CARTESIAN_POINT('',(-0.314659637536286,0.315,-2.8599974932461));
#9877=CARTESIAN_POINT('Origin',(-0.134761449117717,0.135,9.49568417561491));
#9878=CARTESIAN_POINT('',(-0.124761449117717,-0.125,9.49568417561491));
#9879=CARTESIAN_POINT('',(0.125238550882283,-0.125,9.49568417561491));
#9880=CARTESIAN_POINT('',(-0.124761449117717,-0.125,9.49568417561491));
#9881=CARTESIAN_POINT('',(0.125238550882283,0.125,9.49568417561491));
#9882=CARTESIAN_POINT('',(0.125238550882283,-0.125,9.49568417561491));
#9883=CARTESIAN_POINT('',(-0.124761449117717,0.125,9.49568417561491));
#9884=CARTESIAN_POINT('',(0.125238550882283,0.125,9.49568417561491));
#9885=CARTESIAN_POINT('',(-0.124761449117717,0.125,9.49568417561491));
#9886=CARTESIAN_POINT('Origin',(-0.325103305762399,-0.319878215455679,9.14695491370534));
#9887=CARTESIAN_POINT('',(0.31489691312182,-0.315,9.15568395508331));
#9888=CARTESIAN_POINT('',(-0.12476144911772,-0.125,9.49568417561491));
#9889=CARTESIAN_POINT('Origin',(0.12036702814295,-0.325,9.50441734607014));
#9890=CARTESIAN_POINT('',(0.31489691312182,0.315,9.15568395508331));
#9891=CARTESIAN_POINT('Origin',(-0.325103305762397,0.120121784544321,9.50441360938624));
#9892=CARTESIAN_POINT('',(-0.315103085656283,0.315,9.15568474064317));
#9893=CARTESIAN_POINT('Origin',(-0.119876549536956,-0.325,9.50440987077839));
#9894=CARTESIAN_POINT('Origin',(0.120115100419239,-0.325,-3.20872569516347));
#9895=CARTESIAN_POINT('',(0.125000000000004,-0.125,-3.2));
#9896=CARTESIAN_POINT('',(0.125000000000004,0.125,-3.2));
#9897=CARTESIAN_POINT('',(0.125000000000004,-0.125,-3.2));
#9898=CARTESIAN_POINT('',(0.125000000000004,0.125,-3.2));
#9899=CARTESIAN_POINT('',(0.315341856644679,-0.315,-2.86000017186176));
#9900=CARTESIAN_POINT('Origin',(-0.32465814335532,0.319878215455679,-2.85127073809043));
#9901=CARTESIAN_POINT('',(-0.124999999999996,0.125,-3.2));
#9902=CARTESIAN_POINT('',(0.125000000000004,0.125,-3.2));
#9903=CARTESIAN_POINT('',(-0.124999999999996,0.125,-3.2));
#9904=CARTESIAN_POINT('Origin',(-0.120128477260666,-0.325,-3.20873317045523));
#9905=CARTESIAN_POINT('',(-0.124999999999996,-0.125,-3.2));
#9906=CARTESIAN_POINT('',(-0.124999999999996,0.125,-3.2));
#9907=CARTESIAN_POINT('',(-0.124999999999996,-0.125000000000001,-3.2));
#9908=CARTESIAN_POINT('Origin',(-0.324658143355321,-0.120121784544321,-3.20872943377133));
#9909=CARTESIAN_POINT('',(-0.124999999999996,-0.125,-3.2));
#9910=CARTESIAN_POINT('Origin',(-0.135,-0.135,-3.2));
#9911=CARTESIAN_POINT('',(-16.3402666672615,-0.730481301342412,35.6000000000105));
#9912=CARTESIAN_POINT('',(1.99999999999996,-1.75999999999996,9.85));
#9913=CARTESIAN_POINT('',(-12.9230951406487,17.287701036234,0.525678496398613));
#9914=UNCERTAINTY_MEASURE_WITH_UNIT(LENGTH_MEASURE(0.01),#9938,
'DISTANCE_ACCURACY_VALUE',
'Maximum model space distance between geometric entities at asserted c
onnectivities');
#9915=UNCERTAINTY_MEASURE_WITH_UNIT(LENGTH_MEASURE(0.01),#9938,
'DISTANCE_ACCURACY_VALUE',
'Maximum model space distance between geometric entities at asserted c
onnectivities');
#9916=UNCERTAINTY_MEASURE_WITH_UNIT(LENGTH_MEASURE(0.01),#9938,
'DISTANCE_ACCURACY_VALUE',
'Maximum model space distance between geometric entities at asserted c
onnectivities');
#9917=UNCERTAINTY_MEASURE_WITH_UNIT(LENGTH_MEASURE(0.01),#9938,
'DISTANCE_ACCURACY_VALUE',
'Maximum model space distance between geometric entities at asserted c
onnectivities');
#9918=UNCERTAINTY_MEASURE_WITH_UNIT(LENGTH_MEASURE(0.01),#9938,
'DISTANCE_ACCURACY_VALUE',
'Maximum model space distance between geometric entities at asserted c
onnectivities');
#9919=UNCERTAINTY_MEASURE_WITH_UNIT(LENGTH_MEASURE(0.01),#9938,
'DISTANCE_ACCURACY_VALUE',
'Maximum model space distance between geometric entities at asserted c
onnectivities');
#9920=UNCERTAINTY_MEASURE_WITH_UNIT(LENGTH_MEASURE(0.01),#9938,
'DISTANCE_ACCURACY_VALUE',
'Maximum model space distance between geometric entities at asserted c
onnectivities');
#9921=UNCERTAINTY_MEASURE_WITH_UNIT(LENGTH_MEASURE(0.01),#9938,
'DISTANCE_ACCURACY_VALUE',
'Maximum model space distance between geometric entities at asserted c
onnectivities');
#9922=UNCERTAINTY_MEASURE_WITH_UNIT(LENGTH_MEASURE(0.01),#9938,
'DISTANCE_ACCURACY_VALUE',
'Maximum model space distance between geometric entities at asserted c
onnectivities');
#9923=UNCERTAINTY_MEASURE_WITH_UNIT(LENGTH_MEASURE(0.01),#9938,
'DISTANCE_ACCURACY_VALUE',
'Maximum model space distance between geometric entities at asserted c
onnectivities');
#9924=UNCERTAINTY_MEASURE_WITH_UNIT(LENGTH_MEASURE(0.01),#9938,
'DISTANCE_ACCURACY_VALUE',
'Maximum model space distance between geometric entities at asserted c
onnectivities');
#9925=UNCERTAINTY_MEASURE_WITH_UNIT(LENGTH_MEASURE(0.01),#9938,
'DISTANCE_ACCURACY_VALUE',
'Maximum model space distance between geometric entities at asserted c
onnectivities');
#9926=(
GEOMETRIC_REPRESENTATION_CONTEXT(3)
GLOBAL_UNCERTAINTY_ASSIGNED_CONTEXT((#9914))
GLOBAL_UNIT_ASSIGNED_CONTEXT((#9938,#9940,#9941))
REPRESENTATION_CONTEXT('','3D')
);
#9927=(
GEOMETRIC_REPRESENTATION_CONTEXT(3)
GLOBAL_UNCERTAINTY_ASSIGNED_CONTEXT((#9915))
GLOBAL_UNIT_ASSIGNED_CONTEXT((#9938,#9940,#9941))
REPRESENTATION_CONTEXT('','3D')
);
#9928=(
GEOMETRIC_REPRESENTATION_CONTEXT(3)
GLOBAL_UNCERTAINTY_ASSIGNED_CONTEXT((#9916))
GLOBAL_UNIT_ASSIGNED_CONTEXT((#9938,#9940,#9941))
REPRESENTATION_CONTEXT('','3D')
);
#9929=(
GEOMETRIC_REPRESENTATION_CONTEXT(3)
GLOBAL_UNCERTAINTY_ASSIGNED_CONTEXT((#9917))
GLOBAL_UNIT_ASSIGNED_CONTEXT((#9938,#9940,#9941))
REPRESENTATION_CONTEXT('','3D')
);
#9930=(
GEOMETRIC_REPRESENTATION_CONTEXT(3)
GLOBAL_UNCERTAINTY_ASSIGNED_CONTEXT((#9918))
GLOBAL_UNIT_ASSIGNED_CONTEXT((#9938,#9940,#9941))
REPRESENTATION_CONTEXT('','3D')
);
#9931=(
GEOMETRIC_REPRESENTATION_CONTEXT(3)
GLOBAL_UNCERTAINTY_ASSIGNED_CONTEXT((#9919))
GLOBAL_UNIT_ASSIGNED_CONTEXT((#9938,#9940,#9941))
REPRESENTATION_CONTEXT('','3D')
);
#9932=(
GEOMETRIC_REPRESENTATION_CONTEXT(3)
GLOBAL_UNCERTAINTY_ASSIGNED_CONTEXT((#9920))
GLOBAL_UNIT_ASSIGNED_CONTEXT((#9938,#9940,#9941))
REPRESENTATION_CONTEXT('','3D')
);
#9933=(
GEOMETRIC_REPRESENTATION_CONTEXT(3)
GLOBAL_UNCERTAINTY_ASSIGNED_CONTEXT((#9921))
GLOBAL_UNIT_ASSIGNED_CONTEXT((#9938,#9940,#9941))
REPRESENTATION_CONTEXT('','3D')
);
#9934=(
GEOMETRIC_REPRESENTATION_CONTEXT(3)
GLOBAL_UNCERTAINTY_ASSIGNED_CONTEXT((#9922))
GLOBAL_UNIT_ASSIGNED_CONTEXT((#9938,#9940,#9941))
REPRESENTATION_CONTEXT('','3D')
);
#9935=(
GEOMETRIC_REPRESENTATION_CONTEXT(3)
GLOBAL_UNCERTAINTY_ASSIGNED_CONTEXT((#9923))
GLOBAL_UNIT_ASSIGNED_CONTEXT((#9938,#9940,#9941))
REPRESENTATION_CONTEXT('','3D')
);
#9936=(
GEOMETRIC_REPRESENTATION_CONTEXT(3)
GLOBAL_UNCERTAINTY_ASSIGNED_CONTEXT((#9924))
GLOBAL_UNIT_ASSIGNED_CONTEXT((#9938,#9940,#9941))
REPRESENTATION_CONTEXT('','3D')
);
#9937=(
GEOMETRIC_REPRESENTATION_CONTEXT(3)
GLOBAL_UNCERTAINTY_ASSIGNED_CONTEXT((#9925))
GLOBAL_UNIT_ASSIGNED_CONTEXT((#9938,#9940,#9941))
REPRESENTATION_CONTEXT('','3D')
);
#9938=(
LENGTH_UNIT()
NAMED_UNIT(*)
SI_UNIT(.MILLI.,.METRE.)
);
#9939=(
LENGTH_UNIT()
NAMED_UNIT(*)
SI_UNIT($,.METRE.)
);
#9940=(
NAMED_UNIT(*)
PLANE_ANGLE_UNIT()
SI_UNIT($,.RADIAN.)
);
#9941=(
NAMED_UNIT(*)
SI_UNIT($,.STERADIAN.)
SOLID_ANGLE_UNIT()
);
#9942=SHAPE_DEFINITION_REPRESENTATION(#9953,#9974);
#9943=SHAPE_DEFINITION_REPRESENTATION(#9954,#9975);
#9944=SHAPE_DEFINITION_REPRESENTATION(#9955,#9976);
#9945=SHAPE_DEFINITION_REPRESENTATION(#9957,#9977);
#9946=SHAPE_DEFINITION_REPRESENTATION(#9958,#9978);
#9947=SHAPE_DEFINITION_REPRESENTATION(#9959,#9979);
#9948=SHAPE_DEFINITION_REPRESENTATION(#9961,#9980);
#9949=SHAPE_DEFINITION_REPRESENTATION(#9962,#9981);
#9950=SHAPE_DEFINITION_REPRESENTATION(#9964,#9982);
#9951=SHAPE_DEFINITION_REPRESENTATION(#9965,#9983);
#9952=SHAPE_DEFINITION_REPRESENTATION(#9970,#9984);
#9953=PRODUCT_DEFINITION_SHAPE('',$,#9986);
#9954=PRODUCT_DEFINITION_SHAPE('',$,#9987);
#9955=PRODUCT_DEFINITION_SHAPE('',$,#9988);
#9956=PRODUCT_DEFINITION_SHAPE($,$,#81);
#9957=PRODUCT_DEFINITION_SHAPE('',$,#9989);
#9958=PRODUCT_DEFINITION_SHAPE('',$,#9990);
#9959=PRODUCT_DEFINITION_SHAPE('',$,#9991);
#9960=PRODUCT_DEFINITION_SHAPE($,$,#82);
#9961=PRODUCT_DEFINITION_SHAPE('',$,#9992);
#9962=PRODUCT_DEFINITION_SHAPE('',$,#9993);
#9963=PRODUCT_DEFINITION_SHAPE($,$,#83);
#9964=PRODUCT_DEFINITION_SHAPE('',$,#9994);
#9965=PRODUCT_DEFINITION_SHAPE('',$,#9995);
#9966=PRODUCT_DEFINITION_SHAPE($,$,#84);
#9967=PRODUCT_DEFINITION_SHAPE($,$,#85);
#9968=PRODUCT_DEFINITION_SHAPE($,$,#86);
#9969=PRODUCT_DEFINITION_SHAPE($,$,#87);
#9970=PRODUCT_DEFINITION_SHAPE('',$,#9996);
#9971=PRODUCT_DEFINITION_SHAPE($,$,#88);
#9972=PRODUCT_DEFINITION_SHAPE($,$,#89);
#9973=PRODUCT_DEFINITION_SHAPE($,$,#90);
#9974=SHAPE_REPRESENTATION('',(#6073,#6574,#6575,#6576),#9926);
#9975=SHAPE_REPRESENTATION('',(#6074,#6381),#9927);
#9976=SHAPE_REPRESENTATION('',(#6075),#9928);
#9977=SHAPE_REPRESENTATION('',(#6382,#6392,#6393,#6394),#9929);
#9978=SHAPE_REPRESENTATION('',(#6383,#6385),#9930);
#9979=SHAPE_REPRESENTATION('',(#6384),#9931);
#9980=SHAPE_REPRESENTATION('',(#6386,#6388),#9932);
#9981=SHAPE_REPRESENTATION('',(#6387),#9933);
#9982=SHAPE_REPRESENTATION('',(#6389,#6391),#9934);
#9983=SHAPE_REPRESENTATION('',(#6390),#9935);
#9984=SHAPE_REPRESENTATION('',(#6395,#47,#48,#49,#50),#9936);
#9985=PRODUCT_DEFINITION_CONTEXT('part definition',#10020,'design');
#9986=PRODUCT_DEFINITION('GY-NEO6MV2-withAnt',
'GY-NEO6MV2-withAnt v7 (1) v1',#9997,#9985);
#9987=PRODUCT_DEFINITION('GPS_ublox_board','GPS_ublox_board',#9998,#9985);
#9988=PRODUCT_DEFINITION('Component6','Component6',#9999,#9985);
#9989=PRODUCT_DEFINITION('A_GPS_ant v2','A_GPS_ant v2',#10000,#9985);
#9990=PRODUCT_DEFINITION('GPS_board','GPS_board',#10001,#9985);
#9991=PRODUCT_DEFINITION('Component7','Component7',#10002,#9985);
#9992=PRODUCT_DEFINITION('GPS_ant','GPS_ant',#10003,#9985);
#9993=PRODUCT_DEFINITION('Component8','Component8',#10004,#9985);
#9994=PRODUCT_DEFINITION('GPS_back','GPS_back',#10005,#9985);
#9995=PRODUCT_DEFINITION('Component9','Component9',#10006,#9985);
#9996=PRODUCT_DEFINITION('Pin Header 1x4 TH Pitch 2.54mm',
'Pin Header 1x4 TH Pitch 2.54mm v1',#10007,#9985);
#9997=PRODUCT_DEFINITION_FORMATION('',$,#10022);
#9998=PRODUCT_DEFINITION_FORMATION('',$,#10023);
#9999=PRODUCT_DEFINITION_FORMATION('',$,#10024);
#10000=PRODUCT_DEFINITION_FORMATION('',$,#10025);
#10001=PRODUCT_DEFINITION_FORMATION('',$,#10026);
#10002=PRODUCT_DEFINITION_FORMATION('',$,#10027);
#10003=PRODUCT_DEFINITION_FORMATION('',$,#10028);
#10004=PRODUCT_DEFINITION_FORMATION('',$,#10029);
#10005=PRODUCT_DEFINITION_FORMATION('',$,#10030);
#10006=PRODUCT_DEFINITION_FORMATION('',$,#10031);
#10007=PRODUCT_DEFINITION_FORMATION('',$,#10032);
#10008=PRODUCT_RELATED_PRODUCT_CATEGORY('GY-NEO6MV2-withAnt v7 (1) v1',
'GY-NEO6MV2-withAnt v7 (1) v1',(#10022));
#10009=PRODUCT_RELATED_PRODUCT_CATEGORY('GPS_ublox_board',
'GPS_ublox_board',(#10023));
#10010=PRODUCT_RELATED_PRODUCT_CATEGORY('Component6','Component6',(#10024));
#10011=PRODUCT_RELATED_PRODUCT_CATEGORY('A_GPS_ant v2','A_GPS_ant v2',(#10025));
#10012=PRODUCT_RELATED_PRODUCT_CATEGORY('GPS_board','GPS_board',(#10026));
#10013=PRODUCT_RELATED_PRODUCT_CATEGORY('Component7','Component7',(#10027));
#10014=PRODUCT_RELATED_PRODUCT_CATEGORY('GPS_ant','GPS_ant',(#10028));
#10015=PRODUCT_RELATED_PRODUCT_CATEGORY('Component8','Component8',(#10029));
#10016=PRODUCT_RELATED_PRODUCT_CATEGORY('GPS_back','GPS_back',(#10030));
#10017=PRODUCT_RELATED_PRODUCT_CATEGORY('Component9','Component9',(#10031));
#10018=PRODUCT_RELATED_PRODUCT_CATEGORY(
'Pin Header 1x4 TH Pitch 2.54mm v1','Pin Header 1x4 TH Pitch 2.54mm v1',
(#10032));
#10019=APPLICATION_PROTOCOL_DEFINITION('international standard',
'automotive_design',2009,#10020);
#10020=APPLICATION_CONTEXT(
'Core Data for Automotive Mechanical Design Process');
#10021=PRODUCT_CONTEXT('part definition',#10020,'mechanical');
#10022=PRODUCT('GY-NEO6MV2-withAnt','GY-NEO6MV2-withAnt v7 (1) v1',$,(#10021));
#10023=PRODUCT('GPS_ublox_board','GPS_ublox_board',$,(#10021));
#10024=PRODUCT('Component6','Component6',$,(#10021));
#10025=PRODUCT('A_GPS_ant v2','A_GPS_ant v2',$,(#10021));
#10026=PRODUCT('GPS_board','GPS_board',$,(#10021));
#10027=PRODUCT('Component7','Component7',$,(#10021));
#10028=PRODUCT('GPS_ant','GPS_ant',$,(#10021));
#10029=PRODUCT('Component8','Component8',$,(#10021));
#10030=PRODUCT('GPS_back','GPS_back',$,(#10021));
#10031=PRODUCT('Component9','Component9',$,(#10021));
#10032=PRODUCT('Pin Header 1x4 TH Pitch 2.54mm',
'Pin Header 1x4 TH Pitch 2.54mm v1',$,(#10021));
#10033=PRESENTATION_STYLE_ASSIGNMENT((#10044));
#10034=PRESENTATION_STYLE_ASSIGNMENT((#10045));
#10035=PRESENTATION_STYLE_ASSIGNMENT((#10046));
#10036=PRESENTATION_STYLE_ASSIGNMENT((#10047));
#10037=PRESENTATION_STYLE_ASSIGNMENT((#10048));
#10038=PRESENTATION_STYLE_ASSIGNMENT((#10049));
#10039=PRESENTATION_STYLE_ASSIGNMENT((#10050));
#10040=PRESENTATION_STYLE_ASSIGNMENT((#10051));
#10041=PRESENTATION_STYLE_ASSIGNMENT((#10052));
#10042=PRESENTATION_STYLE_ASSIGNMENT((#10053));
#10043=PRESENTATION_STYLE_ASSIGNMENT((#10054));
#10044=SURFACE_STYLE_USAGE(.BOTH.,#10055);
#10045=SURFACE_STYLE_USAGE(.BOTH.,#10056);
#10046=SURFACE_STYLE_USAGE(.BOTH.,#10057);
#10047=SURFACE_STYLE_USAGE(.BOTH.,#10058);
#10048=SURFACE_STYLE_USAGE(.BOTH.,#10059);
#10049=SURFACE_STYLE_USAGE(.BOTH.,#10060);
#10050=SURFACE_STYLE_USAGE(.BOTH.,#10061);
#10051=SURFACE_STYLE_USAGE(.BOTH.,#10062);
#10052=SURFACE_STYLE_USAGE(.BOTH.,#10063);
#10053=SURFACE_STYLE_USAGE(.BOTH.,#10064);
#10054=SURFACE_STYLE_USAGE(.BOTH.,#10065);
#10055=SURFACE_SIDE_STYLE('',(#10066));
#10056=SURFACE_SIDE_STYLE('',(#10067));
#10057=SURFACE_SIDE_STYLE('',(#10068));
#10058=SURFACE_SIDE_STYLE('',(#10069));
#10059=SURFACE_SIDE_STYLE('',(#10070));
#10060=SURFACE_SIDE_STYLE('',(#10071));
#10061=SURFACE_SIDE_STYLE('',(#10072));
#10062=SURFACE_SIDE_STYLE('',(#10073));
#10063=SURFACE_SIDE_STYLE('',(#10074));
#10064=SURFACE_SIDE_STYLE('',(#10075));
#10065=SURFACE_SIDE_STYLE('',(#10076));
#10066=SURFACE_STYLE_FILL_AREA(#10077);
#10067=SURFACE_STYLE_FILL_AREA(#10078);
#10068=SURFACE_STYLE_FILL_AREA(#10079);
#10069=SURFACE_STYLE_FILL_AREA(#10080);
#10070=SURFACE_STYLE_FILL_AREA(#10081);
#10071=SURFACE_STYLE_FILL_AREA(#10082);
#10072=SURFACE_STYLE_FILL_AREA(#10083);
#10073=SURFACE_STYLE_FILL_AREA(#10084);
#10074=SURFACE_STYLE_FILL_AREA(#10085);
#10075=SURFACE_STYLE_FILL_AREA(#10086);
#10076=SURFACE_STYLE_FILL_AREA(#10087);
#10077=FILL_AREA_STYLE('A\X\E7o - Acetinado',(#10088));
#10078=FILL_AREA_STYLE('Opaque(48,59,150)',(#10089));
#10079=FILL_AREA_STYLE('Opaque(18,18,18)',(#10090));
#10080=FILL_AREA_STYLE('Opaque(255,244,226)',(#10091));
#10081=FILL_AREA_STYLE('Opaque(255,255,255)',(#10092));
#10082=FILL_AREA_STYLE('Opaque(211,170,33)',(#10093));
#10083=FILL_AREA_STYLE('Opaque(255,242,228)',(#10094));
#10084=FILL_AREA_STYLE('Opaque(0,0,75)',(#10095));
#10085=FILL_AREA_STYLE('Opaque(255,193,144)',(#10096));
#10086=FILL_AREA_STYLE('Opaque(59,59,59)',(#10097));
#10087=FILL_AREA_STYLE('Opaque(255,191,0)',(#10098));
#10088=FILL_AREA_STYLE_COLOUR('A\X\E7o - Acetinado',#10099);
#10089=FILL_AREA_STYLE_COLOUR('Opaque(48,59,150)',#10100);
#10090=FILL_AREA_STYLE_COLOUR('Opaque(18,18,18)',#10101);
#10091=FILL_AREA_STYLE_COLOUR('Opaque(255,244,226)',#10102);
#10092=FILL_AREA_STYLE_COLOUR('Opaque(255,255,255)',#10103);
#10093=FILL_AREA_STYLE_COLOUR('Opaque(211,170,33)',#10104);
#10094=FILL_AREA_STYLE_COLOUR('Opaque(255,242,228)',#10105);
#10095=FILL_AREA_STYLE_COLOUR('Opaque(0,0,75)',#10106);
#10096=FILL_AREA_STYLE_COLOUR('Opaque(255,193,144)',#10107);
#10097=FILL_AREA_STYLE_COLOUR('Opaque(59,59,59)',#10108);
#10098=FILL_AREA_STYLE_COLOUR('Opaque(255,191,0)',#10109);
#10099=COLOUR_RGB('A\X\E7o - Acetinado',0.627450980392157,0.627450980392157,
0.627450980392157);
#10100=COLOUR_RGB('Opaque(48,59,150)',0.188235294117647,0.231372549019608,
0.588235294117647);
#10101=COLOUR_RGB('Opaque(18,18,18)',0.0705882352941176,0.0705882352941176,
0.0705882352941176);
#10102=COLOUR_RGB('Opaque(255,244,226)',1.,0.956862745098039,0.886274509803922);
#10103=COLOUR_RGB('Opaque(255,255,255)',1.,1.,1.);
#10104=COLOUR_RGB('Opaque(211,170,33)',0.827450980392157,0.666666666666667,
0.129411764705882);
#10105=COLOUR_RGB('Opaque(255,242,228)',1.,0.949019607843137,0.894117647058824);
#10106=COLOUR_RGB('Opaque(0,0,75)',0.,0.,0.294117647058824);
#10107=COLOUR_RGB('Opaque(255,193,144)',1.,0.756862745098039,0.564705882352941);
#10108=COLOUR_RGB('Opaque(59,59,59)',0.231372549019608,0.231372549019608,
0.231372549019608);
#10109=COLOUR_RGB('Opaque(255,191,0)',1.,0.749019607843137,0.);
ENDSEC;
END-ISO-10303-21;
