ISO-10303-21;
HEADER;
FILE_DESCRIPTION (( 'STEP AP214' ),
    '1' );
FILE_NAME ('ss12d10.STEP',
    '2025-11-17T10:08:12',
    ( '' ),
    ( '' ),
    'SwSTEP 2.0',
    'SolidWorks 2025',
    '' );
FILE_SCHEMA (( 'AUTOMOTIVE_DESIGN' ));
ENDSEC;

DATA;
#1 = CARTESIAN_POINT ( 'NONE',  ( -2.000000000000000000, 5.100000000000000533, 0.5999999999999999778 ) ) ;
#2 = ORIENTED_EDGE ( 'NONE', *, *, #5565, .T. ) ;
#3 = SURFACE_STYLE_USAGE ( .BOTH. , #4763 ) ;
#4 = CARTESIAN_POINT ( 'NONE',  ( -2.350000000000000089, -5.549999999999999822, 0.2999999999999999889 ) ) ;
#5 = CARTESIAN_POINT ( 'NONE',  ( 8.000000000000000000, 6.349999999999999645, 6.400000000000000355 ) ) ;
#6 = VERTEX_POINT ( 'NONE', #708 ) ;
#7 = ORIENTED_EDGE ( 'NONE', *, *, #1711, .F. ) ;
#8 = PLANE ( 'NONE',  #3828 ) ;
#9 = LINE ( 'NONE', #4293, #2108 ) ;
#10 = EDGE_LOOP ( 'NONE', ( #1988, #1088, #742, #699, #2006, #5817, #1487, #4364, #5298, #4272, #5440, #5197, #1782, #6001, #4238, #168 ) ) ;
#11 = VECTOR ( 'NONE', #4060, 1000.000000000000000 ) ;
#12 = ORIENTED_EDGE ( 'NONE', *, *, #5761, .F. ) ;
#13 = DIRECTION ( 'NONE',  ( 4.230397133684119468E-32, 1.000000000000000000, -6.993530863780509846E-17 ) ) ;
#14 = DIRECTION ( 'NONE',  ( -5.887021680753820015E-32, -1.000000000000000000, -4.440892098500630106E-16 ) ) ;
#15 = PLANE ( 'NONE',  #6101 ) ;
#16 = VECTOR ( 'NONE', #1354, 1000.000000000000000 ) ;
#17 = VECTOR ( 'NONE', #3583, 1000.000000000000000 ) ;
#18 = ORIENTED_EDGE ( 'NONE', *, *, #2011, .T. ) ;
#19 = LINE ( 'NONE', #4185, #252 ) ;
#20 = ADVANCED_FACE ( 'NONE', ( #2493 ), #116, .F. ) ;
#21 = DIRECTION ( 'NONE',  ( 4.828701410950328795E-16, -0.7578781441660208396, 0.6523961362511798701 ) ) ;
#22 = LINE ( 'NONE', #1908, #4519 ) ;
#23 = PRODUCT_DEFINITION_FORMATION_WITH_SPECIFIED_SOURCE ( 'ANY', '', #4267, .NOT_KNOWN. ) ;
#24 = EDGE_LOOP ( 'NONE', ( #5468, #362, #1805, #4960 ) ) ;
#26 = DIRECTION ( 'NONE',  ( -1.000000000000000000, 0.000000000000000000, 0.000000000000000000 ) ) ;
#25 = VECTOR ( 'NONE', #5394, 1000.000000000000000 ) ;
#27 = VECTOR ( 'NONE', #4806, 1000.000000000000000 ) ;
#28 = DIRECTION ( 'NONE',  ( -1.138690281666829832E-16, 0.000000000000000000, -1.000000000000000000 ) ) ;
#29 = CARTESIAN_POINT ( 'NONE',  ( 3.350000000000000089, 2.600000000000000089, 2.600000000000000089 ) ) ;
#30 = VECTOR ( 'NONE', #5238, 1000.000000000000000 ) ;
#31 = EDGE_CURVE ( 'NONE', #1408, #4831, #620, .T. ) ;
#32 = ADVANCED_FACE ( 'NONE', ( #5863 ), #5549, .T. ) ;
#33 = EDGE_CURVE ( 'NONE', #3264, #1830, #1352, .T. ) ;
#34 = EDGE_CURVE ( 'NONE', #3528, #1381, #4581, .T. ) ;
#35 = LINE ( 'NONE', #2879, #825 ) ;
#36 = EDGE_CURVE ( 'NONE', #2705, #5602, #2777, .T. ) ;
#37 = VERTEX_POINT ( 'NONE', #4611 ) ;
#38 = LINE ( 'NONE', #2973, #1254 ) ;
#39 = AXIS2_PLACEMENT_3D ( 'NONE', #2694, #150, #4596 ) ;
#40 = FACE_OUTER_BOUND ( 'NONE', #1614, .T. ) ;
#41 = VECTOR ( 'NONE', #1296, 1000.000000000000000 ) ;
#42 = ORIENTED_EDGE ( 'NONE', *, *, #604, .T. ) ;
#43 = ORIENTED_EDGE ( 'NONE', *, *, #4693, .F. ) ;
#44 = DIRECTION ( 'NONE',  ( 5.551115123125780730E-16, 0.000000000000000000, -1.000000000000000000 ) ) ;
#45 = VECTOR ( 'NONE', #1508, 1000.000000000000000 ) ;
#46 = DIRECTION ( 'NONE',  ( 1.000000000000000000, 0.000000000000000000, 0.000000000000000000 ) ) ;
#47 = ORIENTED_EDGE ( 'NONE', *, *, #3457, .T. ) ;
#48 = CIRCLE ( 'NONE', #3040, 1.000000000000000000 ) ;
#49 = ORIENTED_EDGE ( 'NONE', *, *, #4230, .T. ) ;
#50 = PLANE ( 'NONE',  #6146 ) ;
#51 = SURFACE_STYLE_USAGE ( .BOTH. , #4332 ) ;
#52 = CARTESIAN_POINT ( 'NONE',  ( 1.949999999999999956, -5.000000000000000000, 1.600000000000000089 ) ) ;
#53 = AXIS2_PLACEMENT_3D ( 'NONE', #286, #3159, #5527 ) ;
#54 = AXIS2_PLACEMENT_3D ( 'NONE', #4948, #2052, #1518 ) ;
#55 = ORIENTED_EDGE ( 'NONE', *, *, #3808, .F. ) ;
#56 = DIRECTION ( 'NONE',  ( -2.337311630789800155E-16, 0.000000000000000000, 1.000000000000000000 ) ) ;
#57 = CARTESIAN_POINT ( 'NONE',  ( -2.299999999999999822, 4.740000000000000213, 0.5999999999999999778 ) ) ;
#58 = PLANE ( 'NONE',  #6120 ) ;
#59 =( GEOMETRIC_REPRESENTATION_CONTEXT ( 3 ) GLOBAL_UNCERTAINTY_ASSIGNED_CONTEXT ( ( #5775 ) ) GLOBAL_UNIT_ASSIGNED_CONTEXT ( ( #1846, #1441, #5767 ) ) REPRESENTATION_CONTEXT ( 'NONE', 'WORKASPACE' ) );
#60 = ORIENTED_EDGE ( 'NONE', *, *, #1835, .F. ) ;
#61 = FACE_OUTER_BOUND ( 'NONE', #4264, .T. ) ;
#62 = DIRECTION ( 'NONE',  ( 1.000000000000000000, 0.000000000000000000, 0.000000000000000000 ) ) ;
#63 = DIRECTION ( 'NONE',  ( 0.000000000000000000, 0.000000000000000000, 1.000000000000000000 ) ) ;
#64 = VECTOR ( 'NONE', #1771, 1000.000000000000000 ) ;
#65 = VERTEX_POINT ( 'NONE', #1741 ) ;
#66 = DIRECTION ( 'NONE',  ( 0.000000000000000000, 1.000000000000000000, 0.000000000000000000 ) ) ;
#67 = ORIENTED_EDGE ( 'NONE', *, *, #4615, .T. ) ;
#68 = DIRECTION ( 'NONE',  ( 0.000000000000000000, -1.000000000000000000, 0.000000000000000000 ) ) ;
#69 = ORIENTED_EDGE ( 'NONE', *, *, #1796, .T. ) ;
#70 = ADVANCED_FACE ( 'NONE', ( #2678 ), #4076, .F. ) ;
#71 = ADVANCED_FACE ( 'NONE', ( #2272 ), #1686, .T. ) ;
#72 = EDGE_CURVE ( 'NONE', #2190, #5941, #5982, .T. ) ;
#73 = EDGE_CURVE ( 'NONE', #2640, #3528, #2743, .T. ) ;
#74 = ORIENTED_EDGE ( 'NONE', *, *, #3456, .T. ) ;
#75 = ORIENTED_EDGE ( 'NONE', *, *, #5452, .F. ) ;
#76 = PLANE ( 'NONE',  #4128 ) ;
#77 = EDGE_CURVE ( 'NONE', #515, #5721, #373, .T. ) ;
#78 = DIRECTION ( 'NONE',  ( -1.000000000000000000, 0.000000000000000000, 0.000000000000000000 ) ) ;
#79 = ORIENTED_EDGE ( 'NONE', *, *, #2332, .T. ) ;
#80 = ORIENTED_EDGE ( 'NONE', *, *, #1758, .F. ) ;
#81 = DIRECTION ( 'NONE',  ( 0.1321637200910179555, 0.000000000000000000, 0.9912279006826346661 ) ) ;
#82 = CARTESIAN_POINT ( 'NONE',  ( 3.350000000000000089, -8.881784197001250351E-16, 9.558407044966669375 ) ) ;
#83 = DIRECTION ( 'NONE',  ( -1.000000000000000000, -1.224646799147350002E-16, 0.000000000000000000 ) ) ;
#84 = EDGE_LOOP ( 'NONE', ( #93, #1282, #4922, #2309 ) ) ;
#85 = CARTESIAN_POINT ( 'NONE',  ( -2.000000000000000000, -5.200000000000000178, 0.2000000000000000111 ) ) ;
#86 = DIRECTION ( 'NONE',  ( -8.881784197001250351E-16, -0.8000000000000000444, -0.5999999999999999778 ) ) ;
#87 = DIRECTION ( 'NONE',  ( 7.569702440626069226E-17, 0.000000000000000000, -1.000000000000000000 ) ) ;
#88 = EDGE_LOOP ( 'NONE', ( #3188, #2682, #4939, #2568 ) ) ;
#89 = PLANE ( 'NONE',  #249 ) ;
#90 =( NAMED_UNIT ( * ) PLANE_ANGLE_UNIT ( ) SI_UNIT ( $, .RADIAN. ) );
#91 = CARTESIAN_POINT ( 'NONE',  ( -1.949999999999999956, 0.9499999999999999556, 5.500000000000000000 ) ) ;
#92 = DIRECTION ( 'NONE',  ( 0.6401843996644799306, 0.000000000000000000, -0.7682212795973758501 ) ) ;
#93 = ORIENTED_EDGE ( 'NONE', *, *, #4242, .F. ) ;
#94 = DIRECTION ( 'NONE',  ( 1.000000000000000000, 0.000000000000000000, 0.000000000000000000 ) ) ;
#95 = VERTEX_POINT ( 'NONE', #1284 ) ;
#96 = CARTESIAN_POINT ( 'NONE',  ( -0.2400000000000000189, -5.000000000000000000, 3.000000000000000000 ) ) ;
#97 = ORIENTED_EDGE ( 'NONE', *, *, #4732, .F. ) ;
#98 = ADVANCED_FACE ( 'NONE', ( #4146 ), #3640, .F. ) ;
#99 = VERTEX_POINT ( 'NONE', #3207 ) ;
#100 = FACE_OUTER_BOUND ( 'NONE', #4837, .T. ) ;
#101 = LINE ( 'NONE', #490, #2336 ) ;
#102 = VERTEX_POINT ( 'NONE', #4550 ) ;
#103 = EDGE_CURVE ( 'NONE', #729, #1214, #747, .T. ) ;
#104 = EDGE_CURVE ( 'NONE', #2597, #1649, #779, .T. ) ;
#105 = ADVANCED_FACE ( 'NONE', ( #5614 ), #5581, .F. ) ;
#106 = EDGE_LOOP ( 'NONE', ( #4196, #4402, #654, #3577 ) ) ;
#107 = CARTESIAN_POINT ( 'NONE',  ( -0.9000000000000000222, 0.4000000000000000222, -0.4000000000000000222 ) ) ;
#108 = DIRECTION ( 'NONE',  ( 0.000000000000000000, 1.000000000000000000, 0.000000000000000000 ) ) ;
#109 = LINE ( 'NONE', #524, #5511 ) ;
#110 = VERTEX_POINT ( 'NONE', #6082 ) ;
#111 = FACE_OUTER_BOUND ( 'NONE', #2275, .T. ) ;
#112 = DIRECTION ( 'NONE',  ( 0.000000000000000000, 0.000000000000000000, -1.000000000000000000 ) ) ;
#113 = CARTESIAN_POINT ( 'NONE',  ( 2.949999999999999734, 1.000000000000000000, 1.558407044966670041 ) ) ;
#114 = ORIENTED_EDGE ( 'NONE', *, *, #2935, .T. ) ;
#115 = DIRECTION ( 'NONE',  ( 0.000000000000000000, -1.000000000000000000, 0.000000000000000000 ) ) ;
#116 = PLANE ( 'NONE',  #970 ) ;
#117 = CARTESIAN_POINT ( 'NONE',  ( 1.949999999999999956, -5.000000000000000000, 5.500000000000000000 ) ) ;
#118 = VECTOR ( 'NONE', #2194, 1000.000000000000000 ) ;
#119 = VECTOR ( 'NONE', #4564, 1000.000000000000000 ) ;
#120 = VECTOR ( 'NONE', #3547, 1000.000000000000000 ) ;
#121 = LINE ( 'NONE', #3453, #2328 ) ;
#122 = VERTEX_POINT ( 'NONE', #877 ) ;
#123 = VECTOR ( 'NONE', #5633, 1000.000000000000000 ) ;
#124 = MANIFOLD_SOLID_BREP ( 'ss12d10.stp<1>[2]', #2453 ) ;
#125 = AXIS2_PLACEMENT_3D ( 'NONE', #2281, #6191, #4184 ) ;
#126 = VECTOR ( 'NONE', #6122, 1000.000000000000000 ) ;
#127 = DIRECTION ( 'NONE',  ( -8.074349270001139933E-17, -1.000000000000000000, 0.000000000000000000 ) ) ;
#128 = ORIENTED_EDGE ( 'NONE', *, *, #386, .T. ) ;
#129 = LINE ( 'NONE', #3959, #5242 ) ;
#130 = EDGE_LOOP ( 'NONE', ( #3374, #2903, #2982, #4376, #1896, #5537, #2250, #2122 ) ) ;
#131 = VECTOR ( 'NONE', #3861, 1000.000000000000000 ) ;
#132 = CARTESIAN_POINT ( 'NONE',  ( 2.000000000000000000, 4.740000000000000213, 0.2999999999999999889 ) ) ;
#133 = ORIENTED_EDGE ( 'NONE', *, *, #1148, .F. ) ;
#134 = VERTEX_POINT ( 'NONE', #4298 ) ;
#135 = FACE_OUTER_BOUND ( 'NONE', #518, .T. ) ;
#136 = CARTESIAN_POINT ( 'NONE',  ( -2.299999999999999822, 0.2599999999999999534, 0.5999999999999999778 ) ) ;
#137 = VECTOR ( 'NONE', #6100, 1000.000000000000000 ) ;
#138 = EDGE_LOOP ( 'NONE', ( #2668, #4855, #5752, #6150 ) ) ;
#139 = ORIENTED_EDGE ( 'NONE', *, *, #1709, .F. ) ;
#140 = DIRECTION ( 'NONE',  ( 0.6401843996644799306, 0.000000000000000000, 0.7682212795973758501 ) ) ;
#141 = PLANE ( 'NONE',  #2859 ) ;
#142 = LINE ( 'NONE', #5918, #1637 ) ;
#143 = EDGE_CURVE ( 'NONE', #3285, #4537, #1807, .T. ) ;
#144 = EDGE_CURVE ( 'NONE', #2979, #3264, #471, .T. ) ;
#145 = EDGE_CURVE ( 'NONE', #2923, #1668, #1067, .T. ) ;
#146 = EDGE_CURVE ( 'NONE', #2491, #4473, #5292, .T. ) ;
#147 = VECTOR ( 'NONE', #512, 1000.000000000000000 ) ;
#148 = ORIENTED_EDGE ( 'NONE', *, *, #5409, .F. ) ;
#149 = CYLINDRICAL_SURFACE ( 'NONE', #3488, 0.6500000000000003553 ) ;
#150 = DIRECTION ( 'NONE',  ( 2.465190328815656965E-32, -0.5999999999999999778, 0.8000000000000000444 ) ) ;
#151 = ORIENTED_EDGE ( 'NONE', *, *, #1388, .F. ) ;
#152 = CARTESIAN_POINT ( 'NONE',  ( -0.9000000000000000222, 0.4000000000000000222, -0.4000000000000000222 ) ) ;
#153 = VECTOR ( 'NONE', #3649, 1000.000000000000114 ) ;
#154 = CARTESIAN_POINT ( 'NONE',  ( -2.000000000000000000, 4.200000000000000178, 0.2999999999999999889 ) ) ;
#155 = FACE_OUTER_BOUND ( 'NONE', #2914, .T. ) ;
#156 = VECTOR ( 'NONE', #3768, 1000.000000000000000 ) ;
#157 = VECTOR ( 'NONE', #5881, 1000.000000000000000 ) ;
#158 = FACE_OUTER_BOUND ( 'NONE', #601, .T. ) ;
#159 = EDGE_LOOP ( 'NONE', ( #5474, #557, #4249, #306 ) ) ;
#160 = DIRECTION ( 'NONE',  ( 4.930380657631313384E-32, 0.5999999999999999778, 0.8000000000000000444 ) ) ;
#161 = ORIENTED_EDGE ( 'NONE', *, *, #2211, .F. ) ;
#162 = VECTOR ( 'NONE', #1545, 1000.000000000000000 ) ;
#163 = DIRECTION ( 'NONE',  ( 4.930380657631324879E-32, -0.6507913734559702679, 0.7592566023652952412 ) ) ;
#164 = ORIENTED_EDGE ( 'NONE', *, *, #1759, .T. ) ;
#165 = VERTEX_POINT ( 'NONE', #5737 ) ;
#166 = FACE_OUTER_BOUND ( 'NONE', #4702, .T. ) ;
#167 = CARTESIAN_POINT ( 'NONE',  ( -0.6500000000000000222, 0.4000000000000000222, -0.6999999999999999556 ) ) ;
#168 = ORIENTED_EDGE ( 'NONE', *, *, #2406, .T. ) ;
#169 = ORIENTED_EDGE ( 'NONE', *, *, #1948, .T. ) ;
#170 = LINE ( 'NONE', #5387, #971 ) ;
#171 = FACE_OUTER_BOUND ( 'NONE', #869, .T. ) ;
#172 = DIRECTION ( 'NONE',  ( -7.930164461608259947E-17, 0.000000000000000000, -1.000000000000000000 ) ) ;
#173 = MANIFOLD_SOLID_BREP ( 'ss12d10.stp<1>[7]', #2853 ) ;
#174 = ORIENTED_EDGE ( 'NONE', *, *, #2136, .T. ) ;
#175 = DIRECTION ( 'NONE',  ( -1.000000000000000000, -8.340016711426956521E-17, 0.000000000000000000 ) ) ;
#176 = CARTESIAN_POINT ( 'NONE',  ( 3.350000000000000089, 0.8000000000000000444, 2.500000000000000000 ) ) ;
#177 = EDGE_CURVE ( 'NONE', #1410, #1201, #3300, .T. ) ;
#178 = ADVANCED_FACE ( 'NONE', ( #2371 ), #3360, .T. ) ;
#179 = ORIENTED_EDGE ( 'NONE', *, *, #491, .T. ) ;
#180 = LINE ( 'NONE', #3450, #3526 ) ;
#181 = DIRECTION ( 'NONE',  ( 1.000000000000000000, 0.000000000000000000, 0.000000000000000000 ) ) ;
#182 = CARTESIAN_POINT ( 'NONE',  ( 3.350000000000000089, 1.000000000000000000, 3.558407044966669819 ) ) ;
#183 = PLANE ( 'NONE',  #216 ) ;
#184 = DIRECTION ( 'NONE',  ( 8.460794267368238936E-32, 1.000000000000000000, 1.398706172756099997E-16 ) ) ;
#185 = ORIENTED_EDGE ( 'NONE', *, *, #5867, .F. ) ;
#186 = EDGE_CURVE ( 'NONE', #3542, #992, #3860, .T. ) ;
#187 = CARTESIAN_POINT ( 'NONE',  ( -4.999999999999999112, -4.300000000000000711, -6.349999999999999645 ) ) ;
#188 = ADVANCED_FACE ( 'NONE', ( #1026 ), #4801, .T. ) ;
#189 = ORIENTED_EDGE ( 'NONE', *, *, #5261, .F. ) ;
#190 = DIRECTION ( 'NONE',  ( 8.540177112501210301E-16, -1.000000000000000000, 0.000000000000000000 ) ) ;
#191 = ORIENTED_EDGE ( 'NONE', *, *, #186, .T. ) ;
#192 = ORIENTED_EDGE ( 'NONE', *, *, #2474, .T. ) ;
#193 = FACE_OUTER_BOUND ( 'NONE', #5325, .T. ) ;
#194 = LINE ( 'NONE', #5041, #119 ) ;
#195 = CARTESIAN_POINT ( 'NONE',  ( -2.000000000000000000, -3.100000000000000089, 6.400000000000000355 ) ) ;
#196 = ORIENTED_EDGE ( 'NONE', *, *, #5759, .F. ) ;
#197 = ORIENTED_EDGE ( 'NONE', *, *, #1386, .T. ) ;
#198 = DIRECTION ( 'NONE',  ( 0.000000000000000000, 1.000000000000000000, 2.960594732333750117E-16 ) ) ;
#199 = SURFACE_STYLE_USAGE ( .BOTH. , #4479 ) ;
#200 = LINE ( 'NONE', #5451, #519 ) ;
#201 = MANIFOLD_SOLID_BREP ( 'ss12d10.stp<1>[1]', #4147 ) ;
#202 = ORIENTED_EDGE ( 'NONE', *, *, #4990, .F. ) ;
#203 = DIRECTION ( 'NONE',  ( 1.000000000000000000, -8.074349270001139933E-17, 0.000000000000000000 ) ) ;
#204 = ORIENTED_EDGE ( 'NONE', *, *, #1792, .T. ) ;
#205 = DIRECTION ( 'NONE',  ( 0.000000000000000000, 0.000000000000000000, -1.000000000000000000 ) ) ;
#206 = CARTESIAN_POINT ( 'NONE',  ( 0.2400000000000000189, 0.000000000000000000, -2.939152317953649817E-17 ) ) ;
#207 = PLANE ( 'NONE',  #2812 ) ;
#208 = ORIENTED_EDGE ( 'NONE', *, *, #687, .F. ) ;
#209 = DIRECTION ( 'NONE',  ( 6.993530863780509846E-17, 1.000000000000000000, 0.000000000000000000 ) ) ;
#210 = VECTOR ( 'NONE', #803, 1000.000000000000000 ) ;
#211 = ORIENTED_EDGE ( 'NONE', *, *, #3960, .F. ) ;
#212 = DIRECTION ( 'NONE',  ( -2.220446049250310320E-15, 4.440892098500620640E-15, 1.000000000000000000 ) ) ;
#213 = ORIENTED_EDGE ( 'NONE', *, *, #5073, .T. ) ;
#214 = CARTESIAN_POINT ( 'NONE',  ( 2.350000000000000089, -5.259999999999999787, 0.2999999999999999889 ) ) ;
#215 = EDGE_CURVE ( 'NONE', #99, #1940, #5182, .T. ) ;
#216 = AXIS2_PLACEMENT_3D ( 'NONE', #4734, #2826, #5232 ) ;
#217 = EDGE_CURVE ( 'NONE', #5854, #1695, #612, .T. ) ;
#218 = ADVANCED_FACE ( 'NONE', ( #3471 ), #3016, .T. ) ;
#219 = VECTOR ( 'NONE', #2254, 1000.000000000000000 ) ;
#220 = VECTOR ( 'NONE', #2042, 1000.000000000000000 ) ;
#221 = EDGE_CURVE ( 'NONE', #2105, #5813, #2064, .T. ) ;
#222 = CARTESIAN_POINT ( 'NONE',  ( -2.350000000000000089, -5.549999999999999822, 0.000000000000000000 ) ) ;
#223 = ORIENTED_EDGE ( 'NONE', *, *, #5065, .F. ) ;
#224 = EDGE_LOOP ( 'NONE', ( #3726, #55, #5971, #1426 ) ) ;
#225 = CARTESIAN_POINT ( 'NONE',  ( 2.350000000000000089, 0.2599999999999999534, 0.2999999999999999889 ) ) ;
#226 = CARTESIAN_POINT ( 'NONE',  ( 2.000000000000000000, 3.100000000000000089, 6.400000000000000355 ) ) ;
#227 = VECTOR ( 'NONE', #3369, 1000.000000000000000 ) ;
#228 = VECTOR ( 'NONE', #444, 1000.000000000000000 ) ;
#229 = LINE ( 'NONE', #3041, #5804 ) ;
#230 = VECTOR ( 'NONE', #4778, 1000.000000000000000 ) ;
#231 = ORIENTED_EDGE ( 'NONE', *, *, #2622, .F. ) ;
#232 = DIRECTION ( 'NONE',  ( -8.881784197001250351E-16, -0.8000000000000000444, -0.5999999999999999778 ) ) ;
#233 = ORIENTED_EDGE ( 'NONE', *, *, #4953, .F. ) ;
#234 = CARTESIAN_POINT ( 'NONE',  ( -3.350000000000000089, -2.500000000000000000, 4.558407044966670263 ) ) ;
#235 = FACE_OUTER_BOUND ( 'NONE', #4541, .T. ) ;
#236 = VECTOR ( 'NONE', #3275, 1000.000000000000000 ) ;
#237 = DIRECTION ( 'NONE',  ( -1.110223024625160090E-15, 0.000000000000000000, -1.000000000000000000 ) ) ;
#238 = ORIENTED_EDGE ( 'NONE', *, *, #4228, .T. ) ;
#239 = LINE ( 'NONE', #2641, #1022 ) ;
#240 = VECTOR ( 'NONE', #5966, 1000.000000000000000 ) ;
#241 = ORIENTED_EDGE ( 'NONE', *, *, #5683, .F. ) ;
#242 = DIRECTION ( 'NONE',  ( 7.569702440626069226E-17, 1.368455531567199917E-48, -1.000000000000000000 ) ) ;
#243 = CARTESIAN_POINT ( 'NONE',  ( 1.378409852331795208E-15, -5.200000000000000178, -6.999999999999999112 ) ) ;
#244 = LINE ( 'NONE', #1286, #2713 ) ;
#245 = VECTOR ( 'NONE', #484, 1000.000000000000000 ) ;
#246 = DIRECTION ( 'NONE',  ( -1.224646799147349756E-16, 1.000000000000000000, 0.000000000000000000 ) ) ;
#247 = ORIENTED_EDGE ( 'NONE', *, *, #4694, .T. ) ;
#248 = CARTESIAN_POINT ( 'NONE',  ( -1.949999999999999956, 0.9499999999999999556, 11.50000000000000000 ) ) ;
#249 = AXIS2_PLACEMENT_3D ( 'NONE', #6163, #3867, #4254 ) ;
#250 = ORIENTED_EDGE ( 'NONE', *, *, #2209, .T. ) ;
#251 = CARTESIAN_POINT ( 'NONE',  ( -0.2400000000000000189, -5.000000000000000000, 3.399999999999999911 ) ) ;
#252 = VECTOR ( 'NONE', #3255, 1000.000000000000000 ) ;
#253 = AXIS2_PLACEMENT_3D ( 'NONE', #2302, #2206, #2677 ) ;
#254 = DIRECTION ( 'NONE',  ( 0.000000000000000000, 0.000000000000000000, 1.000000000000000000 ) ) ;
#255 = VERTEX_POINT ( 'NONE', #1153 ) ;
#256 = ORIENTED_EDGE ( 'NONE', *, *, #5567, .T. ) ;
#257 = DIRECTION ( 'NONE',  ( 1.000000000000000000, 0.000000000000000000, 0.000000000000000000 ) ) ;
#258 = ADVANCED_FACE ( 'NONE', ( #1588 ), #646, .T. ) ;
#259 = DIRECTION ( 'NONE',  ( 1.000000000000000000, -1.603658826055314957E-47, -1.224646799147350002E-16 ) ) ;
#260 = ADVANCED_FACE ( 'NONE', ( #4891 ), #141, .T. ) ;
#261 = PRESENTATION_LAYER_ASSIGNMENT (  '', '', ( #4759 ) ) ;
#262 = ADVANCED_FACE ( 'NONE', ( #1519, #4949, #2054 ), #3944, .T. ) ;
#263 = EDGE_CURVE ( 'NONE', #4209, #3909, #2545, .T. ) ;
#264 = DIRECTION ( 'NONE',  ( 0.000000000000000000, 1.398706172756099997E-16, -1.000000000000000000 ) ) ;
#265 = COLOUR_RGB ( '',0.7921568627450980005, 0.8196078431372548767, 0.9333333333333333481 ) ;
#266 = VERTEX_POINT ( 'NONE', #4362 ) ;
#267 = LINE ( 'NONE', #5365, #5316 ) ;
#268 = ORIENTED_EDGE ( 'NONE', *, *, #1914, .T. ) ;
#269 = ADVANCED_FACE ( 'NONE', ( #171 ), #3911, .T. ) ;
#270 = CARTESIAN_POINT ( 'NONE',  ( -2.299999999999999822, 5.259999999999999787, 0.5999999999999999778 ) ) ;
#271 = EDGE_CURVE ( 'NONE', #3357, #2414, #4451, .T. ) ;
#272 = CARTESIAN_POINT ( 'NONE',  ( -2.949999999999999734, -5.500000000000000000, 4.558407044966670263 ) ) ;
#273 = FACE_OUTER_BOUND ( 'NONE', #1125, .T. ) ;
#274 = VERTEX_POINT ( 'NONE', #3970 ) ;
#275 = CARTESIAN_POINT ( 'NONE',  ( -1.949999999999999956, -1.800000000000000044, 11.79999999999999893 ) ) ;
#276 = EDGE_LOOP ( 'NONE', ( #1377, #2767, #1463, #501 ) ) ;
#277 = DIRECTION ( 'NONE',  ( 0.000000000000000000, 0.000000000000000000, 1.000000000000000000 ) ) ;
#278 = DIRECTION ( 'NONE',  ( 0.000000000000000000, -1.000000000000000000, -2.960594732333750117E-16 ) ) ;
#279 = FACE_OUTER_BOUND ( 'NONE', #1145, .T. ) ;
#280 = CARTESIAN_POINT ( 'NONE',  ( -2.949999999999999734, 6.349999999999999645, 0.000000000000000000 ) ) ;
#281 = CARTESIAN_POINT ( 'NONE',  ( -3.350000000000000089, -2.143131898507869777E-16, 3.500000000000000000 ) ) ;
#282 = DIRECTION ( 'NONE',  ( 1.233581138472399909E-16, -1.000000000000000000, 0.000000000000000000 ) ) ;
#283 = ORIENTED_EDGE ( 'NONE', *, *, #3198, .F. ) ;
#284 =( LENGTH_UNIT ( ) NAMED_UNIT ( * ) SI_UNIT ( .MILLI., .METRE. ) );
#285 = FACE_OUTER_BOUND ( 'NONE', #4253, .T. ) ;
#286 = CARTESIAN_POINT ( 'NONE',  ( 0.6500000000000000222, -4.299999999999999822, -0.6999999999999999556 ) ) ;
#287 = LINE ( 'NONE', #2189, #624 ) ;
#288 = ORIENTED_EDGE ( 'NONE', *, *, #2669, .F. ) ;
#289 = ORIENTED_EDGE ( 'NONE', *, *, #3563, .F. ) ;
#290 = CARTESIAN_POINT ( 'NONE',  ( -2.299999999999999822, 5.259999999999999787, 0.5999999999999999778 ) ) ;
#291 = DIRECTION ( 'NONE',  ( 1.000000000000000000, 1.233581138472399909E-16, 1.178997902256800061E-16 ) ) ;
#292 = MANIFOLD_SOLID_BREP ( 'ss12d10.stp<1>[4]', #5249 ) ;
#293 = DIRECTION ( 'NONE',  ( -9.633647560509931430E-16, -0.7592566023652952412, -0.6507913734559701568 ) ) ;
#294 = EDGE_CURVE ( 'NONE', #3020, #266, #3561, .T. ) ;
#295 = ORIENTED_EDGE ( 'NONE', *, *, #5942, .F. ) ;
#296 = CARTESIAN_POINT ( 'NONE',  ( 1.949999999999999956, -1.000000000000000000, 11.79999999999999893 ) ) ;
#297 = DIRECTION ( 'NONE',  ( 0.000000000000000000, 1.000000000000000000, 1.660146578878739922E-16 ) ) ;
#298 = ORIENTED_EDGE ( 'NONE', *, *, #4802, .F. ) ;
#299 = DIRECTION ( 'NONE',  ( -1.000000000000000000, 0.000000000000000000, 0.000000000000000000 ) ) ;
#300 = FACE_OUTER_BOUND ( 'NONE', #4142, .T. ) ;
#301 = DIRECTION ( 'NONE',  ( -1.000000000000000000, 0.000000000000000000, -1.178997902256800061E-16 ) ) ;
#302 = EDGE_CURVE ( 'NONE', #988, #2171, #3502, .T. ) ;
#303 = EDGE_CURVE ( 'NONE', #389, #3357, #4575, .T. ) ;
#304 = ORIENTED_EDGE ( 'NONE', *, *, #3129, .F. ) ;
#305 = DIRECTION ( 'NONE',  ( 1.000000000000000000, 0.000000000000000000, -0.000000000000000000 ) ) ;
#306 = ORIENTED_EDGE ( 'NONE', *, *, #685, .T. ) ;
#307 = CARTESIAN_POINT ( 'NONE',  ( -2.000000000000000000, 0.2599999999999999534, 0.2999999999999999889 ) ) ;
#308 = CARTESIAN_POINT ( 'NONE',  ( 2.000000000000000000, -5.200000000000000178, 5.300159206953672849E-32 ) ) ;
#309 = DIRECTION ( 'NONE',  ( -0.000000000000000000, 0.6523961362511798701, 0.7578781441660208396 ) ) ;
#310 = DIRECTION ( 'NONE',  ( -1.000000000000000000, 0.000000000000000000, 0.000000000000000000 ) ) ;
#311 = LINE ( 'NONE', #2212, #4319 ) ;
#312 = PLANE ( 'NONE',  #543 ) ;
#313 = ORIENTED_EDGE ( 'NONE', *, *, #498, .T. ) ;
#314 = CARTESIAN_POINT ( 'NONE',  ( 2.000000000000000000, -4.740000000000000213, 0.5999999999999999778 ) ) ;
#315 = ORIENTED_EDGE ( 'NONE', *, *, #886, .F. ) ;
#316 = DIRECTION ( 'NONE',  ( -1.000000000000000000, 0.000000000000000000, 0.000000000000000000 ) ) ;
#317 = AXIS2_PLACEMENT_3D ( 'NONE', #2594, #4090, #4027 ) ;
#318 = LINE ( 'NONE', #1367, #1129 ) ;
#319 = EDGE_LOOP ( 'NONE', ( #2318, #5980, #555, #2280 ) ) ;
#320 = CARTESIAN_POINT ( 'NONE',  ( 0.2400000000000000189, -5.000000000000000000, 3.399999999999999911 ) ) ;
#321 = CARTESIAN_POINT ( 'NONE',  ( 2.949999999999999734, 5.500000000000000000, 2.558407044966679589 ) ) ;
#322 = VECTOR ( 'NONE', #3229, 1000.000000000000000 ) ;
#323 = MECHANICAL_DESIGN_GEOMETRIC_PRESENTATION_REPRESENTATION (  '', ( #4507 ), #3216 ) ;
#324 = VECTOR ( 'NONE', #1484, 1000.000000000000000 ) ;
#325 = CARTESIAN_POINT ( 'NONE',  ( -2.850000000000000089, -6.349999999999999645, 6.300000000000109956 ) ) ;
#326 = ORIENTED_EDGE ( 'NONE', *, *, #1263, .T. ) ;
#327 = EDGE_LOOP ( 'NONE', ( #2884, #5014, #3963, #1444 ) ) ;
#328 = COLOUR_RGB ( '',0.7921568627450980005, 0.8196078431372548767, 0.9333333333333333481 ) ;
#329 = LINE ( 'NONE', #2575, #3920 ) ;
#330 = VECTOR ( 'NONE', #1195, 1000.000000000000000 ) ;
#331 = ORIENTED_EDGE ( 'NONE', *, *, #143, .F. ) ;
#332 = CARTESIAN_POINT ( 'NONE',  ( -2.299999999999999822, 5.259999999999999787, 0.2999999999999999889 ) ) ;
#333 = CARTESIAN_POINT ( 'NONE',  ( 2.949999999999999734, -5.500000000000000000, 4.558407044966670263 ) ) ;
#334 = FACE_OUTER_BOUND ( 'NONE', #3340, .T. ) ;
#335 = VECTOR ( 'NONE', #1443, 1000.000000000000000 ) ;
#336 = ORIENTED_EDGE ( 'NONE', *, *, #1949, .F. ) ;
#337 = CARTESIAN_POINT ( 'NONE',  ( -3.350000000000000089, 6.349999999999999645, 6.299999999999999822 ) ) ;
#338 = EDGE_LOOP ( 'NONE', ( #5265, #2951, #1884, #5712, #6125 ) ) ;
#339 = DIRECTION ( 'NONE',  ( 0.000000000000000000, 1.000000000000000000, 0.000000000000000000 ) ) ;
#340 = VECTOR ( 'NONE', #5668, 1000.000000000000000 ) ;
#341 = ADVANCED_FACE ( 'NONE', ( #300 ), #3593, .F. ) ;
#342 = CARTESIAN_POINT ( 'NONE',  ( 0.000000000000000000, -2.600000000000000089, 0.000000000000000000 ) ) ;
#343 = ADVANCED_FACE ( 'NONE', ( #802, #5950 ), #1244, .F. ) ;
#344 = ADVANCED_FACE ( 'NONE', ( #235 ), #2697, .T. ) ;
#345 = EDGE_CURVE ( 'NONE', #6131, #4737, #2143, .T. ) ;
#346 = DIRECTION ( 'NONE',  ( -1.224646799147350002E-16, 0.000000000000000000, -1.000000000000000000 ) ) ;
#347 = CARTESIAN_POINT ( 'NONE',  ( 2.949999999999999734, -6.349999999999999645, 0.000000000000000000 ) ) ;
#348 = VERTEX_POINT ( 'NONE', #272 ) ;
#349 = LINE ( 'NONE', #5125, #4641 ) ;
#350 = CARTESIAN_POINT ( 'NONE',  ( -4.999999999999999112, 0.4000000000000000777, -7.000000000000000000 ) ) ;
#351 = VECTOR ( 'NONE', #68, 1000.000000000000000 ) ;
#352 = PLANE ( 'NONE',  #1136 ) ;
#353 = DIRECTION ( 'NONE',  ( 1.000000000000000000, 0.000000000000000000, 0.000000000000000000 ) ) ;
#354 = VECTOR ( 'NONE', #447, 1000.000000000000000 ) ;
#355 = PLANE ( 'NONE',  #2717 ) ;
#356 = EDGE_LOOP ( 'NONE', ( #3935, #4639, #1165, #5455 ) ) ;
#357 = DIRECTION ( 'NONE',  ( 0.000000000000000000, 1.000000000000000000, 2.960594732333750117E-16 ) ) ;
#358 = CARTESIAN_POINT ( 'NONE',  ( -5.649999999999999467, -0.5000000000000006661, -6.349999999999999645 ) ) ;
#359 = AXIS2_PLACEMENT_3D ( 'NONE', #4266, #3619, #2723 ) ;
#360 = AXIS2_PLACEMENT_3D ( 'NONE', #4420, #2080, #4478 ) ;
#361 = DIRECTION ( 'NONE',  ( -1.178997902256800061E-16, 0.000000000000000000, 1.000000000000000000 ) ) ;
#362 = ORIENTED_EDGE ( 'NONE', *, *, #1985, .F. ) ;
#363 = VECTOR ( 'NONE', #2179, 1000.000000000000000 ) ;
#364 = ORIENTED_EDGE ( 'NONE', *, *, #5195, .F. ) ;
#365 = DIRECTION ( 'NONE',  ( 1.000000000000000000, 0.000000000000000000, -2.775557561562890365E-16 ) ) ;
#366 = ORIENTED_EDGE ( 'NONE', *, *, #2332, .F. ) ;
#367 = DIRECTION ( 'NONE',  ( -1.224646799147350002E-16, 0.000000000000000000, -1.000000000000000000 ) ) ;
#368 = CARTESIAN_POINT ( 'NONE',  ( 7.589415207398531038E-16, 0.4000000000000000777, -6.999999999999999112 ) ) ;
#369 = ORIENTED_EDGE ( 'NONE', *, *, #4920, .F. ) ;
#370 = CARTESIAN_POINT ( 'NONE',  ( 0.6500000000000000222, 0.4000000000000000222, -6.349999999999999645 ) ) ;
#371 = ORIENTED_EDGE ( 'NONE', *, *, #3780, .F. ) ;
#372 = CARTESIAN_POINT ( 'NONE',  ( 3.350000000000000089, 2.500000000000000000, 4.558407044966670263 ) ) ;
#373 = LINE ( 'NONE', #2243, #866 ) ;
#374 = CARTESIAN_POINT ( 'NONE',  ( -3.149999999999999911, -5.400000000000000355, 4.500000000000000000 ) ) ;
#375 = VERTEX_POINT ( 'NONE', #3142 ) ;
#376 = EDGE_CURVE ( 'NONE', #671, #3496, #2600, .T. ) ;
#377 = EDGE_CURVE ( 'NONE', #5721, #5965, #3201, .T. ) ;
#378 = CARTESIAN_POINT ( 'NONE',  ( -0.6499999999999993561, -5.200000000000000178, -5.699999999999999289 ) ) ;
#379 = ORIENTED_EDGE ( 'NONE', *, *, #5453, .F. ) ;
#380 = LINE ( 'NONE', #3613, #556 ) ;
#381 = ORIENTED_EDGE ( 'NONE', *, *, #3050, .F. ) ;
#382 = LINE ( 'NONE', #2846, #3018 ) ;
#383 = CARTESIAN_POINT ( 'NONE',  ( -0.2400000000000000189, 3.000000000000000000, 3.399999999999999911 ) ) ;
#384 = ORIENTED_EDGE ( 'NONE', *, *, #1607, .F. ) ;
#385 = CARTESIAN_POINT ( 'NONE',  ( 2.949999999999999734, 1.000000000000000000, 1.558407044966670041 ) ) ;
#386 = EDGE_CURVE ( 'NONE', #2414, #2705, #2173, .T. ) ;
#387 = ADVANCED_FACE ( 'NONE', ( #4138 ), #3666, .F. ) ;
#388 = CARTESIAN_POINT ( 'NONE',  ( -2.000000000000000000, 0.4000000000000000222, 0.2000000000000000111 ) ) ;
#389 = VERTEX_POINT ( 'NONE', #1308 ) ;
#390 = PLANE ( 'NONE',  #645 ) ;
#391 = FACE_OUTER_BOUND ( 'NONE', #2791, .T. ) ;
#392 = DIRECTION ( 'NONE',  ( -1.224646799147349756E-16, 1.000000000000000000, 0.000000000000000000 ) ) ;
#393 = VERTEX_POINT ( 'NONE', #5438 ) ;
#394 = EDGE_LOOP ( 'NONE', ( #4088, #3908, #3038, #5480, #424, #980 ) ) ;
#395 = CARTESIAN_POINT ( 'NONE',  ( 2.500000000000000000, 5.500000000000000000, 1.199999999999999956 ) ) ;
#396 = EDGE_LOOP ( 'NONE', ( #5990, #2347, #5386, #336 ) ) ;
#397 = PLANE ( 'NONE',  #977 ) ;
#398 = DIRECTION ( 'NONE',  ( -1.224646799147350002E-16, 0.000000000000000000, -1.000000000000000000 ) ) ;
#399 = ORIENTED_EDGE ( 'NONE', *, *, #3042, .F. ) ;
#400 = CARTESIAN_POINT ( 'NONE',  ( 2.850000000000000089, -6.349999999999999645, 6.799999999999999822 ) ) ;
#401 = VERTEX_POINT ( 'NONE', #3434 ) ;
#402 = FACE_OUTER_BOUND ( 'NONE', #6073, .T. ) ;
#403 = SURFACE_STYLE_USAGE ( .BOTH. , #4681 ) ;
#404 = FACE_OUTER_BOUND ( 'NONE', #224, .T. ) ;
#405 = EDGE_LOOP ( 'NONE', ( #5851, #5392, #4679, #1674 ) ) ;
#406 = CARTESIAN_POINT ( 'NONE',  ( 8.865925047370521682E-16, -0.5000000000000000000, -6.999999999999999112 ) ) ;
#407 = CARTESIAN_POINT ( 'NONE',  ( -4.999999999999999112, 4.200000000000000178, -6.353403713847660228 ) ) ;
#408 = ORIENTED_EDGE ( 'NONE', *, *, #4802, .T. ) ;
#409 = DIRECTION ( 'NONE',  ( -1.000000000000000000, -1.600321476937160040E-16, 0.000000000000000000 ) ) ;
#410 = ORIENTED_EDGE ( 'NONE', *, *, #419, .T. ) ;
#411 = CARTESIAN_POINT ( 'NONE',  ( 2.350000000000000089, 5.259999999999999787, 0.2999999999999999889 ) ) ;
#412 = CARTESIAN_POINT ( 'NONE',  ( 0.9000000000000000222, 0.4000000000000000222, 0.2000000000000000111 ) ) ;
#413 = ORIENTED_EDGE ( 'NONE', *, *, #263, .T. ) ;
#414 = FACE_OUTER_BOUND ( 'NONE', #3089, .T. ) ;
#415 = ORIENTED_EDGE ( 'NONE', *, *, #5186, .F. ) ;
#416 = LINE ( 'NONE', #5093, #4928 ) ;
#417 = CARTESIAN_POINT ( 'NONE',  ( 3.149999999999999911, -2.600000000000000089, 4.500000000000000000 ) ) ;
#418 = EDGE_CURVE ( 'NONE', #2449, #2198, #3988, .T. ) ;
#419 = EDGE_CURVE ( 'NONE', #1488, #1739, #3521, .T. ) ;
#420 = ADVANCED_FACE ( 'NONE', ( #5404 ), #4941, .T. ) ;
#421 = EDGE_CURVE ( 'NONE', #3589, #122, #1082, .T. ) ;
#422 = CARTESIAN_POINT ( 'NONE',  ( 2.000000000000000000, -4.740000000000000213, 0.5999999999999999778 ) ) ;
#423 = EDGE_CURVE ( 'NONE', #6167, #2943, #4969, .T. ) ;
#424 = ORIENTED_EDGE ( 'NONE', *, *, #4770, .T. ) ;
#425 = EDGE_LOOP ( 'NONE', ( #2311, #1635, #974, #667 ) ) ;
#426 = CARTESIAN_POINT ( 'NONE',  ( 1.949999999999999956, -2.200000000000000178, 11.50000000000000000 ) ) ;
#427 = VECTOR ( 'NONE', #2540, 1000.000000000000000 ) ;
#428 = ORIENTED_EDGE ( 'NONE', *, *, #2334, .F. ) ;
#429 = CARTESIAN_POINT ( 'NONE',  ( -2.000000000000000000, -3.100000000000000089, 6.400000000000000355 ) ) ;
#430 = AXIS2_PLACEMENT_3D ( 'NONE', #4073, #1706, #2605 ) ;
#431 = CARTESIAN_POINT ( 'NONE',  ( 0.000000000000000000, 0.000000000000000000, 0.000000000000000000 ) ) ;
#432 = VECTOR ( 'NONE', #4987, 1000.000000000000000 ) ;
#433 = VECTOR ( 'NONE', #2434, 1000.000000000000000 ) ;
#434 = CIRCLE ( 'NONE', #4102, 0.8000000000000000444 ) ;
#435 = ORIENTED_EDGE ( 'NONE', *, *, #1140, .T. ) ;
#436 = DIRECTION ( 'NONE',  ( 0.000000000000000000, -1.000000000000000000, 0.000000000000000000 ) ) ;
#437 = ORIENTED_EDGE ( 'NONE', *, *, #4845, .T. ) ;
#438 = CARTESIAN_POINT ( 'NONE',  ( 2.350000000000000089, -4.740000000000000213, 0.2999999999999999889 ) ) ;
#439 = DIRECTION ( 'NONE',  ( 0.000000000000000000, 0.000000000000000000, -1.000000000000000000 ) ) ;
#440 = AXIS2_PLACEMENT_3D ( 'NONE', #2244, #2778, #5154 ) ;
#441 = AXIS2_PLACEMENT_3D ( 'NONE', #3122, #5621, #5158 ) ;
#442 = DIRECTION ( 'NONE',  ( -1.000000000000000000, 0.000000000000000000, 0.000000000000000000 ) ) ;
#443 = VERTEX_POINT ( 'NONE', #1137 ) ;
#444 = DIRECTION ( 'NONE',  ( 0.000000000000000000, 1.000000000000000000, 0.000000000000000000 ) ) ;
#445 = CARTESIAN_POINT ( 'NONE',  ( -2.000000000000000000, 5.100000000000000533, 0.2000000000000000111 ) ) ;
#446 = VERTEX_POINT ( 'NONE', #3065 ) ;
#447 = DIRECTION ( 'NONE',  ( 1.000000000000000000, 0.000000000000000000, 0.000000000000000000 ) ) ;
#448 = LINE ( 'NONE', #1361, #3994 ) ;
#449 = FACE_OUTER_BOUND ( 'NONE', #3078, .T. ) ;
#450 = VECTOR ( 'NONE', #297, 1000.000000000000000 ) ;
#451 = ORIENTED_EDGE ( 'NONE', *, *, #683, .T. ) ;
#452 = DIRECTION ( 'NONE',  ( -0.000000000000000000, 1.000000000000000000, 0.000000000000000000 ) ) ;
#453 = VERTEX_POINT ( 'NONE', #694 ) ;
#454 = PLANE ( 'NONE',  #4241 ) ;
#455 = AXIS2_PLACEMENT_3D ( 'NONE', #3991, #2629, #5470 ) ;
#456 = CARTESIAN_POINT ( 'NONE',  ( -0.9000000000000000222, 0.4000000000000000222, 0.2000000000000000111 ) ) ;
#457 = VECTOR ( 'NONE', #2532, 1000.000000000000000 ) ;
#458 = EDGE_LOOP ( 'NONE', ( #4579, #1665, #2376, #960, #2936, #3326, #5307, #6057 ) ) ;
#459 = EDGE_CURVE ( 'NONE', #1381, #2095, #3036, .T. ) ;
#460 = EDGE_CURVE ( 'NONE', #2369, #4359, #2590, .T. ) ;
#461 = LINE ( 'NONE', #1376, #4331 ) ;
#462 = LINE ( 'NONE', #3896, #5739 ) ;
#463 = LINE ( 'NONE', #6175, #2602 ) ;
#464 = VECTOR ( 'NONE', #522, 1000.000000000000000 ) ;
#465 = VERTEX_POINT ( 'NONE', #1667 ) ;
#466 = DIRECTION ( 'NONE',  ( -6.049014748177260544E-16, 0.000000000000000000, -1.000000000000000000 ) ) ;
#467 = EDGE_CURVE ( 'NONE', #763, #4386, #3000, .T. ) ;
#468 = EDGE_CURVE ( 'NONE', #1493, #95, #2500, .T. ) ;
#469 = ORIENTED_EDGE ( 'NONE', *, *, #6189, .T. ) ;
#470 = DIRECTION ( 'NONE',  ( 0.000000000000000000, -1.000000000000000000, -1.480297366166873826E-16 ) ) ;
#471 = LINE ( 'NONE', #5675, #156 ) ;
#472 = VECTOR ( 'NONE', #6052, 1000.000000000000000 ) ;
#473 = DIRECTION ( 'NONE',  ( -1.138690281666829832E-16, 5.551115123125779621E-17, -1.000000000000000000 ) ) ;
#474 = ORIENTED_EDGE ( 'NONE', *, *, #4489, .F. ) ;
#475 = FACE_OUTER_BOUND ( 'NONE', #2674, .T. ) ;
#476 = DIRECTION ( 'NONE',  ( -1.000000000000000000, 0.000000000000000000, 0.000000000000000000 ) ) ;
#477 = VERTEX_POINT ( 'NONE', #222 ) ;
#478 = DIRECTION ( 'NONE',  ( -1.224646799147350002E-16, 1.000000000000000000, 0.000000000000000000 ) ) ;
#479 = DIRECTION ( 'NONE',  ( 1.000000000000000000, 0.000000000000000000, 0.000000000000000000 ) ) ;
#480 = FACE_OUTER_BOUND ( 'NONE', #4483, .T. ) ;
#481 = EDGE_LOOP ( 'NONE', ( #1789, #2051, #5092, #677 ) ) ;
#482 = CARTESIAN_POINT ( 'NONE',  ( 7.328789685166436806E-16, -4.299999999999999822, -6.999999999999999112 ) ) ;
#483 = ORIENTED_EDGE ( 'NONE', *, *, #4383, .T. ) ;
#484 = DIRECTION ( 'NONE',  ( 0.000000000000000000, 1.000000000000000000, 2.960594732333750117E-16 ) ) ;
#485 = PLANE ( 'NONE',  #3497 ) ;
#486 = ORIENTED_EDGE ( 'NONE', *, *, #499, .F. ) ;
#487 = ORIENTED_EDGE ( 'NONE', *, *, #712, .T. ) ;
#488 = CARTESIAN_POINT ( 'NONE',  ( 2.949999999999999734, 2.500000000000000000, 4.558407044966670263 ) ) ;
#489 = LINE ( 'NONE', #2004, #3634 ) ;
#490 = CARTESIAN_POINT ( 'NONE',  ( 2.949999999999999734, -2.500000000000000000, 4.558407044966670263 ) ) ;
#491 = EDGE_CURVE ( 'NONE', #5636, #3412, #2073, .T. ) ;
#492 = EDGE_LOOP ( 'NONE', ( #2423, #3435, #6050, #610 ) ) ;
#493 = ORIENTED_EDGE ( 'NONE', *, *, #715, .F. ) ;
#494 = LINE ( 'NONE', #1936, #5642 ) ;
#495 = SURFACE_STYLE_FILL_AREA ( #5209 ) ;
#496 = DIRECTION ( 'NONE',  ( 0.000000000000000000, -1.442415740654729917E-17, -1.000000000000000000 ) ) ;
#497 = EDGE_CURVE ( 'NONE', #5417, #5790, #4471, .T. ) ;
#498 = EDGE_CURVE ( 'NONE', #5178, #4958, #5467, .T. ) ;
#499 = EDGE_CURVE ( 'NONE', #5594, #1650, #3091, .T. ) ;
#500 = EDGE_CURVE ( 'NONE', #2844, #3909, #5816, .T. ) ;
#501 = ORIENTED_EDGE ( 'NONE', *, *, #1642, .F. ) ;
#502 = LINE ( 'NONE', #5061, #5436 ) ;
#503 = CARTESIAN_POINT ( 'NONE',  ( -2.000000000000000000, 5.100000000000000533, 0.2000000000000000111 ) ) ;
#504 = CARTESIAN_POINT ( 'NONE',  ( -2.350000000000000089, -5.549999999999999822, 0.2999999999999999889 ) ) ;
#505 = EDGE_LOOP ( 'NONE', ( #875, #5255, #5791, #2692 ) ) ;
#506 = CARTESIAN_POINT ( 'NONE',  ( -4.999999999999999112, -4.300000000000000711, -6.349999999999999645 ) ) ;
#507 = SURFACE_STYLE_FILL_AREA ( #4871 ) ;
#508 = CARTESIAN_POINT ( 'NONE',  ( -2.949999999999999734, 0.8000000000000000444, 3.500000000000000000 ) ) ;
#509 = ORIENTED_EDGE ( 'NONE', *, *, #570, .F. ) ;
#510 = DIRECTION ( 'NONE',  ( -8.460794267368238936E-32, -1.000000000000000000, -1.398706172756099997E-16 ) ) ;
#511 = VERTEX_POINT ( 'NONE', #4880 ) ;
#512 = DIRECTION ( 'NONE',  ( 1.000000000000000000, 0.000000000000000000, 0.000000000000000000 ) ) ;
#513 = LINE ( 'NONE', #2995, #1330 ) ;
#514 = ORIENTED_EDGE ( 'NONE', *, *, #4381, .T. ) ;
#515 = VERTEX_POINT ( 'NONE', #599 ) ;
#516 = CARTESIAN_POINT ( 'NONE',  ( -3.149999999999999911, -5.400000000000000355, 2.600000000000000089 ) ) ;
#517 = DIRECTION ( 'NONE',  ( -1.387778780781439759E-16, 0.000000000000000000, -1.000000000000000000 ) ) ;
#518 = EDGE_LOOP ( 'NONE', ( #1911, #1226, #4195, #128 ) ) ;
#519 = VECTOR ( 'NONE', #4511, 1000.000000000000000 ) ;
#520 = AXIS2_PLACEMENT_3D ( 'NONE', #2756, #1290, #947 ) ;
#521 = EDGE_LOOP ( 'NONE', ( #1274, #2379, #562, #3465 ) ) ;
#522 = DIRECTION ( 'NONE',  ( -1.509493722736551799E-48, 1.232595164407830946E-32, 1.000000000000000000 ) ) ;
#523 = CARTESIAN_POINT ( 'NONE',  ( -0.6500000000000000222, 0.4000000000000000222, -0.6999999999999999556 ) ) ;
#524 = CARTESIAN_POINT ( 'NONE',  ( 6.245698675651499853E-16, -5.100000000000000533, 0.2999999999999999889 ) ) ;
#525 = CIRCLE ( 'NONE', #6108, 0.6500000000000003553 ) ;
#526 = VECTOR ( 'NONE', #4470, 1000.000000000000000 ) ;
#527 = VECTOR ( 'NONE', #3031, 1000.000000000000000 ) ;
#528 = ORIENTED_EDGE ( 'NONE', *, *, #2947, .T. ) ;
#529 = LINE ( 'NONE', #3420, #6036 ) ;
#530 = CARTESIAN_POINT ( 'NONE',  ( -3.350000000000000089, -2.600000000000000089, 2.600000000000000089 ) ) ;
#531 = DIRECTION ( 'NONE',  ( 0.000000000000000000, 1.000000000000000000, 0.000000000000000000 ) ) ;
#532 = EDGE_CURVE ( 'NONE', #5284, #4672, #434, .T. ) ;
#533 = EDGE_CURVE ( 'NONE', #1439, #5330, #4406, .T. ) ;
#534 = ORIENTED_EDGE ( 'NONE', *, *, #2201, .F. ) ;
#535 = EDGE_CURVE ( 'NONE', #721, #5978, #6109, .T. ) ;
#537 = CARTESIAN_POINT ( 'NONE',  ( -0.6500000000000000222, -5.200000000000000178, -7.663486364669202001E-17 ) ) ;
#536 = VECTOR ( 'NONE', #3301, 1000.000000000000000 ) ;
#538 = VECTOR ( 'NONE', #1907, 1000.000000000000000 ) ;
#539 = ADVANCED_FACE ( 'NONE', ( #1109 ), #634, .T. ) ;
#540 =( NAMED_UNIT ( * ) SI_UNIT ( $, .STERADIAN. ) SOLID_ANGLE_UNIT ( ) );
#541 = DIRECTION ( 'NONE',  ( -1.110223024625160090E-15, 0.000000000000000000, -1.000000000000000000 ) ) ;
#542 = AXIS2_PLACEMENT_3D ( 'NONE', #2452, #3409, #1056 ) ;
#543 = AXIS2_PLACEMENT_3D ( 'NONE', #2400, #1446, #6161 ) ;
#544 = PLANE ( 'NONE',  #2218 ) ;
#545 = ORIENTED_EDGE ( 'NONE', *, *, #3565, .T. ) ;
#546 = EDGE_CURVE ( 'NONE', #992, #4281, #2762, .T. ) ;
#547 = CARTESIAN_POINT ( 'NONE',  ( -2.299999999999999822, -5.259999999999999787, 0.5999999999999999778 ) ) ;
#548 = VERTEX_POINT ( 'NONE', #6092 ) ;
#549 = AXIS2_PLACEMENT_3D ( 'NONE', #5138, #2231, #3727 ) ;
#550 = ORIENTED_EDGE ( 'NONE', *, *, #1600, .T. ) ;
#551 = EDGE_LOOP ( 'NONE', ( #4594, #5063, #2007, #3832 ) ) ;
#552 = PLANE ( 'NONE',  #4632 ) ;
#553 = VECTOR ( 'NONE', #3062, 1000.000000000000000 ) ;
#554 = CARTESIAN_POINT ( 'NONE',  ( 3.350000000000000089, -5.500000000000000000, 4.558407044966670263 ) ) ;
#555 = ORIENTED_EDGE ( 'NONE', *, *, #2023, .F. ) ;
#556 = VECTOR ( 'NONE', #4688, 1000.000000000000114 ) ;
#557 = ORIENTED_EDGE ( 'NONE', *, *, #5530, .T. ) ;
#558 = CARTESIAN_POINT ( 'NONE',  ( -0.9000000000000000222, -4.299999999999999822, -0.4000000000000000222 ) ) ;
#559 = CARTESIAN_POINT ( 'NONE',  ( -4.999999999999999112, 0.4000000000000000777, -5.700000000000000178 ) ) ;
#560 = VECTOR ( 'NONE', #5798, 1000.000000000000000 ) ;
#561 = VECTOR ( 'NONE', #6113, 1000.000000000000000 ) ;
#562 = ORIENTED_EDGE ( 'NONE', *, *, #2661, .F. ) ;
#563 = LINE ( 'NONE', #5770, #2645 ) ;
#564 = CARTESIAN_POINT ( 'NONE',  ( 0.9000000000000000222, 5.100000000000000533, 0.2000000000000000111 ) ) ;
#565 = LINE ( 'NONE', #504, #4117 ) ;
#566 = ORIENTED_EDGE ( 'NONE', *, *, #5651, .T. ) ;
#567 = PLANE ( 'NONE',  #4534 ) ;
#568 = CARTESIAN_POINT ( 'NONE',  ( 1.949999999999999956, -1.000000000000000000, 11.79999999999999893 ) ) ;
#569 = CARTESIAN_POINT ( 'NONE',  ( 3.350000000000000089, -5.500000000000000000, 4.558407044966670263 ) ) ;
#570 = EDGE_CURVE ( 'NONE', #4796, #2339, #4629, .T. ) ;
#571 = MECHANICAL_DESIGN_GEOMETRIC_PRESENTATION_REPRESENTATION (  '', ( #3055 ), #4045 ) ;
#572 = ORIENTED_EDGE ( 'NONE', *, *, #3599, .T. ) ;
#573 = ORIENTED_EDGE ( 'NONE', *, *, #2624, .T. ) ;
#574 = LINE ( 'NONE', #5283, #5135 ) ;
#575 = ORIENTED_EDGE ( 'NONE', *, *, #1184, .T. ) ;
#576 = ADVANCED_FACE ( 'NONE', ( #3160 ), #1819, .T. ) ;
#577 = EDGE_CURVE ( 'NONE', #1310, #3182, #1726, .T. ) ;
#578 = VERTEX_POINT ( 'NONE', #3682 ) ;
#579 = DIRECTION ( 'NONE',  ( 0.000000000000000000, 0.000000000000000000, 1.000000000000000000 ) ) ;
#580 = FACE_OUTER_BOUND ( 'NONE', #4965, .T. ) ;
#581 = ORIENTED_EDGE ( 'NONE', *, *, #5294, .T. ) ;
#582 = ORIENTED_EDGE ( 'NONE', *, *, #3653, .T. ) ;
#583 = DIRECTION ( 'NONE',  ( 0.000000000000000000, 0.000000000000000000, 1.000000000000000000 ) ) ;
#584 =( NAMED_UNIT ( * ) PLANE_ANGLE_UNIT ( ) SI_UNIT ( $, .RADIAN. ) );
#585 = CARTESIAN_POINT ( 'NONE',  ( -1.949999999999999956, -2.949999999999999734, 11.50000000000000000 ) ) ;
#586 = VERTEX_POINT ( 'NONE', #3131 ) ;
#587 = CARTESIAN_POINT ( 'NONE',  ( 1.949999999999999956, -0.5999999999999999778, 11.50000000000000000 ) ) ;
#588 = CARTESIAN_POINT ( 'NONE',  ( 2.949999999999999734, 0.8000000000000000444, 2.500000000000000000 ) ) ;
#589 = CARTESIAN_POINT ( 'NONE',  ( -2.000000000000000000, 3.100000000000000089, 6.400000000000000355 ) ) ;
#590 = ORIENTED_EDGE ( 'NONE', *, *, #2857, .T. ) ;
#591 = CARTESIAN_POINT ( 'NONE',  ( 2.000000000000000000, 5.100000000000000533, 0.2000000000000000111 ) ) ;
#592 = UNCERTAINTY_MEASURE_WITH_UNIT (LENGTH_MEASURE( 1.000000000000000082E-05 ), #2735, 'distance_accuracy_value', 'NONE');
#593 = FACE_OUTER_BOUND ( 'NONE', #1047, .T. ) ;
#594 = ORIENTED_EDGE ( 'NONE', *, *, #4845, .F. ) ;
#595 = LINE ( 'NONE', #4492, #4216 ) ;
#596 = ORIENTED_EDGE ( 'NONE', *, *, #3913, .T. ) ;
#597 = DIRECTION ( 'NONE',  ( 1.000000000000000000, 0.000000000000000000, 0.000000000000000000 ) ) ;
#598 = ORIENTED_EDGE ( 'NONE', *, *, #3811, .F. ) ;
#599 = CARTESIAN_POINT ( 'NONE',  ( -2.949999999999999734, 6.349999999999999645, 6.299999999999999822 ) ) ;
#600 = ORIENTED_EDGE ( 'NONE', *, *, #1076, .T. ) ;
#601 = EDGE_LOOP ( 'NONE', ( #1375, #2165, #4065, #1510 ) ) ;
#602 = CARTESIAN_POINT ( 'NONE',  ( -3.350000000000000089, 2.600000000000000089, 3.000000000000000000 ) ) ;
#603 = ADVANCED_FACE ( 'NONE', ( #2657 ), #355, .T. ) ;
#604 = EDGE_CURVE ( 'NONE', #1414, #4481, #4125, .T. ) ;
#605 = EDGE_CURVE ( 'NONE', #1053, #1918, #3620, .T. ) ;
#606 = EDGE_CURVE ( 'NONE', #2491, #2448, #3718, .T. ) ;
#607 = DIRECTION ( 'NONE',  ( -8.881784197001250351E-16, 0.000000000000000000, 1.000000000000000000 ) ) ;
#608 = ORIENTED_EDGE ( 'NONE', *, *, #1985, .T. ) ;
#609 = CARTESIAN_POINT ( 'NONE',  ( -4.999999999999999112, -5.200000000000001066, -7.000000000000000000 ) ) ;
#610 = ORIENTED_EDGE ( 'NONE', *, *, #3575, .F. ) ;
#611 = PLANE ( 'NONE',  #360 ) ;
#612 = LINE ( 'NONE', #1090, #2655 ) ;
#613 = LINE ( 'NONE', #2516, #1132 ) ;
#614 = ORIENTED_EDGE ( 'NONE', *, *, #3080, .T. ) ;
#615 = LINE ( 'NONE', #5741, #3149 ) ;
#616 = LINE ( 'NONE', #4392, #1834 ) ;
#617 = CARTESIAN_POINT ( 'NONE',  ( 3.149999999999999911, 5.400000000000000355, 4.500000000000000000 ) ) ;
#618 = ORIENTED_EDGE ( 'NONE', *, *, #4572, .F. ) ;
#619 = CARTESIAN_POINT ( 'NONE',  ( -3.149999999999999911, 5.400000000000000355, 2.600000000000000089 ) ) ;
#620 = LINE ( 'NONE', #2527, #1566 ) ;
#621 = SURFACE_SIDE_STYLE ('',( #507 ) ) ;
#622 = VECTOR ( 'NONE', #6070, 1000.000000000000000 ) ;
#623 = AXIS2_PLACEMENT_3D ( 'NONE', #2631, #791, #4532 ) ;
#624 = VECTOR ( 'NONE', #2287, 1000.000000000000000 ) ;
#625 = DIRECTION ( 'NONE',  ( 0.000000000000000000, -1.000000000000000000, 0.000000000000000000 ) ) ;
#626 = PLANE ( 'NONE',  #4100 ) ;
#627 = AXIS2_PLACEMENT_3D ( 'NONE', #3752, #3778, #2718 ) ;
#628 = VECTOR ( 'NONE', #1256, 1000.000000000000000 ) ;
#629 = CARTESIAN_POINT ( 'NONE',  ( -0.2400000000000000189, 3.200000000000000178, 3.399999999999999911 ) ) ;
#630 = ORIENTED_EDGE ( 'NONE', *, *, #2405, .F. ) ;
#631 = PLANE ( 'NONE',  #3932 ) ;
#632 = ORIENTED_EDGE ( 'NONE', *, *, #3487, .T. ) ;
#633 = VECTOR ( 'NONE', #1520, 1000.000000000000114 ) ;
#634 = PLANE ( 'NONE',  #1928 ) ;
#635 = VERTEX_POINT ( 'NONE', #6067 ) ;
#636 = ORIENTED_EDGE ( 'NONE', *, *, #1222, .F. ) ;
#637 = DIRECTION ( 'NONE',  ( 1.000000000000000000, 1.223105969149230677E-16, 1.178997902256800061E-16 ) ) ;
#638 = DIRECTION ( 'NONE',  ( 1.000000000000000000, 0.000000000000000000, 6.049014748177260544E-16 ) ) ;
#639 = VECTOR ( 'NONE', #1142, 1000.000000000000000 ) ;
#640 = ADVANCED_FACE ( 'NONE', ( #1327 ), #788, .F. ) ;
#641 = EDGE_CURVE ( 'NONE', #1198, #4696, #4160, .T. ) ;
#642 = ORIENTED_EDGE ( 'NONE', *, *, #1305, .F. ) ;
#643 = VERTEX_POINT ( 'NONE', #1760 ) ;
#644 = DIRECTION ( 'NONE',  ( 0.000000000000000000, 0.000000000000000000, -1.000000000000000000 ) ) ;
#645 = AXIS2_PLACEMENT_3D ( 'NONE', #2319, #6034, #5630 ) ;
#646 = PLANE ( 'NONE',  #1172 ) ;
#647 = CARTESIAN_POINT ( 'NONE',  ( 2.350000000000000089, -0.2599999999999999534, 0.5999999999999999778 ) ) ;
#648 = EDGE_CURVE ( 'NONE', #1730, #789, #287, .T. ) ;
#649 = VECTOR ( 'NONE', #984, 1000.000000000000000 ) ;
#650 = EDGE_CURVE ( 'NONE', #696, #859, #318, .T. ) ;
#651 = ORIENTED_EDGE ( 'NONE', *, *, #294, .T. ) ;
#652 = DIRECTION ( 'NONE',  ( -1.224646799147350002E-16, 1.000000000000000000, 0.000000000000000000 ) ) ;
#653 = LINE ( 'NONE', #5071, #5520 ) ;
#654 = ORIENTED_EDGE ( 'NONE', *, *, #1422, .F. ) ;
#655 = DIRECTION ( 'NONE',  ( 1.000000000000000000, 0.000000000000000000, -1.224646799147350002E-16 ) ) ;
#656 = AXIS2_PLACEMENT_3D ( 'NONE', #4870, #3777, #5684 ) ;
#657 = CARTESIAN_POINT ( 'NONE',  ( 0.9000000000000000222, -4.299999999999999822, 0.2000000000000000111 ) ) ;
#658 = DIRECTION ( 'NONE',  ( 0.000000000000000000, 1.398706172756099997E-16, -1.000000000000000000 ) ) ;
#659 = STYLED_ITEM ( 'NONE', ( #1412 ), #173 ) ;
#660 = AXIS2_PLACEMENT_3D ( 'NONE', #1556, #5449, #3073 ) ;
#661 = VERTEX_POINT ( 'NONE', #388 ) ;
#662 = CARTESIAN_POINT ( 'NONE',  ( 2.000000000000000000, -5.100000000000000533, 0.5999999999999999778 ) ) ;
#663 = ORIENTED_EDGE ( 'NONE', *, *, #3083, .T. ) ;
#664 = MECHANICAL_DESIGN_GEOMETRIC_PRESENTATION_REPRESENTATION (  '', ( #6047 ), #872 ) ;
#665 = CARTESIAN_POINT ( 'NONE',  ( 0.2400000000000000189, 2.850000000000000089, 1.600000000000000089 ) ) ;
#666 = EDGE_LOOP ( 'NONE', ( #2633, #889, #4457, #3314 ) ) ;
#667 = ORIENTED_EDGE ( 'NONE', *, *, #5866, .F. ) ;
#668 = CARTESIAN_POINT ( 'NONE',  ( 0.6500000000000000222, 0.4000000000000000222, -0.6999999999999999556 ) ) ;
#669 = DIRECTION ( 'NONE',  ( 0.000000000000000000, 1.000000000000000000, 0.000000000000000000 ) ) ;
#670 = DIRECTION ( 'NONE',  ( -1.233581138472399909E-16, 1.000000000000000000, 0.000000000000000000 ) ) ;
#671 = VERTEX_POINT ( 'NONE', #5993 ) ;
#672 = ORIENTED_EDGE ( 'NONE', *, *, #5869, .T. ) ;
#673 = DIRECTION ( 'NONE',  ( -0.6401843996644798196, 0.000000000000000000, 0.7682212795973758501 ) ) ;
#674 = ADVANCED_FACE ( 'NONE', ( #5167 ), #3656, .T. ) ;
#675 = FILL_AREA_STYLE ('',( #5419 ) ) ;
#676 = CARTESIAN_POINT ( 'NONE',  ( 1.114474864699760087E-16, 5.100000000000000533, -6.349999999999999645 ) ) ;
#677 = ORIENTED_EDGE ( 'NONE', *, *, #1041, .T. ) ;
#678 = DIRECTION ( 'NONE',  ( -1.000000000000000000, 0.000000000000000000, 0.000000000000000000 ) ) ;
#679 = DIRECTION ( 'NONE',  ( 7.401486830834378990E-17, -5.551115123125779621E-17, 1.000000000000000000 ) ) ;
#680 = ORIENTED_EDGE ( 'NONE', *, *, #498, .F. ) ;
#681 = FACE_OUTER_BOUND ( 'NONE', #551, .T. ) ;
#682 = EDGE_CURVE ( 'NONE', #1590, #5250, #2686, .T. ) ;
#683 = EDGE_CURVE ( 'NONE', #1187, #661, #5495, .T. ) ;
#684 = EDGE_CURVE ( 'NONE', #3496, #696, #1293, .T. ) ;
#685 = EDGE_CURVE ( 'NONE', #110, #2866, #951, .T. ) ;
#686 = CARTESIAN_POINT ( 'NONE',  ( -3.350000000000000089, -5.400000000000000355, 3.000000000000000000 ) ) ;
#687 = EDGE_CURVE ( 'NONE', #3296, #763, #35, .T. ) ;
#688 = FACE_OUTER_BOUND ( 'NONE', #2072, .T. ) ;
#689 = EDGE_LOOP ( 'NONE', ( #2627, #4766, #3287, #1079 ) ) ;
#690 = LINE ( 'NONE', #1574, #4405 ) ;
#691 = EDGE_LOOP ( 'NONE', ( #3370, #5585, #4821, #4048, #5400, #3123, #2104, #428, #5046, #2357, #3468, #2974, #1496, #2800, #4203, #2533 ) ) ;
#692 = CARTESIAN_POINT ( 'NONE',  ( 3.350000000000000089, -2.600000000000000089, 2.600000000000000089 ) ) ;
#693 = EDGE_LOOP ( 'NONE', ( #3045, #5562, #2899, #5243 ) ) ;
#694 = CARTESIAN_POINT ( 'NONE',  ( -0.9000000000000000222, 5.100000000000000533, -0.4000000000000000222 ) ) ;
#695 = EDGE_LOOP ( 'NONE', ( #5513, #5235, #2805, #5797 ) ) ;
#696 = VERTEX_POINT ( 'NONE', #1 ) ;
#697 = PLANE ( 'NONE',  #5631 ) ;
#698 = PLANE ( 'NONE',  #2315 ) ;
#699 = ORIENTED_EDGE ( 'NONE', *, *, #1523, .F. ) ;
#700 = ORIENTED_EDGE ( 'NONE', *, *, #2253, .F. ) ;
#701 = CARTESIAN_POINT ( 'NONE',  ( 0.2400000000000000189, -5.000000000000000000, 3.399999999999999911 ) ) ;
#702 = CARTESIAN_POINT ( 'NONE',  ( 2.850000000000000089, 6.349999999999999645, 6.799999999999999822 ) ) ;
#703 = CARTESIAN_POINT ( 'NONE',  ( 1.949999999999999956, -1.399999999999999911, 11.50000000000000000 ) ) ;
#704 = ORIENTED_EDGE ( 'NONE', *, *, #3846, .T. ) ;
#705 = LINE ( 'NONE', #400, #4404 ) ;
#706 = VERTEX_POINT ( 'NONE', #3842 ) ;
#707 = CARTESIAN_POINT ( 'NONE',  ( -2.000000000000000000, 0.4000000000000000222, 0.2000000000000000111 ) ) ;
#708 = CARTESIAN_POINT ( 'NONE',  ( -5.649999999999999467, -4.300000000000000711, -6.349999999999999645 ) ) ;
#709 = DIRECTION ( 'NONE',  ( -1.000000000000000000, 0.000000000000000000, 0.000000000000000000 ) ) ;
#710 = PLANE ( 'NONE',  #4721 ) ;
#711 = ADVANCED_FACE ( 'NONE', ( #414 ), #544, .T. ) ;
#712 = EDGE_CURVE ( 'NONE', #375, #4473, #1424, .T. ) ;
#713 = EDGE_CURVE ( 'NONE', #3302, #1767, #1230, .T. ) ;
#714 = EDGE_CURVE ( 'NONE', #839, #2957, #2442, .T. ) ;
#715 = EDGE_CURVE ( 'NONE', #4881, #3739, #3313, .T. ) ;
#716 = CARTESIAN_POINT ( 'NONE',  ( -5.649999999999999467, -5.200000000000001066, -6.349999999999999645 ) ) ;
#717 = AXIS2_PLACEMENT_3D ( 'NONE', #1617, #1589, #1246 ) ;
#718 = VERTEX_POINT ( 'NONE', #4788 ) ;
#720 = CARTESIAN_POINT ( 'NONE',  ( -2.949999999999999734, -5.500000000000000000, 2.558407044966669819 ) ) ;
#719 = VECTOR ( 'NONE', #2801, 1000.000000000000000 ) ;
#721 = VERTEX_POINT ( 'NONE', #482 ) ;
#722 = AXIS2_PLACEMENT_3D ( 'NONE', #1402, #3927, #6170 ) ;
#723 = AXIS2_PLACEMENT_3D ( 'NONE', #4055, #3126, #5897 ) ;
#724 = AXIS2_PLACEMENT_3D ( 'NONE', #5870, #5892, #3482 ) ;
#725 = EDGE_CURVE ( 'NONE', #745, #1301, #918, .T. ) ;
#726 = EDGE_CURVE ( 'NONE', #3292, #3763, #5225, .T. ) ;
#727 = DIRECTION ( 'NONE',  ( -1.000000000000000000, 1.398706172756099997E-16, 0.000000000000000000 ) ) ;
#728 = ORIENTED_EDGE ( 'NONE', *, *, #712, .F. ) ;
#729 = VERTEX_POINT ( 'NONE', #2380 ) ;
#730 = PLANE ( 'NONE',  #954 ) ;
#731 = LINE ( 'NONE', #3135, #3012 ) ;
#732 = VECTOR ( 'NONE', #1044, 1000.000000000000000 ) ;
#733 = VECTOR ( 'NONE', #21, 1000.000000000000227 ) ;
#734 = DIRECTION ( 'NONE',  ( 1.000000000000000000, 0.000000000000000000, 0.000000000000000000 ) ) ;
#735 = VECTOR ( 'NONE', #6077, 1000.000000000000000 ) ;
#736 = ORIENTED_EDGE ( 'NONE', *, *, #1263, .F. ) ;
#737 = FACE_OUTER_BOUND ( 'NONE', #693, .T. ) ;
#738 = ORIENTED_EDGE ( 'NONE', *, *, #2395, .F. ) ;
#739 = DIRECTION ( 'NONE',  ( -1.224646799147349756E-16, 1.000000000000000000, 0.000000000000000000 ) ) ;
#740 = DIRECTION ( 'NONE',  ( 0.000000000000000000, 0.000000000000000000, 1.000000000000000000 ) ) ;
#741 = CARTESIAN_POINT ( 'NONE',  ( -0.8999999999999999112, -0.5000000000000000000, -0.4000000000000000777 ) ) ;
#742 = ORIENTED_EDGE ( 'NONE', *, *, #914, .F. ) ;
#743 = LINE ( 'NONE', #275, #5398 ) ;
#744 = AXIS2_PLACEMENT_3D ( 'NONE', #5236, #2360, #1897 ) ;
#745 = VERTEX_POINT ( 'NONE', #5661 ) ;
#746 = DIRECTION ( 'NONE',  ( -8.074349270001139933E-17, -1.000000000000000000, 0.000000000000000000 ) ) ;
#747 = LINE ( 'NONE', #5517, #2759 ) ;
#748 = LINE ( 'NONE', #5487, #1831 ) ;
#749 = CARTESIAN_POINT ( 'NONE',  ( -5.646596286152338884, 4.200000000000000178, -6.353403713847660228 ) ) ;
#750 = VECTOR ( 'NONE', #4127, 1000.000000000000000 ) ;
#751 = ORIENTED_EDGE ( 'NONE', *, *, #2480, .T. ) ;
#752 = DIRECTION ( 'NONE',  ( -1.000000000000000000, 0.000000000000000000, 0.000000000000000000 ) ) ;
#753 = ORIENTED_EDGE ( 'NONE', *, *, #4993, .F. ) ;
#754 = DIRECTION ( 'NONE',  ( -6.049014748177260544E-16, 1.398706172756099997E-16, -1.000000000000000000 ) ) ;
#755 = VECTOR ( 'NONE', #3183, 1000.000000000000000 ) ;
#756 = LINE ( 'NONE', #4995, #4818 ) ;
#757 = EDGE_CURVE ( 'NONE', #1866, #1471, #5689, .T. ) ;
#758 = AXIS2_PLACEMENT_3D ( 'NONE', #3363, #1064, #5273 ) ;
#759 = AXIS2_PLACEMENT_3D ( 'NONE', #558, #2457, #2340 ) ;
#760 = CARTESIAN_POINT ( 'NONE',  ( 2.000000000000000000, -5.200000000000000178, 0.2000000000000000944 ) ) ;
#761 = CARTESIAN_POINT ( 'NONE',  ( -2.949999999999999734, 1.000000000000000000, 1.558407044966670041 ) ) ;
#762 = VERTEX_POINT ( 'NONE', #4285 ) ;
#763 = VERTEX_POINT ( 'NONE', #5196 ) ;
#764 = CARTESIAN_POINT ( 'NONE',  ( 0.000000000000000000, 5.400000000000000355, 0.000000000000000000 ) ) ;
#765 = AXIS2_PLACEMENT_3D ( 'NONE', #1710, #808, #4108 ) ;
#766 = EDGE_CURVE ( 'NONE', #5526, #443, #4724, .T. ) ;
#767 = ADVANCED_FACE ( 'NONE', ( #2815 ), #5256, .F. ) ;
#768 = ADVANCED_FACE ( 'NONE', ( #1012 ), #6166, .F. ) ;
#769 = DIRECTION ( 'NONE',  ( -1.000000000000000000, 0.000000000000000000, -1.178997902256800061E-16 ) ) ;
#770 = ORIENTED_EDGE ( 'NONE', *, *, #4953, .T. ) ;
#771 = CARTESIAN_POINT ( 'NONE',  ( 6.505213034913026604E-16, 4.200000000000000178, -5.706807427695320456 ) ) ;
#772 = ORIENTED_EDGE ( 'NONE', *, *, #1388, .T. ) ;
#773 = DIRECTION ( 'NONE',  ( -6.049014748177260544E-16, 1.398706172756099997E-16, -1.000000000000000000 ) ) ;
#774 = LINE ( 'NONE', #3048, #5415 ) ;
#775 = ORIENTED_EDGE ( 'NONE', *, *, #3006, .T. ) ;
#776 = CYLINDRICAL_SURFACE ( 'NONE', #3705, 1.000000000000000000 ) ;
#777 = ORIENTED_EDGE ( 'NONE', *, *, #3950, .T. ) ;
#778 = LINE ( 'NONE', #5580, #4644 ) ;
#779 = LINE ( 'NONE', #5082, #472 ) ;
#780 = LINE ( 'NONE', #686, #3221 ) ;
#781 = DIRECTION ( 'NONE',  ( 0.000000000000000000, 1.000000000000000000, 0.000000000000000000 ) ) ;
#782 = APPLICATION_CONTEXT ( 'automotive_design' ) ;
#783 = DIRECTION ( 'NONE',  ( 0.000000000000000000, 1.000000000000000000, 0.000000000000000000 ) ) ;
#784 = ORIENTED_EDGE ( 'NONE', *, *, #5600, .T. ) ;
#785 = DIRECTION ( 'NONE',  ( 0.000000000000000000, 0.000000000000000000, 1.000000000000000000 ) ) ;
#786 = DIRECTION ( 'NONE',  ( -1.000000000000000000, -1.029983974020404631E-16, -7.569702440626070459E-17 ) ) ;
#787 = CARTESIAN_POINT ( 'NONE',  ( 0.9000000000000000222, 0.4000000000000000222, 0.2000000000000000111 ) ) ;
#788 = PLANE ( 'NONE',  #5501 ) ;
#789 = VERTEX_POINT ( 'NONE', #3869 ) ;
#790 = PLANE ( 'NONE',  #5634 ) ;
#791 = DIRECTION ( 'NONE',  ( 9.201113765762960554E-32, -1.000000000000000000, -1.521092962872260001E-16 ) ) ;
#792 = DIRECTION ( 'NONE',  ( 1.000000000000000000, 0.000000000000000000, 0.000000000000000000 ) ) ;
#793 = ORIENTED_EDGE ( 'NONE', *, *, #3779, .F. ) ;
#794 = ADVANCED_FACE ( 'NONE', ( #4315 ), #3371, .T. ) ;
#795 = EDGE_CURVE ( 'NONE', #3052, #1979, #5778, .T. ) ;
#796 = EDGE_CURVE ( 'NONE', #1103, #5721, #2037, .T. ) ;
#797 = EDGE_LOOP ( 'NONE', ( #3442, #1737, #3404, #1249 ) ) ;
#798 = CARTESIAN_POINT ( 'NONE',  ( 1.949999999999999956, 0.9499999999999999556, 5.500000000000000000 ) ) ;
#799 = ADVANCED_FACE ( 'NONE', ( #3929 ), #5462, .F. ) ;
#800 = ORIENTED_EDGE ( 'NONE', *, *, #4464, .T. ) ;
#801 = LINE ( 'NONE', #4598, #1166 ) ;
#802 = FACE_BOUND ( 'NONE', #3481, .T. ) ;
#803 = DIRECTION ( 'NONE',  ( 1.178997902256800061E-16, -1.824621967965149304E-34, -1.000000000000000000 ) ) ;
#804 = ORIENTED_EDGE ( 'NONE', *, *, #1113, .F. ) ;
#805 = CARTESIAN_POINT ( 'NONE',  ( -2.350000000000000089, -4.740000000000000213, 0.2999999999999999889 ) ) ;
#806 = ORIENTED_EDGE ( 'NONE', *, *, #5595, .F. ) ;
#807 = CARTESIAN_POINT ( 'NONE',  ( 2.949999999999999734, 6.349999999999999645, 6.299999999999999822 ) ) ;
#808 = DIRECTION ( 'NONE',  ( 1.224646799147350002E-16, -1.000000000000000000, 0.000000000000000000 ) ) ;
#809 = DIRECTION ( 'NONE',  ( 0.000000000000000000, 0.000000000000000000, 1.000000000000000000 ) ) ;
#810 = CARTESIAN_POINT ( 'NONE',  ( 1.949999999999999956, -2.949999999999999734, 11.50000000000000000 ) ) ;
#811 = CARTESIAN_POINT ( 'NONE',  ( -3.350000000000000089, -0.8000000000000000444, 2.500000000000000000 ) ) ;
#812 = DIRECTION ( 'NONE',  ( -1.224646799147349756E-16, 1.000000000000000000, 0.000000000000000000 ) ) ;
#813 = VERTEX_POINT ( 'NONE', #4466 ) ;
#814 = CARTESIAN_POINT ( 'NONE',  ( 2.000000000000000000, -4.740000000000000213, 0.2999999999999999889 ) ) ;
#815 = ORIENTED_EDGE ( 'NONE', *, *, #3913, .F. ) ;
#816 = DIRECTION ( 'NONE',  ( 4.440892098500620245E-16, -4.440892098500620245E-16, -1.000000000000000000 ) ) ;
#817 = CARTESIAN_POINT ( 'NONE',  ( -0.2400000000000000189, 3.000000000000000000, 1.600000000000000089 ) ) ;
#818 = DIRECTION ( 'NONE',  ( 0.000000000000000000, -1.000000000000000000, 0.000000000000000000 ) ) ;
#819 = AXIS2_PLACEMENT_3D ( 'NONE', #4189, #5170, #2321 ) ;
#820 = DIRECTION ( 'NONE',  ( -1.178997902256800061E-16, -1.442039371864713254E-32, 1.000000000000000000 ) ) ;
#821 = ORIENTED_EDGE ( 'NONE', *, *, #2551, .T. ) ;
#822 = DIRECTION ( 'NONE',  ( 1.000000000000000000, 0.000000000000000000, -9.251858538542969855E-16 ) ) ;
#823 = AXIS2_PLACEMENT_3D ( 'NONE', #2882, #1427, #658 ) ;
#824 = PRESENTATION_LAYER_ASSIGNMENT (  '', '', ( #4507 ) ) ;
#825 = VECTOR ( 'NONE', #5722, 1000.000000000000000 ) ;
#826 = CARTESIAN_POINT ( 'NONE',  ( 5.421010862427522170E-16, 0.4000000000000000777, -5.699999999999999289 ) ) ;
#827 = EDGE_LOOP ( 'NONE', ( #5431, #1020, #4094, #1902, #3385, #43 ) ) ;
#828 = VERTEX_POINT ( 'NONE', #5810 ) ;
#829 = VECTOR ( 'NONE', #3241, 1000.000000000000000 ) ;
#830 = CARTESIAN_POINT ( 'NONE',  ( -2.949999999999999734, 6.349999999999999645, 1.558407044966670041 ) ) ;
#831 = AXIS2_PLACEMENT_3D ( 'NONE', #4554, #3212, #6019 ) ;
#832 = EDGE_LOOP ( 'NONE', ( #5389, #5189, #79, #6040 ) ) ;
#833 = CARTESIAN_POINT ( 'NONE',  ( -3.149999999999999911, -2.600000000000000089, 4.500000000000000000 ) ) ;
#834 = CARTESIAN_POINT ( 'NONE',  ( -2.949999999999999734, -6.349999999999999645, 6.299999999999999822 ) ) ;
#835 = PLANE ( 'NONE',  #3228 ) ;
#836 = EDGE_CURVE ( 'NONE', #6135, #2957, #1632, .T. ) ;
#837 = EDGE_CURVE ( 'NONE', #1918, #548, #4015, .T. ) ;
#838 = VECTOR ( 'NONE', #172, 1000.000000000000000 ) ;
#839 = VERTEX_POINT ( 'NONE', #2069 ) ;
#840 = DIRECTION ( 'NONE',  ( -1.000000000000000000, 0.000000000000000000, 0.000000000000000000 ) ) ;
#841 = EDGE_LOOP ( 'NONE', ( #1543, #1849, #315, #1933 ) ) ;
#842 = LINE ( 'NONE', #307, #561 ) ;
#843 = CARTESIAN_POINT ( 'NONE',  ( -2.299999999999999822, 0.2599999999999999534, 0.5999999999999999778 ) ) ;
#844 = DIRECTION ( 'NONE',  ( 0.000000000000000000, -1.000000000000000000, -2.101014484786079905E-32 ) ) ;
#845 = EDGE_CURVE ( 'NONE', #6158, #4419, #690, .T. ) ;
#846 = CARTESIAN_POINT ( 'NONE',  ( -2.299999999999999822, -0.2599999999999999534, 0.2999999999999999889 ) ) ;
#847 = ADVANCED_FACE ( 'NONE', ( #2094 ), #4935, .F. ) ;
#848 = ADVANCED_FACE ( 'NONE', ( #5845 ), #4434, .T. ) ;
#849 = ORIENTED_EDGE ( 'NONE', *, *, #2576, .F. ) ;
#850 = DIRECTION ( 'NONE',  ( -1.000000000000000000, 0.000000000000000000, -2.337311630789800155E-16 ) ) ;
#851 = PLANE ( 'NONE',  #441 ) ;
#852 = EDGE_LOOP ( 'NONE', ( #2161, #784, #5858, #3473 ) ) ;
#853 = DIRECTION ( 'NONE',  ( 1.387778780781449866E-16, -1.000000000000000000, 0.000000000000000000 ) ) ;
#854 = VERTEX_POINT ( 'NONE', #2468 ) ;
#855 = AXIS2_PLACEMENT_3D ( 'NONE', #3815, #1953, #597 ) ;
#856 = CARTESIAN_POINT ( 'NONE',  ( 4.615456827604012731E-17, -0.5000000000000000000, 0.1999999999999999278 ) ) ;
#857 = LINE ( 'NONE', #385, #4439 ) ;
#858 = DIRECTION ( 'NONE',  ( 0.000000000000000000, 0.000000000000000000, -1.000000000000000000 ) ) ;
#859 = VERTEX_POINT ( 'NONE', #2530 ) ;
#860 = LINE ( 'NONE', #6094, #4433 ) ;
#861 = CARTESIAN_POINT ( 'NONE',  ( -0.6499999999999994671, -4.299999999999999822, -5.699999999999999289 ) ) ;
#862 = VECTOR ( 'NONE', #6066, 1000.000000000000000 ) ;
#863 = VECTOR ( 'NONE', #140, 1000.000000000000000 ) ;
#864 = FACE_OUTER_BOUND ( 'NONE', #797, .T. ) ;
#865 = ORIENTED_EDGE ( 'NONE', *, *, #714, .T. ) ;
#866 = VECTOR ( 'NONE', #3240, 1000.000000000000000 ) ;
#867 = EDGE_LOOP ( 'NONE', ( #2541, #4622, #4905, #5193 ) ) ;
#868 = CARTESIAN_POINT ( 'NONE',  ( -3.350000000000000089, 6.349999999999999645, 1.558407044966670041 ) ) ;
#869 = EDGE_LOOP ( 'NONE', ( #3205, #2048, #3278, #5624 ) ) ;
#870 = CARTESIAN_POINT ( 'NONE',  ( 2.000000000000000000, -5.200000000000000178, 0.2999999999999999889 ) ) ;
#871 = LINE ( 'NONE', #3633, #4517 ) ;
#872 =( GEOMETRIC_REPRESENTATION_CONTEXT ( 3 ) GLOBAL_UNCERTAINTY_ASSIGNED_CONTEXT ( ( #5340 ) ) GLOBAL_UNIT_ASSIGNED_CONTEXT ( ( #1991, #584, #2515 ) ) REPRESENTATION_CONTEXT ( 'NONE', 'WORKASPACE' ) );
#873 = ORIENTED_EDGE ( 'NONE', *, *, #3685, .T. ) ;
#874 = FACE_OUTER_BOUND ( 'NONE', #4994, .T. ) ;
#875 = ORIENTED_EDGE ( 'NONE', *, *, #1523, .T. ) ;
#876 = LINE ( 'NONE', #5053, #3433 ) ;
#877 = CARTESIAN_POINT ( 'NONE',  ( 1.949999999999999956, 3.000000000000000000, 5.500000000000000000 ) ) ;
#878 = CARTESIAN_POINT ( 'NONE',  ( 2.000000000000000000, -4.740000000000000213, 0.2999999999999999889 ) ) ;
#879 = ORIENTED_EDGE ( 'NONE', *, *, #4307, .F. ) ;
#880 = DIRECTION ( 'NONE',  ( 0.000000000000000000, 0.000000000000000000, -1.000000000000000000 ) ) ;
#881 = EDGE_CURVE ( 'NONE', #2124, #5070, #3980, .T. ) ;
#882 = ADVANCED_FACE ( 'NONE', ( #158 ), #2583, .F. ) ;
#883 = ORIENTED_EDGE ( 'NONE', *, *, #5650, .T. ) ;
#884 = EDGE_CURVE ( 'NONE', #2923, #4300, #595, .T. ) ;
#885 = CARTESIAN_POINT ( 'NONE',  ( -3.350000000000000089, -5.400000000000000355, 2.600000000000000089 ) ) ;
#886 = EDGE_CURVE ( 'NONE', #4359, #3697, #2121, .T. ) ;
#887 = EDGE_CURVE ( 'NONE', #4386, #671, #1540, .T. ) ;
#888 = LINE ( 'NONE', #6165, #6002 ) ;
#889 = ORIENTED_EDGE ( 'NONE', *, *, #836, .T. ) ;
#890 = DIRECTION ( 'NONE',  ( 0.000000000000000000, -1.000000000000000000, 0.000000000000000000 ) ) ;
#891 = CARTESIAN_POINT ( 'NONE',  ( -0.9000000000000000222, 0.4000000000000000222, 0.2000000000000000111 ) ) ;
#892 = ORIENTED_EDGE ( 'NONE', *, *, #4603, .T. ) ;
#893 = FACE_BOUND ( 'NONE', #1462, .T. ) ;
#894 = FACE_OUTER_BOUND ( 'NONE', #3305, .T. ) ;
#895 = ORIENTED_EDGE ( 'NONE', *, *, #303, .T. ) ;
#896 = VERTEX_POINT ( 'NONE', #2000 ) ;
#897 = CARTESIAN_POINT ( 'NONE',  ( -4.999999999999999112, 4.200000000000000178, -5.706807427695320456 ) ) ;
#898 = ORIENTED_EDGE ( 'NONE', *, *, #4277, .F. ) ;
#899 = FACE_OUTER_BOUND ( 'NONE', #827, .T. ) ;
#900 = PLANE ( 'NONE',  #6119 ) ;
#901 = EDGE_LOOP ( 'NONE', ( #1906, #2025, #3366, #49 ) ) ;
#902 = DIRECTION ( 'NONE',  ( 6.661338147750940229E-16, 0.000000000000000000, -1.000000000000000000 ) ) ;
#903 = ORIENTED_EDGE ( 'NONE', *, *, #881, .T. ) ;
#904 = CARTESIAN_POINT ( 'NONE',  ( 2.949999999999999734, 5.500000000000000000, 2.558407044966679589 ) ) ;
#905 = DIRECTION ( 'NONE',  ( -5.654319433712930882E-15, 1.000000000000000000, 6.661338147750960542E-15 ) ) ;
#906 = FILL_AREA_STYLE_COLOUR ( '', #328 ) ;
#907 = CARTESIAN_POINT ( 'NONE',  ( 2.850000000000000089, 6.349999999999999645, 6.799999999999999822 ) ) ;
#908 = EDGE_LOOP ( 'NONE', ( #590, #4509, #250, #4718 ) ) ;
#909 = LINE ( 'NONE', #57, #1238 ) ;
#910 = PLANE ( 'NONE',  #4917 ) ;
#911 = ORIENTED_EDGE ( 'NONE', *, *, #3695, .T. ) ;
#912 = CARTESIAN_POINT ( 'NONE',  ( -3.350000000000000089, 1.356744987573419997E-15, 3.558407044966669819 ) ) ;
#913 = FACE_OUTER_BOUND ( 'NONE', #2446, .T. ) ;
#914 = EDGE_CURVE ( 'NONE', #5893, #2175, #2942, .T. ) ;
#915 = ADVANCED_FACE ( 'NONE', ( #3892 ), #3429, .T. ) ;
#916 = ADVANCED_FACE ( 'NONE', ( #2496 ), #2996, .T. ) ;
#917 = VERTEX_POINT ( 'NONE', #1810 ) ;
#918 = LINE ( 'NONE', #2409, #3013 ) ;
#919 = ORIENTED_EDGE ( 'NONE', *, *, #5866, .T. ) ;
#920 = DIRECTION ( 'NONE',  ( 1.204669080539448604E-16, -1.000000000000000000, 0.000000000000000000 ) ) ;
#921 = CARTESIAN_POINT ( 'NONE',  ( 0.6500000000000000222, 0.4000000000000000222, -0.6999999999999999556 ) ) ;
#922 = ADVANCED_FACE ( 'NONE', ( #4620 ), #1780, .F. ) ;
#923 = EDGE_CURVE ( 'NONE', #3845, #2258, #3646, .T. ) ;
#924 = ORIENTED_EDGE ( 'NONE', *, *, #5228, .T. ) ;
#925 = EDGE_LOOP ( 'NONE', ( #1170, #2578, #5257, #1812 ) ) ;
#926 = DIRECTION ( 'NONE',  ( 0.000000000000000000, -1.000000000000000000, -5.657187386625000224E-17 ) ) ;
#927 = AXIS2_PLACEMENT_3D ( 'NONE', #1779, #5212, #3209 ) ;
#928 = CARTESIAN_POINT ( 'NONE',  ( -3.350000000000000089, -5.400000000000000355, 2.600000000000000089 ) ) ;
#929 = VECTOR ( 'NONE', #3624, 1000.000000000000000 ) ;
#930 = VECTOR ( 'NONE', #2971, 1000.000000000000000 ) ;
#931 = DIRECTION ( 'NONE',  ( 0.000000000000000000, -1.000000000000000000, 0.000000000000000000 ) ) ;
#932 = AXIS2_PLACEMENT_3D ( 'NONE', #2350, #6127, #6061 ) ;
#933 = VECTOR ( 'NONE', #2842, 1000.000000000000000 ) ;
#934 = EDGE_LOOP ( 'NONE', ( #4296, #5457, #1952, #2083 ) ) ;
#935 = LINE ( 'NONE', #2269, #2015 ) ;
#936 = ORIENTED_EDGE ( 'NONE', *, *, #2134, .T. ) ;
#937 = FACE_OUTER_BOUND ( 'NONE', #4407, .T. ) ;
#938 = PRESENTATION_STYLE_ASSIGNMENT (( #51 ) ) ;
#939 = AXIS2_PLACEMENT_3D ( 'NONE', #1100, #2067, #541 ) ;
#940 = DIRECTION ( 'NONE',  ( 1.000000000000000000, 1.223105969149230677E-16, 0.000000000000000000 ) ) ;
#941 = CARTESIAN_POINT ( 'NONE',  ( 2.949999999999999734, -4.895471604646350236E-17, 3.558407044966669819 ) ) ;
#942 = ORIENTED_EDGE ( 'NONE', *, *, #2757, .F. ) ;
#943 = CARTESIAN_POINT ( 'NONE',  ( -1.949999999999999956, -1.000000000000000000, 11.79999999999999893 ) ) ;
#944 = DIRECTION ( 'NONE',  ( 0.000000000000000000, -1.000000000000000000, -7.401486830834378990E-17 ) ) ;
#945 = ORIENTED_EDGE ( 'NONE', *, *, #3685, .F. ) ;
#946 = CARTESIAN_POINT ( 'NONE',  ( 2.000000000000000000, 4.740000000000000213, 0.2999999999999999889 ) ) ;
#947 = DIRECTION ( 'NONE',  ( 1.000000000000000000, 0.000000000000000000, 6.049014748177260544E-16 ) ) ;
#948 = LINE ( 'NONE', #1815, #2418 ) ;
#949 = AXIS2_PLACEMENT_3D ( 'NONE', #4134, #5098, #1405 ) ;
#950 = ORIENTED_EDGE ( 'NONE', *, *, #5565, .F. ) ;
#951 = LINE ( 'NONE', #2850, #3810 ) ;
#952 = VERTEX_POINT ( 'NONE', #4118 ) ;
#953 = DIRECTION ( 'NONE',  ( 0.000000000000000000, 1.000000000000000000, 0.000000000000000000 ) ) ;
#954 = AXIS2_PLACEMENT_3D ( 'NONE', #668, #4474, #5592 ) ;
#955 = EDGE_CURVE ( 'NONE', #5757, #1590, #2650, .T. ) ;
#956 = PLANE ( 'NONE',  #4599 ) ;
#957 = EDGE_CURVE ( 'NONE', #1053, #1979, #1689, .T. ) ;
#958 = CARTESIAN_POINT ( 'NONE',  ( 2.350000000000000089, -5.549999999999999822, 0.000000000000000000 ) ) ;
#959 = CIRCLE ( 'NONE', #4437, 0.6500000000000003553 ) ;
#960 = ORIENTED_EDGE ( 'NONE', *, *, #5032, .F. ) ;
#961 = ORIENTED_EDGE ( 'NONE', *, *, #2065, .T. ) ;
#962 = DIRECTION ( 'NONE',  ( 0.000000000000000000, -1.000000000000000000, 0.000000000000000000 ) ) ;
#963 = VECTOR ( 'NONE', #316, 1000.000000000000000 ) ;
#964 = ADVANCED_FACE ( 'NONE', ( #4584 ), #4152, .T. ) ;
#965 = DIRECTION ( 'NONE',  ( 0.000000000000000000, 1.000000000000000000, 0.000000000000000000 ) ) ;
#966 = VECTOR ( 'NONE', #5393, 1000.000000000000000 ) ;
#967 = EDGE_CURVE ( 'NONE', #5472, #6167, #2183, .T. ) ;
#968 = ADVANCED_FACE ( 'NONE', ( #5023 ), #4051, .F. ) ;
#969 = DIRECTION ( 'NONE',  ( 2.465190328815656965E-32, 0.5999999999999999778, 0.8000000000000000444 ) ) ;
#970 = AXIS2_PLACEMENT_3D ( 'NONE', #5837, #3452, #4899 ) ;
#971 = VECTOR ( 'NONE', #1151, 1000.000000000000000 ) ;
#972 = EDGE_LOOP ( 'NONE', ( #4653, #5038, #3167, #2564, #2215, #1854, #3232, #3393, #5350, #47, #1684, #3825 ) ) ;
#973 = CARTESIAN_POINT ( 'NONE',  ( -0.8000000000000000444, 2.850000000000000089, 1.600000000000000089 ) ) ;
#974 = ORIENTED_EDGE ( 'NONE', *, *, #3164, .T. ) ;
#975 = CARTESIAN_POINT ( 'NONE',  ( -2.000000000000000000, -5.200000000000000178, 5.300159206953672849E-32 ) ) ;
#976 = PRESENTATION_LAYER_ASSIGNMENT (  '', '', ( #3055 ) ) ;
#977 = AXIS2_PLACEMENT_3D ( 'NONE', #1734, #2636, #367 ) ;
#978 = CARTESIAN_POINT ( 'NONE',  ( -1.949999999999999956, -0.5999999999999999778, 11.50000000000000000 ) ) ;
#979 = CARTESIAN_POINT ( 'NONE',  ( -4.999999999999999112, 5.099999999999999645, -5.706807427695321344 ) ) ;
#980 = ORIENTED_EDGE ( 'NONE', *, *, #4489, .T. ) ;
#981 = PLANE ( 'NONE',  #3411 ) ;
#982 = LINE ( 'NONE', #5711, #2621 ) ;
#983 = ORIENTED_EDGE ( 'NONE', *, *, #4240, .F. ) ;
#984 = DIRECTION ( 'NONE',  ( 2.220446049250310320E-15, -2.220446049250310320E-15, 1.000000000000000000 ) ) ;
#985 = PRESENTATION_STYLE_ASSIGNMENT (( #4370 ) ) ;
#986 = LINE ( 'NONE', #243, #2613 ) ;
#987 = DIRECTION ( 'NONE',  ( -1.224646799147350002E-16, 1.000000000000000000, 0.000000000000000000 ) ) ;
#988 = VERTEX_POINT ( 'NONE', #1255 ) ;
#989 = CARTESIAN_POINT ( 'NONE',  ( 1.949999999999999956, -2.949999999999999734, 5.500000000000000000 ) ) ;
#990 = DIRECTION ( 'NONE',  ( 1.000000000000000000, -5.551115123125779621E-17, 0.000000000000000000 ) ) ;
#991 = ORIENTED_EDGE ( 'NONE', *, *, #419, .F. ) ;
#992 = VERTEX_POINT ( 'NONE', #1716 ) ;
#993 = LINE ( 'NONE', #1018, #2840 ) ;
#994 = DIRECTION ( 'NONE',  ( 0.000000000000000000, -1.000000000000000000, 0.000000000000000000 ) ) ;
#995 = EDGE_CURVE ( 'NONE', #1031, #6, #311, .T. ) ;
#996 = ADVANCED_FACE ( 'NONE', ( #3706 ), #4522, .F. ) ;
#997 = EDGE_CURVE ( 'NONE', #2043, #511, #4080, .T. ) ;
#998 = EDGE_CURVE ( 'NONE', #2381, #2866, #4988, .T. ) ;
#999 = ORIENTED_EDGE ( 'NONE', *, *, #386, .F. ) ;
#1000 = ORIENTED_EDGE ( 'NONE', *, *, #459, .T. ) ;
#1001 = CARTESIAN_POINT ( 'NONE',  ( -3.350000000000000089, 2.600000000000000089, 3.000000000000000000 ) ) ;
#1002 = DIRECTION ( 'NONE',  ( 0.000000000000000000, -1.000000000000000000, 0.000000000000000000 ) ) ;
#1003 = ADVANCED_FACE ( 'NONE', ( #5987 ), #1219, .T. ) ;
#1004 = ORIENTED_EDGE ( 'NONE', *, *, #5728, .F. ) ;
#1005 = CARTESIAN_POINT ( 'NONE',  ( 0.000000000000000000, -5.400000000000000355, 0.000000000000000000 ) ) ;
#1006 = DIRECTION ( 'NONE',  ( 1.224646799147350002E-16, -1.000000000000000000, 0.000000000000000000 ) ) ;
#1007 = LINE ( 'NONE', #2902, #2630 ) ;
#1008 = VERTEX_POINT ( 'NONE', #4655 ) ;
#1009 = CARTESIAN_POINT ( 'NONE',  ( -2.949999999999999734, -5.500000000000000000, 4.558407044966670263 ) ) ;
#1010 = CARTESIAN_POINT ( 'NONE',  ( 2.949999999999999734, -2.500000000000000000, 4.558407044966670263 ) ) ;
#1011 = CARTESIAN_POINT ( 'NONE',  ( -1.949999999999999956, -1.000000000000000000, 11.79999999999999893 ) ) ;
#1012 = FACE_OUTER_BOUND ( 'NONE', #106, .T. ) ;
#1013 = EDGE_LOOP ( 'NONE', ( #5136, #4989, #1800, #1347 ) ) ;
#1014 = CARTESIAN_POINT ( 'NONE',  ( -0.6500000000000000222, -4.299999999999999822, -0.6999999999999999556 ) ) ;
#1015 = VERTEX_POINT ( 'NONE', #1287 ) ;
#1016 = VERTEX_POINT ( 'NONE', #378 ) ;
#1017 = VERTEX_POINT ( 'NONE', #4179 ) ;
#1018 = CARTESIAN_POINT ( 'NONE',  ( -2.000000000000000000, -5.100000000000000533, 0.5999999999999999778 ) ) ;
#1019 = LINE ( 'NONE', #554, #5499 ) ;
#1020 = ORIENTED_EDGE ( 'NONE', *, *, #376, .T. ) ;
#1021 = VECTOR ( 'NONE', #78, 1000.000000000000000 ) ;
#1022 = VECTOR ( 'NONE', #5479, 1000.000000000000000 ) ;
#1023 = ORIENTED_EDGE ( 'NONE', *, *, #1986, .F. ) ;
#1024 = DIRECTION ( 'NONE',  ( 0.000000000000000000, 0.000000000000000000, 1.000000000000000000 ) ) ;
#1025 = EDGE_CURVE ( 'NONE', #5280, #5072, #3121, .T. ) ;
#1026 = FACE_OUTER_BOUND ( 'NONE', #2119, .T. ) ;
#1027 = DIRECTION ( 'NONE',  ( 6.167905692361989436E-16, -1.000000000000000000, 0.000000000000000000 ) ) ;
#1028 = VECTOR ( 'NONE', #5940, 1000.000000000000000 ) ;
#1029 = AXIS2_PLACEMENT_3D ( 'NONE', #2403, #1070, #5716 ) ;
#1030 = VECTOR ( 'NONE', #1951, 1000.000000000000000 ) ;
#1031 = VERTEX_POINT ( 'NONE', #716 ) ;
#1032 = LINE ( 'NONE', #2553, #5843 ) ;
#1033 = PLANE ( 'NONE',  #2722 ) ;
#1034 = DIRECTION ( 'NONE',  ( -7.492658506313160175E-16, 0.000000000000000000, -1.000000000000000000 ) ) ;
#1035 = ORIENTED_EDGE ( 'NONE', *, *, #3382, .T. ) ;
#1037 = PLANE ( 'NONE',  #3635 ) ;
#1036 = VECTOR ( 'NONE', #4520, 1000.000000000000000 ) ;
#1038 = VECTOR ( 'NONE', #2463, 1000.000000000000000 ) ;
#1039 = UNCERTAINTY_MEASURE_WITH_UNIT (LENGTH_MEASURE( 1.000000000000000082E-05 ), #2891, 'distance_accuracy_value', 'NONE');
#1040 = CARTESIAN_POINT ( 'NONE',  ( -2.850000000000000089, -6.349999999999999645, 6.400000000000000355 ) ) ;
#1041 = EDGE_CURVE ( 'NONE', #95, #3850, #2615, .T. ) ;
#1042 = EDGE_CURVE ( 'NONE', #4165, #6178, #1416, .T. ) ;
#1043 = EDGE_CURVE ( 'NONE', #4495, #5178, #2308, .T. ) ;
#1044 = DIRECTION ( 'NONE',  ( 0.000000000000000000, -1.000000000000000000, -5.551115123125779621E-17 ) ) ;
#1045 = VECTOR ( 'NONE', #2236, 1000.000000000000000 ) ;
#1046 = CARTESIAN_POINT ( 'NONE',  ( -2.949999999999999734, -6.349999999999999645, 6.200000000000000178 ) ) ;
#1047 = EDGE_LOOP ( 'NONE', ( #2337, #2437, #2883, #4774 ) ) ;
#1048 = CARTESIAN_POINT ( 'NONE',  ( -3.350000000000000089, -0.8000000000000000444, 2.500000000000000000 ) ) ;
#1049 = ORIENTED_EDGE ( 'NONE', *, *, #641, .F. ) ;
#1050 = VECTOR ( 'NONE', #3054, 1000.000000000000114 ) ;
#1051 = VECTOR ( 'NONE', #962, 1000.000000000000000 ) ;
#1052 = ORIENTED_EDGE ( 'NONE', *, *, #2202, .F. ) ;
#1053 = VERTEX_POINT ( 'NONE', #1445 ) ;
#1054 = DIRECTION ( 'NONE',  ( 0.000000000000000000, -1.000000000000000000, 0.000000000000000000 ) ) ;
#1055 = STYLED_ITEM ( 'NONE', ( #1455 ), #2304 ) ;
#1056 = DIRECTION ( 'NONE',  ( 1.000000000000000000, 1.734723475976807094E-15, -1.734723475976807094E-15 ) ) ;
#1057 = ORIENTED_EDGE ( 'NONE', *, *, #1642, .T. ) ;
#1058 = VECTOR ( 'NONE', #1419, 1000.000000000000000 ) ;
#1059 = VERTEX_POINT ( 'NONE', #1357 ) ;
#1060 = CARTESIAN_POINT ( 'NONE',  ( 1.949999999999999956, -2.600000000000000089, 11.79999999999999893 ) ) ;
#1061 = CARTESIAN_POINT ( 'NONE',  ( 2.000000000000000000, 0.4000000000000000222, 0.2000000000000000111 ) ) ;
#1062 = AXIS2_PLACEMENT_3D ( 'NONE', #6014, #277, #1384 ) ;
#1063 = ORIENTED_EDGE ( 'NONE', *, *, #3986, .T. ) ;
#1064 = DIRECTION ( 'NONE',  ( 1.517040202348094797E-29, 1.000000000000000000, -8.881784197001241279E-15 ) ) ;
#1065 = CARTESIAN_POINT ( 'NONE',  ( 2.350000000000000089, 4.740000000000000213, 0.5999999999999999778 ) ) ;
#1066 = CARTESIAN_POINT ( 'NONE',  ( 0.9000000000000000222, 4.200000000000000178, -0.4000000000000000222 ) ) ;
#1067 = CIRCLE ( 'NONE', #4350, 0.1000000000000002554 ) ;
#1068 = VERTEX_POINT ( 'NONE', #4753 ) ;
#1069 = PLANE ( 'NONE',  #656 ) ;
#1070 = DIRECTION ( 'NONE',  ( 1.000000000000000000, 1.387778780781449866E-16, 1.178997902256800061E-16 ) ) ;
#1071 = CARTESIAN_POINT ( 'NONE',  ( -1.949999999999999956, 3.000000000000000000, 1.600000000000000089 ) ) ;
#1072 = AXIS2_PLACEMENT_3D ( 'NONE', #5849, #163, #3489 ) ;
#1073 = ORIENTED_EDGE ( 'NONE', *, *, #2023, .T. ) ;
#1074 = EDGE_CURVE ( 'NONE', #1692, #1507, #2519, .T. ) ;
#1075 = EDGE_CURVE ( 'NONE', #1410, #6033, #3274, .T. ) ;
#1076 = EDGE_CURVE ( 'NONE', #5080, #4386, #909, .T. ) ;
#1077 = EDGE_CURVE ( 'NONE', #4696, #401, #5187, .T. ) ;
#1078 = DIRECTION ( 'NONE',  ( -1.000000000000000000, -1.387778780781449866E-16, 0.000000000000000000 ) ) ;
#1079 = ORIENTED_EDGE ( 'NONE', *, *, #648, .T. ) ;
#1080 = LINE ( 'NONE', #2470, #3141 ) ;
#1081 = EDGE_LOOP ( 'NONE', ( #6043, #1639, #3432, #4590 ) ) ;
#1082 = LINE ( 'NONE', #2626, #1666 ) ;
#1083 = EDGE_LOOP ( 'NONE', ( #2816, #4595, #189, #680 ) ) ;
#1084 = EDGE_LOOP ( 'NONE', ( #572, #566, #2676, #594 ) ) ;
#1085 = FACE_OUTER_BOUND ( 'NONE', #5876, .T. ) ;
#1086 = DIRECTION ( 'NONE',  ( 0.000000000000000000, 0.000000000000000000, -1.000000000000000000 ) ) ;
#1087 = VERTEX_POINT ( 'NONE', #4685 ) ;
#1088 = ORIENTED_EDGE ( 'NONE', *, *, #3279, .F. ) ;
#1089 = DIRECTION ( 'NONE',  ( 2.775557561562890365E-16, -1.000000000000000000, 0.000000000000000000 ) ) ;
#1090 = CARTESIAN_POINT ( 'NONE',  ( -2.000000000000000000, -4.299999999999999822, 0.2000000000000000111 ) ) ;
#1091 = DIRECTION ( 'NONE',  ( 8.725194088223511045E-33, 1.000000000000000000, -1.442415740654729917E-17 ) ) ;
#1092 = VERTEX_POINT ( 'NONE', #4781 ) ;
#1093 = DIRECTION ( 'NONE',  ( 0.000000000000000000, 0.000000000000000000, -1.000000000000000000 ) ) ;
#1094 = CARTESIAN_POINT ( 'NONE',  ( -4.999999999999999112, -5.200000000000001066, -6.349999999999999645 ) ) ;
#1095 = DIRECTION ( 'NONE',  ( -1.000000000000000000, 0.000000000000000000, -5.551115123125780730E-16 ) ) ;
#1096 = ORIENTED_EDGE ( 'NONE', *, *, #5946, .T. ) ;
#1097 = LINE ( 'NONE', #5426, #2245 ) ;
#1098 = VERTEX_POINT ( 'NONE', #4210 ) ;
#1099 = DIRECTION ( 'NONE',  ( -1.138690281666829832E-16, 0.000000000000000000, -1.000000000000000000 ) ) ;
#1100 = CARTESIAN_POINT ( 'NONE',  ( 3.350000000000000089, -5.400000000000000355, 3.000000000000000000 ) ) ;
#1101 = DIRECTION ( 'NONE',  ( -0.09571240664425752220, 0.9954090291002811730, 0.000000000000000000 ) ) ;
#1102 = DIRECTION ( 'NONE',  ( 1.000000000000000000, 0.000000000000000000, 7.569702440626069226E-17 ) ) ;
#1103 = VERTEX_POINT ( 'NONE', #6121 ) ;
#1104 = LINE ( 'NONE', #4436, #2046 ) ;
#1105 = EDGE_LOOP ( 'NONE', ( #5660, #313, #1923, #1701 ) ) ;
#1106 = EDGE_CURVE ( 'NONE', #1775, #3262, #2873, .T. ) ;
#1107 = ADVANCED_FACE ( 'NONE', ( #475 ), #981, .T. ) ;
#1108 = UNCERTAINTY_MEASURE_WITH_UNIT (LENGTH_MEASURE( 1.000000000000000082E-05 ), #1881, 'distance_accuracy_value', 'NONE');
#1109 = FACE_OUTER_BOUND ( 'NONE', #1892, .T. ) ;
#1110 = VERTEX_POINT ( 'NONE', #2374 ) ;
#1111 = ORIENTED_EDGE ( 'NONE', *, *, #77, .T. ) ;
#1112 = FACE_OUTER_BOUND ( 'NONE', #4710, .T. ) ;
#1113 = EDGE_CURVE ( 'NONE', #5286, #3285, #2806, .T. ) ;
#1114 = EDGE_CURVE ( 'NONE', #2369, #4876, #4279, .T. ) ;
#1115 = DIRECTION ( 'NONE',  ( 0.000000000000000000, -1.000000000000000000, 0.000000000000000000 ) ) ;
#1116 = ORIENTED_EDGE ( 'NONE', *, *, #3874, .F. ) ;
#1117 = ORIENTED_EDGE ( 'NONE', *, *, #3194, .T. ) ;
#1118 = FACE_OUTER_BOUND ( 'NONE', #88, .T. ) ;
#1119 = DIRECTION ( 'NONE',  ( -1.130863886742569965E-15, 1.000000000000000000, 6.661338147750940820E-15 ) ) ;
#1120 = CARTESIAN_POINT ( 'NONE',  ( -1.949999999999999956, -1.399999999999999911, 11.50000000000000000 ) ) ;
#1121 = VECTOR ( 'NONE', #1370, 1000.000000000000000 ) ;
#1122 = ORIENTED_EDGE ( 'NONE', *, *, #2065, .F. ) ;
#1123 = LINE ( 'NONE', #3021, #4092 ) ;
#1124 = CARTESIAN_POINT ( 'NONE',  ( 2.000000000000000000, -3.100000000000000089, 6.799999999999999822 ) ) ;
#1125 = EDGE_LOOP ( 'NONE', ( #3638, #1418, #1116, #598, #4454, #1268, #2148, #3567, #2262, #2182, #5618, #4597, #1023, #75, #1962, #6010, #4161 ) ) ;
#1126 = DIRECTION ( 'NONE',  ( -0.7682212795973758501, -9.476632806844516159E-17, -0.6401843996644798196 ) ) ;
#1127 = VECTOR ( 'NONE', #4013, 1000.000000000000000 ) ;
#1128 = VECTOR ( 'NONE', #1323, 1000.000000000000000 ) ;
#1129 = VECTOR ( 'NONE', #3256, 1000.000000000000000 ) ;
#1130 = DIRECTION ( 'NONE',  ( -1.000000000000000000, -1.029983974020404631E-16, -1.178997902256800061E-16 ) ) ;
#1131 = CARTESIAN_POINT ( 'NONE',  ( 2.949999999999999734, 6.349999999999999645, 6.299999999999999822 ) ) ;
#1132 = VECTOR ( 'NONE', #2869, 1000.000000000000000 ) ;
#1133 = VECTOR ( 'NONE', #5216, 1000.000000000000000 ) ;
#1134 = ORIENTED_EDGE ( 'NONE', *, *, #2744, .F. ) ;
#1135 = ORIENTED_EDGE ( 'NONE', *, *, #4877, .F. ) ;
#1136 = AXIS2_PLACEMENT_3D ( 'NONE', #2255, #4156, #4665 ) ;
#1137 = CARTESIAN_POINT ( 'NONE',  ( -3.350000000000000089, -0.8000000000000000444, 3.500000000000000000 ) ) ;
#1138 = ORIENTED_EDGE ( 'NONE', *, *, #4992, .T. ) ;
#1139 = ADVANCED_FACE ( 'NONE', ( #4302 ), #5653, .F. ) ;
#1140 = EDGE_CURVE ( 'NONE', #3412, #5131, #1390, .T. ) ;
#1141 = ORIENTED_EDGE ( 'NONE', *, *, #1744, .F. ) ;
#1142 = DIRECTION ( 'NONE',  ( 1.000000000000000000, 0.000000000000000000, 0.000000000000000000 ) ) ;
#1143 = CARTESIAN_POINT ( 'NONE',  ( 2.350000000000000089, -5.549999999999999822, 0.2999999999999999889 ) ) ;
#1144 = VECTOR ( 'NONE', #2132, 1000.000000000000000 ) ;
#1145 = EDGE_LOOP ( 'NONE', ( #5381, #5175, #3857, #4889, #2086, #1840 ) ) ;
#1146 = EDGE_CURVE ( 'NONE', #5904, #5964, #5247, .T. ) ;
#1147 = ADVANCED_FACE ( 'NONE', ( #2345 ), #3799, .T. ) ;
#1148 = EDGE_CURVE ( 'NONE', #1110, #5769, #3834, .T. ) ;
#1149 = EDGE_CURVE ( 'NONE', #477, #5941, #3774, .T. ) ;
#1150 = ORIENTED_EDGE ( 'NONE', *, *, #3615, .T. ) ;
#1151 = DIRECTION ( 'NONE',  ( 2.220446049250310320E-15, -2.220446049250310320E-15, 1.000000000000000000 ) ) ;
#1152 = VECTOR ( 'NONE', #2217, 1000.000000000000000 ) ;
#1153 = CARTESIAN_POINT ( 'NONE',  ( 3.350000000000000089, -1.000000000000000000, 3.558407044966669819 ) ) ;
#1154 = DIRECTION ( 'NONE',  ( 7.930164461608259947E-17, 0.000000000000000000, 1.000000000000000000 ) ) ;
#1155 = VECTOR ( 'NONE', #1973, 1000.000000000000000 ) ;
#1156 = ORIENTED_EDGE ( 'NONE', *, *, #1880, .F. ) ;
#1157 = DIRECTION ( 'NONE',  ( -1.000000000000000000, 0.000000000000000000, 0.000000000000000000 ) ) ;
#1158 = DIRECTION ( 'NONE',  ( 0.000000000000000000, 0.000000000000000000, 1.000000000000000000 ) ) ;
#1159 = VERTEX_POINT ( 'NONE', #530 ) ;
#1160 = DIRECTION ( 'NONE',  ( 0.6401843996644799306, 1.421494921026679643E-16, -0.7682212795973758501 ) ) ;
#1161 = LINE ( 'NONE', #5924, #2918 ) ;
#1162 = VECTOR ( 'NONE', #2861, 1000.000000000000000 ) ;
#1163 = DIRECTION ( 'NONE',  ( 1.000000000000000000, 0.000000000000000000, 0.000000000000000000 ) ) ;
#1164 = CARTESIAN_POINT ( 'NONE',  ( -2.949999999999999734, -6.349999999999999645, 0.000000000000000000 ) ) ;
#1165 = ORIENTED_EDGE ( 'NONE', *, *, #2585, .F. ) ;
#1166 = VECTOR ( 'NONE', #2266, 1000.000000000000000 ) ;
#1167 = DIRECTION ( 'NONE',  ( 1.000000000000000000, 0.000000000000000000, 0.000000000000000000 ) ) ;
#1168 = ORIENTED_EDGE ( 'NONE', *, *, #4615, .F. ) ;
#1169 = LINE ( 'NONE', #3982, #2534 ) ;
#1170 = ORIENTED_EDGE ( 'NONE', *, *, #3531, .T. ) ;
#1171 = CARTESIAN_POINT ( 'NONE',  ( -1.949999999999999956, 0.9499999999999999556, 11.50000000000000000 ) ) ;
#1172 = AXIS2_PLACEMENT_3D ( 'NONE', #702, #1119, #3047 ) ;
#1173 = DIRECTION ( 'NONE',  ( 1.000000000000000000, 0.000000000000000000, 0.000000000000000000 ) ) ;
#1174 = ORIENTED_EDGE ( 'NONE', *, *, #5868, .T. ) ;
#1175 = DIRECTION ( 'NONE',  ( 0.000000000000000000, 0.000000000000000000, -1.000000000000000000 ) ) ;
#1176 = CARTESIAN_POINT ( 'NONE',  ( -2.500000000000000000, 5.500000000000000000, 6.200000000000000178 ) ) ;
#1177 = CARTESIAN_POINT ( 'NONE',  ( -2.949999999999999734, -6.349999999999999645, 6.299999999999999822 ) ) ;
#1178 = VERTEX_POINT ( 'NONE', #4337 ) ;
#1179 = ORIENTED_EDGE ( 'NONE', *, *, #2479, .T. ) ;
#1180 = CARTESIAN_POINT ( 'NONE',  ( 2.000000000000000000, -0.2599999999999999534, 0.2999999999999999889 ) ) ;
#1181 = DIRECTION ( 'NONE',  ( -6.049014748177260544E-16, 0.000000000000000000, -1.000000000000000000 ) ) ;
#1182 = CARTESIAN_POINT ( 'NONE',  ( -2.000000000000000000, 3.100000000000000089, 6.799999999999999822 ) ) ;
#1183 = EDGE_CURVE ( 'NONE', #4339, #4958, #5832, .T. ) ;
#1184 = EDGE_CURVE ( 'NONE', #2456, #828, #5771, .T. ) ;
#1185 = ADVANCED_FACE ( 'NONE', ( #5945 ), #2964, .T. ) ;
#1186 = EDGE_CURVE ( 'NONE', #2195, #1663, #2634, .T. ) ;
#1187 = VERTEX_POINT ( 'NONE', #4570 ) ;
#1188 = FACE_OUTER_BOUND ( 'NONE', #1081, .T. ) ;
#1189 = ORIENTED_EDGE ( 'NONE', *, *, #2473, .F. ) ;
#1190 = DIRECTION ( 'NONE',  ( -1.387778780781449866E-16, 1.000000000000000000, 0.000000000000000000 ) ) ;
#1191 = ORIENTED_EDGE ( 'NONE', *, *, #1651, .F. ) ;
#1192 = CARTESIAN_POINT ( 'NONE',  ( 2.350000000000000089, -5.259999999999999787, 0.5999999999999999778 ) ) ;
#1193 = EDGE_CURVE ( 'NONE', #3657, #5314, #4839, .T. ) ;
#1194 = LINE ( 'NONE', #749, #5005 ) ;
#1195 = DIRECTION ( 'NONE',  ( 0.000000000000000000, -1.000000000000000000, 8.300732894393689751E-17 ) ) ;
#1196 = ORIENTED_EDGE ( 'NONE', *, *, #4568, .F. ) ;
#1197 = DIRECTION ( 'NONE',  ( 0.000000000000000000, 0.000000000000000000, 1.000000000000000000 ) ) ;
#1198 = VERTEX_POINT ( 'NONE', #3558 ) ;
#1199 = FACE_OUTER_BOUND ( 'NONE', #521, .T. ) ;
#1200 = DIRECTION ( 'NONE',  ( 1.000000000000000000, 0.000000000000000000, 0.000000000000000000 ) ) ;
#1201 = VERTEX_POINT ( 'NONE', #2140 ) ;
#1202 = VERTEX_POINT ( 'NONE', #2027 ) ;
#1203 = CARTESIAN_POINT ( 'NONE',  ( 7.333227774436681775E-16, -0.5000000000000000000, -5.699999999999999289 ) ) ;
#1204 = FACE_OUTER_BOUND ( 'NONE', #4477, .T. ) ;
#1205 = ORIENTED_EDGE ( 'NONE', *, *, #1457, .T. ) ;
#1206 = CARTESIAN_POINT ( 'NONE',  ( -1.949999999999999956, -2.949999999999999734, 5.500000000000000000 ) ) ;
#1207 = ORIENTED_EDGE ( 'NONE', *, *, #103, .F. ) ;
#1208 = DIRECTION ( 'NONE',  ( 2.337311630789800155E-16, 0.000000000000000000, -1.000000000000000000 ) ) ;
#1209 = LINE ( 'NONE', #703, #3510 ) ;
#1210 = VERTEX_POINT ( 'NONE', #5970 ) ;
#1211 = DIRECTION ( 'NONE',  ( -1.000000000000000000, -2.775557561562890365E-16, -2.775557561562890365E-16 ) ) ;
#1212 = EDGE_CURVE ( 'NONE', #1615, #3709, #3921, .T. ) ;
#1213 = EDGE_CURVE ( 'NONE', #5173, #3628, #1562, .T. ) ;
#1214 = VERTEX_POINT ( 'NONE', #4035 ) ;
#1215 = DIRECTION ( 'NONE',  ( 0.000000000000000000, -1.000000000000000000, -1.368455531567199917E-48 ) ) ;
#1216 = PLANE ( 'NONE',  #4824 ) ;
#1217 = CARTESIAN_POINT ( 'NONE',  ( -2.000000000000000000, -4.299999999999999822, 0.2999999999999999889 ) ) ;
#1218 = ORIENTED_EDGE ( 'NONE', *, *, #2211, .T. ) ;
#1219 = PLANE ( 'NONE',  #5815 ) ;
#1220 = VECTOR ( 'NONE', #1086, 1000.000000000000000 ) ;
#1221 = ORIENTED_EDGE ( 'NONE', *, *, #4192, .T. ) ;
#1222 = EDGE_CURVE ( 'NONE', #4300, #5887, #4867, .T. ) ;
#1224 = FACE_OUTER_BOUND ( 'NONE', #2606, .T. ) ;
#1223 = VECTOR ( 'NONE', #3297, 1000.000000000000000 ) ;
#1225 = EDGE_CURVE ( 'NONE', #4668, #729, #616, .T. ) ;
#1226 = ORIENTED_EDGE ( 'NONE', *, *, #4982, .F. ) ;
#1227 = LINE ( 'NONE', #214, #5506 ) ;
#1228 = VECTOR ( 'NONE', #607, 1000.000000000000000 ) ;
#1229 = MECHANICAL_DESIGN_GEOMETRIC_PRESENTATION_REPRESENTATION (  '', ( #4410 ), #5108 ) ;
#1230 = CIRCLE ( 'NONE', #5708, 0.6465962861523397720 ) ;
#1231 = DIRECTION ( 'NONE',  ( 0.000000000000000000, 0.000000000000000000, 1.000000000000000000 ) ) ;
#1232 = CARTESIAN_POINT ( 'NONE',  ( -3.350000000000000089, -5.400000000000000355, 3.000000000000000000 ) ) ;
#1233 = ORIENTED_EDGE ( 'NONE', *, *, #5075, .F. ) ;
#1234 = ORIENTED_EDGE ( 'NONE', *, *, #3846, .F. ) ;
#1235 = DIRECTION ( 'NONE',  ( -9.201113765762960554E-32, 1.000000000000000000, 1.521092962872260001E-16 ) ) ;
#1236 = DIRECTION ( 'NONE',  ( -1.233581138472399909E-16, 1.000000000000000000, 0.000000000000000000 ) ) ;
#1237 = VECTOR ( 'NONE', #940, 1000.000000000000000 ) ;
#1238 = VECTOR ( 'NONE', #880, 1000.000000000000000 ) ;
#1239 = FACE_OUTER_BOUND ( 'NONE', #2604, .T. ) ;
#1240 = VERTEX_POINT ( 'NONE', #5473 ) ;
#1241 = DIRECTION ( 'NONE',  ( -1.387778780781449866E-16, 1.000000000000000000, 0.000000000000000000 ) ) ;
#1242 = VERTEX_POINT ( 'NONE', #588 ) ;
#1243 = LINE ( 'NONE', #833, #1272 ) ;
#1244 = PLANE ( 'NONE',  #1380 ) ;
#1245 = VECTOR ( 'NONE', #1095, 1000.000000000000000 ) ;
#1246 = DIRECTION ( 'NONE',  ( -1.224646799147350002E-16, 0.000000000000000000, -1.000000000000000000 ) ) ;
#1247 = ORIENTED_EDGE ( 'NONE', *, *, #5231, .F. ) ;
#1248 = CARTESIAN_POINT ( 'NONE',  ( -2.949999999999999734, 1.356744987573419997E-15, 3.558407044966669819 ) ) ;
#1249 = ORIENTED_EDGE ( 'NONE', *, *, #3808, .T. ) ;
#1250 = DIRECTION ( 'NONE',  ( 1.000000000000000000, 0.000000000000000000, -1.110223024625160090E-15 ) ) ;
#1251 = DIRECTION ( 'NONE',  ( 0.000000000000000000, 0.000000000000000000, -1.000000000000000000 ) ) ;
#1252 = LINE ( 'NONE', #4961, #2421 ) ;
#1253 = FACE_OUTER_BOUND ( 'NONE', #4016, .T. ) ;
#1254 = VECTOR ( 'NONE', #953, 1000.000000000000000 ) ;
#1255 = CARTESIAN_POINT ( 'NONE',  ( 0.9000000000000001332, -0.4999999999999997780, 0.2000000000000000389 ) ) ;
#1256 = DIRECTION ( 'NONE',  ( 0.000000000000000000, 0.000000000000000000, 1.000000000000000000 ) ) ;
#1257 = ORIENTED_EDGE ( 'NONE', *, *, #3798, .T. ) ;
#1258 = CARTESIAN_POINT ( 'NONE',  ( 0.000000000000000000, 0.000000000000000000, 6.799999999999999822 ) ) ;
#1259 = VECTOR ( 'NONE', #2754, 1000.000000000000000 ) ;
#1260 = LINE ( 'NONE', #3580, #1626 ) ;
#1261 = EDGE_CURVE ( 'NONE', #854, #5848, #5006, .T. ) ;
#1262 = ADVANCED_FACE ( 'NONE', ( #737 ), #1033, .T. ) ;
#1263 = EDGE_CURVE ( 'NONE', #5080, #3296, #267, .T. ) ;
#1264 = VECTOR ( 'NONE', #4747, 1000.000000000000000 ) ;
#1265 = EDGE_CURVE ( 'NONE', #1334, #1031, #3605, .T. ) ;
#1266 = DIRECTION ( 'NONE',  ( 1.000000000000000000, -1.398706172756099997E-16, 0.000000000000000000 ) ) ;
#1267 = DIRECTION ( 'NONE',  ( 1.398706172756099997E-16, 1.000000000000000000, 0.000000000000000000 ) ) ;
#1268 = ORIENTED_EDGE ( 'NONE', *, *, #1043, .F. ) ;
#1269 = DIRECTION ( 'NONE',  ( -0.000000000000000000, 1.000000000000000000, 0.000000000000000000 ) ) ;
#1270 = CARTESIAN_POINT ( 'NONE',  ( -0.9000000000000000222, 5.100000000000000533, 0.2000000000000000111 ) ) ;
#1271 = COLOUR_RGB ( '',0.7921568627450980005, 0.8196078431372548767, 0.9333333333333333481 ) ;
#1272 = VECTOR ( 'NONE', #1208, 1000.000000000000000 ) ;
#1273 = LINE ( 'NONE', #3166, #1625 ) ;
#1274 = ORIENTED_EDGE ( 'NONE', *, *, #1225, .T. ) ;
#1275 = CARTESIAN_POINT ( 'NONE',  ( 2.949999999999999734, 0.8000000000000000444, 3.500000000000000000 ) ) ;
#1276 = VERTEX_POINT ( 'NONE', #4064 ) ;
#1277 = DIRECTION ( 'NONE',  ( 1.178997902256800061E-16, 0.000000000000000000, -1.000000000000000000 ) ) ;
#1278 =( NAMED_UNIT ( * ) SI_UNIT ( $, .STERADIAN. ) SOLID_ANGLE_UNIT ( ) );
#1279 = DIRECTION ( 'NONE',  ( 0.000000000000000000, 0.000000000000000000, 1.000000000000000000 ) ) ;
#1280 = ORIENTED_EDGE ( 'NONE', *, *, #271, .T. ) ;
#1281 = DIRECTION ( 'NONE',  ( 0.000000000000000000, -0.000000000000000000, 1.000000000000000000 ) ) ;
#1282 = ORIENTED_EDGE ( 'NONE', *, *, #1186, .F. ) ;
#1283 = LINE ( 'NONE', #5516, #3243 ) ;
#1284 = CARTESIAN_POINT ( 'NONE',  ( -2.949999999999999734, 2.500000000000000000, 4.558407044966670263 ) ) ;
#1285 = CARTESIAN_POINT ( 'NONE',  ( 5.421010862427522170E-16, 5.100000000000000533, -5.706807427695320456 ) ) ;
#1286 = CARTESIAN_POINT ( 'NONE',  ( -1.949999999999999956, -1.399999999999999911, 11.50000000000000000 ) ) ;
#1287 = CARTESIAN_POINT ( 'NONE',  ( -1.949999999999999956, 0.5999999999999999778, 11.79999999999999893 ) ) ;
#1288 = ORIENTED_EDGE ( 'NONE', *, *, #5409, .T. ) ;
#1289 = LINE ( 'NONE', #4723, #5246 ) ;
#1290 = DIRECTION ( 'NONE',  ( -6.049014748177260544E-16, -2.261241645955699995E-16, 1.000000000000000000 ) ) ;
#1291 = CARTESIAN_POINT ( 'NONE',  ( -2.350000000000000089, -4.740000000000000213, 0.5999999999999999778 ) ) ;
#1292 = DIRECTION ( 'NONE',  ( 0.000000000000000000, 1.000000000000000000, 0.000000000000000000 ) ) ;
#1293 = LINE ( 'NONE', #3812, #2116 ) ;
#1294 = LINE ( 'NONE', #4211, #3119 ) ;
#1295 = ORIENTED_EDGE ( 'NONE', *, *, #2623, .F. ) ;
#1296 = DIRECTION ( 'NONE',  ( -2.337311630789800155E-16, 0.000000000000000000, 1.000000000000000000 ) ) ;
#1297 = EDGE_CURVE ( 'NONE', #1739, #99, #5332, .T. ) ;
#1298 = DIRECTION ( 'NONE',  ( 1.000000000000000000, 0.000000000000000000, -2.220446049250310320E-15 ) ) ;
#1299 = ADVANCED_FACE ( 'NONE', ( #2989 ), #1700, .T. ) ;
#1300 = CARTESIAN_POINT ( 'NONE',  ( 3.350000000000000089, -5.500000000000000000, 2.558407044966669819 ) ) ;
#1301 = VERTEX_POINT ( 'NONE', #3139 ) ;
#1302 = ORIENTED_EDGE ( 'NONE', *, *, #4919, .F. ) ;
#1303 = LINE ( 'NONE', #3322, #1051 ) ;
#1304 = EDGE_LOOP ( 'NONE', ( #582, #4743, #2177, #3449 ) ) ;
#1305 = EDGE_CURVE ( 'NONE', #5547, #1767, #3864, .T. ) ;
#1306 = DIRECTION ( 'NONE',  ( -8.725194088223511045E-33, -1.000000000000000000, 1.442415740654729917E-17 ) ) ;
#1307 = EDGE_CURVE ( 'NONE', #721, #1605, #4860, .T. ) ;
#1308 = CARTESIAN_POINT ( 'NONE',  ( -2.949999999999999734, -2.500000000000000000, 4.558407044966670263 ) ) ;
#1309 = CARTESIAN_POINT ( 'NONE',  ( -0.6499999999999994671, -4.299999999999999822, -5.699999999999999289 ) ) ;
#1310 = VERTEX_POINT ( 'NONE', #2956 ) ;
#1311 = DIRECTION ( 'NONE',  ( -1.000000000000000000, 0.000000000000000000, -1.110223024625160090E-15 ) ) ;
#1312 = ORIENTED_EDGE ( 'NONE', *, *, #766, .F. ) ;
#1313 = DIRECTION ( 'NONE',  ( 0.000000000000000000, 1.000000000000000000, 0.000000000000000000 ) ) ;
#1314 = CARTESIAN_POINT ( 'NONE',  ( 5.379719158707833149E-16, -5.200000000000000178, 0.1999999999999999278 ) ) ;
#1315 = PLANE ( 'NONE',  #5615 ) ;
#1316 = CARTESIAN_POINT ( 'NONE',  ( 2.949999999999999734, -6.349999999999999645, 1.558407044966670041 ) ) ;
#1317 = ORIENTED_EDGE ( 'NONE', *, *, #5986, .F. ) ;
#1318 = CARTESIAN_POINT ( 'NONE',  ( -3.350000000000000089, 0.000000000000000000, 4.102566777143629830E-16 ) ) ;
#1319 = DIRECTION ( 'NONE',  ( -1.224646799147350002E-16, 1.000000000000000000, 0.000000000000000000 ) ) ;
#1320 = ORIENTED_EDGE ( 'NONE', *, *, #4278, .T. ) ;
#1321 = LINE ( 'NONE', #2310, #153 ) ;
#1322 = CARTESIAN_POINT ( 'NONE',  ( -2.000000000000000000, -5.200000000000000178, 0.2999999999999999889 ) ) ;
#1323 = DIRECTION ( 'NONE',  ( 0.000000000000000000, -1.000000000000000000, 0.000000000000000000 ) ) ;
#1324 = CARTESIAN_POINT ( 'NONE',  ( 2.949999999999999734, -6.349999999999999645, 0.000000000000000000 ) ) ;
#1325 = AXIS2_PLACEMENT_3D ( 'NONE', #676, #5420, #3143 ) ;
#1326 = VECTOR ( 'NONE', #816, 1000.000000000000000 ) ;
#1327 = FACE_OUTER_BOUND ( 'NONE', #10, .T. ) ;
#1328 = ORIENTED_EDGE ( 'NONE', *, *, #2576, .T. ) ;
#1329 = LINE ( 'NONE', #1369, #6031 ) ;
#1330 = VECTOR ( 'NONE', #2035, 1000.000000000000000 ) ;
#1331 = VECTOR ( 'NONE', #5164, 1000.000000000000000 ) ;
#1332 = VECTOR ( 'NONE', #3899, 1000.000000000000000 ) ;
#1333 = PLANE ( 'NONE',  #5504 ) ;
#1334 = VERTEX_POINT ( 'NONE', #609 ) ;
#1335 = ORIENTED_EDGE ( 'NONE', *, *, #3277, .F. ) ;
#1336 = AXIS2_PLACEMENT_3D ( 'NONE', #5083, #5550, #346 ) ;
#1337 = CARTESIAN_POINT ( 'NONE',  ( 2.949999999999999734, -2.500000000000000000, 2.558407044966669819 ) ) ;
#1338 = VECTOR ( 'NONE', #2782, 1000.000000000000000 ) ;
#1339 = VERTEX_POINT ( 'NONE', #4295 ) ;
#1340 = CARTESIAN_POINT ( 'NONE',  ( -2.000000000000000000, -3.100000000000000089, 6.799999999999999822 ) ) ;
#1341 = LINE ( 'NONE', #5103, #210 ) ;
#1342 = VECTOR ( 'NONE', #734, 1000.000000000000000 ) ;
#1343 = ADVANCED_FACE ( 'NONE', ( #3384 ), #1553, .F. ) ;
#1344 = EDGE_CURVE ( 'NONE', #5931, #4586, #1294, .T. ) ;
#1345 = ADVANCED_FACE ( 'NONE', ( #5024 ), #851, .T. ) ;
#1346 = EDGE_CURVE ( 'NONE', #1201, #5173, #6056, .T. ) ;
#1347 = ORIENTED_EDGE ( 'NONE', *, *, #4814, .T. ) ;
#1348 = DIRECTION ( 'NONE',  ( 0.000000000000000000, 8.435946604435249315E-17, -1.000000000000000000 ) ) ;
#1349 = ADVANCED_FACE ( 'NONE', ( #2247 ), #3647, .T. ) ;
#1350 = ORIENTED_EDGE ( 'NONE', *, *, #1113, .T. ) ;
#1351 = CARTESIAN_POINT ( 'NONE',  ( 1.949999999999999956, 0.5999999999999999778, 11.79999999999999893 ) ) ;
#1352 = LINE ( 'NONE', #2644, #3940 ) ;
#1353 = LINE ( 'NONE', #5649, #829 ) ;
#1354 = DIRECTION ( 'NONE',  ( 1.000000000000000000, 0.000000000000000000, 0.000000000000000000 ) ) ;
#1355 = VECTOR ( 'NONE', #579, 1000.000000000000000 ) ;
#1356 = ORIENTED_EDGE ( 'NONE', *, *, #5641, .F. ) ;
#1357 = CARTESIAN_POINT ( 'NONE',  ( 8.443224918634568216E-16, -5.200000000000000178, -6.999999999999999112 ) ) ;
#1358 = CARTESIAN_POINT ( 'NONE',  ( -1.949999999999999956, -0.5999999999999999778, 11.50000000000000000 ) ) ;
#1359 = EDGE_LOOP ( 'NONE', ( #384, #2185, #2775, #770 ) ) ;
#1360 = CARTESIAN_POINT ( 'NONE',  ( 2.000000000000000000, -5.100000000000000533, 0.2999999999999999889 ) ) ;
#1361 = CARTESIAN_POINT ( 'NONE',  ( -1.949999999999999956, -5.000000000000000000, 5.500000000000000000 ) ) ;
#1362 = VECTOR ( 'NONE', #4375, 1000.000000000000000 ) ;
#1363 = CARTESIAN_POINT ( 'NONE',  ( -3.350000000000000089, -6.349999999999999645, 1.558407044966670041 ) ) ;
#1364 = EDGE_LOOP ( 'NONE', ( #2836, #4943, #4645, #2294 ) ) ;
#1365 = CARTESIAN_POINT ( 'NONE',  ( -2.000000000000000000, 4.740000000000000213, 0.5999999999999999778 ) ) ;
#1366 = VECTOR ( 'NONE', #3280, 1000.000000000000000 ) ;
#1367 = CARTESIAN_POINT ( 'NONE',  ( 2.000000000000000000, 5.100000000000000533, 0.5999999999999999778 ) ) ;
#1368 = ORIENTED_EDGE ( 'NONE', *, *, #4462, .F. ) ;
#1369 = CARTESIAN_POINT ( 'NONE',  ( 2.350000000000000089, 4.740000000000000213, 0.2999999999999999889 ) ) ;
#1370 = DIRECTION ( 'NONE',  ( -1.224646799147349756E-16, 1.000000000000000000, 0.000000000000000000 ) ) ;
#1371 = VECTOR ( 'NONE', #4365, 1000.000000000000000 ) ;
#1372 = VECTOR ( 'NONE', #6081, 1000.000000000000000 ) ;
#1373 = CYLINDRICAL_SURFACE ( 'NONE', #1717, 0.6465962861523397720 ) ;
#1374 = ORIENTED_EDGE ( 'NONE', *, *, #5485, .T. ) ;
#1375 = ORIENTED_EDGE ( 'NONE', *, *, #685, .F. ) ;
#1376 = CARTESIAN_POINT ( 'NONE',  ( -0.6499999999999994671, 0.4000000000000000222, -5.699999999999999289 ) ) ;
#1377 = ORIENTED_EDGE ( 'NONE', *, *, #2664, .T. ) ;
#1378 = FACE_BOUND ( 'NONE', #3375, .T. ) ;
#1379 = LINE ( 'NONE', #1309, #3703 ) ;
#1380 = AXIS2_PLACEMENT_3D ( 'NONE', #2672, #6007, #5102 ) ;
#1381 = VERTEX_POINT ( 'NONE', #2712 ) ;
#1382 = DIRECTION ( 'NONE',  ( 6.993530863780509846E-17, 1.000000000000000000, 0.000000000000000000 ) ) ;
#1383 = ORIENTED_EDGE ( 'NONE', *, *, #1793, .T. ) ;
#1384 = DIRECTION ( 'NONE',  ( 1.000000000000000000, 0.000000000000000000, 0.000000000000000000 ) ) ;
#1385 = EDGE_CURVE ( 'NONE', #4859, #4372, #4555, .T. ) ;
#1386 = EDGE_CURVE ( 'NONE', #5556, #1649, #5553, .T. ) ;
#1387 = ADVANCED_FACE ( 'NONE', ( #6086 ), #3676, .T. ) ;
#1388 = EDGE_CURVE ( 'NONE', #548, #5813, #4621, .T. ) ;
#1389 = LINE ( 'NONE', #2342, #1237 ) ;
#1390 = LINE ( 'NONE', #3303, #1133 ) ;
#1391 = LINE ( 'NONE', #5301, #2931 ) ;
#1392 = EDGE_LOOP ( 'NONE', ( #3540, #3936, #4548, #3918, #326, #408, #410, #3506 ) ) ;
#1393 = CARTESIAN_POINT ( 'NONE',  ( -2.000000000000000000, 4.200000000000000178, 0.2999999999999999889 ) ) ;
#1394 = CARTESIAN_POINT ( 'NONE',  ( -2.000000000000000000, -0.5000000000000002220, 0.000000000000000000 ) ) ;
#1395 = ADVANCED_FACE ( 'NONE', ( #2184 ), #1811, .F. ) ;
#1396 = EDGE_CURVE ( 'NONE', #4607, #3302, #2221, .T. ) ;
#1397 = LINE ( 'NONE', #3680, #1331 ) ;
#1398 = DIRECTION ( 'NONE',  ( 0.000000000000000000, 0.000000000000000000, 1.000000000000000000 ) ) ;
#1399 = ORIENTED_EDGE ( 'NONE', *, *, #837, .T. ) ;
#1400 = CARTESIAN_POINT ( 'NONE',  ( 2.000000000000000000, 4.200000000000000178, 0.2000000000000000111 ) ) ;
#1401 = DIRECTION ( 'NONE',  ( 1.110223024625160090E-15, 4.440892098500620640E-15, 1.000000000000000000 ) ) ;
#1402 = CARTESIAN_POINT ( 'NONE',  ( -1.949999999999999956, 3.000000000000000000, 5.500000000000000000 ) ) ;
#1403 = ORIENTED_EDGE ( 'NONE', *, *, #2479, .F. ) ;
#1404 = ORIENTED_EDGE ( 'NONE', *, *, #1565, .F. ) ;
#1405 = DIRECTION ( 'NONE',  ( -1.000000000000000000, 0.000000000000000000, 6.049014748177260544E-16 ) ) ;
#1406 = LINE ( 'NONE', #6174, #2454 ) ;
#1407 = CARTESIAN_POINT ( 'NONE',  ( -3.350000000000000089, 1.000000000000000000, 3.558407044966669819 ) ) ;
#1408 = VERTEX_POINT ( 'NONE', #3213 ) ;
#1409 = FACE_BOUND ( 'NONE', #4063, .T. ) ;
#1410 = VERTEX_POINT ( 'NONE', #2751 ) ;
#1411 = DIRECTION ( 'NONE',  ( 0.000000000000000000, 1.000000000000000000, 1.480297366166879989E-16 ) ) ;
#1412 = PRESENTATION_STYLE_ASSIGNMENT (( #1473 ) ) ;
#1413 = PLANE ( 'NONE',  #440 ) ;
#1414 = VERTEX_POINT ( 'NONE', #4656 ) ;
#1415 = EDGE_CURVE ( 'NONE', #3175, #4495, #3707, .T. ) ;
#1416 = LINE ( 'NONE', #1970, #538 ) ;
#1417 = DIRECTION ( 'NONE',  ( 1.000000000000000000, 0.000000000000000000, -1.110223024625160090E-15 ) ) ;
#1418 = ORIENTED_EDGE ( 'NONE', *, *, #3379, .F. ) ;
#1419 = DIRECTION ( 'NONE',  ( 1.233581138472399909E-16, -1.000000000000000000, 3.408725565287672263E-34 ) ) ;
#1420 = LINE ( 'NONE', #3219, #3817 ) ;
#1421 = DIRECTION ( 'NONE',  ( 1.982541115402059686E-16, -1.000000000000000000, 0.000000000000000000 ) ) ;
#1422 = EDGE_CURVE ( 'NONE', #1830, #5931, #1851, .T. ) ;
#1423 = ADVANCED_FACE ( 'NONE', ( #3154 ), #312, .F. ) ;
#1424 = LINE ( 'NONE', #3397, #5109 ) ;
#1425 = EDGE_CURVE ( 'NONE', #2957, #255, #4720, .T. ) ;
#1426 = ORIENTED_EDGE ( 'NONE', *, *, #1186, .T. ) ;
#1427 = DIRECTION ( 'NONE',  ( 8.460794267368238936E-32, 1.000000000000000000, 1.398706172756099997E-16 ) ) ;
#1428 = ORIENTED_EDGE ( 'NONE', *, *, #3494, .T. ) ;
#1429 = ORIENTED_EDGE ( 'NONE', *, *, #4240, .T. ) ;
#1430 = DIRECTION ( 'NONE',  ( 0.000000000000000000, -1.000000000000000000, -8.300732894393689751E-17 ) ) ;
#1431 = VECTOR ( 'NONE', #781, 1000.000000000000000 ) ;
#1432 = DIRECTION ( 'NONE',  ( 1.387778780781449866E-16, 0.000000000000000000, 1.000000000000000000 ) ) ;
#1433 = VECTOR ( 'NONE', #820, 1000.000000000000000 ) ;
#1434 = CARTESIAN_POINT ( 'NONE',  ( -2.299999999999999822, 0.2599999999999999534, 0.2999999999999999889 ) ) ;
#1435 = VECTOR ( 'NONE', #1421, 1000.000000000000000 ) ;
#1436 = VECTOR ( 'NONE', #3391, 1000.000000000000000 ) ;
#1437 = EDGE_LOOP ( 'NONE', ( #1718, #192, #213, #528 ) ) ;
#1438 = PLANE ( 'NONE',  #4907 ) ;
#1439 = VERTEX_POINT ( 'NONE', #1971 ) ;
#1440 = CARTESIAN_POINT ( 'NONE',  ( -2.949999999999999734, 5.500000000000000000, 4.558407044966680033 ) ) ;
#1441 =( NAMED_UNIT ( * ) PLANE_ANGLE_UNIT ( ) SI_UNIT ( $, .RADIAN. ) );
#1442 = VECTOR ( 'NONE', #4280, 1000.000000000000000 ) ;
#1443 = DIRECTION ( 'NONE',  ( -1.110223024625159992E-16, 7.401486830834378990E-17, -1.000000000000000000 ) ) ;
#1444 = ORIENTED_EDGE ( 'NONE', *, *, #2757, .T. ) ;
#1445 = CARTESIAN_POINT ( 'NONE',  ( 2.949999999999999734, -6.349999999999999645, 0.000000000000000000 ) ) ;
#1446 = DIRECTION ( 'NONE',  ( -1.000000000000000000, 0.000000000000000000, 0.000000000000000000 ) ) ;
#1447 = ORIENTED_EDGE ( 'NONE', *, *, #1745, .T. ) ;
#1448 = CARTESIAN_POINT ( 'NONE',  ( -2.949999999999999734, -1.000000000000000000, 1.558407044966670041 ) ) ;
#1449 = PLANE ( 'NONE',  #2609 ) ;
#1450 = CARTESIAN_POINT ( 'NONE',  ( 0.6500000000000000222, 0.4000000000000000222, -0.6999999999999999556 ) ) ;
#1451 = AXIS2_PLACEMENT_3D ( 'NONE', #2504, #5357, #4409 ) ;
#1452 = ORIENTED_EDGE ( 'NONE', *, *, #302, .F. ) ;
#1453 = CARTESIAN_POINT ( 'NONE',  ( -3.350000000000000089, -2.143131898507869777E-16, 3.500000000000000000 ) ) ;
#1454 = ORIENTED_EDGE ( 'NONE', *, *, #2098, .F. ) ;
#1455 = PRESENTATION_STYLE_ASSIGNMENT (( #3 ) ) ;
#1456 = EDGE_CURVE ( 'NONE', #4187, #477, #565, .T. ) ;
#1457 = EDGE_CURVE ( 'NONE', #5952, #4904, #982, .T. ) ;
#1458 = EDGE_CURVE ( 'NONE', #5813, #3052, #5188, .T. ) ;
#1459 = EDGE_CURVE ( 'NONE', #102, #586, #22, .T. ) ;
#1460 = DIRECTION ( 'NONE',  ( 1.398706172756099997E-16, 1.000000000000000000, 0.000000000000000000 ) ) ;
#1461 = AXIS2_PLACEMENT_3D ( 'NONE', #5656, #6124, #785 ) ;
#1462 = EDGE_LOOP ( 'NONE', ( #3901, #903, #4058, #3462 ) ) ;
#1463 = ORIENTED_EDGE ( 'NONE', *, *, #1025, .F. ) ;
#1464 = DIRECTION ( 'NONE',  ( -1.000000000000000000, 4.230397133684119468E-32, 0.000000000000000000 ) ) ;
#1465 = VECTOR ( 'NONE', #3128, 1000.000000000000000 ) ;
#1466 = VECTOR ( 'NONE', #1411, 1000.000000000000000 ) ;
#1467 = DIRECTION ( 'NONE',  ( -6.661338147750940229E-16, 0.000000000000000000, -1.000000000000000000 ) ) ;
#1468 = MECHANICAL_DESIGN_GEOMETRIC_PRESENTATION_REPRESENTATION (  '', ( #659 ), #2152 ) ;
#1469 = AXIS2_PLACEMENT_3D ( 'NONE', #1990, #3359, #470 ) ;
#1470 = ORIENTED_EDGE ( 'NONE', *, *, #2167, .T. ) ;
#1471 = VERTEX_POINT ( 'NONE', #4303 ) ;
#1472 = PLANE ( 'NONE',  #759 ) ;
#1473 = SURFACE_STYLE_USAGE ( .BOTH. , #1937 ) ;
#1474 = DIRECTION ( 'NONE',  ( 0.000000000000000000, -1.000000000000000000, 0.000000000000000000 ) ) ;
#1475 = ORIENTED_EDGE ( 'NONE', *, *, #532, .F. ) ;
#1476 = CARTESIAN_POINT ( 'NONE',  ( 0.2400000000000000189, 3.000000000000000000, 1.600000000000000089 ) ) ;
#1477 = DIRECTION ( 'NONE',  ( 1.000000000000000000, -1.398706172756099997E-16, 0.000000000000000000 ) ) ;
#1478 = FACE_OUTER_BOUND ( 'NONE', #934, .T. ) ;
#1479 = ORIENTED_EDGE ( 'NONE', *, *, #1149, .T. ) ;
#1480 = CARTESIAN_POINT ( 'NONE',  ( 2.000000000000000000, -5.200000000000000178, 0.2999999999999999889 ) ) ;
#1481 = CARTESIAN_POINT ( 'NONE',  ( -2.299999999999999822, 0.2599999999999999534, 0.5999999999999999778 ) ) ;
#1482 = CARTESIAN_POINT ( 'NONE',  ( 0.6500000000000000222, 0.4000000000000000222, -6.349999999999999645 ) ) ;
#1483 = ORIENTED_EDGE ( 'NONE', *, *, #957, .T. ) ;
#1484 = DIRECTION ( 'NONE',  ( 0.000000000000000000, 1.000000000000000000, 0.000000000000000000 ) ) ;
#1485 = ORIENTED_EDGE ( 'NONE', *, *, #5153, .F. ) ;
#1486 = LINE ( 'NONE', #547, #4334 ) ;
#1487 = ORIENTED_EDGE ( 'NONE', *, *, #4028, .T. ) ;
#1488 = VERTEX_POINT ( 'NONE', #3365 ) ;
#1489 = ADVANCED_FACE ( 'NONE', ( #3334 ), #58, .T. ) ;
#1490 = ADVANCED_FACE ( 'NONE', ( #4782 ), #910, .T. ) ;
#1491 = LINE ( 'NONE', #4794, #1947 ) ;
#1492 = CARTESIAN_POINT ( 'NONE',  ( 1.949999999999999956, 0.9499999999999999556, 5.500000000000000000 ) ) ;
#1493 = VERTEX_POINT ( 'NONE', #3835 ) ;
#1494 = EDGE_CURVE ( 'NONE', #1187, #1514, #2874, .T. ) ;
#1495 = EDGE_CURVE ( 'NONE', #3763, #2491, #2807, .T. ) ;
#1496 = ORIENTED_EDGE ( 'NONE', *, *, #3848, .F. ) ;
#1497 = LINE ( 'NONE', #3827, #1264 ) ;
#1498 = FACE_OUTER_BOUND ( 'NONE', #4377, .T. ) ;
#1499 = ORIENTED_EDGE ( 'NONE', *, *, #2474, .F. ) ;
#1500 = DIRECTION ( 'NONE',  ( -2.275560303522150042E-29, 1.000000000000000000, -6.661338147750930565E-15 ) ) ;
#1501 = DIRECTION ( 'NONE',  ( 1.000000000000000000, 0.000000000000000000, 0.000000000000000000 ) ) ;
#1502 = CARTESIAN_POINT ( 'NONE',  ( 2.949999999999999734, 6.349999999999999645, 1.558407044966670041 ) ) ;
#1503 = ORIENTED_EDGE ( 'NONE', *, *, #1794, .F. ) ;
#1504 = CARTESIAN_POINT ( 'NONE',  ( 2.850000000000000089, -6.349999999999999645, 6.400000000000000355 ) ) ;
#1505 = CARTESIAN_POINT ( 'NONE',  ( 2.850000000000000089, 6.349999999999999645, 6.799999999999999822 ) ) ;
#1506 = DIRECTION ( 'NONE',  ( 1.000000000000000000, 0.000000000000000000, 0.000000000000000000 ) ) ;
#1507 = VERTEX_POINT ( 'NONE', #5743 ) ;
#1508 = DIRECTION ( 'NONE',  ( 1.000000000000000000, 0.000000000000000000, -1.930822651522009842E-16 ) ) ;
#1509 = VERTEX_POINT ( 'NONE', #3865 ) ;
#1510 = ORIENTED_EDGE ( 'NONE', *, *, #998, .T. ) ;
#1511 = DIRECTION ( 'NONE',  ( 0.000000000000000000, 0.000000000000000000, 1.000000000000000000 ) ) ;
#1512 = LINE ( 'NONE', #2481, #30 ) ;
#1513 = ADVANCED_FACE ( 'NONE', ( #1478 ), #1886, .T. ) ;
#1514 = VERTEX_POINT ( 'NONE', #4251 ) ;
#1515 = AXIS2_PLACEMENT_3D ( 'NONE', #4742, #969, #2862 ) ;
#1516 = AXIS2_PLACEMENT_3D ( 'NONE', #2111, #3174, #2675 ) ;
#1517 = ORIENTED_EDGE ( 'NONE', *, *, #4877, .T. ) ;
#1518 = DIRECTION ( 'NONE',  ( -1.000000000000000000, -1.668003342285391304E-16, 0.000000000000000000 ) ) ;
#1519 = FACE_BOUND ( 'NONE', #159, .T. ) ;
#1520 = DIRECTION ( 'NONE',  ( 0.1321637200910179555, 0.000000000000000000, 0.9912279006826346661 ) ) ;
#1521 = EDGE_CURVE ( 'NONE', #5591, #6171, #2228, .T. ) ;
#1522 = VECTOR ( 'NONE', #5056, 1000.000000000000000 ) ;
#1523 = EDGE_CURVE ( 'NONE', #1695, #5893, #1007, .T. ) ;
#1524 = ADVANCED_FACE ( 'NONE', ( #2431 ), #4338, .T. ) ;
#1525 = VECTOR ( 'NONE', #3618, 1000.000000000000000 ) ;
#1526 = VECTOR ( 'NONE', #1102, 1000.000000000000000 ) ;
#1527 = EDGE_CURVE ( 'NONE', #1668, #643, #1391, .T. ) ;
#1528 = VERTEX_POINT ( 'NONE', #2933 ) ;
#1529 = LINE ( 'NONE', #2900, #5343 ) ;
#1530 = DIRECTION ( 'NONE',  ( -1.000000000000000000, 0.000000000000000000, 0.000000000000000000 ) ) ;
#1531 = LINE ( 'NONE', #113, #450 ) ;
#1532 = ORIENTED_EDGE ( 'NONE', *, *, #36, .F. ) ;
#1534 = DIRECTION ( 'NONE',  ( -2.337311630789800155E-16, 0.000000000000000000, 1.000000000000000000 ) ) ;
#1533 = VECTOR ( 'NONE', #2877, 1000.000000000000000 ) ;
#1535 = AXIS2_PLACEMENT_3D ( 'NONE', #4888, #1934, #4797 ) ;
#1536 = PLANE ( 'NONE',  #1823 ) ;
#1537 = PLANE ( 'NONE',  #3608 ) ;
#1538 = VECTOR ( 'NONE', #4601, 1000.000000000000114 ) ;
#1539 = VECTOR ( 'NONE', #5217, 1000.000000000000000 ) ;
#1540 = LINE ( 'NONE', #1662, #120 ) ;
#1541 = ORIENTED_EDGE ( 'NONE', *, *, #177, .F. ) ;
#1542 = LINE ( 'NONE', #5753, #147 ) ;
#1543 = ORIENTED_EDGE ( 'NONE', *, *, #1114, .T. ) ;
#1544 = AXIS2_PLACEMENT_3D ( 'NONE', #3902, #4883, #2478 ) ;
#1545 = DIRECTION ( 'NONE',  ( 0.000000000000000000, -1.000000000000000000, 0.000000000000000000 ) ) ;
#1546 = ORIENTED_EDGE ( 'NONE', *, *, #2898, .T. ) ;
#1547 = ORIENTED_EDGE ( 'NONE', *, *, #4732, .T. ) ;
#1548 = PLANE ( 'NONE',  #1451 ) ;
#1549 = AXIS2_PLACEMENT_3D ( 'NONE', #3665, #3592, #2199 ) ;
#1550 = AXIS2_PLACEMENT_3D ( 'NONE', #248, #4494, #5399 ) ;
#1551 = PLANE ( 'NONE',  #4324 ) ;
#1552 = ORIENTED_EDGE ( 'NONE', *, *, #796, .F. ) ;
#1553 = PLANE ( 'NONE',  #1535 ) ;
#1554 = AXIS2_PLACEMENT_3D ( 'NONE', #1783, #409, #4215 ) ;
#1555 = ORIENTED_EDGE ( 'NONE', *, *, #1680, .F. ) ;
#1556 = CARTESIAN_POINT ( 'NONE',  ( -2.350000000000000089, 5.549999999999999822, 0.2999999999999999889 ) ) ;
#1557 = DIRECTION ( 'NONE',  ( 5.654319433712930882E-15, -1.000000000000000000, -6.661338147750960542E-15 ) ) ;
#1558 = FACE_OUTER_BOUND ( 'NONE', #3611, .T. ) ;
#1559 = AXIS2_PLACEMENT_3D ( 'NONE', #3470, #5916, #3969 ) ;
#1560 = ORIENTED_EDGE ( 'NONE', *, *, #4191, .T. ) ;
#1561 = PLANE ( 'NONE',  #2355 ) ;
#1562 = LINE ( 'NONE', #4895, #5117 ) ;
#1563 = CARTESIAN_POINT ( 'NONE',  ( -4.999999999999999112, -4.300000000000000711, -7.000000000000000000 ) ) ;
#1564 = EDGE_CURVE ( 'NONE', #1663, #4607, #4840, .T. ) ;
#1565 = EDGE_CURVE ( 'NONE', #6087, #3052, #5366, .T. ) ;
#1566 = VECTOR ( 'NONE', #3953, 1000.000000000000000 ) ;
#1567 = EDGE_LOOP ( 'NONE', ( #2265, #1221, #3791, #3826 ) ) ;
#1568 = EDGE_CURVE ( 'NONE', #1650, #6158, #4896, .T. ) ;
#1569 = CARTESIAN_POINT ( 'NONE',  ( -2.299999999999999822, -5.259999999999999787, 0.2999999999999999889 ) ) ;
#1570 = ADVANCED_FACE ( 'NONE', ( #6003 ), #3948, .T. ) ;
#1571 = VECTOR ( 'NONE', #3100, 1000.000000000000000 ) ;
#1572 = CARTESIAN_POINT ( 'NONE',  ( -0.9000000000000000222, 0.4000000000000000222, -0.4000000000000000222 ) ) ;
#1573 = PLANE ( 'NONE',  #5105 ) ;
#1574 = CARTESIAN_POINT ( 'NONE',  ( 2.000000000000000000, 3.100000000000000089, 6.799999999999999822 ) ) ;
#1575 = ORIENTED_EDGE ( 'NONE', *, *, #5522, .T. ) ;
#1576 = EDGE_CURVE ( 'NONE', #718, #3483, #3022, .T. ) ;
#1577 = LINE ( 'NONE', #5895, #2445 ) ;
#1578 = ADVANCED_FACE ( 'NONE', ( #5833 ), #4868, .T. ) ;
#1579 = ORIENTED_EDGE ( 'NONE', *, *, #2704, .T. ) ;
#1580 = CARTESIAN_POINT ( 'NONE',  ( 1.262615477668490060E-15, -4.299999999999999822, -6.349999999999999645 ) ) ;
#1581 = EDGE_LOOP ( 'NONE', ( #3881, #4144, #6162, #1595 ) ) ;
#1582 = VERTEX_POINT ( 'NONE', #4571 ) ;
#1583 = DIRECTION ( 'NONE',  ( -4.230397133684119468E-32, -1.000000000000000000, 6.993530863780509846E-17 ) ) ;
#1584 = CARTESIAN_POINT ( 'NONE',  ( 2.949999999999999734, -1.000000000000000000, 3.558407044966669819 ) ) ;
#1585 = ORIENTED_EDGE ( 'NONE', *, *, #766, .T. ) ;
#1586 = VERTEX_POINT ( 'NONE', #4929 ) ;
#1587 = DIRECTION ( 'NONE',  ( 1.178997902256800061E-16, 0.000000000000000000, -1.000000000000000000 ) ) ;
#1588 = FACE_OUTER_BOUND ( 'NONE', #5226, .T. ) ;
#1589 = DIRECTION ( 'NONE',  ( 1.000000000000000000, 0.000000000000000000, -1.224646799147350002E-16 ) ) ;
#1590 = VERTEX_POINT ( 'NONE', #4393 ) ;
#1591 = CARTESIAN_POINT ( 'NONE',  ( -0.9000000000000000222, 4.200000000000000178, 0.2000000000000000111 ) ) ;
#1592 = DIRECTION ( 'NONE',  ( 0.000000000000000000, 4.440892098500630106E-16, -1.000000000000000000 ) ) ;
#1593 = ORIENTED_EDGE ( 'NONE', *, *, #4423, .F. ) ;
#1594 = CARTESIAN_POINT ( 'NONE',  ( -3.350000000000000089, -5.500000000000000000, 2.558407044966669819 ) ) ;
#1595 = ORIENTED_EDGE ( 'NONE', *, *, #5110, .T. ) ;
#1596 = CARTESIAN_POINT ( 'NONE',  ( -2.500000000000000000, -5.500000000000000000, 1.199999999999999956 ) ) ;
#1597 = LINE ( 'NONE', #1505, #4612 ) ;
#1598 = PLANE ( 'NONE',  #722 ) ;
#1599 = EDGE_CURVE ( 'NONE', #3941, #1528, #3169, .T. ) ;
#1600 = EDGE_CURVE ( 'NONE', #6178, #5952, #1531, .T. ) ;
#1601 = ORIENTED_EDGE ( 'NONE', *, *, #345, .T. ) ;
#1602 = CARTESIAN_POINT ( 'NONE',  ( -2.949999999999999734, -6.349999999999999645, 1.558407044966670041 ) ) ;
#1603 = ORIENTED_EDGE ( 'NONE', *, *, #2480, .F. ) ;
#1604 = CARTESIAN_POINT ( 'NONE',  ( 2.949999999999999734, -2.500000000000000000, 2.558407044966669819 ) ) ;
#1605 = VERTEX_POINT ( 'NONE', #1563 ) ;
#1606 = EDGE_CURVE ( 'NONE', #5515, #718, #3508, .T. ) ;
#1607 = EDGE_CURVE ( 'NONE', #4419, #3895, #3629, .T. ) ;
#1608 = EDGE_CURVE ( 'NONE', #2768, #4037, #329, .T. ) ;
#1609 = DIRECTION ( 'NONE',  ( 0.000000000000000000, 1.000000000000000000, 0.000000000000000000 ) ) ;
#1610 = ORIENTED_EDGE ( 'NONE', *, *, #3426, .F. ) ;
#1611 = VERTEX_POINT ( 'NONE', #3448 ) ;
#1612 = FACE_OUTER_BOUND ( 'NONE', #4997, .T. ) ;
#1613 = DIRECTION ( 'NONE',  ( 1.000000000000000000, 0.000000000000000000, 0.000000000000000000 ) ) ;
#1614 = EDGE_LOOP ( 'NONE', ( #2780, #5027, #5914, #3196 ) ) ;
#1615 = VERTEX_POINT ( 'NONE', #4095 ) ;
#1616 = DIRECTION ( 'NONE',  ( -0.7682212795973758501, 0.000000000000000000, -0.6401843996644798196 ) ) ;
#1617 = CARTESIAN_POINT ( 'NONE',  ( -1.949999999999999956, 0.000000000000000000, 2.388061258337340122E-16 ) ) ;
#1618 = VECTOR ( 'NONE', #1920, 1000.000000000000000 ) ;
#1619 = ORIENTED_EDGE ( 'NONE', *, *, #3007, .F. ) ;
#1620 = CARTESIAN_POINT ( 'NONE',  ( -2.000000000000000000, -4.299999999999999822, 1.000000000000000000 ) ) ;
#1621 = CARTESIAN_POINT ( 'NONE',  ( -3.350000000000000089, -0.8000000000000000444, 3.500000000000000000 ) ) ;
#1622 = ORIENTED_EDGE ( 'NONE', *, *, #5228, .F. ) ;
#1623 = DIRECTION ( 'NONE',  ( -1.224646799147349756E-16, 1.000000000000000000, 0.000000000000000000 ) ) ;
#1624 = ORIENTED_EDGE ( 'NONE', *, *, #143, .T. ) ;
#1625 = VECTOR ( 'NONE', #792, 1000.000000000000000 ) ;
#1626 = VECTOR ( 'NONE', #5089, 1000.000000000000000 ) ;
#1627 = AXIS2_PLACEMENT_3D ( 'NONE', #5963, #1788, #2159 ) ;
#1628 = CARTESIAN_POINT ( 'NONE',  ( -0.2400000000000000189, -5.000000000000000000, 3.000000000000000000 ) ) ;
#1629 = DIRECTION ( 'NONE',  ( 2.775557561562890365E-16, -1.000000000000000000, 0.000000000000000000 ) ) ;
#1630 = CIRCLE ( 'NONE', #5315, 0.1000000000000141331 ) ;
#1631 = VECTOR ( 'NONE', #752, 1000.000000000000000 ) ;
#1632 = LINE ( 'NONE', #5396, #527 ) ;
#1633 = ORIENTED_EDGE ( 'NONE', *, *, #303, .F. ) ;
#1634 = CARTESIAN_POINT ( 'NONE',  ( -1.949999999999999956, -2.200000000000000178, 11.50000000000000000 ) ) ;
#1635 = ORIENTED_EDGE ( 'NONE', *, *, #3116, .F. ) ;
#1636 = DIRECTION ( 'NONE',  ( 0.000000000000000000, 0.000000000000000000, -1.000000000000000000 ) ) ;
#1637 = VECTOR ( 'NONE', #5011, 1000.000000000000114 ) ;
#1638 = DIRECTION ( 'NONE',  ( 0.000000000000000000, 0.000000000000000000, 1.000000000000000000 ) ) ;
#1639 = ORIENTED_EDGE ( 'NONE', *, *, #3849, .T. ) ;
#1640 = VERTEX_POINT ( 'NONE', #3475 ) ;
#1641 = CARTESIAN_POINT ( 'NONE',  ( 2.000000000000000000, 4.200000000000000178, 0.2000000000000000111 ) ) ;
#1642 = EDGE_CURVE ( 'NONE', #266, #5280, #5540, .T. ) ;
#1643 = CARTESIAN_POINT ( 'NONE',  ( 0.8000000000000000444, -5.000000000000000000, 3.000000000000000000 ) ) ;
#1644 = EDGE_CURVE ( 'NONE', #1692, #3870, #2490, .T. ) ;
#1645 = EDGE_CURVE ( 'NONE', #1198, #1098, #653, .T. ) ;
#1646 = EDGE_CURVE ( 'NONE', #37, #134, #4123, .T. ) ;
#1647 = CARTESIAN_POINT ( 'NONE',  ( 2.000000000000000000, -4.299999999999999822, 0.2000000000000000111 ) ) ;
#1648 = VECTOR ( 'NONE', #1799, 1000.000000000000000 ) ;
#1649 = VERTEX_POINT ( 'NONE', #1066 ) ;
#1650 = VERTEX_POINT ( 'NONE', #2028 ) ;
#1651 = EDGE_CURVE ( 'NONE', #1739, #1439, #4456, .T. ) ;
#1652 = CARTESIAN_POINT ( 'NONE',  ( -2.850000000000000089, 6.349999999999999645, 6.400000000000000355 ) ) ;
#1653 = MECHANICAL_DESIGN_GEOMETRIC_PRESENTATION_REPRESENTATION (  '', ( #1055 ), #3632 ) ;
#1654 = LINE ( 'NONE', #4480, #2014 ) ;
#1655 = AXIS2_PLACEMENT_3D ( 'NONE', #707, #242, #1215 ) ;
#1656 = VERTEX_POINT ( 'NONE', #176 ) ;
#1657 = CARTESIAN_POINT ( 'NONE',  ( -2.949999999999999734, -2.500000000000000000, 4.558407044966670263 ) ) ;
#1658 = VERTEX_POINT ( 'NONE', #617 ) ;
#1659 = CARTESIAN_POINT ( 'NONE',  ( 2.350000000000000089, -0.2599999999999999534, 0.5999999999999999778 ) ) ;
#1660 = LINE ( 'NONE', #2610, #1036 ) ;
#1661 = PLANE ( 'NONE',  #5900 ) ;
#1662 = CARTESIAN_POINT ( 'NONE',  ( -2.000000000000000000, 4.740000000000000213, 0.2999999999999999889 ) ) ;
#1663 = VERTEX_POINT ( 'NONE', #2523 ) ;
#1664 =( NAMED_UNIT ( * ) PLANE_ANGLE_UNIT ( ) SI_UNIT ( $, .RADIAN. ) );
#1665 = ORIENTED_EDGE ( 'NONE', *, *, #3426, .T. ) ;
#1666 = VECTOR ( 'NONE', #1173, 1000.000000000000000 ) ;
#1667 = CARTESIAN_POINT ( 'NONE',  ( 0.6500000000000000222, 5.100000000000000533, -0.6999999999999999556 ) ) ;
#1668 = VERTEX_POINT ( 'NONE', #4428 ) ;
#1669 = ORIENTED_EDGE ( 'NONE', *, *, #3164, .F. ) ;
#1670 = CARTESIAN_POINT ( 'NONE',  ( 2.949999999999999734, -6.349999999999999645, 6.200000000000000178 ) ) ;
#1671 = DIRECTION ( 'NONE',  ( -0.000000000000000000, 1.000000000000000000, 0.000000000000000000 ) ) ;
#1672 = LINE ( 'NONE', #3467, #3103 ) ;
#1673 = EDGE_CURVE ( 'NONE', #6033, #5173, #5886, .T. ) ;
#1674 = ORIENTED_EDGE ( 'NONE', *, *, #2549, .F. ) ;
#1675 = CARTESIAN_POINT ( 'NONE',  ( -3.149999999999999911, 2.600000000000000089, 2.600000000000000089 ) ) ;
#1676 = ORIENTED_EDGE ( 'NONE', *, *, #1576, .T. ) ;
#1677 = LINE ( 'NONE', #5475, #1571 ) ;
#1678 =( NAMED_UNIT ( * ) PLANE_ANGLE_UNIT ( ) SI_UNIT ( $, .RADIAN. ) );
#1679 = DIRECTION ( 'NONE',  ( 1.000000000000000000, 0.000000000000000000, 0.000000000000000000 ) ) ;
#1680 = EDGE_CURVE ( 'NONE', #465, #2597, #2295, .T. ) ;
#1681 = ADVANCED_FACE ( 'NONE', ( #5696 ), #1768, .T. ) ;
#1682 = EDGE_LOOP ( 'NONE', ( #3170, #1454, #4624, #4294, #2552, #3621 ) ) ;
#1683 = CARTESIAN_POINT ( 'NONE',  ( 6.870314820692320234E-16, 0.4000000000000000222, -6.349999999999999645 ) ) ;
#1684 = ORIENTED_EDGE ( 'NONE', *, *, #2092, .T. ) ;
#1685 = DIRECTION ( 'NONE',  ( -1.224646799147350002E-16, 1.000000000000000000, 0.000000000000000000 ) ) ;
#1686 = PLANE ( 'NONE',  #3049 ) ;
#1687 = DIRECTION ( 'NONE',  ( 1.000000000000000000, 0.000000000000000000, 0.000000000000000000 ) ) ;
#1688 = CARTESIAN_POINT ( 'NONE',  ( -2.000000000000000000, -3.100000000000000089, 6.400000000000000355 ) ) ;
#1689 = LINE ( 'NONE', #347, #3019 ) ;
#1690 = ORIENTED_EDGE ( 'NONE', *, *, #3987, .T. ) ;
#1691 = CARTESIAN_POINT ( 'NONE',  ( -2.949999999999999734, -5.500000000000000000, 2.558407044966669819 ) ) ;
#1692 = VERTEX_POINT ( 'NONE', #2860 ) ;
#1693 = CARTESIAN_POINT ( 'NONE',  ( -3.350000000000000089, 0.8000000000000000444, 2.500000000000000000 ) ) ;
#1694 = ORIENTED_EDGE ( 'NONE', *, *, #605, .F. ) ;
#1695 = VERTEX_POINT ( 'NONE', #6042 ) ;
#1696 = PLANE ( 'NONE',  #455 ) ;
#1697 = LINE ( 'NONE', #2193, #3595 ) ;
#1698 = DIRECTION ( 'NONE',  ( 6.661338147750940229E-16, 0.000000000000000000, -1.000000000000000000 ) ) ;
#1699 = EDGE_LOOP ( 'NONE', ( #3616, #1233, #4182, #5096 ) ) ;
#1700 = PLANE ( 'NONE',  #2831 ) ;
#1701 = ORIENTED_EDGE ( 'NONE', *, *, #4657, .F. ) ;
#1702 = DIRECTION ( 'NONE',  ( 0.000000000000000000, -0.5534268323597629768, 0.8328977975863778305 ) ) ;
#1703 = DIRECTION ( 'NONE',  ( -1.000000000000000000, 2.080052407982149951E-46, 6.049014748177260544E-16 ) ) ;
#1704 = CARTESIAN_POINT ( 'NONE',  ( -3.350000000000000089, -1.000000000000000000, 1.558407044966670041 ) ) ;
#1705 = ORIENTED_EDGE ( 'NONE', *, *, #3276, .F. ) ;
#1706 = DIRECTION ( 'NONE',  ( 1.000000000000000000, 0.000000000000000000, -1.224646799147350002E-16 ) ) ;
#1707 = ORIENTED_EDGE ( 'NONE', *, *, #2240, .T. ) ;
#1708 = CARTESIAN_POINT ( 'NONE',  ( 3.350000000000000089, -5.400000000000000355, 3.000000000000000000 ) ) ;
#1709 = EDGE_CURVE ( 'NONE', #1414, #1964, #3231, .T. ) ;
#1710 = CARTESIAN_POINT ( 'NONE',  ( 1.262615477668490060E-15, -4.299999999999999822, -6.349999999999999645 ) ) ;
#1711 = EDGE_CURVE ( 'NONE', #789, #2124, #2830, .T. ) ;
#1712 = ADVANCED_FACE ( 'NONE', ( #1869 ), #5174, .F. ) ;
#1713 = EDGE_CURVE ( 'NONE', #1964, #3776, #6173, .T. ) ;
#1714 = LINE ( 'NONE', #2180, #4512 ) ;
#1715 = CARTESIAN_POINT ( 'NONE',  ( 2.949999999999999734, -5.500000000000000000, 4.558407044966670263 ) ) ;
#1716 = CARTESIAN_POINT ( 'NONE',  ( -0.8999999999999999112, -5.200000000000000178, -0.4000000000000000777 ) ) ;
#1717 = AXIS2_PLACEMENT_3D ( 'NONE', #3191, #392, #4194 ) ;
#1718 = ORIENTED_EDGE ( 'NONE', *, *, #500, .T. ) ;
#1720 = DIRECTION ( 'NONE',  ( -1.000000000000000000, 0.000000000000000000, 0.000000000000000000 ) ) ;
#1719 = AXIS2_PLACEMENT_3D ( 'NONE', #5939, #291, #1236 ) ;
#1721 = ORIENTED_EDGE ( 'NONE', *, *, #3006, .F. ) ;
#1722 = DIRECTION ( 'NONE',  ( 0.000000000000000000, -1.000000000000000000, 0.000000000000000000 ) ) ;
#1723 = VECTOR ( 'NONE', #5587, 1000.000000000000000 ) ;
#1724 = AXIS2_PLACEMENT_3D ( 'NONE', #3333, #4250, #5710 ) ;
#1725 = PLANE ( 'NONE',  #53 ) ;
#1726 = LINE ( 'NONE', #3187, #1433 ) ;
#1727 = CARTESIAN_POINT ( 'NONE',  ( -1.949999999999999956, 3.000000000000000000, 5.500000000000000000 ) ) ;
#1728 = VECTOR ( 'NONE', #4836, 1000.000000000000000 ) ;
#1729 = CARTESIAN_POINT ( 'NONE',  ( 1.949999999999999956, -2.600000000000000089, 11.79999999999999893 ) ) ;
#1730 = VERTEX_POINT ( 'NONE', #2732 ) ;
#1731 = ORIENTED_EDGE ( 'NONE', *, *, #3320, .F. ) ;
#1732 = CARTESIAN_POINT ( 'NONE',  ( -3.149999999999999911, 2.600000000000000089, 4.500000000000000000 ) ) ;
#1733 = ORIENTED_EDGE ( 'NONE', *, *, #302, .T. ) ;
#1734 = CARTESIAN_POINT ( 'NONE',  ( 3.350000000000000089, 0.000000000000000000, -4.102566777143629830E-16 ) ) ;
#1735 = VECTOR ( 'NONE', #4357, 1000.000000000000000 ) ;
#1736 = CARTESIAN_POINT ( 'NONE',  ( -2.850000000000000089, -6.349999999999999645, 6.799999999999999822 ) ) ;
#1737 = ORIENTED_EDGE ( 'NONE', *, *, #6022, .T. ) ;
#1738 = CARTESIAN_POINT ( 'NONE',  ( -2.949999999999999734, 1.000000000000000000, 3.558407044966669819 ) ) ;
#1739 = VERTEX_POINT ( 'NONE', #1833 ) ;
#1740 = LINE ( 'NONE', #1708, #5144 ) ;
#1741 = CARTESIAN_POINT ( 'NONE',  ( -2.299999999999999822, -0.2599999999999999534, 0.5999999999999999778 ) ) ;
#1742 = DIRECTION ( 'NONE',  ( 1.387778780781449866E-16, -1.000000000000000000, 0.000000000000000000 ) ) ;
#1743 = PLANE ( 'NONE',  #1926 ) ;
#1744 = EDGE_CURVE ( 'NONE', #1031, #4859, #3428, .T. ) ;
#1745 = EDGE_CURVE ( 'NONE', #1015, #3483, #4738, .T. ) ;
#1746 = DIRECTION ( 'NONE',  ( 0.000000000000000000, 1.000000000000000000, 0.000000000000000000 ) ) ;
#1747 = DIRECTION ( 'NONE',  ( -1.000000000000000000, 1.432545838226009632E-16, 0.000000000000000000 ) ) ;
#1748 = VECTOR ( 'NONE', #818, 1000.000000000000000 ) ;
#1749 = VERTEX_POINT ( 'NONE', #3293 ) ;
#1750 = CARTESIAN_POINT ( 'NONE',  ( 0.6499999999999993561, -0.4999999999999998890, 7.663486364669190908E-17 ) ) ;
#1751 = VECTOR ( 'NONE', #5835, 1000.000000000000000 ) ;
#1752 = VERTEX_POINT ( 'NONE', #2796 ) ;
#1753 = DIRECTION ( 'NONE',  ( 0.000000000000000000, -1.000000000000000000, 0.000000000000000000 ) ) ;
#1754 = DIRECTION ( 'NONE',  ( 0.000000000000000000, 0.000000000000000000, 1.000000000000000000 ) ) ;
#1755 = VECTOR ( 'NONE', #3148, 1000.000000000000000 ) ;
#1756 = VECTOR ( 'NONE', #5326, 1000.000000000000000 ) ;
#1757 = DIRECTION ( 'NONE',  ( 0.1321637200910179555, 0.000000000000000000, -0.9912279006826346661 ) ) ;
#1758 = EDGE_CURVE ( 'NONE', #5314, #745, #4265, .T. ) ;
#1759 = EDGE_CURVE ( 'NONE', #3412, #1310, #461, .T. ) ;
#1760 = CARTESIAN_POINT ( 'NONE',  ( 2.949999999999999734, -6.349999999999999645, 1.558407044966670041 ) ) ;
#1761 = ORIENTED_EDGE ( 'NONE', *, *, #1386, .F. ) ;
#1762 = LINE ( 'NONE', #5663, #3035 ) ;
#1763 = PLANE ( 'NONE',  #317 ) ;
#1764 = VECTOR ( 'NONE', #3962, 1000.000000000000000 ) ;
#1765 = LINE ( 'NONE', #1795, #123 ) ;
#1766 = ORIENTED_EDGE ( 'NONE', *, *, #726, .T. ) ;
#1767 = VERTEX_POINT ( 'NONE', #897 ) ;
#1768 = PLANE ( 'NONE',  #949 ) ;
#1769 = VERTEX_POINT ( 'NONE', #4167 ) ;
#1770 = CARTESIAN_POINT ( 'NONE',  ( -2.949999999999999734, -6.349999999999999645, 1.558407044966670041 ) ) ;
#1771 = DIRECTION ( 'NONE',  ( -1.000000000000000000, 0.000000000000000000, 2.220446049250310320E-15 ) ) ;
#1772 = CARTESIAN_POINT ( 'NONE',  ( -2.350000000000000089, -4.740000000000000213, 0.2999999999999999889 ) ) ;
#1773 = ORIENTED_EDGE ( 'NONE', *, *, #3279, .T. ) ;
#1774 = DIRECTION ( 'NONE',  ( -0.000000000000000000, 1.000000000000000000, 0.000000000000000000 ) ) ;
#1775 = VERTEX_POINT ( 'NONE', #426 ) ;
#1776 = LINE ( 'NONE', #3700, #2646 ) ;
#1777 = CARTESIAN_POINT ( 'NONE',  ( -2.350000000000000089, -4.740000000000000213, 0.5999999999999999778 ) ) ;
#1778 = DIRECTION ( 'NONE',  ( 1.000000000000000000, 0.000000000000000000, 0.000000000000000000 ) ) ;
#1779 = CARTESIAN_POINT ( 'NONE',  ( -2.850000000000000089, -6.349999999999999645, 6.799999999999999822 ) ) ;
#1780 = PLANE ( 'NONE',  #4411 ) ;
#1781 = CARTESIAN_POINT ( 'NONE',  ( -4.999999999999999112, -5.200000000000001066, -6.349999999999999645 ) ) ;
#1782 = ORIENTED_EDGE ( 'NONE', *, *, #535, .F. ) ;
#1783 = CARTESIAN_POINT ( 'NONE',  ( -2.350000000000000089, -5.549999999999999822, 0.2999999999999999889 ) ) ;
#1784 = EDGE_LOOP ( 'NONE', ( #3071, #3689, #5554, #2112 ) ) ;
#1785 = LINE ( 'NONE', #383, #2823 ) ;
#1786 = ADVANCED_FACE ( 'NONE', ( #4232 ), #6074, .T. ) ;
#1787 = DIRECTION ( 'NONE',  ( 0.000000000000000000, -1.000000000000000000, 0.000000000000000000 ) ) ;
#1788 = DIRECTION ( 'NONE',  ( 2.465190328815656965E-32, -0.5999999999999999778, 0.8000000000000000444 ) ) ;
#1789 = ORIENTED_EDGE ( 'NONE', *, *, #2893, .F. ) ;
#1790 = PLANE ( 'NONE',  #2847 ) ;
#1791 = EDGE_CURVE ( 'NONE', #2381, #3683, #3263, .T. ) ;
#1792 = EDGE_CURVE ( 'NONE', #5790, #5547, #5572, .T. ) ;
#1793 = EDGE_CURVE ( 'NONE', #4481, #4730, #2329, .T. ) ;
#1794 = EDGE_CURVE ( 'NONE', #4659, #4882, #1303, .T. ) ;
#1795 = CARTESIAN_POINT ( 'NONE',  ( 2.949999999999999734, -1.000000000000000000, 1.558407044966670041 ) ) ;
#1796 = EDGE_CURVE ( 'NONE', #4672, #5250, #3690, .T. ) ;
#1797 = EDGE_LOOP ( 'NONE', ( #5673, #3889, #2314, #4975 ) ) ;
#1798 = EDGE_LOOP ( 'NONE', ( #3245, #2154, #371, #5496 ) ) ;
#1799 = DIRECTION ( 'NONE',  ( 6.661338147750940229E-16, 0.000000000000000000, 1.000000000000000000 ) ) ;
#1800 = ORIENTED_EDGE ( 'NONE', *, *, #1457, .F. ) ;
#1801 = DIRECTION ( 'NONE',  ( 0.000000000000000000, 0.000000000000000000, -1.000000000000000000 ) ) ;
#1802 = CARTESIAN_POINT ( 'NONE',  ( -2.299999999999999822, -5.259999999999999787, 0.2999999999999999889 ) ) ;
#1803 = VERTEX_POINT ( 'NONE', #5320 ) ;
#1804 = CARTESIAN_POINT ( 'NONE',  ( 3.350000000000000089, 0.8000000000000000444, 3.500000000000000000 ) ) ;
#1805 = ORIENTED_EDGE ( 'NONE', *, *, #5786, .F. ) ;
#1806 = LINE ( 'NONE', #4106, #5930 ) ;
#1807 = LINE ( 'NONE', #3829, #3538 ) ;
#1808 = CARTESIAN_POINT ( 'NONE',  ( -2.000000000000000000, -4.299999999999999822, 0.2000000000000000111 ) ) ;
#1809 = VERTEX_POINT ( 'NONE', #1959 ) ;
#1810 = CARTESIAN_POINT ( 'NONE',  ( -3.149999999999999911, -5.400000000000000355, 2.600000000000000089 ) ) ;
#1811 = PLANE ( 'NONE',  #4914 ) ;
#1812 = ORIENTED_EDGE ( 'NONE', *, *, #4417, .F. ) ;
#1813 = CARTESIAN_POINT ( 'NONE',  ( -2.500000000000000000, -5.500000000000000000, 6.200000000000000178 ) ) ;
#1814 = LINE ( 'NONE', #350, #5309 ) ;
#1815 = CARTESIAN_POINT ( 'NONE',  ( -3.149999999999999911, 2.600000000000000089, 4.500000000000000000 ) ) ;
#1816 = LINE ( 'NONE', #2222, #4140 ) ;
#1817 = VECTOR ( 'NONE', #1838, 1000.000000000000000 ) ;
#1818 = VECTOR ( 'NONE', #4956, 1000.000000000000000 ) ;
#1819 = PLANE ( 'NONE',  #1627 ) ;
#1820 = ORIENTED_EDGE ( 'NONE', *, *, #5685, .T. ) ;
#1821 = DIRECTION ( 'NONE',  ( 0.000000000000000000, 0.000000000000000000, 1.000000000000000000 ) ) ;
#1822 = CIRCLE ( 'NONE', #4313, 1.000000000000000000 ) ;
#1823 = AXIS2_PLACEMENT_3D ( 'NONE', #4283, #5341, #4810 ) ;
#1824 = VECTOR ( 'NONE', #127, 1000.000000000000000 ) ;
#1825 = PLANE ( 'NONE',  #4403 ) ;
#1826 = ORIENTED_EDGE ( 'NONE', *, *, #1910, .F. ) ;
#1827 = EDGE_CURVE ( 'NONE', #828, #859, #2008, .T. ) ;
#1828 = EDGE_CURVE ( 'NONE', #4893, #1301, #2045, .T. ) ;
#1829 = ADVANCED_FACE ( 'NONE', ( #3351 ), #76, .T. ) ;
#1830 = VERTEX_POINT ( 'NONE', #488 ) ;
#1831 = VECTOR ( 'NONE', #4049, 1000.000000000000000 ) ;
#1832 = EDGE_CURVE ( 'NONE', #102, #1944, #993, .T. ) ;
#1833 = CARTESIAN_POINT ( 'NONE',  ( 2.350000000000000089, 4.740000000000000213, 0.5999999999999999778 ) ) ;
#1834 = VECTOR ( 'NONE', #1995, 1000.000000000000000 ) ;
#1835 = EDGE_CURVE ( 'NONE', #3357, #5602, #4829, .T. ) ;
#1836 = ORIENTED_EDGE ( 'NONE', *, *, #3695, .F. ) ;
#1837 = FACE_BOUND ( 'NONE', #1954, .T. ) ;
#1838 = DIRECTION ( 'NONE',  ( 5.619493879734870378E-16, 0.000000000000000000, -1.000000000000000000 ) ) ;
#1839 = VECTOR ( 'NONE', #3172, 1000.000000000000000 ) ;
#1840 = ORIENTED_EDGE ( 'NONE', *, *, #3050, .T. ) ;
#1841 = PLANE ( 'NONE',  #3402 ) ;
#1842 = EDGE_CURVE ( 'NONE', #4400, #2768, #3437, .T. ) ;
#1843 = ADVANCED_FACE ( 'NONE', ( #100 ), #3003, .T. ) ;
#1844 = ORIENTED_EDGE ( 'NONE', *, *, #5347, .T. ) ;
#1845 = DIRECTION ( 'NONE',  ( 1.000000000000000000, 1.009293658750139934E-16, 7.569702440626069226E-17 ) ) ;
#1846 =( LENGTH_UNIT ( ) NAMED_UNIT ( * ) SI_UNIT ( .MILLI., .METRE. ) );
#1847 = CARTESIAN_POINT ( 'NONE',  ( 2.000000000000000000, 0.2599999999999999534, 0.5999999999999999778 ) ) ;
#1848 = PRODUCT_CONTEXT ( 'NONE', #782, 'mechanical' ) ;
#1849 = ORIENTED_EDGE ( 'NONE', *, *, #4069, .T. ) ;
#1850 = DIRECTION ( 'NONE',  ( 8.881784197001250351E-16, -0.8000000000000000444, 0.5999999999999999778 ) ) ;
#1851 = LINE ( 'NONE', #3747, #5821 ) ;
#1852 = ORIENTED_EDGE ( 'NONE', *, *, #4812, .T. ) ;
#1853 = DIRECTION ( 'NONE',  ( -1.000000000000000000, 0.000000000000000000, 0.000000000000000000 ) ) ;
#1854 = ORIENTED_EDGE ( 'NONE', *, *, #4380, .T. ) ;
#1855 = CARTESIAN_POINT ( 'NONE',  ( -2.949999999999999734, 5.500000000000000000, 4.558407044966680033 ) ) ;
#1856 = VECTOR ( 'NONE', #1862, 1000.000000000000000 ) ;
#1857 = PLANE ( 'NONE',  #5901 ) ;
#1858 = EDGE_LOOP ( 'NONE', ( #4983, #895, #1280, #4126 ) ) ;
#1859 = VECTOR ( 'NONE', #1998, 1000.000000000000000 ) ;
#1860 = CARTESIAN_POINT ( 'NONE',  ( -4.999999999999999112, 4.200000000000000178, -6.353403713847660228 ) ) ;
#1861 = ORIENTED_EDGE ( 'NONE', *, *, #1346, .T. ) ;
#1862 = DIRECTION ( 'NONE',  ( 0.000000000000000000, 0.000000000000000000, 1.000000000000000000 ) ) ;
#1863 = PLANE ( 'NONE',  #819 ) ;
#1864 = AXIS2_PLACEMENT_3D ( 'NONE', #3671, #5981, #2242 ) ;
#1865 = PLANE ( 'NONE',  #3310 ) ;
#1866 = VERTEX_POINT ( 'NONE', #1981 ) ;
#1867 = ORIENTED_EDGE ( 'NONE', *, *, #2248, .T. ) ;
#1868 = VECTOR ( 'NONE', #739, 1000.000000000000000 ) ;
#1869 = FACE_OUTER_BOUND ( 'NONE', #5099, .T. ) ;
#1870 = CARTESIAN_POINT ( 'NONE',  ( 1.949999999999999956, 0.5999999999999999778, 11.79999999999999893 ) ) ;
#1871 = PLANE ( 'NONE',  #4828 ) ;
#1872 = ADVANCED_FACE ( 'NONE', ( #1112 ), #4291, .T. ) ;
#1873 = AXIS2_PLACEMENT_3D ( 'NONE', #82, #4388, #1181 ) ;
#1874 = ORIENTED_EDGE ( 'NONE', *, *, #2292, .T. ) ;
#1875 = LINE ( 'NONE', #4271, #3008 ) ;
#1876 = ORIENTED_EDGE ( 'NONE', *, *, #5030, .F. ) ;
#1877 = DIRECTION ( 'NONE',  ( 0.000000000000000000, -1.000000000000000000, 0.000000000000000000 ) ) ;
#1878 = DIRECTION ( 'NONE',  ( -1.178997902256800061E-16, 0.000000000000000000, 1.000000000000000000 ) ) ;
#1879 = DIRECTION ( 'NONE',  ( 0.000000000000000000, -1.000000000000000000, 0.000000000000000000 ) ) ;
#1880 = EDGE_CURVE ( 'NONE', #4043, #1656, #3466, .T. ) ;
#1881 =( LENGTH_UNIT ( ) NAMED_UNIT ( * ) SI_UNIT ( .MILLI., .METRE. ) );
#1882 = EDGE_CURVE ( 'NONE', #4792, #2714, #1491, .T. ) ;
#1883 = ADVANCED_FACE ( 'NONE', ( #1085 ), #1548, .F. ) ;
#1884 = ORIENTED_EDGE ( 'NONE', *, *, #1495, .F. ) ;
#1885 = CARTESIAN_POINT ( 'NONE',  ( -2.000000000000000000, -0.2599999999999999534, 0.2999999999999999889 ) ) ;
#1886 = PLANE ( 'NONE',  #4619 ) ;
#1887 = ORIENTED_EDGE ( 'NONE', *, *, #1948, .F. ) ;
#1888 = DIRECTION ( 'NONE',  ( -1.000000000000000000, 0.000000000000000000, -2.337311630789800155E-16 ) ) ;
#1889 = PLANE ( 'NONE',  #3604 ) ;
#1890 = ADVANCED_FACE ( 'NONE', ( #135 ), #3937, .F. ) ;
#1891 = DIRECTION ( 'NONE',  ( 0.000000000000000000, 1.000000000000000000, 0.000000000000000000 ) ) ;
#1892 = EDGE_LOOP ( 'NONE', ( #3192, #3063, #196, #2146 ) ) ;
#1893 = DIRECTION ( 'NONE',  ( 1.000000000000000000, 0.000000000000000000, -6.049014748177260544E-16 ) ) ;
#1894 = FACE_OUTER_BOUND ( 'NONE', #4227, .T. ) ;
#1895 = ORIENTED_EDGE ( 'NONE', *, *, #546, .F. ) ;
#1896 = ORIENTED_EDGE ( 'NONE', *, *, #6189, .F. ) ;
#1897 = DIRECTION ( 'NONE',  ( 1.000000000000000000, 0.000000000000000000, 0.000000000000000000 ) ) ;
#1898 = DIRECTION ( 'NONE',  ( -1.000000000000000000, 0.000000000000000000, -6.049014748177260544E-16 ) ) ;
#1899 = CARTESIAN_POINT ( 'NONE',  ( 0.9000000000000000222, 5.100000000000000533, -0.4000000000000000222 ) ) ;
#1900 = ORIENTED_EDGE ( 'NONE', *, *, #2939, .T. ) ;
#1901 = FACE_OUTER_BOUND ( 'NONE', #4926, .T. ) ;
#1902 = ORIENTED_EDGE ( 'NONE', *, *, #3652, .T. ) ;
#1903 = CARTESIAN_POINT ( 'NONE',  ( -2.949999999999999734, -1.000000000000000000, 3.558407044966669819 ) ) ;
#1904 = LINE ( 'NONE', #52, #230 ) ;
#1905 = SHAPE_DEFINITION_REPRESENTATION ( #3312, #4322 ) ;
#1906 = ORIENTED_EDGE ( 'NONE', *, *, #3733, .T. ) ;
#1907 = DIRECTION ( 'NONE',  ( -6.661338147750940229E-16, 1.110223024625159992E-16, -1.000000000000000000 ) ) ;
#1908 = CARTESIAN_POINT ( 'NONE',  ( -2.000000000000000000, -5.100000000000000533, 0.5999999999999999778 ) ) ;
#1909 = ADVANCED_FACE ( 'NONE', ( #5383 ), #8, .F. ) ;
#1910 = EDGE_CURVE ( 'NONE', #917, #2110, #5263, .T. ) ;
#1911 = ORIENTED_EDGE ( 'NONE', *, *, #3949, .F. ) ;
#1912 = ADVANCED_FACE ( 'NONE', ( #4325 ), #552, .F. ) ;
#1913 = LINE ( 'NONE', #537, #1155 ) ;
#1914 = EDGE_CURVE ( 'NONE', #4514, #1775, #2916, .T. ) ;
#1915 = FACE_OUTER_BOUND ( 'NONE', #2524, .T. ) ;
#1916 = DIRECTION ( 'NONE',  ( 2.337311630789800155E-16, 0.000000000000000000, -1.000000000000000000 ) ) ;
#1917 = CARTESIAN_POINT ( 'NONE',  ( 3.350000000000000089, -6.349999999999999645, 1.558407044966670041 ) ) ;
#1918 = VERTEX_POINT ( 'NONE', #3491 ) ;
#1919 = LINE ( 'NONE', #1048, #3738 ) ;
#1920 = DIRECTION ( 'NONE',  ( 0.000000000000000000, 0.000000000000000000, -1.000000000000000000 ) ) ;
#1921 = DIRECTION ( 'NONE',  ( 5.551115123125779621E-17, 1.000000000000000000, 0.000000000000000000 ) ) ;
#1922 = CIRCLE ( 'NONE', #1516, 0.5000000000000854872 ) ;
#1923 = ORIENTED_EDGE ( 'NONE', *, *, #1183, .F. ) ;
#1924 = ORIENTED_EDGE ( 'NONE', *, *, #1074, .T. ) ;
#1925 = DIRECTION ( 'NONE',  ( -1.000000000000000000, 8.074349270001139933E-17, 0.000000000000000000 ) ) ;
#1926 = AXIS2_PLACEMENT_3D ( 'NONE', #280, #2181, #4115 ) ;
#1927 = CIRCLE ( 'NONE', #627, 0.6500000000000000222 ) ;
#1928 = AXIS2_PLACEMENT_3D ( 'NONE', #761, #4186, #4056 ) ;
#1929 = LINE ( 'NONE', #3824, #4009 ) ;
#1930 = CIRCLE ( 'NONE', #430, 0.8000000000000000444 ) ;
#1931 = AXIS2_PLACEMENT_3D ( 'NONE', #3868, #5806, #2034 ) ;
#1932 = VECTOR ( 'NONE', #2391, 1000.000000000000000 ) ;
#1933 = ORIENTED_EDGE ( 'NONE', *, *, #460, .F. ) ;
#1934 = DIRECTION ( 'NONE',  ( -0.000000000000000000, 1.000000000000000000, 0.000000000000000000 ) ) ;
#1935 = EDGE_LOOP ( 'NONE', ( #1399, #772, #5626, #3509 ) ) ;
#1936 = CARTESIAN_POINT ( 'NONE',  ( 2.350000000000000089, 0.2599999999999999534, 0.5999999999999999778 ) ) ;
#1937 = SURFACE_SIDE_STYLE ('',( #495 ) ) ;
#1938 = CIRCLE ( 'NONE', #542, 0.5000000000000000000 ) ;
#1939 = CARTESIAN_POINT ( 'NONE',  ( 0.000000000000000000, 0.000000000000000000, 0.5999999999999999778 ) ) ;
#1940 = VERTEX_POINT ( 'NONE', #225 ) ;
#1941 = LINE ( 'NONE', #1476, #2220 ) ;
#1942 = DIRECTION ( 'NONE',  ( 0.000000000000000000, 0.000000000000000000, -1.000000000000000000 ) ) ;
#1943 = DIRECTION ( 'NONE',  ( 0.000000000000000000, -1.000000000000000000, -1.050507242393039952E-32 ) ) ;
#1944 = VERTEX_POINT ( 'NONE', #5938 ) ;
#1945 = LINE ( 'NONE', #4809, #1058 ) ;
#1946 = CARTESIAN_POINT ( 'NONE',  ( 0.2400000000000000189, 3.000000000000000000, 3.399999999999999911 ) ) ;
#1947 = VECTOR ( 'NONE', #3876, 1000.000000000000000 ) ;
#1948 = EDGE_CURVE ( 'NONE', #1749, #2659, #5906, .T. ) ;
#1949 = EDGE_CURVE ( 'NONE', #3496, #5080, #5533, .T. ) ;
#1950 = ORIENTED_EDGE ( 'NONE', *, *, #5194, .F. ) ;
#1951 = DIRECTION ( 'NONE',  ( 0.000000000000000000, 1.000000000000000000, 8.300732894393689751E-17 ) ) ;
#1952 = ORIENTED_EDGE ( 'NONE', *, *, #6062, .F. ) ;
#1953 = DIRECTION ( 'NONE',  ( -0.000000000000000000, 1.000000000000000000, 0.000000000000000000 ) ) ;
#1954 = EDGE_LOOP ( 'NONE', ( #581, #2344, #2160, #5324 ) ) ;
#1955 = ADVANCED_FACE ( 'NONE', ( #4025 ), #1696, .F. ) ;
#1956 = ADVANCED_FACE ( 'NONE', ( #193 ), #697, .F. ) ;
#1957 = ORIENTED_EDGE ( 'NONE', *, *, #2947, .F. ) ;
#1958 = EDGE_LOOP ( 'NONE', ( #5111, #208, #736, #600 ) ) ;
#1959 = CARTESIAN_POINT ( 'NONE',  ( -1.949999999999999956, -1.800000000000000044, 11.79999999999999893 ) ) ;
#1960 = VECTOR ( 'NONE', #4649, 1000.000000000000000 ) ;
#1961 = DIRECTION ( 'NONE',  ( 1.000000000000000000, 0.000000000000000000, 2.337311630789800155E-16 ) ) ;
#1962 = ORIENTED_EDGE ( 'NONE', *, *, #923, .F. ) ;
#1963 = CARTESIAN_POINT ( 'NONE',  ( 6.505213034913026604E-16, -4.299999999999999822, -6.999999999999999112 ) ) ;
#1964 = VERTEX_POINT ( 'NONE', #3134 ) ;
#1965 = DIRECTION ( 'NONE',  ( 0.000000000000000000, 0.000000000000000000, -1.000000000000000000 ) ) ;
#1966 = AXIS2_PLACEMENT_3D ( 'NONE', #5076, #773, #4040 ) ;
#1967 = LINE ( 'NONE', #2986, #4618 ) ;
#1968 = ORIENTED_EDGE ( 'NONE', *, *, #1025, .T. ) ;
#1969 = CARTESIAN_POINT ( 'NONE',  ( -0.2400000000000000189, 2.850000000000000089, 1.600000000000000089 ) ) ;
#1970 = CARTESIAN_POINT ( 'NONE',  ( 2.949999999999999734, 1.000000000000000000, 3.558407044966669819 ) ) ;
#1971 = CARTESIAN_POINT ( 'NONE',  ( 2.000000000000000000, 4.740000000000000213, 0.5999999999999999778 ) ) ;
#1972 = ORIENTED_EDGE ( 'NONE', *, *, #3283, .T. ) ;
#1973 = DIRECTION ( 'NONE',  ( -1.178997902256800061E-16, 1.824621967965149304E-34, 1.000000000000000000 ) ) ;
#1974 = DIRECTION ( 'NONE',  ( 0.000000000000000000, -1.000000000000000000, 0.000000000000000000 ) ) ;
#1975 = DIRECTION ( 'NONE',  ( 0.000000000000000000, -1.000000000000000000, -1.368455531567199917E-48 ) ) ;
#1976 = ORIENTED_EDGE ( 'NONE', *, *, #3979, .T. ) ;
#1977 = PLANE ( 'NONE',  #5036 ) ;
#1978 = VERTEX_POINT ( 'NONE', #2076 ) ;
#1979 = VERTEX_POINT ( 'NONE', #1670 ) ;
#1980 = ORIENTED_EDGE ( 'NONE', *, *, #2168, .T. ) ;
#1981 = CARTESIAN_POINT ( 'NONE',  ( 3.149999999999999911, -5.400000000000000355, 4.500000000000000000 ) ) ;
#1982 = ADVANCED_FACE ( 'NONE', ( #3554 ), #2538, .T. ) ;
#1983 = ADVANCED_FACE ( 'NONE', ( #1612 ), #2660, .F. ) ;
#1984 = EDGE_CURVE ( 'NONE', #4356, #1310, #5407, .T. ) ;
#1985 = EDGE_CURVE ( 'NONE', #1730, #5070, #5441, .T. ) ;
#1986 = EDGE_CURVE ( 'NONE', #3589, #4755, #4059, .T. ) ;
#1987 = CARTESIAN_POINT ( 'NONE',  ( -2.500000000000000000, 5.500000000000000000, 1.199999999999999956 ) ) ;
#1988 = ORIENTED_EDGE ( 'NONE', *, *, #2939, .F. ) ;
#1989 = ORIENTED_EDGE ( 'NONE', *, *, #2893, .T. ) ;
#1990 = CARTESIAN_POINT ( 'NONE',  ( 0.6500000000000000222, 5.100000000000000533, -0.6999999999999999556 ) ) ;
#1991 =( LENGTH_UNIT ( ) NAMED_UNIT ( * ) SI_UNIT ( .MILLI., .METRE. ) );
#1992 = DIRECTION ( 'NONE',  ( 0.000000000000000000, 0.000000000000000000, 1.000000000000000000 ) ) ;
#1993 = ORIENTED_EDGE ( 'NONE', *, *, #2365, .F. ) ;
#1994 = DIRECTION ( 'NONE',  ( 5.619493879734870378E-16, 0.000000000000000000, -1.000000000000000000 ) ) ;
#1995 = DIRECTION ( 'NONE',  ( -1.000000000000000000, 0.000000000000000000, 0.000000000000000000 ) ) ;
#1996 = CARTESIAN_POINT ( 'NONE',  ( -2.350000000000000089, -4.740000000000000213, 0.2999999999999999889 ) ) ;
#1997 = VERTEX_POINT ( 'NONE', #1641 ) ;
#1998 = DIRECTION ( 'NONE',  ( 1.000000000000000000, 0.000000000000000000, 0.000000000000000000 ) ) ;
#1999 = LINE ( 'NONE', #1071, #6009 ) ;
#2000 = CARTESIAN_POINT ( 'NONE',  ( 2.000000000000000000, -4.299999999999999822, 0.2999999999999999889 ) ) ;
#2001 = EDGE_LOOP ( 'NONE', ( #5224, #5733, #2229, #3249 ) ) ;
#2002 = DIRECTION ( 'NONE',  ( -1.000000000000000000, 0.000000000000000000, -5.551115123125780730E-16 ) ) ;
#2003 = ORIENTED_EDGE ( 'NONE', *, *, #2090, .T. ) ;
#2004 = CARTESIAN_POINT ( 'NONE',  ( 1.225140125038411414E-15, -5.200000000000000178, -5.699999999999999289 ) ) ;
#2005 = CARTESIAN_POINT ( 'NONE',  ( 2.350000000000000089, 5.259999999999999787, 0.5999999999999999778 ) ) ;
#2006 = ORIENTED_EDGE ( 'NONE', *, *, #217, .F. ) ;
#2007 = ORIENTED_EDGE ( 'NONE', *, *, #497, .F. ) ;
#2008 = LINE ( 'NONE', #4857, #5921 ) ;
#2009 = DIRECTION ( 'NONE',  ( 0.000000000000000000, -1.000000000000000000, 0.000000000000000000 ) ) ;
#2010 = ADVANCED_FACE ( 'NONE', ( #2102 ), #3094, .T. ) ;
#2011 = EDGE_CURVE ( 'NONE', #4893, #2714, #4972, .T. ) ;
#2012 = ADVANCED_FACE ( 'NONE', ( #3622 ), #3586, .F. ) ;
#2013 = EDGE_LOOP ( 'NONE', ( #2296, #5161, #3441, #1117, #775, #1429, #2270, #2561 ) ) ;
#2014 = VECTOR ( 'NONE', #1679, 1000.000000000000000 ) ;
#2015 = VECTOR ( 'NONE', #4239, 1000.000000000000000 ) ;
#2016 = AXIS2_PLACEMENT_3D ( 'NONE', #5281, #4820, #1975 ) ;
#2017 = ORIENTED_EDGE ( 'NONE', *, *, #3523, .F. ) ;
#2018 = PLANE ( 'NONE',  #5844 ) ;
#2019 = CARTESIAN_POINT ( 'NONE',  ( -3.350000000000000089, -0.8000000000000000444, 3.500000000000000000 ) ) ;
#2020 = AXIS2_PLACEMENT_3D ( 'NONE', #5853, #1115, #2164 ) ;
#2021 = VECTOR ( 'NONE', #4496, 1000.000000000000000 ) ;
#2022 = AXIS2_PLACEMENT_3D ( 'NONE', #4729, #452, #1506 ) ;
#2023 = EDGE_CURVE ( 'NONE', #3697, #5417, #2566, .T. ) ;
#2024 = ADVANCED_FACE ( 'NONE', ( #166 ), #730, .T. ) ;
#2025 = ORIENTED_EDGE ( 'NONE', *, *, #4150, .T. ) ;
#2026 = FACE_OUTER_BOUND ( 'NONE', #1798, .T. ) ;
#2027 = CARTESIAN_POINT ( 'NONE',  ( -1.949999999999999956, -2.200000000000000178, 11.50000000000000000 ) ) ;
#2028 = CARTESIAN_POINT ( 'NONE',  ( -2.000000000000000000, 3.100000000000000089, 6.400000000000000355 ) ) ;
#2029 = ORIENTED_EDGE ( 'NONE', *, *, #2704, .F. ) ;
#2031 = CARTESIAN_POINT ( 'NONE',  ( -2.500000000000000000, -5.500000000000000000, 6.200000000000000178 ) ) ;
#2030 = VECTOR ( 'NONE', #2969, 1000.000000000000000 ) ;
#2032 = VECTOR ( 'NONE', #2522, 1000.000000000000000 ) ;
#2033 = CARTESIAN_POINT ( 'NONE',  ( -4.999999999999999112, -0.5000000000000005551, -5.700000000000000178 ) ) ;
#2034 = DIRECTION ( 'NONE',  ( 0.000000000000000000, 0.000000000000000000, -1.000000000000000000 ) ) ;
#2035 = DIRECTION ( 'NONE',  ( -0.6401843996644799306, -7.830133605858421166E-17, 0.7682212795973757391 ) ) ;
#2036 = ORIENTED_EDGE ( 'NONE', *, *, #570, .T. ) ;
#2037 = LINE ( 'NONE', #1602, #2919 ) ;
#2038 = ORIENTED_EDGE ( 'NONE', *, *, #837, .F. ) ;
#2039 = ORIENTED_EDGE ( 'NONE', *, *, #5229, .T. ) ;
#2040 = VECTOR ( 'NONE', #2990, 1000.000000000000000 ) ;
#2041 = VECTOR ( 'NONE', #5599, 1000.000000000000000 ) ;
#2042 = DIRECTION ( 'NONE',  ( 0.000000000000000000, 0.000000000000000000, -1.000000000000000000 ) ) ;
#2043 = VERTEX_POINT ( 'NONE', #5132 ) ;
#2044 = ORIENTED_EDGE ( 'NONE', *, *, #2098, .T. ) ;
#2045 = LINE ( 'NONE', #5731, #1735 ) ;
#2046 = VECTOR ( 'NONE', #4468, 1000.000000000000000 ) ;
#2047 = DIRECTION ( 'NONE',  ( 1.233581138472399909E-16, -1.000000000000000000, 0.000000000000000000 ) ) ;
#2048 = ORIENTED_EDGE ( 'NONE', *, *, #4850, .T. ) ;
#2049 = VECTOR ( 'NONE', #353, 1000.000000000000000 ) ;
#2050 = VECTOR ( 'NONE', #3890, 1000.000000000000000 ) ;
#2051 = ORIENTED_EDGE ( 'NONE', *, *, #3487, .F. ) ;
#2052 = DIRECTION ( 'NONE',  ( -1.223105969149230677E-16, 1.000000000000000000, 0.000000000000000000 ) ) ;
#2053 = EDGE_CURVE ( 'NONE', #548, #6087, #860, .T. ) ;
#2054 = FACE_OUTER_BOUND ( 'NONE', #4787, .T. ) ;
#2055 = CARTESIAN_POINT ( 'NONE',  ( 6.245698675651499853E-16, -5.100000000000000533, 0.000000000000000000 ) ) ;
#2056 = MECHANICAL_DESIGN_GEOMETRIC_PRESENTATION_REPRESENTATION (  '', ( #4759 ), #59 ) ;
#2057 = VECTOR ( 'NONE', #3794, 1000.000000000000000 ) ;
#2058 = EDGE_LOOP ( 'NONE', ( #3490, #3559, #1669, #636 ) ) ;
#2059 = CARTESIAN_POINT ( 'NONE',  ( 2.949999999999999734, -0.8000000000000000444, 2.500000000000000000 ) ) ;
#2060 = CARTESIAN_POINT ( 'NONE',  ( -2.949999999999999734, -1.000000000000000000, 1.558407044966670041 ) ) ;
#2061 = VECTOR ( 'NONE', #2535, 1000.000000000000000 ) ;
#2062 = ORIENTED_EDGE ( 'NONE', *, *, #6106, .T. ) ;
#2063 = CARTESIAN_POINT ( 'NONE',  ( -0.9000000000000000222, 5.100000000000000533, -0.4000000000000000222 ) ) ;
#2064 = LINE ( 'NONE', #5450, #3349 ) ;
#2065 = EDGE_CURVE ( 'NONE', #446, #1866, #4697, .T. ) ;
#2066 = EDGE_CURVE ( 'NONE', #6171, #1767, #416, .T. ) ;
#2067 = DIRECTION ( 'NONE',  ( 1.000000000000000000, 0.000000000000000000, -1.110223024625160090E-15 ) ) ;
#2068 = PLANE ( 'NONE',  #4212 ) ;
#2069 = CARTESIAN_POINT ( 'NONE',  ( 3.350000000000000089, -6.349999999999999645, 1.558407044966670041 ) ) ;
#2070 = ORIENTED_EDGE ( 'NONE', *, *, #757, .F. ) ;
#2071 = DIRECTION ( 'NONE',  ( 0.000000000000000000, 1.000000000000000000, 0.000000000000000000 ) ) ;
#2072 = EDGE_LOOP ( 'NONE', ( #3668, #241, #288, #2 ) ) ;
#2073 = LINE ( 'NONE', #4528, #1764 ) ;
#2074 = EDGE_LOOP ( 'NONE', ( #4577, #197, #5677, #1555 ) ) ;
#2075 = ORIENTED_EDGE ( 'NONE', *, *, #1459, .F. ) ;
#2076 = CARTESIAN_POINT ( 'NONE',  ( 0.6499999999999994671, -0.4999999999999998890, -0.7000000000000000666 ) ) ;
#2077 = LINE ( 'NONE', #1647, #427 ) ;
#2078 = ORIENTED_EDGE ( 'NONE', *, *, #4269, .F. ) ;
#2079 = ORIENTED_EDGE ( 'NONE', *, *, #2292, .F. ) ;
#2080 = DIRECTION ( 'NONE',  ( -1.000000000000000000, -1.233581138472399909E-16, -1.178997902256800061E-16 ) ) ;
#2081 = DIRECTION ( 'NONE',  ( 0.000000000000000000, -1.000000000000000000, -2.960594732333750117E-16 ) ) ;
#2082 = DIRECTION ( 'NONE',  ( 0.000000000000000000, 1.000000000000000000, 1.245109934159049765E-16 ) ) ;
#2083 = ORIENTED_EDGE ( 'NONE', *, *, #997, .F. ) ;
#2084 = CARTESIAN_POINT ( 'NONE',  ( 2.350000000000000089, -5.259999999999999787, 0.2999999999999999889 ) ) ;
#2085 = CARTESIAN_POINT ( 'NONE',  ( 2.350000000000000089, 4.740000000000000213, 0.5999999999999999778 ) ) ;
#2086 = ORIENTED_EDGE ( 'NONE', *, *, #3734, .F. ) ;
#2087 = DIRECTION ( 'NONE',  ( -1.224646799147350002E-16, 0.000000000000000000, -1.000000000000000000 ) ) ;
#2088 = FACE_OUTER_BOUND ( 'NONE', #6048, .T. ) ;
#2089 = LINE ( 'NONE', #2151, #1431 ) ;
#2090 = EDGE_CURVE ( 'NONE', #1507, #5052, #5169, .T. ) ;
#2091 = ADVANCED_FACE ( 'NONE', ( #6168 ), #390, .T. ) ;
#2092 = EDGE_CURVE ( 'NONE', #4435, #3254, #2289, .T. ) ;
#2093 = ADVANCED_FACE ( 'NONE', ( #893, #4223 ), #790, .T. ) ;
#2094 = FACE_OUTER_BOUND ( 'NONE', #5740, .T. ) ;
#2095 = VERTEX_POINT ( 'NONE', #4188 ) ;
#2096 = VERTEX_POINT ( 'NONE', #2726 ) ;
#2097 = PRESENTATION_STYLE_ASSIGNMENT (( #5932 ) ) ;
#2098 = EDGE_CURVE ( 'NONE', #1997, #2096, #5691, .T. ) ;
#2099 = CARTESIAN_POINT ( 'NONE',  ( -1.949999999999999956, -1.399999999999999911, 11.50000000000000000 ) ) ;
#2100 = ORIENTED_EDGE ( 'NONE', *, *, #3352, .T. ) ;
#2101 = ORIENTED_EDGE ( 'NONE', *, *, #5898, .F. ) ;
#2102 = FACE_OUTER_BOUND ( 'NONE', #3161, .T. ) ;
#2103 = CARTESIAN_POINT ( 'NONE',  ( -3.350000000000000089, 2.500000000000000000, 2.558407044966669819 ) ) ;
#2104 = ORIENTED_EDGE ( 'NONE', *, *, #1494, .T. ) ;
#2105 = VERTEX_POINT ( 'NONE', #3756 ) ;
#2106 = CARTESIAN_POINT ( 'NONE',  ( -2.949999999999999734, 2.500000000000000000, 2.558407044966669819 ) ) ;
#2107 = CARTESIAN_POINT ( 'NONE',  ( -2.000000000000000000, -5.200000000000000178, 0.2999999999999999889 ) ) ;
#2108 = VECTOR ( 'NONE', #5322, 1000.000000000000000 ) ;
#2109 = VECTOR ( 'NONE', #1298, 1000.000000000000000 ) ;
#2110 = VERTEX_POINT ( 'NONE', #3684 ) ;
#2111 = CARTESIAN_POINT ( 'NONE',  ( -2.850000000000000089, 6.349999999999999645, 6.299999999999919886 ) ) ;
#2112 = ORIENTED_EDGE ( 'NONE', *, *, #1521, .F. ) ;
#2113 = DIRECTION ( 'NONE',  ( -1.000000000000000000, -1.668003342285390565E-16, 0.000000000000000000 ) ) ;
#2114 = VECTOR ( 'NONE', #1613, 1000.000000000000000 ) ;
#2115 = VECTOR ( 'NONE', #3337, 1000.000000000000000 ) ;
#2116 = VECTOR ( 'NONE', #1891, 1000.000000000000000 ) ;
#2117 = CARTESIAN_POINT ( 'NONE',  ( -0.9000000000000000222, 5.100000000000000533, 0.2000000000000000111 ) ) ;
#2118 = DIRECTION ( 'NONE',  ( -1.000000000000000000, 0.000000000000000000, 0.000000000000000000 ) ) ;
#2119 = EDGE_LOOP ( 'NONE', ( #179, #164, #4722, #161 ) ) ;
#2120 = CIRCLE ( 'NONE', #4004, 0.6500000000000003553 ) ;
#2121 = LINE ( 'NONE', #5927, #1526 ) ;
#2122 = ORIENTED_EDGE ( 'NONE', *, *, #1527, .F. ) ;
#2123 = DIRECTION ( 'NONE',  ( -4.440892098500620245E-16, -0.8000000000000000444, -0.5999999999999999778 ) ) ;
#2124 = VERTEX_POINT ( 'NONE', #4631 ) ;
#2125 = CARTESIAN_POINT ( 'NONE',  ( 5.379719158707832163E-16, -5.200000000000000178, 0.2000000000000001776 ) ) ;
#2126 = EDGE_CURVE ( 'NONE', #5330, #99, #1329, .T. ) ;
#2127 = PRODUCT_DEFINITION ( 'UNKNOWN', '', #23, #3581 ) ;
#2128 = VECTOR ( 'NONE', #5077, 1000.000000000000000 ) ;
#2129 = CARTESIAN_POINT ( 'NONE',  ( -0.9000000000000000222, 4.200000000000000178, -0.4000000000000000222 ) ) ;
#2130 = EDGE_LOOP ( 'NONE', ( #2592, #2367, #4243, #5363 ) ) ;
#2131 = ORIENTED_EDGE ( 'NONE', *, *, #3117, .F. ) ;
#2132 = DIRECTION ( 'NONE',  ( 0.000000000000000000, 0.000000000000000000, 1.000000000000000000 ) ) ;
#2133 = FACE_OUTER_BOUND ( 'NONE', #3989, .T. ) ;
#2134 = EDGE_CURVE ( 'NONE', #4209, #3014, #1762, .T. ) ;
#2135 = EDGE_CURVE ( 'NONE', #2171, #1978, #3720, .T. ) ;
#2136 = EDGE_CURVE ( 'NONE', #2465, #2095, #2817, .T. ) ;
#2137 = DIRECTION ( 'NONE',  ( 8.881784197001250351E-16, -0.8000000000000000444, 0.5999999999999999778 ) ) ;
#2138 = VECTOR ( 'NONE', #4673, 1000.000000000000000 ) ;
#2139 = ORIENTED_EDGE ( 'NONE', *, *, #4526, .F. ) ;
#2140 = CARTESIAN_POINT ( 'NONE',  ( 1.949999999999999956, 0.1485051958711619824, 11.50000000000000000 ) ) ;
#2141 = ORIENTED_EDGE ( 'NONE', *, *, #4026, .T. ) ;
#2142 = LINE ( 'NONE', #3046, #3642 ) ;
#2143 = LINE ( 'NONE', #333, #2459 ) ;
#2144 = DIRECTION ( 'NONE',  ( 0.000000000000000000, 1.000000000000000000, 1.480297366166879989E-16 ) ) ;
#2145 = VECTOR ( 'NONE', #1853, 1000.000000000000000 ) ;
#2146 = ORIENTED_EDGE ( 'NONE', *, *, #2475, .F. ) ;
#2147 = DIRECTION ( 'NONE',  ( 0.000000000000000000, 1.000000000000000000, 0.000000000000000000 ) ) ;
#2148 = ORIENTED_EDGE ( 'NONE', *, *, #1415, .F. ) ;
#2149 = DIRECTION ( 'NONE',  ( 0.000000000000000000, 0.000000000000000000, -1.000000000000000000 ) ) ;
#2150 = LINE ( 'NONE', #4551, #5814 ) ;
#2151 = CARTESIAN_POINT ( 'NONE',  ( -3.350000000000000089, 2.600000000000000089, 3.000000000000000000 ) ) ;
#2152 =( GEOMETRIC_REPRESENTATION_CONTEXT ( 3 ) GLOBAL_UNCERTAINTY_ASSIGNED_CONTEXT ( ( #1039 ) ) GLOBAL_UNIT_ASSIGNED_CONTEXT ( ( #2891, #2458, #3271 ) ) REPRESENTATION_CONTEXT ( 'NONE', 'WORKASPACE' ) );
#2153 = DIRECTION ( 'NONE',  ( -1.224646799147350002E-16, 0.000000000000000000, -1.000000000000000000 ) ) ;
#2154 = ORIENTED_EDGE ( 'NONE', *, *, #6071, .T. ) ;
#2155 =( NAMED_UNIT ( * ) SI_UNIT ( $, .STERADIAN. ) SOLID_ANGLE_UNIT ( ) );
#2156 = VERTEX_POINT ( 'NONE', #3658 ) ;
#2157 = DIRECTION ( 'NONE',  ( 0.000000000000000000, 1.000000000000000000, 0.000000000000000000 ) ) ;
#2158 = VECTOR ( 'NONE', #2637, 1000.000000000000000 ) ;
#2159 = DIRECTION ( 'NONE',  ( -1.000000000000000000, -4.108650548026095125E-32, 0.000000000000000000 ) ) ;
#2160 = ORIENTED_EDGE ( 'NONE', *, *, #36, .T. ) ;
#2161 = ORIENTED_EDGE ( 'NONE', *, *, #5789, .T. ) ;
#2162 = DIRECTION ( 'NONE',  ( 0.000000000000000000, 1.521092962872260001E-16, -1.000000000000000000 ) ) ;
#2163 = CARTESIAN_POINT ( 'NONE',  ( 2.000000000000000000, -3.100000000000000089, 6.400000000000000355 ) ) ;
#2164 = DIRECTION ( 'NONE',  ( 0.000000000000000000, 0.000000000000000000, -1.000000000000000000 ) ) ;
#2165 = ORIENTED_EDGE ( 'NONE', *, *, #4382, .F. ) ;
#2166 = ADVANCED_FACE ( 'NONE', ( #5563 ), #454, .F. ) ;
#2167 = EDGE_CURVE ( 'NONE', #4467, #446, #2224, .T. ) ;
#2168 = EDGE_CURVE ( 'NONE', #4000, #4178, #3162, .T. ) ;
#2169 = DIRECTION ( 'NONE',  ( 0.000000000000000000, 1.000000000000000000, 0.000000000000000000 ) ) ;
#2170 = ADVANCED_FACE ( 'NONE', ( #6069 ), #1790, .T. ) ;
#2171 = VERTEX_POINT ( 'NONE', #3315 ) ;
#2172 = LINE ( 'NONE', #5542, #5747 ) ;
#2173 = LINE ( 'NONE', #2234, #5446 ) ;
#2174 = PLANE ( 'NONE',  #717 ) ;
#2175 = VERTEX_POINT ( 'NONE', #1014 ) ;
#2176 = CARTESIAN_POINT ( 'NONE',  ( -1.949999999999999956, -5.000000000000000000, 1.600000000000000089 ) ) ;
#2177 = ORIENTED_EDGE ( 'NONE', *, *, #845, .T. ) ;
#2178 = PLANE ( 'NONE',  #4540 ) ;
#2179 = DIRECTION ( 'NONE',  ( -1.000000000000000000, -1.029983974020404631E-16, -7.569702440626070459E-17 ) ) ;
#2180 = CARTESIAN_POINT ( 'NONE',  ( -2.299999999999999822, 5.259999999999999787, 0.5999999999999999778 ) ) ;
#2181 = DIRECTION ( 'NONE',  ( -1.000000000000000000, 1.398706172756099997E-16, 0.000000000000000000 ) ) ;
#2182 = ORIENTED_EDGE ( 'NONE', *, *, #5229, .F. ) ;
#2183 = LINE ( 'NONE', #3675, #6116 ) ;
#2184 = FACE_OUTER_BOUND ( 'NONE', #867, .T. ) ;
#2185 = ORIENTED_EDGE ( 'NONE', *, *, #3083, .F. ) ;
#2186 = LINE ( 'NONE', #5432, #553 ) ;
#2187 = LINE ( 'NONE', #1291, #1525 ) ;
#2188 = LINE ( 'NONE', #5090, #1748 ) ;
#2189 = CARTESIAN_POINT ( 'NONE',  ( 2.500000000000000000, -5.500000000000000000, 1.199999999999999956 ) ) ;
#2190 = VERTEX_POINT ( 'NONE', #3871 ) ;
#2191 = ORIENTED_EDGE ( 'NONE', *, *, #3455, .T. ) ;
#2192 = DIRECTION ( 'NONE',  ( -0.000000000000000000, 1.000000000000000000, 0.000000000000000000 ) ) ;
#2193 = CARTESIAN_POINT ( 'NONE',  ( 2.000000000000000000, -4.299999999999999822, 0.2999999999999999889 ) ) ;
#2194 = DIRECTION ( 'NONE',  ( 1.000000000000000000, 0.000000000000000000, 0.000000000000000000 ) ) ;
#2195 = VERTEX_POINT ( 'NONE', #5780 ) ;
#2196 = ORIENTED_EDGE ( 'NONE', *, *, #1759, .F. ) ;
#2197 = DIRECTION ( 'NONE',  ( 8.074349270001139933E-17, 1.000000000000000000, 0.000000000000000000 ) ) ;
#2198 = VERTEX_POINT ( 'NONE', #3931 ) ;
#2199 = DIRECTION ( 'NONE',  ( 1.000000000000000000, 0.000000000000000000, 0.000000000000000000 ) ) ;
#2200 = DIRECTION ( 'NONE',  ( 1.000000000000000000, 0.000000000000000000, -1.224646799147350002E-16 ) ) ;
#2201 = EDGE_CURVE ( 'NONE', #1103, #5072, #3373, .T. ) ;
#2202 = EDGE_CURVE ( 'NONE', #5262, #1611, #574, .T. ) ;
#2203 = EDGE_LOOP ( 'NONE', ( #4328, #1610, #2797, #67, #1138, #4760, #2851, #6172, #2740, #5069, #6075, #2506, #2763, #6025, #2326, #2017, #5783, #4897, #2241, #5745, #672, #3773, #4942, #4752, #5302, #5168, #1350, #4448 ) ) ;
#2204 = DIRECTION ( 'NONE',  ( -4.440892098500620245E-16, -0.8000000000000000444, -0.5999999999999999778 ) ) ;
#2205 = ORIENTED_EDGE ( 'NONE', *, *, #4952, .F. ) ;
#2206 = DIRECTION ( 'NONE',  ( -6.049014748177260544E-16, 1.398706172756099997E-16, -1.000000000000000000 ) ) ;
#2207 = CARTESIAN_POINT ( 'NONE',  ( 2.350000000000000089, -5.549999999999999822, 0.2999999999999999889 ) ) ;
#2208 = CARTESIAN_POINT ( 'NONE',  ( 0.6500000000000006883, -0.4999999999999998890, -6.349999999999999645 ) ) ;
#2209 = EDGE_CURVE ( 'NONE', #4023, #1092, #4287, .T. ) ;
#2210 = CARTESIAN_POINT ( 'NONE',  ( 2.949999999999999734, -5.500000000000000000, 4.558407044966670263 ) ) ;
#2211 = EDGE_CURVE ( 'NONE', #5636, #3182, #4401, .T. ) ;
#2212 = CARTESIAN_POINT ( 'NONE',  ( -5.649999999999999467, -5.200000000000001066, -6.349999999999999645 ) ) ;
#2213 = CARTESIAN_POINT ( 'NONE',  ( -2.949999999999999734, 6.349999999999999645, 0.000000000000000000 ) ) ;
#2214 = VECTOR ( 'NONE', #5891, 1000.000000000000000 ) ;
#2215 = ORIENTED_EDGE ( 'NONE', *, *, #4228, .F. ) ;
#2217 = DIRECTION ( 'NONE',  ( 0.000000000000000000, 1.000000000000000000, 0.000000000000000000 ) ) ;
#2216 = VECTOR ( 'NONE', #4633, 1000.000000000000114 ) ;
#2218 = AXIS2_PLACEMENT_3D ( 'NONE', #4221, #2317, #1398 ) ;
#2219 = ORIENTED_EDGE ( 'NONE', *, *, #5296, .F. ) ;
#2220 = VECTOR ( 'NONE', #2147, 1000.000000000000000 ) ;
#2221 = CIRCLE ( 'NONE', #5715, 0.6465962861523397720 ) ;
#2222 = CARTESIAN_POINT ( 'NONE',  ( 3.350000000000000089, -5.500000000000000000, 2.558407044966669819 ) ) ;
#2223 = DIRECTION ( 'NONE',  ( 0.000000000000000000, 1.000000000000000000, 0.000000000000000000 ) ) ;
#2224 = LINE ( 'NONE', #3784, #750 ) ;
#2225 = DIRECTION ( 'NONE',  ( 2.467162276944790449E-16, -1.000000000000000000, 0.000000000000000000 ) ) ;
#2226 = AXIS2_PLACEMENT_3D ( 'NONE', #3912, #5829, #1992 ) ;
#2227 = DIRECTION ( 'NONE',  ( 1.517040202348099841E-29, 1.000000000000000000, -8.881784197001241279E-15 ) ) ;
#2228 = CIRCLE ( 'NONE', #4014, 0.6465962861523397720 ) ;
#2229 = ORIENTED_EDGE ( 'NONE', *, *, #3614, .T. ) ;
#2230 = ORIENTED_EDGE ( 'NONE', *, *, #5946, .F. ) ;
#2231 = DIRECTION ( 'NONE',  ( -1.224646799147350002E-16, 1.000000000000000000, 0.000000000000000000 ) ) ;
#2232 = ORIENTED_EDGE ( 'NONE', *, *, #5600, .F. ) ;
#2233 = DIRECTION ( 'NONE',  ( 0.000000000000000000, -1.000000000000000000, 0.000000000000000000 ) ) ;
#2234 = CARTESIAN_POINT ( 'NONE',  ( -2.949999999999999734, -5.500000000000000000, 2.558407044966669819 ) ) ;
#2235 = VECTOR ( 'NONE', #4669, 1000.000000000000000 ) ;
#2236 = DIRECTION ( 'NONE',  ( 1.000000000000000000, 0.000000000000000000, 0.000000000000000000 ) ) ;
#2237 = ORIENTED_EDGE ( 'NONE', *, *, #6012, .T. ) ;
#2238 = CARTESIAN_POINT ( 'NONE',  ( -4.999999999999999112, 5.099999999999999645, -6.353403713847660228 ) ) ;
#2239 = AXIS2_PLACEMENT_3D ( 'NONE', #1258, #5555, #6088 ) ;
#2240 = EDGE_CURVE ( 'NONE', #3709, #5699, #3431, .T. ) ;
#2241 = ORIENTED_EDGE ( 'NONE', *, *, #2126, .T. ) ;
#2242 = DIRECTION ( 'NONE',  ( -1.000000000000000000, 0.000000000000000000, 0.000000000000000000 ) ) ;
#2243 = CARTESIAN_POINT ( 'NONE',  ( -2.949999999999999734, 6.349999999999999645, 6.299999999999999822 ) ) ;
#2244 = CARTESIAN_POINT ( 'NONE',  ( 7.589415207398531038E-16, 5.100000000000000533, -6.999999999999999112 ) ) ;
#2245 = VECTOR ( 'NONE', #4959, 1000.000000000000000 ) ;
#2246 = DIRECTION ( 'NONE',  ( 0.000000000000000000, 0.000000000000000000, 1.000000000000000000 ) ) ;
#2247 = FACE_OUTER_BOUND ( 'NONE', #356, .T. ) ;
#2248 = EDGE_CURVE ( 'NONE', #4187, #3763, #38, .T. ) ;
#2249 = EDGE_CURVE ( 'NONE', #5507, #122, #1080, .T. ) ;
#2250 = ORIENTED_EDGE ( 'NONE', *, *, #6190, .F. ) ;
#2251 = EDGE_CURVE ( 'NONE', #5757, #2731, #1919, .T. ) ;
#2252 = FACE_OUTER_BOUND ( 'NONE', #2001, .T. ) ;
#2253 = EDGE_CURVE ( 'NONE', #5931, #2979, #5812, .T. ) ;
#2254 = DIRECTION ( 'NONE',  ( 0.000000000000000000, -1.000000000000000000, 0.000000000000000000 ) ) ;
#2255 = CARTESIAN_POINT ( 'NONE',  ( -3.350000000000000089, -0.8000000000000000444, 2.500000000000000000 ) ) ;
#2256 = LINE ( 'NONE', #4780, #3248 ) ;
#2257 = DIRECTION ( 'NONE',  ( 0.000000000000000000, -1.000000000000000000, 0.000000000000000000 ) ) ;
#2258 = VERTEX_POINT ( 'NONE', #4317 ) ;
#2259 = DIRECTION ( 'NONE',  ( 6.049014748177260544E-16, -1.398706172756099997E-16, 1.000000000000000000 ) ) ;
#2260 = VECTOR ( 'NONE', #3074, 1000.000000000000000 ) ;
#2261 = LINE ( 'NONE', #4164, #622 ) ;
#2262 = ORIENTED_EDGE ( 'NONE', *, *, #1075, .F. ) ;
#2263 = ORIENTED_EDGE ( 'NONE', *, *, #4031, .T. ) ;
#2264 = DIRECTION ( 'NONE',  ( 0.000000000000000000, -1.000000000000000000, 0.000000000000000000 ) ) ;
#2265 = ORIENTED_EDGE ( 'NONE', *, *, #3612, .T. ) ;
#2266 = DIRECTION ( 'NONE',  ( 0.000000000000000000, -1.000000000000000000, 0.000000000000000000 ) ) ;
#2267 = CARTESIAN_POINT ( 'NONE',  ( -2.949999999999999734, 6.349999999999999645, 6.299999999999999822 ) ) ;
#2268 = ORIENTED_EDGE ( 'NONE', *, *, #4464, .F. ) ;
#2269 = CARTESIAN_POINT ( 'NONE',  ( 2.350000000000000089, 5.549999999999999822, 0.2999999999999999889 ) ) ;
#2270 = ORIENTED_EDGE ( 'NONE', *, *, #1832, .F. ) ;
#2271 = DIRECTION ( 'NONE',  ( -1.110223024625160090E-15, 0.000000000000000000, -1.000000000000000000 ) ) ;
#2272 = FACE_OUTER_BOUND ( 'NONE', #5346, .T. ) ;
#2273 = CARTESIAN_POINT ( 'NONE',  ( 2.000000000000000000, 3.100000000000000089, 6.799999999999999822 ) ) ;
#2274 = DIRECTION ( 'NONE',  ( 4.930380657631313384E-32, 0.5999999999999999778, 0.8000000000000000444 ) ) ;
#2275 = EDGE_LOOP ( 'NONE', ( #2278, #5004, #1603, #1122 ) ) ;
#2276 = DIRECTION ( 'NONE',  ( 0.000000000000000000, 1.000000000000000000, 5.657187386625000224E-17 ) ) ;
#2277 = DIRECTION ( 'NONE',  ( -1.325639432388249949E-16, 0.000000000000000000, -1.000000000000000000 ) ) ;
#2278 = ORIENTED_EDGE ( 'NONE', *, *, #2167, .F. ) ;
#2279 = FACE_OUTER_BOUND ( 'NONE', #338, .T. ) ;
#2280 = ORIENTED_EDGE ( 'NONE', *, *, #4069, .F. ) ;
#2281 = CARTESIAN_POINT ( 'NONE',  ( 6.505213034913026604E-16, -4.299999999999999822, -6.999999999999999112 ) ) ;
#2282 = EDGE_CURVE ( 'NONE', #1830, #4000, #1542, .T. ) ;
#2283 = ADVANCED_FACE ( 'NONE', ( #2945 ), #1977, .T. ) ;
#2284 = EDGE_CURVE ( 'NONE', #3845, #745, #4875, .T. ) ;
#2285 = ADVANCED_FACE ( 'NONE', ( #3399 ), #2444, .T. ) ;
#2286 = CARTESIAN_POINT ( 'NONE',  ( -1.949999999999999956, 3.000000000000000000, 5.500000000000000000 ) ) ;
#2287 = DIRECTION ( 'NONE',  ( 8.074349270001139933E-17, 1.000000000000000000, 0.000000000000000000 ) ) ;
#2288 = EDGE_LOOP ( 'NONE', ( #3728, #5285, #2230, #2878 ) ) ;
#2289 = LINE ( 'NONE', #320, #3520 ) ;
#2290 = DIRECTION ( 'NONE',  ( -1.178997902256800061E-16, 0.000000000000000000, 1.000000000000000000 ) ) ;
#2291 = CARTESIAN_POINT ( 'NONE',  ( -2.949999999999999734, -1.000000000000000000, 3.558407044966669819 ) ) ;
#2292 = EDGE_CURVE ( 'NONE', #3291, #3292, #1486, .T. ) ;
#2293 = ORIENTED_EDGE ( 'NONE', *, *, #1794, .T. ) ;
#2294 = ORIENTED_EDGE ( 'NONE', *, *, #4701, .F. ) ;
#2295 = LINE ( 'NONE', #4767, #3623 ) ;
#2296 = ORIENTED_EDGE ( 'NONE', *, *, #4277, .T. ) ;
#2297 = CARTESIAN_POINT ( 'NONE',  ( -1.949999999999999956, -2.600000000000000089, 11.79999999999999893 ) ) ;
#2298 = FACE_OUTER_BOUND ( 'NONE', #3350, .T. ) ;
#2299 = ORIENTED_EDGE ( 'NONE', *, *, #3195, .T. ) ;
#2300 = LINE ( 'NONE', #337, #1223 ) ;
#2301 = ORIENTED_EDGE ( 'NONE', *, *, #2202, .T. ) ;
#2302 = CARTESIAN_POINT ( 'NONE',  ( 2.949999999999999734, 1.000000000000000000, 1.558407044966670041 ) ) ;
#2303 = DIRECTION ( 'NONE',  ( 1.000000000000000000, 0.000000000000000000, 0.000000000000000000 ) ) ;
#2304 = MANIFOLD_SOLID_BREP ( 'Boss-Extrude7', #4545 ) ;
#2305 = DIRECTION ( 'NONE',  ( -1.000000000000000000, -1.233581138472399909E-16, -1.178997902256800061E-16 ) ) ;
#2306 = DIRECTION ( 'NONE',  ( 0.000000000000000000, 1.000000000000000000, 1.245109934159049765E-16 ) ) ;
#2307 = ORIENTED_EDGE ( 'NONE', *, *, #4885, .F. ) ;
#2308 = LINE ( 'NONE', #943, #933 ) ;
#2309 = ORIENTED_EDGE ( 'NONE', *, *, #1261, .T. ) ;
#2310 = CARTESIAN_POINT ( 'NONE',  ( 3.149999999999999911, -5.400000000000000355, 4.500000000000000000 ) ) ;
#2311 = ORIENTED_EDGE ( 'NONE', *, *, #77, .F. ) ;
#2312 = CARTESIAN_POINT ( 'NONE',  ( -3.350000000000000089, 2.600000000000000089, 2.600000000000000089 ) ) ;
#2313 = CARTESIAN_POINT ( 'NONE',  ( 2.350000000000000089, -0.2599999999999999534, 0.2999999999999999889 ) ) ;
#2314 = ORIENTED_EDGE ( 'NONE', *, *, #5521, .F. ) ;
#2315 = AXIS2_PLACEMENT_3D ( 'NONE', #4061, #5912, #670 ) ;
#2316 = AXIS2_PLACEMENT_3D ( 'NONE', #1620, #1211, #2574 ) ;
#2317 = DIRECTION ( 'NONE',  ( -1.000000000000000000, 0.000000000000000000, 0.000000000000000000 ) ) ;
#2318 = ORIENTED_EDGE ( 'NONE', *, *, #4567, .T. ) ;
#2319 = CARTESIAN_POINT ( 'NONE',  ( -2.949999999999999734, -1.000000000000000000, 1.558407044966670041 ) ) ;
#2320 = EDGE_CURVE ( 'NONE', #4323, #5201, #129, .T. ) ;
#2321 = DIRECTION ( 'NONE',  ( 1.000000000000000000, 0.000000000000000000, 0.000000000000000000 ) ) ;
#2322 = CIRCLE ( 'NONE', #5807, 1.000000000000000000 ) ;
#2323 = AXIS2_PLACEMENT_3D ( 'NONE', #4122, #1636, #5991 ) ;
#2324 = VECTOR ( 'NONE', #92, 1000.000000000000000 ) ;
#2325 = DIRECTION ( 'NONE',  ( 0.000000000000000000, -7.360691234128989364E-16, -1.000000000000000000 ) ) ;
#2326 = ORIENTED_EDGE ( 'NONE', *, *, #887, .T. ) ;
#2327 = ORIENTED_EDGE ( 'NONE', *, *, #2135, .F. ) ;
#2328 = VECTOR ( 'NONE', #3396, 1000.000000000000000 ) ;
#2329 = LINE ( 'NONE', #868, #6018 ) ;
#2330 = VECTOR ( 'NONE', #6160, 1000.000000000000000 ) ;
#2331 = ORIENTED_EDGE ( 'NONE', *, *, #967, .T. ) ;
#2332 = EDGE_CURVE ( 'NONE', #2198, #102, #4991, .T. ) ;
#2333 = LINE ( 'NONE', #5176, #2748 ) ;
#2334 = EDGE_CURVE ( 'NONE', #4173, #1514, #1169, .T. ) ;
#2335 = DIRECTION ( 'NONE',  ( 0.000000000000000000, 0.000000000000000000, 1.000000000000000000 ) ) ;
#2336 = VECTOR ( 'NONE', #2389, 1000.000000000000000 ) ;
#2337 = ORIENTED_EDGE ( 'NONE', *, *, #2363, .T. ) ;
#2338 = DIRECTION ( 'NONE',  ( -6.661338147750940229E-16, 1.110223024625159992E-16, -1.000000000000000000 ) ) ;
#2339 = VERTEX_POINT ( 'NONE', #3484 ) ;
#2340 = DIRECTION ( 'NONE',  ( -0.6401843996644798196, 0.000000000000000000, 0.7682212795973758501 ) ) ;
#2341 = DIRECTION ( 'NONE',  ( -1.000000000000000000, -1.233581138472399909E-16, -1.178997902256800061E-16 ) ) ;
#2342 = CARTESIAN_POINT ( 'NONE',  ( 6.129397315729226083E-17, -0.5000000000000000000, 0.2999999999999999889 ) ) ;
#2343 = VECTOR ( 'NONE', #2416, 1000.000000000000000 ) ;
#2344 = ORIENTED_EDGE ( 'NONE', *, *, #3949, .T. ) ;
#2345 = FACE_OUTER_BOUND ( 'NONE', #3267, .T. ) ;
#2346 = CARTESIAN_POINT ( 'NONE',  ( -1.949999999999999956, -2.949999999999999734, 11.50000000000000000 ) ) ;
#2347 = ORIENTED_EDGE ( 'NONE', *, *, #887, .F. ) ;
#2348 = LINE ( 'NONE', #2845, #2949 ) ;
#2349 = COLOUR_RGB ( '',0.7921568627450980005, 0.8196078431372548767, 0.9333333333333333481 ) ;
#2350 = CARTESIAN_POINT ( 'NONE',  ( 2.350000000000000089, 4.740000000000000213, 0.5999999999999999778 ) ) ;
#2351 = DIRECTION ( 'NONE',  ( 0.000000000000000000, 0.000000000000000000, -1.000000000000000000 ) ) ;
#2352 = ORIENTED_EDGE ( 'NONE', *, *, #3566, .T. ) ;
#2353 = CARTESIAN_POINT ( 'NONE',  ( 2.949999999999999734, 5.500000000000000000, 4.558407044966680033 ) ) ;
#2354 = FACE_OUTER_BOUND ( 'NONE', #3097, .T. ) ;
#2355 = AXIS2_PLACEMENT_3D ( 'NONE', #5364, #5299, #1093 ) ;
#2356 = DIRECTION ( 'NONE',  ( 0.000000000000000000, 0.000000000000000000, -1.000000000000000000 ) ) ;
#2357 = ORIENTED_EDGE ( 'NONE', *, *, #4460, .F. ) ;
#2358 = AXIS2_PLACEMENT_3D ( 'NONE', #843, #4650, #6015 ) ;
#2359 = ORIENTED_EDGE ( 'NONE', *, *, #1709, .T. ) ;
#2360 = DIRECTION ( 'NONE',  ( -0.000000000000000000, 1.000000000000000000, 0.000000000000000000 ) ) ;
#2361 = PLANE ( 'NONE',  #359 ) ;
#2362 = LINE ( 'NONE', #5763, #4811 ) ;
#2363 = EDGE_CURVE ( 'NONE', #6033, #3175, #4937, .T. ) ;
#2364 = EDGE_CURVE ( 'NONE', #4737, #110, #1577, .T. ) ;
#2365 = EDGE_CURVE ( 'NONE', #2731, #5284, #2186, .T. ) ;
#2366 = ADVANCED_FACE ( 'NONE', ( #3578 ), #631, .T. ) ;
#2367 = ORIENTED_EDGE ( 'NONE', *, *, #4771, .T. ) ;
#2368 = DIRECTION ( 'NONE',  ( 1.000000000000000000, 0.000000000000000000, -6.049014748177260544E-16 ) ) ;
#2369 = VERTEX_POINT ( 'NONE', #2617 ) ;
#2370 = CARTESIAN_POINT ( 'NONE',  ( 0.2400000000000000189, 2.850000000000000089, 3.000000000000000000 ) ) ;
#2371 = FACE_OUTER_BOUND ( 'NONE', #1699, .T. ) ;
#2372 = LINE ( 'NONE', #1061, #1728 ) ;
#2373 = EDGE_LOOP ( 'NONE', ( #1852, #4861, #5773, #1761 ) ) ;
#2374 = CARTESIAN_POINT ( 'NONE',  ( 2.949999999999999734, -5.500000000000000000, 2.558407044966669819 ) ) ;
#2375 = DIRECTION ( 'NONE',  ( 4.440892098500630106E-16, -1.110223024625159992E-16, 1.000000000000000000 ) ) ;
#2376 = ORIENTED_EDGE ( 'NONE', *, *, #3355, .T. ) ;
#2377 = LINE ( 'NONE', #4756, #3839 ) ;
#2378 = DIRECTION ( 'NONE',  ( 0.000000000000000000, 0.000000000000000000, -1.000000000000000000 ) ) ;
#2379 = ORIENTED_EDGE ( 'NONE', *, *, #103, .T. ) ;
#2380 = CARTESIAN_POINT ( 'NONE',  ( 3.149999999999999911, 2.600000000000000089, 2.600000000000000089 ) ) ;
#2381 = VERTEX_POINT ( 'NONE', #1604 ) ;
#2382 = DIRECTION ( 'NONE',  ( -1.000000000000000000, 0.000000000000000000, 0.000000000000000000 ) ) ;
#2383 = CARTESIAN_POINT ( 'NONE',  ( 3.350000000000000089, 5.500000000000000000, 4.558407044966670263 ) ) ;
#2384 = DIRECTION ( 'NONE',  ( -1.000000000000000000, -8.340016711426952823E-17, 0.000000000000000000 ) ) ;
#2385 = ORIENTED_EDGE ( 'NONE', *, *, #4307, .T. ) ;
#2386 = VERTEX_POINT ( 'NONE', #692 ) ;
#2387 = CARTESIAN_POINT ( 'NONE',  ( -2.500000000000000000, 5.500000000000000000, 1.199999999999999956 ) ) ;
#2388 = DIRECTION ( 'NONE',  ( 1.000000000000000000, 1.029983974020404631E-16, 1.178997902256800061E-16 ) ) ;
#2389 = DIRECTION ( 'NONE',  ( 0.000000000000000000, -1.000000000000000000, 0.000000000000000000 ) ) ;
#2390 = ORIENTED_EDGE ( 'NONE', *, *, #4110, .F. ) ;
#2391 = DIRECTION ( 'NONE',  ( -1.000000000000000000, -1.387778780781449866E-16, -1.178997902256800061E-16 ) ) ;
#2392 = ORIENTED_EDGE ( 'NONE', *, *, #3958, .T. ) ;
#2393 = CARTESIAN_POINT ( 'NONE',  ( -2.949999999999999734, -6.349999999999999645, 6.200000000000000178 ) ) ;
#2394 = ADVANCED_FACE ( 'NONE', ( #3461 ), #2586, .T. ) ;
#2395 = EDGE_CURVE ( 'NONE', #706, #4586, #5847, .T. ) ;
#2396 = CARTESIAN_POINT ( 'NONE',  ( -3.350000000000000089, -6.349999999999999645, 1.558407044966670041 ) ) ;
#2397 = ORIENTED_EDGE ( 'NONE', *, *, #1114, .F. ) ;
#2398 = LINE ( 'NONE', #3717, #3438 ) ;
#2399 = CARTESIAN_POINT ( 'NONE',  ( 5.421010862427522170E-16, -4.299999999999999822, -5.699999999999999289 ) ) ;
#2400 = CARTESIAN_POINT ( 'NONE',  ( -2.299999999999999822, 4.740000000000000213, 0.5999999999999999778 ) ) ;
#2401 = ORIENTED_EDGE ( 'NONE', *, *, #3158, .T. ) ;
#2402 = CARTESIAN_POINT ( 'NONE',  ( -3.350000000000000089, 5.500000000000000000, 4.558407044966670263 ) ) ;
#2403 = CARTESIAN_POINT ( 'NONE',  ( 0.6500000000000000222, -4.299999999999999822, -6.349999999999999645 ) ) ;
#2404 = EDGE_CURVE ( 'NONE', #5893, #992, #5375, .T. ) ;
#2405 = EDGE_CURVE ( 'NONE', #2588, #4558, #1104, .T. ) ;
#2406 = EDGE_CURVE ( 'NONE', #6, #4372, #959, .T. ) ;
#2407 = CARTESIAN_POINT ( 'NONE',  ( -1.949999999999999956, -1.800000000000000044, 11.79999999999999893 ) ) ;
#2408 = ORIENTED_EDGE ( 'NONE', *, *, #4602, .F. ) ;
#2409 = CARTESIAN_POINT ( 'NONE',  ( -0.8000000000000000444, -5.000000000000000000, 1.600000000000000089 ) ) ;
#2410 = EDGE_LOOP ( 'NONE', ( #2991, #1579, #2078, #2950 ) ) ;
#2411 = CARTESIAN_POINT ( 'NONE',  ( -2.949999999999999734, -6.349999999999999645, 1.558407044966670041 ) ) ;
#2412 = CARTESIAN_POINT ( 'NONE',  ( 2.949999999999999734, 2.500000000000000000, 2.558407044966669819 ) ) ;
#2413 = CIRCLE ( 'NONE', #5002, 0.6500000000000000222 ) ;
#2414 = VERTEX_POINT ( 'NONE', #1691 ) ;
#2415 = ORIENTED_EDGE ( 'NONE', *, *, #5944, .T. ) ;
#2416 = DIRECTION ( 'NONE',  ( -1.000000000000000000, 0.000000000000000000, 0.000000000000000000 ) ) ;
#2417 = VECTOR ( 'NONE', #4616, 1000.000000000000000 ) ;
#2418 = VECTOR ( 'NONE', #1916, 1000.000000000000000 ) ;
#2419 = VECTOR ( 'NONE', #5037, 1000.000000000000000 ) ;
#2420 = CARTESIAN_POINT ( 'NONE',  ( -0.6500000000000000222, 4.200000000000000178, -5.706807427695320456 ) ) ;
#2421 = VECTOR ( 'NONE', #1687, 1000.000000000000000 ) ;
#2422 = ORIENTED_EDGE ( 'NONE', *, *, #1041, .F. ) ;
#2423 = ORIENTED_EDGE ( 'NONE', *, *, #3573, .T. ) ;
#2424 = CARTESIAN_POINT ( 'NONE',  ( -0.9000000000000000222, -4.299999999999999822, 0.2000000000000000111 ) ) ;
#2425 = FILL_AREA_STYLE ('',( #6152 ) ) ;
#2426 = VECTOR ( 'NONE', #3762, 1000.000000000000000 ) ;
#2427 = DIRECTION ( 'NONE',  ( 1.000000000000000000, 0.000000000000000000, 0.000000000000000000 ) ) ;
#2428 = ORIENTED_EDGE ( 'NONE', *, *, #1077, .F. ) ;
#2429 = LINE ( 'NONE', #3446, #4034 ) ;
#2430 = DIRECTION ( 'NONE',  ( 1.000000000000000000, 0.000000000000000000, 1.178997902256800061E-16 ) ) ;
#2431 = FACE_OUTER_BOUND ( 'NONE', #1013, .T. ) ;
#2432 = ORIENTED_EDGE ( 'NONE', *, *, #2053, .F. ) ;
#2433 = LINE ( 'NONE', #4340, #2849 ) ;
#2434 = DIRECTION ( 'NONE',  ( 1.000000000000000000, 0.000000000000000000, 0.000000000000000000 ) ) ;
#2435 = PLANE ( 'NONE',  #1931 ) ;
#2436 = VECTOR ( 'NONE', #3788, 1000.000000000000000 ) ;
#2437 = ORIENTED_EDGE ( 'NONE', *, *, #5067, .T. ) ;
#2438 = EDGE_CURVE ( 'NONE', #2414, #348, #2998, .T. ) ;
#2439 = ADVANCED_FACE ( 'NONE', ( #1224 ), #3124, .F. ) ;
#2440 = ADVANCED_FACE ( 'NONE', ( #4557, #2252 ), #5059, .T. ) ;
#2441 = EDGE_CURVE ( 'NONE', #2110, #1159, #5623, .T. ) ;
#2442 = LINE ( 'NONE', #1917, #1030 ) ;
#2443 = ORIENTED_EDGE ( 'NONE', *, *, #1042, .T. ) ;
#2444 = PLANE ( 'NONE',  #855 ) ;
#2445 = VECTOR ( 'NONE', #2071, 1000.000000000000000 ) ;
#2446 = EDGE_LOOP ( 'NONE', ( #369, #1320, #3144, #2301 ) ) ;
#2447 = AXIS2_PLACEMENT_3D ( 'NONE', #591, #3924, #5368 ) ;
#2448 = VERTEX_POINT ( 'NONE', #2716 ) ;
#2449 = VERTEX_POINT ( 'NONE', #1360 ) ;
#2450 = DIRECTION ( 'NONE',  ( 0.000000000000000000, 0.000000000000000000, -1.000000000000000000 ) ) ;
#2451 = VECTOR ( 'NONE', #4680, 1000.000000000000000 ) ;
#2452 = CARTESIAN_POINT ( 'NONE',  ( 2.850000000000000089, 6.349999999999999645, 6.299999999999999822 ) ) ;
#2453 = CLOSED_SHELL ( 'NONE', ( #1513, #420, #2366, #1578, #4951, #576, #5596, #4691, #4848, #3353, #2394, #1262, #5947, #5297, #4535, #5413, #916, #847, #1712, #5788, #3985, #767, #4954, #260, #5031, #3345, #4660, #2788, #4878 ) ) ;
#2454 = VECTOR ( 'NONE', #3294, 1000.000000000000000 ) ;
#2455 = ORIENTED_EDGE ( 'NONE', *, *, #2136, .F. ) ;
#2456 = VERTEX_POINT ( 'NONE', #2683 ) ;
#2457 = DIRECTION ( 'NONE',  ( -0.7682212795973758501, -1.066121190770009609E-16, -0.6401843996644798196 ) ) ;
#2458 =( NAMED_UNIT ( * ) PLANE_ANGLE_UNIT ( ) SI_UNIT ( $, .RADIAN. ) );
#2459 = VECTOR ( 'NONE', #3101, 1000.000000000000000 ) ;
#2460 = CARTESIAN_POINT ( 'NONE',  ( 1.949999999999999956, -0.2000000000000000111, 11.79999999999999893 ) ) ;
#2461 = EDGE_LOOP ( 'NONE', ( #2687, #873, #1383, #5503, #5667, #6176, #1968, #892 ) ) ;
#2462 = FACE_OUTER_BOUND ( 'NONE', #3821, .T. ) ;
#2463 = DIRECTION ( 'NONE',  ( 1.000000000000000000, 0.000000000000000000, 7.569702440626069226E-17 ) ) ;
#2464 = CARTESIAN_POINT ( 'NONE',  ( 8.673617379884035472E-16, 4.200000000000000178, -6.999999999999999112 ) ) ;
#2465 = VERTEX_POINT ( 'NONE', #5586 ) ;
#2466 = CARTESIAN_POINT ( 'NONE',  ( 3.149999999999999911, -5.400000000000000355, 4.500000000000000000 ) ) ;
#2467 = DIRECTION ( 'NONE',  ( 0.000000000000000000, 0.000000000000000000, -1.000000000000000000 ) ) ;
#2468 = CARTESIAN_POINT ( 'NONE',  ( 0.6500000000000000222, 5.100000000000000533, -6.349999999999999645 ) ) ;
#2469 = EDGE_LOOP ( 'NONE', ( #4096, #1447, #6078, #185 ) ) ;
#2470 = CARTESIAN_POINT ( 'NONE',  ( 1.949999999999999956, 3.000000000000000000, 1.600000000000000089 ) ) ;
#2471 = ORIENTED_EDGE ( 'NONE', *, *, #5334, .F. ) ;
#2472 = EDGE_CURVE ( 'NONE', #5070, #2768, #3156, .T. ) ;
#2473 = EDGE_CURVE ( 'NONE', #1803, #762, #4121, .T. ) ;
#2474 = EDGE_CURVE ( 'NONE', #3909, #635, #349, .T. ) ;
#2475 = EDGE_CURVE ( 'NONE', #1964, #4730, #3217, .T. ) ;
#2476 = VERTEX_POINT ( 'NONE', #5160 ) ;
#2477 = ORIENTED_EDGE ( 'NONE', *, *, #5568, .F. ) ;
#2478 = DIRECTION ( 'NONE',  ( 0.000000000000000000, -1.000000000000000000, 0.000000000000000000 ) ) ;
#2479 = EDGE_CURVE ( 'NONE', #1017, #1997, #3750, .T. ) ;
#2480 = EDGE_CURVE ( 'NONE', #1866, #2588, #1321, .T. ) ;
#2481 = CARTESIAN_POINT ( 'NONE',  ( -2.299999999999999822, -0.2599999999999999534, 0.5999999999999999778 ) ) ;
#2482 = ORIENTED_EDGE ( 'NONE', *, *, #4982, .T. ) ;
#2483 = EDGE_LOOP ( 'NONE', ( #898, #5532, #1766, #4523 ) ) ;
#2484 = LINE ( 'NONE', #4001, #2854 ) ;
#2485 = DIRECTION ( 'NONE',  ( -1.000000000000000000, 0.000000000000000000, 0.000000000000000000 ) ) ;
#2486 = CARTESIAN_POINT ( 'NONE',  ( 3.350000000000000089, 2.600000000000000089, 3.000000000000000000 ) ) ;
#2487 = ORIENTED_EDGE ( 'NONE', *, *, #3130, .T. ) ;
#2488 = CARTESIAN_POINT ( 'NONE',  ( -0.6500000000000000222, 5.100000000000000533, -5.706807427695320456 ) ) ;
#2489 = DIRECTION ( 'NONE',  ( -1.224646799147350002E-16, 1.000000000000000000, 0.000000000000000000 ) ) ;
#2490 = LINE ( 'NONE', #1275, #2040 ) ;
#2491 = VERTEX_POINT ( 'NONE', #4661 ) ;
#2492 = DIRECTION ( 'NONE',  ( -0.6401843996644798196, 0.000000000000000000, 0.7682212795973758501 ) ) ;
#2493 = FACE_OUTER_BOUND ( 'NONE', #3400, .T. ) ;
#2494 = FILL_AREA_STYLE_COLOUR ( '', #3903 ) ;
#2495 = CARTESIAN_POINT ( 'NONE',  ( -1.949999999999999956, -0.2000000000000000111, 11.79999999999999893 ) ) ;
#2496 = FACE_OUTER_BOUND ( 'NONE', #3951, .T. ) ;
#2497 = ORIENTED_EDGE ( 'NONE', *, *, #5718, .T. ) ;
#2498 = CARTESIAN_POINT ( 'NONE',  ( 2.949999999999999734, 2.500000000000000000, 2.558407044966669819 ) ) ;
#2499 = VERTEX_POINT ( 'NONE', #6023 ) ;
#2500 = LINE ( 'NONE', #3551, #4446 ) ;
#2501 = ORIENTED_EDGE ( 'NONE', *, *, #2865, .F. ) ;
#2502 = EDGE_CURVE ( 'NONE', #2339, #5964, #380, .T. ) ;
#2503 = ORIENTED_EDGE ( 'NONE', *, *, #3531, .F. ) ;
#2504 = CARTESIAN_POINT ( 'NONE',  ( -2.000000000000000000, -3.100000000000000089, 6.400000000000000355 ) ) ;
#2505 = CARTESIAN_POINT ( 'NONE',  ( -2.949999999999999734, 1.356744987573419997E-15, 3.558407044966669819 ) ) ;
#2506 = ORIENTED_EDGE ( 'NONE', *, *, #2744, .T. ) ;
#2507 = AXIS2_PLACEMENT_3D ( 'NONE', #4565, #5502, #4699 ) ;
#2508 = ADVANCED_FACE ( 'NONE', ( #2279 ), #4587, .F. ) ;
#2509 = AXIS2_PLACEMENT_3D ( 'NONE', #2238, #5610, #4143 ) ;
#2510 = VECTOR ( 'NONE', #5628, 1000.000000000000000 ) ;
#2511 = ADVANCED_FACE ( 'NONE', ( #5190 ), #4181, .T. ) ;
#2512 = EDGE_CURVE ( 'NONE', #5439, #1159, #3678, .T. ) ;
#2513 = ORIENTED_EDGE ( 'NONE', *, *, #4242, .T. ) ;
#2514 = LINE ( 'NONE', #4449, #863 ) ;
#2515 =( NAMED_UNIT ( * ) SI_UNIT ( $, .STERADIAN. ) SOLID_ANGLE_UNIT ( ) );
#2516 = CARTESIAN_POINT ( 'NONE',  ( 3.350000000000000089, -0.8000000000000000444, 3.500000000000000000 ) ) ;
#2517 = AXIS2_PLACEMENT_3D ( 'NONE', #3743, #2779, #3796 ) ;
#2518 = VECTOR ( 'NONE', #4257, 1000.000000000000000 ) ;
#2519 = CIRCLE ( 'NONE', #4005, 0.8000000000000000444 ) ;
#2520 = ORIENTED_EDGE ( 'NONE', *, *, #4526, .T. ) ;
#2521 = DIRECTION ( 'NONE',  ( 4.816823780254959798E-16, -0.7592566023652961293, 0.6507913734559690466 ) ) ;
#2522 = DIRECTION ( 'NONE',  ( 1.233581138472399909E-16, -1.000000000000000000, 0.000000000000000000 ) ) ;
#2523 = CARTESIAN_POINT ( 'NONE',  ( 8.673617379884035472E-16, 4.200000000000000178, -6.999999999999999112 ) ) ;
#2524 = EDGE_LOOP ( 'NONE', ( #2443, #545, #3203, #4153 ) ) ;
#2526 = LINE ( 'NONE', #4931, #966 ) ;
#2525 = VECTOR ( 'NONE', #4682, 1000.000000000000000 ) ;
#2527 = CARTESIAN_POINT ( 'NONE',  ( -0.2400000000000000189, 3.000000000000000000, 3.399999999999999911 ) ) ;
#2528 = LINE ( 'NONE', #2407, #2921 ) ;
#2529 = DIRECTION ( 'NONE',  ( 6.049014748177260544E-16, 2.261241645955699995E-16, -1.000000000000000000 ) ) ;
#2530 = CARTESIAN_POINT ( 'NONE',  ( 2.000000000000000000, 5.100000000000000533, 0.5999999999999999778 ) ) ;
#2531 = ORIENTED_EDGE ( 'NONE', *, *, #4424, .T. ) ;
#2532 = DIRECTION ( 'NONE',  ( 0.000000000000000000, -1.000000000000000000, -1.480297366166879989E-16 ) ) ;
#2533 = ORIENTED_EDGE ( 'NONE', *, *, #4879, .T. ) ;
#2534 = VECTOR ( 'NONE', #1197, 1000.000000000000000 ) ;
#2535 = DIRECTION ( 'NONE',  ( 1.509493722736551799E-48, -1.232595164407830946E-32, -1.000000000000000000 ) ) ;
#2536 = VERTEX_POINT ( 'NONE', #1393 ) ;
#2537 = EDGE_LOOP ( 'NONE', ( #5268, #3273, #42, #945 ) ) ;
#2538 = PLANE ( 'NONE',  #3626 ) ;
#2539 = VECTOR ( 'NONE', #2002, 1000.000000000000000 ) ;
#2540 = DIRECTION ( 'NONE',  ( 0.000000000000000000, -1.000000000000000000, 0.000000000000000000 ) ) ;
#2541 = ORIENTED_EDGE ( 'NONE', *, *, #5260, .F. ) ;
#2542 = AXIS2_PLACEMENT_3D ( 'NONE', #5862, #655, #2087 ) ;
#2543 = ORIENTED_EDGE ( 'NONE', *, *, #2011, .F. ) ;
#2544 = DIRECTION ( 'NONE',  ( -1.000000000000000000, 0.000000000000000000, 0.000000000000000000 ) ) ;
#2545 = LINE ( 'NONE', #2959, #2765 ) ;
#2546 = LINE ( 'NONE', #5477, #5121 ) ;
#2547 = EDGE_CURVE ( 'NONE', #4082, #5472, #1289, .T. ) ;
#2548 = EDGE_CURVE ( 'NONE', #5367, #3878, #48, .T. ) ;
#2549 = EDGE_CURVE ( 'NONE', #5801, #5709, #2809, .T. ) ;
#2550 = CIRCLE ( 'NONE', #54, 0.6500000000000000222 ) ;
#2551 = EDGE_CURVE ( 'NONE', #1978, #4882, #4083, .T. ) ;
#2552 = ORIENTED_EDGE ( 'NONE', *, *, #5163, .T. ) ;
#2553 = CARTESIAN_POINT ( 'NONE',  ( -1.949999999999999956, 0.9499999999999999556, 11.50000000000000000 ) ) ;
#2554 = DIRECTION ( 'NONE',  ( -1.422473250300738722E-13, -6.938893903906041931E-15, 1.000000000000000000 ) ) ;
#2555 = PRESENTATION_LAYER_ASSIGNMENT (  '', '', ( #6047 ) ) ;
#2556 = ORIENTED_EDGE ( 'NONE', *, *, #886, .T. ) ;
#2557 = CYLINDRICAL_SURFACE ( 'NONE', #3342, 0.6500000000000003553 ) ;
#2558 = CARTESIAN_POINT ( 'NONE',  ( -4.999999999999999112, 0.3999999999999994116, -6.349999999999999645 ) ) ;
#2559 = DIRECTION ( 'NONE',  ( 0.000000000000000000, -1.000000000000000000, -2.261241645955699995E-16 ) ) ;
#2560 = CARTESIAN_POINT ( 'NONE',  ( 2.949999999999999734, 6.349999999999999645, 0.000000000000000000 ) ) ;
#2561 = ORIENTED_EDGE ( 'NONE', *, *, #1459, .T. ) ;
#2562 = ORIENTED_EDGE ( 'NONE', *, *, #1565, .T. ) ;
#2563 = DIRECTION ( 'NONE',  ( -1.000000000000000000, 0.000000000000000000, 0.000000000000000000 ) ) ;
#2564 = ORIENTED_EDGE ( 'NONE', *, *, #4381, .F. ) ;
#2565 = ORIENTED_EDGE ( 'NONE', *, *, #4029, .F. ) ;
#2566 = LINE ( 'NONE', #3068, #2736 ) ;
#2567 = LINE ( 'NONE', #3095, #2813 ) ;
#2568 = ORIENTED_EDGE ( 'NONE', *, *, #4304, .F. ) ;
#2569 = VERTEX_POINT ( 'NONE', #5088 ) ;
#2570 = LINE ( 'NONE', #234, #157 ) ;
#2571 = SURFACE_STYLE_FILL_AREA ( #675 ) ;
#2572 = CARTESIAN_POINT ( 'NONE',  ( 0.8000000000000000444, 2.850000000000000089, 1.600000000000000089 ) ) ;
#2573 = VERTEX_POINT ( 'NONE', #814 ) ;
#2574 = DIRECTION ( 'NONE',  ( -2.775557561562890365E-16, 0.000000000000000000, 1.000000000000000000 ) ) ;
#2575 = CARTESIAN_POINT ( 'NONE',  ( -2.500000000000000000, 5.500000000000000000, 6.200000000000000178 ) ) ;
#2576 = EDGE_CURVE ( 'NONE', #5052, #4043, #2348, .T. ) ;
#2577 = EDGE_CURVE ( 'NONE', #446, #1276, #2377, .T. ) ;
#2578 = ORIENTED_EDGE ( 'NONE', *, *, #2622, .T. ) ;
#2579 = PLANE ( 'NONE',  #4440 ) ;
#2580 = DIRECTION ( 'NONE',  ( -1.029983974020404631E-16, 1.000000000000000000, -1.232595164407830946E-32 ) ) ;
#2581 = DIRECTION ( 'NONE',  ( 0.000000000000000000, 0.000000000000000000, -1.000000000000000000 ) ) ;
#2582 = ORIENTED_EDGE ( 'NONE', *, *, #421, .T. ) ;
#2583 = PLANE ( 'NONE',  #5310 ) ;
#2584 = ORIENTED_EDGE ( 'NONE', *, *, #532, .T. ) ;
#2585 = EDGE_CURVE ( 'NONE', #1605, #6, #5734, .T. ) ;
#2586 = PLANE ( 'NONE',  #1550 ) ;
#2587 = ADVANCED_FACE ( 'NONE', ( #61 ), #89, .F. ) ;
#2588 = VERTEX_POINT ( 'NONE', #5219 ) ;
#2589 = CARTESIAN_POINT ( 'NONE',  ( 2.949999999999999734, -6.349999999999999645, 6.299999999999999822 ) ) ;
#2590 = LINE ( 'NONE', #3934, #5544 ) ;
#2591 = ORIENTED_EDGE ( 'NONE', *, *, #3880, .T. ) ;
#2592 = ORIENTED_EDGE ( 'NONE', *, *, #4569, .T. ) ;
#2593 = DIRECTION ( 'NONE',  ( -8.881784197001240490E-16, -0.8000000000000000444, -0.5999999999999999778 ) ) ;
#2594 = CARTESIAN_POINT ( 'NONE',  ( 2.350000000000000089, 5.549999999999999822, 0.2999999999999999889 ) ) ;
#2595 = LINE ( 'NONE', #2103, #5211 ) ;
#2596 = ORIENTED_EDGE ( 'NONE', *, *, #1745, .F. ) ;
#2597 = VERTEX_POINT ( 'NONE', #3837 ) ;
#2598 = CIRCLE ( 'NONE', #6097, 0.6500000000000003553 ) ;
#2599 = CARTESIAN_POINT ( 'NONE',  ( 2.949999999999999734, 5.500000000000000000, 4.558407044966680033 ) ) ;
#2600 = LINE ( 'NONE', #5010, #5652 ) ;
#2601 = FACE_OUTER_BOUND ( 'NONE', #832, .T. ) ;
#2602 = VECTOR ( 'NONE', #3856, 1000.000000000000000 ) ;
#2603 = AXIS2_PLACEMENT_3D ( 'NONE', #4578, #4104, #4547 ) ;
#2604 = EDGE_LOOP ( 'NONE', ( #651, #1057, #4360, #4637 ) ) ;
#2605 = DIRECTION ( 'NONE',  ( 0.000000000000000000, 1.000000000000000000, 0.000000000000000000 ) ) ;
#2606 = EDGE_LOOP ( 'NONE', ( #5577, #5376, #1950, #2802 ) ) ;
#2607 = LINE ( 'NONE', #152, #5433 ) ;
#2608 = AXIS2_PLACEMENT_3D ( 'NONE', #2981, #4536, #264 ) ;
#2609 = AXIS2_PLACEMENT_3D ( 'NONE', #1481, #2968, #62 ) ;
#2610 = CARTESIAN_POINT ( 'NONE',  ( 0.9000000000000000222, 5.100000000000000533, -0.4000000000000000222 ) ) ;
#2611 = CARTESIAN_POINT ( 'NONE',  ( -2.949999999999999734, 6.349999999999999645, 6.299999999999999822 ) ) ;
#2612 = EDGE_CURVE ( 'NONE', #2923, #37, #3367, .T. ) ;
#2613 = VECTOR ( 'NONE', #1130, 1000.000000000000000 ) ;
#2614 = AXIS2_PLACEMENT_3D ( 'NONE', #281, #6055, #1746 ) ;
#2615 = LINE ( 'NONE', #5958, #1631 ) ;
#2616 = ORIENTED_EDGE ( 'NONE', *, *, #682, .T. ) ;
#2617 = CARTESIAN_POINT ( 'NONE',  ( -2.000000000000000000, 5.100000000000000533, 0.2000000000000000111 ) ) ;
#2618 = ORIENTED_EDGE ( 'NONE', *, *, #2669, .T. ) ;
#2619 =( NAMED_UNIT ( * ) SI_UNIT ( $, .STERADIAN. ) SOLID_ANGLE_UNIT ( ) );
#2620 = VECTOR ( 'NONE', #3562, 1000.000000000000000 ) ;
#2621 = VECTOR ( 'NONE', #1417, 1000.000000000000000 ) ;
#2622 = EDGE_CURVE ( 'NONE', #5120, #3445, #4308, .T. ) ;
#2623 = EDGE_CURVE ( 'NONE', #348, #389, #5303, .T. ) ;
#2624 = EDGE_CURVE ( 'NONE', #1016, #3542, #1913, .T. ) ;
#2625 = EDGE_CURVE ( 'NONE', #813, #2733, #5714, .T. ) ;
#2626 = CARTESIAN_POINT ( 'NONE',  ( -1.949999999999999956, 3.000000000000000000, 5.500000000000000000 ) ) ;
#2627 = ORIENTED_EDGE ( 'NONE', *, *, #5231, .T. ) ;
#2628 = ORIENTED_EDGE ( 'NONE', *, *, #4413, .T. ) ;
#2629 = DIRECTION ( 'NONE',  ( 6.049014748177260544E-16, -1.398706172756099997E-16, 1.000000000000000000 ) ) ;
#2630 = VECTOR ( 'NONE', #4807, 1000.000000000000000 ) ;
#2631 = CARTESIAN_POINT ( 'NONE',  ( -2.949999999999999734, 2.500000000000000000, 2.558407044966669819 ) ) ;
#2632 = LINE ( 'NONE', #136, #1220 ) ;
#2633 = ORIENTED_EDGE ( 'NONE', *, *, #6190, .T. ) ;
#2634 = LINE ( 'NONE', #5045, #4513 ) ;
#2635 = EDGE_LOOP ( 'NONE', ( #3923, #5690, #1004, #3664 ) ) ;
#2636 = DIRECTION ( 'NONE',  ( 1.000000000000000000, 0.000000000000000000, -1.224646799147350002E-16 ) ) ;
#2637 = DIRECTION ( 'NONE',  ( 0.000000000000000000, 0.000000000000000000, -1.000000000000000000 ) ) ;
#2638 = CARTESIAN_POINT ( 'NONE',  ( -0.2400000000000000189, 2.850000000000000089, 1.600000000000000089 ) ) ;
#2639 = VECTOR ( 'NONE', #853, 1000.000000000000000 ) ;
#2640 = VERTEX_POINT ( 'NONE', #1480 ) ;
#2641 = CARTESIAN_POINT ( 'NONE',  ( -2.299999999999999822, -5.259999999999999787, 0.5999999999999999778 ) ) ;
#2642 = ORIENTED_EDGE ( 'NONE', *, *, #3735, .T. ) ;
#2643 = PLANE ( 'NONE',  #1062 ) ;
#2644 = CARTESIAN_POINT ( 'NONE',  ( 2.949999999999999734, 5.500000000000000000, 4.558407044966680033 ) ) ;
#2645 = VECTOR ( 'NONE', #1994, 1000.000000000000000 ) ;
#2646 = VECTOR ( 'NONE', #3206, 1000.000000000000000 ) ;
#2647 = DIRECTION ( 'NONE',  ( 0.1321637200910179555, 0.000000000000000000, 0.9912279006826346661 ) ) ;
#2648 = DIRECTION ( 'NONE',  ( 1.110223024625159992E-16, -5.551115123125779621E-17, 1.000000000000000000 ) ) ;
#2649 = AXIS2_PLACEMENT_3D ( 'NONE', #4066, #1702, #4675 ) ;
#2650 = LINE ( 'NONE', #811, #2922 ) ;
#2651 = CARTESIAN_POINT ( 'NONE',  ( 1.949999999999999956, 0.1485051958711619824, 11.50000000000000000 ) ) ;
#2652 = ORIENTED_EDGE ( 'NONE', *, *, #914, .T. ) ;
#2653 = DIRECTION ( 'NONE',  ( -1.000000000000000000, 0.000000000000000000, 6.049014748177260544E-16 ) ) ;
#2654 = LINE ( 'NONE', #2589, #2021 ) ;
#2655 = VECTOR ( 'NONE', #2985, 1000.000000000000000 ) ;
#2656 = CARTESIAN_POINT ( 'NONE',  ( -2.000000000000000000, 4.200000000000000178, 0.2999999999999999889 ) ) ;
#2657 = FACE_OUTER_BOUND ( 'NONE', #5215, .T. ) ;
#2658 = ORIENTED_EDGE ( 'NONE', *, *, #3652, .F. ) ;
#2659 = VERTEX_POINT ( 'NONE', #5251 ) ;
#2660 = PLANE ( 'NONE',  #5423 ) ;
#2661 = EDGE_CURVE ( 'NONE', #4349, #1214, #2967, .T. ) ;
#2662 = CARTESIAN_POINT ( 'NONE',  ( -2.000000000000000000, -0.2599999999999999534, 0.5999999999999999778 ) ) ;
#2663 = EDGE_CURVE ( 'NONE', #3670, #5547, #1945, .T. ) ;
#2664 = EDGE_CURVE ( 'NONE', #266, #1103, #5746, .T. ) ;
#2665 = CARTESIAN_POINT ( 'NONE',  ( 3.350000000000000089, 6.349999999999999645, 1.558407044966680033 ) ) ;
#2666 = VERTEX_POINT ( 'NONE', #2402 ) ;
#2667 = DIRECTION ( 'NONE',  ( -1.000000000000000000, -1.233581138472399909E-16, -1.178997902256800061E-16 ) ) ;
#2668 = ORIENTED_EDGE ( 'NONE', *, *, #641, .T. ) ;
#2669 = EDGE_CURVE ( 'NONE', #65, #393, #2433, .T. ) ;
#2670 = FACE_OUTER_BOUND ( 'NONE', #5961, .T. ) ;
#2671 = ADVANCED_FACE ( 'NONE', ( #3394 ), #1037, .T. ) ;
#2672 = CARTESIAN_POINT ( 'NONE',  ( 0.000000000000000000, 0.000000000000000000, 6.400000000000000355 ) ) ;
#2673 = CARTESIAN_POINT ( 'NONE',  ( 2.000000000000000000, 4.740000000000000213, 0.2999999999999999889 ) ) ;
#2674 = EDGE_LOOP ( 'NONE', ( #3199, #74, #1288, #1900 ) ) ;
#2675 = DIRECTION ( 'NONE',  ( 3.469446951953020965E-15, 6.938893903906041931E-15, 1.000000000000000000 ) ) ;
#2676 = ORIENTED_EDGE ( 'NONE', *, *, #34, .T. ) ;
#2677 = DIRECTION ( 'NONE',  ( -1.000000000000000000, 0.000000000000000000, 6.049014748177260544E-16 ) ) ;
#2678 = FACE_OUTER_BOUND ( 'NONE', #3719, .T. ) ;
#2679 = DIRECTION ( 'NONE',  ( -1.224646799147350002E-16, 1.000000000000000000, 0.000000000000000000 ) ) ;
#2680 = LINE ( 'NONE', #1688, #1127 ) ;
#2681 = CARTESIAN_POINT ( 'NONE',  ( -1.949999999999999956, -5.000000000000000000, 1.600000000000000089 ) ) ;
#2682 = ORIENTED_EDGE ( 'NONE', *, *, #2663, .T. ) ;
#2683 = CARTESIAN_POINT ( 'NONE',  ( 0.9000000000000000222, 5.100000000000000533, 0.2000000000000000111 ) ) ;
#2684 = CYLINDRICAL_SURFACE ( 'NONE', #723, 0.6465962861523397720 ) ;
#2685 = LINE ( 'NONE', #4588, #560 ) ;
#2686 = LINE ( 'NONE', #1693, #17 ) ;
#2687 = ORIENTED_EDGE ( 'NONE', *, *, #3879, .F. ) ;
#2688 = DIRECTION ( 'NONE',  ( 0.000000000000000000, 0.000000000000000000, 1.000000000000000000 ) ) ;
#2689 = FACE_OUTER_BOUND ( 'NONE', #2929, .T. ) ;
#2690 = CARTESIAN_POINT ( 'NONE',  ( 0.6500000000000000222, 4.200000000000000178, -6.349999999999999645 ) ) ;
#2691 = ADVANCED_FACE ( 'NONE', ( #4842 ), #567, .T. ) ;
#2692 = ORIENTED_EDGE ( 'NONE', *, *, #2970, .F. ) ;
#2693 = ORIENTED_EDGE ( 'NONE', *, *, #4770, .F. ) ;
#2694 = CARTESIAN_POINT ( 'NONE',  ( -1.949999999999999956, -1.800000000000000044, 11.79999999999999893 ) ) ;
#2695 = ORIENTED_EDGE ( 'NONE', *, *, #1568, .F. ) ;
#2696 = DIRECTION ( 'NONE',  ( -1.000000000000000000, 0.000000000000000000, 1.138690281666829832E-16 ) ) ;
#2697 = PLANE ( 'NONE',  #3851 ) ;
#2698 = LINE ( 'NONE', #4170, #735 ) ;
#2699 = ADVANCED_FACE ( 'NONE', ( #4282 ), #1069, .F. ) ;
#2700 = EDGE_CURVE ( 'NONE', #5330, #2096, #3306, .T. ) ;
#2701 = EDGE_CURVE ( 'NONE', #4947, #4425, #1097, .T. ) ;
#2702 = ORIENTED_EDGE ( 'NONE', *, *, #967, .F. ) ;
#2703 = DIRECTION ( 'NONE',  ( -8.074349270001139933E-17, -1.000000000000000000, 0.000000000000000000 ) ) ;
#2704 = EDGE_CURVE ( 'NONE', #2569, #4356, #5142, .T. ) ;
#2705 = VERTEX_POINT ( 'NONE', #1594 ) ;
#2706 = LINE ( 'NONE', #4204, #4036 ) ;
#2707 = CARTESIAN_POINT ( 'NONE',  ( -3.350000000000000089, -2.500000000000000000, 2.558407044966669819 ) ) ;
#2708 = LINE ( 'NONE', #6156, #3410 ) ;
#2709 = CARTESIAN_POINT ( 'NONE',  ( 2.949999999999999734, -1.000000000000000000, 1.558407044966670041 ) ) ;
#2710 = AXIS2_PLACEMENT_3D ( 'NONE', #973, #1774, #5578 ) ;
#2711 = DIRECTION ( 'NONE',  ( 0.000000000000000000, 1.000000000000000000, 5.551115123125779621E-17 ) ) ;
#2712 = CARTESIAN_POINT ( 'NONE',  ( 0.9000000000000001332, -5.200000000000000178, 0.2000000000000000389 ) ) ;
#2713 = VECTOR ( 'NONE', #3644, 1000.000000000000000 ) ;
#2714 = VERTEX_POINT ( 'NONE', #3108 ) ;
#2716 = CARTESIAN_POINT ( 'NONE',  ( 2.350000000000000089, 5.549999999999999822, 0.2999999999999999889 ) ) ;
#2715 = PRESENTATION_LAYER_ASSIGNMENT (  '', '', ( #4410 ) ) ;
#2717 = AXIS2_PLACEMENT_3D ( 'NONE', #4589, #5062, #2257 ) ;
#2718 = DIRECTION ( 'NONE',  ( -1.000000000000000000, 0.000000000000000000, 0.000000000000000000 ) ) ;
#2719 = CARTESIAN_POINT ( 'NONE',  ( 0.6500000000000013545, -5.200000000000000178, -6.349999999999999645 ) ) ;
#2720 =( GEOMETRIC_REPRESENTATION_CONTEXT ( 3 ) GLOBAL_UNCERTAINTY_ASSIGNED_CONTEXT ( ( #1108 ) ) GLOBAL_UNIT_ASSIGNED_CONTEXT ( ( #1881, #4652, #5184 ) ) REPRESENTATION_CONTEXT ( 'NONE', 'WORKASPACE' ) );
#2721 = AXIS2_PLACEMENT_3D ( 'NONE', #4371, #2467, #1974 ) ;
#2722 = AXIS2_PLACEMENT_3D ( 'NONE', #4539, #5799, #3421 ) ;
#2723 = DIRECTION ( 'NONE',  ( 0.000000000000000000, 1.000000000000000000, 0.000000000000000000 ) ) ;
#2724 = DIRECTION ( 'NONE',  ( -1.509493722736551799E-48, 1.232595164407830946E-32, 1.000000000000000000 ) ) ;
#2725 = ORIENTED_EDGE ( 'NONE', *, *, #6012, .F. ) ;
#2726 = CARTESIAN_POINT ( 'NONE',  ( 2.000000000000000000, 4.200000000000000178, 0.2999999999999999889 ) ) ;
#2727 = LINE ( 'NONE', #417, #2216 ) ;
#2728 = VECTOR ( 'NONE', #3537, 1000.000000000000000 ) ;
#2729 = LINE ( 'NONE', #4634, #2917 ) ;
#2730 = ORIENTED_EDGE ( 'NONE', *, *, #3735, .F. ) ;
#2731 = VERTEX_POINT ( 'NONE', #4430 ) ;
#2732 = CARTESIAN_POINT ( 'NONE',  ( 2.500000000000000000, -5.500000000000000000, 1.199999999999999956 ) ) ;
#2733 = VERTEX_POINT ( 'NONE', #5923 ) ;
#2734 = LINE ( 'NONE', #5603, #2760 ) ;
#2735 =( LENGTH_UNIT ( ) NAMED_UNIT ( * ) SI_UNIT ( .MILLI., .METRE. ) );
#2736 = VECTOR ( 'NONE', #4944, 1000.000000000000000 ) ;
#2737 = DIRECTION ( 'NONE',  ( 0.000000000000000000, 0.000000000000000000, -1.000000000000000000 ) ) ;
#2738 = EDGE_LOOP ( 'NONE', ( #2003, #1328, #2924, #1836 ) ) ;
#2739 = CARTESIAN_POINT ( 'NONE',  ( -2.350000000000000089, 5.549999999999999822, 0.000000000000000000 ) ) ;
#2740 = ORIENTED_EDGE ( 'NONE', *, *, #5379, .T. ) ;
#2741 = CARTESIAN_POINT ( 'NONE',  ( -3.149999999999999911, 5.400000000000000355, 4.500000000000000000 ) ) ;
#2742 = EDGE_CURVE ( 'NONE', #6087, #1053, #2526, .T. ) ;
#2743 = LINE ( 'NONE', #308, #1755 ) ;
#2744 = EDGE_CURVE ( 'NONE', #2448, #4231, #3477, .T. ) ;
#2745 = ADVANCED_FACE ( 'NONE', ( #681 ), #2579, .T. ) ;
#2746 = EDGE_CURVE ( 'NONE', #4736, #5636, #2607, .T. ) ;
#2747 = CARTESIAN_POINT ( 'NONE',  ( 2.850000000000000089, 6.349999999999999645, 6.300000000000090417 ) ) ;
#2748 = VECTOR ( 'NONE', #4740, 1000.000000000000000 ) ;
#2749 = ORIENTED_EDGE ( 'NONE', *, *, #5568, .T. ) ;
#2750 = CARTESIAN_POINT ( 'NONE',  ( -1.949999999999999956, 3.000000000000000000, 1.600000000000000089 ) ) ;
#2751 = CARTESIAN_POINT ( 'NONE',  ( -1.949999999999999956, 0.1485051958711619824, 11.50000000000000000 ) ) ;
#2752 = VECTOR ( 'NONE', #890, 1000.000000000000000 ) ;
#2753 = VERTEX_POINT ( 'NONE', #3025 ) ;
#2754 = DIRECTION ( 'NONE',  ( 1.000000000000000000, 0.000000000000000000, 7.569702440626069226E-17 ) ) ;
#2755 = VECTOR ( 'NONE', #1024, 1000.000000000000000 ) ;
#2756 = CARTESIAN_POINT ( 'NONE',  ( -2.949999999999999734, 2.500000000000000000, 4.558407044966670263 ) ) ;
#2757 = EDGE_CURVE ( 'NONE', #5489, #4037, #5955, .T. ) ;
#2758 = CARTESIAN_POINT ( 'NONE',  ( 0.2400000000000000189, 3.000000000000000000, 1.600000000000000089 ) ) ;
#2759 = VECTOR ( 'NONE', #5054, 1000.000000000000000 ) ;
#2760 = VECTOR ( 'NONE', #1801, 1000.000000000000000 ) ;
#2761 = LINE ( 'NONE', #6091, #5933 ) ;
#2762 = LINE ( 'NONE', #4087, #5403 ) ;
#2763 = ORIENTED_EDGE ( 'NONE', *, *, #3320, .T. ) ;
#2764 = CARTESIAN_POINT ( 'NONE',  ( 2.949999999999999734, -0.8000000000000000444, 3.500000000000000000 ) ) ;
#2765 = VECTOR ( 'NONE', #108, 1000.000000000000000 ) ;
#2766 = LINE ( 'NONE', #5171, #118 ) ;
#2767 = ORIENTED_EDGE ( 'NONE', *, *, #2201, .T. ) ;
#2768 = VERTEX_POINT ( 'NONE', #2031 ) ;
#2769 = CARTESIAN_POINT ( 'NONE',  ( -2.949999999999999734, 0.8000000000000000444, 3.500000000000000000 ) ) ;
#2770 = ORIENTED_EDGE ( 'NONE', *, *, #497, .T. ) ;
#2771 = LINE ( 'NONE', #332, #5035 ) ;
#2772 = LINE ( 'NONE', #3202, #5913 ) ;
#2773 = ORIENTED_EDGE ( 'NONE', *, *, #4309, .T. ) ;
#2774 = DIRECTION ( 'NONE',  ( -1.178997902256800061E-16, 0.000000000000000000, 1.000000000000000000 ) ) ;
#2775 = ORIENTED_EDGE ( 'NONE', *, *, #4031, .F. ) ;
#2776 = FACE_OUTER_BOUND ( 'NONE', #689, .T. ) ;
#2777 = LINE ( 'NONE', #2707, #3641 ) ;
#2778 = DIRECTION ( 'NONE',  ( 1.178997902256800061E-16, 1.420302318869637926E-32, -1.000000000000000000 ) ) ;
#2779 = DIRECTION ( 'NONE',  ( 0.000000000000000000, 0.000000000000000000, 1.000000000000000000 ) ) ;
#2780 = ORIENTED_EDGE ( 'NONE', *, *, #1986, .T. ) ;
#2781 = ADVANCED_FACE ( 'NONE', ( #5888 ), #3057, .F. ) ;
#2782 = DIRECTION ( 'NONE',  ( -1.000000000000000000, -1.223105969149230677E-16, -1.178997902256800061E-16 ) ) ;
#2783 = CARTESIAN_POINT ( 'NONE',  ( -4.999999999999999112, -4.300000000000000711, -5.700000000000000178 ) ) ;
#2784 = VERTEX_POINT ( 'NONE', #1569 ) ;
#2785 = CARTESIAN_POINT ( 'NONE',  ( 0.9000000000000000222, 4.200000000000000178, 0.2000000000000000111 ) ) ;
#2786 = LINE ( 'NONE', #1394, #5808 ) ;
#2787 = LINE ( 'NONE', #2313, #1435 ) ;
#2788 = ADVANCED_FACE ( 'NONE', ( #3952 ), #3511, .T. ) ;
#2789 = ADVANCED_FACE ( 'NONE', ( #4458 ), #2557, .T. ) ;
#2790 = DIRECTION ( 'NONE',  ( -1.000000000000000000, 0.000000000000000000, 0.000000000000000000 ) ) ;
#2791 = EDGE_LOOP ( 'NONE', ( #2293, #2972, #1049, #2888 ) ) ;
#2792 = DIRECTION ( 'NONE',  ( -1.398706172756099997E-16, -1.000000000000000000, 0.000000000000000000 ) ) ;
#2793 = DIRECTION ( 'NONE',  ( -1.000000000000000000, -8.340016711426956521E-17, 0.000000000000000000 ) ) ;
#2794 = PLANE ( 'NONE',  #2507 ) ;
#2795 = ORIENTED_EDGE ( 'NONE', *, *, #423, .T. ) ;
#2796 = CARTESIAN_POINT ( 'NONE',  ( -2.850000000000000089, 6.349999999999999645, 6.799999999999999822 ) ) ;
#2797 = ORIENTED_EDGE ( 'NONE', *, *, #2625, .T. ) ;
#2798 = DIRECTION ( 'NONE',  ( -1.000000000000000000, 0.000000000000000000, 0.000000000000000000 ) ) ;
#2799 = DIRECTION ( 'NONE',  ( 1.000000000000000000, 0.000000000000000000, 0.000000000000000000 ) ) ;
#2800 = ORIENTED_EDGE ( 'NONE', *, *, #1645, .T. ) ;
#2801 = DIRECTION ( 'NONE',  ( 1.600321476937160040E-16, -1.000000000000000000, 0.000000000000000000 ) ) ;
#2802 = ORIENTED_EDGE ( 'NONE', *, *, #1148, .T. ) ;
#2803 = FACE_OUTER_BOUND ( 'NONE', #3585, .T. ) ;
#2804 = DIRECTION ( 'NONE',  ( 1.130863886742569965E-15, -1.000000000000000000, -6.661338147750940820E-15 ) ) ;
#2805 = ORIENTED_EDGE ( 'NONE', *, *, #4772, .F. ) ;
#2806 = LINE ( 'NONE', #1885, #4825 ) ;
#2807 = LINE ( 'NONE', #1996, #3026 ) ;
#2808 = ORIENTED_EDGE ( 'NONE', *, *, #5566, .F. ) ;
#2809 = LINE ( 'NONE', #314, #354 ) ;
#2810 = FACE_OUTER_BOUND ( 'NONE', #481, .T. ) ;
#2811 = LINE ( 'NONE', #3805, #2518 ) ;
#2812 = AXIS2_PLACEMENT_3D ( 'NONE', #5519, #2118, #3151 ) ;
#2813 = VECTOR ( 'NONE', #5996, 1000.000000000000000 ) ;
#2814 = AXIS2_PLACEMENT_3D ( 'NONE', #5345, #1078, #4873 ) ;
#2815 = FACE_OUTER_BOUND ( 'NONE', #5448, .T. ) ;
#2816 = ORIENTED_EDGE ( 'NONE', *, *, #6065, .T. ) ;
#2817 = LINE ( 'NONE', #4731, #5529 ) ;
#2818 = LINE ( 'NONE', #4733, #1618 ) ;
#2819 = ADVANCED_FACE ( 'NONE', ( #4898 ), #4010, .T. ) ;
#2820 = VECTOR ( 'NONE', #3556, 1000.000000000000000 ) ;
#2821 = ADVANCED_FACE ( 'NONE', ( #3079 ), #4984, .T. ) ;
#2822 = EDGE_CURVE ( 'NONE', #5262, #2733, #180, .T. ) ;
#2823 = VECTOR ( 'NONE', #5625, 1000.000000000000000 ) ;
#2824 = VECTOR ( 'NONE', #1850, 1000.000000000000000 ) ;
#2825 = ADVANCED_FACE ( 'NONE', ( #4047 ), #3570, .T. ) ;
#2826 = DIRECTION ( 'NONE',  ( -5.551115123125779621E-17, -1.000000000000000000, 0.000000000000000000 ) ) ;
#2827 = ORIENTED_EDGE ( 'NONE', *, *, #4885, .T. ) ;
#2828 = ORIENTED_EDGE ( 'NONE', *, *, #3600, .T. ) ;
#2829 = VECTOR ( 'NONE', #4363, 1000.000000000000000 ) ;
#2830 = LINE ( 'NONE', #395, #2041 ) ;
#2831 = AXIS2_PLACEMENT_3D ( 'NONE', #3590, #5505, #1241 ) ;
#2832 = FACE_OUTER_BOUND ( 'NONE', #2983, .T. ) ;
#2833 = PLANE ( 'NONE',  #1515 ) ;
#2834 = EDGE_LOOP ( 'NONE', ( #2039, #5929, #2501, #2596 ) ) ;
#2835 = CARTESIAN_POINT ( 'NONE',  ( 2.000000000000000000, -4.740000000000000213, 0.5999999999999999778 ) ) ;
#2836 = ORIENTED_EDGE ( 'NONE', *, *, #3158, .F. ) ;
#2837 = CARTESIAN_POINT ( 'NONE',  ( 0.2400000000000000189, 3.000000000000000000, 1.600000000000000089 ) ) ;
#2838 = VECTOR ( 'NONE', #3922, 1000.000000000000000 ) ;
#2839 = PLANE ( 'NONE',  #3714 ) ;
#2840 = VECTOR ( 'NONE', #44, 1000.000000000000000 ) ;
#2841 = ORIENTED_EDGE ( 'NONE', *, *, #881, .F. ) ;
#2842 = DIRECTION ( 'NONE',  ( -4.440892098500620245E-16, -0.8000000000000000444, -0.5999999999999999778 ) ) ;
#2843 = CARTESIAN_POINT ( 'NONE',  ( -4.999999999999999112, 5.099999999999999645, -6.353403713847660228 ) ) ;
#2844 = VERTEX_POINT ( 'NONE', #619 ) ;
#2845 = CARTESIAN_POINT ( 'NONE',  ( 2.949999999999999734, -0.8000000000000000444, 2.500000000000000000 ) ) ;
#2846 = CARTESIAN_POINT ( 'NONE',  ( -0.6500000000000000222, 5.100000000000000533, -0.6999999999999999556 ) ) ;
#2847 = AXIS2_PLACEMENT_3D ( 'NONE', #3226, #5064, #5227 ) ;
#2848 = DIRECTION ( 'NONE',  ( 1.000000000000000000, 0.000000000000000000, 0.000000000000000000 ) ) ;
#2849 = VECTOR ( 'NONE', #5774, 1000.000000000000000 ) ;
#2850 = CARTESIAN_POINT ( 'NONE',  ( 3.350000000000000089, -2.500000000000000000, 2.558407044966669819 ) ) ;
#2851 = ORIENTED_EDGE ( 'NONE', *, *, #4028, .F. ) ;
#2852 = FILL_AREA_STYLE ('',( #4822 ) ) ;
#2853 = CLOSED_SHELL ( 'NONE', ( #3651, #6142, #5104, #4739, #2691, #1003 ) ) ;
#2854 = VECTOR ( 'NONE', #3910, 1000.000000000000000 ) ;
#2855 = CARTESIAN_POINT ( 'NONE',  ( -3.350000000000000089, -6.349999999999999645, 6.299999999999999822 ) ) ;
#2856 = ORIENTED_EDGE ( 'NONE', *, *, #3916, .F. ) ;
#2857 = EDGE_CURVE ( 'NONE', #661, #5884, #1806, .T. ) ;
#2858 = EDGE_CURVE ( 'NONE', #917, #5439, #1283, .T. ) ;
#2859 = AXIS2_PLACEMENT_3D ( 'NONE', #4978, #5917, #3883 ) ;
#2860 = CARTESIAN_POINT ( 'NONE',  ( 2.949999999999999734, 0.8000000000000000444, 3.500000000000000000 ) ) ;
#2861 = DIRECTION ( 'NONE',  ( 0.000000000000000000, 0.000000000000000000, 1.000000000000000000 ) ) ;
#2862 = DIRECTION ( 'NONE',  ( 1.000000000000000000, -4.108650548026095125E-32, 0.000000000000000000 ) ) ;
#2863 = ORIENTED_EDGE ( 'NONE', *, *, #2053, .T. ) ;
#2864 = EDGE_CURVE ( 'NONE', #5489, #4400, #876, .T. ) ;
#2865 = EDGE_CURVE ( 'NONE', #3483, #1201, #4174, .T. ) ;
#2866 = VERTEX_POINT ( 'NONE', #5613 ) ;
#2867 = FACE_OUTER_BOUND ( 'NONE', #2410, .T. ) ;
#2868 = DIRECTION ( 'NONE',  ( 1.000000000000000000, -1.423362852083529894E-17, 0.000000000000000000 ) ) ;
#2869 = DIRECTION ( 'NONE',  ( 0.000000000000000000, 4.440892098500630106E-16, -1.000000000000000000 ) ) ;
#2870 = CARTESIAN_POINT ( 'NONE',  ( 2.949999999999999734, 1.000000000000000000, 1.558407044966670041 ) ) ;
#2871 = EDGE_LOOP ( 'NONE', ( #2196, #435, #3862, #3002 ) ) ;
#2872 = LINE ( 'NONE', #787, #862 ) ;
#2873 = LINE ( 'NONE', #5274, #2824 ) ;
#2874 = LINE ( 'NONE', #5248, #1539 ) ;
#2875 = VERTEX_POINT ( 'NONE', #807 ) ;
#2876 = DIRECTION ( 'NONE',  ( 0.000000000000000000, -1.000000000000000000, 8.300732894393689751E-17 ) ) ;
#2877 = DIRECTION ( 'NONE',  ( 1.000000000000000000, 0.000000000000000000, 0.000000000000000000 ) ) ;
#2878 = ORIENTED_EDGE ( 'NONE', *, *, #957, .F. ) ;
#2879 = CARTESIAN_POINT ( 'NONE',  ( -2.299999999999999822, 5.259999999999999787, 0.5999999999999999778 ) ) ;
#2880 = ORIENTED_EDGE ( 'NONE', *, *, #577, .F. ) ;
#2881 = DIRECTION ( 'NONE',  ( -1.000000000000000000, -1.223105969149230677E-16, -7.569702440626069226E-17 ) ) ;
#2882 = CARTESIAN_POINT ( 'NONE',  ( 2.949999999999999734, -1.000000000000000000, 1.558407044966670041 ) ) ;
#2883 = ORIENTED_EDGE ( 'NONE', *, *, #1213, .F. ) ;
#2884 = ORIENTED_EDGE ( 'NONE', *, *, #1608, .F. ) ;
#2885 = DIRECTION ( 'NONE',  ( -0.9912279006826346661, 0.000000000000000000, 0.1321637200910179555 ) ) ;
#2886 = CARTESIAN_POINT ( 'NONE',  ( 2.000000000000000000, 3.100000000000000089, 6.400000000000000355 ) ) ;
#2887 = EDGE_CURVE ( 'NONE', #2659, #1187, #842, .T. ) ;
#2888 = ORIENTED_EDGE ( 'NONE', *, *, #3848, .T. ) ;
#2889 = VERTEX_POINT ( 'NONE', #5081 ) ;
#2890 = LINE ( 'NONE', #975, #464 ) ;
#2891 =( LENGTH_UNIT ( ) NAMED_UNIT ( * ) SI_UNIT ( .MILLI., .METRE. ) );
#2892 = DIRECTION ( 'NONE',  ( 0.000000000000000000, -1.000000000000000000, 0.000000000000000000 ) ) ;
#2893 = EDGE_CURVE ( 'NONE', #2666, #3850, #4145, .T. ) ;
#2894 = EDGE_CURVE ( 'NONE', #4586, #4000, #5646, .T. ) ;
#2895 = ADVANCED_FACE ( 'NONE', ( #402 ), #4580, .T. ) ;
#2896 = EDGE_CURVE ( 'NONE', #1605, #1334, #2706, .T. ) ;
#2897 = ADVANCED_FACE ( 'NONE', ( #3239 ), #4610, .T. ) ;
#2898 = EDGE_CURVE ( 'NONE', #1008, #4209, #1776, .T. ) ;
#2899 = ORIENTED_EDGE ( 'NONE', *, *, #1606, .F. ) ;
#2900 = CARTESIAN_POINT ( 'NONE',  ( -2.000000000000000000, -3.100000000000000089, 6.799999999999999822 ) ) ;
#2901 = DIRECTION ( 'NONE',  ( 1.000000000000000000, 0.000000000000000000, 0.000000000000000000 ) ) ;
#2902 = CARTESIAN_POINT ( 'NONE',  ( -0.9000000000000000222, -4.299999999999999822, 0.2000000000000000111 ) ) ;
#2903 = ORIENTED_EDGE ( 'NONE', *, *, #4814, .F. ) ;
#2904 = DIRECTION ( 'NONE',  ( 0.000000000000000000, 1.000000000000000000, 2.960594732333750117E-16 ) ) ;
#2905 = LINE ( 'NONE', #5838, #3111 ) ;
#2906 = FACE_OUTER_BOUND ( 'NONE', #3155, .T. ) ;
#2907 = ORIENTED_EDGE ( 'NONE', *, *, #2502, .F. ) ;
#2908 = DIRECTION ( 'NONE',  ( 0.000000000000000000, 1.398706172756099997E-16, -1.000000000000000000 ) ) ;
#2909 = ORIENTED_EDGE ( 'NONE', *, *, #5347, .F. ) ;
#2910 = DIRECTION ( 'NONE',  ( -0.09571240664425752220, 0.9954090291002810620, 0.000000000000000000 ) ) ;
#2911 = ORIENTED_EDGE ( 'NONE', *, *, #2253, .T. ) ;
#2912 = VECTOR ( 'NONE', #2144, 1000.000000000000000 ) ;
#2913 = AXIS2_PLACEMENT_3D ( 'NONE', #226, #1671, #3555 ) ;
#2914 = EDGE_LOOP ( 'NONE', ( #2520, #3023, #1957, #5959 ) ) ;
#2915 = ORIENTED_EDGE ( 'NONE', *, *, #2663, .F. ) ;
#2916 = LINE ( 'NONE', #3965, #5233 ) ;
#2917 = VECTOR ( 'NONE', #361, 1000.000000000000000 ) ;
#2918 = VECTOR ( 'NONE', #2341, 1000.000000000000000 ) ;
#2919 = VECTOR ( 'NONE', #4399, 1000.000000000000000 ) ;
#2920 = CARTESIAN_POINT ( 'NONE',  ( -0.9000000000000000222, 0.4000000000000000222, -0.4000000000000000222 ) ) ;
#2921 = VECTOR ( 'NONE', #4872, 1000.000000000000000 ) ;
#2922 = VECTOR ( 'NONE', #783, 1000.000000000000000 ) ;
#2923 = VERTEX_POINT ( 'NONE', #5148 ) ;
#2924 = ORIENTED_EDGE ( 'NONE', *, *, #5149, .F. ) ;
#2925 = CARTESIAN_POINT ( 'NONE',  ( 2.350000000000000089, -4.740000000000000213, 0.5999999999999999778 ) ) ;
#2926 = DIRECTION ( 'NONE',  ( -1.000000000000000000, 0.000000000000000000, -1.178997902256800061E-16 ) ) ;
#2927 = AXIS2_PLACEMENT_3D ( 'NONE', #2055, #4068, #4925 ) ;
#2928 = CARTESIAN_POINT ( 'NONE',  ( 2.949999999999999734, -0.8000000000000000444, 2.500000000000000000 ) ) ;
#2929 = EDGE_LOOP ( 'NONE', ( #1924, #911, #2730, #5694 ) ) ;
#2930 = LINE ( 'NONE', #2059, #1371 ) ;
#2931 = VECTOR ( 'NONE', #1034, 1000.000000000000000 ) ;
#2932 = DIRECTION ( 'NONE',  ( 1.204669080539448604E-16, -1.000000000000000000, 0.000000000000000000 ) ) ;
#2933 = CARTESIAN_POINT ( 'NONE',  ( -3.149999999999999911, 5.400000000000000355, 4.500000000000000000 ) ) ;
#2934 = ADVANCED_FACE ( 'NONE', ( #2776 ), #2643, .T. ) ;
#2935 = EDGE_CURVE ( 'NONE', #2588, #4467, #1740, .T. ) ;
#2936 = ORIENTED_EDGE ( 'NONE', *, *, #2334, .T. ) ;
#2937 = ADVANCED_FACE ( 'NONE', ( #3602 ), #2178, .T. ) ;
#2938 = CARTESIAN_POINT ( 'NONE',  ( 3.350000000000000089, 5.400000000000000355, 2.600000000000000089 ) ) ;
#2939 = EDGE_CURVE ( 'NONE', #4171, #4372, #5548, .T. ) ;
#2940 = CARTESIAN_POINT ( 'NONE',  ( -2.949999999999999734, 1.000000000000000000, 3.558407044966669819 ) ) ;
#2941 = VECTOR ( 'NONE', #637, 1000.000000000000000 ) ;
#2942 = LINE ( 'NONE', #4373, #2324 ) ;
#2943 = VERTEX_POINT ( 'NONE', #6051 ) ;
#2944 = EDGE_CURVE ( 'NONE', #4668, #4349, #778, .T. ) ;
#2945 = FACE_OUTER_BOUND ( 'NONE', #319, .T. ) ;
#2946 = VECTOR ( 'NONE', #357, 1000.000000000000000 ) ;
#2947 = EDGE_CURVE ( 'NONE', #1528, #2844, #5114, .T. ) ;
#2948 = EDGE_LOOP ( 'NONE', ( #1479, #1547, #487, #777 ) ) ;
#2949 = VECTOR ( 'NONE', #5277, 1000.000000000000000 ) ;
#2950 = ORIENTED_EDGE ( 'NONE', *, *, #4879, .F. ) ;
#2951 = ORIENTED_EDGE ( 'NONE', *, *, #146, .F. ) ;
#2952 = CARTESIAN_POINT ( 'NONE',  ( -2.949999999999999734, -2.500000000000000000, 2.558407044966669819 ) ) ;
#2953 = LINE ( 'NONE', #4858, #5304 ) ;
#2954 = CLOSED_SHELL ( 'NONE', ( #5372, #1982, #4459, #2937, #1345, #2671 ) ) ;
#2955 = ORIENTED_EDGE ( 'NONE', *, *, #5149, .T. ) ;
#2956 = CARTESIAN_POINT ( 'NONE',  ( -0.6499999999999993561, -0.5000000000000000000, -5.699999999999999289 ) ) ;
#2957 = VERTEX_POINT ( 'NONE', #4711 ) ;
#2958 = FACE_OUTER_BOUND ( 'NONE', #3436, .T. ) ;
#2959 = CARTESIAN_POINT ( 'NONE',  ( -3.350000000000000089, 2.600000000000000089, 2.600000000000000089 ) ) ;
#2960 = COLOUR_RGB ( '',0.7921568627450980005, 0.8196078431372548767, 0.9333333333333333481 ) ;
#2961 = CARTESIAN_POINT ( 'NONE',  ( -2.299999999999999822, 4.740000000000000213, 0.5999999999999999778 ) ) ;
#2962 = EDGE_LOOP ( 'NONE', ( #3076, #4851, #474, #3524, #5016, #3419 ) ) ;
#2963 = PLANE ( 'NONE',  #3748 ) ;
#2964 = PLANE ( 'NONE',  #4112 ) ;
#2965 = DIRECTION ( 'NONE',  ( 0.000000000000000000, 1.000000000000000000, 0.000000000000000000 ) ) ;
#2966 = ORIENTED_EDGE ( 'NONE', *, *, #5452, .T. ) ;
#2967 = LINE ( 'NONE', #2938, #2050 ) ;
#2968 = DIRECTION ( 'NONE',  ( -0.000000000000000000, 1.000000000000000000, 0.000000000000000000 ) ) ;
#2969 = DIRECTION ( 'NONE',  ( -1.000000000000000000, 0.000000000000000000, -1.110223024625160090E-15 ) ) ;
#2970 = EDGE_CURVE ( 'NONE', #1695, #4281, #5702, .T. ) ;
#2971 = DIRECTION ( 'NONE',  ( -1.000000000000000000, 0.000000000000000000, 0.000000000000000000 ) ) ;
#2972 = ORIENTED_EDGE ( 'NONE', *, *, #3198, .T. ) ;
#2973 = CARTESIAN_POINT ( 'NONE',  ( -2.350000000000000089, -5.549999999999999822, 0.2999999999999999889 ) ) ;
#2974 = ORIENTED_EDGE ( 'NONE', *, *, #3494, .F. ) ;
#2975 = ADVANCED_FACE ( 'NONE', ( #2803 ), #50, .F. ) ;
#2976 = ADVANCED_FACE ( 'NONE', ( #4244 ), #5269, .F. ) ;
#2977 = CARTESIAN_POINT ( 'NONE',  ( 0.9000000000000001332, -5.200000000000000178, 5.300159206953672849E-32 ) ) ;
#2978 = VERTEX_POINT ( 'NONE', #5766 ) ;
#2979 = VERTEX_POINT ( 'NONE', #904 ) ;
#2980 = CARTESIAN_POINT ( 'NONE',  ( 0.000000000000000000, 0.000000000000000000, 0.2999999999999999889 ) ) ;
#2981 = CARTESIAN_POINT ( 'NONE',  ( 2.949999999999999734, 5.500000000000000000, 2.558407044966679589 ) ) ;
#2982 = ORIENTED_EDGE ( 'NONE', *, *, #1600, .F. ) ;
#2983 = EDGE_LOOP ( 'NONE', ( #5405, #5905, #3688, #4133, #614, #1063, #1976, #2141 ) ) ;
#2984 = CARTESIAN_POINT ( 'NONE',  ( -0.6499999999999995781, -0.5000000000000000000, -0.7000000000000001776 ) ) ;
#2985 = DIRECTION ( 'NONE',  ( 1.000000000000000000, 0.000000000000000000, 7.569702440626069226E-17 ) ) ;
#2986 = CARTESIAN_POINT ( 'NONE',  ( 2.949999999999999734, -5.500000000000000000, 4.558407044966670263 ) ) ;
#2987 = VERTEX_POINT ( 'NONE', #438 ) ;
#2988 = DIRECTION ( 'NONE',  ( -3.496765431890259853E-17, -1.000000000000000000, 0.000000000000000000 ) ) ;
#2989 = FACE_OUTER_BOUND ( 'NONE', #3044, .T. ) ;
#2990 = DIRECTION ( 'NONE',  ( 1.000000000000000000, 0.000000000000000000, 0.000000000000000000 ) ) ;
#2991 = ORIENTED_EDGE ( 'NONE', *, *, #4150, .F. ) ;
#2992 = CARTESIAN_POINT ( 'NONE',  ( -4.999999999999999112, -0.5000000000000005551, -6.349999999999999645 ) ) ;
#2993 = LINE ( 'NONE', #1010, #433 ) ;
#2994 = LINE ( 'NONE', #1011, #1533 ) ;
#2995 = CARTESIAN_POINT ( 'NONE',  ( -0.7278688524590161135, -0.5000000000000000000, -0.6065573770491803351 ) ) ;
#2996 = PLANE ( 'NONE',  #4717 ) ;
#2997 = ORIENTED_EDGE ( 'NONE', *, *, #3600, .F. ) ;
#2998 = LINE ( 'NONE', #720, #4131 ) ;
#2999 = ORIENTED_EDGE ( 'NONE', *, *, #3960, .T. ) ;
#3000 = LINE ( 'NONE', #5874, #162 ) ;
#3001 = ORIENTED_EDGE ( 'NONE', *, *, #4658, .F. ) ;
#3002 = ORIENTED_EDGE ( 'NONE', *, *, #1984, .T. ) ;
#3003 = PLANE ( 'NONE',  #1544 ) ;
#3004 = ADVANCED_FACE ( 'NONE', ( #2867 ), #5181, .T. ) ;
#3005 = EDGE_CURVE ( 'NONE', #5709, #2987, #3766, .T. ) ;
#3006 = EDGE_CURVE ( 'NONE', #3661, #5180, #2890, .T. ) ;
#3007 = EDGE_CURVE ( 'NONE', #5078, #5262, #494, .T. ) ;
#3008 = VECTOR ( 'NONE', #1311, 1000.000000000000000 ) ;
#3009 = LINE ( 'NONE', #4974, #4506 ) ;
#3010 = ORIENTED_EDGE ( 'NONE', *, *, #4414, .T. ) ;
#3011 = VECTOR ( 'NONE', #4262, 1000.000000000000000 ) ;
#3012 = VECTOR ( 'NONE', #5066, 1000.000000000000000 ) ;
#3013 = VECTOR ( 'NONE', #3343, 1000.000000000000000 ) ;
#3014 = VERTEX_POINT ( 'NONE', #3329 ) ;
#3015 = LINE ( 'NONE', #1180, #3938 ) ;
#3016 = PLANE ( 'NONE',  #4654 ) ;
#3017 = DIRECTION ( 'NONE',  ( 8.881784197001250351E-16, -0.8000000000000000444, 0.5999999999999999778 ) ) ;
#3018 = VECTOR ( 'NONE', #5162, 1000.000000000000000 ) ;
#3019 = VECTOR ( 'NONE', #2246, 1000.000000000000000 ) ;
#3020 = VERTEX_POINT ( 'NONE', #1903 ) ;
#3021 = CARTESIAN_POINT ( 'NONE',  ( 2.350000000000000089, 0.2599999999999999534, 0.5999999999999999778 ) ) ;
#3022 = LINE ( 'NONE', #3422, #1050 ) ;
#3023 = ORIENTED_EDGE ( 'NONE', *, *, #5410, .T. ) ;
#3025 = CARTESIAN_POINT ( 'NONE',  ( 2.000000000000000000, -0.4999999999999997780, 0.2999999999999999889 ) ) ;
#3024 = AXIS2_PLACEMENT_3D ( 'NONE', #5704, #1091, #496 ) ;
#3026 = VECTOR ( 'NONE', #6186, 1000.000000000000000 ) ;
#3027 = CARTESIAN_POINT ( 'NONE',  ( 2.949999999999999734, 1.000000000000000000, 3.558407044966669819 ) ) ;
#3028 = CARTESIAN_POINT ( 'NONE',  ( -1.949999999999999956, 0.1485051958711619824, 11.50000000000000000 ) ) ;
#3029 = DIRECTION ( 'NONE',  ( -1.224646799147350002E-16, 1.000000000000000000, 0.000000000000000000 ) ) ;
#3030 = AXIS2_PLACEMENT_3D ( 'NONE', #5800, #5333, #2554 ) ;
#3031 = DIRECTION ( 'NONE',  ( 1.000000000000000000, 0.000000000000000000, -1.110223024625160090E-15 ) ) ;
#3032 = VERTEX_POINT ( 'NONE', #2370 ) ;
#3033 = DIRECTION ( 'NONE',  ( -1.000000000000000000, 0.000000000000000000, 0.000000000000000000 ) ) ;
#3034 = ORIENTED_EDGE ( 'NONE', *, *, #4568, .T. ) ;
#3035 = VECTOR ( 'NONE', #1821, 1000.000000000000000 ) ;
#3036 = LINE ( 'NONE', #2977, #2061 ) ;
#3037 = ORIENTED_EDGE ( 'NONE', *, *, #1261, .F. ) ;
#3038 = ORIENTED_EDGE ( 'NONE', *, *, #2284, .F. ) ;
#3039 = CARTESIAN_POINT ( 'NONE',  ( 5.421010862427522170E-16, 5.100000000000000533, -5.706807427695320456 ) ) ;
#3040 = AXIS2_PLACEMENT_3D ( 'NONE', #912, #5525, #6058 ) ;
#3041 = CARTESIAN_POINT ( 'NONE',  ( 0.9000000000000000222, 5.100000000000000533, 0.2000000000000000111 ) ) ;
#3042 = EDGE_CURVE ( 'NONE', #3014, #3941, #4273, .T. ) ;
#3043 = EDGE_CURVE ( 'NONE', #1242, #1656, #1497, .T. ) ;
#3044 = EDGE_LOOP ( 'NONE', ( #148, #573, #3885, #1773 ) ) ;
#3045 = ORIENTED_EDGE ( 'NONE', *, *, #6143, .T. ) ;
#3046 = CARTESIAN_POINT ( 'NONE',  ( 2.000000000000000000, 4.200000000000000178, 0.2999999999999999889 ) ) ;
#3047 = DIRECTION ( 'NONE',  ( 0.000000000000000000, 6.661338147750940820E-15, -1.000000000000000000 ) ) ;
#3048 = CARTESIAN_POINT ( 'NONE',  ( 3.350000000000000089, 1.000000000000000000, 1.558407044966670041 ) ) ;
#3049 = AXIS2_PLACEMENT_3D ( 'NONE', #342, #3672, #2303 ) ;
#3050 = EDGE_CURVE ( 'NONE', #2943, #3032, #5674, .T. ) ;
#3051 = EDGE_CURVE ( 'NONE', #1068, #2499, #3859, .T. ) ;
#3052 = VERTEX_POINT ( 'NONE', #2393 ) ;
#3053 = DIRECTION ( 'NONE',  ( 0.000000000000000000, 1.000000000000000000, 0.000000000000000000 ) ) ;
#3054 = DIRECTION ( 'NONE',  ( 9.633647560509919597E-16, -0.7592566023652961293, 0.6507913734559690466 ) ) ;
#3055 = STYLED_ITEM ( 'NONE', ( #5327 ), #292 ) ;
#3056 = EDGE_LOOP ( 'NONE', ( #2841, #7, #4516, #608 ) ) ;
#3057 = PLANE ( 'NONE',  #6140 ) ;
#3058 = CARTESIAN_POINT ( 'NONE',  ( 5.531113207520353868E-16, -5.200000000000000178, 5.300159206953672849E-32 ) ) ;
#3059 = FACE_OUTER_BOUND ( 'NONE', #5612, .T. ) ;
#3060 = CARTESIAN_POINT ( 'NONE',  ( 2.949999999999999734, -2.500000000000000000, 2.558407044966669819 ) ) ;
#3061 = ORIENTED_EDGE ( 'NONE', *, *, #5898, .T. ) ;
#3062 = DIRECTION ( 'NONE',  ( 0.000000000000000000, -6.661338147750930368E-16, 1.000000000000000000 ) ) ;
#3063 = ORIENTED_EDGE ( 'NONE', *, *, #4700, .T. ) ;
#3064 = FACE_OUTER_BOUND ( 'NONE', #1784, .T. ) ;
#3065 = CARTESIAN_POINT ( 'NONE',  ( 3.149999999999999911, -5.400000000000000355, 2.600000000000000089 ) ) ;
#3066 = ORIENTED_EDGE ( 'NONE', *, *, #2612, .T. ) ;
#3067 = EDGE_LOOP ( 'NONE', ( #5850, #3579, #1980, #3736 ) ) ;
#3068 = CARTESIAN_POINT ( 'NONE',  ( -0.9000000000000000222, 4.200000000000000178, 0.2000000000000000111 ) ) ;
#3069 = DIRECTION ( 'NONE',  ( 0.000000000000000000, 1.000000000000000000, 0.000000000000000000 ) ) ;
#3070 = PLANE ( 'NONE',  #2020 ) ;
#3071 = ORIENTED_EDGE ( 'NONE', *, *, #6022, .F. ) ;
#3072 = ORIENTED_EDGE ( 'NONE', *, *, #2512, .T. ) ;
#3073 = DIRECTION ( 'NONE',  ( 1.000000000000000000, 0.000000000000000000, 0.000000000000000000 ) ) ;
#3074 = DIRECTION ( 'NONE',  ( 1.982541115402069794E-16, -1.000000000000000000, 0.000000000000000000 ) ) ;
#3075 = DIRECTION ( 'NONE',  ( 1.432545838226009632E-16, 1.000000000000000000, 0.000000000000000000 ) ) ;
#3076 = ORIENTED_EDGE ( 'NONE', *, *, #1882, .T. ) ;
#3077 = CARTESIAN_POINT ( 'NONE',  ( -2.949999999999999734, -1.000000000000000000, 3.558407044966669819 ) ) ;
#3078 = EDGE_LOOP ( 'NONE', ( #2100, #238, #4636, #4827 ) ) ;
#3079 = FACE_OUTER_BOUND ( 'NONE', #908, .T. ) ;
#3080 = EDGE_CURVE ( 'NONE', #1210, #896, #3386, .T. ) ;
#3081 = ADVANCED_FACE ( 'NONE', ( #937 ), #1472, .T. ) ;
#3082 = ADVANCED_FACE ( 'NONE', ( #4297 ), #5736, .T. ) ;
#3083 = EDGE_CURVE ( 'NONE', #5594, #4419, #5792, .T. ) ;
#3084 = DIRECTION ( 'NONE',  ( 0.000000000000000000, 0.000000000000000000, -1.000000000000000000 ) ) ;
#3085 = LINE ( 'NONE', #5957, #4906 ) ;
#3086 = DIRECTION ( 'NONE',  ( 1.000000000000000000, 0.000000000000000000, -1.224646799147350002E-16 ) ) ;
#3087 = ORIENTED_EDGE ( 'NONE', *, *, #5151, .F. ) ;
#3088 = CARTESIAN_POINT ( 'NONE',  ( 3.350000000000000089, 2.500000000000000000, 2.558407044966669819 ) ) ;
#3089 = EDGE_LOOP ( 'NONE', ( #936, #5124, #1499, #4789 ) ) ;
#3090 = PLANE ( 'NONE',  #3998 ) ;
#3091 = LINE ( 'NONE', #4441, #3112 ) ;
#3092 = ORIENTED_EDGE ( 'NONE', *, *, #3734, .T. ) ;
#3093 = ORIENTED_EDGE ( 'NONE', *, *, #4462, .T. ) ;
#3094 = PLANE ( 'NONE',  #3928 ) ;
#3095 = CARTESIAN_POINT ( 'NONE',  ( 2.949999999999999734, -6.349999999999999645, 1.558407044966670041 ) ) ;
#3096 = CARTESIAN_POINT ( 'NONE',  ( 0.2400000000000000189, 2.850000000000000089, 3.000000000000000000 ) ) ;
#3097 = EDGE_LOOP ( 'NONE', ( #3801, #3257, #3968, #4103 ) ) ;
#3098 = DIRECTION ( 'NONE',  ( 0.000000000000000000, -1.000000000000000000, 0.000000000000000000 ) ) ;
#3099 = VERTEX_POINT ( 'NONE', #2837 ) ;
#3100 = DIRECTION ( 'NONE',  ( 0.000000000000000000, -1.000000000000000000, 0.000000000000000000 ) ) ;
#3101 = DIRECTION ( 'NONE',  ( 1.000000000000000000, 0.000000000000000000, 0.000000000000000000 ) ) ;
#3102 = LINE ( 'NONE', #2638, #838 ) ;
#3103 = VECTOR ( 'NONE', #3939, 1000.000000000000000 ) ;
#3104 = VECTOR ( 'NONE', #436, 1000.000000000000000 ) ;
#3105 = EDGE_LOOP ( 'NONE', ( #379, #3138, #2079, #1257 ) ) ;
#3106 = FACE_OUTER_BOUND ( 'NONE', #4971, .T. ) ;
#3107 = ORIENTED_EDGE ( 'NONE', *, *, #2404, .F. ) ;
#3108 = CARTESIAN_POINT ( 'NONE',  ( -0.2400000000000000189, 2.850000000000000089, 3.000000000000000000 ) ) ;
#3109 = CARTESIAN_POINT ( 'NONE',  ( -2.000000000000000000, 0.4000000000000000222, 0.2000000000000000111 ) ) ;
#3110 = VECTOR ( 'NONE', #2306, 1000.000000000000000 ) ;
#3111 = VECTOR ( 'NONE', #28, 1000.000000000000000 ) ;
#3112 = VECTOR ( 'NONE', #4908, 1000.000000000000000 ) ;
#3113 = FACE_OUTER_BOUND ( 'NONE', #4398, .T. ) ;
#3114 = CARTESIAN_POINT ( 'NONE',  ( -1.949999999999999956, 0.9499999999999999556, 5.500000000000000000 ) ) ;
#3115 = ADVANCED_FACE ( 'NONE', ( #3501 ), #2018, .T. ) ;
#3116 = EDGE_CURVE ( 'NONE', #5887, #515, #4255, .T. ) ;
#3117 = EDGE_CURVE ( 'NONE', #1611, #813, #3015, .T. ) ;
#3118 = VECTOR ( 'NONE', #1879, 1000.000000000000000 ) ;
#3119 = VECTOR ( 'NONE', #3181, 1000.000000000000000 ) ;
#3120 = EDGE_CURVE ( 'NONE', #4755, #5515, #2484, .T. ) ;
#3121 = LINE ( 'NONE', #6085, #330 ) ;
#3122 = CARTESIAN_POINT ( 'NONE',  ( 3.149999999999999911, 2.600000000000000089, 4.500000000000000000 ) ) ;
#3123 = ORIENTED_EDGE ( 'NONE', *, *, #683, .F. ) ;
#3124 = PLANE ( 'NONE',  #4934 ) ;
#3125 = ORIENTED_EDGE ( 'NONE', *, *, #795, .T. ) ;
#3126 = DIRECTION ( 'NONE',  ( -1.224646799147349756E-16, 1.000000000000000000, 0.000000000000000000 ) ) ;
#3127 = CIRCLE ( 'NONE', #1325, 0.6500000000000000222 ) ;
#3128 = DIRECTION ( 'NONE',  ( 1.000000000000000000, 0.000000000000000000, 0.000000000000000000 ) ) ;
#3129 = EDGE_CURVE ( 'NONE', #5602, #4980, #2570, .T. ) ;
#3130 = EDGE_CURVE ( 'NONE', #2096, #2536, #2142, .T. ) ;
#3131 = CARTESIAN_POINT ( 'NONE',  ( -2.000000000000000000, -4.740000000000000213, 0.5999999999999999778 ) ) ;
#3132 = ORIENTED_EDGE ( 'NONE', *, *, #884, .T. ) ;
#3133 = EDGE_LOOP ( 'NONE', ( #5811, #1141, #4290, #4708, #793, #2909, #4856, #3584, #5289, #5579, #3512, #1721, #1593, #1895, #5172, #4418 ) ) ;
#3134 = CARTESIAN_POINT ( 'NONE',  ( -2.949999999999999734, 1.000000000000000000, 1.558407044966670041 ) ) ;
#3135 = CARTESIAN_POINT ( 'NONE',  ( -0.9000000000000000222, 5.100000000000000533, -0.4000000000000000222 ) ) ;
#3136 = CARTESIAN_POINT ( 'NONE',  ( 2.949999999999999734, 6.349999999999999645, 0.000000000000000000 ) ) ;
#3137 = VECTOR ( 'NONE', #4563, 1000.000000000000000 ) ;
#3138 = ORIENTED_EDGE ( 'NONE', *, *, #726, .F. ) ;
#3139 = CARTESIAN_POINT ( 'NONE',  ( -0.8000000000000000444, -5.000000000000000000, 3.000000000000000000 ) ) ;
#3140 = ORIENTED_EDGE ( 'NONE', *, *, #5267, .T. ) ;
#3141 = VECTOR ( 'NONE', #4348, 1000.000000000000000 ) ;
#3142 = CARTESIAN_POINT ( 'NONE',  ( 2.350000000000000089, 5.549999999999999822, 0.000000000000000000 ) ) ;
#3143 = DIRECTION ( 'NONE',  ( -1.000000000000000000, 0.000000000000000000, 0.000000000000000000 ) ) ;
#3144 = ORIENTED_EDGE ( 'NONE', *, *, #3007, .T. ) ;
#3145 = LINE ( 'NONE', #5015, #5305 ) ;
#3146 = EDGE_LOOP ( 'NONE', ( #1302, #1135, #3328, #1826 ) ) ;
#3147 = CARTESIAN_POINT ( 'NONE',  ( 5.421010862427522170E-16, -4.299999999999999822, -5.699999999999999289 ) ) ;
#3148 = DIRECTION ( 'NONE',  ( 1.509493722736551799E-48, -1.232595164407830946E-32, -1.000000000000000000 ) ) ;
#3149 = VECTOR ( 'NONE', #4426, 1000.000000000000000 ) ;
#3150 = CARTESIAN_POINT ( 'NONE',  ( -4.999999999999999112, -5.200000000000001066, -5.700000000000000178 ) ) ;
#3151 = DIRECTION ( 'NONE',  ( 0.000000000000000000, 0.000000000000000000, 1.000000000000000000 ) ) ;
#3152 = VECTOR ( 'NONE', #1251, 1000.000000000000000 ) ;
#3153 = CARTESIAN_POINT ( 'NONE',  ( 0.000000000000000000, -5.400000000000000355, 0.000000000000000000 ) ) ;
#3154 = FACE_OUTER_BOUND ( 'NONE', #1958, .T. ) ;
#3155 = EDGE_LOOP ( 'NONE', ( #5465, #2749, #4561, #4779 ) ) ;
#3156 = LINE ( 'NONE', #1813, #4635 ) ;
#3157 = DIRECTION ( 'NONE',  ( -6.049014748177260544E-16, -2.261241645955699995E-16, 1.000000000000000000 ) ) ;
#3158 = EDGE_CURVE ( 'NONE', #4300, #4985, #170, .T. ) ;
#3159 = DIRECTION ( 'NONE',  ( 0.7682212795973758501, 1.066121190770008253E-16, -0.6401843996644798196 ) ) ;
#3160 = FACE_OUTER_BOUND ( 'NONE', #1105, .T. ) ;
#3161 = EDGE_LOOP ( 'NONE', ( #204, #6118, #3372, #4674, #3552, #2513, #2237, #5545, #4930, #1179, #2044, #2487, #6099, #2556, #1073, #2770 ) ) ;
#3162 = LINE ( 'NONE', #3189, #2946 ) ;
#3163 = FACE_OUTER_BOUND ( 'NONE', #3423, .T. ) ;
#3164 = EDGE_CURVE ( 'NONE', #5887, #4323, #4039, .T. ) ;
#3165 = ADVANCED_FACE ( 'NONE', ( #4923 ), #4890, .T. ) ;
#3166 = CARTESIAN_POINT ( 'NONE',  ( -1.949999999999999956, -2.600000000000000089, 11.79999999999999893 ) ) ;
#3167 = ORIENTED_EDGE ( 'NONE', *, *, #6147, .T. ) ;
#3168 = ORIENTED_EDGE ( 'NONE', *, *, #4815, .T. ) ;
#3169 = LINE ( 'NONE', #1732, #4735 ) ;
#3170 = ORIENTED_EDGE ( 'NONE', *, *, #2700, .T. ) ;
#3171 = CARTESIAN_POINT ( 'NONE',  ( -2.000000000000000000, -0.2599999999999999534, 0.2999999999999999889 ) ) ;
#3172 = DIRECTION ( 'NONE',  ( 1.000000000000000000, 0.000000000000000000, 0.000000000000000000 ) ) ;
#3173 = ORIENTED_EDGE ( 'NONE', *, *, #1713, .F. ) ;
#3174 = DIRECTION ( 'NONE',  ( 2.275560303522150042E-29, -1.000000000000000000, 6.661338147750930565E-15 ) ) ;
#3175 = VERTEX_POINT ( 'NONE', #5826 ) ;
#3176 = DIRECTION ( 'NONE',  ( -8.192362823082309263E-16, -0.8328977975863778305, -0.5534268323597629768 ) ) ;
#3177 = DIRECTION ( 'NONE',  ( 0.000000000000000000, 0.000000000000000000, -1.000000000000000000 ) ) ;
#3178 = PLANE ( 'NONE',  #3822 ) ;
#3179 = CARTESIAN_POINT ( 'NONE',  ( 0.8000000000000000444, -5.000000000000000000, 1.600000000000000089 ) ) ;
#3180 = DIRECTION ( 'NONE',  ( 1.000000000000000000, 0.000000000000000000, 0.000000000000000000 ) ) ;
#3181 = DIRECTION ( 'NONE',  ( 1.000000000000000000, 0.000000000000000000, -1.110223024625160090E-15 ) ) ;
#3182 = VERTEX_POINT ( 'NONE', #2984 ) ;
#3183 = DIRECTION ( 'NONE',  ( 1.178997902256800061E-16, 1.442039371864713254E-32, -1.000000000000000000 ) ) ;
#3184 = LINE ( 'NONE', #1855, #1326 ) ;
#3185 = LINE ( 'NONE', #817, #526 ) ;
#3186 = LINE ( 'NONE', #5627, #2049 ) ;
#3187 = CARTESIAN_POINT ( 'NONE',  ( -0.6500000000000000222, -0.5000000000000000000, -7.663486364669202001E-17 ) ) ;
#3188 = ORIENTED_EDGE ( 'NONE', *, *, #3276, .T. ) ;
#3189 = CARTESIAN_POINT ( 'NONE',  ( 3.350000000000000089, 5.500000000000000000, 4.558407044966680033 ) ) ;
#3190 = LINE ( 'NONE', #1270, #3311 ) ;
#3191 = CARTESIAN_POINT ( 'NONE',  ( -4.999999999999999112, 4.200000000000000178, -6.353403713847660228 ) ) ;
#3192 = ORIENTED_EDGE ( 'NONE', *, *, #1713, .T. ) ;
#3193 = ADVANCED_FACE ( 'NONE', ( #1118 ), #611, .T. ) ;
#3194 = EDGE_CURVE ( 'NONE', #5854, #3661, #4977, .T. ) ;
#3195 = EDGE_CURVE ( 'NONE', #1803, #2465, #2514, .T. ) ;
#3196 = ORIENTED_EDGE ( 'NONE', *, *, #421, .F. ) ;
#3197 = DIRECTION ( 'NONE',  ( 1.000000000000000000, 0.000000000000000000, 0.000000000000000000 ) ) ;
#3198 = EDGE_CURVE ( 'NONE', #4882, #4696, #2550, .T. ) ;
#3199 = ORIENTED_EDGE ( 'NONE', *, *, #1385, .F. ) ;
#3200 = DIRECTION ( 'NONE',  ( -1.000000000000000000, 8.725194088223511045E-33, 0.000000000000000000 ) ) ;
#3201 = LINE ( 'NONE', #834, #64 ) ;
#3202 = CARTESIAN_POINT ( 'NONE',  ( -3.149999999999999911, 2.600000000000000089, 2.600000000000000089 ) ) ;
#3203 = ORIENTED_EDGE ( 'NONE', *, *, #3958, .F. ) ;
#3204 = LINE ( 'NONE', #5000, #11 ) ;
#3205 = ORIENTED_EDGE ( 'NONE', *, *, #145, .T. ) ;
#3206 = DIRECTION ( 'NONE',  ( -1.000000000000000000, 0.000000000000000000, 0.000000000000000000 ) ) ;
#3207 = CARTESIAN_POINT ( 'NONE',  ( 2.350000000000000089, 4.740000000000000213, 0.2999999999999999889 ) ) ;
#3208 = FACE_OUTER_BOUND ( 'NONE', #4335, .T. ) ;
#3209 = DIRECTION ( 'NONE',  ( -1.000000000000000000, 1.517040202348099841E-29, 0.000000000000000000 ) ) ;
#3210 = VECTOR ( 'NONE', #6126, 1000.000000000000114 ) ;
#3211 = ORIENTED_EDGE ( 'NONE', *, *, #4603, .F. ) ;
#3212 = DIRECTION ( 'NONE',  ( 0.000000000000000000, -1.000000000000000000, 0.000000000000000000 ) ) ;
#3213 = CARTESIAN_POINT ( 'NONE',  ( -0.2400000000000000189, 3.000000000000000000, 3.399999999999999911 ) ) ;
#3214 = AXIS2_PLACEMENT_3D ( 'NONE', #325, #2227, #4130 ) ;
#3215 = EDGE_LOOP ( 'NONE', ( #114, #5948, #5643, #630 ) ) ;
#3217 = LINE ( 'NONE', #3250, #1366 ) ;
#3216 =( GEOMETRIC_REPRESENTATION_CONTEXT ( 3 ) GLOBAL_UNCERTAINTY_ASSIGNED_CONTEXT ( ( #3451 ) ) GLOBAL_UNIT_ASSIGNED_CONTEXT ( ( #5962, #3519, #2619 ) ) REPRESENTATION_CONTEXT ( 'NONE', 'WORKASPACE' ) );
#3218 = VECTOR ( 'NONE', #4695, 1000.000000000000000 ) ;
#3219 = CARTESIAN_POINT ( 'NONE',  ( -3.350000000000000089, -1.000000000000000000, 3.558407044966669819 ) ) ;
#3220 = DIRECTION ( 'NONE',  ( -1.000000000000000000, -1.223105969149230677E-16, -7.569702440626069226E-17 ) ) ;
#3221 = VECTOR ( 'NONE', #2647, 1000.000000000000114 ) ;
#3222 = AXIS2_PLACEMENT_3D ( 'NONE', #1318, #3086, #2153 ) ;
#3223 = PLANE ( 'NONE',  #4538 ) ;
#3224 = CARTESIAN_POINT ( 'NONE',  ( -2.949999999999999734, 6.349999999999999645, 1.558407044966670041 ) ) ;
#3225 = ORIENTED_EDGE ( 'NONE', *, *, #1711, .T. ) ;
#3226 = CARTESIAN_POINT ( 'NONE',  ( -3.350000000000000089, -5.400000000000000355, 2.600000000000000089 ) ) ;
#3227 = CARTESIAN_POINT ( 'NONE',  ( 2.949999999999999734, 1.000000000000000000, 3.558407044966669819 ) ) ;
#3228 = AXIS2_PLACEMENT_3D ( 'NONE', #4576, #2200, #398 ) ;
#3229 = DIRECTION ( 'NONE',  ( 5.619493879734870378E-16, 0.000000000000000000, 1.000000000000000000 ) ) ;
#3230 = ORIENTED_EDGE ( 'NONE', *, *, #72, .F. ) ;
#3231 = LINE ( 'NONE', #830, #340 ) ;
#3232 = ORIENTED_EDGE ( 'NONE', *, *, #2284, .T. ) ;
#3233 = CARTESIAN_POINT ( 'NONE',  ( -2.299999999999999822, -5.259999999999999787, 0.5999999999999999778 ) ) ;
#3234 = CARTESIAN_POINT ( 'NONE',  ( 0.6500000000000000222, 0.4000000000000000222, -0.6999999999999999556 ) ) ;
#3235 = EDGE_CURVE ( 'NONE', #95, #5937, #3943, .T. ) ;
#3236 = ORIENTED_EDGE ( 'NONE', *, *, #2209, .F. ) ;
#3237 = LINE ( 'NONE', #5700, #5101 ) ;
#3238 = ORIENTED_EDGE ( 'NONE', *, *, #4305, .T. ) ;
#3239 = FACE_OUTER_BOUND ( 'NONE', #84, .T. ) ;
#3240 = DIRECTION ( 'NONE',  ( 0.000000000000000000, -1.000000000000000000, 0.000000000000000000 ) ) ;
#3241 = DIRECTION ( 'NONE',  ( 0.000000000000000000, 0.000000000000000000, 1.000000000000000000 ) ) ;
#3242 = EDGE_CURVE ( 'NONE', #1493, #1068, #3414, .T. ) ;
#3243 = VECTOR ( 'NONE', #339, 1000.000000000000000 ) ;
#3244 = ADVANCED_FACE ( 'NONE', ( #2958 ), #5856, .F. ) ;
#3245 = ORIENTED_EDGE ( 'NONE', *, *, #3116, .T. ) ;
#3246 = CARTESIAN_POINT ( 'NONE',  ( 2.949999999999999734, 0.000000000000000000, 3.500000000000000000 ) ) ;
#3247 = DIRECTION ( 'NONE',  ( 4.440892098500620245E-16, -0.8000000000000000444, 0.5999999999999999778 ) ) ;
#3248 = VECTOR ( 'NONE', #4157, 1000.000000000000000 ) ;
#3249 = ORIENTED_EDGE ( 'NONE', *, *, #5335, .T. ) ;
#3250 = CARTESIAN_POINT ( 'NONE',  ( -2.949999999999999734, 1.000000000000000000, 1.558407044966670041 ) ) ;
#3251 = DIRECTION ( 'NONE',  ( 1.000000000000000000, 0.000000000000000000, 0.000000000000000000 ) ) ;
#3252 = PLANE ( 'NONE',  #932 ) ;
#3253 = AXIS2_PLACEMENT_3D ( 'NONE', #5019, #5483, #3177 ) ;
#3254 = VERTEX_POINT ( 'NONE', #701 ) ;
#3255 = DIRECTION ( 'NONE',  ( 0.000000000000000000, 1.000000000000000000, 0.000000000000000000 ) ) ;
#3256 = DIRECTION ( 'NONE',  ( 1.000000000000000000, 0.000000000000000000, 0.000000000000000000 ) ) ;
#3257 = ORIENTED_EDGE ( 'NONE', *, *, #1644, .T. ) ;
#3258 = CARTESIAN_POINT ( 'NONE',  ( 0.7278688524590163356, -0.4999999999999997780, -0.6065573770491803351 ) ) ;
#3259 = CARTESIAN_POINT ( 'NONE',  ( 6.870314820692320234E-16, 0.4000000000000000222, -6.349999999999999645 ) ) ;
#3260 = VECTOR ( 'NONE', #2081, 1000.000000000000000 ) ;
#3261 = DIRECTION ( 'NONE',  ( 1.000000000000000000, 0.000000000000000000, -2.775557561562890365E-16 ) ) ;
#3262 = VERTEX_POINT ( 'NONE', #1060 ) ;
#3263 = LINE ( 'NONE', #1337, #1648 ) ;
#3264 = VERTEX_POINT ( 'NONE', #2599 ) ;
#3265 = CARTESIAN_POINT ( 'NONE',  ( 3.350000000000000089, -6.349999999999999645, 6.299999999999999822 ) ) ;
#3266 = LINE ( 'NONE', #1802, #1538 ) ;
#3267 = EDGE_LOOP ( 'NONE', ( #1517, #5861, #2907, #509 ) ) ;
#3268 = LINE ( 'NONE', #5146, #3898 ) ;
#3269 = ORIENTED_EDGE ( 'NONE', *, *, #2134, .F. ) ;
#3270 = CARTESIAN_POINT ( 'NONE',  ( 2.000000000000000000, 3.100000000000000089, 6.400000000000000355 ) ) ;
#3271 =( NAMED_UNIT ( * ) SI_UNIT ( $, .STERADIAN. ) SOLID_ANGLE_UNIT ( ) );
#3272 = LINE ( 'NONE', #4713, #3118 ) ;
#3273 = ORIENTED_EDGE ( 'NONE', *, *, #5349, .T. ) ;
#3274 = LINE ( 'NONE', #5157, #733 ) ;
#3275 = DIRECTION ( 'NONE',  ( -1.000000000000000000, -1.233581138472399909E-16, -1.178997902256800061E-16 ) ) ;
#3276 = EDGE_CURVE ( 'NONE', #1509, #3670, #4862, .T. ) ;
#3277 = EDGE_CURVE ( 'NONE', #1242, #1692, #5009, .T. ) ;
#3278 = ORIENTED_EDGE ( 'NONE', *, *, #1646, .F. ) ;
#3279 = EDGE_CURVE ( 'NONE', #2175, #4171, #4542, .T. ) ;
#3280 = DIRECTION ( 'NONE',  ( -1.000000000000000000, 0.000000000000000000, -5.551115123125780730E-16 ) ) ;
#3281 = EDGE_CURVE ( 'NONE', #1514, #3961, #801, .T. ) ;
#3282 = DIRECTION ( 'NONE',  ( 0.000000000000000000, 0.000000000000000000, 1.000000000000000000 ) ) ;
#3283 = EDGE_CURVE ( 'NONE', #5964, #5439, #1243, .T. ) ;
#3284 = CARTESIAN_POINT ( 'NONE',  ( 3.350000000000000089, -2.600000000000000089, 3.000000000000000000 ) ) ;
#3285 = VERTEX_POINT ( 'NONE', #3171 ) ;
#3286 = CARTESIAN_POINT ( 'NONE',  ( 3.149999999999999911, -5.400000000000000355, 4.500000000000000000 ) ) ;
#3287 = ORIENTED_EDGE ( 'NONE', *, *, #5786, .T. ) ;
#3288 = DIRECTION ( 'NONE',  ( 1.000000000000000000, 0.000000000000000000, -1.586032892321649771E-16 ) ) ;
#3289 = LINE ( 'NONE', #5632, #4310 ) ;
#3290 = FACE_OUTER_BOUND ( 'NONE', #3105, .T. ) ;
#3291 = VERTEX_POINT ( 'NONE', #3233 ) ;
#3292 = VERTEX_POINT ( 'NONE', #5074 ) ;
#3293 = CARTESIAN_POINT ( 'NONE',  ( -2.000000000000000000, 0.2599999999999999534, 0.5999999999999999778 ) ) ;
#3294 = DIRECTION ( 'NONE',  ( 1.000000000000000000, 0.000000000000000000, 0.000000000000000000 ) ) ;
#3295 = DIRECTION ( 'NONE',  ( -1.387778780781449866E-16, 1.000000000000000000, -3.834816260948579498E-34 ) ) ;
#3296 = VERTEX_POINT ( 'NONE', #270 ) ;
#3297 = DIRECTION ( 'NONE',  ( 0.000000000000000000, -1.000000000000000000, 0.000000000000000000 ) ) ;
#3298 = ORIENTED_EDGE ( 'NONE', *, *, #4417, .T. ) ;
#3299 = DIRECTION ( 'NONE',  ( 0.000000000000000000, 0.000000000000000000, 1.000000000000000000 ) ) ;
#3300 = LINE ( 'NONE', #4748, #5351 ) ;
#3301 = DIRECTION ( 'NONE',  ( 2.337311630789800155E-16, 0.000000000000000000, -1.000000000000000000 ) ) ;
#3302 = VERTEX_POINT ( 'NONE', #5047 ) ;
#3303 = CARTESIAN_POINT ( 'NONE',  ( 5.421010862427522170E-16, 0.4000000000000000777, -5.699999999999999289 ) ) ;
#3304 = CARTESIAN_POINT ( 'NONE',  ( 3.350000000000000089, -1.000000000000000000, 1.558407044966670041 ) ) ;
#3305 = EDGE_LOOP ( 'NONE', ( #575, #6038, #1403, #1356 ) ) ;
#3306 = LINE ( 'NONE', #946, #4938 ) ;
#3307 = LINE ( 'NONE', #856, #3316 ) ;
#3308 = EDGE_CURVE ( 'NONE', #2640, #2449, #4640, .T. ) ;
#3309 = ADVANCED_FACE ( 'NONE', ( #2670 ), #397, .T. ) ;
#3310 = AXIS2_PLACEMENT_3D ( 'NONE', #826, #5043, #769 ) ;
#3311 = VECTOR ( 'NONE', #2225, 1000.000000000000000 ) ;
#3312 = PRODUCT_DEFINITION_SHAPE ( 'NONE', 'NONE',  #2127 ) ;
#3313 = LINE ( 'NONE', #3754, #5007 ) ;
#3314 = ORIENTED_EDGE ( 'NONE', *, *, #3987, .F. ) ;
#3315 = CARTESIAN_POINT ( 'NONE',  ( 0.9000000000000002442, -0.4999999999999997780, -0.3999999999999998557 ) ) ;
#3316 = VECTOR ( 'NONE', #3220, 1000.000000000000000 ) ;
#3317 = AXIS2_PLACEMENT_3D ( 'NONE', #4686, #2277, #4081 ) ;
#3318 = FACE_OUTER_BOUND ( 'NONE', #1364, .T. ) ;
#3319 = ADVANCED_FACE ( 'NONE', ( #4574 ), #5574, .F. ) ;
#3320 = EDGE_CURVE ( 'NONE', #4231, #763, #2771, .T. ) ;
#3321 = ORIENTED_EDGE ( 'NONE', *, *, #2405, .T. ) ;
#3322 = CARTESIAN_POINT ( 'NONE',  ( 0.6500000000000000222, 0.4000000000000000222, -6.349999999999999645 ) ) ;
#3323 = CARTESIAN_POINT ( 'NONE',  ( 3.350000000000000089, 5.400000000000000355, 3.000000000000000000 ) ) ;
#3324 = LINE ( 'NONE', #4358, #5619 ) ;
#3325 = AXIS2_PLACEMENT_3D ( 'NONE', #1621, #5860, #1592 ) ;
#3326 = ORIENTED_EDGE ( 'NONE', *, *, #3281, .T. ) ;
#3327 = PLANE ( 'NONE',  #2710 ) ;
#3328 = ORIENTED_EDGE ( 'NONE', *, *, #3455, .F. ) ;
#3329 = CARTESIAN_POINT ( 'NONE',  ( -3.350000000000000089, 2.600000000000000089, 3.000000000000000000 ) ) ;
#3330 = AXIS2_PLACEMENT_3D ( 'NONE', #5852, #1583, #1464 ) ;
#3331 = CARTESIAN_POINT ( 'NONE',  ( -3.350000000000000089, 5.400000000000000355, 3.000000000000000000 ) ) ;
#3332 = ORIENTED_EDGE ( 'NONE', *, *, #145, .F. ) ;
#3333 = CARTESIAN_POINT ( 'NONE',  ( -3.350000000000000089, -5.400000000000000355, 3.000000000000000000 ) ) ;
#3334 = FACE_OUTER_BOUND ( 'NONE', #1084, .T. ) ;
#3335 = ORIENTED_EDGE ( 'NONE', *, *, #5377, .T. ) ;
#3336 = DIRECTION ( 'NONE',  ( 0.000000000000000000, 1.000000000000000000, 0.000000000000000000 ) ) ;
#3337 = DIRECTION ( 'NONE',  ( 0.000000000000000000, 0.000000000000000000, 1.000000000000000000 ) ) ;
#3338 = AXIS2_PLACEMENT_3D ( 'NONE', #3543, #5458, #1190 ) ;
#3339 = FACE_OUTER_BOUND ( 'NONE', #2130, .T. ) ;
#3340 = EDGE_LOOP ( 'NONE', ( #4286, #4347, #2503, #4443 ) ) ;
#3341 = VECTOR ( 'NONE', #56, 1000.000000000000000 ) ;
#3342 = AXIS2_PLACEMENT_3D ( 'NONE', #2992, #1623, #2113 ) ;
#3343 = DIRECTION ( 'NONE',  ( 7.930164461608259947E-17, 0.000000000000000000, 1.000000000000000000 ) ) ;
#3344 = EDGE_LOOP ( 'NONE', ( #469, #2628, #5871, #2232 ) ) ;
#3345 = ADVANCED_FACE ( 'NONE', ( #4097 ), #6006, .T. ) ;
#3346 = COLOUR_RGB ( '',0.7921568627450980005, 0.8196078431372548767, 0.9333333333333333481 ) ;
#3347 = CARTESIAN_POINT ( 'NONE',  ( -2.949999999999999734, -2.500000000000000000, 2.558407044966669819 ) ) ;
#3348 = ORIENTED_EDGE ( 'NONE', *, *, #271, .F. ) ;
#3349 = VECTOR ( 'NONE', #2485, 1000.000000000000000 ) ;
#3350 = EDGE_LOOP ( 'NONE', ( #1694, #4105, #2432, #2038 ) ) ;
#3351 = FACE_OUTER_BOUND ( 'NONE', #4783, .T. ) ;
#3352 = EDGE_CURVE ( 'NONE', #1615, #3677, #2172, .T. ) ;
#3353 = ADVANCED_FACE ( 'NONE', ( #4136 ), #3560, .T. ) ;
#3354 = ADVANCED_FACE ( 'NONE', ( #5508 ), #6044, .T. ) ;
#3355 = EDGE_CURVE ( 'NONE', #2753, #1769, #2734, .T. ) ;
#3356 = LINE ( 'NONE', #1584, #5001 ) ;
#3357 = VERTEX_POINT ( 'NONE', #3693 ) ;
#3358 = EDGE_LOOP ( 'NONE', ( #800, #6136, #3140, #6184 ) ) ;
#3359 = DIRECTION ( 'NONE',  ( 0.7682212795973758501, 9.476632806844507531E-17, -0.6401843996644798196 ) ) ;
#3360 = PLANE ( 'NONE',  #5648 ) ;
#3361 = PLANE ( 'NONE',  #4916 ) ;
#3362 = VERTEX_POINT ( 'NONE', #1340 ) ;
#3363 = CARTESIAN_POINT ( 'NONE',  ( -2.850000000000000089, -6.349999999999999645, 6.299999999999999822 ) ) ;
#3364 = DIRECTION ( 'NONE',  ( 1.000000000000000000, 0.000000000000000000, 0.000000000000000000 ) ) ;
#3365 = CARTESIAN_POINT ( 'NONE',  ( 2.350000000000000089, 5.259999999999999787, 0.5999999999999999778 ) ) ;
#3366 = ORIENTED_EDGE ( 'NONE', *, *, #5910, .F. ) ;
#3367 = LINE ( 'NONE', #1504, #649 ) ;
#3368 = CARTESIAN_POINT ( 'NONE',  ( -4.999999999999999112, -4.300000000000000711, -5.700000000000000178 ) ) ;
#3369 = DIRECTION ( 'NONE',  ( -1.600321476937160040E-16, 1.000000000000000000, 0.000000000000000000 ) ) ;
#3370 = ORIENTED_EDGE ( 'NONE', *, *, #1140, .F. ) ;
#3371 = PLANE ( 'NONE',  #2016 ) ;
#3372 = ORIENTED_EDGE ( 'NONE', *, *, #713, .F. ) ;
#3373 = LINE ( 'NONE', #2411, #2539 ) ;
#3374 = ORIENTED_EDGE ( 'NONE', *, *, #4461, .T. ) ;
#3375 = EDGE_LOOP ( 'NONE', ( #1989, #2497, #3751, #4823 ) ) ;
#3376 = ORIENTED_EDGE ( 'NONE', *, *, #5296, .T. ) ;
#3377 = DIRECTION ( 'NONE',  ( 1.000000000000000000, -1.432545838226009632E-16, 0.000000000000000000 ) ) ;
#3378 = LINE ( 'NONE', #1434, #1021 ) ;
#3379 = EDGE_CURVE ( 'NONE', #2978, #2043, #5141, .T. ) ;
#3380 = EDGE_CURVE ( 'NONE', #122, #5515, #1677, .T. ) ;
#3381 = ADVANCED_FACE ( 'NONE', ( #1378, #1837, #3729 ), #4706, .T. ) ;
#3382 = EDGE_CURVE ( 'NONE', #4323, #2923, #1406, .T. ) ;
#3383 = ORIENTED_EDGE ( 'NONE', *, *, #423, .F. ) ;
#3384 = FACE_OUTER_BOUND ( 'NONE', #5879, .T. ) ;
#3385 = ORIENTED_EDGE ( 'NONE', *, *, #460, .T. ) ;
#3386 = LINE ( 'NONE', #5291, #2755 ) ;
#3387 = CARTESIAN_POINT ( 'NONE',  ( 0.9000000000000000222, 0.4000000000000000222, -0.4000000000000000222 ) ) ;
#3388 = EDGE_CURVE ( 'NONE', #134, #1640, #5639, .T. ) ;
#3389 = ORIENTED_EDGE ( 'NONE', *, *, #144, .F. ) ;
#3390 = DIRECTION ( 'NONE',  ( 0.000000000000000000, -6.661338147750930565E-15, -1.000000000000000000 ) ) ;
#3391 = DIRECTION ( 'NONE',  ( -1.000000000000000000, 1.558207753859869728E-16, 0.000000000000000000 ) ) ;
#3392 = DIRECTION ( 'NONE',  ( 0.000000000000000000, 8.435946604435249315E-17, -1.000000000000000000 ) ) ;
#3393 = ORIENTED_EDGE ( 'NONE', *, *, #725, .T. ) ;
#3394 = FACE_OUTER_BOUND ( 'NONE', #3957, .T. ) ;
#3395 = DIRECTION ( 'NONE',  ( -1.000000000000000000, 0.000000000000000000, 0.000000000000000000 ) ) ;
#3396 = DIRECTION ( 'NONE',  ( 0.000000000000000000, -1.000000000000000000, -1.131437477325000045E-16 ) ) ;
#3397 = CARTESIAN_POINT ( 'NONE',  ( 2.350000000000000089, 5.549999999999999822, 0.000000000000000000 ) ) ;
#3398 = VERTEX_POINT ( 'NONE', #429 ) ;
#3399 = FACE_OUTER_BOUND ( 'NONE', #4180, .T. ) ;
#3400 = EDGE_LOOP ( 'NONE', ( #3549, #2029, #5165, #2428, #283, #5638, #2327, #1452, #2408, #5922, #1876, #5645, #3236, #4500, #2101, #2880 ) ) ;
#3401 = VECTOR ( 'NONE', #3075, 1000.000000000000000 ) ;
#3402 = AXIS2_PLACEMENT_3D ( 'NONE', #5240, #6177, #1348 ) ;
#3403 = ORIENTED_EDGE ( 'NONE', *, *, #4919, .T. ) ;
#3404 = ORIENTED_EDGE ( 'NONE', *, *, #3880, .F. ) ;
#3405 = CARTESIAN_POINT ( 'NONE',  ( -2.500000000000000000, -5.500000000000000000, 1.199999999999999956 ) ) ;
#3406 = VECTOR ( 'NONE', #4791, 1000.000000000000000 ) ;
#3407 = VECTOR ( 'NONE', #786, 1000.000000000000000 ) ;
#3408 = VECTOR ( 'NONE', #1267, 1000.000000000000000 ) ;
#3409 = DIRECTION ( 'NONE',  ( 1.130863886742578051E-15, -1.000000000000000000, -6.661338147750940820E-15 ) ) ;
#3410 = VECTOR ( 'NONE', #1778, 1000.000000000000000 ) ;
#3411 = AXIS2_PLACEMENT_3D ( 'NONE', #2399, #3746, #2430 ) ;
#3412 = VERTEX_POINT ( 'NONE', #3789 ) ;
#3413 = ORIENTED_EDGE ( 'NONE', *, *, #1827, .F. ) ;
#3414 = LINE ( 'NONE', #2106, #6041 ) ;
#3415 = EDGE_CURVE ( 'NONE', #443, #5757, #2333, .T. ) ;
#3416 = CARTESIAN_POINT ( 'NONE',  ( 2.000000000000000000, 0.4000000000000000222, 0.2000000000000000111 ) ) ;
#3417 = AXIS2_PLACEMENT_3D ( 'NONE', #5576, #931, #2737 ) ;
#3418 = LINE ( 'NONE', #5328, #2829 ) ;
#3419 = ORIENTED_EDGE ( 'NONE', *, *, #3457, .F. ) ;
#3420 = CARTESIAN_POINT ( 'NONE',  ( -2.000000000000000000, 5.100000000000000533, 0.5999999999999999778 ) ) ;
#3421 = DIRECTION ( 'NONE',  ( 0.000000000000000000, 5.551115123125779621E-17, -1.000000000000000000 ) ) ;
#3422 = CARTESIAN_POINT ( 'NONE',  ( 1.949999999999999956, 0.9499999999999999556, 11.50000000000000000 ) ) ;
#3423 = EDGE_LOOP ( 'NONE', ( #3814, #2695, #486, #663 ) ) ;
#3424 = DIRECTION ( 'NONE',  ( 0.9912279006826346661, 0.000000000000000000, 0.1321637200910179555 ) ) ;
#3425 = ADVANCED_FACE ( 'NONE', ( #899 ), #4235, .T. ) ;
#3426 = EDGE_CURVE ( 'NONE', #813, #2753, #5203, .T. ) ;
#3427 = CARTESIAN_POINT ( 'NONE',  ( -0.8999999999999999112, -0.5000000000000000000, 0.000000000000000000 ) ) ;
#3428 = CIRCLE ( 'NONE', #549, 0.6500000000000003553 ) ;
#3429 = PLANE ( 'NONE',  #2814 ) ;
#3430 = EDGE_LOOP ( 'NONE', ( #5155, #5385, #1312, #223 ) ) ;
#3431 = LINE ( 'NONE', #989, #351 ) ;
#3432 = ORIENTED_EDGE ( 'NONE', *, *, #2548, .F. ) ;
#3433 = VECTOR ( 'NONE', #746, 1000.000000000000000 ) ;
#3434 = CARTESIAN_POINT ( 'NONE',  ( -4.999999999999999112, -0.5000000000000005551, -7.000000000000000000 ) ) ;
#3435 = ORIENTED_EDGE ( 'NONE', *, *, #5032, .T. ) ;
#3436 = EDGE_LOOP ( 'NONE', ( #728, #211, #4168, #3601 ) ) ;
#3437 = LINE ( 'NONE', #3405, #1355 ) ;
#3438 = VECTOR ( 'NONE', #1231, 1000.000000000000000 ) ;
#3439 = AXIS2_PLACEMENT_3D ( 'NONE', #6151, #4776, #4799 ) ;
#3440 = DIRECTION ( 'NONE',  ( -4.440892098500620245E-16, 4.440892098500620245E-16, 1.000000000000000000 ) ) ;
#3441 = ORIENTED_EDGE ( 'NONE', *, *, #6064, .T. ) ;
#3442 = ORIENTED_EDGE ( 'NONE', *, *, #1396, .T. ) ;
#3443 = CARTESIAN_POINT ( 'NONE',  ( -0.6500000000000000222, 5.100000000000000533, -0.6999999999999999556 ) ) ;
#3444 = DIRECTION ( 'NONE',  ( 0.000000000000000000, 0.000000000000000000, -1.000000000000000000 ) ) ;
#3445 = VERTEX_POINT ( 'NONE', #3323 ) ;
#3446 = CARTESIAN_POINT ( 'NONE',  ( -2.850000000000000089, 6.349999999999999645, 6.799999999999999822 ) ) ;
#3447 = CARTESIAN_POINT ( 'NONE',  ( 2.850000000000000089, 6.349999999999999645, 6.400000000000000355 ) ) ;
#3448 = CARTESIAN_POINT ( 'NONE',  ( 2.000000000000000000, -0.2599999999999999534, 0.5999999999999999778 ) ) ;
#3449 = ORIENTED_EDGE ( 'NONE', *, *, #1607, .T. ) ;
#3450 = CARTESIAN_POINT ( 'NONE',  ( 2.350000000000000089, -0.2599999999999999534, 0.5999999999999999778 ) ) ;
#3451 = UNCERTAINTY_MEASURE_WITH_UNIT (LENGTH_MEASURE( 1.000000000000000082E-05 ), #5962, 'distance_accuracy_value', 'NONE');
#3452 = DIRECTION ( 'NONE',  ( -1.223105969149230677E-16, 1.000000000000000000, 0.000000000000000000 ) ) ;
#3453 = CARTESIAN_POINT ( 'NONE',  ( 0.2400000000000000189, 2.850000000000000089, 3.000000000000000000 ) ) ;
#3454 = CARTESIAN_POINT ( 'NONE',  ( -0.9000000000000000222, -4.299999999999999822, -0.4000000000000000222 ) ) ;
#3455 = EDGE_CURVE ( 'NONE', #2110, #4796, #5237, .T. ) ;
#3456 = EDGE_CURVE ( 'NONE', #4859, #1016, #489, .T. ) ;
#3457 = EDGE_CURVE ( 'NONE', #4792, #4435, #4292, .T. ) ;
#3458 = EDGE_CURVE ( 'NONE', #5180, #2640, #462, .T. ) ;
#3459 = DIRECTION ( 'NONE',  ( 1.000000000000000000, 0.000000000000000000, 0.000000000000000000 ) ) ;
#3460 = ORIENTED_EDGE ( 'NONE', *, *, #1828, .T. ) ;
#3461 = FACE_OUTER_BOUND ( 'NONE', #2469, .T. ) ;
#3462 = ORIENTED_EDGE ( 'NONE', *, *, #1608, .T. ) ;
#3463 = DIRECTION ( 'NONE',  ( 1.224646799147350002E-16, -1.000000000000000000, 0.000000000000000000 ) ) ;
#3464 = ORIENTED_EDGE ( 'NONE', *, *, #4569, .F. ) ;
#3465 = ORIENTED_EDGE ( 'NONE', *, *, #2944, .F. ) ;
#3466 = LINE ( 'NONE', #5820, #5028 ) ;
#3467 = CARTESIAN_POINT ( 'NONE',  ( -1.949999999999999956, -2.200000000000000178, 11.50000000000000000 ) ) ;
#3468 = ORIENTED_EDGE ( 'NONE', *, *, #5899, .F. ) ;
#3469 = ORIENTED_EDGE ( 'NONE', *, *, #3780, .T. ) ;
#3470 = CARTESIAN_POINT ( 'NONE',  ( -2.850000000000000089, 6.349999999999999645, 6.299999999999999822 ) ) ;
#3471 = FACE_OUTER_BOUND ( 'NONE', #458, .T. ) ;
#3472 = LINE ( 'NONE', #4003, #2912 ) ;
#3473 = ORIENTED_EDGE ( 'NONE', *, *, #836, .F. ) ;
#3474 = CARTESIAN_POINT ( 'NONE',  ( 1.949999999999999956, -2.949999999999999734, 5.500000000000000000 ) ) ;
#3475 = CARTESIAN_POINT ( 'NONE',  ( 3.350000000000000089, 6.349999999999999645, 6.299999999999999822 ) ) ;
#3476 = ORIENTED_EDGE ( 'NONE', *, *, #5337, .T. ) ;
#3477 = LINE ( 'NONE', #5481, #4843 ) ;
#3478 = LINE ( 'NONE', #3027, #4605 ) ;
#3479 = LINE ( 'NONE', #4397, #227 ) ;
#3480 = DIRECTION ( 'NONE',  ( -2.337311630789800155E-16, 0.000000000000000000, 1.000000000000000000 ) ) ;
#3481 = EDGE_LOOP ( 'NONE', ( #5830, #2263, #4762, #3476 ) ) ;
#3482 = DIRECTION ( 'NONE',  ( 0.000000000000000000, -1.000000000000000000, -2.261241645955699995E-16 ) ) ;
#3483 = VERTEX_POINT ( 'NONE', #1870 ) ;
#3484 = CARTESIAN_POINT ( 'NONE',  ( -3.350000000000000089, -2.600000000000000089, 3.000000000000000000 ) ) ;
#3485 = EDGE_LOOP ( 'NONE', ( #704, #4084, #4306, #2616 ) ) ;
#3486 = ADVANCED_FACE ( 'NONE', ( #2832 ), #2361, .T. ) ;
#3487 = EDGE_CURVE ( 'NONE', #5937, #2666, #4301, .T. ) ;
#3488 = AXIS2_PLACEMENT_3D ( 'NONE', #3947, #5859, #5390 ) ;
#3489 = DIRECTION ( 'NONE',  ( -1.000000000000000000, -7.575977277401470205E-32, 0.000000000000000000 ) ) ;
#3490 = ORIENTED_EDGE ( 'NONE', *, *, #884, .F. ) ;
#3491 = CARTESIAN_POINT ( 'NONE',  ( 2.949999999999999734, 6.349999999999999645, 0.000000000000000000 ) ) ;
#3492 = ADVANCED_FACE ( 'NONE', ( #4628, #4086 ), #3223, .T. ) ;
#3493 = VECTOR ( 'NONE', #2338, 1000.000000000000000 ) ;
#3494 = EDGE_CURVE ( 'NONE', #4659, #5359, #502, .T. ) ;
#3495 = CARTESIAN_POINT ( 'NONE',  ( 1.949999999999999956, -5.000000000000000000, 5.500000000000000000 ) ) ;
#3496 = VERTEX_POINT ( 'NONE', #1365 ) ;
#3497 = AXIS2_PLACEMENT_3D ( 'NONE', #5, #1921, #990 ) ;
#3498 = VECTOR ( 'NONE', #4077, 1000.000000000000000 ) ;
#3499 = VECTOR ( 'NONE', #1200, 1000.000000000000000 ) ;
#3500 = ORIENTED_EDGE ( 'NONE', *, *, #1882, .F. ) ;
#3501 = FACE_OUTER_BOUND ( 'NONE', #3981, .T. ) ;
#3502 = LINE ( 'NONE', #4543, #2158 ) ;
#3503 = CARTESIAN_POINT ( 'NONE',  ( 2.500000000000000000, 5.500000000000000000, 1.199999999999999956 ) ) ;
#3504 = VECTOR ( 'NONE', #2305, 1000.000000000000000 ) ;
#3505 = VECTOR ( 'NONE', #112, 1000.000000000000000 ) ;
#3506 = ORIENTED_EDGE ( 'NONE', *, *, #1651, .T. ) ;
#3507 = LINE ( 'NONE', #3077, #6105 ) ;
#3508 = LINE ( 'NONE', #798, #5323 ) ;
#3509 = ORIENTED_EDGE ( 'NONE', *, *, #5828, .F. ) ;
#3511 = PLANE ( 'NONE',  #2542 ) ;
#3510 = VECTOR ( 'NONE', #3017, 1000.000000000000000 ) ;
#3512 = ORIENTED_EDGE ( 'NONE', *, *, #3458, .F. ) ;
#3513 = DIRECTION ( 'NONE',  ( -1.000000000000000000, -8.340016711426952823E-17, 0.000000000000000000 ) ) ;
#3514 = CARTESIAN_POINT ( 'NONE',  ( -1.949999999999999956, -0.2000000000000000111, 11.79999999999999893 ) ) ;
#3515 = DIRECTION ( 'NONE',  ( -0.000000000000000000, 1.000000000000000000, 0.000000000000000000 ) ) ;
#3516 = EDGE_LOOP ( 'NONE', ( #331, #804, #950, #879 ) ) ;
#3517 = ORIENTED_EDGE ( 'NONE', *, *, #4062, .F. ) ;
#3518 = VECTOR ( 'NONE', #6137, 1000.000000000000000 ) ;
#3519 =( NAMED_UNIT ( * ) PLANE_ANGLE_UNIT ( ) SI_UNIT ( $, .RADIAN. ) );
#3520 = VECTOR ( 'NONE', #822, 1000.000000000000000 ) ;
#3521 = LINE ( 'NONE', #2005, #4355 ) ;
#3522 = ORIENTED_EDGE ( 'NONE', *, *, #31, .T. ) ;
#3523 = EDGE_CURVE ( 'NONE', #2536, #671, #5166, .T. ) ;
#3524 = ORIENTED_EDGE ( 'NONE', *, *, #31, .F. ) ;
#3525 = DIRECTION ( 'NONE',  ( 1.224646799147350002E-16, -1.000000000000000000, 0.000000000000000000 ) ) ;
#3526 = VECTOR ( 'NONE', #2149, 1000.000000000000000 ) ;
#3527 = CARTESIAN_POINT ( 'NONE',  ( 2.350000000000000089, -5.259999999999999787, 0.2999999999999999889 ) ) ;
#3528 = VERTEX_POINT ( 'NONE', #760 ) ;
#3529 = EDGE_CURVE ( 'NONE', #2175, #3542, #5992, .T. ) ;
#3530 = EDGE_CURVE ( 'NONE', #4037, #2124, #3186, .T. ) ;
#3531 = EDGE_CURVE ( 'NONE', #165, #5120, #2761, .T. ) ;
#3532 = VECTOR ( 'NONE', #198, 1000.000000000000000 ) ;
#3533 = EDGE_CURVE ( 'NONE', #2866, #5769, #1816, .T. ) ;
#3534 = ADVANCED_FACE ( 'NONE', ( #4666 ), #1725, .T. ) ;
#3535 = ORIENTED_EDGE ( 'NONE', *, *, #4993, .T. ) ;
#3536 = DIRECTION ( 'NONE',  ( -1.000000000000000000, 0.000000000000000000, -1.110223024625160090E-15 ) ) ;
#3537 = DIRECTION ( 'NONE',  ( -1.000000000000000000, 0.000000000000000000, 0.000000000000000000 ) ) ;
#3538 = VECTOR ( 'NONE', #4777, 1000.000000000000000 ) ;
#3539 = VECTOR ( 'NONE', #5949, 1000.000000000000114 ) ;
#3540 = ORIENTED_EDGE ( 'NONE', *, *, #5163, .F. ) ;
#3541 = DIRECTION ( 'NONE',  ( 1.000000000000000000, -4.379057701015065015E-47, 6.049014748177260544E-16 ) ) ;
#3542 = VERTEX_POINT ( 'NONE', #3681 ) ;
#3543 = CARTESIAN_POINT ( 'NONE',  ( 0.9000000000000000222, -4.299999999999999822, -0.4000000000000000222 ) ) ;
#3544 = EDGE_LOOP ( 'NONE', ( #5896, #3843, #1690, #1622 ) ) ;
#3545 = CARTESIAN_POINT ( 'NONE',  ( -2.949999999999999734, -6.349999999999999645, 0.000000000000000000 ) ) ;
#3546 = DIRECTION ( 'NONE',  ( -1.224646799147349756E-16, 1.000000000000000000, 0.000000000000000000 ) ) ;
#3547 = DIRECTION ( 'NONE',  ( 1.000000000000000000, 0.000000000000000000, 0.000000000000000000 ) ) ;
#3548 = ORIENTED_EDGE ( 'NONE', *, *, #72, .T. ) ;
#3549 = ORIENTED_EDGE ( 'NONE', *, *, #1984, .F. ) ;
#3550 = LINE ( 'NONE', #2125, #3407 ) ;
#3551 = CARTESIAN_POINT ( 'NONE',  ( -2.949999999999999734, 2.500000000000000000, 2.558407044966669819 ) ) ;
#3552 = ORIENTED_EDGE ( 'NONE', *, *, #1564, .F. ) ;
#3553 = ORIENTED_EDGE ( 'NONE', *, *, #2502, .T. ) ;
#3554 = FACE_OUTER_BOUND ( 'NONE', #1567, .T. ) ;
#3555 = DIRECTION ( 'NONE',  ( 1.000000000000000000, 0.000000000000000000, 0.000000000000000000 ) ) ;
#3556 = DIRECTION ( 'NONE',  ( -1.000000000000000000, 0.000000000000000000, 9.251858538542969855E-16 ) ) ;
#3557 = ORIENTED_EDGE ( 'NONE', *, *, #1297, .F. ) ;
#3558 = CARTESIAN_POINT ( 'NONE',  ( 7.339214706055725584E-16, 0.4000000000000000222, -6.999999999999999112 ) ) ;
#3559 = ORIENTED_EDGE ( 'NONE', *, *, #3382, .F. ) ;
#3560 = PLANE ( 'NONE',  #2649 ) ;
#3561 = LINE ( 'NONE', #4098, #5355 ) ;
#3562 = DIRECTION ( 'NONE',  ( 0.000000000000000000, -1.000000000000000000, -2.960594732333750117E-16 ) ) ;
#3563 = EDGE_CURVE ( 'NONE', #4467, #2386, #19, .T. ) ;
#3564 = EDGE_CURVE ( 'NONE', #2889, #3285, #5129, .T. ) ;
#3565 = EDGE_CURVE ( 'NONE', #6178, #4524, #857, .T. ) ;
#3566 = EDGE_CURVE ( 'NONE', #2465, #1582, #2398, .T. ) ;
#3567 = ORIENTED_EDGE ( 'NONE', *, *, #2363, .F. ) ;
#3568 = DIRECTION ( 'NONE',  ( 1.224646799147350002E-16, -1.000000000000000000, 0.000000000000000000 ) ) ;
#3569 = ORIENTED_EDGE ( 'NONE', *, *, #4229, .F. ) ;
#3570 = PLANE ( 'NONE',  #2447 ) ;
#3571 = FILL_AREA_STYLE_COLOUR ( '', #1271 ) ;
#3572 = DIRECTION ( 'NONE',  ( -0.6401843996644798196, -6.593796720722880852E-17, -0.7682212795973758501 ) ) ;
#3573 = EDGE_CURVE ( 'NONE', #4529, #4173, #2872, .T. ) ;
#3574 = DIRECTION ( 'NONE',  ( -0.000000000000000000, 1.000000000000000000, 0.000000000000000000 ) ) ;
#3575 = EDGE_CURVE ( 'NONE', #4529, #988, #2188, .T. ) ;
#3576 = DIRECTION ( 'NONE',  ( 1.000000000000000000, 0.000000000000000000, -2.220446049250310320E-15 ) ) ;
#3577 = ORIENTED_EDGE ( 'NONE', *, *, #2282, .T. ) ;
#3578 = FACE_OUTER_BOUND ( 'NONE', #5087, .T. ) ;
#3579 = ORIENTED_EDGE ( 'NONE', *, *, #2894, .T. ) ;
#3580 = CARTESIAN_POINT ( 'NONE',  ( 3.149999999999999911, -2.600000000000000089, 2.600000000000000089 ) ) ;
#3581 = PRODUCT_DEFINITION_CONTEXT ( 'detailed design', #3852, 'design' ) ;
#3582 = LINE ( 'NONE', #5494, #1465 ) ;
#3583 = DIRECTION ( 'NONE',  ( 1.000000000000000000, 0.000000000000000000, 0.000000000000000000 ) ) ;
#3584 = ORIENTED_EDGE ( 'NONE', *, *, #459, .F. ) ;
#3585 = EDGE_LOOP ( 'NONE', ( #806, #815, #3569, #632 ) ) ;
#3586 = PLANE ( 'NONE',  #3730 ) ;
#3587 = FACE_OUTER_BOUND ( 'NONE', #5356, .T. ) ;
#3588 = LINE ( 'NONE', #3096, #2114 ) ;
#3589 = VERTEX_POINT ( 'NONE', #2286 ) ;
#3590 = CARTESIAN_POINT ( 'NONE',  ( -0.6500000000000000222, -4.299999999999999822, -0.6999999999999999556 ) ) ;
#3591 = ORIENTED_EDGE ( 'NONE', *, *, #5530, .F. ) ;
#3592 = DIRECTION ( 'NONE',  ( -0.000000000000000000, 1.000000000000000000, 0.000000000000000000 ) ) ;
#3593 = PLANE ( 'NONE',  #1966 ) ;
#3594 = CARTESIAN_POINT ( 'NONE',  ( -2.949999999999999734, -0.8000000000000000444, 3.500000000000000000 ) ) ;
#3595 = VECTOR ( 'NONE', #6035, 1000.000000000000000 ) ;
#3596 = VECTOR ( 'NONE', #2223, 1000.000000000000000 ) ;
#3597 = ORIENTED_EDGE ( 'NONE', *, *, #5754, .F. ) ;
#3598 = PLANE ( 'NONE',  #2316 ) ;
#3599 = EDGE_CURVE ( 'NONE', #1582, #1210, #2256, .T. ) ;
#3600 = EDGE_CURVE ( 'NONE', #393, #1749, #3582, .T. ) ;
#3601 = ORIENTED_EDGE ( 'NONE', *, *, #146, .T. ) ;
#3602 = FACE_OUTER_BOUND ( 'NONE', #3975, .T. ) ;
#3603 = DIRECTION ( 'NONE',  ( 0.000000000000000000, 1.000000000000000000, 2.960594732333750117E-16 ) ) ;
#3604 = AXIS2_PLACEMENT_3D ( 'NONE', #5588, #2378, #4217 ) ;
#3605 = CIRCLE ( 'NONE', #5512, 0.6500000000000003553 ) ;
#3606 = CARTESIAN_POINT ( 'NONE',  ( 2.949999999999999734, 6.349999999999999645, 1.558407044966680033 ) ) ;
#3607 = DIRECTION ( 'NONE',  ( 0.000000000000000000, 1.398706172756099997E-16, -1.000000000000000000 ) ) ;
#3608 = AXIS2_PLACEMENT_3D ( 'NONE', #2495, #3926, #5279 ) ;
#3609 = CARTESIAN_POINT ( 'NONE',  ( 2.949999999999999734, -2.500000000000000000, 2.558407044966669819 ) ) ;
#3610 = DIRECTION ( 'NONE',  ( -8.881784197001250351E-16, 0.000000000000000000, -1.000000000000000000 ) ) ;
#3611 = EDGE_LOOP ( 'NONE', ( #5140, #3332, #3132, #202 ) ) ;
#3612 = EDGE_CURVE ( 'NONE', #1214, #1658, #2685, .T. ) ;
#3613 = CARTESIAN_POINT ( 'NONE',  ( -3.350000000000000089, -2.600000000000000089, 3.000000000000000000 ) ) ;
#3614 = EDGE_CURVE ( 'NONE', #1752, #5201, #2429, .T. ) ;
#3615 = EDGE_CURVE ( 'NONE', #5052, #1242, #2930, .T. ) ;
#3616 = ORIENTED_EDGE ( 'NONE', *, *, #2365, .T. ) ;
#3617 = EDGE_CURVE ( 'NONE', #5965, #5201, #4847, .T. ) ;
#3618 = DIRECTION ( 'NONE',  ( 1.000000000000000000, 0.000000000000000000, 0.000000000000000000 ) ) ;
#3619 = DIRECTION ( 'NONE',  ( 1.000000000000000000, 0.000000000000000000, 0.000000000000000000 ) ) ;
#3620 = LINE ( 'NONE', #5590, #3408 ) ;
#3621 = ORIENTED_EDGE ( 'NONE', *, *, #533, .T. ) ;
#3622 = FACE_OUTER_BOUND ( 'NONE', #4648, .T. ) ;
#3623 = VECTOR ( 'NONE', #4197, 1000.000000000000000 ) ;
#3624 = DIRECTION ( 'NONE',  ( 1.432545838226009632E-16, 1.000000000000000000, 0.000000000000000000 ) ) ;
#3625 = LINE ( 'NONE', #3136, #5997 ) ;
#3626 = AXIS2_PLACEMENT_3D ( 'NONE', #764, #1269, #257 ) ;
#3627 = ORIENTED_EDGE ( 'NONE', *, *, #221, .T. ) ;
#3628 = VERTEX_POINT ( 'NONE', #587 ) ;
#3629 = LINE ( 'NONE', #1124, #6128 ) ;
#3630 = ORIENTED_EDGE ( 'NONE', *, *, #4423, .T. ) ;
#3631 = CARTESIAN_POINT ( 'NONE',  ( -1.949999999999999956, -5.000000000000000000, 1.600000000000000089 ) ) ;
#3632 =( GEOMETRIC_REPRESENTATION_CONTEXT ( 3 ) GLOBAL_UNCERTAINTY_ASSIGNED_CONTEXT ( ( #5836 ) ) GLOBAL_UNIT_ASSIGNED_CONTEXT ( ( #284, #1664, #2155 ) ) REPRESENTATION_CONTEXT ( 'NONE', 'WORKASPACE' ) );
#3633 = CARTESIAN_POINT ( 'NONE',  ( 2.000000000000000000, 5.100000000000000533, 0.2000000000000000111 ) ) ;
#3634 = VECTOR ( 'NONE', #2388, 1000.000000000000000 ) ;
#3635 = AXIS2_PLACEMENT_3D ( 'NONE', #5802, #1888, #1534 ) ;
#3636 = ORIENTED_EDGE ( 'NONE', *, *, #377, .T. ) ;
#3637 = FACE_OUTER_BOUND ( 'NONE', #3990, .T. ) ;
#3638 = ORIENTED_EDGE ( 'NONE', *, *, #5107, .F. ) ;
#3639 = CARTESIAN_POINT ( 'NONE',  ( 3.350000000000000089, 2.600000000000000089, 3.000000000000000000 ) ) ;
#3640 = PLANE ( 'NONE',  #3253 ) ;
#3641 = VECTOR ( 'NONE', #3603, 1000.000000000000000 ) ;
#3642 = VECTOR ( 'NONE', #4387, 1000.000000000000000 ) ;
#3643 = DIRECTION ( 'NONE',  ( -1.000000000000000000, 0.000000000000000000, 1.138690281666829832E-16 ) ) ;
#3644 = DIRECTION ( 'NONE',  ( 4.440892098500620245E-16, -0.8000000000000000444, 0.5999999999999999778 ) ) ;
#3645 = VECTOR ( 'NONE', #1638, 1000.000000000000000 ) ;
#3646 = LINE ( 'NONE', #2681, #5909 ) ;
#3647 = CYLINDRICAL_SURFACE ( 'NONE', #6004, 0.6500000000000003553 ) ;
#3648 = EDGE_LOOP ( 'NONE', ( #5317, #1475, #1993, #1234 ) ) ;
#3649 = DIRECTION ( 'NONE',  ( 0.1321637200910179555, 0.000000000000000000, -0.9912279006826346661 ) ) ;
#3650 = CARTESIAN_POINT ( 'NONE',  ( 3.350000000000000089, -5.400000000000000355, 2.600000000000000089 ) ) ;
#3651 = ADVANCED_FACE ( 'NONE', ( #111 ), #2963, .F. ) ;
#3652 = EDGE_CURVE ( 'NONE', #696, #2369, #529, .T. ) ;
#3653 = EDGE_CURVE ( 'NONE', #3895, #3362, #1529, .T. ) ;
#3654 = EDGE_CURVE ( 'NONE', #729, #165, #4894, .T. ) ;
#3655 = DIRECTION ( 'NONE',  ( 1.000000000000000000, 0.000000000000000000, -5.551115123125780730E-16 ) ) ;
#3656 = PLANE ( 'NONE',  #3904 ) ;
#3657 = VERTEX_POINT ( 'NONE', #1969 ) ;
#3658 = CARTESIAN_POINT ( 'NONE',  ( -3.350000000000000089, -5.500000000000000000, 4.558407044966670263 ) ) ;
#3659 = CARTESIAN_POINT ( 'NONE',  ( -3.350000000000000089, -2.143131898507869777E-16, 3.500000000000000000 ) ) ;
#3660 = DIRECTION ( 'NONE',  ( 0.000000000000000000, 1.000000000000000000, 0.000000000000000000 ) ) ;
#3661 = VERTEX_POINT ( 'NONE', #85 ) ;
#3662 = ORIENTED_EDGE ( 'NONE', *, *, #3564, .T. ) ;
#3663 = CARTESIAN_POINT ( 'NONE',  ( -2.949999999999999734, 1.000000000000000000, 1.558407044966670041 ) ) ;
#3664 = ORIENTED_EDGE ( 'NONE', *, *, #5067, .F. ) ;
#3665 = CARTESIAN_POINT ( 'NONE',  ( -2.350000000000000089, -4.740000000000000213, 0.5999999999999999778 ) ) ;
#3666 = CYLINDRICAL_SURFACE ( 'NONE', #6159, 1.000000000000000000 ) ;
#3667 = DIRECTION ( 'NONE',  ( 0.000000000000000000, -1.000000000000000000, 0.000000000000000000 ) ) ;
#3668 = ORIENTED_EDGE ( 'NONE', *, *, #6180, .F. ) ;
#3669 = CARTESIAN_POINT ( 'NONE',  ( 3.350000000000000089, 1.000000000000000000, 3.558407044966669819 ) ) ;
#3670 = VERTEX_POINT ( 'NONE', #2488 ) ;
#3671 = CARTESIAN_POINT ( 'NONE',  ( 1.114474864699760087E-16, 5.100000000000000533, -6.349999999999999645 ) ) ;
#3672 = DIRECTION ( 'NONE',  ( -0.000000000000000000, 1.000000000000000000, 0.000000000000000000 ) ) ;
#3673 = CARTESIAN_POINT ( 'NONE',  ( -3.350000000000000089, -2.500000000000000000, 4.558407044966670263 ) ) ;
#3674 = DIRECTION ( 'NONE',  ( 0.000000000000000000, -1.000000000000000000, 0.000000000000000000 ) ) ;
#3675 = CARTESIAN_POINT ( 'NONE',  ( 0.8000000000000000444, 2.850000000000000089, 1.600000000000000089 ) ) ;
#3676 = PLANE ( 'NONE',  #3317 ) ;
#3677 = VERTEX_POINT ( 'NONE', #4391 ) ;
#3678 = LINE ( 'NONE', #4154, #2145 ) ;
#3679 = LINE ( 'NONE', #4725, #5713 ) ;
#3680 = CARTESIAN_POINT ( 'NONE',  ( -0.9000000000000000222, 5.100000000000000533, 0.2000000000000000111 ) ) ;
#3681 = CARTESIAN_POINT ( 'NONE',  ( -0.6499999999999996891, -5.200000000000000178, -0.7000000000000001776 ) ) ;
#3682 = CARTESIAN_POINT ( 'NONE',  ( 1.949999999999999956, -5.000000000000000000, 1.600000000000000089 ) ) ;
#3683 = VERTEX_POINT ( 'NONE', #3863 ) ;
#3684 = CARTESIAN_POINT ( 'NONE',  ( -3.350000000000000089, -5.400000000000000355, 2.600000000000000089 ) ) ;
#3685 = EDGE_CURVE ( 'NONE', #2476, #4481, #563, .T. ) ;
#3686 = ADVANCED_FACE ( 'NONE', ( #2026 ), #3833, .T. ) ;
#3687 = CARTESIAN_POINT ( 'NONE',  ( -0.9000000000000000222, 0.4000000000000000222, 0.2000000000000000111 ) ) ;
#3688 = ORIENTED_EDGE ( 'NONE', *, *, #73, .T. ) ;
#3689 = ORIENTED_EDGE ( 'NONE', *, *, #713, .T. ) ;
#3690 = LINE ( 'NONE', #2769, #2138 ) ;
#3691 = ORIENTED_EDGE ( 'NONE', *, *, #5065, .T. ) ;
#3692 = ADVANCED_FACE ( 'NONE', ( #5831 ), #1561, .F. ) ;
#3693 = CARTESIAN_POINT ( 'NONE',  ( -2.949999999999999734, -2.500000000000000000, 2.558407044966669819 ) ) ;
#3694 = EDGE_CURVE ( 'NONE', #4429, #1015, #1032, .T. ) ;
#3695 = EDGE_CURVE ( 'NONE', #1507, #1087, #615, .T. ) ;
#3696 = CARTESIAN_POINT ( 'NONE',  ( 3.350000000000000089, 0.8000000000000000444, 2.500000000000000000 ) ) ;
#3697 = VERTEX_POINT ( 'NONE', #1591 ) ;
#3698 = CARTESIAN_POINT ( 'NONE',  ( -0.9000000000000000222, 0.4000000000000000222, 0.2000000000000000111 ) ) ;
#3699 = ORIENTED_EDGE ( 'NONE', *, *, #995, .F. ) ;
#3700 = CARTESIAN_POINT ( 'NONE',  ( -3.149999999999999911, 2.600000000000000089, 2.600000000000000089 ) ) ;
#3701 = FILL_AREA_STYLE ('',( #3571 ) ) ;
#3702 = CARTESIAN_POINT ( 'NONE',  ( -2.000000000000000000, -4.740000000000000213, 0.2999999999999999889 ) ) ;
#3703 = VECTOR ( 'NONE', #3295, 1000.000000000000000 ) ;
#3704 = DIRECTION ( 'NONE',  ( 0.000000000000000000, -1.000000000000000000, 0.000000000000000000 ) ) ;
#3705 = AXIS2_PLACEMENT_3D ( 'NONE', #1248, #3541, #3053 ) ;
#3706 = FACE_OUTER_BOUND ( 'NONE', #425, .T. ) ;
#3707 = LINE ( 'NONE', #1358, #5321 ) ;
#3708 = VECTOR ( 'NONE', #2356, 1000.000000000000000 ) ;
#3709 = VERTEX_POINT ( 'NONE', #3474 ) ;
#3711 = CARTESIAN_POINT ( 'NONE',  ( 0.6500000000000000222, -4.299999999999999822, -0.6999999999999999556 ) ) ;
#3710 = VECTOR ( 'NONE', #3251, 1000.000000000000000 ) ;
#3712 = DIRECTION ( 'NONE',  ( 6.661338147750940229E-16, -7.216449660063520471E-16, -1.000000000000000000 ) ) ;
#3713 = DIRECTION ( 'NONE',  ( 0.000000000000000000, 0.000000000000000000, 1.000000000000000000 ) ) ;
#3714 = AXIS2_PLACEMENT_3D ( 'NONE', #4749, #473, #3643 ) ;
#3715 = VECTOR ( 'NONE', #232, 1000.000000000000000 ) ;
#3716 = ORIENTED_EDGE ( 'NONE', *, *, #3458, .T. ) ;
#3717 = CARTESIAN_POINT ( 'NONE',  ( 0.9000000000000000222, -4.299999999999999822, -0.4000000000000000222 ) ) ;
#3718 = LINE ( 'NONE', #5531, #2510 ) ;
#3719 = EDGE_LOOP ( 'NONE', ( #5573, #4967, #4220, #5994 ) ) ;
#3720 = LINE ( 'NONE', #3258, #5329 ) ;
#3721 = DIRECTION ( 'NONE',  ( 0.000000000000000000, -1.000000000000000000, -9.607934925006869657E-17 ) ) ;
#3722 = VECTOR ( 'NONE', #5883, 1000.000000000000000 ) ;
#3723 = LINE ( 'NONE', #2665, #322 ) ;
#3724 = ADVANCED_FACE ( 'NONE', ( #2462 ), #149, .T. ) ;
#3725 = ORIENTED_EDGE ( 'NONE', *, *, #1184, .F. ) ;
#3726 = ORIENTED_EDGE ( 'NONE', *, *, #1564, .T. ) ;
#3727 = DIRECTION ( 'NONE',  ( -1.000000000000000000, 0.000000000000000000, 0.000000000000000000 ) ) ;
#3728 = ORIENTED_EDGE ( 'NONE', *, *, #605, .T. ) ;
#3729 = FACE_OUTER_BOUND ( 'NONE', #2461, .T. ) ;
#3730 = AXIS2_PLACEMENT_3D ( 'NONE', #3039, #4444, #4912 ) ;
#3731 = DIRECTION ( 'NONE',  ( 0.000000000000000000, 1.000000000000000000, 0.000000000000000000 ) ) ;
#3732 = EDGE_CURVE ( 'NONE', #5078, #1940, #1123, .T. ) ;
#3733 = EDGE_CURVE ( 'NONE', #401, #2569, #2598, .T. ) ;
#3734 = EDGE_CURVE ( 'NONE', #2943, #3099, #1941, .T. ) ;
#3735 = EDGE_CURVE ( 'NONE', #3870, #1087, #1930, .T. ) ;
#3736 = ORIENTED_EDGE ( 'NONE', *, *, #5597, .T. ) ;
#3737 = PLANE ( 'NONE',  #4716 ) ;
#3738 = VECTOR ( 'NONE', #94, 1000.000000000000000 ) ;
#3739 = VERTEX_POINT ( 'NONE', #2084 ) ;
#3740 = DIRECTION ( 'NONE',  ( 1.355252715606880049E-16, -1.000000000000000000, 0.000000000000000000 ) ) ;
#3741 = CARTESIAN_POINT ( 'NONE',  ( 2.850000000000000089, -6.349999999999999645, 6.299999999999999822 ) ) ;
#3742 = DIRECTION ( 'NONE',  ( 0.000000000000000000, -1.000000000000000000, 0.000000000000000000 ) ) ;
#3743 = CARTESIAN_POINT ( 'NONE',  ( 0.000000000000000000, 0.000000000000000000, 0.000000000000000000 ) ) ;
#3744 = VECTOR ( 'NONE', #2904, 1000.000000000000000 ) ;
#3745 = EDGE_LOOP ( 'NONE', ( #2191, #2036, #5360, #5097 ) ) ;
#3746 = DIRECTION ( 'NONE',  ( -1.178997902256800061E-16, -1.597840108728343248E-32, 1.000000000000000000 ) ) ;
#3747 = CARTESIAN_POINT ( 'NONE',  ( 2.949999999999999734, 2.500000000000000000, 4.558407044966670263 ) ) ;
#3748 = AXIS2_PLACEMENT_3D ( 'NONE', #1005, #4336, #4805 ) ;
#3749 = ORIENTED_EDGE ( 'NONE', *, *, #4567, .F. ) ;
#3750 = LINE ( 'NONE', #2785, #1259 ) ;
#3751 = ORIENTED_EDGE ( 'NONE', *, *, #3051, .T. ) ;
#3752 = CARTESIAN_POINT ( 'NONE',  ( 2.216656983932369863E-16, 4.200000000000000178, -6.349999999999999645 ) ) ;
#3753 = FACE_OUTER_BOUND ( 'NONE', #396, .T. ) ;
#3754 = CARTESIAN_POINT ( 'NONE',  ( 2.350000000000000089, -5.259999999999999787, 0.5999999999999999778 ) ) ;
#3755 = ORIENTED_EDGE ( 'NONE', *, *, #1673, .T. ) ;
#3756 = CARTESIAN_POINT ( 'NONE',  ( 2.949999999999999734, 6.349999999999999645, 6.200000000000000178 ) ) ;
#3757 = VECTOR ( 'NONE', #5476, 1000.000000000000000 ) ;
#3758 = LINE ( 'NONE', #4933, #3011 ) ;
#3759 = ORIENTED_EDGE ( 'NONE', *, *, #3235, .T. ) ;
#3760 = CARTESIAN_POINT ( 'NONE',  ( -0.8000000000000000444, 2.850000000000000089, 3.000000000000000000 ) ) ;
#3761 = CARTESIAN_POINT ( 'NONE',  ( -3.350000000000000089, 8.881784197001250351E-16, 9.558407044966669375 ) ) ;
#3762 = DIRECTION ( 'NONE',  ( -1.000000000000000000, 0.000000000000000000, 0.000000000000000000 ) ) ;
#3763 = VERTEX_POINT ( 'NONE', #805 ) ;
#3764 = LINE ( 'NONE', #2835, #5500 ) ;
#3765 = ORIENTED_EDGE ( 'NONE', *, *, #5728, .T. ) ;
#3766 = LINE ( 'NONE', #2925, #5539 ) ;
#3767 = ADVANCED_FACE ( 'NONE', ( #5885, #6011, #3106 ), #3973, .F. ) ;
#3768 = DIRECTION ( 'NONE',  ( 6.661338147750940229E-16, 0.000000000000000000, 1.000000000000000000 ) ) ;
#3769 = ADVANCED_FACE ( 'NONE', ( #5514 ), #3598, .T. ) ;
#3770 = ADVANCED_FACE ( 'NONE', ( #1188 ), #776, .F. ) ;
#3771 = LINE ( 'NONE', #5582, #4318 ) ;
#3772 = DIRECTION ( 'NONE',  ( -1.000000000000000000, 1.094764425253759933E-47, 6.049014748177260544E-16 ) ) ;
#3773 = ORIENTED_EDGE ( 'NONE', *, *, #3281, .F. ) ;
#3774 = LINE ( 'NONE', #5678, #5013 ) ;
#3775 = DIRECTION ( 'NONE',  ( 0.000000000000000000, 7.401486830834378990E-17, -1.000000000000000000 ) ) ;
#3776 = VERTEX_POINT ( 'NONE', #1738 ) ;
#3777 = DIRECTION ( 'NONE',  ( 1.224646799147350002E-16, -1.000000000000000000, 0.000000000000000000 ) ) ;
#3778 = DIRECTION ( 'NONE',  ( 1.224646799147350002E-16, -1.000000000000000000, 0.000000000000000000 ) ) ;
#3779 = EDGE_CURVE ( 'NONE', #4553, #1059, #4208, .T. ) ;
#3780 = EDGE_CURVE ( 'NONE', #1752, #2476, #1922, .T. ) ;
#3781 = LINE ( 'NONE', #1363, #4111 ) ;
#3782 = CARTESIAN_POINT ( 'NONE',  ( 2.949999999999999734, 2.500000000000000000, 4.558407044966670263 ) ) ;
#3783 = EDGE_LOOP ( 'NONE', ( #1707, #514, #4808, #4936, #4609, #5259, #1676, #3866, #1861, #5239, #3765, #4684, #4793, #268, #5880, #5493, #4385 ) ) ;
#3784 = CARTESIAN_POINT ( 'NONE',  ( 3.350000000000000089, -5.400000000000000355, 2.600000000000000089 ) ) ;
#3785 = CARTESIAN_POINT ( 'NONE',  ( 2.949999999999999734, 6.349999999999999645, 1.558407044966670041 ) ) ;
#3786 = ORIENTED_EDGE ( 'NONE', *, *, #5410, .F. ) ;
#3787 = ORIENTED_EDGE ( 'NONE', *, *, #796, .T. ) ;
#3788 = DIRECTION ( 'NONE',  ( 1.178997902256800061E-16, 0.000000000000000000, -1.000000000000000000 ) ) ;
#3789 = CARTESIAN_POINT ( 'NONE',  ( -0.6500000000000000222, 0.4000000000000000777, -5.699999999999999289 ) ) ;
#3790 = DIRECTION ( 'NONE',  ( -1.000000000000000000, 1.094764425253759933E-47, 6.049014748177260544E-16 ) ) ;
#3791 = ORIENTED_EDGE ( 'NONE', *, *, #5482, .T. ) ;
#3792 = DIRECTION ( 'NONE',  ( 1.000000000000000000, 0.000000000000000000, 1.178997902256800061E-16 ) ) ;
#3793 = EDGE_LOOP ( 'NONE', ( #415, #3001, #1820, #4006 ) ) ;
#3794 = DIRECTION ( 'NONE',  ( 1.586032892321649771E-16, 0.000000000000000000, 1.000000000000000000 ) ) ;
#3795 = CYLINDRICAL_SURFACE ( 'NONE', #2226, 0.1000000000000002554 ) ;
#3796 = DIRECTION ( 'NONE',  ( 1.000000000000000000, 0.000000000000000000, 0.000000000000000000 ) ) ;
#3797 = EDGE_LOOP ( 'NONE', ( #2131, #1052, #4408, #4368 ) ) ;
#3798 = EDGE_CURVE ( 'NONE', #3291, #2784, #239, .T. ) ;
#3799 = PLANE ( 'NONE',  #1724 ) ;
#3800 = DIRECTION ( 'NONE',  ( 0.000000000000000000, -1.000000000000000000, 0.000000000000000000 ) ) ;
#3801 = ORIENTED_EDGE ( 'NONE', *, *, #3277, .T. ) ;
#3802 = CARTESIAN_POINT ( 'NONE',  ( 3.350000000000000089, 2.600000000000000089, 3.000000000000000000 ) ) ;
#3803 = PLANE ( 'NONE',  #1029 ) ;
#3804 = AXIS2_PLACEMENT_3D ( 'NONE', #3259, #5725, #2793 ) ;
#3805 = CARTESIAN_POINT ( 'NONE',  ( 6.505213034913026604E-16, -4.299999999999999822, -6.999999999999999112 ) ) ;
#3806 = AXIS2_PLACEMENT_3D ( 'NONE', #1715, #5021, #3607 ) ;
#3807 = ADVANCED_FACE ( 'NONE', ( #3637 ), #4044, .T. ) ;
#3808 = EDGE_CURVE ( 'NONE', #1178, #4607, #3145, .T. ) ;
#3809 = VECTOR ( 'NONE', #2157, 1000.000000000000000 ) ;
#3810 = VECTOR ( 'NONE', #4346, 1000.000000000000000 ) ;
#3811 = EDGE_CURVE ( 'NONE', #1809, #1202, #743, .T. ) ;
#3812 = CARTESIAN_POINT ( 'NONE',  ( -2.000000000000000000, 4.740000000000000213, 0.5999999999999999778 ) ) ;
#3813 = EDGE_CURVE ( 'NONE', #389, #4980, #5920, .T. ) ;
#3814 = ORIENTED_EDGE ( 'NONE', *, *, #845, .F. ) ;
#3815 = CARTESIAN_POINT ( 'NONE',  ( -3.350000000000000089, 0.8000000000000000444, 2.500000000000000000 ) ) ;
#3816 = FACE_OUTER_BOUND ( 'NONE', #5723, .T. ) ;
#3817 = VECTOR ( 'NONE', #3712, 1000.000000000000000 ) ;
#3818 = VECTOR ( 'NONE', #3576, 1000.000000000000000 ) ;
#3819 = LINE ( 'NONE', #921, #3406 ) ;
#3820 = ORIENTED_EDGE ( 'NONE', *, *, #33, .F. ) ;
#3821 = EDGE_LOOP ( 'NONE', ( #3699, #4687, #5936, #5145 ) ) ;
#3822 = AXIS2_PLACEMENT_3D ( 'NONE', #5617, #2274, #6053 ) ;
#3823 = DIRECTION ( 'NONE',  ( 0.000000000000000000, 0.000000000000000000, 1.000000000000000000 ) ) ;
#3824 = CARTESIAN_POINT ( 'NONE',  ( 3.350000000000000089, 5.500000000000000000, 2.558407044966679589 ) ) ;
#3825 = ORIENTED_EDGE ( 'NONE', *, *, #5484, .T. ) ;
#3826 = ORIENTED_EDGE ( 'NONE', *, *, #2661, .T. ) ;
#3827 = CARTESIAN_POINT ( 'NONE',  ( 2.949999999999999734, 0.8000000000000000444, 2.500000000000000000 ) ) ;
#3828 = AXIS2_PLACEMENT_3D ( 'NONE', #2387, #1925, #3823 ) ;
#3829 = CARTESIAN_POINT ( 'NONE',  ( -2.000000000000000000, -0.2599999999999999534, 0.5999999999999999778 ) ) ;
#3830 = DIRECTION ( 'NONE',  ( 0.000000000000000000, 0.000000000000000000, -1.000000000000000000 ) ) ;
#3831 = VECTOR ( 'NONE', #3033, 1000.000000000000000 ) ;
#3832 = ORIENTED_EDGE ( 'NONE', *, *, #4071, .F. ) ;
#3833 = PLANE ( 'NONE',  #6144 ) ;
#3834 = LINE ( 'NONE', #5742, #2330 ) ;
#3835 = CARTESIAN_POINT ( 'NONE',  ( -2.949999999999999734, 2.500000000000000000, 2.558407044966669819 ) ) ;
#3836 = ORIENTED_EDGE ( 'NONE', *, *, #5685, .F. ) ;
#3837 = CARTESIAN_POINT ( 'NONE',  ( 0.6500000000000000222, 4.200000000000000178, -0.6999999999999999556 ) ) ;
#3838 = UNCERTAINTY_MEASURE_WITH_UNIT (LENGTH_MEASURE( 1.000000000000000082E-05 ), #4785, 'distance_accuracy_value', 'NONE');
#3839 = VECTOR ( 'NONE', #4369, 1000.000000000000000 ) ;
#3840 = LINE ( 'NONE', #2940, #2030 ) ;
#3841 = ORIENTED_EDGE ( 'NONE', *, *, #2090, .F. ) ;
#3842 = CARTESIAN_POINT ( 'NONE',  ( 3.350000000000000089, 5.500000000000000000, 2.558407044966669819 ) ) ;
#3843 = ORIENTED_EDGE ( 'NONE', *, *, #1527, .T. ) ;
#3844 = SURFACE_STYLE_FILL_AREA ( #2852 ) ;
#3845 = VERTEX_POINT ( 'NONE', #2176 ) ;
#3846 = EDGE_CURVE ( 'NONE', #5250, #2731, #5953, .T. ) ;
#3847 = ADVANCED_FACE ( 'NONE', ( #5051 ), #4482, .F. ) ;
#3848 = EDGE_CURVE ( 'NONE', #1198, #4659, #2413, .T. ) ;
#3849 = EDGE_CURVE ( 'NONE', #3020, #3878, #3507, .T. ) ;
#3850 = VERTEX_POINT ( 'NONE', #4981 ) ;
#3851 = AXIS2_PLACEMENT_3D ( 'NONE', #5509, #5973, #4600 ) ;
#3852 = APPLICATION_CONTEXT ( 'automotive_design' ) ;
#3853 = ORIENTED_EDGE ( 'NONE', *, *, #3617, .T. ) ;
#3854 = CARTESIAN_POINT ( 'NONE',  ( 2.000000000000000000, -3.100000000000000089, 6.400000000000000355 ) ) ;
#3855 = EDGE_CURVE ( 'NONE', #37, #4985, #705, .T. ) ;
#3856 = DIRECTION ( 'NONE',  ( -1.110223024625160090E-15, 0.000000000000000000, -1.000000000000000000 ) ) ;
#3857 = ORIENTED_EDGE ( 'NONE', *, *, #4694, .F. ) ;
#3858 = EDGE_LOOP ( 'NONE', ( #5782, #5207, #3820, #4998 ) ) ;
#3859 = LINE ( 'NONE', #4833, #1466 ) ;
#3860 = LINE ( 'NONE', #5647, #6154 ) ;
#3861 = DIRECTION ( 'NONE',  ( 1.000000000000000000, 0.000000000000000000, 0.000000000000000000 ) ) ;
#3862 = ORIENTED_EDGE ( 'NONE', *, *, #4269, .T. ) ;
#3863 = CARTESIAN_POINT ( 'NONE',  ( 2.949999999999999734, -2.500000000000000000, 4.558407044966670263 ) ) ;
#3864 = LINE ( 'NONE', #771, #4219 ) ;
#3865 = CARTESIAN_POINT ( 'NONE',  ( -0.6500000000000000222, 5.100000000000000533, -0.6999999999999999556 ) ) ;
#3866 = ORIENTED_EDGE ( 'NONE', *, *, #2865, .T. ) ;
#3867 = DIRECTION ( 'NONE',  ( 0.000000000000000000, -1.000000000000000000, 0.000000000000000000 ) ) ;
#3868 = CARTESIAN_POINT ( 'NONE',  ( -1.949999999999999956, -5.000000000000000000, 5.500000000000000000 ) ) ;
#3869 = CARTESIAN_POINT ( 'NONE',  ( 2.500000000000000000, 5.500000000000000000, 1.199999999999999956 ) ) ;
#3870 = VERTEX_POINT ( 'NONE', #1804 ) ;
#3871 = CARTESIAN_POINT ( 'NONE',  ( 2.350000000000000089, -5.549999999999999822, 0.2999999999999999889 ) ) ;
#3872 = ORIENTED_EDGE ( 'NONE', *, *, #4149, .F. ) ;
#3873 = ORIENTED_EDGE ( 'NONE', *, *, #1910, .T. ) ;
#3874 = EDGE_CURVE ( 'NONE', #1202, #2978, #3268, .T. ) ;
#3875 = ORIENTED_EDGE ( 'NONE', *, *, #5729, .F. ) ;
#3876 = DIRECTION ( 'NONE',  ( 0.000000000000000000, 1.000000000000000000, 1.131437477325000045E-16 ) ) ;
#3877 = DIRECTION ( 'NONE',  ( 1.233581138472399909E-16, 0.000000000000000000, 1.000000000000000000 ) ) ;
#3878 = VERTEX_POINT ( 'NONE', #4172 ) ;
#3879 = EDGE_CURVE ( 'NONE', #2476, #5965, #2300, .T. ) ;
#3880 = EDGE_CURVE ( 'NONE', #1178, #5591, #5805, .T. ) ;
#3881 = ORIENTED_EDGE ( 'NONE', *, *, #5194, .T. ) ;
#3882 = CARTESIAN_POINT ( 'NONE',  ( 0.000000000000000000, 2.600000000000000089, 0.000000000000000000 ) ) ;
#3883 = DIRECTION ( 'NONE',  ( -1.224646799147350002E-16, 0.000000000000000000, -1.000000000000000000 ) ) ;
#3884 = CARTESIAN_POINT ( 'NONE',  ( 2.500000000000000000, -5.500000000000000000, 6.200000000000000178 ) ) ;
#3885 = ORIENTED_EDGE ( 'NONE', *, *, #3529, .F. ) ;
#3886 = DIRECTION ( 'NONE',  ( -1.000000000000000000, 0.000000000000000000, 0.000000000000000000 ) ) ;
#3887 = CARTESIAN_POINT ( 'NONE',  ( -0.8000000000000000444, 2.850000000000000089, 1.600000000000000089 ) ) ;
#3888 = DIRECTION ( 'NONE',  ( -1.000000000000000000, 0.000000000000000000, -1.178997902256800061E-16 ) ) ;
#3889 = ORIENTED_EDGE ( 'NONE', *, *, #345, .F. ) ;
#3890 = DIRECTION ( 'NONE',  ( -1.000000000000000000, 0.000000000000000000, 0.000000000000000000 ) ) ;
#3891 = LINE ( 'NONE', #3427, #3906 ) ;
#3892 = FACE_OUTER_BOUND ( 'NONE', #505, .T. ) ;
#3893 = ORIENTED_EDGE ( 'NONE', *, *, #2473, .T. ) ;
#3894 = CARTESIAN_POINT ( 'NONE',  ( 4.615456827604010266E-17, -0.5000000000000000000, 0.2000000000000001776 ) ) ;
#3895 = VERTEX_POINT ( 'NONE', #6079 ) ;
#3896 = CARTESIAN_POINT ( 'NONE',  ( 5.531113207520353868E-16, -5.200000000000000178, 0.2999999999999999889 ) ) ;
#3897 = VECTOR ( 'NONE', #5444, 1000.000000000000000 ) ;
#3898 = VECTOR ( 'NONE', #5112, 1000.000000000000000 ) ;
#3899 = DIRECTION ( 'NONE',  ( -1.000000000000000000, 0.000000000000000000, 0.000000000000000000 ) ) ;
#3900 = ORIENTED_EDGE ( 'NONE', *, *, #6024, .F. ) ;
#3901 = ORIENTED_EDGE ( 'NONE', *, *, #3530, .T. ) ;
#3902 = CARTESIAN_POINT ( 'NONE',  ( -3.149999999999999911, -5.400000000000000355, 2.600000000000000089 ) ) ;
#3903 = COLOUR_RGB ( '',0.7921568627450980005, 0.8196078431372548767, 0.9333333333333333481 ) ;
#3904 = AXIS2_PLACEMENT_3D ( 'NONE', #891, #2790, #254 ) ;
#3905 = CARTESIAN_POINT ( 'NONE',  ( -2.299999999999999822, 0.2599999999999999534, 0.2999999999999999889 ) ) ;
#3906 = VECTOR ( 'NONE', #63, 1000.000000000000000 ) ;
#3907 = VECTOR ( 'NONE', #5086, 1000.000000000000227 ) ;
#3908 = ORIENTED_EDGE ( 'NONE', *, *, #1758, .T. ) ;
#3909 = VERTEX_POINT ( 'NONE', #4646 ) ;
#3910 = DIRECTION ( 'NONE',  ( 1.000000000000000000, 0.000000000000000000, 0.000000000000000000 ) ) ;
#3911 = PLANE ( 'NONE',  #4151 ) ;
#3912 = CARTESIAN_POINT ( 'NONE',  ( 2.850000000000000089, -6.349999999999999645, 6.299999999999999822 ) ) ;
#3913 = EDGE_CURVE ( 'NONE', #6112, #2499, #1875, .T. ) ;
#3914 = ADVANCED_FACE ( 'NONE', ( #6111 ), #1841, .T. ) ;
#3915 = EDGE_CURVE ( 'NONE', #5884, #4023, #4202, .T. ) ;
#3916 = EDGE_CURVE ( 'NONE', #2386, #1276, #3237, .T. ) ;
#3917 = ADVANCED_FACE ( 'NONE', ( #874 ), #3737, .T. ) ;
#3918 = ORIENTED_EDGE ( 'NONE', *, *, #1949, .T. ) ;
#3919 = CARTESIAN_POINT ( 'NONE',  ( -2.850000000000000089, 6.349999999999999645, 6.400000000000000355 ) ) ;
#3920 = VECTOR ( 'NONE', #2197, 1000.000000000000000 ) ;
#3921 = LINE ( 'NONE', #1206, #4613 ) ;
#3922 = DIRECTION ( 'NONE',  ( -1.000000000000000000, 0.000000000000000000, 0.000000000000000000 ) ) ;
#3923 = ORIENTED_EDGE ( 'NONE', *, *, #1415, .T. ) ;
#3924 = DIRECTION ( 'NONE',  ( 1.000000000000000000, 2.467162276944790449E-16, 2.775557561562890365E-16 ) ) ;
#3925 = FACE_OUTER_BOUND ( 'NONE', #6123, .T. ) ;
#3926 = DIRECTION ( 'NONE',  ( 2.465190328815656965E-32, -0.5999999999999999778, 0.8000000000000000444 ) ) ;
#3927 = DIRECTION ( 'NONE',  ( 0.000000000000000000, 0.000000000000000000, 1.000000000000000000 ) ) ;
#3928 = AXIS2_PLACEMENT_3D ( 'NONE', #4999, #3525, #4089 ) ;
#3929 = FACE_OUTER_BOUND ( 'NONE', #4909, .T. ) ;
#3930 = ORIENTED_EDGE ( 'NONE', *, *, #4846, .F. ) ;
#3931 = CARTESIAN_POINT ( 'NONE',  ( 2.000000000000000000, -5.100000000000000533, 0.5999999999999999778 ) ) ;
#3932 = AXIS2_PLACEMENT_3D ( 'NONE', #1634, #160, #4966 ) ;
#3933 = EDGE_LOOP ( 'NONE', ( #2415, #5730, #4476, #6021 ) ) ;
#3934 = CARTESIAN_POINT ( 'NONE',  ( -2.000000000000000000, 5.100000000000000533, 0.2000000000000000111 ) ) ;
#3935 = ORIENTED_EDGE ( 'NONE', *, *, #1265, .T. ) ;
#3936 = ORIENTED_EDGE ( 'NONE', *, *, #650, .F. ) ;
#3937 = PLANE ( 'NONE',  #3330 ) ;
#3938 = VECTOR ( 'NONE', #644, 1000.000000000000000 ) ;
#3939 = DIRECTION ( 'NONE',  ( 1.000000000000000000, 0.000000000000000000, 0.000000000000000000 ) ) ;
#3940 = VECTOR ( 'NONE', #278, 1000.000000000000000 ) ;
#3941 = VERTEX_POINT ( 'NONE', #4678 ) ;
#3942 = ORIENTED_EDGE ( 'NONE', *, *, #4617, .T. ) ;
#3943 = LINE ( 'NONE', #5418, #3532 ) ;
#3944 = PLANE ( 'NONE',  #1873 ) ;
#3945 = LINE ( 'NONE', #2572, #5819 ) ;
#3946 = ORIENTED_EDGE ( 'NONE', *, *, #3653, .F. ) ;
#3947 = CARTESIAN_POINT ( 'NONE',  ( -4.999999999999999112, -5.200000000000001066, -6.349999999999999645 ) ) ;
#3948 = PLANE ( 'NONE',  #3325 ) ;
#3949 = EDGE_CURVE ( 'NONE', #2156, #2705, #5644, .T. ) ;
#3950 = EDGE_CURVE ( 'NONE', #4473, #477, #4608, .T. ) ;
#3951 = EDGE_LOOP ( 'NONE', ( #4874, #3522, #2693, #2966, #2582, #5159, #5818, #1374 ) ) ;
#3952 = FACE_OUTER_BOUND ( 'NONE', #2962, .T. ) ;
#3953 = DIRECTION ( 'NONE',  ( -1.233581138472399909E-16, 0.000000000000000000, -1.000000000000000000 ) ) ;
#3954 = PLANE ( 'NONE',  #2721 ) ;
#3955 = CARTESIAN_POINT ( 'NONE',  ( -3.149999999999999911, 2.600000000000000089, 4.500000000000000000 ) ) ;
#3956 = CARTESIAN_POINT ( 'NONE',  ( 2.949999999999999734, 6.349999999999999645, 0.000000000000000000 ) ) ;
#3957 = EDGE_LOOP ( 'NONE', ( #4394, #3298, #4703, #1207 ) ) ;
#3958 = EDGE_CURVE ( 'NONE', #4841, #4524, #4709, .T. ) ;
#3959 = CARTESIAN_POINT ( 'NONE',  ( -2.850000000000000089, -6.349999999999999645, 6.400000000000000355 ) ) ;
#3960 = EDGE_CURVE ( 'NONE', #2448, #375, #935, .T. ) ;
#3961 = VERTEX_POINT ( 'NONE', #6049 ) ;
#3962 = DIRECTION ( 'NONE',  ( 1.178997902256800061E-16, 0.000000000000000000, -1.000000000000000000 ) ) ;
#3963 = ORIENTED_EDGE ( 'NONE', *, *, #2864, .F. ) ;
#3964 = ORIENTED_EDGE ( 'NONE', *, *, #1458, .F. ) ;
#3965 = CARTESIAN_POINT ( 'NONE',  ( 1.949999999999999956, -1.800000000000000044, 11.79999999999999893 ) ) ;
#3966 = FACE_OUTER_BOUND ( 'NONE', #5147, .T. ) ;
#3967 = ORIENTED_EDGE ( 'NONE', *, *, #3811, .T. ) ;
#3968 = ORIENTED_EDGE ( 'NONE', *, *, #5377, .F. ) ;
#3969 = DIRECTION ( 'NONE',  ( 4.336808689942006692E-15, 8.673617379884013384E-15, 1.000000000000000000 ) ) ;
#3970 = CARTESIAN_POINT ( 'NONE',  ( 2.000000000000000000, -3.100000000000000089, 6.400000000000000355 ) ) ;
#3971 = LINE ( 'NONE', #4544, #3722 ) ;
#3972 = ORIENTED_EDGE ( 'NONE', *, *, #2970, .T. ) ;
#3973 = PLANE ( 'NONE',  #2603 ) ;
#3974 = CARTESIAN_POINT ( 'NONE',  ( -1.949999999999999956, -0.2000000000000000111, 11.79999999999999893 ) ) ;
#3975 = EDGE_LOOP ( 'NONE', ( #3168, #4865, #4166, #231 ) ) ;
#3976 = DIRECTION ( 'NONE',  ( -1.000000000000000000, -1.668003342285390565E-16, 0.000000000000000000 ) ) ;
#3977 = CARTESIAN_POINT ( 'NONE',  ( -3.350000000000000089, -5.400000000000000355, 3.000000000000000000 ) ) ;
#3978 = CARTESIAN_POINT ( 'NONE',  ( 0.000000000000000000, 0.000000000000000000, 0.5999999999999999778 ) ) ;
#3979 = EDGE_CURVE ( 'NONE', #2573, #5801, #3764, .T. ) ;
#3980 = LINE ( 'NONE', #5373, #1824 ) ;
#3981 = EDGE_LOOP ( 'NONE', ( #169, #4705, #451, #483, #3238, #3662, #1624, #5834 ) ) ;
#3982 = CARTESIAN_POINT ( 'NONE',  ( 2.000000000000000000, 0.4000000000000000222, 0.2000000000000000111 ) ) ;
#3983 = EDGE_LOOP ( 'NONE', ( #751, #3321, #2390, #2070 ) ) ;
#3984 = ADVANCED_FACE ( 'NONE', ( #5672, #1409, #5206 ), #1438, .F. ) ;
#3985 = ADVANCED_FACE ( 'NONE', ( #1901 ), #3327, .F. ) ;
#3986 = EDGE_CURVE ( 'NONE', #896, #2573, #3204, .T. ) ;
#3987 = EDGE_CURVE ( 'NONE', #643, #839, #2567, .T. ) ;
#3988 = LINE ( 'NONE', #5903, #3645 ) ;
#3989 = EDGE_LOOP ( 'NONE', ( #97, #3230, #1368, #493, #753, #4505, #1168, #4093, #1619, #5406, #4869, #3557, #991, #1560, #1134, #2999 ) ) ;
#3990 = EDGE_LOOP ( 'NONE', ( #5688, #4213, #983, #3716 ) ) ;
#3991 = CARTESIAN_POINT ( 'NONE',  ( 2.949999999999999734, -2.500000000000000000, 4.558407044966670263 ) ) ;
#3992 = LINE ( 'NONE', #321, #2109 ) ;
#3993 = VECTOR ( 'NONE', #517, 1000.000000000000000 ) ;
#3994 = VECTOR ( 'NONE', #479, 1000.000000000000000 ) ;
#3995 = LINE ( 'NONE', #5878, #2820 ) ;
#3996 = ORIENTED_EDGE ( 'NONE', *, *, #2441, .T. ) ;
#3997 = VECTOR ( 'NONE', #3674, 1000.000000000000000 ) ;
#3998 = AXIS2_PLACEMENT_3D ( 'NONE', #4085, #3157, #5558 ) ;
#3999 = AXIS2_PLACEMENT_3D ( 'NONE', #629, #5430, #4903 ) ;
#4000 = VERTEX_POINT ( 'NONE', #5564 ) ;
#4001 = CARTESIAN_POINT ( 'NONE',  ( -1.949999999999999956, 0.9499999999999999556, 5.500000000000000000 ) ) ;
#4002 = CARTESIAN_POINT ( 'NONE',  ( 2.350000000000000089, 4.740000000000000213, 0.2999999999999999889 ) ) ;
#4003 = CARTESIAN_POINT ( 'NONE',  ( 2.949999999999999734, -5.500000000000000000, 2.558407044966669819 ) ) ;
#4004 = AXIS2_PLACEMENT_3D ( 'NONE', #2558, #2679, #3513 ) ;
#4005 = AXIS2_PLACEMENT_3D ( 'NONE', #3246, #1477, #5620 ) ;
#4006 = ORIENTED_EDGE ( 'NONE', *, *, #5528, .T. ) ;
#4007 = DIRECTION ( 'NONE',  ( -1.000000000000000000, 0.000000000000000000, 0.000000000000000000 ) ) ;
#4008 = ORIENTED_EDGE ( 'NONE', *, *, #795, .F. ) ;
#4010 = PLANE ( 'NONE',  #3338 ) ;
#4009 = VECTOR ( 'NONE', #1467, 1000.000000000000000 ) ;
#4011 = VECTOR ( 'NONE', #2375, 1000.000000000000000 ) ;
#4012 = LINE ( 'NONE', #1285, #3504 ) ;
#4013 = DIRECTION ( 'NONE',  ( 0.000000000000000000, 0.000000000000000000, 1.000000000000000000 ) ) ;
#4014 = AXIS2_PLACEMENT_3D ( 'NONE', #2843, #4754, #476 ) ;
#4015 = LINE ( 'NONE', #3956, #930 ) ;
#4016 = EDGE_LOOP ( 'NONE', ( #2863, #2562, #3964, #151 ) ) ;
#4017 = DIRECTION ( 'NONE',  ( -1.224646799147350002E-16, 1.000000000000000000, 0.000000000000000000 ) ) ;
#4018 = ORIENTED_EDGE ( 'NONE', *, *, #5899, .T. ) ;
#4019 = VECTOR ( 'NONE', #5784, 1000.000000000000000 ) ;
#4020 = SURFACE_SIDE_STYLE ('',( #6181 ) ) ;
#4021 = VECTOR ( 'NONE', #2881, 1000.000000000000000 ) ;
#4022 = DIRECTION ( 'NONE',  ( 0.6401843996644799306, 0.000000000000000000, -0.7682212795973758501 ) ) ;
#4023 = VERTEX_POINT ( 'NONE', #5967 ) ;
#4024 = EDGE_LOOP ( 'NONE', ( #5050, #3853, #4234, #3469 ) ) ;
#4025 = FACE_OUTER_BOUND ( 'NONE', #1797, .T. ) ;
#4026 = EDGE_CURVE ( 'NONE', #5801, #2198, #194, .T. ) ;
#4027 = DIRECTION ( 'NONE',  ( -1.600321476937160040E-16, 1.000000000000000000, 0.000000000000000000 ) ) ;
#4028 = EDGE_CURVE ( 'NONE', #4425, #896, #1697, .T. ) ;
#4029 = EDGE_CURVE ( 'NONE', #2979, #706, #3992, .T. ) ;
#4030 = ADVANCED_FACE ( 'NONE', ( #2133 ), #1763, .F. ) ;
#4031 = EDGE_CURVE ( 'NONE', #274, #5594, #4592, .T. ) ;
#4032 = LINE ( 'NONE', #1143, #1028 ) ;
#4033 = ORIENTED_EDGE ( 'NONE', *, *, #1146, .F. ) ;
#4034 = VECTOR ( 'NONE', #2988, 1000.000000000000000 ) ;
#4035 = CARTESIAN_POINT ( 'NONE',  ( 3.149999999999999911, 5.400000000000000355, 2.600000000000000089 ) ) ;
#4036 = VECTOR ( 'NONE', #3740, 1000.000000000000000 ) ;
#4037 = VERTEX_POINT ( 'NONE', #1176 ) ;
#4038 = ADVANCED_FACE ( 'NONE', ( #3587 ), #5534, .T. ) ;
#4039 = LINE ( 'NONE', #1652, #1756 ) ;
#4040 = DIRECTION ( 'NONE',  ( -1.000000000000000000, 0.000000000000000000, 6.049014748177260544E-16 ) ) ;
#4041 = LINE ( 'NONE', #3503, #2728 ) ;
#4042 = PRESENTATION_LAYER_ASSIGNMENT (  '', '', ( #659 ) ) ;
#4043 = VERTEX_POINT ( 'NONE', #5907 ) ;
#4044 = PLANE ( 'NONE',  #4101 ) ;
#4045 =( GEOMETRIC_REPRESENTATION_CONTEXT ( 3 ) GLOBAL_UNCERTAINTY_ASSIGNED_CONTEXT ( ( #592 ) ) GLOBAL_UNIT_ASSIGNED_CONTEXT ( ( #2735, #1678, #1278 ) ) REPRESENTATION_CONTEXT ( 'NONE', 'WORKASPACE' ) );
#4046 = ORIENTED_EDGE ( 'NONE', *, *, #2577, .F. ) ;
#4047 = FACE_OUTER_BOUND ( 'NONE', #1682, .T. ) ;
#4048 = ORIENTED_EDGE ( 'NONE', *, *, #5944, .F. ) ;
#4049 = DIRECTION ( 'NONE',  ( -1.110223024625160090E-15, 0.000000000000000000, -1.000000000000000000 ) ) ;
#4050 = FACE_OUTER_BOUND ( 'NONE', #1392, .T. ) ;
#4051 = PLANE ( 'NONE',  #3222 ) ;
#4052 = ORIENTED_EDGE ( 'NONE', *, *, #5559, .F. ) ;
#4053 = CARTESIAN_POINT ( 'NONE',  ( -0.9000000000000000222, -4.299999999999999822, -0.4000000000000000222 ) ) ;
#4054 = ORIENTED_EDGE ( 'NONE', *, *, #3565, .F. ) ;
#4055 = CARTESIAN_POINT ( 'NONE',  ( -4.999999999999999112, 4.200000000000000178, -6.353403713847660228 ) ) ;
#4056 = DIRECTION ( 'NONE',  ( -1.000000000000000000, 4.230397133684119468E-32, 0.000000000000000000 ) ) ;
#4057 = ORIENTED_EDGE ( 'NONE', *, *, #5522, .F. ) ;
#4058 = ORIENTED_EDGE ( 'NONE', *, *, #2472, .T. ) ;
#4059 = LINE ( 'NONE', #1727, #240 ) ;
#4060 = DIRECTION ( 'NONE',  ( 0.000000000000000000, -1.000000000000000000, 0.000000000000000000 ) ) ;
#4061 = CARTESIAN_POINT ( 'NONE',  ( 0.9000000000000000222, 5.100000000000000533, -0.4000000000000000222 ) ) ;
#4062 = EDGE_CURVE ( 'NONE', #4537, #1749, #5442, .T. ) ;
#4063 = EDGE_LOOP ( 'NONE', ( #2911, #5570, #4832, #5875 ) ) ;
#4064 = CARTESIAN_POINT ( 'NONE',  ( 3.149999999999999911, -2.600000000000000089, 2.600000000000000089 ) ) ;
#4065 = ORIENTED_EDGE ( 'NONE', *, *, #1791, .F. ) ;
#4066 = CARTESIAN_POINT ( 'NONE',  ( -1.949999999999999956, 0.5999999999999999778, 11.79999999999999893 ) ) ;
#4067 = DIRECTION ( 'NONE',  ( -1.000000000000000000, 0.000000000000000000, -1.110223024625160090E-15 ) ) ;
#4068 = DIRECTION ( 'NONE',  ( 1.224646799147350002E-16, -1.000000000000000000, 0.000000000000000000 ) ) ;
#4069 = EDGE_CURVE ( 'NONE', #4876, #3697, #3190, .T. ) ;
#4070 = ADVANCED_FACE ( 'NONE', ( #3163 ), #4973, .F. ) ;
#4071 = EDGE_CURVE ( 'NONE', #453, #5417, #731, .T. ) ;
#4072 = ORIENTED_EDGE ( 'NONE', *, *, #4490, .F. ) ;
#4073 = CARTESIAN_POINT ( 'NONE',  ( 3.350000000000000089, -2.143131898507869777E-16, 3.500000000000000000 ) ) ;
#4074 = ORIENTED_EDGE ( 'NONE', *, *, #5349, .F. ) ;
#4075 = DIRECTION ( 'NONE',  ( 8.881784197001250351E-16, 0.000000000000000000, 1.000000000000000000 ) ) ;
#4076 = PLANE ( 'NONE',  #2358 ) ;
#4077 = DIRECTION ( 'NONE',  ( 0.000000000000000000, -1.000000000000000000, 0.000000000000000000 ) ) ;
#4078 = LINE ( 'NONE', #3606, #5908 ) ;
#4079 = LINE ( 'NONE', #3179, #16 ) ;
#4080 = LINE ( 'NONE', #5490, #4728 ) ;
#4081 = DIRECTION ( 'NONE',  ( -1.000000000000000000, 0.000000000000000000, 1.325639432388249949E-16 ) ) ;
#4082 = VERTEX_POINT ( 'NONE', #1643 ) ;
#4083 = LINE ( 'NONE', #1750, #755 ) ;
#4084 = ORIENTED_EDGE ( 'NONE', *, *, #2251, .F. ) ;
#4085 = CARTESIAN_POINT ( 'NONE',  ( -2.949999999999999734, -5.500000000000000000, 4.558407044966670263 ) ) ;
#4086 = FACE_OUTER_BOUND ( 'NONE', #2288, .T. ) ;
#4087 = CARTESIAN_POINT ( 'NONE',  ( -0.8999999999999999112, -5.200000000000000178, 5.300159206953672849E-32 ) ) ;
#4088 = ORIENTED_EDGE ( 'NONE', *, *, #1193, .T. ) ;
#4089 = DIRECTION ( 'NONE',  ( 0.000000000000000000, 0.000000000000000000, -1.000000000000000000 ) ) ;
#4090 = DIRECTION ( 'NONE',  ( 1.000000000000000000, 1.600321476937160040E-16, 0.000000000000000000 ) ) ;
#4091 = CARTESIAN_POINT ( 'NONE',  ( -0.8000000000000000444, 2.850000000000000089, 3.000000000000000000 ) ) ;
#4092 = VECTOR ( 'NONE', #4927, 1000.000000000000000 ) ;
#4093 = ORIENTED_EDGE ( 'NONE', *, *, #2822, .F. ) ;
#4094 = ORIENTED_EDGE ( 'NONE', *, *, #684, .T. ) ;
#4095 = CARTESIAN_POINT ( 'NONE',  ( -1.949999999999999956, -2.949999999999999734, 5.500000000000000000 ) ) ;
#4096 = ORIENTED_EDGE ( 'NONE', *, *, #3694, .T. ) ;
#4097 = FACE_OUTER_BOUND ( 'NONE', #394, .T. ) ;
#4098 = CARTESIAN_POINT ( 'NONE',  ( -2.949999999999999734, -1.000000000000000000, 3.558407044966669819 ) ) ;
#4099 = LINE ( 'NONE', #3696, #5319 ) ;
#4100 = AXIS2_PLACEMENT_3D ( 'NONE', #3347, #2529, #2559 ) ;
#4101 = AXIS2_PLACEMENT_3D ( 'NONE', #5546, #1281, #305 ) ;
#4102 = AXIS2_PLACEMENT_3D ( 'NONE', #5353, #727, #1609 ) ;
#4103 = ORIENTED_EDGE ( 'NONE', *, *, #3043, .F. ) ;
#4104 = DIRECTION ( 'NONE',  ( -1.000000000000000000, 0.000000000000000000, -6.049014748177260544E-16 ) ) ;
#4105 = ORIENTED_EDGE ( 'NONE', *, *, #2742, .F. ) ;
#4106 = CARTESIAN_POINT ( 'NONE',  ( -2.000000000000000000, 0.4000000000000000222, 0.2000000000000000111 ) ) ;
#4107 = ADVANCED_FACE ( 'NONE', ( #1204 ), #5498, .F. ) ;
#4108 = DIRECTION ( 'NONE',  ( -1.000000000000000000, 0.000000000000000000, 0.000000000000000000 ) ) ;
#4109 = ADVANCED_FACE ( 'NONE', ( #2689 ), #4129, .T. ) ;
#4110 = EDGE_CURVE ( 'NONE', #1471, #4558, #2727, .T. ) ;
#4111 = VECTOR ( 'NONE', #5687, 1000.000000000000000 ) ;
#4112 = AXIS2_PLACEMENT_3D ( 'NONE', #1675, #4427, #3098 ) ;
#4113 = ADVANCED_FACE ( 'NONE', ( #391 ), #5692, .T. ) ;
#4114 = LINE ( 'NONE', #5890, #25 ) ;
#4115 = DIRECTION ( 'NONE',  ( 0.000000000000000000, 0.000000000000000000, 1.000000000000000000 ) ) ;
#4116 = VECTOR ( 'NONE', #2427, 1000.000000000000000 ) ;
#4117 = VECTOR ( 'NONE', #5679, 1000.000000000000000 ) ;
#4118 = CARTESIAN_POINT ( 'NONE',  ( 2.000000000000000000, 0.2599999999999999534, 0.5999999999999999778 ) ) ;
#4119 = CARTESIAN_POINT ( 'NONE',  ( 0.9000000000000000222, 5.100000000000000533, -0.4000000000000000222 ) ) ;
#4120 = ORIENTED_EDGE ( 'NONE', *, *, #4191, .F. ) ;
#4121 = LINE ( 'NONE', #3711, #2639 ) ;
#4122 = CARTESIAN_POINT ( 'NONE',  ( 3.350000000000000089, 2.600000000000000089, 2.600000000000000089 ) ) ;
#4123 = CIRCLE ( 'NONE', #3030, 0.5000000000000854872 ) ;
#4124 = CARTESIAN_POINT ( 'NONE',  ( -0.6500000000000000222, -4.299999999999999822, -0.6999999999999999556 ) ) ;
#4125 = LINE ( 'NONE', #3224, #5214 ) ;
#4126 = ORIENTED_EDGE ( 'NONE', *, *, #2438, .T. ) ;
#4127 = DIRECTION ( 'NONE',  ( -1.000000000000000000, 0.000000000000000000, 0.000000000000000000 ) ) ;
#4128 = AXIS2_PLACEMENT_3D ( 'NONE', #2980, #2450, #1054 ) ;
#4129 = CYLINDRICAL_SURFACE ( 'NONE', #5707, 0.8000000000000000444 ) ;
#4130 = DIRECTION ( 'NONE',  ( -1.000000000000000000, 0.000000000000000000, 0.000000000000000000 ) ) ;
#4131 = VECTOR ( 'NONE', #5492, 1000.000000000000000 ) ;
#4132 = ORIENTED_EDGE ( 'NONE', *, *, #4149, .T. ) ;
#4133 = ORIENTED_EDGE ( 'NONE', *, *, #5651, .F. ) ;
#4134 = CARTESIAN_POINT ( 'NONE',  ( 2.949999999999999734, -6.349999999999999645, 1.558407044966670041 ) ) ;
#4135 = EDGE_LOOP ( 'NONE', ( #1174, #3893, #1844, #5058 ) ) ;
#4136 = FACE_OUTER_BOUND ( 'NONE', #2834, .T. ) ;
#4137 = VECTOR ( 'NONE', #2876, 1000.000000000000000 ) ;
#4138 = FACE_OUTER_BOUND ( 'NONE', #3344, .T. ) ;
#4139 = DIRECTION ( 'NONE',  ( -0.000000000000000000, 1.000000000000000000, 0.000000000000000000 ) ) ;
#4140 = VECTOR ( 'NONE', #1787, 1000.000000000000000 ) ;
#4141 = VECTOR ( 'NONE', #3299, 1000.000000000000000 ) ;
#4142 = EDGE_LOOP ( 'NONE', ( #738, #2565, #700, #5538 ) ) ;
#4143 = DIRECTION ( 'NONE',  ( -1.000000000000000000, 0.000000000000000000, 0.000000000000000000 ) ) ;
#4144 = ORIENTED_EDGE ( 'NONE', *, *, #1791, .T. ) ;
#4145 = LINE ( 'NONE', #4549, #1372 ) ;
#4146 = FACE_OUTER_BOUND ( 'NONE', #5855, .T. ) ;
#4147 = CLOSED_SHELL ( 'NONE', ( #258, #269, #262, #3381, #2895, #4343, #387, #5943, #1681, #341, #5719, #2166, #768, #2439, #882, #1955, #6095, #3914, #2091, #5762, #3770, #539, #4158, #4488, #1956, #5976, #1890, #4193, #2975, #799, #4107, #3354, #1524, #5106, #4662, #2511, #3984, #3767, #6182, #3686, #2440, #5095, #5911, #996, #5977, #1883, #1912, #4070, #1395, #343 ) ) ;
#4148 = FACE_OUTER_BOUND ( 'NONE', #5825, .T. ) ;
#4149 = EDGE_CURVE ( 'NONE', #854, #465, #4670, .T. ) ;
#4150 = EDGE_CURVE ( 'NONE', #2569, #1339, #5133, .T. ) ;
#4151 = AXIS2_PLACEMENT_3D ( 'NONE', #5882, #1557, #4924 ) ;
#4152 = CYLINDRICAL_SURFACE ( 'NONE', #2614, 0.8000000000000000444 ) ;
#4153 = ORIENTED_EDGE ( 'NONE', *, *, #4413, .F. ) ;
#4154 = CARTESIAN_POINT ( 'NONE',  ( -3.149999999999999911, -2.600000000000000089, 2.600000000000000089 ) ) ;
#4155 = ORIENTED_EDGE ( 'NONE', *, *, #3388, .F. ) ;
#4156 = DIRECTION ( 'NONE',  ( -1.325639432388249949E-16, 0.000000000000000000, -1.000000000000000000 ) ) ;
#4157 = DIRECTION ( 'NONE',  ( 1.000000000000000000, 0.000000000000000000, 7.569702440626069226E-17 ) ) ;
#4158 = ADVANCED_FACE ( 'NONE', ( #3816 ), #956, .T. ) ;
#4159 = ADVANCED_FACE ( 'NONE', ( #2354 ), #1863, .T. ) ;
#4160 = LINE ( 'NONE', #6032, #4819 ) ;
#4161 = ORIENTED_EDGE ( 'NONE', *, *, #3352, .F. ) ;
#4162 = CARTESIAN_POINT ( 'NONE',  ( 0.000000000000000000, 0.000000000000000000, 6.200000000000000178 ) ) ;
#4163 = CARTESIAN_POINT ( 'NONE',  ( -2.949999999999999734, 6.349999999999999645, 1.558407044966670041 ) ) ;
#4164 = CARTESIAN_POINT ( 'NONE',  ( 2.000000000000000000, 0.2599999999999999534, 0.2999999999999999889 ) ) ;
#4165 = VERTEX_POINT ( 'NONE', #3227 ) ;
#4166 = ORIENTED_EDGE ( 'NONE', *, *, #5482, .F. ) ;
#4167 = CARTESIAN_POINT ( 'NONE',  ( 2.000000000000000000, -0.4999999999999996669, 0.2000000000000000944 ) ) ;
#4168 = ORIENTED_EDGE ( 'NONE', *, *, #606, .F. ) ;
#4169 = CARTESIAN_POINT ( 'NONE',  ( 2.949999999999999734, 0.8000000000000000444, 2.500000000000000000 ) ) ;
#4170 = CARTESIAN_POINT ( 'NONE',  ( -1.949999999999999956, 3.000000000000000000, 1.600000000000000089 ) ) ;
#4171 = VERTEX_POINT ( 'NONE', #861 ) ;
#4172 = CARTESIAN_POINT ( 'NONE',  ( -3.350000000000000089, -1.000000000000000000, 3.558407044966669819 ) ) ;
#4173 = VERTEX_POINT ( 'NONE', #4224 ) ;
#4174 = LINE ( 'NONE', #1351, #5344 ) ;
#4175 = DIRECTION ( 'NONE',  ( 1.000000000000000000, 0.000000000000000000, 0.000000000000000000 ) ) ;
#4176 = LINE ( 'NONE', #878, #2525 ) ;
#4177 = APPLICATION_PROTOCOL_DEFINITION ( 'draft international standard', 'automotive_design', 1998, #3852 ) ;
#4178 = VERTEX_POINT ( 'NONE', #2383 ) ;
#4179 = CARTESIAN_POINT ( 'NONE',  ( 0.9000000000000000222, 4.200000000000000178, 0.2000000000000000111 ) ) ;
#4180 = EDGE_LOOP ( 'NONE', ( #69, #4887, #3691, #5397 ) ) ;
#4181 = CYLINDRICAL_SURFACE ( 'NONE', #1461, 0.5000000000000004441 ) ;
#4182 = ORIENTED_EDGE ( 'NONE', *, *, #3415, .T. ) ;
#4183 = CARTESIAN_POINT ( 'NONE',  ( 0.9000000000000000222, 0.4000000000000000222, -0.4000000000000000222 ) ) ;
#4184 = DIRECTION ( 'NONE',  ( -1.000000000000000000, 0.000000000000000000, -1.178997902256800061E-16 ) ) ;
#4185 = CARTESIAN_POINT ( 'NONE',  ( 3.350000000000000089, -5.400000000000000355, 2.600000000000000089 ) ) ;
#4186 = DIRECTION ( 'NONE',  ( -4.230397133684119468E-32, -1.000000000000000000, 6.993530863780509846E-17 ) ) ;
#4187 = VERTEX_POINT ( 'NONE', #4 ) ;
#4188 = CARTESIAN_POINT ( 'NONE',  ( 0.9000000000000001332, -5.200000000000000178, -0.3999999999999998557 ) ) ;
#4189 = CARTESIAN_POINT ( 'NONE',  ( -3.350000000000000089, 0.8000000000000000444, 2.500000000000000000 ) ) ;
#4190 = EDGE_CURVE ( 'NONE', #5887, #1752, #3289, .T. ) ;
#4191 = EDGE_CURVE ( 'NONE', #1488, #4231, #2818, .T. ) ;
#4192 = EDGE_CURVE ( 'NONE', #1658, #3445, #4261, .T. ) ;
#4193 = ADVANCED_FACE ( 'NONE', ( #2810 ), #5557, .F. ) ;
#4194 = DIRECTION ( 'NONE',  ( -1.000000000000000000, 0.000000000000000000, 0.000000000000000000 ) ) ;
#4195 = ORIENTED_EDGE ( 'NONE', *, *, #2438, .F. ) ;
#4196 = ORIENTED_EDGE ( 'NONE', *, *, #2894, .F. ) ;
#4197 = DIRECTION ( 'NONE',  ( 1.233581138472399909E-16, -1.000000000000000000, 0.000000000000000000 ) ) ;
#4198 = ORIENTED_EDGE ( 'NONE', *, *, #535, .T. ) ;
#4199 = DIRECTION ( 'NONE',  ( 0.000000000000000000, 0.000000000000000000, 1.000000000000000000 ) ) ;
#4200 = LINE ( 'NONE', #2267, #1817 ) ;
#4201 = ORIENTED_EDGE ( 'NONE', *, *, #6027, .T. ) ;
#4202 = LINE ( 'NONE', #3698, #3104 ) ;
#4203 = ORIENTED_EDGE ( 'NONE', *, *, #5910, .T. ) ;
#4204 = CARTESIAN_POINT ( 'NONE',  ( -4.999999999999999112, -4.300000000000000711, -7.000000000000000000 ) ) ;
#4205 = PRESENTATION_STYLE_ASSIGNMENT (( #403 ) ) ;
#4206 = LINE ( 'NONE', #6117, #4727 ) ;
#4207 = VECTOR ( 'NONE', #994, 1000.000000000000000 ) ;
#4208 = CIRCLE ( 'NONE', #4503, 0.6500000000000000222 ) ;
#4209 = VERTEX_POINT ( 'NONE', #2312 ) ;
#4210 = CARTESIAN_POINT ( 'NONE',  ( -4.999999999999999112, 0.4000000000000000777, -7.000000000000000000 ) ) ;
#4211 = CARTESIAN_POINT ( 'NONE',  ( 2.949999999999999734, 2.500000000000000000, 2.558407044966669819 ) ) ;
#4212 = AXIS2_PLACEMENT_3D ( 'NONE', #3955, #5865, #3480 ) ;
#4213 = ORIENTED_EDGE ( 'NONE', *, *, #5033, .T. ) ;
#4215 = DIRECTION ( 'NONE',  ( -1.600321476937160040E-16, 1.000000000000000000, 0.000000000000000000 ) ) ;
#4214 = VECTOR ( 'NONE', #1099, 1000.000000000000000 ) ;
#4216 = VECTOR ( 'NONE', #209, 1000.000000000000000 ) ;
#4217 = DIRECTION ( 'NONE',  ( 0.000000000000000000, -1.000000000000000000, 0.000000000000000000 ) ) ;
#4218 = AXIS2_PLACEMENT_3D ( 'NONE', #3545, #6016, #3084 ) ;
#4219 = VECTOR ( 'NONE', #2667, 1000.000000000000000 ) ;
#4220 = ORIENTED_EDGE ( 'NONE', *, *, #3732, .F. ) ;
#4221 = CARTESIAN_POINT ( 'NONE',  ( -3.350000000000000089, 2.600000000000000089, 2.600000000000000089 ) ) ;
#4222 = VERTEX_POINT ( 'NONE', #4183 ) ;
#4223 = FACE_OUTER_BOUND ( 'NONE', #4263, .T. ) ;
#4224 = CARTESIAN_POINT ( 'NONE',  ( 2.000000000000000000, 0.4000000000000000222, 0.2000000000000000111 ) ) ;
#4225 = VECTOR ( 'NONE', #1027, 1000.000000000000000 ) ;
#4226 = CARTESIAN_POINT ( 'NONE',  ( -2.949999999999999734, 6.349999999999999645, 6.200000000000000178 ) ) ;
#4227 = EDGE_LOOP ( 'NONE', ( #1532, #999, #3348, #5218 ) ) ;
#4228 = EDGE_CURVE ( 'NONE', #3677, #5699, #448, .T. ) ;
#4229 = EDGE_CURVE ( 'NONE', #5937, #6112, #3184, .T. ) ;
#4230 = EDGE_CURVE ( 'NONE', #1098, #401, #1814, .T. ) ;
#4231 = VERTEX_POINT ( 'NONE', #411 ) ;
#4232 = FACE_OUTER_BOUND ( 'NONE', #1437, .T. ) ;
#4233 = EDGE_CURVE ( 'NONE', #1649, #1017, #3679, .T. ) ;
#4234 = ORIENTED_EDGE ( 'NONE', *, *, #3614, .F. ) ;
#4235 = PLANE ( 'NONE',  #5139 ) ;
#4236 = AXIS2_PLACEMENT_3D ( 'NONE', #3760, #5202, #365 ) ;
#4237 = FACE_OUTER_BOUND ( 'NONE', #138, .T. ) ;
#4238 = ORIENTED_EDGE ( 'NONE', *, *, #2585, .T. ) ;
#4239 = DIRECTION ( 'NONE',  ( 0.000000000000000000, 0.000000000000000000, -1.000000000000000000 ) ) ;
#4240 = EDGE_CURVE ( 'NONE', #5180, #1944, #6164, .T. ) ;
#4241 = AXIS2_PLACEMENT_3D ( 'NONE', #2353, #2259, #1893 ) ;
#4242 = EDGE_CURVE ( 'NONE', #1663, #5848, #1927, .T. ) ;
#4243 = ORIENTED_EDGE ( 'NONE', *, *, #2896, .F. ) ;
#4244 = FACE_OUTER_BOUND ( 'NONE', #4911, .T. ) ;
#4245 = DIRECTION ( 'NONE',  ( 0.000000000000000000, 4.440892098500630106E-16, -1.000000000000000000 ) ) ;
#4246 = FACE_OUTER_BOUND ( 'NONE', #5765, .T. ) ;
#4247 = PLANE ( 'NONE',  #927 ) ;
#4248 = VECTOR ( 'NONE', #3336, 1000.000000000000000 ) ;
#4249 = ORIENTED_EDGE ( 'NONE', *, *, #2364, .T. ) ;
#4250 = DIRECTION ( 'NONE',  ( -0.9912279006826346661, 0.000000000000000000, 0.1321637200910179555 ) ) ;
#4251 = CARTESIAN_POINT ( 'NONE',  ( 2.000000000000000000, 0.4000000000000000222, 0.2999999999999999889 ) ) ;
#4252 = VECTOR ( 'NONE', #1432, 1000.000000000000000 ) ;
#4253 = EDGE_LOOP ( 'NONE', ( #5954, #6005, #1295, #2482 ) ) ;
#4254 = DIRECTION ( 'NONE',  ( 0.000000000000000000, 0.000000000000000000, -1.000000000000000000 ) ) ;
#4255 = CIRCLE ( 'NONE', #1559, 0.1000000000000002554 ) ;
#4256 = DIRECTION ( 'NONE',  ( 0.000000000000000000, 0.000000000000000000, 1.000000000000000000 ) ) ;
#4257 = DIRECTION ( 'NONE',  ( 1.355252715606880049E-16, -1.000000000000000000, 0.000000000000000000 ) ) ;
#4258 = CARTESIAN_POINT ( 'NONE',  ( -2.350000000000000089, -4.740000000000000213, 0.5999999999999999778 ) ) ;
#4259 = ORIENTED_EDGE ( 'NONE', *, *, #5760, .F. ) ;
#4260 = DIRECTION ( 'NONE',  ( 1.000000000000000000, 0.000000000000000000, 0.000000000000000000 ) ) ;
#4261 = LINE ( 'NONE', #6169, #3210 ) ;
#4262 = DIRECTION ( 'NONE',  ( 0.6401843996644799306, 0.000000000000000000, -0.7682212795973758501 ) ) ;
#4263 = EDGE_LOOP ( 'NONE', ( #3627, #4354, #3125, #1096 ) ) ;
#4264 = EDGE_LOOP ( 'NONE', ( #4530, #1191, #4556, #5764 ) ) ;
#4265 = LINE ( 'NONE', #5637, #6133 ) ;
#4266 = CARTESIAN_POINT ( 'NONE',  ( 2.000000000000000000, -4.299999999999999822, 0.2000000000000000111 ) ) ;
#4267 = PRODUCT ( 'ss12d10', 'ss12d10', '', ( #1848 ) ) ;
#4268 = CARTESIAN_POINT ( 'NONE',  ( 0.8000000000000000444, -5.000000000000000000, 1.600000000000000089 ) ) ;
#4269 = EDGE_CURVE ( 'NONE', #5131, #4356, #4625, .T. ) ;
#4270 = ORIENTED_EDGE ( 'NONE', *, *, #5840, .T. ) ;
#4271 = CARTESIAN_POINT ( 'NONE',  ( -2.949999999999999734, 5.500000000000000000, 2.558407044966679589 ) ) ;
#4272 = ORIENTED_EDGE ( 'NONE', *, *, #3566, .F. ) ;
#4273 = LINE ( 'NONE', #1001, #4757 ) ;
#4274 = DIRECTION ( 'NONE',  ( 0.000000000000000000, -8.673617379884013384E-15, 1.000000000000000000 ) ) ;
#4275 = FACE_OUTER_BOUND ( 'NONE', #1083, .T. ) ;
#4276 = EDGE_CURVE ( 'NONE', #3878, #5280, #1420, .T. ) ;
#4277 = EDGE_CURVE ( 'NONE', #586, #4947, #6026, .T. ) ;
#4278 = EDGE_CURVE ( 'NONE', #952, #5078, #5686, .T. ) ;
#4279 = LINE ( 'NONE', #503, #27 ) ;
#4280 = DIRECTION ( 'NONE',  ( -1.398706172756099997E-16, -1.000000000000000000, 0.000000000000000000 ) ) ;
#4281 = VERTEX_POINT ( 'NONE', #5658 ) ;
#4282 = FACE_OUTER_BOUND ( 'NONE', #5421, .T. ) ;
#4283 = CARTESIAN_POINT ( 'NONE',  ( 2.949999999999999734, 1.000000000000000000, 3.558407044966669819 ) ) ;
#4284 = LINE ( 'NONE', #1450, #1128 ) ;
#4285 = CARTESIAN_POINT ( 'NONE',  ( 0.6499999999999994671, -5.200000000000000178, -0.7000000000000000666 ) ) ;
#4286 = ORIENTED_EDGE ( 'NONE', *, *, #1225, .F. ) ;
#4287 = LINE ( 'NONE', #3894, #4021 ) ;
#4288 = CARTESIAN_POINT ( 'NONE',  ( -3.149999999999999911, -5.400000000000000355, 4.500000000000000000 ) ) ;
#4289 = ORIENTED_EDGE ( 'NONE', *, *, #2475, .T. ) ;
#4290 = ORIENTED_EDGE ( 'NONE', *, *, #1265, .F. ) ;
#4291 = PLANE ( 'NONE',  #4834 ) ;
#4292 = LINE ( 'NONE', #96, #4252 ) ;
#4293 = CARTESIAN_POINT ( 'NONE',  ( 0.8000000000000000444, 2.850000000000000089, 3.000000000000000000 ) ) ;
#4294 = ORIENTED_EDGE ( 'NONE', *, *, #1827, .T. ) ;
#4295 = CARTESIAN_POINT ( 'NONE',  ( -5.649999999999999467, 0.3999999999999993561, -6.349999999999999645 ) ) ;
#4296 = ORIENTED_EDGE ( 'NONE', *, *, #5107, .T. ) ;
#4297 = FACE_OUTER_BOUND ( 'NONE', #2074, .T. ) ;
#4298 = CARTESIAN_POINT ( 'NONE',  ( 3.350000000000000089, -6.349999999999999645, 6.299999999999999822 ) ) ;
#4299 = DIRECTION ( 'NONE',  ( -8.881784197001250351E-16, 0.000000000000000000, -1.000000000000000000 ) ) ;
#4300 = VERTEX_POINT ( 'NONE', #4663 ) ;
#4301 = LINE ( 'NONE', #5034, #963 ) ;
#4302 = FACE_OUTER_BOUND ( 'NONE', #691, .T. ) ;
#4303 = CARTESIAN_POINT ( 'NONE',  ( 3.149999999999999911, -2.600000000000000089, 4.500000000000000000 ) ) ;
#4304 = EDGE_CURVE ( 'NONE', #1509, #5790, #382, .T. ) ;
#4305 = EDGE_CURVE ( 'NONE', #1092, #2889, #2786, .T. ) ;
#4306 = ORIENTED_EDGE ( 'NONE', *, *, #955, .T. ) ;
#4307 = EDGE_CURVE ( 'NONE', #4537, #65, #5191, .T. ) ;
#4308 = LINE ( 'NONE', #3802, #4248 ) ;
#4309 = EDGE_CURVE ( 'NONE', #1159, #2339, #4900, .T. ) ;
#4310 = VECTOR ( 'NONE', #1401, 1000.000000000000000 ) ;
#4311 = DIRECTION ( 'NONE',  ( 0.000000000000000000, 0.000000000000000000, -1.000000000000000000 ) ) ;
#4312 = EDGE_LOOP ( 'NONE', ( #3967, #883, #5137, #6138 ) ) ;
#4313 = AXIS2_PLACEMENT_3D ( 'NONE', #2505, #638, #3660 ) ;
#4314 = AXIS2_PLACEMENT_3D ( 'NONE', #1580, #3463, #5380 ) ;
#4315 = FACE_OUTER_BOUND ( 'NONE', #492, .T. ) ;
#4316 = ORIENTED_EDGE ( 'NONE', *, *, #650, .T. ) ;
#4317 = CARTESIAN_POINT ( 'NONE',  ( -1.949999999999999956, 3.000000000000000000, 1.600000000000000089 ) ) ;
#4318 = VECTOR ( 'NONE', #442, 1000.000000000000000 ) ;
#4319 = VECTOR ( 'NONE', #246, 1000.000000000000000 ) ;
#4320 = FACE_OUTER_BOUND ( 'NONE', #852, .T. ) ;
#4321 = ORIENTED_EDGE ( 'NONE', *, *, #4772, .T. ) ;
#4322 = ADVANCED_BREP_SHAPE_REPRESENTATION ( 'ss12d10', ( #201, #124, #292, #4415, #4327, #173, #2304, #2517 ), #2720 ) ;
#4323 = VERTEX_POINT ( 'NONE', #1040 ) ;
#4324 = AXIS2_PLACEMENT_3D ( 'NONE', #4326, #1961, #4769 ) ;
#4325 = FACE_OUTER_BOUND ( 'NONE', #1359, .T. ) ;
#4326 = CARTESIAN_POINT ( 'NONE',  ( -3.149999999999999911, -5.400000000000000355, 4.500000000000000000 ) ) ;
#4327 = MANIFOLD_SOLID_BREP ( 'ss12d10.stp<1>[6]', #5744 ) ;
#4328 = ORIENTED_EDGE ( 'NONE', *, *, #5030, .T. ) ;
#4329 = ORIENTED_EDGE ( 'NONE', *, *, #2512, .F. ) ;
#4330 = DIRECTION ( 'NONE',  ( 0.000000000000000000, -1.000000000000000000, 0.000000000000000000 ) ) ;
#4331 = VECTOR ( 'NONE', #2264, 1000.000000000000000 ) ;
#4332 = SURFACE_SIDE_STYLE ('',( #4835 ) ) ;
#4333 = CARTESIAN_POINT ( 'NONE',  ( 2.350000000000000089, 0.2599999999999999534, 0.5999999999999999778 ) ) ;
#4334 = VECTOR ( 'NONE', #2910, 1000.000000000000114 ) ;
#4335 = EDGE_LOOP ( 'NONE', ( #2702, #5282, #5846, #2471 ) ) ;
#4336 = DIRECTION ( 'NONE',  ( -0.000000000000000000, 1.000000000000000000, 0.000000000000000000 ) ) ;
#4337 = CARTESIAN_POINT ( 'NONE',  ( -4.999999999999999112, 5.099999999999999645, -7.000000000000000000 ) ) ;
#4338 = PLANE ( 'NONE',  #5823 ) ;
#4339 = VERTEX_POINT ( 'NONE', #568 ) ;
#4340 = CARTESIAN_POINT ( 'NONE',  ( -2.299999999999999822, -0.2599999999999999534, 0.5999999999999999778 ) ) ;
#4341 = LINE ( 'NONE', #3109, #3498 ) ;
#4342 = FACE_OUTER_BOUND ( 'NONE', #2203, .T. ) ;
#4343 = ADVANCED_FACE ( 'NONE', ( #1915 ), #1536, .T. ) ;
#4344 = ORIENTED_EDGE ( 'NONE', *, *, #5597, .F. ) ;
#4345 = VECTOR ( 'NONE', #1587, 1000.000000000000000 ) ;
#4346 = DIRECTION ( 'NONE',  ( -6.661338147750940229E-16, 0.000000000000000000, -1.000000000000000000 ) ) ;
#4347 = ORIENTED_EDGE ( 'NONE', *, *, #4815, .F. ) ;
#4348 = DIRECTION ( 'NONE',  ( 1.138690281666829832E-16, 0.000000000000000000, 1.000000000000000000 ) ) ;
#4349 = VERTEX_POINT ( 'NONE', #5369 ) ;
#4350 = AXIS2_PLACEMENT_3D ( 'NONE', #3741, #905, #4274 ) ;
#4351 = AXIS2_PLACEMENT_3D ( 'NONE', #3761, #1898, #6104 ) ;
#4352 = ADVANCED_FACE ( 'NONE', ( #5748 ), #3803, .T. ) ;
#4353 = ADVANCED_FACE ( 'NONE', ( #3925 ), #1449, .F. ) ;
#4354 = ORIENTED_EDGE ( 'NONE', *, *, #1458, .T. ) ;
#4355 = VECTOR ( 'NONE', #190, 1000.000000000000000 ) ;
#4356 = VERTEX_POINT ( 'NONE', #2033 ) ;
#4357 = DIRECTION ( 'NONE',  ( 0.000000000000000000, -1.000000000000000000, -5.657187386625000224E-17 ) ) ;
#4358 = CARTESIAN_POINT ( 'NONE',  ( 0.2400000000000000189, 3.000000000000000000, 3.399999999999999911 ) ) ;
#4359 = VERTEX_POINT ( 'NONE', #4396 ) ;
#4360 = ORIENTED_EDGE ( 'NONE', *, *, #4276, .F. ) ;
#4361 = DIRECTION ( 'NONE',  ( -0.000000000000000000, 1.000000000000000000, 0.000000000000000000 ) ) ;
#4362 = CARTESIAN_POINT ( 'NONE',  ( -2.949999999999999734, -1.000000000000000000, 1.558407044966670041 ) ) ;
#4363 = DIRECTION ( 'NONE',  ( 0.000000000000000000, 0.000000000000000000, 1.000000000000000000 ) ) ;
#4364 = ORIENTED_EDGE ( 'NONE', *, *, #3080, .F. ) ;
#4365 = DIRECTION ( 'NONE',  ( 2.775557561562890365E-16, 1.000000000000000000, 0.000000000000000000 ) ) ;
#4366 = DIRECTION ( 'NONE',  ( -1.000000000000000000, 0.000000000000000000, 0.000000000000000000 ) ) ;
#4367 = CARTESIAN_POINT ( 'NONE',  ( -2.949999999999999734, 6.349999999999999645, 6.200000000000000178 ) ) ;
#4368 = ORIENTED_EDGE ( 'NONE', *, *, #2625, .F. ) ;
#4369 = DIRECTION ( 'NONE',  ( 0.000000000000000000, 1.000000000000000000, 0.000000000000000000 ) ) ;
#4370 = SURFACE_STYLE_USAGE ( .BOTH. , #621 ) ;
#4371 = CARTESIAN_POINT ( 'NONE',  ( 0.000000000000000000, 0.000000000000000000, 0.2999999999999999889 ) ) ;
#4372 = VERTEX_POINT ( 'NONE', #3368 ) ;
#4373 = CARTESIAN_POINT ( 'NONE',  ( -0.9000000000000000222, -4.299999999999999822, -0.4000000000000000222 ) ) ;
#4374 = ORIENTED_EDGE ( 'NONE', *, *, #5681, .T. ) ;
#4375 = DIRECTION ( 'NONE',  ( 0.000000000000000000, -1.000000000000000000, 1.387778780781449866E-16 ) ) ;
#4376 = ORIENTED_EDGE ( 'NONE', *, *, #1042, .F. ) ;
#4377 = EDGE_LOOP ( 'NONE', ( #3517, #2385, #2618, #2828 ) ) ;
#4378 = ORIENTED_EDGE ( 'NONE', *, *, #1425, .T. ) ;
#4379 = DIRECTION ( 'NONE',  ( 0.000000000000000000, 1.000000000000000000, 0.000000000000000000 ) ) ;
#4380 = EDGE_CURVE ( 'NONE', #3677, #3845, #2905, .T. ) ;
#4381 = EDGE_CURVE ( 'NONE', #5699, #578, #5278, .T. ) ;
#4382 = EDGE_CURVE ( 'NONE', #3683, #110, #2993, .T. ) ;
#4383 = EDGE_CURVE ( 'NONE', #661, #1092, #4341, .T. ) ;
#4384 = CARTESIAN_POINT ( 'NONE',  ( 3.350000000000000089, -4.895471604646350236E-17, 3.558407044966669819 ) ) ;
#4385 = ORIENTED_EDGE ( 'NONE', *, *, #6062, .T. ) ;
#4386 = VERTEX_POINT ( 'NONE', #5427 ) ;
#4387 = DIRECTION ( 'NONE',  ( -1.000000000000000000, 0.000000000000000000, 0.000000000000000000 ) ) ;
#4388 = DIRECTION ( 'NONE',  ( 1.000000000000000000, 0.000000000000000000, -6.049014748177260544E-16 ) ) ;
#4389 = LINE ( 'NONE', #3331, #633 ) ;
#4390 = ORIENTED_EDGE ( 'NONE', *, *, #5754, .T. ) ;
#4391 = CARTESIAN_POINT ( 'NONE',  ( -1.949999999999999956, -5.000000000000000000, 5.500000000000000000 ) ) ;
#4392 = CARTESIAN_POINT ( 'NONE',  ( 3.350000000000000089, 2.600000000000000089, 2.600000000000000089 ) ) ;
#4393 = CARTESIAN_POINT ( 'NONE',  ( -3.350000000000000089, 0.8000000000000000444, 2.500000000000000000 ) ) ;
#4394 = ORIENTED_EDGE ( 'NONE', *, *, #3654, .T. ) ;
#4395 = CARTESIAN_POINT ( 'NONE',  ( -4.999999999999999112, -0.5000000000000005551, -6.349999999999999645 ) ) ;
#4396 = CARTESIAN_POINT ( 'NONE',  ( -2.000000000000000000, 4.200000000000000178, 0.2000000000000000111 ) ) ;
#4397 = CARTESIAN_POINT ( 'NONE',  ( 2.350000000000000089, -5.549999999999999822, 0.000000000000000000 ) ) ;
#4398 = EDGE_LOOP ( 'NONE', ( #4746, #1483, #4008, #1404 ) ) ;
#4399 = DIRECTION ( 'NONE',  ( -6.556076193024020700E-16, 0.000000000000000000, 1.000000000000000000 ) ) ;
#4400 = VERTEX_POINT ( 'NONE', #1596 ) ;
#4401 = LINE ( 'NONE', #4790, #1362 ) ;
#4402 = ORIENTED_EDGE ( 'NONE', *, *, #1344, .F. ) ;
#4403 = AXIS2_PLACEMENT_3D ( 'NONE', #2291, #5134, #2325 ) ;
#4404 = VECTOR ( 'NONE', #1382, 1000.000000000000000 ) ;
#4405 = VECTOR ( 'NONE', #1167, 1000.000000000000000 ) ;
#4406 = LINE ( 'NONE', #132, #220 ) ;
#4407 = EDGE_LOOP ( 'NONE', ( #2652, #4976, #191, #3107 ) ) ;
#4408 = ORIENTED_EDGE ( 'NONE', *, *, #2822, .T. ) ;
#4409 = DIRECTION ( 'NONE',  ( 0.000000000000000000, 0.000000000000000000, -1.000000000000000000 ) ) ;
#4410 = STYLED_ITEM ( 'NONE', ( #985 ), #4327 ) ;
#4411 = AXIS2_PLACEMENT_3D ( 'NONE', #3153, #5085, #3180 ) ;
#4412 = DIRECTION ( 'NONE',  ( 1.000000000000000000, 0.000000000000000000, -1.110223024625160090E-15 ) ) ;
#4413 = EDGE_CURVE ( 'NONE', #4165, #4841, #3478, .T. ) ;
#4414 = EDGE_CURVE ( 'NONE', #2195, #1178, #1161, .T. ) ;
#4415 = MANIFOLD_SOLID_BREP ( 'ss12d10.stp<1>[5]', #2954 ) ;
#4416 = AXIS2_PLACEMENT_3D ( 'NONE', #3058, #2580, #4485 ) ;
#4417 = EDGE_CURVE ( 'NONE', #165, #1658, #6029, .T. ) ;
#4418 = ORIENTED_EDGE ( 'NONE', *, *, #2624, .F. ) ;
#4419 = VERTEX_POINT ( 'NONE', #2273 ) ;
#4420 = CARTESIAN_POINT ( 'NONE',  ( -0.6500000000000000222, 5.100000000000000533, -0.6999999999999999556 ) ) ;
#4421 = DIRECTION ( 'NONE',  ( 1.000000000000000000, 0.000000000000000000, 2.775557561562890365E-16 ) ) ;
#4422 = LINE ( 'NONE', #2019, #4116 ) ;
#4423 = EDGE_CURVE ( 'NONE', #4281, #3661, #3550, .T. ) ;
#4424 = EDGE_CURVE ( 'NONE', #3292, #586, #2187, .T. ) ;
#4425 = VERTEX_POINT ( 'NONE', #5466 ) ;
#4426 = DIRECTION ( 'NONE',  ( 1.000000000000000000, 0.000000000000000000, 0.000000000000000000 ) ) ;
#4427 = DIRECTION ( 'NONE',  ( 0.000000000000000000, 0.000000000000000000, -1.000000000000000000 ) ) ;
#4428 = CARTESIAN_POINT ( 'NONE',  ( 2.949999999999999734, -6.349999999999999645, 6.299999999999999822 ) ) ;
#4429 = VERTEX_POINT ( 'NONE', #1171 ) ;
#4430 = CARTESIAN_POINT ( 'NONE',  ( -2.949999999999999734, -0.8000000000000000444, 2.500000000000000000 ) ) ;
#4431 = CARTESIAN_POINT ( 'NONE',  ( -3.350000000000000089, 1.000000000000000000, 1.558407044966670041 ) ) ;
#4432 = CARTESIAN_POINT ( 'NONE',  ( 0.6500000000000000222, -4.299999999999999822, -6.349999999999999645 ) ) ;
#4433 = VECTOR ( 'NONE', #2792, 1000.000000000000000 ) ;
#4434 = PLANE ( 'NONE',  #4508 ) ;
#4435 = VERTEX_POINT ( 'NONE', #251 ) ;
#4436 = CARTESIAN_POINT ( 'NONE',  ( 3.350000000000000089, -5.400000000000000355, 3.000000000000000000 ) ) ;
#4437 = AXIS2_PLACEMENT_3D ( 'NONE', #187, #4017, #5464 ) ;
#4438 = EDGE_LOOP ( 'NONE', ( #3759, #6187, #1575, #4804 ) ) ;
#4439 = VECTOR ( 'NONE', #3655, 1000.000000000000000 ) ;
#4440 = AXIS2_PLACEMENT_3D ( 'NONE', #2063, #1126, #2492 ) ;
#4441 = CARTESIAN_POINT ( 'NONE',  ( 2.000000000000000000, 3.100000000000000089, 6.400000000000000355 ) ) ;
#4442 = ORIENTED_EDGE ( 'NONE', *, *, #2664, .F. ) ;
#4443 = ORIENTED_EDGE ( 'NONE', *, *, #3654, .F. ) ;
#4444 = DIRECTION ( 'NONE',  ( 1.178997902256800061E-16, 1.420302318869637926E-32, -1.000000000000000000 ) ) ;
#4445 = FACE_OUTER_BOUND ( 'NONE', #3516, .T. ) ;
#4446 = VECTOR ( 'NONE', #4498, 1000.000000000000000 ) ;
#4447 = ORIENTED_EDGE ( 'NONE', *, *, #4773, .T. ) ;
#4448 = ORIENTED_EDGE ( 'NONE', *, *, #3564, .F. ) ;
#4449 = CARTESIAN_POINT ( 'NONE',  ( 0.6500000000000000222, -4.299999999999999822, -0.6999999999999999556 ) ) ;
#4450 = ADVANCED_FACE ( 'NONE', ( #3064 ), #2684, .T. ) ;
#4451 = LINE ( 'NONE', #5793, #3260 ) ;
#4452 = PRODUCT_RELATED_PRODUCT_CATEGORY ( 'part', '', ( #4267 ) ) ;
#4453 = CARTESIAN_POINT ( 'NONE',  ( -3.350000000000000089, -5.500000000000000000, 4.558407044966670263 ) ) ;
#4454 = ORIENTED_EDGE ( 'NONE', *, *, #6065, .F. ) ;
#4455 = DIRECTION ( 'NONE',  ( -1.000000000000000000, -1.668003342285390565E-16, 0.000000000000000000 ) ) ;
#4456 = LINE ( 'NONE', #2085, #2838 ) ;
#4457 = ORIENTED_EDGE ( 'NONE', *, *, #714, .F. ) ;
#4458 = FACE_OUTER_BOUND ( 'NONE', #901, .T. ) ;
#4459 = ADVANCED_FACE ( 'NONE', ( #1199 ), #4968, .T. ) ;
#4460 = EDGE_CURVE ( 'NONE', #4222, #4529, #756, .T. ) ;
#4461 = EDGE_CURVE ( 'NONE', #1668, #2875, #2654, .T. ) ;
#4462 = EDGE_CURVE ( 'NONE', #3739, #2190, #1227, .T. ) ;
#4463 = FACE_OUTER_BOUND ( 'NONE', #3133, .T. ) ;
#4464 = EDGE_CURVE ( 'NONE', #1276, #1471, #1260, .T. ) ;
#4465 = FACE_OUTER_BOUND ( 'NONE', #4798, .T. ) ;
#4466 = CARTESIAN_POINT ( 'NONE',  ( 2.000000000000000000, -0.2599999999999999534, 0.2999999999999999889 ) ) ;
#4467 = VERTEX_POINT ( 'NONE', #3650 ) ;
#4468 = DIRECTION ( 'NONE',  ( 0.000000000000000000, 1.000000000000000000, 0.000000000000000000 ) ) ;
#4469 = ORIENTED_EDGE ( 'NONE', *, *, #3283, .F. ) ;
#4470 = DIRECTION ( 'NONE',  ( 0.000000000000000000, -1.000000000000000000, 0.000000000000000000 ) ) ;
#4471 = LINE ( 'NONE', #2129, #5902 ) ;
#4472 = ORIENTED_EDGE ( 'NONE', *, *, #1680, .T. ) ;
#4473 = VERTEX_POINT ( 'NONE', #5060 ) ;
#4474 = DIRECTION ( 'NONE',  ( 0.7682212795973758501, 0.000000000000000000, -0.6401843996644798196 ) ) ;
#4475 = LINE ( 'NONE', #195, #1342 ) ;
#4476 = ORIENTED_EDGE ( 'NONE', *, *, #4664, .T. ) ;
#4477 = EDGE_LOOP ( 'NONE', ( #6080, #2422, #6093, #5290 ) ) ;
#4478 = DIRECTION ( 'NONE',  ( -1.233581138472399909E-16, 1.000000000000000000, 0.000000000000000000 ) ) ;
#4479 = SURFACE_SIDE_STYLE ('',( #2571 ) ) ;
#4480 = CARTESIAN_POINT ( 'NONE',  ( 0.8000000000000000444, -5.000000000000000000, 3.000000000000000000 ) ) ;
#4481 = VERTEX_POINT ( 'NONE', #5029 ) ;
#4482 = PLANE ( 'NONE',  #5213 ) ;
#4483 = EDGE_LOOP ( 'NONE', ( #1150, #4853, #1156, #849 ) ) ;
#4484 = DIRECTION ( 'NONE',  ( 0.000000000000000000, -1.000000000000000000, 0.000000000000000000 ) ) ;
#4485 = DIRECTION ( 'NONE',  ( -1.000000000000000000, -1.029983974020404631E-16, 0.000000000000000000 ) ) ;
#4486 = LINE ( 'NONE', #1217, #2214 ) ;
#4487 = ORIENTED_EDGE ( 'NONE', *, *, #604, .F. ) ;
#4488 = ADVANCED_FACE ( 'NONE', ( #285 ), #3090, .F. ) ;
#4489 = EDGE_CURVE ( 'NONE', #4831, #3657, #3185, .T. ) ;
#4490 = EDGE_CURVE ( 'NONE', #1408, #4435, #1785, .T. ) ;
#4491 = ADVANCED_FACE ( 'NONE', ( #3339 ), #5128, .T. ) ;
#4492 = CARTESIAN_POINT ( 'NONE',  ( 2.850000000000000089, -6.349999999999999645, 6.400000000000000355 ) ) ;
#4493 = ORIENTED_EDGE ( 'NONE', *, *, #5266, .F. ) ;
#4494 = DIRECTION ( 'NONE',  ( -0.000000000000000000, 0.6507913734559692687, 0.7592566023652961293 ) ) ;
#4495 = VERTEX_POINT ( 'NONE', #5192 ) ;
#4496 = DIRECTION ( 'NONE',  ( 0.000000000000000000, 1.000000000000000000, 0.000000000000000000 ) ) ;
#4497 = ADVANCED_FACE ( 'NONE', ( #913 ), #1889, .T. ) ;
#4498 = DIRECTION ( 'NONE',  ( -6.661338147750940229E-16, 0.000000000000000000, 1.000000000000000000 ) ) ;
#4499 = ORIENTED_EDGE ( 'NONE', *, *, #1456, .F. ) ;
#4500 = ORIENTED_EDGE ( 'NONE', *, *, #4664, .F. ) ;
#4501 = CARTESIAN_POINT ( 'NONE',  ( 2.500000000000000000, -5.500000000000000000, 1.199999999999999956 ) ) ;
#4502 = VECTOR ( 'NONE', #1002, 1000.000000000000000 ) ;
#4503 = AXIS2_PLACEMENT_3D ( 'NONE', #5422, #4515, #678 ) ;
#4504 = PLANE ( 'NONE',  #2608 ) ;
#4505 = ORIENTED_EDGE ( 'NONE', *, *, #3005, .T. ) ;
#4506 = VECTOR ( 'NONE', #2137, 1000.000000000000000 ) ;
#4507 = STYLED_ITEM ( 'NONE', ( #2097 ), #4415 ) ;
#4508 = AXIS2_PLACEMENT_3D ( 'NONE', #2560, #3515, #3459 ) ;
#4509 = ORIENTED_EDGE ( 'NONE', *, *, #3915, .T. ) ;
#4510 = CARTESIAN_POINT ( 'NONE',  ( -2.000000000000000000, 0.4000000000000000222, 1.000000000000000000 ) ) ;
#4511 = DIRECTION ( 'NONE',  ( -7.492658506313160175E-16, 0.000000000000000000, -1.000000000000000000 ) ) ;
#4512 = VECTOR ( 'NONE', #4986, 1000.000000000000000 ) ;
#4513 = VECTOR ( 'NONE', #2932, 1000.000000000000000 ) ;
#4514 = VERTEX_POINT ( 'NONE', #5717 ) ;
#4515 = DIRECTION ( 'NONE',  ( -1.029983974020404631E-16, 1.000000000000000000, -1.232595164407830946E-32 ) ) ;
#4516 = ORIENTED_EDGE ( 'NONE', *, *, #648, .F. ) ;
#4518 = CARTESIAN_POINT ( 'NONE',  ( -2.500000000000000000, 5.500000000000000000, 1.199999999999999956 ) ) ;
#4517 = VECTOR ( 'NONE', #3667, 1000.000000000000000 ) ;
#4519 = VECTOR ( 'NONE', #531, 1000.000000000000000 ) ;
#4520 = DIRECTION ( 'NONE',  ( 0.000000000000000000, 0.000000000000000000, 1.000000000000000000 ) ) ;
#4521 = CARTESIAN_POINT ( 'NONE',  ( 0.6500000000000000222, 4.200000000000000178, -6.349999999999999645 ) ) ;
#4522 = CYLINDRICAL_SURFACE ( 'NONE', #831, 0.1000000000000002554 ) ;
#4523 = ORIENTED_EDGE ( 'NONE', *, *, #5379, .F. ) ;
#4524 = VERTEX_POINT ( 'NONE', #6090 ) ;
#4525 = VECTOR ( 'NONE', #3197, 1000.000000000000000 ) ;
#4526 = EDGE_CURVE ( 'NONE', #3941, #1008, #948, .T. ) ;
#4527 = PRESENTATION_LAYER_ASSIGNMENT (  '', '', ( #1055 ) ) ;
#4528 = CARTESIAN_POINT ( 'NONE',  ( -0.6500000000000000222, 0.4000000000000000222, -0.6999999999999999556 ) ) ;
#4529 = VERTEX_POINT ( 'NONE', #412 ) ;
#4530 = ORIENTED_EDGE ( 'NONE', *, *, #533, .F. ) ;
#4531 = DIRECTION ( 'NONE',  ( 1.000000000000000000, 0.000000000000000000, 0.000000000000000000 ) ) ;
#4532 = DIRECTION ( 'NONE',  ( 0.000000000000000000, 1.521092962872260001E-16, -1.000000000000000000 ) ) ;
#4533 = ADVANCED_FACE ( 'NONE', ( #3753 ), #3252, .F. ) ;
#4534 = AXIS2_PLACEMENT_3D ( 'NONE', #2466, #3424, #5338 ) ;
#4535 = ADVANCED_FACE ( 'NONE', ( #449 ), #1857, .T. ) ;
#4536 = DIRECTION ( 'NONE',  ( 8.460794267368238936E-32, 1.000000000000000000, 1.398706172756099997E-16 ) ) ;
#4537 = VERTEX_POINT ( 'NONE', #4690 ) ;
#4538 = AXIS2_PLACEMENT_3D ( 'NONE', #1324, #1266, #6030 ) ;
#4539 = CARTESIAN_POINT ( 'NONE',  ( -1.949999999999999956, 0.9499999999999999556, 5.500000000000000000 ) ) ;
#4540 = AXIS2_PLACEMENT_3D ( 'NONE', #3639, #1250, #5018 ) ;
#4541 = EDGE_LOOP ( 'NONE', ( #6000, #5541, #1733, #1485 ) ) ;
#4542 = LINE ( 'NONE', #5100, #5443 ) ;
#4543 = CARTESIAN_POINT ( 'NONE',  ( 0.9000000000000001332, -0.4999999999999997780, 0.000000000000000000 ) ) ;
#4544 = CARTESIAN_POINT ( 'NONE',  ( -0.8000000000000000444, 2.850000000000000089, 1.600000000000000089 ) ) ;
#4545 = CLOSED_SHELL ( 'NONE', ( #1349, #2789, #5795, #188, #4113, #3193, #2897, #2934, #968, #3309, #1909, #3692, #3847, #1343, #1387, #178, #964, #2285, #4109, #1570, #4647, #4159, #2093, #848, #6145, #4800, #3492, #5975, #4921, #915, #3081, #1299, #32, #4352, #3534, #2819, #1489, #5230, #5152, #2821, #674, #3165, #3917, #2024, #344, #794, #4497, #603, #5339, #1829, #98, #5454, #1490, #2283, #2745, #4038, #3082, #5611, #5796, #3244, #2508, #3319, #3769, #640, #3486, #105, #2781, #5727, #6103, #4353, #3115, #1139, #218, #70, #4030, #1983, #1423, #2825, #3425, #2010, #2699, #4741, #4533, #2587, #6063, #2012, #4910, #4450, #5839, #5378, #20, #3004, #4491, #1107, #3807, #4884, #3724 ) ) ;
#4546 = ORIENTED_EDGE ( 'NONE', *, *, #4990, .T. ) ;
#4547 = DIRECTION ( 'NONE',  ( -6.049014748177260544E-16, 0.000000000000000000, 1.000000000000000000 ) ) ;
#4548 = ORIENTED_EDGE ( 'NONE', *, *, #684, .F. ) ;
#4549 = CARTESIAN_POINT ( 'NONE',  ( -3.350000000000000089, 2.500000000000000000, 4.558407044966670263 ) ) ;
#4550 = CARTESIAN_POINT ( 'NONE',  ( -2.000000000000000000, -5.100000000000000533, 0.5999999999999999778 ) ) ;
#4551 = CARTESIAN_POINT ( 'NONE',  ( 0.7278688524590165576, -5.200000000000000178, -0.6065573770491800021 ) ) ;
#4552 = FACE_BOUND ( 'NONE', #3648, .T. ) ;
#4553 = VERTEX_POINT ( 'NONE', #2719 ) ;
#4554 = CARTESIAN_POINT ( 'NONE',  ( -2.850000000000000089, 6.349999999999999645, 6.299999999999999822 ) ) ;
#4555 = LINE ( 'NONE', #2783, #126 ) ;
#4556 = ORIENTED_EDGE ( 'NONE', *, *, #1297, .T. ) ;
#4557 = FACE_BOUND ( 'NONE', #1304, .T. ) ;
#4558 = VERTEX_POINT ( 'NONE', #3284 ) ;
#4559 = CARTESIAN_POINT ( 'NONE',  ( -2.000000000000000000, -0.4000000000000000222, 0.2999999999999999889 ) ) ;
#4560 = CARTESIAN_POINT ( 'NONE',  ( 5.265981236333619456E-16, -4.299999999999999822, 0.000000000000000000 ) ) ;
#4561 = ORIENTED_EDGE ( 'NONE', *, *, #3855, .F. ) ;
#4562 = ORIENTED_EDGE ( 'NONE', *, *, #1880, .T. ) ;
#4563 = DIRECTION ( 'NONE',  ( -1.000000000000000000, 0.000000000000000000, 0.000000000000000000 ) ) ;
#4564 = DIRECTION ( 'NONE',  ( 0.000000000000000000, -1.000000000000000000, 0.000000000000000000 ) ) ;
#4565 = CARTESIAN_POINT ( 'NONE',  ( 0.9000000000000000222, 5.100000000000000533, 0.2000000000000000111 ) ) ;
#4566 = ORIENTED_EDGE ( 'NONE', *, *, #377, .F. ) ;
#4567 = EDGE_CURVE ( 'NONE', #4876, #453, #1397, .T. ) ;
#4568 = EDGE_CURVE ( 'NONE', #5359, #1978, #4284, .T. ) ;
#4569 = EDGE_CURVE ( 'NONE', #721, #1059, #2811, .T. ) ;
#4570 = CARTESIAN_POINT ( 'NONE',  ( -2.000000000000000000, 0.4000000000000000222, 0.2999999999999999889 ) ) ;
#4571 = CARTESIAN_POINT ( 'NONE',  ( 0.9000000000000000222, -4.299999999999999822, 0.2000000000000000111 ) ) ;
#4572 = EDGE_CURVE ( 'NONE', #3264, #4178, #888, .T. ) ;
#4573 = EDGE_LOOP ( 'NONE', ( #1546, #413, #5598, #3786 ) ) ;
#4574 = FACE_OUTER_BOUND ( 'NONE', #2483, .T. ) ;
#4575 = LINE ( 'NONE', #4642, #3757 ) ;
#4576 = CARTESIAN_POINT ( 'NONE',  ( 1.949999999999999956, 0.000000000000000000, -2.388061258337340122E-16 ) ) ;
#4577 = ORIENTED_EDGE ( 'NONE', *, *, #4846, .T. ) ;
#4578 = CARTESIAN_POINT ( 'NONE',  ( -2.949999999999999734, 8.881784197001250351E-16, 9.558407044966669375 ) ) ;
#4579 = ORIENTED_EDGE ( 'NONE', *, *, #3117, .T. ) ;
#4580 = PLANE ( 'NONE',  #253 ) ;
#4581 = LINE ( 'NONE', #1314, #363 ) ;
#4582 = CARTESIAN_POINT ( 'NONE',  ( 2.350000000000000089, -5.259999999999999787, 0.5999999999999999778 ) ) ;
#4583 = LINE ( 'NONE', #3114, #4604 ) ;
#4584 = FACE_OUTER_BOUND ( 'NONE', #5609, .T. ) ;
#4585 = DIRECTION ( 'NONE',  ( 0.000000000000000000, 0.000000000000000000, 1.000000000000000000 ) ) ;
#4586 = VERTEX_POINT ( 'NONE', #4626 ) ;
#4587 = PLANE ( 'NONE',  #1554 ) ;
#4588 = CARTESIAN_POINT ( 'NONE',  ( 3.149999999999999911, 5.400000000000000355, 2.600000000000000089 ) ) ;
#4589 = CARTESIAN_POINT ( 'NONE',  ( 0.000000000000000000, 0.000000000000000000, 0.5999999999999999778 ) ) ;
#4590 = ORIENTED_EDGE ( 'NONE', *, *, #4700, .F. ) ;
#4591 = DIRECTION ( 'NONE',  ( 1.387778780781449866E-16, -1.000000000000000000, 0.000000000000000000 ) ) ;
#4592 = LINE ( 'NONE', #2163, #929 ) ;
#4593 = CARTESIAN_POINT ( 'NONE',  ( -2.000000000000000000, -4.299999999999999822, 0.2000000000000000111 ) ) ;
#4594 = ORIENTED_EDGE ( 'NONE', *, *, #5942, .T. ) ;
#4595 = ORIENTED_EDGE ( 'NONE', *, *, #4692, .T. ) ;
#4596 = DIRECTION ( 'NONE',  ( -1.000000000000000000, -4.108650548026095125E-32, 0.000000000000000000 ) ) ;
#4597 = ORIENTED_EDGE ( 'NONE', *, *, #6143, .F. ) ;
#4598 = CARTESIAN_POINT ( 'NONE',  ( 2.000000000000000000, 0.4000000000000000222, 0.2999999999999999889 ) ) ;
#4599 = AXIS2_PLACEMENT_3D ( 'NONE', #4163, #5664, #3721 ) ;
#4600 = DIRECTION ( 'NONE',  ( 0.000000000000000000, 1.000000000000000000, 0.000000000000000000 ) ) ;
#4601 = DIRECTION ( 'NONE',  ( 0.09571240664425752220, -0.9954090291002810620, 0.000000000000000000 ) ) ;
#4602 = EDGE_CURVE ( 'NONE', #1769, #988, #3307, .T. ) ;
#4603 = EDGE_CURVE ( 'NONE', #5072, #5965, #3781, .T. ) ;
#4604 = VECTOR ( 'NONE', #2648, 1000.000000000000000 ) ;
#4605 = VECTOR ( 'NONE', #181, 1000.000000000000000 ) ;
#4606 = AXIS2_PLACEMENT_3D ( 'NONE', #1453, #5311, #66 ) ;
#4607 = VERTEX_POINT ( 'NONE', #5253 ) ;
#4608 = LINE ( 'NONE', #2739, #719 ) ;
#4609 = ORIENTED_EDGE ( 'NONE', *, *, #3380, .T. ) ;
#4610 = CYLINDRICAL_SURFACE ( 'NONE', #1864, 0.6500000000000000222 ) ;
#4611 = CARTESIAN_POINT ( 'NONE',  ( 2.850000000000000089, -6.349999999999999645, 6.799999999999999822 ) ) ;
#4612 = VECTOR ( 'NONE', #4816, 1000.000000000000000 ) ;
#4613 = VECTOR ( 'NONE', #1501, 1000.000000000000000 ) ;
#4614 = DIRECTION ( 'NONE',  ( 7.569702440626069226E-17, 2.101014484786079905E-32, -1.000000000000000000 ) ) ;
#4615 = EDGE_CURVE ( 'NONE', #2733, #2987, #2787, .T. ) ;
#4616 = DIRECTION ( 'NONE',  ( -1.178997902256800061E-16, 0.000000000000000000, 1.000000000000000000 ) ) ;
#4617 = EDGE_CURVE ( 'NONE', #3099, #5507, #5222, .T. ) ;
#4618 = VECTOR ( 'NONE', #4299, 1000.000000000000000 ) ;
#4619 = AXIS2_PLACEMENT_3D ( 'NONE', #2346, #944, #3775 ) ;
#4620 = FACE_OUTER_BOUND ( 'NONE', #3146, .T. ) ;
#4621 = LINE ( 'NONE', #2213, #628 ) ;
#4622 = ORIENTED_EDGE ( 'NONE', *, *, #6106, .F. ) ;
#4623 = DIRECTION ( 'NONE',  ( 0.000000000000000000, 0.000000000000000000, 1.000000000000000000 ) ) ;
#4624 = ORIENTED_EDGE ( 'NONE', *, *, #5408, .F. ) ;
#4625 = LINE ( 'NONE', #6060, #219 ) ;
#4626 = CARTESIAN_POINT ( 'NONE',  ( 3.350000000000000089, 2.500000000000000000, 2.558407044966669819 ) ) ;
#4627 = VECTOR ( 'NONE', #1158, 1000.000000000000000 ) ;
#4628 = FACE_BOUND ( 'NONE', #5354, .T. ) ;
#4629 = LINE ( 'NONE', #1232, #3596 ) ;
#4630 = ORIENTED_EDGE ( 'NONE', *, *, #2858, .F. ) ;
#4631 = CARTESIAN_POINT ( 'NONE',  ( 2.500000000000000000, 5.500000000000000000, 6.200000000000000178 ) ) ;
#4632 = AXIS2_PLACEMENT_3D ( 'NONE', #3854, #3377, #5287 ) ;
#4633 = DIRECTION ( 'NONE',  ( 0.1321637200910179555, 0.000000000000000000, -0.9912279006826346661 ) ) ;
#4634 = CARTESIAN_POINT ( 'NONE',  ( 0.6500000000000000222, -4.299999999999999822, -6.349999999999999645 ) ) ;
#4635 = VECTOR ( 'NONE', #1720, 1000.000000000000000 ) ;
#4636 = ORIENTED_EDGE ( 'NONE', *, *, #2240, .F. ) ;
#4637 = ORIENTED_EDGE ( 'NONE', *, *, #3849, .F. ) ;
#4638 = CARTESIAN_POINT ( 'NONE',  ( -1.949999999999999956, 0.5999999999999999778, 11.79999999999999893 ) ) ;
#4639 = ORIENTED_EDGE ( 'NONE', *, *, #995, .T. ) ;
#4640 = LINE ( 'NONE', #870, #1868 ) ;
#4641 = VECTOR ( 'NONE', #4623, 1000.000000000000000 ) ;
#4642 = CARTESIAN_POINT ( 'NONE',  ( -2.949999999999999734, -2.500000000000000000, 4.558407044966670263 ) ) ;
#4643 = CARTESIAN_POINT ( 'NONE',  ( -3.149999999999999911, -2.600000000000000089, 2.600000000000000089 ) ) ;
#4644 = VECTOR ( 'NONE', #1313, 1000.000000000000000 ) ;
#4645 = ORIENTED_EDGE ( 'NONE', *, *, #4190, .T. ) ;
#4646 = CARTESIAN_POINT ( 'NONE',  ( -3.350000000000000089, 5.400000000000000355, 2.600000000000000089 ) ) ;
#4647 = ADVANCED_FACE ( 'NONE', ( #480 ), #352, .T. ) ;
#4648 = EDGE_LOOP ( 'NONE', ( #2915, #2827, #6013, #642 ) ) ;
#4649 = DIRECTION ( 'NONE',  ( 2.337311630789800155E-16, 0.000000000000000000, -1.000000000000000000 ) ) ;
#4650 = DIRECTION ( 'NONE',  ( -0.000000000000000000, 1.000000000000000000, 0.000000000000000000 ) ) ;
#4651 = DIRECTION ( 'NONE',  ( 1.000000000000000000, 0.000000000000000000, 0.000000000000000000 ) ) ;
#4652 =( NAMED_UNIT ( * ) PLANE_ANGLE_UNIT ( ) SI_UNIT ( $, .RADIAN. ) );
#4653 = ORIENTED_EDGE ( 'NONE', *, *, #5186, .T. ) ;
#4654 = AXIS2_PLACEMENT_3D ( 'NONE', #3416, #4421, #4863 ) ;
#4655 = CARTESIAN_POINT ( 'NONE',  ( -3.149999999999999911, 2.600000000000000089, 2.600000000000000089 ) ) ;
#4656 = CARTESIAN_POINT ( 'NONE',  ( -2.949999999999999734, 6.349999999999999645, 1.558407044966670041 ) ) ;
#4657 = EDGE_CURVE ( 'NONE', #4495, #4339, #2994, .T. ) ;
#4658 = EDGE_CURVE ( 'NONE', #3032, #5126, #121, .T. ) ;
#4659 = VERTEX_POINT ( 'NONE', #1482 ) ;
#4660 = ADVANCED_FACE ( 'NONE', ( #4844 ), #2435, .T. ) ;
#4661 = CARTESIAN_POINT ( 'NONE',  ( -2.350000000000000089, 5.549999999999999822, 0.2999999999999999889 ) ) ;
#4662 = ADVANCED_FACE ( 'NONE', ( #2906 ), #5306, .T. ) ;
#4663 = CARTESIAN_POINT ( 'NONE',  ( 2.850000000000000089, 6.349999999999999645, 6.400000000000000355 ) ) ;
#4664 = EDGE_CURVE ( 'NONE', #5276, #4023, #3891, .T. ) ;
#4665 = DIRECTION ( 'NONE',  ( -1.000000000000000000, 0.000000000000000000, 1.325639432388249949E-16 ) ) ;
#4666 = FACE_OUTER_BOUND ( 'NONE', #5469, .T. ) ;
#4667 = DIRECTION ( 'NONE',  ( 0.000000000000000000, -1.000000000000000000, 0.000000000000000000 ) ) ;
#4668 = VERTEX_POINT ( 'NONE', #29 ) ;
#4669 = DIRECTION ( 'NONE',  ( 0.000000000000000000, 6.661338147750930368E-16, -1.000000000000000000 ) ) ;
#4670 = LINE ( 'NONE', #4698, #5894 ) ;
#4671 = CARTESIAN_POINT ( 'NONE',  ( -0.6500000000000000222, 4.200000000000000178, -0.6999999999999999556 ) ) ;
#4672 = VERTEX_POINT ( 'NONE', #508 ) ;
#4673 = DIRECTION ( 'NONE',  ( 0.000000000000000000, 0.000000000000000000, -1.000000000000000000 ) ) ;
#4674 = ORIENTED_EDGE ( 'NONE', *, *, #1396, .F. ) ;
#4675 = DIRECTION ( 'NONE',  ( -1.000000000000000000, 0.000000000000000000, 0.000000000000000000 ) ) ;
#4676 = FACE_BOUND ( 'NONE', #2948, .T. ) ;
#4677 = ORIENTED_EDGE ( 'NONE', *, *, #4029, .T. ) ;
#4678 = CARTESIAN_POINT ( 'NONE',  ( -3.149999999999999911, 2.600000000000000089, 4.500000000000000000 ) ) ;
#4679 = ORIENTED_EDGE ( 'NONE', *, *, #3005, .F. ) ;
#4680 = DIRECTION ( 'NONE',  ( -1.000000000000000000, -1.387778780781449866E-16, -1.178997902256800061E-16 ) ) ;
#4681 = SURFACE_SIDE_STYLE ('',( #5150 ) ) ;
#4682 = DIRECTION ( 'NONE',  ( -1.000000000000000000, 0.000000000000000000, 0.000000000000000000 ) ) ;
#4683 = CARTESIAN_POINT ( 'NONE',  ( 0.8000000000000000444, 2.850000000000000089, 1.600000000000000089 ) ) ;
#4684 = ORIENTED_EDGE ( 'NONE', *, *, #1183, .T. ) ;
#4685 = CARTESIAN_POINT ( 'NONE',  ( 3.350000000000000089, -0.8000000000000000444, 3.500000000000000000 ) ) ;
#4686 = CARTESIAN_POINT ( 'NONE',  ( -3.350000000000000089, -0.8000000000000000444, 2.500000000000000000 ) ) ;
#4687 = ORIENTED_EDGE ( 'NONE', *, *, #1744, .T. ) ;
#4688 = DIRECTION ( 'NONE',  ( 0.1321637200910179555, 0.000000000000000000, 0.9912279006826346661 ) ) ;
#4689 = ORIENTED_EDGE ( 'NONE', *, *, #6147, .F. ) ;
#4690 = CARTESIAN_POINT ( 'NONE',  ( -2.000000000000000000, -0.2599999999999999534, 0.5999999999999999778 ) ) ;
#4691 = ADVANCED_FACE ( 'NONE', ( #593 ), #1537, .T. ) ;
#4692 = EDGE_CURVE ( 'NONE', #1809, #4514, #2528, .T. ) ;
#4693 = EDGE_CURVE ( 'NONE', #2536, #4359, #5749, .T. ) ;
#4694 = EDGE_CURVE ( 'NONE', #1240, #3254, #5777, .T. ) ;
#4695 = DIRECTION ( 'NONE',  ( 1.000000000000000000, 0.000000000000000000, 0.000000000000000000 ) ) ;
#4696 = VERTEX_POINT ( 'NONE', #5841 ) ;
#4697 = LINE ( 'NONE', #6132, #41 ) ;
#4698 = CARTESIAN_POINT ( 'NONE',  ( 0.6500000000000000222, 5.100000000000000533, -6.349999999999999645 ) ) ;
#4699 = DIRECTION ( 'NONE',  ( 0.000000000000000000, -1.000000000000000000, -9.337842154604779811E-33 ) ) ;
#4700 = EDGE_CURVE ( 'NONE', #3776, #5367, #3840, .T. ) ;
#4701 = EDGE_CURVE ( 'NONE', #4985, #1752, #1597, .T. ) ;
#4702 = EDGE_LOOP ( 'NONE', ( #4018, #5205, #5969, #1196 ) ) ;
#4703 = ORIENTED_EDGE ( 'NONE', *, *, #3612, .F. ) ;
#4704 = CARTESIAN_POINT ( 'NONE',  ( -0.6500000000000000222, 4.200000000000000178, -0.6999999999999999556 ) ) ;
#4705 = ORIENTED_EDGE ( 'NONE', *, *, #2887, .T. ) ;
#4706 = PLANE ( 'NONE',  #4351 ) ;
#4707 = LINE ( 'NONE', #1772, #2426 ) ;
#4708 = ORIENTED_EDGE ( 'NONE', *, *, #4771, .F. ) ;
#4709 = LINE ( 'NONE', #3669, #3493 ) ;
#4710 = EDGE_LOOP ( 'NONE', ( #6110, #4775, #5779, #3900 ) ) ;
#4711 = CARTESIAN_POINT ( 'NONE',  ( 3.350000000000000089, -1.000000000000000000, 1.558407044966670041 ) ) ;
#4712 = CARTESIAN_POINT ( 'NONE',  ( -2.350000000000000089, 5.549999999999999822, 0.2999999999999999889 ) ) ;
#4713 = CARTESIAN_POINT ( 'NONE',  ( 2.000000000000000000, 0.2599999999999999534, 0.5999999999999999778 ) ) ;
#4714 = CIRCLE ( 'NONE', #5601, 1.000000000000000000 ) ;
#4715 = LINE ( 'NONE', #1316, #3110 ) ;
#4716 = AXIS2_PLACEMENT_3D ( 'NONE', #370, #3792, #2774 ) ;
#4717 = AXIS2_PLACEMENT_3D ( 'NONE', #2750, #5583, #5057 ) ;
#4718 = ORIENTED_EDGE ( 'NONE', *, *, #4383, .F. ) ;
#4719 = CARTESIAN_POINT ( 'NONE',  ( -3.149999999999999911, -5.400000000000000355, 4.500000000000000000 ) ) ;
#4720 = LINE ( 'NONE', #3304, #4011 ) ;
#4721 = AXIS2_PLACEMENT_3D ( 'NONE', #3978, #2581, #5084 ) ;
#4722 = ORIENTED_EDGE ( 'NONE', *, *, #577, .T. ) ;
#4723 = CARTESIAN_POINT ( 'NONE',  ( 0.8000000000000000444, -5.000000000000000000, 1.600000000000000089 ) ) ;
#4724 = CIRCLE ( 'NONE', #4606, 0.8000000000000000444 ) ;
#4725 = CARTESIAN_POINT ( 'NONE',  ( 0.9000000000000000222, 4.200000000000000178, -0.4000000000000000222 ) ) ;
#4726 = CARTESIAN_POINT ( 'NONE',  ( -1.949999999999999956, -2.949999999999999734, 5.500000000000000000 ) ) ;
#4727 = VECTOR ( 'NONE', #3742, 1000.000000000000000 ) ;
#4728 = VECTOR ( 'NONE', #5552, 1000.000000000000000 ) ;
#4729 = CARTESIAN_POINT ( 'NONE',  ( -0.8000000000000000444, 2.850000000000000089, 1.600000000000000089 ) ) ;
#4730 = VERTEX_POINT ( 'NONE', #4431 ) ;
#4731 = CARTESIAN_POINT ( 'NONE',  ( 0.9000000000000000222, -4.299999999999999822, -0.4000000000000000222 ) ) ;
#4732 = EDGE_CURVE ( 'NONE', #5941, #375, #3479, .T. ) ;
#4733 = CARTESIAN_POINT ( 'NONE',  ( 2.350000000000000089, 5.259999999999999787, 0.5999999999999999778 ) ) ;
#4734 = CARTESIAN_POINT ( 'NONE',  ( -8.000000000000000000, -6.349999999999999645, 6.400000000000000355 ) ) ;
#4735 = VECTOR ( 'NONE', #2965, 1000.000000000000000 ) ;
#4736 = VERTEX_POINT ( 'NONE', #1572 ) ;
#4737 = VERTEX_POINT ( 'NONE', #569 ) ;
#4738 = LINE ( 'NONE', #4638, #4525 ) ;
#4739 = ADVANCED_FACE ( 'NONE', ( #5370 ), #5342, .T. ) ;
#4740 = DIRECTION ( 'NONE',  ( 0.000000000000000000, 4.440892098500630106E-16, -1.000000000000000000 ) ) ;
#4741 = ADVANCED_FACE ( 'NONE', ( #4342 ), #3954, .T. ) ;
#4742 = CARTESIAN_POINT ( 'NONE',  ( -1.949999999999999956, -0.5999999999999999778, 11.50000000000000000 ) ) ;
#4743 = ORIENTED_EDGE ( 'NONE', *, *, #5260, .T. ) ;
#4744 = CARTESIAN_POINT ( 'NONE',  ( 2.949999999999999734, -8.881784197001250351E-16, 9.558407044966669375 ) ) ;
#4745 = VECTOR ( 'NONE', #5960, 1000.000000000000000 ) ;
#4746 = ORIENTED_EDGE ( 'NONE', *, *, #2742, .T. ) ;
#4747 = DIRECTION ( 'NONE',  ( 1.000000000000000000, 0.000000000000000000, 0.000000000000000000 ) ) ;
#4748 = CARTESIAN_POINT ( 'NONE',  ( -1.949999999999999956, 0.1485051958711619824, 11.50000000000000000 ) ) ;
#4749 = CARTESIAN_POINT ( 'NONE',  ( -1.949999999999999956, -5.000000000000000000, 1.600000000000000089 ) ) ;
#4750 = VECTOR ( 'NONE', #1292, 1000.000000000000000 ) ;
#4751 = AXIS2_PLACEMENT_3D ( 'NONE', #506, #478, #26 ) ;
#4752 = ORIENTED_EDGE ( 'NONE', *, *, #2887, .F. ) ;
#4753 = CARTESIAN_POINT ( 'NONE',  ( -3.350000000000000089, 2.500000000000000000, 2.558407044966669819 ) ) ;
#4754 = DIRECTION ( 'NONE',  ( -1.224646799147350002E-16, 1.000000000000000000, 0.000000000000000000 ) ) ;
#4755 = VERTEX_POINT ( 'NONE', #91 ) ;
#4756 = CARTESIAN_POINT ( 'NONE',  ( 3.149999999999999911, -5.400000000000000355, 2.600000000000000089 ) ) ;
#4757 = VECTOR ( 'NONE', #81, 1000.000000000000114 ) ;
#4758 = DIRECTION ( 'NONE',  ( 1.000000000000000000, 0.000000000000000000, -1.298506461549889879E-16 ) ) ;
#4759 = STYLED_ITEM ( 'NONE', ( #4205 ), #124 ) ;
#4760 = ORIENTED_EDGE ( 'NONE', *, *, #3986, .F. ) ;
#4761 = DIRECTION ( 'NONE',  ( -1.000000000000000000, 0.000000000000000000, 0.000000000000000000 ) ) ;
#4762 = ORIENTED_EDGE ( 'NONE', *, *, #499, .T. ) ;
#4763 = SURFACE_SIDE_STYLE ('',( #3844 ) ) ;
#4764 = CARTESIAN_POINT ( 'NONE',  ( -3.149999999999999911, -2.600000000000000089, 4.500000000000000000 ) ) ;
#4765 = ORIENTED_EDGE ( 'NONE', *, *, #3379, .T. ) ;
#4766 = ORIENTED_EDGE ( 'NONE', *, *, #2864, .T. ) ;
#4767 = CARTESIAN_POINT ( 'NONE',  ( 0.6500000000000000222, 5.100000000000000533, -0.6999999999999999556 ) ) ;
#4768 = CARTESIAN_POINT ( 'NONE',  ( -2.000000000000000000, 5.100000000000000533, 1.000000000000000000 ) ) ;
#4769 = DIRECTION ( 'NONE',  ( -2.337311630789800155E-16, 0.000000000000000000, 1.000000000000000000 ) ) ;
#4770 = EDGE_CURVE ( 'NONE', #2258, #4831, #1999, .T. ) ;
#4771 = EDGE_CURVE ( 'NONE', #1059, #1334, #986, .T. ) ;
#4772 = EDGE_CURVE ( 'NONE', #4881, #3291, #5925, .T. ) ;
#4773 = EDGE_CURVE ( 'NONE', #2095, #762, #2150, .T. ) ;
#4774 = ORIENTED_EDGE ( 'NONE', *, *, #1673, .F. ) ;
#4775 = ORIENTED_EDGE ( 'NONE', *, *, #1599, .T. ) ;
#4776 = DIRECTION ( 'NONE',  ( -1.224646799147349756E-16, 1.000000000000000000, 0.000000000000000000 ) ) ;
#4777 = DIRECTION ( 'NONE',  ( 0.000000000000000000, 0.000000000000000000, 1.000000000000000000 ) ) ;
#4778 = DIRECTION ( 'NONE',  ( 0.000000000000000000, 1.000000000000000000, 5.551115123125779621E-17 ) ) ;
#4779 = ORIENTED_EDGE ( 'NONE', *, *, #1646, .T. ) ;
#4780 = CARTESIAN_POINT ( 'NONE',  ( 0.9000000000000000222, -4.299999999999999822, 0.2000000000000000111 ) ) ;
#4781 = CARTESIAN_POINT ( 'NONE',  ( -2.000000000000000000, -0.5000000000000002220, 0.2000000000000000111 ) ) ;
#4782 = FACE_OUTER_BOUND ( 'NONE', #841, .T. ) ;
#4783 = EDGE_LOOP ( 'NONE', ( #4374, #3093, #4390, #1867, #5336 ) ) ;
#4784 = CARTESIAN_POINT ( 'NONE',  ( 2.350000000000000089, -0.2599999999999999534, 0.2999999999999999889 ) ) ;
#4785 =( LENGTH_UNIT ( ) NAMED_UNIT ( * ) SI_UNIT ( .MILLI., .METRE. ) );
#4786 = DIRECTION ( 'NONE',  ( 0.000000000000000000, 0.000000000000000000, 1.000000000000000000 ) ) ;
#4787 = EDGE_LOOP ( 'NONE', ( #4155, #924, #865, #4378, #256, #2392, #5039, #4970 ) ) ;
#4788 = CARTESIAN_POINT ( 'NONE',  ( 1.949999999999999956, 0.9499999999999999556, 11.50000000000000000 ) ) ;
#4789 = ORIENTED_EDGE ( 'NONE', *, *, #263, .F. ) ;
#4790 = CARTESIAN_POINT ( 'NONE',  ( -0.6500000000000000222, 0.4000000000000000222, -0.6999999999999999556 ) ) ;
#4791 = DIRECTION ( 'NONE',  ( 0.6401843996644799306, 1.421494921026679643E-16, 0.7682212795973758501 ) ) ;
#4792 = VERTEX_POINT ( 'NONE', #1628 ) ;
#4793 = ORIENTED_EDGE ( 'NONE', *, *, #5261, .T. ) ;
#4794 = CARTESIAN_POINT ( 'NONE',  ( -0.2400000000000000189, 2.850000000000000089, 3.000000000000000000 ) ) ;
#4795 = CARTESIAN_POINT ( 'NONE',  ( 0.2400000000000000189, -5.000000000000000000, 3.000000000000000000 ) ) ;
#4796 = VERTEX_POINT ( 'NONE', #3977 ) ;
#4797 = DIRECTION ( 'NONE',  ( 1.000000000000000000, 0.000000000000000000, 0.000000000000000000 ) ) ;
#4798 = EDGE_LOOP ( 'NONE', ( #3066, #6059, #5629, #1035 ) ) ;
#4799 = DIRECTION ( 'NONE',  ( -1.000000000000000000, -1.668003342285390565E-16, 0.000000000000000000 ) ) ;
#4800 = ADVANCED_FACE ( 'NONE', ( #3113 ), #5983, .T. ) ;
#4801 = PLANE ( 'NONE',  #5254 ) ;
#4802 = EDGE_CURVE ( 'NONE', #3296, #1488, #1714, .T. ) ;
#4803 = LINE ( 'NONE', #5293, #4225 ) ;
#4804 = ORIENTED_EDGE ( 'NONE', *, *, #468, .T. ) ;
#4805 = DIRECTION ( 'NONE',  ( 1.000000000000000000, 0.000000000000000000, 0.000000000000000000 ) ) ;
#4806 = DIRECTION ( 'NONE',  ( 1.000000000000000000, 0.000000000000000000, 7.569702440626069226E-17 ) ) ;
#4807 = DIRECTION ( 'NONE',  ( 0.000000000000000000, 0.000000000000000000, -1.000000000000000000 ) ) ;
#4808 = ORIENTED_EDGE ( 'NONE', *, *, #5151, .T. ) ;
#4809 = CARTESIAN_POINT ( 'NONE',  ( -0.6499999999999994671, 5.100000000000000533, -5.706807427695320456 ) ) ;
#4810 = DIRECTION ( 'NONE',  ( 0.000000000000000000, 1.398706172756099997E-16, -1.000000000000000000 ) ) ;
#4811 = VECTOR ( 'NONE', #5698, 1000.000000000000000 ) ;
#4812 = EDGE_CURVE ( 'NONE', #5556, #2456, #1660, .T. ) ;
#4813 = VECTOR ( 'NONE', #1157, 1000.000000000000000 ) ;
#4814 = EDGE_CURVE ( 'NONE', #5952, #2875, #4078, .T. ) ;
#4815 = EDGE_CURVE ( 'NONE', #5120, #4668, #748, .T. ) ;
#4816 = DIRECTION ( 'NONE',  ( -1.000000000000000000, 1.558207753859869728E-16, 0.000000000000000000 ) ) ;
#4817 = VECTOR ( 'NONE', #1460, 1000.000000000000000 ) ;
#4818 = VECTOR ( 'NONE', #1754, 1000.000000000000000 ) ;
#4819 = VECTOR ( 'NONE', #4667, 1000.000000000000000 ) ;
#4820 = DIRECTION ( 'NONE',  ( 7.569702440626069226E-17, 1.368455531567199917E-48, -1.000000000000000000 ) ) ;
#4821 = ORIENTED_EDGE ( 'NONE', *, *, #2746, .F. ) ;
#4822 = FILL_AREA_STYLE_COLOUR ( '', #2349 ) ;
#4823 = ORIENTED_EDGE ( 'NONE', *, *, #5595, .T. ) ;
#4824 = AXIS2_PLACEMENT_3D ( 'NONE', #3028, #309, #1163 ) ;
#4825 = VECTOR ( 'NONE', #3364, 1000.000000000000000 ) ;
#4826 = ORIENTED_EDGE ( 'NONE', *, *, #1074, .F. ) ;
#4827 = ORIENTED_EDGE ( 'NONE', *, *, #1212, .F. ) ;
#4828 = AXIS2_PLACEMENT_3D ( 'NONE', #6046, #4139, #2799 ) ;
#4829 = LINE ( 'NONE', #2952, #4019 ) ;
#4830 = LINE ( 'NONE', #4795, #3993 ) ;
#4831 = VERTEX_POINT ( 'NONE', #5956 ) ;
#4832 = ORIENTED_EDGE ( 'NONE', *, *, #33, .T. ) ;
#4833 = CARTESIAN_POINT ( 'NONE',  ( -3.350000000000000089, 5.500000000000000000, 2.558407044966679589 ) ) ;
#4834 = AXIS2_PLACEMENT_3D ( 'NONE', #602, #2885, #4379 ) ;
#4835 = SURFACE_STYLE_FILL_AREA ( #2425 ) ;
#4836 = DIRECTION ( 'NONE',  ( 0.000000000000000000, -1.000000000000000000, 0.000000000000000000 ) ) ;
#4837 = EDGE_LOOP ( 'NONE', ( #3873, #3996, #4329, #4630 ) ) ;
#4838 = CARTESIAN_POINT ( 'NONE',  ( -4.999999999999999112, -0.5000000000000005551, -6.349999999999999645 ) ) ;
#4839 = LINE ( 'NONE', #3887, #5412 ) ;
#4840 = LINE ( 'NONE', #2464, #236 ) ;
#4841 = VERTEX_POINT ( 'NONE', #182 ) ;
#4842 = FACE_OUTER_BOUND ( 'NONE', #3983, .T. ) ;
#4843 = VECTOR ( 'NONE', #115, 1000.000000000000000 ) ;
#4844 = FACE_OUTER_BOUND ( 'NONE', #972, .T. ) ;
#4845 = EDGE_CURVE ( 'NONE', #1582, #1381, #5055, .T. ) ;
#4846 = EDGE_CURVE ( 'NONE', #465, #5556, #4114, .T. ) ;
#4847 = CIRCLE ( 'NONE', #758, 0.5000000000000000000 ) ;
#4848 = ADVANCED_FACE ( 'NONE', ( #2088 ), #1216, .T. ) ;
#4849 = AXIS2_PLACEMENT_3D ( 'NONE', #3882, #4361, #5208 ) ;
#4850 = EDGE_CURVE ( 'NONE', #1668, #134, #1252, .T. ) ;
#4851 = ORIENTED_EDGE ( 'NONE', *, *, #5295, .T. ) ;
#4852 = CARTESIAN_POINT ( 'NONE',  ( -0.9000000000000000222, 5.100000000000000533, 0.2000000000000000111 ) ) ;
#4853 = ORIENTED_EDGE ( 'NONE', *, *, #3043, .T. ) ;
#4854 = AXIS2_PLACEMENT_3D ( 'NONE', #1777, #5115, #4175 ) ;
#4855 = ORIENTED_EDGE ( 'NONE', *, *, #1077, .T. ) ;
#4856 = ORIENTED_EDGE ( 'NONE', *, *, #4773, .F. ) ;
#4857 = CARTESIAN_POINT ( 'NONE',  ( 2.000000000000000000, 5.100000000000000533, 0.2000000000000000111 ) ) ;
#4858 = CARTESIAN_POINT ( 'NONE',  ( -3.350000000000000089, 5.500000000000000000, 4.558407044966680033 ) ) ;
#4859 = VERTEX_POINT ( 'NONE', #3150 ) ;
#4860 = LINE ( 'NONE', #1963, #1932 ) ;
#4861 = ORIENTED_EDGE ( 'NONE', *, *, #5641, .T. ) ;
#4862 = LINE ( 'NONE', #3443, #4345 ) ;
#4863 = DIRECTION ( 'NONE',  ( -2.775557561562890365E-16, 0.000000000000000000, 1.000000000000000000 ) ) ;
#4864 = FACE_OUTER_BOUND ( 'NONE', #5756, .T. ) ;
#4865 = ORIENTED_EDGE ( 'NONE', *, *, #2944, .T. ) ;
#4866 = CARTESIAN_POINT ( 'NONE',  ( 3.149999999999999911, 2.600000000000000089, 2.600000000000000089 ) ) ;
#4867 = LINE ( 'NONE', #3447, #1436 ) ;
#4868 = PLANE ( 'NONE',  #39 ) ;
#4869 = ORIENTED_EDGE ( 'NONE', *, *, #215, .F. ) ;
#4870 = CARTESIAN_POINT ( 'NONE',  ( -6.245698675651499853E-16, 5.100000000000000533, 0.000000000000000000 ) ) ;
#4871 = FILL_AREA_STYLE ('',( #2494 ) ) ;
#4872 = DIRECTION ( 'NONE',  ( 1.000000000000000000, 0.000000000000000000, 0.000000000000000000 ) ) ;
#4873 = DIRECTION ( 'NONE',  ( -1.387778780781449866E-16, 1.000000000000000000, 0.000000000000000000 ) ) ;
#4874 = ORIENTED_EDGE ( 'NONE', *, *, #5729, .T. ) ;
#4875 = LINE ( 'NONE', #5313, #45 ) ;
#4876 = VERTEX_POINT ( 'NONE', #2117 ) ;
#4877 = EDGE_CURVE ( 'NONE', #4796, #5904, #780, .T. ) ;
#4878 = ADVANCED_FACE ( 'NONE', ( #279 ), #5518, .F. ) ;
#4879 = EDGE_CURVE ( 'NONE', #1339, #5131, #2120, .T. ) ;
#4880 = CARTESIAN_POINT ( 'NONE',  ( 1.949999999999999956, -2.949999999999999734, 11.50000000000000000 ) ) ;
#4881 = VERTEX_POINT ( 'NONE', #4582 ) ;
#4882 = VERTEX_POINT ( 'NONE', #2208 ) ;
#4883 = DIRECTION ( 'NONE',  ( 0.000000000000000000, 0.000000000000000000, -1.000000000000000000 ) ) ;
#4884 = ADVANCED_FACE ( 'NONE', ( #4463 ), #5428, .F. ) ;
#4885 = EDGE_CURVE ( 'NONE', #3670, #6171, #4012, .T. ) ;
#4886 = CARTESIAN_POINT ( 'NONE',  ( -3.350000000000000089, 1.000000000000000000, 1.558407044966670041 ) ) ;
#4887 = ORIENTED_EDGE ( 'NONE', *, *, #682, .F. ) ;
#4888 = CARTESIAN_POINT ( 'NONE',  ( 2.500000000000000000, 5.500000000000000000, 1.199999999999999956 ) ) ;
#4889 = ORIENTED_EDGE ( 'NONE', *, *, #5485, .F. ) ;
#4890 = PLANE ( 'NONE',  #4940 ) ;
#4891 = FACE_OUTER_BOUND ( 'NONE', #5312, .T. ) ;
#4892 = CARTESIAN_POINT ( 'NONE',  ( 0.2400000000000000189, -5.000000000000000000, 3.000000000000000000 ) ) ;
#4893 = VERTEX_POINT ( 'NONE', #5118 ) ;
#4894 = LINE ( 'NONE', #4866, #3341 ) ;
#4895 = CARTESIAN_POINT ( 'NONE',  ( 1.949999999999999956, -0.2000000000000000111, 11.79999999999999893 ) ) ;
#4896 = LINE ( 'NONE', #589, #4627 ) ;
#4897 = ORIENTED_EDGE ( 'NONE', *, *, #2700, .F. ) ;
#4898 = FACE_OUTER_BOUND ( 'NONE', #5824, .T. ) ;
#4899 = DIRECTION ( 'NONE',  ( -1.000000000000000000, -1.223105969149230677E-16, 0.000000000000000000 ) ) ;
#4900 = LINE ( 'NONE', #5803, #2115 ) ;
#4901 = CARTESIAN_POINT ( 'NONE',  ( 2.850000000000000089, 6.349999999999999645, 6.299999999999999822 ) ) ;
#4902 = CARTESIAN_POINT ( 'NONE',  ( -2.949999999999999734, 5.500000000000000000, 4.558407044966680033 ) ) ;
#4903 = DIRECTION ( 'NONE',  ( 1.000000000000000000, 0.000000000000000000, -9.251858538542969855E-16 ) ) ;
#4904 = VERTEX_POINT ( 'NONE', #5183 ) ;
#4905 = ORIENTED_EDGE ( 'NONE', *, *, #5337, .F. ) ;
#4906 = VECTOR ( 'NONE', #1629, 1000.000000000000000 ) ;
#4907 = AXIS2_PLACEMENT_3D ( 'NONE', #4744, #2368, #466 ) ;
#4908 = DIRECTION ( 'NONE',  ( -1.000000000000000000, 0.000000000000000000, 0.000000000000000000 ) ) ;
#4909 = EDGE_LOOP ( 'NONE', ( #5185, #5781, #4057, #596 ) ) ;
#4910 = ADVANCED_FACE ( 'NONE', ( #404 ), #1413, .T. ) ;
#4911 = EDGE_LOOP ( 'NONE', ( #2139, #399, #3269, #5915 ) ) ;
#4912 = DIRECTION ( 'NONE',  ( -1.000000000000000000, 0.000000000000000000, -1.178997902256800061E-16 ) ) ;
#4913 = VECTOR ( 'NONE', #4758, 1000.000000000000000 ) ;
#4914 = AXIS2_PLACEMENT_3D ( 'NONE', #5584, #1747, #4585 ) ;
#4915 = CARTESIAN_POINT ( 'NONE',  ( -3.350000000000000089, -0.8000000000000000444, 2.500000000000000000 ) ) ;
#4916 = AXIS2_PLACEMENT_3D ( 'NONE', #5738, #3444, #2892 ) ;
#4917 = AXIS2_PLACEMENT_3D ( 'NONE', #445, #87, #3800 ) ;
#4918 = EDGE_LOOP ( 'NONE', ( #4765, #5750, #12, #5272 ) ) ;
#4919 = EDGE_CURVE ( 'NONE', #5904, #917, #5210, .T. ) ;
#4920 = EDGE_CURVE ( 'NONE', #952, #1611, #3272, .T. ) ;
#4921 = ADVANCED_FACE ( 'NONE', ( #4148 ), #1315, .T. ) ;
#4922 = ORIENTED_EDGE ( 'NONE', *, *, #5266, .T. ) ;
#4923 = FACE_OUTER_BOUND ( 'NONE', #5666, .T. ) ;
#4924 = DIRECTION ( 'NONE',  ( 0.000000000000000000, 6.661338147750960542E-15, -1.000000000000000000 ) ) ;
#4925 = DIRECTION ( 'NONE',  ( 0.000000000000000000, 0.000000000000000000, -1.000000000000000000 ) ) ;
#4926 = EDGE_LOOP ( 'NONE', ( #5682, #5459, #2543, #2219 ) ) ;
#4927 = DIRECTION ( 'NONE',  ( 0.000000000000000000, 0.000000000000000000, -1.000000000000000000 ) ) ;
#4928 = VECTOR ( 'NONE', #920, 1000.000000000000000 ) ;
#4929 = CARTESIAN_POINT ( 'NONE',  ( 2.949999999999999734, -1.000000000000000000, 3.558407044966669819 ) ) ;
#4930 = ORIENTED_EDGE ( 'NONE', *, *, #4233, .T. ) ;
#4931 = CARTESIAN_POINT ( 'NONE',  ( -2.949999999999999734, -6.349999999999999645, 0.000000000000000000 ) ) ;
#4932 = DIRECTION ( 'NONE',  ( 1.000000000000000000, 0.000000000000000000, -1.224646799147350002E-16 ) ) ;
#4933 = CARTESIAN_POINT ( 'NONE',  ( -0.9000000000000000222, 5.100000000000000533, -0.4000000000000000222 ) ) ;
#4934 = AXIS2_PLACEMENT_3D ( 'NONE', #5026, #754, #2653 ) ;
#4935 = PLANE ( 'NONE',  #3999 ) ;
#4936 = ORIENTED_EDGE ( 'NONE', *, *, #2249, .T. ) ;
#4937 = LINE ( 'NONE', #5872, #6028 ) ;
#4938 = VECTOR ( 'NONE', #6188, 1000.000000000000000 ) ;
#4939 = ORIENTED_EDGE ( 'NONE', *, *, #1792, .F. ) ;
#4940 = AXIS2_PLACEMENT_3D ( 'NONE', #107, #1616, #673 ) ;
#4941 = PLANE ( 'NONE',  #1072 ) ;
#4942 = ORIENTED_EDGE ( 'NONE', *, *, #1494, .F. ) ;
#4943 = ORIENTED_EDGE ( 'NONE', *, *, #1222, .T. ) ;
#4944 = DIRECTION ( 'NONE',  ( 0.000000000000000000, 0.000000000000000000, -1.000000000000000000 ) ) ;
#4945 = VECTOR ( 'NONE', #6076, 1000.000000000000000 ) ;
#4946 = ORIENTED_EDGE ( 'NONE', *, *, #1075, .T. ) ;
#4947 = VERTEX_POINT ( 'NONE', #3702 ) ;
#4948 = CARTESIAN_POINT ( 'NONE',  ( 7.972496939924935187E-16, -0.5000000000000000000, -6.349999999999999645 ) ) ;
#4949 = FACE_BOUND ( 'NONE', #3067, .T. ) ;
#4950 = LINE ( 'NONE', #1736, #1045 ) ;
#4951 = ADVANCED_FACE ( 'NONE', ( #4275 ), #3178, .T. ) ;
#4952 = EDGE_CURVE ( 'NONE', #1301, #4792, #2708, .T. ) ;
#4953 = EDGE_CURVE ( 'NONE', #274, #3895, #1353, .T. ) ;
#4954 = ADVANCED_FACE ( 'NONE', ( #3208 ), #5676, .F. ) ;
#4955 = ORIENTED_EDGE ( 'NONE', *, *, #1149, .F. ) ;
#4956 = DIRECTION ( 'NONE',  ( 0.000000000000000000, -1.000000000000000000, 0.000000000000000000 ) ) ;
#4957 = CARTESIAN_POINT ( 'NONE',  ( -2.949999999999999734, -6.349999999999999645, 0.000000000000000000 ) ) ;
#4958 = VERTEX_POINT ( 'NONE', #6083 ) ;
#4959 = DIRECTION ( 'NONE',  ( -5.046468293750690302E-16, 1.000000000000000000, 0.000000000000000000 ) ) ;
#4960 = ORIENTED_EDGE ( 'NONE', *, *, #1842, .T. ) ;
#4961 = CARTESIAN_POINT ( 'NONE',  ( 2.949999999999999734, -6.349999999999999645, 6.299999999999999822 ) ) ;
#4962 = EDGE_CURVE ( 'NONE', #3961, #952, #6183, .T. ) ;
#4963 = PLANE ( 'NONE',  #3806 ) ;
#4964 = DIRECTION ( 'NONE',  ( 0.000000000000000000, 1.398706172756099997E-16, -1.000000000000000000 ) ) ;
#4965 = EDGE_LOOP ( 'NONE', ( #3403, #6129, #4469, #4033 ) ) ;
#4966 = DIRECTION ( 'NONE',  ( 1.000000000000000000, -8.217301096052189155E-32, 0.000000000000000000 ) ) ;
#4967 = ORIENTED_EDGE ( 'NONE', *, *, #5869, .F. ) ;
#4968 = PLANE ( 'NONE',  #2323 ) ;
#4969 = LINE ( 'NONE', #665, #5156 ) ;
#4970 = ORIENTED_EDGE ( 'NONE', *, *, #5787, .T. ) ;
#4971 = EDGE_LOOP ( 'NONE', ( #1111, #1552, #4442, #5889, #4259, #3173, #139, #4074 ) ) ;
#4972 = LINE ( 'NONE', #5995, #639 ) ;
#4973 = PLANE ( 'NONE',  #2913 ) ;
#4974 = CARTESIAN_POINT ( 'NONE',  ( 1.949999999999999956, -0.5999999999999999778, 11.50000000000000000 ) ) ;
#4975 = ORIENTED_EDGE ( 'NONE', *, *, #4382, .T. ) ;
#4976 = ORIENTED_EDGE ( 'NONE', *, *, #3529, .T. ) ;
#4977 = LINE ( 'NONE', #5361, #5252 ) ;
#4978 = CARTESIAN_POINT ( 'NONE',  ( -0.8000000000000000444, 0.000000000000000000, 9.797174393178819987E-17 ) ) ;
#4979 = LINE ( 'NONE', #1182, #3401 ) ;
#4980 = VERTEX_POINT ( 'NONE', #3673 ) ;
#4981 = CARTESIAN_POINT ( 'NONE',  ( -3.350000000000000089, 2.500000000000000000, 4.558407044966670263 ) ) ;
#4982 = EDGE_CURVE ( 'NONE', #348, #2156, #3771, .T. ) ;
#4983 = ORIENTED_EDGE ( 'NONE', *, *, #2623, .T. ) ;
#4984 = PLANE ( 'NONE',  #1655 ) ;
#4985 = VERTEX_POINT ( 'NONE', #907 ) ;
#4986 = DIRECTION ( 'NONE',  ( 1.000000000000000000, 0.000000000000000000, 0.000000000000000000 ) ) ;
#4987 = DIRECTION ( 'NONE',  ( -7.401486830834378990E-17, 7.401486830834378990E-17, -1.000000000000000000 ) ) ;
#4988 = LINE ( 'NONE', #3609, #3818 ) ;
#4989 = ORIENTED_EDGE ( 'NONE', *, *, #5787, .F. ) ;
#4990 = EDGE_CURVE ( 'NONE', #2875, #4300, #1630, .T. ) ;
#4991 = LINE ( 'NONE', #662, #3831 ) ;
#4992 = EDGE_CURVE ( 'NONE', #2987, #2573, #4176, .T. ) ;
#4993 = EDGE_CURVE ( 'NONE', #5709, #4881, #4206, .T. ) ;
#4994 = EDGE_LOOP ( 'NONE', ( #1428, #3034, #821, #1503 ) ) ;
#4995 = CARTESIAN_POINT ( 'NONE',  ( 0.9000000000000000222, 0.4000000000000000222, -0.4000000000000000222 ) ) ;
#4996 = CARTESIAN_POINT ( 'NONE',  ( -3.149999999999999911, 5.400000000000000355, 2.600000000000000089 ) ) ;
#4997 = EDGE_LOOP ( 'NONE', ( #1731, #4120, #298, #5701 ) ) ;
#4998 = ORIENTED_EDGE ( 'NONE', *, *, #4572, .T. ) ;
#4999 = CARTESIAN_POINT ( 'NONE',  ( -5.143516556418879970E-16, 4.200000000000000178, 0.000000000000000000 ) ) ;
#5000 = CARTESIAN_POINT ( 'NONE',  ( 2.000000000000000000, -4.299999999999999822, 0.2999999999999999889 ) ) ;
#5001 = VECTOR ( 'NONE', #4412, 1000.000000000000000 ) ;
#5002 = AXIS2_PLACEMENT_3D ( 'NONE', #1683, #3568, #175 ) ;
#5003 = FACE_OUTER_BOUND ( 'NONE', #2373, .T. ) ;
#5004 = ORIENTED_EDGE ( 'NONE', *, *, #2935, .F. ) ;
#5005 = VECTOR ( 'NONE', #3546, 1000.000000000000000 ) ;
#5006 = LINE ( 'NONE', #5300, #2032 ) ;
#5007 = VECTOR ( 'NONE', #5751, 1000.000000000000000 ) ;
#5008 = EDGE_LOOP ( 'NONE', ( #961, #5425, #2268, #4046 ) ) ;
#5009 = LINE ( 'NONE', #4169, #4945 ) ;
#5010 = CARTESIAN_POINT ( 'NONE',  ( -2.000000000000000000, 4.740000000000000213, 0.5999999999999999778 ) ) ;
#5011 = DIRECTION ( 'NONE',  ( -4.096181411541159562E-16, -0.8328977975863778305, -0.5534268323597629768 ) ) ;
#5012 = VECTOR ( 'NONE', #1742, 1000.000000000000000 ) ;
#5013 = VECTOR ( 'NONE', #2901, 1000.000000000000000 ) ;
#5014 = ORIENTED_EDGE ( 'NONE', *, *, #1842, .F. ) ;
#5015 = CARTESIAN_POINT ( 'NONE',  ( -4.999999999999999112, 5.099999999999999645, -7.000000000000000000 ) ) ;
#5016 = ORIENTED_EDGE ( 'NONE', *, *, #4490, .T. ) ;
#5018 = DIRECTION ( 'NONE',  ( -1.110223024625160090E-15, 0.000000000000000000, -1.000000000000000000 ) ) ;
#5017 = AXIS2_PLACEMENT_3D ( 'NONE', #431, #2335, #46 ) ;
#5019 = CARTESIAN_POINT ( 'NONE',  ( 2.350000000000000089, -5.549999999999999822, 0.2999999999999999889 ) ) ;
#5020 = DIRECTION ( 'NONE',  ( 5.619493879734870378E-16, 0.000000000000000000, 1.000000000000000000 ) ) ;
#5021 = DIRECTION ( 'NONE',  ( -8.460794267368238936E-32, -1.000000000000000000, -1.398706172756099997E-16 ) ) ;
#5022 = VECTOR ( 'NONE', #5391, 1000.000000000000000 ) ;
#5023 = FACE_OUTER_BOUND ( 'NONE', #3430, .T. ) ;
#5024 = FACE_OUTER_BOUND ( 'NONE', #925, .T. ) ;
#5025 = ORIENTED_EDGE ( 'NONE', *, *, #5110, .F. ) ;
#5026 = CARTESIAN_POINT ( 'NONE',  ( 2.949999999999999734, -5.500000000000000000, 2.558407044966669819 ) ) ;
#5027 = ORIENTED_EDGE ( 'NONE', *, *, #3120, .T. ) ;
#5028 = VECTOR ( 'NONE', #5758, 1000.000000000000000 ) ;
#5029 = CARTESIAN_POINT ( 'NONE',  ( -3.350000000000000089, 6.349999999999999645, 1.558407044966670041 ) ) ;
#5030 = EDGE_CURVE ( 'NONE', #2889, #2753, #1389, .T. ) ;
#5031 = ADVANCED_FACE ( 'NONE', ( #4246 ), #2839, .T. ) ;
#5032 = EDGE_CURVE ( 'NONE', #4173, #1769, #2372, .T. ) ;
#5033 = EDGE_CURVE ( 'NONE', #2449, #1944, #109, .T. ) ;
#5034 = CARTESIAN_POINT ( 'NONE',  ( -2.949999999999999734, 5.500000000000000000, 4.558407044966680033 ) ) ;
#5035 = VECTOR ( 'NONE', #299, 1000.000000000000000 ) ;
#5036 = AXIS2_PLACEMENT_3D ( 'NONE', #4852, #5348, #5724 ) ;
#5037 = DIRECTION ( 'NONE',  ( 0.000000000000000000, 0.000000000000000000, -1.000000000000000000 ) ) ;
#5038 = ORIENTED_EDGE ( 'NONE', *, *, #2547, .T. ) ;
#5039 = ORIENTED_EDGE ( 'NONE', *, *, #5195, .T. ) ;
#5040 = CARTESIAN_POINT ( 'NONE',  ( -2.000000000000000000, 0.2599999999999999534, 0.2999999999999999889 ) ) ;
#5041 = CARTESIAN_POINT ( 'NONE',  ( 2.000000000000000000, -4.740000000000000213, 0.5999999999999999778 ) ) ;
#5042 = AXIS2_PLACEMENT_3D ( 'NONE', #4395, #1685, #3976 ) ;
#5043 = DIRECTION ( 'NONE',  ( 1.178997902256800061E-16, 0.000000000000000000, -1.000000000000000000 ) ) ;
#5044 = ORIENTED_EDGE ( 'NONE', *, *, #5680, .F. ) ;
#5045 = CARTESIAN_POINT ( 'NONE',  ( 7.589415207398531038E-16, 5.100000000000000533, -6.999999999999999112 ) ) ;
#5046 = ORIENTED_EDGE ( 'NONE', *, *, #3573, .F. ) ;
#5047 = CARTESIAN_POINT ( 'NONE',  ( -5.646596286152338884, 4.200000000000000178, -6.353403713847660228 ) ) ;
#5048 = CARTESIAN_POINT ( 'NONE',  ( 2.949999999999999734, -4.895471604646350236E-17, 3.558407044966669819 ) ) ;
#5049 = CARTESIAN_POINT ( 'NONE',  ( -0.8000000000000000444, 2.850000000000000089, 1.600000000000000089 ) ) ;
#5050 = ORIENTED_EDGE ( 'NONE', *, *, #3879, .T. ) ;
#5051 = FACE_OUTER_BOUND ( 'NONE', #3056, .T. ) ;
#5052 = VERTEX_POINT ( 'NONE', #2928 ) ;
#5053 = CARTESIAN_POINT ( 'NONE',  ( -2.500000000000000000, 5.500000000000000000, 1.199999999999999956 ) ) ;
#5054 = DIRECTION ( 'NONE',  ( 0.000000000000000000, 1.000000000000000000, 0.000000000000000000 ) ) ;
#5055 = LINE ( 'NONE', #657, #5012 ) ;
#5056 = DIRECTION ( 'NONE',  ( 1.000000000000000000, 0.000000000000000000, 2.220446049250310320E-15 ) ) ;
#5057 = DIRECTION ( 'NONE',  ( 1.000000000000000000, 0.000000000000000000, 0.000000000000000000 ) ) ;
#5058 = ORIENTED_EDGE ( 'NONE', *, *, #6027, .F. ) ;
#5059 = PLANE ( 'NONE',  #2239 ) ;
#5060 = CARTESIAN_POINT ( 'NONE',  ( -2.350000000000000089, 5.549999999999999822, 0.000000000000000000 ) ) ;
#5061 = CARTESIAN_POINT ( 'NONE',  ( 0.6500000000000000222, 0.4000000000000000222, -6.349999999999999645 ) ) ;
#5062 = DIRECTION ( 'NONE',  ( 0.000000000000000000, 0.000000000000000000, -1.000000000000000000 ) ) ;
#5063 = ORIENTED_EDGE ( 'NONE', *, *, #4304, .T. ) ;
#5064 = DIRECTION ( 'NONE',  ( -1.000000000000000000, 0.000000000000000000, 0.000000000000000000 ) ) ;
#5065 = EDGE_CURVE ( 'NONE', #1590, #5526, #3418, .T. ) ;
#5066 = DIRECTION ( 'NONE',  ( 1.233581138472399909E-16, -1.000000000000000000, 0.000000000000000000 ) ) ;
#5067 = EDGE_CURVE ( 'NONE', #3175, #3628, #5768, .T. ) ;
#5068 = FACE_OUTER_BOUND ( 'NONE', #3793, .T. ) ;
#5069 = ORIENTED_EDGE ( 'NONE', *, *, #1495, .T. ) ;
#5070 = VERTEX_POINT ( 'NONE', #3884 ) ;
#5071 = CARTESIAN_POINT ( 'NONE',  ( 7.589415207398531038E-16, 0.4000000000000000777, -6.999999999999999112 ) ) ;
#5072 = VERTEX_POINT ( 'NONE', #2396 ) ;
#5073 = EDGE_CURVE ( 'NONE', #635, #1528, #4389, .T. ) ;
#5074 = CARTESIAN_POINT ( 'NONE',  ( -2.350000000000000089, -4.740000000000000213, 0.5999999999999999778 ) ) ;
#5075 = EDGE_CURVE ( 'NONE', #443, #5284, #4422, .T. ) ;
#5076 = CARTESIAN_POINT ( 'NONE',  ( 2.949999999999999734, 2.500000000000000000, 2.558407044966669819 ) ) ;
#5077 = DIRECTION ( 'NONE',  ( -1.432545838226009632E-16, -1.000000000000000000, 0.000000000000000000 ) ) ;
#5078 = VERTEX_POINT ( 'NONE', #4333 ) ;
#5079 = DIRECTION ( 'NONE',  ( 1.204669080539448604E-16, -1.000000000000000000, 0.000000000000000000 ) ) ;
#5080 = VERTEX_POINT ( 'NONE', #2961 ) ;
#5081 = CARTESIAN_POINT ( 'NONE',  ( -2.000000000000000000, -0.5000000000000002220, 0.2999999999999999889 ) ) ;
#5082 = CARTESIAN_POINT ( 'NONE',  ( 0.6500000000000000222, 4.200000000000000178, -0.6999999999999999556 ) ) ;
#5083 = CARTESIAN_POINT ( 'NONE',  ( 0.8000000000000000444, 0.000000000000000000, -9.797174393178819987E-17 ) ) ;
#5084 = DIRECTION ( 'NONE',  ( 0.000000000000000000, -1.000000000000000000, 0.000000000000000000 ) ) ;
#5085 = DIRECTION ( 'NONE',  ( -0.000000000000000000, 1.000000000000000000, 0.000000000000000000 ) ) ;
#5086 = DIRECTION ( 'NONE',  ( 9.657402821900647729E-16, -0.7578781441660208396, 0.6523961362511798701 ) ) ;
#5087 = EDGE_LOOP ( 'NONE', ( #5571, #4270, #5988, #5234 ) ) ;
#5088 = CARTESIAN_POINT ( 'NONE',  ( -5.649999999999999467, -0.5000000000000006661, -6.349999999999999645 ) ) ;
#5089 = DIRECTION ( 'NONE',  ( -2.337311630789800155E-16, 0.000000000000000000, 1.000000000000000000 ) ) ;
#5090 = CARTESIAN_POINT ( 'NONE',  ( 0.9000000000000000222, 0.4000000000000000222, 0.2000000000000000111 ) ) ;
#5091 = DIRECTION ( 'NONE',  ( -1.000000000000000000, 0.000000000000000000, -5.551115123125780730E-16 ) ) ;
#5092 = ORIENTED_EDGE ( 'NONE', *, *, #3235, .F. ) ;
#5093 = CARTESIAN_POINT ( 'NONE',  ( -4.999999999999999112, 5.099999999999999645, -5.706807427695321344 ) ) ;
#5094 = DIRECTION ( 'NONE',  ( 1.000000000000000000, 0.000000000000000000, 0.000000000000000000 ) ) ;
#5095 = ADVANCED_FACE ( 'NONE', ( #1558 ), #3795, .F. ) ;
#5096 = ORIENTED_EDGE ( 'NONE', *, *, #2251, .T. ) ;
#5097 = ORIENTED_EDGE ( 'NONE', *, *, #2441, .F. ) ;
#5098 = DIRECTION ( 'NONE',  ( -6.049014748177260544E-16, 1.398706172756099997E-16, -1.000000000000000000 ) ) ;
#5099 = EDGE_LOOP ( 'NONE', ( #2205, #5655, #18, #3500 ) ) ;
#5100 = CARTESIAN_POINT ( 'NONE',  ( -0.6500000000000000222, -4.299999999999999822, -0.6999999999999999556 ) ) ;
#5101 = VECTOR ( 'NONE', #840, 1000.000000000000000 ) ;
#5102 = DIRECTION ( 'NONE',  ( 1.000000000000000000, 0.000000000000000000, 0.000000000000000000 ) ) ;
#5103 = CARTESIAN_POINT ( 'NONE',  ( 0.6499999999999993561, -5.200000000000000178, 7.663486364669190908E-17 ) ) ;
#5104 = ADVANCED_FACE ( 'NONE', ( #4864 ), #3361, .T. ) ;
#5105 = AXIS2_PLACEMENT_3D ( 'NONE', #5199, #5371, #1101 ) ;
#5106 = ADVANCED_FACE ( 'NONE', ( #5794 ), #5362, .T. ) ;
#5107 = EDGE_CURVE ( 'NONE', #2043, #1615, #5245, .T. ) ;
#5108 =( GEOMETRIC_REPRESENTATION_CONTEXT ( 3 ) GLOBAL_UNCERTAINTY_ASSIGNED_CONTEXT ( ( #3838 ) ) GLOBAL_UNIT_ASSIGNED_CONTEXT ( ( #4785, #90, #540 ) ) REPRESENTATION_CONTEXT ( 'NONE', 'WORKASPACE' ) );
#5109 = VECTOR ( 'NONE', #6130, 1000.000000000000000 ) ;
#5110 = EDGE_CURVE ( 'NONE', #6131, #1110, #1967, .T. ) ;
#5111 = ORIENTED_EDGE ( 'NONE', *, *, #467, .F. ) ;
#5112 = DIRECTION ( 'NONE',  ( 4.440892098500620245E-16, -0.8000000000000000444, 0.5999999999999999778 ) ) ;
#5113 = ORIENTED_EDGE ( 'NONE', *, *, #2092, .F. ) ;
#5114 = LINE ( 'NONE', #2741, #1960 ) ;
#5115 = DIRECTION ( 'NONE',  ( -0.000000000000000000, 1.000000000000000000, 0.000000000000000000 ) ) ;
#5116 = VECTOR ( 'NONE', #709, 1000.000000000000000 ) ;
#5117 = VECTOR ( 'NONE', #86, 1000.000000000000000 ) ;
#5118 = CARTESIAN_POINT ( 'NONE',  ( -0.8000000000000000444, 2.850000000000000089, 3.000000000000000000 ) ) ;
#5119 = APPLICATION_PROTOCOL_DEFINITION ( 'draft international standard', 'automotive_design', 1998, #782 ) ;
#5120 = VERTEX_POINT ( 'NONE', #2486 ) ;
#5121 = VECTOR ( 'NONE', #237, 1000.000000000000000 ) ;
#5122 = CARTESIAN_POINT ( 'NONE',  ( 3.149999999999999911, -5.400000000000000355, 2.600000000000000089 ) ) ;
#5123 = DIRECTION ( 'NONE',  ( -1.000000000000000000, 0.000000000000000000, 0.000000000000000000 ) ) ;
#5124 = ORIENTED_EDGE ( 'NONE', *, *, #6024, .T. ) ;
#5125 = CARTESIAN_POINT ( 'NONE',  ( -3.350000000000000089, 5.400000000000000355, 2.600000000000000089 ) ) ;
#5126 = VERTEX_POINT ( 'NONE', #4892 ) ;
#5127 = DIRECTION ( 'NONE',  ( 0.000000000000000000, 0.000000000000000000, -1.000000000000000000 ) ) ;
#5128 = PLANE ( 'NONE',  #125 ) ;
#5129 = LINE ( 'NONE', #4559, #5535 ) ;
#5130 = DIRECTION ( 'NONE',  ( 1.224646799147350002E-16, -1.000000000000000000, 0.000000000000000000 ) ) ;
#5131 = VERTEX_POINT ( 'NONE', #559 ) ;
#5132 = CARTESIAN_POINT ( 'NONE',  ( -1.949999999999999956, -2.949999999999999734, 11.50000000000000000 ) ) ;
#5133 = LINE ( 'NONE', #358, #1121 ) ;
#5134 = DIRECTION ( 'NONE',  ( 4.452492983202530261E-31, 1.000000000000000000, -7.360691234128989364E-16 ) ) ;
#5135 = VECTOR ( 'NONE', #2382, 1000.000000000000000 ) ;
#5136 = ORIENTED_EDGE ( 'NONE', *, *, #5986, .T. ) ;
#5137 = ORIENTED_EDGE ( 'NONE', *, *, #1914, .F. ) ;
#5138 = CARTESIAN_POINT ( 'NONE',  ( -4.999999999999999112, -5.200000000000001066, -6.349999999999999645 ) ) ;
#5139 = AXIS2_PLACEMENT_3D ( 'NONE', #4768, #2798, #4199 ) ;
#5140 = ORIENTED_EDGE ( 'NONE', *, *, #4461, .F. ) ;
#5141 = LINE ( 'NONE', #2297, #3539 ) ;
#5142 = CIRCLE ( 'NONE', #5042, 0.6500000000000003553 ) ;
#5143 = DIRECTION ( 'NONE',  ( 1.178997902256800061E-16, 0.000000000000000000, -1.000000000000000000 ) ) ;
#5144 = VECTOR ( 'NONE', #2271, 1000.000000000000000 ) ;
#5145 = ORIENTED_EDGE ( 'NONE', *, *, #2406, .F. ) ;
#5146 = CARTESIAN_POINT ( 'NONE',  ( -1.949999999999999956, -2.200000000000000178, 11.50000000000000000 ) ) ;
#5147 = EDGE_LOOP ( 'NONE', ( #4344, #618, #3389, #4677 ) ) ;
#5148 = CARTESIAN_POINT ( 'NONE',  ( 2.850000000000000089, -6.349999999999999645, 6.400000000000000355 ) ) ;
#5149 = EDGE_CURVE ( 'NONE', #1087, #4043, #613, .T. ) ;
#5150 = SURFACE_STYLE_FILL_AREA ( #3701 ) ;
#5151 = EDGE_CURVE ( 'NONE', #578, #5507, #1904, .T. ) ;
#5152 = ADVANCED_FACE ( 'NONE', ( #1498 ), #15, .T. ) ;
#5153 = EDGE_CURVE ( 'NONE', #4222, #2171, #5271, .T. ) ;
#5154 = DIRECTION ( 'NONE',  ( -1.000000000000000000, 0.000000000000000000, -1.178997902256800061E-16 ) ) ;
#5155 = ORIENTED_EDGE ( 'NONE', *, *, #955, .F. ) ;
#5156 = VECTOR ( 'NONE', #2563, 1000.000000000000000 ) ;
#5157 = CARTESIAN_POINT ( 'NONE',  ( -1.949999999999999956, 0.1485051958711619824, 11.50000000000000000 ) ) ;
#5158 = DIRECTION ( 'NONE',  ( 0.000000000000000000, -1.000000000000000000, 0.000000000000000000 ) ) ;
#5159 = ORIENTED_EDGE ( 'NONE', *, *, #2249, .F. ) ;
#5160 = CARTESIAN_POINT ( 'NONE',  ( -3.350000000000000089, 6.349999999999999645, 6.299999999999999822 ) ) ;
#5161 = ORIENTED_EDGE ( 'NONE', *, *, #2701, .T. ) ;
#5162 = DIRECTION ( 'NONE',  ( 2.467162276944790449E-16, -1.000000000000000000, 0.000000000000000000 ) ) ;
#5163 = EDGE_CURVE ( 'NONE', #859, #1439, #4803, .T. ) ;
#5164 = DIRECTION ( 'NONE',  ( 0.000000000000000000, 0.000000000000000000, -1.000000000000000000 ) ) ;
#5165 = ORIENTED_EDGE ( 'NONE', *, *, #3733, .F. ) ;
#5166 = LINE ( 'NONE', #2656, #4750 ) ;
#5167 = FACE_OUTER_BOUND ( 'NONE', #3933, .T. ) ;
#5168 = ORIENTED_EDGE ( 'NONE', *, *, #6180, .T. ) ;
#5169 = LINE ( 'NONE', #2764, #2235 ) ;
#5170 = DIRECTION ( 'NONE',  ( -0.000000000000000000, 1.000000000000000000, 0.000000000000000000 ) ) ;
#5171 = CARTESIAN_POINT ( 'NONE',  ( -2.500000000000000000, -5.500000000000000000, 1.199999999999999956 ) ) ;
#5172 = ORIENTED_EDGE ( 'NONE', *, *, #186, .F. ) ;
#5173 = VERTEX_POINT ( 'NONE', #2460 ) ;
#5174 = PLANE ( 'NONE',  #4236 ) ;
#5175 = ORIENTED_EDGE ( 'NONE', *, *, #5484, .F. ) ;
#5176 = CARTESIAN_POINT ( 'NONE',  ( -3.350000000000000089, -0.8000000000000000444, 3.500000000000000000 ) ) ;
#5177 = PLANE ( 'NONE',  #5017 ) ;
#5178 = VERTEX_POINT ( 'NONE', #1120 ) ;
#5179 = CARTESIAN_POINT ( 'NONE',  ( -3.350000000000000089, -5.500000000000000000, 2.558407044966669819 ) ) ;
#5180 = VERTEX_POINT ( 'NONE', #2107 ) ;
#5181 = CYLINDRICAL_SURFACE ( 'NONE', #3439, 0.6500000000000003553 ) ;
#5182 = LINE ( 'NONE', #4002, #2260 ) ;
#5183 = CARTESIAN_POINT ( 'NONE',  ( 3.350000000000000089, 6.349999999999999645, 1.558407044966670041 ) ) ;
#5184 =( NAMED_UNIT ( * ) SI_UNIT ( $, .STERADIAN. ) SOLID_ANGLE_UNIT ( ) );
#5185 = ORIENTED_EDGE ( 'NONE', *, *, #3051, .F. ) ;
#5186 = EDGE_CURVE ( 'NONE', #5126, #4082, #1654, .T. ) ;
#5187 = LINE ( 'NONE', #406, #1338 ) ;
#5188 = LINE ( 'NONE', #4367, #1442 ) ;
#5189 = ORIENTED_EDGE ( 'NONE', *, *, #418, .T. ) ;
#5190 = FACE_OUTER_BOUND ( 'NONE', #4024, .T. ) ;
#5191 = LINE ( 'NONE', #5776, #5402 ) ;
#5192 = CARTESIAN_POINT ( 'NONE',  ( -1.949999999999999956, -1.000000000000000000, 11.79999999999999893 ) ) ;
#5193 = ORIENTED_EDGE ( 'NONE', *, *, #1568, .T. ) ;
#5194 = EDGE_CURVE ( 'NONE', #1110, #2381, #3472, .T. ) ;
#5195 = EDGE_CURVE ( 'NONE', #4524, #4904, #774, .T. ) ;
#5196 = CARTESIAN_POINT ( 'NONE',  ( -2.299999999999999822, 5.259999999999999787, 0.2999999999999999889 ) ) ;
#5197 = ORIENTED_EDGE ( 'NONE', *, *, #5868, .F. ) ;
#5198 = DIRECTION ( 'NONE',  ( -0.6401843996644799306, -7.830133605858421166E-17, -0.7682212795973757391 ) ) ;
#5199 = CARTESIAN_POINT ( 'NONE',  ( -2.299999999999999822, -5.259999999999999787, 0.5999999999999999778 ) ) ;
#5200 = ORIENTED_EDGE ( 'NONE', *, *, #2549, .T. ) ;
#5201 = VERTEX_POINT ( 'NONE', #5388 ) ;
#5202 = DIRECTION ( 'NONE',  ( 2.775557561562890365E-16, -1.096516567531019854E-16, 1.000000000000000000 ) ) ;
#5203 = LINE ( 'NONE', #5697, #5928 ) ;
#5204 = LINE ( 'NONE', #5670, #2128 ) ;
#5205 = ORIENTED_EDGE ( 'NONE', *, *, #5153, .T. ) ;
#5206 = FACE_OUTER_BOUND ( 'NONE', #130, .T. ) ;
#5207 = ORIENTED_EDGE ( 'NONE', *, *, #2282, .F. ) ;
#5208 = DIRECTION ( 'NONE',  ( 1.000000000000000000, 0.000000000000000000, 0.000000000000000000 ) ) ;
#5209 = FILL_AREA_STYLE ('',( #6114 ) ) ;
#5210 = LINE ( 'NONE', #374, #536 ) ;
#5211 = VECTOR ( 'NONE', #1698, 1000.000000000000000 ) ;
#5212 = DIRECTION ( 'NONE',  ( -1.517040202348099841E-29, -1.000000000000000000, 8.881784197001241279E-15 ) ) ;
#5213 = AXIS2_PLACEMENT_3D ( 'NONE', #5456, #203, #2703 ) ;
#5214 = VECTOR ( 'NONE', #5091, 1000.000000000000000 ) ;
#5215 = EDGE_LOOP ( 'NONE', ( #6068, #5200, #3535, #4321, #1874, #2531, #2075, #366 ) ) ;
#5216 = DIRECTION ( 'NONE',  ( -1.000000000000000000, 0.000000000000000000, -1.178997902256800061E-16 ) ) ;
#5217 = DIRECTION ( 'NONE',  ( 1.000000000000000000, 1.110223024625159992E-16, 0.000000000000000000 ) ) ;
#5218 = ORIENTED_EDGE ( 'NONE', *, *, #1835, .T. ) ;
#5219 = CARTESIAN_POINT ( 'NONE',  ( 3.350000000000000089, -5.400000000000000355, 3.000000000000000000 ) ) ;
#5220 = VECTOR ( 'NONE', #282, 1000.000000000000000 ) ;
#5221 = CARTESIAN_POINT ( 'NONE',  ( 2.000000000000000000, 0.2599999999999999534, 0.5999999999999999778 ) ) ;
#5222 = LINE ( 'NONE', #2758, #4913 ) ;
#5223 = VECTOR ( 'NONE', #809, 1000.000000000000000 ) ;
#5224 = ORIENTED_EDGE ( 'NONE', *, *, #3855, .T. ) ;
#5225 = LINE ( 'NONE', #4258, #5809 ) ;
#5226 = EDGE_LOOP ( 'NONE', ( #2477, #1317, #4546, #2401 ) ) ;
#5227 = DIRECTION ( 'NONE',  ( 0.000000000000000000, 0.000000000000000000, 1.000000000000000000 ) ) ;
#5228 = EDGE_CURVE ( 'NONE', #134, #839, #200, .T. ) ;
#5229 = EDGE_CURVE ( 'NONE', #1015, #1410, #142, .T. ) ;
#5230 = ADVANCED_FACE ( 'NONE', ( #2601 ), #5974, .T. ) ;
#5231 = EDGE_CURVE ( 'NONE', #789, #5489, #4041, .T. ) ;
#5232 = DIRECTION ( 'NONE',  ( -1.000000000000000000, 5.551115123125779621E-17, 0.000000000000000000 ) ) ;
#5233 = VECTOR ( 'NONE', #2593, 1000.000000000000000 ) ;
#5234 = ORIENTED_EDGE ( 'NONE', *, *, #5650, .F. ) ;
#5235 = ORIENTED_EDGE ( 'NONE', *, *, #3798, .F. ) ;
#5236 = CARTESIAN_POINT ( 'NONE',  ( 0.000000000000000000, 5.400000000000000355, 0.000000000000000000 ) ) ;
#5237 = LINE ( 'NONE', #928, #1162 ) ;
#5238 = DIRECTION ( 'NONE',  ( 0.000000000000000000, 0.000000000000000000, -1.000000000000000000 ) ) ;
#5239 = ORIENTED_EDGE ( 'NONE', *, *, #1213, .T. ) ;
#5240 = CARTESIAN_POINT ( 'NONE',  ( 2.949999999999999734, -6.349999999999999645, 17.55840704496670313 ) ) ;
#5241 = VECTOR ( 'NONE', #965, 1000.000000000000000 ) ;
#5242 = VECTOR ( 'NONE', #212, 1000.000000000000000 ) ;
#5243 = ORIENTED_EDGE ( 'NONE', *, *, #3120, .F. ) ;
#5244 = DIRECTION ( 'NONE',  ( 0.000000000000000000, -6.993530863780509846E-17, -1.000000000000000000 ) ) ;
#5245 = LINE ( 'NONE', #585, #335 ) ;
#5246 = VECTOR ( 'NONE', #5989, 1000.000000000000000 ) ;
#5247 = LINE ( 'NONE', #4719, #228 ) ;
#5248 = CARTESIAN_POINT ( 'NONE',  ( 2.000000000000000000, 0.4000000000000000222, 0.2999999999999999889 ) ) ;
#5249 = CLOSED_SHELL ( 'NONE', ( #1872, #5984, #1786, #711, #2976, #1185 ) ) ;
#5250 = VERTEX_POINT ( 'NONE', #5857 ) ;
#5251 = CARTESIAN_POINT ( 'NONE',  ( -2.000000000000000000, 0.2599999999999999534, 0.2999999999999999889 ) ) ;
#5252 = VECTOR ( 'NONE', #1089, 1000.000000000000000 ) ;
#5253 = CARTESIAN_POINT ( 'NONE',  ( -4.999999999999999112, 4.200000000000000178, -7.000000000000000000 ) ) ;
#5254 = AXIS2_PLACEMENT_3D ( 'NONE', #523, #2926, #1878 ) ;
#5255 = ORIENTED_EDGE ( 'NONE', *, *, #2404, .T. ) ;
#5256 = PLANE ( 'NONE',  #2022 ) ;
#5257 = ORIENTED_EDGE ( 'NONE', *, *, #4192, .F. ) ;
#5258 = PLANE ( 'NONE',  #823 ) ;
#5259 = ORIENTED_EDGE ( 'NONE', *, *, #1606, .T. ) ;
#5260 = EDGE_CURVE ( 'NONE', #3362, #6158, #4979, .T. ) ;
#5261 = EDGE_CURVE ( 'NONE', #4958, #4514, #1209, .T. ) ;
#5262 = VERTEX_POINT ( 'NONE', #647 ) ;
#5263 = LINE ( 'NONE', #516, #2343 ) ;
#5264 = CARTESIAN_POINT ( 'NONE',  ( -3.350000000000000089, 0.8000000000000000444, 3.500000000000000000 ) ) ;
#5265 = ORIENTED_EDGE ( 'NONE', *, *, #3950, .F. ) ;
#5266 = EDGE_CURVE ( 'NONE', #2195, #854, #3127, .T. ) ;
#5267 = EDGE_CURVE ( 'NONE', #4558, #2386, #2546, .T. ) ;
#5268 = ORIENTED_EDGE ( 'NONE', *, *, #6071, .F. ) ;
#5269 = PLANE ( 'NONE',  #4849 ) ;
#5270 = DIRECTION ( 'NONE',  ( -0.6401843996644798196, -6.593796720722878387E-17, 0.7682212795973758501 ) ) ;
#5271 = LINE ( 'NONE', #3387, #4502 ) ;
#5272 = ORIENTED_EDGE ( 'NONE', *, *, #5840, .F. ) ;
#5273 = DIRECTION ( 'NONE',  ( -1.000000000000000000, 0.000000000000000000, -1.734723475976807094E-15 ) ) ;
#5274 = CARTESIAN_POINT ( 'NONE',  ( 1.949999999999999956, -2.200000000000000178, 11.50000000000000000 ) ) ;
#5275 = DIRECTION ( 'NONE',  ( 7.569702440626069226E-17, 1.050507242393039952E-32, -1.000000000000000000 ) ) ;
#5276 = VERTEX_POINT ( 'NONE', #741 ) ;
#5277 = DIRECTION ( 'NONE',  ( 1.000000000000000000, 0.000000000000000000, 0.000000000000000000 ) ) ;
#5278 = LINE ( 'NONE', #117, #4214 ) ;
#5279 = DIRECTION ( 'NONE',  ( -1.000000000000000000, -4.108650548026095125E-32, 0.000000000000000000 ) ) ;
#5280 = VERTEX_POINT ( 'NONE', #1704 ) ;
#5281 = CARTESIAN_POINT ( 'NONE',  ( 0.9000000000000000222, 0.4000000000000000222, 0.2000000000000000111 ) ) ;
#5282 = ORIENTED_EDGE ( 'NONE', *, *, #2547, .F. ) ;
#5283 = CARTESIAN_POINT ( 'NONE',  ( 2.350000000000000089, -0.2599999999999999534, 0.5999999999999999778 ) ) ;
#5284 = VERTEX_POINT ( 'NONE', #3594 ) ;
#5285 = ORIENTED_EDGE ( 'NONE', *, *, #5828, .T. ) ;
#5286 = VERTEX_POINT ( 'NONE', #5510 ) ;
#5287 = DIRECTION ( 'NONE',  ( -1.432545838226009632E-16, -1.000000000000000000, 0.000000000000000000 ) ) ;
#5288 = LINE ( 'NONE', #2920, #4207 ) ;
#5289 = ORIENTED_EDGE ( 'NONE', *, *, #34, .F. ) ;
#5290 = ORIENTED_EDGE ( 'NONE', *, *, #3242, .T. ) ;
#5291 = CARTESIAN_POINT ( 'NONE',  ( 2.000000000000000000, -4.299999999999999822, 0.2000000000000000111 ) ) ;
#5292 = LINE ( 'NONE', #4712, #6039 ) ;
#5293 = CARTESIAN_POINT ( 'NONE',  ( 2.000000000000000000, 5.100000000000000533, 0.5999999999999999778 ) ) ;
#5294 = EDGE_CURVE ( 'NONE', #4980, #2156, #5951, .T. ) ;
#5295 = EDGE_CURVE ( 'NONE', #2714, #3657, #3102, .T. ) ;
#5296 = EDGE_CURVE ( 'NONE', #5314, #4893, #3971, .T. ) ;
#5297 = ADVANCED_FACE ( 'NONE', ( #273 ), #2174, .F. ) ;
#5298 = ORIENTED_EDGE ( 'NONE', *, *, #3599, .F. ) ;
#5299 = DIRECTION ( 'NONE',  ( 0.000000000000000000, -1.000000000000000000, 0.000000000000000000 ) ) ;
#5300 = CARTESIAN_POINT ( 'NONE',  ( 0.6500000000000000222, 5.100000000000000533, -6.349999999999999645 ) ) ;
#5301 = CARTESIAN_POINT ( 'NONE',  ( 2.949999999999999734, -6.349999999999999645, 6.299999999999999822 ) ) ;
#5302 = ORIENTED_EDGE ( 'NONE', *, *, #5559, .T. ) ;
#5303 = LINE ( 'NONE', #1009, #3744 ) ;
#5304 = VECTOR ( 'NONE', #3440, 1000.000000000000000 ) ;
#5305 = VECTOR ( 'NONE', #5079, 1000.000000000000000 ) ;
#5306 = CYLINDRICAL_SURFACE ( 'NONE', #5720, 0.5000000000000004441 ) ;
#5307 = ORIENTED_EDGE ( 'NONE', *, *, #4962, .T. ) ;
#5308 = VECTOR ( 'NONE', #5094, 1000.000000000000000 ) ;
#5309 = VECTOR ( 'NONE', #1753, 1000.000000000000000 ) ;
#5310 = AXIS2_PLACEMENT_3D ( 'NONE', #3060, #184, #4964 ) ;
#5311 = DIRECTION ( 'NONE',  ( 1.000000000000000000, 0.000000000000000000, -1.224646799147350002E-16 ) ) ;
#5312 = EDGE_LOOP ( 'NONE', ( #80, #3376, #3460, #5919 ) ) ;
#5313 = CARTESIAN_POINT ( 'NONE',  ( -1.949999999999999956, -5.000000000000000000, 1.600000000000000089 ) ) ;
#5314 = VERTEX_POINT ( 'NONE', #5049 ) ;
#5315 = AXIS2_PLACEMENT_3D ( 'NONE', #2747, #2804, #4651 ) ;
#5316 = VECTOR ( 'NONE', #2169, 1000.000000000000000 ) ;
#5317 = ORIENTED_EDGE ( 'NONE', *, *, #1796, .F. ) ;
#5318 = ORIENTED_EDGE ( 'NONE', *, *, #2320, .T. ) ;
#5319 = VECTOR ( 'NONE', #1279, 1000.000000000000000 ) ;
#5320 = CARTESIAN_POINT ( 'NONE',  ( 0.6500000000000000222, -4.299999999999999822, -0.6999999999999999556 ) ) ;
#5321 = VECTOR ( 'NONE', #3247, 1000.000000000000000 ) ;
#5322 = DIRECTION ( 'NONE',  ( 0.000000000000000000, -1.000000000000000000, -1.131437477325000045E-16 ) ) ;
#5323 = VECTOR ( 'NONE', #679, 1000.000000000000000 ) ;
#5324 = ORIENTED_EDGE ( 'NONE', *, *, #3129, .T. ) ;
#5325 = EDGE_LOOP ( 'NONE', ( #304, #60, #1633, #5695 ) ) ;
#5326 = DIRECTION ( 'NONE',  ( -3.496765431890259853E-17, -1.000000000000000000, 0.000000000000000000 ) ) ;
#5327 = PRESENTATION_STYLE_ASSIGNMENT (( #199 ) ) ;
#5328 = CARTESIAN_POINT ( 'NONE',  ( -3.350000000000000089, 0.8000000000000000444, 2.500000000000000000 ) ) ;
#5329 = VECTOR ( 'NONE', #5198, 1000.000000000000000 ) ;
#5330 = VERTEX_POINT ( 'NONE', #2673 ) ;
#5331 = DIRECTION ( 'NONE',  ( 0.000000000000000000, 0.000000000000000000, -1.000000000000000000 ) ) ;
#5332 = LINE ( 'NONE', #1065, #3505 ) ;
#5333 = DIRECTION ( 'NONE',  ( -5.654319433712920626E-15, 1.000000000000000000, 6.661338147750960542E-15 ) ) ;
#5334 = EDGE_CURVE ( 'NONE', #6167, #6148, #3945, .T. ) ;
#5335 = EDGE_CURVE ( 'NONE', #5201, #37, #4950, .T. ) ;
#5336 = ORIENTED_EDGE ( 'NONE', *, *, #5453, .T. ) ;
#5337 = EDGE_CURVE ( 'NONE', #1650, #3398, #5204, .T. ) ;
#5338 = DIRECTION ( 'NONE',  ( 0.000000000000000000, -1.000000000000000000, 0.000000000000000000 ) ) ;
#5339 = ADVANCED_FACE ( 'NONE', ( #5605 ), #6107, .F. ) ;
#5340 = UNCERTAINTY_MEASURE_WITH_UNIT (LENGTH_MEASURE( 1.000000000000000082E-05 ), #1991, 'distance_accuracy_value', 'NONE');
#5341 = DIRECTION ( 'NONE',  ( -8.460794267368238936E-32, -1.000000000000000000, -1.398706172756099997E-16 ) ) ;
#5342 = PLANE ( 'NONE',  #939 ) ;
#5343 = VECTOR ( 'NONE', #3886, 1000.000000000000000 ) ;
#5344 = VECTOR ( 'NONE', #3176, 1000.000000000000114 ) ;
#5345 = CARTESIAN_POINT ( 'NONE',  ( -0.9000000000000000222, -4.299999999999999822, 0.2000000000000000111 ) ) ;
#5346 = EDGE_LOOP ( 'NONE', ( #3072, #2773, #3553, #1972 ) ) ;
#5347 = EDGE_CURVE ( 'NONE', #762, #4553, #1341, .T. ) ;
#5348 = DIRECTION ( 'NONE',  ( -1.000000000000000000, -1.233581138472399909E-16, 0.000000000000000000 ) ) ;
#5349 = EDGE_CURVE ( 'NONE', #515, #1414, #4200, .T. ) ;
#5350 = ORIENTED_EDGE ( 'NONE', *, *, #4952, .T. ) ;
#5351 = VECTOR ( 'NONE', #2868, 1000.000000000000000 ) ;
#5352 = AXIS2_PLACEMENT_3D ( 'NONE', #3631, #5972, #2696 ) ;
#5353 = CARTESIAN_POINT ( 'NONE',  ( -2.949999999999999734, 0.000000000000000000, 3.500000000000000000 ) ) ;
#5354 = EDGE_LOOP ( 'NONE', ( #1335, #5416, #3841, #4826 ) ) ;
#5355 = VECTOR ( 'NONE', #6045, 1000.000000000000000 ) ;
#5356 = EDGE_LOOP ( 'NONE', ( #4132, #4472, #2725, #3037 ) ) ;
#5357 = DIRECTION ( 'NONE',  ( 0.000000000000000000, -1.000000000000000000, 0.000000000000000000 ) ) ;
#5358 = FACE_OUTER_BOUND ( 'NONE', #2635, .T. ) ;
#5359 = VERTEX_POINT ( 'NONE', #3234 ) ;
#5360 = ORIENTED_EDGE ( 'NONE', *, *, #4309, .F. ) ;
#5361 = CARTESIAN_POINT ( 'NONE',  ( -2.000000000000000000, -4.299999999999999822, 0.2000000000000000111 ) ) ;
#5362 = PLANE ( 'NONE',  #3024 ) ;
#5363 = ORIENTED_EDGE ( 'NONE', *, *, #1307, .F. ) ;
#5364 = CARTESIAN_POINT ( 'NONE',  ( -2.500000000000000000, -5.500000000000000000, 1.199999999999999956 ) ) ;
#5365 = CARTESIAN_POINT ( 'NONE',  ( -2.299999999999999822, 4.740000000000000213, 0.5999999999999999778 ) ) ;
#5366 = LINE ( 'NONE', #4957, #5022 ) ;
#5367 = VERTEX_POINT ( 'NONE', #1407 ) ;
#5368 = DIRECTION ( 'NONE',  ( -2.775557561562890365E-16, 0.000000000000000000, 1.000000000000000000 ) ) ;
#5369 = CARTESIAN_POINT ( 'NONE',  ( 3.350000000000000089, 5.400000000000000355, 2.600000000000000089 ) ) ;
#5370 = FACE_OUTER_BOUND ( 'NONE', #3215, .T. ) ;
#5371 = DIRECTION ( 'NONE',  ( -0.9954090291002811730, -0.09571240664425752220, 0.000000000000000000 ) ) ;
#5372 = ADVANCED_FACE ( 'NONE', ( #334 ), #1871, .F. ) ;
#5373 = CARTESIAN_POINT ( 'NONE',  ( 2.500000000000000000, -5.500000000000000000, 6.200000000000000178 ) ) ;
#5374 = ORIENTED_EDGE ( 'NONE', *, *, #4812, .F. ) ;
#5375 = LINE ( 'NONE', #4053, #4745 ) ;
#5376 = ORIENTED_EDGE ( 'NONE', *, *, #998, .F. ) ;
#5377 = EDGE_CURVE ( 'NONE', #1656, #3870, #4099, .T. ) ;
#5378 = ADVANCED_FACE ( 'NONE', ( #4237 ), #900, .T. ) ;
#5379 = EDGE_CURVE ( 'NONE', #4947, #3763, #4707, .T. ) ;
#5380 = DIRECTION ( 'NONE',  ( -1.000000000000000000, 0.000000000000000000, 0.000000000000000000 ) ) ;
#5381 = ORIENTED_EDGE ( 'NONE', *, *, #4658, .T. ) ;
#5382 = ORIENTED_EDGE ( 'NONE', *, *, #3194, .F. ) ;
#5383 = FACE_OUTER_BOUND ( 'NONE', #327, .T. ) ;
#5384 = LINE ( 'NONE', #3527, #3897 ) ;
#5385 = ORIENTED_EDGE ( 'NONE', *, *, #3415, .F. ) ;
#5386 = ORIENTED_EDGE ( 'NONE', *, *, #1076, .F. ) ;
#5387 = CARTESIAN_POINT ( 'NONE',  ( 2.850000000000000089, 6.349999999999999645, 6.400000000000000355 ) ) ;
#5388 = CARTESIAN_POINT ( 'NONE',  ( -2.850000000000000089, -6.349999999999999645, 6.799999999999999822 ) ) ;
#5389 = ORIENTED_EDGE ( 'NONE', *, *, #5033, .F. ) ;
#5390 = DIRECTION ( 'NONE',  ( -1.000000000000000000, 0.000000000000000000, 0.000000000000000000 ) ) ;
#5391 = DIRECTION ( 'NONE',  ( 0.000000000000000000, 0.000000000000000000, 1.000000000000000000 ) ) ;
#5392 = ORIENTED_EDGE ( 'NONE', *, *, #4992, .F. ) ;
#5393 = DIRECTION ( 'NONE',  ( 1.000000000000000000, 0.000000000000000000, 0.000000000000000000 ) ) ;
#5394 = DIRECTION ( 'NONE',  ( 0.6401843996644799306, 0.000000000000000000, 0.7682212795973758501 ) ) ;
#5395 = LINE ( 'NONE', #1131, #1522 ) ;
#5396 = CARTESIAN_POINT ( 'NONE',  ( 2.949999999999999734, -1.000000000000000000, 1.558407044966680033 ) ) ;
#5397 = ORIENTED_EDGE ( 'NONE', *, *, #5445, .T. ) ;
#5399 = DIRECTION ( 'NONE',  ( 1.000000000000000000, 0.000000000000000000, 0.000000000000000000 ) ) ;
#5398 = VECTOR ( 'NONE', #2204, 1000.000000000000000 ) ;
#5400 = ORIENTED_EDGE ( 'NONE', *, *, #2857, .F. ) ;
#5401 = CIRCLE ( 'NONE', #3214, 0.09999999999999982514 ) ;
#5402 = VECTOR ( 'NONE', #3395, 1000.000000000000000 ) ;
#5403 = VECTOR ( 'NONE', #2724, 1000.000000000000000 ) ;
#5404 = FACE_OUTER_BOUND ( 'NONE', #4918, .T. ) ;
#5405 = ORIENTED_EDGE ( 'NONE', *, *, #418, .F. ) ;
#5406 = ORIENTED_EDGE ( 'NONE', *, *, #3732, .T. ) ;
#5407 = LINE ( 'NONE', #1203, #2941 ) ;
#5408 = EDGE_CURVE ( 'NONE', #828, #1997, #871, .T. ) ;
#5409 = EDGE_CURVE ( 'NONE', #1016, #4171, #1379, .T. ) ;
#5410 = EDGE_CURVE ( 'NONE', #1008, #2844, #2772, .T. ) ;
#5411 = VECTOR ( 'NONE', #4311, 1000.000000000000000 ) ;
#5412 = VECTOR ( 'NONE', #4366, 1000.000000000000000 ) ;
#5413 = ADVANCED_FACE ( 'NONE', ( #6008 ), #835, .T. ) ;
#5414 = CARTESIAN_POINT ( 'NONE',  ( 2.350000000000000089, -4.740000000000000213, 0.5999999999999999778 ) ) ;
#5415 = VECTOR ( 'NONE', #2082, 1000.000000000000000 ) ;
#5416 = ORIENTED_EDGE ( 'NONE', *, *, #3615, .F. ) ;
#5417 = VERTEX_POINT ( 'NONE', #5640 ) ;
#5418 = CARTESIAN_POINT ( 'NONE',  ( -2.949999999999999734, 2.500000000000000000, 4.558407044966670263 ) ) ;
#5419 = FILL_AREA_STYLE_COLOUR ( '', #2960 ) ;
#5420 = DIRECTION ( 'NONE',  ( 1.224646799147350002E-16, -1.000000000000000000, 0.000000000000000000 ) ) ;
#5421 = EDGE_LOOP ( 'NONE', ( #2307, #1705, #295, #3749, #2397, #2658, #4316, #3413, #3725, #5374, #3930, #3872, #4493, #3010, #2591, #5755 ) ) ;
#5422 = CARTESIAN_POINT ( 'NONE',  ( 1.372833689591751851E-15, -5.200000000000000178, -6.349999999999999645 ) ) ;
#5423 = AXIS2_PLACEMENT_3D ( 'NONE', #290, #2192, #4531 ) ;
#5424 = DIRECTION ( 'NONE',  ( -1.432545838226009632E-16, -1.000000000000000000, 0.000000000000000000 ) ) ;
#5425 = ORIENTED_EDGE ( 'NONE', *, *, #757, .T. ) ;
#5426 = CARTESIAN_POINT ( 'NONE',  ( -2.000000000000000000, -4.740000000000000213, 0.2999999999999999889 ) ) ;
#5427 = CARTESIAN_POINT ( 'NONE',  ( -2.299999999999999822, 4.740000000000000213, 0.2999999999999999889 ) ) ;
#5428 = PLANE ( 'NONE',  #4416 ) ;
#5429 = LINE ( 'NONE', #810, #432 ) ;
#5430 = DIRECTION ( 'NONE',  ( 9.251858538542969855E-16, -5.046468293750709530E-17, 1.000000000000000000 ) ) ;
#5431 = ORIENTED_EDGE ( 'NONE', *, *, #3523, .T. ) ;
#5432 = CARTESIAN_POINT ( 'NONE',  ( -2.949999999999999734, -0.8000000000000000444, 2.500000000000000000 ) ) ;
#5433 = VECTOR ( 'NONE', #1160, 1000.000000000000000 ) ;
#5434 = ORIENTED_EDGE ( 'NONE', *, *, #2577, .T. ) ;
#5435 = CARTESIAN_POINT ( 'NONE',  ( 3.149999999999999911, 2.600000000000000089, 4.500000000000000000 ) ) ;
#5436 = VECTOR ( 'NONE', #5589, 1000.000000000000000 ) ;
#5437 = VECTOR ( 'NONE', #1877, 1000.000000000000000 ) ;
#5438 = CARTESIAN_POINT ( 'NONE',  ( -2.299999999999999822, 0.2599999999999999534, 0.5999999999999999778 ) ) ;
#5439 = VERTEX_POINT ( 'NONE', #4643 ) ;
#5440 = ORIENTED_EDGE ( 'NONE', *, *, #3195, .F. ) ;
#5441 = LINE ( 'NONE', #4501, #1144 ) ;
#5442 = LINE ( 'NONE', #2662, #5998 ) ;
#5443 = VECTOR ( 'NONE', #1277, 1000.000000000000000 ) ;
#5444 = DIRECTION ( 'NONE',  ( 1.000000000000000000, 0.000000000000000000, 0.000000000000000000 ) ) ;
#5445 = EDGE_CURVE ( 'NONE', #5526, #4672, #5543, .T. ) ;
#5446 = VECTOR ( 'NONE', #4067, 1000.000000000000000 ) ;
#5447 = ORIENTED_EDGE ( 'NONE', *, *, #3779, .T. ) ;
#5448 = EDGE_LOOP ( 'NONE', ( #3383, #5635, #3836, #381 ) ) ;
#5449 = DIRECTION ( 'NONE',  ( -0.000000000000000000, 1.000000000000000000, 0.000000000000000000 ) ) ;
#5450 = CARTESIAN_POINT ( 'NONE',  ( 2.949999999999999734, 6.349999999999999645, 6.200000000000000178 ) ) ;
#5451 = CARTESIAN_POINT ( 'NONE',  ( 3.350000000000000089, -6.349999999999999645, 6.299999999999999822 ) ) ;
#5452 = EDGE_CURVE ( 'NONE', #2258, #3589, #2698, .T. ) ;
#5453 = EDGE_CURVE ( 'NONE', #3763, #2784, #3266, .T. ) ;
#5454 = ADVANCED_FACE ( 'NONE', ( #4676, #2298 ), #5177, .F. ) ;
#5455 = ORIENTED_EDGE ( 'NONE', *, *, #2896, .T. ) ;
#5456 = CARTESIAN_POINT ( 'NONE',  ( 2.500000000000000000, -5.500000000000000000, 1.199999999999999956 ) ) ;
#5457 = ORIENTED_EDGE ( 'NONE', *, *, #1212, .T. ) ;
#5458 = DIRECTION ( 'NONE',  ( 1.000000000000000000, 1.387778780781449866E-16, 0.000000000000000000 ) ) ;
#5459 = ORIENTED_EDGE ( 'NONE', *, *, #5295, .F. ) ;
#5460 = DIRECTION ( 'NONE',  ( -1.224646799147350002E-16, 0.000000000000000000, -1.000000000000000000 ) ) ;
#5461 = CARTESIAN_POINT ( 'NONE',  ( -2.949999999999999734, 5.500000000000000000, 2.558407044966679589 ) ) ;
#5462 = PLANE ( 'NONE',  #724 ) ;
#5463 = ORIENTED_EDGE ( 'NONE', *, *, #1793, .F. ) ;
#5464 = DIRECTION ( 'NONE',  ( -1.000000000000000000, 0.000000000000000000, 0.000000000000000000 ) ) ;
#5465 = ORIENTED_EDGE ( 'NONE', *, *, #3388, .T. ) ;
#5466 = CARTESIAN_POINT ( 'NONE',  ( -2.000000000000000000, -4.299999999999999822, 0.2999999999999999889 ) ) ;
#5467 = LINE ( 'NONE', #2099, #3499 ) ;
#5468 = ORIENTED_EDGE ( 'NONE', *, *, #2472, .F. ) ;
#5469 = EDGE_LOOP ( 'NONE', ( #2299, #174, #4447, #1189 ) ) ;
#5470 = DIRECTION ( 'NONE',  ( 1.000000000000000000, 0.000000000000000000, -6.049014748177260544E-16 ) ) ;
#5471 = CARTESIAN_POINT ( 'NONE',  ( -3.350000000000000089, -2.500000000000000000, 2.558407044966669819 ) ) ;
#5472 = VERTEX_POINT ( 'NONE', #4268 ) ;
#5473 = CARTESIAN_POINT ( 'NONE',  ( 0.2400000000000000189, 3.000000000000000000, 3.399999999999999911 ) ) ;
#5474 = ORIENTED_EDGE ( 'NONE', *, *, #3533, .T. ) ;
#5475 = CARTESIAN_POINT ( 'NONE',  ( 1.949999999999999956, 3.000000000000000000, 5.500000000000000000 ) ) ;
#5476 = DIRECTION ( 'NONE',  ( 4.440892098500630106E-16, 2.220446049250309876E-16, -1.000000000000000000 ) ) ;
#5477 = CARTESIAN_POINT ( 'NONE',  ( 3.350000000000000089, -2.600000000000000089, 3.000000000000000000 ) ) ;
#5478 = VERTEX_POINT ( 'NONE', #3905 ) ;
#5479 = DIRECTION ( 'NONE',  ( 0.000000000000000000, 0.000000000000000000, -1.000000000000000000 ) ) ;
#5480 = ORIENTED_EDGE ( 'NONE', *, *, #923, .T. ) ;
#5481 = CARTESIAN_POINT ( 'NONE',  ( 2.350000000000000089, 5.549999999999999822, 0.2999999999999999889 ) ) ;
#5482 = EDGE_CURVE ( 'NONE', #3445, #4349, #463, .T. ) ;
#5483 = DIRECTION ( 'NONE',  ( 0.000000000000000000, -1.000000000000000000, 0.000000000000000000 ) ) ;
#5484 = EDGE_CURVE ( 'NONE', #3254, #5126, #4830, .T. ) ;
#5485 = EDGE_CURVE ( 'NONE', #3099, #1240, #3324, .T. ) ;
#5486 = ADVANCED_FACE ( 'NONE', ( #580 ), #1551, .T. ) ;
#5487 = CARTESIAN_POINT ( 'NONE',  ( 3.350000000000000089, 2.600000000000000089, 3.000000000000000000 ) ) ;
#5488 = DIRECTION ( 'NONE',  ( 1.000000000000000000, 0.000000000000000000, 0.000000000000000000 ) ) ;
#5489 = VERTEX_POINT ( 'NONE', #1987 ) ;
#5490 = CARTESIAN_POINT ( 'NONE',  ( -1.949999999999999956, -2.949999999999999734, 11.50000000000000000 ) ) ;
#5491 = EDGE_LOOP ( 'NONE', ( #6098, #4566, #919, #5318 ) ) ;
#5492 = DIRECTION ( 'NONE',  ( -6.661338147750940229E-16, 0.000000000000000000, 1.000000000000000000 ) ) ;
#5493 = ORIENTED_EDGE ( 'NONE', *, *, #5761, .T. ) ;
#5494 = CARTESIAN_POINT ( 'NONE',  ( -2.299999999999999822, 0.2599999999999999534, 0.5999999999999999778 ) ) ;
#5495 = LINE ( 'NONE', #5561, #2419 ) ;
#5496 = ORIENTED_EDGE ( 'NONE', *, *, #4190, .F. ) ;
#5497 = CARTESIAN_POINT ( 'NONE',  ( -2.000000000000000000, 4.740000000000000213, 0.5999999999999999778 ) ) ;
#5498 = PLANE ( 'NONE',  #623 ) ;
#5499 = VECTOR ( 'NONE', #5732, 1000.000000000000000 ) ;
#5500 = VECTOR ( 'NONE', #6149, 1000.000000000000000 ) ;
#5501 = AXIS2_PLACEMENT_3D ( 'NONE', #4560, #5130, #858 ) ;
#5502 = DIRECTION ( 'NONE',  ( 7.569702440626069226E-17, 9.337842154604779811E-33, -1.000000000000000000 ) ) ;
#5503 = ORIENTED_EDGE ( 'NONE', *, *, #5759, .T. ) ;
#5504 = AXIS2_PLACEMENT_3D ( 'NONE', #4091, #5999, #3261 ) ;
#5505 = DIRECTION ( 'NONE',  ( -1.000000000000000000, -1.387778780781449866E-16, -1.178997902256800061E-16 ) ) ;
#5506 = VECTOR ( 'NONE', #1722, 1000.000000000000000 ) ;
#5507 = VERTEX_POINT ( 'NONE', #5785 ) ;
#5508 = FACE_OUTER_BOUND ( 'NONE', #6102, .T. ) ;
#5509 = CARTESIAN_POINT ( 'NONE',  ( 0.9000000000000000222, 0.4000000000000000222, -0.4000000000000000222 ) ) ;
#5510 = CARTESIAN_POINT ( 'NONE',  ( -2.299999999999999822, -0.2599999999999999534, 0.2999999999999999889 ) ) ;
#5511 = VECTOR ( 'NONE', #83, 1000.000000000000000 ) ;
#5512 = AXIS2_PLACEMENT_3D ( 'NONE', #1094, #2489, #1530 ) ;
#5513 = ORIENTED_EDGE ( 'NONE', *, *, #5681, .F. ) ;
#5514 = FACE_OUTER_BOUND ( 'NONE', #2013, .T. ) ;
#5515 = VERTEX_POINT ( 'NONE', #1492 ) ;
#5516 = CARTESIAN_POINT ( 'NONE',  ( -3.149999999999999911, -5.400000000000000355, 2.600000000000000089 ) ) ;
#5517 = CARTESIAN_POINT ( 'NONE',  ( 3.149999999999999911, 2.600000000000000089, 2.600000000000000089 ) ) ;
#5518 = PLANE ( 'NONE',  #6115 ) ;
#5519 = CARTESIAN_POINT ( 'NONE',  ( -2.299999999999999822, -0.2599999999999999534, 0.5999999999999999778 ) ) ;
#5520 = VECTOR ( 'NONE', #3888, 1000.000000000000000 ) ;
#5521 = EDGE_CURVE ( 'NONE', #3683, #6131, #101, .T. ) ;
#5522 = EDGE_CURVE ( 'NONE', #6112, #1493, #2362, .T. ) ;
#5523 = DIRECTION ( 'NONE',  ( -2.337311630789800155E-16, 0.000000000000000000, 1.000000000000000000 ) ) ;
#5524 = ORIENTED_EDGE ( 'NONE', *, *, #5445, .F. ) ;
#5525 = DIRECTION ( 'NONE',  ( 1.000000000000000000, 0.000000000000000000, 6.049014748177260544E-16 ) ) ;
#5526 = VERTEX_POINT ( 'NONE', #5264 ) ;
#5527 = DIRECTION ( 'NONE',  ( 0.000000000000000000, -1.000000000000000000, -1.665334536937734811E-16 ) ) ;
#5528 = EDGE_CURVE ( 'NONE', #6148, #4082, #9, .T. ) ;
#5529 = VECTOR ( 'NONE', #4591, 1000.000000000000000 ) ;
#5530 = EDGE_CURVE ( 'NONE', #5769, #4737, #1019, .T. ) ;
#5531 = CARTESIAN_POINT ( 'NONE',  ( -2.350000000000000089, 5.549999999999999822, 0.2999999999999999889 ) ) ;
#5532 = ORIENTED_EDGE ( 'NONE', *, *, #4424, .F. ) ;
#5533 = LINE ( 'NONE', #5497, #3137 ) ;
#5534 = PLANE ( 'NONE',  #1719 ) ;
#5535 = VECTOR ( 'NONE', #5560, 1000.000000000000000 ) ;
#5536 = DIRECTION ( 'NONE',  ( 0.000000000000000000, 0.000000000000000000, 1.000000000000000000 ) ) ;
#5537 = ORIENTED_EDGE ( 'NONE', *, *, #5789, .F. ) ;
#5538 = ORIENTED_EDGE ( 'NONE', *, *, #1344, .T. ) ;
#5539 = VECTOR ( 'NONE', #1965, 1000.000000000000000 ) ;
#5540 = LINE ( 'NONE', #2060, #1245 ) ;
#5541 = ORIENTED_EDGE ( 'NONE', *, *, #3575, .T. ) ;
#5542 = CARTESIAN_POINT ( 'NONE',  ( -1.949999999999999956, -2.949999999999999734, 5.500000000000000000 ) ) ;
#5543 = LINE ( 'NONE', #6141, #1839 ) ;
#5544 = VECTOR ( 'NONE', #5935, 1000.000000000000000 ) ;
#5545 = ORIENTED_EDGE ( 'NONE', *, *, #104, .T. ) ;
#5546 = CARTESIAN_POINT ( 'NONE',  ( 5.531113207520353868E-16, -5.200000000000000178, 0.2999999999999999889 ) ) ;
#5547 = VERTEX_POINT ( 'NONE', #2420 ) ;
#5548 = LINE ( 'NONE', #3147, #2451 ) ;
#5549 = CYLINDRICAL_SURFACE ( 'NONE', #765, 0.6500000000000000222 ) ;
#5550 = DIRECTION ( 'NONE',  ( 1.000000000000000000, 0.000000000000000000, -1.224646799147350002E-16 ) ) ;
#5551 = CARTESIAN_POINT ( 'NONE',  ( 0.000000000000000000, -2.600000000000000089, 0.000000000000000000 ) ) ;
#5552 = DIRECTION ( 'NONE',  ( 1.000000000000000000, 0.000000000000000000, 0.000000000000000000 ) ) ;
#5553 = LINE ( 'NONE', #4119, #5220 ) ;
#5554 = ORIENTED_EDGE ( 'NONE', *, *, #2066, .F. ) ;
#5555 = DIRECTION ( 'NONE',  ( 0.000000000000000000, 0.000000000000000000, 1.000000000000000000 ) ) ;
#5556 = VERTEX_POINT ( 'NONE', #1899 ) ;
#5557 = PLANE ( 'NONE',  #520 ) ;
#5558 = DIRECTION ( 'NONE',  ( 1.000000000000000000, 0.000000000000000000, 6.049014748177260544E-16 ) ) ;
#5559 = EDGE_CURVE ( 'NONE', #2659, #5478, #3378, .T. ) ;
#5560 = DIRECTION ( 'NONE',  ( 0.000000000000000000, 1.000000000000000000, 0.000000000000000000 ) ) ;
#5561 = CARTESIAN_POINT ( 'NONE',  ( -2.000000000000000000, 0.4000000000000000222, 0.2999999999999999889 ) ) ;
#5562 = ORIENTED_EDGE ( 'NONE', *, *, #5867, .T. ) ;
#5563 = FACE_OUTER_BOUND ( 'NONE', #3858, .T. ) ;
#5564 = CARTESIAN_POINT ( 'NONE',  ( 3.350000000000000089, 2.500000000000000000, 4.558407044966670263 ) ) ;
#5565 = EDGE_CURVE ( 'NONE', #65, #5286, #1512, .T. ) ;
#5566 = EDGE_CURVE ( 'NONE', #4736, #5276, #5288, .T. ) ;
#5567 = EDGE_CURVE ( 'NONE', #255, #4841, #4714, .T. ) ;
#5568 = EDGE_CURVE ( 'NONE', #1640, #4985, #1938, .T. ) ;
#5569 = CARTESIAN_POINT ( 'NONE',  ( -1.949999999999999956, 0.9499999999999999556, 11.50000000000000000 ) ) ;
#5570 = ORIENTED_EDGE ( 'NONE', *, *, #144, .T. ) ;
#5571 = ORIENTED_EDGE ( 'NONE', *, *, #3874, .T. ) ;
#5572 = LINE ( 'NONE', #4704, #2436 ) ;
#5573 = ORIENTED_EDGE ( 'NONE', *, *, #4962, .F. ) ;
#5574 = PLANE ( 'NONE',  #1549 ) ;
#5575 = DIRECTION ( 'NONE',  ( 0.000000000000000000, -1.000000000000000000, 0.000000000000000000 ) ) ;
#5576 = CARTESIAN_POINT ( 'NONE',  ( 2.350000000000000089, -5.259999999999999787, 0.5999999999999999778 ) ) ;
#5577 = ORIENTED_EDGE ( 'NONE', *, *, #3533, .F. ) ;
#5578 = DIRECTION ( 'NONE',  ( 1.000000000000000000, 0.000000000000000000, 0.000000000000000000 ) ) ;
#5579 = ORIENTED_EDGE ( 'NONE', *, *, #73, .F. ) ;
#5580 = CARTESIAN_POINT ( 'NONE',  ( 3.350000000000000089, 2.600000000000000089, 2.600000000000000089 ) ) ;
#5581 = PLANE ( 'NONE',  #4854 ) ;
#5582 = CARTESIAN_POINT ( 'NONE',  ( -2.949999999999999734, -5.500000000000000000, 4.558407044966670263 ) ) ;
#5583 = DIRECTION ( 'NONE',  ( -0.000000000000000000, 1.000000000000000000, 0.000000000000000000 ) ) ;
#5584 = CARTESIAN_POINT ( 'NONE',  ( -2.000000000000000000, 3.100000000000000089, 6.400000000000000355 ) ) ;
#5585 = ORIENTED_EDGE ( 'NONE', *, *, #491, .F. ) ;
#5586 = CARTESIAN_POINT ( 'NONE',  ( 0.9000000000000000222, -4.299999999999999822, -0.4000000000000000222 ) ) ;
#5587 = DIRECTION ( 'NONE',  ( -1.224646799147349756E-16, 1.000000000000000000, 0.000000000000000000 ) ) ;
#5588 = CARTESIAN_POINT ( 'NONE',  ( 0.000000000000000000, 0.000000000000000000, 0.5999999999999999778 ) ) ;
#5589 = DIRECTION ( 'NONE',  ( -1.178997902256800061E-16, 0.000000000000000000, 1.000000000000000000 ) ) ;
#5590 = CARTESIAN_POINT ( 'NONE',  ( 2.949999999999999734, -6.349999999999999645, 0.000000000000000000 ) ) ;
#5591 = VERTEX_POINT ( 'NONE', #5822 ) ;
#5592 = DIRECTION ( 'NONE',  ( 0.000000000000000000, -1.000000000000000000, 0.000000000000000000 ) ) ;
#5593 = CARTESIAN_POINT ( 'NONE',  ( -2.850000000000000089, 6.349999999999999645, 6.400000000000000355 ) ) ;
#5594 = VERTEX_POINT ( 'NONE', #2886 ) ;
#5595 = EDGE_CURVE ( 'NONE', #2499, #2666, #2953, .T. ) ;
#5596 = ADVANCED_FACE ( 'NONE', ( #5358 ), #2833, .T. ) ;
#5597 = EDGE_CURVE ( 'NONE', #4178, #706, #1929, .T. ) ;
#5598 = ORIENTED_EDGE ( 'NONE', *, *, #500, .F. ) ;
#5599 = DIRECTION ( 'NONE',  ( 0.000000000000000000, 0.000000000000000000, 1.000000000000000000 ) ) ;
#5600 = EDGE_CURVE ( 'NONE', #1586, #255, #3356, .T. ) ;
#5601 = AXIS2_PLACEMENT_3D ( 'NONE', #4384, #3790, #2009 ) ;
#5602 = VERTEX_POINT ( 'NONE', #5471 ) ;
#5603 = CARTESIAN_POINT ( 'NONE',  ( 2.000000000000000000, -0.4999999999999996669, 0.000000000000000000 ) ) ;
#5604 = VECTOR ( 'NONE', #902, 1000.000000000000000 ) ;
#5605 = FACE_OUTER_BOUND ( 'NONE', #695, .T. ) ;
#5606 = VECTOR ( 'NONE', #293, 1000.000000000000114 ) ;
#5607 = VECTOR ( 'NONE', #5127, 1000.000000000000000 ) ;
#5608 = AXIS2_PLACEMENT_3D ( 'NONE', #3782, #510, #2908 ) ;
#5609 = EDGE_LOOP ( 'NONE', ( #2584, #5524, #1585, #6072 ) ) ;
#5610 = DIRECTION ( 'NONE',  ( -1.224646799147350002E-16, 1.000000000000000000, 0.000000000000000000 ) ) ;
#5611 = ADVANCED_FACE ( 'NONE', ( #5003 ), #698, .T. ) ;
#5612 = EDGE_LOOP ( 'NONE', ( #3591, #133, #5025, #1601 ) ) ;
#5613 = CARTESIAN_POINT ( 'NONE',  ( 3.350000000000000089, -2.500000000000000000, 2.558407044966669819 ) ) ;
#5614 = FACE_OUTER_BOUND ( 'NONE', #405, .T. ) ;
#5615 = AXIS2_PLACEMENT_3D ( 'NONE', #1808, #4614, #844 ) ;
#5616 = AXIS2_PLACEMENT_3D ( 'NONE', #6185, #1006, #1942 ) ;
#5617 = CARTESIAN_POINT ( 'NONE',  ( -1.949999999999999956, -1.399999999999999911, 11.50000000000000000 ) ) ;
#5618 = ORIENTED_EDGE ( 'NONE', *, *, #3694, .F. ) ;
#5619 = VECTOR ( 'NONE', #3877, 1000.000000000000000 ) ;
#5620 = DIRECTION ( 'NONE',  ( 0.000000000000000000, 1.000000000000000000, 0.000000000000000000 ) ) ;
#5621 = DIRECTION ( 'NONE',  ( 0.9912279006826346661, 0.000000000000000000, 0.1321637200910179555 ) ) ;
#5622 = ORIENTED_EDGE ( 'NONE', *, *, #217, .T. ) ;
#5623 = LINE ( 'NONE', #885, #1152 ) ;
#5624 = ORIENTED_EDGE ( 'NONE', *, *, #2612, .F. ) ;
#5625 = DIRECTION ( 'NONE',  ( 0.000000000000000000, -1.000000000000000000, -1.110223024625159992E-16 ) ) ;
#5626 = ORIENTED_EDGE ( 'NONE', *, *, #221, .F. ) ;
#5627 = CARTESIAN_POINT ( 'NONE',  ( 2.500000000000000000, 5.500000000000000000, 6.200000000000000178 ) ) ;
#5628 = DIRECTION ( 'NONE',  ( 1.000000000000000000, 0.000000000000000000, 0.000000000000000000 ) ) ;
#5629 = ORIENTED_EDGE ( 'NONE', *, *, #2320, .F. ) ;
#5630 = DIRECTION ( 'NONE',  ( 0.000000000000000000, -1.000000000000000000, 6.993530863780509846E-17 ) ) ;
#5631 = AXIS2_PLACEMENT_3D ( 'NONE', #5877, #1235, #2162 ) ;
#5632 = CARTESIAN_POINT ( 'NONE',  ( -2.850000000000000089, 6.349999999999999645, 6.400000000000000355 ) ) ;
#5633 = DIRECTION ( 'NONE',  ( 4.440892098500630106E-16, -1.110223024625159992E-16, 1.000000000000000000 ) ) ;
#5634 = AXIS2_PLACEMENT_3D ( 'NONE', #4162, #2688, #4260 ) ;
#5635 = ORIENTED_EDGE ( 'NONE', *, *, #5334, .T. ) ;
#5636 = VERTEX_POINT ( 'NONE', #167 ) ;
#5637 = CARTESIAN_POINT ( 'NONE',  ( -0.8000000000000000444, 2.850000000000000089, 1.600000000000000089 ) ) ;
#5638 = ORIENTED_EDGE ( 'NONE', *, *, #2551, .F. ) ;
#5639 = LINE ( 'NONE', #3265, #5241 ) ;
#5640 = CARTESIAN_POINT ( 'NONE',  ( -0.9000000000000000222, 4.200000000000000178, -0.4000000000000000222 ) ) ;
#5641 = EDGE_CURVE ( 'NONE', #2456, #1017, #229, .T. ) ;
#5642 = VECTOR ( 'NONE', #4330, 1000.000000000000000 ) ;
#5643 = ORIENTED_EDGE ( 'NONE', *, *, #5267, .F. ) ;
#5644 = LINE ( 'NONE', #5179, #5604 ) ;
#5645 = ORIENTED_EDGE ( 'NONE', *, *, #4305, .F. ) ;
#5646 = LINE ( 'NONE', #372, #5934 ) ;
#5647 = CARTESIAN_POINT ( 'NONE',  ( -0.7278688524590161135, -5.200000000000000178, -0.6065573770491804462 ) ) ;
#5648 = AXIS2_PLACEMENT_3D ( 'NONE', #5703, #14, #4245 ) ;
#5649 = CARTESIAN_POINT ( 'NONE',  ( 2.000000000000000000, -3.100000000000000089, 6.400000000000000355 ) ) ;
#5650 = EDGE_CURVE ( 'NONE', #1202, #1775, #1672, .T. ) ;
#5651 = EDGE_CURVE ( 'NONE', #1210, #3528, #2077, .T. ) ;
#5652 = VECTOR ( 'NONE', #740, 1000.000000000000000 ) ;
#5653 = PLANE ( 'NONE',  #5616 ) ;
#5654 = DIRECTION ( 'NONE',  ( 5.102916542506470572E-32, 1.000000000000000000, 8.435946604435249315E-17 ) ) ;
#5655 = ORIENTED_EDGE ( 'NONE', *, *, #1828, .F. ) ;
#5656 = CARTESIAN_POINT ( 'NONE',  ( -2.850000000000000089, -6.349999999999999645, 6.299999999999999822 ) ) ;
#5657 = ORIENTED_EDGE ( 'NONE', *, *, #3530, .F. ) ;
#5658 = CARTESIAN_POINT ( 'NONE',  ( -0.8999999999999999112, -5.200000000000000178, 0.2000000000000000944 ) ) ;
#5659 = DIRECTION ( 'NONE',  ( 1.000000000000000000, 0.000000000000000000, 0.000000000000000000 ) ) ;
#5660 = ORIENTED_EDGE ( 'NONE', *, *, #1043, .T. ) ;
#5661 = CARTESIAN_POINT ( 'NONE',  ( -0.8000000000000000444, -5.000000000000000000, 1.600000000000000089 ) ) ;
#5662 = ORIENTED_EDGE ( 'NONE', *, *, #2746, .T. ) ;
#5663 = CARTESIAN_POINT ( 'NONE',  ( -3.350000000000000089, 2.600000000000000089, 2.600000000000000089 ) ) ;
#5664 = DIRECTION ( 'NONE',  ( 6.049014748177260544E-16, 9.607934925006869657E-17, -1.000000000000000000 ) ) ;
#5665 = LINE ( 'NONE', #456, #3708 ) ;
#5666 = EDGE_LOOP ( 'NONE', ( #5662, #1218, #3061, #2808 ) ) ;
#5667 = ORIENTED_EDGE ( 'NONE', *, *, #2548, .T. ) ;
#5668 = DIRECTION ( 'NONE',  ( 0.000000000000000000, -1.000000000000000000, -8.300732894393689751E-17 ) ) ;
#5669 = DIRECTION ( 'NONE',  ( 0.000000000000000000, -1.000000000000000000, 0.000000000000000000 ) ) ;
#5670 = CARTESIAN_POINT ( 'NONE',  ( -2.000000000000000000, 3.100000000000000089, 6.400000000000000355 ) ) ;
#5671 = ORIENTED_EDGE ( 'NONE', *, *, #5683, .T. ) ;
#5672 = FACE_BOUND ( 'NONE', #1581, .T. ) ;
#5673 = ORIENTED_EDGE ( 'NONE', *, *, #2364, .F. ) ;
#5674 = LINE ( 'NONE', #6179, #2057 ) ;
#5675 = CARTESIAN_POINT ( 'NONE',  ( 2.949999999999999734, 5.500000000000000000, 2.558407044966679589 ) ) ;
#5676 = PLANE ( 'NONE',  #1336 ) ;
#5677 = ORIENTED_EDGE ( 'NONE', *, *, #104, .F. ) ;
#5678 = CARTESIAN_POINT ( 'NONE',  ( -2.350000000000000089, -5.549999999999999822, 0.000000000000000000 ) ) ;
#5679 = DIRECTION ( 'NONE',  ( 0.000000000000000000, 0.000000000000000000, -1.000000000000000000 ) ) ;
#5680 = EDGE_CURVE ( 'NONE', #3398, #274, #4475, .T. ) ;
#5681 = EDGE_CURVE ( 'NONE', #2784, #3739, #5384, .T. ) ;
#5682 = ORIENTED_EDGE ( 'NONE', *, *, #1193, .F. ) ;
#5683 = EDGE_CURVE ( 'NONE', #393, #5478, #2632, .T. ) ;
#5684 = DIRECTION ( 'NONE',  ( 0.000000000000000000, 0.000000000000000000, -1.000000000000000000 ) ) ;
#5685 = EDGE_CURVE ( 'NONE', #3032, #6148, #3588, .T. ) ;
#5686 = LINE ( 'NONE', #5221, #3710 ) ;
#5687 = DIRECTION ( 'NONE',  ( -6.556076193024020700E-16, 0.000000000000000000, 1.000000000000000000 ) ) ;
#5688 = ORIENTED_EDGE ( 'NONE', *, *, #3308, .T. ) ;
#5689 = LINE ( 'NONE', #3286, #324 ) ;
#5690 = ORIENTED_EDGE ( 'NONE', *, *, #4657, .T. ) ;
#5691 = LINE ( 'NONE', #1400, #1856 ) ;
#5692 = CYLINDRICAL_SURFACE ( 'NONE', #3804, 0.6500000000000000222 ) ;
#5693 = CARTESIAN_POINT ( 'NONE',  ( -4.999999999999999112, 0.3999999999999994116, -6.349999999999999645 ) ) ;
#5694 = ORIENTED_EDGE ( 'NONE', *, *, #1644, .F. ) ;
#5695 = ORIENTED_EDGE ( 'NONE', *, *, #3813, .T. ) ;
#5696 = FACE_OUTER_BOUND ( 'NONE', #666, .T. ) ;
#5697 = CARTESIAN_POINT ( 'NONE',  ( 2.000000000000000000, -0.2599999999999999534, 0.2999999999999999889 ) ) ;
#5698 = DIRECTION ( 'NONE',  ( 0.000000000000000000, -1.000000000000000000, -2.960594732333750117E-16 ) ) ;
#5699 = VERTEX_POINT ( 'NONE', #3495 ) ;
#5700 = CARTESIAN_POINT ( 'NONE',  ( 3.350000000000000089, -2.600000000000000089, 2.600000000000000089 ) ) ;
#5701 = ORIENTED_EDGE ( 'NONE', *, *, #687, .T. ) ;
#5702 = LINE ( 'NONE', #2424, #5437 ) ;
#5703 = CARTESIAN_POINT ( 'NONE',  ( -3.350000000000000089, -0.8000000000000000444, 3.500000000000000000 ) ) ;
#5704 = CARTESIAN_POINT ( 'NONE',  ( -2.949999999999999734, 6.349999999999999645, 17.55840704496670313 ) ) ;
#5705 = VECTOR ( 'NONE', #310, 1000.000000000000000 ) ;
#5706 = CARTESIAN_POINT ( 'NONE',  ( 0.8000000000000000444, 2.850000000000000089, 3.000000000000000000 ) ) ;
#5707 = AXIS2_PLACEMENT_3D ( 'NONE', #3659, #259, #669 ) ;
#5708 = AXIS2_PLACEMENT_3D ( 'NONE', #1860, #987, #4761 ) ;
#5709 = VERTEX_POINT ( 'NONE', #5414 ) ;
#5710 = DIRECTION ( 'NONE',  ( 0.000000000000000000, 1.000000000000000000, 0.000000000000000000 ) ) ;
#5711 = CARTESIAN_POINT ( 'NONE',  ( 2.949999999999999734, 6.349999999999999645, 1.558407044966680033 ) ) ;
#5712 = ORIENTED_EDGE ( 'NONE', *, *, #2248, .F. ) ;
#5714 = LINE ( 'NONE', #4784, #1859 ) ;
#5713 = VECTOR ( 'NONE', #4256, 1000.000000000000000 ) ;
#5715 = AXIS2_PLACEMENT_3D ( 'NONE', #407, #1319, #5123 ) ;
#5716 = DIRECTION ( 'NONE',  ( -1.387778780781449866E-16, 1.000000000000000000, 0.000000000000000000 ) ) ;
#5717 = CARTESIAN_POINT ( 'NONE',  ( 1.949999999999999956, -1.800000000000000044, 11.79999999999999893 ) ) ;
#5718 = EDGE_CURVE ( 'NONE', #3850, #1068, #2595, .T. ) ;
#5719 = ADVANCED_FACE ( 'NONE', ( #3966 ), #4504, .F. ) ;
#5720 = AXIS2_PLACEMENT_3D ( 'NONE', #4901, #625, #4786 ) ;
#5721 = VERTEX_POINT ( 'NONE', #1177 ) ;
#5722 = DIRECTION ( 'NONE',  ( 0.000000000000000000, 0.000000000000000000, -1.000000000000000000 ) ) ;
#5723 = EDGE_LOOP ( 'NONE', ( #2359, #4289, #5463, #4487 ) ) ;
#5724 = DIRECTION ( 'NONE',  ( -1.233581138472399909E-16, 1.000000000000000000, 0.000000000000000000 ) ) ;
#5725 = DIRECTION ( 'NONE',  ( 1.224646799147350002E-16, -1.000000000000000000, 0.000000000000000000 ) ) ;
#5726 = CARTESIAN_POINT ( 'NONE',  ( 2.949999999999999734, -6.349999999999999645, 6.200000000000000178 ) ) ;
#5727 = ADVANCED_FACE ( 'NONE', ( #4445 ), #3070, .F. ) ;
#5728 = EDGE_CURVE ( 'NONE', #3628, #4339, #3009, .T. ) ;
#5729 = EDGE_CURVE ( 'NONE', #1240, #1408, #3995, .T. ) ;
#5730 = ORIENTED_EDGE ( 'NONE', *, *, #5566, .T. ) ;
#5731 = CARTESIAN_POINT ( 'NONE',  ( -0.8000000000000000444, 2.850000000000000089, 3.000000000000000000 ) ) ;
#5732 = DIRECTION ( 'NONE',  ( 8.881784197001250351E-16, 0.000000000000000000, 1.000000000000000000 ) ) ;
#5733 = ORIENTED_EDGE ( 'NONE', *, *, #4701, .T. ) ;
#5734 = CIRCLE ( 'NONE', #4751, 0.6500000000000003553 ) ;
#5735 = EDGE_LOOP ( 'NONE', ( #3464, #4198, #4201, #5447 ) ) ;
#5736 = PLANE ( 'NONE',  #1469 ) ;
#5737 = CARTESIAN_POINT ( 'NONE',  ( 3.149999999999999911, 2.600000000000000089, 4.500000000000000000 ) ) ;
#5738 = CARTESIAN_POINT ( 'NONE',  ( 3.350000000000000089, -5.400000000000000355, 2.600000000000000089 ) ) ;
#5739 = VECTOR ( 'NONE', #6139, 1000.000000000000000 ) ;
#5740 = EDGE_LOOP ( 'NONE', ( #5113, #4072, #3875, #247 ) ) ;
#5741 = CARTESIAN_POINT ( 'NONE',  ( 2.949999999999999734, -0.8000000000000000444, 3.500000000000000000 ) ) ;
#5742 = CARTESIAN_POINT ( 'NONE',  ( 2.949999999999999734, -5.500000000000000000, 2.558407044966669819 ) ) ;
#5743 = CARTESIAN_POINT ( 'NONE',  ( 2.949999999999999734, -0.8000000000000000444, 3.500000000000000000 ) ) ;
#5744 = CLOSED_SHELL ( 'NONE', ( #1147, #5486, #71, #2170, #922, #1843 ) ) ;
#5745 = ORIENTED_EDGE ( 'NONE', *, *, #215, .T. ) ;
#5746 = LINE ( 'NONE', #1448, #4137 ) ;
#5747 = VECTOR ( 'NONE', #2233, 1000.000000000000000 ) ;
#5748 = FACE_OUTER_BOUND ( 'NONE', #4135, .T. ) ;
#5749 = LINE ( 'NONE', #154, #5411 ) ;
#5750 = ORIENTED_EDGE ( 'NONE', *, *, #997, .T. ) ;
#5751 = DIRECTION ( 'NONE',  ( 0.000000000000000000, 0.000000000000000000, -1.000000000000000000 ) ) ;
#5752 = ORIENTED_EDGE ( 'NONE', *, *, #4230, .F. ) ;
#5753 = CARTESIAN_POINT ( 'NONE',  ( 2.949999999999999734, 2.500000000000000000, 4.558407044966670263 ) ) ;
#5754 = EDGE_CURVE ( 'NONE', #2190, #4187, #4032, .T. ) ;
#5755 = ORIENTED_EDGE ( 'NONE', *, *, #1521, .T. ) ;
#5756 = EDGE_LOOP ( 'NONE', ( #1470, #5434, #2856, #289 ) ) ;
#5757 = VERTEX_POINT ( 'NONE', #4915 ) ;
#5758 = DIRECTION ( 'NONE',  ( 0.000000000000000000, 1.000000000000000000, 0.000000000000000000 ) ) ;
#5759 = EDGE_CURVE ( 'NONE', #4730, #5367, #5968, .T. ) ;
#5760 = EDGE_CURVE ( 'NONE', #3776, #3020, #1822, .T. ) ;
#5761 = EDGE_CURVE ( 'NONE', #3262, #511, #6096, .T. ) ;
#5762 = ADVANCED_FACE ( 'NONE', ( #1239 ), #1825, .T. ) ;
#5763 = CARTESIAN_POINT ( 'NONE',  ( -2.949999999999999734, 5.500000000000000000, 2.558407044966679589 ) ) ;
#5764 = ORIENTED_EDGE ( 'NONE', *, *, #2126, .F. ) ;
#5765 = EDGE_LOOP ( 'NONE', ( #2795, #3092, #3942, #3087, #4689, #2331 ) ) ;
#5766 = CARTESIAN_POINT ( 'NONE',  ( -1.949999999999999956, -2.600000000000000089, 11.79999999999999893 ) ) ;
#5767 =( NAMED_UNIT ( * ) SI_UNIT ( $, .STERADIAN. ) SOLID_ANGLE_UNIT ( ) );
#5768 = LINE ( 'NONE', #978, #131 ) ;
#5769 = VERTEX_POINT ( 'NONE', #1300 ) ;
#5770 = CARTESIAN_POINT ( 'NONE',  ( -3.350000000000000089, 6.349999999999999645, 6.299999999999999822 ) ) ;
#5771 = LINE ( 'NONE', #564, #1038 ) ;
#5772 = CARTESIAN_POINT ( 'NONE',  ( 0.9000000000000000222, -4.299999999999999822, 0.2000000000000000111 ) ) ;
#5773 = ORIENTED_EDGE ( 'NONE', *, *, #4233, .F. ) ;
#5774 = DIRECTION ( 'NONE',  ( 0.000000000000000000, 1.000000000000000000, 0.000000000000000000 ) ) ;
#5775 = UNCERTAINTY_MEASURE_WITH_UNIT (LENGTH_MEASURE( 1.000000000000000082E-05 ), #1846, 'distance_accuracy_value', 'NONE');
#5776 = CARTESIAN_POINT ( 'NONE',  ( -2.000000000000000000, -0.2599999999999999534, 0.5999999999999999778 ) ) ;
#5777 = LINE ( 'NONE', #1946, #732 ) ;
#5778 = LINE ( 'NONE', #1046, #3218 ) ;
#5779 = ORIENTED_EDGE ( 'NONE', *, *, #5073, .F. ) ;
#5780 = CARTESIAN_POINT ( 'NONE',  ( 7.762078577114144625E-16, 5.100000000000000533, -6.999999999999999112 ) ) ;
#5781 = ORIENTED_EDGE ( 'NONE', *, *, #3242, .F. ) ;
#5782 = ORIENTED_EDGE ( 'NONE', *, *, #2168, .F. ) ;
#5783 = ORIENTED_EDGE ( 'NONE', *, *, #3130, .F. ) ;
#5784 = DIRECTION ( 'NONE',  ( -1.000000000000000000, 0.000000000000000000, -1.110223024625160090E-15 ) ) ;
#5785 = CARTESIAN_POINT ( 'NONE',  ( 1.949999999999999956, 3.000000000000000000, 1.600000000000000089 ) ) ;
#5786 = EDGE_CURVE ( 'NONE', #4400, #1730, #2766, .T. ) ;
#5787 = EDGE_CURVE ( 'NONE', #4904, #1640, #3723, .T. ) ;
#5788 = ADVANCED_FACE ( 'NONE', ( #5068 ), #1333, .F. ) ;
#5789 = EDGE_CURVE ( 'NONE', #6135, #1586, #1765, .T. ) ;
#5790 = VERTEX_POINT ( 'NONE', #4671 ) ;
#5791 = ORIENTED_EDGE ( 'NONE', *, *, #546, .T. ) ;
#5792 = LINE ( 'NONE', #3270, #4141 ) ;
#5793 = CARTESIAN_POINT ( 'NONE',  ( -2.949999999999999734, -2.500000000000000000, 2.558407044966669819 ) ) ;
#5794 = FACE_OUTER_BOUND ( 'NONE', #2537, .T. ) ;
#5795 = ADVANCED_FACE ( 'NONE', ( #864 ), #1373, .T. ) ;
#5796 = ADVANCED_FACE ( 'NONE', ( #894 ), #2794, .T. ) ;
#5797 = ORIENTED_EDGE ( 'NONE', *, *, #715, .T. ) ;
#5798 = DIRECTION ( 'NONE',  ( -2.337311630789800155E-16, 0.000000000000000000, 1.000000000000000000 ) ) ;
#5799 = DIRECTION ( 'NONE',  ( 0.000000000000000000, 1.000000000000000000, 5.551115123125779621E-17 ) ) ;
#5800 = CARTESIAN_POINT ( 'NONE',  ( 2.850000000000069811, -6.349999999999999645, 6.299999999999919886 ) ) ;
#5801 = VERTEX_POINT ( 'NONE', #422 ) ;
#5802 = CARTESIAN_POINT ( 'NONE',  ( 3.149999999999999911, 2.600000000000000089, 2.600000000000000089 ) ) ;
#5803 = CARTESIAN_POINT ( 'NONE',  ( -3.350000000000000089, -2.600000000000000089, 2.600000000000000089 ) ) ;
#5804 = VECTOR ( 'NONE', #2047, 1000.000000000000000 ) ;
#5805 = CIRCLE ( 'NONE', #2509, 0.6465962861523397720 ) ;
#5806 = DIRECTION ( 'NONE',  ( 0.000000000000000000, -1.000000000000000000, 0.000000000000000000 ) ) ;
#5807 = AXIS2_PLACEMENT_3D ( 'NONE', #941, #3772, #3704 ) ;
#5808 = VECTOR ( 'NONE', #3282, 1000.000000000000000 ) ;
#5809 = VECTOR ( 'NONE', #2351, 1000.000000000000000 ) ;
#5810 = CARTESIAN_POINT ( 'NONE',  ( 2.000000000000000000, 5.100000000000000533, 0.2000000000000000111 ) ) ;
#5811 = ORIENTED_EDGE ( 'NONE', *, *, #3456, .F. ) ;
#5812 = LINE ( 'NONE', #2498, #245 ) ;
#5813 = VERTEX_POINT ( 'NONE', #4226 ) ;
#5814 = VECTOR ( 'NONE', #3572, 1000.000000000000000 ) ;
#5815 = AXIS2_PLACEMENT_3D ( 'NONE', #5122, #850, #5523 ) ;
#5816 = LINE ( 'NONE', #4996, #1332 ) ;
#5817 = ORIENTED_EDGE ( 'NONE', *, *, #6064, .F. ) ;
#5818 = ORIENTED_EDGE ( 'NONE', *, *, #4617, .F. ) ;
#5819 = VECTOR ( 'NONE', #1154, 1000.000000000000000 ) ;
#5820 = CARTESIAN_POINT ( 'NONE',  ( 3.350000000000000089, -0.8000000000000000444, 2.500000000000000000 ) ) ;
#5821 = VECTOR ( 'NONE', #3610, 1000.000000000000000 ) ;
#5822 = CARTESIAN_POINT ( 'NONE',  ( -5.646596286152338884, 5.099999999999999645, -6.353403713847660228 ) ) ;
#5823 = AXIS2_PLACEMENT_3D ( 'NONE', #1502, #5654, #3392 ) ;
#5824 = EDGE_LOOP ( 'NONE', ( #2352, #437, #1000, #2455 ) ) ;
#5825 = EDGE_LOOP ( 'NONE', ( #5622, #3972, #3630, #5382 ) ) ;
#5826 = CARTESIAN_POINT ( 'NONE',  ( -1.949999999999999956, -0.5999999999999999778, 11.50000000000000000 ) ) ;
#5827 = VECTOR ( 'NONE', #1175, 1000.000000000000000 ) ;
#5828 = EDGE_CURVE ( 'NONE', #1918, #2105, #3625, .T. ) ;
#5829 = DIRECTION ( 'NONE',  ( 0.000000000000000000, 1.000000000000000000, 0.000000000000000000 ) ) ;
#5830 = ORIENTED_EDGE ( 'NONE', *, *, #5680, .T. ) ;
#5831 = FACE_OUTER_BOUND ( 'NONE', #24, .T. ) ;
#5832 = LINE ( 'NONE', #296, #3715 ) ;
#5833 = FACE_OUTER_BOUND ( 'NONE', #4312, .T. ) ;
#5834 = ORIENTED_EDGE ( 'NONE', *, *, #4062, .T. ) ;
#5835 = DIRECTION ( 'NONE',  ( 0.000000000000000000, 0.000000000000000000, 1.000000000000000000 ) ) ;
#5836 = UNCERTAINTY_MEASURE_WITH_UNIT (LENGTH_MEASURE( 1.000000000000000082E-05 ), #284, 'distance_accuracy_value', 'NONE');
#5837 = CARTESIAN_POINT ( 'NONE',  ( 6.129397315729226083E-17, -0.5000000000000000000, 0.000000000000000000 ) ) ;
#5838 = CARTESIAN_POINT ( 'NONE',  ( -1.949999999999999956, -5.000000000000000000, 5.500000000000000000 ) ) ;
#5839 = ADVANCED_FACE ( 'NONE', ( #6134 ), #1865, .F. ) ;
#5840 = EDGE_CURVE ( 'NONE', #2978, #3262, #1273, .T. ) ;
#5841 = CARTESIAN_POINT ( 'NONE',  ( 8.453658230074092689E-16, -0.5000000000000000000, -6.999999999999999112 ) ) ;
#5842 = LINE ( 'NONE', #5726, #4817 ) ;
#5843 = VECTOR ( 'NONE', #2521, 1000.000000000000114 ) ;
#5844 = AXIS2_PLACEMENT_3D ( 'NONE', #4510, #2544, #583 ) ;
#5845 = FACE_OUTER_BOUND ( 'NONE', #1935, .T. ) ;
#5846 = ORIENTED_EDGE ( 'NONE', *, *, #5528, .F. ) ;
#5847 = LINE ( 'NONE', #3088, #457 ) ;
#5848 = VERTEX_POINT ( 'NONE', #2690 ) ;
#5849 = CARTESIAN_POINT ( 'NONE',  ( -1.949999999999999956, -2.600000000000000089, 11.79999999999999893 ) ) ;
#5850 = ORIENTED_EDGE ( 'NONE', *, *, #2395, .T. ) ;
#5851 = ORIENTED_EDGE ( 'NONE', *, *, #3979, .F. ) ;
#5852 = CARTESIAN_POINT ( 'NONE',  ( -2.949999999999999734, -5.500000000000000000, 2.558407044966669819 ) ) ;
#5853 = CARTESIAN_POINT ( 'NONE',  ( 2.350000000000000089, -0.2599999999999999534, 0.5999999999999999778 ) ) ;
#5854 = VERTEX_POINT ( 'NONE', #4593 ) ;
#5855 = EDGE_LOOP ( 'NONE', ( #4955, #4499, #3597, #3548 ) ) ;
#5856 = PLANE ( 'NONE',  #660 ) ;
#5857 = CARTESIAN_POINT ( 'NONE',  ( -2.949999999999999734, 0.8000000000000000444, 2.500000000000000000 ) ) ;
#5858 = ORIENTED_EDGE ( 'NONE', *, *, #1425, .F. ) ;
#5859 = DIRECTION ( 'NONE',  ( -1.224646799147349756E-16, 1.000000000000000000, 0.000000000000000000 ) ) ;
#5860 = DIRECTION ( 'NONE',  ( -5.887021680753820015E-32, -1.000000000000000000, -4.440892098500630106E-16 ) ) ;
#5861 = ORIENTED_EDGE ( 'NONE', *, *, #1146, .T. ) ;
#5862 = CARTESIAN_POINT ( 'NONE',  ( -0.2400000000000000189, 0.000000000000000000, 2.939152317953649817E-17 ) ) ;
#5863 = FACE_OUTER_BOUND ( 'NONE', #5735, .T. ) ;
#5864 = DIRECTION ( 'NONE',  ( 1.000000000000000000, 0.000000000000000000, -1.298506461549889879E-16 ) ) ;
#5865 = DIRECTION ( 'NONE',  ( 1.000000000000000000, 0.000000000000000000, 2.337311630789800155E-16 ) ) ;
#5866 = EDGE_CURVE ( 'NONE', #5721, #4323, #5401, .T. ) ;
#5867 = EDGE_CURVE ( 'NONE', #4429, #718, #6037, .T. ) ;
#5868 = EDGE_CURVE ( 'NONE', #5978, #1803, #2729, .T. ) ;
#5869 = EDGE_CURVE ( 'NONE', #1940, #3961, #2261, .T. ) ;
#5870 = CARTESIAN_POINT ( 'NONE',  ( -2.949999999999999734, 5.500000000000000000, 2.558407044966679589 ) ) ;
#5871 = ORIENTED_EDGE ( 'NONE', *, *, #5567, .F. ) ;
#5872 = CARTESIAN_POINT ( 'NONE',  ( -1.949999999999999956, -0.2000000000000000111, 11.79999999999999893 ) ) ;
#5873 = ORIENTED_EDGE ( 'NONE', *, *, #1346, .F. ) ;
#5874 = CARTESIAN_POINT ( 'NONE',  ( -2.299999999999999822, 4.740000000000000213, 0.2999999999999999889 ) ) ;
#5875 = ORIENTED_EDGE ( 'NONE', *, *, #1422, .T. ) ;
#5876 = EDGE_LOOP ( 'NONE', ( #3946, #233, #5044, #2062 ) ) ;
#5877 = CARTESIAN_POINT ( 'NONE',  ( -2.949999999999999734, -2.500000000000000000, 4.558407044966670263 ) ) ;
#5878 = CARTESIAN_POINT ( 'NONE',  ( -0.2400000000000000189, 3.000000000000000000, 3.399999999999999911 ) ) ;
#5879 = EDGE_LOOP ( 'NONE', ( #5657, #942, #1247, #3225 ) ) ;
#5880 = ORIENTED_EDGE ( 'NONE', *, *, #1106, .T. ) ;
#5881 = DIRECTION ( 'NONE',  ( -4.440892098500630106E-16, -2.220446049250309876E-16, 1.000000000000000000 ) ) ;
#5882 = CARTESIAN_POINT ( 'NONE',  ( 2.850000000000000089, -6.349999999999999645, 6.400000000000000355 ) ) ;
#5883 = DIRECTION ( 'NONE',  ( 7.930164461608259947E-17, 0.000000000000000000, 1.000000000000000000 ) ) ;
#5884 = VERTEX_POINT ( 'NONE', #3687 ) ;
#5885 = FACE_BOUND ( 'NONE', #4438, .T. ) ;
#5886 = LINE ( 'NONE', #3974, #137 ) ;
#5887 = VERTEX_POINT ( 'NONE', #5593 ) ;
#5888 = FACE_OUTER_BOUND ( 'NONE', #3797, .T. ) ;
#5889 = ORIENTED_EDGE ( 'NONE', *, *, #294, .F. ) ;
#5890 = CARTESIAN_POINT ( 'NONE',  ( 0.6500000000000000222, 5.100000000000000533, -0.6999999999999999556 ) ) ;
#5891 = DIRECTION ( 'NONE',  ( 0.000000000000000000, 0.000000000000000000, -1.000000000000000000 ) ) ;
#5892 = DIRECTION ( 'NONE',  ( 6.049014748177260544E-16, 2.261241645955699995E-16, -1.000000000000000000 ) ) ;
#5893 = VERTEX_POINT ( 'NONE', #3454 ) ;
#5895 = CARTESIAN_POINT ( 'NONE',  ( 3.350000000000000089, -2.500000000000000000, 4.558407044966670263 ) ) ;
#5894 = VECTOR ( 'NONE', #2290, 1000.000000000000000 ) ;
#5896 = ORIENTED_EDGE ( 'NONE', *, *, #4850, .F. ) ;
#5897 = DIRECTION ( 'NONE',  ( -1.000000000000000000, 0.000000000000000000, 0.000000000000000000 ) ) ;
#5898 = EDGE_CURVE ( 'NONE', #3182, #5276, #513, .T. ) ;
#5899 = EDGE_CURVE ( 'NONE', #5359, #4222, #3819, .T. ) ;
#5900 = AXIS2_PLACEMENT_3D ( 'NONE', #5551, #3574, #5488 ) ;
#5901 = AXIS2_PLACEMENT_3D ( 'NONE', #4726, #3713, #5659 ) ;
#5902 = VECTOR ( 'NONE', #4022, 1000.000000000000000 ) ;
#5903 = CARTESIAN_POINT ( 'NONE',  ( 2.000000000000000000, -5.100000000000000533, 0.2000000000000000111 ) ) ;
#5904 = VERTEX_POINT ( 'NONE', #4288 ) ;
#5905 = ORIENTED_EDGE ( 'NONE', *, *, #3308, .F. ) ;
#5906 = LINE ( 'NONE', #5040, #5827 ) ;
#5907 = CARTESIAN_POINT ( 'NONE',  ( 3.350000000000000089, -0.8000000000000000444, 2.500000000000000000 ) ) ;
#5908 = VECTOR ( 'NONE', #5020, 1000.000000000000000 ) ;
#5909 = VECTOR ( 'NONE', #2711, 1000.000000000000000 ) ;
#5910 = EDGE_CURVE ( 'NONE', #1098, #1339, #525, .T. ) ;
#5911 = ADVANCED_FACE ( 'NONE', ( #4465 ), #183, .T. ) ;
#5912 = DIRECTION ( 'NONE',  ( 1.000000000000000000, 1.233581138472399909E-16, 0.000000000000000000 ) ) ;
#5913 = VECTOR ( 'NONE', #3731, 1000.000000000000000 ) ;
#5914 = ORIENTED_EDGE ( 'NONE', *, *, #3380, .F. ) ;
#5915 = ORIENTED_EDGE ( 'NONE', *, *, #2898, .F. ) ;
#5916 = DIRECTION ( 'NONE',  ( 2.275560303522150042E-29, -1.000000000000000000, 6.661338147750930565E-15 ) ) ;
#5917 = DIRECTION ( 'NONE',  ( 1.000000000000000000, 0.000000000000000000, -1.224646799147350002E-16 ) ) ;
#5918 = CARTESIAN_POINT ( 'NONE',  ( -1.949999999999999956, 0.5999999999999999778, 11.79999999999999893 ) ) ;
#5919 = ORIENTED_EDGE ( 'NONE', *, *, #725, .F. ) ;
#5920 = LINE ( 'NONE', #1657, #4813 ) ;
#5921 = VECTOR ( 'NONE', #1511, 1000.000000000000000 ) ;
#5922 = ORIENTED_EDGE ( 'NONE', *, *, #3355, .F. ) ;
#5923 = CARTESIAN_POINT ( 'NONE',  ( 2.350000000000000089, -0.2599999999999999534, 0.2999999999999999889 ) ) ;
#5924 = CARTESIAN_POINT ( 'NONE',  ( 7.589415207398531038E-16, 5.100000000000000533, -6.999999999999999112 ) ) ;
#5925 = LINE ( 'NONE', #1192, #5116 ) ;
#5926 = FACE_OUTER_BOUND ( 'NONE', #3358, .T. ) ;
#5927 = CARTESIAN_POINT ( 'NONE',  ( -2.000000000000000000, 4.200000000000000178, 0.2000000000000000111 ) ) ;
#5928 = VECTOR ( 'NONE', #5669, 1000.000000000000000 ) ;
#5929 = ORIENTED_EDGE ( 'NONE', *, *, #177, .T. ) ;
#5930 = VECTOR ( 'NONE', #1845, 1000.000000000000000 ) ;
#5931 = VERTEX_POINT ( 'NONE', #2412 ) ;
#5932 = SURFACE_STYLE_USAGE ( .BOTH. , #4020 ) ;
#5933 = VECTOR ( 'NONE', #1757, 1000.000000000000114 ) ;
#5934 = VECTOR ( 'NONE', #4075, 1000.000000000000000 ) ;
#5935 = DIRECTION ( 'NONE',  ( 0.000000000000000000, -1.000000000000000000, 0.000000000000000000 ) ) ;
#5936 = ORIENTED_EDGE ( 'NONE', *, *, #1385, .T. ) ;
#5937 = VERTEX_POINT ( 'NONE', #4902 ) ;
#5938 = CARTESIAN_POINT ( 'NONE',  ( -2.000000000000000000, -5.100000000000000533, 0.2999999999999999334 ) ) ;
#5939 = CARTESIAN_POINT ( 'NONE',  ( 0.6500000000000000222, 5.100000000000000533, -6.349999999999999645 ) ) ;
#5940 = DIRECTION ( 'NONE',  ( -1.000000000000000000, 0.000000000000000000, 0.000000000000000000 ) ) ;
#5941 = VERTEX_POINT ( 'NONE', #958 ) ;
#5942 = EDGE_CURVE ( 'NONE', #453, #1509, #3758, .T. ) ;
#5943 = ADVANCED_FACE ( 'NONE', ( #4320 ), #5258, .T. ) ;
#5944 = EDGE_CURVE ( 'NONE', #5884, #4736, #5665, .T. ) ;
#5945 = FACE_OUTER_BOUND ( 'NONE', #4573, .T. ) ;
#5946 = EDGE_CURVE ( 'NONE', #1979, #2105, #5842, .T. ) ;
#5947 = ADVANCED_FACE ( 'NONE', ( #40 ), #1598, .T. ) ;
#5948 = ORIENTED_EDGE ( 'NONE', *, *, #3563, .T. ) ;
#5949 = DIRECTION ( 'NONE',  ( -4.816823780254970645E-16, -0.7592566023652952412, -0.6507913734559701568 ) ) ;
#5950 = FACE_OUTER_BOUND ( 'NONE', #2058, .T. ) ;
#5951 = LINE ( 'NONE', #4453, #2620 ) ;
#5952 = VERTEX_POINT ( 'NONE', #3785 ) ;
#5953 = LINE ( 'NONE', #5979, #1818 ) ;
#5954 = ORIENTED_EDGE ( 'NONE', *, *, #5294, .F. ) ;
#5955 = LINE ( 'NONE', #4518, #1751 ) ;
#5956 = CARTESIAN_POINT ( 'NONE',  ( -0.2400000000000000189, 3.000000000000000000, 1.600000000000000089 ) ) ;
#5957 = CARTESIAN_POINT ( 'NONE',  ( 0.6500000000000000222, -4.299999999999999822, -6.349999999999999645 ) ) ;
#5958 = CARTESIAN_POINT ( 'NONE',  ( -2.949999999999999734, 2.500000000000000000, 4.558407044966670263 ) ) ;
#5959 = ORIENTED_EDGE ( 'NONE', *, *, #1599, .F. ) ;
#5960 = DIRECTION ( 'NONE',  ( 1.387778780781449866E-16, -1.000000000000000000, 0.000000000000000000 ) ) ;
#5961 = EDGE_LOOP ( 'NONE', ( #3335, #2642, #2955, #4562 ) ) ;
#5962 =( LENGTH_UNIT ( ) NAMED_UNIT ( * ) SI_UNIT ( .MILLI., .METRE. ) );
#5963 = CARTESIAN_POINT ( 'NONE',  ( -1.949999999999999956, -1.000000000000000000, 11.79999999999999893 ) ) ;
#5964 = VERTEX_POINT ( 'NONE', #4764 ) ;
#5965 = VERTEX_POINT ( 'NONE', #2855 ) ;
#5966 = DIRECTION ( 'NONE',  ( 0.000000000000000000, -1.000000000000000000, 0.000000000000000000 ) ) ;
#5967 = CARTESIAN_POINT ( 'NONE',  ( -0.8999999999999999112, -0.5000000000000000000, 0.2000000000000000944 ) ) ;
#5968 = LINE ( 'NONE', #4886, #1228 ) ;
#5969 = ORIENTED_EDGE ( 'NONE', *, *, #2135, .T. ) ;
#5970 = CARTESIAN_POINT ( 'NONE',  ( 2.000000000000000000, -4.299999999999999822, 0.2000000000000000111 ) ) ;
#5971 = ORIENTED_EDGE ( 'NONE', *, *, #4414, .F. ) ;
#5972 = DIRECTION ( 'NONE',  ( -1.138690281666829832E-16, 5.551115123125779621E-17, -1.000000000000000000 ) ) ;
#5973 = DIRECTION ( 'NONE',  ( 1.000000000000000000, 0.000000000000000000, 0.000000000000000000 ) ) ;
#5974 = PLANE ( 'NONE',  #2927 ) ;
#5975 = ADVANCED_FACE ( 'NONE', ( #3290 ), #1573, .F. ) ;
#5976 = ADVANCED_FACE ( 'NONE', ( #1894 ), #626, .F. ) ;
#5977 = ADVANCED_FACE ( 'NONE', ( #3318 ), #485, .T. ) ;
#5978 = VERTEX_POINT ( 'NONE', #4432 ) ;
#5979 = CARTESIAN_POINT ( 'NONE',  ( -2.949999999999999734, 0.8000000000000000444, 2.500000000000000000 ) ) ;
#5980 = ORIENTED_EDGE ( 'NONE', *, *, #4071, .T. ) ;
#5981 = DIRECTION ( 'NONE',  ( 1.224646799147350002E-16, -1.000000000000000000, 0.000000000000000000 ) ) ;
#5982 = LINE ( 'NONE', #2207, #3152 ) ;
#5983 = PLANE ( 'NONE',  #4218 ) ;
#5984 = ADVANCED_FACE ( 'NONE', ( #155 ), #2068, .T. ) ;
#5985 = LINE ( 'NONE', #4521, #2417 ) ;
#5986 = EDGE_CURVE ( 'NONE', #2875, #1640, #5395, .T. ) ;
#5987 = FACE_OUTER_BOUND ( 'NONE', #5008, .T. ) ;
#5988 = ORIENTED_EDGE ( 'NONE', *, *, #1106, .F. ) ;
#5989 = DIRECTION ( 'NONE',  ( -1.586032892321649771E-16, 0.000000000000000000, -1.000000000000000000 ) ) ;
#5990 = ORIENTED_EDGE ( 'NONE', *, *, #376, .F. ) ;
#5991 = DIRECTION ( 'NONE',  ( 0.000000000000000000, -1.000000000000000000, 0.000000000000000000 ) ) ;
#5992 = LINE ( 'NONE', #4124, #2752 ) ;
#5993 = CARTESIAN_POINT ( 'NONE',  ( -2.000000000000000000, 4.740000000000000213, 0.2999999999999999889 ) ) ;
#5994 = ORIENTED_EDGE ( 'NONE', *, *, #4278, .F. ) ;
#5995 = CARTESIAN_POINT ( 'NONE',  ( -0.8000000000000000444, 2.850000000000000089, 3.000000000000000000 ) ) ;
#5996 = DIRECTION ( 'NONE',  ( 1.000000000000000000, 0.000000000000000000, -5.551115123125780730E-16 ) ) ;
#5997 = VECTOR ( 'NONE', #5536, 1000.000000000000000 ) ;
#5998 = VECTOR ( 'NONE', #3069, 1000.000000000000000 ) ;
#5999 = DIRECTION ( 'NONE',  ( 2.775557561562890365E-16, -1.096516567531019854E-16, 1.000000000000000000 ) ) ;
#6000 = ORIENTED_EDGE ( 'NONE', *, *, #4460, .T. ) ;
#6001 = ORIENTED_EDGE ( 'NONE', *, *, #1307, .T. ) ;
#6002 = VECTOR ( 'NONE', #2848, 1000.000000000000000 ) ;
#6003 = FACE_OUTER_BOUND ( 'NONE', #2738, .T. ) ;
#6004 = AXIS2_PLACEMENT_3D ( 'NONE', #1781, #812, #6020 ) ;
#6005 = ORIENTED_EDGE ( 'NONE', *, *, #3813, .F. ) ;
#6006 = PLANE ( 'NONE',  #5352 ) ;
#6007 = DIRECTION ( 'NONE',  ( 0.000000000000000000, 0.000000000000000000, 1.000000000000000000 ) ) ;
#6008 = FACE_OUTER_BOUND ( 'NONE', #3783, .T. ) ;
#6009 = VECTOR ( 'NONE', #5864, 1000.000000000000000 ) ;
#6010 = ORIENTED_EDGE ( 'NONE', *, *, #4380, .F. ) ;
#6011 = FACE_BOUND ( 'NONE', #1858, .T. ) ;
#6012 = EDGE_CURVE ( 'NONE', #5848, #2597, #5985, .T. ) ;
#6013 = ORIENTED_EDGE ( 'NONE', *, *, #2066, .T. ) ;
#6014 = CARTESIAN_POINT ( 'NONE',  ( 0.000000000000000000, 0.000000000000000000, 1.199999999999999956 ) ) ;
#6015 = DIRECTION ( 'NONE',  ( 1.000000000000000000, 0.000000000000000000, 0.000000000000000000 ) ) ;
#6016 = DIRECTION ( 'NONE',  ( 0.000000000000000000, -1.000000000000000000, 0.000000000000000000 ) ) ;
#6017 = LINE ( 'NONE', #2611, #5705 ) ;
#6018 = VECTOR ( 'NONE', #1430, 1000.000000000000000 ) ;
#6019 = DIRECTION ( 'NONE',  ( 0.000000000000000000, 0.000000000000000000, 1.000000000000000000 ) ) ;
#6020 = DIRECTION ( 'NONE',  ( -1.000000000000000000, 0.000000000000000000, 0.000000000000000000 ) ) ;
#6021 = ORIENTED_EDGE ( 'NONE', *, *, #3915, .F. ) ;
#6022 = EDGE_CURVE ( 'NONE', #3302, #5591, #1194, .T. ) ;
#6023 = CARTESIAN_POINT ( 'NONE',  ( -3.350000000000000089, 5.500000000000000000, 2.558407044966669819 ) ) ;
#6024 = EDGE_CURVE ( 'NONE', #3014, #635, #2089, .T. ) ;
#6025 = ORIENTED_EDGE ( 'NONE', *, *, #467, .T. ) ;
#6026 = LINE ( 'NONE', #6089, #5607 ) ;
#6027 = EDGE_CURVE ( 'NONE', #5978, #4553, #3085, .T. ) ;
#6028 = VECTOR ( 'NONE', #2123, 1000.000000000000000 ) ;
#6029 = LINE ( 'NONE', #5435, #3809 ) ;
#6030 = DIRECTION ( 'NONE',  ( -1.398706172756099997E-16, -1.000000000000000000, 0.000000000000000000 ) ) ;
#6031 = VECTOR ( 'NONE', #3288, 1000.000000000000000 ) ;
#6032 = CARTESIAN_POINT ( 'NONE',  ( 7.589415207398531038E-16, 0.4000000000000000777, -6.999999999999999112 ) ) ;
#6033 = VERTEX_POINT ( 'NONE', #3514 ) ;
#6034 = DIRECTION ( 'NONE',  ( 6.049014748177260544E-16, -6.993530863780509846E-17, -1.000000000000000000 ) ) ;
#6035 = DIRECTION ( 'NONE',  ( 1.000000000000000000, 0.000000000000000000, 0.000000000000000000 ) ) ;
#6036 = VECTOR ( 'NONE', #5331, 1000.000000000000000 ) ;
#6037 = LINE ( 'NONE', #5569, #5308 ) ;
#6038 = ORIENTED_EDGE ( 'NONE', *, *, #5408, .T. ) ;
#6039 = VECTOR ( 'NONE', #439, 1000.000000000000000 ) ;
#6040 = ORIENTED_EDGE ( 'NONE', *, *, #1832, .T. ) ;
#6041 = VECTOR ( 'NONE', #3536, 1000.000000000000000 ) ;
#6042 = CARTESIAN_POINT ( 'NONE',  ( -0.9000000000000000222, -4.299999999999999822, 0.2000000000000000111 ) ) ;
#6043 = ORIENTED_EDGE ( 'NONE', *, *, #5760, .T. ) ;
#6044 = PLANE ( 'NONE',  #6155 ) ;
#6045 = DIRECTION ( 'NONE',  ( 6.661338147750940229E-16, -7.216449660063520471E-16, -1.000000000000000000 ) ) ;
#6046 = CARTESIAN_POINT ( 'NONE',  ( 0.000000000000000000, 2.600000000000000089, 0.000000000000000000 ) ) ;
#6047 = STYLED_ITEM ( 'NONE', ( #938 ), #201 ) ;
#6048 = EDGE_LOOP ( 'NONE', ( #4946, #3755, #5873, #1541 ) ) ;
#6049 = CARTESIAN_POINT ( 'NONE',  ( 2.000000000000000000, 0.2599999999999999534, 0.2999999999999999889 ) ) ;
#6050 = ORIENTED_EDGE ( 'NONE', *, *, #4602, .T. ) ;
#6051 = CARTESIAN_POINT ( 'NONE',  ( 0.2400000000000000189, 2.850000000000000089, 1.600000000000000089 ) ) ;
#6052 = DIRECTION ( 'NONE',  ( 0.6401843996644799306, 0.000000000000000000, 0.7682212795973758501 ) ) ;
#6053 = DIRECTION ( 'NONE',  ( 1.000000000000000000, -8.217301096052189155E-32, 0.000000000000000000 ) ) ;
#6054 = CARTESIAN_POINT ( 'NONE',  ( -2.000000000000000000, 3.100000000000000089, 6.799999999999999822 ) ) ;
#6055 = DIRECTION ( 'NONE',  ( 1.000000000000000000, -1.603658826055314957E-47, -1.224646799147350002E-16 ) ) ;
#6056 = LINE ( 'NONE', #2651, #3907 ) ;
#6057 = ORIENTED_EDGE ( 'NONE', *, *, #4920, .T. ) ;
#6058 = DIRECTION ( 'NONE',  ( 0.000000000000000000, 1.000000000000000000, 0.000000000000000000 ) ) ;
#6059 = ORIENTED_EDGE ( 'NONE', *, *, #5335, .F. ) ;
#6060 = CARTESIAN_POINT ( 'NONE',  ( -4.999999999999999112, 0.4000000000000000777, -5.700000000000000178 ) ) ;
#6061 = DIRECTION ( 'NONE',  ( 0.000000000000000000, 0.000000000000000000, -1.000000000000000000 ) ) ;
#6062 = EDGE_CURVE ( 'NONE', #511, #3709, #5429, .T. ) ;
#6063 = ADVANCED_FACE ( 'NONE', ( #4050 ), #710, .T. ) ;
#6064 = EDGE_CURVE ( 'NONE', #4425, #5854, #4486, .T. ) ;
#6065 = EDGE_CURVE ( 'NONE', #5178, #1809, #244, .T. ) ;
#6066 = DIRECTION ( 'NONE',  ( 1.000000000000000000, 1.009293658750139934E-16, 7.569702440626069226E-17 ) ) ;
#6067 = CARTESIAN_POINT ( 'NONE',  ( -3.350000000000000089, 5.400000000000000355, 3.000000000000000000 ) ) ;
#6068 = ORIENTED_EDGE ( 'NONE', *, *, #4026, .F. ) ;
#6069 = FACE_OUTER_BOUND ( 'NONE', #3745, .T. ) ;
#6070 = DIRECTION ( 'NONE',  ( -1.000000000000000000, 0.000000000000000000, 0.000000000000000000 ) ) ;
#6071 = EDGE_CURVE ( 'NONE', #515, #2476, #6017, .T. ) ;
#6072 = ORIENTED_EDGE ( 'NONE', *, *, #5075, .T. ) ;
#6073 = EDGE_LOOP ( 'NONE', ( #550, #1205, #364, #4054 ) ) ;
#6074 = PLANE ( 'NONE',  #744 ) ;
#6075 = ORIENTED_EDGE ( 'NONE', *, *, #606, .T. ) ;
#6076 = DIRECTION ( 'NONE',  ( 0.000000000000000000, 0.000000000000000000, 1.000000000000000000 ) ) ;
#6077 = DIRECTION ( 'NONE',  ( 1.138690281666829832E-16, 0.000000000000000000, 1.000000000000000000 ) ) ;
#6078 = ORIENTED_EDGE ( 'NONE', *, *, #1576, .F. ) ;
#6079 = CARTESIAN_POINT ( 'NONE',  ( 2.000000000000000000, -3.100000000000000089, 6.799999999999999822 ) ) ;
#6080 = ORIENTED_EDGE ( 'NONE', *, *, #5718, .F. ) ;
#6081 = DIRECTION ( 'NONE',  ( 0.000000000000000000, -1.000000000000000000, -2.960594732333750117E-16 ) ) ;
#6082 = CARTESIAN_POINT ( 'NONE',  ( 3.350000000000000089, -2.500000000000000000, 4.558407044966670263 ) ) ;
#6083 = CARTESIAN_POINT ( 'NONE',  ( 1.949999999999999956, -1.399999999999999911, 11.50000000000000000 ) ) ;
#6084 = FACE_OUTER_BOUND ( 'NONE', #5491, .T. ) ;
#6085 = CARTESIAN_POINT ( 'NONE',  ( -3.350000000000000089, -1.000000000000000000, 1.558407044966670041 ) ) ;
#6086 = FACE_OUTER_BOUND ( 'NONE', #3485, .T. ) ;
#6087 = VERTEX_POINT ( 'NONE', #1164 ) ;
#6088 = DIRECTION ( 'NONE',  ( 1.000000000000000000, 0.000000000000000000, 0.000000000000000000 ) ) ;
#6089 = CARTESIAN_POINT ( 'NONE',  ( -2.000000000000000000, -4.740000000000000213, 0.2999999999999999889 ) ) ;
#6090 = CARTESIAN_POINT ( 'NONE',  ( 3.350000000000000089, 1.000000000000000000, 1.558407044966670041 ) ) ;
#6091 = CARTESIAN_POINT ( 'NONE',  ( 3.149999999999999911, 2.600000000000000089, 4.500000000000000000 ) ) ;
#6092 = CARTESIAN_POINT ( 'NONE',  ( -2.949999999999999734, 6.349999999999999645, 0.000000000000000000 ) ) ;
#6093 = ORIENTED_EDGE ( 'NONE', *, *, #468, .F. ) ;
#6094 = CARTESIAN_POINT ( 'NONE',  ( -2.949999999999999734, 6.349999999999999645, 0.000000000000000000 ) ) ;
#6095 = ADVANCED_FACE ( 'NONE', ( #3059 ), #4963, .F. ) ;
#6096 = LINE ( 'NONE', #1729, #5606 ) ;
#6097 = AXIS2_PLACEMENT_3D ( 'NONE', #4838, #652, #4455 ) ;
#6098 = ORIENTED_EDGE ( 'NONE', *, *, #3617, .F. ) ;
#6099 = ORIENTED_EDGE ( 'NONE', *, *, #4693, .T. ) ;
#6100 = DIRECTION ( 'NONE',  ( 1.000000000000000000, -7.116814260417669499E-18, 0.000000000000000000 ) ) ;
#6101 = AXIS2_PLACEMENT_3D ( 'NONE', #1939, #3830, #1474 ) ;
#6102 = EDGE_LOOP ( 'NONE', ( #3636, #3211, #534, #3787 ) ) ;
#6103 = ADVANCED_FACE ( 'NONE', ( #688 ), #207, .F. ) ;
#6104 = DIRECTION ( 'NONE',  ( -6.049014748177260544E-16, 0.000000000000000000, 1.000000000000000000 ) ) ;
#6105 = VECTOR ( 'NONE', #4007, 1000.000000000000000 ) ;
#6106 = EDGE_CURVE ( 'NONE', #3398, #3362, #2680, .T. ) ;
#6107 = PLANE ( 'NONE',  #3417 ) ;
#6108 = AXIS2_PLACEMENT_3D ( 'NONE', #5693, #3029, #2384 ) ;
#6109 = CIRCLE ( 'NONE', #4314, 0.6500000000000000222 ) ;
#6110 = ORIENTED_EDGE ( 'NONE', *, *, #3042, .T. ) ;
#6111 = FACE_OUTER_BOUND ( 'NONE', #3544, .T. ) ;
#6112 = VERTEX_POINT ( 'NONE', #5461 ) ;
#6113 = DIRECTION ( 'NONE',  ( 0.000000000000000000, 1.000000000000000000, 0.000000000000000000 ) ) ;
#6114 = FILL_AREA_STYLE_COLOUR ( '', #3346 ) ;
#6115 = AXIS2_PLACEMENT_3D ( 'NONE', #206, #4932, #5460 ) ;
#6116 = VECTOR ( 'NONE', #2276, 1000.000000000000000 ) ;
#6117 = CARTESIAN_POINT ( 'NONE',  ( 2.350000000000000089, -4.740000000000000213, 0.5999999999999999778 ) ) ;
#6118 = ORIENTED_EDGE ( 'NONE', *, *, #1305, .T. ) ;
#6119 = AXIS2_PLACEMENT_3D ( 'NONE', #368, #5143, #301 ) ;
#6120 = AXIS2_PLACEMENT_3D ( 'NONE', #5772, #5275, #1943 ) ;
#6121 = CARTESIAN_POINT ( 'NONE',  ( -2.949999999999999734, -6.349999999999999645, 1.558407044966670041 ) ) ;
#6122 = DIRECTION ( 'NONE',  ( -1.355252715606880049E-16, 1.000000000000000000, -0.000000000000000000 ) ) ;
#6123 = EDGE_LOOP ( 'NONE', ( #1887, #2997, #5671, #4052 ) ) ;
#6124 = DIRECTION ( 'NONE',  ( 0.000000000000000000, 1.000000000000000000, 0.000000000000000000 ) ) ;
#6125 = ORIENTED_EDGE ( 'NONE', *, *, #1456, .T. ) ;
#6126 = DIRECTION ( 'NONE',  ( 0.1321637200910179555, 0.000000000000000000, -0.9912279006826346661 ) ) ;
#6127 = DIRECTION ( 'NONE',  ( 0.000000000000000000, -1.000000000000000000, 0.000000000000000000 ) ) ;
#6128 = VECTOR ( 'NONE', #5424, 1000.000000000000000 ) ;
#6129 = ORIENTED_EDGE ( 'NONE', *, *, #2858, .T. ) ;
#6130 = DIRECTION ( 'NONE',  ( -1.000000000000000000, 0.000000000000000000, 0.000000000000000000 ) ) ;
#6131 = VERTEX_POINT ( 'NONE', #2210 ) ;
#6132 = CARTESIAN_POINT ( 'NONE',  ( 3.149999999999999911, -5.400000000000000355, 2.600000000000000089 ) ) ;
#6133 = VECTOR ( 'NONE', #926, 1000.000000000000000 ) ;
#6134 = FACE_OUTER_BOUND ( 'NONE', #2871, .T. ) ;
#6135 = VERTEX_POINT ( 'NONE', #2709 ) ;
#6136 = ORIENTED_EDGE ( 'NONE', *, *, #4110, .T. ) ;
#6137 = DIRECTION ( 'NONE',  ( -8.881784197001250351E-16, 0.000000000000000000, 1.000000000000000000 ) ) ;
#6138 = ORIENTED_EDGE ( 'NONE', *, *, #4692, .F. ) ;
#6139 = DIRECTION ( 'NONE',  ( 1.000000000000000000, 1.029983974020404631E-16, 0.000000000000000000 ) ) ;
#6140 = AXIS2_PLACEMENT_3D ( 'NONE', #1659, #4484, #205 ) ;
#6141 = CARTESIAN_POINT ( 'NONE',  ( -3.350000000000000089, 0.8000000000000000444, 3.500000000000000000 ) ) ;
#6142 = ADVANCED_FACE ( 'NONE', ( #5926 ), #1661, .T. ) ;
#6143 = EDGE_CURVE ( 'NONE', #4755, #4429, #4583, .T. ) ;
#6144 = AXIS2_PLACEMENT_3D ( 'NONE', #3919, #1500, #3390 ) ;
#6145 = ADVANCED_FACE ( 'NONE', ( #4552, #1253 ), #1743, .T. ) ;
#6146 = AXIS2_PLACEMENT_3D ( 'NONE', #1440, #13, #5244 ) ;
#6147 = EDGE_CURVE ( 'NONE', #5472, #578, #4079, .T. ) ;
#6148 = VERTEX_POINT ( 'NONE', #5706 ) ;
#6149 = DIRECTION ( 'NONE',  ( 0.000000000000000000, 0.000000000000000000, 1.000000000000000000 ) ) ;
#6150 = ORIENTED_EDGE ( 'NONE', *, *, #1645, .F. ) ;
#6151 = CARTESIAN_POINT ( 'NONE',  ( -4.999999999999999112, -0.5000000000000005551, -6.349999999999999645 ) ) ;
#6152 = FILL_AREA_STYLE_COLOUR ( '', #265 ) ;
#6153 = FILL_AREA_STYLE ('',( #906 ) ) ;
#6154 = VECTOR ( 'NONE', #5270, 1000.000000000000000 ) ;
#6155 = AXIS2_PLACEMENT_3D ( 'NONE', #1770, #1306, #3200 ) ;
#6156 = CARTESIAN_POINT ( 'NONE',  ( -0.2400000000000000189, -5.000000000000000000, 3.000000000000000000 ) ) ;
#6157 = LINE ( 'NONE', #846, #3997 ) ;
#6158 = VERTEX_POINT ( 'NONE', #6054 ) ;
#6159 = AXIS2_PLACEMENT_3D ( 'NONE', #5048, #1703, #5575 ) ;
#6160 = DIRECTION ( 'NONE',  ( 1.000000000000000000, 0.000000000000000000, -1.110223024625160090E-15 ) ) ;
#6161 = DIRECTION ( 'NONE',  ( 0.000000000000000000, 0.000000000000000000, 1.000000000000000000 ) ) ;
#6162 = ORIENTED_EDGE ( 'NONE', *, *, #5521, .T. ) ;
#6163 = CARTESIAN_POINT ( 'NONE',  ( 2.350000000000000089, 4.740000000000000213, 0.5999999999999999778 ) ) ;
#6164 = LINE ( 'NONE', #1322, #1723 ) ;
#6165 = CARTESIAN_POINT ( 'NONE',  ( 2.949999999999999734, 5.500000000000000000, 4.558407044966680033 ) ) ;
#6166 = PLANE ( 'NONE',  #5608 ) ;
#6167 = VERTEX_POINT ( 'NONE', #4683 ) ;
#6168 = FACE_OUTER_BOUND ( 'NONE', #276, .T. ) ;
#6169 = CARTESIAN_POINT ( 'NONE',  ( 3.149999999999999911, 5.400000000000000355, 4.500000000000000000 ) ) ;
#6170 = DIRECTION ( 'NONE',  ( 1.000000000000000000, 0.000000000000000000, 0.000000000000000000 ) ) ;
#6171 = VERTEX_POINT ( 'NONE', #979 ) ;
#6172 = ORIENTED_EDGE ( 'NONE', *, *, #2701, .F. ) ;
#6173 = LINE ( 'NONE', #3663, #3518 ) ;
#6174 = CARTESIAN_POINT ( 'NONE',  ( -2.850000000000000089, -6.349999999999999645, 6.400000000000000355 ) ) ;
#6175 = CARTESIAN_POINT ( 'NONE',  ( 3.350000000000000089, 5.400000000000000355, 3.000000000000000000 ) ) ;
#6176 = ORIENTED_EDGE ( 'NONE', *, *, #4276, .T. ) ;
#6177 = DIRECTION ( 'NONE',  ( -5.102916542506470572E-32, -1.000000000000000000, -8.435946604435249315E-17 ) ) ;
#6178 = VERTEX_POINT ( 'NONE', #2870 ) ;
#6179 = CARTESIAN_POINT ( 'NONE',  ( 0.2400000000000000189, 2.850000000000000089, 1.600000000000000089 ) ) ;
#6180 = EDGE_CURVE ( 'NONE', #5478, #5286, #6157, .T. ) ;
#6181 = SURFACE_STYLE_FILL_AREA ( #6153 ) ;
#6182 = ADVANCED_FACE ( 'NONE', ( #6084 ), #4247, .T. ) ;
#6183 = LINE ( 'NONE', #1847, #5223 ) ;
#6184 = ORIENTED_EDGE ( 'NONE', *, *, #3916, .T. ) ;
#6185 = CARTESIAN_POINT ( 'NONE',  ( -4.898587196589409994E-17, 0.4000000000000000222, 0.000000000000000000 ) ) ;
#6186 = DIRECTION ( 'NONE',  ( -1.726294304567779863E-16, 1.000000000000000000, 0.000000000000000000 ) ) ;
#6187 = ORIENTED_EDGE ( 'NONE', *, *, #4229, .T. ) ;
#6188 = DIRECTION ( 'NONE',  ( 8.223874256482640091E-16, -1.000000000000000000, 0.000000000000000000 ) ) ;
#6189 = EDGE_CURVE ( 'NONE', #1586, #4165, #2322, .T. ) ;
#6190 = EDGE_CURVE ( 'NONE', #643, #6135, #4715, .T. ) ;
#6191 = DIRECTION ( 'NONE',  ( 1.178997902256800061E-16, 1.597840108728343248E-32, -1.000000000000000000 ) ) ;
ENDSEC;
END-ISO-10303-21;
