  0
SECTION
  2
HEADER
  9
$ANGBASE
  50
0.0
  9
$ANGDIR
  70
1
  9
$MEASUREMENT
  70
1
  0
ENDSEC
  0
SECTION
  2
TABLES
  0
TABLE
  2
LTYPE
  70
4
  0
LTYPE
  5
40F
  2
CONTINUOUS
  70
0
  3
Solid line
  72
65
  73
0
  40
0.0
  0
LTYPE
  5
410
  2
DASHDOT
 70
0
  3
Dash Dot ____ _ ____ _
 72
65
 73
4
 40
2.0
 49
1.25
 49
-0.25
 49
0.25
 49
-0.25
  0
LTYPE
  5
411
  2
DASHED
 70
0
  3
Dashed __ __ __ __ __
 72
65
 73
2
 40
0.75
 49
0.5
 49
-0.25
  0
LTYPE
  5
43B
  2
DOTTED
 70
0
  3
Dotted .  .  .  .
 72
65
 73
2
 40
0.2
 49
0.0
 49
-0.2
  0
ENDTAB
  0
TABLE
  2
STYLE
  70
4
  0
STYLE
  2
KICAD
  70
0
  40
0
  41
1
  42
1
  50
0
  71
0
  3
isocp.shx
  0
STYLE
  2
KICADB
  70
0
  40
0
  41
1
  42
1
  50
0
  71
0
  3
isocp.shx
  0
STYLE
  2
KICADI
  70
0
  40
0
  41
1
  42
1
  50
15
  71
0
  3
isocp.shx
  0
STYLE
  2
KICADBI
  70
0
  40
0
  41
1
  42
1
  50
15
  71
0
  3
isocp.shx
  0
ENDTAB
  0
TABLE
  2
LAYER
  70
1
  0
LAYER
  2
BLACK
  70
0
  62
7
  6
CONTINUOUS
  0
ENDTAB
  0
ENDSEC
  0
SECTION
  2
ENTITIES
0
LINE
8
BLACK
6
CONTINUOUS
10
0.
20
25.2999999999999972
11
7.
21
25.2999999999999972
0
LINE
8
BLACK
6
CONTINUOUS
10
92.
20
92.
11
92.
21
0.
0
LINE
8
BLACK
6
CONTINUOUS
10
92.
20
0.
11
0.
21
0.
0
LINE
8
BLACK
6
CONTINUOUS
10
7.
20
25.2999999999999972
11
7.
21
10.2999999999999989
0
LINE
8
BLACK
6
CONTINUOUS
10
0.
20
92.
11
92.
21
92.
0
LINE
8
BLACK
6
CONTINUOUS
10
0.
20
25.2999999999999972
11
0.
21
92.
0
LINE
8
BLACK
6
CONTINUOUS
10
0.
20
10.2999999999999989
11
7.
21
10.2999999999999989
0
LINE
8
BLACK
6
CONTINUOUS
10
0.
20
10.2999999999999989
11
0.
21
0.
0
LINE
8
BLACK
6
CONTINUOUS
10
87.5249999999999915
20
67.4749999999999943
11
88.4749999999999943
21
66.5249999999999915
0
LINE
8
BLACK
6
CONTINUOUS
10
88.4749999999999943
20
67.4749999999999943
11
87.5249999999999915
21
66.5249999999999915
0
LINE
8
BLACK
6
CONTINUOUS
10
87.5249999999999915
20
64.9749999999999943
11
88.4749999999999943
21
64.0249999999999915
0
LINE
8
BLACK
6
CONTINUOUS
10
88.4749999999999943
20
64.9749999999999943
11
87.5249999999999915
21
64.0249999999999915
0
LINE
8
BLACK
6
CONTINUOUS
10
87.5249999999999915
20
62.4749999999999943
11
88.4749999999999943
21
61.5249999999999986
0
LINE
8
BLACK
6
CONTINUOUS
10
88.4749999999999943
20
62.4749999999999943
11
87.5249999999999915
21
61.5249999999999986
0
LINE
8
BLACK
6
CONTINUOUS
10
87.5249999999999915
20
54.375
11
88.4749999999999943
21
53.4249999999999972
0
LINE
8
BLACK
6
CONTINUOUS
10
88.4749999999999943
20
54.375
11
87.5249999999999915
21
53.4249999999999972
0
LINE
8
BLACK
6
CONTINUOUS
10
87.5249999999999915
20
51.875
11
88.4749999999999943
21
50.9249999999999972
0
LINE
8
BLACK
6
CONTINUOUS
10
88.4749999999999943
20
51.875
11
87.5249999999999915
21
50.9249999999999972
0
LINE
8
BLACK
6
CONTINUOUS
10
87.5249999999999915
20
49.375
11
88.4749999999999943
21
48.4249999999999972
0
LINE
8
BLACK
6
CONTINUOUS
10
88.4749999999999943
20
49.375
11
87.5249999999999915
21
48.4249999999999972
0
LINE
8
BLACK
6
CONTINUOUS
10
87.5249999999999915
20
46.875
11
88.4749999999999943
21
45.9249999999999972
0
LINE
8
BLACK
6
CONTINUOUS
10
88.4749999999999943
20
46.875
11
87.5249999999999915
21
45.9249999999999972
0
LINE
8
BLACK
6
CONTINUOUS
10
87.5249999999999915
20
44.375
11
88.4749999999999943
21
43.4249999999999972
0
LINE
8
BLACK
6
CONTINUOUS
10
88.4749999999999943
20
44.375
11
87.5249999999999915
21
43.4249999999999972
0
LINE
8
BLACK
6
CONTINUOUS
10
87.5249999999999915
20
41.875
11
88.4749999999999943
21
40.9249999999999972
0
LINE
8
BLACK
6
CONTINUOUS
10
88.4749999999999943
20
41.875
11
87.5249999999999915
21
40.9249999999999972
0
LINE
8
BLACK
6
CONTINUOUS
10
87.5249999999999915
20
39.375
11
88.4749999999999943
21
38.4249999999999972
0
LINE
8
BLACK
6
CONTINUOUS
10
88.4749999999999943
20
39.375
11
87.5249999999999915
21
38.4249999999999972
0
LINE
8
BLACK
6
CONTINUOUS
10
87.5249999999999915
20
36.875
11
88.4749999999999943
21
35.9249999999999972
0
LINE
8
BLACK
6
CONTINUOUS
10
88.4749999999999943
20
36.875
11
87.5249999999999915
21
35.9249999999999972
0
CIRCLE
8
BLACK
10
88.
20
77.5
40
0.5
0
CIRCLE
8
BLACK
10
88.
20
75.
40
0.5
0
LINE
8
BLACK
6
CONTINUOUS
10
36.5899999999999963
20
54.9099999999999966
11
36.5899999999999963
21
53.8699999999999974
0
LINE
8
BLACK
6
CONTINUOUS
10
36.0700000000000003
20
54.3900000000000006
11
37.1099999999999994
21
54.3900000000000006
0
LINE
8
BLACK
6
CONTINUOUS
10
36.5899999999999963
20
7.9099999999999993
11
36.5899999999999963
21
6.8700000000000001
0
LINE
8
BLACK
6
CONTINUOUS
10
36.0700000000000003
20
7.3899999999999997
11
37.1099999999999994
21
7.3899999999999997
0
LINE
8
BLACK
6
CONTINUOUS
10
38.5
20
88.9899999999999949
11
38.5
21
87.9500000000000028
0
LINE
8
BLACK
6
CONTINUOUS
10
37.9799999999999969
20
88.4699999999999989
11
39.019999999999996
21
88.4699999999999989
0
LINE
8
BLACK
6
CONTINUOUS
10
38.5
20
72.8900000000000006
11
38.5
21
71.8499999999999943
0
LINE
8
BLACK
6
CONTINUOUS
10
37.9799999999999969
20
72.3699999999999903
11
39.019999999999996
21
72.3699999999999903
0
LINE
8
BLACK
6
CONTINUOUS
10
41.1899999999999977
20
52.9099999999999966
11
41.1899999999999977
21
51.8699999999999974
0
LINE
8
BLACK
6
CONTINUOUS
10
40.6700000000000017
20
52.3900000000000006
11
41.7100000000000009
21
52.3900000000000006
0
LINE
8
BLACK
6
CONTINUOUS
10
46.1899999999999977
20
52.9099999999999966
11
46.1899999999999977
21
51.8699999999999974
0
LINE
8
BLACK
6
CONTINUOUS
10
45.6699999999999946
20
52.3900000000000006
11
46.7100000000000009
21
52.3900000000000006
0
LINE
8
BLACK
6
CONTINUOUS
10
48.9899999999999949
20
9.9100000000000001
11
48.9899999999999949
21
8.8699999999999992
0
LINE
8
BLACK
6
CONTINUOUS
10
48.4699999999999989
20
9.3899999999999988
11
49.509999999999998
21
9.3899999999999988
0
LINE
8
BLACK
6
CONTINUOUS
10
53.9899999999999949
20
9.9100000000000001
11
53.9899999999999949
21
8.8699999999999992
0
LINE
8
BLACK
6
CONTINUOUS
10
53.4699999999999989
20
9.3899999999999988
11
54.509999999999998
21
9.3899999999999988
0
LINE
8
BLACK
6
CONTINUOUS
10
58.5899999999999963
20
54.9099999999999966
11
58.5899999999999963
21
53.8699999999999974
0
LINE
8
BLACK
6
CONTINUOUS
10
58.0700000000000003
20
54.3900000000000006
11
59.1099999999999994
21
54.3900000000000006
0
LINE
8
BLACK
6
CONTINUOUS
10
58.5899999999999963
20
7.9099999999999993
11
58.5899999999999963
21
6.8700000000000001
0
LINE
8
BLACK
6
CONTINUOUS
10
58.0700000000000003
20
7.3899999999999997
11
59.1099999999999994
21
7.3899999999999997
0
LINE
8
BLACK
6
CONTINUOUS
10
65.0499999999999972
20
54.0599999999999952
11
65.0499999999999972
21
53.019999999999996
0
LINE
8
BLACK
6
CONTINUOUS
10
64.5300000000000011
20
53.5399999999999991
11
65.5699999999999932
21
53.5399999999999991
0
LINE
8
BLACK
6
CONTINUOUS
10
65.0499999999999972
20
51.519999999999996
11
65.0499999999999972
21
50.4799999999999969
0
LINE
8
BLACK
6
CONTINUOUS
10
64.5300000000000011
20
51.
11
65.5699999999999932
21
51.
0
LINE
8
BLACK
6
CONTINUOUS
10
65.0499999999999972
20
48.9799999999999969
11
65.0499999999999972
21
47.9399999999999977
0
LINE
8
BLACK
6
CONTINUOUS
10
64.5300000000000011
20
48.4600000000000009
11
65.5699999999999932
21
48.4600000000000009
0
LINE
8
BLACK
6
CONTINUOUS
10
65.0499999999999972
20
46.4399999999999977
11
65.0499999999999972
21
45.3999999999999986
0
LINE
8
BLACK
6
CONTINUOUS
10
64.5300000000000011
20
45.9199999999999946
11
65.5699999999999932
21
45.9199999999999946
0
LINE
8
BLACK
6
CONTINUOUS
10
65.0499999999999972
20
43.8999999999999986
11
65.0499999999999972
21
42.8599999999999994
0
LINE
8
BLACK
6
CONTINUOUS
10
64.5300000000000011
20
43.3799999999999955
11
65.5699999999999932
21
43.3799999999999955
0
LINE
8
BLACK
6
CONTINUOUS
10
65.0499999999999972
20
41.3599999999999994
11
65.0499999999999972
21
40.3200000000000003
0
LINE
8
BLACK
6
CONTINUOUS
10
64.5300000000000011
20
40.8399999999999963
11
65.5699999999999932
21
40.8399999999999963
0
LINE
8
BLACK
6
CONTINUOUS
10
65.2099999999999937
20
35.1599999999999966
11
65.2099999999999937
21
34.1199999999999974
0
LINE
8
BLACK
6
CONTINUOUS
10
64.6899999999999977
20
34.6400000000000006
11
65.730000000000004
21
34.6400000000000006
0
LINE
8
BLACK
6
CONTINUOUS
10
65.2099999999999937
20
32.6199999999999974
11
65.2099999999999937
21
31.5799999999999983
0
LINE
8
BLACK
6
CONTINUOUS
10
64.6899999999999977
20
32.1000000000000014
11
65.730000000000004
21
32.1000000000000014
0
LINE
8
BLACK
6
CONTINUOUS
10
65.2099999999999937
20
30.0799999999999983
11
65.2099999999999937
21
29.0399999999999991
0
LINE
8
BLACK
6
CONTINUOUS
10
64.6899999999999977
20
29.5599999999999987
11
65.730000000000004
21
29.5599999999999987
0
LINE
8
BLACK
6
CONTINUOUS
10
65.2099999999999937
20
27.5399999999999991
11
65.2099999999999937
21
26.5
0
LINE
8
BLACK
6
CONTINUOUS
10
64.6899999999999977
20
27.0199999999999996
11
65.730000000000004
21
27.0199999999999996
0
LINE
8
BLACK
6
CONTINUOUS
10
65.2099999999999937
20
25.
11
65.2099999999999937
21
23.9599999999999973
0
LINE
8
BLACK
6
CONTINUOUS
10
64.6899999999999977
20
24.4800000000000004
11
65.730000000000004
21
24.4800000000000004
0
LINE
8
BLACK
6
CONTINUOUS
10
65.2099999999999937
20
22.4599999999999973
11
65.2099999999999937
21
21.4199999999999982
0
LINE
8
BLACK
6
CONTINUOUS
10
64.6899999999999977
20
21.9399999999999977
11
65.730000000000004
21
21.9399999999999977
0
LINE
8
BLACK
6
CONTINUOUS
10
75.5300000000000011
20
88.9899999999999949
11
75.5300000000000011
21
87.9500000000000028
0
LINE
8
BLACK
6
CONTINUOUS
10
75.0099999999999909
20
88.4699999999999989
11
76.0499999999999972
21
88.4699999999999989
0
LINE
8
BLACK
6
CONTINUOUS
10
75.5300000000000011
20
72.8900000000000006
11
75.5300000000000011
21
71.8499999999999943
0
LINE
8
BLACK
6
CONTINUOUS
10
75.0099999999999909
20
72.3699999999999903
11
76.0499999999999972
21
72.3699999999999903
0
LINE
8
BLACK
6
CONTINUOUS
10
80.25
20
54.0599999999999952
11
80.25
21
53.019999999999996
0
LINE
8
BLACK
6
CONTINUOUS
10
79.7299999999999898
20
53.5399999999999991
11
80.769999999999996
21
53.5399999999999991
0
LINE
8
BLACK
6
CONTINUOUS
10
80.25
20
51.519999999999996
11
80.25
21
50.4799999999999969
0
LINE
8
BLACK
6
CONTINUOUS
10
79.7299999999999898
20
51.
11
80.769999999999996
21
51.
0
LINE
8
BLACK
6
CONTINUOUS
10
80.25
20
48.9799999999999969
11
80.25
21
47.9399999999999977
0
LINE
8
BLACK
6
CONTINUOUS
10
79.7299999999999898
20
48.4600000000000009
11
80.769999999999996
21
48.4600000000000009
0
LINE
8
BLACK
6
CONTINUOUS
10
80.25
20
46.4399999999999977
11
80.25
21
45.3999999999999986
0
LINE
8
BLACK
6
CONTINUOUS
10
79.7299999999999898
20
45.9199999999999946
11
80.769999999999996
21
45.9199999999999946
0
LINE
8
BLACK
6
CONTINUOUS
10
80.25
20
43.8999999999999986
11
80.25
21
42.8599999999999994
0
LINE
8
BLACK
6
CONTINUOUS
10
79.7299999999999898
20
43.3799999999999955
11
80.769999999999996
21
43.3799999999999955
0
LINE
8
BLACK
6
CONTINUOUS
10
80.25
20
41.3599999999999994
11
80.25
21
40.3200000000000003
0
LINE
8
BLACK
6
CONTINUOUS
10
79.7299999999999898
20
40.8399999999999963
11
80.769999999999996
21
40.8399999999999963
0
LINE
8
BLACK
6
CONTINUOUS
10
80.4099999999999966
20
35.1599999999999966
11
80.4099999999999966
21
34.1199999999999974
0
LINE
8
BLACK
6
CONTINUOUS
10
79.8900000000000006
20
34.6400000000000006
11
80.9299999999999926
21
34.6400000000000006
0
LINE
8
BLACK
6
CONTINUOUS
10
80.4099999999999966
20
32.6199999999999974
11
80.4099999999999966
21
31.5799999999999983
0
LINE
8
BLACK
6
CONTINUOUS
10
79.8900000000000006
20
32.1000000000000014
11
80.9299999999999926
21
32.1000000000000014
0
LINE
8
BLACK
6
CONTINUOUS
10
80.4099999999999966
20
30.0799999999999983
11
80.4099999999999966
21
29.0399999999999991
0
LINE
8
BLACK
6
CONTINUOUS
10
79.8900000000000006
20
29.5599999999999987
11
80.9299999999999926
21
29.5599999999999987
0
LINE
8
BLACK
6
CONTINUOUS
10
80.4099999999999966
20
27.5399999999999991
11
80.4099999999999966
21
26.5
0
LINE
8
BLACK
6
CONTINUOUS
10
79.8900000000000006
20
27.0199999999999996
11
80.9299999999999926
21
27.0199999999999996
0
LINE
8
BLACK
6
CONTINUOUS
10
80.4099999999999966
20
25.
11
80.4099999999999966
21
23.9599999999999973
0
LINE
8
BLACK
6
CONTINUOUS
10
79.8900000000000006
20
24.4800000000000004
11
80.9299999999999926
21
24.4800000000000004
0
LINE
8
BLACK
6
CONTINUOUS
10
80.4099999999999966
20
22.4599999999999973
11
80.4099999999999966
21
21.4199999999999982
0
LINE
8
BLACK
6
CONTINUOUS
10
79.8900000000000006
20
21.9399999999999977
11
80.9299999999999926
21
21.9399999999999977
0
LINE
8
BLACK
6
CONTINUOUS
10
23.5371239999999986
20
79.7903759999999949
11
23.5371239999999986
21
80.7096239999999909
0
LINE
8
BLACK
6
CONTINUOUS
10
23.5371239999999986
20
80.7096239999999909
11
22.617875999999999
21
80.7096239999999909
0
LINE
8
BLACK
6
CONTINUOUS
10
22.617875999999999
20
80.7096239999999909
11
22.617875999999999
21
79.7903759999999949
0
LINE
8
BLACK
6
CONTINUOUS
10
22.617875999999999
20
79.7903759999999949
11
23.5371239999999986
21
79.7903759999999949
0
LINE
8
BLACK
6
CONTINUOUS
10
23.5371239999999986
20
74.7903759999999949
11
23.5371239999999986
21
75.7096239999999909
0
LINE
8
BLACK
6
CONTINUOUS
10
23.5371239999999986
20
75.7096239999999909
11
22.617875999999999
21
75.7096239999999909
0
LINE
8
BLACK
6
CONTINUOUS
10
22.617875999999999
20
75.7096239999999909
11
22.617875999999999
21
74.7903759999999949
0
LINE
8
BLACK
6
CONTINUOUS
10
22.617875999999999
20
74.7903759999999949
11
23.5371239999999986
21
74.7903759999999949
0
LINE
8
BLACK
6
CONTINUOUS
10
26.0046239999999997
20
46.7703759999999988
11
26.0046239999999997
21
47.6896239999999949
0
LINE
8
BLACK
6
CONTINUOUS
10
26.0046239999999997
20
47.6896239999999949
11
25.0853760000000001
21
47.6896239999999949
0
LINE
8
BLACK
6
CONTINUOUS
10
25.0853760000000001
20
47.6896239999999949
11
25.0853760000000001
21
46.7703759999999988
0
LINE
8
BLACK
6
CONTINUOUS
10
25.0853760000000001
20
46.7703759999999988
11
26.0046239999999997
21
46.7703759999999988
0
LINE
8
BLACK
6
CONTINUOUS
10
26.0046239999999997
20
41.7703759999999988
11
26.0046239999999997
21
42.6896239999999949
0
LINE
8
BLACK
6
CONTINUOUS
10
26.0046239999999997
20
42.6896239999999949
11
25.0853760000000001
21
42.6896239999999949
0
LINE
8
BLACK
6
CONTINUOUS
10
25.0853760000000001
20
42.6896239999999949
11
25.0853760000000001
21
41.7703759999999988
0
LINE
8
BLACK
6
CONTINUOUS
10
25.0853760000000001
20
41.7703759999999988
11
26.0046239999999997
21
41.7703759999999988
0
LINE
8
BLACK
6
CONTINUOUS
10
26.0671239999999997
20
34.1803759999999954
11
26.0671239999999997
21
35.0996239999999986
0
LINE
8
BLACK
6
CONTINUOUS
10
26.0671239999999997
20
35.0996239999999986
11
25.1478760000000001
21
35.0996239999999986
0
LINE
8
BLACK
6
CONTINUOUS
10
25.1478760000000001
20
35.0996239999999986
11
25.1478760000000001
21
34.1803759999999954
0
LINE
8
BLACK
6
CONTINUOUS
10
25.1478760000000001
20
34.1803759999999954
11
26.0671239999999997
21
34.1803759999999954
0
LINE
8
BLACK
6
CONTINUOUS
10
26.0671239999999997
20
29.180375999999999
11
26.0671239999999997
21
30.0996239999999986
0
LINE
8
BLACK
6
CONTINUOUS
10
26.0671239999999997
20
30.0996239999999986
11
25.1478760000000001
21
30.0996239999999986
0
LINE
8
BLACK
6
CONTINUOUS
10
25.1478760000000001
20
30.0996239999999986
11
25.1478760000000001
21
29.180375999999999
0
LINE
8
BLACK
6
CONTINUOUS
10
25.1478760000000001
20
29.180375999999999
11
26.0671239999999997
21
29.180375999999999
0
LINE
8
BLACK
6
CONTINUOUS
10
26.2546239999999997
20
21.3203759999999996
11
26.2546239999999997
21
22.2396239999999992
0
LINE
8
BLACK
6
CONTINUOUS
10
26.2546239999999997
20
22.2396239999999992
11
25.3353760000000001
21
22.2396239999999992
0
LINE
8
BLACK
6
CONTINUOUS
10
25.3353760000000001
20
22.2396239999999992
11
25.3353760000000001
21
21.3203759999999996
0
LINE
8
BLACK
6
CONTINUOUS
10
25.3353760000000001
20
21.3203759999999996
11
26.2546239999999997
21
21.3203759999999996
0
LINE
8
BLACK
6
CONTINUOUS
10
26.2546239999999997
20
16.2403759999999977
11
26.2546239999999997
21
17.1596240000000009
0
LINE
8
BLACK
6
CONTINUOUS
10
26.2546239999999997
20
17.1596240000000009
11
25.3353760000000001
21
17.1596240000000009
0
LINE
8
BLACK
6
CONTINUOUS
10
25.3353760000000001
20
17.1596240000000009
11
25.3353760000000001
21
16.2403759999999977
0
LINE
8
BLACK
6
CONTINUOUS
10
25.3353760000000001
20
16.2403759999999977
11
26.2546239999999997
21
16.2403759999999977
0
LINE
8
BLACK
6
CONTINUOUS
10
54.5196240000000003
20
63.3703760000000003
11
54.5196240000000003
21
64.2896240000000034
0
LINE
8
BLACK
6
CONTINUOUS
10
54.5196240000000003
20
64.2896240000000034
11
53.6003759999999971
21
64.2896240000000034
0
LINE
8
BLACK
6
CONTINUOUS
10
53.6003759999999971
20
64.2896240000000034
11
53.6003759999999971
21
63.3703760000000003
0
LINE
8
BLACK
6
CONTINUOUS
10
53.6003759999999971
20
63.3703760000000003
11
54.5196240000000003
21
63.3703760000000003
0
LINE
8
BLACK
6
CONTINUOUS
10
66.3096239999999995
20
11.3603759999999987
11
66.3096239999999995
21
12.2796240000000001
0
LINE
8
BLACK
6
CONTINUOUS
10
66.3096239999999995
20
12.2796240000000001
11
65.3903760000000034
21
12.2796240000000001
0
LINE
8
BLACK
6
CONTINUOUS
10
65.3903760000000034
20
12.2796240000000001
11
65.3903760000000034
21
11.3603759999999987
0
LINE
8
BLACK
6
CONTINUOUS
10
65.3903760000000034
20
11.3603759999999987
11
66.3096239999999995
21
11.3603759999999987
0
LINE
8
BLACK
6
CONTINUOUS
10
71.3096239999999995
20
11.3603759999999987
11
71.3096239999999995
21
12.2796240000000001
0
LINE
8
BLACK
6
CONTINUOUS
10
71.3096239999999995
20
12.2796240000000001
11
70.3903760000000034
21
12.2796240000000001
0
LINE
8
BLACK
6
CONTINUOUS
10
70.3903760000000034
20
12.2796240000000001
11
70.3903760000000034
21
11.3603759999999987
0
LINE
8
BLACK
6
CONTINUOUS
10
70.3903760000000034
20
11.3603759999999987
11
71.3096239999999995
21
11.3603759999999987
0
LINE
8
BLACK
6
CONTINUOUS
10
76.3596239999999966
20
63.3703760000000003
11
76.3596239999999966
21
64.2896240000000034
0
LINE
8
BLACK
6
CONTINUOUS
10
76.3596239999999966
20
64.2896240000000034
11
75.4403760000000005
21
64.2896240000000034
0
LINE
8
BLACK
6
CONTINUOUS
10
75.4403760000000005
20
64.2896240000000034
11
75.4403760000000005
21
63.3703760000000003
0
LINE
8
BLACK
6
CONTINUOUS
10
75.4403760000000005
20
63.3703760000000003
11
76.3596239999999966
21
63.3703760000000003
0
LINE
8
BLACK
6
CONTINUOUS
10
81.1299999999999955
20
69.5099999999999909
11
81.8299999999999983
21
70.2099999999999937
0
LINE
8
BLACK
6
CONTINUOUS
10
81.8299999999999983
20
70.2099999999999937
11
81.1299999999999955
21
70.9099999999999966
0
LINE
8
BLACK
6
CONTINUOUS
10
81.1299999999999955
20
70.9099999999999966
11
80.4299999999999926
21
70.2099999999999937
0
LINE
8
BLACK
6
CONTINUOUS
10
80.4299999999999926
20
70.2099999999999937
11
81.1299999999999955
21
69.5099999999999909
0
LINE
8
BLACK
6
CONTINUOUS
10
81.1299999999999955
20
59.3499999999999943
11
81.8299999999999983
21
60.0499999999999972
0
LINE
8
BLACK
6
CONTINUOUS
10
81.8299999999999983
20
60.0499999999999972
11
81.1299999999999955
21
60.75
0
LINE
8
BLACK
6
CONTINUOUS
10
81.1299999999999955
20
60.75
11
80.4299999999999926
21
60.0499999999999972
0
LINE
8
BLACK
6
CONTINUOUS
10
80.4299999999999926
20
60.0499999999999972
11
81.1299999999999955
21
59.3499999999999943
0
LINE
8
BLACK
6
CONTINUOUS
10
2.25
20
89.75
11
5.75
21
86.25
0
LINE
8
BLACK
6
CONTINUOUS
10
5.75
20
89.75
11
2.25
21
86.25
0
CIRCLE
8
BLACK
10
4.
20
88.
40
1.75
0
LINE
8
BLACK
6
CONTINUOUS
10
2.25
20
5.75
11
5.75
21
2.25
0
LINE
8
BLACK
6
CONTINUOUS
10
5.75
20
5.75
11
2.25
21
2.25
0
CIRCLE
8
BLACK
10
4.
20
4.
40
1.75
0
LINE
8
BLACK
6
CONTINUOUS
10
86.25
20
89.75
11
89.75
21
86.25
0
LINE
8
BLACK
6
CONTINUOUS
10
89.75
20
89.75
11
86.25
21
86.25
0
CIRCLE
8
BLACK
10
88.
20
88.
40
1.75
0
LINE
8
BLACK
6
CONTINUOUS
10
86.25
20
5.75
11
89.75
21
2.25
0
LINE
8
BLACK
6
CONTINUOUS
10
89.75
20
5.75
11
86.25
21
2.25
0
CIRCLE
8
BLACK
10
88.
20
4.
40
1.75
0
LINE
8
BLACK
6
CONTINUOUS
10
2.507768
20
-3.2148379999999999
11
2.507768
21
-1.2148379999999999
0
LINE
8
BLACK
6
CONTINUOUS
10
2.507768
20
-1.2148379999999999
11
2.9839579999999999
21
-1.2148379999999999
0
LINE
8
BLACK
6
CONTINUOUS
10
2.9839579999999999
20
-1.2148379999999999
11
3.2696730000000001
21
-1.310076
0
LINE
8
BLACK
6
CONTINUOUS
10
3.2696730000000001
20
-1.310076
11
3.4601489999999999
21
-1.5005519999999999
0
LINE
8
BLACK
6
CONTINUOUS
10
3.4601489999999999
20
-1.5005519999999999
11
3.5553869999999996
21
-1.691028
0
LINE
8
BLACK
6
CONTINUOUS
10
3.5553869999999996
20
-1.691028
11
3.6506249999999998
21
-2.0719799999999999
0
LINE
8
BLACK
6
CONTINUOUS
10
3.6506249999999998
20
-2.0719799999999999
11
3.6506249999999998
21
-2.3576950000000001
0
LINE
8
BLACK
6
CONTINUOUS
10
3.6506249999999998
20
-2.3576950000000001
11
3.5553869999999996
21
-2.7386469999999998
0
LINE
8
BLACK
6
CONTINUOUS
10
3.5553869999999996
20
-2.7386469999999998
11
3.4601489999999999
21
-2.9291229999999997
0
LINE
8
BLACK
6
CONTINUOUS
10
3.4601489999999999
20
-2.9291229999999997
11
3.2696730000000001
21
-3.1195999999999997
0
LINE
8
BLACK
6
CONTINUOUS
10
3.2696730000000001
20
-3.1195999999999997
11
2.9839579999999999
21
-3.2148379999999999
0
LINE
8
BLACK
6
CONTINUOUS
10
2.9839579999999999
20
-3.2148379999999999
11
2.507768
21
-3.2148379999999999
0
LINE
8
BLACK
6
CONTINUOUS
10
4.5077679999999996
20
-3.2148379999999999
11
4.5077679999999996
21
-1.8815039999999998
0
LINE
8
BLACK
6
CONTINUOUS
10
4.5077679999999996
20
-2.2624569999999999
11
4.6030059999999997
21
-2.0719799999999999
0
LINE
8
BLACK
6
CONTINUOUS
10
4.6030059999999997
20
-2.0719799999999999
11
4.6982439999999999
21
-1.976742
0
LINE
8
BLACK
6
CONTINUOUS
10
4.6982439999999999
20
-1.976742
11
4.8887200000000002
21
-1.8815039999999998
0
LINE
8
BLACK
6
CONTINUOUS
10
4.8887200000000002
20
-1.8815039999999998
11
5.0791969999999997
21
-1.8815039999999998
0
LINE
8
BLACK
6
CONTINUOUS
10
5.7458629999999999
20
-3.2148379999999999
11
5.7458629999999999
21
-1.8815039999999998
0
LINE
8
BLACK
6
CONTINUOUS
10
5.7458629999999999
20
-1.2148379999999999
11
5.6506249999999998
21
-1.310076
0
LINE
8
BLACK
6
CONTINUOUS
10
5.6506249999999998
20
-1.310076
11
5.7458629999999999
21
-1.405314
0
LINE
8
BLACK
6
CONTINUOUS
10
5.7458629999999999
20
-1.405314
11
5.8411010000000001
21
-1.310076
0
LINE
8
BLACK
6
CONTINUOUS
10
5.8411010000000001
20
-1.310076
11
5.7458629999999999
21
-1.2148379999999999
0
LINE
8
BLACK
6
CONTINUOUS
10
5.7458629999999999
20
-1.2148379999999999
11
5.7458629999999999
21
-1.405314
0
LINE
8
BLACK
6
CONTINUOUS
10
6.9839579999999994
20
-3.2148379999999999
11
6.793482
21
-3.1195999999999997
0
LINE
8
BLACK
6
CONTINUOUS
10
6.793482
20
-3.1195999999999997
11
6.6982439999999999
21
-2.9291229999999997
0
LINE
8
BLACK
6
CONTINUOUS
10
6.6982439999999999
20
-2.9291229999999997
11
6.6982439999999999
21
-1.2148379999999999
0
LINE
8
BLACK
6
CONTINUOUS
10
8.0315770000000004
20
-3.2148379999999999
11
7.8411009999999992
21
-3.1195999999999997
0
LINE
8
BLACK
6
CONTINUOUS
10
7.8411009999999992
20
-3.1195999999999997
11
7.7458629999999999
21
-2.9291229999999997
0
LINE
8
BLACK
6
CONTINUOUS
10
7.7458629999999999
20
-2.9291229999999997
11
7.7458629999999999
21
-1.2148379999999999
0
LINE
8
BLACK
6
CONTINUOUS
10
10.3172920000000001
20
-3.2148379999999999
11
10.3172920000000001
21
-1.2148379999999999
0
LINE
8
BLACK
6
CONTINUOUS
10
10.3172920000000001
20
-1.2148379999999999
11
10.9839589999999987
21
-2.6434089999999997
0
LINE
8
BLACK
6
CONTINUOUS
10
10.9839589999999987
20
-2.6434089999999997
11
11.6506249999999998
21
-1.2148379999999999
0
LINE
8
BLACK
6
CONTINUOUS
10
11.6506249999999998
20
-1.2148379999999999
11
11.6506249999999998
21
-3.2148379999999999
0
LINE
8
BLACK
6
CONTINUOUS
10
13.4601489999999995
20
-3.2148379999999999
11
13.4601489999999995
21
-2.1672189999999998
0
LINE
8
BLACK
6
CONTINUOUS
10
13.4601489999999995
20
-2.1672189999999998
11
13.3649109999999993
21
-1.976742
0
LINE
8
BLACK
6
CONTINUOUS
10
13.3649109999999993
20
-1.976742
11
13.174434999999999
21
-1.8815039999999998
0
LINE
8
BLACK
6
CONTINUOUS
10
13.174434999999999
20
-1.8815039999999998
11
12.7934819999999991
21
-1.8815039999999998
0
LINE
8
BLACK
6
CONTINUOUS
10
12.7934819999999991
20
-1.8815039999999998
11
12.6030059999999988
21
-1.976742
0
LINE
8
BLACK
6
CONTINUOUS
10
13.4601489999999995
20
-3.1195999999999997
11
13.2696729999999992
21
-3.2148379999999999
0
LINE
8
BLACK
6
CONTINUOUS
10
13.2696729999999992
20
-3.2148379999999999
11
12.7934819999999991
21
-3.2148379999999999
0
LINE
8
BLACK
6
CONTINUOUS
10
12.7934819999999991
20
-3.2148379999999999
11
12.6030059999999988
21
-3.1195999999999997
0
LINE
8
BLACK
6
CONTINUOUS
10
12.6030059999999988
20
-3.1195999999999997
11
12.5077679999999987
21
-2.9291229999999997
0
LINE
8
BLACK
6
CONTINUOUS
10
12.5077679999999987
20
-2.9291229999999997
11
12.5077679999999987
21
-2.7386469999999998
0
LINE
8
BLACK
6
CONTINUOUS
10
12.5077679999999987
20
-2.7386469999999998
11
12.6030059999999988
21
-2.548171
0
LINE
8
BLACK
6
CONTINUOUS
10
12.6030059999999988
20
-2.548171
11
12.7934819999999991
21
-2.4529329999999998
0
LINE
8
BLACK
6
CONTINUOUS
10
12.7934819999999991
20
-2.4529329999999998
11
13.2696729999999992
21
-2.4529329999999998
0
LINE
8
BLACK
6
CONTINUOUS
10
13.2696729999999992
20
-2.4529329999999998
11
13.4601489999999995
21
-2.3576950000000001
0
LINE
8
BLACK
6
CONTINUOUS
10
14.4125299999999985
20
-1.8815039999999998
11
14.4125299999999985
21
-3.8815039999999996
0
LINE
8
BLACK
6
CONTINUOUS
10
14.4125299999999985
20
-1.976742
11
14.6030059999999988
21
-1.8815039999999998
0
LINE
8
BLACK
6
CONTINUOUS
10
14.6030059999999988
20
-1.8815039999999998
11
14.9839589999999987
21
-1.8815039999999998
0
LINE
8
BLACK
6
CONTINUOUS
10
14.9839589999999987
20
-1.8815039999999998
11
15.174434999999999
21
-1.976742
0
LINE
8
BLACK
6
CONTINUOUS
10
15.174434999999999
20
-1.976742
11
15.2696729999999992
21
-2.0719799999999999
0
LINE
8
BLACK
6
CONTINUOUS
10
15.2696729999999992
20
-2.0719799999999999
11
15.3649109999999993
21
-2.2624569999999999
0
LINE
8
BLACK
6
CONTINUOUS
10
15.3649109999999993
20
-2.2624569999999999
11
15.3649109999999993
21
-2.833885
0
LINE
8
BLACK
6
CONTINUOUS
10
15.3649109999999993
20
-2.833885
11
15.2696729999999992
21
-3.0243609999999999
0
LINE
8
BLACK
6
CONTINUOUS
10
15.2696729999999992
20
-3.0243609999999999
11
15.174434999999999
21
-3.1195999999999997
0
LINE
8
BLACK
6
CONTINUOUS
10
15.174434999999999
20
-3.1195999999999997
11
14.9839589999999987
21
-3.2148379999999999
0
LINE
8
BLACK
6
CONTINUOUS
10
14.9839589999999987
20
-3.2148379999999999
11
14.6030059999999988
21
-3.2148379999999999
0
LINE
8
BLACK
6
CONTINUOUS
10
14.6030059999999988
20
-3.2148379999999999
11
14.4125299999999985
21
-3.1195999999999997
0
LINE
8
BLACK
6
CONTINUOUS
10
16.222054
20
-3.0243609999999999
11
16.3172919999999984
21
-3.1195999999999997
0
LINE
8
BLACK
6
CONTINUOUS
10
16.3172919999999984
20
-3.1195999999999997
11
16.222054
21
-3.2148379999999999
0
LINE
8
BLACK
6
CONTINUOUS
10
16.222054
20
-3.2148379999999999
11
16.126815999999998
21
-3.1195999999999997
0
LINE
8
BLACK
6
CONTINUOUS
10
16.126815999999998
20
-3.1195999999999997
11
16.222054
21
-3.0243609999999999
0
LINE
8
BLACK
6
CONTINUOUS
10
16.222054
20
-3.0243609999999999
11
16.222054
21
-3.2148379999999999
0
LINE
8
BLACK
6
CONTINUOUS
10
16.222054
20
-1.976742
11
16.3172919999999984
21
-2.0719799999999999
0
LINE
8
BLACK
6
CONTINUOUS
10
16.3172919999999984
20
-2.0719799999999999
11
16.222054
21
-2.1672189999999998
0
LINE
8
BLACK
6
CONTINUOUS
10
16.222054
20
-2.1672189999999998
11
16.126815999999998
21
-2.0719799999999999
0
LINE
8
BLACK
6
CONTINUOUS
10
16.126815999999998
20
-2.0719799999999999
11
16.222054
21
-1.976742
0
LINE
8
BLACK
6
CONTINUOUS
10
16.222054
20
-1.976742
11
16.222054
21
-2.1672189999999998
0
LINE
8
BLACK
6
CONTINUOUS
10
-1.05
20
-6.0249999999999995
11
-0.1
21
-6.9749999999999996
0
LINE
8
BLACK
6
CONTINUOUS
10
-0.1
20
-6.0249999999999995
11
-1.05
21
-6.9749999999999996
0
LINE
8
BLACK
6
CONTINUOUS
10
2.8887199999999997
20
-5.4148379999999996
11
3.0791969999999997
21
-5.4148379999999996
0
LINE
8
BLACK
6
CONTINUOUS
10
3.0791969999999997
20
-5.4148379999999996
11
3.2696730000000001
21
-5.5100759999999998
0
LINE
8
BLACK
6
CONTINUOUS
10
3.2696730000000001
20
-5.5100759999999998
11
3.3649109999999998
21
-5.6053139999999999
0
LINE
8
BLACK
6
CONTINUOUS
10
3.3649109999999998
20
-5.6053139999999999
11
3.4601489999999999
21
-5.7957899999999993
0
LINE
8
BLACK
6
CONTINUOUS
10
3.4601489999999999
20
-5.7957899999999993
11
3.5553869999999996
21
-6.176742
0
LINE
8
BLACK
6
CONTINUOUS
10
3.5553869999999996
20
-6.176742
11
3.5553869999999996
21
-6.652933
0
LINE
8
BLACK
6
CONTINUOUS
10
3.5553869999999996
20
-6.652933
11
3.4601489999999999
21
-7.0338849999999997
0
LINE
8
BLACK
6
CONTINUOUS
10
3.4601489999999999
20
-7.0338849999999997
11
3.3649109999999998
21
-7.224361
0
LINE
8
BLACK
6
CONTINUOUS
10
3.3649109999999998
20
-7.224361
11
3.2696730000000001
21
-7.3195999999999994
0
LINE
8
BLACK
6
CONTINUOUS
10
3.2696730000000001
20
-7.3195999999999994
11
3.0791969999999997
21
-7.4148379999999996
0
LINE
8
BLACK
6
CONTINUOUS
10
3.0791969999999997
20
-7.4148379999999996
11
2.8887199999999997
21
-7.4148379999999996
0
LINE
8
BLACK
6
CONTINUOUS
10
2.8887199999999997
20
-7.4148379999999996
11
2.6982439999999999
21
-7.3195999999999994
0
LINE
8
BLACK
6
CONTINUOUS
10
2.6982439999999999
20
-7.3195999999999994
11
2.6030059999999997
21
-7.224361
0
LINE
8
BLACK
6
CONTINUOUS
10
2.6030059999999997
20
-7.224361
11
2.507768
21
-7.0338849999999997
0
LINE
8
BLACK
6
CONTINUOUS
10
2.507768
20
-7.0338849999999997
11
2.4125299999999998
21
-6.652933
0
LINE
8
BLACK
6
CONTINUOUS
10
2.4125299999999998
20
-6.652933
11
2.4125299999999998
21
-6.176742
0
LINE
8
BLACK
6
CONTINUOUS
10
2.4125299999999998
20
-6.176742
11
2.507768
21
-5.7957899999999993
0
LINE
8
BLACK
6
CONTINUOUS
10
2.507768
20
-5.7957899999999993
11
2.6030059999999997
21
-5.6053139999999999
0
LINE
8
BLACK
6
CONTINUOUS
10
2.6030059999999997
20
-5.6053139999999999
11
2.6982439999999999
21
-5.5100759999999998
0
LINE
8
BLACK
6
CONTINUOUS
10
2.6982439999999999
20
-5.5100759999999998
11
2.8887199999999997
21
-5.4148379999999996
0
LINE
8
BLACK
6
CONTINUOUS
10
4.4125299999999994
20
-7.224361
11
4.5077679999999996
21
-7.3195999999999994
0
LINE
8
BLACK
6
CONTINUOUS
10
4.5077679999999996
20
-7.3195999999999994
11
4.4125299999999994
21
-7.4148379999999996
0
LINE
8
BLACK
6
CONTINUOUS
10
4.4125299999999994
20
-7.4148379999999996
11
4.3172920000000001
21
-7.3195999999999994
0
LINE
8
BLACK
6
CONTINUOUS
10
4.3172920000000001
20
-7.3195999999999994
11
4.4125299999999994
21
-7.224361
0
LINE
8
BLACK
6
CONTINUOUS
10
4.4125299999999994
20
-7.224361
11
4.4125299999999994
21
-7.4148379999999996
0
LINE
8
BLACK
6
CONTINUOUS
10
5.4601489999999995
20
-7.4148379999999996
11
5.8411010000000001
21
-7.4148379999999996
0
LINE
8
BLACK
6
CONTINUOUS
10
5.8411010000000001
20
-7.4148379999999996
11
6.0315779999999997
21
-7.3195999999999994
0
LINE
8
BLACK
6
CONTINUOUS
10
6.0315779999999997
20
-7.3195999999999994
11
6.1268159999999998
21
-7.224361
0
LINE
8
BLACK
6
CONTINUOUS
10
6.1268159999999998
20
-7.224361
11
6.3172920000000001
21
-6.9386469999999996
0
LINE
8
BLACK
6
CONTINUOUS
10
6.3172920000000001
20
-6.9386469999999996
11
6.4125299999999994
21
-6.5576949999999998
0
LINE
8
BLACK
6
CONTINUOUS
10
6.4125299999999994
20
-6.5576949999999998
11
6.4125299999999994
21
-5.7957899999999993
0
LINE
8
BLACK
6
CONTINUOUS
10
6.4125299999999994
20
-5.7957899999999993
11
6.3172920000000001
21
-5.6053139999999999
0
LINE
8
BLACK
6
CONTINUOUS
10
6.3172920000000001
20
-5.6053139999999999
11
6.222054
21
-5.5100759999999998
0
LINE
8
BLACK
6
CONTINUOUS
10
6.222054
20
-5.5100759999999998
11
6.0315779999999997
21
-5.4148379999999996
0
LINE
8
BLACK
6
CONTINUOUS
10
6.0315779999999997
20
-5.4148379999999996
11
5.6506249999999998
21
-5.4148379999999996
0
LINE
8
BLACK
6
CONTINUOUS
10
5.6506249999999998
20
-5.4148379999999996
11
5.4601489999999995
21
-5.5100759999999998
0
LINE
8
BLACK
6
CONTINUOUS
10
5.4601489999999995
20
-5.5100759999999998
11
5.3649109999999993
21
-5.6053139999999999
0
LINE
8
BLACK
6
CONTINUOUS
10
5.3649109999999993
20
-5.6053139999999999
11
5.2696730000000001
21
-5.7957899999999993
0
LINE
8
BLACK
6
CONTINUOUS
10
5.2696730000000001
20
-5.7957899999999993
11
5.2696730000000001
21
-6.2719800000000001
0
LINE
8
BLACK
6
CONTINUOUS
10
5.2696730000000001
20
-6.2719800000000001
11
5.3649109999999993
21
-6.4624569999999997
0
LINE
8
BLACK
6
CONTINUOUS
10
5.3649109999999993
20
-6.4624569999999997
11
5.4601489999999995
21
-6.5576949999999998
0
LINE
8
BLACK
6
CONTINUOUS
10
5.4601489999999995
20
-6.5576949999999998
11
5.6506249999999998
21
-6.652933
0
LINE
8
BLACK
6
CONTINUOUS
10
5.6506249999999998
20
-6.652933
11
6.0315779999999997
21
-6.652933
0
LINE
8
BLACK
6
CONTINUOUS
10
6.0315779999999997
20
-6.652933
11
6.222054
21
-6.5576949999999998
0
LINE
8
BLACK
6
CONTINUOUS
10
6.222054
20
-6.5576949999999998
11
6.3172920000000001
21
-6.4624569999999997
0
LINE
8
BLACK
6
CONTINUOUS
10
6.3172920000000001
20
-6.4624569999999997
11
6.4125299999999994
21
-6.2719800000000001
0
LINE
8
BLACK
6
CONTINUOUS
10
8.222054
20
-5.4148379999999996
11
7.2696730000000001
21
-5.4148379999999996
0
LINE
8
BLACK
6
CONTINUOUS
10
7.2696730000000001
20
-5.4148379999999996
11
7.1744349999999999
21
-6.3672189999999995
0
LINE
8
BLACK
6
CONTINUOUS
10
7.1744349999999999
20
-6.3672189999999995
11
7.2696730000000001
21
-6.2719800000000001
0
LINE
8
BLACK
6
CONTINUOUS
10
7.2696730000000001
20
-6.2719800000000001
11
7.4601489999999995
21
-6.176742
0
LINE
8
BLACK
6
CONTINUOUS
10
7.4601489999999995
20
-6.176742
11
7.9363399999999995
21
-6.176742
0
LINE
8
BLACK
6
CONTINUOUS
10
7.9363399999999995
20
-6.176742
11
8.1268159999999998
21
-6.2719800000000001
0
LINE
8
BLACK
6
CONTINUOUS
10
8.1268159999999998
20
-6.2719800000000001
11
8.222054
21
-6.3672189999999995
0
LINE
8
BLACK
6
CONTINUOUS
10
8.222054
20
-6.3672189999999995
11
8.3172920000000001
21
-6.5576949999999998
0
LINE
8
BLACK
6
CONTINUOUS
10
8.3172920000000001
20
-6.5576949999999998
11
8.3172920000000001
21
-7.0338849999999997
0
LINE
8
BLACK
6
CONTINUOUS
10
8.3172920000000001
20
-7.0338849999999997
11
8.222054
21
-7.224361
0
LINE
8
BLACK
6
CONTINUOUS
10
8.222054
20
-7.224361
11
8.1268159999999998
21
-7.3195999999999994
0
LINE
8
BLACK
6
CONTINUOUS
10
8.1268159999999998
20
-7.3195999999999994
11
7.9363399999999995
21
-7.4148379999999996
0
LINE
8
BLACK
6
CONTINUOUS
10
7.9363399999999995
20
-7.4148379999999996
11
7.4601489999999995
21
-7.4148379999999996
0
LINE
8
BLACK
6
CONTINUOUS
10
7.4601489999999995
20
-7.4148379999999996
11
7.2696730000000001
21
-7.3195999999999994
0
LINE
8
BLACK
6
CONTINUOUS
10
7.2696730000000001
20
-7.3195999999999994
11
7.1744349999999999
21
-7.224361
0
LINE
8
BLACK
6
CONTINUOUS
10
9.5553869999999996
20
-5.4148379999999996
11
9.7458639999999992
21
-5.4148379999999996
0
LINE
8
BLACK
6
CONTINUOUS
10
9.7458639999999992
20
-5.4148379999999996
11
9.9363399999999995
21
-5.5100759999999998
0
LINE
8
BLACK
6
CONTINUOUS
10
9.9363399999999995
20
-5.5100759999999998
11
10.0315779999999997
21
-5.6053139999999999
0
LINE
8
BLACK
6
CONTINUOUS
10
10.0315779999999997
20
-5.6053139999999999
11
10.1268159999999998
21
-5.7957899999999993
0
LINE
8
BLACK
6
CONTINUOUS
10
10.1268159999999998
20
-5.7957899999999993
11
10.222054
21
-6.176742
0
LINE
8
BLACK
6
CONTINUOUS
10
10.222054
20
-6.176742
11
10.222054
21
-6.652933
0
LINE
8
BLACK
6
CONTINUOUS
10
10.222054
20
-6.652933
11
10.1268159999999998
21
-7.0338849999999997
0
LINE
8
BLACK
6
CONTINUOUS
10
10.1268159999999998
20
-7.0338849999999997
11
10.0315779999999997
21
-7.224361
0
LINE
8
BLACK
6
CONTINUOUS
10
10.0315779999999997
20
-7.224361
11
9.9363399999999995
21
-7.3195999999999994
0
LINE
8
BLACK
6
CONTINUOUS
10
9.9363399999999995
20
-7.3195999999999994
11
9.7458639999999992
21
-7.4148379999999996
0
LINE
8
BLACK
6
CONTINUOUS
10
9.7458639999999992
20
-7.4148379999999996
11
9.5553869999999996
21
-7.4148379999999996
0
LINE
8
BLACK
6
CONTINUOUS
10
9.5553869999999996
20
-7.4148379999999996
11
9.3649109999999993
21
-7.3195999999999994
0
LINE
8
BLACK
6
CONTINUOUS
10
9.3649109999999993
20
-7.3195999999999994
11
9.2696729999999992
21
-7.224361
0
LINE
8
BLACK
6
CONTINUOUS
10
9.2696729999999992
20
-7.224361
11
9.174434999999999
21
-7.0338849999999997
0
LINE
8
BLACK
6
CONTINUOUS
10
9.174434999999999
20
-7.0338849999999997
11
9.0791969999999989
21
-6.652933
0
LINE
8
BLACK
6
CONTINUOUS
10
9.0791969999999989
20
-6.652933
11
9.0791969999999989
21
-6.176742
0
LINE
8
BLACK
6
CONTINUOUS
10
9.0791969999999989
20
-6.176742
11
9.174434999999999
21
-5.7957899999999993
0
LINE
8
BLACK
6
CONTINUOUS
10
9.174434999999999
20
-5.7957899999999993
11
9.2696729999999992
21
-5.6053139999999999
0
LINE
8
BLACK
6
CONTINUOUS
10
9.2696729999999992
20
-5.6053139999999999
11
9.3649109999999993
21
-5.5100759999999998
0
LINE
8
BLACK
6
CONTINUOUS
10
9.3649109999999993
20
-5.5100759999999998
11
9.5553869999999996
21
-5.4148379999999996
0
LINE
8
BLACK
6
CONTINUOUS
10
11.0791969999999989
20
-7.4148379999999996
11
11.0791969999999989
21
-6.0815039999999998
0
LINE
8
BLACK
6
CONTINUOUS
10
11.0791969999999989
20
-6.2719800000000001
11
11.174434999999999
21
-6.176742
0
LINE
8
BLACK
6
CONTINUOUS
10
11.174434999999999
20
-6.176742
11
11.3649109999999993
21
-6.0815039999999998
0
LINE
8
BLACK
6
CONTINUOUS
10
11.3649109999999993
20
-6.0815039999999998
11
11.650625999999999
21
-6.0815039999999998
0
LINE
8
BLACK
6
CONTINUOUS
10
11.650625999999999
20
-6.0815039999999998
11
11.8411019999999994
21
-6.176742
0
LINE
8
BLACK
6
CONTINUOUS
10
11.8411019999999994
20
-6.176742
11
11.9363399999999995
21
-6.3672189999999995
0
LINE
8
BLACK
6
CONTINUOUS
10
11.9363399999999995
20
-6.3672189999999995
11
11.9363399999999995
21
-7.4148379999999996
0
LINE
8
BLACK
6
CONTINUOUS
10
11.9363399999999995
20
-6.3672189999999995
11
12.0315779999999997
21
-6.176742
0
LINE
8
BLACK
6
CONTINUOUS
10
12.0315779999999997
20
-6.176742
11
12.222054
21
-6.0815039999999998
0
LINE
8
BLACK
6
CONTINUOUS
10
12.222054
20
-6.0815039999999998
11
12.5077679999999987
21
-6.0815039999999998
0
LINE
8
BLACK
6
CONTINUOUS
10
12.5077679999999987
20
-6.0815039999999998
11
12.698245
21
-6.176742
0
LINE
8
BLACK
6
CONTINUOUS
10
12.698245
20
-6.176742
11
12.7934830000000002
21
-6.3672189999999995
0
LINE
8
BLACK
6
CONTINUOUS
10
12.7934830000000002
20
-6.3672189999999995
11
12.7934830000000002
21
-7.4148379999999996
0
LINE
8
BLACK
6
CONTINUOUS
10
13.7458639999999992
20
-7.4148379999999996
11
13.7458639999999992
21
-6.0815039999999998
0
LINE
8
BLACK
6
CONTINUOUS
10
13.7458639999999992
20
-6.2719800000000001
11
13.8411019999999994
21
-6.176742
0
LINE
8
BLACK
6
CONTINUOUS
10
13.8411019999999994
20
-6.176742
11
14.0315779999999997
21
-6.0815039999999998
0
LINE
8
BLACK
6
CONTINUOUS
10
14.0315779999999997
20
-6.0815039999999998
11
14.3172929999999994
21
-6.0815039999999998
0
LINE
8
BLACK
6
CONTINUOUS
10
14.3172929999999994
20
-6.0815039999999998
11
14.5077689999999997
21
-6.176742
0
LINE
8
BLACK
6
CONTINUOUS
10
14.5077689999999997
20
-6.176742
11
14.6030069999999998
21
-6.3672189999999995
0
LINE
8
BLACK
6
CONTINUOUS
10
14.6030069999999998
20
-6.3672189999999995
11
14.6030069999999998
21
-7.4148379999999996
0
LINE
8
BLACK
6
CONTINUOUS
10
14.6030069999999998
20
-6.3672189999999995
11
14.698245
21
-6.176742
0
LINE
8
BLACK
6
CONTINUOUS
10
14.698245
20
-6.176742
11
14.8887209999999985
21
-6.0815039999999998
0
LINE
8
BLACK
6
CONTINUOUS
10
14.8887209999999985
20
-6.0815039999999998
11
15.174434999999999
21
-6.0815039999999998
0
LINE
8
BLACK
6
CONTINUOUS
10
15.174434999999999
20
-6.0815039999999998
11
15.3649119999999986
21
-6.176742
0
LINE
8
BLACK
6
CONTINUOUS
10
15.3649119999999986
20
-6.176742
11
15.4601499999999987
21
-6.3672189999999995
0
LINE
8
BLACK
6
CONTINUOUS
10
15.4601499999999987
20
-6.3672189999999995
11
15.4601499999999987
21
-7.4148379999999996
0
LINE
8
BLACK
6
CONTINUOUS
10
19.3649120000000003
20
-5.3195999999999994
11
17.6506270000000001
21
-7.8910279999999995
0
LINE
8
BLACK
6
CONTINUOUS
10
21.9363409999999988
20
-5.4148379999999996
11
22.1268180000000001
21
-5.4148379999999996
0
LINE
8
BLACK
6
CONTINUOUS
10
22.1268180000000001
20
-5.4148379999999996
11
22.3172940000000004
21
-5.5100759999999998
0
LINE
8
BLACK
6
CONTINUOUS
10
22.3172940000000004
20
-5.5100759999999998
11
22.4125319999999988
21
-5.6053139999999999
0
LINE
8
BLACK
6
CONTINUOUS
10
22.4125319999999988
20
-5.6053139999999999
11
22.5077700000000007
21
-5.7957899999999993
0
LINE
8
BLACK
6
CONTINUOUS
10
22.5077700000000007
20
-5.7957899999999993
11
22.6030079999999991
21
-6.176742
0
LINE
8
BLACK
6
CONTINUOUS
10
22.6030079999999991
20
-6.176742
11
22.6030079999999991
21
-6.652933
0
LINE
8
BLACK
6
CONTINUOUS
10
22.6030079999999991
20
-6.652933
11
22.5077700000000007
21
-7.0338849999999997
0
LINE
8
BLACK
6
CONTINUOUS
10
22.5077700000000007
20
-7.0338849999999997
11
22.4125319999999988
21
-7.224361
0
LINE
8
BLACK
6
CONTINUOUS
10
22.4125319999999988
20
-7.224361
11
22.3172940000000004
21
-7.3195999999999994
0
LINE
8
BLACK
6
CONTINUOUS
10
22.3172940000000004
20
-7.3195999999999994
11
22.1268180000000001
21
-7.4148379999999996
0
LINE
8
BLACK
6
CONTINUOUS
10
22.1268180000000001
20
-7.4148379999999996
11
21.9363409999999988
21
-7.4148379999999996
0
LINE
8
BLACK
6
CONTINUOUS
10
21.9363409999999988
20
-7.4148379999999996
11
21.7458649999999984
21
-7.3195999999999994
0
LINE
8
BLACK
6
CONTINUOUS
10
21.7458649999999984
20
-7.3195999999999994
11
21.6506270000000001
21
-7.224361
0
LINE
8
BLACK
6
CONTINUOUS
10
21.6506270000000001
20
-7.224361
11
21.5553889999999981
21
-7.0338849999999997
0
LINE
8
BLACK
6
CONTINUOUS
10
21.5553889999999981
20
-7.0338849999999997
11
21.4601509999999998
21
-6.652933
0
LINE
8
BLACK
6
CONTINUOUS
10
21.4601509999999998
20
-6.652933
11
21.4601509999999998
21
-6.176742
0
LINE
8
BLACK
6
CONTINUOUS
10
21.4601509999999998
20
-6.176742
11
21.5553889999999981
21
-5.7957899999999993
0
LINE
8
BLACK
6
CONTINUOUS
10
21.5553889999999981
20
-5.7957899999999993
11
21.6506270000000001
21
-5.6053139999999999
0
LINE
8
BLACK
6
CONTINUOUS
10
21.6506270000000001
20
-5.6053139999999999
11
21.7458649999999984
21
-5.5100759999999998
0
LINE
8
BLACK
6
CONTINUOUS
10
21.7458649999999984
20
-5.5100759999999998
11
21.9363409999999988
21
-5.4148379999999996
0
LINE
8
BLACK
6
CONTINUOUS
10
23.4601509999999998
20
-7.224361
11
23.5553889999999981
21
-7.3195999999999994
0
LINE
8
BLACK
6
CONTINUOUS
10
23.5553889999999981
20
-7.3195999999999994
11
23.4601509999999998
21
-7.4148379999999996
0
LINE
8
BLACK
6
CONTINUOUS
10
23.4601509999999998
20
-7.4148379999999996
11
23.3649129999999978
21
-7.3195999999999994
0
LINE
8
BLACK
6
CONTINUOUS
10
23.3649129999999978
20
-7.3195999999999994
11
23.4601509999999998
21
-7.224361
0
LINE
8
BLACK
6
CONTINUOUS
10
23.4601509999999998
20
-7.224361
11
23.4601509999999998
21
-7.4148379999999996
0
LINE
8
BLACK
6
CONTINUOUS
10
24.7934839999999994
20
-5.4148379999999996
11
24.9839609999999972
21
-5.4148379999999996
0
LINE
8
BLACK
6
CONTINUOUS
10
24.9839609999999972
20
-5.4148379999999996
11
25.1744369999999975
21
-5.5100759999999998
0
LINE
8
BLACK
6
CONTINUOUS
10
25.1744369999999975
20
-5.5100759999999998
11
25.2696749999999994
21
-5.6053139999999999
0
LINE
8
BLACK
6
CONTINUOUS
10
25.2696749999999994
20
-5.6053139999999999
11
25.3649129999999978
21
-5.7957899999999993
0
LINE
8
BLACK
6
CONTINUOUS
10
25.3649129999999978
20
-5.7957899999999993
11
25.4601509999999998
21
-6.176742
0
LINE
8
BLACK
6
CONTINUOUS
10
25.4601509999999998
20
-6.176742
11
25.4601509999999998
21
-6.652933
0
LINE
8
BLACK
6
CONTINUOUS
10
25.4601509999999998
20
-6.652933
11
25.3649129999999978
21
-7.0338849999999997
0
LINE
8
BLACK
6
CONTINUOUS
10
25.3649129999999978
20
-7.0338849999999997
11
25.2696749999999994
21
-7.224361
0
LINE
8
BLACK
6
CONTINUOUS
10
25.2696749999999994
20
-7.224361
11
25.1744369999999975
21
-7.3195999999999994
0
LINE
8
BLACK
6
CONTINUOUS
10
25.1744369999999975
20
-7.3195999999999994
11
24.9839609999999972
21
-7.4148379999999996
0
LINE
8
BLACK
6
CONTINUOUS
10
24.9839609999999972
20
-7.4148379999999996
11
24.7934839999999994
21
-7.4148379999999996
0
LINE
8
BLACK
6
CONTINUOUS
10
24.7934839999999994
20
-7.4148379999999996
11
24.6030079999999991
21
-7.3195999999999994
0
LINE
8
BLACK
6
CONTINUOUS
10
24.6030079999999991
20
-7.3195999999999994
11
24.5077699999999972
21
-7.224361
0
LINE
8
BLACK
6
CONTINUOUS
10
24.5077699999999972
20
-7.224361
11
24.4125319999999988
21
-7.0338849999999997
0
LINE
8
BLACK
6
CONTINUOUS
10
24.4125319999999988
20
-7.0338849999999997
11
24.3172940000000004
21
-6.652933
0
LINE
8
BLACK
6
CONTINUOUS
10
24.3172940000000004
20
-6.652933
11
24.3172940000000004
21
-6.176742
0
LINE
8
BLACK
6
CONTINUOUS
10
24.3172940000000004
20
-6.176742
11
24.4125319999999988
21
-5.7957899999999993
0
LINE
8
BLACK
6
CONTINUOUS
10
24.4125319999999988
20
-5.7957899999999993
11
24.5077699999999972
21
-5.6053139999999999
0
LINE
8
BLACK
6
CONTINUOUS
10
24.5077699999999972
20
-5.6053139999999999
11
24.6030079999999991
21
-5.5100759999999998
0
LINE
8
BLACK
6
CONTINUOUS
10
24.6030079999999991
20
-5.5100759999999998
11
24.7934839999999994
21
-5.4148379999999996
0
LINE
8
BLACK
6
CONTINUOUS
10
26.1268180000000001
20
-5.4148379999999996
11
27.3649129999999978
21
-5.4148379999999996
0
LINE
8
BLACK
6
CONTINUOUS
10
27.3649129999999978
20
-5.4148379999999996
11
26.6982459999999975
21
-6.176742
0
LINE
8
BLACK
6
CONTINUOUS
10
26.6982459999999975
20
-6.176742
11
26.9839609999999972
21
-6.176742
0
LINE
8
BLACK
6
CONTINUOUS
10
26.9839609999999972
20
-6.176742
11
27.1744369999999975
21
-6.2719800000000001
0
LINE
8
BLACK
6
CONTINUOUS
10
27.1744369999999975
20
-6.2719800000000001
11
27.2696749999999994
21
-6.3672189999999995
0
LINE
8
BLACK
6
CONTINUOUS
10
27.2696749999999994
20
-6.3672189999999995
11
27.3649129999999978
21
-6.5576949999999998
0
LINE
8
BLACK
6
CONTINUOUS
10
27.3649129999999978
20
-6.5576949999999998
11
27.3649129999999978
21
-7.0338849999999997
0
LINE
8
BLACK
6
CONTINUOUS
10
27.3649129999999978
20
-7.0338849999999997
11
27.2696749999999994
21
-7.224361
0
LINE
8
BLACK
6
CONTINUOUS
10
27.2696749999999994
20
-7.224361
11
27.1744369999999975
21
-7.3195999999999994
0
LINE
8
BLACK
6
CONTINUOUS
10
27.1744369999999975
20
-7.3195999999999994
11
26.9839609999999972
21
-7.4148379999999996
0
LINE
8
BLACK
6
CONTINUOUS
10
26.9839609999999972
20
-7.4148379999999996
11
26.4125319999999988
21
-7.4148379999999996
0
LINE
8
BLACK
6
CONTINUOUS
10
26.4125319999999988
20
-7.4148379999999996
11
26.2220559999999985
21
-7.3195999999999994
0
LINE
8
BLACK
6
CONTINUOUS
10
26.2220559999999985
20
-7.3195999999999994
11
26.1268180000000001
21
-7.224361
0
LINE
8
BLACK
6
CONTINUOUS
10
28.0315799999999982
20
-5.4148379999999996
11
29.3649129999999978
21
-5.4148379999999996
0
LINE
8
BLACK
6
CONTINUOUS
10
29.3649129999999978
20
-5.4148379999999996
11
28.5077699999999972
21
-7.4148379999999996
0
LINE
8
BLACK
6
CONTINUOUS
10
30.9839609999999972
20
-6.0815039999999998
11
30.9839609999999972
21
-7.4148379999999996
0
LINE
8
BLACK
6
CONTINUOUS
10
30.5077699999999972
20
-5.3195999999999994
11
30.0315799999999982
21
-6.7481709999999993
0
LINE
8
BLACK
6
CONTINUOUS
10
30.0315799999999982
20
-6.7481709999999993
11
31.2696749999999994
21
-6.7481709999999993
0
LINE
8
BLACK
6
CONTINUOUS
10
31.9363419999999998
20
-5.4148379999999996
11
31.9363419999999998
21
-5.7957899999999993
0
LINE
8
BLACK
6
CONTINUOUS
10
32.6982470000000021
20
-5.4148379999999996
11
32.6982470000000021
21
-5.7957899999999993
0
LINE
8
BLACK
6
CONTINUOUS
10
35.650628999999995
20
-8.1767419999999991
11
35.5553899999999956
21
-8.0815039999999989
0
LINE
8
BLACK
6
CONTINUOUS
10
35.5553899999999956
20
-8.0815039999999989
11
35.3649139999999989
21
-7.7957899999999993
0
LINE
8
BLACK
6
CONTINUOUS
10
35.3649139999999989
20
-7.7957899999999993
11
35.2696759999999969
21
-7.6053139999999999
0
LINE
8
BLACK
6
CONTINUOUS
10
35.2696759999999969
20
-7.6053139999999999
11
35.174437999999995
21
-7.3195999999999994
0
LINE
8
BLACK
6
CONTINUOUS
10
35.174437999999995
20
-7.3195999999999994
11
35.0792000000000002
21
-6.8434089999999994
0
LINE
8
BLACK
6
CONTINUOUS
10
35.0792000000000002
20
-6.8434089999999994
11
35.0792000000000002
21
-6.4624569999999997
0
LINE
8
BLACK
6
CONTINUOUS
10
35.0792000000000002
20
-6.4624569999999997
11
35.174437999999995
21
-5.9862659999999996
0
LINE
8
BLACK
6
CONTINUOUS
10
35.174437999999995
20
-5.9862659999999996
11
35.2696759999999969
21
-5.7005520000000001
0
LINE
8
BLACK
6
CONTINUOUS
10
35.2696759999999969
20
-5.7005520000000001
11
35.3649139999999989
21
-5.5100759999999998
0
LINE
8
BLACK
6
CONTINUOUS
10
35.3649139999999989
20
-5.5100759999999998
11
35.5553899999999956
21
-5.224361
0
LINE
8
BLACK
6
CONTINUOUS
10
35.5553899999999956
20
-5.224361
11
35.650628999999995
21
-5.1291229999999999
0
LINE
8
BLACK
6
CONTINUOUS
10
37.4601520000000008
20
-7.4148379999999996
11
36.3172950000000014
21
-7.4148379999999996
0
LINE
8
BLACK
6
CONTINUOUS
10
36.8887229999999988
20
-7.4148379999999996
11
36.8887229999999988
21
-5.4148379999999996
0
LINE
8
BLACK
6
CONTINUOUS
10
36.8887229999999988
20
-5.4148379999999996
11
36.698246999999995
21
-5.7005520000000001
0
LINE
8
BLACK
6
CONTINUOUS
10
36.698246999999995
20
-5.7005520000000001
11
36.5077709999999982
21
-5.8910279999999995
0
LINE
8
BLACK
6
CONTINUOUS
10
36.5077709999999982
20
-5.8910279999999995
11
36.3172950000000014
21
-5.9862659999999996
0
LINE
8
BLACK
6
CONTINUOUS
10
39.3649139999999989
20
-7.4148379999999996
11
38.2220569999999995
21
-7.4148379999999996
0
LINE
8
BLACK
6
CONTINUOUS
10
38.7934849999999969
20
-7.4148379999999996
11
38.7934849999999969
21
-5.4148379999999996
0
LINE
8
BLACK
6
CONTINUOUS
10
38.7934849999999969
20
-5.4148379999999996
11
38.6030090000000001
21
-5.7005520000000001
0
LINE
8
BLACK
6
CONTINUOUS
10
38.6030090000000001
20
-5.7005520000000001
11
38.4125329999999963
21
-5.8910279999999995
0
LINE
8
BLACK
6
CONTINUOUS
10
38.4125329999999963
20
-5.8910279999999995
11
38.2220569999999995
21
-5.9862659999999996
0
LINE
8
BLACK
6
CONTINUOUS
10
41.7458669999999969
20
-7.4148379999999996
11
41.7458669999999969
21
-5.4148379999999996
0
LINE
8
BLACK
6
CONTINUOUS
10
42.6030099999999976
20
-7.4148379999999996
11
42.6030099999999976
21
-6.3672189999999995
0
LINE
8
BLACK
6
CONTINUOUS
10
42.6030099999999976
20
-6.3672189999999995
11
42.5077719999999957
21
-6.176742
0
LINE
8
BLACK
6
CONTINUOUS
10
42.5077719999999957
20
-6.176742
11
42.3172959999999989
21
-6.0815039999999998
0
LINE
8
BLACK
6
CONTINUOUS
10
42.3172959999999989
20
-6.0815039999999998
11
42.0315809999999956
21
-6.0815039999999998
0
LINE
8
BLACK
6
CONTINUOUS
10
42.0315809999999956
20
-6.0815039999999998
11
41.8411049999999989
21
-6.176742
0
LINE
8
BLACK
6
CONTINUOUS
10
41.8411049999999989
20
-6.176742
11
41.7458669999999969
21
-6.2719800000000001
0
LINE
8
BLACK
6
CONTINUOUS
10
43.8411049999999989
20
-7.4148379999999996
11
43.650628999999995
21
-7.3195999999999994
0
LINE
8
BLACK
6
CONTINUOUS
10
43.650628999999995
20
-7.3195999999999994
11
43.5553910000000002
21
-7.224361
0
LINE
8
BLACK
6
CONTINUOUS
10
43.5553910000000002
20
-7.224361
11
43.4601529999999983
21
-7.0338849999999997
0
LINE
8
BLACK
6
CONTINUOUS
10
43.4601529999999983
20
-7.0338849999999997
11
43.4601529999999983
21
-6.4624569999999997
0
LINE
8
BLACK
6
CONTINUOUS
10
43.4601529999999983
20
-6.4624569999999997
11
43.5553910000000002
21
-6.2719800000000001
0
LINE
8
BLACK
6
CONTINUOUS
10
43.5553910000000002
20
-6.2719800000000001
11
43.650628999999995
21
-6.176742
0
LINE
8
BLACK
6
CONTINUOUS
10
43.650628999999995
20
-6.176742
11
43.8411049999999989
21
-6.0815039999999998
0
LINE
8
BLACK
6
CONTINUOUS
10
43.8411049999999989
20
-6.0815039999999998
11
44.126819999999995
21
-6.0815039999999998
0
LINE
8
BLACK
6
CONTINUOUS
10
44.126819999999995
20
-6.0815039999999998
11
44.3172959999999989
21
-6.176742
0
LINE
8
BLACK
6
CONTINUOUS
10
44.3172959999999989
20
-6.176742
11
44.4125340000000008
21
-6.2719800000000001
0
LINE
8
BLACK
6
CONTINUOUS
10
44.4125340000000008
20
-6.2719800000000001
11
44.5077719999999957
21
-6.4624569999999997
0
LINE
8
BLACK
6
CONTINUOUS
10
44.5077719999999957
20
-6.4624569999999997
11
44.5077719999999957
21
-7.0338849999999997
0
LINE
8
BLACK
6
CONTINUOUS
10
44.5077719999999957
20
-7.0338849999999997
11
44.4125340000000008
21
-7.224361
0
LINE
8
BLACK
6
CONTINUOUS
10
44.4125340000000008
20
-7.224361
11
44.3172959999999989
21
-7.3195999999999994
0
LINE
8
BLACK
6
CONTINUOUS
10
44.3172959999999989
20
-7.3195999999999994
11
44.126819999999995
21
-7.4148379999999996
0
LINE
8
BLACK
6
CONTINUOUS
10
44.126819999999995
20
-7.4148379999999996
11
43.8411049999999989
21
-7.4148379999999996
0
LINE
8
BLACK
6
CONTINUOUS
10
45.650628999999995
20
-7.4148379999999996
11
45.4601529999999983
21
-7.3195999999999994
0
LINE
8
BLACK
6
CONTINUOUS
10
45.4601529999999983
20
-7.3195999999999994
11
45.3649149999999963
21
-7.1291229999999999
0
LINE
8
BLACK
6
CONTINUOUS
10
45.3649149999999963
20
-7.1291229999999999
11
45.3649149999999963
21
-5.4148379999999996
0
LINE
8
BLACK
6
CONTINUOUS
10
47.1744389999999996
20
-7.3195999999999994
11
46.9839629999999957
21
-7.4148379999999996
0
LINE
8
BLACK
6
CONTINUOUS
10
46.9839629999999957
20
-7.4148379999999996
11
46.6030099999999976
21
-7.4148379999999996
0
LINE
8
BLACK
6
CONTINUOUS
10
46.6030099999999976
20
-7.4148379999999996
11
46.4125340000000008
21
-7.3195999999999994
0
LINE
8
BLACK
6
CONTINUOUS
10
46.4125340000000008
20
-7.3195999999999994
11
46.3172959999999989
21
-7.1291229999999999
0
LINE
8
BLACK
6
CONTINUOUS
10
46.3172959999999989
20
-7.1291229999999999
11
46.3172959999999989
21
-6.3672189999999995
0
LINE
8
BLACK
6
CONTINUOUS
10
46.3172959999999989
20
-6.3672189999999995
11
46.4125340000000008
21
-6.176742
0
LINE
8
BLACK
6
CONTINUOUS
10
46.4125340000000008
20
-6.176742
11
46.6030099999999976
21
-6.0815039999999998
0
LINE
8
BLACK
6
CONTINUOUS
10
46.6030099999999976
20
-6.0815039999999998
11
46.9839629999999957
21
-6.0815039999999998
0
LINE
8
BLACK
6
CONTINUOUS
10
46.9839629999999957
20
-6.0815039999999998
11
47.1744389999999996
21
-6.176742
0
LINE
8
BLACK
6
CONTINUOUS
10
47.1744389999999996
20
-6.176742
11
47.2696769999999944
21
-6.3672189999999995
0
LINE
8
BLACK
6
CONTINUOUS
10
47.2696769999999944
20
-6.3672189999999995
11
47.2696769999999944
21
-6.5576949999999998
0
LINE
8
BLACK
6
CONTINUOUS
10
47.2696769999999944
20
-6.5576949999999998
11
46.3172959999999989
21
-6.7481709999999993
0
LINE
8
BLACK
6
CONTINUOUS
10
48.0315820000000002
20
-7.3195999999999994
11
48.222057999999997
21
-7.4148379999999996
0
LINE
8
BLACK
6
CONTINUOUS
10
48.222057999999997
20
-7.4148379999999996
11
48.6030099999999976
21
-7.4148379999999996
0
LINE
8
BLACK
6
CONTINUOUS
10
48.6030099999999976
20
-7.4148379999999996
11
48.7934869999999989
21
-7.3195999999999994
0
LINE
8
BLACK
6
CONTINUOUS
10
48.7934869999999989
20
-7.3195999999999994
11
48.8887250000000009
21
-7.1291229999999999
0
LINE
8
BLACK
6
CONTINUOUS
10
48.8887250000000009
20
-7.1291229999999999
11
48.8887250000000009
21
-7.0338849999999997
0
LINE
8
BLACK
6
CONTINUOUS
10
48.8887250000000009
20
-7.0338849999999997
11
48.7934869999999989
21
-6.8434089999999994
0
LINE
8
BLACK
6
CONTINUOUS
10
48.7934869999999989
20
-6.8434089999999994
11
48.6030099999999976
21
-6.7481709999999993
0
LINE
8
BLACK
6
CONTINUOUS
10
48.6030099999999976
20
-6.7481709999999993
11
48.3172959999999989
21
-6.7481709999999993
0
LINE
8
BLACK
6
CONTINUOUS
10
48.3172959999999989
20
-6.7481709999999993
11
48.126819999999995
21
-6.652933
0
LINE
8
BLACK
6
CONTINUOUS
10
48.126819999999995
20
-6.652933
11
48.0315820000000002
21
-6.4624569999999997
0
LINE
8
BLACK
6
CONTINUOUS
10
48.0315820000000002
20
-6.4624569999999997
11
48.0315820000000002
21
-6.3672189999999995
0
LINE
8
BLACK
6
CONTINUOUS
10
48.0315820000000002
20
-6.3672189999999995
11
48.126819999999995
21
-6.176742
0
LINE
8
BLACK
6
CONTINUOUS
10
48.126819999999995
20
-6.176742
11
48.3172959999999989
21
-6.0815039999999998
0
LINE
8
BLACK
6
CONTINUOUS
10
48.3172959999999989
20
-6.0815039999999998
11
48.6030099999999976
21
-6.0815039999999998
0
LINE
8
BLACK
6
CONTINUOUS
10
48.6030099999999976
20
-6.0815039999999998
11
48.7934869999999989
21
-6.176742
0
LINE
8
BLACK
6
CONTINUOUS
10
49.5553919999999977
20
-8.1767419999999991
11
49.6506299999999996
21
-8.0815039999999989
0
LINE
8
BLACK
6
CONTINUOUS
10
49.6506299999999996
20
-8.0815039999999989
11
49.8411059999999964
21
-7.7957899999999993
0
LINE
8
BLACK
6
CONTINUOUS
10
49.8411059999999964
20
-7.7957899999999993
11
49.9363439999999983
21
-7.6053139999999999
0
LINE
8
BLACK
6
CONTINUOUS
10
49.9363439999999983
20
-7.6053139999999999
11
50.0315820000000002
21
-7.3195999999999994
0
LINE
8
BLACK
6
CONTINUOUS
10
50.0315820000000002
20
-7.3195999999999994
11
50.126819999999995
21
-6.8434089999999994
0
LINE
8
BLACK
6
CONTINUOUS
10
50.126819999999995
20
-6.8434089999999994
11
50.126819999999995
21
-6.4624569999999997
0
LINE
8
BLACK
6
CONTINUOUS
10
50.126819999999995
20
-6.4624569999999997
11
50.0315820000000002
21
-5.9862659999999996
0
LINE
8
BLACK
6
CONTINUOUS
10
50.0315820000000002
20
-5.9862659999999996
11
49.9363439999999983
21
-5.7005520000000001
0
LINE
8
BLACK
6
CONTINUOUS
10
49.9363439999999983
20
-5.7005520000000001
11
49.8411059999999964
21
-5.5100759999999998
0
LINE
8
BLACK
6
CONTINUOUS
10
49.8411059999999964
20
-5.5100759999999998
11
49.6506299999999996
21
-5.224361
0
LINE
8
BLACK
6
CONTINUOUS
10
49.6506299999999996
20
-5.224361
11
49.5553919999999977
21
-5.1291229999999999
0
CIRCLE
8
BLACK
10
-0.6
20
-9.1399999999999988
40
0.5
0
LINE
8
BLACK
6
CONTINUOUS
10
3.5553869999999996
20
-10.0548380000000002
11
2.4125299999999998
21
-10.0548380000000002
0
LINE
8
BLACK
6
CONTINUOUS
10
2.9839579999999999
20
-10.0548380000000002
11
2.9839579999999999
21
-8.0548380000000002
0
LINE
8
BLACK
6
CONTINUOUS
10
2.9839579999999999
20
-8.0548380000000002
11
2.793482
21
-8.3405519999999989
0
LINE
8
BLACK
6
CONTINUOUS
10
2.793482
20
-8.3405519999999989
11
2.6030059999999997
21
-8.5310279999999992
0
LINE
8
BLACK
6
CONTINUOUS
10
2.6030059999999997
20
-8.5310279999999992
11
2.4125299999999998
21
-8.6262659999999993
0
LINE
8
BLACK
6
CONTINUOUS
10
4.4125299999999994
20
-9.8643609999999988
11
4.5077679999999996
21
-9.9596
0
LINE
8
BLACK
6
CONTINUOUS
10
4.5077679999999996
20
-9.9596
11
4.4125299999999994
21
-10.0548380000000002
0
LINE
8
BLACK
6
CONTINUOUS
10
4.4125299999999994
20
-10.0548380000000002
11
4.3172920000000001
21
-9.9596
0
LINE
8
BLACK
6
CONTINUOUS
10
4.3172920000000001
20
-9.9596
11
4.4125299999999994
21
-9.8643609999999988
0
LINE
8
BLACK
6
CONTINUOUS
10
4.4125299999999994
20
-9.8643609999999988
11
4.4125299999999994
21
-10.0548380000000002
0
LINE
8
BLACK
6
CONTINUOUS
10
5.7458629999999999
20
-8.0548380000000002
11
5.9363399999999995
21
-8.0548380000000002
0
LINE
8
BLACK
6
CONTINUOUS
10
5.9363399999999995
20
-8.0548380000000002
11
6.1268159999999998
21
-8.1500760000000003
0
LINE
8
BLACK
6
CONTINUOUS
10
6.1268159999999998
20
-8.1500760000000003
11
6.222054
21
-8.2453140000000005
0
LINE
8
BLACK
6
CONTINUOUS
10
6.222054
20
-8.2453140000000005
11
6.3172920000000001
21
-8.435789999999999
0
LINE
8
BLACK
6
CONTINUOUS
10
6.3172920000000001
20
-8.435789999999999
11
6.4125299999999994
21
-8.8167419999999996
0
LINE
8
BLACK
6
CONTINUOUS
10
6.4125299999999994
20
-8.8167419999999996
11
6.4125299999999994
21
-9.2929329999999997
0
LINE
8
BLACK
6
CONTINUOUS
10
6.4125299999999994
20
-9.2929329999999997
11
6.3172920000000001
21
-9.6738850000000003
0
LINE
8
BLACK
6
CONTINUOUS
10
6.3172920000000001
20
-9.6738850000000003
11
6.222054
21
-9.8643609999999988
0
LINE
8
BLACK
6
CONTINUOUS
10
6.222054
20
-9.8643609999999988
11
6.1268159999999998
21
-9.9596
0
LINE
8
BLACK
6
CONTINUOUS
10
6.1268159999999998
20
-9.9596
11
5.9363399999999995
21
-10.0548380000000002
0
LINE
8
BLACK
6
CONTINUOUS
10
5.9363399999999995
20
-10.0548380000000002
11
5.7458629999999999
21
-10.0548380000000002
0
LINE
8
BLACK
6
CONTINUOUS
10
5.7458629999999999
20
-10.0548380000000002
11
5.5553869999999996
21
-9.9596
0
LINE
8
BLACK
6
CONTINUOUS
10
5.5553869999999996
20
-9.9596
11
5.4601489999999995
21
-9.8643609999999988
0
LINE
8
BLACK
6
CONTINUOUS
10
5.4601489999999995
20
-9.8643609999999988
11
5.3649109999999993
21
-9.6738850000000003
0
LINE
8
BLACK
6
CONTINUOUS
10
5.3649109999999993
20
-9.6738850000000003
11
5.2696730000000001
21
-9.2929329999999997
0
LINE
8
BLACK
6
CONTINUOUS
10
5.2696730000000001
20
-9.2929329999999997
11
5.2696730000000001
21
-8.8167419999999996
0
LINE
8
BLACK
6
CONTINUOUS
10
5.2696730000000001
20
-8.8167419999999996
11
5.3649109999999993
21
-8.435789999999999
0
LINE
8
BLACK
6
CONTINUOUS
10
5.3649109999999993
20
-8.435789999999999
11
5.4601489999999995
21
-8.2453140000000005
0
LINE
8
BLACK
6
CONTINUOUS
10
5.4601489999999995
20
-8.2453140000000005
11
5.5553869999999996
21
-8.1500760000000003
0
LINE
8
BLACK
6
CONTINUOUS
10
5.5553869999999996
20
-8.1500760000000003
11
5.7458629999999999
21
-8.0548380000000002
0
LINE
8
BLACK
6
CONTINUOUS
10
7.6506249999999998
20
-8.0548380000000002
11
7.8411019999999994
21
-8.0548380000000002
0
LINE
8
BLACK
6
CONTINUOUS
10
7.8411019999999994
20
-8.0548380000000002
11
8.0315779999999997
21
-8.1500760000000003
0
LINE
8
BLACK
6
CONTINUOUS
10
8.0315779999999997
20
-8.1500760000000003
11
8.1268159999999998
21
-8.2453140000000005
0
LINE
8
BLACK
6
CONTINUOUS
10
8.1268159999999998
20
-8.2453140000000005
11
8.222054
21
-8.435789999999999
0
LINE
8
BLACK
6
CONTINUOUS
10
8.222054
20
-8.435789999999999
11
8.3172920000000001
21
-8.8167419999999996
0
LINE
8
BLACK
6
CONTINUOUS
10
8.3172920000000001
20
-8.8167419999999996
11
8.3172920000000001
21
-9.2929329999999997
0
LINE
8
BLACK
6
CONTINUOUS
10
8.3172920000000001
20
-9.2929329999999997
11
8.222054
21
-9.6738850000000003
0
LINE
8
BLACK
6
CONTINUOUS
10
8.222054
20
-9.6738850000000003
11
8.1268159999999998
21
-9.8643609999999988
0
LINE
8
BLACK
6
CONTINUOUS
10
8.1268159999999998
20
-9.8643609999999988
11
8.0315779999999997
21
-9.9596
0
LINE
8
BLACK
6
CONTINUOUS
10
8.0315779999999997
20
-9.9596
11
7.8411019999999994
21
-10.0548380000000002
0
LINE
8
BLACK
6
CONTINUOUS
10
7.8411019999999994
20
-10.0548380000000002
11
7.6506249999999998
21
-10.0548380000000002
0
LINE
8
BLACK
6
CONTINUOUS
10
7.6506249999999998
20
-10.0548380000000002
11
7.4601489999999995
21
-9.9596
0
LINE
8
BLACK
6
CONTINUOUS
10
7.4601489999999995
20
-9.9596
11
7.3649109999999993
21
-9.8643609999999988
0
LINE
8
BLACK
6
CONTINUOUS
10
7.3649109999999993
20
-9.8643609999999988
11
7.2696730000000001
21
-9.6738850000000003
0
LINE
8
BLACK
6
CONTINUOUS
10
7.2696730000000001
20
-9.6738850000000003
11
7.1744349999999999
21
-9.2929329999999997
0
LINE
8
BLACK
6
CONTINUOUS
10
7.1744349999999999
20
-9.2929329999999997
11
7.1744349999999999
21
-8.8167419999999996
0
LINE
8
BLACK
6
CONTINUOUS
10
7.1744349999999999
20
-8.8167419999999996
11
7.2696730000000001
21
-8.435789999999999
0
LINE
8
BLACK
6
CONTINUOUS
10
7.2696730000000001
20
-8.435789999999999
11
7.3649109999999993
21
-8.2453140000000005
0
LINE
8
BLACK
6
CONTINUOUS
10
7.3649109999999993
20
-8.2453140000000005
11
7.4601489999999995
21
-8.1500760000000003
0
LINE
8
BLACK
6
CONTINUOUS
10
7.4601489999999995
20
-8.1500760000000003
11
7.6506249999999998
21
-8.0548380000000002
0
LINE
8
BLACK
6
CONTINUOUS
10
9.5553869999999996
20
-8.0548380000000002
11
9.7458639999999992
21
-8.0548380000000002
0
LINE
8
BLACK
6
CONTINUOUS
10
9.7458639999999992
20
-8.0548380000000002
11
9.9363399999999995
21
-8.1500760000000003
0
LINE
8
BLACK
6
CONTINUOUS
10
9.9363399999999995
20
-8.1500760000000003
11
10.0315779999999997
21
-8.2453140000000005
0
LINE
8
BLACK
6
CONTINUOUS
10
10.0315779999999997
20
-8.2453140000000005
11
10.1268159999999998
21
-8.435789999999999
0
LINE
8
BLACK
6
CONTINUOUS
10
10.1268159999999998
20
-8.435789999999999
11
10.222054
21
-8.8167419999999996
0
LINE
8
BLACK
6
CONTINUOUS
10
10.222054
20
-8.8167419999999996
11
10.222054
21
-9.2929329999999997
0
LINE
8
BLACK
6
CONTINUOUS
10
10.222054
20
-9.2929329999999997
11
10.1268159999999998
21
-9.6738850000000003
0
LINE
8
BLACK
6
CONTINUOUS
10
10.1268159999999998
20
-9.6738850000000003
11
10.0315779999999997
21
-9.8643609999999988
0
LINE
8
BLACK
6
CONTINUOUS
10
10.0315779999999997
20
-9.8643609999999988
11
9.9363399999999995
21
-9.9596
0
LINE
8
BLACK
6
CONTINUOUS
10
9.9363399999999995
20
-9.9596
11
9.7458639999999992
21
-10.0548380000000002
0
LINE
8
BLACK
6
CONTINUOUS
10
9.7458639999999992
20
-10.0548380000000002
11
9.5553869999999996
21
-10.0548380000000002
0
LINE
8
BLACK
6
CONTINUOUS
10
9.5553869999999996
20
-10.0548380000000002
11
9.3649109999999993
21
-9.9596
0
LINE
8
BLACK
6
CONTINUOUS
10
9.3649109999999993
20
-9.9596
11
9.2696729999999992
21
-9.8643609999999988
0
LINE
8
BLACK
6
CONTINUOUS
10
9.2696729999999992
20
-9.8643609999999988
11
9.174434999999999
21
-9.6738850000000003
0
LINE
8
BLACK
6
CONTINUOUS
10
9.174434999999999
20
-9.6738850000000003
11
9.0791969999999989
21
-9.2929329999999997
0
LINE
8
BLACK
6
CONTINUOUS
10
9.0791969999999989
20
-9.2929329999999997
11
9.0791969999999989
21
-8.8167419999999996
0
LINE
8
BLACK
6
CONTINUOUS
10
9.0791969999999989
20
-8.8167419999999996
11
9.174434999999999
21
-8.435789999999999
0
LINE
8
BLACK
6
CONTINUOUS
10
9.174434999999999
20
-8.435789999999999
11
9.2696729999999992
21
-8.2453140000000005
0
LINE
8
BLACK
6
CONTINUOUS
10
9.2696729999999992
20
-8.2453140000000005
11
9.3649109999999993
21
-8.1500760000000003
0
LINE
8
BLACK
6
CONTINUOUS
10
9.3649109999999993
20
-8.1500760000000003
11
9.5553869999999996
21
-8.0548380000000002
0
LINE
8
BLACK
6
CONTINUOUS
10
11.0791969999999989
20
-10.0548380000000002
11
11.0791969999999989
21
-8.7215039999999995
0
LINE
8
BLACK
6
CONTINUOUS
10
11.0791969999999989
20
-8.9119799999999998
11
11.174434999999999
21
-8.8167419999999996
0
LINE
8
BLACK
6
CONTINUOUS
10
11.174434999999999
20
-8.8167419999999996
11
11.3649109999999993
21
-8.7215039999999995
0
LINE
8
BLACK
6
CONTINUOUS
10
11.3649109999999993
20
-8.7215039999999995
11
11.650625999999999
21
-8.7215039999999995
0
LINE
8
BLACK
6
CONTINUOUS
10
11.650625999999999
20
-8.7215039999999995
11
11.8411019999999994
21
-8.8167419999999996
0
LINE
8
BLACK
6
CONTINUOUS
10
11.8411019999999994
20
-8.8167419999999996
11
11.9363399999999995
21
-9.0072189999999992
0
LINE
8
BLACK
6
CONTINUOUS
10
11.9363399999999995
20
-9.0072189999999992
11
11.9363399999999995
21
-10.0548380000000002
0
LINE
8
BLACK
6
CONTINUOUS
10
11.9363399999999995
20
-9.0072189999999992
11
12.0315779999999997
21
-8.8167419999999996
0
LINE
8
BLACK
6
CONTINUOUS
10
12.0315779999999997
20
-8.8167419999999996
11
12.222054
21
-8.7215039999999995
0
LINE
8
BLACK
6
CONTINUOUS
10
12.222054
20
-8.7215039999999995
11
12.5077679999999987
21
-8.7215039999999995
0
LINE
8
BLACK
6
CONTINUOUS
10
12.5077679999999987
20
-8.7215039999999995
11
12.698245
21
-8.8167419999999996
0
LINE
8
BLACK
6
CONTINUOUS
10
12.698245
20
-8.8167419999999996
11
12.7934830000000002
21
-9.0072189999999992
0
LINE
8
BLACK
6
CONTINUOUS
10
12.7934830000000002
20
-9.0072189999999992
11
12.7934830000000002
21
-10.0548380000000002
0
LINE
8
BLACK
6
CONTINUOUS
10
13.7458639999999992
20
-10.0548380000000002
11
13.7458639999999992
21
-8.7215039999999995
0
LINE
8
BLACK
6
CONTINUOUS
10
13.7458639999999992
20
-8.9119799999999998
11
13.8411019999999994
21
-8.8167419999999996
0
LINE
8
BLACK
6
CONTINUOUS
10
13.8411019999999994
20
-8.8167419999999996
11
14.0315779999999997
21
-8.7215039999999995
0
LINE
8
BLACK
6
CONTINUOUS
10
14.0315779999999997
20
-8.7215039999999995
11
14.3172929999999994
21
-8.7215039999999995
0
LINE
8
BLACK
6
CONTINUOUS
10
14.3172929999999994
20
-8.7215039999999995
11
14.5077689999999997
21
-8.8167419999999996
0
LINE
8
BLACK
6
CONTINUOUS
10
14.5077689999999997
20
-8.8167419999999996
11
14.6030069999999998
21
-9.0072189999999992
0
LINE
8
BLACK
6
CONTINUOUS
10
14.6030069999999998
20
-9.0072189999999992
11
14.6030069999999998
21
-10.0548380000000002
0
LINE
8
BLACK
6
CONTINUOUS
10
14.6030069999999998
20
-9.0072189999999992
11
14.698245
21
-8.8167419999999996
0
LINE
8
BLACK
6
CONTINUOUS
10
14.698245
20
-8.8167419999999996
11
14.8887209999999985
21
-8.7215039999999995
0
LINE
8
BLACK
6
CONTINUOUS
10
14.8887209999999985
20
-8.7215039999999995
11
15.174434999999999
21
-8.7215039999999995
0
LINE
8
BLACK
6
CONTINUOUS
10
15.174434999999999
20
-8.7215039999999995
11
15.3649119999999986
21
-8.8167419999999996
0
LINE
8
BLACK
6
CONTINUOUS
10
15.3649119999999986
20
-8.8167419999999996
11
15.4601499999999987
21
-9.0072189999999992
0
LINE
8
BLACK
6
CONTINUOUS
10
15.4601499999999987
20
-9.0072189999999992
11
15.4601499999999987
21
-10.0548380000000002
0
LINE
8
BLACK
6
CONTINUOUS
10
19.3649120000000003
20
-7.9596
11
17.6506270000000001
21
-10.5310279999999992
0
LINE
8
BLACK
6
CONTINUOUS
10
21.9363409999999988
20
-8.0548380000000002
11
22.1268180000000001
21
-8.0548380000000002
0
LINE
8
BLACK
6
CONTINUOUS
10
22.1268180000000001
20
-8.0548380000000002
11
22.3172940000000004
21
-8.1500760000000003
0
LINE
8
BLACK
6
CONTINUOUS
10
22.3172940000000004
20
-8.1500760000000003
11
22.4125319999999988
21
-8.2453140000000005
0
LINE
8
BLACK
6
CONTINUOUS
10
22.4125319999999988
20
-8.2453140000000005
11
22.5077700000000007
21
-8.435789999999999
0
LINE
8
BLACK
6
CONTINUOUS
10
22.5077700000000007
20
-8.435789999999999
11
22.6030079999999991
21
-8.8167419999999996
0
LINE
8
BLACK
6
CONTINUOUS
10
22.6030079999999991
20
-8.8167419999999996
11
22.6030079999999991
21
-9.2929329999999997
0
LINE
8
BLACK
6
CONTINUOUS
10
22.6030079999999991
20
-9.2929329999999997
11
22.5077700000000007
21
-9.6738850000000003
0
LINE
8
BLACK
6
CONTINUOUS
10
22.5077700000000007
20
-9.6738850000000003
11
22.4125319999999988
21
-9.8643609999999988
0
LINE
8
BLACK
6
CONTINUOUS
10
22.4125319999999988
20
-9.8643609999999988
11
22.3172940000000004
21
-9.9596
0
LINE
8
BLACK
6
CONTINUOUS
10
22.3172940000000004
20
-9.9596
11
22.1268180000000001
21
-10.0548380000000002
0
LINE
8
BLACK
6
CONTINUOUS
10
22.1268180000000001
20
-10.0548380000000002
11
21.9363409999999988
21
-10.0548380000000002
0
LINE
8
BLACK
6
CONTINUOUS
10
21.9363409999999988
20
-10.0548380000000002
11
21.7458649999999984
21
-9.9596
0
LINE
8
BLACK
6
CONTINUOUS
10
21.7458649999999984
20
-9.9596
11
21.6506270000000001
21
-9.8643609999999988
0
LINE
8
BLACK
6
CONTINUOUS
10
21.6506270000000001
20
-9.8643609999999988
11
21.5553889999999981
21
-9.6738850000000003
0
LINE
8
BLACK
6
CONTINUOUS
10
21.5553889999999981
20
-9.6738850000000003
11
21.4601509999999998
21
-9.2929329999999997
0
LINE
8
BLACK
6
CONTINUOUS
10
21.4601509999999998
20
-9.2929329999999997
11
21.4601509999999998
21
-8.8167419999999996
0
LINE
8
BLACK
6
CONTINUOUS
10
21.4601509999999998
20
-8.8167419999999996
11
21.5553889999999981
21
-8.435789999999999
0
LINE
8
BLACK
6
CONTINUOUS
10
21.5553889999999981
20
-8.435789999999999
11
21.6506270000000001
21
-8.2453140000000005
0
LINE
8
BLACK
6
CONTINUOUS
10
21.6506270000000001
20
-8.2453140000000005
11
21.7458649999999984
21
-8.1500760000000003
0
LINE
8
BLACK
6
CONTINUOUS
10
21.7458649999999984
20
-8.1500760000000003
11
21.9363409999999988
21
-8.0548380000000002
0
LINE
8
BLACK
6
CONTINUOUS
10
23.4601509999999998
20
-9.8643609999999988
11
23.5553889999999981
21
-9.9596
0
LINE
8
BLACK
6
CONTINUOUS
10
23.5553889999999981
20
-9.9596
11
23.4601509999999998
21
-10.0548380000000002
0
LINE
8
BLACK
6
CONTINUOUS
10
23.4601509999999998
20
-10.0548380000000002
11
23.3649129999999978
21
-9.9596
0
LINE
8
BLACK
6
CONTINUOUS
10
23.3649129999999978
20
-9.9596
11
23.4601509999999998
21
-9.8643609999999988
0
LINE
8
BLACK
6
CONTINUOUS
10
23.4601509999999998
20
-9.8643609999999988
11
23.4601509999999998
21
-10.0548380000000002
0
LINE
8
BLACK
6
CONTINUOUS
10
24.7934839999999994
20
-8.0548380000000002
11
24.9839609999999972
21
-8.0548380000000002
0
LINE
8
BLACK
6
CONTINUOUS
10
24.9839609999999972
20
-8.0548380000000002
11
25.1744369999999975
21
-8.1500760000000003
0
LINE
8
BLACK
6
CONTINUOUS
10
25.1744369999999975
20
-8.1500760000000003
11
25.2696749999999994
21
-8.2453140000000005
0
LINE
8
BLACK
6
CONTINUOUS
10
25.2696749999999994
20
-8.2453140000000005
11
25.3649129999999978
21
-8.435789999999999
0
LINE
8
BLACK
6
CONTINUOUS
10
25.3649129999999978
20
-8.435789999999999
11
25.4601509999999998
21
-8.8167419999999996
0
LINE
8
BLACK
6
CONTINUOUS
10
25.4601509999999998
20
-8.8167419999999996
11
25.4601509999999998
21
-9.2929329999999997
0
LINE
8
BLACK
6
CONTINUOUS
10
25.4601509999999998
20
-9.2929329999999997
11
25.3649129999999978
21
-9.6738850000000003
0
LINE
8
BLACK
6
CONTINUOUS
10
25.3649129999999978
20
-9.6738850000000003
11
25.2696749999999994
21
-9.8643609999999988
0
LINE
8
BLACK
6
CONTINUOUS
10
25.2696749999999994
20
-9.8643609999999988
11
25.1744369999999975
21
-9.9596
0
LINE
8
BLACK
6
CONTINUOUS
10
25.1744369999999975
20
-9.9596
11
24.9839609999999972
21
-10.0548380000000002
0
LINE
8
BLACK
6
CONTINUOUS
10
24.9839609999999972
20
-10.0548380000000002
11
24.7934839999999994
21
-10.0548380000000002
0
LINE
8
BLACK
6
CONTINUOUS
10
24.7934839999999994
20
-10.0548380000000002
11
24.6030079999999991
21
-9.9596
0
LINE
8
BLACK
6
CONTINUOUS
10
24.6030079999999991
20
-9.9596
11
24.5077699999999972
21
-9.8643609999999988
0
LINE
8
BLACK
6
CONTINUOUS
10
24.5077699999999972
20
-9.8643609999999988
11
24.4125319999999988
21
-9.6738850000000003
0
LINE
8
BLACK
6
CONTINUOUS
10
24.4125319999999988
20
-9.6738850000000003
11
24.3172940000000004
21
-9.2929329999999997
0
LINE
8
BLACK
6
CONTINUOUS
10
24.3172940000000004
20
-9.2929329999999997
11
24.3172940000000004
21
-8.8167419999999996
0
LINE
8
BLACK
6
CONTINUOUS
10
24.3172940000000004
20
-8.8167419999999996
11
24.4125319999999988
21
-8.435789999999999
0
LINE
8
BLACK
6
CONTINUOUS
10
24.4125319999999988
20
-8.435789999999999
11
24.5077699999999972
21
-8.2453140000000005
0
LINE
8
BLACK
6
CONTINUOUS
10
24.5077699999999972
20
-8.2453140000000005
11
24.6030079999999991
21
-8.1500760000000003
0
LINE
8
BLACK
6
CONTINUOUS
10
24.6030079999999991
20
-8.1500760000000003
11
24.7934839999999994
21
-8.0548380000000002
0
LINE
8
BLACK
6
CONTINUOUS
10
26.1268180000000001
20
-8.0548380000000002
11
27.3649129999999978
21
-8.0548380000000002
0
LINE
8
BLACK
6
CONTINUOUS
10
27.3649129999999978
20
-8.0548380000000002
11
26.6982459999999975
21
-8.8167419999999996
0
LINE
8
BLACK
6
CONTINUOUS
10
26.6982459999999975
20
-8.8167419999999996
11
26.9839609999999972
21
-8.8167419999999996
0
LINE
8
BLACK
6
CONTINUOUS
10
26.9839609999999972
20
-8.8167419999999996
11
27.1744369999999975
21
-8.9119799999999998
0
LINE
8
BLACK
6
CONTINUOUS
10
27.1744369999999975
20
-8.9119799999999998
11
27.2696749999999994
21
-9.0072189999999992
0
LINE
8
BLACK
6
CONTINUOUS
10
27.2696749999999994
20
-9.0072189999999992
11
27.3649129999999978
21
-9.1976949999999995
0
LINE
8
BLACK
6
CONTINUOUS
10
27.3649129999999978
20
-9.1976949999999995
11
27.3649129999999978
21
-9.6738850000000003
0
LINE
8
BLACK
6
CONTINUOUS
10
27.3649129999999978
20
-9.6738850000000003
11
27.2696749999999994
21
-9.8643609999999988
0
LINE
8
BLACK
6
CONTINUOUS
10
27.2696749999999994
20
-9.8643609999999988
11
27.1744369999999975
21
-9.9596
0
LINE
8
BLACK
6
CONTINUOUS
10
27.1744369999999975
20
-9.9596
11
26.9839609999999972
21
-10.0548380000000002
0
LINE
8
BLACK
6
CONTINUOUS
10
26.9839609999999972
20
-10.0548380000000002
11
26.4125319999999988
21
-10.0548380000000002
0
LINE
8
BLACK
6
CONTINUOUS
10
26.4125319999999988
20
-10.0548380000000002
11
26.2220559999999985
21
-9.9596
0
LINE
8
BLACK
6
CONTINUOUS
10
26.2220559999999985
20
-9.9596
11
26.1268180000000001
21
-9.8643609999999988
0
LINE
8
BLACK
6
CONTINUOUS
10
28.3172940000000004
20
-10.0548380000000002
11
28.6982459999999975
21
-10.0548380000000002
0
LINE
8
BLACK
6
CONTINUOUS
10
28.6982459999999975
20
-10.0548380000000002
11
28.8887229999999988
21
-9.9596
0
LINE
8
BLACK
6
CONTINUOUS
10
28.8887229999999988
20
-9.9596
11
28.9839609999999972
21
-9.8643609999999988
0
LINE
8
BLACK
6
CONTINUOUS
10
28.9839609999999972
20
-9.8643609999999988
11
29.1744369999999975
21
-9.5786470000000001
0
LINE
8
BLACK
6
CONTINUOUS
10
29.1744369999999975
20
-9.5786470000000001
11
29.2696749999999994
21
-9.1976949999999995
0
LINE
8
BLACK
6
CONTINUOUS
10
29.2696749999999994
20
-9.1976949999999995
11
29.2696749999999994
21
-8.435789999999999
0
LINE
8
BLACK
6
CONTINUOUS
10
29.2696749999999994
20
-8.435789999999999
11
29.1744369999999975
21
-8.2453140000000005
0
LINE
8
BLACK
6
CONTINUOUS
10
29.1744369999999975
20
-8.2453140000000005
11
29.0791989999999991
21
-8.1500760000000003
0
LINE
8
BLACK
6
CONTINUOUS
10
29.0791989999999991
20
-8.1500760000000003
11
28.8887229999999988
21
-8.0548380000000002
0
LINE
8
BLACK
6
CONTINUOUS
10
28.8887229999999988
20
-8.0548380000000002
11
28.5077699999999972
21
-8.0548380000000002
0
LINE
8
BLACK
6
CONTINUOUS
10
28.5077699999999972
20
-8.0548380000000002
11
28.3172940000000004
21
-8.1500760000000003
0
LINE
8
BLACK
6
CONTINUOUS
10
28.3172940000000004
20
-8.1500760000000003
11
28.2220559999999985
21
-8.2453140000000005
0
LINE
8
BLACK
6
CONTINUOUS
10
28.2220559999999985
20
-8.2453140000000005
11
28.1268180000000001
21
-8.435789999999999
0
LINE
8
BLACK
6
CONTINUOUS
10
28.1268180000000001
20
-8.435789999999999
11
28.1268180000000001
21
-8.9119799999999998
0
LINE
8
BLACK
6
CONTINUOUS
10
28.1268180000000001
20
-8.9119799999999998
11
28.2220559999999985
21
-9.1024569999999994
0
LINE
8
BLACK
6
CONTINUOUS
10
28.2220559999999985
20
-9.1024569999999994
11
28.3172940000000004
21
-9.1976949999999995
0
LINE
8
BLACK
6
CONTINUOUS
10
28.3172940000000004
20
-9.1976949999999995
11
28.5077699999999972
21
-9.2929329999999997
0
LINE
8
BLACK
6
CONTINUOUS
10
28.5077699999999972
20
-9.2929329999999997
11
28.8887229999999988
21
-9.2929329999999997
0
LINE
8
BLACK
6
CONTINUOUS
10
28.8887229999999988
20
-9.2929329999999997
11
29.0791989999999991
21
-9.1976949999999995
0
LINE
8
BLACK
6
CONTINUOUS
10
29.0791989999999991
20
-9.1976949999999995
11
29.1744369999999975
21
-9.1024569999999994
0
LINE
8
BLACK
6
CONTINUOUS
10
29.1744369999999975
20
-9.1024569999999994
11
29.2696749999999994
21
-8.9119799999999998
0
LINE
8
BLACK
6
CONTINUOUS
10
30.9839609999999972
20
-8.7215039999999995
11
30.9839609999999972
21
-10.0548380000000002
0
LINE
8
BLACK
6
CONTINUOUS
10
30.5077699999999972
20
-7.9596
11
30.0315799999999982
21
-9.3881709999999998
0
LINE
8
BLACK
6
CONTINUOUS
10
30.0315799999999982
20
-9.3881709999999998
11
31.2696749999999994
21
-9.3881709999999998
0
LINE
8
BLACK
6
CONTINUOUS
10
31.9363419999999998
20
-8.0548380000000002
11
31.9363419999999998
21
-8.435789999999999
0
LINE
8
BLACK
6
CONTINUOUS
10
32.6982470000000021
20
-8.0548380000000002
11
32.6982470000000021
21
-8.435789999999999
0
LINE
8
BLACK
6
CONTINUOUS
10
35.650628999999995
20
-10.8167419999999996
11
35.5553899999999956
21
-10.7215039999999995
0
LINE
8
BLACK
6
CONTINUOUS
10
35.5553899999999956
20
-10.7215039999999995
11
35.3649139999999989
21
-10.435789999999999
0
LINE
8
BLACK
6
CONTINUOUS
10
35.3649139999999989
20
-10.435789999999999
11
35.2696759999999969
21
-10.2453139999999987
0
LINE
8
BLACK
6
CONTINUOUS
10
35.2696759999999969
20
-10.2453139999999987
11
35.174437999999995
21
-9.9596
0
LINE
8
BLACK
6
CONTINUOUS
10
35.174437999999995
20
-9.9596
11
35.0792000000000002
21
-9.483409
0
LINE
8
BLACK
6
CONTINUOUS
10
35.0792000000000002
20
-9.483409
11
35.0792000000000002
21
-9.1024569999999994
0
LINE
8
BLACK
6
CONTINUOUS
10
35.0792000000000002
20
-9.1024569999999994
11
35.174437999999995
21
-8.6262659999999993
0
LINE
8
BLACK
6
CONTINUOUS
10
35.174437999999995
20
-8.6262659999999993
11
35.2696759999999969
21
-8.3405519999999989
0
LINE
8
BLACK
6
CONTINUOUS
10
35.2696759999999969
20
-8.3405519999999989
11
35.3649139999999989
21
-8.1500760000000003
0
LINE
8
BLACK
6
CONTINUOUS
10
35.3649139999999989
20
-8.1500760000000003
11
35.5553899999999956
21
-7.8643609999999997
0
LINE
8
BLACK
6
CONTINUOUS
10
35.5553899999999956
20
-7.8643609999999997
11
35.650628999999995
21
-7.7691229999999996
0
LINE
8
BLACK
6
CONTINUOUS
10
36.3172950000000014
20
-8.2453140000000005
11
36.4125329999999963
21
-8.1500760000000003
0
LINE
8
BLACK
6
CONTINUOUS
10
36.4125329999999963
20
-8.1500760000000003
11
36.6030090000000001
21
-8.0548380000000002
0
LINE
8
BLACK
6
CONTINUOUS
10
36.6030090000000001
20
-8.0548380000000002
11
37.0792000000000002
21
-8.0548380000000002
0
LINE
8
BLACK
6
CONTINUOUS
10
37.0792000000000002
20
-8.0548380000000002
11
37.2696759999999969
21
-8.1500760000000003
0
LINE
8
BLACK
6
CONTINUOUS
10
37.2696759999999969
20
-8.1500760000000003
11
37.3649139999999989
21
-8.2453140000000005
0
LINE
8
BLACK
6
CONTINUOUS
10
37.3649139999999989
20
-8.2453140000000005
11
37.4601520000000008
21
-8.435789999999999
0
LINE
8
BLACK
6
CONTINUOUS
10
37.4601520000000008
20
-8.435789999999999
11
37.4601520000000008
21
-8.6262659999999993
0
LINE
8
BLACK
6
CONTINUOUS
10
37.4601520000000008
20
-8.6262659999999993
11
37.3649139999999989
21
-8.9119799999999998
0
LINE
8
BLACK
6
CONTINUOUS
10
37.3649139999999989
20
-8.9119799999999998
11
36.2220569999999995
21
-10.0548380000000002
0
LINE
8
BLACK
6
CONTINUOUS
10
36.2220569999999995
20
-10.0548380000000002
11
37.4601520000000008
21
-10.0548380000000002
0
LINE
8
BLACK
6
CONTINUOUS
10
39.8411049999999989
20
-10.0548380000000002
11
39.8411049999999989
21
-8.0548380000000002
0
LINE
8
BLACK
6
CONTINUOUS
10
40.6982479999999995
20
-10.0548380000000002
11
40.6982479999999995
21
-9.0072189999999992
0
LINE
8
BLACK
6
CONTINUOUS
10
40.6982479999999995
20
-9.0072189999999992
11
40.6030099999999976
21
-8.8167419999999996
0
LINE
8
BLACK
6
CONTINUOUS
10
40.6030099999999976
20
-8.8167419999999996
11
40.4125340000000008
21
-8.7215039999999995
0
LINE
8
BLACK
6
CONTINUOUS
10
40.4125340000000008
20
-8.7215039999999995
11
40.1268189999999976
21
-8.7215039999999995
0
LINE
8
BLACK
6
CONTINUOUS
10
40.1268189999999976
20
-8.7215039999999995
11
39.9363430000000008
21
-8.8167419999999996
0
LINE
8
BLACK
6
CONTINUOUS
10
39.9363430000000008
20
-8.8167419999999996
11
39.8411049999999989
21
-8.9119799999999998
0
LINE
8
BLACK
6
CONTINUOUS
10
41.9363430000000008
20
-10.0548380000000002
11
41.7458669999999969
21
-9.9596
0
LINE
8
BLACK
6
CONTINUOUS
10
41.7458669999999969
20
-9.9596
11
41.650628999999995
21
-9.8643609999999988
0
LINE
8
BLACK
6
CONTINUOUS
10
41.650628999999995
20
-9.8643609999999988
11
41.5553910000000002
21
-9.6738850000000003
0
LINE
8
BLACK
6
CONTINUOUS
10
41.5553910000000002
20
-9.6738850000000003
11
41.5553910000000002
21
-9.1024569999999994
0
LINE
8
BLACK
6
CONTINUOUS
10
41.5553910000000002
20
-9.1024569999999994
11
41.650628999999995
21
-8.9119799999999998
0
LINE
8
BLACK
6
CONTINUOUS
10
41.650628999999995
20
-8.9119799999999998
11
41.7458669999999969
21
-8.8167419999999996
0
LINE
8
BLACK
6
CONTINUOUS
10
41.7458669999999969
20
-8.8167419999999996
11
41.9363430000000008
21
-8.7215039999999995
0
LINE
8
BLACK
6
CONTINUOUS
10
41.9363430000000008
20
-8.7215039999999995
11
42.222057999999997
21
-8.7215039999999995
0
LINE
8
BLACK
6
CONTINUOUS
10
42.222057999999997
20
-8.7215039999999995
11
42.4125340000000008
21
-8.8167419999999996
0
LINE
8
BLACK
6
CONTINUOUS
10
42.4125340000000008
20
-8.8167419999999996
11
42.5077719999999957
21
-8.9119799999999998
0
LINE
8
BLACK
6
CONTINUOUS
10
42.5077719999999957
20
-8.9119799999999998
11
42.6030099999999976
21
-9.1024569999999994
0
LINE
8
BLACK
6
CONTINUOUS
10
42.6030099999999976
20
-9.1024569999999994
11
42.6030099999999976
21
-9.6738850000000003
0
LINE
8
BLACK
6
CONTINUOUS
10
42.6030099999999976
20
-9.6738850000000003
11
42.5077719999999957
21
-9.8643609999999988
0
LINE
8
BLACK
6
CONTINUOUS
10
42.5077719999999957
20
-9.8643609999999988
11
42.4125340000000008
21
-9.9596
0
LINE
8
BLACK
6
CONTINUOUS
10
42.4125340000000008
20
-9.9596
11
42.222057999999997
21
-10.0548380000000002
0
LINE
8
BLACK
6
CONTINUOUS
10
42.222057999999997
20
-10.0548380000000002
11
41.9363430000000008
21
-10.0548380000000002
0
LINE
8
BLACK
6
CONTINUOUS
10
43.7458669999999969
20
-10.0548380000000002
11
43.5553910000000002
21
-9.9596
0
LINE
8
BLACK
6
CONTINUOUS
10
43.5553910000000002
20
-9.9596
11
43.4601529999999983
21
-9.7691230000000004
0
LINE
8
BLACK
6
CONTINUOUS
10
43.4601529999999983
20
-9.7691230000000004
11
43.4601529999999983
21
-8.0548380000000002
0
LINE
8
BLACK
6
CONTINUOUS
10
45.2696770000000015
20
-9.9596
11
45.0792009999999976
21
-10.0548380000000002
0
LINE
8
BLACK
6
CONTINUOUS
10
45.0792009999999976
20
-10.0548380000000002
11
44.6982479999999995
21
-10.0548380000000002
0
LINE
8
BLACK
6
CONTINUOUS
10
44.6982479999999995
20
-10.0548380000000002
11
44.5077719999999957
21
-9.9596
0
LINE
8
BLACK
6
CONTINUOUS
10
44.5077719999999957
20
-9.9596
11
44.4125340000000008
21
-9.7691230000000004
0
LINE
8
BLACK
6
CONTINUOUS
10
44.4125340000000008
20
-9.7691230000000004
11
44.4125340000000008
21
-9.0072189999999992
0
LINE
8
BLACK
6
CONTINUOUS
10
44.4125340000000008
20
-9.0072189999999992
11
44.5077719999999957
21
-8.8167419999999996
0
LINE
8
BLACK
6
CONTINUOUS
10
44.5077719999999957
20
-8.8167419999999996
11
44.6982479999999995
21
-8.7215039999999995
0
LINE
8
BLACK
6
CONTINUOUS
10
44.6982479999999995
20
-8.7215039999999995
11
45.0792009999999976
21
-8.7215039999999995
0
LINE
8
BLACK
6
CONTINUOUS
10
45.0792009999999976
20
-8.7215039999999995
11
45.2696770000000015
21
-8.8167419999999996
0
LINE
8
BLACK
6
CONTINUOUS
10
45.2696770000000015
20
-8.8167419999999996
11
45.3649149999999963
21
-9.0072189999999992
0
LINE
8
BLACK
6
CONTINUOUS
10
45.3649149999999963
20
-9.0072189999999992
11
45.3649149999999963
21
-9.1976949999999995
0
LINE
8
BLACK
6
CONTINUOUS
10
45.3649149999999963
20
-9.1976949999999995
11
44.4125340000000008
21
-9.3881709999999998
0
LINE
8
BLACK
6
CONTINUOUS
10
46.126819999999995
20
-9.9596
11
46.3172959999999989
21
-10.0548380000000002
0
LINE
8
BLACK
6
CONTINUOUS
10
46.3172959999999989
20
-10.0548380000000002
11
46.6982479999999995
21
-10.0548380000000002
0
LINE
8
BLACK
6
CONTINUOUS
10
46.6982479999999995
20
-10.0548380000000002
11
46.8887250000000009
21
-9.9596
0
LINE
8
BLACK
6
CONTINUOUS
10
46.8887250000000009
20
-9.9596
11
46.9839629999999957
21
-9.7691230000000004
0
LINE
8
BLACK
6
CONTINUOUS
10
46.9839629999999957
20
-9.7691230000000004
11
46.9839629999999957
21
-9.6738850000000003
0
LINE
8
BLACK
6
CONTINUOUS
10
46.9839629999999957
20
-9.6738850000000003
11
46.8887250000000009
21
-9.483409
0
LINE
8
BLACK
6
CONTINUOUS
10
46.8887250000000009
20
-9.483409
11
46.6982479999999995
21
-9.3881709999999998
0
LINE
8
BLACK
6
CONTINUOUS
10
46.6982479999999995
20
-9.3881709999999998
11
46.4125340000000008
21
-9.3881709999999998
0
LINE
8
BLACK
6
CONTINUOUS
10
46.4125340000000008
20
-9.3881709999999998
11
46.222057999999997
21
-9.2929329999999997
0
LINE
8
BLACK
6
CONTINUOUS
10
46.222057999999997
20
-9.2929329999999997
11
46.126819999999995
21
-9.1024569999999994
0
LINE
8
BLACK
6
CONTINUOUS
10
46.126819999999995
20
-9.1024569999999994
11
46.126819999999995
21
-9.0072189999999992
0
LINE
8
BLACK
6
CONTINUOUS
10
46.126819999999995
20
-9.0072189999999992
11
46.222057999999997
21
-8.8167419999999996
0
LINE
8
BLACK
6
CONTINUOUS
10
46.222057999999997
20
-8.8167419999999996
11
46.4125340000000008
21
-8.7215039999999995
0
LINE
8
BLACK
6
CONTINUOUS
10
46.4125340000000008
20
-8.7215039999999995
11
46.6982479999999995
21
-8.7215039999999995
0
LINE
8
BLACK
6
CONTINUOUS
10
46.6982479999999995
20
-8.7215039999999995
11
46.8887250000000009
21
-8.8167419999999996
0
LINE
8
BLACK
6
CONTINUOUS
10
47.6506299999999996
20
-10.8167419999999996
11
47.7458679999999944
21
-10.7215039999999995
0
LINE
8
BLACK
6
CONTINUOUS
10
47.7458679999999944
20
-10.7215039999999995
11
47.9363439999999983
21
-10.435789999999999
0
LINE
8
BLACK
6
CONTINUOUS
10
47.9363439999999983
20
-10.435789999999999
11
48.0315820000000002
21
-10.2453139999999987
0
LINE
8
BLACK
6
CONTINUOUS
10
48.0315820000000002
20
-10.2453139999999987
11
48.126819999999995
21
-9.9596
0
LINE
8
BLACK
6
CONTINUOUS
10
48.126819999999995
20
-9.9596
11
48.222057999999997
21
-9.483409
0
LINE
8
BLACK
6
CONTINUOUS
10
48.222057999999997
20
-9.483409
11
48.222057999999997
21
-9.1024569999999994
0
LINE
8
BLACK
6
CONTINUOUS
10
48.222057999999997
20
-9.1024569999999994
11
48.126819999999995
21
-8.6262659999999993
0
LINE
8
BLACK
6
CONTINUOUS
10
48.126819999999995
20
-8.6262659999999993
11
48.0315820000000002
21
-8.3405519999999989
0
LINE
8
BLACK
6
CONTINUOUS
10
48.0315820000000002
20
-8.3405519999999989
11
47.9363439999999983
21
-8.1500760000000003
0
LINE
8
BLACK
6
CONTINUOUS
10
47.9363439999999983
20
-8.1500760000000003
11
47.7458679999999944
21
-7.8643609999999997
0
LINE
8
BLACK
6
CONTINUOUS
10
47.7458679999999944
20
-7.8643609999999997
11
47.6506299999999996
21
-7.7691229999999996
0
LINE
8
BLACK
6
CONTINUOUS
10
-0.62
20
-11.2599999999999998
11
-0.62
21
-12.2999999999999989
0
LINE
8
BLACK
6
CONTINUOUS
10
-1.1399999999999999
20
-11.7799999999999994
11
-0.1
21
-11.7799999999999994
0
LINE
8
BLACK
6
CONTINUOUS
10
3.5553869999999996
20
-12.694837999999999
11
2.4125299999999998
21
-12.694837999999999
0
LINE
8
BLACK
6
CONTINUOUS
10
2.9839579999999999
20
-12.694837999999999
11
2.9839579999999999
21
-10.694837999999999
0
LINE
8
BLACK
6
CONTINUOUS
10
2.9839579999999999
20
-10.694837999999999
11
2.793482
21
-10.9805519999999994
0
LINE
8
BLACK
6
CONTINUOUS
10
2.793482
20
-10.9805519999999994
11
2.6030059999999997
21
-11.1710279999999997
0
LINE
8
BLACK
6
CONTINUOUS
10
2.6030059999999997
20
-11.1710279999999997
11
2.4125299999999998
21
-11.2662659999999999
0
LINE
8
BLACK
6
CONTINUOUS
10
4.4125299999999994
20
-12.5043609999999994
11
4.5077679999999996
21
-12.5995999999999988
0
LINE
8
BLACK
6
CONTINUOUS
10
4.5077679999999996
20
-12.5995999999999988
11
4.4125299999999994
21
-12.694837999999999
0
LINE
8
BLACK
6
CONTINUOUS
10
4.4125299999999994
20
-12.694837999999999
11
4.3172920000000001
21
-12.5995999999999988
0
LINE
8
BLACK
6
CONTINUOUS
10
4.3172920000000001
20
-12.5995999999999988
11
4.4125299999999994
21
-12.5043609999999994
0
LINE
8
BLACK
6
CONTINUOUS
10
4.4125299999999994
20
-12.5043609999999994
11
4.4125299999999994
21
-12.694837999999999
0
LINE
8
BLACK
6
CONTINUOUS
10
5.7458629999999999
20
-10.694837999999999
11
5.9363399999999995
21
-10.694837999999999
0
LINE
8
BLACK
6
CONTINUOUS
10
5.9363399999999995
20
-10.694837999999999
11
6.1268159999999998
21
-10.7900759999999991
0
LINE
8
BLACK
6
CONTINUOUS
10
6.1268159999999998
20
-10.7900759999999991
11
6.222054
21
-10.8853139999999993
0
LINE
8
BLACK
6
CONTINUOUS
10
6.222054
20
-10.8853139999999993
11
6.3172920000000001
21
-11.0757899999999996
0
LINE
8
BLACK
6
CONTINUOUS
10
6.3172920000000001
20
-11.0757899999999996
11
6.4125299999999994
21
-11.4567420000000002
0
LINE
8
BLACK
6
CONTINUOUS
10
6.4125299999999994
20
-11.4567420000000002
11
6.4125299999999994
21
-11.9329330000000002
0
LINE
8
BLACK
6
CONTINUOUS
10
6.4125299999999994
20
-11.9329330000000002
11
6.3172920000000001
21
-12.3138849999999991
0
LINE
8
BLACK
6
CONTINUOUS
10
6.3172920000000001
20
-12.3138849999999991
11
6.222054
21
-12.5043609999999994
0
LINE
8
BLACK
6
CONTINUOUS
10
6.222054
20
-12.5043609999999994
11
6.1268159999999998
21
-12.5995999999999988
0
LINE
8
BLACK
6
CONTINUOUS
10
6.1268159999999998
20
-12.5995999999999988
11
5.9363399999999995
21
-12.694837999999999
0
LINE
8
BLACK
6
CONTINUOUS
10
5.9363399999999995
20
-12.694837999999999
11
5.7458629999999999
21
-12.694837999999999
0
LINE
8
BLACK
6
CONTINUOUS
10
5.7458629999999999
20
-12.694837999999999
11
5.5553869999999996
21
-12.5995999999999988
0
LINE
8
BLACK
6
CONTINUOUS
10
5.5553869999999996
20
-12.5995999999999988
11
5.4601489999999995
21
-12.5043609999999994
0
LINE
8
BLACK
6
CONTINUOUS
10
5.4601489999999995
20
-12.5043609999999994
11
5.3649109999999993
21
-12.3138849999999991
0
LINE
8
BLACK
6
CONTINUOUS
10
5.3649109999999993
20
-12.3138849999999991
11
5.2696730000000001
21
-11.9329330000000002
0
LINE
8
BLACK
6
CONTINUOUS
10
5.2696730000000001
20
-11.9329330000000002
11
5.2696730000000001
21
-11.4567420000000002
0
LINE
8
BLACK
6
CONTINUOUS
10
5.2696730000000001
20
-11.4567420000000002
11
5.3649109999999993
21
-11.0757899999999996
0
LINE
8
BLACK
6
CONTINUOUS
10
5.3649109999999993
20
-11.0757899999999996
11
5.4601489999999995
21
-10.8853139999999993
0
LINE
8
BLACK
6
CONTINUOUS
10
5.4601489999999995
20
-10.8853139999999993
11
5.5553869999999996
21
-10.7900759999999991
0
LINE
8
BLACK
6
CONTINUOUS
10
5.5553869999999996
20
-10.7900759999999991
11
5.7458629999999999
21
-10.694837999999999
0
LINE
8
BLACK
6
CONTINUOUS
10
8.1268159999999998
20
-11.361504
11
8.1268159999999998
21
-12.694837999999999
0
LINE
8
BLACK
6
CONTINUOUS
10
7.6506249999999998
20
-10.5995999999999988
11
7.1744349999999999
21
-12.0281709999999986
0
LINE
8
BLACK
6
CONTINUOUS
10
7.1744349999999999
20
-12.0281709999999986
11
8.4125300000000003
21
-12.0281709999999986
0
LINE
8
BLACK
6
CONTINUOUS
10
9.5553869999999996
20
-10.694837999999999
11
9.7458639999999992
21
-10.694837999999999
0
LINE
8
BLACK
6
CONTINUOUS
10
9.7458639999999992
20
-10.694837999999999
11
9.9363399999999995
21
-10.7900759999999991
0
LINE
8
BLACK
6
CONTINUOUS
10
9.9363399999999995
20
-10.7900759999999991
11
10.0315779999999997
21
-10.8853139999999993
0
LINE
8
BLACK
6
CONTINUOUS
10
10.0315779999999997
20
-10.8853139999999993
11
10.1268159999999998
21
-11.0757899999999996
0
LINE
8
BLACK
6
CONTINUOUS
10
10.1268159999999998
20
-11.0757899999999996
11
10.222054
21
-11.4567420000000002
0
LINE
8
BLACK
6
CONTINUOUS
10
10.222054
20
-11.4567420000000002
11
10.222054
21
-11.9329330000000002
0
LINE
8
BLACK
6
CONTINUOUS
10
10.222054
20
-11.9329330000000002
11
10.1268159999999998
21
-12.3138849999999991
0
LINE
8
BLACK
6
CONTINUOUS
10
10.1268159999999998
20
-12.3138849999999991
11
10.0315779999999997
21
-12.5043609999999994
0
LINE
8
BLACK
6
CONTINUOUS
10
10.0315779999999997
20
-12.5043609999999994
11
9.9363399999999995
21
-12.5995999999999988
0
LINE
8
BLACK
6
CONTINUOUS
10
9.9363399999999995
20
-12.5995999999999988
11
9.7458639999999992
21
-12.694837999999999
0
LINE
8
BLACK
6
CONTINUOUS
10
9.7458639999999992
20
-12.694837999999999
11
9.5553869999999996
21
-12.694837999999999
0
LINE
8
BLACK
6
CONTINUOUS
10
9.5553869999999996
20
-12.694837999999999
11
9.3649109999999993
21
-12.5995999999999988
0
LINE
8
BLACK
6
CONTINUOUS
10
9.3649109999999993
20
-12.5995999999999988
11
9.2696729999999992
21
-12.5043609999999994
0
LINE
8
BLACK
6
CONTINUOUS
10
9.2696729999999992
20
-12.5043609999999994
11
9.174434999999999
21
-12.3138849999999991
0
LINE
8
BLACK
6
CONTINUOUS
10
9.174434999999999
20
-12.3138849999999991
11
9.0791969999999989
21
-11.9329330000000002
0
LINE
8
BLACK
6
CONTINUOUS
10
9.0791969999999989
20
-11.9329330000000002
11
9.0791969999999989
21
-11.4567420000000002
0
LINE
8
BLACK
6
CONTINUOUS
10
9.0791969999999989
20
-11.4567420000000002
11
9.174434999999999
21
-11.0757899999999996
0
LINE
8
BLACK
6
CONTINUOUS
10
9.174434999999999
20
-11.0757899999999996
11
9.2696729999999992
21
-10.8853139999999993
0
LINE
8
BLACK
6
CONTINUOUS
10
9.2696729999999992
20
-10.8853139999999993
11
9.3649109999999993
21
-10.7900759999999991
0
LINE
8
BLACK
6
CONTINUOUS
10
9.3649109999999993
20
-10.7900759999999991
11
9.5553869999999996
21
-10.694837999999999
0
LINE
8
BLACK
6
CONTINUOUS
10
11.0791969999999989
20
-12.694837999999999
11
11.0791969999999989
21
-11.361504
0
LINE
8
BLACK
6
CONTINUOUS
10
11.0791969999999989
20
-11.5519800000000004
11
11.174434999999999
21
-11.4567420000000002
0
LINE
8
BLACK
6
CONTINUOUS
10
11.174434999999999
20
-11.4567420000000002
11
11.3649109999999993
21
-11.361504
0
LINE
8
BLACK
6
CONTINUOUS
10
11.3649109999999993
20
-11.361504
11
11.650625999999999
21
-11.361504
0
LINE
8
BLACK
6
CONTINUOUS
10
11.650625999999999
20
-11.361504
11
11.8411019999999994
21
-11.4567420000000002
0
LINE
8
BLACK
6
CONTINUOUS
10
11.8411019999999994
20
-11.4567420000000002
11
11.9363399999999995
21
-11.6472189999999998
0
LINE
8
BLACK
6
CONTINUOUS
10
11.9363399999999995
20
-11.6472189999999998
11
11.9363399999999995
21
-12.694837999999999
0
LINE
8
BLACK
6
CONTINUOUS
10
11.9363399999999995
20
-11.6472189999999998
11
12.0315779999999997
21
-11.4567420000000002
0
LINE
8
BLACK
6
CONTINUOUS
10
12.0315779999999997
20
-11.4567420000000002
11
12.222054
21
-11.361504
0
LINE
8
BLACK
6
CONTINUOUS
10
12.222054
20
-11.361504
11
12.5077679999999987
21
-11.361504
0
LINE
8
BLACK
6
CONTINUOUS
10
12.5077679999999987
20
-11.361504
11
12.698245
21
-11.4567420000000002
0
LINE
8
BLACK
6
CONTINUOUS
10
12.698245
20
-11.4567420000000002
11
12.7934830000000002
21
-11.6472189999999998
0
LINE
8
BLACK
6
CONTINUOUS
10
12.7934830000000002
20
-11.6472189999999998
11
12.7934830000000002
21
-12.694837999999999
0
LINE
8
BLACK
6
CONTINUOUS
10
13.7458639999999992
20
-12.694837999999999
11
13.7458639999999992
21
-11.361504
0
LINE
8
BLACK
6
CONTINUOUS
10
13.7458639999999992
20
-11.5519800000000004
11
13.8411019999999994
21
-11.4567420000000002
0
LINE
8
BLACK
6
CONTINUOUS
10
13.8411019999999994
20
-11.4567420000000002
11
14.0315779999999997
21
-11.361504
0
LINE
8
BLACK
6
CONTINUOUS
10
14.0315779999999997
20
-11.361504
11
14.3172929999999994
21
-11.361504
0
LINE
8
BLACK
6
CONTINUOUS
10
14.3172929999999994
20
-11.361504
11
14.5077689999999997
21
-11.4567420000000002
0
LINE
8
BLACK
6
CONTINUOUS
10
14.5077689999999997
20
-11.4567420000000002
11
14.6030069999999998
21
-11.6472189999999998
0
LINE
8
BLACK
6
CONTINUOUS
10
14.6030069999999998
20
-11.6472189999999998
11
14.6030069999999998
21
-12.694837999999999
0
LINE
8
BLACK
6
CONTINUOUS
10
14.6030069999999998
20
-11.6472189999999998
11
14.698245
21
-11.4567420000000002
0
LINE
8
BLACK
6
CONTINUOUS
10
14.698245
20
-11.4567420000000002
11
14.8887209999999985
21
-11.361504
0
LINE
8
BLACK
6
CONTINUOUS
10
14.8887209999999985
20
-11.361504
11
15.174434999999999
21
-11.361504
0
LINE
8
BLACK
6
CONTINUOUS
10
15.174434999999999
20
-11.361504
11
15.3649119999999986
21
-11.4567420000000002
0
LINE
8
BLACK
6
CONTINUOUS
10
15.3649119999999986
20
-11.4567420000000002
11
15.4601499999999987
21
-11.6472189999999998
0
LINE
8
BLACK
6
CONTINUOUS
10
15.4601499999999987
20
-11.6472189999999998
11
15.4601499999999987
21
-12.694837999999999
0
LINE
8
BLACK
6
CONTINUOUS
10
19.3649120000000003
20
-10.5995999999999988
11
17.6506270000000001
21
-13.1710279999999997
0
LINE
8
BLACK
6
CONTINUOUS
10
21.9363409999999988
20
-10.694837999999999
11
22.1268180000000001
21
-10.694837999999999
0
LINE
8
BLACK
6
CONTINUOUS
10
22.1268180000000001
20
-10.694837999999999
11
22.3172940000000004
21
-10.7900759999999991
0
LINE
8
BLACK
6
CONTINUOUS
10
22.3172940000000004
20
-10.7900759999999991
11
22.4125319999999988
21
-10.8853139999999993
0
LINE
8
BLACK
6
CONTINUOUS
10
22.4125319999999988
20
-10.8853139999999993
11
22.5077700000000007
21
-11.0757899999999996
0
LINE
8
BLACK
6
CONTINUOUS
10
22.5077700000000007
20
-11.0757899999999996
11
22.6030079999999991
21
-11.4567420000000002
0
LINE
8
BLACK
6
CONTINUOUS
10
22.6030079999999991
20
-11.4567420000000002
11
22.6030079999999991
21
-11.9329330000000002
0
LINE
8
BLACK
6
CONTINUOUS
10
22.6030079999999991
20
-11.9329330000000002
11
22.5077700000000007
21
-12.3138849999999991
0
LINE
8
BLACK
6
CONTINUOUS
10
22.5077700000000007
20
-12.3138849999999991
11
22.4125319999999988
21
-12.5043609999999994
0
LINE
8
BLACK
6
CONTINUOUS
10
22.4125319999999988
20
-12.5043609999999994
11
22.3172940000000004
21
-12.5995999999999988
0
LINE
8
BLACK
6
CONTINUOUS
10
22.3172940000000004
20
-12.5995999999999988
11
22.1268180000000001
21
-12.694837999999999
0
LINE
8
BLACK
6
CONTINUOUS
10
22.1268180000000001
20
-12.694837999999999
11
21.9363409999999988
21
-12.694837999999999
0
LINE
8
BLACK
6
CONTINUOUS
10
21.9363409999999988
20
-12.694837999999999
11
21.7458649999999984
21
-12.5995999999999988
0
LINE
8
BLACK
6
CONTINUOUS
10
21.7458649999999984
20
-12.5995999999999988
11
21.6506270000000001
21
-12.5043609999999994
0
LINE
8
BLACK
6
CONTINUOUS
10
21.6506270000000001
20
-12.5043609999999994
11
21.5553889999999981
21
-12.3138849999999991
0
LINE
8
BLACK
6
CONTINUOUS
10
21.5553889999999981
20
-12.3138849999999991
11
21.4601509999999998
21
-11.9329330000000002
0
LINE
8
BLACK
6
CONTINUOUS
10
21.4601509999999998
20
-11.9329330000000002
11
21.4601509999999998
21
-11.4567420000000002
0
LINE
8
BLACK
6
CONTINUOUS
10
21.4601509999999998
20
-11.4567420000000002
11
21.5553889999999981
21
-11.0757899999999996
0
LINE
8
BLACK
6
CONTINUOUS
10
21.5553889999999981
20
-11.0757899999999996
11
21.6506270000000001
21
-10.8853139999999993
0
LINE
8
BLACK
6
CONTINUOUS
10
21.6506270000000001
20
-10.8853139999999993
11
21.7458649999999984
21
-10.7900759999999991
0
LINE
8
BLACK
6
CONTINUOUS
10
21.7458649999999984
20
-10.7900759999999991
11
21.9363409999999988
21
-10.694837999999999
0
LINE
8
BLACK
6
CONTINUOUS
10
23.4601509999999998
20
-12.5043609999999994
11
23.5553889999999981
21
-12.5995999999999988
0
LINE
8
BLACK
6
CONTINUOUS
10
23.5553889999999981
20
-12.5995999999999988
11
23.4601509999999998
21
-12.694837999999999
0
LINE
8
BLACK
6
CONTINUOUS
10
23.4601509999999998
20
-12.694837999999999
11
23.3649129999999978
21
-12.5995999999999988
0
LINE
8
BLACK
6
CONTINUOUS
10
23.3649129999999978
20
-12.5995999999999988
11
23.4601509999999998
21
-12.5043609999999994
0
LINE
8
BLACK
6
CONTINUOUS
10
23.4601509999999998
20
-12.5043609999999994
11
23.4601509999999998
21
-12.694837999999999
0
LINE
8
BLACK
6
CONTINUOUS
10
24.7934839999999994
20
-10.694837999999999
11
24.9839609999999972
21
-10.694837999999999
0
LINE
8
BLACK
6
CONTINUOUS
10
24.9839609999999972
20
-10.694837999999999
11
25.1744369999999975
21
-10.7900759999999991
0
LINE
8
BLACK
6
CONTINUOUS
10
25.1744369999999975
20
-10.7900759999999991
11
25.2696749999999994
21
-10.8853139999999993
0
LINE
8
BLACK
6
CONTINUOUS
10
25.2696749999999994
20
-10.8853139999999993
11
25.3649129999999978
21
-11.0757899999999996
0
LINE
8
BLACK
6
CONTINUOUS
10
25.3649129999999978
20
-11.0757899999999996
11
25.4601509999999998
21
-11.4567420000000002
0
LINE
8
BLACK
6
CONTINUOUS
10
25.4601509999999998
20
-11.4567420000000002
11
25.4601509999999998
21
-11.9329330000000002
0
LINE
8
BLACK
6
CONTINUOUS
10
25.4601509999999998
20
-11.9329330000000002
11
25.3649129999999978
21
-12.3138849999999991
0
LINE
8
BLACK
6
CONTINUOUS
10
25.3649129999999978
20
-12.3138849999999991
11
25.2696749999999994
21
-12.5043609999999994
0
LINE
8
BLACK
6
CONTINUOUS
10
25.2696749999999994
20
-12.5043609999999994
11
25.1744369999999975
21
-12.5995999999999988
0
LINE
8
BLACK
6
CONTINUOUS
10
25.1744369999999975
20
-12.5995999999999988
11
24.9839609999999972
21
-12.694837999999999
0
LINE
8
BLACK
6
CONTINUOUS
10
24.9839609999999972
20
-12.694837999999999
11
24.7934839999999994
21
-12.694837999999999
0
LINE
8
BLACK
6
CONTINUOUS
10
24.7934839999999994
20
-12.694837999999999
11
24.6030079999999991
21
-12.5995999999999988
0
LINE
8
BLACK
6
CONTINUOUS
10
24.6030079999999991
20
-12.5995999999999988
11
24.5077699999999972
21
-12.5043609999999994
0
LINE
8
BLACK
6
CONTINUOUS
10
24.5077699999999972
20
-12.5043609999999994
11
24.4125319999999988
21
-12.3138849999999991
0
LINE
8
BLACK
6
CONTINUOUS
10
24.4125319999999988
20
-12.3138849999999991
11
24.3172940000000004
21
-11.9329330000000002
0
LINE
8
BLACK
6
CONTINUOUS
10
24.3172940000000004
20
-11.9329330000000002
11
24.3172940000000004
21
-11.4567420000000002
0
LINE
8
BLACK
6
CONTINUOUS
10
24.3172940000000004
20
-11.4567420000000002
11
24.4125319999999988
21
-11.0757899999999996
0
LINE
8
BLACK
6
CONTINUOUS
10
24.4125319999999988
20
-11.0757899999999996
11
24.5077699999999972
21
-10.8853139999999993
0
LINE
8
BLACK
6
CONTINUOUS
10
24.5077699999999972
20
-10.8853139999999993
11
24.6030079999999991
21
-10.7900759999999991
0
LINE
8
BLACK
6
CONTINUOUS
10
24.6030079999999991
20
-10.7900759999999991
11
24.7934839999999994
21
-10.694837999999999
0
LINE
8
BLACK
6
CONTINUOUS
10
27.1744369999999975
20
-11.361504
11
27.1744369999999975
21
-12.694837999999999
0
LINE
8
BLACK
6
CONTINUOUS
10
26.6982459999999975
20
-10.5995999999999988
11
26.2220559999999985
21
-12.0281709999999986
0
LINE
8
BLACK
6
CONTINUOUS
10
26.2220559999999985
20
-12.0281709999999986
11
27.4601509999999998
21
-12.0281709999999986
0
LINE
8
BLACK
6
CONTINUOUS
10
28.6030079999999991
20
-10.694837999999999
11
28.7934850000000004
21
-10.694837999999999
0
LINE
8
BLACK
6
CONTINUOUS
10
28.7934850000000004
20
-10.694837999999999
11
28.9839609999999972
21
-10.7900759999999991
0
LINE
8
BLACK
6
CONTINUOUS
10
28.9839609999999972
20
-10.7900759999999991
11
29.0791989999999991
21
-10.8853139999999993
0
LINE
8
BLACK
6
CONTINUOUS
10
29.0791989999999991
20
-10.8853139999999993
11
29.1744369999999975
21
-11.0757899999999996
0
LINE
8
BLACK
6
CONTINUOUS
10
29.1744369999999975
20
-11.0757899999999996
11
29.2696749999999994
21
-11.4567420000000002
0
LINE
8
BLACK
6
CONTINUOUS
10
29.2696749999999994
20
-11.4567420000000002
11
29.2696749999999994
21
-11.9329330000000002
0
LINE
8
BLACK
6
CONTINUOUS
10
29.2696749999999994
20
-11.9329330000000002
11
29.1744369999999975
21
-12.3138849999999991
0
LINE
8
BLACK
6
CONTINUOUS
10
29.1744369999999975
20
-12.3138849999999991
11
29.0791989999999991
21
-12.5043609999999994
0
LINE
8
BLACK
6
CONTINUOUS
10
29.0791989999999991
20
-12.5043609999999994
11
28.9839609999999972
21
-12.5995999999999988
0
LINE
8
BLACK
6
CONTINUOUS
10
28.9839609999999972
20
-12.5995999999999988
11
28.7934850000000004
21
-12.694837999999999
0
LINE
8
BLACK
6
CONTINUOUS
10
28.7934850000000004
20
-12.694837999999999
11
28.6030079999999991
21
-12.694837999999999
0
LINE
8
BLACK
6
CONTINUOUS
10
28.6030079999999991
20
-12.694837999999999
11
28.4125319999999988
21
-12.5995999999999988
0
LINE
8
BLACK
6
CONTINUOUS
10
28.4125319999999988
20
-12.5995999999999988
11
28.3172940000000004
21
-12.5043609999999994
0
LINE
8
BLACK
6
CONTINUOUS
10
28.3172940000000004
20
-12.5043609999999994
11
28.2220559999999985
21
-12.3138849999999991
0
LINE
8
BLACK
6
CONTINUOUS
10
28.2220559999999985
20
-12.3138849999999991
11
28.1268180000000001
21
-11.9329330000000002
0
LINE
8
BLACK
6
CONTINUOUS
10
28.1268180000000001
20
-11.9329330000000002
11
28.1268180000000001
21
-11.4567420000000002
0
LINE
8
BLACK
6
CONTINUOUS
10
28.1268180000000001
20
-11.4567420000000002
11
28.2220559999999985
21
-11.0757899999999996
0
LINE
8
BLACK
6
CONTINUOUS
10
28.2220559999999985
20
-11.0757899999999996
11
28.3172940000000004
21
-10.8853139999999993
0
LINE
8
BLACK
6
CONTINUOUS
10
28.3172940000000004
20
-10.8853139999999993
11
28.4125319999999988
21
-10.7900759999999991
0
LINE
8
BLACK
6
CONTINUOUS
10
28.4125319999999988
20
-10.7900759999999991
11
28.6030079999999991
21
-10.694837999999999
0
LINE
8
BLACK
6
CONTINUOUS
10
30.2220559999999985
20
-12.694837999999999
11
30.6030079999999991
21
-12.694837999999999
0
LINE
8
BLACK
6
CONTINUOUS
10
30.6030079999999991
20
-12.694837999999999
11
30.7934849999999969
21
-12.5995999999999988
0
LINE
8
BLACK
6
CONTINUOUS
10
30.7934849999999969
20
-12.5995999999999988
11
30.8887229999999988
21
-12.5043609999999994
0
LINE
8
BLACK
6
CONTINUOUS
10
30.8887229999999988
20
-12.5043609999999994
11
31.0791989999999991
21
-12.2186469999999989
0
LINE
8
BLACK
6
CONTINUOUS
10
31.0791989999999991
20
-12.2186469999999989
11
31.1744369999999975
21
-11.8376950000000001
0
LINE
8
BLACK
6
CONTINUOUS
10
31.1744369999999975
20
-11.8376950000000001
11
31.1744369999999975
21
-11.0757899999999996
0
LINE
8
BLACK
6
CONTINUOUS
10
31.1744369999999975
20
-11.0757899999999996
11
31.0791989999999991
21
-10.8853139999999993
0
LINE
8
BLACK
6
CONTINUOUS
10
31.0791989999999991
20
-10.8853139999999993
11
30.9839609999999972
21
-10.7900759999999991
0
LINE
8
BLACK
6
CONTINUOUS
10
30.9839609999999972
20
-10.7900759999999991
11
30.7934849999999969
21
-10.694837999999999
0
LINE
8
BLACK
6
CONTINUOUS
10
30.7934849999999969
20
-10.694837999999999
11
30.4125319999999988
21
-10.694837999999999
0
LINE
8
BLACK
6
CONTINUOUS
10
30.4125319999999988
20
-10.694837999999999
11
30.2220559999999985
21
-10.7900759999999991
0
LINE
8
BLACK
6
CONTINUOUS
10
30.2220559999999985
20
-10.7900759999999991
11
30.1268180000000001
21
-10.8853139999999993
0
LINE
8
BLACK
6
CONTINUOUS
10
30.1268180000000001
20
-10.8853139999999993
11
30.0315799999999982
21
-11.0757899999999996
0
LINE
8
BLACK
6
CONTINUOUS
10
30.0315799999999982
20
-11.0757899999999996
11
30.0315799999999982
21
-11.5519800000000004
0
LINE
8
BLACK
6
CONTINUOUS
10
30.0315799999999982
20
-11.5519800000000004
11
30.1268180000000001
21
-11.7424569999999999
0
LINE
8
BLACK
6
CONTINUOUS
10
30.1268180000000001
20
-11.7424569999999999
11
30.2220559999999985
21
-11.8376950000000001
0
LINE
8
BLACK
6
CONTINUOUS
10
30.2220559999999985
20
-11.8376950000000001
11
30.4125319999999988
21
-11.9329330000000002
0
LINE
8
BLACK
6
CONTINUOUS
10
30.4125319999999988
20
-11.9329330000000002
11
30.7934849999999969
21
-11.9329330000000002
0
LINE
8
BLACK
6
CONTINUOUS
10
30.7934849999999969
20
-11.9329330000000002
11
30.9839609999999972
21
-11.8376950000000001
0
LINE
8
BLACK
6
CONTINUOUS
10
30.9839609999999972
20
-11.8376950000000001
11
31.0791989999999991
21
-11.7424569999999999
0
LINE
8
BLACK
6
CONTINUOUS
10
31.0791989999999991
20
-11.7424569999999999
11
31.1744369999999975
21
-11.5519800000000004
0
LINE
8
BLACK
6
CONTINUOUS
10
31.9363419999999998
20
-10.694837999999999
11
31.9363419999999998
21
-11.0757899999999996
0
LINE
8
BLACK
6
CONTINUOUS
10
32.6982470000000021
20
-10.694837999999999
11
32.6982470000000021
21
-11.0757899999999996
0
LINE
8
BLACK
6
CONTINUOUS
10
35.650628999999995
20
-13.4567420000000002
11
35.5553899999999956
21
-13.361504
0
LINE
8
BLACK
6
CONTINUOUS
10
35.5553899999999956
20
-13.361504
11
35.3649139999999989
21
-13.0757899999999996
0
LINE
8
BLACK
6
CONTINUOUS
10
35.3649139999999989
20
-13.0757899999999996
11
35.2696759999999969
21
-12.8853139999999993
0
LINE
8
BLACK
6
CONTINUOUS
10
35.2696759999999969
20
-12.8853139999999993
11
35.174437999999995
21
-12.5995999999999988
0
LINE
8
BLACK
6
CONTINUOUS
10
35.174437999999995
20
-12.5995999999999988
11
35.0792000000000002
21
-12.1234089999999988
0
LINE
8
BLACK
6
CONTINUOUS
10
35.0792000000000002
20
-12.1234089999999988
11
35.0792000000000002
21
-11.7424569999999999
0
LINE
8
BLACK
6
CONTINUOUS
10
35.0792000000000002
20
-11.7424569999999999
11
35.174437999999995
21
-11.2662659999999999
0
LINE
8
BLACK
6
CONTINUOUS
10
35.174437999999995
20
-11.2662659999999999
11
35.2696759999999969
21
-10.9805519999999994
0
LINE
8
BLACK
6
CONTINUOUS
10
35.2696759999999969
20
-10.9805519999999994
11
35.3649139999999989
21
-10.7900759999999991
0
LINE
8
BLACK
6
CONTINUOUS
10
35.3649139999999989
20
-10.7900759999999991
11
35.5553899999999956
21
-10.5043609999999994
0
LINE
8
BLACK
6
CONTINUOUS
10
35.5553899999999956
20
-10.5043609999999994
11
35.650628999999995
21
-10.4091229999999992
0
LINE
8
BLACK
6
CONTINUOUS
10
36.2220569999999995
20
-10.694837999999999
11
37.4601520000000008
21
-10.694837999999999
0
LINE
8
BLACK
6
CONTINUOUS
10
37.4601520000000008
20
-10.694837999999999
11
36.7934849999999969
21
-11.4567420000000002
0
LINE
8
BLACK
6
CONTINUOUS
10
36.7934849999999969
20
-11.4567420000000002
11
37.0792000000000002
21
-11.4567420000000002
0
LINE
8
BLACK
6
CONTINUOUS
10
37.0792000000000002
20
-11.4567420000000002
11
37.2696759999999969
21
-11.5519800000000004
0
LINE
8
BLACK
6
CONTINUOUS
10
37.2696759999999969
20
-11.5519800000000004
11
37.3649139999999989
21
-11.6472189999999998
0
LINE
8
BLACK
6
CONTINUOUS
10
37.3649139999999989
20
-11.6472189999999998
11
37.4601520000000008
21
-11.8376950000000001
0
LINE
8
BLACK
6
CONTINUOUS
10
37.4601520000000008
20
-11.8376950000000001
11
37.4601520000000008
21
-12.3138849999999991
0
LINE
8
BLACK
6
CONTINUOUS
10
37.4601520000000008
20
-12.3138849999999991
11
37.3649139999999989
21
-12.5043609999999994
0
LINE
8
BLACK
6
CONTINUOUS
10
37.3649139999999989
20
-12.5043609999999994
11
37.2696759999999969
21
-12.5995999999999988
0
LINE
8
BLACK
6
CONTINUOUS
10
37.2696759999999969
20
-12.5995999999999988
11
37.0792000000000002
21
-12.694837999999999
0
LINE
8
BLACK
6
CONTINUOUS
10
37.0792000000000002
20
-12.694837999999999
11
36.5077709999999982
21
-12.694837999999999
0
LINE
8
BLACK
6
CONTINUOUS
10
36.5077709999999982
20
-12.694837999999999
11
36.3172950000000014
21
-12.5995999999999988
0
LINE
8
BLACK
6
CONTINUOUS
10
36.3172950000000014
20
-12.5995999999999988
11
36.2220569999999995
21
-12.5043609999999994
0
LINE
8
BLACK
6
CONTINUOUS
10
39.174437999999995
20
-10.694837999999999
11
38.7934849999999969
21
-10.694837999999999
0
LINE
8
BLACK
6
CONTINUOUS
10
38.7934849999999969
20
-10.694837999999999
11
38.6030090000000001
21
-10.7900759999999991
0
LINE
8
BLACK
6
CONTINUOUS
10
38.6030090000000001
20
-10.7900759999999991
11
38.5077709999999982
21
-10.8853139999999993
0
LINE
8
BLACK
6
CONTINUOUS
10
38.5077709999999982
20
-10.8853139999999993
11
38.3172950000000014
21
-11.1710279999999997
0
LINE
8
BLACK
6
CONTINUOUS
10
38.3172950000000014
20
-11.1710279999999997
11
38.2220569999999995
21
-11.5519800000000004
0
LINE
8
BLACK
6
CONTINUOUS
10
38.2220569999999995
20
-11.5519800000000004
11
38.2220569999999995
21
-12.3138849999999991
0
LINE
8
BLACK
6
CONTINUOUS
10
38.2220569999999995
20
-12.3138849999999991
11
38.3172950000000014
21
-12.5043609999999994
0
LINE
8
BLACK
6
CONTINUOUS
10
38.3172950000000014
20
-12.5043609999999994
11
38.4125329999999963
21
-12.5995999999999988
0
LINE
8
BLACK
6
CONTINUOUS
10
38.4125329999999963
20
-12.5995999999999988
11
38.6030090000000001
21
-12.694837999999999
0
LINE
8
BLACK
6
CONTINUOUS
10
38.6030090000000001
20
-12.694837999999999
11
38.9839619999999982
21
-12.694837999999999
0
LINE
8
BLACK
6
CONTINUOUS
10
38.9839619999999982
20
-12.694837999999999
11
39.174437999999995
21
-12.5995999999999988
0
LINE
8
BLACK
6
CONTINUOUS
10
39.174437999999995
20
-12.5995999999999988
11
39.2696759999999969
21
-12.5043609999999994
0
LINE
8
BLACK
6
CONTINUOUS
10
39.2696759999999969
20
-12.5043609999999994
11
39.3649139999999989
21
-12.3138849999999991
0
LINE
8
BLACK
6
CONTINUOUS
10
39.3649139999999989
20
-12.3138849999999991
11
39.3649139999999989
21
-11.8376950000000001
0
LINE
8
BLACK
6
CONTINUOUS
10
39.3649139999999989
20
-11.8376950000000001
11
39.2696759999999969
21
-11.6472189999999998
0
LINE
8
BLACK
6
CONTINUOUS
10
39.2696759999999969
20
-11.6472189999999998
11
39.174437999999995
21
-11.5519800000000004
0
LINE
8
BLACK
6
CONTINUOUS
10
39.174437999999995
20
-11.5519800000000004
11
38.9839619999999982
21
-11.4567420000000002
0
LINE
8
BLACK
6
CONTINUOUS
10
38.9839619999999982
20
-11.4567420000000002
11
38.6030090000000001
21
-11.4567420000000002
0
LINE
8
BLACK
6
CONTINUOUS
10
38.6030090000000001
20
-11.4567420000000002
11
38.4125329999999963
21
-11.5519800000000004
0
LINE
8
BLACK
6
CONTINUOUS
10
38.4125329999999963
20
-11.5519800000000004
11
38.3172950000000014
21
-11.6472189999999998
0
LINE
8
BLACK
6
CONTINUOUS
10
38.3172950000000014
20
-11.6472189999999998
11
38.2220569999999995
21
-11.8376950000000001
0
LINE
8
BLACK
6
CONTINUOUS
10
41.7458669999999969
20
-12.694837999999999
11
41.7458669999999969
21
-10.694837999999999
0
LINE
8
BLACK
6
CONTINUOUS
10
42.6030099999999976
20
-12.694837999999999
11
42.6030099999999976
21
-11.6472189999999998
0
LINE
8
BLACK
6
CONTINUOUS
10
42.6030099999999976
20
-11.6472189999999998
11
42.5077719999999957
21
-11.4567420000000002
0
LINE
8
BLACK
6
CONTINUOUS
10
42.5077719999999957
20
-11.4567420000000002
11
42.3172959999999989
21
-11.361504
0
LINE
8
BLACK
6
CONTINUOUS
10
42.3172959999999989
20
-11.361504
11
42.0315809999999956
21
-11.361504
0
LINE
8
BLACK
6
CONTINUOUS
10
42.0315809999999956
20
-11.361504
11
41.8411049999999989
21
-11.4567420000000002
0
LINE
8
BLACK
6
CONTINUOUS
10
41.8411049999999989
20
-11.4567420000000002
11
41.7458669999999969
21
-11.5519800000000004
0
LINE
8
BLACK
6
CONTINUOUS
10
43.8411049999999989
20
-12.694837999999999
11
43.650628999999995
21
-12.5995999999999988
0
LINE
8
BLACK
6
CONTINUOUS
10
43.650628999999995
20
-12.5995999999999988
11
43.5553910000000002
21
-12.5043609999999994
0
LINE
8
BLACK
6
CONTINUOUS
10
43.5553910000000002
20
-12.5043609999999994
11
43.4601529999999983
21
-12.3138849999999991
0
LINE
8
BLACK
6
CONTINUOUS
10
43.4601529999999983
20
-12.3138849999999991
11
43.4601529999999983
21
-11.7424569999999999
0
LINE
8
BLACK
6
CONTINUOUS
10
43.4601529999999983
20
-11.7424569999999999
11
43.5553910000000002
21
-11.5519800000000004
0
LINE
8
BLACK
6
CONTINUOUS
10
43.5553910000000002
20
-11.5519800000000004
11
43.650628999999995
21
-11.4567420000000002
0
LINE
8
BLACK
6
CONTINUOUS
10
43.650628999999995
20
-11.4567420000000002
11
43.8411049999999989
21
-11.361504
0
LINE
8
BLACK
6
CONTINUOUS
10
43.8411049999999989
20
-11.361504
11
44.126819999999995
21
-11.361504
0
LINE
8
BLACK
6
CONTINUOUS
10
44.126819999999995
20
-11.361504
11
44.3172959999999989
21
-11.4567420000000002
0
LINE
8
BLACK
6
CONTINUOUS
10
44.3172959999999989
20
-11.4567420000000002
11
44.4125340000000008
21
-11.5519800000000004
0
LINE
8
BLACK
6
CONTINUOUS
10
44.4125340000000008
20
-11.5519800000000004
11
44.5077719999999957
21
-11.7424569999999999
0
LINE
8
BLACK
6
CONTINUOUS
10
44.5077719999999957
20
-11.7424569999999999
11
44.5077719999999957
21
-12.3138849999999991
0
LINE
8
BLACK
6
CONTINUOUS
10
44.5077719999999957
20
-12.3138849999999991
11
44.4125340000000008
21
-12.5043609999999994
0
LINE
8
BLACK
6
CONTINUOUS
10
44.4125340000000008
20
-12.5043609999999994
11
44.3172959999999989
21
-12.5995999999999988
0
LINE
8
BLACK
6
CONTINUOUS
10
44.3172959999999989
20
-12.5995999999999988
11
44.126819999999995
21
-12.694837999999999
0
LINE
8
BLACK
6
CONTINUOUS
10
44.126819999999995
20
-12.694837999999999
11
43.8411049999999989
21
-12.694837999999999
0
LINE
8
BLACK
6
CONTINUOUS
10
45.650628999999995
20
-12.694837999999999
11
45.4601529999999983
21
-12.5995999999999988
0
LINE
8
BLACK
6
CONTINUOUS
10
45.4601529999999983
20
-12.5995999999999988
11
45.3649149999999963
21
-12.4091229999999992
0
LINE
8
BLACK
6
CONTINUOUS
10
45.3649149999999963
20
-12.4091229999999992
11
45.3649149999999963
21
-10.694837999999999
0
LINE
8
BLACK
6
CONTINUOUS
10
47.1744389999999996
20
-12.5995999999999988
11
46.9839629999999957
21
-12.694837999999999
0
LINE
8
BLACK
6
CONTINUOUS
10
46.9839629999999957
20
-12.694837999999999
11
46.6030099999999976
21
-12.694837999999999
0
LINE
8
BLACK
6
CONTINUOUS
10
46.6030099999999976
20
-12.694837999999999
11
46.4125340000000008
21
-12.5995999999999988
0
LINE
8
BLACK
6
CONTINUOUS
10
46.4125340000000008
20
-12.5995999999999988
11
46.3172959999999989
21
-12.4091229999999992
0
LINE
8
BLACK
6
CONTINUOUS
10
46.3172959999999989
20
-12.4091229999999992
11
46.3172959999999989
21
-11.6472189999999998
0
LINE
8
BLACK
6
CONTINUOUS
10
46.3172959999999989
20
-11.6472189999999998
11
46.4125340000000008
21
-11.4567420000000002
0
LINE
8
BLACK
6
CONTINUOUS
10
46.4125340000000008
20
-11.4567420000000002
11
46.6030099999999976
21
-11.361504
0
LINE
8
BLACK
6
CONTINUOUS
10
46.6030099999999976
20
-11.361504
11
46.9839629999999957
21
-11.361504
0
LINE
8
BLACK
6
CONTINUOUS
10
46.9839629999999957
20
-11.361504
11
47.1744389999999996
21
-11.4567420000000002
0
LINE
8
BLACK
6
CONTINUOUS
10
47.1744389999999996
20
-11.4567420000000002
11
47.2696769999999944
21
-11.6472189999999998
0
LINE
8
BLACK
6
CONTINUOUS
10
47.2696769999999944
20
-11.6472189999999998
11
47.2696769999999944
21
-11.8376950000000001
0
LINE
8
BLACK
6
CONTINUOUS
10
47.2696769999999944
20
-11.8376950000000001
11
46.3172959999999989
21
-12.0281709999999986
0
LINE
8
BLACK
6
CONTINUOUS
10
48.0315820000000002
20
-12.5995999999999988
11
48.222057999999997
21
-12.694837999999999
0
LINE
8
BLACK
6
CONTINUOUS
10
48.222057999999997
20
-12.694837999999999
11
48.6030099999999976
21
-12.694837999999999
0
LINE
8
BLACK
6
CONTINUOUS
10
48.6030099999999976
20
-12.694837999999999
11
48.7934869999999989
21
-12.5995999999999988
0
LINE
8
BLACK
6
CONTINUOUS
10
48.7934869999999989
20
-12.5995999999999988
11
48.8887250000000009
21
-12.4091229999999992
0
LINE
8
BLACK
6
CONTINUOUS
10
48.8887250000000009
20
-12.4091229999999992
11
48.8887250000000009
21
-12.3138849999999991
0
LINE
8
BLACK
6
CONTINUOUS
10
48.8887250000000009
20
-12.3138849999999991
11
48.7934869999999989
21
-12.1234089999999988
0
LINE
8
BLACK
6
CONTINUOUS
10
48.7934869999999989
20
-12.1234089999999988
11
48.6030099999999976
21
-12.0281709999999986
0
LINE
8
BLACK
6
CONTINUOUS
10
48.6030099999999976
20
-12.0281709999999986
11
48.3172959999999989
21
-12.0281709999999986
0
LINE
8
BLACK
6
CONTINUOUS
10
48.3172959999999989
20
-12.0281709999999986
11
48.126819999999995
21
-11.9329330000000002
0
LINE
8
BLACK
6
CONTINUOUS
10
48.126819999999995
20
-11.9329330000000002
11
48.0315820000000002
21
-11.7424569999999999
0
LINE
8
BLACK
6
CONTINUOUS
10
48.0315820000000002
20
-11.7424569999999999
11
48.0315820000000002
21
-11.6472189999999998
0
LINE
8
BLACK
6
CONTINUOUS
10
48.0315820000000002
20
-11.6472189999999998
11
48.126819999999995
21
-11.4567420000000002
0
LINE
8
BLACK
6
CONTINUOUS
10
48.126819999999995
20
-11.4567420000000002
11
48.3172959999999989
21
-11.361504
0
LINE
8
BLACK
6
CONTINUOUS
10
48.3172959999999989
20
-11.361504
11
48.6030099999999976
21
-11.361504
0
LINE
8
BLACK
6
CONTINUOUS
10
48.6030099999999976
20
-11.361504
11
48.7934869999999989
21
-11.4567420000000002
0
LINE
8
BLACK
6
CONTINUOUS
10
49.5553919999999977
20
-13.4567420000000002
11
49.6506299999999996
21
-13.361504
0
LINE
8
BLACK
6
CONTINUOUS
10
49.6506299999999996
20
-13.361504
11
49.8411059999999964
21
-13.0757899999999996
0
LINE
8
BLACK
6
CONTINUOUS
10
49.8411059999999964
20
-13.0757899999999996
11
49.9363439999999983
21
-12.8853139999999993
0
LINE
8
BLACK
6
CONTINUOUS
10
49.9363439999999983
20
-12.8853139999999993
11
50.0315820000000002
21
-12.5995999999999988
0
LINE
8
BLACK
6
CONTINUOUS
10
50.0315820000000002
20
-12.5995999999999988
11
50.126819999999995
21
-12.1234089999999988
0
LINE
8
BLACK
6
CONTINUOUS
10
50.126819999999995
20
-12.1234089999999988
11
50.126819999999995
21
-11.7424569999999999
0
LINE
8
BLACK
6
CONTINUOUS
10
50.126819999999995
20
-11.7424569999999999
11
50.0315820000000002
21
-11.2662659999999999
0
LINE
8
BLACK
6
CONTINUOUS
10
50.0315820000000002
20
-11.2662659999999999
11
49.9363439999999983
21
-10.9805519999999994
0
LINE
8
BLACK
6
CONTINUOUS
10
49.9363439999999983
20
-10.9805519999999994
11
49.8411059999999964
21
-10.7900759999999991
0
LINE
8
BLACK
6
CONTINUOUS
10
49.8411059999999964
20
-10.7900759999999991
11
49.6506299999999996
21
-10.5043609999999994
0
LINE
8
BLACK
6
CONTINUOUS
10
49.6506299999999996
20
-10.5043609999999994
11
49.5553919999999977
21
-10.4091229999999992
0
LINE
8
BLACK
6
CONTINUOUS
10
-0.290376
20
-14.8796239999999997
11
-0.290376
21
-13.9603760000000001
0
LINE
8
BLACK
6
CONTINUOUS
10
-0.290376
20
-13.9603760000000001
11
-1.209624
21
-13.9603760000000001
0
LINE
8
BLACK
6
CONTINUOUS
10
-1.209624
20
-13.9603760000000001
11
-1.209624
21
-14.8796239999999997
0
LINE
8
BLACK
6
CONTINUOUS
10
-1.209624
20
-14.8796239999999997
11
-0.290376
21
-14.8796239999999997
0
LINE
8
BLACK
6
CONTINUOUS
10
3.5553869999999996
20
-15.3348379999999995
11
2.4125299999999998
21
-15.3348379999999995
0
LINE
8
BLACK
6
CONTINUOUS
10
2.9839579999999999
20
-15.3348379999999995
11
2.9839579999999999
21
-13.3348379999999995
0
LINE
8
BLACK
6
CONTINUOUS
10
2.9839579999999999
20
-13.3348379999999995
11
2.793482
21
-13.620552
0
LINE
8
BLACK
6
CONTINUOUS
10
2.793482
20
-13.620552
11
2.6030059999999997
21
-13.8110279999999985
0
LINE
8
BLACK
6
CONTINUOUS
10
2.6030059999999997
20
-13.8110279999999985
11
2.4125299999999998
21
-13.9062659999999987
0
LINE
8
BLACK
6
CONTINUOUS
10
4.4125299999999994
20
-15.144361
11
4.5077679999999996
21
-15.2395999999999994
0
LINE
8
BLACK
6
CONTINUOUS
10
4.5077679999999996
20
-15.2395999999999994
11
4.4125299999999994
21
-15.3348379999999995
0
LINE
8
BLACK
6
CONTINUOUS
10
4.4125299999999994
20
-15.3348379999999995
11
4.3172920000000001
21
-15.2395999999999994
0
LINE
8
BLACK
6
CONTINUOUS
10
4.3172920000000001
20
-15.2395999999999994
11
4.4125299999999994
21
-15.144361
0
LINE
8
BLACK
6
CONTINUOUS
10
4.4125299999999994
20
-15.144361
11
4.4125299999999994
21
-15.3348379999999995
0
LINE
8
BLACK
6
CONTINUOUS
10
5.1744349999999999
20
-13.3348379999999995
11
6.4125299999999994
21
-13.3348379999999995
0
LINE
8
BLACK
6
CONTINUOUS
10
6.4125299999999994
20
-13.3348379999999995
11
5.7458629999999999
21
-14.096741999999999
0
LINE
8
BLACK
6
CONTINUOUS
10
5.7458629999999999
20
-14.096741999999999
11
6.0315779999999997
21
-14.096741999999999
0
LINE
8
BLACK
6
CONTINUOUS
10
6.0315779999999997
20
-14.096741999999999
11
6.222054
21
-14.1919799999999992
0
LINE
8
BLACK
6
CONTINUOUS
10
6.222054
20
-14.1919799999999992
11
6.3172920000000001
21
-14.2872189999999986
0
LINE
8
BLACK
6
CONTINUOUS
10
6.3172920000000001
20
-14.2872189999999986
11
6.4125299999999994
21
-14.4776949999999989
0
LINE
8
BLACK
6
CONTINUOUS
10
6.4125299999999994
20
-14.4776949999999989
11
6.4125299999999994
21
-14.9538849999999996
0
LINE
8
BLACK
6
CONTINUOUS
10
6.4125299999999994
20
-14.9538849999999996
11
6.3172920000000001
21
-15.144361
0
LINE
8
BLACK
6
CONTINUOUS
10
6.3172920000000001
20
-15.144361
11
6.222054
21
-15.2395999999999994
0
LINE
8
BLACK
6
CONTINUOUS
10
6.222054
20
-15.2395999999999994
11
6.0315779999999997
21
-15.3348379999999995
0
LINE
8
BLACK
6
CONTINUOUS
10
6.0315779999999997
20
-15.3348379999999995
11
5.4601489999999995
21
-15.3348379999999995
0
LINE
8
BLACK
6
CONTINUOUS
10
5.4601489999999995
20
-15.3348379999999995
11
5.2696730000000001
21
-15.2395999999999994
0
LINE
8
BLACK
6
CONTINUOUS
10
5.2696730000000001
20
-15.2395999999999994
11
5.1744349999999999
21
-15.144361
0
LINE
8
BLACK
6
CONTINUOUS
10
7.6506249999999998
20
-13.3348379999999995
11
7.8411019999999994
21
-13.3348379999999995
0
LINE
8
BLACK
6
CONTINUOUS
10
7.8411019999999994
20
-13.3348379999999995
11
8.0315779999999997
21
-13.4300759999999997
0
LINE
8
BLACK
6
CONTINUOUS
10
8.0315779999999997
20
-13.4300759999999997
11
8.1268159999999998
21
-13.5253139999999998
0
LINE
8
BLACK
6
CONTINUOUS
10
8.1268159999999998
20
-13.5253139999999998
11
8.222054
21
-13.7157900000000001
0
LINE
8
BLACK
6
CONTINUOUS
10
8.222054
20
-13.7157900000000001
11
8.3172920000000001
21
-14.096741999999999
0
LINE
8
BLACK
6
CONTINUOUS
10
8.3172920000000001
20
-14.096741999999999
11
8.3172920000000001
21
-14.572932999999999
0
LINE
8
BLACK
6
CONTINUOUS
10
8.3172920000000001
20
-14.572932999999999
11
8.222054
21
-14.9538849999999996
0
LINE
8
BLACK
6
CONTINUOUS
10
8.222054
20
-14.9538849999999996
11
8.1268159999999998
21
-15.144361
0
LINE
8
BLACK
6
CONTINUOUS
10
8.1268159999999998
20
-15.144361
11
8.0315779999999997
21
-15.2395999999999994
0
LINE
8
BLACK
6
CONTINUOUS
10
8.0315779999999997
20
-15.2395999999999994
11
7.8411019999999994
21
-15.3348379999999995
0
LINE
8
BLACK
6
CONTINUOUS
10
7.8411019999999994
20
-15.3348379999999995
11
7.6506249999999998
21
-15.3348379999999995
0
LINE
8
BLACK
6
CONTINUOUS
10
7.6506249999999998
20
-15.3348379999999995
11
7.4601489999999995
21
-15.2395999999999994
0
LINE
8
BLACK
6
CONTINUOUS
10
7.4601489999999995
20
-15.2395999999999994
11
7.3649109999999993
21
-15.144361
0
LINE
8
BLACK
6
CONTINUOUS
10
7.3649109999999993
20
-15.144361
11
7.2696730000000001
21
-14.9538849999999996
0
LINE
8
BLACK
6
CONTINUOUS
10
7.2696730000000001
20
-14.9538849999999996
11
7.1744349999999999
21
-14.572932999999999
0
LINE
8
BLACK
6
CONTINUOUS
10
7.1744349999999999
20
-14.572932999999999
11
7.1744349999999999
21
-14.096741999999999
0
LINE
8
BLACK
6
CONTINUOUS
10
7.1744349999999999
20
-14.096741999999999
11
7.2696730000000001
21
-13.7157900000000001
0
LINE
8
BLACK
6
CONTINUOUS
10
7.2696730000000001
20
-13.7157900000000001
11
7.3649109999999993
21
-13.5253139999999998
0
LINE
8
BLACK
6
CONTINUOUS
10
7.3649109999999993
20
-13.5253139999999998
11
7.4601489999999995
21
-13.4300759999999997
0
LINE
8
BLACK
6
CONTINUOUS
10
7.4601489999999995
20
-13.4300759999999997
11
7.6506249999999998
21
-13.3348379999999995
0
LINE
8
BLACK
6
CONTINUOUS
10
9.5553869999999996
20
-13.3348379999999995
11
9.7458639999999992
21
-13.3348379999999995
0
LINE
8
BLACK
6
CONTINUOUS
10
9.7458639999999992
20
-13.3348379999999995
11
9.9363399999999995
21
-13.4300759999999997
0
LINE
8
BLACK
6
CONTINUOUS
10
9.9363399999999995
20
-13.4300759999999997
11
10.0315779999999997
21
-13.5253139999999998
0
LINE
8
BLACK
6
CONTINUOUS
10
10.0315779999999997
20
-13.5253139999999998
11
10.1268159999999998
21
-13.7157900000000001
0
LINE
8
BLACK
6
CONTINUOUS
10
10.1268159999999998
20
-13.7157900000000001
11
10.222054
21
-14.096741999999999
0
LINE
8
BLACK
6
CONTINUOUS
10
10.222054
20
-14.096741999999999
11
10.222054
21
-14.572932999999999
0
LINE
8
BLACK
6
CONTINUOUS
10
10.222054
20
-14.572932999999999
11
10.1268159999999998
21
-14.9538849999999996
0
LINE
8
BLACK
6
CONTINUOUS
10
10.1268159999999998
20
-14.9538849999999996
11
10.0315779999999997
21
-15.144361
0
LINE
8
BLACK
6
CONTINUOUS
10
10.0315779999999997
20
-15.144361
11
9.9363399999999995
21
-15.2395999999999994
0
LINE
8
BLACK
6
CONTINUOUS
10
9.9363399999999995
20
-15.2395999999999994
11
9.7458639999999992
21
-15.3348379999999995
0
LINE
8
BLACK
6
CONTINUOUS
10
9.7458639999999992
20
-15.3348379999999995
11
9.5553869999999996
21
-15.3348379999999995
0
LINE
8
BLACK
6
CONTINUOUS
10
9.5553869999999996
20
-15.3348379999999995
11
9.3649109999999993
21
-15.2395999999999994
0
LINE
8
BLACK
6
CONTINUOUS
10
9.3649109999999993
20
-15.2395999999999994
11
9.2696729999999992
21
-15.144361
0
LINE
8
BLACK
6
CONTINUOUS
10
9.2696729999999992
20
-15.144361
11
9.174434999999999
21
-14.9538849999999996
0
LINE
8
BLACK
6
CONTINUOUS
10
9.174434999999999
20
-14.9538849999999996
11
9.0791969999999989
21
-14.572932999999999
0
LINE
8
BLACK
6
CONTINUOUS
10
9.0791969999999989
20
-14.572932999999999
11
9.0791969999999989
21
-14.096741999999999
0
LINE
8
BLACK
6
CONTINUOUS
10
9.0791969999999989
20
-14.096741999999999
11
9.174434999999999
21
-13.7157900000000001
0
LINE
8
BLACK
6
CONTINUOUS
10
9.174434999999999
20
-13.7157900000000001
11
9.2696729999999992
21
-13.5253139999999998
0
LINE
8
BLACK
6
CONTINUOUS
10
9.2696729999999992
20
-13.5253139999999998
11
9.3649109999999993
21
-13.4300759999999997
0
LINE
8
BLACK
6
CONTINUOUS
10
9.3649109999999993
20
-13.4300759999999997
11
9.5553869999999996
21
-13.3348379999999995
0
LINE
8
BLACK
6
CONTINUOUS
10
11.0791969999999989
20
-15.3348379999999995
11
11.0791969999999989
21
-14.0015039999999988
0
LINE
8
BLACK
6
CONTINUOUS
10
11.0791969999999989
20
-14.1919799999999992
11
11.174434999999999
21
-14.096741999999999
0
LINE
8
BLACK
6
CONTINUOUS
10
11.174434999999999
20
-14.096741999999999
11
11.3649109999999993
21
-14.0015039999999988
0
LINE
8
BLACK
6
CONTINUOUS
10
11.3649109999999993
20
-14.0015039999999988
11
11.650625999999999
21
-14.0015039999999988
0
LINE
8
BLACK
6
CONTINUOUS
10
11.650625999999999
20
-14.0015039999999988
11
11.8411019999999994
21
-14.096741999999999
0
LINE
8
BLACK
6
CONTINUOUS
10
11.8411019999999994
20
-14.096741999999999
11
11.9363399999999995
21
-14.2872189999999986
0
LINE
8
BLACK
6
CONTINUOUS
10
11.9363399999999995
20
-14.2872189999999986
11
11.9363399999999995
21
-15.3348379999999995
0
LINE
8
BLACK
6
CONTINUOUS
10
11.9363399999999995
20
-14.2872189999999986
11
12.0315779999999997
21
-14.096741999999999
0
LINE
8
BLACK
6
CONTINUOUS
10
12.0315779999999997
20
-14.096741999999999
11
12.222054
21
-14.0015039999999988
0
LINE
8
BLACK
6
CONTINUOUS
10
12.222054
20
-14.0015039999999988
11
12.5077679999999987
21
-14.0015039999999988
0
LINE
8
BLACK
6
CONTINUOUS
10
12.5077679999999987
20
-14.0015039999999988
11
12.698245
21
-14.096741999999999
0
LINE
8
BLACK
6
CONTINUOUS
10
12.698245
20
-14.096741999999999
11
12.7934830000000002
21
-14.2872189999999986
0
LINE
8
BLACK
6
CONTINUOUS
10
12.7934830000000002
20
-14.2872189999999986
11
12.7934830000000002
21
-15.3348379999999995
0
LINE
8
BLACK
6
CONTINUOUS
10
13.7458639999999992
20
-15.3348379999999995
11
13.7458639999999992
21
-14.0015039999999988
0
LINE
8
BLACK
6
CONTINUOUS
10
13.7458639999999992
20
-14.1919799999999992
11
13.8411019999999994
21
-14.096741999999999
0
LINE
8
BLACK
6
CONTINUOUS
10
13.8411019999999994
20
-14.096741999999999
11
14.0315779999999997
21
-14.0015039999999988
0
LINE
8
BLACK
6
CONTINUOUS
10
14.0315779999999997
20
-14.0015039999999988
11
14.3172929999999994
21
-14.0015039999999988
0
LINE
8
BLACK
6
CONTINUOUS
10
14.3172929999999994
20
-14.0015039999999988
11
14.5077689999999997
21
-14.096741999999999
0
LINE
8
BLACK
6
CONTINUOUS
10
14.5077689999999997
20
-14.096741999999999
11
14.6030069999999998
21
-14.2872189999999986
0
LINE
8
BLACK
6
CONTINUOUS
10
14.6030069999999998
20
-14.2872189999999986
11
14.6030069999999998
21
-15.3348379999999995
0
LINE
8
BLACK
6
CONTINUOUS
10
14.6030069999999998
20
-14.2872189999999986
11
14.698245
21
-14.096741999999999
0
LINE
8
BLACK
6
CONTINUOUS
10
14.698245
20
-14.096741999999999
11
14.8887209999999985
21
-14.0015039999999988
0
LINE
8
BLACK
6
CONTINUOUS
10
14.8887209999999985
20
-14.0015039999999988
11
15.174434999999999
21
-14.0015039999999988
0
LINE
8
BLACK
6
CONTINUOUS
10
15.174434999999999
20
-14.0015039999999988
11
15.3649119999999986
21
-14.096741999999999
0
LINE
8
BLACK
6
CONTINUOUS
10
15.3649119999999986
20
-14.096741999999999
11
15.4601499999999987
21
-14.2872189999999986
0
LINE
8
BLACK
6
CONTINUOUS
10
15.4601499999999987
20
-14.2872189999999986
11
15.4601499999999987
21
-15.3348379999999995
0
LINE
8
BLACK
6
CONTINUOUS
10
19.3649120000000003
20
-13.2395999999999994
11
17.6506270000000001
21
-15.8110279999999985
0
LINE
8
BLACK
6
CONTINUOUS
10
21.9363409999999988
20
-13.3348379999999995
11
22.1268180000000001
21
-13.3348379999999995
0
LINE
8
BLACK
6
CONTINUOUS
10
22.1268180000000001
20
-13.3348379999999995
11
22.3172940000000004
21
-13.4300759999999997
0
LINE
8
BLACK
6
CONTINUOUS
10
22.3172940000000004
20
-13.4300759999999997
11
22.4125319999999988
21
-13.5253139999999998
0
LINE
8
BLACK
6
CONTINUOUS
10
22.4125319999999988
20
-13.5253139999999998
11
22.5077700000000007
21
-13.7157900000000001
0
LINE
8
BLACK
6
CONTINUOUS
10
22.5077700000000007
20
-13.7157900000000001
11
22.6030079999999991
21
-14.096741999999999
0
LINE
8
BLACK
6
CONTINUOUS
10
22.6030079999999991
20
-14.096741999999999
11
22.6030079999999991
21
-14.572932999999999
0
LINE
8
BLACK
6
CONTINUOUS
10
22.6030079999999991
20
-14.572932999999999
11
22.5077700000000007
21
-14.9538849999999996
0
LINE
8
BLACK
6
CONTINUOUS
10
22.5077700000000007
20
-14.9538849999999996
11
22.4125319999999988
21
-15.144361
0
LINE
8
BLACK
6
CONTINUOUS
10
22.4125319999999988
20
-15.144361
11
22.3172940000000004
21
-15.2395999999999994
0
LINE
8
BLACK
6
CONTINUOUS
10
22.3172940000000004
20
-15.2395999999999994
11
22.1268180000000001
21
-15.3348379999999995
0
LINE
8
BLACK
6
CONTINUOUS
10
22.1268180000000001
20
-15.3348379999999995
11
21.9363409999999988
21
-15.3348379999999995
0
LINE
8
BLACK
6
CONTINUOUS
10
21.9363409999999988
20
-15.3348379999999995
11
21.7458649999999984
21
-15.2395999999999994
0
LINE
8
BLACK
6
CONTINUOUS
10
21.7458649999999984
20
-15.2395999999999994
11
21.6506270000000001
21
-15.144361
0
LINE
8
BLACK
6
CONTINUOUS
10
21.6506270000000001
20
-15.144361
11
21.5553889999999981
21
-14.9538849999999996
0
LINE
8
BLACK
6
CONTINUOUS
10
21.5553889999999981
20
-14.9538849999999996
11
21.4601509999999998
21
-14.572932999999999
0
LINE
8
BLACK
6
CONTINUOUS
10
21.4601509999999998
20
-14.572932999999999
11
21.4601509999999998
21
-14.096741999999999
0
LINE
8
BLACK
6
CONTINUOUS
10
21.4601509999999998
20
-14.096741999999999
11
21.5553889999999981
21
-13.7157900000000001
0
LINE
8
BLACK
6
CONTINUOUS
10
21.5553889999999981
20
-13.7157900000000001
11
21.6506270000000001
21
-13.5253139999999998
0
LINE
8
BLACK
6
CONTINUOUS
10
21.6506270000000001
20
-13.5253139999999998
11
21.7458649999999984
21
-13.4300759999999997
0
LINE
8
BLACK
6
CONTINUOUS
10
21.7458649999999984
20
-13.4300759999999997
11
21.9363409999999988
21
-13.3348379999999995
0
LINE
8
BLACK
6
CONTINUOUS
10
23.4601509999999998
20
-15.144361
11
23.5553889999999981
21
-15.2395999999999994
0
LINE
8
BLACK
6
CONTINUOUS
10
23.5553889999999981
20
-15.2395999999999994
11
23.4601509999999998
21
-15.3348379999999995
0
LINE
8
BLACK
6
CONTINUOUS
10
23.4601509999999998
20
-15.3348379999999995
11
23.3649129999999978
21
-15.2395999999999994
0
LINE
8
BLACK
6
CONTINUOUS
10
23.3649129999999978
20
-15.2395999999999994
11
23.4601509999999998
21
-15.144361
0
LINE
8
BLACK
6
CONTINUOUS
10
23.4601509999999998
20
-15.144361
11
23.4601509999999998
21
-15.3348379999999995
0
LINE
8
BLACK
6
CONTINUOUS
10
24.7934839999999994
20
-13.3348379999999995
11
24.9839609999999972
21
-13.3348379999999995
0
LINE
8
BLACK
6
CONTINUOUS
10
24.9839609999999972
20
-13.3348379999999995
11
25.1744369999999975
21
-13.4300759999999997
0
LINE
8
BLACK
6
CONTINUOUS
10
25.1744369999999975
20
-13.4300759999999997
11
25.2696749999999994
21
-13.5253139999999998
0
LINE
8
BLACK
6
CONTINUOUS
10
25.2696749999999994
20
-13.5253139999999998
11
25.3649129999999978
21
-13.7157900000000001
0
LINE
8
BLACK
6
CONTINUOUS
10
25.3649129999999978
20
-13.7157900000000001
11
25.4601509999999998
21
-14.096741999999999
0
LINE
8
BLACK
6
CONTINUOUS
10
25.4601509999999998
20
-14.096741999999999
11
25.4601509999999998
21
-14.572932999999999
0
LINE
8
BLACK
6
CONTINUOUS
10
25.4601509999999998
20
-14.572932999999999
11
25.3649129999999978
21
-14.9538849999999996
0
LINE
8
BLACK
6
CONTINUOUS
10
25.3649129999999978
20
-14.9538849999999996
11
25.2696749999999994
21
-15.144361
0
LINE
8
BLACK
6
CONTINUOUS
10
25.2696749999999994
20
-15.144361
11
25.1744369999999975
21
-15.2395999999999994
0
LINE
8
BLACK
6
CONTINUOUS
10
25.1744369999999975
20
-15.2395999999999994
11
24.9839609999999972
21
-15.3348379999999995
0
LINE
8
BLACK
6
CONTINUOUS
10
24.9839609999999972
20
-15.3348379999999995
11
24.7934839999999994
21
-15.3348379999999995
0
LINE
8
BLACK
6
CONTINUOUS
10
24.7934839999999994
20
-15.3348379999999995
11
24.6030079999999991
21
-15.2395999999999994
0
LINE
8
BLACK
6
CONTINUOUS
10
24.6030079999999991
20
-15.2395999999999994
11
24.5077699999999972
21
-15.144361
0
LINE
8
BLACK
6
CONTINUOUS
10
24.5077699999999972
20
-15.144361
11
24.4125319999999988
21
-14.9538849999999996
0
LINE
8
BLACK
6
CONTINUOUS
10
24.4125319999999988
20
-14.9538849999999996
11
24.3172940000000004
21
-14.572932999999999
0
LINE
8
BLACK
6
CONTINUOUS
10
24.3172940000000004
20
-14.572932999999999
11
24.3172940000000004
21
-14.096741999999999
0
LINE
8
BLACK
6
CONTINUOUS
10
24.3172940000000004
20
-14.096741999999999
11
24.4125319999999988
21
-13.7157900000000001
0
LINE
8
BLACK
6
CONTINUOUS
10
24.4125319999999988
20
-13.7157900000000001
11
24.5077699999999972
21
-13.5253139999999998
0
LINE
8
BLACK
6
CONTINUOUS
10
24.5077699999999972
20
-13.5253139999999998
11
24.6030079999999991
21
-13.4300759999999997
0
LINE
8
BLACK
6
CONTINUOUS
10
24.6030079999999991
20
-13.4300759999999997
11
24.7934839999999994
21
-13.3348379999999995
0
LINE
8
BLACK
6
CONTINUOUS
10
27.2696749999999994
20
-13.3348379999999995
11
26.3172940000000004
21
-13.3348379999999995
0
LINE
8
BLACK
6
CONTINUOUS
10
26.3172940000000004
20
-13.3348379999999995
11
26.2220559999999985
21
-14.2872189999999986
0
LINE
8
BLACK
6
CONTINUOUS
10
26.2220559999999985
20
-14.2872189999999986
11
26.3172940000000004
21
-14.1919799999999992
0
LINE
8
BLACK
6
CONTINUOUS
10
26.3172940000000004
20
-14.1919799999999992
11
26.5077699999999972
21
-14.096741999999999
0
LINE
8
BLACK
6
CONTINUOUS
10
26.5077699999999972
20
-14.096741999999999
11
26.9839609999999972
21
-14.096741999999999
0
LINE
8
BLACK
6
CONTINUOUS
10
26.9839609999999972
20
-14.096741999999999
11
27.1744369999999975
21
-14.1919799999999992
0
LINE
8
BLACK
6
CONTINUOUS
10
27.1744369999999975
20
-14.1919799999999992
11
27.2696749999999994
21
-14.2872189999999986
0
LINE
8
BLACK
6
CONTINUOUS
10
27.2696749999999994
20
-14.2872189999999986
11
27.3649129999999978
21
-14.4776949999999989
0
LINE
8
BLACK
6
CONTINUOUS
10
27.3649129999999978
20
-14.4776949999999989
11
27.3649129999999978
21
-14.9538849999999996
0
LINE
8
BLACK
6
CONTINUOUS
10
27.3649129999999978
20
-14.9538849999999996
11
27.2696749999999994
21
-15.144361
0
LINE
8
BLACK
6
CONTINUOUS
10
27.2696749999999994
20
-15.144361
11
27.1744369999999975
21
-15.2395999999999994
0
LINE
8
BLACK
6
CONTINUOUS
10
27.1744369999999975
20
-15.2395999999999994
11
26.9839609999999972
21
-15.3348379999999995
0
LINE
8
BLACK
6
CONTINUOUS
10
26.9839609999999972
20
-15.3348379999999995
11
26.5077699999999972
21
-15.3348379999999995
0
LINE
8
BLACK
6
CONTINUOUS
10
26.5077699999999972
20
-15.3348379999999995
11
26.3172940000000004
21
-15.2395999999999994
0
LINE
8
BLACK
6
CONTINUOUS
10
26.3172940000000004
20
-15.2395999999999994
11
26.2220559999999985
21
-15.144361
0
LINE
8
BLACK
6
CONTINUOUS
10
29.2696749999999994
20
-15.3348379999999995
11
28.1268180000000001
21
-15.3348379999999995
0
LINE
8
BLACK
6
CONTINUOUS
10
28.6982459999999975
20
-15.3348379999999995
11
28.6982459999999975
21
-13.3348379999999995
0
LINE
8
BLACK
6
CONTINUOUS
10
28.6982459999999975
20
-13.3348379999999995
11
28.5077699999999972
21
-13.620552
0
LINE
8
BLACK
6
CONTINUOUS
10
28.5077699999999972
20
-13.620552
11
28.3172940000000004
21
-13.8110279999999985
0
LINE
8
BLACK
6
CONTINUOUS
10
28.3172940000000004
20
-13.8110279999999985
11
28.1268180000000001
21
-13.9062659999999987
0
LINE
8
BLACK
6
CONTINUOUS
10
30.0315799999999982
20
-13.5253139999999998
11
30.1268180000000001
21
-13.4300759999999997
0
LINE
8
BLACK
6
CONTINUOUS
10
30.1268180000000001
20
-13.4300759999999997
11
30.3172939999999969
21
-13.3348379999999995
0
LINE
8
BLACK
6
CONTINUOUS
10
30.3172939999999969
20
-13.3348379999999995
11
30.7934849999999969
21
-13.3348379999999995
0
LINE
8
BLACK
6
CONTINUOUS
10
30.7934849999999969
20
-13.3348379999999995
11
30.9839609999999972
21
-13.4300759999999997
0
LINE
8
BLACK
6
CONTINUOUS
10
30.9839609999999972
20
-13.4300759999999997
11
31.0791989999999991
21
-13.5253139999999998
0
LINE
8
BLACK
6
CONTINUOUS
10
31.0791989999999991
20
-13.5253139999999998
11
31.1744369999999975
21
-13.7157900000000001
0
LINE
8
BLACK
6
CONTINUOUS
10
31.1744369999999975
20
-13.7157900000000001
11
31.1744369999999975
21
-13.9062659999999987
0
LINE
8
BLACK
6
CONTINUOUS
10
31.1744369999999975
20
-13.9062659999999987
11
31.0791989999999991
21
-14.1919799999999992
0
LINE
8
BLACK
6
CONTINUOUS
10
31.0791989999999991
20
-14.1919799999999992
11
29.9363419999999998
21
-15.3348379999999995
0
LINE
8
BLACK
6
CONTINUOUS
10
29.9363419999999998
20
-15.3348379999999995
11
31.1744369999999975
21
-15.3348379999999995
0
LINE
8
BLACK
6
CONTINUOUS
10
31.9363419999999998
20
-13.3348379999999995
11
31.9363419999999998
21
-13.7157900000000001
0
LINE
8
BLACK
6
CONTINUOUS
10
32.6982470000000021
20
-13.3348379999999995
11
32.6982470000000021
21
-13.7157900000000001
0
LINE
8
BLACK
6
CONTINUOUS
10
35.650628999999995
20
-16.096741999999999
11
35.5553899999999956
21
-16.0015040000000006
0
LINE
8
BLACK
6
CONTINUOUS
10
35.5553899999999956
20
-16.0015040000000006
11
35.3649139999999989
21
-15.7157900000000001
0
LINE
8
BLACK
6
CONTINUOUS
10
35.3649139999999989
20
-15.7157900000000001
11
35.2696759999999969
21
-15.5253139999999998
0
LINE
8
BLACK
6
CONTINUOUS
10
35.2696759999999969
20
-15.5253139999999998
11
35.174437999999995
21
-15.2395999999999994
0
LINE
8
BLACK
6
CONTINUOUS
10
35.174437999999995
20
-15.2395999999999994
11
35.0792000000000002
21
-14.7634089999999993
0
LINE
8
BLACK
6
CONTINUOUS
10
35.0792000000000002
20
-14.7634089999999993
11
35.0792000000000002
21
-14.3824569999999987
0
LINE
8
BLACK
6
CONTINUOUS
10
35.0792000000000002
20
-14.3824569999999987
11
35.174437999999995
21
-13.9062659999999987
0
LINE
8
BLACK
6
CONTINUOUS
10
35.174437999999995
20
-13.9062659999999987
11
35.2696759999999969
21
-13.620552
0
LINE
8
BLACK
6
CONTINUOUS
10
35.2696759999999969
20
-13.620552
11
35.3649139999999989
21
-13.4300759999999997
0
LINE
8
BLACK
6
CONTINUOUS
10
35.3649139999999989
20
-13.4300759999999997
11
35.5553899999999956
21
-13.144361
0
LINE
8
BLACK
6
CONTINUOUS
10
35.5553899999999956
20
-13.144361
11
35.650628999999995
21
-13.0491229999999998
0
LINE
8
BLACK
6
CONTINUOUS
10
37.4601520000000008
20
-15.3348379999999995
11
36.3172950000000014
21
-15.3348379999999995
0
LINE
8
BLACK
6
CONTINUOUS
10
36.8887229999999988
20
-15.3348379999999995
11
36.8887229999999988
21
-13.3348379999999995
0
LINE
8
BLACK
6
CONTINUOUS
10
36.8887229999999988
20
-13.3348379999999995
11
36.698246999999995
21
-13.620552
0
LINE
8
BLACK
6
CONTINUOUS
10
36.698246999999995
20
-13.620552
11
36.5077709999999982
21
-13.8110279999999985
0
LINE
8
BLACK
6
CONTINUOUS
10
36.5077709999999982
20
-13.8110279999999985
11
36.3172950000000014
21
-13.9062659999999987
0
LINE
8
BLACK
6
CONTINUOUS
10
38.2220569999999995
20
-13.5253139999999998
11
38.3172950000000014
21
-13.4300759999999997
0
LINE
8
BLACK
6
CONTINUOUS
10
38.3172950000000014
20
-13.4300759999999997
11
38.5077709999999982
21
-13.3348379999999995
0
LINE
8
BLACK
6
CONTINUOUS
10
38.5077709999999982
20
-13.3348379999999995
11
38.9839619999999982
21
-13.3348379999999995
0
LINE
8
BLACK
6
CONTINUOUS
10
38.9839619999999982
20
-13.3348379999999995
11
39.174437999999995
21
-13.4300759999999997
0
LINE
8
BLACK
6
CONTINUOUS
10
39.174437999999995
20
-13.4300759999999997
11
39.2696759999999969
21
-13.5253139999999998
0
LINE
8
BLACK
6
CONTINUOUS
10
39.2696759999999969
20
-13.5253139999999998
11
39.3649139999999989
21
-13.7157900000000001
0
LINE
8
BLACK
6
CONTINUOUS
10
39.3649139999999989
20
-13.7157900000000001
11
39.3649139999999989
21
-13.9062659999999987
0
LINE
8
BLACK
6
CONTINUOUS
10
39.3649139999999989
20
-13.9062659999999987
11
39.2696759999999969
21
-14.1919799999999992
0
LINE
8
BLACK
6
CONTINUOUS
10
39.2696759999999969
20
-14.1919799999999992
11
38.1268189999999976
21
-15.3348379999999995
0
LINE
8
BLACK
6
CONTINUOUS
10
38.1268189999999976
20
-15.3348379999999995
11
39.3649139999999989
21
-15.3348379999999995
0
LINE
8
BLACK
6
CONTINUOUS
10
41.7458669999999969
20
-15.3348379999999995
11
41.7458669999999969
21
-13.3348379999999995
0
LINE
8
BLACK
6
CONTINUOUS
10
42.6030099999999976
20
-15.3348379999999995
11
42.6030099999999976
21
-14.2872189999999986
0
LINE
8
BLACK
6
CONTINUOUS
10
42.6030099999999976
20
-14.2872189999999986
11
42.5077719999999957
21
-14.096741999999999
0
LINE
8
BLACK
6
CONTINUOUS
10
42.5077719999999957
20
-14.096741999999999
11
42.3172959999999989
21
-14.0015039999999988
0
LINE
8
BLACK
6
CONTINUOUS
10
42.3172959999999989
20
-14.0015039999999988
11
42.0315809999999956
21
-14.0015039999999988
0
LINE
8
BLACK
6
CONTINUOUS
10
42.0315809999999956
20
-14.0015039999999988
11
41.8411049999999989
21
-14.096741999999999
0
LINE
8
BLACK
6
CONTINUOUS
10
41.8411049999999989
20
-14.096741999999999
11
41.7458669999999969
21
-14.1919799999999992
0
LINE
8
BLACK
6
CONTINUOUS
10
43.8411049999999989
20
-15.3348379999999995
11
43.650628999999995
21
-15.2395999999999994
0
LINE
8
BLACK
6
CONTINUOUS
10
43.650628999999995
20
-15.2395999999999994
11
43.5553910000000002
21
-15.144361
0
LINE
8
BLACK
6
CONTINUOUS
10
43.5553910000000002
20
-15.144361
11
43.4601529999999983
21
-14.9538849999999996
0
LINE
8
BLACK
6
CONTINUOUS
10
43.4601529999999983
20
-14.9538849999999996
11
43.4601529999999983
21
-14.3824569999999987
0
LINE
8
BLACK
6
CONTINUOUS
10
43.4601529999999983
20
-14.3824569999999987
11
43.5553910000000002
21
-14.1919799999999992
0
LINE
8
BLACK
6
CONTINUOUS
10
43.5553910000000002
20
-14.1919799999999992
11
43.650628999999995
21
-14.096741999999999
0
LINE
8
BLACK
6
CONTINUOUS
10
43.650628999999995
20
-14.096741999999999
11
43.8411049999999989
21
-14.0015039999999988
0
LINE
8
BLACK
6
CONTINUOUS
10
43.8411049999999989
20
-14.0015039999999988
11
44.126819999999995
21
-14.0015039999999988
0
LINE
8
BLACK
6
CONTINUOUS
10
44.126819999999995
20
-14.0015039999999988
11
44.3172959999999989
21
-14.096741999999999
0
LINE
8
BLACK
6
CONTINUOUS
10
44.3172959999999989
20
-14.096741999999999
11
44.4125340000000008
21
-14.1919799999999992
0
LINE
8
BLACK
6
CONTINUOUS
10
44.4125340000000008
20
-14.1919799999999992
11
44.5077719999999957
21
-14.3824569999999987
0
LINE
8
BLACK
6
CONTINUOUS
10
44.5077719999999957
20
-14.3824569999999987
11
44.5077719999999957
21
-14.9538849999999996
0
LINE
8
BLACK
6
CONTINUOUS
10
44.5077719999999957
20
-14.9538849999999996
11
44.4125340000000008
21
-15.144361
0
LINE
8
BLACK
6
CONTINUOUS
10
44.4125340000000008
20
-15.144361
11
44.3172959999999989
21
-15.2395999999999994
0
LINE
8
BLACK
6
CONTINUOUS
10
44.3172959999999989
20
-15.2395999999999994
11
44.126819999999995
21
-15.3348379999999995
0
LINE
8
BLACK
6
CONTINUOUS
10
44.126819999999995
20
-15.3348379999999995
11
43.8411049999999989
21
-15.3348379999999995
0
LINE
8
BLACK
6
CONTINUOUS
10
45.650628999999995
20
-15.3348379999999995
11
45.4601529999999983
21
-15.2395999999999994
0
LINE
8
BLACK
6
CONTINUOUS
10
45.4601529999999983
20
-15.2395999999999994
11
45.3649149999999963
21
-15.0491229999999998
0
LINE
8
BLACK
6
CONTINUOUS
10
45.3649149999999963
20
-15.0491229999999998
11
45.3649149999999963
21
-13.3348379999999995
0
LINE
8
BLACK
6
CONTINUOUS
10
47.1744389999999996
20
-15.2395999999999994
11
46.9839629999999957
21
-15.3348379999999995
0
LINE
8
BLACK
6
CONTINUOUS
10
46.9839629999999957
20
-15.3348379999999995
11
46.6030099999999976
21
-15.3348379999999995
0
LINE
8
BLACK
6
CONTINUOUS
10
46.6030099999999976
20
-15.3348379999999995
11
46.4125340000000008
21
-15.2395999999999994
0
LINE
8
BLACK
6
CONTINUOUS
10
46.4125340000000008
20
-15.2395999999999994
11
46.3172959999999989
21
-15.0491229999999998
0
LINE
8
BLACK
6
CONTINUOUS
10
46.3172959999999989
20
-15.0491229999999998
11
46.3172959999999989
21
-14.2872189999999986
0
LINE
8
BLACK
6
CONTINUOUS
10
46.3172959999999989
20
-14.2872189999999986
11
46.4125340000000008
21
-14.096741999999999
0
LINE
8
BLACK
6
CONTINUOUS
10
46.4125340000000008
20
-14.096741999999999
11
46.6030099999999976
21
-14.0015039999999988
0
LINE
8
BLACK
6
CONTINUOUS
10
46.6030099999999976
20
-14.0015039999999988
11
46.9839629999999957
21
-14.0015039999999988
0
LINE
8
BLACK
6
CONTINUOUS
10
46.9839629999999957
20
-14.0015039999999988
11
47.1744389999999996
21
-14.096741999999999
0
LINE
8
BLACK
6
CONTINUOUS
10
47.1744389999999996
20
-14.096741999999999
11
47.2696769999999944
21
-14.2872189999999986
0
LINE
8
BLACK
6
CONTINUOUS
10
47.2696769999999944
20
-14.2872189999999986
11
47.2696769999999944
21
-14.4776949999999989
0
LINE
8
BLACK
6
CONTINUOUS
10
47.2696769999999944
20
-14.4776949999999989
11
46.3172959999999989
21
-14.6681709999999992
0
LINE
8
BLACK
6
CONTINUOUS
10
48.0315820000000002
20
-15.2395999999999994
11
48.222057999999997
21
-15.3348379999999995
0
LINE
8
BLACK
6
CONTINUOUS
10
48.222057999999997
20
-15.3348379999999995
11
48.6030099999999976
21
-15.3348379999999995
0
LINE
8
BLACK
6
CONTINUOUS
10
48.6030099999999976
20
-15.3348379999999995
11
48.7934869999999989
21
-15.2395999999999994
0
LINE
8
BLACK
6
CONTINUOUS
10
48.7934869999999989
20
-15.2395999999999994
11
48.8887250000000009
21
-15.0491229999999998
0
LINE
8
BLACK
6
CONTINUOUS
10
48.8887250000000009
20
-15.0491229999999998
11
48.8887250000000009
21
-14.9538849999999996
0
LINE
8
BLACK
6
CONTINUOUS
10
48.8887250000000009
20
-14.9538849999999996
11
48.7934869999999989
21
-14.7634089999999993
0
LINE
8
BLACK
6
CONTINUOUS
10
48.7934869999999989
20
-14.7634089999999993
11
48.6030099999999976
21
-14.6681709999999992
0
LINE
8
BLACK
6
CONTINUOUS
10
48.6030099999999976
20
-14.6681709999999992
11
48.3172959999999989
21
-14.6681709999999992
0
LINE
8
BLACK
6
CONTINUOUS
10
48.3172959999999989
20
-14.6681709999999992
11
48.126819999999995
21
-14.572932999999999
0
LINE
8
BLACK
6
CONTINUOUS
10
48.126819999999995
20
-14.572932999999999
11
48.0315820000000002
21
-14.3824569999999987
0
LINE
8
BLACK
6
CONTINUOUS
10
48.0315820000000002
20
-14.3824569999999987
11
48.0315820000000002
21
-14.2872189999999986
0
LINE
8
BLACK
6
CONTINUOUS
10
48.0315820000000002
20
-14.2872189999999986
11
48.126819999999995
21
-14.096741999999999
0
LINE
8
BLACK
6
CONTINUOUS
10
48.126819999999995
20
-14.096741999999999
11
48.3172959999999989
21
-14.0015039999999988
0
LINE
8
BLACK
6
CONTINUOUS
10
48.3172959999999989
20
-14.0015039999999988
11
48.6030099999999976
21
-14.0015039999999988
0
LINE
8
BLACK
6
CONTINUOUS
10
48.6030099999999976
20
-14.0015039999999988
11
48.7934869999999989
21
-14.096741999999999
0
LINE
8
BLACK
6
CONTINUOUS
10
49.5553919999999977
20
-16.096741999999999
11
49.6506299999999996
21
-16.0015040000000006
0
LINE
8
BLACK
6
CONTINUOUS
10
49.6506299999999996
20
-16.0015040000000006
11
49.8411059999999964
21
-15.7157900000000001
0
LINE
8
BLACK
6
CONTINUOUS
10
49.8411059999999964
20
-15.7157900000000001
11
49.9363439999999983
21
-15.5253139999999998
0
LINE
8
BLACK
6
CONTINUOUS
10
49.9363439999999983
20
-15.5253139999999998
11
50.0315820000000002
21
-15.2395999999999994
0
LINE
8
BLACK
6
CONTINUOUS
10
50.0315820000000002
20
-15.2395999999999994
11
50.126819999999995
21
-14.7634089999999993
0
LINE
8
BLACK
6
CONTINUOUS
10
50.126819999999995
20
-14.7634089999999993
11
50.126819999999995
21
-14.3824569999999987
0
LINE
8
BLACK
6
CONTINUOUS
10
50.126819999999995
20
-14.3824569999999987
11
50.0315820000000002
21
-13.9062659999999987
0
LINE
8
BLACK
6
CONTINUOUS
10
50.0315820000000002
20
-13.9062659999999987
11
49.9363439999999983
21
-13.620552
0
LINE
8
BLACK
6
CONTINUOUS
10
49.9363439999999983
20
-13.620552
11
49.8411059999999964
21
-13.4300759999999997
0
LINE
8
BLACK
6
CONTINUOUS
10
49.8411059999999964
20
-13.4300759999999997
11
49.6506299999999996
21
-13.144361
0
LINE
8
BLACK
6
CONTINUOUS
10
49.6506299999999996
20
-13.144361
11
49.5553919999999977
21
-13.0491229999999998
0
LINE
8
BLACK
6
CONTINUOUS
10
-0.7999999999999999
20
-17.759999999999998
11
-0.1
21
-17.0599999999999987
0
LINE
8
BLACK
6
CONTINUOUS
10
-0.1
20
-17.0599999999999987
11
-0.7999999999999999
21
-16.3599999999999994
0
LINE
8
BLACK
6
CONTINUOUS
10
-0.7999999999999999
20
-16.3599999999999994
11
-1.5
21
-17.0599999999999987
0
LINE
8
BLACK
6
CONTINUOUS
10
-1.5
20
-17.0599999999999987
11
-0.7999999999999999
21
-17.759999999999998
0
LINE
8
BLACK
6
CONTINUOUS
10
3.5553869999999996
20
-17.9748379999999983
11
2.4125299999999998
21
-17.9748379999999983
0
LINE
8
BLACK
6
CONTINUOUS
10
2.9839579999999999
20
-17.9748379999999983
11
2.9839579999999999
21
-15.9748380000000001
0
LINE
8
BLACK
6
CONTINUOUS
10
2.9839579999999999
20
-15.9748380000000001
11
2.793482
21
-16.2605520000000006
0
LINE
8
BLACK
6
CONTINUOUS
10
2.793482
20
-16.2605520000000006
11
2.6030059999999997
21
-16.4510280000000009
0
LINE
8
BLACK
6
CONTINUOUS
10
2.6030059999999997
20
-16.4510280000000009
11
2.4125299999999998
21
-16.5462659999999993
0
LINE
8
BLACK
6
CONTINUOUS
10
4.4125299999999994
20
-17.7843610000000005
11
4.5077679999999996
21
-17.8795999999999999
0
LINE
8
BLACK
6
CONTINUOUS
10
4.5077679999999996
20
-17.8795999999999999
11
4.4125299999999994
21
-17.9748379999999983
0
LINE
8
BLACK
6
CONTINUOUS
10
4.4125299999999994
20
-17.9748379999999983
11
4.3172920000000001
21
-17.8795999999999999
0
LINE
8
BLACK
6
CONTINUOUS
10
4.3172920000000001
20
-17.8795999999999999
11
4.4125299999999994
21
-17.7843610000000005
0
LINE
8
BLACK
6
CONTINUOUS
10
4.4125299999999994
20
-17.7843610000000005
11
4.4125299999999994
21
-17.9748379999999983
0
LINE
8
BLACK
6
CONTINUOUS
10
6.222054
20
-16.6415039999999976
11
6.222054
21
-17.9748379999999983
0
LINE
8
BLACK
6
CONTINUOUS
10
5.7458629999999999
20
-15.8795999999999999
11
5.2696730000000001
21
-17.308170999999998
0
LINE
8
BLACK
6
CONTINUOUS
10
5.2696730000000001
20
-17.308170999999998
11
6.5077679999999996
21
-17.308170999999998
0
LINE
8
BLACK
6
CONTINUOUS
10
7.6506249999999998
20
-15.9748380000000001
11
7.8411019999999994
21
-15.9748380000000001
0
LINE
8
BLACK
6
CONTINUOUS
10
7.8411019999999994
20
-15.9748380000000001
11
8.0315779999999997
21
-16.0700760000000002
0
LINE
8
BLACK
6
CONTINUOUS
10
8.0315779999999997
20
-16.0700760000000002
11
8.1268159999999998
21
-16.1653139999999986
0
LINE
8
BLACK
6
CONTINUOUS
10
8.1268159999999998
20
-16.1653139999999986
11
8.222054
21
-16.3557899999999989
0
LINE
8
BLACK
6
CONTINUOUS
10
8.222054
20
-16.3557899999999989
11
8.3172920000000001
21
-16.7367419999999996
0
LINE
8
BLACK
6
CONTINUOUS
10
8.3172920000000001
20
-16.7367419999999996
11
8.3172920000000001
21
-17.2129329999999996
0
LINE
8
BLACK
6
CONTINUOUS
10
8.3172920000000001
20
-17.2129329999999996
11
8.222054
21
-17.5938850000000002
0
LINE
8
BLACK
6
CONTINUOUS
10
8.222054
20
-17.5938850000000002
11
8.1268159999999998
21
-17.7843610000000005
0
LINE
8
BLACK
6
CONTINUOUS
10
8.1268159999999998
20
-17.7843610000000005
11
8.0315779999999997
21
-17.8795999999999999
0
LINE
8
BLACK
6
CONTINUOUS
10
8.0315779999999997
20
-17.8795999999999999
11
7.8411019999999994
21
-17.9748379999999983
0
LINE
8
BLACK
6
CONTINUOUS
10
7.8411019999999994
20
-17.9748379999999983
11
7.6506249999999998
21
-17.9748379999999983
0
LINE
8
BLACK
6
CONTINUOUS
10
7.6506249999999998
20
-17.9748379999999983
11
7.4601489999999995
21
-17.8795999999999999
0
LINE
8
BLACK
6
CONTINUOUS
10
7.4601489999999995
20
-17.8795999999999999
11
7.3649109999999993
21
-17.7843610000000005
0
LINE
8
BLACK
6
CONTINUOUS
10
7.3649109999999993
20
-17.7843610000000005
11
7.2696730000000001
21
-17.5938850000000002
0
LINE
8
BLACK
6
CONTINUOUS
10
7.2696730000000001
20
-17.5938850000000002
11
7.1744349999999999
21
-17.2129329999999996
0
LINE
8
BLACK
6
CONTINUOUS
10
7.1744349999999999
20
-17.2129329999999996
11
7.1744349999999999
21
-16.7367419999999996
0
LINE
8
BLACK
6
CONTINUOUS
10
7.1744349999999999
20
-16.7367419999999996
11
7.2696730000000001
21
-16.3557899999999989
0
LINE
8
BLACK
6
CONTINUOUS
10
7.2696730000000001
20
-16.3557899999999989
11
7.3649109999999993
21
-16.1653139999999986
0
LINE
8
BLACK
6
CONTINUOUS
10
7.3649109999999993
20
-16.1653139999999986
11
7.4601489999999995
21
-16.0700760000000002
0
LINE
8
BLACK
6
CONTINUOUS
10
7.4601489999999995
20
-16.0700760000000002
11
7.6506249999999998
21
-15.9748380000000001
0
LINE
8
BLACK
6
CONTINUOUS
10
9.5553869999999996
20
-15.9748380000000001
11
9.7458639999999992
21
-15.9748380000000001
0
LINE
8
BLACK
6
CONTINUOUS
10
9.7458639999999992
20
-15.9748380000000001
11
9.9363399999999995
21
-16.0700760000000002
0
LINE
8
BLACK
6
CONTINUOUS
10
9.9363399999999995
20
-16.0700760000000002
11
10.0315779999999997
21
-16.1653139999999986
0
LINE
8
BLACK
6
CONTINUOUS
10
10.0315779999999997
20
-16.1653139999999986
11
10.1268159999999998
21
-16.3557899999999989
0
LINE
8
BLACK
6
CONTINUOUS
10
10.1268159999999998
20
-16.3557899999999989
11
10.222054
21
-16.7367419999999996
0
LINE
8
BLACK
6
CONTINUOUS
10
10.222054
20
-16.7367419999999996
11
10.222054
21
-17.2129329999999996
0
LINE
8
BLACK
6
CONTINUOUS
10
10.222054
20
-17.2129329999999996
11
10.1268159999999998
21
-17.5938850000000002
0
LINE
8
BLACK
6
CONTINUOUS
10
10.1268159999999998
20
-17.5938850000000002
11
10.0315779999999997
21
-17.7843610000000005
0
LINE
8
BLACK
6
CONTINUOUS
10
10.0315779999999997
20
-17.7843610000000005
11
9.9363399999999995
21
-17.8795999999999999
0
LINE
8
BLACK
6
CONTINUOUS
10
9.9363399999999995
20
-17.8795999999999999
11
9.7458639999999992
21
-17.9748379999999983
0
LINE
8
BLACK
6
CONTINUOUS
10
9.7458639999999992
20
-17.9748379999999983
11
9.5553869999999996
21
-17.9748379999999983
0
LINE
8
BLACK
6
CONTINUOUS
10
9.5553869999999996
20
-17.9748379999999983
11
9.3649109999999993
21
-17.8795999999999999
0
LINE
8
BLACK
6
CONTINUOUS
10
9.3649109999999993
20
-17.8795999999999999
11
9.2696729999999992
21
-17.7843610000000005
0
LINE
8
BLACK
6
CONTINUOUS
10
9.2696729999999992
20
-17.7843610000000005
11
9.174434999999999
21
-17.5938850000000002
0
LINE
8
BLACK
6
CONTINUOUS
10
9.174434999999999
20
-17.5938850000000002
11
9.0791969999999989
21
-17.2129329999999996
0
LINE
8
BLACK
6
CONTINUOUS
10
9.0791969999999989
20
-17.2129329999999996
11
9.0791969999999989
21
-16.7367419999999996
0
LINE
8
BLACK
6
CONTINUOUS
10
9.0791969999999989
20
-16.7367419999999996
11
9.174434999999999
21
-16.3557899999999989
0
LINE
8
BLACK
6
CONTINUOUS
10
9.174434999999999
20
-16.3557899999999989
11
9.2696729999999992
21
-16.1653139999999986
0
LINE
8
BLACK
6
CONTINUOUS
10
9.2696729999999992
20
-16.1653139999999986
11
9.3649109999999993
21
-16.0700760000000002
0
LINE
8
BLACK
6
CONTINUOUS
10
9.3649109999999993
20
-16.0700760000000002
11
9.5553869999999996
21
-15.9748380000000001
0
LINE
8
BLACK
6
CONTINUOUS
10
11.0791969999999989
20
-17.9748379999999983
11
11.0791969999999989
21
-16.6415039999999976
0
LINE
8
BLACK
6
CONTINUOUS
10
11.0791969999999989
20
-16.8319799999999979
11
11.174434999999999
21
-16.7367419999999996
0
LINE
8
BLACK
6
CONTINUOUS
10
11.174434999999999
20
-16.7367419999999996
11
11.3649109999999993
21
-16.6415039999999976
0
LINE
8
BLACK
6
CONTINUOUS
10
11.3649109999999993
20
-16.6415039999999976
11
11.650625999999999
21
-16.6415039999999976
0
LINE
8
BLACK
6
CONTINUOUS
10
11.650625999999999
20
-16.6415039999999976
11
11.8411019999999994
21
-16.7367419999999996
0
LINE
8
BLACK
6
CONTINUOUS
10
11.8411019999999994
20
-16.7367419999999996
11
11.9363399999999995
21
-16.9272190000000009
0
LINE
8
BLACK
6
CONTINUOUS
10
11.9363399999999995
20
-16.9272190000000009
11
11.9363399999999995
21
-17.9748379999999983
0
LINE
8
BLACK
6
CONTINUOUS
10
11.9363399999999995
20
-16.9272190000000009
11
12.0315779999999997
21
-16.7367419999999996
0
LINE
8
BLACK
6
CONTINUOUS
10
12.0315779999999997
20
-16.7367419999999996
11
12.222054
21
-16.6415039999999976
0
LINE
8
BLACK
6
CONTINUOUS
10
12.222054
20
-16.6415039999999976
11
12.5077679999999987
21
-16.6415039999999976
0
LINE
8
BLACK
6
CONTINUOUS
10
12.5077679999999987
20
-16.6415039999999976
11
12.698245
21
-16.7367419999999996
0
LINE
8
BLACK
6
CONTINUOUS
10
12.698245
20
-16.7367419999999996
11
12.7934830000000002
21
-16.9272190000000009
0
LINE
8
BLACK
6
CONTINUOUS
10
12.7934830000000002
20
-16.9272190000000009
11
12.7934830000000002
21
-17.9748379999999983
0
LINE
8
BLACK
6
CONTINUOUS
10
13.7458639999999992
20
-17.9748379999999983
11
13.7458639999999992
21
-16.6415039999999976
0
LINE
8
BLACK
6
CONTINUOUS
10
13.7458639999999992
20
-16.8319799999999979
11
13.8411019999999994
21
-16.7367419999999996
0
LINE
8
BLACK
6
CONTINUOUS
10
13.8411019999999994
20
-16.7367419999999996
11
14.0315779999999997
21
-16.6415039999999976
0
LINE
8
BLACK
6
CONTINUOUS
10
14.0315779999999997
20
-16.6415039999999976
11
14.3172929999999994
21
-16.6415039999999976
0
LINE
8
BLACK
6
CONTINUOUS
10
14.3172929999999994
20
-16.6415039999999976
11
14.5077689999999997
21
-16.7367419999999996
0
LINE
8
BLACK
6
CONTINUOUS
10
14.5077689999999997
20
-16.7367419999999996
11
14.6030069999999998
21
-16.9272190000000009
0
LINE
8
BLACK
6
CONTINUOUS
10
14.6030069999999998
20
-16.9272190000000009
11
14.6030069999999998
21
-17.9748379999999983
0
LINE
8
BLACK
6
CONTINUOUS
10
14.6030069999999998
20
-16.9272190000000009
11
14.698245
21
-16.7367419999999996
0
LINE
8
BLACK
6
CONTINUOUS
10
14.698245
20
-16.7367419999999996
11
14.8887209999999985
21
-16.6415039999999976
0
LINE
8
BLACK
6
CONTINUOUS
10
14.8887209999999985
20
-16.6415039999999976
11
15.174434999999999
21
-16.6415039999999976
0
LINE
8
BLACK
6
CONTINUOUS
10
15.174434999999999
20
-16.6415039999999976
11
15.3649119999999986
21
-16.7367419999999996
0
LINE
8
BLACK
6
CONTINUOUS
10
15.3649119999999986
20
-16.7367419999999996
11
15.4601499999999987
21
-16.9272190000000009
0
LINE
8
BLACK
6
CONTINUOUS
10
15.4601499999999987
20
-16.9272190000000009
11
15.4601499999999987
21
-17.9748379999999983
0
LINE
8
BLACK
6
CONTINUOUS
10
19.3649120000000003
20
-15.8795999999999999
11
17.6506270000000001
21
-18.4510280000000009
0
LINE
8
BLACK
6
CONTINUOUS
10
21.9363409999999988
20
-15.9748380000000001
11
22.1268180000000001
21
-15.9748380000000001
0
LINE
8
BLACK
6
CONTINUOUS
10
22.1268180000000001
20
-15.9748380000000001
11
22.3172940000000004
21
-16.0700760000000002
0
LINE
8
BLACK
6
CONTINUOUS
10
22.3172940000000004
20
-16.0700760000000002
11
22.4125319999999988
21
-16.1653139999999986
0
LINE
8
BLACK
6
CONTINUOUS
10
22.4125319999999988
20
-16.1653139999999986
11
22.5077700000000007
21
-16.3557899999999989
0
LINE
8
BLACK
6
CONTINUOUS
10
22.5077700000000007
20
-16.3557899999999989
11
22.6030079999999991
21
-16.7367419999999996
0
LINE
8
BLACK
6
CONTINUOUS
10
22.6030079999999991
20
-16.7367419999999996
11
22.6030079999999991
21
-17.2129329999999996
0
LINE
8
BLACK
6
CONTINUOUS
10
22.6030079999999991
20
-17.2129329999999996
11
22.5077700000000007
21
-17.5938850000000002
0
LINE
8
BLACK
6
CONTINUOUS
10
22.5077700000000007
20
-17.5938850000000002
11
22.4125319999999988
21
-17.7843610000000005
0
LINE
8
BLACK
6
CONTINUOUS
10
22.4125319999999988
20
-17.7843610000000005
11
22.3172940000000004
21
-17.8795999999999999
0
LINE
8
BLACK
6
CONTINUOUS
10
22.3172940000000004
20
-17.8795999999999999
11
22.1268180000000001
21
-17.9748379999999983
0
LINE
8
BLACK
6
CONTINUOUS
10
22.1268180000000001
20
-17.9748379999999983
11
21.9363409999999988
21
-17.9748379999999983
0
LINE
8
BLACK
6
CONTINUOUS
10
21.9363409999999988
20
-17.9748379999999983
11
21.7458649999999984
21
-17.8795999999999999
0
LINE
8
BLACK
6
CONTINUOUS
10
21.7458649999999984
20
-17.8795999999999999
11
21.6506270000000001
21
-17.7843610000000005
0
LINE
8
BLACK
6
CONTINUOUS
10
21.6506270000000001
20
-17.7843610000000005
11
21.5553889999999981
21
-17.5938850000000002
0
LINE
8
BLACK
6
CONTINUOUS
10
21.5553889999999981
20
-17.5938850000000002
11
21.4601509999999998
21
-17.2129329999999996
0
LINE
8
BLACK
6
CONTINUOUS
10
21.4601509999999998
20
-17.2129329999999996
11
21.4601509999999998
21
-16.7367419999999996
0
LINE
8
BLACK
6
CONTINUOUS
10
21.4601509999999998
20
-16.7367419999999996
11
21.5553889999999981
21
-16.3557899999999989
0
LINE
8
BLACK
6
CONTINUOUS
10
21.5553889999999981
20
-16.3557899999999989
11
21.6506270000000001
21
-16.1653139999999986
0
LINE
8
BLACK
6
CONTINUOUS
10
21.6506270000000001
20
-16.1653139999999986
11
21.7458649999999984
21
-16.0700760000000002
0
LINE
8
BLACK
6
CONTINUOUS
10
21.7458649999999984
20
-16.0700760000000002
11
21.9363409999999988
21
-15.9748380000000001
0
LINE
8
BLACK
6
CONTINUOUS
10
23.4601509999999998
20
-17.7843610000000005
11
23.5553889999999981
21
-17.8795999999999999
0
LINE
8
BLACK
6
CONTINUOUS
10
23.5553889999999981
20
-17.8795999999999999
11
23.4601509999999998
21
-17.9748379999999983
0
LINE
8
BLACK
6
CONTINUOUS
10
23.4601509999999998
20
-17.9748379999999983
11
23.3649129999999978
21
-17.8795999999999999
0
LINE
8
BLACK
6
CONTINUOUS
10
23.3649129999999978
20
-17.8795999999999999
11
23.4601509999999998
21
-17.7843610000000005
0
LINE
8
BLACK
6
CONTINUOUS
10
23.4601509999999998
20
-17.7843610000000005
11
23.4601509999999998
21
-17.9748379999999983
0
LINE
8
BLACK
6
CONTINUOUS
10
24.7934839999999994
20
-15.9748380000000001
11
24.9839609999999972
21
-15.9748380000000001
0
LINE
8
BLACK
6
CONTINUOUS
10
24.9839609999999972
20
-15.9748380000000001
11
25.1744369999999975
21
-16.0700760000000002
0
LINE
8
BLACK
6
CONTINUOUS
10
25.1744369999999975
20
-16.0700760000000002
11
25.2696749999999994
21
-16.1653139999999986
0
LINE
8
BLACK
6
CONTINUOUS
10
25.2696749999999994
20
-16.1653139999999986
11
25.3649129999999978
21
-16.3557899999999989
0
LINE
8
BLACK
6
CONTINUOUS
10
25.3649129999999978
20
-16.3557899999999989
11
25.4601509999999998
21
-16.7367419999999996
0
LINE
8
BLACK
6
CONTINUOUS
10
25.4601509999999998
20
-16.7367419999999996
11
25.4601509999999998
21
-17.2129329999999996
0
LINE
8
BLACK
6
CONTINUOUS
10
25.4601509999999998
20
-17.2129329999999996
11
25.3649129999999978
21
-17.5938850000000002
0
LINE
8
BLACK
6
CONTINUOUS
10
25.3649129999999978
20
-17.5938850000000002
11
25.2696749999999994
21
-17.7843610000000005
0
LINE
8
BLACK
6
CONTINUOUS
10
25.2696749999999994
20
-17.7843610000000005
11
25.1744369999999975
21
-17.8795999999999999
0
LINE
8
BLACK
6
CONTINUOUS
10
25.1744369999999975
20
-17.8795999999999999
11
24.9839609999999972
21
-17.9748379999999983
0
LINE
8
BLACK
6
CONTINUOUS
10
24.9839609999999972
20
-17.9748379999999983
11
24.7934839999999994
21
-17.9748379999999983
0
LINE
8
BLACK
6
CONTINUOUS
10
24.7934839999999994
20
-17.9748379999999983
11
24.6030079999999991
21
-17.8795999999999999
0
LINE
8
BLACK
6
CONTINUOUS
10
24.6030079999999991
20
-17.8795999999999999
11
24.5077699999999972
21
-17.7843610000000005
0
LINE
8
BLACK
6
CONTINUOUS
10
24.5077699999999972
20
-17.7843610000000005
11
24.4125319999999988
21
-17.5938850000000002
0
LINE
8
BLACK
6
CONTINUOUS
10
24.4125319999999988
20
-17.5938850000000002
11
24.3172940000000004
21
-17.2129329999999996
0
LINE
8
BLACK
6
CONTINUOUS
10
24.3172940000000004
20
-17.2129329999999996
11
24.3172940000000004
21
-16.7367419999999996
0
LINE
8
BLACK
6
CONTINUOUS
10
24.3172940000000004
20
-16.7367419999999996
11
24.4125319999999988
21
-16.3557899999999989
0
LINE
8
BLACK
6
CONTINUOUS
10
24.4125319999999988
20
-16.3557899999999989
11
24.5077699999999972
21
-16.1653139999999986
0
LINE
8
BLACK
6
CONTINUOUS
10
24.5077699999999972
20
-16.1653139999999986
11
24.6030079999999991
21
-16.0700760000000002
0
LINE
8
BLACK
6
CONTINUOUS
10
24.6030079999999991
20
-16.0700760000000002
11
24.7934839999999994
21
-15.9748380000000001
0
LINE
8
BLACK
6
CONTINUOUS
10
27.2696749999999994
20
-15.9748380000000001
11
26.3172940000000004
21
-15.9748380000000001
0
LINE
8
BLACK
6
CONTINUOUS
10
26.3172940000000004
20
-15.9748380000000001
11
26.2220559999999985
21
-16.9272190000000009
0
LINE
8
BLACK
6
CONTINUOUS
10
26.2220559999999985
20
-16.9272190000000009
11
26.3172940000000004
21
-16.8319799999999979
0
LINE
8
BLACK
6
CONTINUOUS
10
26.3172940000000004
20
-16.8319799999999979
11
26.5077699999999972
21
-16.7367419999999996
0
LINE
8
BLACK
6
CONTINUOUS
10
26.5077699999999972
20
-16.7367419999999996
11
26.9839609999999972
21
-16.7367419999999996
0
LINE
8
BLACK
6
CONTINUOUS
10
26.9839609999999972
20
-16.7367419999999996
11
27.1744369999999975
21
-16.8319799999999979
0
LINE
8
BLACK
6
CONTINUOUS
10
27.1744369999999975
20
-16.8319799999999979
11
27.2696749999999994
21
-16.9272190000000009
0
LINE
8
BLACK
6
CONTINUOUS
10
27.2696749999999994
20
-16.9272190000000009
11
27.3649129999999978
21
-17.1176949999999977
0
LINE
8
BLACK
6
CONTINUOUS
10
27.3649129999999978
20
-17.1176949999999977
11
27.3649129999999978
21
-17.5938850000000002
0
LINE
8
BLACK
6
CONTINUOUS
10
27.3649129999999978
20
-17.5938850000000002
11
27.2696749999999994
21
-17.7843610000000005
0
LINE
8
BLACK
6
CONTINUOUS
10
27.2696749999999994
20
-17.7843610000000005
11
27.1744369999999975
21
-17.8795999999999999
0
LINE
8
BLACK
6
CONTINUOUS
10
27.1744369999999975
20
-17.8795999999999999
11
26.9839609999999972
21
-17.9748379999999983
0
LINE
8
BLACK
6
CONTINUOUS
10
26.9839609999999972
20
-17.9748379999999983
11
26.5077699999999972
21
-17.9748379999999983
0
LINE
8
BLACK
6
CONTINUOUS
10
26.5077699999999972
20
-17.9748379999999983
11
26.3172940000000004
21
-17.8795999999999999
0
LINE
8
BLACK
6
CONTINUOUS
10
26.3172940000000004
20
-17.8795999999999999
11
26.2220559999999985
21
-17.7843610000000005
0
LINE
8
BLACK
6
CONTINUOUS
10
29.1744369999999975
20
-15.9748380000000001
11
28.2220559999999985
21
-15.9748380000000001
0
LINE
8
BLACK
6
CONTINUOUS
10
28.2220559999999985
20
-15.9748380000000001
11
28.1268180000000001
21
-16.9272190000000009
0
LINE
8
BLACK
6
CONTINUOUS
10
28.1268180000000001
20
-16.9272190000000009
11
28.2220559999999985
21
-16.8319799999999979
0
LINE
8
BLACK
6
CONTINUOUS
10
28.2220559999999985
20
-16.8319799999999979
11
28.4125319999999988
21
-16.7367419999999996
0
LINE
8
BLACK
6
CONTINUOUS
10
28.4125319999999988
20
-16.7367419999999996
11
28.8887229999999988
21
-16.7367419999999996
0
LINE
8
BLACK
6
CONTINUOUS
10
28.8887229999999988
20
-16.7367419999999996
11
29.0791989999999991
21
-16.8319799999999979
0
LINE
8
BLACK
6
CONTINUOUS
10
29.0791989999999991
20
-16.8319799999999979
11
29.1744369999999975
21
-16.9272190000000009
0
LINE
8
BLACK
6
CONTINUOUS
10
29.1744369999999975
20
-16.9272190000000009
11
29.2696749999999994
21
-17.1176949999999977
0
LINE
8
BLACK
6
CONTINUOUS
10
29.2696749999999994
20
-17.1176949999999977
11
29.2696749999999994
21
-17.5938850000000002
0
LINE
8
BLACK
6
CONTINUOUS
10
29.2696749999999994
20
-17.5938850000000002
11
29.1744369999999975
21
-17.7843610000000005
0
LINE
8
BLACK
6
CONTINUOUS
10
29.1744369999999975
20
-17.7843610000000005
11
29.0791989999999991
21
-17.8795999999999999
0
LINE
8
BLACK
6
CONTINUOUS
10
29.0791989999999991
20
-17.8795999999999999
11
28.8887229999999988
21
-17.9748379999999983
0
LINE
8
BLACK
6
CONTINUOUS
10
28.8887229999999988
20
-17.9748379999999983
11
28.4125319999999988
21
-17.9748379999999983
0
LINE
8
BLACK
6
CONTINUOUS
10
28.4125319999999988
20
-17.9748379999999983
11
28.2220559999999985
21
-17.8795999999999999
0
LINE
8
BLACK
6
CONTINUOUS
10
28.2220559999999985
20
-17.8795999999999999
11
28.1268180000000001
21
-17.7843610000000005
0
LINE
8
BLACK
6
CONTINUOUS
10
31.1744369999999975
20
-17.9748379999999983
11
30.0315799999999982
21
-17.9748379999999983
0
LINE
8
BLACK
6
CONTINUOUS
10
30.6030079999999991
20
-17.9748379999999983
11
30.6030079999999991
21
-15.9748380000000001
0
LINE
8
BLACK
6
CONTINUOUS
10
30.6030079999999991
20
-15.9748380000000001
11
30.4125319999999988
21
-16.2605520000000006
0
LINE
8
BLACK
6
CONTINUOUS
10
30.4125319999999988
20
-16.2605520000000006
11
30.2220559999999985
21
-16.4510280000000009
0
LINE
8
BLACK
6
CONTINUOUS
10
30.2220559999999985
20
-16.4510280000000009
11
30.0315799999999982
21
-16.5462659999999993
0
LINE
8
BLACK
6
CONTINUOUS
10
31.9363419999999998
20
-15.9748380000000001
11
31.9363419999999998
21
-16.3557899999999989
0
LINE
8
BLACK
6
CONTINUOUS
10
32.6982470000000021
20
-15.9748380000000001
11
32.6982470000000021
21
-16.3557899999999989
0
LINE
8
BLACK
6
CONTINUOUS
10
35.650628999999995
20
-18.7367419999999996
11
35.5553899999999956
21
-18.6415039999999976
0
LINE
8
BLACK
6
CONTINUOUS
10
35.5553899999999956
20
-18.6415039999999976
11
35.3649139999999989
21
-18.3557899999999989
0
LINE
8
BLACK
6
CONTINUOUS
10
35.3649139999999989
20
-18.3557899999999989
11
35.2696759999999969
21
-18.1653139999999986
0
LINE
8
BLACK
6
CONTINUOUS
10
35.2696759999999969
20
-18.1653139999999986
11
35.174437999999995
21
-17.8795999999999999
0
LINE
8
BLACK
6
CONTINUOUS
10
35.174437999999995
20
-17.8795999999999999
11
35.0792000000000002
21
-17.4034089999999999
0
LINE
8
BLACK
6
CONTINUOUS
10
35.0792000000000002
20
-17.4034089999999999
11
35.0792000000000002
21
-17.0224569999999993
0
LINE
8
BLACK
6
CONTINUOUS
10
35.0792000000000002
20
-17.0224569999999993
11
35.174437999999995
21
-16.5462659999999993
0
LINE
8
BLACK
6
CONTINUOUS
10
35.174437999999995
20
-16.5462659999999993
11
35.2696759999999969
21
-16.2605520000000006
0
LINE
8
BLACK
6
CONTINUOUS
10
35.2696759999999969
20
-16.2605520000000006
11
35.3649139999999989
21
-16.0700760000000002
0
LINE
8
BLACK
6
CONTINUOUS
10
35.3649139999999989
20
-16.0700760000000002
11
35.5553899999999956
21
-15.7843609999999988
0
LINE
8
BLACK
6
CONTINUOUS
10
35.5553899999999956
20
-15.7843609999999988
11
35.650628999999995
21
-15.6891229999999986
0
LINE
8
BLACK
6
CONTINUOUS
10
36.3172950000000014
20
-16.1653139999999986
11
36.4125329999999963
21
-16.0700760000000002
0
LINE
8
BLACK
6
CONTINUOUS
10
36.4125329999999963
20
-16.0700760000000002
11
36.6030090000000001
21
-15.9748380000000001
0
LINE
8
BLACK
6
CONTINUOUS
10
36.6030090000000001
20
-15.9748380000000001
11
37.0792000000000002
21
-15.9748380000000001
0
LINE
8
BLACK
6
CONTINUOUS
10
37.0792000000000002
20
-15.9748380000000001
11
37.2696759999999969
21
-16.0700760000000002
0
LINE
8
BLACK
6
CONTINUOUS
10
37.2696759999999969
20
-16.0700760000000002
11
37.3649139999999989
21
-16.1653139999999986
0
LINE
8
BLACK
6
CONTINUOUS
10
37.3649139999999989
20
-16.1653139999999986
11
37.4601520000000008
21
-16.3557899999999989
0
LINE
8
BLACK
6
CONTINUOUS
10
37.4601520000000008
20
-16.3557899999999989
11
37.4601520000000008
21
-16.5462659999999993
0
LINE
8
BLACK
6
CONTINUOUS
10
37.4601520000000008
20
-16.5462659999999993
11
37.3649139999999989
21
-16.8319799999999979
0
LINE
8
BLACK
6
CONTINUOUS
10
37.3649139999999989
20
-16.8319799999999979
11
36.2220569999999995
21
-17.9748379999999983
0
LINE
8
BLACK
6
CONTINUOUS
10
36.2220569999999995
20
-17.9748379999999983
11
37.4601520000000008
21
-17.9748379999999983
0
LINE
8
BLACK
6
CONTINUOUS
10
39.8411049999999989
20
-17.9748379999999983
11
39.8411049999999989
21
-15.9748380000000001
0
LINE
8
BLACK
6
CONTINUOUS
10
40.6982479999999995
20
-17.9748379999999983
11
40.6982479999999995
21
-16.9272190000000009
0
LINE
8
BLACK
6
CONTINUOUS
10
40.6982479999999995
20
-16.9272190000000009
11
40.6030099999999976
21
-16.7367419999999996
0
LINE
8
BLACK
6
CONTINUOUS
10
40.6030099999999976
20
-16.7367419999999996
11
40.4125340000000008
21
-16.6415039999999976
0
LINE
8
BLACK
6
CONTINUOUS
10
40.4125340000000008
20
-16.6415039999999976
11
40.1268189999999976
21
-16.6415039999999976
0
LINE
8
BLACK
6
CONTINUOUS
10
40.1268189999999976
20
-16.6415039999999976
11
39.9363430000000008
21
-16.7367419999999996
0
LINE
8
BLACK
6
CONTINUOUS
10
39.9363430000000008
20
-16.7367419999999996
11
39.8411049999999989
21
-16.8319799999999979
0
LINE
8
BLACK
6
CONTINUOUS
10
41.9363430000000008
20
-17.9748379999999983
11
41.7458669999999969
21
-17.8795999999999999
0
LINE
8
BLACK
6
CONTINUOUS
10
41.7458669999999969
20
-17.8795999999999999
11
41.650628999999995
21
-17.7843610000000005
0
LINE
8
BLACK
6
CONTINUOUS
10
41.650628999999995
20
-17.7843610000000005
11
41.5553910000000002
21
-17.5938850000000002
0
LINE
8
BLACK
6
CONTINUOUS
10
41.5553910000000002
20
-17.5938850000000002
11
41.5553910000000002
21
-17.0224569999999993
0
LINE
8
BLACK
6
CONTINUOUS
10
41.5553910000000002
20
-17.0224569999999993
11
41.650628999999995
21
-16.8319799999999979
0
LINE
8
BLACK
6
CONTINUOUS
10
41.650628999999995
20
-16.8319799999999979
11
41.7458669999999969
21
-16.7367419999999996
0
LINE
8
BLACK
6
CONTINUOUS
10
41.7458669999999969
20
-16.7367419999999996
11
41.9363430000000008
21
-16.6415039999999976
0
LINE
8
BLACK
6
CONTINUOUS
10
41.9363430000000008
20
-16.6415039999999976
11
42.222057999999997
21
-16.6415039999999976
0
LINE
8
BLACK
6
CONTINUOUS
10
42.222057999999997
20
-16.6415039999999976
11
42.4125340000000008
21
-16.7367419999999996
0
LINE
8
BLACK
6
CONTINUOUS
10
42.4125340000000008
20
-16.7367419999999996
11
42.5077719999999957
21
-16.8319799999999979
0
LINE
8
BLACK
6
CONTINUOUS
10
42.5077719999999957
20
-16.8319799999999979
11
42.6030099999999976
21
-17.0224569999999993
0
LINE
8
BLACK
6
CONTINUOUS
10
42.6030099999999976
20
-17.0224569999999993
11
42.6030099999999976
21
-17.5938850000000002
0
LINE
8
BLACK
6
CONTINUOUS
10
42.6030099999999976
20
-17.5938850000000002
11
42.5077719999999957
21
-17.7843610000000005
0
LINE
8
BLACK
6
CONTINUOUS
10
42.5077719999999957
20
-17.7843610000000005
11
42.4125340000000008
21
-17.8795999999999999
0
LINE
8
BLACK
6
CONTINUOUS
10
42.4125340000000008
20
-17.8795999999999999
11
42.222057999999997
21
-17.9748379999999983
0
LINE
8
BLACK
6
CONTINUOUS
10
42.222057999999997
20
-17.9748379999999983
11
41.9363430000000008
21
-17.9748379999999983
0
LINE
8
BLACK
6
CONTINUOUS
10
43.7458669999999969
20
-17.9748379999999983
11
43.5553910000000002
21
-17.8795999999999999
0
LINE
8
BLACK
6
CONTINUOUS
10
43.5553910000000002
20
-17.8795999999999999
11
43.4601529999999983
21
-17.6891229999999986
0
LINE
8
BLACK
6
CONTINUOUS
10
43.4601529999999983
20
-17.6891229999999986
11
43.4601529999999983
21
-15.9748380000000001
0
LINE
8
BLACK
6
CONTINUOUS
10
45.2696770000000015
20
-17.8795999999999999
11
45.0792009999999976
21
-17.9748379999999983
0
LINE
8
BLACK
6
CONTINUOUS
10
45.0792009999999976
20
-17.9748379999999983
11
44.6982479999999995
21
-17.9748379999999983
0
LINE
8
BLACK
6
CONTINUOUS
10
44.6982479999999995
20
-17.9748379999999983
11
44.5077719999999957
21
-17.8795999999999999
0
LINE
8
BLACK
6
CONTINUOUS
10
44.5077719999999957
20
-17.8795999999999999
11
44.4125340000000008
21
-17.6891229999999986
0
LINE
8
BLACK
6
CONTINUOUS
10
44.4125340000000008
20
-17.6891229999999986
11
44.4125340000000008
21
-16.9272190000000009
0
LINE
8
BLACK
6
CONTINUOUS
10
44.4125340000000008
20
-16.9272190000000009
11
44.5077719999999957
21
-16.7367419999999996
0
LINE
8
BLACK
6
CONTINUOUS
10
44.5077719999999957
20
-16.7367419999999996
11
44.6982479999999995
21
-16.6415039999999976
0
LINE
8
BLACK
6
CONTINUOUS
10
44.6982479999999995
20
-16.6415039999999976
11
45.0792009999999976
21
-16.6415039999999976
0
LINE
8
BLACK
6
CONTINUOUS
10
45.0792009999999976
20
-16.6415039999999976
11
45.2696770000000015
21
-16.7367419999999996
0
LINE
8
BLACK
6
CONTINUOUS
10
45.2696770000000015
20
-16.7367419999999996
11
45.3649149999999963
21
-16.9272190000000009
0
LINE
8
BLACK
6
CONTINUOUS
10
45.3649149999999963
20
-16.9272190000000009
11
45.3649149999999963
21
-17.1176949999999977
0
LINE
8
BLACK
6
CONTINUOUS
10
45.3649149999999963
20
-17.1176949999999977
11
44.4125340000000008
21
-17.308170999999998
0
LINE
8
BLACK
6
CONTINUOUS
10
46.126819999999995
20
-17.8795999999999999
11
46.3172959999999989
21
-17.9748379999999983
0
LINE
8
BLACK
6
CONTINUOUS
10
46.3172959999999989
20
-17.9748379999999983
11
46.6982479999999995
21
-17.9748379999999983
0
LINE
8
BLACK
6
CONTINUOUS
10
46.6982479999999995
20
-17.9748379999999983
11
46.8887250000000009
21
-17.8795999999999999
0
LINE
8
BLACK
6
CONTINUOUS
10
46.8887250000000009
20
-17.8795999999999999
11
46.9839629999999957
21
-17.6891229999999986
0
LINE
8
BLACK
6
CONTINUOUS
10
46.9839629999999957
20
-17.6891229999999986
11
46.9839629999999957
21
-17.5938850000000002
0
LINE
8
BLACK
6
CONTINUOUS
10
46.9839629999999957
20
-17.5938850000000002
11
46.8887250000000009
21
-17.4034089999999999
0
LINE
8
BLACK
6
CONTINUOUS
10
46.8887250000000009
20
-17.4034089999999999
11
46.6982479999999995
21
-17.308170999999998
0
LINE
8
BLACK
6
CONTINUOUS
10
46.6982479999999995
20
-17.308170999999998
11
46.4125340000000008
21
-17.308170999999998
0
LINE
8
BLACK
6
CONTINUOUS
10
46.4125340000000008
20
-17.308170999999998
11
46.222057999999997
21
-17.2129329999999996
0
LINE
8
BLACK
6
CONTINUOUS
10
46.222057999999997
20
-17.2129329999999996
11
46.126819999999995
21
-17.0224569999999993
0
LINE
8
BLACK
6
CONTINUOUS
10
46.126819999999995
20
-17.0224569999999993
11
46.126819999999995
21
-16.9272190000000009
0
LINE
8
BLACK
6
CONTINUOUS
10
46.126819999999995
20
-16.9272190000000009
11
46.222057999999997
21
-16.7367419999999996
0
LINE
8
BLACK
6
CONTINUOUS
10
46.222057999999997
20
-16.7367419999999996
11
46.4125340000000008
21
-16.6415039999999976
0
LINE
8
BLACK
6
CONTINUOUS
10
46.4125340000000008
20
-16.6415039999999976
11
46.6982479999999995
21
-16.6415039999999976
0
LINE
8
BLACK
6
CONTINUOUS
10
46.6982479999999995
20
-16.6415039999999976
11
46.8887250000000009
21
-16.7367419999999996
0
LINE
8
BLACK
6
CONTINUOUS
10
47.6506299999999996
20
-18.7367419999999996
11
47.7458679999999944
21
-18.6415039999999976
0
LINE
8
BLACK
6
CONTINUOUS
10
47.7458679999999944
20
-18.6415039999999976
11
47.9363439999999983
21
-18.3557899999999989
0
LINE
8
BLACK
6
CONTINUOUS
10
47.9363439999999983
20
-18.3557899999999989
11
48.0315820000000002
21
-18.1653139999999986
0
LINE
8
BLACK
6
CONTINUOUS
10
48.0315820000000002
20
-18.1653139999999986
11
48.126819999999995
21
-17.8795999999999999
0
LINE
8
BLACK
6
CONTINUOUS
10
48.126819999999995
20
-17.8795999999999999
11
48.222057999999997
21
-17.4034089999999999
0
LINE
8
BLACK
6
CONTINUOUS
10
48.222057999999997
20
-17.4034089999999999
11
48.222057999999997
21
-17.0224569999999993
0
LINE
8
BLACK
6
CONTINUOUS
10
48.222057999999997
20
-17.0224569999999993
11
48.126819999999995
21
-16.5462659999999993
0
LINE
8
BLACK
6
CONTINUOUS
10
48.126819999999995
20
-16.5462659999999993
11
48.0315820000000002
21
-16.2605520000000006
0
LINE
8
BLACK
6
CONTINUOUS
10
48.0315820000000002
20
-16.2605520000000006
11
47.9363439999999983
21
-16.0700760000000002
0
LINE
8
BLACK
6
CONTINUOUS
10
47.9363439999999983
20
-16.0700760000000002
11
47.7458679999999944
21
-15.7843609999999988
0
LINE
8
BLACK
6
CONTINUOUS
10
47.7458679999999944
20
-15.7843609999999988
11
47.6506299999999996
21
-15.6891229999999986
0
LINE
8
BLACK
6
CONTINUOUS
10
-2.1000000000000001
20
-18.6999999999999993
11
-0.1
21
-20.6999999999999993
0
LINE
8
BLACK
6
CONTINUOUS
10
-0.1
20
-18.6999999999999993
11
-2.1000000000000001
21
-20.6999999999999993
0
CIRCLE
8
BLACK
10
-1.0999999999999999
20
-19.6999999999999993
40
1.
0
LINE
8
BLACK
6
CONTINUOUS
10
2.3172919999999997
20
-18.6148379999999989
11
3.5553869999999996
21
-18.6148379999999989
0
LINE
8
BLACK
6
CONTINUOUS
10
3.5553869999999996
20
-18.6148379999999989
11
2.8887199999999997
21
-19.3767420000000001
0
LINE
8
BLACK
6
CONTINUOUS
10
2.8887199999999997
20
-19.3767420000000001
11
3.1744349999999999
21
-19.3767420000000001
0
LINE
8
BLACK
6
CONTINUOUS
10
3.1744349999999999
20
-19.3767420000000001
11
3.3649109999999998
21
-19.4719799999999985
0
LINE
8
BLACK
6
CONTINUOUS
10
3.3649109999999998
20
-19.4719799999999985
11
3.4601489999999999
21
-19.5672189999999979
0
LINE
8
BLACK
6
CONTINUOUS
10
3.4601489999999999
20
-19.5672189999999979
11
3.5553869999999996
21
-19.7576949999999982
0
LINE
8
BLACK
6
CONTINUOUS
10
3.5553869999999996
20
-19.7576949999999982
11
3.5553869999999996
21
-20.2338850000000008
0
LINE
8
BLACK
6
CONTINUOUS
10
3.5553869999999996
20
-20.2338850000000008
11
3.4601489999999999
21
-20.4243609999999975
0
LINE
8
BLACK
6
CONTINUOUS
10
3.4601489999999999
20
-20.4243609999999975
11
3.3649109999999998
21
-20.5196000000000005
0
LINE
8
BLACK
6
CONTINUOUS
10
3.3649109999999998
20
-20.5196000000000005
11
3.1744349999999999
21
-20.6148379999999989
0
LINE
8
BLACK
6
CONTINUOUS
10
3.1744349999999999
20
-20.6148379999999989
11
2.6030059999999997
21
-20.6148379999999989
0
LINE
8
BLACK
6
CONTINUOUS
10
2.6030059999999997
20
-20.6148379999999989
11
2.4125299999999998
21
-20.5196000000000005
0
LINE
8
BLACK
6
CONTINUOUS
10
2.4125299999999998
20
-20.5196000000000005
11
2.3172919999999997
21
-20.4243609999999975
0
LINE
8
BLACK
6
CONTINUOUS
10
4.4125299999999994
20
-20.4243609999999975
11
4.5077679999999996
21
-20.5196000000000005
0
LINE
8
BLACK
6
CONTINUOUS
10
4.5077679999999996
20
-20.5196000000000005
11
4.4125299999999994
21
-20.6148379999999989
0
LINE
8
BLACK
6
CONTINUOUS
10
4.4125299999999994
20
-20.6148379999999989
11
4.3172920000000001
21
-20.5196000000000005
0
LINE
8
BLACK
6
CONTINUOUS
10
4.3172920000000001
20
-20.5196000000000005
11
4.4125299999999994
21
-20.4243609999999975
0
LINE
8
BLACK
6
CONTINUOUS
10
4.4125299999999994
20
-20.4243609999999975
11
4.4125299999999994
21
-20.6148379999999989
0
LINE
8
BLACK
6
CONTINUOUS
10
6.3172920000000001
20
-18.6148379999999989
11
5.3649109999999993
21
-18.6148379999999989
0
LINE
8
BLACK
6
CONTINUOUS
10
5.3649109999999993
20
-18.6148379999999989
11
5.2696730000000001
21
-19.5672189999999979
0
LINE
8
BLACK
6
CONTINUOUS
10
5.2696730000000001
20
-19.5672189999999979
11
5.3649109999999993
21
-19.4719799999999985
0
LINE
8
BLACK
6
CONTINUOUS
10
5.3649109999999993
20
-19.4719799999999985
11
5.5553869999999996
21
-19.3767420000000001
0
LINE
8
BLACK
6
CONTINUOUS
10
5.5553869999999996
20
-19.3767420000000001
11
6.0315779999999997
21
-19.3767420000000001
0
LINE
8
BLACK
6
CONTINUOUS
10
6.0315779999999997
20
-19.3767420000000001
11
6.222054
21
-19.4719799999999985
0
LINE
8
BLACK
6
CONTINUOUS
10
6.222054
20
-19.4719799999999985
11
6.3172920000000001
21
-19.5672189999999979
0
LINE
8
BLACK
6
CONTINUOUS
10
6.3172920000000001
20
-19.5672189999999979
11
6.4125299999999994
21
-19.7576949999999982
0
LINE
8
BLACK
6
CONTINUOUS
10
6.4125299999999994
20
-19.7576949999999982
11
6.4125299999999994
21
-20.2338850000000008
0
LINE
8
BLACK
6
CONTINUOUS
10
6.4125299999999994
20
-20.2338850000000008
11
6.3172920000000001
21
-20.4243609999999975
0
LINE
8
BLACK
6
CONTINUOUS
10
6.3172920000000001
20
-20.4243609999999975
11
6.222054
21
-20.5196000000000005
0
LINE
8
BLACK
6
CONTINUOUS
10
6.222054
20
-20.5196000000000005
11
6.0315779999999997
21
-20.6148379999999989
0
LINE
8
BLACK
6
CONTINUOUS
10
6.0315779999999997
20
-20.6148379999999989
11
5.5553869999999996
21
-20.6148379999999989
0
LINE
8
BLACK
6
CONTINUOUS
10
5.5553869999999996
20
-20.6148379999999989
11
5.3649109999999993
21
-20.5196000000000005
0
LINE
8
BLACK
6
CONTINUOUS
10
5.3649109999999993
20
-20.5196000000000005
11
5.2696730000000001
21
-20.4243609999999975
0
LINE
8
BLACK
6
CONTINUOUS
10
7.6506249999999998
20
-18.6148379999999989
11
7.8411019999999994
21
-18.6148379999999989
0
LINE
8
BLACK
6
CONTINUOUS
10
7.8411019999999994
20
-18.6148379999999989
11
8.0315779999999997
21
-18.7100760000000008
0
LINE
8
BLACK
6
CONTINUOUS
10
8.0315779999999997
20
-18.7100760000000008
11
8.1268159999999998
21
-18.8053139999999992
0
LINE
8
BLACK
6
CONTINUOUS
10
8.1268159999999998
20
-18.8053139999999992
11
8.222054
21
-18.9957899999999995
0
LINE
8
BLACK
6
CONTINUOUS
10
8.222054
20
-18.9957899999999995
11
8.3172920000000001
21
-19.3767420000000001
0
LINE
8
BLACK
6
CONTINUOUS
10
8.3172920000000001
20
-19.3767420000000001
11
8.3172920000000001
21
-19.8529330000000002
0
LINE
8
BLACK
6
CONTINUOUS
10
8.3172920000000001
20
-19.8529330000000002
11
8.222054
21
-20.2338850000000008
0
LINE
8
BLACK
6
CONTINUOUS
10
8.222054
20
-20.2338850000000008
11
8.1268159999999998
21
-20.4243609999999975
0
LINE
8
BLACK
6
CONTINUOUS
10
8.1268159999999998
20
-20.4243609999999975
11
8.0315779999999997
21
-20.5196000000000005
0
LINE
8
BLACK
6
CONTINUOUS
10
8.0315779999999997
20
-20.5196000000000005
11
7.8411019999999994
21
-20.6148379999999989
0
LINE
8
BLACK
6
CONTINUOUS
10
7.8411019999999994
20
-20.6148379999999989
11
7.6506249999999998
21
-20.6148379999999989
0
LINE
8
BLACK
6
CONTINUOUS
10
7.6506249999999998
20
-20.6148379999999989
11
7.4601489999999995
21
-20.5196000000000005
0
LINE
8
BLACK
6
CONTINUOUS
10
7.4601489999999995
20
-20.5196000000000005
11
7.3649109999999993
21
-20.4243609999999975
0
LINE
8
BLACK
6
CONTINUOUS
10
7.3649109999999993
20
-20.4243609999999975
11
7.2696730000000001
21
-20.2338850000000008
0
LINE
8
BLACK
6
CONTINUOUS
10
7.2696730000000001
20
-20.2338850000000008
11
7.1744349999999999
21
-19.8529330000000002
0
LINE
8
BLACK
6
CONTINUOUS
10
7.1744349999999999
20
-19.8529330000000002
11
7.1744349999999999
21
-19.3767420000000001
0
LINE
8
BLACK
6
CONTINUOUS
10
7.1744349999999999
20
-19.3767420000000001
11
7.2696730000000001
21
-18.9957899999999995
0
LINE
8
BLACK
6
CONTINUOUS
10
7.2696730000000001
20
-18.9957899999999995
11
7.3649109999999993
21
-18.8053139999999992
0
LINE
8
BLACK
6
CONTINUOUS
10
7.3649109999999993
20
-18.8053139999999992
11
7.4601489999999995
21
-18.7100760000000008
0
LINE
8
BLACK
6
CONTINUOUS
10
7.4601489999999995
20
-18.7100760000000008
11
7.6506249999999998
21
-18.6148379999999989
0
LINE
8
BLACK
6
CONTINUOUS
10
9.5553869999999996
20
-18.6148379999999989
11
9.7458639999999992
21
-18.6148379999999989
0
LINE
8
BLACK
6
CONTINUOUS
10
9.7458639999999992
20
-18.6148379999999989
11
9.9363399999999995
21
-18.7100760000000008
0
LINE
8
BLACK
6
CONTINUOUS
10
9.9363399999999995
20
-18.7100760000000008
11
10.0315779999999997
21
-18.8053139999999992
0
LINE
8
BLACK
6
CONTINUOUS
10
10.0315779999999997
20
-18.8053139999999992
11
10.1268159999999998
21
-18.9957899999999995
0
LINE
8
BLACK
6
CONTINUOUS
10
10.1268159999999998
20
-18.9957899999999995
11
10.222054
21
-19.3767420000000001
0
LINE
8
BLACK
6
CONTINUOUS
10
10.222054
20
-19.3767420000000001
11
10.222054
21
-19.8529330000000002
0
LINE
8
BLACK
6
CONTINUOUS
10
10.222054
20
-19.8529330000000002
11
10.1268159999999998
21
-20.2338850000000008
0
LINE
8
BLACK
6
CONTINUOUS
10
10.1268159999999998
20
-20.2338850000000008
11
10.0315779999999997
21
-20.4243609999999975
0
LINE
8
BLACK
6
CONTINUOUS
10
10.0315779999999997
20
-20.4243609999999975
11
9.9363399999999995
21
-20.5196000000000005
0
LINE
8
BLACK
6
CONTINUOUS
10
9.9363399999999995
20
-20.5196000000000005
11
9.7458639999999992
21
-20.6148379999999989
0
LINE
8
BLACK
6
CONTINUOUS
10
9.7458639999999992
20
-20.6148379999999989
11
9.5553869999999996
21
-20.6148379999999989
0
LINE
8
BLACK
6
CONTINUOUS
10
9.5553869999999996
20
-20.6148379999999989
11
9.3649109999999993
21
-20.5196000000000005
0
LINE
8
BLACK
6
CONTINUOUS
10
9.3649109999999993
20
-20.5196000000000005
11
9.2696729999999992
21
-20.4243609999999975
0
LINE
8
BLACK
6
CONTINUOUS
10
9.2696729999999992
20
-20.4243609999999975
11
9.174434999999999
21
-20.2338850000000008
0
LINE
8
BLACK
6
CONTINUOUS
10
9.174434999999999
20
-20.2338850000000008
11
9.0791969999999989
21
-19.8529330000000002
0
LINE
8
BLACK
6
CONTINUOUS
10
9.0791969999999989
20
-19.8529330000000002
11
9.0791969999999989
21
-19.3767420000000001
0
LINE
8
BLACK
6
CONTINUOUS
10
9.0791969999999989
20
-19.3767420000000001
11
9.174434999999999
21
-18.9957899999999995
0
LINE
8
BLACK
6
CONTINUOUS
10
9.174434999999999
20
-18.9957899999999995
11
9.2696729999999992
21
-18.8053139999999992
0
LINE
8
BLACK
6
CONTINUOUS
10
9.2696729999999992
20
-18.8053139999999992
11
9.3649109999999993
21
-18.7100760000000008
0
LINE
8
BLACK
6
CONTINUOUS
10
9.3649109999999993
20
-18.7100760000000008
11
9.5553869999999996
21
-18.6148379999999989
0
LINE
8
BLACK
6
CONTINUOUS
10
11.0791969999999989
20
-20.6148379999999989
11
11.0791969999999989
21
-19.2815039999999982
0
LINE
8
BLACK
6
CONTINUOUS
10
11.0791969999999989
20
-19.4719799999999985
11
11.174434999999999
21
-19.3767420000000001
0
LINE
8
BLACK
6
CONTINUOUS
10
11.174434999999999
20
-19.3767420000000001
11
11.3649109999999993
21
-19.2815039999999982
0
LINE
8
BLACK
6
CONTINUOUS
10
11.3649109999999993
20
-19.2815039999999982
11
11.650625999999999
21
-19.2815039999999982
0
LINE
8
BLACK
6
CONTINUOUS
10
11.650625999999999
20
-19.2815039999999982
11
11.8411019999999994
21
-19.3767420000000001
0
LINE
8
BLACK
6
CONTINUOUS
10
11.8411019999999994
20
-19.3767420000000001
11
11.9363399999999995
21
-19.5672189999999979
0
LINE
8
BLACK
6
CONTINUOUS
10
11.9363399999999995
20
-19.5672189999999979
11
11.9363399999999995
21
-20.6148379999999989
0
LINE
8
BLACK
6
CONTINUOUS
10
11.9363399999999995
20
-19.5672189999999979
11
12.0315779999999997
21
-19.3767420000000001
0
LINE
8
BLACK
6
CONTINUOUS
10
12.0315779999999997
20
-19.3767420000000001
11
12.222054
21
-19.2815039999999982
0
LINE
8
BLACK
6
CONTINUOUS
10
12.222054
20
-19.2815039999999982
11
12.5077679999999987
21
-19.2815039999999982
0
LINE
8
BLACK
6
CONTINUOUS
10
12.5077679999999987
20
-19.2815039999999982
11
12.698245
21
-19.3767420000000001
0
LINE
8
BLACK
6
CONTINUOUS
10
12.698245
20
-19.3767420000000001
11
12.7934830000000002
21
-19.5672189999999979
0
LINE
8
BLACK
6
CONTINUOUS
10
12.7934830000000002
20
-19.5672189999999979
11
12.7934830000000002
21
-20.6148379999999989
0
LINE
8
BLACK
6
CONTINUOUS
10
13.7458639999999992
20
-20.6148379999999989
11
13.7458639999999992
21
-19.2815039999999982
0
LINE
8
BLACK
6
CONTINUOUS
10
13.7458639999999992
20
-19.4719799999999985
11
13.8411019999999994
21
-19.3767420000000001
0
LINE
8
BLACK
6
CONTINUOUS
10
13.8411019999999994
20
-19.3767420000000001
11
14.0315779999999997
21
-19.2815039999999982
0
LINE
8
BLACK
6
CONTINUOUS
10
14.0315779999999997
20
-19.2815039999999982
11
14.3172929999999994
21
-19.2815039999999982
0
LINE
8
BLACK
6
CONTINUOUS
10
14.3172929999999994
20
-19.2815039999999982
11
14.5077689999999997
21
-19.3767420000000001
0
LINE
8
BLACK
6
CONTINUOUS
10
14.5077689999999997
20
-19.3767420000000001
11
14.6030069999999998
21
-19.5672189999999979
0
LINE
8
BLACK
6
CONTINUOUS
10
14.6030069999999998
20
-19.5672189999999979
11
14.6030069999999998
21
-20.6148379999999989
0
LINE
8
BLACK
6
CONTINUOUS
10
14.6030069999999998
20
-19.5672189999999979
11
14.698245
21
-19.3767420000000001
0
LINE
8
BLACK
6
CONTINUOUS
10
14.698245
20
-19.3767420000000001
11
14.8887209999999985
21
-19.2815039999999982
0
LINE
8
BLACK
6
CONTINUOUS
10
14.8887209999999985
20
-19.2815039999999982
11
15.174434999999999
21
-19.2815039999999982
0
LINE
8
BLACK
6
CONTINUOUS
10
15.174434999999999
20
-19.2815039999999982
11
15.3649119999999986
21
-19.3767420000000001
0
LINE
8
BLACK
6
CONTINUOUS
10
15.3649119999999986
20
-19.3767420000000001
11
15.4601499999999987
21
-19.5672189999999979
0
LINE
8
BLACK
6
CONTINUOUS
10
15.4601499999999987
20
-19.5672189999999979
11
15.4601499999999987
21
-20.6148379999999989
0
LINE
8
BLACK
6
CONTINUOUS
10
19.3649120000000003
20
-18.5196000000000005
11
17.6506270000000001
21
-21.0910279999999979
0
LINE
8
BLACK
6
CONTINUOUS
10
21.9363409999999988
20
-18.6148379999999989
11
22.1268180000000001
21
-18.6148379999999989
0
LINE
8
BLACK
6
CONTINUOUS
10
22.1268180000000001
20
-18.6148379999999989
11
22.3172940000000004
21
-18.7100760000000008
0
LINE
8
BLACK
6
CONTINUOUS
10
22.3172940000000004
20
-18.7100760000000008
11
22.4125319999999988
21
-18.8053139999999992
0
LINE
8
BLACK
6
CONTINUOUS
10
22.4125319999999988
20
-18.8053139999999992
11
22.5077700000000007
21
-18.9957899999999995
0
LINE
8
BLACK
6
CONTINUOUS
10
22.5077700000000007
20
-18.9957899999999995
11
22.6030079999999991
21
-19.3767420000000001
0
LINE
8
BLACK
6
CONTINUOUS
10
22.6030079999999991
20
-19.3767420000000001
11
22.6030079999999991
21
-19.8529330000000002
0
LINE
8
BLACK
6
CONTINUOUS
10
22.6030079999999991
20
-19.8529330000000002
11
22.5077700000000007
21
-20.2338850000000008
0
LINE
8
BLACK
6
CONTINUOUS
10
22.5077700000000007
20
-20.2338850000000008
11
22.4125319999999988
21
-20.4243609999999975
0
LINE
8
BLACK
6
CONTINUOUS
10
22.4125319999999988
20
-20.4243609999999975
11
22.3172940000000004
21
-20.5196000000000005
0
LINE
8
BLACK
6
CONTINUOUS
10
22.3172940000000004
20
-20.5196000000000005
11
22.1268180000000001
21
-20.6148379999999989
0
LINE
8
BLACK
6
CONTINUOUS
10
22.1268180000000001
20
-20.6148379999999989
11
21.9363409999999988
21
-20.6148379999999989
0
LINE
8
BLACK
6
CONTINUOUS
10
21.9363409999999988
20
-20.6148379999999989
11
21.7458649999999984
21
-20.5196000000000005
0
LINE
8
BLACK
6
CONTINUOUS
10
21.7458649999999984
20
-20.5196000000000005
11
21.6506270000000001
21
-20.4243609999999975
0
LINE
8
BLACK
6
CONTINUOUS
10
21.6506270000000001
20
-20.4243609999999975
11
21.5553889999999981
21
-20.2338850000000008
0
LINE
8
BLACK
6
CONTINUOUS
10
21.5553889999999981
20
-20.2338850000000008
11
21.4601509999999998
21
-19.8529330000000002
0
LINE
8
BLACK
6
CONTINUOUS
10
21.4601509999999998
20
-19.8529330000000002
11
21.4601509999999998
21
-19.3767420000000001
0
LINE
8
BLACK
6
CONTINUOUS
10
21.4601509999999998
20
-19.3767420000000001
11
21.5553889999999981
21
-18.9957899999999995
0
LINE
8
BLACK
6
CONTINUOUS
10
21.5553889999999981
20
-18.9957899999999995
11
21.6506270000000001
21
-18.8053139999999992
0
LINE
8
BLACK
6
CONTINUOUS
10
21.6506270000000001
20
-18.8053139999999992
11
21.7458649999999984
21
-18.7100760000000008
0
LINE
8
BLACK
6
CONTINUOUS
10
21.7458649999999984
20
-18.7100760000000008
11
21.9363409999999988
21
-18.6148379999999989
0
LINE
8
BLACK
6
CONTINUOUS
10
23.4601509999999998
20
-20.4243609999999975
11
23.5553889999999981
21
-20.5196000000000005
0
LINE
8
BLACK
6
CONTINUOUS
10
23.5553889999999981
20
-20.5196000000000005
11
23.4601509999999998
21
-20.6148379999999989
0
LINE
8
BLACK
6
CONTINUOUS
10
23.4601509999999998
20
-20.6148379999999989
11
23.3649129999999978
21
-20.5196000000000005
0
LINE
8
BLACK
6
CONTINUOUS
10
23.3649129999999978
20
-20.5196000000000005
11
23.4601509999999998
21
-20.4243609999999975
0
LINE
8
BLACK
6
CONTINUOUS
10
23.4601509999999998
20
-20.4243609999999975
11
23.4601509999999998
21
-20.6148379999999989
0
LINE
8
BLACK
6
CONTINUOUS
10
25.4601509999999998
20
-20.6148379999999989
11
24.3172940000000004
21
-20.6148379999999989
0
LINE
8
BLACK
6
CONTINUOUS
10
24.8887219999999978
20
-20.6148379999999989
11
24.8887219999999978
21
-18.6148379999999989
0
LINE
8
BLACK
6
CONTINUOUS
10
24.8887219999999978
20
-18.6148379999999989
11
24.6982459999999975
21
-18.9005519999999976
0
LINE
8
BLACK
6
CONTINUOUS
10
24.6982459999999975
20
-18.9005519999999976
11
24.5077699999999972
21
-19.0910279999999979
0
LINE
8
BLACK
6
CONTINUOUS
10
24.5077699999999972
20
-19.0910279999999979
11
24.3172940000000004
21
-19.1862659999999998
0
LINE
8
BLACK
6
CONTINUOUS
10
26.1268180000000001
20
-18.6148379999999989
11
27.3649129999999978
21
-18.6148379999999989
0
LINE
8
BLACK
6
CONTINUOUS
10
27.3649129999999978
20
-18.6148379999999989
11
26.6982459999999975
21
-19.3767420000000001
0
LINE
8
BLACK
6
CONTINUOUS
10
26.6982459999999975
20
-19.3767420000000001
11
26.9839609999999972
21
-19.3767420000000001
0
LINE
8
BLACK
6
CONTINUOUS
10
26.9839609999999972
20
-19.3767420000000001
11
27.1744369999999975
21
-19.4719799999999985
0
LINE
8
BLACK
6
CONTINUOUS
10
27.1744369999999975
20
-19.4719799999999985
11
27.2696749999999994
21
-19.5672189999999979
0
LINE
8
BLACK
6
CONTINUOUS
10
27.2696749999999994
20
-19.5672189999999979
11
27.3649129999999978
21
-19.7576949999999982
0
LINE
8
BLACK
6
CONTINUOUS
10
27.3649129999999978
20
-19.7576949999999982
11
27.3649129999999978
21
-20.2338850000000008
0
LINE
8
BLACK
6
CONTINUOUS
10
27.3649129999999978
20
-20.2338850000000008
11
27.2696749999999994
21
-20.4243609999999975
0
LINE
8
BLACK
6
CONTINUOUS
10
27.2696749999999994
20
-20.4243609999999975
11
27.1744369999999975
21
-20.5196000000000005
0
LINE
8
BLACK
6
CONTINUOUS
10
27.1744369999999975
20
-20.5196000000000005
11
26.9839609999999972
21
-20.6148379999999989
0
LINE
8
BLACK
6
CONTINUOUS
10
26.9839609999999972
20
-20.6148379999999989
11
26.4125319999999988
21
-20.6148379999999989
0
LINE
8
BLACK
6
CONTINUOUS
10
26.4125319999999988
20
-20.6148379999999989
11
26.2220559999999985
21
-20.5196000000000005
0
LINE
8
BLACK
6
CONTINUOUS
10
26.2220559999999985
20
-20.5196000000000005
11
26.1268180000000001
21
-20.4243609999999975
0
LINE
8
BLACK
6
CONTINUOUS
10
28.0315799999999982
20
-18.6148379999999989
11
29.3649129999999978
21
-18.6148379999999989
0
LINE
8
BLACK
6
CONTINUOUS
10
29.3649129999999978
20
-18.6148379999999989
11
28.5077699999999972
21
-20.6148379999999989
0
LINE
8
BLACK
6
CONTINUOUS
10
30.4125319999999988
20
-19.4719799999999985
11
30.2220559999999985
21
-19.3767420000000001
0
LINE
8
BLACK
6
CONTINUOUS
10
30.2220559999999985
20
-19.3767420000000001
11
30.1268180000000001
21
-19.2815039999999982
0
LINE
8
BLACK
6
CONTINUOUS
10
30.1268180000000001
20
-19.2815039999999982
11
30.0315799999999982
21
-19.0910279999999979
0
LINE
8
BLACK
6
CONTINUOUS
10
30.0315799999999982
20
-19.0910279999999979
11
30.0315799999999982
21
-18.9957899999999995
0
LINE
8
BLACK
6
CONTINUOUS
10
30.0315799999999982
20
-18.9957899999999995
11
30.1268180000000001
21
-18.8053139999999992
0
LINE
8
BLACK
6
CONTINUOUS
10
30.1268180000000001
20
-18.8053139999999992
11
30.2220559999999985
21
-18.7100760000000008
0
LINE
8
BLACK
6
CONTINUOUS
10
30.2220559999999985
20
-18.7100760000000008
11
30.4125319999999988
21
-18.6148379999999989
0
LINE
8
BLACK
6
CONTINUOUS
10
30.4125319999999988
20
-18.6148379999999989
11
30.7934849999999969
21
-18.6148379999999989
0
LINE
8
BLACK
6
CONTINUOUS
10
30.7934849999999969
20
-18.6148379999999989
11
30.9839609999999972
21
-18.7100760000000008
0
LINE
8
BLACK
6
CONTINUOUS
10
30.9839609999999972
20
-18.7100760000000008
11
31.0791989999999991
21
-18.8053139999999992
0
LINE
8
BLACK
6
CONTINUOUS
10
31.0791989999999991
20
-18.8053139999999992
11
31.1744369999999975
21
-18.9957899999999995
0
LINE
8
BLACK
6
CONTINUOUS
10
31.1744369999999975
20
-18.9957899999999995
11
31.1744369999999975
21
-19.0910279999999979
0
LINE
8
BLACK
6
CONTINUOUS
10
31.1744369999999975
20
-19.0910279999999979
11
31.0791989999999991
21
-19.2815039999999982
0
LINE
8
BLACK
6
CONTINUOUS
10
31.0791989999999991
20
-19.2815039999999982
11
30.9839609999999972
21
-19.3767420000000001
0
LINE
8
BLACK
6
CONTINUOUS
10
30.9839609999999972
20
-19.3767420000000001
11
30.7934849999999969
21
-19.4719799999999985
0
LINE
8
BLACK
6
CONTINUOUS
10
30.7934849999999969
20
-19.4719799999999985
11
30.4125319999999988
21
-19.4719799999999985
0
LINE
8
BLACK
6
CONTINUOUS
10
30.4125319999999988
20
-19.4719799999999985
11
30.2220559999999985
21
-19.5672189999999979
0
LINE
8
BLACK
6
CONTINUOUS
10
30.2220559999999985
20
-19.5672189999999979
11
30.1268180000000001
21
-19.6624569999999999
0
LINE
8
BLACK
6
CONTINUOUS
10
30.1268180000000001
20
-19.6624569999999999
11
30.0315799999999982
21
-19.8529330000000002
0
LINE
8
BLACK
6
CONTINUOUS
10
30.0315799999999982
20
-19.8529330000000002
11
30.0315799999999982
21
-20.2338850000000008
0
LINE
8
BLACK
6
CONTINUOUS
10
30.0315799999999982
20
-20.2338850000000008
11
30.1268180000000001
21
-20.4243609999999975
0
LINE
8
BLACK
6
CONTINUOUS
10
30.1268180000000001
20
-20.4243609999999975
11
30.2220559999999985
21
-20.5196000000000005
0
LINE
8
BLACK
6
CONTINUOUS
10
30.2220559999999985
20
-20.5196000000000005
11
30.4125319999999988
21
-20.6148379999999989
0
LINE
8
BLACK
6
CONTINUOUS
10
30.4125319999999988
20
-20.6148379999999989
11
30.7934849999999969
21
-20.6148379999999989
0
LINE
8
BLACK
6
CONTINUOUS
10
30.7934849999999969
20
-20.6148379999999989
11
30.9839609999999972
21
-20.5196000000000005
0
LINE
8
BLACK
6
CONTINUOUS
10
30.9839609999999972
20
-20.5196000000000005
11
31.0791989999999991
21
-20.4243609999999975
0
LINE
8
BLACK
6
CONTINUOUS
10
31.0791989999999991
20
-20.4243609999999975
11
31.1744369999999975
21
-20.2338850000000008
0
LINE
8
BLACK
6
CONTINUOUS
10
31.1744369999999975
20
-20.2338850000000008
11
31.1744369999999975
21
-19.8529330000000002
0
LINE
8
BLACK
6
CONTINUOUS
10
31.1744369999999975
20
-19.8529330000000002
11
31.0791989999999991
21
-19.6624569999999999
0
LINE
8
BLACK
6
CONTINUOUS
10
31.0791989999999991
20
-19.6624569999999999
11
30.9839609999999972
21
-19.5672189999999979
0
LINE
8
BLACK
6
CONTINUOUS
10
30.9839609999999972
20
-19.5672189999999979
11
30.7934849999999969
21
-19.4719799999999985
0
LINE
8
BLACK
6
CONTINUOUS
10
31.9363419999999998
20
-18.6148379999999989
11
31.9363419999999998
21
-18.9957899999999995
0
LINE
8
BLACK
6
CONTINUOUS
10
32.6982470000000021
20
-18.6148379999999989
11
32.6982470000000021
21
-18.9957899999999995
0
LINE
8
BLACK
6
CONTINUOUS
10
35.650628999999995
20
-21.3767420000000001
11
35.5553899999999956
21
-21.2815039999999982
0
LINE
8
BLACK
6
CONTINUOUS
10
35.5553899999999956
20
-21.2815039999999982
11
35.3649139999999989
21
-20.9957899999999995
0
LINE
8
BLACK
6
CONTINUOUS
10
35.3649139999999989
20
-20.9957899999999995
11
35.2696759999999969
21
-20.8053139999999992
0
LINE
8
BLACK
6
CONTINUOUS
10
35.2696759999999969
20
-20.8053139999999992
11
35.174437999999995
21
-20.5196000000000005
0
LINE
8
BLACK
6
CONTINUOUS
10
35.174437999999995
20
-20.5196000000000005
11
35.0792000000000002
21
-20.0434090000000005
0
LINE
8
BLACK
6
CONTINUOUS
10
35.0792000000000002
20
-20.0434090000000005
11
35.0792000000000002
21
-19.6624569999999999
0
LINE
8
BLACK
6
CONTINUOUS
10
35.0792000000000002
20
-19.6624569999999999
11
35.174437999999995
21
-19.1862659999999998
0
LINE
8
BLACK
6
CONTINUOUS
10
35.174437999999995
20
-19.1862659999999998
11
35.2696759999999969
21
-18.9005519999999976
0
LINE
8
BLACK
6
CONTINUOUS
10
35.2696759999999969
20
-18.9005519999999976
11
35.3649139999999989
21
-18.7100760000000008
0
LINE
8
BLACK
6
CONTINUOUS
10
35.3649139999999989
20
-18.7100760000000008
11
35.5553899999999956
21
-18.4243609999999975
0
LINE
8
BLACK
6
CONTINUOUS
10
35.5553899999999956
20
-18.4243609999999975
11
35.650628999999995
21
-18.3291229999999992
0
LINE
8
BLACK
6
CONTINUOUS
10
37.2696759999999969
20
-19.2815039999999982
11
37.2696759999999969
21
-20.6148379999999989
0
LINE
8
BLACK
6
CONTINUOUS
10
36.7934849999999969
20
-18.5196000000000005
11
36.3172950000000014
21
-19.9481709999999985
0
LINE
8
BLACK
6
CONTINUOUS
10
36.3172950000000014
20
-19.9481709999999985
11
37.5553899999999956
21
-19.9481709999999985
0
LINE
8
BLACK
6
CONTINUOUS
10
39.8411049999999989
20
-20.6148379999999989
11
39.8411049999999989
21
-18.6148379999999989
0
LINE
8
BLACK
6
CONTINUOUS
10
40.6982479999999995
20
-20.6148379999999989
11
40.6982479999999995
21
-19.5672189999999979
0
LINE
8
BLACK
6
CONTINUOUS
10
40.6982479999999995
20
-19.5672189999999979
11
40.6030099999999976
21
-19.3767420000000001
0
LINE
8
BLACK
6
CONTINUOUS
10
40.6030099999999976
20
-19.3767420000000001
11
40.4125340000000008
21
-19.2815039999999982
0
LINE
8
BLACK
6
CONTINUOUS
10
40.4125340000000008
20
-19.2815039999999982
11
40.1268189999999976
21
-19.2815039999999982
0
LINE
8
BLACK
6
CONTINUOUS
10
40.1268189999999976
20
-19.2815039999999982
11
39.9363430000000008
21
-19.3767420000000001
0
LINE
8
BLACK
6
CONTINUOUS
10
39.9363430000000008
20
-19.3767420000000001
11
39.8411049999999989
21
-19.4719799999999985
0
LINE
8
BLACK
6
CONTINUOUS
10
41.9363430000000008
20
-20.6148379999999989
11
41.7458669999999969
21
-20.5196000000000005
0
LINE
8
BLACK
6
CONTINUOUS
10
41.7458669999999969
20
-20.5196000000000005
11
41.650628999999995
21
-20.4243609999999975
0
LINE
8
BLACK
6
CONTINUOUS
10
41.650628999999995
20
-20.4243609999999975
11
41.5553910000000002
21
-20.2338850000000008
0
LINE
8
BLACK
6
CONTINUOUS
10
41.5553910000000002
20
-20.2338850000000008
11
41.5553910000000002
21
-19.6624569999999999
0
LINE
8
BLACK
6
CONTINUOUS
10
41.5553910000000002
20
-19.6624569999999999
11
41.650628999999995
21
-19.4719799999999985
0
LINE
8
BLACK
6
CONTINUOUS
10
41.650628999999995
20
-19.4719799999999985
11
41.7458669999999969
21
-19.3767420000000001
0
LINE
8
BLACK
6
CONTINUOUS
10
41.7458669999999969
20
-19.3767420000000001
11
41.9363430000000008
21
-19.2815039999999982
0
LINE
8
BLACK
6
CONTINUOUS
10
41.9363430000000008
20
-19.2815039999999982
11
42.222057999999997
21
-19.2815039999999982
0
LINE
8
BLACK
6
CONTINUOUS
10
42.222057999999997
20
-19.2815039999999982
11
42.4125340000000008
21
-19.3767420000000001
0
LINE
8
BLACK
6
CONTINUOUS
10
42.4125340000000008
20
-19.3767420000000001
11
42.5077719999999957
21
-19.4719799999999985
0
LINE
8
BLACK
6
CONTINUOUS
10
42.5077719999999957
20
-19.4719799999999985
11
42.6030099999999976
21
-19.6624569999999999
0
LINE
8
BLACK
6
CONTINUOUS
10
42.6030099999999976
20
-19.6624569999999999
11
42.6030099999999976
21
-20.2338850000000008
0
LINE
8
BLACK
6
CONTINUOUS
10
42.6030099999999976
20
-20.2338850000000008
11
42.5077719999999957
21
-20.4243609999999975
0
LINE
8
BLACK
6
CONTINUOUS
10
42.5077719999999957
20
-20.4243609999999975
11
42.4125340000000008
21
-20.5196000000000005
0
LINE
8
BLACK
6
CONTINUOUS
10
42.4125340000000008
20
-20.5196000000000005
11
42.222057999999997
21
-20.6148379999999989
0
LINE
8
BLACK
6
CONTINUOUS
10
42.222057999999997
20
-20.6148379999999989
11
41.9363430000000008
21
-20.6148379999999989
0
LINE
8
BLACK
6
CONTINUOUS
10
43.7458669999999969
20
-20.6148379999999989
11
43.5553910000000002
21
-20.5196000000000005
0
LINE
8
BLACK
6
CONTINUOUS
10
43.5553910000000002
20
-20.5196000000000005
11
43.4601529999999983
21
-20.3291229999999992
0
LINE
8
BLACK
6
CONTINUOUS
10
43.4601529999999983
20
-20.3291229999999992
11
43.4601529999999983
21
-18.6148379999999989
0
LINE
8
BLACK
6
CONTINUOUS
10
45.2696770000000015
20
-20.5196000000000005
11
45.0792009999999976
21
-20.6148379999999989
0
LINE
8
BLACK
6
CONTINUOUS
10
45.0792009999999976
20
-20.6148379999999989
11
44.6982479999999995
21
-20.6148379999999989
0
LINE
8
BLACK
6
CONTINUOUS
10
44.6982479999999995
20
-20.6148379999999989
11
44.5077719999999957
21
-20.5196000000000005
0
LINE
8
BLACK
6
CONTINUOUS
10
44.5077719999999957
20
-20.5196000000000005
11
44.4125340000000008
21
-20.3291229999999992
0
LINE
8
BLACK
6
CONTINUOUS
10
44.4125340000000008
20
-20.3291229999999992
11
44.4125340000000008
21
-19.5672189999999979
0
LINE
8
BLACK
6
CONTINUOUS
10
44.4125340000000008
20
-19.5672189999999979
11
44.5077719999999957
21
-19.3767420000000001
0
LINE
8
BLACK
6
CONTINUOUS
10
44.5077719999999957
20
-19.3767420000000001
11
44.6982479999999995
21
-19.2815039999999982
0
LINE
8
BLACK
6
CONTINUOUS
10
44.6982479999999995
20
-19.2815039999999982
11
45.0792009999999976
21
-19.2815039999999982
0
LINE
8
BLACK
6
CONTINUOUS
10
45.0792009999999976
20
-19.2815039999999982
11
45.2696770000000015
21
-19.3767420000000001
0
LINE
8
BLACK
6
CONTINUOUS
10
45.2696770000000015
20
-19.3767420000000001
11
45.3649149999999963
21
-19.5672189999999979
0
LINE
8
BLACK
6
CONTINUOUS
10
45.3649149999999963
20
-19.5672189999999979
11
45.3649149999999963
21
-19.7576949999999982
0
LINE
8
BLACK
6
CONTINUOUS
10
45.3649149999999963
20
-19.7576949999999982
11
44.4125340000000008
21
-19.9481709999999985
0
LINE
8
BLACK
6
CONTINUOUS
10
46.126819999999995
20
-20.5196000000000005
11
46.3172959999999989
21
-20.6148379999999989
0
LINE
8
BLACK
6
CONTINUOUS
10
46.3172959999999989
20
-20.6148379999999989
11
46.6982479999999995
21
-20.6148379999999989
0
LINE
8
BLACK
6
CONTINUOUS
10
46.6982479999999995
20
-20.6148379999999989
11
46.8887250000000009
21
-20.5196000000000005
0
LINE
8
BLACK
6
CONTINUOUS
10
46.8887250000000009
20
-20.5196000000000005
11
46.9839629999999957
21
-20.3291229999999992
0
LINE
8
BLACK
6
CONTINUOUS
10
46.9839629999999957
20
-20.3291229999999992
11
46.9839629999999957
21
-20.2338850000000008
0
LINE
8
BLACK
6
CONTINUOUS
10
46.9839629999999957
20
-20.2338850000000008
11
46.8887250000000009
21
-20.0434090000000005
0
LINE
8
BLACK
6
CONTINUOUS
10
46.8887250000000009
20
-20.0434090000000005
11
46.6982479999999995
21
-19.9481709999999985
0
LINE
8
BLACK
6
CONTINUOUS
10
46.6982479999999995
20
-19.9481709999999985
11
46.4125340000000008
21
-19.9481709999999985
0
LINE
8
BLACK
6
CONTINUOUS
10
46.4125340000000008
20
-19.9481709999999985
11
46.222057999999997
21
-19.8529330000000002
0
LINE
8
BLACK
6
CONTINUOUS
10
46.222057999999997
20
-19.8529330000000002
11
46.126819999999995
21
-19.6624569999999999
0
LINE
8
BLACK
6
CONTINUOUS
10
46.126819999999995
20
-19.6624569999999999
11
46.126819999999995
21
-19.5672189999999979
0
LINE
8
BLACK
6
CONTINUOUS
10
46.126819999999995
20
-19.5672189999999979
11
46.222057999999997
21
-19.3767420000000001
0
LINE
8
BLACK
6
CONTINUOUS
10
46.222057999999997
20
-19.3767420000000001
11
46.4125340000000008
21
-19.2815039999999982
0
LINE
8
BLACK
6
CONTINUOUS
10
46.4125340000000008
20
-19.2815039999999982
11
46.6982479999999995
21
-19.2815039999999982
0
LINE
8
BLACK
6
CONTINUOUS
10
46.6982479999999995
20
-19.2815039999999982
11
46.8887250000000009
21
-19.3767420000000001
0
LINE
8
BLACK
6
CONTINUOUS
10
47.6506299999999996
20
-21.3767420000000001
11
47.7458679999999944
21
-21.2815039999999982
0
LINE
8
BLACK
6
CONTINUOUS
10
47.7458679999999944
20
-21.2815039999999982
11
47.9363439999999983
21
-20.9957899999999995
0
LINE
8
BLACK
6
CONTINUOUS
10
47.9363439999999983
20
-20.9957899999999995
11
48.0315820000000002
21
-20.8053139999999992
0
LINE
8
BLACK
6
CONTINUOUS
10
48.0315820000000002
20
-20.8053139999999992
11
48.126819999999995
21
-20.5196000000000005
0
LINE
8
BLACK
6
CONTINUOUS
10
48.126819999999995
20
-20.5196000000000005
11
48.222057999999997
21
-20.0434090000000005
0
LINE
8
BLACK
6
CONTINUOUS
10
48.222057999999997
20
-20.0434090000000005
11
48.222057999999997
21
-19.6624569999999999
0
LINE
8
BLACK
6
CONTINUOUS
10
48.222057999999997
20
-19.6624569999999999
11
48.126819999999995
21
-19.1862659999999998
0
LINE
8
BLACK
6
CONTINUOUS
10
48.126819999999995
20
-19.1862659999999998
11
48.0315820000000002
21
-18.9005519999999976
0
LINE
8
BLACK
6
CONTINUOUS
10
48.0315820000000002
20
-18.9005519999999976
11
47.9363439999999983
21
-18.7100760000000008
0
LINE
8
BLACK
6
CONTINUOUS
10
47.9363439999999983
20
-18.7100760000000008
11
47.7458679999999944
21
-18.4243609999999975
0
LINE
8
BLACK
6
CONTINUOUS
10
47.7458679999999944
20
-18.4243609999999975
11
47.6506299999999996
21
-18.3291229999999992
  0
ENDSEC
  0
EOF
